Sample_ID,CZI_File,Species,Area_um2,Centroid_X,Centroid_Y,Width_px,Height_px,Perimeter_px,Confidence,Tile
Unknown_Sample,20251031_037_pol_pro_Vio_adu_2025_6_Colorado2025.czi,Vio_adu,569.47,3182.0,1697.0,30,29,104.63,0.662,20251031_037_pol_pro_Vio_adu_2025_6_Colorado2025_x003072_y001536
Unknown_Sample,20251031_037_pol_pro_Vio_adu_2025_6_Colorado2025.czi,Vio_adu,798.03,6332.0,2583.0,36,36,120.08,0.879,20251031_037_pol_pro_Vio_adu_2025_6_Colorado2025_x006144_y002048
Unknown_Sample,20251031_037_pol_pro_Vio_adu_2025_6_Colorado2025.czi,Vio_adu,516.76,1763.0,2886.0,29,28,97.7,0.773,20251031_037_pol_pro_Vio_adu_2025_6_Colorado2025_x001536_y002560
Unknown_Sample,20251031_037_pol_pro_Vio_adu_2025_6_Colorado2025.czi,Vio_adu,509.44,2342.0,2866.0,30,26,97.46,0.763,20251031_037_pol_pro_Vio_adu_2025_6_Colorado2025_x002048_y002560
Unknown_Sample,20251031_037_pol_pro_Vio_adu_2025_6_Colorado2025.czi,Vio_adu,643.35,2594.0,3002.0,33,30,109.11,0.75,20251031_037_pol_pro_Vio_adu_2025_6_Colorado2025_x002048_y002560
Unknown_Sample,20251031_037_pol_pro_Vio_adu_2025_6_Colorado2025.czi,Vio_adu,912.31,2768.0,2837.0,38,39,129.5,0.818,20251031_037_pol_pro_Vio_adu_2025_6_Colorado2025_x002560_y002560
Unknown_Sample,20251031_037_pol_pro_Vio_adu_2025_6_Colorado2025.czi,Vio_adu,657.97,2594.0,3002.0,34,30,109.94,0.756,20251031_037_pol_pro_Vio_adu_2025_6_Colorado2025_x002560_y002560
Unknown_Sample,20251031_037_pol_pro_Vio_adu_2025_6_Colorado2025.czi,Vio_adu,445.57,3882.0,3172.0,28,25,91.46,0.81,20251031_037_pol_pro_Vio_adu_2025_6_Colorado2025_x003584_y002560
Unknown_Sample,20251031_037_pol_pro_Vio_adu_2025_6_Colorado2025.czi,Vio_adu,743.39,4590.0,2935.0,37,33,117.25,0.842,20251031_037_pol_pro_Vio_adu_2025_6_Colorado2025_x004096_y002560
Unknown_Sample,20251031_037_pol_pro_Vio_adu_2025_6_Colorado2025.czi,Vio_adu,804.95,6332.0,2583.0,36,36,120.08,0.882,20251031_037_pol_pro_Vio_adu_2025_6_Colorado2025_x006144_y002560
Unknown_Sample,20251031_037_pol_pro_Vio_adu_2025_6_Colorado2025.czi,Vio_adu,606.41,873.0,3294.0,33,29,105.94,0.814,20251031_037_pol_pro_Vio_adu_2025_6_Colorado2025_x000512_y003072
Unknown_Sample,20251031_037_pol_pro_Vio_adu_2025_6_Colorado2025.czi,Vio_adu,657.97,1361.0,3573.0,35,31,111.6,0.818,20251031_037_pol_pro_Vio_adu_2025_6_Colorado2025_x001024_y003072
Unknown_Sample,20251031_037_pol_pro_Vio_adu_2025_6_Colorado2025.czi,Vio_adu,540.61,1392.0,3677.0,30,28,100.87,0.791,20251031_037_pol_pro_Vio_adu_2025_6_Colorado2025_x001024_y003072
Unknown_Sample,20251031_037_pol_pro_Vio_adu_2025_6_Colorado2025.czi,Vio_adu,659.12,1830.0,3545.0,33,31,110.53,0.856,20251031_037_pol_pro_Vio_adu_2025_6_Colorado2025_x001536_y003072
Unknown_Sample,20251031_037_pol_pro_Vio_adu_2025_6_Colorado2025.czi,Vio_adu,675.28,2218.0,3449.0,34,32,111.01,0.873,20251031_037_pol_pro_Vio_adu_2025_6_Colorado2025_x002048_y003072
Unknown_Sample,20251031_037_pol_pro_Vio_adu_2025_6_Colorado2025.czi,Vio_adu,837.66,2994.0,3284.0,37,37,123.5,0.896,20251031_037_pol_pro_Vio_adu_2025_6_Colorado2025_x002560_y003072
Unknown_Sample,20251031_037_pol_pro_Vio_adu_2025_6_Colorado2025.czi,Vio_adu,449.03,2624.0,3170.0,27,26,92.04,0.508,20251031_037_pol_pro_Vio_adu_2025_6_Colorado2025_x002560_y003072
Unknown_Sample,20251031_037_pol_pro_Vio_adu_2025_6_Colorado2025.czi,Vio_adu,436.34,3882.0,3172.0,28,24,90.63,0.796,20251031_037_pol_pro_Vio_adu_2025_6_Colorado2025_x003584_y003072
Unknown_Sample,20251031_037_pol_pro_Vio_adu_2025_6_Colorado2025.czi,Vio_adu,388.62,4044.0,3368.0,21,29,87.8,0.597,20251031_037_pol_pro_Vio_adu_2025_6_Colorado2025_x003584_y003072
Unknown_Sample,20251031_037_pol_pro_Vio_adu_2025_6_Colorado2025.czi,Vio_adu,431.33,1265.0,3881.0,28,24,90.04,0.788,20251031_037_pol_pro_Vio_adu_2025_6_Colorado2025_x001024_y003584
Unknown_Sample,20251031_037_pol_pro_Vio_adu_2025_6_Colorado2025.czi,Vio_adu,548.69,1393.0,3677.0,30,28,101.46,0.743,20251031_037_pol_pro_Vio_adu_2025_6_Colorado2025_x001024_y003584
Unknown_Sample,20251031_037_pol_pro_Vio_adu_2025_6_Colorado2025.czi,Vio_adu,495.59,1902.0,3829.0,29,27,96.28,0.867,20251031_037_pol_pro_Vio_adu_2025_6_Colorado2025_x001536_y003584
Unknown_Sample,20251031_037_pol_pro_Vio_adu_2025_6_Colorado2025.czi,Vio_adu,596.02,2441.0,3716.0,33,29,105.36,0.852,20251031_037_pol_pro_Vio_adu_2025_6_Colorado2025_x002048_y003584
Unknown_Sample,20251031_037_pol_pro_Vio_adu_2025_6_Colorado2025.czi,Vio_adu,426.33,2174.0,4115.0,26,26,89.46,0.842,20251031_037_pol_pro_Vio_adu_2025_6_Colorado2025_x002048_y003584
Unknown_Sample,20251031_037_pol_pro_Vio_adu_2025_6_Colorado2025.czi,Vio_adu,694.52,3532.0,4165.0,34,32,114.53,0.795,20251031_037_pol_pro_Vio_adu_2025_6_Colorado2025_x003072_y003584
Unknown_Sample,20251031_037_pol_pro_Vio_adu_2025_6_Colorado2025.czi,Vio_adu,801.11,4437.0,4038.0,38,35,119.74,0.904,20251031_037_pol_pro_Vio_adu_2025_6_Colorado2025_x004096_y003584
Unknown_Sample,20251031_037_pol_pro_Vio_adu_2025_6_Colorado2025.czi,Vio_adu,625.26,4306.0,4011.0,34,30,105.84,0.874,20251031_037_pol_pro_Vio_adu_2025_6_Colorado2025_x004096_y003584
Unknown_Sample,20251031_037_pol_pro_Vio_adu_2025_6_Colorado2025.czi,Vio_adu,649.89,4695.0,3782.0,32,32,109.36,0.871,20251031_037_pol_pro_Vio_adu_2025_6_Colorado2025_x004096_y003584
Unknown_Sample,20251031_037_pol_pro_Vio_adu_2025_6_Colorado2025.czi,Vio_adu,649.12,4695.0,3782.0,32,33,110.18,0.886,20251031_037_pol_pro_Vio_adu_2025_6_Colorado2025_x004608_y003584
Unknown_Sample,20251031_037_pol_pro_Vio_adu_2025_6_Colorado2025.czi,Vio_adu,497.52,4753.0,3869.0,27,29,96.87,0.857,20251031_037_pol_pro_Vio_adu_2025_6_Colorado2025_x004608_y003584
Unknown_Sample,20251031_037_pol_pro_Vio_adu_2025_6_Colorado2025.czi,Vio_adu,692.21,4953.0,4017.0,34,32,112.18,0.844,20251031_037_pol_pro_Vio_adu_2025_6_Colorado2025_x004608_y003584
Unknown_Sample,20251031_037_pol_pro_Vio_adu_2025_6_Colorado2025.czi,Vio_adu,679.13,5438.0,4051.0,35,32,113.01,0.877,20251031_037_pol_pro_Vio_adu_2025_6_Colorado2025_x005120_y003584
Unknown_Sample,20251031_037_pol_pro_Vio_adu_2025_6_Colorado2025.czi,Vio_adu,829.96,5564.0,4123.0,35,39,124.67,0.786,20251031_037_pol_pro_Vio_adu_2025_6_Colorado2025_x005120_y003584
Unknown_Sample,20251031_037_pol_pro_Vio_adu_2025_6_Colorado2025.czi,Vio_adu,871.13,6076.0,4190.0,37,38,128.43,0.878,20251031_037_pol_pro_Vio_adu_2025_6_Colorado2025_x005632_y003584
Unknown_Sample,20251031_037_pol_pro_Vio_adu_2025_6_Colorado2025.czi,Vio_adu,1081.99,640.0,4644.0,41,45,141.05,0.881,20251031_037_pol_pro_Vio_adu_2025_6_Colorado2025_x000512_y004096
Unknown_Sample,20251031_037_pol_pro_Vio_adu_2025_6_Colorado2025.czi,Vio_adu,531.76,897.0,4723.0,31,26,102.97,0.86,20251031_037_pol_pro_Vio_adu_2025_6_Colorado2025_x000512_y004096
Unknown_Sample,20251031_037_pol_pro_Vio_adu_2025_6_Colorado2025.czi,Vio_adu,225.48,2168.0,4723.0,14,26,70.14,0.818,20251031_037_pol_pro_Vio_adu_2025_6_Colorado2025_x001536_y004096
Unknown_Sample,20251031_037_pol_pro_Vio_adu_2025_6_Colorado2025.czi,Vio_adu,612.18,2178.0,4722.0,35,27,107.7,0.913,20251031_037_pol_pro_Vio_adu_2025_6_Colorado2025_x002048_y004096
Unknown_Sample,20251031_037_pol_pro_Vio_adu_2025_6_Colorado2025.czi,Vio_adu,704.53,2367.0,4673.0,36,34,114.33,0.908,20251031_037_pol_pro_Vio_adu_2025_6_Colorado2025_x002048_y004096
Unknown_Sample,20251031_037_pol_pro_Vio_adu_2025_6_Colorado2025.czi,Vio_adu,468.27,2174.0,4115.0,28,27,93.7,0.847,20251031_037_pol_pro_Vio_adu_2025_6_Colorado2025_x002048_y004096
Unknown_Sample,20251031_037_pol_pro_Vio_adu_2025_6_Colorado2025.czi,Vio_adu,608.72,2924.0,4455.0,31,32,105.6,0.921,20251031_037_pol_pro_Vio_adu_2025_6_Colorado2025_x002560_y004096
Unknown_Sample,20251031_037_pol_pro_Vio_adu_2025_6_Colorado2025.czi,Vio_adu,641.42,3595.0,4475.0,32,32,108.18,0.905,20251031_037_pol_pro_Vio_adu_2025_6_Colorado2025_x003072_y004096
Unknown_Sample,20251031_037_pol_pro_Vio_adu_2025_6_Colorado2025.czi,Vio_adu,633.73,3359.0,4681.0,33,31,107.01,0.902,20251031_037_pol_pro_Vio_adu_2025_6_Colorado2025_x003072_y004096
Unknown_Sample,20251031_037_pol_pro_Vio_adu_2025_6_Colorado2025.czi,Vio_adu,632.57,3408.0,4266.0,32,33,107.25,0.869,20251031_037_pol_pro_Vio_adu_2025_6_Colorado2025_x003072_y004096
Unknown_Sample,20251031_037_pol_pro_Vio_adu_2025_6_Colorado2025.czi,Vio_adu,682.21,3532.0,4165.0,34,32,112.18,0.819,20251031_037_pol_pro_Vio_adu_2025_6_Colorado2025_x003072_y004096
Unknown_Sample,20251031_037_pol_pro_Vio_adu_2025_6_Colorado2025.czi,Vio_adu,575.63,3597.0,4475.0,28,32,105.46,0.933,20251031_037_pol_pro_Vio_adu_2025_6_Colorado2025_x003584_y004096
Unknown_Sample,20251031_037_pol_pro_Vio_adu_2025_6_Colorado2025.czi,Vio_adu,699.91,4668.0,4332.0,32,36,112.67,0.898,20251031_037_pol_pro_Vio_adu_2025_6_Colorado2025_x004096_y004096
Unknown_Sample,20251031_037_pol_pro_Vio_adu_2025_6_Colorado2025.czi,Vio_adu,699.14,4668.0,4332.0,32,36,112.67,0.896,20251031_037_pol_pro_Vio_adu_2025_6_Colorado2025_x004608_y004096
Unknown_Sample,20251031_037_pol_pro_Vio_adu_2025_6_Colorado2025.czi,Vio_adu,348.22,5751.0,4232.0,17,33,89.56,0.783,20251031_037_pol_pro_Vio_adu_2025_6_Colorado2025_x005120_y004096
Unknown_Sample,20251031_037_pol_pro_Vio_adu_2025_6_Colorado2025.czi,Vio_adu,790.33,5564.0,4122.0,34,37,121.6,0.778,20251031_037_pol_pro_Vio_adu_2025_6_Colorado2025_x005120_y004096
Unknown_Sample,20251031_037_pol_pro_Vio_adu_2025_6_Colorado2025.czi,Vio_adu,1002.73,6075.0,4191.0,40,41,138.91,0.859,20251031_037_pol_pro_Vio_adu_2025_6_Colorado2025_x005632_y004096
Unknown_Sample,20251031_037_pol_pro_Vio_adu_2025_6_Colorado2025.czi,Vio_adu,556.0,5755.0,4231.0,26,35,105.7,0.757,20251031_037_pol_pro_Vio_adu_2025_6_Colorado2025_x005632_y004096
Unknown_Sample,20251031_037_pol_pro_Vio_adu_2025_6_Colorado2025.czi,Vio_adu,863.05,6281.0,4297.0,38,38,125.15,0.918,20251031_037_pol_pro_Vio_adu_2025_6_Colorado2025_x006144_y004096
Unknown_Sample,20251031_037_pol_pro_Vio_adu_2025_6_Colorado2025.czi,Vio_adu,962.33,6620.0,4425.0,39,41,133.15,0.897,20251031_037_pol_pro_Vio_adu_2025_6_Colorado2025_x006144_y004096
Unknown_Sample,20251031_037_pol_pro_Vio_adu_2025_6_Colorado2025.czi,Vio_adu,963.87,6741.0,4501.0,41,42,134.47,0.872,20251031_037_pol_pro_Vio_adu_2025_6_Colorado2025_x006144_y004096
Unknown_Sample,20251031_037_pol_pro_Vio_adu_2025_6_Colorado2025.czi,Vio_adu,968.87,6499.0,4288.0,39,41,134.91,0.848,20251031_037_pol_pro_Vio_adu_2025_6_Colorado2025_x006144_y004096
Unknown_Sample,20251031_037_pol_pro_Vio_adu_2025_6_Colorado2025.czi,Vio_adu,955.79,6741.0,4500.0,41,41,134.23,0.853,20251031_037_pol_pro_Vio_adu_2025_6_Colorado2025_x006656_y004096
Unknown_Sample,20251031_037_pol_pro_Vio_adu_2025_6_Colorado2025.czi,Vio_adu,696.06,209.0,4900.0,33,34,113.01,0.891,20251031_037_pol_pro_Vio_adu_2025_6_Colorado2025_x000000_y004608
Unknown_Sample,20251031_037_pol_pro_Vio_adu_2025_6_Colorado2025.czi,Vio_adu,372.85,631.0,4642.0,17,38,97.21,0.537,20251031_037_pol_pro_Vio_adu_2025_6_Colorado2025_x000000_y004608
Unknown_Sample,20251031_037_pol_pro_Vio_adu_2025_6_Colorado2025.czi,Vio_adu,1104.69,640.0,4644.0,42,45,142.47,0.886,20251031_037_pol_pro_Vio_adu_2025_6_Colorado2025_x000512_y004608
Unknown_Sample,20251031_037_pol_pro_Vio_adu_2025_6_Colorado2025.czi,Vio_adu,597.56,897.0,4723.0,31,31,105.36,0.822,20251031_037_pol_pro_Vio_adu_2025_6_Colorado2025_x000512_y004608
Unknown_Sample,20251031_037_pol_pro_Vio_adu_2025_6_Colorado2025.czi,Vio_adu,524.45,1472.0,4909.0,29,30,100.53,0.856,20251031_037_pol_pro_Vio_adu_2025_6_Colorado2025_x001024_y004608
Unknown_Sample,20251031_037_pol_pro_Vio_adu_2025_6_Colorado2025.czi,Vio_adu,904.23,1288.0,4810.0,41,36,128.91,0.84,20251031_037_pol_pro_Vio_adu_2025_6_Colorado2025_x001024_y004608
Unknown_Sample,20251031_037_pol_pro_Vio_adu_2025_6_Colorado2025.czi,Vio_adu,565.24,1216.0,4943.0,32,28,102.53,0.737,20251031_037_pol_pro_Vio_adu_2025_6_Colorado2025_x001024_y004608
Unknown_Sample,20251031_037_pol_pro_Vio_adu_2025_6_Colorado2025.czi,Vio_adu,682.21,1880.0,5148.0,36,33,113.5,0.916,20251031_037_pol_pro_Vio_adu_2025_6_Colorado2025_x001536_y004608
Unknown_Sample,20251031_037_pol_pro_Vio_adu_2025_6_Colorado2025.czi,Vio_adu,669.51,2115.0,5175.0,34,32,110.43,0.903,20251031_037_pol_pro_Vio_adu_2025_6_Colorado2025_x001536_y004608
Unknown_Sample,20251031_037_pol_pro_Vio_adu_2025_6_Colorado2025.czi,Vio_adu,232.02,2169.0,4723.0,14,30,75.21,0.681,20251031_037_pol_pro_Vio_adu_2025_6_Colorado2025_x001536_y004608
Unknown_Sample,20251031_037_pol_pro_Vio_adu_2025_6_Colorado2025.czi,Vio_adu,694.91,2400.0,4825.0,34,34,112.08,0.916,20251031_037_pol_pro_Vio_adu_2025_6_Colorado2025_x002048_y004608
Unknown_Sample,20251031_037_pol_pro_Vio_adu_2025_6_Colorado2025.czi,Vio_adu,708.37,2367.0,4673.0,36,34,115.5,0.907,20251031_037_pol_pro_Vio_adu_2025_6_Colorado2025_x002048_y004608
Unknown_Sample,20251031_037_pol_pro_Vio_adu_2025_6_Colorado2025.czi,Vio_adu,665.66,2114.0,5175.0,34,32,110.43,0.903,20251031_037_pol_pro_Vio_adu_2025_6_Colorado2025_x002048_y004608
Unknown_Sample,20251031_037_pol_pro_Vio_adu_2025_6_Colorado2025.czi,Vio_adu,721.07,2177.0,4722.0,37,32,116.43,0.857,20251031_037_pol_pro_Vio_adu_2025_6_Colorado2025_x002048_y004608
Unknown_Sample,20251031_037_pol_pro_Vio_adu_2025_6_Colorado2025.czi,Vio_adu,806.11,2783.0,4864.0,36,37,120.33,0.927,20251031_037_pol_pro_Vio_adu_2025_6_Colorado2025_x002560_y004608
Unknown_Sample,20251031_037_pol_pro_Vio_adu_2025_6_Colorado2025.czi,Vio_adu,634.11,3359.0,4681.0,33,31,107.6,0.904,20251031_037_pol_pro_Vio_adu_2025_6_Colorado2025_x003072_y004608
Unknown_Sample,20251031_037_pol_pro_Vio_adu_2025_6_Colorado2025.czi,Vio_adu,752.24,4014.0,4973.0,35,35,115.5,0.936,20251031_037_pol_pro_Vio_adu_2025_6_Colorado2025_x003584_y004608
Unknown_Sample,20251031_037_pol_pro_Vio_adu_2025_6_Colorado2025.czi,Vio_adu,621.03,3858.0,5180.0,34,31,106.08,0.897,20251031_037_pol_pro_Vio_adu_2025_6_Colorado2025_x003584_y004608
Unknown_Sample,20251031_037_pol_pro_Vio_adu_2025_6_Colorado2025.czi,Vio_adu,656.04,4854.0,4847.0,33,35,110.33,0.926,20251031_037_pol_pro_Vio_adu_2025_6_Colorado2025_x004608_y004608
Unknown_Sample,20251031_037_pol_pro_Vio_adu_2025_6_Colorado2025.czi,Vio_adu,644.12,5390.0,4769.0,33,34,108.91,0.914,20251031_037_pol_pro_Vio_adu_2025_6_Colorado2025_x005120_y004608
Unknown_Sample,20251031_037_pol_pro_Vio_adu_2025_6_Colorado2025.czi,Vio_adu,712.22,5494.0,5219.0,34,33,113.01,0.905,20251031_037_pol_pro_Vio_adu_2025_6_Colorado2025_x005120_y004608
Unknown_Sample,20251031_037_pol_pro_Vio_adu_2025_6_Colorado2025.czi,Vio_adu,687.21,6239.0,4944.0,33,34,112.43,0.93,20251031_037_pol_pro_Vio_adu_2025_6_Colorado2025_x005632_y004608
Unknown_Sample,20251031_037_pol_pro_Vio_adu_2025_6_Colorado2025.czi,Vio_adu,683.75,6239.0,4944.0,33,34,111.84,0.934,20251031_037_pol_pro_Vio_adu_2025_6_Colorado2025_x006144_y004608
Unknown_Sample,20251031_037_pol_pro_Vio_adu_2025_6_Colorado2025.czi,Vio_adu,791.49,6618.0,4773.0,38,36,119.98,0.933,20251031_037_pol_pro_Vio_adu_2025_6_Colorado2025_x006144_y004608
Unknown_Sample,20251031_037_pol_pro_Vio_adu_2025_6_Colorado2025.czi,Vio_adu,1020.04,6994.0,5215.0,42,41,135.64,0.939,20251031_037_pol_pro_Vio_adu_2025_6_Colorado2025_x006656_y004608
Unknown_Sample,20251031_037_pol_pro_Vio_adu_2025_6_Colorado2025.czi,Vio_adu,633.34,7657.0,5111.0,32,32,107.6,0.934,20251031_037_pol_pro_Vio_adu_2025_6_Colorado2025_x007168_y004608
Unknown_Sample,20251031_037_pol_pro_Vio_adu_2025_6_Colorado2025.czi,Vio_adu,641.04,7953.0,5087.0,32,32,108.77,0.927,20251031_037_pol_pro_Vio_adu_2025_6_Colorado2025_x007680_y004608
Unknown_Sample,20251031_037_pol_pro_Vio_adu_2025_6_Colorado2025.czi,Vio_adu,774.94,8133.0,5184.0,35,35,119.6,0.862,20251031_037_pol_pro_Vio_adu_2025_6_Colorado2025_x007680_y004608
Unknown_Sample,20251031_037_pol_pro_Vio_adu_2025_6_Colorado2025.czi,Vio_adu,675.28,1880.0,5148.0,36,33,112.33,0.92,20251031_037_pol_pro_Vio_adu_2025_6_Colorado2025_x001536_y005120
Unknown_Sample,20251031_037_pol_pro_Vio_adu_2025_6_Colorado2025.czi,Vio_adu,628.34,2021.0,5332.0,33,31,107.01,0.912,20251031_037_pol_pro_Vio_adu_2025_6_Colorado2025_x001536_y005120
Unknown_Sample,20251031_037_pol_pro_Vio_adu_2025_6_Colorado2025.czi,Vio_adu,661.43,2114.0,5175.0,34,32,109.84,0.912,20251031_037_pol_pro_Vio_adu_2025_6_Colorado2025_x001536_y005120
Unknown_Sample,20251031_037_pol_pro_Vio_adu_2025_6_Colorado2025.czi,Vio_adu,818.8,2353.0,5594.0,36,38,124.08,0.947,20251031_037_pol_pro_Vio_adu_2025_6_Colorado2025_x002048_y005120
Unknown_Sample,20251031_037_pol_pro_Vio_adu_2025_6_Colorado2025.czi,Vio_adu,958.86,2219.0,5372.0,41,38,132.91,0.937,20251031_037_pol_pro_Vio_adu_2025_6_Colorado2025_x002048_y005120
Unknown_Sample,20251031_037_pol_pro_Vio_adu_2025_6_Colorado2025.czi,Vio_adu,661.43,2114.0,5175.0,34,32,109.84,0.914,20251031_037_pol_pro_Vio_adu_2025_6_Colorado2025_x002048_y005120
Unknown_Sample,20251031_037_pol_pro_Vio_adu_2025_6_Colorado2025.czi,Vio_adu,636.42,2227.0,5266.0,33,33,109.25,0.912,20251031_037_pol_pro_Vio_adu_2025_6_Colorado2025_x002048_y005120
Unknown_Sample,20251031_037_pol_pro_Vio_adu_2025_6_Colorado2025.czi,Vio_adu,142.37,2336.0,5754.0,25,10,60.14,0.844,20251031_037_pol_pro_Vio_adu_2025_6_Colorado2025_x002048_y005120
Unknown_Sample,20251031_037_pol_pro_Vio_adu_2025_6_Colorado2025.czi,Vio_adu,843.82,3072.0,5654.0,37,38,124.33,0.953,20251031_037_pol_pro_Vio_adu_2025_6_Colorado2025_x002560_y005120
Unknown_Sample,20251031_037_pol_pro_Vio_adu_2025_6_Colorado2025.czi,Vio_adu,572.93,2716.0,5378.0,32,28,104.87,0.937,20251031_037_pol_pro_Vio_adu_2025_6_Colorado2025_x002560_y005120
Unknown_Sample,20251031_037_pol_pro_Vio_adu_2025_6_Colorado2025.czi,Vio_adu,604.48,3128.0,5502.0,33,32,106.67,0.934,20251031_037_pol_pro_Vio_adu_2025_6_Colorado2025_x002560_y005120
Unknown_Sample,20251031_037_pol_pro_Vio_adu_2025_6_Colorado2025.czi,Vio_adu,382.85,2782.0,5751.0,36,18,94.04,0.88,20251031_037_pol_pro_Vio_adu_2025_6_Colorado2025_x002560_y005120
Unknown_Sample,20251031_037_pol_pro_Vio_adu_2025_6_Colorado2025.czi,Vio_adu,392.47,3080.0,5654.0,19,37,96.28,0.944,20251031_037_pol_pro_Vio_adu_2025_6_Colorado2025_x003072_y005120
Unknown_Sample,20251031_037_pol_pro_Vio_adu_2025_6_Colorado2025.czi,Vio_adu,605.25,3128.0,5502.0,33,32,106.67,0.934,20251031_037_pol_pro_Vio_adu_2025_6_Colorado2025_x003072_y005120
Unknown_Sample,20251031_037_pol_pro_Vio_adu_2025_6_Colorado2025.czi,Vio_adu,632.19,3294.0,5324.0,33,32,107.84,0.926,20251031_037_pol_pro_Vio_adu_2025_6_Colorado2025_x003072_y005120
Unknown_Sample,20251031_037_pol_pro_Vio_adu_2025_6_Colorado2025.czi,Vio_adu,566.01,4132.0,5748.0,37,24,108.04,0.914,20251031_037_pol_pro_Vio_adu_2025_6_Colorado2025_x003584_y005120
Unknown_Sample,20251031_037_pol_pro_Vio_adu_2025_6_Colorado2025.czi,Vio_adu,621.03,3858.0,5180.0,34,31,106.08,0.895,20251031_037_pol_pro_Vio_adu_2025_6_Colorado2025_x003584_y005120
Unknown_Sample,20251031_037_pol_pro_Vio_adu_2025_6_Colorado2025.czi,Vio_adu,682.98,4721.0,5730.0,30,36,113.36,0.939,20251031_037_pol_pro_Vio_adu_2025_6_Colorado2025_x004096_y005120
Unknown_Sample,20251031_037_pol_pro_Vio_adu_2025_6_Colorado2025.czi,Vio_adu,566.01,4132.0,5748.0,37,24,108.04,0.914,20251031_037_pol_pro_Vio_adu_2025_6_Colorado2025_x004096_y005120
Unknown_Sample,20251031_037_pol_pro_Vio_adu_2025_6_Colorado2025.czi,Vio_adu,739.16,4722.0,5729.0,36,36,115.98,0.937,20251031_037_pol_pro_Vio_adu_2025_6_Colorado2025_x004608_y005120
Unknown_Sample,20251031_037_pol_pro_Vio_adu_2025_6_Colorado2025.czi,Vio_adu,725.3,5517.0,5315.0,36,33,114.67,0.935,20251031_037_pol_pro_Vio_adu_2025_6_Colorado2025_x005120_y005120
Unknown_Sample,20251031_037_pol_pro_Vio_adu_2025_6_Colorado2025.czi,Vio_adu,707.6,5494.0,5219.0,35,33,113.84,0.91,20251031_037_pol_pro_Vio_adu_2025_6_Colorado2025_x005120_y005120
Unknown_Sample,20251031_037_pol_pro_Vio_adu_2025_6_Colorado2025.czi,Vio_adu,832.27,6450.0,5664.0,38,36,123.5,0.949,20251031_037_pol_pro_Vio_adu_2025_6_Colorado2025_x006144_y005120
Unknown_Sample,20251031_037_pol_pro_Vio_adu_2025_6_Colorado2025.czi,Vio_adu,1021.58,6994.0,5215.0,42,41,135.64,0.938,20251031_037_pol_pro_Vio_adu_2025_6_Colorado2025_x006656_y005120
Unknown_Sample,20251031_037_pol_pro_Vio_adu_2025_6_Colorado2025.czi,Vio_adu,718.76,6799.0,5442.0,35,34,114.08,0.938,20251031_037_pol_pro_Vio_adu_2025_6_Colorado2025_x006656_y005120
Unknown_Sample,20251031_037_pol_pro_Vio_adu_2025_6_Colorado2025.czi,Vio_adu,680.29,8279.0,5702.0,34,33,112.43,0.942,20251031_037_pol_pro_Vio_adu_2025_6_Colorado2025_x007680_y005120
Unknown_Sample,20251031_037_pol_pro_Vio_adu_2025_6_Colorado2025.czi,Vio_adu,825.73,8133.0,5185.0,37,37,124.08,0.878,20251031_037_pol_pro_Vio_adu_2025_6_Colorado2025_x007680_y005120
Unknown_Sample,20251031_037_pol_pro_Vio_adu_2025_6_Colorado2025.czi,Vio_adu,677.59,8279.0,5702.0,34,33,111.84,0.943,20251031_037_pol_pro_Vio_adu_2025_6_Colorado2025_x008192_y005120
Unknown_Sample,20251031_037_pol_pro_Vio_adu_2025_6_Colorado2025.czi,Vio_adu,730.69,1034.0,6143.0,37,35,115.98,0.935,20251031_037_pol_pro_Vio_adu_2025_6_Colorado2025_x000512_y005632
Unknown_Sample,20251031_037_pol_pro_Vio_adu_2025_6_Colorado2025.czi,Vio_adu,606.79,1037.0,6143.0,28,35,107.36,0.95,20251031_037_pol_pro_Vio_adu_2025_6_Colorado2025_x001024_y005632
Unknown_Sample,20251031_037_pol_pro_Vio_adu_2025_6_Colorado2025.czi,Vio_adu,813.03,1836.0,6130.0,36,38,122.33,0.949,20251031_037_pol_pro_Vio_adu_2025_6_Colorado2025_x001536_y005632
Unknown_Sample,20251031_037_pol_pro_Vio_adu_2025_6_Colorado2025.czi,Vio_adu,720.69,2112.0,5941.0,34,37,115.15,0.94,20251031_037_pol_pro_Vio_adu_2025_6_Colorado2025_x001536_y005632
Unknown_Sample,20251031_037_pol_pro_Vio_adu_2025_6_Colorado2025.czi,Vio_adu,819.19,2493.0,6183.0,37,36,122.67,0.948,20251031_037_pol_pro_Vio_adu_2025_6_Colorado2025_x002048_y005632
Unknown_Sample,20251031_037_pol_pro_Vio_adu_2025_6_Colorado2025.czi,Vio_adu,720.69,2112.0,5941.0,34,37,115.15,0.94,20251031_037_pol_pro_Vio_adu_2025_6_Colorado2025_x002048_y005632
Unknown_Sample,20251031_037_pol_pro_Vio_adu_2025_6_Colorado2025.czi,Vio_adu,403.63,2336.0,5762.0,26,26,86.53,0.918,20251031_037_pol_pro_Vio_adu_2025_6_Colorado2025_x002048_y005632
Unknown_Sample,20251031_037_pol_pro_Vio_adu_2025_6_Colorado2025.czi,Vio_adu,828.42,3072.0,5654.0,37,37,123.5,0.955,20251031_037_pol_pro_Vio_adu_2025_6_Colorado2025_x002560_y005632
Unknown_Sample,20251031_037_pol_pro_Vio_adu_2025_6_Colorado2025.czi,Vio_adu,759.55,2728.0,6237.0,38,34,118.91,0.945,20251031_037_pol_pro_Vio_adu_2025_6_Colorado2025_x002560_y005632
Unknown_Sample,20251031_037_pol_pro_Vio_adu_2025_6_Colorado2025.czi,Vio_adu,832.66,2781.0,5760.0,37,38,123.74,0.938,20251031_037_pol_pro_Vio_adu_2025_6_Colorado2025_x002560_y005632
Unknown_Sample,20251031_037_pol_pro_Vio_adu_2025_6_Colorado2025.czi,Vio_adu,475.2,3188.0,5780.0,23,32,98.38,0.911,20251031_037_pol_pro_Vio_adu_2025_6_Colorado2025_x002560_y005632
Unknown_Sample,20251031_037_pol_pro_Vio_adu_2025_6_Colorado2025.czi,Vio_adu,276.65,3033.0,6265.0,33,14,82.38,0.882,20251031_037_pol_pro_Vio_adu_2025_6_Colorado2025_x002560_y005632
Unknown_Sample,20251031_037_pol_pro_Vio_adu_2025_6_Colorado2025.czi,Vio_adu,580.63,3502.0,5918.0,31,31,103.01,0.951,20251031_037_pol_pro_Vio_adu_2025_6_Colorado2025_x003072_y005632
Unknown_Sample,20251031_037_pol_pro_Vio_adu_2025_6_Colorado2025.czi,Vio_adu,391.32,3080.0,5654.0,19,37,95.7,0.946,20251031_037_pol_pro_Vio_adu_2025_6_Colorado2025_x003072_y005632
Unknown_Sample,20251031_037_pol_pro_Vio_adu_2025_6_Colorado2025.czi,Vio_adu,648.73,3192.0,5780.0,34,32,109.25,0.941,20251031_037_pol_pro_Vio_adu_2025_6_Colorado2025_x003072_y005632
Unknown_Sample,20251031_037_pol_pro_Vio_adu_2025_6_Colorado2025.czi,Vio_adu,738.77,4132.0,5751.0,37,34,116.91,0.938,20251031_037_pol_pro_Vio_adu_2025_6_Colorado2025_x003584_y005632
Unknown_Sample,20251031_037_pol_pro_Vio_adu_2025_6_Colorado2025.czi,Vio_adu,682.21,4721.0,5730.0,30,36,113.36,0.939,20251031_037_pol_pro_Vio_adu_2025_6_Colorado2025_x004096_y005632
Unknown_Sample,20251031_037_pol_pro_Vio_adu_2025_6_Colorado2025.czi,Vio_adu,738.77,4132.0,5751.0,37,34,116.91,0.938,20251031_037_pol_pro_Vio_adu_2025_6_Colorado2025_x004096_y005632
Unknown_Sample,20251031_037_pol_pro_Vio_adu_2025_6_Colorado2025.czi,Vio_adu,628.73,4722.0,5867.0,28,35,111.46,0.933,20251031_037_pol_pro_Vio_adu_2025_6_Colorado2025_x004096_y005632
Unknown_Sample,20251031_037_pol_pro_Vio_adu_2025_6_Colorado2025.czi,Vio_adu,743.39,4724.0,5867.0,35,35,117.25,0.947,20251031_037_pol_pro_Vio_adu_2025_6_Colorado2025_x004608_y005632
Unknown_Sample,20251031_037_pol_pro_Vio_adu_2025_6_Colorado2025.czi,Vio_adu,736.08,4722.0,5729.0,36,36,115.98,0.94,20251031_037_pol_pro_Vio_adu_2025_6_Colorado2025_x004608_y005632
Unknown_Sample,20251031_037_pol_pro_Vio_adu_2025_6_Colorado2025.czi,Vio_adu,587.55,5435.0,6085.0,32,30,104.18,0.948,20251031_037_pol_pro_Vio_adu_2025_6_Colorado2025_x005120_y005632
Unknown_Sample,20251031_037_pol_pro_Vio_adu_2025_6_Colorado2025.czi,Vio_adu,742.62,5270.0,6050.0,37,34,116.91,0.946,20251031_037_pol_pro_Vio_adu_2025_6_Colorado2025_x005120_y005632
Unknown_Sample,20251031_037_pol_pro_Vio_adu_2025_6_Colorado2025.czi,Vio_adu,610.26,5667.0,6246.0,31,33,104.08,0.943,20251031_037_pol_pro_Vio_adu_2025_6_Colorado2025_x005120_y005632
Unknown_Sample,20251031_037_pol_pro_Vio_adu_2025_6_Colorado2025.czi,Vio_adu,687.6,5392.0,6254.0,33,34,113.01,0.938,20251031_037_pol_pro_Vio_adu_2025_6_Colorado2025_x005120_y005632
Unknown_Sample,20251031_037_pol_pro_Vio_adu_2025_6_Colorado2025.czi,Vio_adu,610.26,5667.0,6246.0,31,33,104.08,0.953,20251031_037_pol_pro_Vio_adu_2025_6_Colorado2025_x005632_y005632
Unknown_Sample,20251031_037_pol_pro_Vio_adu_2025_6_Colorado2025.czi,Vio_adu,755.32,6212.0,6028.0,36,34,116.67,0.951,20251031_037_pol_pro_Vio_adu_2025_6_Colorado2025_x005632_y005632
Unknown_Sample,20251031_037_pol_pro_Vio_adu_2025_6_Colorado2025.czi,Vio_adu,719.15,5810.0,6156.0,33,35,113.84,0.949,20251031_037_pol_pro_Vio_adu_2025_6_Colorado2025_x005632_y005632
Unknown_Sample,20251031_037_pol_pro_Vio_adu_2025_6_Colorado2025.czi,Vio_adu,639.88,5987.0,6070.0,32,35,108.33,0.944,20251031_037_pol_pro_Vio_adu_2025_6_Colorado2025_x005632_y005632
Unknown_Sample,20251031_037_pol_pro_Vio_adu_2025_6_Colorado2025.czi,Vio_adu,751.47,6212.0,6028.0,36,34,116.67,0.951,20251031_037_pol_pro_Vio_adu_2025_6_Colorado2025_x006144_y005632
Unknown_Sample,20251031_037_pol_pro_Vio_adu_2025_6_Colorado2025.czi,Vio_adu,832.27,6450.0,5664.0,38,36,123.5,0.949,20251031_037_pol_pro_Vio_adu_2025_6_Colorado2025_x006144_y005632
Unknown_Sample,20251031_037_pol_pro_Vio_adu_2025_6_Colorado2025.czi,Vio_adu,619.49,6406.0,5913.0,33,32,107.25,0.944,20251031_037_pol_pro_Vio_adu_2025_6_Colorado2025_x006144_y005632
Unknown_Sample,20251031_037_pol_pro_Vio_adu_2025_6_Colorado2025.czi,Vio_adu,754.93,6560.0,5901.0,35,36,116.91,0.938,20251031_037_pol_pro_Vio_adu_2025_6_Colorado2025_x006144_y005632
Unknown_Sample,20251031_037_pol_pro_Vio_adu_2025_6_Colorado2025.czi,Vio_adu,802.64,7040.0,6073.0,35,39,121.74,0.923,20251031_037_pol_pro_Vio_adu_2025_6_Colorado2025_x006656_y005632
Unknown_Sample,20251031_037_pol_pro_Vio_adu_2025_6_Colorado2025.czi,Vio_adu,637.58,7378.0,5840.0,32,32,108.18,0.938,20251031_037_pol_pro_Vio_adu_2025_6_Colorado2025_x007168_y005632
Unknown_Sample,20251031_037_pol_pro_Vio_adu_2025_6_Colorado2025.czi,Vio_adu,678.36,8279.0,5702.0,34,33,111.84,0.944,20251031_037_pol_pro_Vio_adu_2025_6_Colorado2025_x007680_y005632
Unknown_Sample,20251031_037_pol_pro_Vio_adu_2025_6_Colorado2025.czi,Vio_adu,792.26,8287.0,6146.0,38,36,121.15,0.941,20251031_037_pol_pro_Vio_adu_2025_6_Colorado2025_x007680_y005632
Unknown_Sample,20251031_037_pol_pro_Vio_adu_2025_6_Colorado2025.czi,Vio_adu,792.26,8287.0,6146.0,38,36,121.15,0.944,20251031_037_pol_pro_Vio_adu_2025_6_Colorado2025_x008192_y005632
Unknown_Sample,20251031_037_pol_pro_Vio_adu_2025_6_Colorado2025.czi,Vio_adu,747.62,8717.0,5795.0,34,36,115.5,0.943,20251031_037_pol_pro_Vio_adu_2025_6_Colorado2025_x008192_y005632
Unknown_Sample,20251031_037_pol_pro_Vio_adu_2025_6_Colorado2025.czi,Vio_adu,678.36,8279.0,5702.0,34,33,111.84,0.939,20251031_037_pol_pro_Vio_adu_2025_6_Colorado2025_x008192_y005632
Unknown_Sample,20251031_037_pol_pro_Vio_adu_2025_6_Colorado2025.czi,Vio_adu,800.72,8540.0,6241.0,38,36,119.98,0.936,20251031_037_pol_pro_Vio_adu_2025_6_Colorado2025_x008192_y005632
Unknown_Sample,20251031_037_pol_pro_Vio_adu_2025_6_Colorado2025.czi,Vio_adu,679.52,8718.0,5796.0,30,36,112.77,0.953,20251031_037_pol_pro_Vio_adu_2025_6_Colorado2025_x008704_y005632
Unknown_Sample,20251031_037_pol_pro_Vio_adu_2025_6_Colorado2025.czi,Vio_adu,589.48,877.0,6314.0,30,32,103.6,0.932,20251031_037_pol_pro_Vio_adu_2025_6_Colorado2025_x000512_y006144
Unknown_Sample,20251031_037_pol_pro_Vio_adu_2025_6_Colorado2025.czi,Vio_adu,311.28,1035.0,6151.0,33,17,84.87,0.915,20251031_037_pol_pro_Vio_adu_2025_6_Colorado2025_x000512_y006144
Unknown_Sample,20251031_037_pol_pro_Vio_adu_2025_6_Colorado2025.czi,Vio_adu,271.27,1037.0,6152.0,27,17,76.38,0.934,20251031_037_pol_pro_Vio_adu_2025_6_Colorado2025_x001024_y006144
Unknown_Sample,20251031_037_pol_pro_Vio_adu_2025_6_Colorado2025.czi,Vio_adu,600.25,1191.0,6416.0,31,32,104.43,0.924,20251031_037_pol_pro_Vio_adu_2025_6_Colorado2025_x001024_y006144
Unknown_Sample,20251031_037_pol_pro_Vio_adu_2025_6_Colorado2025.czi,Vio_adu,724.92,1232.0,6401.0,36,33,115.25,0.923,20251031_037_pol_pro_Vio_adu_2025_6_Colorado2025_x001024_y006144
Unknown_Sample,20251031_037_pol_pro_Vio_adu_2025_6_Colorado2025.czi,Vio_adu,882.29,2381.0,6709.0,37,40,125.98,0.949,20251031_037_pol_pro_Vio_adu_2025_6_Colorado2025_x002048_y006144
Unknown_Sample,20251031_037_pol_pro_Vio_adu_2025_6_Colorado2025.czi,Vio_adu,601.41,2203.0,6701.0,32,31,105.01,0.949,20251031_037_pol_pro_Vio_adu_2025_6_Colorado2025_x002048_y006144
Unknown_Sample,20251031_037_pol_pro_Vio_adu_2025_6_Colorado2025.czi,Vio_adu,823.81,2493.0,6183.0,37,36,122.67,0.946,20251031_037_pol_pro_Vio_adu_2025_6_Colorado2025_x002048_y006144
Unknown_Sample,20251031_037_pol_pro_Vio_adu_2025_6_Colorado2025.czi,Vio_adu,692.21,3033.0,6273.0,34,34,111.5,0.946,20251031_037_pol_pro_Vio_adu_2025_6_Colorado2025_x002560_y006144
Unknown_Sample,20251031_037_pol_pro_Vio_adu_2025_6_Colorado2025.czi,Vio_adu,762.24,2728.0,6237.0,38,34,119.5,0.946,20251031_037_pol_pro_Vio_adu_2025_6_Colorado2025_x002560_y006144
Unknown_Sample,20251031_037_pol_pro_Vio_adu_2025_6_Colorado2025.czi,Vio_adu,601.79,4073.0,6764.0,31,32,104.43,0.947,20251031_037_pol_pro_Vio_adu_2025_6_Colorado2025_x003584_y006144
Unknown_Sample,20251031_037_pol_pro_Vio_adu_2025_6_Colorado2025.czi,Vio_adu,706.07,3744.0,6690.0,33,36,114.67,0.945,20251031_037_pol_pro_Vio_adu_2025_6_Colorado2025_x003584_y006144
Unknown_Sample,20251031_037_pol_pro_Vio_adu_2025_6_Colorado2025.czi,Vio_adu,365.54,4215.0,6553.0,18,35,91.46,0.894,20251031_037_pol_pro_Vio_adu_2025_6_Colorado2025_x003584_y006144
Unknown_Sample,20251031_037_pol_pro_Vio_adu_2025_6_Colorado2025.czi,Vio_adu,661.43,4221.0,6553.0,34,34,110.33,0.943,20251031_037_pol_pro_Vio_adu_2025_6_Colorado2025_x004096_y006144
Unknown_Sample,20251031_037_pol_pro_Vio_adu_2025_6_Colorado2025.czi,Vio_adu,663.74,5090.0,6739.0,32,34,111.01,0.951,20251031_037_pol_pro_Vio_adu_2025_6_Colorado2025_x004608_y006144
Unknown_Sample,20251031_037_pol_pro_Vio_adu_2025_6_Colorado2025.czi,Vio_adu,647.19,5052.0,6745.0,33,33,109.25,0.947,20251031_037_pol_pro_Vio_adu_2025_6_Colorado2025_x004608_y006144
Unknown_Sample,20251031_037_pol_pro_Vio_adu_2025_6_Colorado2025.czi,Vio_adu,777.63,4755.0,6304.0,38,34,119.5,0.942,20251031_037_pol_pro_Vio_adu_2025_6_Colorado2025_x004608_y006144
Unknown_Sample,20251031_037_pol_pro_Vio_adu_2025_6_Colorado2025.czi,Vio_adu,687.21,5392.0,6254.0,33,35,110.91,0.961,20251031_037_pol_pro_Vio_adu_2025_6_Colorado2025_x005120_y006144
Unknown_Sample,20251031_037_pol_pro_Vio_adu_2025_6_Colorado2025.czi,Vio_adu,706.07,5665.0,6741.0,35,33,113.84,0.947,20251031_037_pol_pro_Vio_adu_2025_6_Colorado2025_x005120_y006144
Unknown_Sample,20251031_037_pol_pro_Vio_adu_2025_6_Colorado2025.czi,Vio_adu,774.17,5328.0,6601.0,37,34,119.25,0.947,20251031_037_pol_pro_Vio_adu_2025_6_Colorado2025_x005120_y006144
Unknown_Sample,20251031_037_pol_pro_Vio_adu_2025_6_Colorado2025.czi,Vio_adu,666.82,5654.0,6657.0,33,32,109.01,0.944,20251031_037_pol_pro_Vio_adu_2025_6_Colorado2025_x005120_y006144
Unknown_Sample,20251031_037_pol_pro_Vio_adu_2025_6_Colorado2025.czi,Vio_adu,621.03,5667.0,6246.0,31,34,104.91,0.934,20251031_037_pol_pro_Vio_adu_2025_6_Colorado2025_x005120_y006144
Unknown_Sample,20251031_037_pol_pro_Vio_adu_2025_6_Colorado2025.czi,Vio_adu,643.35,5810.0,6158.0,33,31,109.94,0.957,20251031_037_pol_pro_Vio_adu_2025_6_Colorado2025_x005632_y006144
Unknown_Sample,20251031_037_pol_pro_Vio_adu_2025_6_Colorado2025.czi,Vio_adu,737.62,6164.0,6472.0,35,35,116.67,0.95,20251031_037_pol_pro_Vio_adu_2025_6_Colorado2025_x005632_y006144
Unknown_Sample,20251031_037_pol_pro_Vio_adu_2025_6_Colorado2025.czi,Vio_adu,657.58,6219.0,6427.0,33,33,108.67,0.95,20251031_037_pol_pro_Vio_adu_2025_6_Colorado2025_x005632_y006144
Unknown_Sample,20251031_037_pol_pro_Vio_adu_2025_6_Colorado2025.czi,Vio_adu,705.68,5665.0,6741.0,35,33,113.25,0.946,20251031_037_pol_pro_Vio_adu_2025_6_Colorado2025_x005632_y006144
Unknown_Sample,20251031_037_pol_pro_Vio_adu_2025_6_Colorado2025.czi,Vio_adu,667.2,5654.0,6657.0,33,32,109.6,0.945,20251031_037_pol_pro_Vio_adu_2025_6_Colorado2025_x005632_y006144
Unknown_Sample,20251031_037_pol_pro_Vio_adu_2025_6_Colorado2025.czi,Vio_adu,621.03,5667.0,6246.0,31,34,104.91,0.934,20251031_037_pol_pro_Vio_adu_2025_6_Colorado2025_x005632_y006144
Unknown_Sample,20251031_037_pol_pro_Vio_adu_2025_6_Colorado2025.czi,Vio_adu,657.58,6219.0,6427.0,33,33,108.67,0.95,20251031_037_pol_pro_Vio_adu_2025_6_Colorado2025_x006144_y006144
Unknown_Sample,20251031_037_pol_pro_Vio_adu_2025_6_Colorado2025.czi,Vio_adu,739.16,6164.0,6472.0,35,35,116.67,0.95,20251031_037_pol_pro_Vio_adu_2025_6_Colorado2025_x006144_y006144
Unknown_Sample,20251031_037_pol_pro_Vio_adu_2025_6_Colorado2025.czi,Vio_adu,539.07,6657.0,6328.0,30,30,100.18,0.944,20251031_037_pol_pro_Vio_adu_2025_6_Colorado2025_x006144_y006144
Unknown_Sample,20251031_037_pol_pro_Vio_adu_2025_6_Colorado2025.czi,Vio_adu,858.82,6479.0,6403.0,38,38,125.74,0.943,20251031_037_pol_pro_Vio_adu_2025_6_Colorado2025_x006144_y006144
Unknown_Sample,20251031_037_pol_pro_Vio_adu_2025_6_Colorado2025.czi,Vio_adu,702.22,6862.0,6635.0,34,34,112.67,0.956,20251031_037_pol_pro_Vio_adu_2025_6_Colorado2025_x006656_y006144
Unknown_Sample,20251031_037_pol_pro_Vio_adu_2025_6_Colorado2025.czi,Vio_adu,679.13,6797.0,6645.0,37,32,111.15,0.942,20251031_037_pol_pro_Vio_adu_2025_6_Colorado2025_x006656_y006144
Unknown_Sample,20251031_037_pol_pro_Vio_adu_2025_6_Colorado2025.czi,Vio_adu,264.34,6663.0,6328.0,16,28,76.38,0.933,20251031_037_pol_pro_Vio_adu_2025_6_Colorado2025_x006656_y006144
Unknown_Sample,20251031_037_pol_pro_Vio_adu_2025_6_Colorado2025.czi,Vio_adu,753.39,7722.0,6416.0,36,35,118.08,0.946,20251031_037_pol_pro_Vio_adu_2025_6_Colorado2025_x007168_y006144
Unknown_Sample,20251031_037_pol_pro_Vio_adu_2025_6_Colorado2025.czi,Vio_adu,752.62,7722.0,6416.0,36,35,118.08,0.946,20251031_037_pol_pro_Vio_adu_2025_6_Colorado2025_x007680_y006144
Unknown_Sample,20251031_037_pol_pro_Vio_adu_2025_6_Colorado2025.czi,Vio_adu,701.83,8269.0,6361.0,35,34,112.91,0.944,20251031_037_pol_pro_Vio_adu_2025_6_Colorado2025_x007680_y006144
Unknown_Sample,20251031_037_pol_pro_Vio_adu_2025_6_Colorado2025.czi,Vio_adu,447.11,8288.0,6153.0,36,21,98.28,0.933,20251031_037_pol_pro_Vio_adu_2025_6_Colorado2025_x007680_y006144
Unknown_Sample,20251031_037_pol_pro_Vio_adu_2025_6_Colorado2025.czi,Vio_adu,700.29,8269.0,6361.0,35,34,112.91,0.944,20251031_037_pol_pro_Vio_adu_2025_6_Colorado2025_x008192_y006144
Unknown_Sample,20251031_037_pol_pro_Vio_adu_2025_6_Colorado2025.czi,Vio_adu,442.49,8288.0,6153.0,36,21,98.28,0.939,20251031_037_pol_pro_Vio_adu_2025_6_Colorado2025_x008192_y006144
Unknown_Sample,20251031_037_pol_pro_Vio_adu_2025_6_Colorado2025.czi,Vio_adu,801.87,8540.0,6241.0,38,36,119.4,0.936,20251031_037_pol_pro_Vio_adu_2025_6_Colorado2025_x008192_y006144
Unknown_Sample,20251031_037_pol_pro_Vio_adu_2025_6_Colorado2025.czi,Vio_adu,664.51,9108.0,6701.0,34,32,109.84,0.945,20251031_037_pol_pro_Vio_adu_2025_6_Colorado2025_x008704_y006144
Unknown_Sample,20251031_037_pol_pro_Vio_adu_2025_6_Colorado2025.czi,Vio_adu,387.47,9334.0,6375.0,19,33,91.21,0.902,20251031_037_pol_pro_Vio_adu_2025_6_Colorado2025_x008704_y006144
Unknown_Sample,20251031_037_pol_pro_Vio_adu_2025_6_Colorado2025.czi,Vio_adu,627.96,9340.0,6375.0,31,33,106.43,0.939,20251031_037_pol_pro_Vio_adu_2025_6_Colorado2025_x009216_y006144
Unknown_Sample,20251031_037_pol_pro_Vio_adu_2025_6_Colorado2025.czi,Vio_adu,538.69,1058.0,6896.0,29,30,98.77,0.946,20251031_037_pol_pro_Vio_adu_2025_6_Colorado2025_x000512_y006656
Unknown_Sample,20251031_037_pol_pro_Vio_adu_2025_6_Colorado2025.czi,Vio_adu,537.92,1058.0,6896.0,29,30,98.77,0.946,20251031_037_pol_pro_Vio_adu_2025_6_Colorado2025_x001024_y006656
Unknown_Sample,20251031_037_pol_pro_Vio_adu_2025_6_Colorado2025.czi,Vio_adu,776.48,1219.0,6902.0,38,36,120.57,0.946,20251031_037_pol_pro_Vio_adu_2025_6_Colorado2025_x001024_y006656
Unknown_Sample,20251031_037_pol_pro_Vio_adu_2025_6_Colorado2025.czi,Vio_adu,717.61,1351.0,6860.0,34,35,114.67,0.94,20251031_037_pol_pro_Vio_adu_2025_6_Colorado2025_x001024_y006656
Unknown_Sample,20251031_037_pol_pro_Vio_adu_2025_6_Colorado2025.czi,Vio_adu,619.11,1317.0,6879.0,32,31,106.18,0.937,20251031_037_pol_pro_Vio_adu_2025_6_Colorado2025_x001024_y006656
Unknown_Sample,20251031_037_pol_pro_Vio_adu_2025_6_Colorado2025.czi,Vio_adu,710.68,1848.0,6861.0,35,34,113.5,0.957,20251031_037_pol_pro_Vio_adu_2025_6_Colorado2025_x001536_y006656
Unknown_Sample,20251031_037_pol_pro_Vio_adu_2025_6_Colorado2025.czi,Vio_adu,881.52,2381.0,6709.0,37,40,125.98,0.949,20251031_037_pol_pro_Vio_adu_2025_6_Colorado2025_x002048_y006656
Unknown_Sample,20251031_037_pol_pro_Vio_adu_2025_6_Colorado2025.czi,Vio_adu,600.64,2203.0,6701.0,32,31,105.01,0.949,20251031_037_pol_pro_Vio_adu_2025_6_Colorado2025_x002048_y006656
Unknown_Sample,20251031_037_pol_pro_Vio_adu_2025_6_Colorado2025.czi,Vio_adu,749.93,3065.0,7069.0,35,37,118.33,0.951,20251031_037_pol_pro_Vio_adu_2025_6_Colorado2025_x002560_y006656
Unknown_Sample,20251031_037_pol_pro_Vio_adu_2025_6_Colorado2025.czi,Vio_adu,825.73,2825.0,6799.0,38,37,123.74,0.936,20251031_037_pol_pro_Vio_adu_2025_6_Colorado2025_x002560_y006656
Unknown_Sample,20251031_037_pol_pro_Vio_adu_2025_6_Colorado2025.czi,Vio_adu,775.71,3301.0,7045.0,36,35,119.25,0.952,20251031_037_pol_pro_Vio_adu_2025_6_Colorado2025_x003072_y006656
Unknown_Sample,20251031_037_pol_pro_Vio_adu_2025_6_Colorado2025.czi,Vio_adu,170.07,3077.0,7070.0,12,33,74.28,0.901,20251031_037_pol_pro_Vio_adu_2025_6_Colorado2025_x003072_y006656
Unknown_Sample,20251031_037_pol_pro_Vio_adu_2025_6_Colorado2025.czi,Vio_adu,661.05,4183.0,6827.0,33,32,110.77,0.95,20251031_037_pol_pro_Vio_adu_2025_6_Colorado2025_x003584_y006656
Unknown_Sample,20251031_037_pol_pro_Vio_adu_2025_6_Colorado2025.czi,Vio_adu,604.87,4073.0,6764.0,31,32,104.43,0.95,20251031_037_pol_pro_Vio_adu_2025_6_Colorado2025_x003584_y006656
Unknown_Sample,20251031_037_pol_pro_Vio_adu_2025_6_Colorado2025.czi,Vio_adu,655.66,4179.0,7175.0,34,32,110.43,0.949,20251031_037_pol_pro_Vio_adu_2025_6_Colorado2025_x003584_y006656
Unknown_Sample,20251031_037_pol_pro_Vio_adu_2025_6_Colorado2025.czi,Vio_adu,717.22,3744.0,6689.0,32,37,115.25,0.945,20251031_037_pol_pro_Vio_adu_2025_6_Colorado2025_x003584_y006656
Unknown_Sample,20251031_037_pol_pro_Vio_adu_2025_6_Colorado2025.czi,Vio_adu,579.86,4587.0,6830.0,31,31,104.18,0.953,20251031_037_pol_pro_Vio_adu_2025_6_Colorado2025_x004096_y006656
Unknown_Sample,20251031_037_pol_pro_Vio_adu_2025_6_Colorado2025.czi,Vio_adu,661.05,4183.0,6827.0,33,32,110.77,0.95,20251031_037_pol_pro_Vio_adu_2025_6_Colorado2025_x004096_y006656
Unknown_Sample,20251031_037_pol_pro_Vio_adu_2025_6_Colorado2025.czi,Vio_adu,641.42,4179.0,7175.0,34,31,109.01,0.949,20251031_037_pol_pro_Vio_adu_2025_6_Colorado2025_x004096_y006656
Unknown_Sample,20251031_037_pol_pro_Vio_adu_2025_6_Colorado2025.czi,Vio_adu,707.22,5095.0,6883.0,36,34,113.74,0.953,20251031_037_pol_pro_Vio_adu_2025_6_Colorado2025_x004608_y006656
Unknown_Sample,20251031_037_pol_pro_Vio_adu_2025_6_Colorado2025.czi,Vio_adu,685.67,4944.0,7109.0,33,35,112.08,0.951,20251031_037_pol_pro_Vio_adu_2025_6_Colorado2025_x004608_y006656
Unknown_Sample,20251031_037_pol_pro_Vio_adu_2025_6_Colorado2025.czi,Vio_adu,661.43,5090.0,6739.0,32,34,111.01,0.951,20251031_037_pol_pro_Vio_adu_2025_6_Colorado2025_x004608_y006656
Unknown_Sample,20251031_037_pol_pro_Vio_adu_2025_6_Colorado2025.czi,Vio_adu,659.51,5052.0,6744.0,33,34,110.08,0.948,20251031_037_pol_pro_Vio_adu_2025_6_Colorado2025_x004608_y006656
Unknown_Sample,20251031_037_pol_pro_Vio_adu_2025_6_Colorado2025.czi,Vio_adu,571.78,5518.0,7187.0,29,32,102.77,0.954,20251031_037_pol_pro_Vio_adu_2025_6_Colorado2025_x005120_y006656
Unknown_Sample,20251031_037_pol_pro_Vio_adu_2025_6_Colorado2025.czi,Vio_adu,701.45,5346.0,6887.0,35,33,116.18,0.951,20251031_037_pol_pro_Vio_adu_2025_6_Colorado2025_x005120_y006656
Unknown_Sample,20251031_037_pol_pro_Vio_adu_2025_6_Colorado2025.czi,Vio_adu,706.07,5665.0,6741.0,35,33,113.84,0.947,20251031_037_pol_pro_Vio_adu_2025_6_Colorado2025_x005120_y006656
Unknown_Sample,20251031_037_pol_pro_Vio_adu_2025_6_Colorado2025.czi,Vio_adu,336.68,5654.0,6664.0,33,17,87.21,0.94,20251031_037_pol_pro_Vio_adu_2025_6_Colorado2025_x005120_y006656
Unknown_Sample,20251031_037_pol_pro_Vio_adu_2025_6_Colorado2025.czi,Vio_adu,552.15,5416.0,7281.0,31,28,102.87,0.938,20251031_037_pol_pro_Vio_adu_2025_6_Colorado2025_x005120_y006656
Unknown_Sample,20251031_037_pol_pro_Vio_adu_2025_6_Colorado2025.czi,Vio_adu,705.68,5665.0,6741.0,35,33,113.25,0.946,20251031_037_pol_pro_Vio_adu_2025_6_Colorado2025_x005632_y006656
Unknown_Sample,20251031_037_pol_pro_Vio_adu_2025_6_Colorado2025.czi,Vio_adu,337.06,5654.0,6664.0,33,17,87.8,0.94,20251031_037_pol_pro_Vio_adu_2025_6_Colorado2025_x005632_y006656
Unknown_Sample,20251031_037_pol_pro_Vio_adu_2025_6_Colorado2025.czi,Vio_adu,725.69,6357.0,7174.0,35,34,115.25,0.955,20251031_037_pol_pro_Vio_adu_2025_6_Colorado2025_x006144_y006656
Unknown_Sample,20251031_037_pol_pro_Vio_adu_2025_6_Colorado2025.czi,Vio_adu,766.86,6747.0,7236.0,38,35,119.15,0.955,20251031_037_pol_pro_Vio_adu_2025_6_Colorado2025_x006144_y006656
Unknown_Sample,20251031_037_pol_pro_Vio_adu_2025_6_Colorado2025.czi,Vio_adu,766.86,6747.0,7236.0,38,35,119.15,0.954,20251031_037_pol_pro_Vio_adu_2025_6_Colorado2025_x006656_y006656
Unknown_Sample,20251031_037_pol_pro_Vio_adu_2025_6_Colorado2025.czi,Vio_adu,806.88,7764.0,6934.0,35,38,121.5,0.951,20251031_037_pol_pro_Vio_adu_2025_6_Colorado2025_x007168_y006656
Unknown_Sample,20251031_037_pol_pro_Vio_adu_2025_6_Colorado2025.czi,Vio_adu,636.04,7945.0,6903.0,32,33,109.01,0.954,20251031_037_pol_pro_Vio_adu_2025_6_Colorado2025_x007680_y006656
Unknown_Sample,20251031_037_pol_pro_Vio_adu_2025_6_Colorado2025.czi,Vio_adu,808.03,7764.0,6934.0,35,38,120.91,0.951,20251031_037_pol_pro_Vio_adu_2025_6_Colorado2025_x007680_y006656
Unknown_Sample,20251031_037_pol_pro_Vio_adu_2025_6_Colorado2025.czi,Vio_adu,431.72,7927.0,7280.0,28,26,88.77,0.932,20251031_037_pol_pro_Vio_adu_2025_6_Colorado2025_x007680_y006656
Unknown_Sample,20251031_037_pol_pro_Vio_adu_2025_6_Colorado2025.czi,Vio_adu,605.25,9241.0,6958.0,32,32,105.84,0.947,20251031_037_pol_pro_Vio_adu_2025_6_Colorado2025_x008704_y006656
Unknown_Sample,20251031_037_pol_pro_Vio_adu_2025_6_Colorado2025.czi,Vio_adu,663.74,9108.0,6701.0,34,32,109.84,0.946,20251031_037_pol_pro_Vio_adu_2025_6_Colorado2025_x008704_y006656
Unknown_Sample,20251031_037_pol_pro_Vio_adu_2025_6_Colorado2025.czi,Vio_adu,751.85,8901.0,7064.0,35,37,116.57,0.94,20251031_037_pol_pro_Vio_adu_2025_6_Colorado2025_x008704_y006656
Unknown_Sample,20251031_037_pol_pro_Vio_adu_2025_6_Colorado2025.czi,Vio_adu,327.44,8884.0,7288.0,34,16,88.38,0.875,20251031_037_pol_pro_Vio_adu_2025_6_Colorado2025_x008704_y006656
Unknown_Sample,20251031_037_pol_pro_Vio_adu_2025_6_Colorado2025.czi,Vio_adu,606.79,9241.0,6958.0,32,32,105.84,0.947,20251031_037_pol_pro_Vio_adu_2025_6_Colorado2025_x009216_y006656
Unknown_Sample,20251031_037_pol_pro_Vio_adu_2025_6_Colorado2025.czi,Vio_adu,790.33,1122.0,7653.0,40,34,120.57,0.946,20251031_037_pol_pro_Vio_adu_2025_6_Colorado2025_x000512_y007168
Unknown_Sample,20251031_037_pol_pro_Vio_adu_2025_6_Colorado2025.czi,Vio_adu,650.27,775.0,7340.0,33,36,111.74,0.934,20251031_037_pol_pro_Vio_adu_2025_6_Colorado2025_x000512_y007168
Unknown_Sample,20251031_037_pol_pro_Vio_adu_2025_6_Colorado2025.czi,Vio_adu,596.79,1591.0,7416.0,30,34,105.84,0.949,20251031_037_pol_pro_Vio_adu_2025_6_Colorado2025_x001024_y007168
Unknown_Sample,20251031_037_pol_pro_Vio_adu_2025_6_Colorado2025.czi,Vio_adu,791.1,1122.0,7653.0,40,34,120.57,0.945,20251031_037_pol_pro_Vio_adu_2025_6_Colorado2025_x001024_y007168
Unknown_Sample,20251031_037_pol_pro_Vio_adu_2025_6_Colorado2025.czi,Vio_adu,596.4,1591.0,7416.0,30,34,105.25,0.948,20251031_037_pol_pro_Vio_adu_2025_6_Colorado2025_x001536_y007168
Unknown_Sample,20251031_037_pol_pro_Vio_adu_2025_6_Colorado2025.czi,Vio_adu,651.04,2611.0,7465.0,33,33,109.25,0.954,20251031_037_pol_pro_Vio_adu_2025_6_Colorado2025_x002048_y007168
Unknown_Sample,20251031_037_pol_pro_Vio_adu_2025_6_Colorado2025.czi,Vio_adu,567.93,2256.0,7712.0,31,30,101.6,0.952,20251031_037_pol_pro_Vio_adu_2025_6_Colorado2025_x002048_y007168
Unknown_Sample,20251031_037_pol_pro_Vio_adu_2025_6_Colorado2025.czi,Vio_adu,642.58,3019.0,7355.0,32,32,108.77,0.957,20251031_037_pol_pro_Vio_adu_2025_6_Colorado2025_x002560_y007168
Unknown_Sample,20251031_037_pol_pro_Vio_adu_2025_6_Colorado2025.czi,Vio_adu,651.04,2611.0,7465.0,33,33,109.25,0.953,20251031_037_pol_pro_Vio_adu_2025_6_Colorado2025_x002560_y007168
Unknown_Sample,20251031_037_pol_pro_Vio_adu_2025_6_Colorado2025.czi,Vio_adu,909.23,3118.0,7726.0,40,39,128.81,0.953,20251031_037_pol_pro_Vio_adu_2025_6_Colorado2025_x002560_y007168
Unknown_Sample,20251031_037_pol_pro_Vio_adu_2025_6_Colorado2025.czi,Vio_adu,799.57,2857.0,7326.0,36,37,120.91,0.952,20251031_037_pol_pro_Vio_adu_2025_6_Colorado2025_x002560_y007168
Unknown_Sample,20251031_037_pol_pro_Vio_adu_2025_6_Colorado2025.czi,Vio_adu,649.12,2703.0,7771.0,34,32,108.67,0.951,20251031_037_pol_pro_Vio_adu_2025_6_Colorado2025_x002560_y007168
Unknown_Sample,20251031_037_pol_pro_Vio_adu_2025_6_Colorado2025.czi,Vio_adu,909.23,3118.0,7726.0,40,39,128.81,0.953,20251031_037_pol_pro_Vio_adu_2025_6_Colorado2025_x003072_y007168
Unknown_Sample,20251031_037_pol_pro_Vio_adu_2025_6_Colorado2025.czi,Vio_adu,621.03,4001.0,7317.0,32,33,104.91,0.954,20251031_037_pol_pro_Vio_adu_2025_6_Colorado2025_x003584_y007168
Unknown_Sample,20251031_037_pol_pro_Vio_adu_2025_6_Colorado2025.czi,Vio_adu,487.13,4179.0,7179.0,34,23,99.46,0.948,20251031_037_pol_pro_Vio_adu_2025_6_Colorado2025_x003584_y007168
Unknown_Sample,20251031_037_pol_pro_Vio_adu_2025_6_Colorado2025.czi,Vio_adu,672.59,3801.0,7570.0,33,36,111.74,0.947,20251031_037_pol_pro_Vio_adu_2025_6_Colorado2025_x003584_y007168
Unknown_Sample,20251031_037_pol_pro_Vio_adu_2025_6_Colorado2025.czi,Vio_adu,641.42,4518.0,7728.0,32,34,109.84,0.956,20251031_037_pol_pro_Vio_adu_2025_6_Colorado2025_x004096_y007168
Unknown_Sample,20251031_037_pol_pro_Vio_adu_2025_6_Colorado2025.czi,Vio_adu,487.9,4179.0,7178.0,34,23,99.46,0.947,20251031_037_pol_pro_Vio_adu_2025_6_Colorado2025_x004096_y007168
Unknown_Sample,20251031_037_pol_pro_Vio_adu_2025_6_Colorado2025.czi,Vio_adu,653.74,4857.0,7324.0,32,34,109.84,0.956,20251031_037_pol_pro_Vio_adu_2025_6_Colorado2025_x004608_y007168
Unknown_Sample,20251031_037_pol_pro_Vio_adu_2025_6_Colorado2025.czi,Vio_adu,787.25,4994.0,7788.0,35,37,121.25,0.953,20251031_037_pol_pro_Vio_adu_2025_6_Colorado2025_x004608_y007168
Unknown_Sample,20251031_037_pol_pro_Vio_adu_2025_6_Colorado2025.czi,Vio_adu,573.32,5518.0,7187.0,29,32,102.77,0.954,20251031_037_pol_pro_Vio_adu_2025_6_Colorado2025_x005120_y007168
Unknown_Sample,20251031_037_pol_pro_Vio_adu_2025_6_Colorado2025.czi,Vio_adu,703.76,5302.0,7693.0,34,34,113.84,0.952,20251031_037_pol_pro_Vio_adu_2025_6_Colorado2025_x005120_y007168
Unknown_Sample,20251031_037_pol_pro_Vio_adu_2025_6_Colorado2025.czi,Vio_adu,619.49,5416.0,7283.0,31,34,107.25,0.951,20251031_037_pol_pro_Vio_adu_2025_6_Colorado2025_x005120_y007168
Unknown_Sample,20251031_037_pol_pro_Vio_adu_2025_6_Colorado2025.czi,Vio_adu,753.39,6111.0,7323.0,37,34,119.25,0.962,20251031_037_pol_pro_Vio_adu_2025_6_Colorado2025_x005632_y007168
Unknown_Sample,20251031_037_pol_pro_Vio_adu_2025_6_Colorado2025.czi,Vio_adu,520.99,6357.0,7179.0,35,24,103.46,0.956,20251031_037_pol_pro_Vio_adu_2025_6_Colorado2025_x006144_y007168
Unknown_Sample,20251031_037_pol_pro_Vio_adu_2025_6_Colorado2025.czi,Vio_adu,766.86,6747.0,7236.0,38,35,119.15,0.955,20251031_037_pol_pro_Vio_adu_2025_6_Colorado2025_x006144_y007168
Unknown_Sample,20251031_037_pol_pro_Vio_adu_2025_6_Colorado2025.czi,Vio_adu,604.87,6608.0,7472.0,31,33,105.25,0.953,20251031_037_pol_pro_Vio_adu_2025_6_Colorado2025_x006144_y007168
Unknown_Sample,20251031_037_pol_pro_Vio_adu_2025_6_Colorado2025.czi,Vio_adu,715.3,6822.0,7317.0,36,33,113.5,0.956,20251031_037_pol_pro_Vio_adu_2025_6_Colorado2025_x006656_y007168
Unknown_Sample,20251031_037_pol_pro_Vio_adu_2025_6_Colorado2025.czi,Vio_adu,767.63,6747.0,7236.0,38,35,119.15,0.955,20251031_037_pol_pro_Vio_adu_2025_6_Colorado2025_x006656_y007168
Unknown_Sample,20251031_037_pol_pro_Vio_adu_2025_6_Colorado2025.czi,Vio_adu,925.0,7638.0,7328.0,40,38,129.74,0.957,20251031_037_pol_pro_Vio_adu_2025_6_Colorado2025_x007168_y007168
Unknown_Sample,20251031_037_pol_pro_Vio_adu_2025_6_Colorado2025.czi,Vio_adu,828.81,7341.0,7341.0,37,37,122.91,0.934,20251031_037_pol_pro_Vio_adu_2025_6_Colorado2025_x007168_y007168
Unknown_Sample,20251031_037_pol_pro_Vio_adu_2025_6_Colorado2025.czi,Vio_adu,892.68,7344.0,7432.0,39,38,129.74,0.926,20251031_037_pol_pro_Vio_adu_2025_6_Colorado2025_x007168_y007168
Unknown_Sample,20251031_037_pol_pro_Vio_adu_2025_6_Colorado2025.czi,Vio_adu,439.8,7927.0,7280.0,29,27,91.01,0.939,20251031_037_pol_pro_Vio_adu_2025_6_Colorado2025_x007680_y007168
Unknown_Sample,20251031_037_pol_pro_Vio_adu_2025_6_Colorado2025.czi,Vio_adu,735.69,8551.0,7533.0,36,34,116.08,0.944,20251031_037_pol_pro_Vio_adu_2025_6_Colorado2025_x008192_y007168
Unknown_Sample,20251031_037_pol_pro_Vio_adu_2025_6_Colorado2025.czi,Vio_adu,931.54,8865.0,7624.0,39,39,130.33,0.953,20251031_037_pol_pro_Vio_adu_2025_6_Colorado2025_x008704_y007168
Unknown_Sample,20251031_037_pol_pro_Vio_adu_2025_6_Colorado2025.czi,Vio_adu,678.75,9321.0,7328.0,34,34,110.91,0.949,20251031_037_pol_pro_Vio_adu_2025_6_Colorado2025_x008704_y007168
Unknown_Sample,20251031_037_pol_pro_Vio_adu_2025_6_Colorado2025.czi,Vio_adu,798.41,9186.0,7342.0,34,38,119.5,0.948,20251031_037_pol_pro_Vio_adu_2025_6_Colorado2025_x008704_y007168
Unknown_Sample,20251031_037_pol_pro_Vio_adu_2025_6_Colorado2025.czi,Vio_adu,727.23,8884.0,7296.0,34,35,115.25,0.941,20251031_037_pol_pro_Vio_adu_2025_6_Colorado2025_x008704_y007168
Unknown_Sample,20251031_037_pol_pro_Vio_adu_2025_6_Colorado2025.czi,Vio_adu,671.82,9321.0,7328.0,33,34,110.08,0.951,20251031_037_pol_pro_Vio_adu_2025_6_Colorado2025_x009216_y007168
Unknown_Sample,20251031_037_pol_pro_Vio_adu_2025_6_Colorado2025.czi,Vio_adu,626.8,9549.0,7333.0,34,32,107.5,0.946,20251031_037_pol_pro_Vio_adu_2025_6_Colorado2025_x009216_y007168
Unknown_Sample,20251031_037_pol_pro_Vio_adu_2025_6_Colorado2025.czi,Vio_adu,758.39,10143.0,7489.0,37,34,117.5,0.947,20251031_037_pol_pro_Vio_adu_2025_6_Colorado2025_x009728_y007168
Unknown_Sample,20251031_037_pol_pro_Vio_adu_2025_6_Colorado2025.czi,Vio_adu,582.17,10126.0,7707.0,31,31,103.01,0.943,20251031_037_pol_pro_Vio_adu_2025_6_Colorado2025_x009728_y007168
Unknown_Sample,20251031_037_pol_pro_Vio_adu_2025_6_Colorado2025.czi,Vio_adu,765.32,261.0,8114.0,37,34,118.67,0.957,20251031_037_pol_pro_Vio_adu_2025_6_Colorado2025_x000000_y007680
Unknown_Sample,20251031_037_pol_pro_Vio_adu_2025_6_Colorado2025.czi,Vio_adu,491.74,150.0,8289.0,28,30,95.6,0.926,20251031_037_pol_pro_Vio_adu_2025_6_Colorado2025_x000000_y007680
Unknown_Sample,20251031_037_pol_pro_Vio_adu_2025_6_Colorado2025.czi,Vio_adu,617.18,1615.0,8071.0,32,31,105.6,0.954,20251031_037_pol_pro_Vio_adu_2025_6_Colorado2025_x001024_y007680
Unknown_Sample,20251031_037_pol_pro_Vio_adu_2025_6_Colorado2025.czi,Vio_adu,790.33,1751.0,8087.0,37,36,120.91,0.962,20251031_037_pol_pro_Vio_adu_2025_6_Colorado2025_x001536_y007680
Unknown_Sample,20251031_037_pol_pro_Vio_adu_2025_6_Colorado2025.czi,Vio_adu,814.19,1879.0,8263.0,37,36,122.08,0.961,20251031_037_pol_pro_Vio_adu_2025_6_Colorado2025_x001536_y007680
Unknown_Sample,20251031_037_pol_pro_Vio_adu_2025_6_Colorado2025.czi,Vio_adu,617.18,1615.0,8071.0,32,31,105.6,0.954,20251031_037_pol_pro_Vio_adu_2025_6_Colorado2025_x001536_y007680
Unknown_Sample,20251031_037_pol_pro_Vio_adu_2025_6_Colorado2025.czi,Vio_adu,567.93,2256.0,7712.0,31,30,101.6,0.951,20251031_037_pol_pro_Vio_adu_2025_6_Colorado2025_x002048_y007680
Unknown_Sample,20251031_037_pol_pro_Vio_adu_2025_6_Colorado2025.czi,Vio_adu,909.23,3118.0,7726.0,40,39,128.81,0.953,20251031_037_pol_pro_Vio_adu_2025_6_Colorado2025_x002560_y007680
Unknown_Sample,20251031_037_pol_pro_Vio_adu_2025_6_Colorado2025.czi,Vio_adu,649.89,2703.0,7771.0,34,32,108.67,0.952,20251031_037_pol_pro_Vio_adu_2025_6_Colorado2025_x002560_y007680
Unknown_Sample,20251031_037_pol_pro_Vio_adu_2025_6_Colorado2025.czi,Vio_adu,641.04,3048.0,8269.0,33,33,109.25,0.951,20251031_037_pol_pro_Vio_adu_2025_6_Colorado2025_x002560_y007680
Unknown_Sample,20251031_037_pol_pro_Vio_adu_2025_6_Colorado2025.czi,Vio_adu,784.56,3509.0,7825.0,36,37,121.5,0.959,20251031_037_pol_pro_Vio_adu_2025_6_Colorado2025_x003072_y007680
Unknown_Sample,20251031_037_pol_pro_Vio_adu_2025_6_Colorado2025.czi,Vio_adu,797.64,3427.0,8165.0,37,37,121.15,0.956,20251031_037_pol_pro_Vio_adu_2025_6_Colorado2025_x003072_y007680
Unknown_Sample,20251031_037_pol_pro_Vio_adu_2025_6_Colorado2025.czi,Vio_adu,909.23,3118.0,7726.0,40,39,128.81,0.953,20251031_037_pol_pro_Vio_adu_2025_6_Colorado2025_x003072_y007680
Unknown_Sample,20251031_037_pol_pro_Vio_adu_2025_6_Colorado2025.czi,Vio_adu,842.66,4611.0,8181.0,37,38,124.91,0.956,20251031_037_pol_pro_Vio_adu_2025_6_Colorado2025_x004096_y007680
Unknown_Sample,20251031_037_pol_pro_Vio_adu_2025_6_Colorado2025.czi,Vio_adu,641.04,4518.0,7728.0,32,34,109.25,0.953,20251031_037_pol_pro_Vio_adu_2025_6_Colorado2025_x004096_y007680
Unknown_Sample,20251031_037_pol_pro_Vio_adu_2025_6_Colorado2025.czi,Vio_adu,783.02,4994.0,7788.0,35,37,120.67,0.956,20251031_037_pol_pro_Vio_adu_2025_6_Colorado2025_x004608_y007680
Unknown_Sample,20251031_037_pol_pro_Vio_adu_2025_6_Colorado2025.czi,Vio_adu,731.08,5002.0,8214.0,34,37,115.74,0.953,20251031_037_pol_pro_Vio_adu_2025_6_Colorado2025_x004608_y007680
Unknown_Sample,20251031_037_pol_pro_Vio_adu_2025_6_Colorado2025.czi,Vio_adu,489.44,4618.0,8182.0,22,38,104.28,0.952,20251031_037_pol_pro_Vio_adu_2025_6_Colorado2025_x004608_y007680
Unknown_Sample,20251031_037_pol_pro_Vio_adu_2025_6_Colorado2025.czi,Vio_adu,658.74,5302.0,7694.0,34,31,110.77,0.958,20251031_037_pol_pro_Vio_adu_2025_6_Colorado2025_x005120_y007680
Unknown_Sample,20251031_037_pol_pro_Vio_adu_2025_6_Colorado2025.czi,Vio_adu,657.2,5667.0,8145.0,32,33,109.6,0.955,20251031_037_pol_pro_Vio_adu_2025_6_Colorado2025_x005120_y007680
Unknown_Sample,20251031_037_pol_pro_Vio_adu_2025_6_Colorado2025.czi,Vio_adu,657.2,5667.0,8145.0,32,33,109.6,0.955,20251031_037_pol_pro_Vio_adu_2025_6_Colorado2025_x005632_y007680
Unknown_Sample,20251031_037_pol_pro_Vio_adu_2025_6_Colorado2025.czi,Vio_adu,693.37,6721.0,8252.0,34,34,112.08,0.958,20251031_037_pol_pro_Vio_adu_2025_6_Colorado2025_x006144_y007680
Unknown_Sample,20251031_037_pol_pro_Vio_adu_2025_6_Colorado2025.czi,Vio_adu,683.36,6431.0,8294.0,36,32,112.08,0.955,20251031_037_pol_pro_Vio_adu_2025_6_Colorado2025_x006144_y007680
Unknown_Sample,20251031_037_pol_pro_Vio_adu_2025_6_Colorado2025.czi,Vio_adu,692.6,6721.0,8252.0,34,34,112.08,0.958,20251031_037_pol_pro_Vio_adu_2025_6_Colorado2025_x006656_y007680
Unknown_Sample,20251031_037_pol_pro_Vio_adu_2025_6_Colorado2025.czi,Vio_adu,678.75,6898.0,8305.0,34,30,113.46,0.945,20251031_037_pol_pro_Vio_adu_2025_6_Colorado2025_x006656_y007680
Unknown_Sample,20251031_037_pol_pro_Vio_adu_2025_6_Colorado2025.czi,Vio_adu,804.57,7390.0,8187.0,37,36,121.5,0.955,20251031_037_pol_pro_Vio_adu_2025_6_Colorado2025_x007168_y007680
Unknown_Sample,20251031_037_pol_pro_Vio_adu_2025_6_Colorado2025.czi,Vio_adu,586.01,7316.0,8101.0,31,32,103.84,0.955,20251031_037_pol_pro_Vio_adu_2025_6_Colorado2025_x007168_y007680
Unknown_Sample,20251031_037_pol_pro_Vio_adu_2025_6_Colorado2025.czi,Vio_adu,619.88,8290.0,8197.0,32,32,105.84,0.959,20251031_037_pol_pro_Vio_adu_2025_6_Colorado2025_x007680_y007680
Unknown_Sample,20251031_037_pol_pro_Vio_adu_2025_6_Colorado2025.czi,Vio_adu,851.51,7843.0,7955.0,37,38,123.15,0.958,20251031_037_pol_pro_Vio_adu_2025_6_Colorado2025_x007680_y007680
Unknown_Sample,20251031_037_pol_pro_Vio_adu_2025_6_Colorado2025.czi,Vio_adu,659.51,7917.0,8277.0,33,34,108.91,0.957,20251031_037_pol_pro_Vio_adu_2025_6_Colorado2025_x007680_y007680
Unknown_Sample,20251031_037_pol_pro_Vio_adu_2025_6_Colorado2025.czi,Vio_adu,720.3,8041.0,8160.0,34,36,116.08,0.95,20251031_037_pol_pro_Vio_adu_2025_6_Colorado2025_x007680_y007680
Unknown_Sample,20251031_037_pol_pro_Vio_adu_2025_6_Colorado2025.czi,Vio_adu,619.11,8290.0,8197.0,32,32,105.84,0.959,20251031_037_pol_pro_Vio_adu_2025_6_Colorado2025_x008192_y007680
Unknown_Sample,20251031_037_pol_pro_Vio_adu_2025_6_Colorado2025.czi,Vio_adu,1021.2,9814.0,8231.0,44,39,136.23,0.955,20251031_037_pol_pro_Vio_adu_2025_6_Colorado2025_x009216_y007680
Unknown_Sample,20251031_037_pol_pro_Vio_adu_2025_6_Colorado2025.czi,Vio_adu,1022.74,9814.0,8231.0,44,39,136.23,0.955,20251031_037_pol_pro_Vio_adu_2025_6_Colorado2025_x009728_y007680
Unknown_Sample,20251031_037_pol_pro_Vio_adu_2025_6_Colorado2025.czi,Vio_adu,582.55,10126.0,7707.0,31,31,102.43,0.943,20251031_037_pol_pro_Vio_adu_2025_6_Colorado2025_x009728_y007680
Unknown_Sample,20251031_037_pol_pro_Vio_adu_2025_6_Colorado2025.czi,Vio_adu,364.77,11371.0,8217.0,24,24,81.46,0.884,20251031_037_pol_pro_Vio_adu_2025_6_Colorado2025_x010752_y007680
Unknown_Sample,20251031_037_pol_pro_Vio_adu_2025_6_Colorado2025.czi,Vio_adu,363.23,11371.0,8217.0,24,24,81.46,0.891,20251031_037_pol_pro_Vio_adu_2025_6_Colorado2025_x011264_y007680
Unknown_Sample,20251031_037_pol_pro_Vio_adu_2025_6_Colorado2025.czi,Vio_adu,490.98,150.0,8289.0,28,30,95.6,0.922,20251031_037_pol_pro_Vio_adu_2025_6_Colorado2025_x000000_y008192
Unknown_Sample,20251031_037_pol_pro_Vio_adu_2025_6_Colorado2025.czi,Vio_adu,682.59,879.0,8718.0,34,33,112.43,0.955,20251031_037_pol_pro_Vio_adu_2025_6_Colorado2025_x000512_y008192
Unknown_Sample,20251031_037_pol_pro_Vio_adu_2025_6_Colorado2025.czi,Vio_adu,644.89,1501.0,8502.0,32,34,109.25,0.954,20251031_037_pol_pro_Vio_adu_2025_6_Colorado2025_x001024_y008192
Unknown_Sample,20251031_037_pol_pro_Vio_adu_2025_6_Colorado2025.czi,Vio_adu,814.19,1879.0,8263.0,37,36,122.08,0.961,20251031_037_pol_pro_Vio_adu_2025_6_Colorado2025_x001536_y008192
Unknown_Sample,20251031_037_pol_pro_Vio_adu_2025_6_Colorado2025.czi,Vio_adu,719.92,1702.0,8804.0,37,33,115.5,0.96,20251031_037_pol_pro_Vio_adu_2025_6_Colorado2025_x001536_y008192
Unknown_Sample,20251031_037_pol_pro_Vio_adu_2025_6_Colorado2025.czi,Vio_adu,734.54,2263.0,8609.0,38,33,116.33,0.962,20251031_037_pol_pro_Vio_adu_2025_6_Colorado2025_x002048_y008192
Unknown_Sample,20251031_037_pol_pro_Vio_adu_2025_6_Colorado2025.czi,Vio_adu,641.04,3048.0,8269.0,33,33,109.25,0.951,20251031_037_pol_pro_Vio_adu_2025_6_Colorado2025_x002560_y008192
Unknown_Sample,20251031_037_pol_pro_Vio_adu_2025_6_Colorado2025.czi,Vio_adu,694.52,2840.0,8704.0,34,34,115.01,0.947,20251031_037_pol_pro_Vio_adu_2025_6_Colorado2025_x002560_y008192
Unknown_Sample,20251031_037_pol_pro_Vio_adu_2025_6_Colorado2025.czi,Vio_adu,669.13,3530.0,8816.0,34,31,111.36,0.949,20251031_037_pol_pro_Vio_adu_2025_6_Colorado2025_x003072_y008192
Unknown_Sample,20251031_037_pol_pro_Vio_adu_2025_6_Colorado2025.czi,Vio_adu,611.03,4403.0,8343.0,32,31,105.6,0.957,20251031_037_pol_pro_Vio_adu_2025_6_Colorado2025_x004096_y008192
Unknown_Sample,20251031_037_pol_pro_Vio_adu_2025_6_Colorado2025.czi,Vio_adu,750.31,4235.0,8708.0,35,36,118.08,0.956,20251031_037_pol_pro_Vio_adu_2025_6_Colorado2025_x004096_y008192
Unknown_Sample,20251031_037_pol_pro_Vio_adu_2025_6_Colorado2025.czi,Vio_adu,652.97,4938.0,8386.0,33,33,108.67,0.955,20251031_037_pol_pro_Vio_adu_2025_6_Colorado2025_x004608_y008192
Unknown_Sample,20251031_037_pol_pro_Vio_adu_2025_6_Colorado2025.czi,Vio_adu,731.85,5002.0,8214.0,34,37,116.91,0.953,20251031_037_pol_pro_Vio_adu_2025_6_Colorado2025_x004608_y008192
Unknown_Sample,20251031_037_pol_pro_Vio_adu_2025_6_Colorado2025.czi,Vio_adu,800.34,6101.0,8649.0,38,35,122.08,0.957,20251031_037_pol_pro_Vio_adu_2025_6_Colorado2025_x005632_y008192
Unknown_Sample,20251031_037_pol_pro_Vio_adu_2025_6_Colorado2025.czi,Vio_adu,631.03,5961.0,8484.0,31,34,106.08,0.948,20251031_037_pol_pro_Vio_adu_2025_6_Colorado2025_x005632_y008192
Unknown_Sample,20251031_037_pol_pro_Vio_adu_2025_6_Colorado2025.czi,Vio_adu,1007.35,6382.0,8774.0,42,42,137.05,0.96,20251031_037_pol_pro_Vio_adu_2025_6_Colorado2025_x006144_y008192
Unknown_Sample,20251031_037_pol_pro_Vio_adu_2025_6_Colorado2025.czi,Vio_adu,596.02,6697.0,8574.0,32,31,105.01,0.96,20251031_037_pol_pro_Vio_adu_2025_6_Colorado2025_x006144_y008192
Unknown_Sample,20251031_037_pol_pro_Vio_adu_2025_6_Colorado2025.czi,Vio_adu,693.37,6721.0,8252.0,34,34,112.08,0.959,20251031_037_pol_pro_Vio_adu_2025_6_Colorado2025_x006144_y008192
Unknown_Sample,20251031_037_pol_pro_Vio_adu_2025_6_Colorado2025.czi,Vio_adu,699.91,6310.0,8347.0,33,35,113.84,0.959,20251031_037_pol_pro_Vio_adu_2025_6_Colorado2025_x006144_y008192
Unknown_Sample,20251031_037_pol_pro_Vio_adu_2025_6_Colorado2025.czi,Vio_adu,681.82,6431.0,8294.0,36,32,112.08,0.955,20251031_037_pol_pro_Vio_adu_2025_6_Colorado2025_x006144_y008192
Unknown_Sample,20251031_037_pol_pro_Vio_adu_2025_6_Colorado2025.czi,Vio_adu,596.02,6697.0,8574.0,32,31,105.01,0.959,20251031_037_pol_pro_Vio_adu_2025_6_Colorado2025_x006656_y008192
Unknown_Sample,20251031_037_pol_pro_Vio_adu_2025_6_Colorado2025.czi,Vio_adu,692.6,6721.0,8252.0,34,34,112.08,0.958,20251031_037_pol_pro_Vio_adu_2025_6_Colorado2025_x006656_y008192
Unknown_Sample,20251031_037_pol_pro_Vio_adu_2025_6_Colorado2025.czi,Vio_adu,777.63,6898.0,8307.0,35,36,118.67,0.958,20251031_037_pol_pro_Vio_adu_2025_6_Colorado2025_x006656_y008192
Unknown_Sample,20251031_037_pol_pro_Vio_adu_2025_6_Colorado2025.czi,Vio_adu,761.86,7032.0,8416.0,37,34,119.25,0.955,20251031_037_pol_pro_Vio_adu_2025_6_Colorado2025_x006656_y008192
Unknown_Sample,20251031_037_pol_pro_Vio_adu_2025_6_Colorado2025.czi,Vio_adu,587.94,7689.0,8755.0,30,31,102.77,0.956,20251031_037_pol_pro_Vio_adu_2025_6_Colorado2025_x007168_y008192
Unknown_Sample,20251031_037_pol_pro_Vio_adu_2025_6_Colorado2025.czi,Vio_adu,262.42,7389.0,8198.0,36,14,85.46,0.863,20251031_037_pol_pro_Vio_adu_2025_6_Colorado2025_x007168_y008192
Unknown_Sample,20251031_037_pol_pro_Vio_adu_2025_6_Colorado2025.czi,Vio_adu,483.28,7691.0,8755.0,24,31,96.63,0.96,20251031_037_pol_pro_Vio_adu_2025_6_Colorado2025_x007680_y008192
Unknown_Sample,20251031_037_pol_pro_Vio_adu_2025_6_Colorado2025.czi,Vio_adu,659.51,7917.0,8277.0,33,34,108.91,0.957,20251031_037_pol_pro_Vio_adu_2025_6_Colorado2025_x007680_y008192
Unknown_Sample,20251031_037_pol_pro_Vio_adu_2025_6_Colorado2025.czi,Vio_adu,426.33,8291.0,8202.0,32,22,93.46,0.955,20251031_037_pol_pro_Vio_adu_2025_6_Colorado2025_x007680_y008192
Unknown_Sample,20251031_037_pol_pro_Vio_adu_2025_6_Colorado2025.czi,Vio_adu,425.56,8291.0,8202.0,32,22,93.46,0.954,20251031_037_pol_pro_Vio_adu_2025_6_Colorado2025_x008192_y008192
Unknown_Sample,20251031_037_pol_pro_Vio_adu_2025_6_Colorado2025.czi,Vio_adu,716.45,8683.0,8433.0,30,40,116.08,0.715,20251031_037_pol_pro_Vio_adu_2025_6_Colorado2025_x008192_y008192
Unknown_Sample,20251031_037_pol_pro_Vio_adu_2025_6_Colorado2025.czi,Vio_adu,1020.43,9814.0,8231.0,44,39,136.23,0.955,20251031_037_pol_pro_Vio_adu_2025_6_Colorado2025_x009216_y008192
Unknown_Sample,20251031_037_pol_pro_Vio_adu_2025_6_Colorado2025.czi,Vio_adu,694.14,9705.0,8462.0,35,33,112.08,0.948,20251031_037_pol_pro_Vio_adu_2025_6_Colorado2025_x009216_y008192
Unknown_Sample,20251031_037_pol_pro_Vio_adu_2025_6_Colorado2025.czi,Vio_adu,1021.97,9814.0,8231.0,44,39,136.23,0.955,20251031_037_pol_pro_Vio_adu_2025_6_Colorado2025_x009728_y008192
Unknown_Sample,20251031_037_pol_pro_Vio_adu_2025_6_Colorado2025.czi,Vio_adu,378.62,11371.0,8217.0,25,25,83.11,0.891,20251031_037_pol_pro_Vio_adu_2025_6_Colorado2025_x010752_y008192
Unknown_Sample,20251031_037_pol_pro_Vio_adu_2025_6_Colorado2025.czi,Vio_adu,364.77,11371.0,8217.0,24,25,82.28,0.899,20251031_037_pol_pro_Vio_adu_2025_6_Colorado2025_x011264_y008192
Unknown_Sample,20251031_037_pol_pro_Vio_adu_2025_6_Colorado2025.czi,Vio_adu,584.09,503.0,9203.0,31,32,104.43,0.955,20251031_037_pol_pro_Vio_adu_2025_6_Colorado2025_x000000_y008704
Unknown_Sample,20251031_037_pol_pro_Vio_adu_2025_6_Colorado2025.czi,Vio_adu,657.58,880.0,8718.0,34,31,111.36,0.96,20251031_037_pol_pro_Vio_adu_2025_6_Colorado2025_x000512_y008704
Unknown_Sample,20251031_037_pol_pro_Vio_adu_2025_6_Colorado2025.czi,Vio_adu,873.06,870.0,8895.0,37,40,129.15,0.948,20251031_037_pol_pro_Vio_adu_2025_6_Colorado2025_x000512_y008704
Unknown_Sample,20251031_037_pol_pro_Vio_adu_2025_6_Colorado2025.czi,Vio_adu,332.45,1143.0,8971.0,18,32,86.63,0.91,20251031_037_pol_pro_Vio_adu_2025_6_Colorado2025_x000512_y008704
Unknown_Sample,20251031_037_pol_pro_Vio_adu_2025_6_Colorado2025.czi,Vio_adu,590.63,1149.0,8971.0,32,32,105.84,0.965,20251031_037_pol_pro_Vio_adu_2025_6_Colorado2025_x001024_y008704
Unknown_Sample,20251031_037_pol_pro_Vio_adu_2025_6_Colorado2025.czi,Vio_adu,246.64,1657.0,9219.0,13,32,79.56,0.891,20251031_037_pol_pro_Vio_adu_2025_6_Colorado2025_x001024_y008704
Unknown_Sample,20251031_037_pol_pro_Vio_adu_2025_6_Colorado2025.czi,Vio_adu,676.82,1666.0,9218.0,33,33,111.01,0.962,20251031_037_pol_pro_Vio_adu_2025_6_Colorado2025_x001536_y008704
Unknown_Sample,20251031_037_pol_pro_Vio_adu_2025_6_Colorado2025.czi,Vio_adu,719.15,1702.0,8804.0,37,33,115.5,0.961,20251031_037_pol_pro_Vio_adu_2025_6_Colorado2025_x001536_y008704
Unknown_Sample,20251031_037_pol_pro_Vio_adu_2025_6_Colorado2025.czi,Vio_adu,569.08,1778.0,8939.0,31,30,103.36,0.961,20251031_037_pol_pro_Vio_adu_2025_6_Colorado2025_x001536_y008704
Unknown_Sample,20251031_037_pol_pro_Vio_adu_2025_6_Colorado2025.czi,Vio_adu,802.64,2552.0,9018.0,36,37,120.91,0.962,20251031_037_pol_pro_Vio_adu_2025_6_Colorado2025_x002048_y008704
Unknown_Sample,20251031_037_pol_pro_Vio_adu_2025_6_Colorado2025.czi,Vio_adu,728.38,2633.0,9196.0,35,35,115.5,0.961,20251031_037_pol_pro_Vio_adu_2025_6_Colorado2025_x002048_y008704
Unknown_Sample,20251031_037_pol_pro_Vio_adu_2025_6_Colorado2025.czi,Vio_adu,729.92,2633.0,9196.0,35,35,115.5,0.961,20251031_037_pol_pro_Vio_adu_2025_6_Colorado2025_x002560_y008704
Unknown_Sample,20251031_037_pol_pro_Vio_adu_2025_6_Colorado2025.czi,Vio_adu,703.76,2932.0,9031.0,36,31,113.01,0.96,20251031_037_pol_pro_Vio_adu_2025_6_Colorado2025_x002560_y008704
Unknown_Sample,20251031_037_pol_pro_Vio_adu_2025_6_Colorado2025.czi,Vio_adu,710.3,2848.0,9313.0,36,32,114.43,0.96,20251031_037_pol_pro_Vio_adu_2025_6_Colorado2025_x002560_y008704
Unknown_Sample,20251031_037_pol_pro_Vio_adu_2025_6_Colorado2025.czi,Vio_adu,176.61,2565.0,9018.0,11,32,72.04,0.936,20251031_037_pol_pro_Vio_adu_2025_6_Colorado2025_x002560_y008704
Unknown_Sample,20251031_037_pol_pro_Vio_adu_2025_6_Colorado2025.czi,Vio_adu,326.68,2840.0,8711.0,35,17,91.21,0.928,20251031_037_pol_pro_Vio_adu_2025_6_Colorado2025_x002560_y008704
Unknown_Sample,20251031_037_pol_pro_Vio_adu_2025_6_Colorado2025.czi,Vio_adu,686.06,3530.0,8816.0,34,33,111.84,0.959,20251031_037_pol_pro_Vio_adu_2025_6_Colorado2025_x003072_y008704
Unknown_Sample,20251031_037_pol_pro_Vio_adu_2025_6_Colorado2025.czi,Vio_adu,672.59,4111.0,8964.0,32,34,111.6,0.956,20251031_037_pol_pro_Vio_adu_2025_6_Colorado2025_x003584_y008704
Unknown_Sample,20251031_037_pol_pro_Vio_adu_2025_6_Colorado2025.czi,Vio_adu,839.58,4029.0,8962.0,35,42,126.57,0.952,20251031_037_pol_pro_Vio_adu_2025_6_Colorado2025_x003584_y008704
Unknown_Sample,20251031_037_pol_pro_Vio_adu_2025_6_Colorado2025.czi,Vio_adu,416.71,3840.0,9334.0,35,19,95.21,0.92,20251031_037_pol_pro_Vio_adu_2025_6_Colorado2025_x003584_y008704
Unknown_Sample,20251031_037_pol_pro_Vio_adu_2025_6_Colorado2025.czi,Vio_adu,679.9,4111.0,8963.0,31,35,112.18,0.956,20251031_037_pol_pro_Vio_adu_2025_6_Colorado2025_x004096_y008704
Unknown_Sample,20251031_037_pol_pro_Vio_adu_2025_6_Colorado2025.czi,Vio_adu,453.65,4234.0,8714.0,35,22,98.87,0.955,20251031_037_pol_pro_Vio_adu_2025_6_Colorado2025_x004096_y008704
Unknown_Sample,20251031_037_pol_pro_Vio_adu_2025_6_Colorado2025.czi,Vio_adu,477.89,4317.0,9332.0,32,26,99.11,0.921,20251031_037_pol_pro_Vio_adu_2025_6_Colorado2025_x004096_y008704
Unknown_Sample,20251031_037_pol_pro_Vio_adu_2025_6_Colorado2025.czi,Vio_adu,794.95,5057.0,9181.0,36,35,119.25,0.962,20251031_037_pol_pro_Vio_adu_2025_6_Colorado2025_x004608_y008704
Unknown_Sample,20251031_037_pol_pro_Vio_adu_2025_6_Colorado2025.czi,Vio_adu,798.8,5226.0,9271.0,37,37,120.57,0.957,20251031_037_pol_pro_Vio_adu_2025_6_Colorado2025_x004608_y008704
Unknown_Sample,20251031_037_pol_pro_Vio_adu_2025_6_Colorado2025.czi,Vio_adu,794.18,5226.0,9271.0,36,37,119.74,0.961,20251031_037_pol_pro_Vio_adu_2025_6_Colorado2025_x005120_y008704
Unknown_Sample,20251031_037_pol_pro_Vio_adu_2025_6_Colorado2025.czi,Vio_adu,650.27,5468.0,9112.0,33,32,108.43,0.959,20251031_037_pol_pro_Vio_adu_2025_6_Colorado2025_x005120_y008704
Unknown_Sample,20251031_037_pol_pro_Vio_adu_2025_6_Colorado2025.czi,Vio_adu,707.22,5710.0,8855.0,35,33,113.25,0.955,20251031_037_pol_pro_Vio_adu_2025_6_Colorado2025_x005120_y008704
Unknown_Sample,20251031_037_pol_pro_Vio_adu_2025_6_Colorado2025.czi,Vio_adu,805.34,6018.0,9137.0,37,36,121.5,0.962,20251031_037_pol_pro_Vio_adu_2025_6_Colorado2025_x005632_y008704
Unknown_Sample,20251031_037_pol_pro_Vio_adu_2025_6_Colorado2025.czi,Vio_adu,621.8,6178.0,9306.0,31,33,106.43,0.959,20251031_037_pol_pro_Vio_adu_2025_6_Colorado2025_x005632_y008704
Unknown_Sample,20251031_037_pol_pro_Vio_adu_2025_6_Colorado2025.czi,Vio_adu,707.22,5710.0,8855.0,35,33,113.25,0.955,20251031_037_pol_pro_Vio_adu_2025_6_Colorado2025_x005632_y008704
Unknown_Sample,20251031_037_pol_pro_Vio_adu_2025_6_Colorado2025.czi,Vio_adu,266.65,6265.0,9269.0,13,35,84.38,0.886,20251031_037_pol_pro_Vio_adu_2025_6_Colorado2025_x005632_y008704
Unknown_Sample,20251031_037_pol_pro_Vio_adu_2025_6_Colorado2025.czi,Vio_adu,733.0,6340.0,9169.0,35,34,115.84,0.961,20251031_037_pol_pro_Vio_adu_2025_6_Colorado2025_x006144_y008704
Unknown_Sample,20251031_037_pol_pro_Vio_adu_2025_6_Colorado2025.czi,Vio_adu,1007.35,6382.0,8774.0,42,42,137.05,0.961,20251031_037_pol_pro_Vio_adu_2025_6_Colorado2025_x006144_y008704
Unknown_Sample,20251031_037_pol_pro_Vio_adu_2025_6_Colorado2025.czi,Vio_adu,622.57,6178.0,9306.0,31,33,106.43,0.959,20251031_037_pol_pro_Vio_adu_2025_6_Colorado2025_x006144_y008704
Unknown_Sample,20251031_037_pol_pro_Vio_adu_2025_6_Colorado2025.czi,Vio_adu,716.07,6274.0,9269.0,33,35,115.01,0.959,20251031_037_pol_pro_Vio_adu_2025_6_Colorado2025_x006144_y008704
Unknown_Sample,20251031_037_pol_pro_Vio_adu_2025_6_Colorado2025.czi,Vio_adu,837.27,6451.0,9005.0,39,37,124.57,0.953,20251031_037_pol_pro_Vio_adu_2025_6_Colorado2025_x006144_y008704
Unknown_Sample,20251031_037_pol_pro_Vio_adu_2025_6_Colorado2025.czi,Vio_adu,729.92,7232.0,8874.0,34,35,115.84,0.957,20251031_037_pol_pro_Vio_adu_2025_6_Colorado2025_x006656_y008704
Unknown_Sample,20251031_037_pol_pro_Vio_adu_2025_6_Colorado2025.czi,Vio_adu,730.31,7232.0,8874.0,34,35,116.43,0.957,20251031_037_pol_pro_Vio_adu_2025_6_Colorado2025_x007168_y008704
Unknown_Sample,20251031_037_pol_pro_Vio_adu_2025_6_Colorado2025.czi,Vio_adu,587.17,7689.0,8755.0,30,31,102.77,0.956,20251031_037_pol_pro_Vio_adu_2025_6_Colorado2025_x007168_y008704
Unknown_Sample,20251031_037_pol_pro_Vio_adu_2025_6_Colorado2025.czi,Vio_adu,483.28,7691.0,8755.0,24,31,96.63,0.96,20251031_037_pol_pro_Vio_adu_2025_6_Colorado2025_x007680_y008704
Unknown_Sample,20251031_037_pol_pro_Vio_adu_2025_6_Colorado2025.czi,Vio_adu,809.95,7946.0,9289.0,36,37,121.5,0.959,20251031_037_pol_pro_Vio_adu_2025_6_Colorado2025_x007680_y008704
Unknown_Sample,20251031_037_pol_pro_Vio_adu_2025_6_Colorado2025.czi,Vio_adu,698.37,8781.0,9075.0,34,34,113.84,0.952,20251031_037_pol_pro_Vio_adu_2025_6_Colorado2025_x008192_y008704
Unknown_Sample,20251031_037_pol_pro_Vio_adu_2025_6_Colorado2025.czi,Vio_adu,360.54,8823.0,8849.0,17,35,92.38,0.886,20251031_037_pol_pro_Vio_adu_2025_6_Colorado2025_x008192_y008704
Unknown_Sample,20251031_037_pol_pro_Vio_adu_2025_6_Colorado2025.czi,Vio_adu,728.77,8831.0,8849.0,34,34,115.6,0.955,20251031_037_pol_pro_Vio_adu_2025_6_Colorado2025_x008704_y008704
Unknown_Sample,20251031_037_pol_pro_Vio_adu_2025_6_Colorado2025.czi,Vio_adu,813.03,9084.0,9149.0,38,35,120.33,0.952,20251031_037_pol_pro_Vio_adu_2025_6_Colorado2025_x008704_y008704
Unknown_Sample,20251031_037_pol_pro_Vio_adu_2025_6_Colorado2025.czi,Vio_adu,697.6,8781.0,9075.0,34,34,113.84,0.952,20251031_037_pol_pro_Vio_adu_2025_6_Colorado2025_x008704_y008704
Unknown_Sample,20251031_037_pol_pro_Vio_adu_2025_6_Colorado2025.czi,Vio_adu,635.65,8995.0,8859.0,33,32,108.43,0.95,20251031_037_pol_pro_Vio_adu_2025_6_Colorado2025_x008704_y008704
Unknown_Sample,20251031_037_pol_pro_Vio_adu_2025_6_Colorado2025.czi,Vio_adu,701.45,9016.0,8910.0,34,33,113.01,0.946,20251031_037_pol_pro_Vio_adu_2025_6_Colorado2025_x008704_y008704
Unknown_Sample,20251031_037_pol_pro_Vio_adu_2025_6_Colorado2025.czi,Vio_adu,644.89,8915.0,8979.0,33,33,109.25,0.94,20251031_037_pol_pro_Vio_adu_2025_6_Colorado2025_x008704_y008704
Unknown_Sample,20251031_037_pol_pro_Vio_adu_2025_6_Colorado2025.czi,Vio_adu,778.4,8951.0,8974.0,40,34,121.15,0.934,20251031_037_pol_pro_Vio_adu_2025_6_Colorado2025_x008704_y008704
Unknown_Sample,20251031_037_pol_pro_Vio_adu_2025_6_Colorado2025.czi,Vio_adu,320.52,10360.0,9058.0,15,35,88.38,0.885,20251031_037_pol_pro_Vio_adu_2025_6_Colorado2025_x009728_y008704
Unknown_Sample,20251031_037_pol_pro_Vio_adu_2025_6_Colorado2025.czi,Vio_adu,710.3,10368.0,9058.0,33,34,113.6,0.95,20251031_037_pol_pro_Vio_adu_2025_6_Colorado2025_x010240_y008704
Unknown_Sample,20251031_037_pol_pro_Vio_adu_2025_6_Colorado2025.czi,Vio_adu,553.69,10451.0,9058.0,31,29,100.18,0.95,20251031_037_pol_pro_Vio_adu_2025_6_Colorado2025_x010240_y008704
Unknown_Sample,20251031_037_pol_pro_Vio_adu_2025_6_Colorado2025.czi,Vio_adu,636.04,1455.0,9523.0,31,35,107.5,0.957,20251031_037_pol_pro_Vio_adu_2025_6_Colorado2025_x001024_y009216
Unknown_Sample,20251031_037_pol_pro_Vio_adu_2025_6_Colorado2025.czi,Vio_adu,146.98,1657.0,9225.0,13,19,56.49,0.889,20251031_037_pol_pro_Vio_adu_2025_6_Colorado2025_x001024_y009216
Unknown_Sample,20251031_037_pol_pro_Vio_adu_2025_6_Colorado2025.czi,Vio_adu,383.24,1666.0,9225.0,33,20,91.46,0.957,20251031_037_pol_pro_Vio_adu_2025_6_Colorado2025_x001536_y009216
Unknown_Sample,20251031_037_pol_pro_Vio_adu_2025_6_Colorado2025.czi,Vio_adu,603.33,2441.0,9683.0,32,31,104.43,0.961,20251031_037_pol_pro_Vio_adu_2025_6_Colorado2025_x002048_y009216
Unknown_Sample,20251031_037_pol_pro_Vio_adu_2025_6_Colorado2025.czi,Vio_adu,669.13,2298.0,9629.0,34,33,110.67,0.957,20251031_037_pol_pro_Vio_adu_2025_6_Colorado2025_x002048_y009216
Unknown_Sample,20251031_037_pol_pro_Vio_adu_2025_6_Colorado2025.czi,Vio_adu,697.22,2941.0,9563.0,34,34,113.25,0.963,20251031_037_pol_pro_Vio_adu_2025_6_Colorado2025_x002560_y009216
Unknown_Sample,20251031_037_pol_pro_Vio_adu_2025_6_Colorado2025.czi,Vio_adu,711.07,2848.0,9313.0,36,32,114.43,0.961,20251031_037_pol_pro_Vio_adu_2025_6_Colorado2025_x002560_y009216
Unknown_Sample,20251031_037_pol_pro_Vio_adu_2025_6_Colorado2025.czi,Vio_adu,778.79,3145.0,9710.0,35,37,118.91,0.957,20251031_037_pol_pro_Vio_adu_2025_6_Colorado2025_x002560_y009216
Unknown_Sample,20251031_037_pol_pro_Vio_adu_2025_6_Colorado2025.czi,Vio_adu,716.84,2946.0,9838.0,33,34,116.53,0.952,20251031_037_pol_pro_Vio_adu_2025_6_Colorado2025_x002560_y009216
Unknown_Sample,20251031_037_pol_pro_Vio_adu_2025_6_Colorado2025.czi,Vio_adu,779.17,3145.0,9710.0,35,37,119.5,0.957,20251031_037_pol_pro_Vio_adu_2025_6_Colorado2025_x003072_y009216
Unknown_Sample,20251031_037_pol_pro_Vio_adu_2025_6_Colorado2025.czi,Vio_adu,674.9,3841.0,9340.0,34,33,111.25,0.963,20251031_037_pol_pro_Vio_adu_2025_6_Colorado2025_x003584_y009216
Unknown_Sample,20251031_037_pol_pro_Vio_adu_2025_6_Colorado2025.czi,Vio_adu,669.51,3796.0,9572.0,32,34,110.43,0.962,20251031_037_pol_pro_Vio_adu_2025_6_Colorado2025_x003584_y009216
Unknown_Sample,20251031_037_pol_pro_Vio_adu_2025_6_Colorado2025.czi,Vio_adu,863.82,3771.0,9832.0,39,37,126.33,0.961,20251031_037_pol_pro_Vio_adu_2025_6_Colorado2025_x003584_y009216
Unknown_Sample,20251031_037_pol_pro_Vio_adu_2025_6_Colorado2025.czi,Vio_adu,623.34,4062.0,9688.0,32,32,106.43,0.959,20251031_037_pol_pro_Vio_adu_2025_6_Colorado2025_x003584_y009216
Unknown_Sample,20251031_037_pol_pro_Vio_adu_2025_6_Colorado2025.czi,Vio_adu,774.17,4686.0,9775.0,35,36,119.25,0.961,20251031_037_pol_pro_Vio_adu_2025_6_Colorado2025_x004096_y009216
Unknown_Sample,20251031_037_pol_pro_Vio_adu_2025_6_Colorado2025.czi,Vio_adu,616.03,4618.0,9572.0,33,31,105.84,0.959,20251031_037_pol_pro_Vio_adu_2025_6_Colorado2025_x004096_y009216
Unknown_Sample,20251031_037_pol_pro_Vio_adu_2025_6_Colorado2025.czi,Vio_adu,688.37,4559.0,9591.0,34,34,112.67,0.958,20251031_037_pol_pro_Vio_adu_2025_6_Colorado2025_x004096_y009216
Unknown_Sample,20251031_037_pol_pro_Vio_adu_2025_6_Colorado2025.czi,Vio_adu,614.49,4310.0,9457.0,32,32,105.84,0.957,20251031_037_pol_pro_Vio_adu_2025_6_Colorado2025_x004096_y009216
Unknown_Sample,20251031_037_pol_pro_Vio_adu_2025_6_Colorado2025.czi,Vio_adu,802.64,4475.0,9600.0,37,36,119.74,0.956,20251031_037_pol_pro_Vio_adu_2025_6_Colorado2025_x004096_y009216
Unknown_Sample,20251031_037_pol_pro_Vio_adu_2025_6_Colorado2025.czi,Vio_adu,652.2,4317.0,9336.0,32,37,111.15,0.951,20251031_037_pol_pro_Vio_adu_2025_6_Colorado2025_x004096_y009216
Unknown_Sample,20251031_037_pol_pro_Vio_adu_2025_6_Colorado2025.czi,Vio_adu,525.61,4620.0,9572.0,27,31,100.28,0.962,20251031_037_pol_pro_Vio_adu_2025_6_Colorado2025_x004608_y009216
Unknown_Sample,20251031_037_pol_pro_Vio_adu_2025_6_Colorado2025.czi,Vio_adu,781.48,4827.0,9546.0,37,36,120.33,0.961,20251031_037_pol_pro_Vio_adu_2025_6_Colorado2025_x004608_y009216
Unknown_Sample,20251031_037_pol_pro_Vio_adu_2025_6_Colorado2025.czi,Vio_adu,774.17,4686.0,9775.0,35,36,119.25,0.961,20251031_037_pol_pro_Vio_adu_2025_6_Colorado2025_x004608_y009216
Unknown_Sample,20251031_037_pol_pro_Vio_adu_2025_6_Colorado2025.czi,Vio_adu,799.57,5226.0,9271.0,37,37,120.57,0.957,20251031_037_pol_pro_Vio_adu_2025_6_Colorado2025_x004608_y009216
Unknown_Sample,20251031_037_pol_pro_Vio_adu_2025_6_Colorado2025.czi,Vio_adu,552.92,5182.0,9395.0,31,31,101.5,0.925,20251031_037_pol_pro_Vio_adu_2025_6_Colorado2025_x004608_y009216
Unknown_Sample,20251031_037_pol_pro_Vio_adu_2025_6_Colorado2025.czi,Vio_adu,706.83,5161.0,9420.0,37,34,115.15,0.913,20251031_037_pol_pro_Vio_adu_2025_6_Colorado2025_x004608_y009216
Unknown_Sample,20251031_037_pol_pro_Vio_adu_2025_6_Colorado2025.czi,Vio_adu,716.07,5300.0,9359.0,34,35,113.5,0.962,20251031_037_pol_pro_Vio_adu_2025_6_Colorado2025_x005120_y009216
Unknown_Sample,20251031_037_pol_pro_Vio_adu_2025_6_Colorado2025.czi,Vio_adu,892.3,5271.0,9562.0,40,38,126.81,0.962,20251031_037_pol_pro_Vio_adu_2025_6_Colorado2025_x005120_y009216
Unknown_Sample,20251031_037_pol_pro_Vio_adu_2025_6_Colorado2025.czi,Vio_adu,794.18,5226.0,9271.0,36,37,119.74,0.961,20251031_037_pol_pro_Vio_adu_2025_6_Colorado2025_x005120_y009216
Unknown_Sample,20251031_037_pol_pro_Vio_adu_2025_6_Colorado2025.czi,Vio_adu,551.39,5182.0,9395.0,31,31,101.5,0.926,20251031_037_pol_pro_Vio_adu_2025_6_Colorado2025_x005120_y009216
Unknown_Sample,20251031_037_pol_pro_Vio_adu_2025_6_Colorado2025.czi,Vio_adu,705.68,5161.0,9420.0,37,34,114.57,0.912,20251031_037_pol_pro_Vio_adu_2025_6_Colorado2025_x005120_y009216
Unknown_Sample,20251031_037_pol_pro_Vio_adu_2025_6_Colorado2025.czi,Vio_adu,621.8,6178.0,9306.0,31,33,106.43,0.959,20251031_037_pol_pro_Vio_adu_2025_6_Colorado2025_x005632_y009216
Unknown_Sample,20251031_037_pol_pro_Vio_adu_2025_6_Colorado2025.czi,Vio_adu,634.88,5968.0,9813.0,33,32,108.43,0.956,20251031_037_pol_pro_Vio_adu_2025_6_Colorado2025_x005632_y009216
Unknown_Sample,20251031_037_pol_pro_Vio_adu_2025_6_Colorado2025.czi,Vio_adu,266.27,6265.0,9269.0,13,35,83.8,0.886,20251031_037_pol_pro_Vio_adu_2025_6_Colorado2025_x005632_y009216
Unknown_Sample,20251031_037_pol_pro_Vio_adu_2025_6_Colorado2025.czi,Vio_adu,216.24,6266.0,9645.0,12,32,76.97,0.877,20251031_037_pol_pro_Vio_adu_2025_6_Colorado2025_x005632_y009216
Unknown_Sample,20251031_037_pol_pro_Vio_adu_2025_6_Colorado2025.czi,Vio_adu,716.07,6274.0,9269.0,33,35,115.01,0.96,20251031_037_pol_pro_Vio_adu_2025_6_Colorado2025_x006144_y009216
Unknown_Sample,20251031_037_pol_pro_Vio_adu_2025_6_Colorado2025.czi,Vio_adu,622.95,6178.0,9306.0,31,33,107.01,0.96,20251031_037_pol_pro_Vio_adu_2025_6_Colorado2025_x006144_y009216
Unknown_Sample,20251031_037_pol_pro_Vio_adu_2025_6_Colorado2025.czi,Vio_adu,641.42,6275.0,9646.0,33,33,108.67,0.957,20251031_037_pol_pro_Vio_adu_2025_6_Colorado2025_x006144_y009216
Unknown_Sample,20251031_037_pol_pro_Vio_adu_2025_6_Colorado2025.czi,Vio_adu,300.13,6522.0,9848.0,33,15,83.8,0.898,20251031_037_pol_pro_Vio_adu_2025_6_Colorado2025_x006144_y009216
Unknown_Sample,20251031_037_pol_pro_Vio_adu_2025_6_Colorado2025.czi,Vio_adu,720.69,7058.0,9476.0,34,35,113.5,0.962,20251031_037_pol_pro_Vio_adu_2025_6_Colorado2025_x006656_y009216
Unknown_Sample,20251031_037_pol_pro_Vio_adu_2025_6_Colorado2025.czi,Vio_adu,784.94,6864.0,9587.0,37,35,120.08,0.961,20251031_037_pol_pro_Vio_adu_2025_6_Colorado2025_x006656_y009216
Unknown_Sample,20251031_037_pol_pro_Vio_adu_2025_6_Colorado2025.czi,Vio_adu,676.05,6845.0,9670.0,33,34,111.84,0.957,20251031_037_pol_pro_Vio_adu_2025_6_Colorado2025_x006656_y009216
Unknown_Sample,20251031_037_pol_pro_Vio_adu_2025_6_Colorado2025.czi,Vio_adu,910.0,7502.0,9688.0,40,38,127.98,0.961,20251031_037_pol_pro_Vio_adu_2025_6_Colorado2025_x007168_y009216
Unknown_Sample,20251031_037_pol_pro_Vio_adu_2025_6_Colorado2025.czi,Vio_adu,609.87,7404.0,9668.0,32,32,105.84,0.961,20251031_037_pol_pro_Vio_adu_2025_6_Colorado2025_x007168_y009216
Unknown_Sample,20251031_037_pol_pro_Vio_adu_2025_6_Colorado2025.czi,Vio_adu,809.95,7946.0,9289.0,36,37,121.5,0.96,20251031_037_pol_pro_Vio_adu_2025_6_Colorado2025_x007680_y009216
Unknown_Sample,20251031_037_pol_pro_Vio_adu_2025_6_Colorado2025.czi,Vio_adu,873.06,8256.0,9496.0,41,36,127.15,0.956,20251031_037_pol_pro_Vio_adu_2025_6_Colorado2025_x007680_y009216
Unknown_Sample,20251031_037_pol_pro_Vio_adu_2025_6_Colorado2025.czi,Vio_adu,872.67,8256.0,9496.0,41,36,126.57,0.956,20251031_037_pol_pro_Vio_adu_2025_6_Colorado2025_x008192_y009216
Unknown_Sample,20251031_037_pol_pro_Vio_adu_2025_6_Colorado2025.czi,Vio_adu,864.21,8786.0,9448.0,39,37,125.74,0.955,20251031_037_pol_pro_Vio_adu_2025_6_Colorado2025_x008192_y009216
Unknown_Sample,20251031_037_pol_pro_Vio_adu_2025_6_Colorado2025.czi,Vio_adu,773.79,9148.0,9441.0,36,36,119.5,0.958,20251031_037_pol_pro_Vio_adu_2025_6_Colorado2025_x008704_y009216
Unknown_Sample,20251031_037_pol_pro_Vio_adu_2025_6_Colorado2025.czi,Vio_adu,677.98,9015.0,9457.0,34,33,111.25,0.958,20251031_037_pol_pro_Vio_adu_2025_6_Colorado2025_x008704_y009216
Unknown_Sample,20251031_037_pol_pro_Vio_adu_2025_6_Colorado2025.czi,Vio_adu,864.98,8786.0,9448.0,39,37,125.74,0.955,20251031_037_pol_pro_Vio_adu_2025_6_Colorado2025_x008704_y009216
Unknown_Sample,20251031_037_pol_pro_Vio_adu_2025_6_Colorado2025.czi,Vio_adu,728.38,9374.0,9624.0,35,35,115.5,0.959,20251031_037_pol_pro_Vio_adu_2025_6_Colorado2025_x009216_y009216
Unknown_Sample,20251031_037_pol_pro_Vio_adu_2025_6_Colorado2025.czi,Vio_adu,758.39,9508.0,9600.0,35,36,117.5,0.958,20251031_037_pol_pro_Vio_adu_2025_6_Colorado2025_x009216_y009216
Unknown_Sample,20251031_037_pol_pro_Vio_adu_2025_6_Colorado2025.czi,Vio_adu,767.24,10056.0,9797.0,36,35,119.25,0.95,20251031_037_pol_pro_Vio_adu_2025_6_Colorado2025_x009728_y009216
Unknown_Sample,20251031_037_pol_pro_Vio_adu_2025_6_Colorado2025.czi,Vio_adu,738.77,10673.0,9640.0,35,35,114.91,0.953,20251031_037_pol_pro_Vio_adu_2025_6_Colorado2025_x010240_y009216
Unknown_Sample,20251031_037_pol_pro_Vio_adu_2025_6_Colorado2025.czi,Vio_adu,482.89,10775.0,9384.0,29,28,94.18,0.94,20251031_037_pol_pro_Vio_adu_2025_6_Colorado2025_x010240_y009216
Unknown_Sample,20251031_037_pol_pro_Vio_adu_2025_6_Colorado2025.czi,Vio_adu,579.86,11110.0,9819.0,31,30,103.36,0.939,20251031_037_pol_pro_Vio_adu_2025_6_Colorado2025_x010752_y009216
Unknown_Sample,20251031_037_pol_pro_Vio_adu_2025_6_Colorado2025.czi,Vio_adu,472.89,10776.0,9384.0,28,28,93.36,0.936,20251031_037_pol_pro_Vio_adu_2025_6_Colorado2025_x010752_y009216
Unknown_Sample,20251031_037_pol_pro_Vio_adu_2025_6_Colorado2025.czi,Vio_adu,795.33,534.0,10334.0,37,37,119.98,0.964,20251031_037_pol_pro_Vio_adu_2025_6_Colorado2025_x000000_y009728
Unknown_Sample,20251031_037_pol_pro_Vio_adu_2025_6_Colorado2025.czi,Vio_adu,597.17,500.0,10260.0,32,31,104.43,0.958,20251031_037_pol_pro_Vio_adu_2025_6_Colorado2025_x000000_y009728
Unknown_Sample,20251031_037_pol_pro_Vio_adu_2025_6_Colorado2025.czi,Vio_adu,516.76,519.0,9918.0,30,29,97.01,0.947,20251031_037_pol_pro_Vio_adu_2025_6_Colorado2025_x000000_y009728
Unknown_Sample,20251031_037_pol_pro_Vio_adu_2025_6_Colorado2025.czi,Vio_adu,798.03,534.0,10334.0,37,37,120.57,0.964,20251031_037_pol_pro_Vio_adu_2025_6_Colorado2025_x000512_y009728
Unknown_Sample,20251031_037_pol_pro_Vio_adu_2025_6_Colorado2025.czi,Vio_adu,406.71,522.0,9918.0,23,29,90.04,0.957,20251031_037_pol_pro_Vio_adu_2025_6_Colorado2025_x000512_y009728
Unknown_Sample,20251031_037_pol_pro_Vio_adu_2025_6_Colorado2025.czi,Vio_adu,549.46,1558.0,9911.0,30,30,100.77,0.956,20251031_037_pol_pro_Vio_adu_2025_6_Colorado2025_x001024_y009728
Unknown_Sample,20251031_037_pol_pro_Vio_adu_2025_6_Colorado2025.czi,Vio_adu,549.46,1558.0,9911.0,30,30,100.77,0.956,20251031_037_pol_pro_Vio_adu_2025_6_Colorado2025_x001536_y009728
Unknown_Sample,20251031_037_pol_pro_Vio_adu_2025_6_Colorado2025.czi,Vio_adu,646.81,2407.0,10201.0,34,31,109.01,0.962,20251031_037_pol_pro_Vio_adu_2025_6_Colorado2025_x002048_y009728
Unknown_Sample,20251031_037_pol_pro_Vio_adu_2025_6_Colorado2025.czi,Vio_adu,742.23,2946.0,9839.0,33,37,116.67,0.96,20251031_037_pol_pro_Vio_adu_2025_6_Colorado2025_x002560_y009728
Unknown_Sample,20251031_037_pol_pro_Vio_adu_2025_6_Colorado2025.czi,Vio_adu,599.87,2846.0,9962.0,32,32,104.67,0.956,20251031_037_pol_pro_Vio_adu_2025_6_Colorado2025_x002560_y009728
Unknown_Sample,20251031_037_pol_pro_Vio_adu_2025_6_Colorado2025.czi,Vio_adu,740.7,3661.0,10247.0,35,35,115.5,0.963,20251031_037_pol_pro_Vio_adu_2025_6_Colorado2025_x003072_y009728
Unknown_Sample,20251031_037_pol_pro_Vio_adu_2025_6_Colorado2025.czi,Vio_adu,844.97,3470.0,10235.0,37,38,124.91,0.963,20251031_037_pol_pro_Vio_adu_2025_6_Colorado2025_x003072_y009728
Unknown_Sample,20251031_037_pol_pro_Vio_adu_2025_6_Colorado2025.czi,Vio_adu,799.57,3638.0,10191.0,37,36,123.25,0.962,20251031_037_pol_pro_Vio_adu_2025_6_Colorado2025_x003072_y009728
Unknown_Sample,20251031_037_pol_pro_Vio_adu_2025_6_Colorado2025.czi,Vio_adu,740.7,3661.0,10247.0,35,35,115.5,0.963,20251031_037_pol_pro_Vio_adu_2025_6_Colorado2025_x003584_y009728
Unknown_Sample,20251031_037_pol_pro_Vio_adu_2025_6_Colorado2025.czi,Vio_adu,864.21,3771.0,9832.0,39,37,125.74,0.963,20251031_037_pol_pro_Vio_adu_2025_6_Colorado2025_x003584_y009728
Unknown_Sample,20251031_037_pol_pro_Vio_adu_2025_6_Colorado2025.czi,Vio_adu,799.57,3638.0,10191.0,37,36,123.25,0.962,20251031_037_pol_pro_Vio_adu_2025_6_Colorado2025_x003584_y009728
Unknown_Sample,20251031_037_pol_pro_Vio_adu_2025_6_Colorado2025.czi,Vio_adu,655.66,4120.0,9946.0,32,34,109.25,0.958,20251031_037_pol_pro_Vio_adu_2025_6_Colorado2025_x003584_y009728
Unknown_Sample,20251031_037_pol_pro_Vio_adu_2025_6_Colorado2025.czi,Vio_adu,737.23,3825.0,10225.0,38,33,115.74,0.957,20251031_037_pol_pro_Vio_adu_2025_6_Colorado2025_x003584_y009728
Unknown_Sample,20251031_037_pol_pro_Vio_adu_2025_6_Colorado2025.czi,Vio_adu,774.17,4686.0,9775.0,35,36,119.25,0.96,20251031_037_pol_pro_Vio_adu_2025_6_Colorado2025_x004096_y009728
Unknown_Sample,20251031_037_pol_pro_Vio_adu_2025_6_Colorado2025.czi,Vio_adu,772.25,4618.0,10338.0,36,37,119.15,0.959,20251031_037_pol_pro_Vio_adu_2025_6_Colorado2025_x004096_y009728
Unknown_Sample,20251031_037_pol_pro_Vio_adu_2025_6_Colorado2025.czi,Vio_adu,629.49,4400.0,9995.0,32,33,107.25,0.959,20251031_037_pol_pro_Vio_adu_2025_6_Colorado2025_x004096_y009728
Unknown_Sample,20251031_037_pol_pro_Vio_adu_2025_6_Colorado2025.czi,Vio_adu,657.58,4120.0,9946.0,32,34,108.67,0.958,20251031_037_pol_pro_Vio_adu_2025_6_Colorado2025_x004096_y009728
Unknown_Sample,20251031_037_pol_pro_Vio_adu_2025_6_Colorado2025.czi,Vio_adu,218.94,4730.0,9866.0,12,32,76.38,0.878,20251031_037_pol_pro_Vio_adu_2025_6_Colorado2025_x004096_y009728
Unknown_Sample,20251031_037_pol_pro_Vio_adu_2025_6_Colorado2025.czi,Vio_adu,813.03,4775.0,10191.0,37,36,121.5,0.966,20251031_037_pol_pro_Vio_adu_2025_6_Colorado2025_x004608_y009728
Unknown_Sample,20251031_037_pol_pro_Vio_adu_2025_6_Colorado2025.czi,Vio_adu,638.34,4621.0,10338.0,29,37,113.36,0.963,20251031_037_pol_pro_Vio_adu_2025_6_Colorado2025_x004608_y009728
Unknown_Sample,20251031_037_pol_pro_Vio_adu_2025_6_Colorado2025.czi,Vio_adu,696.83,5104.0,10322.0,34,33,111.84,0.962,20251031_037_pol_pro_Vio_adu_2025_6_Colorado2025_x004608_y009728
Unknown_Sample,20251031_037_pol_pro_Vio_adu_2025_6_Colorado2025.czi,Vio_adu,772.63,4686.0,9775.0,35,36,119.25,0.961,20251031_037_pol_pro_Vio_adu_2025_6_Colorado2025_x004608_y009728
Unknown_Sample,20251031_037_pol_pro_Vio_adu_2025_6_Colorado2025.czi,Vio_adu,639.5,4739.0,9866.0,32,33,108.43,0.959,20251031_037_pol_pro_Vio_adu_2025_6_Colorado2025_x004608_y009728
Unknown_Sample,20251031_037_pol_pro_Vio_adu_2025_6_Colorado2025.czi,Vio_adu,873.83,5611.0,9870.0,39,38,125.98,0.954,20251031_037_pol_pro_Vio_adu_2025_6_Colorado2025_x005120_y009728
Unknown_Sample,20251031_037_pol_pro_Vio_adu_2025_6_Colorado2025.czi,Vio_adu,661.43,6167.0,9960.0,34,34,110.33,0.958,20251031_037_pol_pro_Vio_adu_2025_6_Colorado2025_x005632_y009728
Unknown_Sample,20251031_037_pol_pro_Vio_adu_2025_6_Colorado2025.czi,Vio_adu,634.88,5968.0,9813.0,33,32,108.43,0.957,20251031_037_pol_pro_Vio_adu_2025_6_Colorado2025_x005632_y009728
Unknown_Sample,20251031_037_pol_pro_Vio_adu_2025_6_Colorado2025.czi,Vio_adu,754.55,6342.0,10296.0,34,37,118.67,0.961,20251031_037_pol_pro_Vio_adu_2025_6_Colorado2025_x006144_y009728
Unknown_Sample,20251031_037_pol_pro_Vio_adu_2025_6_Colorado2025.czi,Vio_adu,647.19,6522.0,9855.0,33,32,108.43,0.959,20251031_037_pol_pro_Vio_adu_2025_6_Colorado2025_x006144_y009728
Unknown_Sample,20251031_037_pol_pro_Vio_adu_2025_6_Colorado2025.czi,Vio_adu,662.97,6167.0,9960.0,34,34,110.33,0.958,20251031_037_pol_pro_Vio_adu_2025_6_Colorado2025_x006144_y009728
Unknown_Sample,20251031_037_pol_pro_Vio_adu_2025_6_Colorado2025.czi,Vio_adu,766.09,6626.0,9894.0,36,36,118.33,0.957,20251031_037_pol_pro_Vio_adu_2025_6_Colorado2025_x006144_y009728
Unknown_Sample,20251031_037_pol_pro_Vio_adu_2025_6_Colorado2025.czi,Vio_adu,746.08,6524.0,9987.0,34,36,116.67,0.956,20251031_037_pol_pro_Vio_adu_2025_6_Colorado2025_x006144_y009728
Unknown_Sample,20251031_037_pol_pro_Vio_adu_2025_6_Colorado2025.czi,Vio_adu,378.24,7232.0,10358.0,32,19,89.21,0.914,20251031_037_pol_pro_Vio_adu_2025_6_Colorado2025_x006656_y009728
Unknown_Sample,20251031_037_pol_pro_Vio_adu_2025_6_Colorado2025.czi,Vio_adu,687.21,7334.0,9938.0,34,33,112.43,0.959,20251031_037_pol_pro_Vio_adu_2025_6_Colorado2025_x007168_y009728
Unknown_Sample,20251031_037_pol_pro_Vio_adu_2025_6_Colorado2025.czi,Vio_adu,610.64,7470.0,10048.0,34,30,105.84,0.955,20251031_037_pol_pro_Vio_adu_2025_6_Colorado2025_x007168_y009728
Unknown_Sample,20251031_037_pol_pro_Vio_adu_2025_6_Colorado2025.czi,Vio_adu,378.24,7232.0,10358.0,32,19,89.21,0.915,20251031_037_pol_pro_Vio_adu_2025_6_Colorado2025_x007168_y009728
Unknown_Sample,20251031_037_pol_pro_Vio_adu_2025_6_Colorado2025.czi,Vio_adu,682.59,8439.0,10289.0,33,34,112.43,0.959,20251031_037_pol_pro_Vio_adu_2025_6_Colorado2025_x008192_y009728
Unknown_Sample,20251031_037_pol_pro_Vio_adu_2025_6_Colorado2025.czi,Vio_adu,810.34,8697.0,10209.0,35,38,122.08,0.955,20251031_037_pol_pro_Vio_adu_2025_6_Colorado2025_x008192_y009728
Unknown_Sample,20251031_037_pol_pro_Vio_adu_2025_6_Colorado2025.czi,Vio_adu,853.82,9217.0,10310.0,37,37,124.67,0.958,20251031_037_pol_pro_Vio_adu_2025_6_Colorado2025_x008704_y009728
Unknown_Sample,20251031_037_pol_pro_Vio_adu_2025_6_Colorado2025.czi,Vio_adu,720.3,9156.0,10326.0,35,35,114.91,0.955,20251031_037_pol_pro_Vio_adu_2025_6_Colorado2025_x008704_y009728
Unknown_Sample,20251031_037_pol_pro_Vio_adu_2025_6_Colorado2025.czi,Vio_adu,190.85,8709.0,10209.0,11,33,75.8,0.92,20251031_037_pol_pro_Vio_adu_2025_6_Colorado2025_x008704_y009728
Unknown_Sample,20251031_037_pol_pro_Vio_adu_2025_6_Colorado2025.czi,Vio_adu,435.18,9225.0,10310.0,19,37,98.04,0.958,20251031_037_pol_pro_Vio_adu_2025_6_Colorado2025_x009216_y009728
Unknown_Sample,20251031_037_pol_pro_Vio_adu_2025_6_Colorado2025.czi,Vio_adu,664.51,9918.0,9933.0,34,32,109.84,0.954,20251031_037_pol_pro_Vio_adu_2025_6_Colorado2025_x009728_y009728
Unknown_Sample,20251031_037_pol_pro_Vio_adu_2025_6_Colorado2025.czi,Vio_adu,767.24,10056.0,9797.0,36,35,119.25,0.95,20251031_037_pol_pro_Vio_adu_2025_6_Colorado2025_x009728_y009728
Unknown_Sample,20251031_037_pol_pro_Vio_adu_2025_6_Colorado2025.czi,Vio_adu,817.27,10479.0,10344.0,36,37,122.08,0.958,20251031_037_pol_pro_Vio_adu_2025_6_Colorado2025_x010240_y009728
Unknown_Sample,20251031_037_pol_pro_Vio_adu_2025_6_Colorado2025.czi,Vio_adu,841.51,10717.0,10266.0,39,36,125.5,0.955,20251031_037_pol_pro_Vio_adu_2025_6_Colorado2025_x010240_y009728
Unknown_Sample,20251031_037_pol_pro_Vio_adu_2025_6_Colorado2025.czi,Vio_adu,580.63,11110.0,9819.0,31,30,103.36,0.94,20251031_037_pol_pro_Vio_adu_2025_6_Colorado2025_x010752_y009728
Unknown_Sample,20251031_037_pol_pro_Vio_adu_2025_6_Colorado2025.czi,Vio_adu,531.38,11377.0,10329.0,28,30,100.87,0.924,20251031_037_pol_pro_Vio_adu_2025_6_Colorado2025_x010752_y009728
Unknown_Sample,20251031_037_pol_pro_Vio_adu_2025_6_Colorado2025.czi,Vio_adu,558.7,11377.0,10329.0,31,30,101.6,0.938,20251031_037_pol_pro_Vio_adu_2025_6_Colorado2025_x011264_y009728
Unknown_Sample,20251031_037_pol_pro_Vio_adu_2025_6_Colorado2025.czi,Vio_adu,795.33,534.0,10334.0,37,37,119.98,0.963,20251031_037_pol_pro_Vio_adu_2025_6_Colorado2025_x000000_y010240
Unknown_Sample,20251031_037_pol_pro_Vio_adu_2025_6_Colorado2025.czi,Vio_adu,742.23,603.0,10736.0,35,36,117.5,0.957,20251031_037_pol_pro_Vio_adu_2025_6_Colorado2025_x000000_y010240
Unknown_Sample,20251031_037_pol_pro_Vio_adu_2025_6_Colorado2025.czi,Vio_adu,592.94,500.0,10260.0,32,31,105.01,0.956,20251031_037_pol_pro_Vio_adu_2025_6_Colorado2025_x000000_y010240
Unknown_Sample,20251031_037_pol_pro_Vio_adu_2025_6_Colorado2025.czi,Vio_adu,795.72,534.0,10334.0,37,37,120.57,0.964,20251031_037_pol_pro_Vio_adu_2025_6_Colorado2025_x000512_y010240
Unknown_Sample,20251031_037_pol_pro_Vio_adu_2025_6_Colorado2025.czi,Vio_adu,707.99,670.0,10510.0,35,33,113.25,0.961,20251031_037_pol_pro_Vio_adu_2025_6_Colorado2025_x000512_y010240
Unknown_Sample,20251031_037_pol_pro_Vio_adu_2025_6_Colorado2025.czi,Vio_adu,744.16,603.0,10736.0,35,36,116.91,0.959,20251031_037_pol_pro_Vio_adu_2025_6_Colorado2025_x000512_y010240
Unknown_Sample,20251031_037_pol_pro_Vio_adu_2025_6_Colorado2025.czi,Vio_adu,709.53,899.0,10382.0,36,34,113.74,0.958,20251031_037_pol_pro_Vio_adu_2025_6_Colorado2025_x000512_y010240
Unknown_Sample,20251031_037_pol_pro_Vio_adu_2025_6_Colorado2025.czi,Vio_adu,650.66,1128.0,10527.0,32,34,108.67,0.953,20251031_037_pol_pro_Vio_adu_2025_6_Colorado2025_x000512_y010240
Unknown_Sample,20251031_037_pol_pro_Vio_adu_2025_6_Colorado2025.czi,Vio_adu,739.16,1179.0,10753.0,34,36,115.5,0.962,20251031_037_pol_pro_Vio_adu_2025_6_Colorado2025_x001024_y010240
Unknown_Sample,20251031_037_pol_pro_Vio_adu_2025_6_Colorado2025.czi,Vio_adu,756.47,1258.0,10586.0,38,34,117.74,0.96,20251031_037_pol_pro_Vio_adu_2025_6_Colorado2025_x001024_y010240
Unknown_Sample,20251031_037_pol_pro_Vio_adu_2025_6_Colorado2025.czi,Vio_adu,647.58,1127.0,10527.0,31,34,107.84,0.954,20251031_037_pol_pro_Vio_adu_2025_6_Colorado2025_x001024_y010240
Unknown_Sample,20251031_037_pol_pro_Vio_adu_2025_6_Colorado2025.czi,Vio_adu,669.51,2064.0,10715.0,32,35,111.25,0.958,20251031_037_pol_pro_Vio_adu_2025_6_Colorado2025_x001536_y010240
Unknown_Sample,20251031_037_pol_pro_Vio_adu_2025_6_Colorado2025.czi,Vio_adu,673.36,2064.0,10715.0,32,35,112.43,0.955,20251031_037_pol_pro_Vio_adu_2025_6_Colorado2025_x002048_y010240
Unknown_Sample,20251031_037_pol_pro_Vio_adu_2025_6_Colorado2025.czi,Vio_adu,786.48,3013.0,10859.0,36,37,120.91,0.953,20251031_037_pol_pro_Vio_adu_2025_6_Colorado2025_x002560_y010240
Unknown_Sample,20251031_037_pol_pro_Vio_adu_2025_6_Colorado2025.czi,Vio_adu,546.38,3661.0,10251.0,35,25,104.28,0.962,20251031_037_pol_pro_Vio_adu_2025_6_Colorado2025_x003072_y010240
Unknown_Sample,20251031_037_pol_pro_Vio_adu_2025_6_Colorado2025.czi,Vio_adu,641.04,3474.0,10810.0,33,32,108.43,0.959,20251031_037_pol_pro_Vio_adu_2025_6_Colorado2025_x003072_y010240
Unknown_Sample,20251031_037_pol_pro_Vio_adu_2025_6_Colorado2025.czi,Vio_adu,614.49,3607.0,10855.0,32,31,103.84,0.959,20251031_037_pol_pro_Vio_adu_2025_6_Colorado2025_x003072_y010240
Unknown_Sample,20251031_037_pol_pro_Vio_adu_2025_6_Colorado2025.czi,Vio_adu,278.58,3471.0,10246.0,37,15,88.28,0.94,20251031_037_pol_pro_Vio_adu_2025_6_Colorado2025_x003072_y010240
Unknown_Sample,20251031_037_pol_pro_Vio_adu_2025_6_Colorado2025.czi,Vio_adu,647.58,3820.0,10652.0,31,35,108.67,0.966,20251031_037_pol_pro_Vio_adu_2025_6_Colorado2025_x003584_y010240
Unknown_Sample,20251031_037_pol_pro_Vio_adu_2025_6_Colorado2025.czi,Vio_adu,546.38,3661.0,10251.0,35,25,104.28,0.962,20251031_037_pol_pro_Vio_adu_2025_6_Colorado2025_x003584_y010240
Unknown_Sample,20251031_037_pol_pro_Vio_adu_2025_6_Colorado2025.czi,Vio_adu,655.66,3775.0,10617.0,34,33,111.25,0.961,20251031_037_pol_pro_Vio_adu_2025_6_Colorado2025_x003584_y010240
Unknown_Sample,20251031_037_pol_pro_Vio_adu_2025_6_Colorado2025.czi,Vio_adu,645.27,3938.0,10756.0,33,33,108.67,0.961,20251031_037_pol_pro_Vio_adu_2025_6_Colorado2025_x003584_y010240
Unknown_Sample,20251031_037_pol_pro_Vio_adu_2025_6_Colorado2025.czi,Vio_adu,614.87,3607.0,10855.0,32,31,104.43,0.96,20251031_037_pol_pro_Vio_adu_2025_6_Colorado2025_x003584_y010240
Unknown_Sample,20251031_037_pol_pro_Vio_adu_2025_6_Colorado2025.czi,Vio_adu,771.48,4618.0,10338.0,36,37,119.15,0.96,20251031_037_pol_pro_Vio_adu_2025_6_Colorado2025_x004096_y010240
Unknown_Sample,20251031_037_pol_pro_Vio_adu_2025_6_Colorado2025.czi,Vio_adu,700.29,4721.0,10755.0,30,37,115.94,0.951,20251031_037_pol_pro_Vio_adu_2025_6_Colorado2025_x004096_y010240
Unknown_Sample,20251031_037_pol_pro_Vio_adu_2025_6_Colorado2025.czi,Vio_adu,812.26,5102.0,10607.0,36,38,122.33,0.965,20251031_037_pol_pro_Vio_adu_2025_6_Colorado2025_x004608_y010240
Unknown_Sample,20251031_037_pol_pro_Vio_adu_2025_6_Colorado2025.czi,Vio_adu,636.42,4621.0,10338.0,29,37,112.77,0.964,20251031_037_pol_pro_Vio_adu_2025_6_Colorado2025_x004608_y010240
Unknown_Sample,20251031_037_pol_pro_Vio_adu_2025_6_Colorado2025.czi,Vio_adu,769.94,4722.0,10755.0,35,37,119.5,0.964,20251031_037_pol_pro_Vio_adu_2025_6_Colorado2025_x004608_y010240
Unknown_Sample,20251031_037_pol_pro_Vio_adu_2025_6_Colorado2025.czi,Vio_adu,696.06,5104.0,10322.0,34,33,111.84,0.962,20251031_037_pol_pro_Vio_adu_2025_6_Colorado2025_x004608_y010240
Unknown_Sample,20251031_037_pol_pro_Vio_adu_2025_6_Colorado2025.czi,Vio_adu,836.5,5075.0,10731.0,36,38,124.08,0.962,20251031_037_pol_pro_Vio_adu_2025_6_Colorado2025_x004608_y010240
Unknown_Sample,20251031_037_pol_pro_Vio_adu_2025_6_Colorado2025.czi,Vio_adu,561.77,5050.0,10417.0,31,30,102.77,0.961,20251031_037_pol_pro_Vio_adu_2025_6_Colorado2025_x004608_y010240
Unknown_Sample,20251031_037_pol_pro_Vio_adu_2025_6_Colorado2025.czi,Vio_adu,711.07,4764.0,10454.0,35,33,113.25,0.96,20251031_037_pol_pro_Vio_adu_2025_6_Colorado2025_x004608_y010240
Unknown_Sample,20251031_037_pol_pro_Vio_adu_2025_6_Colorado2025.czi,Vio_adu,785.33,5285.0,10433.0,36,37,120.33,0.963,20251031_037_pol_pro_Vio_adu_2025_6_Colorado2025_x005120_y010240
Unknown_Sample,20251031_037_pol_pro_Vio_adu_2025_6_Colorado2025.czi,Vio_adu,751.47,5354.0,10774.0,36,35,116.33,0.961,20251031_037_pol_pro_Vio_adu_2025_6_Colorado2025_x005120_y010240
Unknown_Sample,20251031_037_pol_pro_Vio_adu_2025_6_Colorado2025.czi,Vio_adu,769.94,5593.0,10638.0,36,37,117.98,0.954,20251031_037_pol_pro_Vio_adu_2025_6_Colorado2025_x005120_y010240
Unknown_Sample,20251031_037_pol_pro_Vio_adu_2025_6_Colorado2025.czi,Vio_adu,651.04,6088.0,10824.0,34,33,108.91,0.958,20251031_037_pol_pro_Vio_adu_2025_6_Colorado2025_x005632_y010240
Unknown_Sample,20251031_037_pol_pro_Vio_adu_2025_6_Colorado2025.czi,Vio_adu,613.72,6701.0,10428.0,31,33,107.01,0.962,20251031_037_pol_pro_Vio_adu_2025_6_Colorado2025_x006144_y010240
Unknown_Sample,20251031_037_pol_pro_Vio_adu_2025_6_Colorado2025.czi,Vio_adu,754.16,6342.0,10296.0,34,37,118.08,0.961,20251031_037_pol_pro_Vio_adu_2025_6_Colorado2025_x006144_y010240
Unknown_Sample,20251031_037_pol_pro_Vio_adu_2025_6_Colorado2025.czi,Vio_adu,613.72,6701.0,10428.0,31,33,107.01,0.962,20251031_037_pol_pro_Vio_adu_2025_6_Colorado2025_x006656_y010240
Unknown_Sample,20251031_037_pol_pro_Vio_adu_2025_6_Colorado2025.czi,Vio_adu,709.14,7233.0,10365.0,33,35,112.67,0.959,20251031_037_pol_pro_Vio_adu_2025_6_Colorado2025_x006656_y010240
Unknown_Sample,20251031_037_pol_pro_Vio_adu_2025_6_Colorado2025.czi,Vio_adu,746.47,7689.0,10596.0,34,36,117.25,0.962,20251031_037_pol_pro_Vio_adu_2025_6_Colorado2025_x007168_y010240
Unknown_Sample,20251031_037_pol_pro_Vio_adu_2025_6_Colorado2025.czi,Vio_adu,709.14,7233.0,10365.0,33,35,112.67,0.959,20251031_037_pol_pro_Vio_adu_2025_6_Colorado2025_x007168_y010240
Unknown_Sample,20251031_037_pol_pro_Vio_adu_2025_6_Colorado2025.czi,Vio_adu,591.79,7692.0,10597.0,26,36,108.28,0.962,20251031_037_pol_pro_Vio_adu_2025_6_Colorado2025_x007680_y010240
Unknown_Sample,20251031_037_pol_pro_Vio_adu_2025_6_Colorado2025.czi,Vio_adu,755.7,8237.0,10727.0,38,33,116.91,0.956,20251031_037_pol_pro_Vio_adu_2025_6_Colorado2025_x007680_y010240
Unknown_Sample,20251031_037_pol_pro_Vio_adu_2025_6_Colorado2025.czi,Vio_adu,681.44,8439.0,10289.0,33,34,111.84,0.959,20251031_037_pol_pro_Vio_adu_2025_6_Colorado2025_x008192_y010240
Unknown_Sample,20251031_037_pol_pro_Vio_adu_2025_6_Colorado2025.czi,Vio_adu,755.7,8237.0,10727.0,38,33,116.91,0.956,20251031_037_pol_pro_Vio_adu_2025_6_Colorado2025_x008192_y010240
Unknown_Sample,20251031_037_pol_pro_Vio_adu_2025_6_Colorado2025.czi,Vio_adu,853.43,9217.0,10310.0,37,37,124.08,0.958,20251031_037_pol_pro_Vio_adu_2025_6_Colorado2025_x008704_y010240
Unknown_Sample,20251031_037_pol_pro_Vio_adu_2025_6_Colorado2025.czi,Vio_adu,720.3,9156.0,10326.0,35,35,114.91,0.956,20251031_037_pol_pro_Vio_adu_2025_6_Colorado2025_x008704_y010240
Unknown_Sample,20251031_037_pol_pro_Vio_adu_2025_6_Colorado2025.czi,Vio_adu,435.18,9225.0,10310.0,19,37,98.04,0.958,20251031_037_pol_pro_Vio_adu_2025_6_Colorado2025_x009216_y010240
Unknown_Sample,20251031_037_pol_pro_Vio_adu_2025_6_Colorado2025.czi,Vio_adu,611.03,9697.0,10856.0,32,32,105.25,0.951,20251031_037_pol_pro_Vio_adu_2025_6_Colorado2025_x009216_y010240
Unknown_Sample,20251031_037_pol_pro_Vio_adu_2025_6_Colorado2025.czi,Vio_adu,716.45,10011.0,10783.0,35,34,112.91,0.952,20251031_037_pol_pro_Vio_adu_2025_6_Colorado2025_x009728_y010240
Unknown_Sample,20251031_037_pol_pro_Vio_adu_2025_6_Colorado2025.czi,Vio_adu,815.34,10479.0,10344.0,36,37,121.5,0.961,20251031_037_pol_pro_Vio_adu_2025_6_Colorado2025_x010240_y010240
Unknown_Sample,20251031_037_pol_pro_Vio_adu_2025_6_Colorado2025.czi,Vio_adu,840.74,10717.0,10266.0,39,36,125.5,0.955,20251031_037_pol_pro_Vio_adu_2025_6_Colorado2025_x010240_y010240
Unknown_Sample,20251031_037_pol_pro_Vio_adu_2025_6_Colorado2025.czi,Vio_adu,532.15,11377.0,10329.0,28,30,100.87,0.924,20251031_037_pol_pro_Vio_adu_2025_6_Colorado2025_x010752_y010240
Unknown_Sample,20251031_037_pol_pro_Vio_adu_2025_6_Colorado2025.czi,Vio_adu,559.47,11377.0,10329.0,31,30,101.6,0.939,20251031_037_pol_pro_Vio_adu_2025_6_Colorado2025_x011264_y010240
Unknown_Sample,20251031_037_pol_pro_Vio_adu_2025_6_Colorado2025.czi,Vio_adu,617.95,730.0,11343.0,32,32,106.43,0.955,20251031_037_pol_pro_Vio_adu_2025_6_Colorado2025_x000512_y010752
Unknown_Sample,20251031_037_pol_pro_Vio_adu_2025_6_Colorado2025.czi,Vio_adu,397.09,1179.0,10761.0,34,20,93.46,0.957,20251031_037_pol_pro_Vio_adu_2025_6_Colorado2025_x001024_y010752
Unknown_Sample,20251031_037_pol_pro_Vio_adu_2025_6_Colorado2025.czi,Vio_adu,700.29,1918.0,10937.0,34,34,113.25,0.961,20251031_037_pol_pro_Vio_adu_2025_6_Colorado2025_x001536_y010752
Unknown_Sample,20251031_037_pol_pro_Vio_adu_2025_6_Colorado2025.czi,Vio_adu,707.22,2090.0,11118.0,33,35,114.43,0.961,20251031_037_pol_pro_Vio_adu_2025_6_Colorado2025_x001536_y010752
Unknown_Sample,20251031_037_pol_pro_Vio_adu_2025_6_Colorado2025.czi,Vio_adu,743.77,1915.0,11058.0,36,35,116.33,0.959,20251031_037_pol_pro_Vio_adu_2025_6_Colorado2025_x001536_y010752
Unknown_Sample,20251031_037_pol_pro_Vio_adu_2025_6_Colorado2025.czi,Vio_adu,709.91,2090.0,11118.0,33,35,113.84,0.96,20251031_037_pol_pro_Vio_adu_2025_6_Colorado2025_x002048_y010752
Unknown_Sample,20251031_037_pol_pro_Vio_adu_2025_6_Colorado2025.czi,Vio_adu,719.53,2862.0,11240.0,34,35,115.25,0.967,20251031_037_pol_pro_Vio_adu_2025_6_Colorado2025_x002560_y010752
Unknown_Sample,20251031_037_pol_pro_Vio_adu_2025_6_Colorado2025.czi,Vio_adu,851.51,2814.0,10974.0,40,36,123.98,0.962,20251031_037_pol_pro_Vio_adu_2025_6_Colorado2025_x002560_y010752
Unknown_Sample,20251031_037_pol_pro_Vio_adu_2025_6_Colorado2025.czi,Vio_adu,642.96,3116.0,11053.0,33,33,107.5,0.96,20251031_037_pol_pro_Vio_adu_2025_6_Colorado2025_x002560_y010752
Unknown_Sample,20251031_037_pol_pro_Vio_adu_2025_6_Colorado2025.czi,Vio_adu,780.71,3013.0,10859.0,36,37,120.33,0.956,20251031_037_pol_pro_Vio_adu_2025_6_Colorado2025_x002560_y010752
Unknown_Sample,20251031_037_pol_pro_Vio_adu_2025_6_Colorado2025.czi,Vio_adu,641.04,3474.0,10810.0,33,32,108.43,0.96,20251031_037_pol_pro_Vio_adu_2025_6_Colorado2025_x003072_y010752
Unknown_Sample,20251031_037_pol_pro_Vio_adu_2025_6_Colorado2025.czi,Vio_adu,642.96,3116.0,11053.0,33,33,107.5,0.96,20251031_037_pol_pro_Vio_adu_2025_6_Colorado2025_x003072_y010752
Unknown_Sample,20251031_037_pol_pro_Vio_adu_2025_6_Colorado2025.czi,Vio_adu,613.72,3607.0,10855.0,32,31,103.84,0.959,20251031_037_pol_pro_Vio_adu_2025_6_Colorado2025_x003072_y010752
Unknown_Sample,20251031_037_pol_pro_Vio_adu_2025_6_Colorado2025.czi,Vio_adu,739.93,3870.0,10964.0,35,35,117.5,0.96,20251031_037_pol_pro_Vio_adu_2025_6_Colorado2025_x003584_y010752
Unknown_Sample,20251031_037_pol_pro_Vio_adu_2025_6_Colorado2025.czi,Vio_adu,613.72,3607.0,10855.0,32,31,103.84,0.959,20251031_037_pol_pro_Vio_adu_2025_6_Colorado2025_x003584_y010752
Unknown_Sample,20251031_037_pol_pro_Vio_adu_2025_6_Colorado2025.czi,Vio_adu,432.1,3938.0,10761.0,33,22,94.87,0.957,20251031_037_pol_pro_Vio_adu_2025_6_Colorado2025_x003584_y010752
Unknown_Sample,20251031_037_pol_pro_Vio_adu_2025_6_Colorado2025.czi,Vio_adu,579.47,3824.0,10927.0,30,32,101.25,0.956,20251031_037_pol_pro_Vio_adu_2025_6_Colorado2025_x003584_y010752
Unknown_Sample,20251031_037_pol_pro_Vio_adu_2025_6_Colorado2025.czi,Vio_adu,856.13,4336.0,11178.0,38,39,124.81,0.958,20251031_037_pol_pro_Vio_adu_2025_6_Colorado2025_x004096_y010752
Unknown_Sample,20251031_037_pol_pro_Vio_adu_2025_6_Colorado2025.czi,Vio_adu,429.41,4721.0,10761.0,30,23,93.8,0.95,20251031_037_pol_pro_Vio_adu_2025_6_Colorado2025_x004096_y010752
Unknown_Sample,20251031_037_pol_pro_Vio_adu_2025_6_Colorado2025.czi,Vio_adu,755.32,4426.0,11186.0,36,34,119.01,0.942,20251031_037_pol_pro_Vio_adu_2025_6_Colorado2025_x004096_y010752
Unknown_Sample,20251031_037_pol_pro_Vio_adu_2025_6_Colorado2025.czi,Vio_adu,724.15,4461.0,11202.0,35,34,115.25,0.916,20251031_037_pol_pro_Vio_adu_2025_6_Colorado2025_x004096_y010752
Unknown_Sample,20251031_037_pol_pro_Vio_adu_2025_6_Colorado2025.czi,Vio_adu,715.68,4959.0,11043.0,35,34,114.08,0.963,20251031_037_pol_pro_Vio_adu_2025_6_Colorado2025_x004608_y010752
Unknown_Sample,20251031_037_pol_pro_Vio_adu_2025_6_Colorado2025.czi,Vio_adu,444.8,4722.0,10762.0,34,22,97.46,0.959,20251031_037_pol_pro_Vio_adu_2025_6_Colorado2025_x004608_y010752
Unknown_Sample,20251031_037_pol_pro_Vio_adu_2025_6_Colorado2025.czi,Vio_adu,626.42,5109.0,11117.0,33,32,106.08,0.959,20251031_037_pol_pro_Vio_adu_2025_6_Colorado2025_x004608_y010752
Unknown_Sample,20251031_037_pol_pro_Vio_adu_2025_6_Colorado2025.czi,Vio_adu,848.05,5219.0,11347.0,37,39,125.74,0.959,20251031_037_pol_pro_Vio_adu_2025_6_Colorado2025_x004608_y010752
Unknown_Sample,20251031_037_pol_pro_Vio_adu_2025_6_Colorado2025.czi,Vio_adu,751.47,5354.0,10774.0,36,35,116.33,0.961,20251031_037_pol_pro_Vio_adu_2025_6_Colorado2025_x005120_y010752
Unknown_Sample,20251031_037_pol_pro_Vio_adu_2025_6_Colorado2025.czi,Vio_adu,569.85,5417.0,10924.0,30,32,103.01,0.961,20251031_037_pol_pro_Vio_adu_2025_6_Colorado2025_x005120_y010752
Unknown_Sample,20251031_037_pol_pro_Vio_adu_2025_6_Colorado2025.czi,Vio_adu,848.43,5219.0,11347.0,37,39,125.15,0.958,20251031_037_pol_pro_Vio_adu_2025_6_Colorado2025_x005120_y010752
Unknown_Sample,20251031_037_pol_pro_Vio_adu_2025_6_Colorado2025.czi,Vio_adu,586.4,5747.0,11164.0,26,35,108.63,0.942,20251031_037_pol_pro_Vio_adu_2025_6_Colorado2025_x005120_y010752
Unknown_Sample,20251031_037_pol_pro_Vio_adu_2025_6_Colorado2025.czi,Vio_adu,758.01,5998.0,11167.0,34,36,117.25,0.964,20251031_037_pol_pro_Vio_adu_2025_6_Colorado2025_x005632_y010752
Unknown_Sample,20251031_037_pol_pro_Vio_adu_2025_6_Colorado2025.czi,Vio_adu,886.14,5919.0,10906.0,37,39,127.5,0.963,20251031_037_pol_pro_Vio_adu_2025_6_Colorado2025_x005632_y010752
Unknown_Sample,20251031_037_pol_pro_Vio_adu_2025_6_Colorado2025.czi,Vio_adu,810.72,5752.0,11164.0,38,35,122.67,0.963,20251031_037_pol_pro_Vio_adu_2025_6_Colorado2025_x005632_y010752
Unknown_Sample,20251031_037_pol_pro_Vio_adu_2025_6_Colorado2025.czi,Vio_adu,717.99,6084.0,11286.0,35,33,115.6,0.961,20251031_037_pol_pro_Vio_adu_2025_6_Colorado2025_x005632_y010752
Unknown_Sample,20251031_037_pol_pro_Vio_adu_2025_6_Colorado2025.czi,Vio_adu,729.92,6235.0,10973.0,35,35,115.5,0.961,20251031_037_pol_pro_Vio_adu_2025_6_Colorado2025_x005632_y010752
Unknown_Sample,20251031_037_pol_pro_Vio_adu_2025_6_Colorado2025.czi,Vio_adu,647.58,6181.0,10975.0,34,31,109.01,0.96,20251031_037_pol_pro_Vio_adu_2025_6_Colorado2025_x005632_y010752
Unknown_Sample,20251031_037_pol_pro_Vio_adu_2025_6_Colorado2025.czi,Vio_adu,638.34,6089.0,10824.0,33,33,107.5,0.959,20251031_037_pol_pro_Vio_adu_2025_6_Colorado2025_x005632_y010752
Unknown_Sample,20251031_037_pol_pro_Vio_adu_2025_6_Colorado2025.czi,Vio_adu,664.51,5877.0,11238.0,34,33,109.5,0.958,20251031_037_pol_pro_Vio_adu_2025_6_Colorado2025_x005632_y010752
Unknown_Sample,20251031_037_pol_pro_Vio_adu_2025_6_Colorado2025.czi,Vio_adu,737.23,6302.0,10969.0,34,36,116.08,0.965,20251031_037_pol_pro_Vio_adu_2025_6_Colorado2025_x006144_y010752
Unknown_Sample,20251031_037_pol_pro_Vio_adu_2025_6_Colorado2025.czi,Vio_adu,729.92,6235.0,10973.0,35,35,115.5,0.962,20251031_037_pol_pro_Vio_adu_2025_6_Colorado2025_x006144_y010752
Unknown_Sample,20251031_037_pol_pro_Vio_adu_2025_6_Colorado2025.czi,Vio_adu,647.58,6181.0,10975.0,34,31,109.01,0.961,20251031_037_pol_pro_Vio_adu_2025_6_Colorado2025_x006144_y010752
Unknown_Sample,20251031_037_pol_pro_Vio_adu_2025_6_Colorado2025.czi,Vio_adu,520.22,6415.0,11255.0,31,28,98.77,0.958,20251031_037_pol_pro_Vio_adu_2025_6_Colorado2025_x006144_y010752
Unknown_Sample,20251031_037_pol_pro_Vio_adu_2025_6_Colorado2025.czi,Vio_adu,643.73,6766.0,11175.0,31,35,107.5,0.953,20251031_037_pol_pro_Vio_adu_2025_6_Colorado2025_x006144_y010752
Unknown_Sample,20251031_037_pol_pro_Vio_adu_2025_6_Colorado2025.czi,Vio_adu,738.77,6838.0,11151.0,35,34,116.43,0.962,20251031_037_pol_pro_Vio_adu_2025_6_Colorado2025_x006656_y010752
Unknown_Sample,20251031_037_pol_pro_Vio_adu_2025_6_Colorado2025.czi,Vio_adu,645.66,6766.0,11175.0,31,35,106.91,0.961,20251031_037_pol_pro_Vio_adu_2025_6_Colorado2025_x006656_y010752
Unknown_Sample,20251031_037_pol_pro_Vio_adu_2025_6_Colorado2025.czi,Vio_adu,752.24,7156.0,11114.0,35,35,117.84,0.96,20251031_037_pol_pro_Vio_adu_2025_6_Colorado2025_x006656_y010752
Unknown_Sample,20251031_037_pol_pro_Vio_adu_2025_6_Colorado2025.czi,Vio_adu,650.66,7556.0,10933.0,32,34,109.84,0.959,20251031_037_pol_pro_Vio_adu_2025_6_Colorado2025_x007168_y010752
Unknown_Sample,20251031_037_pol_pro_Vio_adu_2025_6_Colorado2025.czi,Vio_adu,687.6,7375.0,11011.0,35,34,113.5,0.958,20251031_037_pol_pro_Vio_adu_2025_6_Colorado2025_x007168_y010752
Unknown_Sample,20251031_037_pol_pro_Vio_adu_2025_6_Colorado2025.czi,Vio_adu,788.41,8528.0,11329.0,37,35,119.5,0.96,20251031_037_pol_pro_Vio_adu_2025_6_Colorado2025_x008192_y010752
Unknown_Sample,20251031_037_pol_pro_Vio_adu_2025_6_Colorado2025.czi,Vio_adu,638.73,8554.0,11104.0,34,32,109.25,0.957,20251031_037_pol_pro_Vio_adu_2025_6_Colorado2025_x008192_y010752
Unknown_Sample,20251031_037_pol_pro_Vio_adu_2025_6_Colorado2025.czi,Vio_adu,283.97,8635.0,11384.0,33,15,82.63,0.889,20251031_037_pol_pro_Vio_adu_2025_6_Colorado2025_x008192_y010752
Unknown_Sample,20251031_037_pol_pro_Vio_adu_2025_6_Colorado2025.czi,Vio_adu,837.27,9417.0,11293.0,37,37,125.25,0.959,20251031_037_pol_pro_Vio_adu_2025_6_Colorado2025_x009216_y010752
Unknown_Sample,20251031_037_pol_pro_Vio_adu_2025_6_Colorado2025.czi,Vio_adu,609.1,9697.0,10856.0,32,32,105.84,0.951,20251031_037_pol_pro_Vio_adu_2025_6_Colorado2025_x009216_y010752
Unknown_Sample,20251031_037_pol_pro_Vio_adu_2025_6_Colorado2025.czi,Vio_adu,716.45,10011.0,10783.0,35,34,112.91,0.952,20251031_037_pol_pro_Vio_adu_2025_6_Colorado2025_x009728_y010752
Unknown_Sample,20251031_037_pol_pro_Vio_adu_2025_6_Colorado2025.czi,Vio_adu,833.43,11273.0,11082.0,38,37,123.74,0.95,20251031_037_pol_pro_Vio_adu_2025_6_Colorado2025_x010752_y010752
Unknown_Sample,20251031_037_pol_pro_Vio_adu_2025_6_Colorado2025.czi,Vio_adu,656.04,11277.0,11082.0,29,37,114.53,0.956,20251031_037_pol_pro_Vio_adu_2025_6_Colorado2025_x011264_y010752
Unknown_Sample,20251031_037_pol_pro_Vio_adu_2025_6_Colorado2025.czi,Vio_adu,741.46,1028.0,11533.0,34,35,115.84,0.963,20251031_037_pol_pro_Vio_adu_2025_6_Colorado2025_x000512_y011264
Unknown_Sample,20251031_037_pol_pro_Vio_adu_2025_6_Colorado2025.czi,Vio_adu,672.97,1116.0,11655.0,33,33,111.01,0.962,20251031_037_pol_pro_Vio_adu_2025_6_Colorado2025_x000512_y011264
Unknown_Sample,20251031_037_pol_pro_Vio_adu_2025_6_Colorado2025.czi,Vio_adu,617.95,730.0,11343.0,32,32,106.43,0.956,20251031_037_pol_pro_Vio_adu_2025_6_Colorado2025_x000512_y011264
Unknown_Sample,20251031_037_pol_pro_Vio_adu_2025_6_Colorado2025.czi,Vio_adu,589.09,1080.0,11689.0,31,31,104.18,0.955,20251031_037_pol_pro_Vio_adu_2025_6_Colorado2025_x000512_y011264
Unknown_Sample,20251031_037_pol_pro_Vio_adu_2025_6_Colorado2025.czi,Vio_adu,673.74,1116.0,11655.0,33,33,111.01,0.962,20251031_037_pol_pro_Vio_adu_2025_6_Colorado2025_x001024_y011264
Unknown_Sample,20251031_037_pol_pro_Vio_adu_2025_6_Colorado2025.czi,Vio_adu,706.83,1262.0,11442.0,36,34,115.5,0.961,20251031_037_pol_pro_Vio_adu_2025_6_Colorado2025_x001024_y011264
Unknown_Sample,20251031_037_pol_pro_Vio_adu_2025_6_Colorado2025.czi,Vio_adu,469.43,1034.0,11533.0,22,35,99.46,0.96,20251031_037_pol_pro_Vio_adu_2025_6_Colorado2025_x001024_y011264
Unknown_Sample,20251031_037_pol_pro_Vio_adu_2025_6_Colorado2025.czi,Vio_adu,698.75,1362.0,11619.0,34,33,112.43,0.959,20251031_037_pol_pro_Vio_adu_2025_6_Colorado2025_x001024_y011264
Unknown_Sample,20251031_037_pol_pro_Vio_adu_2025_6_Colorado2025.czi,Vio_adu,589.09,1080.0,11689.0,31,31,104.18,0.955,20251031_037_pol_pro_Vio_adu_2025_6_Colorado2025_x001024_y011264
Unknown_Sample,20251031_037_pol_pro_Vio_adu_2025_6_Colorado2025.czi,Vio_adu,626.03,2391.0,11576.0,33,31,107.01,0.96,20251031_037_pol_pro_Vio_adu_2025_6_Colorado2025_x002048_y011264
Unknown_Sample,20251031_037_pol_pro_Vio_adu_2025_6_Colorado2025.czi,Vio_adu,602.56,2297.0,11727.0,30,33,104.43,0.96,20251031_037_pol_pro_Vio_adu_2025_6_Colorado2025_x002048_y011264
Unknown_Sample,20251031_037_pol_pro_Vio_adu_2025_6_Colorado2025.czi,Vio_adu,763.01,2816.0,11557.0,35,36,117.5,0.962,20251031_037_pol_pro_Vio_adu_2025_6_Colorado2025_x002560_y011264
Unknown_Sample,20251031_037_pol_pro_Vio_adu_2025_6_Colorado2025.czi,Vio_adu,727.61,3322.0,11473.0,34,36,115.5,0.961,20251031_037_pol_pro_Vio_adu_2025_6_Colorado2025_x003072_y011264
Unknown_Sample,20251031_037_pol_pro_Vio_adu_2025_6_Colorado2025.czi,Vio_adu,613.33,3759.0,11494.0,30,34,107.6,0.964,20251031_037_pol_pro_Vio_adu_2025_6_Colorado2025_x003584_y011264
Unknown_Sample,20251031_037_pol_pro_Vio_adu_2025_6_Colorado2025.czi,Vio_adu,629.88,4820.0,11418.0,31,33,108.18,0.962,20251031_037_pol_pro_Vio_adu_2025_6_Colorado2025_x004608_y011264
Unknown_Sample,20251031_037_pol_pro_Vio_adu_2025_6_Colorado2025.czi,Vio_adu,851.51,5219.0,11347.0,37,39,125.15,0.959,20251031_037_pol_pro_Vio_adu_2025_6_Colorado2025_x004608_y011264
Unknown_Sample,20251031_037_pol_pro_Vio_adu_2025_6_Colorado2025.czi,Vio_adu,849.2,5219.0,11347.0,37,39,125.15,0.958,20251031_037_pol_pro_Vio_adu_2025_6_Colorado2025_x005120_y011264
Unknown_Sample,20251031_037_pol_pro_Vio_adu_2025_6_Colorado2025.czi,Vio_adu,603.33,5728.0,11882.0,30,33,105.6,0.95,20251031_037_pol_pro_Vio_adu_2025_6_Colorado2025_x005120_y011264
Unknown_Sample,20251031_037_pol_pro_Vio_adu_2025_6_Colorado2025.czi,Vio_adu,262.8,5752.0,11863.0,15,30,78.38,0.889,20251031_037_pol_pro_Vio_adu_2025_6_Colorado2025_x005120_y011264
Unknown_Sample,20251031_037_pol_pro_Vio_adu_2025_6_Colorado2025.czi,Vio_adu,717.99,6084.0,11286.0,35,33,115.6,0.961,20251031_037_pol_pro_Vio_adu_2025_6_Colorado2025_x005632_y011264
Unknown_Sample,20251031_037_pol_pro_Vio_adu_2025_6_Colorado2025.czi,Vio_adu,609.49,5728.0,11882.0,31,33,105.25,0.951,20251031_037_pol_pro_Vio_adu_2025_6_Colorado2025_x005632_y011264
Unknown_Sample,20251031_037_pol_pro_Vio_adu_2025_6_Colorado2025.czi,Vio_adu,634.11,5760.0,11863.0,33,31,106.43,0.95,20251031_037_pol_pro_Vio_adu_2025_6_Colorado2025_x005632_y011264
Unknown_Sample,20251031_037_pol_pro_Vio_adu_2025_6_Colorado2025.czi,Vio_adu,854.2,6567.0,11849.0,38,37,124.91,0.966,20251031_037_pol_pro_Vio_adu_2025_6_Colorado2025_x006144_y011264
Unknown_Sample,20251031_037_pol_pro_Vio_adu_2025_6_Colorado2025.czi,Vio_adu,158.91,6350.0,11869.0,12,23,59.56,0.802,20251031_037_pol_pro_Vio_adu_2025_6_Colorado2025_x006144_y011264
Unknown_Sample,20251031_037_pol_pro_Vio_adu_2025_6_Colorado2025.czi,Vio_adu,645.66,6938.0,11724.0,33,33,109.25,0.962,20251031_037_pol_pro_Vio_adu_2025_6_Colorado2025_x006656_y011264
Unknown_Sample,20251031_037_pol_pro_Vio_adu_2025_6_Colorado2025.czi,Vio_adu,562.54,7054.0,11771.0,31,29,101.94,0.959,20251031_037_pol_pro_Vio_adu_2025_6_Colorado2025_x006656_y011264
Unknown_Sample,20251031_037_pol_pro_Vio_adu_2025_6_Colorado2025.czi,Vio_adu,266.65,6887.0,11897.0,32,14,80.38,0.885,20251031_037_pol_pro_Vio_adu_2025_6_Colorado2025_x006656_y011264
Unknown_Sample,20251031_037_pol_pro_Vio_adu_2025_6_Colorado2025.czi,Vio_adu,796.1,7927.0,11605.0,37,35,119.5,0.961,20251031_037_pol_pro_Vio_adu_2025_6_Colorado2025_x007680_y011264
Unknown_Sample,20251031_037_pol_pro_Vio_adu_2025_6_Colorado2025.czi,Vio_adu,786.87,8528.0,11329.0,37,35,119.5,0.961,20251031_037_pol_pro_Vio_adu_2025_6_Colorado2025_x008192_y011264
Unknown_Sample,20251031_037_pol_pro_Vio_adu_2025_6_Colorado2025.czi,Vio_adu,712.22,8634.0,11393.0,33,35,111.5,0.959,20251031_037_pol_pro_Vio_adu_2025_6_Colorado2025_x008192_y011264
Unknown_Sample,20251031_037_pol_pro_Vio_adu_2025_6_Colorado2025.czi,Vio_adu,813.8,9170.0,11520.0,36,38,122.33,0.957,20251031_037_pol_pro_Vio_adu_2025_6_Colorado2025_x008704_y011264
Unknown_Sample,20251031_037_pol_pro_Vio_adu_2025_6_Colorado2025.czi,Vio_adu,680.29,8981.0,11885.0,34,34,112.08,0.947,20251031_037_pol_pro_Vio_adu_2025_6_Colorado2025_x008704_y011264
Unknown_Sample,20251031_037_pol_pro_Vio_adu_2025_6_Colorado2025.czi,Vio_adu,837.27,9417.0,11293.0,37,37,125.25,0.96,20251031_037_pol_pro_Vio_adu_2025_6_Colorado2025_x009216_y011264
Unknown_Sample,20251031_037_pol_pro_Vio_adu_2025_6_Colorado2025.czi,Vio_adu,790.33,10436.0,11546.0,36,37,120.91,0.957,20251031_037_pol_pro_Vio_adu_2025_6_Colorado2025_x010240_y011264
Unknown_Sample,20251031_037_pol_pro_Vio_adu_2025_6_Colorado2025.czi,Vio_adu,742.62,10461.0,11465.0,36,34,116.08,0.954,20251031_037_pol_pro_Vio_adu_2025_6_Colorado2025_x010240_y011264
Unknown_Sample,20251031_037_pol_pro_Vio_adu_2025_6_Colorado2025.czi,Vio_adu,716.84,10714.0,11798.0,33,34,114.18,0.952,20251031_037_pol_pro_Vio_adu_2025_6_Colorado2025_x010240_y011264
Unknown_Sample,20251031_037_pol_pro_Vio_adu_2025_6_Colorado2025.czi,Vio_adu,661.43,10696.0,11890.0,36,28,114.04,0.945,20251031_037_pol_pro_Vio_adu_2025_6_Colorado2025_x010240_y011264
Unknown_Sample,20251031_037_pol_pro_Vio_adu_2025_6_Colorado2025.czi,Vio_adu,696.45,11514.0,11474.0,34,34,113.25,0.944,20251031_037_pol_pro_Vio_adu_2025_6_Colorado2025_x011264_y011264
Unknown_Sample,20251031_037_pol_pro_Vio_adu_2025_6_Colorado2025.czi,Vio_adu,729.92,608.0,12330.0,36,35,117.5,0.951,20251031_037_pol_pro_Vio_adu_2025_6_Colorado2025_x000000_y011776
Unknown_Sample,20251031_037_pol_pro_Vio_adu_2025_6_Colorado2025.czi,Vio_adu,745.31,608.0,12330.0,36,35,116.33,0.961,20251031_037_pol_pro_Vio_adu_2025_6_Colorado2025_x000512_y011776
Unknown_Sample,20251031_037_pol_pro_Vio_adu_2025_6_Colorado2025.czi,Vio_adu,669.9,954.0,12217.0,34,33,110.67,0.958,20251031_037_pol_pro_Vio_adu_2025_6_Colorado2025_x000512_y011776
Unknown_Sample,20251031_037_pol_pro_Vio_adu_2025_6_Colorado2025.czi,Vio_adu,667.97,1755.0,12377.0,32,34,111.6,0.962,20251031_037_pol_pro_Vio_adu_2025_6_Colorado2025_x001536_y011776
Unknown_Sample,20251031_037_pol_pro_Vio_adu_2025_6_Colorado2025.czi,Vio_adu,425.56,1856.0,12405.0,31,21,94.14,0.937,20251031_037_pol_pro_Vio_adu_2025_6_Colorado2025_x001536_y011776
Unknown_Sample,20251031_037_pol_pro_Vio_adu_2025_6_Colorado2025.czi,Vio_adu,696.45,2578.0,12350.0,33,34,112.43,0.958,20251031_037_pol_pro_Vio_adu_2025_6_Colorado2025_x002048_y011776
Unknown_Sample,20251031_037_pol_pro_Vio_adu_2025_6_Colorado2025.czi,Vio_adu,620.64,2938.0,12117.0,32,31,106.18,0.964,20251031_037_pol_pro_Vio_adu_2025_6_Colorado2025_x002560_y011776
Unknown_Sample,20251031_037_pol_pro_Vio_adu_2025_6_Colorado2025.czi,Vio_adu,689.14,2889.0,12364.0,34,34,112.67,0.962,20251031_037_pol_pro_Vio_adu_2025_6_Colorado2025_x002560_y011776
Unknown_Sample,20251031_037_pol_pro_Vio_adu_2025_6_Colorado2025.czi,Vio_adu,693.75,2578.0,12350.0,33,34,111.84,0.959,20251031_037_pol_pro_Vio_adu_2025_6_Colorado2025_x002560_y011776
Unknown_Sample,20251031_037_pol_pro_Vio_adu_2025_6_Colorado2025.czi,Vio_adu,670.67,4260.0,12387.0,34,33,110.67,0.964,20251031_037_pol_pro_Vio_adu_2025_6_Colorado2025_x004096_y011776
Unknown_Sample,20251031_037_pol_pro_Vio_adu_2025_6_Colorado2025.czi,Vio_adu,741.08,4521.0,12311.0,35,35,117.25,0.961,20251031_037_pol_pro_Vio_adu_2025_6_Colorado2025_x004096_y011776
Unknown_Sample,20251031_037_pol_pro_Vio_adu_2025_6_Colorado2025.czi,Vio_adu,552.92,4637.0,12168.0,31,30,101.01,0.958,20251031_037_pol_pro_Vio_adu_2025_6_Colorado2025_x004096_y011776
Unknown_Sample,20251031_037_pol_pro_Vio_adu_2025_6_Colorado2025.czi,Vio_adu,774.56,4694.0,12114.0,36,37,121.5,0.933,20251031_037_pol_pro_Vio_adu_2025_6_Colorado2025_x004096_y011776
Unknown_Sample,20251031_037_pol_pro_Vio_adu_2025_6_Colorado2025.czi,Vio_adu,459.81,4718.0,12113.0,22,35,99.7,0.7,20251031_037_pol_pro_Vio_adu_2025_6_Colorado2025_x004096_y011776
Unknown_Sample,20251031_037_pol_pro_Vio_adu_2025_6_Colorado2025.czi,Vio_adu,576.4,5164.0,12020.0,30,31,102.77,0.963,20251031_037_pol_pro_Vio_adu_2025_6_Colorado2025_x004608_y011776
Unknown_Sample,20251031_037_pol_pro_Vio_adu_2025_6_Colorado2025.czi,Vio_adu,555.23,4637.0,12168.0,31,30,101.01,0.958,20251031_037_pol_pro_Vio_adu_2025_6_Colorado2025_x004608_y011776
Unknown_Sample,20251031_037_pol_pro_Vio_adu_2025_6_Colorado2025.czi,Vio_adu,776.86,4694.0,12114.0,36,37,121.5,0.933,20251031_037_pol_pro_Vio_adu_2025_6_Colorado2025_x004608_y011776
Unknown_Sample,20251031_037_pol_pro_Vio_adu_2025_6_Colorado2025.czi,Vio_adu,464.04,4718.0,12113.0,23,35,102.77,0.574,20251031_037_pol_pro_Vio_adu_2025_6_Colorado2025_x004608_y011776
Unknown_Sample,20251031_037_pol_pro_Vio_adu_2025_6_Colorado2025.czi,Vio_adu,575.63,5164.0,12020.0,30,31,102.77,0.962,20251031_037_pol_pro_Vio_adu_2025_6_Colorado2025_x005120_y011776
Unknown_Sample,20251031_037_pol_pro_Vio_adu_2025_6_Colorado2025.czi,Vio_adu,733.38,5450.0,12047.0,36,35,116.91,0.953,20251031_037_pol_pro_Vio_adu_2025_6_Colorado2025_x005120_y011776
Unknown_Sample,20251031_037_pol_pro_Vio_adu_2025_6_Colorado2025.czi,Vio_adu,603.33,5728.0,11882.0,30,33,104.43,0.951,20251031_037_pol_pro_Vio_adu_2025_6_Colorado2025_x005120_y011776
Unknown_Sample,20251031_037_pol_pro_Vio_adu_2025_6_Colorado2025.czi,Vio_adu,262.8,5752.0,11863.0,15,30,78.38,0.889,20251031_037_pol_pro_Vio_adu_2025_6_Colorado2025_x005120_y011776
Unknown_Sample,20251031_037_pol_pro_Vio_adu_2025_6_Colorado2025.czi,Vio_adu,664.51,5790.0,12130.0,32,35,109.5,0.96,20251031_037_pol_pro_Vio_adu_2025_6_Colorado2025_x005632_y011776
Unknown_Sample,20251031_037_pol_pro_Vio_adu_2025_6_Colorado2025.czi,Vio_adu,610.26,5728.0,11882.0,31,33,105.25,0.952,20251031_037_pol_pro_Vio_adu_2025_6_Colorado2025_x005632_y011776
Unknown_Sample,20251031_037_pol_pro_Vio_adu_2025_6_Colorado2025.czi,Vio_adu,633.34,5760.0,11863.0,33,31,106.43,0.95,20251031_037_pol_pro_Vio_adu_2025_6_Colorado2025_x005632_y011776
Unknown_Sample,20251031_037_pol_pro_Vio_adu_2025_6_Colorado2025.czi,Vio_adu,854.2,6567.0,11849.0,38,37,124.91,0.966,20251031_037_pol_pro_Vio_adu_2025_6_Colorado2025_x006144_y011776
Unknown_Sample,20251031_037_pol_pro_Vio_adu_2025_6_Colorado2025.czi,Vio_adu,834.2,6409.0,11986.0,40,35,123.74,0.962,20251031_037_pol_pro_Vio_adu_2025_6_Colorado2025_x006144_y011776
Unknown_Sample,20251031_037_pol_pro_Vio_adu_2025_6_Colorado2025.czi,Vio_adu,790.72,6688.0,12170.0,38,36,121.15,0.961,20251031_037_pol_pro_Vio_adu_2025_6_Colorado2025_x006144_y011776
Unknown_Sample,20251031_037_pol_pro_Vio_adu_2025_6_Colorado2025.czi,Vio_adu,158.91,6350.0,11869.0,12,23,59.56,0.812,20251031_037_pol_pro_Vio_adu_2025_6_Colorado2025_x006144_y011776
Unknown_Sample,20251031_037_pol_pro_Vio_adu_2025_6_Colorado2025.czi,Vio_adu,747.24,6977.0,12280.0,36,35,118.08,0.963,20251031_037_pol_pro_Vio_adu_2025_6_Colorado2025_x006656_y011776
Unknown_Sample,20251031_037_pol_pro_Vio_adu_2025_6_Colorado2025.czi,Vio_adu,789.95,6688.0,12170.0,38,36,121.15,0.96,20251031_037_pol_pro_Vio_adu_2025_6_Colorado2025_x006656_y011776
Unknown_Sample,20251031_037_pol_pro_Vio_adu_2025_6_Colorado2025.czi,Vio_adu,618.34,6888.0,11904.0,33,31,108.18,0.958,20251031_037_pol_pro_Vio_adu_2025_6_Colorado2025_x006656_y011776
Unknown_Sample,20251031_037_pol_pro_Vio_adu_2025_6_Colorado2025.czi,Vio_adu,148.52,7054.0,11780.0,30,10,67.8,0.933,20251031_037_pol_pro_Vio_adu_2025_6_Colorado2025_x006656_y011776
Unknown_Sample,20251031_037_pol_pro_Vio_adu_2025_6_Colorado2025.czi,Vio_adu,839.97,7403.0,12069.0,38,36,124.67,0.961,20251031_037_pol_pro_Vio_adu_2025_6_Colorado2025_x007168_y011776
Unknown_Sample,20251031_037_pol_pro_Vio_adu_2025_6_Colorado2025.czi,Vio_adu,752.62,7406.0,11937.0,35,35,116.08,0.958,20251031_037_pol_pro_Vio_adu_2025_6_Colorado2025_x007168_y011776
Unknown_Sample,20251031_037_pol_pro_Vio_adu_2025_6_Colorado2025.czi,Vio_adu,695.68,8088.0,11950.0,35,33,113.25,0.953,20251031_037_pol_pro_Vio_adu_2025_6_Colorado2025_x007680_y011776
Unknown_Sample,20251031_037_pol_pro_Vio_adu_2025_6_Colorado2025.czi,Vio_adu,732.23,8618.0,12397.0,32,37,117.01,0.951,20251031_037_pol_pro_Vio_adu_2025_6_Colorado2025_x008192_y011776
Unknown_Sample,20251031_037_pol_pro_Vio_adu_2025_6_Colorado2025.czi,Vio_adu,280.89,8824.0,12211.0,15,32,81.8,0.896,20251031_037_pol_pro_Vio_adu_2025_6_Colorado2025_x008192_y011776
Unknown_Sample,20251031_037_pol_pro_Vio_adu_2025_6_Colorado2025.czi,Vio_adu,743.0,9182.0,12256.0,35,35,115.5,0.96,20251031_037_pol_pro_Vio_adu_2025_6_Colorado2025_x008704_y011776
Unknown_Sample,20251031_037_pol_pro_Vio_adu_2025_6_Colorado2025.czi,Vio_adu,687.21,8833.0,12211.0,36,32,112.08,0.96,20251031_037_pol_pro_Vio_adu_2025_6_Colorado2025_x008704_y011776
Unknown_Sample,20251031_037_pol_pro_Vio_adu_2025_6_Colorado2025.czi,Vio_adu,667.2,8981.0,11885.0,33,34,110.08,0.952,20251031_037_pol_pro_Vio_adu_2025_6_Colorado2025_x008704_y011776
Unknown_Sample,20251031_037_pol_pro_Vio_adu_2025_6_Colorado2025.czi,Vio_adu,908.07,9816.0,12214.0,42,36,129.74,0.96,20251031_037_pol_pro_Vio_adu_2025_6_Colorado2025_x009216_y011776
Unknown_Sample,20251031_037_pol_pro_Vio_adu_2025_6_Colorado2025.czi,Vio_adu,415.94,9523.0,12405.0,30,21,91.56,0.936,20251031_037_pol_pro_Vio_adu_2025_6_Colorado2025_x009216_y011776
Unknown_Sample,20251031_037_pol_pro_Vio_adu_2025_6_Colorado2025.czi,Vio_adu,157.37,9850.0,12093.0,10,28,65.56,0.857,20251031_037_pol_pro_Vio_adu_2025_6_Colorado2025_x009216_y011776
Unknown_Sample,20251031_037_pol_pro_Vio_adu_2025_6_Colorado2025.czi,Vio_adu,909.23,9816.0,12214.0,42,36,130.33,0.959,20251031_037_pol_pro_Vio_adu_2025_6_Colorado2025_x009728_y011776
Unknown_Sample,20251031_037_pol_pro_Vio_adu_2025_6_Colorado2025.czi,Vio_adu,652.2,9861.0,12094.0,33,33,108.67,0.954,20251031_037_pol_pro_Vio_adu_2025_6_Colorado2025_x009728_y011776
Unknown_Sample,20251031_037_pol_pro_Vio_adu_2025_6_Colorado2025.czi,Vio_adu,180.08,10189.0,12410.0,32,10,72.97,0.861,20251031_037_pol_pro_Vio_adu_2025_6_Colorado2025_x009728_y011776
Unknown_Sample,20251031_037_pol_pro_Vio_adu_2025_6_Colorado2025.czi,Vio_adu,739.16,10697.0,11891.0,36,34,117.84,0.957,20251031_037_pol_pro_Vio_adu_2025_6_Colorado2025_x010240_y011776
Unknown_Sample,20251031_037_pol_pro_Vio_adu_2025_6_Colorado2025.czi,Vio_adu,715.68,10714.0,11798.0,33,34,114.77,0.953,20251031_037_pol_pro_Vio_adu_2025_6_Colorado2025_x010240_y011776
Unknown_Sample,20251031_037_pol_pro_Vio_adu_2025_6_Colorado2025.czi,Vio_adu,589.09,10941.0,12356.0,31,31,104.18,0.954,20251031_037_pol_pro_Vio_adu_2025_6_Colorado2025_x010752_y011776
Unknown_Sample,20251031_037_pol_pro_Vio_adu_2025_6_Colorado2025.czi,Vio_adu,787.25,11276.0,12215.0,36,37,119.74,0.954,20251031_037_pol_pro_Vio_adu_2025_6_Colorado2025_x010752_y011776
Unknown_Sample,20251031_037_pol_pro_Vio_adu_2025_6_Colorado2025.czi,Vio_adu,683.36,11117.0,11956.0,37,31,112.08,0.946,20251031_037_pol_pro_Vio_adu_2025_6_Colorado2025_x010752_y011776
Unknown_Sample,20251031_037_pol_pro_Vio_adu_2025_6_Colorado2025.czi,Vio_adu,684.13,11278.0,12215.0,30,37,114.77,0.962,20251031_037_pol_pro_Vio_adu_2025_6_Colorado2025_x011264_y011776
Unknown_Sample,20251031_037_pol_pro_Vio_adu_2025_6_Colorado2025.czi,Vio_adu,731.85,608.0,12330.0,36,35,116.91,0.953,20251031_037_pol_pro_Vio_adu_2025_6_Colorado2025_x000000_y012288
Unknown_Sample,20251031_037_pol_pro_Vio_adu_2025_6_Colorado2025.czi,Vio_adu,585.25,503.0,12506.0,31,31,103.01,0.949,20251031_037_pol_pro_Vio_adu_2025_6_Colorado2025_x000000_y012288
Unknown_Sample,20251031_037_pol_pro_Vio_adu_2025_6_Colorado2025.czi,Vio_adu,746.08,608.0,12331.0,36,35,116.33,0.961,20251031_037_pol_pro_Vio_adu_2025_6_Colorado2025_x000512_y012288
Unknown_Sample,20251031_037_pol_pro_Vio_adu_2025_6_Colorado2025.czi,Vio_adu,654.12,1289.0,12609.0,35,31,108.08,0.958,20251031_037_pol_pro_Vio_adu_2025_6_Colorado2025_x001024_y012288
Unknown_Sample,20251031_037_pol_pro_Vio_adu_2025_6_Colorado2025.czi,Vio_adu,722.61,1479.0,12453.0,36,35,116.91,0.957,20251031_037_pol_pro_Vio_adu_2025_6_Colorado2025_x001024_y012288
Unknown_Sample,20251031_037_pol_pro_Vio_adu_2025_6_Colorado2025.czi,Vio_adu,208.55,1657.0,12420.0,12,29,72.14,0.887,20251031_037_pol_pro_Vio_adu_2025_6_Colorado2025_x001024_y012288
Unknown_Sample,20251031_037_pol_pro_Vio_adu_2025_6_Colorado2025.czi,Vio_adu,666.82,1755.0,12377.0,32,34,111.01,0.962,20251031_037_pol_pro_Vio_adu_2025_6_Colorado2025_x001536_y012288
Unknown_Sample,20251031_037_pol_pro_Vio_adu_2025_6_Colorado2025.czi,Vio_adu,564.47,1856.0,12408.0,31,29,102.53,0.96,20251031_037_pol_pro_Vio_adu_2025_6_Colorado2025_x001536_y012288
Unknown_Sample,20251031_037_pol_pro_Vio_adu_2025_6_Colorado2025.czi,Vio_adu,546.38,1665.0,12421.0,28,32,100.77,0.957,20251031_037_pol_pro_Vio_adu_2025_6_Colorado2025_x001536_y012288
Unknown_Sample,20251031_037_pol_pro_Vio_adu_2025_6_Colorado2025.czi,Vio_adu,694.91,2578.0,12350.0,33,34,111.25,0.959,20251031_037_pol_pro_Vio_adu_2025_6_Colorado2025_x002048_y012288
Unknown_Sample,20251031_037_pol_pro_Vio_adu_2025_6_Colorado2025.czi,Vio_adu,689.14,2889.0,12364.0,34,34,112.67,0.963,20251031_037_pol_pro_Vio_adu_2025_6_Colorado2025_x002560_y012288
Unknown_Sample,20251031_037_pol_pro_Vio_adu_2025_6_Colorado2025.czi,Vio_adu,694.52,2578.0,12350.0,33,34,111.84,0.959,20251031_037_pol_pro_Vio_adu_2025_6_Colorado2025_x002560_y012288
Unknown_Sample,20251031_037_pol_pro_Vio_adu_2025_6_Colorado2025.czi,Vio_adu,584.09,3185.0,12648.0,28,31,106.97,0.951,20251031_037_pol_pro_Vio_adu_2025_6_Colorado2025_x002560_y012288
Unknown_Sample,20251031_037_pol_pro_Vio_adu_2025_6_Colorado2025.czi,Vio_adu,619.49,3186.0,12647.0,31,31,107.11,0.963,20251031_037_pol_pro_Vio_adu_2025_6_Colorado2025_x003072_y012288
Unknown_Sample,20251031_037_pol_pro_Vio_adu_2025_6_Colorado2025.czi,Vio_adu,771.48,3315.0,12694.0,33,39,119.5,0.962,20251031_037_pol_pro_Vio_adu_2025_6_Colorado2025_x003072_y012288
Unknown_Sample,20251031_037_pol_pro_Vio_adu_2025_6_Colorado2025.czi,Vio_adu,668.74,4260.0,12387.0,34,33,110.08,0.965,20251031_037_pol_pro_Vio_adu_2025_6_Colorado2025_x004096_y012288
Unknown_Sample,20251031_037_pol_pro_Vio_adu_2025_6_Colorado2025.czi,Vio_adu,798.8,4363.0,12605.0,35,38,120.91,0.961,20251031_037_pol_pro_Vio_adu_2025_6_Colorado2025_x004096_y012288
Unknown_Sample,20251031_037_pol_pro_Vio_adu_2025_6_Colorado2025.czi,Vio_adu,739.93,4521.0,12311.0,35,35,116.67,0.961,20251031_037_pol_pro_Vio_adu_2025_6_Colorado2025_x004096_y012288
Unknown_Sample,20251031_037_pol_pro_Vio_adu_2025_6_Colorado2025.czi,Vio_adu,715.68,5149.0,12541.0,35,34,114.08,0.963,20251031_037_pol_pro_Vio_adu_2025_6_Colorado2025_x004608_y012288
Unknown_Sample,20251031_037_pol_pro_Vio_adu_2025_6_Colorado2025.czi,Vio_adu,597.17,4977.0,12650.0,31,31,104.77,0.962,20251031_037_pol_pro_Vio_adu_2025_6_Colorado2025_x004608_y012288
Unknown_Sample,20251031_037_pol_pro_Vio_adu_2025_6_Colorado2025.czi,Vio_adu,717.61,5149.0,12541.0,35,34,113.5,0.962,20251031_037_pol_pro_Vio_adu_2025_6_Colorado2025_x005120_y012288
Unknown_Sample,20251031_037_pol_pro_Vio_adu_2025_6_Colorado2025.czi,Vio_adu,788.41,6090.0,12652.0,34,38,120.67,0.962,20251031_037_pol_pro_Vio_adu_2025_6_Colorado2025_x005632_y012288
Unknown_Sample,20251031_037_pol_pro_Vio_adu_2025_6_Colorado2025.czi,Vio_adu,778.02,6041.0,12661.0,35,37,120.08,0.96,20251031_037_pol_pro_Vio_adu_2025_6_Colorado2025_x005632_y012288
Unknown_Sample,20251031_037_pol_pro_Vio_adu_2025_6_Colorado2025.czi,Vio_adu,863.05,6446.0,12608.0,37,39,125.15,0.966,20251031_037_pol_pro_Vio_adu_2025_6_Colorado2025_x006144_y012288
Unknown_Sample,20251031_037_pol_pro_Vio_adu_2025_6_Colorado2025.czi,Vio_adu,846.51,6605.0,12692.0,38,36,126.43,0.964,20251031_037_pol_pro_Vio_adu_2025_6_Colorado2025_x006144_y012288
Unknown_Sample,20251031_037_pol_pro_Vio_adu_2025_6_Colorado2025.czi,Vio_adu,832.27,6831.0,12711.0,38,36,122.33,0.967,20251031_037_pol_pro_Vio_adu_2025_6_Colorado2025_x006656_y012288
Unknown_Sample,20251031_037_pol_pro_Vio_adu_2025_6_Colorado2025.czi,Vio_adu,763.78,6980.0,12907.0,37,35,118.33,0.954,20251031_037_pol_pro_Vio_adu_2025_6_Colorado2025_x006656_y012288
Unknown_Sample,20251031_037_pol_pro_Vio_adu_2025_6_Colorado2025.czi,Vio_adu,133.52,6976.0,12292.0,29,10,65.21,0.929,20251031_037_pol_pro_Vio_adu_2025_6_Colorado2025_x006656_y012288
Unknown_Sample,20251031_037_pol_pro_Vio_adu_2025_6_Colorado2025.czi,Vio_adu,704.91,7390.0,12732.0,33,35,113.25,0.961,20251031_037_pol_pro_Vio_adu_2025_6_Colorado2025_x007168_y012288
Unknown_Sample,20251031_037_pol_pro_Vio_adu_2025_6_Colorado2025.czi,Vio_adu,712.22,7910.0,12489.0,33,35,113.84,0.964,20251031_037_pol_pro_Vio_adu_2025_6_Colorado2025_x007680_y012288
Unknown_Sample,20251031_037_pol_pro_Vio_adu_2025_6_Colorado2025.czi,Vio_adu,699.52,7982.0,12791.0,33,35,114.43,0.961,20251031_037_pol_pro_Vio_adu_2025_6_Colorado2025_x007680_y012288
Unknown_Sample,20251031_037_pol_pro_Vio_adu_2025_6_Colorado2025.czi,Vio_adu,724.92,8618.0,12396.0,32,37,115.25,0.957,20251031_037_pol_pro_Vio_adu_2025_6_Colorado2025_x008192_y012288
Unknown_Sample,20251031_037_pol_pro_Vio_adu_2025_6_Colorado2025.czi,Vio_adu,779.17,9043.0,12911.0,38,33,121.01,0.949,20251031_037_pol_pro_Vio_adu_2025_6_Colorado2025_x008704_y012288
Unknown_Sample,20251031_037_pol_pro_Vio_adu_2025_6_Colorado2025.czi,Vio_adu,608.33,9523.0,12409.0,31,32,105.01,0.962,20251031_037_pol_pro_Vio_adu_2025_6_Colorado2025_x009216_y012288
Unknown_Sample,20251031_037_pol_pro_Vio_adu_2025_6_Colorado2025.czi,Vio_adu,762.63,9818.0,12582.0,36,34,118.43,0.961,20251031_037_pol_pro_Vio_adu_2025_6_Colorado2025_x009216_y012288
Unknown_Sample,20251031_037_pol_pro_Vio_adu_2025_6_Colorado2025.czi,Vio_adu,995.42,9754.0,12877.0,42,39,135.15,0.96,20251031_037_pol_pro_Vio_adu_2025_6_Colorado2025_x009216_y012288
Unknown_Sample,20251031_037_pol_pro_Vio_adu_2025_6_Colorado2025.czi,Vio_adu,218.55,9431.0,12922.0,34,12,79.8,0.875,20251031_037_pol_pro_Vio_adu_2025_6_Colorado2025_x009216_y012288
Unknown_Sample,20251031_037_pol_pro_Vio_adu_2025_6_Colorado2025.czi,Vio_adu,764.55,9818.0,12582.0,36,35,118.67,0.961,20251031_037_pol_pro_Vio_adu_2025_6_Colorado2025_x009728_y012288
Unknown_Sample,20251031_037_pol_pro_Vio_adu_2025_6_Colorado2025.czi,Vio_adu,994.65,9754.0,12877.0,42,39,135.15,0.96,20251031_037_pol_pro_Vio_adu_2025_6_Colorado2025_x009728_y012288
Unknown_Sample,20251031_037_pol_pro_Vio_adu_2025_6_Colorado2025.czi,Vio_adu,794.18,10190.0,12423.0,36,36,120.08,0.959,20251031_037_pol_pro_Vio_adu_2025_6_Colorado2025_x009728_y012288
Unknown_Sample,20251031_037_pol_pro_Vio_adu_2025_6_Colorado2025.czi,Vio_adu,578.7,10823.0,12563.0,31,30,101.6,0.955,20251031_037_pol_pro_Vio_adu_2025_6_Colorado2025_x010240_y012288
Unknown_Sample,20251031_037_pol_pro_Vio_adu_2025_6_Colorado2025.czi,Vio_adu,405.55,10704.0,12919.0,36,18,95.8,0.908,20251031_037_pol_pro_Vio_adu_2025_6_Colorado2025_x010240_y012288
Unknown_Sample,20251031_037_pol_pro_Vio_adu_2025_6_Colorado2025.czi,Vio_adu,578.7,10823.0,12563.0,31,30,101.6,0.955,20251031_037_pol_pro_Vio_adu_2025_6_Colorado2025_x010752_y012288
Unknown_Sample,20251031_037_pol_pro_Vio_adu_2025_6_Colorado2025.czi,Vio_adu,589.09,10941.0,12356.0,31,31,104.18,0.954,20251031_037_pol_pro_Vio_adu_2025_6_Colorado2025_x010752_y012288
Unknown_Sample,20251031_037_pol_pro_Vio_adu_2025_6_Colorado2025.czi,Vio_adu,741.46,11073.0,12550.0,34,36,116.67,0.954,20251031_037_pol_pro_Vio_adu_2025_6_Colorado2025_x010752_y012288
Unknown_Sample,20251031_037_pol_pro_Vio_adu_2025_6_Colorado2025.czi,Vio_adu,637.19,942.0,13280.0,35,30,108.43,0.955,20251031_037_pol_pro_Vio_adu_2025_6_Colorado2025_x000512_y012800
Unknown_Sample,20251031_037_pol_pro_Vio_adu_2025_6_Colorado2025.czi,Vio_adu,102.74,3176.0,12925.0,13,13,45.07,0.896,20251031_037_pol_pro_Vio_adu_2025_6_Colorado2025_x002560_y012800
Unknown_Sample,20251031_037_pol_pro_Vio_adu_2025_6_Colorado2025.czi,Vio_adu,601.41,3442.0,13100.0,31,32,105.01,0.962,20251031_037_pol_pro_Vio_adu_2025_6_Colorado2025_x003072_y012800
Unknown_Sample,20251031_037_pol_pro_Vio_adu_2025_6_Colorado2025.czi,Vio_adu,102.74,3176.0,12925.0,13,13,45.07,0.901,20251031_037_pol_pro_Vio_adu_2025_6_Colorado2025_x003072_y012800
Unknown_Sample,20251031_037_pol_pro_Vio_adu_2025_6_Colorado2025.czi,Vio_adu,660.66,4065.0,13387.0,33,33,109.84,0.959,20251031_037_pol_pro_Vio_adu_2025_6_Colorado2025_x003584_y012800
Unknown_Sample,20251031_037_pol_pro_Vio_adu_2025_6_Colorado2025.czi,Vio_adu,577.55,3745.0,13409.0,31,31,103.01,0.956,20251031_037_pol_pro_Vio_adu_2025_6_Colorado2025_x003584_y012800
Unknown_Sample,20251031_037_pol_pro_Vio_adu_2025_6_Colorado2025.czi,Vio_adu,675.28,3948.0,13195.0,33,36,112.33,0.954,20251031_037_pol_pro_Vio_adu_2025_6_Colorado2025_x003584_y012800
Unknown_Sample,20251031_037_pol_pro_Vio_adu_2025_6_Colorado2025.czi,Vio_adu,698.37,4991.0,13399.0,36,32,115.01,0.961,20251031_037_pol_pro_Vio_adu_2025_6_Colorado2025_x004608_y012800
Unknown_Sample,20251031_037_pol_pro_Vio_adu_2025_6_Colorado2025.czi,Vio_adu,697.22,5984.0,13201.0,34,34,112.08,0.963,20251031_037_pol_pro_Vio_adu_2025_6_Colorado2025_x005632_y012800
Unknown_Sample,20251031_037_pol_pro_Vio_adu_2025_6_Colorado2025.czi,Vio_adu,629.49,6749.0,13007.0,36,29,108.43,0.956,20251031_037_pol_pro_Vio_adu_2025_6_Colorado2025_x006144_y012800
Unknown_Sample,20251031_037_pol_pro_Vio_adu_2025_6_Colorado2025.czi,Vio_adu,831.5,7025.0,13278.0,36,39,123.15,0.962,20251031_037_pol_pro_Vio_adu_2025_6_Colorado2025_x006656_y012800
Unknown_Sample,20251031_037_pol_pro_Vio_adu_2025_6_Colorado2025.czi,Vio_adu,779.94,6979.0,12907.0,38,36,119.98,0.958,20251031_037_pol_pro_Vio_adu_2025_6_Colorado2025_x006656_y012800
Unknown_Sample,20251031_037_pol_pro_Vio_adu_2025_6_Colorado2025.czi,Vio_adu,626.8,6749.0,13007.0,36,29,109.01,0.958,20251031_037_pol_pro_Vio_adu_2025_6_Colorado2025_x006656_y012800
Unknown_Sample,20251031_037_pol_pro_Vio_adu_2025_6_Colorado2025.czi,Vio_adu,747.24,7162.0,13113.0,35,34,117.6,0.956,20251031_037_pol_pro_Vio_adu_2025_6_Colorado2025_x006656_y012800
Unknown_Sample,20251031_037_pol_pro_Vio_adu_2025_6_Colorado2025.czi,Vio_adu,638.34,7580.0,13396.0,34,31,107.84,0.959,20251031_037_pol_pro_Vio_adu_2025_6_Colorado2025_x007168_y012800
Unknown_Sample,20251031_037_pol_pro_Vio_adu_2025_6_Colorado2025.czi,Vio_adu,199.31,7173.0,13113.0,12,33,76.63,0.921,20251031_037_pol_pro_Vio_adu_2025_6_Colorado2025_x007168_y012800
Unknown_Sample,20251031_037_pol_pro_Vio_adu_2025_6_Colorado2025.czi,Vio_adu,353.23,7513.0,13325.0,28,20,83.8,0.903,20251031_037_pol_pro_Vio_adu_2025_6_Colorado2025_x007168_y012800
Unknown_Sample,20251031_037_pol_pro_Vio_adu_2025_6_Colorado2025.czi,Vio_adu,632.96,8552.0,13299.0,34,31,107.84,0.957,20251031_037_pol_pro_Vio_adu_2025_6_Colorado2025_x008192_y012800
Unknown_Sample,20251031_037_pol_pro_Vio_adu_2025_6_Colorado2025.czi,Vio_adu,636.04,8383.0,13424.0,33,31,110.53,0.948,20251031_037_pol_pro_Vio_adu_2025_6_Colorado2025_x008192_y012800
Unknown_Sample,20251031_037_pol_pro_Vio_adu_2025_6_Colorado2025.czi,Vio_adu,799.95,9043.0,12911.0,38,36,121.15,0.961,20251031_037_pol_pro_Vio_adu_2025_6_Colorado2025_x008704_y012800
Unknown_Sample,20251031_037_pol_pro_Vio_adu_2025_6_Colorado2025.czi,Vio_adu,834.2,9058.0,13016.0,39,36,123.74,0.959,20251031_037_pol_pro_Vio_adu_2025_6_Colorado2025_x008704_y012800
Unknown_Sample,20251031_037_pol_pro_Vio_adu_2025_6_Colorado2025.czi,Vio_adu,995.42,9754.0,12877.0,42,39,135.15,0.96,20251031_037_pol_pro_Vio_adu_2025_6_Colorado2025_x009216_y012800
Unknown_Sample,20251031_037_pol_pro_Vio_adu_2025_6_Colorado2025.czi,Vio_adu,717.61,9353.0,13310.0,34,34,113.84,0.959,20251031_037_pol_pro_Vio_adu_2025_6_Colorado2025_x009216_y012800
Unknown_Sample,20251031_037_pol_pro_Vio_adu_2025_6_Colorado2025.czi,Vio_adu,797.26,9432.0,12933.0,37,36,120.91,0.958,20251031_037_pol_pro_Vio_adu_2025_6_Colorado2025_x009216_y012800
Unknown_Sample,20251031_037_pol_pro_Vio_adu_2025_6_Colorado2025.czi,Vio_adu,448.26,9846.0,13178.0,20,36,99.21,0.923,20251031_037_pol_pro_Vio_adu_2025_6_Colorado2025_x009216_y012800
Unknown_Sample,20251031_037_pol_pro_Vio_adu_2025_6_Colorado2025.czi,Vio_adu,994.65,9754.0,12877.0,42,39,135.15,0.96,20251031_037_pol_pro_Vio_adu_2025_6_Colorado2025_x009728_y012800
Unknown_Sample,20251031_037_pol_pro_Vio_adu_2025_6_Colorado2025.czi,Vio_adu,751.47,9852.0,13178.0,35,36,117.5,0.959,20251031_037_pol_pro_Vio_adu_2025_6_Colorado2025_x009728_y012800
Unknown_Sample,20251031_037_pol_pro_Vio_adu_2025_6_Colorado2025.czi,Vio_adu,741.46,10178.0,13344.0,39,32,117.5,0.955,20251031_037_pol_pro_Vio_adu_2025_6_Colorado2025_x009728_y012800
Unknown_Sample,20251031_037_pol_pro_Vio_adu_2025_6_Colorado2025.czi,Vio_adu,889.6,9916.0,13280.0,38,39,128.91,0.949,20251031_037_pol_pro_Vio_adu_2025_6_Colorado2025_x009728_y012800
Unknown_Sample,20251031_037_pol_pro_Vio_adu_2025_6_Colorado2025.czi,Vio_adu,649.89,9957.0,13284.0,34,33,109.5,0.941,20251031_037_pol_pro_Vio_adu_2025_6_Colorado2025_x009728_y012800
Unknown_Sample,20251031_037_pol_pro_Vio_adu_2025_6_Colorado2025.czi,Vio_adu,748.39,10493.0,13024.0,35,36,116.33,0.954,20251031_037_pol_pro_Vio_adu_2025_6_Colorado2025_x010240_y012800
Unknown_Sample,20251031_037_pol_pro_Vio_adu_2025_6_Colorado2025.czi,Vio_adu,737.23,10705.0,12925.0,35,34,116.43,0.954,20251031_037_pol_pro_Vio_adu_2025_6_Colorado2025_x010240_y012800
Unknown_Sample,20251031_037_pol_pro_Vio_adu_2025_6_Colorado2025.czi,Vio_adu,519.45,689.0,13686.0,28,31,97.6,0.95,20251031_037_pol_pro_Vio_adu_2025_6_Colorado2025_x000512_y013312
Unknown_Sample,20251031_037_pol_pro_Vio_adu_2025_6_Colorado2025.czi,Vio_adu,604.48,2639.0,13600.0,32,31,105.01,0.961,20251031_037_pol_pro_Vio_adu_2025_6_Colorado2025_x002048_y013312
Unknown_Sample,20251031_037_pol_pro_Vio_adu_2025_6_Colorado2025.czi,Vio_adu,582.55,2425.0,13938.0,32,28,106.63,0.95,20251031_037_pol_pro_Vio_adu_2025_6_Colorado2025_x002048_y013312
Unknown_Sample,20251031_037_pol_pro_Vio_adu_2025_6_Colorado2025.czi,Vio_adu,746.08,2978.0,13528.0,35,35,116.67,0.961,20251031_037_pol_pro_Vio_adu_2025_6_Colorado2025_x002560_y013312
Unknown_Sample,20251031_037_pol_pro_Vio_adu_2025_6_Colorado2025.czi,Vio_adu,604.48,2639.0,13600.0,32,31,105.01,0.961,20251031_037_pol_pro_Vio_adu_2025_6_Colorado2025_x002560_y013312
Unknown_Sample,20251031_037_pol_pro_Vio_adu_2025_6_Colorado2025.czi,Vio_adu,613.72,3185.0,13447.0,29,34,108.53,0.947,20251031_037_pol_pro_Vio_adu_2025_6_Colorado2025_x002560_y013312
Unknown_Sample,20251031_037_pol_pro_Vio_adu_2025_6_Colorado2025.czi,Vio_adu,683.36,3187.0,13447.0,33,35,112.08,0.962,20251031_037_pol_pro_Vio_adu_2025_6_Colorado2025_x003072_y013312
Unknown_Sample,20251031_037_pol_pro_Vio_adu_2025_6_Colorado2025.czi,Vio_adu,611.03,3284.0,13716.0,30,33,107.94,0.958,20251031_037_pol_pro_Vio_adu_2025_6_Colorado2025_x003072_y013312
Unknown_Sample,20251031_037_pol_pro_Vio_adu_2025_6_Colorado2025.czi,Vio_adu,744.93,3691.0,13869.0,35,35,117.25,0.941,20251031_037_pol_pro_Vio_adu_2025_6_Colorado2025_x003072_y013312
Unknown_Sample,20251031_037_pol_pro_Vio_adu_2025_6_Colorado2025.czi,Vio_adu,664.89,4065.0,13387.0,33,33,110.43,0.957,20251031_037_pol_pro_Vio_adu_2025_6_Colorado2025_x003584_y013312
Unknown_Sample,20251031_037_pol_pro_Vio_adu_2025_6_Colorado2025.czi,Vio_adu,581.4,3745.0,13409.0,31,31,103.01,0.956,20251031_037_pol_pro_Vio_adu_2025_6_Colorado2025_x003584_y013312
Unknown_Sample,20251031_037_pol_pro_Vio_adu_2025_6_Colorado2025.czi,Vio_adu,715.68,3757.0,13621.0,34,34,114.43,0.955,20251031_037_pol_pro_Vio_adu_2025_6_Colorado2025_x003584_y013312
Unknown_Sample,20251031_037_pol_pro_Vio_adu_2025_6_Colorado2025.czi,Vio_adu,744.93,3691.0,13869.0,35,35,117.25,0.948,20251031_037_pol_pro_Vio_adu_2025_6_Colorado2025_x003584_y013312
Unknown_Sample,20251031_037_pol_pro_Vio_adu_2025_6_Colorado2025.czi,Vio_adu,714.92,4636.0,13890.0,35,34,115.25,0.962,20251031_037_pol_pro_Vio_adu_2025_6_Colorado2025_x004096_y013312
Unknown_Sample,20251031_037_pol_pro_Vio_adu_2025_6_Colorado2025.czi,Vio_adu,716.45,4636.0,13890.0,35,34,115.25,0.962,20251031_037_pol_pro_Vio_adu_2025_6_Colorado2025_x004608_y013312
Unknown_Sample,20251031_037_pol_pro_Vio_adu_2025_6_Colorado2025.czi,Vio_adu,784.94,5115.0,13649.0,32,41,120.91,0.961,20251031_037_pol_pro_Vio_adu_2025_6_Colorado2025_x004608_y013312
Unknown_Sample,20251031_037_pol_pro_Vio_adu_2025_6_Colorado2025.czi,Vio_adu,696.45,4991.0,13399.0,36,32,114.43,0.961,20251031_037_pol_pro_Vio_adu_2025_6_Colorado2025_x004608_y013312
Unknown_Sample,20251031_037_pol_pro_Vio_adu_2025_6_Colorado2025.czi,Vio_adu,215.09,5125.0,13649.0,11,35,80.38,0.937,20251031_037_pol_pro_Vio_adu_2025_6_Colorado2025_x005120_y013312
Unknown_Sample,20251031_037_pol_pro_Vio_adu_2025_6_Colorado2025.czi,Vio_adu,710.68,6111.0,13483.0,35,34,114.67,0.966,20251031_037_pol_pro_Vio_adu_2025_6_Colorado2025_x005632_y013312
Unknown_Sample,20251031_037_pol_pro_Vio_adu_2025_6_Colorado2025.czi,Vio_adu,611.41,6322.0,13467.0,31,32,106.18,0.965,20251031_037_pol_pro_Vio_adu_2025_6_Colorado2025_x006144_y013312
Unknown_Sample,20251031_037_pol_pro_Vio_adu_2025_6_Colorado2025.czi,Vio_adu,711.84,6696.0,13591.0,35,34,115.25,0.962,20251031_037_pol_pro_Vio_adu_2025_6_Colorado2025_x006144_y013312
Unknown_Sample,20251031_037_pol_pro_Vio_adu_2025_6_Colorado2025.czi,Vio_adu,687.6,6942.0,13625.0,32,35,111.84,0.964,20251031_037_pol_pro_Vio_adu_2025_6_Colorado2025_x006656_y013312
Unknown_Sample,20251031_037_pol_pro_Vio_adu_2025_6_Colorado2025.czi,Vio_adu,711.84,6696.0,13591.0,35,34,115.25,0.962,20251031_037_pol_pro_Vio_adu_2025_6_Colorado2025_x006656_y013312
Unknown_Sample,20251031_037_pol_pro_Vio_adu_2025_6_Colorado2025.czi,Vio_adu,769.94,7578.0,13918.0,38,35,120.33,0.962,20251031_037_pol_pro_Vio_adu_2025_6_Colorado2025_x007168_y013312
Unknown_Sample,20251031_037_pol_pro_Vio_adu_2025_6_Colorado2025.czi,Vio_adu,638.34,7580.0,13396.0,34,31,107.84,0.96,20251031_037_pol_pro_Vio_adu_2025_6_Colorado2025_x007168_y013312
Unknown_Sample,20251031_037_pol_pro_Vio_adu_2025_6_Colorado2025.czi,Vio_adu,357.46,7513.0,13325.0,28,20,84.38,0.905,20251031_037_pol_pro_Vio_adu_2025_6_Colorado2025_x007168_y013312
Unknown_Sample,20251031_037_pol_pro_Vio_adu_2025_6_Colorado2025.czi,Vio_adu,692.6,8023.0,13635.0,35,32,113.6,0.968,20251031_037_pol_pro_Vio_adu_2025_6_Colorado2025_x007680_y013312
Unknown_Sample,20251031_037_pol_pro_Vio_adu_2025_6_Colorado2025.czi,Vio_adu,668.74,8222.0,13621.0,32,34,110.43,0.962,20251031_037_pol_pro_Vio_adu_2025_6_Colorado2025_x007680_y013312
Unknown_Sample,20251031_037_pol_pro_Vio_adu_2025_6_Colorado2025.czi,Vio_adu,669.9,8222.0,13621.0,32,34,111.01,0.962,20251031_037_pol_pro_Vio_adu_2025_6_Colorado2025_x008192_y013312
Unknown_Sample,20251031_037_pol_pro_Vio_adu_2025_6_Colorado2025.czi,Vio_adu,806.11,8650.0,13823.0,37,36,121.5,0.961,20251031_037_pol_pro_Vio_adu_2025_6_Colorado2025_x008192_y013312
Unknown_Sample,20251031_037_pol_pro_Vio_adu_2025_6_Colorado2025.czi,Vio_adu,621.03,8572.0,13869.0,33,31,107.6,0.961,20251031_037_pol_pro_Vio_adu_2025_6_Colorado2025_x008192_y013312
Unknown_Sample,20251031_037_pol_pro_Vio_adu_2025_6_Colorado2025.czi,Vio_adu,677.98,8383.0,13425.0,33,34,112.43,0.961,20251031_037_pol_pro_Vio_adu_2025_6_Colorado2025_x008192_y013312
Unknown_Sample,20251031_037_pol_pro_Vio_adu_2025_6_Colorado2025.czi,Vio_adu,297.05,9353.0,13319.0,34,15,85.8,0.948,20251031_037_pol_pro_Vio_adu_2025_6_Colorado2025_x009216_y013312
Unknown_Sample,20251031_037_pol_pro_Vio_adu_2025_6_Colorado2025.czi,Vio_adu,739.54,10178.0,13344.0,39,32,118.08,0.955,20251031_037_pol_pro_Vio_adu_2025_6_Colorado2025_x009728_y013312
Unknown_Sample,20251031_037_pol_pro_Vio_adu_2025_6_Colorado2025.czi,Vio_adu,841.51,10557.0,13599.0,38,36,124.67,0.962,20251031_037_pol_pro_Vio_adu_2025_6_Colorado2025_x010240_y013312
Unknown_Sample,20251031_037_pol_pro_Vio_adu_2025_6_Colorado2025.czi,Vio_adu,637.58,662.0,14232.0,33,32,107.84,0.939,20251031_037_pol_pro_Vio_adu_2025_6_Colorado2025_x000512_y013824
Unknown_Sample,20251031_037_pol_pro_Vio_adu_2025_6_Colorado2025.czi,Vio_adu,520.22,904.0,14158.0,31,28,98.77,0.935,20251031_037_pol_pro_Vio_adu_2025_6_Colorado2025_x000512_y013824
Unknown_Sample,20251031_037_pol_pro_Vio_adu_2025_6_Colorado2025.czi,Vio_adu,479.43,1652.0,14405.0,24,31,97.8,0.936,20251031_037_pol_pro_Vio_adu_2025_6_Colorado2025_x001024_y013824
Unknown_Sample,20251031_037_pol_pro_Vio_adu_2025_6_Colorado2025.czi,Vio_adu,597.17,1654.0,14405.0,32,31,105.6,0.957,20251031_037_pol_pro_Vio_adu_2025_6_Colorado2025_x001536_y013824
Unknown_Sample,20251031_037_pol_pro_Vio_adu_2025_6_Colorado2025.czi,Vio_adu,671.05,2424.0,13940.0,32,35,112.43,0.96,20251031_037_pol_pro_Vio_adu_2025_6_Colorado2025_x002048_y013824
Unknown_Sample,20251031_037_pol_pro_Vio_adu_2025_6_Colorado2025.czi,Vio_adu,614.87,2980.0,13962.0,33,31,106.43,0.963,20251031_037_pol_pro_Vio_adu_2025_6_Colorado2025_x002560_y013824
Unknown_Sample,20251031_037_pol_pro_Vio_adu_2025_6_Colorado2025.czi,Vio_adu,681.82,3009.0,14300.0,34,34,113.25,0.961,20251031_037_pol_pro_Vio_adu_2025_6_Colorado2025_x002560_y013824
Unknown_Sample,20251031_037_pol_pro_Vio_adu_2025_6_Colorado2025.czi,Vio_adu,631.42,2869.0,14224.0,33,31,107.01,0.955,20251031_037_pol_pro_Vio_adu_2025_6_Colorado2025_x002560_y013824
Unknown_Sample,20251031_037_pol_pro_Vio_adu_2025_6_Colorado2025.czi,Vio_adu,569.47,3536.0,14417.0,32,29,102.77,0.961,20251031_037_pol_pro_Vio_adu_2025_6_Colorado2025_x003072_y013824
Unknown_Sample,20251031_037_pol_pro_Vio_adu_2025_6_Colorado2025.czi,Vio_adu,747.24,3691.0,13869.0,35,35,117.25,0.94,20251031_037_pol_pro_Vio_adu_2025_6_Colorado2025_x003072_y013824
Unknown_Sample,20251031_037_pol_pro_Vio_adu_2025_6_Colorado2025.czi,Vio_adu,694.14,4197.0,13975.0,33,35,113.25,0.961,20251031_037_pol_pro_Vio_adu_2025_6_Colorado2025_x003584_y013824
Unknown_Sample,20251031_037_pol_pro_Vio_adu_2025_6_Colorado2025.czi,Vio_adu,748.01,3691.0,13869.0,35,35,117.25,0.947,20251031_037_pol_pro_Vio_adu_2025_6_Colorado2025_x003584_y013824
Unknown_Sample,20251031_037_pol_pro_Vio_adu_2025_6_Colorado2025.czi,Vio_adu,714.92,4636.0,13890.0,35,34,115.25,0.963,20251031_037_pol_pro_Vio_adu_2025_6_Colorado2025_x004096_y013824
Unknown_Sample,20251031_037_pol_pro_Vio_adu_2025_6_Colorado2025.czi,Vio_adu,692.6,4197.0,13975.0,33,35,113.25,0.961,20251031_037_pol_pro_Vio_adu_2025_6_Colorado2025_x004096_y013824
Unknown_Sample,20251031_037_pol_pro_Vio_adu_2025_6_Colorado2025.czi,Vio_adu,697.98,4305.0,14306.0,35,33,112.08,0.96,20251031_037_pol_pro_Vio_adu_2025_6_Colorado2025_x004096_y013824
Unknown_Sample,20251031_037_pol_pro_Vio_adu_2025_6_Colorado2025.czi,Vio_adu,729.54,4456.0,14368.0,35,35,116.08,0.959,20251031_037_pol_pro_Vio_adu_2025_6_Colorado2025_x004096_y013824
Unknown_Sample,20251031_037_pol_pro_Vio_adu_2025_6_Colorado2025.czi,Vio_adu,715.68,4636.0,13890.0,35,34,115.25,0.962,20251031_037_pol_pro_Vio_adu_2025_6_Colorado2025_x004608_y013824
Unknown_Sample,20251031_037_pol_pro_Vio_adu_2025_6_Colorado2025.czi,Vio_adu,592.17,5173.0,14084.0,32,31,103.84,0.961,20251031_037_pol_pro_Vio_adu_2025_6_Colorado2025_x004608_y013824
Unknown_Sample,20251031_037_pol_pro_Vio_adu_2025_6_Colorado2025.czi,Vio_adu,720.3,5285.0,14410.0,35,33,114.43,0.965,20251031_037_pol_pro_Vio_adu_2025_6_Colorado2025_x005120_y013824
Unknown_Sample,20251031_037_pol_pro_Vio_adu_2025_6_Colorado2025.czi,Vio_adu,593.71,5173.0,14084.0,32,31,103.84,0.961,20251031_037_pol_pro_Vio_adu_2025_6_Colorado2025_x005120_y013824
Unknown_Sample,20251031_037_pol_pro_Vio_adu_2025_6_Colorado2025.czi,Vio_adu,721.46,5807.0,13979.0,35,34,115.84,0.962,20251031_037_pol_pro_Vio_adu_2025_6_Colorado2025_x005632_y013824
Unknown_Sample,20251031_037_pol_pro_Vio_adu_2025_6_Colorado2025.czi,Vio_adu,639.5,5919.0,14168.0,32,32,108.77,0.961,20251031_037_pol_pro_Vio_adu_2025_6_Colorado2025_x005632_y013824
Unknown_Sample,20251031_037_pol_pro_Vio_adu_2025_6_Colorado2025.czi,Vio_adu,815.34,6706.0,13982.0,37,36,122.67,0.961,20251031_037_pol_pro_Vio_adu_2025_6_Colorado2025_x006144_y013824
Unknown_Sample,20251031_037_pol_pro_Vio_adu_2025_6_Colorado2025.czi,Vio_adu,705.3,6763.0,14365.0,33,36,114.67,0.961,20251031_037_pol_pro_Vio_adu_2025_6_Colorado2025_x006144_y013824
Unknown_Sample,20251031_037_pol_pro_Vio_adu_2025_6_Colorado2025.czi,Vio_adu,594.48,6298.0,14235.0,33,30,105.01,0.96,20251031_037_pol_pro_Vio_adu_2025_6_Colorado2025_x006144_y013824
Unknown_Sample,20251031_037_pol_pro_Vio_adu_2025_6_Colorado2025.czi,Vio_adu,709.91,6763.0,14364.0,33,36,113.5,0.963,20251031_037_pol_pro_Vio_adu_2025_6_Colorado2025_x006656_y013824
Unknown_Sample,20251031_037_pol_pro_Vio_adu_2025_6_Colorado2025.czi,Vio_adu,815.34,6706.0,13982.0,37,36,122.67,0.961,20251031_037_pol_pro_Vio_adu_2025_6_Colorado2025_x006656_y013824
Unknown_Sample,20251031_037_pol_pro_Vio_adu_2025_6_Colorado2025.czi,Vio_adu,769.17,7578.0,13918.0,38,35,120.33,0.962,20251031_037_pol_pro_Vio_adu_2025_6_Colorado2025_x007168_y013824
Unknown_Sample,20251031_037_pol_pro_Vio_adu_2025_6_Colorado2025.czi,Vio_adu,649.89,7645.0,14144.0,33,33,109.84,0.959,20251031_037_pol_pro_Vio_adu_2025_6_Colorado2025_x007168_y013824
Unknown_Sample,20251031_037_pol_pro_Vio_adu_2025_6_Colorado2025.czi,Vio_adu,734.92,8108.0,14151.0,34,35,116.43,0.964,20251031_037_pol_pro_Vio_adu_2025_6_Colorado2025_x007680_y013824
Unknown_Sample,20251031_037_pol_pro_Vio_adu_2025_6_Colorado2025.czi,Vio_adu,621.03,8572.0,13869.0,33,31,107.6,0.961,20251031_037_pol_pro_Vio_adu_2025_6_Colorado2025_x008192_y013824
Unknown_Sample,20251031_037_pol_pro_Vio_adu_2025_6_Colorado2025.czi,Vio_adu,650.66,8741.0,14215.0,33,32,110.18,0.958,20251031_037_pol_pro_Vio_adu_2025_6_Colorado2025_x008192_y013824
Unknown_Sample,20251031_037_pol_pro_Vio_adu_2025_6_Colorado2025.czi,Vio_adu,364.38,8650.0,13832.0,36,18,94.04,0.95,20251031_037_pol_pro_Vio_adu_2025_6_Colorado2025_x008192_y013824
Unknown_Sample,20251031_037_pol_pro_Vio_adu_2025_6_Colorado2025.czi,Vio_adu,618.34,9238.0,14337.0,34,31,106.67,0.96,20251031_037_pol_pro_Vio_adu_2025_6_Colorado2025_x008704_y013824
Unknown_Sample,20251031_037_pol_pro_Vio_adu_2025_6_Colorado2025.czi,Vio_adu,650.66,8741.0,14215.0,33,32,110.18,0.958,20251031_037_pol_pro_Vio_adu_2025_6_Colorado2025_x008704_y013824
Unknown_Sample,20251031_037_pol_pro_Vio_adu_2025_6_Colorado2025.czi,Vio_adu,654.12,9211.0,14448.0,34,31,109.6,0.951,20251031_037_pol_pro_Vio_adu_2025_6_Colorado2025_x008704_y013824
Unknown_Sample,20251031_037_pol_pro_Vio_adu_2025_6_Colorado2025.czi,Vio_adu,619.11,9238.0,14337.0,34,31,106.67,0.96,20251031_037_pol_pro_Vio_adu_2025_6_Colorado2025_x009216_y013824
Unknown_Sample,20251031_037_pol_pro_Vio_adu_2025_6_Colorado2025.czi,Vio_adu,727.23,9840.0,14443.0,32,35,118.28,0.942,20251031_037_pol_pro_Vio_adu_2025_6_Colorado2025_x009216_y013824
Unknown_Sample,20251031_037_pol_pro_Vio_adu_2025_6_Colorado2025.czi,Vio_adu,194.31,9221.0,14449.0,12,30,73.56,0.922,20251031_037_pol_pro_Vio_adu_2025_6_Colorado2025_x009216_y013824
Unknown_Sample,20251031_037_pol_pro_Vio_adu_2025_6_Colorado2025.czi,Vio_adu,575.24,10242.0,13967.0,31,31,103.01,0.959,20251031_037_pol_pro_Vio_adu_2025_6_Colorado2025_x009728_y013824
Unknown_Sample,20251031_037_pol_pro_Vio_adu_2025_6_Colorado2025.czi,Vio_adu,830.35,9842.0,14443.0,39,36,124.91,0.956,20251031_037_pol_pro_Vio_adu_2025_6_Colorado2025_x009728_y013824
Unknown_Sample,20251031_037_pol_pro_Vio_adu_2025_6_Colorado2025.czi,Vio_adu,328.21,10248.0,13967.0,18,31,85.21,0.954,20251031_037_pol_pro_Vio_adu_2025_6_Colorado2025_x010240_y013824
Unknown_Sample,20251031_037_pol_pro_Vio_adu_2025_6_Colorado2025.czi,Vio_adu,774.94,11173.0,14036.0,36,35,119.25,0.954,20251031_037_pol_pro_Vio_adu_2025_6_Colorado2025_x010752_y013824
Unknown_Sample,20251031_037_pol_pro_Vio_adu_2025_6_Colorado2025.czi,Vio_adu,657.97,10998.0,14438.0,35,31,109.25,0.945,20251031_037_pol_pro_Vio_adu_2025_6_Colorado2025_x010752_y013824
Unknown_Sample,20251031_037_pol_pro_Vio_adu_2025_6_Colorado2025.czi,Vio_adu,242.02,13643.0,14081.0,22,19,68.04,0.886,20251031_037_pol_pro_Vio_adu_2025_6_Colorado2025_x013312_y013824
Unknown_Sample,20251031_037_pol_pro_Vio_adu_2025_6_Colorado2025.czi,Vio_adu,479.43,1652.0,14405.0,24,31,97.8,0.936,20251031_037_pol_pro_Vio_adu_2025_6_Colorado2025_x001024_y014336
Unknown_Sample,20251031_037_pol_pro_Vio_adu_2025_6_Colorado2025.czi,Vio_adu,597.17,1654.0,14405.0,32,31,105.6,0.957,20251031_037_pol_pro_Vio_adu_2025_6_Colorado2025_x001536_y014336
Unknown_Sample,20251031_037_pol_pro_Vio_adu_2025_6_Colorado2025.czi,Vio_adu,562.93,3536.0,14417.0,32,29,103.36,0.962,20251031_037_pol_pro_Vio_adu_2025_6_Colorado2025_x003072_y014336
Unknown_Sample,20251031_037_pol_pro_Vio_adu_2025_6_Colorado2025.czi,Vio_adu,729.54,4456.0,14368.0,35,35,116.08,0.959,20251031_037_pol_pro_Vio_adu_2025_6_Colorado2025_x004096_y014336
Unknown_Sample,20251031_037_pol_pro_Vio_adu_2025_6_Colorado2025.czi,Vio_adu,721.46,5285.0,14410.0,35,33,115.01,0.965,20251031_037_pol_pro_Vio_adu_2025_6_Colorado2025_x005120_y014336
Unknown_Sample,20251031_037_pol_pro_Vio_adu_2025_6_Colorado2025.czi,Vio_adu,705.3,5715.0,14774.0,34,35,113.5,0.931,20251031_037_pol_pro_Vio_adu_2025_6_Colorado2025_x005120_y014336
Unknown_Sample,20251031_037_pol_pro_Vio_adu_2025_6_Colorado2025.czi,Vio_adu,713.38,5744.0,14756.0,31,37,117.94,0.917,20251031_037_pol_pro_Vio_adu_2025_6_Colorado2025_x005120_y014336
Unknown_Sample,20251031_037_pol_pro_Vio_adu_2025_6_Colorado2025.czi,Vio_adu,717.22,6114.0,14913.0,35,34,114.08,0.963,20251031_037_pol_pro_Vio_adu_2025_6_Colorado2025_x005632_y014336
Unknown_Sample,20251031_037_pol_pro_Vio_adu_2025_6_Colorado2025.czi,Vio_adu,612.18,5904.0,14622.0,32,32,108.18,0.956,20251031_037_pol_pro_Vio_adu_2025_6_Colorado2025_x005632_y014336
Unknown_Sample,20251031_037_pol_pro_Vio_adu_2025_6_Colorado2025.czi,Vio_adu,753.39,5745.0,14755.0,36,37,118.57,0.935,20251031_037_pol_pro_Vio_adu_2025_6_Colorado2025_x005632_y014336
Unknown_Sample,20251031_037_pol_pro_Vio_adu_2025_6_Colorado2025.czi,Vio_adu,706.83,5715.0,14774.0,34,35,113.5,0.931,20251031_037_pol_pro_Vio_adu_2025_6_Colorado2025_x005632_y014336
Unknown_Sample,20251031_037_pol_pro_Vio_adu_2025_6_Colorado2025.czi,Vio_adu,706.07,6763.0,14365.0,33,36,114.67,0.96,20251031_037_pol_pro_Vio_adu_2025_6_Colorado2025_x006144_y014336
Unknown_Sample,20251031_037_pol_pro_Vio_adu_2025_6_Colorado2025.czi,Vio_adu,171.23,6611.0,14868.0,18,17,57.21,0.943,20251031_037_pol_pro_Vio_adu_2025_6_Colorado2025_x006144_y014336
Unknown_Sample,20251031_037_pol_pro_Vio_adu_2025_6_Colorado2025.czi,Vio_adu,372.08,6775.0,14570.0,19,33,90.04,0.919,20251031_037_pol_pro_Vio_adu_2025_6_Colorado2025_x006144_y014336
Unknown_Sample,20251031_037_pol_pro_Vio_adu_2025_6_Colorado2025.czi,Vio_adu,709.91,6763.0,14364.0,33,36,113.5,0.964,20251031_037_pol_pro_Vio_adu_2025_6_Colorado2025_x006656_y014336
Unknown_Sample,20251031_037_pol_pro_Vio_adu_2025_6_Colorado2025.czi,Vio_adu,702.6,6781.0,14570.0,35,33,112.08,0.961,20251031_037_pol_pro_Vio_adu_2025_6_Colorado2025_x006656_y014336
Unknown_Sample,20251031_037_pol_pro_Vio_adu_2025_6_Colorado2025.czi,Vio_adu,849.2,7148.0,14560.0,38,36,124.67,0.947,20251031_037_pol_pro_Vio_adu_2025_6_Colorado2025_x006656_y014336
Unknown_Sample,20251031_037_pol_pro_Vio_adu_2025_6_Colorado2025.czi,Vio_adu,699.91,8304.0,14568.0,32,35,115.36,0.95,20251031_037_pol_pro_Vio_adu_2025_6_Colorado2025_x007680_y014336
Unknown_Sample,20251031_037_pol_pro_Vio_adu_2025_6_Colorado2025.czi,Vio_adu,746.08,8305.0,14568.0,36,35,116.33,0.963,20251031_037_pol_pro_Vio_adu_2025_6_Colorado2025_x008192_y014336
Unknown_Sample,20251031_037_pol_pro_Vio_adu_2025_6_Colorado2025.czi,Vio_adu,677.59,9211.0,14448.0,34,34,111.5,0.96,20251031_037_pol_pro_Vio_adu_2025_6_Colorado2025_x008704_y014336
Unknown_Sample,20251031_037_pol_pro_Vio_adu_2025_6_Colorado2025.czi,Vio_adu,309.36,9237.0,14343.0,34,17,86.28,0.945,20251031_037_pol_pro_Vio_adu_2025_6_Colorado2025_x008704_y014336
Unknown_Sample,20251031_037_pol_pro_Vio_adu_2025_6_Colorado2025.czi,Vio_adu,755.7,9416.0,14845.0,36,35,118.08,0.964,20251031_037_pol_pro_Vio_adu_2025_6_Colorado2025_x009216_y014336
Unknown_Sample,20251031_037_pol_pro_Vio_adu_2025_6_Colorado2025.czi,Vio_adu,809.57,9401.0,14538.0,38,36,122.91,0.962,20251031_037_pol_pro_Vio_adu_2025_6_Colorado2025_x009216_y014336
Unknown_Sample,20251031_037_pol_pro_Vio_adu_2025_6_Colorado2025.czi,Vio_adu,726.46,9840.0,14443.0,32,35,118.28,0.948,20251031_037_pol_pro_Vio_adu_2025_6_Colorado2025_x009216_y014336
Unknown_Sample,20251031_037_pol_pro_Vio_adu_2025_6_Colorado2025.czi,Vio_adu,308.59,9237.0,14343.0,34,17,86.28,0.945,20251031_037_pol_pro_Vio_adu_2025_6_Colorado2025_x009216_y014336
Unknown_Sample,20251031_037_pol_pro_Vio_adu_2025_6_Colorado2025.czi,Vio_adu,194.31,9221.0,14449.0,12,32,75.21,0.938,20251031_037_pol_pro_Vio_adu_2025_6_Colorado2025_x009216_y014336
Unknown_Sample,20251031_037_pol_pro_Vio_adu_2025_6_Colorado2025.czi,Vio_adu,823.04,9842.0,14443.0,39,35,123.5,0.96,20251031_037_pol_pro_Vio_adu_2025_6_Colorado2025_x009728_y014336
Unknown_Sample,20251031_037_pol_pro_Vio_adu_2025_6_Colorado2025.czi,Vio_adu,744.16,9929.0,14539.0,36,34,116.08,0.958,20251031_037_pol_pro_Vio_adu_2025_6_Colorado2025_x009728_y014336
Unknown_Sample,20251031_037_pol_pro_Vio_adu_2025_6_Colorado2025.czi,Vio_adu,637.58,10289.0,14962.0,37,27,114.04,0.943,20251031_037_pol_pro_Vio_adu_2025_6_Colorado2025_x009728_y014336
Unknown_Sample,20251031_037_pol_pro_Vio_adu_2025_6_Colorado2025.czi,Vio_adu,636.81,10717.0,14711.0,34,31,107.84,0.959,20251031_037_pol_pro_Vio_adu_2025_6_Colorado2025_x010240_y014336
Unknown_Sample,20251031_037_pol_pro_Vio_adu_2025_6_Colorado2025.czi,Vio_adu,639.88,10289.0,14962.0,37,27,114.04,0.942,20251031_037_pol_pro_Vio_adu_2025_6_Colorado2025_x010240_y014336
Unknown_Sample,20251031_037_pol_pro_Vio_adu_2025_6_Colorado2025.czi,Vio_adu,614.1,10998.0,14439.0,33,30,105.6,0.957,20251031_037_pol_pro_Vio_adu_2025_6_Colorado2025_x010752_y014336
Unknown_Sample,20251031_037_pol_pro_Vio_adu_2025_6_Colorado2025.czi,Vio_adu,553.31,11705.0,14635.0,30,30,100.77,0.956,20251031_037_pol_pro_Vio_adu_2025_6_Colorado2025_x011264_y014336
Unknown_Sample,20251031_037_pol_pro_Vio_adu_2025_6_Colorado2025.czi,Vio_adu,140.83,675.0,15076.0,18,14,54.14,0.59,20251031_037_pol_pro_Vio_adu_2025_6_Colorado2025_x000512_y014848
Unknown_Sample,20251031_037_pol_pro_Vio_adu_2025_6_Colorado2025.czi,Vio_adu,587.17,1400.0,15147.0,33,30,105.6,0.945,20251031_037_pol_pro_Vio_adu_2025_6_Colorado2025_x001024_y014848
Unknown_Sample,20251031_037_pol_pro_Vio_adu_2025_6_Colorado2025.czi,Vio_adu,549.08,2071.0,15209.0,30,30,100.18,0.957,20251031_037_pol_pro_Vio_adu_2025_6_Colorado2025_x001536_y014848
Unknown_Sample,20251031_037_pol_pro_Vio_adu_2025_6_Colorado2025.czi,Vio_adu,544.84,2071.0,15209.0,30,30,99.6,0.958,20251031_037_pol_pro_Vio_adu_2025_6_Colorado2025_x002048_y014848
Unknown_Sample,20251031_037_pol_pro_Vio_adu_2025_6_Colorado2025.czi,Vio_adu,396.32,3539.0,15478.0,31,20,90.97,0.928,20251031_037_pol_pro_Vio_adu_2025_6_Colorado2025_x003072_y014848
Unknown_Sample,20251031_037_pol_pro_Vio_adu_2025_6_Colorado2025.czi,Vio_adu,690.67,3985.0,15382.0,34,33,110.67,0.961,20251031_037_pol_pro_Vio_adu_2025_6_Colorado2025_x003584_y014848
Unknown_Sample,20251031_037_pol_pro_Vio_adu_2025_6_Colorado2025.czi,Vio_adu,601.79,4264.0,15111.0,33,31,105.25,0.955,20251031_037_pol_pro_Vio_adu_2025_6_Colorado2025_x004096_y014848
Unknown_Sample,20251031_037_pol_pro_Vio_adu_2025_6_Colorado2025.czi,Vio_adu,756.47,5309.0,15320.0,36,35,119.25,0.964,20251031_037_pol_pro_Vio_adu_2025_6_Colorado2025_x005120_y014848
Unknown_Sample,20251031_037_pol_pro_Vio_adu_2025_6_Colorado2025.czi,Vio_adu,721.07,6114.0,14913.0,35,34,114.08,0.962,20251031_037_pol_pro_Vio_adu_2025_6_Colorado2025_x005632_y014848
Unknown_Sample,20251031_037_pol_pro_Vio_adu_2025_6_Colorado2025.czi,Vio_adu,704.14,5889.0,15120.0,33,36,114.08,0.956,20251031_037_pol_pro_Vio_adu_2025_6_Colorado2025_x005632_y014848
Unknown_Sample,20251031_037_pol_pro_Vio_adu_2025_6_Colorado2025.czi,Vio_adu,465.96,6223.0,15477.0,32,22,97.56,0.902,20251031_037_pol_pro_Vio_adu_2025_6_Colorado2025_x005632_y014848
Unknown_Sample,20251031_037_pol_pro_Vio_adu_2025_6_Colorado2025.czi,Vio_adu,171.61,6611.0,14868.0,18,17,57.8,0.944,20251031_037_pol_pro_Vio_adu_2025_6_Colorado2025_x006144_y014848
Unknown_Sample,20251031_037_pol_pro_Vio_adu_2025_6_Colorado2025.czi,Vio_adu,482.89,6223.0,15476.0,32,23,99.56,0.9,20251031_037_pol_pro_Vio_adu_2025_6_Colorado2025_x006144_y014848
Unknown_Sample,20251031_037_pol_pro_Vio_adu_2025_6_Colorado2025.czi,Vio_adu,771.09,6965.0,15463.0,36,36,118.91,0.963,20251031_037_pol_pro_Vio_adu_2025_6_Colorado2025_x006656_y014848
Unknown_Sample,20251031_037_pol_pro_Vio_adu_2025_6_Colorado2025.czi,Vio_adu,612.95,7707.0,15386.0,32,32,105.84,0.962,20251031_037_pol_pro_Vio_adu_2025_6_Colorado2025_x007168_y014848
Unknown_Sample,20251031_037_pol_pro_Vio_adu_2025_6_Colorado2025.czi,Vio_adu,613.72,7707.0,15386.0,32,32,105.84,0.962,20251031_037_pol_pro_Vio_adu_2025_6_Colorado2025_x007680_y014848
Unknown_Sample,20251031_037_pol_pro_Vio_adu_2025_6_Colorado2025.czi,Vio_adu,746.85,7997.0,15159.0,36,34,119.01,0.961,20251031_037_pol_pro_Vio_adu_2025_6_Colorado2025_x007680_y014848
Unknown_Sample,20251031_037_pol_pro_Vio_adu_2025_6_Colorado2025.czi,Vio_adu,763.01,8508.0,15383.0,37,35,119.5,0.96,20251031_037_pol_pro_Vio_adu_2025_6_Colorado2025_x008192_y014848
Unknown_Sample,20251031_037_pol_pro_Vio_adu_2025_6_Colorado2025.czi,Vio_adu,847.28,8702.0,15213.0,38,38,125.74,0.957,20251031_037_pol_pro_Vio_adu_2025_6_Colorado2025_x008192_y014848
Unknown_Sample,20251031_037_pol_pro_Vio_adu_2025_6_Colorado2025.czi,Vio_adu,691.44,9041.0,15043.0,35,33,112.67,0.961,20251031_037_pol_pro_Vio_adu_2025_6_Colorado2025_x008704_y014848
Unknown_Sample,20251031_037_pol_pro_Vio_adu_2025_6_Colorado2025.czi,Vio_adu,902.69,9273.0,15295.0,39,38,130.08,0.959,20251031_037_pol_pro_Vio_adu_2025_6_Colorado2025_x008704_y014848
Unknown_Sample,20251031_037_pol_pro_Vio_adu_2025_6_Colorado2025.czi,Vio_adu,347.84,8711.0,15213.0,17,37,93.46,0.945,20251031_037_pol_pro_Vio_adu_2025_6_Colorado2025_x008704_y014848
Unknown_Sample,20251031_037_pol_pro_Vio_adu_2025_6_Colorado2025.czi,Vio_adu,903.46,9273.0,15295.0,39,38,130.08,0.959,20251031_037_pol_pro_Vio_adu_2025_6_Colorado2025_x009216_y014848
Unknown_Sample,20251031_037_pol_pro_Vio_adu_2025_6_Colorado2025.czi,Vio_adu,287.04,9416.0,14854.0,36,15,87.46,0.945,20251031_037_pol_pro_Vio_adu_2025_6_Colorado2025_x009216_y014848
Unknown_Sample,20251031_037_pol_pro_Vio_adu_2025_6_Colorado2025.czi,Vio_adu,651.81,10318.0,15372.0,34,32,109.25,0.963,20251031_037_pol_pro_Vio_adu_2025_6_Colorado2025_x009728_y014848
Unknown_Sample,20251031_037_pol_pro_Vio_adu_2025_6_Colorado2025.czi,Vio_adu,834.97,10289.0,14966.0,37,38,124.91,0.96,20251031_037_pol_pro_Vio_adu_2025_6_Colorado2025_x009728_y014848
Unknown_Sample,20251031_037_pol_pro_Vio_adu_2025_6_Colorado2025.czi,Vio_adu,606.41,9934.0,15365.0,32,31,104.43,0.958,20251031_037_pol_pro_Vio_adu_2025_6_Colorado2025_x009728_y014848
Unknown_Sample,20251031_037_pol_pro_Vio_adu_2025_6_Colorado2025.czi,Vio_adu,781.1,10163.0,15115.0,38,35,120.91,0.958,20251031_037_pol_pro_Vio_adu_2025_6_Colorado2025_x009728_y014848
Unknown_Sample,20251031_037_pol_pro_Vio_adu_2025_6_Colorado2025.czi,Vio_adu,651.81,10318.0,15372.0,34,32,109.25,0.963,20251031_037_pol_pro_Vio_adu_2025_6_Colorado2025_x010240_y014848
Unknown_Sample,20251031_037_pol_pro_Vio_adu_2025_6_Colorado2025.czi,Vio_adu,835.35,10289.0,14966.0,37,38,124.33,0.959,20251031_037_pol_pro_Vio_adu_2025_6_Colorado2025_x010240_y014848
Unknown_Sample,20251031_037_pol_pro_Vio_adu_2025_6_Colorado2025.czi,Vio_adu,578.7,11340.0,15129.0,32,30,104.77,0.959,20251031_037_pol_pro_Vio_adu_2025_6_Colorado2025_x010752_y014848
Unknown_Sample,20251031_037_pol_pro_Vio_adu_2025_6_Colorado2025.czi,Vio_adu,579.47,11340.0,15129.0,32,30,104.77,0.96,20251031_037_pol_pro_Vio_adu_2025_6_Colorado2025_x011264_y014848
Unknown_Sample,20251031_037_pol_pro_Vio_adu_2025_6_Colorado2025.czi,Vio_adu,671.05,2459.0,15596.0,31,35,110.43,0.963,20251031_037_pol_pro_Vio_adu_2025_6_Colorado2025_x002048_y015360
Unknown_Sample,20251031_037_pol_pro_Vio_adu_2025_6_Colorado2025.czi,Vio_adu,620.26,2806.0,15962.0,33,32,104.91,0.959,20251031_037_pol_pro_Vio_adu_2025_6_Colorado2025_x002560_y015360
Unknown_Sample,20251031_037_pol_pro_Vio_adu_2025_6_Colorado2025.czi,Vio_adu,627.96,3539.0,15483.0,31,33,107.6,0.964,20251031_037_pol_pro_Vio_adu_2025_6_Colorado2025_x003072_y015360
Unknown_Sample,20251031_037_pol_pro_Vio_adu_2025_6_Colorado2025.czi,Vio_adu,691.44,3985.0,15382.0,34,33,110.67,0.961,20251031_037_pol_pro_Vio_adu_2025_6_Colorado2025_x003584_y015360
Unknown_Sample,20251031_037_pol_pro_Vio_adu_2025_6_Colorado2025.czi,Vio_adu,595.63,3982.0,15662.0,32,32,105.25,0.959,20251031_037_pol_pro_Vio_adu_2025_6_Colorado2025_x003584_y015360
Unknown_Sample,20251031_037_pol_pro_Vio_adu_2025_6_Colorado2025.czi,Vio_adu,607.95,4088.0,15773.0,34,31,107.25,0.958,20251031_037_pol_pro_Vio_adu_2025_6_Colorado2025_x003584_y015360
Unknown_Sample,20251031_037_pol_pro_Vio_adu_2025_6_Colorado2025.czi,Vio_adu,718.38,4711.0,15765.0,34,35,115.84,0.961,20251031_037_pol_pro_Vio_adu_2025_6_Colorado2025_x004096_y015360
Unknown_Sample,20251031_037_pol_pro_Vio_adu_2025_6_Colorado2025.czi,Vio_adu,714.92,4711.0,15765.0,33,35,114.43,0.961,20251031_037_pol_pro_Vio_adu_2025_6_Colorado2025_x004608_y015360
Unknown_Sample,20251031_037_pol_pro_Vio_adu_2025_6_Colorado2025.czi,Vio_adu,641.81,5056.0,15768.0,32,33,110.77,0.959,20251031_037_pol_pro_Vio_adu_2025_6_Colorado2025_x004608_y015360
Unknown_Sample,20251031_037_pol_pro_Vio_adu_2025_6_Colorado2025.czi,Vio_adu,494.82,5236.0,15646.0,24,32,99.8,0.939,20251031_037_pol_pro_Vio_adu_2025_6_Colorado2025_x004608_y015360
Unknown_Sample,20251031_037_pol_pro_Vio_adu_2025_6_Colorado2025.czi,Vio_adu,613.72,5238.0,15646.0,32,32,107.01,0.96,20251031_037_pol_pro_Vio_adu_2025_6_Colorado2025_x005120_y015360
Unknown_Sample,20251031_037_pol_pro_Vio_adu_2025_6_Colorado2025.czi,Vio_adu,636.81,6180.0,15587.0,34,32,107.5,0.966,20251031_037_pol_pro_Vio_adu_2025_6_Colorado2025_x005632_y015360
Unknown_Sample,20251031_037_pol_pro_Vio_adu_2025_6_Colorado2025.czi,Vio_adu,581.78,5775.0,15936.0,32,32,104.08,0.959,20251031_037_pol_pro_Vio_adu_2025_6_Colorado2025_x005632_y015360
Unknown_Sample,20251031_037_pol_pro_Vio_adu_2025_6_Colorado2025.czi,Vio_adu,631.8,6223.0,15480.0,32,32,107.6,0.951,20251031_037_pol_pro_Vio_adu_2025_6_Colorado2025_x005632_y015360
Unknown_Sample,20251031_037_pol_pro_Vio_adu_2025_6_Colorado2025.czi,Vio_adu,655.66,6180.0,15587.0,35,32,112.43,0.963,20251031_037_pol_pro_Vio_adu_2025_6_Colorado2025_x006144_y015360
Unknown_Sample,20251031_037_pol_pro_Vio_adu_2025_6_Colorado2025.czi,Vio_adu,752.24,6278.0,15504.0,34,36,117.84,0.961,20251031_037_pol_pro_Vio_adu_2025_6_Colorado2025_x006144_y015360
Unknown_Sample,20251031_037_pol_pro_Vio_adu_2025_6_Colorado2025.czi,Vio_adu,663.74,6433.0,15560.0,34,32,111.01,0.958,20251031_037_pol_pro_Vio_adu_2025_6_Colorado2025_x006144_y015360
Unknown_Sample,20251031_037_pol_pro_Vio_adu_2025_6_Colorado2025.czi,Vio_adu,650.27,6223.0,15480.0,32,33,109.6,0.946,20251031_037_pol_pro_Vio_adu_2025_6_Colorado2025_x006144_y015360
Unknown_Sample,20251031_037_pol_pro_Vio_adu_2025_6_Colorado2025.czi,Vio_adu,770.32,6965.0,15463.0,36,36,118.91,0.963,20251031_037_pol_pro_Vio_adu_2025_6_Colorado2025_x006656_y015360
Unknown_Sample,20251031_037_pol_pro_Vio_adu_2025_6_Colorado2025.czi,Vio_adu,726.07,7095.0,15762.0,34,35,115.84,0.963,20251031_037_pol_pro_Vio_adu_2025_6_Colorado2025_x006656_y015360
Unknown_Sample,20251031_037_pol_pro_Vio_adu_2025_6_Colorado2025.czi,Vio_adu,733.38,7753.0,15634.0,36,33,116.43,0.965,20251031_037_pol_pro_Vio_adu_2025_6_Colorado2025_x007168_y015360
Unknown_Sample,20251031_037_pol_pro_Vio_adu_2025_6_Colorado2025.czi,Vio_adu,815.34,7386.0,15566.0,37,38,123.15,0.963,20251031_037_pol_pro_Vio_adu_2025_6_Colorado2025_x007168_y015360
Unknown_Sample,20251031_037_pol_pro_Vio_adu_2025_6_Colorado2025.czi,Vio_adu,611.79,7707.0,15386.0,32,32,105.25,0.962,20251031_037_pol_pro_Vio_adu_2025_6_Colorado2025_x007168_y015360
Unknown_Sample,20251031_037_pol_pro_Vio_adu_2025_6_Colorado2025.czi,Vio_adu,738.39,7753.0,15634.0,36,33,117.01,0.963,20251031_037_pol_pro_Vio_adu_2025_6_Colorado2025_x007680_y015360
Unknown_Sample,20251031_037_pol_pro_Vio_adu_2025_6_Colorado2025.czi,Vio_adu,612.95,7707.0,15386.0,32,32,105.84,0.962,20251031_037_pol_pro_Vio_adu_2025_6_Colorado2025_x007680_y015360
Unknown_Sample,20251031_037_pol_pro_Vio_adu_2025_6_Colorado2025.czi,Vio_adu,763.78,8508.0,15383.0,37,35,119.5,0.96,20251031_037_pol_pro_Vio_adu_2025_6_Colorado2025_x008192_y015360
Unknown_Sample,20251031_037_pol_pro_Vio_adu_2025_6_Colorado2025.czi,Vio_adu,734.15,9088.0,15603.0,35,35,117.25,0.962,20251031_037_pol_pro_Vio_adu_2025_6_Colorado2025_x008704_y015360
Unknown_Sample,20251031_037_pol_pro_Vio_adu_2025_6_Colorado2025.czi,Vio_adu,597.17,10318.0,15373.0,34,28,107.11,0.965,20251031_037_pol_pro_Vio_adu_2025_6_Colorado2025_x009728_y015360
Unknown_Sample,20251031_037_pol_pro_Vio_adu_2025_6_Colorado2025.czi,Vio_adu,867.29,10342.0,15638.0,38,38,126.91,0.961,20251031_037_pol_pro_Vio_adu_2025_6_Colorado2025_x009728_y015360
Unknown_Sample,20251031_037_pol_pro_Vio_adu_2025_6_Colorado2025.czi,Vio_adu,400.17,9933.0,15369.0,32,20,91.8,0.956,20251031_037_pol_pro_Vio_adu_2025_6_Colorado2025_x009728_y015360
Unknown_Sample,20251031_037_pol_pro_Vio_adu_2025_6_Colorado2025.czi,Vio_adu,684.9,10614.0,15619.0,35,32,111.25,0.966,20251031_037_pol_pro_Vio_adu_2025_6_Colorado2025_x010240_y015360
Unknown_Sample,20251031_037_pol_pro_Vio_adu_2025_6_Colorado2025.czi,Vio_adu,595.63,10318.0,15373.0,34,28,107.11,0.965,20251031_037_pol_pro_Vio_adu_2025_6_Colorado2025_x010240_y015360
Unknown_Sample,20251031_037_pol_pro_Vio_adu_2025_6_Colorado2025.czi,Vio_adu,858.82,10342.0,15638.0,37,38,124.91,0.962,20251031_037_pol_pro_Vio_adu_2025_6_Colorado2025_x010240_y015360
Unknown_Sample,20251031_037_pol_pro_Vio_adu_2025_6_Colorado2025.czi,Vio_adu,799.18,11054.0,15570.0,36,37,121.5,0.964,20251031_037_pol_pro_Vio_adu_2025_6_Colorado2025_x010752_y015360
Unknown_Sample,20251031_037_pol_pro_Vio_adu_2025_6_Colorado2025.czi,Vio_adu,667.97,10983.0,15768.0,35,32,111.25,0.962,20251031_037_pol_pro_Vio_adu_2025_6_Colorado2025_x010752_y015360
Unknown_Sample,20251031_037_pol_pro_Vio_adu_2025_6_Colorado2025.czi,Vio_adu,768.01,11098.0,15869.0,36,35,119.25,0.961,20251031_037_pol_pro_Vio_adu_2025_6_Colorado2025_x010752_y015360
Unknown_Sample,20251031_037_pol_pro_Vio_adu_2025_6_Colorado2025.czi,Vio_adu,397.09,11673.0,15945.0,27,26,89.11,0.916,20251031_037_pol_pro_Vio_adu_2025_6_Colorado2025_x011264_y015360
Unknown_Sample,20251031_037_pol_pro_Vio_adu_2025_6_Colorado2025.czi,Vio_adu,176.61,913.0,16189.0,19,16,58.38,0.899,20251031_037_pol_pro_Vio_adu_2025_6_Colorado2025_x000512_y015872
Unknown_Sample,20251031_037_pol_pro_Vio_adu_2025_6_Colorado2025.czi,Vio_adu,454.42,1238.0,16317.0,29,26,91.36,0.934,20251031_037_pol_pro_Vio_adu_2025_6_Colorado2025_x001024_y015872
Unknown_Sample,20251031_037_pol_pro_Vio_adu_2025_6_Colorado2025.czi,Vio_adu,594.48,1837.0,16247.0,33,30,103.84,0.947,20251031_037_pol_pro_Vio_adu_2025_6_Colorado2025_x001536_y015872
Unknown_Sample,20251031_037_pol_pro_Vio_adu_2025_6_Colorado2025.czi,Vio_adu,711.45,3069.0,16102.0,35,33,112.67,0.963,20251031_037_pol_pro_Vio_adu_2025_6_Colorado2025_x002560_y015872
Unknown_Sample,20251031_037_pol_pro_Vio_adu_2025_6_Colorado2025.czi,Vio_adu,620.64,2806.0,15962.0,33,32,105.5,0.959,20251031_037_pol_pro_Vio_adu_2025_6_Colorado2025_x002560_y015872
Unknown_Sample,20251031_037_pol_pro_Vio_adu_2025_6_Colorado2025.czi,Vio_adu,506.75,2741.0,16275.0,29,30,97.01,0.953,20251031_037_pol_pro_Vio_adu_2025_6_Colorado2025_x002560_y015872
Unknown_Sample,20251031_037_pol_pro_Vio_adu_2025_6_Colorado2025.czi,Vio_adu,572.16,3392.0,16255.0,30,31,101.01,0.958,20251031_037_pol_pro_Vio_adu_2025_6_Colorado2025_x003072_y015872
Unknown_Sample,20251031_037_pol_pro_Vio_adu_2025_6_Colorado2025.czi,Vio_adu,269.34,3079.0,16102.0,15,33,81.46,0.943,20251031_037_pol_pro_Vio_adu_2025_6_Colorado2025_x003072_y015872
Unknown_Sample,20251031_037_pol_pro_Vio_adu_2025_6_Colorado2025.czi,Vio_adu,711.07,4500.0,16430.0,35,34,115.25,0.963,20251031_037_pol_pro_Vio_adu_2025_6_Colorado2025_x004096_y015872
Unknown_Sample,20251031_037_pol_pro_Vio_adu_2025_6_Colorado2025.czi,Vio_adu,602.95,4742.0,16266.0,31,32,106.18,0.963,20251031_037_pol_pro_Vio_adu_2025_6_Colorado2025_x004608_y015872
Unknown_Sample,20251031_037_pol_pro_Vio_adu_2025_6_Colorado2025.czi,Vio_adu,715.68,6070.0,16209.0,36,34,114.91,0.962,20251031_037_pol_pro_Vio_adu_2025_6_Colorado2025_x005632_y015872
Unknown_Sample,20251031_037_pol_pro_Vio_adu_2025_6_Colorado2025.czi,Vio_adu,580.24,5775.0,15936.0,32,32,104.08,0.96,20251031_037_pol_pro_Vio_adu_2025_6_Colorado2025_x005632_y015872
Unknown_Sample,20251031_037_pol_pro_Vio_adu_2025_6_Colorado2025.czi,Vio_adu,809.19,7854.0,16112.0,37,36,121.5,0.966,20251031_037_pol_pro_Vio_adu_2025_6_Colorado2025_x007680_y015872
Unknown_Sample,20251031_037_pol_pro_Vio_adu_2025_6_Colorado2025.czi,Vio_adu,622.57,8099.0,16120.0,32,31,107.94,0.966,20251031_037_pol_pro_Vio_adu_2025_6_Colorado2025_x007680_y015872
Unknown_Sample,20251031_037_pol_pro_Vio_adu_2025_6_Colorado2025.czi,Vio_adu,806.88,8207.0,16203.0,39,36,124.33,0.947,20251031_037_pol_pro_Vio_adu_2025_6_Colorado2025_x007680_y015872
Unknown_Sample,20251031_037_pol_pro_Vio_adu_2025_6_Colorado2025.czi,Vio_adu,727.61,8377.0,16404.0,34,35,114.67,0.963,20251031_037_pol_pro_Vio_adu_2025_6_Colorado2025_x008192_y015872
Unknown_Sample,20251031_037_pol_pro_Vio_adu_2025_6_Colorado2025.czi,Vio_adu,712.61,8656.0,16294.0,36,33,114.08,0.96,20251031_037_pol_pro_Vio_adu_2025_6_Colorado2025_x008192_y015872
Unknown_Sample,20251031_037_pol_pro_Vio_adu_2025_6_Colorado2025.czi,Vio_adu,753.01,8208.0,16203.0,35,36,121.01,0.959,20251031_037_pol_pro_Vio_adu_2025_6_Colorado2025_x008192_y015872
Unknown_Sample,20251031_037_pol_pro_Vio_adu_2025_6_Colorado2025.czi,Vio_adu,563.7,8593.0,16296.0,31,30,102.18,0.959,20251031_037_pol_pro_Vio_adu_2025_6_Colorado2025_x008192_y015872
Unknown_Sample,20251031_037_pol_pro_Vio_adu_2025_6_Colorado2025.czi,Vio_adu,724.15,9042.0,16154.0,35,34,115.25,0.961,20251031_037_pol_pro_Vio_adu_2025_6_Colorado2025_x008704_y015872
Unknown_Sample,20251031_037_pol_pro_Vio_adu_2025_6_Colorado2025.czi,Vio_adu,639.5,9672.0,16044.0,33,33,108.08,0.963,20251031_037_pol_pro_Vio_adu_2025_6_Colorado2025_x009216_y015872
Unknown_Sample,20251031_037_pol_pro_Vio_adu_2025_6_Colorado2025.czi,Vio_adu,769.94,9492.0,16334.0,38,34,118.33,0.962,20251031_037_pol_pro_Vio_adu_2025_6_Colorado2025_x009216_y015872
Unknown_Sample,20251031_037_pol_pro_Vio_adu_2025_6_Colorado2025.czi,Vio_adu,287.81,9848.0,16462.0,15,33,83.8,0.897,20251031_037_pol_pro_Vio_adu_2025_6_Colorado2025_x009216_y015872
Unknown_Sample,20251031_037_pol_pro_Vio_adu_2025_6_Colorado2025.czi,Vio_adu,935.01,10309.0,16070.0,41,38,131.74,0.964,20251031_037_pol_pro_Vio_adu_2025_6_Colorado2025_x009728_y015872
Unknown_Sample,20251031_037_pol_pro_Vio_adu_2025_6_Colorado2025.czi,Vio_adu,826.5,10133.0,16088.0,36,38,122.91,0.962,20251031_037_pol_pro_Vio_adu_2025_6_Colorado2025_x009728_y015872
Unknown_Sample,20251031_037_pol_pro_Vio_adu_2025_6_Colorado2025.czi,Vio_adu,760.7,10065.0,16061.0,35,35,117.84,0.961,20251031_037_pol_pro_Vio_adu_2025_6_Colorado2025_x009728_y015872
Unknown_Sample,20251031_037_pol_pro_Vio_adu_2025_6_Colorado2025.czi,Vio_adu,766.48,10255.0,16267.0,35,37,117.74,0.96,20251031_037_pol_pro_Vio_adu_2025_6_Colorado2025_x009728_y015872
Unknown_Sample,20251031_037_pol_pro_Vio_adu_2025_6_Colorado2025.czi,Vio_adu,796.49,9858.0,16461.0,38,35,122.08,0.96,20251031_037_pol_pro_Vio_adu_2025_6_Colorado2025_x009728_y015872
Unknown_Sample,20251031_037_pol_pro_Vio_adu_2025_6_Colorado2025.czi,Vio_adu,773.79,10590.0,16057.0,37,36,119.15,0.967,20251031_037_pol_pro_Vio_adu_2025_6_Colorado2025_x010240_y015872
Unknown_Sample,20251031_037_pol_pro_Vio_adu_2025_6_Colorado2025.czi,Vio_adu,935.01,10309.0,16070.0,41,38,131.74,0.965,20251031_037_pol_pro_Vio_adu_2025_6_Colorado2025_x010240_y015872
Unknown_Sample,20251031_037_pol_pro_Vio_adu_2025_6_Colorado2025.czi,Vio_adu,739.93,10256.0,16267.0,33,37,116.67,0.964,20251031_037_pol_pro_Vio_adu_2025_6_Colorado2025_x010240_y015872
Unknown_Sample,20251031_037_pol_pro_Vio_adu_2025_6_Colorado2025.czi,Vio_adu,756.09,10932.0,16307.0,36,35,117.5,0.96,20251031_037_pol_pro_Vio_adu_2025_6_Colorado2025_x010752_y015872
Unknown_Sample,20251031_037_pol_pro_Vio_adu_2025_6_Colorado2025.czi,Vio_adu,288.2,11097.0,15879.0,34,15,84.04,0.946,20251031_037_pol_pro_Vio_adu_2025_6_Colorado2025_x010752_y015872
Unknown_Sample,20251031_037_pol_pro_Vio_adu_2025_6_Colorado2025.czi,Vio_adu,397.09,11673.0,15945.0,27,26,89.11,0.918,20251031_037_pol_pro_Vio_adu_2025_6_Colorado2025_x011264_y015872
Unknown_Sample,20251031_037_pol_pro_Vio_adu_2025_6_Colorado2025.czi,Vio_adu,242.02,12882.0,16205.0,22,20,70.04,0.93,20251031_037_pol_pro_Vio_adu_2025_6_Colorado2025_x012288_y015872
Unknown_Sample,20251031_037_pol_pro_Vio_adu_2025_6_Colorado2025.czi,Vio_adu,242.02,12882.0,16205.0,22,20,70.04,0.929,20251031_037_pol_pro_Vio_adu_2025_6_Colorado2025_x012800_y015872
Unknown_Sample,20251031_037_pol_pro_Vio_adu_2025_6_Colorado2025.czi,Vio_adu,694.91,3169.0,16609.0,33,34,113.6,0.96,20251031_037_pol_pro_Vio_adu_2025_6_Colorado2025_x002560_y016384
Unknown_Sample,20251031_037_pol_pro_Vio_adu_2025_6_Colorado2025.czi,Vio_adu,603.33,2806.0,16907.0,31,33,106.43,0.955,20251031_037_pol_pro_Vio_adu_2025_6_Colorado2025_x002560_y016384
Unknown_Sample,20251031_037_pol_pro_Vio_adu_2025_6_Colorado2025.czi,Vio_adu,698.37,3169.0,16609.0,33,34,114.18,0.959,20251031_037_pol_pro_Vio_adu_2025_6_Colorado2025_x003072_y016384
Unknown_Sample,20251031_037_pol_pro_Vio_adu_2025_6_Colorado2025.czi,Vio_adu,450.19,3369.0,16659.0,27,27,91.11,0.952,20251031_037_pol_pro_Vio_adu_2025_6_Colorado2025_x003072_y016384
Unknown_Sample,20251031_037_pol_pro_Vio_adu_2025_6_Colorado2025.czi,Vio_adu,687.6,4026.0,16863.0,33,34,111.84,0.96,20251031_037_pol_pro_Vio_adu_2025_6_Colorado2025_x003584_y016384
Unknown_Sample,20251031_037_pol_pro_Vio_adu_2025_6_Colorado2025.czi,Vio_adu,711.84,4500.0,16430.0,35,34,115.25,0.963,20251031_037_pol_pro_Vio_adu_2025_6_Colorado2025_x004096_y016384
Unknown_Sample,20251031_037_pol_pro_Vio_adu_2025_6_Colorado2025.czi,Vio_adu,630.65,4774.0,16846.0,32,32,108.18,0.961,20251031_037_pol_pro_Vio_adu_2025_6_Colorado2025_x004608_y016384
Unknown_Sample,20251031_037_pol_pro_Vio_adu_2025_6_Colorado2025.czi,Vio_adu,639.88,4945.0,16571.0,33,32,107.84,0.961,20251031_037_pol_pro_Vio_adu_2025_6_Colorado2025_x004608_y016384
Unknown_Sample,20251031_037_pol_pro_Vio_adu_2025_6_Colorado2025.czi,Vio_adu,578.32,4839.0,16983.0,31,30,102.18,0.96,20251031_037_pol_pro_Vio_adu_2025_6_Colorado2025_x004608_y016384
Unknown_Sample,20251031_037_pol_pro_Vio_adu_2025_6_Colorado2025.czi,Vio_adu,635.27,5515.0,17000.0,32,32,108.18,0.964,20251031_037_pol_pro_Vio_adu_2025_6_Colorado2025_x005120_y016384
Unknown_Sample,20251031_037_pol_pro_Vio_adu_2025_6_Colorado2025.czi,Vio_adu,674.13,5546.0,16887.0,34,33,111.25,0.961,20251031_037_pol_pro_Vio_adu_2025_6_Colorado2025_x005120_y016384
Unknown_Sample,20251031_037_pol_pro_Vio_adu_2025_6_Colorado2025.czi,Vio_adu,754.55,6167.0,16914.0,37,33,117.84,0.967,20251031_037_pol_pro_Vio_adu_2025_6_Colorado2025_x005632_y016384
Unknown_Sample,20251031_037_pol_pro_Vio_adu_2025_6_Colorado2025.czi,Vio_adu,756.86,6167.0,16914.0,37,33,119.01,0.967,20251031_037_pol_pro_Vio_adu_2025_6_Colorado2025_x006144_y016384
Unknown_Sample,20251031_037_pol_pro_Vio_adu_2025_6_Colorado2025.czi,Vio_adu,634.11,7536.0,16818.0,34,31,108.43,0.963,20251031_037_pol_pro_Vio_adu_2025_6_Colorado2025_x007168_y016384
Unknown_Sample,20251031_037_pol_pro_Vio_adu_2025_6_Colorado2025.czi,Vio_adu,711.45,7360.0,16941.0,35,33,115.01,0.962,20251031_037_pol_pro_Vio_adu_2025_6_Colorado2025_x007168_y016384
Unknown_Sample,20251031_037_pol_pro_Vio_adu_2025_6_Colorado2025.czi,Vio_adu,678.75,7874.0,16614.0,35,32,111.25,0.962,20251031_037_pol_pro_Vio_adu_2025_6_Colorado2025_x007680_y016384
Unknown_Sample,20251031_037_pol_pro_Vio_adu_2025_6_Colorado2025.czi,Vio_adu,779.94,8639.0,16767.0,37,35,119.5,0.965,20251031_037_pol_pro_Vio_adu_2025_6_Colorado2025_x008192_y016384
Unknown_Sample,20251031_037_pol_pro_Vio_adu_2025_6_Colorado2025.czi,Vio_adu,728.77,8377.0,16404.0,34,35,115.25,0.962,20251031_037_pol_pro_Vio_adu_2025_6_Colorado2025_x008192_y016384
Unknown_Sample,20251031_037_pol_pro_Vio_adu_2025_6_Colorado2025.czi,Vio_adu,422.87,8761.0,17015.0,37,18,97.21,0.924,20251031_037_pol_pro_Vio_adu_2025_6_Colorado2025_x008192_y016384
Unknown_Sample,20251031_037_pol_pro_Vio_adu_2025_6_Colorado2025.czi,Vio_adu,788.79,9230.0,16836.0,36,36,120.08,0.963,20251031_037_pol_pro_Vio_adu_2025_6_Colorado2025_x008704_y016384
Unknown_Sample,20251031_037_pol_pro_Vio_adu_2025_6_Colorado2025.czi,Vio_adu,422.87,8761.0,17015.0,37,18,97.21,0.924,20251031_037_pol_pro_Vio_adu_2025_6_Colorado2025_x008704_y016384
Unknown_Sample,20251031_037_pol_pro_Vio_adu_2025_6_Colorado2025.czi,Vio_adu,738.39,9231.0,16836.0,33,36,117.01,0.966,20251031_037_pol_pro_Vio_adu_2025_6_Colorado2025_x009216_y016384
Unknown_Sample,20251031_037_pol_pro_Vio_adu_2025_6_Colorado2025.czi,Vio_adu,287.81,9848.0,16462.0,15,33,83.8,0.897,20251031_037_pol_pro_Vio_adu_2025_6_Colorado2025_x009216_y016384
Unknown_Sample,20251031_037_pol_pro_Vio_adu_2025_6_Colorado2025.czi,Vio_adu,796.49,9858.0,16461.0,38,35,122.08,0.96,20251031_037_pol_pro_Vio_adu_2025_6_Colorado2025_x009728_y016384
Unknown_Sample,20251031_037_pol_pro_Vio_adu_2025_6_Colorado2025.czi,Vio_adu,830.35,10654.0,16723.0,37,38,123.74,0.966,20251031_037_pol_pro_Vio_adu_2025_6_Colorado2025_x010240_y016384
Unknown_Sample,20251031_037_pol_pro_Vio_adu_2025_6_Colorado2025.czi,Vio_adu,798.41,11158.0,16647.0,37,35,120.67,0.967,20251031_037_pol_pro_Vio_adu_2025_6_Colorado2025_x010752_y016384
Unknown_Sample,20251031_037_pol_pro_Vio_adu_2025_6_Colorado2025.czi,Vio_adu,476.35,11094.0,16896.0,33,24,95.94,0.939,20251031_037_pol_pro_Vio_adu_2025_6_Colorado2025_x010752_y016384
Unknown_Sample,20251031_037_pol_pro_Vio_adu_2025_6_Colorado2025.czi,Vio_adu,309.36,11781.0,16667.0,20,29,82.28,0.943,20251031_037_pol_pro_Vio_adu_2025_6_Colorado2025_x011264_y016384
Unknown_Sample,20251031_037_pol_pro_Vio_adu_2025_6_Colorado2025.czi,Vio_adu,238.56,11783.0,16668.0,15,29,74.63,0.93,20251031_037_pol_pro_Vio_adu_2025_6_Colorado2025_x011776_y016384
Unknown_Sample,20251031_037_pol_pro_Vio_adu_2025_6_Colorado2025.czi,Vio_adu,612.18,1188.0,17249.0,30,33,106.18,0.953,20251031_037_pol_pro_Vio_adu_2025_6_Colorado2025_x001024_y016896
Unknown_Sample,20251031_037_pol_pro_Vio_adu_2025_6_Colorado2025.czi,Vio_adu,601.41,2593.0,17368.0,30,34,107.01,0.93,20251031_037_pol_pro_Vio_adu_2025_6_Colorado2025_x002048_y016896
Unknown_Sample,20251031_037_pol_pro_Vio_adu_2025_6_Colorado2025.czi,Vio_adu,538.69,2806.0,16909.0,31,28,101.11,0.96,20251031_037_pol_pro_Vio_adu_2025_6_Colorado2025_x002560_y016896
Unknown_Sample,20251031_037_pol_pro_Vio_adu_2025_6_Colorado2025.czi,Vio_adu,600.64,2593.0,17368.0,30,34,107.01,0.928,20251031_037_pol_pro_Vio_adu_2025_6_Colorado2025_x002560_y016896
Unknown_Sample,20251031_037_pol_pro_Vio_adu_2025_6_Colorado2025.czi,Vio_adu,578.32,4839.0,16983.0,31,30,102.18,0.96,20251031_037_pol_pro_Vio_adu_2025_6_Colorado2025_x004608_y016896
Unknown_Sample,20251031_037_pol_pro_Vio_adu_2025_6_Colorado2025.czi,Vio_adu,622.18,5106.0,17159.0,33,32,107.84,0.945,20251031_037_pol_pro_Vio_adu_2025_6_Colorado2025_x004608_y016896
Unknown_Sample,20251031_037_pol_pro_Vio_adu_2025_6_Colorado2025.czi,Vio_adu,603.33,5113.0,17194.0,32,32,106.43,0.937,20251031_037_pol_pro_Vio_adu_2025_6_Colorado2025_x004608_y016896
Unknown_Sample,20251031_037_pol_pro_Vio_adu_2025_6_Colorado2025.czi,Vio_adu,634.11,5515.0,17000.0,32,32,108.77,0.963,20251031_037_pol_pro_Vio_adu_2025_6_Colorado2025_x005120_y016896
Unknown_Sample,20251031_037_pol_pro_Vio_adu_2025_6_Colorado2025.czi,Vio_adu,609.49,5489.0,17267.0,33,30,105.6,0.959,20251031_037_pol_pro_Vio_adu_2025_6_Colorado2025_x005120_y016896
Unknown_Sample,20251031_037_pol_pro_Vio_adu_2025_6_Colorado2025.czi,Vio_adu,773.79,6167.0,16914.0,37,34,119.84,0.966,20251031_037_pol_pro_Vio_adu_2025_6_Colorado2025_x005632_y016896
Unknown_Sample,20251031_037_pol_pro_Vio_adu_2025_6_Colorado2025.czi,Vio_adu,666.05,5815.0,17201.0,32,34,111.01,0.961,20251031_037_pol_pro_Vio_adu_2025_6_Colorado2025_x005632_y016896
Unknown_Sample,20251031_037_pol_pro_Vio_adu_2025_6_Colorado2025.czi,Vio_adu,776.48,6167.0,16914.0,37,34,120.43,0.966,20251031_037_pol_pro_Vio_adu_2025_6_Colorado2025_x006144_y016896
Unknown_Sample,20251031_037_pol_pro_Vio_adu_2025_6_Colorado2025.czi,Vio_adu,702.99,6684.0,17233.0,31,38,114.67,0.958,20251031_037_pol_pro_Vio_adu_2025_6_Colorado2025_x006144_y016896
Unknown_Sample,20251031_037_pol_pro_Vio_adu_2025_6_Colorado2025.czi,Vio_adu,664.89,6671.0,17405.0,32,34,111.6,0.949,20251031_037_pol_pro_Vio_adu_2025_6_Colorado2025_x006144_y016896
Unknown_Sample,20251031_037_pol_pro_Vio_adu_2025_6_Colorado2025.czi,Vio_adu,704.53,6872.0,17409.0,34,35,114.67,0.961,20251031_037_pol_pro_Vio_adu_2025_6_Colorado2025_x006656_y016896
Unknown_Sample,20251031_037_pol_pro_Vio_adu_2025_6_Colorado2025.czi,Vio_adu,776.09,7018.0,17299.0,35,37,119.5,0.96,20251031_037_pol_pro_Vio_adu_2025_6_Colorado2025_x006656_y016896
Unknown_Sample,20251031_037_pol_pro_Vio_adu_2025_6_Colorado2025.czi,Vio_adu,712.22,6684.0,17232.0,31,39,115.5,0.958,20251031_037_pol_pro_Vio_adu_2025_6_Colorado2025_x006656_y016896
Unknown_Sample,20251031_037_pol_pro_Vio_adu_2025_6_Colorado2025.czi,Vio_adu,658.74,6671.0,17405.0,31,34,110.77,0.958,20251031_037_pol_pro_Vio_adu_2025_6_Colorado2025_x006656_y016896
Unknown_Sample,20251031_037_pol_pro_Vio_adu_2025_6_Colorado2025.czi,Vio_adu,809.57,6908.0,17427.0,36,37,122.08,0.955,20251031_037_pol_pro_Vio_adu_2025_6_Colorado2025_x006656_y016896
Unknown_Sample,20251031_037_pol_pro_Vio_adu_2025_6_Colorado2025.czi,Vio_adu,714.53,7360.0,16941.0,35,33,115.01,0.962,20251031_037_pol_pro_Vio_adu_2025_6_Colorado2025_x007168_y016896
Unknown_Sample,20251031_037_pol_pro_Vio_adu_2025_6_Colorado2025.czi,Vio_adu,761.09,8493.0,17337.0,34,36,117.25,0.962,20251031_037_pol_pro_Vio_adu_2025_6_Colorado2025_x008192_y016896
Unknown_Sample,20251031_037_pol_pro_Vio_adu_2025_6_Colorado2025.czi,Vio_adu,743.39,8760.0,17021.0,37,33,117.25,0.962,20251031_037_pol_pro_Vio_adu_2025_6_Colorado2025_x008192_y016896
Unknown_Sample,20251031_037_pol_pro_Vio_adu_2025_6_Colorado2025.czi,Vio_adu,753.78,8937.0,17389.0,34,35,117.01,0.962,20251031_037_pol_pro_Vio_adu_2025_6_Colorado2025_x008704_y016896
Unknown_Sample,20251031_037_pol_pro_Vio_adu_2025_6_Colorado2025.czi,Vio_adu,740.7,9302.0,17374.0,33,36,117.01,0.962,20251031_037_pol_pro_Vio_adu_2025_6_Colorado2025_x008704_y016896
Unknown_Sample,20251031_037_pol_pro_Vio_adu_2025_6_Colorado2025.czi,Vio_adu,743.77,8919.0,17458.0,34,37,117.5,0.962,20251031_037_pol_pro_Vio_adu_2025_6_Colorado2025_x008704_y016896
Unknown_Sample,20251031_037_pol_pro_Vio_adu_2025_6_Colorado2025.czi,Vio_adu,742.62,8760.0,17021.0,37,33,117.25,0.961,20251031_037_pol_pro_Vio_adu_2025_6_Colorado2025_x008704_y016896
Unknown_Sample,20251031_037_pol_pro_Vio_adu_2025_6_Colorado2025.czi,Vio_adu,737.62,9302.0,17374.0,33,36,117.01,0.962,20251031_037_pol_pro_Vio_adu_2025_6_Colorado2025_x009216_y016896
Unknown_Sample,20251031_037_pol_pro_Vio_adu_2025_6_Colorado2025.czi,Vio_adu,822.27,9433.0,17238.0,36,38,123.5,0.96,20251031_037_pol_pro_Vio_adu_2025_6_Colorado2025_x009216_y016896
Unknown_Sample,20251031_037_pol_pro_Vio_adu_2025_6_Colorado2025.czi,Vio_adu,563.31,9739.0,17438.0,30,29,103.46,0.802,20251031_037_pol_pro_Vio_adu_2025_6_Colorado2025_x009216_y016896
Unknown_Sample,20251031_037_pol_pro_Vio_adu_2025_6_Colorado2025.czi,Vio_adu,566.78,9741.0,17437.0,28,31,106.38,0.817,20251031_037_pol_pro_Vio_adu_2025_6_Colorado2025_x009728_y016896
Unknown_Sample,20251031_037_pol_pro_Vio_adu_2025_6_Colorado2025.czi,Vio_adu,780.71,10498.0,17227.0,34,39,119.15,0.959,20251031_037_pol_pro_Vio_adu_2025_6_Colorado2025_x010240_y016896
Unknown_Sample,20251031_037_pol_pro_Vio_adu_2025_6_Colorado2025.czi,Vio_adu,759.16,11102.0,17342.0,37,34,118.67,0.96,20251031_037_pol_pro_Vio_adu_2025_6_Colorado2025_x010752_y016896
Unknown_Sample,20251031_037_pol_pro_Vio_adu_2025_6_Colorado2025.czi,Vio_adu,230.48,11094.0,16901.0,33,13,80.38,0.907,20251031_037_pol_pro_Vio_adu_2025_6_Colorado2025_x010752_y016896
Unknown_Sample,20251031_037_pol_pro_Vio_adu_2025_6_Colorado2025.czi,Vio_adu,375.54,1655.0,17703.0,18,33,90.97,0.911,20251031_037_pol_pro_Vio_adu_2025_6_Colorado2025_x001024_y017408
Unknown_Sample,20251031_037_pol_pro_Vio_adu_2025_6_Colorado2025.czi,Vio_adu,615.26,1660.0,17703.0,31,33,107.01,0.955,20251031_037_pol_pro_Vio_adu_2025_6_Colorado2025_x001536_y017408
Unknown_Sample,20251031_037_pol_pro_Vio_adu_2025_6_Colorado2025.czi,Vio_adu,858.05,1672.0,17992.0,37,38,124.91,0.725,20251031_037_pol_pro_Vio_adu_2025_6_Colorado2025_x001536_y017408
Unknown_Sample,20251031_037_pol_pro_Vio_adu_2025_6_Colorado2025.czi,Vio_adu,670.67,3375.0,17661.0,32,35,111.84,0.893,20251031_037_pol_pro_Vio_adu_2025_6_Colorado2025_x003072_y017408
Unknown_Sample,20251031_037_pol_pro_Vio_adu_2025_6_Colorado2025.czi,Vio_adu,679.52,3842.0,17762.0,34,33,112.43,0.952,20251031_037_pol_pro_Vio_adu_2025_6_Colorado2025_x003584_y017408
Unknown_Sample,20251031_037_pol_pro_Vio_adu_2025_6_Colorado2025.czi,Vio_adu,166.61,4558.0,18042.0,28,10,66.73,0.851,20251031_037_pol_pro_Vio_adu_2025_6_Colorado2025_x004096_y017408
Unknown_Sample,20251031_037_pol_pro_Vio_adu_2025_6_Colorado2025.czi,Vio_adu,613.33,5917.0,17900.0,37,27,108.77,0.818,20251031_037_pol_pro_Vio_adu_2025_6_Colorado2025_x005632_y017408
Unknown_Sample,20251031_037_pol_pro_Vio_adu_2025_6_Colorado2025.czi,Vio_adu,251.26,6671.0,17414.0,30,15,77.21,0.936,20251031_037_pol_pro_Vio_adu_2025_6_Colorado2025_x006144_y017408
Unknown_Sample,20251031_037_pol_pro_Vio_adu_2025_6_Colorado2025.czi,Vio_adu,812.65,6908.0,17427.0,36,37,123.25,0.952,20251031_037_pol_pro_Vio_adu_2025_6_Colorado2025_x006656_y017408
Unknown_Sample,20251031_037_pol_pro_Vio_adu_2025_6_Colorado2025.czi,Vio_adu,375.16,6872.0,17416.0,34,19,90.87,0.947,20251031_037_pol_pro_Vio_adu_2025_6_Colorado2025_x006656_y017408
Unknown_Sample,20251031_037_pol_pro_Vio_adu_2025_6_Colorado2025.czi,Vio_adu,256.26,6671.0,17414.0,31,15,78.63,0.94,20251031_037_pol_pro_Vio_adu_2025_6_Colorado2025_x006656_y017408
Unknown_Sample,20251031_037_pol_pro_Vio_adu_2025_6_Colorado2025.czi,Vio_adu,718.38,7630.0,17595.0,34,35,114.67,0.945,20251031_037_pol_pro_Vio_adu_2025_6_Colorado2025_x007168_y017408
Unknown_Sample,20251031_037_pol_pro_Vio_adu_2025_6_Colorado2025.czi,Vio_adu,831.5,8412.0,17637.0,35,39,124.67,0.949,20251031_037_pol_pro_Vio_adu_2025_6_Colorado2025_x008192_y017408
Unknown_Sample,20251031_037_pol_pro_Vio_adu_2025_6_Colorado2025.czi,Vio_adu,704.91,8818.0,17731.0,28,38,118.63,0.933,20251031_037_pol_pro_Vio_adu_2025_6_Colorado2025_x008192_y017408
Unknown_Sample,20251031_037_pol_pro_Vio_adu_2025_6_Colorado2025.czi,Vio_adu,745.7,8919.0,17458.0,34,37,118.08,0.962,20251031_037_pol_pro_Vio_adu_2025_6_Colorado2025_x008704_y017408
Unknown_Sample,20251031_037_pol_pro_Vio_adu_2025_6_Colorado2025.czi,Vio_adu,807.65,8931.0,17549.0,37,36,122.67,0.957,20251031_037_pol_pro_Vio_adu_2025_6_Colorado2025_x008704_y017408
Unknown_Sample,20251031_037_pol_pro_Vio_adu_2025_6_Colorado2025.czi,Vio_adu,846.12,8821.0,17731.0,36,38,123.5,0.952,20251031_037_pol_pro_Vio_adu_2025_6_Colorado2025_x008704_y017408
Unknown_Sample,20251031_037_pol_pro_Vio_adu_2025_6_Colorado2025.czi,Vio_adu,604.87,9739.0,17437.0,31,31,108.28,0.762,20251031_037_pol_pro_Vio_adu_2025_6_Colorado2025_x009216_y017408
Unknown_Sample,20251031_037_pol_pro_Vio_adu_2025_6_Colorado2025.czi,Vio_adu,555.23,9741.0,17437.0,27,31,104.38,0.828,20251031_037_pol_pro_Vio_adu_2025_6_Colorado2025_x009728_y017408
Unknown_Sample,20251031_037_pol_pro_Vio_adu_2025_6_Colorado2025.czi,Vio_adu,878.06,1672.0,17992.0,38,38,125.74,0.667,20251031_037_pol_pro_Vio_adu_2025_6_Colorado2025_x001536_y017920
Unknown_Sample,20251031_037_pol_pro_Vio_adu_2025_6_Colorado2025.czi,Vio_adu,520.6,4558.0,18051.0,29,29,98.53,0.944,20251031_037_pol_pro_Vio_adu_2025_6_Colorado2025_x004096_y017920
