Sample_ID,CZI_File,Species,Area_um2,Centroid_X,Centroid_Y,Width_px,Height_px,Perimeter_px,Confidence,Tile
Unknown_Sample,20251031_041_pol_pro_Vio_adu_2025_10_Colorado2025.czi,Vio_adu,902.69,1235.0,1113.0,38,39,127.74,0.949,20251031_041_pol_pro_Vio_adu_2025_10_Colorado2025_x001024_y000512
Unknown_Sample,20251031_041_pol_pro_Vio_adu_2025_10_Colorado2025.czi,Vio_adu,1052.36,1832.0,826.0,44,40,138.81,0.943,20251031_041_pol_pro_Vio_adu_2025_10_Colorado2025_x001536_y000512
Unknown_Sample,20251031_041_pol_pro_Vio_adu_2025_10_Colorado2025.czi,Vio_adu,842.28,2035.0,1054.0,39,36,123.15,0.918,20251031_041_pol_pro_Vio_adu_2025_10_Colorado2025_x001536_y000512
Unknown_Sample,20251031_041_pol_pro_Vio_adu_2025_10_Colorado2025.czi,Vio_adu,251.64,2170.0,936.0,12,36,84.97,0.83,20251031_041_pol_pro_Vio_adu_2025_10_Colorado2025_x001536_y000512
Unknown_Sample,20251031_041_pol_pro_Vio_adu_2025_10_Colorado2025.czi,Vio_adu,732.23,2335.0,791.0,35,34,115.84,0.942,20251031_041_pol_pro_Vio_adu_2025_10_Colorado2025_x002048_y000512
Unknown_Sample,20251031_041_pol_pro_Vio_adu_2025_10_Colorado2025.czi,Vio_adu,980.41,2182.0,936.0,37,44,134.57,0.885,20251031_041_pol_pro_Vio_adu_2025_10_Colorado2025_x002048_y000512
Unknown_Sample,20251031_041_pol_pro_Vio_adu_2025_10_Colorado2025.czi,Vio_adu,987.72,3999.0,1043.0,43,40,138.81,0.867,20251031_041_pol_pro_Vio_adu_2025_10_Colorado2025_x003584_y000512
Unknown_Sample,20251031_041_pol_pro_Vio_adu_2025_10_Colorado2025.czi,Vio_adu,1065.83,5498.0,1069.0,43,40,138.57,0.954,20251031_041_pol_pro_Vio_adu_2025_10_Colorado2025_x005120_y000512
Unknown_Sample,20251031_041_pol_pro_Vio_adu_2025_10_Colorado2025.czi,Vio_adu,638.73,6387.0,1140.0,40,25,115.46,0.921,20251031_041_pol_pro_Vio_adu_2025_10_Colorado2025_x006144_y000512
Unknown_Sample,20251031_041_pol_pro_Vio_adu_2025_10_Colorado2025.czi,Vio_adu,911.15,1235.0,1113.0,38,39,128.91,0.948,20251031_041_pol_pro_Vio_adu_2025_10_Colorado2025_x001024_y001024
Unknown_Sample,20251031_041_pol_pro_Vio_adu_2025_10_Colorado2025.czi,Vio_adu,847.66,2035.0,1054.0,39,36,124.33,0.913,20251031_041_pol_pro_Vio_adu_2025_10_Colorado2025_x001536_y001024
Unknown_Sample,20251031_041_pol_pro_Vio_adu_2025_10_Colorado2025.czi,Vio_adu,616.8,2799.0,1536.0,35,30,107.84,0.948,20251031_041_pol_pro_Vio_adu_2025_10_Colorado2025_x002560_y001024
Unknown_Sample,20251031_041_pol_pro_Vio_adu_2025_10_Colorado2025.czi,Vio_adu,924.23,3362.0,1315.0,38,40,129.74,0.955,20251031_041_pol_pro_Vio_adu_2025_10_Colorado2025_x003072_y001024
Unknown_Sample,20251031_041_pol_pro_Vio_adu_2025_10_Colorado2025.czi,Vio_adu,904.99,4119.0,1307.0,38,41,130.57,0.948,20251031_041_pol_pro_Vio_adu_2025_10_Colorado2025_x003584_y001024
Unknown_Sample,20251031_041_pol_pro_Vio_adu_2025_10_Colorado2025.czi,Vio_adu,954.63,3999.0,1043.0,42,39,135.98,0.887,20251031_041_pol_pro_Vio_adu_2025_10_Colorado2025_x003584_y001024
Unknown_Sample,20251031_041_pol_pro_Vio_adu_2025_10_Colorado2025.czi,Vio_adu,891.53,4119.0,1307.0,37,42,128.81,0.951,20251031_041_pol_pro_Vio_adu_2025_10_Colorado2025_x004096_y001024
Unknown_Sample,20251031_041_pol_pro_Vio_adu_2025_10_Colorado2025.czi,Vio_adu,923.85,4887.0,1348.0,40,38,127.98,0.961,20251031_041_pol_pro_Vio_adu_2025_10_Colorado2025_x004608_y001024
Unknown_Sample,20251031_041_pol_pro_Vio_adu_2025_10_Colorado2025.czi,Vio_adu,799.57,5007.0,1297.0,37,35,120.08,0.951,20251031_041_pol_pro_Vio_adu_2025_10_Colorado2025_x004608_y001024
Unknown_Sample,20251031_041_pol_pro_Vio_adu_2025_10_Colorado2025.czi,Vio_adu,701.06,5230.0,1200.0,31,37,114.43,0.907,20251031_041_pol_pro_Vio_adu_2025_10_Colorado2025_x004608_y001024
Unknown_Sample,20251031_041_pol_pro_Vio_adu_2025_10_Colorado2025.czi,Vio_adu,1025.81,5498.0,1068.0,42,40,136.57,0.959,20251031_041_pol_pro_Vio_adu_2025_10_Colorado2025_x005120_y001024
Unknown_Sample,20251031_041_pol_pro_Vio_adu_2025_10_Colorado2025.czi,Vio_adu,831.12,5342.0,1355.0,39,35,122.91,0.956,20251031_041_pol_pro_Vio_adu_2025_10_Colorado2025_x005120_y001024
Unknown_Sample,20251031_041_pol_pro_Vio_adu_2025_10_Colorado2025.czi,Vio_adu,699.14,5230.0,1200.0,31,37,115.01,0.912,20251031_041_pol_pro_Vio_adu_2025_10_Colorado2025_x005120_y001024
Unknown_Sample,20251031_041_pol_pro_Vio_adu_2025_10_Colorado2025.czi,Vio_adu,902.3,6158.0,1165.0,39,39,127.98,0.96,20251031_041_pol_pro_Vio_adu_2025_10_Colorado2025_x005632_y001024
Unknown_Sample,20251031_041_pol_pro_Vio_adu_2025_10_Colorado2025.czi,Vio_adu,856.9,5848.0,1306.0,41,35,126.33,0.958,20251031_041_pol_pro_Vio_adu_2025_10_Colorado2025_x005632_y001024
Unknown_Sample,20251031_041_pol_pro_Vio_adu_2025_10_Colorado2025.czi,Vio_adu,819.57,6160.0,1165.0,34,39,123.25,0.967,20251031_041_pol_pro_Vio_adu_2025_10_Colorado2025_x006144_y001024
Unknown_Sample,20251031_041_pol_pro_Vio_adu_2025_10_Colorado2025.czi,Vio_adu,988.49,6388.0,1146.0,40,41,132.81,0.959,20251031_041_pol_pro_Vio_adu_2025_10_Colorado2025_x006144_y001024
Unknown_Sample,20251031_041_pol_pro_Vio_adu_2025_10_Colorado2025.czi,Vio_adu,976.18,6308.0,1318.0,41,41,135.98,0.941,20251031_041_pol_pro_Vio_adu_2025_10_Colorado2025_x006144_y001024
Unknown_Sample,20251031_041_pol_pro_Vio_adu_2025_10_Colorado2025.czi,Vio_adu,728.38,6337.0,1339.0,37,36,117.98,0.915,20251031_041_pol_pro_Vio_adu_2025_10_Colorado2025_x006144_y001024
Unknown_Sample,20251031_041_pol_pro_Vio_adu_2025_10_Colorado2025.czi,Vio_adu,782.64,1392.0,2112.0,36,36,120.08,0.957,20251031_041_pol_pro_Vio_adu_2025_10_Colorado2025_x001024_y001536
Unknown_Sample,20251031_041_pol_pro_Vio_adu_2025_10_Colorado2025.czi,Vio_adu,503.67,1182.0,2165.0,36,22,103.21,0.91,20251031_041_pol_pro_Vio_adu_2025_10_Colorado2025_x001024_y001536
Unknown_Sample,20251031_041_pol_pro_Vio_adu_2025_10_Colorado2025.czi,Vio_adu,712.61,1750.0,2111.0,36,34,116.08,0.957,20251031_041_pol_pro_Vio_adu_2025_10_Colorado2025_x001536_y001536
Unknown_Sample,20251031_041_pol_pro_Vio_adu_2025_10_Colorado2025.czi,Vio_adu,625.65,2350.0,1916.0,32,32,107.6,0.961,20251031_041_pol_pro_Vio_adu_2025_10_Colorado2025_x002048_y001536
Unknown_Sample,20251031_041_pol_pro_Vio_adu_2025_10_Colorado2025.czi,Vio_adu,766.09,2362.0,1964.0,37,35,118.33,0.959,20251031_041_pol_pro_Vio_adu_2025_10_Colorado2025_x002048_y001536
Unknown_Sample,20251031_041_pol_pro_Vio_adu_2025_10_Colorado2025.czi,Vio_adu,348.22,2278.0,2167.0,35,17,90.04,0.898,20251031_041_pol_pro_Vio_adu_2025_10_Colorado2025_x002048_y001536
Unknown_Sample,20251031_041_pol_pro_Vio_adu_2025_10_Colorado2025.czi,Vio_adu,291.28,2801.0,1543.0,35,15,87.21,0.726,20251031_041_pol_pro_Vio_adu_2025_10_Colorado2025_x002560_y001536
Unknown_Sample,20251031_041_pol_pro_Vio_adu_2025_10_Colorado2025.czi,Vio_adu,710.3,3727.0,2021.0,36,33,114.08,0.96,20251031_041_pol_pro_Vio_adu_2025_10_Colorado2025_x003584_y001536
Unknown_Sample,20251031_041_pol_pro_Vio_adu_2025_10_Colorado2025.czi,Vio_adu,714.92,3811.0,2161.0,36,31,117.11,0.947,20251031_041_pol_pro_Vio_adu_2025_10_Colorado2025_x003584_y001536
Unknown_Sample,20251031_041_pol_pro_Vio_adu_2025_10_Colorado2025.czi,Vio_adu,829.19,4694.0,2120.0,37,37,122.33,0.962,20251031_041_pol_pro_Vio_adu_2025_10_Colorado2025_x004096_y001536
Unknown_Sample,20251031_041_pol_pro_Vio_adu_2025_10_Colorado2025.czi,Vio_adu,871.52,4331.0,1666.0,37,41,129.15,0.929,20251031_041_pol_pro_Vio_adu_2025_10_Colorado2025_x004096_y001536
Unknown_Sample,20251031_041_pol_pro_Vio_adu_2025_10_Colorado2025.czi,Vio_adu,829.96,4694.0,2120.0,37,37,122.33,0.962,20251031_041_pol_pro_Vio_adu_2025_10_Colorado2025_x004608_y001536
Unknown_Sample,20251031_041_pol_pro_Vio_adu_2025_10_Colorado2025.czi,Vio_adu,737.23,5122.0,2161.0,38,30,119.11,0.944,20251031_041_pol_pro_Vio_adu_2025_10_Colorado2025_x004608_y001536
Unknown_Sample,20251031_041_pol_pro_Vio_adu_2025_10_Colorado2025.czi,Vio_adu,808.03,5184.0,2016.0,37,37,122.91,0.929,20251031_041_pol_pro_Vio_adu_2025_10_Colorado2025_x004608_y001536
Unknown_Sample,20251031_041_pol_pro_Vio_adu_2025_10_Colorado2025.czi,Vio_adu,958.86,5217.0,2029.0,44,39,135.05,0.922,20251031_041_pol_pro_Vio_adu_2025_10_Colorado2025_x004608_y001536
Unknown_Sample,20251031_041_pol_pro_Vio_adu_2025_10_Colorado2025.czi,Vio_adu,781.1,5374.0,1919.0,36,36,118.91,0.957,20251031_041_pol_pro_Vio_adu_2025_10_Colorado2025_x005120_y001536
Unknown_Sample,20251031_041_pol_pro_Vio_adu_2025_10_Colorado2025.czi,Vio_adu,391.7,5129.0,2161.0,21,30,90.97,0.948,20251031_041_pol_pro_Vio_adu_2025_10_Colorado2025_x005120_y001536
Unknown_Sample,20251031_041_pol_pro_Vio_adu_2025_10_Colorado2025.czi,Vio_adu,808.03,5184.0,2016.0,37,37,122.91,0.929,20251031_041_pol_pro_Vio_adu_2025_10_Colorado2025_x005120_y001536
Unknown_Sample,20251031_041_pol_pro_Vio_adu_2025_10_Colorado2025.czi,Vio_adu,957.71,5217.0,2029.0,44,39,134.47,0.922,20251031_041_pol_pro_Vio_adu_2025_10_Colorado2025_x005120_y001536
Unknown_Sample,20251031_041_pol_pro_Vio_adu_2025_10_Colorado2025.czi,Vio_adu,857.28,6074.0,2068.0,38,37,123.74,0.958,20251031_041_pol_pro_Vio_adu_2025_10_Colorado2025_x005632_y001536
Unknown_Sample,20251031_041_pol_pro_Vio_adu_2025_10_Colorado2025.czi,Vio_adu,909.61,5994.0,1913.0,40,38,128.57,0.956,20251031_041_pol_pro_Vio_adu_2025_10_Colorado2025_x005632_y001536
Unknown_Sample,20251031_041_pol_pro_Vio_adu_2025_10_Colorado2025.czi,Vio_adu,1024.66,6482.0,1935.0,41,41,135.98,0.96,20251031_041_pol_pro_Vio_adu_2025_10_Colorado2025_x006144_y001536
Unknown_Sample,20251031_041_pol_pro_Vio_adu_2025_10_Colorado2025.czi,Vio_adu,559.08,6652.0,2164.0,36,24,107.21,0.93,20251031_041_pol_pro_Vio_adu_2025_10_Colorado2025_x006144_y001536
Unknown_Sample,20251031_041_pol_pro_Vio_adu_2025_10_Colorado2025.czi,Vio_adu,1084.3,7043.0,1792.0,42,43,139.05,0.959,20251031_041_pol_pro_Vio_adu_2025_10_Colorado2025_x006656_y001536
Unknown_Sample,20251031_041_pol_pro_Vio_adu_2025_10_Colorado2025.czi,Vio_adu,897.3,7066.0,1723.0,40,37,126.57,0.945,20251031_041_pol_pro_Vio_adu_2025_10_Colorado2025_x006656_y001536
Unknown_Sample,20251031_041_pol_pro_Vio_adu_2025_10_Colorado2025.czi,Vio_adu,203.16,6663.0,2165.0,15,23,67.31,0.921,20251031_041_pol_pro_Vio_adu_2025_10_Colorado2025_x006656_y001536
Unknown_Sample,20251031_041_pol_pro_Vio_adu_2025_10_Colorado2025.czi,Vio_adu,957.71,7338.0,1883.0,40,40,130.81,0.956,20251031_041_pol_pro_Vio_adu_2025_10_Colorado2025_x007168_y001536
Unknown_Sample,20251031_041_pol_pro_Vio_adu_2025_10_Colorado2025.czi,Vio_adu,847.28,1514.0,2420.0,37,38,123.74,0.961,20251031_041_pol_pro_Vio_adu_2025_10_Colorado2025_x001024_y002048
Unknown_Sample,20251031_041_pol_pro_Vio_adu_2025_10_Colorado2025.czi,Vio_adu,722.23,1417.0,2243.0,35,34,114.67,0.957,20251031_041_pol_pro_Vio_adu_2025_10_Colorado2025_x001024_y002048
Unknown_Sample,20251031_041_pol_pro_Vio_adu_2025_10_Colorado2025.czi,Vio_adu,781.87,1392.0,2113.0,36,36,120.08,0.957,20251031_041_pol_pro_Vio_adu_2025_10_Colorado2025_x001024_y002048
Unknown_Sample,20251031_041_pol_pro_Vio_adu_2025_10_Colorado2025.czi,Vio_adu,689.52,1539.0,2670.0,33,35,114.43,0.951,20251031_041_pol_pro_Vio_adu_2025_10_Colorado2025_x001024_y002048
Unknown_Sample,20251031_041_pol_pro_Vio_adu_2025_10_Colorado2025.czi,Vio_adu,783.02,1181.0,2171.0,36,37,119.15,0.941,20251031_041_pol_pro_Vio_adu_2025_10_Colorado2025_x001024_y002048
Unknown_Sample,20251031_041_pol_pro_Vio_adu_2025_10_Colorado2025.czi,Vio_adu,560.23,1652.0,2442.0,25,36,106.28,0.935,20251031_041_pol_pro_Vio_adu_2025_10_Colorado2025_x001024_y002048
Unknown_Sample,20251031_041_pol_pro_Vio_adu_2025_10_Colorado2025.czi,Vio_adu,712.22,1750.0,2111.0,36,34,115.5,0.958,20251031_041_pol_pro_Vio_adu_2025_10_Colorado2025_x001536_y002048
Unknown_Sample,20251031_041_pol_pro_Vio_adu_2025_10_Colorado2025.czi,Vio_adu,728.0,1655.0,2441.0,35,36,115.74,0.956,20251031_041_pol_pro_Vio_adu_2025_10_Colorado2025_x001536_y002048
Unknown_Sample,20251031_041_pol_pro_Vio_adu_2025_10_Colorado2025.czi,Vio_adu,412.87,1545.0,2671.0,20,35,97.21,0.887,20251031_041_pol_pro_Vio_adu_2025_10_Colorado2025_x001536_y002048
Unknown_Sample,20251031_041_pol_pro_Vio_adu_2025_10_Colorado2025.czi,Vio_adu,767.24,2278.0,2176.0,36,36,118.91,0.961,20251031_041_pol_pro_Vio_adu_2025_10_Colorado2025_x002048_y002048
Unknown_Sample,20251031_041_pol_pro_Vio_adu_2025_10_Colorado2025.czi,Vio_adu,502.52,3145.0,2677.0,35,23,102.63,0.933,20251031_041_pol_pro_Vio_adu_2025_10_Colorado2025_x002560_y002048
Unknown_Sample,20251031_041_pol_pro_Vio_adu_2025_10_Colorado2025.czi,Vio_adu,501.75,3145.0,2677.0,35,23,102.63,0.934,20251031_041_pol_pro_Vio_adu_2025_10_Colorado2025_x003072_y002048
Unknown_Sample,20251031_041_pol_pro_Vio_adu_2025_10_Colorado2025.czi,Vio_adu,792.26,3742.0,2283.0,36,37,119.15,0.959,20251031_041_pol_pro_Vio_adu_2025_10_Colorado2025_x003584_y002048
Unknown_Sample,20251031_041_pol_pro_Vio_adu_2025_10_Colorado2025.czi,Vio_adu,819.57,4068.0,2265.0,36,38,121.74,0.958,20251031_041_pol_pro_Vio_adu_2025_10_Colorado2025_x003584_y002048
Unknown_Sample,20251031_041_pol_pro_Vio_adu_2025_10_Colorado2025.czi,Vio_adu,799.18,3812.0,2162.0,36,37,120.33,0.957,20251031_041_pol_pro_Vio_adu_2025_10_Colorado2025_x003584_y002048
Unknown_Sample,20251031_041_pol_pro_Vio_adu_2025_10_Colorado2025.czi,Vio_adu,828.81,4694.0,2120.0,37,37,122.91,0.962,20251031_041_pol_pro_Vio_adu_2025_10_Colorado2025_x004096_y002048
Unknown_Sample,20251031_041_pol_pro_Vio_adu_2025_10_Colorado2025.czi,Vio_adu,828.04,4694.0,2120.0,37,37,122.91,0.963,20251031_041_pol_pro_Vio_adu_2025_10_Colorado2025_x004608_y002048
Unknown_Sample,20251031_041_pol_pro_Vio_adu_2025_10_Colorado2025.czi,Vio_adu,719.53,5005.0,2660.0,35,34,114.08,0.959,20251031_041_pol_pro_Vio_adu_2025_10_Colorado2025_x004608_y002048
Unknown_Sample,20251031_041_pol_pro_Vio_adu_2025_10_Colorado2025.czi,Vio_adu,836.89,5122.0,2163.0,38,37,123.15,0.956,20251031_041_pol_pro_Vio_adu_2025_10_Colorado2025_x004608_y002048
Unknown_Sample,20251031_041_pol_pro_Vio_adu_2025_10_Colorado2025.czi,Vio_adu,803.8,5650.0,2498.0,36,38,121.15,0.953,20251031_041_pol_pro_Vio_adu_2025_10_Colorado2025_x005120_y002048
Unknown_Sample,20251031_041_pol_pro_Vio_adu_2025_10_Colorado2025.czi,Vio_adu,454.81,5129.0,2163.0,21,37,100.28,0.95,20251031_041_pol_pro_Vio_adu_2025_10_Colorado2025_x005120_y002048
Unknown_Sample,20251031_041_pol_pro_Vio_adu_2025_10_Colorado2025.czi,Vio_adu,244.72,5500.0,2682.0,37,12,84.63,0.878,20251031_041_pol_pro_Vio_adu_2025_10_Colorado2025_x005120_y002048
Unknown_Sample,20251031_041_pol_pro_Vio_adu_2025_10_Colorado2025.czi,Vio_adu,197.01,5754.0,2228.0,11,33,75.8,0.842,20251031_041_pol_pro_Vio_adu_2025_10_Colorado2025_x005120_y002048
Unknown_Sample,20251031_041_pol_pro_Vio_adu_2025_10_Colorado2025.czi,Vio_adu,862.67,6074.0,2068.0,38,38,125.74,0.957,20251031_041_pol_pro_Vio_adu_2025_10_Colorado2025_x005632_y002048
Unknown_Sample,20251031_041_pol_pro_Vio_adu_2025_10_Colorado2025.czi,Vio_adu,851.51,5890.0,2363.0,37,38,123.15,0.957,20251031_041_pol_pro_Vio_adu_2025_10_Colorado2025_x005632_y002048
Unknown_Sample,20251031_041_pol_pro_Vio_adu_2025_10_Colorado2025.czi,Vio_adu,953.86,5768.0,2229.0,41,39,130.81,0.953,20251031_041_pol_pro_Vio_adu_2025_10_Colorado2025_x005632_y002048
Unknown_Sample,20251031_041_pol_pro_Vio_adu_2025_10_Colorado2025.czi,Vio_adu,799.95,5650.0,2498.0,35,38,121.5,0.95,20251031_041_pol_pro_Vio_adu_2025_10_Colorado2025_x005632_y002048
Unknown_Sample,20251031_041_pol_pro_Vio_adu_2025_10_Colorado2025.czi,Vio_adu,983.1,6406.0,2507.0,40,41,133.98,0.96,20251031_041_pol_pro_Vio_adu_2025_10_Colorado2025_x006144_y002048
Unknown_Sample,20251031_041_pol_pro_Vio_adu_2025_10_Colorado2025.czi,Vio_adu,834.2,6653.0,2169.0,37,38,123.74,0.953,20251031_041_pol_pro_Vio_adu_2025_10_Colorado2025_x006144_y002048
Unknown_Sample,20251031_041_pol_pro_Vio_adu_2025_10_Colorado2025.czi,Vio_adu,935.78,6983.0,2267.0,39,39,129.74,0.958,20251031_041_pol_pro_Vio_adu_2025_10_Colorado2025_x006656_y002048
Unknown_Sample,20251031_041_pol_pro_Vio_adu_2025_10_Colorado2025.czi,Vio_adu,300.9,6662.0,2170.0,15,37,89.46,0.934,20251031_041_pol_pro_Vio_adu_2025_10_Colorado2025_x006656_y002048
Unknown_Sample,20251031_041_pol_pro_Vio_adu_2025_10_Colorado2025.czi,Vio_adu,503.67,7106.0,2677.0,37,22,104.04,0.925,20251031_041_pol_pro_Vio_adu_2025_10_Colorado2025_x006656_y002048
Unknown_Sample,20251031_041_pol_pro_Vio_adu_2025_10_Colorado2025.czi,Vio_adu,787.64,7768.0,2211.0,38,35,120.33,0.946,20251031_041_pol_pro_Vio_adu_2025_10_Colorado2025_x007168_y002048
Unknown_Sample,20251031_041_pol_pro_Vio_adu_2025_10_Colorado2025.czi,Vio_adu,788.41,7768.0,2211.0,39,35,121.15,0.946,20251031_041_pol_pro_Vio_adu_2025_10_Colorado2025_x007680_y002048
Unknown_Sample,20251031_041_pol_pro_Vio_adu_2025_10_Colorado2025.czi,Vio_adu,689.9,1539.0,2670.0,33,36,114.67,0.956,20251031_041_pol_pro_Vio_adu_2025_10_Colorado2025_x001024_y002560
Unknown_Sample,20251031_041_pol_pro_Vio_adu_2025_10_Colorado2025.czi,Vio_adu,416.71,1545.0,2671.0,20,36,96.87,0.955,20251031_041_pol_pro_Vio_adu_2025_10_Colorado2025_x001536_y002560
Unknown_Sample,20251031_041_pol_pro_Vio_adu_2025_10_Colorado2025.czi,Vio_adu,755.7,3145.0,2682.0,35,37,117.74,0.961,20251031_041_pol_pro_Vio_adu_2025_10_Colorado2025_x002560_y002560
Unknown_Sample,20251031_041_pol_pro_Vio_adu_2025_10_Colorado2025.czi,Vio_adu,755.7,3145.0,2682.0,35,37,117.74,0.961,20251031_041_pol_pro_Vio_adu_2025_10_Colorado2025_x003072_y002560
Unknown_Sample,20251031_041_pol_pro_Vio_adu_2025_10_Colorado2025.czi,Vio_adu,823.04,3782.0,2986.0,37,37,122.33,0.963,20251031_041_pol_pro_Vio_adu_2025_10_Colorado2025_x003584_y002560
Unknown_Sample,20251031_041_pol_pro_Vio_adu_2025_10_Colorado2025.czi,Vio_adu,716.07,5005.0,2660.0,35,34,114.67,0.959,20251031_041_pol_pro_Vio_adu_2025_10_Colorado2025_x004608_y002560
Unknown_Sample,20251031_041_pol_pro_Vio_adu_2025_10_Colorado2025.czi,Vio_adu,788.41,4787.0,2695.0,36,36,119.5,0.958,20251031_041_pol_pro_Vio_adu_2025_10_Colorado2025_x004608_y002560
Unknown_Sample,20251031_041_pol_pro_Vio_adu_2025_10_Colorado2025.czi,Vio_adu,967.71,5500.0,2694.0,40,40,131.98,0.962,20251031_041_pol_pro_Vio_adu_2025_10_Colorado2025_x005120_y002560
Unknown_Sample,20251031_041_pol_pro_Vio_adu_2025_10_Colorado2025.czi,Vio_adu,853.43,5409.0,3157.0,36,38,124.08,0.96,20251031_041_pol_pro_Vio_adu_2025_10_Colorado2025_x005120_y002560
Unknown_Sample,20251031_041_pol_pro_Vio_adu_2025_10_Colorado2025.czi,Vio_adu,769.55,5451.0,2734.0,37,35,117.74,0.954,20251031_041_pol_pro_Vio_adu_2025_10_Colorado2025_x005120_y002560
Unknown_Sample,20251031_041_pol_pro_Vio_adu_2025_10_Colorado2025.czi,Vio_adu,1038.9,6906.0,2865.0,40,43,137.4,0.959,20251031_041_pol_pro_Vio_adu_2025_10_Colorado2025_x006656_y002560
Unknown_Sample,20251031_041_pol_pro_Vio_adu_2025_10_Colorado2025.czi,Vio_adu,834.2,7106.0,2683.0,37,38,123.74,0.954,20251031_041_pol_pro_Vio_adu_2025_10_Colorado2025_x006656_y002560
Unknown_Sample,20251031_041_pol_pro_Vio_adu_2025_10_Colorado2025.czi,Vio_adu,325.52,6797.0,3192.0,36,16,89.46,0.894,20251031_041_pol_pro_Vio_adu_2025_10_Colorado2025_x006656_y002560
Unknown_Sample,20251031_041_pol_pro_Vio_adu_2025_10_Colorado2025.czi,Vio_adu,851.51,7364.0,2722.0,38,37,124.33,0.957,20251031_041_pol_pro_Vio_adu_2025_10_Colorado2025_x007168_y002560
Unknown_Sample,20251031_041_pol_pro_Vio_adu_2025_10_Colorado2025.czi,Vio_adu,1072.37,7619.0,3127.0,43,42,139.64,0.956,20251031_041_pol_pro_Vio_adu_2025_10_Colorado2025_x007168_y002560
Unknown_Sample,20251031_041_pol_pro_Vio_adu_2025_10_Colorado2025.czi,Vio_adu,945.01,7745.0,2761.0,40,40,131.4,0.956,20251031_041_pol_pro_Vio_adu_2025_10_Colorado2025_x007168_y002560
Unknown_Sample,20251031_041_pol_pro_Vio_adu_2025_10_Colorado2025.czi,Vio_adu,899.22,7577.0,3153.0,38,40,127.98,0.955,20251031_041_pol_pro_Vio_adu_2025_10_Colorado2025_x007168_y002560
Unknown_Sample,20251031_041_pol_pro_Vio_adu_2025_10_Colorado2025.czi,Vio_adu,918.46,7886.0,2810.0,40,38,129.15,0.961,20251031_041_pol_pro_Vio_adu_2025_10_Colorado2025_x007680_y002560
Unknown_Sample,20251031_041_pol_pro_Vio_adu_2025_10_Colorado2025.czi,Vio_adu,944.24,7745.0,2761.0,40,40,131.4,0.956,20251031_041_pol_pro_Vio_adu_2025_10_Colorado2025_x007680_y002560
Unknown_Sample,20251031_041_pol_pro_Vio_adu_2025_10_Colorado2025.czi,Vio_adu,760.7,7828.0,2974.0,36,35,116.33,0.955,20251031_041_pol_pro_Vio_adu_2025_10_Colorado2025_x007680_y002560
Unknown_Sample,20251031_041_pol_pro_Vio_adu_2025_10_Colorado2025.czi,Vio_adu,658.35,9258.0,2895.0,31,36,113.01,0.731,20251031_041_pol_pro_Vio_adu_2025_10_Colorado2025_x008704_y002560
Unknown_Sample,20251031_041_pol_pro_Vio_adu_2025_10_Colorado2025.czi,Vio_adu,659.51,9258.0,2895.0,31,36,112.43,0.712,20251031_041_pol_pro_Vio_adu_2025_10_Colorado2025_x009216_y002560
Unknown_Sample,20251031_041_pol_pro_Vio_adu_2025_10_Colorado2025.czi,Vio_adu,876.14,1971.0,3607.0,37,39,125.15,0.964,20251031_041_pol_pro_Vio_adu_2025_10_Colorado2025_x001536_y003072
Unknown_Sample,20251031_041_pol_pro_Vio_adu_2025_10_Colorado2025.czi,Vio_adu,597.94,2455.0,3535.0,33,30,104.43,0.957,20251031_041_pol_pro_Vio_adu_2025_10_Colorado2025_x002048_y003072
Unknown_Sample,20251031_041_pol_pro_Vio_adu_2025_10_Colorado2025.czi,Vio_adu,788.41,4081.0,3615.0,37,36,121.5,0.96,20251031_041_pol_pro_Vio_adu_2025_10_Colorado2025_x003584_y003072
Unknown_Sample,20251031_041_pol_pro_Vio_adu_2025_10_Colorado2025.czi,Vio_adu,727.61,4714.0,3488.0,33,37,115.5,0.957,20251031_041_pol_pro_Vio_adu_2025_10_Colorado2025_x004096_y003072
Unknown_Sample,20251031_041_pol_pro_Vio_adu_2025_10_Colorado2025.czi,Vio_adu,724.53,4714.0,3488.0,33,37,115.5,0.959,20251031_041_pol_pro_Vio_adu_2025_10_Colorado2025_x004608_y003072
Unknown_Sample,20251031_041_pol_pro_Vio_adu_2025_10_Colorado2025.czi,Vio_adu,819.96,5520.0,3499.0,38,36,122.33,0.961,20251031_041_pol_pro_Vio_adu_2025_10_Colorado2025_x005120_y003072
Unknown_Sample,20251031_041_pol_pro_Vio_adu_2025_10_Colorado2025.czi,Vio_adu,853.43,5409.0,3157.0,36,38,124.08,0.96,20251031_041_pol_pro_Vio_adu_2025_10_Colorado2025_x005120_y003072
Unknown_Sample,20251031_041_pol_pro_Vio_adu_2025_10_Colorado2025.czi,Vio_adu,833.43,6798.0,3202.0,36,38,122.91,0.962,20251031_041_pol_pro_Vio_adu_2025_10_Colorado2025_x006656_y003072
Unknown_Sample,20251031_041_pol_pro_Vio_adu_2025_10_Colorado2025.czi,Vio_adu,871.13,7135.0,3386.0,39,37,126.91,0.959,20251031_041_pol_pro_Vio_adu_2025_10_Colorado2025_x006656_y003072
Unknown_Sample,20251031_041_pol_pro_Vio_adu_2025_10_Colorado2025.czi,Vio_adu,510.6,7285.0,3561.0,22,37,104.04,0.932,20251031_041_pol_pro_Vio_adu_2025_10_Colorado2025_x006656_y003072
Unknown_Sample,20251031_041_pol_pro_Vio_adu_2025_10_Colorado2025.czi,Vio_adu,826.12,7444.0,3506.0,37,38,123.15,0.959,20251031_041_pol_pro_Vio_adu_2025_10_Colorado2025_x007168_y003072
Unknown_Sample,20251031_041_pol_pro_Vio_adu_2025_10_Colorado2025.czi,Vio_adu,946.55,7706.0,3608.0,41,40,133.4,0.956,20251031_041_pol_pro_Vio_adu_2025_10_Colorado2025_x007168_y003072
Unknown_Sample,20251031_041_pol_pro_Vio_adu_2025_10_Colorado2025.czi,Vio_adu,1071.6,7619.0,3127.0,43,42,139.64,0.956,20251031_041_pol_pro_Vio_adu_2025_10_Colorado2025_x007168_y003072
Unknown_Sample,20251031_041_pol_pro_Vio_adu_2025_10_Colorado2025.czi,Vio_adu,899.22,7577.0,3153.0,38,40,127.98,0.956,20251031_041_pol_pro_Vio_adu_2025_10_Colorado2025_x007168_y003072
Unknown_Sample,20251031_041_pol_pro_Vio_adu_2025_10_Colorado2025.czi,Vio_adu,759.93,7290.0,3562.0,34,37,118.67,0.954,20251031_041_pol_pro_Vio_adu_2025_10_Colorado2025_x007168_y003072
Unknown_Sample,20251031_041_pol_pro_Vio_adu_2025_10_Colorado2025.czi,Vio_adu,798.03,8040.0,3667.0,37,36,120.91,0.962,20251031_041_pol_pro_Vio_adu_2025_10_Colorado2025_x007680_y003072
Unknown_Sample,20251031_041_pol_pro_Vio_adu_2025_10_Colorado2025.czi,Vio_adu,846.12,7876.0,3266.0,38,37,124.33,0.96,20251031_041_pol_pro_Vio_adu_2025_10_Colorado2025_x007680_y003072
Unknown_Sample,20251031_041_pol_pro_Vio_adu_2025_10_Colorado2025.czi,Vio_adu,949.24,7706.0,3608.0,41,40,132.81,0.956,20251031_041_pol_pro_Vio_adu_2025_10_Colorado2025_x007680_y003072
Unknown_Sample,20251031_041_pol_pro_Vio_adu_2025_10_Colorado2025.czi,Vio_adu,996.96,8776.0,3640.0,42,41,134.47,0.96,20251031_041_pol_pro_Vio_adu_2025_10_Colorado2025_x008192_y003072
Unknown_Sample,20251031_041_pol_pro_Vio_adu_2025_10_Colorado2025.czi,Vio_adu,589.48,8354.0,3460.0,29,35,105.25,0.954,20251031_041_pol_pro_Vio_adu_2025_10_Colorado2025_x008192_y003072
Unknown_Sample,20251031_041_pol_pro_Vio_adu_2025_10_Colorado2025.czi,Vio_adu,855.36,8559.0,3418.0,39,38,124.81,0.953,20251031_041_pol_pro_Vio_adu_2025_10_Colorado2025_x008192_y003072
Unknown_Sample,20251031_041_pol_pro_Vio_adu_2025_10_Colorado2025.czi,Vio_adu,837.66,8981.0,3553.0,37,37,124.67,0.962,20251031_041_pol_pro_Vio_adu_2025_10_Colorado2025_x008704_y003072
Unknown_Sample,20251031_041_pol_pro_Vio_adu_2025_10_Colorado2025.czi,Vio_adu,997.73,8776.0,3640.0,42,41,134.47,0.96,20251031_041_pol_pro_Vio_adu_2025_10_Colorado2025_x008704_y003072
Unknown_Sample,20251031_041_pol_pro_Vio_adu_2025_10_Colorado2025.czi,Vio_adu,777.25,1462.0,4130.0,35,37,118.91,0.963,20251031_041_pol_pro_Vio_adu_2025_10_Colorado2025_x001024_y003584
Unknown_Sample,20251031_041_pol_pro_Vio_adu_2025_10_Colorado2025.czi,Vio_adu,705.68,1294.0,4090.0,34,35,111.74,0.962,20251031_041_pol_pro_Vio_adu_2025_10_Colorado2025_x001024_y003584
Unknown_Sample,20251031_041_pol_pro_Vio_adu_2025_10_Colorado2025.czi,Vio_adu,675.28,1562.0,4201.0,35,32,111.84,0.959,20251031_041_pol_pro_Vio_adu_2025_10_Colorado2025_x001024_y003584
Unknown_Sample,20251031_041_pol_pro_Vio_adu_2025_10_Colorado2025.czi,Vio_adu,876.14,1971.0,3607.0,37,39,125.15,0.964,20251031_041_pol_pro_Vio_adu_2025_10_Colorado2025_x001536_y003584
Unknown_Sample,20251031_041_pol_pro_Vio_adu_2025_10_Colorado2025.czi,Vio_adu,676.05,1562.0,4201.0,35,32,111.84,0.959,20251031_041_pol_pro_Vio_adu_2025_10_Colorado2025_x001536_y003584
Unknown_Sample,20251031_041_pol_pro_Vio_adu_2025_10_Colorado2025.czi,Vio_adu,707.6,2211.0,4088.0,34,35,113.5,0.964,20251031_041_pol_pro_Vio_adu_2025_10_Colorado2025_x002048_y003584
Unknown_Sample,20251031_041_pol_pro_Vio_adu_2025_10_Colorado2025.czi,Vio_adu,498.67,2370.0,4212.0,34,23,101.8,0.938,20251031_041_pol_pro_Vio_adu_2025_10_Colorado2025_x002048_y003584
Unknown_Sample,20251031_041_pol_pro_Vio_adu_2025_10_Colorado2025.czi,Vio_adu,723.38,3065.0,3831.0,33,35,114.43,0.962,20251031_041_pol_pro_Vio_adu_2025_10_Colorado2025_x002560_y003584
Unknown_Sample,20251031_041_pol_pro_Vio_adu_2025_10_Colorado2025.czi,Vio_adu,684.9,2812.0,3734.0,33,34,111.25,0.961,20251031_041_pol_pro_Vio_adu_2025_10_Colorado2025_x002560_y003584
Unknown_Sample,20251031_041_pol_pro_Vio_adu_2025_10_Colorado2025.czi,Vio_adu,651.43,2733.0,4098.0,33,32,109.01,0.96,20251031_041_pol_pro_Vio_adu_2025_10_Colorado2025_x002560_y003584
Unknown_Sample,20251031_041_pol_pro_Vio_adu_2025_10_Colorado2025.czi,Vio_adu,165.07,3076.0,3832.0,10,32,72.38,0.93,20251031_041_pol_pro_Vio_adu_2025_10_Colorado2025_x003072_y003584
Unknown_Sample,20251031_041_pol_pro_Vio_adu_2025_10_Colorado2025.czi,Vio_adu,784.94,4081.0,3615.0,37,36,120.91,0.959,20251031_041_pol_pro_Vio_adu_2025_10_Colorado2025_x003584_y003584
Unknown_Sample,20251031_041_pol_pro_Vio_adu_2025_10_Colorado2025.czi,Vio_adu,907.69,4044.0,3733.0,39,40,129.64,0.955,20251031_041_pol_pro_Vio_adu_2025_10_Colorado2025_x003584_y003584
Unknown_Sample,20251031_041_pol_pro_Vio_adu_2025_10_Colorado2025.czi,Vio_adu,361.69,4792.0,4215.0,35,17,90.63,0.911,20251031_041_pol_pro_Vio_adu_2025_10_Colorado2025_x004608_y003584
Unknown_Sample,20251031_041_pol_pro_Vio_adu_2025_10_Colorado2025.czi,Vio_adu,773.02,5332.0,4189.0,35,36,118.67,0.964,20251031_041_pol_pro_Vio_adu_2025_10_Colorado2025_x005120_y003584
Unknown_Sample,20251031_041_pol_pro_Vio_adu_2025_10_Colorado2025.czi,Vio_adu,769.55,5673.0,3868.0,35,36,118.08,0.961,20251031_041_pol_pro_Vio_adu_2025_10_Colorado2025_x005120_y003584
Unknown_Sample,20251031_041_pol_pro_Vio_adu_2025_10_Colorado2025.czi,Vio_adu,336.68,5262.0,4216.0,34,16,87.21,0.904,20251031_041_pol_pro_Vio_adu_2025_10_Colorado2025_x005120_y003584
Unknown_Sample,20251031_041_pol_pro_Vio_adu_2025_10_Colorado2025.czi,Vio_adu,976.95,6022.0,3984.0,41,40,133.98,0.965,20251031_041_pol_pro_Vio_adu_2025_10_Colorado2025_x005632_y003584
Unknown_Sample,20251031_041_pol_pro_Vio_adu_2025_10_Colorado2025.czi,Vio_adu,769.55,5673.0,3868.0,35,36,118.08,0.961,20251031_041_pol_pro_Vio_adu_2025_10_Colorado2025_x005632_y003584
Unknown_Sample,20251031_041_pol_pro_Vio_adu_2025_10_Colorado2025.czi,Vio_adu,842.28,6569.0,3859.0,37,37,123.5,0.963,20251031_041_pol_pro_Vio_adu_2025_10_Colorado2025_x006144_y003584
Unknown_Sample,20251031_041_pol_pro_Vio_adu_2025_10_Colorado2025.czi,Vio_adu,816.11,6610.0,3721.0,37,37,121.15,0.962,20251031_041_pol_pro_Vio_adu_2025_10_Colorado2025_x006144_y003584
Unknown_Sample,20251031_041_pol_pro_Vio_adu_2025_10_Colorado2025.czi,Vio_adu,799.18,6765.0,3903.0,36,35,122.18,0.95,20251031_041_pol_pro_Vio_adu_2025_10_Colorado2025_x006144_y003584
Unknown_Sample,20251031_041_pol_pro_Vio_adu_2025_10_Colorado2025.czi,Vio_adu,962.71,6854.0,3923.0,39,41,133.74,0.962,20251031_041_pol_pro_Vio_adu_2025_10_Colorado2025_x006656_y003584
Unknown_Sample,20251031_041_pol_pro_Vio_adu_2025_10_Colorado2025.czi,Vio_adu,826.5,6766.0,3903.0,39,35,122.91,0.962,20251031_041_pol_pro_Vio_adu_2025_10_Colorado2025_x006656_y003584
Unknown_Sample,20251031_041_pol_pro_Vio_adu_2025_10_Colorado2025.czi,Vio_adu,1045.82,7025.0,3789.0,43,40,137.4,0.961,20251031_041_pol_pro_Vio_adu_2025_10_Colorado2025_x006656_y003584
Unknown_Sample,20251031_041_pol_pro_Vio_adu_2025_10_Colorado2025.czi,Vio_adu,955.79,7196.0,4165.0,41,39,132.57,0.961,20251031_041_pol_pro_Vio_adu_2025_10_Colorado2025_x006656_y003584
Unknown_Sample,20251031_041_pol_pro_Vio_adu_2025_10_Colorado2025.czi,Vio_adu,849.97,7591.0,3868.0,37,37,124.67,0.965,20251031_041_pol_pro_Vio_adu_2025_10_Colorado2025_x007168_y003584
Unknown_Sample,20251031_041_pol_pro_Vio_adu_2025_10_Colorado2025.czi,Vio_adu,959.63,7196.0,4165.0,41,39,132.57,0.959,20251031_041_pol_pro_Vio_adu_2025_10_Colorado2025_x007168_y003584
Unknown_Sample,20251031_041_pol_pro_Vio_adu_2025_10_Colorado2025.czi,Vio_adu,948.47,7706.0,3608.0,41,40,132.81,0.956,20251031_041_pol_pro_Vio_adu_2025_10_Colorado2025_x007168_y003584
Unknown_Sample,20251031_041_pol_pro_Vio_adu_2025_10_Colorado2025.czi,Vio_adu,750.7,7565.0,4199.0,37,37,124.67,0.938,20251031_041_pol_pro_Vio_adu_2025_10_Colorado2025_x007168_y003584
Unknown_Sample,20251031_041_pol_pro_Vio_adu_2025_10_Colorado2025.czi,Vio_adu,469.04,7592.0,4214.0,44,21,123.84,0.836,20251031_041_pol_pro_Vio_adu_2025_10_Colorado2025_x007168_y003584
Unknown_Sample,20251031_041_pol_pro_Vio_adu_2025_10_Colorado2025.czi,Vio_adu,798.03,8040.0,3667.0,37,36,120.91,0.962,20251031_041_pol_pro_Vio_adu_2025_10_Colorado2025_x007680_y003584
Unknown_Sample,20251031_041_pol_pro_Vio_adu_2025_10_Colorado2025.czi,Vio_adu,939.24,7706.0,3608.0,40,40,131.98,0.956,20251031_041_pol_pro_Vio_adu_2025_10_Colorado2025_x007680_y003584
Unknown_Sample,20251031_041_pol_pro_Vio_adu_2025_10_Colorado2025.czi,Vio_adu,690.67,8234.0,4163.0,35,34,112.33,0.956,20251031_041_pol_pro_Vio_adu_2025_10_Colorado2025_x007680_y003584
Unknown_Sample,20251031_041_pol_pro_Vio_adu_2025_10_Colorado2025.czi,Vio_adu,888.06,8188.0,4019.0,39,39,127.4,0.955,20251031_041_pol_pro_Vio_adu_2025_10_Colorado2025_x007680_y003584
Unknown_Sample,20251031_041_pol_pro_Vio_adu_2025_10_Colorado2025.czi,Vio_adu,996.96,8776.0,3640.0,42,41,134.47,0.96,20251031_041_pol_pro_Vio_adu_2025_10_Colorado2025_x008192_y003584
Unknown_Sample,20251031_041_pol_pro_Vio_adu_2025_10_Colorado2025.czi,Vio_adu,693.37,8234.0,4163.0,35,34,112.91,0.956,20251031_041_pol_pro_Vio_adu_2025_10_Colorado2025_x008192_y003584
Unknown_Sample,20251031_041_pol_pro_Vio_adu_2025_10_Colorado2025.czi,Vio_adu,319.75,8199.0,4019.0,16,38,91.7,0.931,20251031_041_pol_pro_Vio_adu_2025_10_Colorado2025_x008192_y003584
Unknown_Sample,20251031_041_pol_pro_Vio_adu_2025_10_Colorado2025.czi,Vio_adu,998.5,8776.0,3640.0,42,41,134.47,0.96,20251031_041_pol_pro_Vio_adu_2025_10_Colorado2025_x008704_y003584
Unknown_Sample,20251031_041_pol_pro_Vio_adu_2025_10_Colorado2025.czi,Vio_adu,775.33,9165.0,3906.0,36,37,120.33,0.957,20251031_041_pol_pro_Vio_adu_2025_10_Colorado2025_x008704_y003584
Unknown_Sample,20251031_041_pol_pro_Vio_adu_2025_10_Colorado2025.czi,Vio_adu,777.25,1462.0,4130.0,35,37,118.91,0.962,20251031_041_pol_pro_Vio_adu_2025_10_Colorado2025_x001024_y004096
Unknown_Sample,20251031_041_pol_pro_Vio_adu_2025_10_Colorado2025.czi,Vio_adu,672.97,1562.0,4201.0,35,32,111.84,0.959,20251031_041_pol_pro_Vio_adu_2025_10_Colorado2025_x001024_y004096
Unknown_Sample,20251031_041_pol_pro_Vio_adu_2025_10_Colorado2025.czi,Vio_adu,181.23,1295.0,4101.0,30,12,70.04,0.935,20251031_041_pol_pro_Vio_adu_2025_10_Colorado2025_x001024_y004096
Unknown_Sample,20251031_041_pol_pro_Vio_adu_2025_10_Colorado2025.czi,Vio_adu,672.97,1562.0,4201.0,35,32,111.84,0.958,20251031_041_pol_pro_Vio_adu_2025_10_Colorado2025_x001536_y004096
Unknown_Sample,20251031_041_pol_pro_Vio_adu_2025_10_Colorado2025.czi,Vio_adu,697.22,2370.0,4217.0,34,34,112.08,0.962,20251031_041_pol_pro_Vio_adu_2025_10_Colorado2025_x002048_y004096
Unknown_Sample,20251031_041_pol_pro_Vio_adu_2025_10_Colorado2025.czi,Vio_adu,676.05,2284.0,4704.0,33,34,110.67,0.961,20251031_041_pol_pro_Vio_adu_2025_10_Colorado2025_x002048_y004096
Unknown_Sample,20251031_041_pol_pro_Vio_adu_2025_10_Colorado2025.czi,Vio_adu,131.21,2210.0,4100.0,28,10,64.38,0.94,20251031_041_pol_pro_Vio_adu_2025_10_Colorado2025_x002048_y004096
Unknown_Sample,20251031_041_pol_pro_Vio_adu_2025_10_Colorado2025.czi,Vio_adu,750.31,2853.0,4346.0,34,37,116.91,0.958,20251031_041_pol_pro_Vio_adu_2025_10_Colorado2025_x002560_y004096
Unknown_Sample,20251031_041_pol_pro_Vio_adu_2025_10_Colorado2025.czi,Vio_adu,360.54,2734.0,4104.0,33,18,89.21,0.954,20251031_041_pol_pro_Vio_adu_2025_10_Colorado2025_x002560_y004096
Unknown_Sample,20251031_041_pol_pro_Vio_adu_2025_10_Colorado2025.czi,Vio_adu,703.37,3465.0,4334.0,35,33,113.25,0.961,20251031_041_pol_pro_Vio_adu_2025_10_Colorado2025_x003072_y004096
Unknown_Sample,20251031_041_pol_pro_Vio_adu_2025_10_Colorado2025.czi,Vio_adu,664.51,3326.0,4319.0,33,33,109.84,0.961,20251031_041_pol_pro_Vio_adu_2025_10_Colorado2025_x003072_y004096
Unknown_Sample,20251031_041_pol_pro_Vio_adu_2025_10_Colorado2025.czi,Vio_adu,291.66,4216.0,4277.0,15,34,84.63,0.898,20251031_041_pol_pro_Vio_adu_2025_10_Colorado2025_x003584_y004096
Unknown_Sample,20251031_041_pol_pro_Vio_adu_2025_10_Colorado2025.czi,Vio_adu,663.74,4224.0,4277.0,33,33,109.84,0.96,20251031_041_pol_pro_Vio_adu_2025_10_Colorado2025_x004096_y004096
Unknown_Sample,20251031_041_pol_pro_Vio_adu_2025_10_Colorado2025.czi,Vio_adu,741.08,5017.0,4298.0,34,36,116.08,0.965,20251031_041_pol_pro_Vio_adu_2025_10_Colorado2025_x004608_y004096
Unknown_Sample,20251031_041_pol_pro_Vio_adu_2025_10_Colorado2025.czi,Vio_adu,739.54,4793.0,4223.0,36,34,116.08,0.963,20251031_041_pol_pro_Vio_adu_2025_10_Colorado2025_x004608_y004096
Unknown_Sample,20251031_041_pol_pro_Vio_adu_2025_10_Colorado2025.czi,Vio_adu,736.08,4806.0,4584.0,34,36,116.67,0.963,20251031_041_pol_pro_Vio_adu_2025_10_Colorado2025_x004608_y004096
Unknown_Sample,20251031_041_pol_pro_Vio_adu_2025_10_Colorado2025.czi,Vio_adu,817.27,5065.0,4543.0,37,37,122.91,0.96,20251031_041_pol_pro_Vio_adu_2025_10_Colorado2025_x004608_y004096
Unknown_Sample,20251031_041_pol_pro_Vio_adu_2025_10_Colorado2025.czi,Vio_adu,772.25,5332.0,4189.0,35,36,118.67,0.964,20251031_041_pol_pro_Vio_adu_2025_10_Colorado2025_x005120_y004096
Unknown_Sample,20251031_041_pol_pro_Vio_adu_2025_10_Colorado2025.czi,Vio_adu,717.61,5262.0,4223.0,34,34,113.84,0.961,20251031_041_pol_pro_Vio_adu_2025_10_Colorado2025_x005120_y004096
Unknown_Sample,20251031_041_pol_pro_Vio_adu_2025_10_Colorado2025.czi,Vio_adu,807.65,5446.0,4677.0,36,38,122.33,0.957,20251031_041_pol_pro_Vio_adu_2025_10_Colorado2025_x005120_y004096
Unknown_Sample,20251031_041_pol_pro_Vio_adu_2025_10_Colorado2025.czi,Vio_adu,901.53,5469.0,4403.0,42,37,129.98,0.956,20251031_041_pol_pro_Vio_adu_2025_10_Colorado2025_x005120_y004096
Unknown_Sample,20251031_041_pol_pro_Vio_adu_2025_10_Colorado2025.czi,Vio_adu,741.85,5606.0,4498.0,34,35,116.43,0.949,20251031_041_pol_pro_Vio_adu_2025_10_Colorado2025_x005120_y004096
Unknown_Sample,20251031_041_pol_pro_Vio_adu_2025_10_Colorado2025.czi,Vio_adu,626.03,5746.0,4543.0,27,36,110.87,0.944,20251031_041_pol_pro_Vio_adu_2025_10_Colorado2025_x005120_y004096
Unknown_Sample,20251031_041_pol_pro_Vio_adu_2025_10_Colorado2025.czi,Vio_adu,767.63,5749.0,4543.0,36,37,119.15,0.959,20251031_041_pol_pro_Vio_adu_2025_10_Colorado2025_x005632_y004096
Unknown_Sample,20251031_041_pol_pro_Vio_adu_2025_10_Colorado2025.czi,Vio_adu,311.67,6106.0,4728.0,33,16,85.8,0.903,20251031_041_pol_pro_Vio_adu_2025_10_Colorado2025_x005632_y004096
Unknown_Sample,20251031_041_pol_pro_Vio_adu_2025_10_Colorado2025.czi,Vio_adu,873.44,6335.0,4656.0,37,39,126.91,0.968,20251031_041_pol_pro_Vio_adu_2025_10_Colorado2025_x006144_y004096
Unknown_Sample,20251031_041_pol_pro_Vio_adu_2025_10_Colorado2025.czi,Vio_adu,836.5,6718.0,4707.0,37,37,125.25,0.966,20251031_041_pol_pro_Vio_adu_2025_10_Colorado2025_x006144_y004096
Unknown_Sample,20251031_041_pol_pro_Vio_adu_2025_10_Colorado2025.czi,Vio_adu,836.5,6718.0,4707.0,37,37,125.25,0.966,20251031_041_pol_pro_Vio_adu_2025_10_Colorado2025_x006656_y004096
Unknown_Sample,20251031_041_pol_pro_Vio_adu_2025_10_Colorado2025.czi,Vio_adu,955.02,7196.0,4165.0,41,39,132.57,0.961,20251031_041_pol_pro_Vio_adu_2025_10_Colorado2025_x006656_y004096
Unknown_Sample,20251031_041_pol_pro_Vio_adu_2025_10_Colorado2025.czi,Vio_adu,1040.44,6952.0,4611.0,40,43,136.23,0.956,20251031_041_pol_pro_Vio_adu_2025_10_Colorado2025_x006656_y004096
Unknown_Sample,20251031_041_pol_pro_Vio_adu_2025_10_Colorado2025.czi,Vio_adu,959.63,7198.0,4604.0,42,39,134.57,0.948,20251031_041_pol_pro_Vio_adu_2025_10_Colorado2025_x006656_y004096
Unknown_Sample,20251031_041_pol_pro_Vio_adu_2025_10_Colorado2025.czi,Vio_adu,857.67,7336.0,4479.0,38,37,125.5,0.965,20251031_041_pol_pro_Vio_adu_2025_10_Colorado2025_x007168_y004096
Unknown_Sample,20251031_041_pol_pro_Vio_adu_2025_10_Colorado2025.czi,Vio_adu,722.61,7457.0,4392.0,35,35,114.91,0.964,20251031_041_pol_pro_Vio_adu_2025_10_Colorado2025_x007168_y004096
Unknown_Sample,20251031_041_pol_pro_Vio_adu_2025_10_Colorado2025.czi,Vio_adu,742.23,7337.0,4616.0,36,34,116.67,0.963,20251031_041_pol_pro_Vio_adu_2025_10_Colorado2025_x007168_y004096
Unknown_Sample,20251031_041_pol_pro_Vio_adu_2025_10_Colorado2025.czi,Vio_adu,903.46,7502.0,4235.0,39,39,127.4,0.962,20251031_041_pol_pro_Vio_adu_2025_10_Colorado2025_x007168_y004096
Unknown_Sample,20251031_041_pol_pro_Vio_adu_2025_10_Colorado2025.czi,Vio_adu,955.02,7196.0,4165.0,41,39,132.57,0.961,20251031_041_pol_pro_Vio_adu_2025_10_Colorado2025_x007168_y004096
Unknown_Sample,20251031_041_pol_pro_Vio_adu_2025_10_Colorado2025.czi,Vio_adu,958.86,7198.0,4604.0,42,39,134.57,0.948,20251031_041_pol_pro_Vio_adu_2025_10_Colorado2025_x007168_y004096
Unknown_Sample,20251031_041_pol_pro_Vio_adu_2025_10_Colorado2025.czi,Vio_adu,804.57,7566.0,4200.0,38,37,121.98,0.936,20251031_041_pol_pro_Vio_adu_2025_10_Colorado2025_x007168_y004096
Unknown_Sample,20251031_041_pol_pro_Vio_adu_2025_10_Colorado2025.czi,Vio_adu,588.71,7500.0,4724.0,37,26,111.46,0.933,20251031_041_pol_pro_Vio_adu_2025_10_Colorado2025_x007168_y004096
Unknown_Sample,20251031_041_pol_pro_Vio_adu_2025_10_Colorado2025.czi,Vio_adu,875.37,7595.0,4224.0,40,38,127.98,0.895,20251031_041_pol_pro_Vio_adu_2025_10_Colorado2025_x007168_y004096
Unknown_Sample,20251031_041_pol_pro_Vio_adu_2025_10_Colorado2025.czi,Vio_adu,881.14,7856.0,4420.0,38,38,128.08,0.963,20251031_041_pol_pro_Vio_adu_2025_10_Colorado2025_x007680_y004096
Unknown_Sample,20251031_041_pol_pro_Vio_adu_2025_10_Colorado2025.czi,Vio_adu,908.46,8143.0,4486.0,38,40,127.98,0.962,20251031_041_pol_pro_Vio_adu_2025_10_Colorado2025_x007680_y004096
Unknown_Sample,20251031_041_pol_pro_Vio_adu_2025_10_Colorado2025.czi,Vio_adu,1051.98,7960.0,4643.0,41,42,138.57,0.961,20251031_041_pol_pro_Vio_adu_2025_10_Colorado2025_x007680_y004096
Unknown_Sample,20251031_041_pol_pro_Vio_adu_2025_10_Colorado2025.czi,Vio_adu,842.28,8268.0,4558.0,37,38,123.15,0.959,20251031_041_pol_pro_Vio_adu_2025_10_Colorado2025_x007680_y004096
Unknown_Sample,20251031_041_pol_pro_Vio_adu_2025_10_Colorado2025.czi,Vio_adu,691.44,8234.0,4163.0,35,34,112.33,0.957,20251031_041_pol_pro_Vio_adu_2025_10_Colorado2025_x007680_y004096
Unknown_Sample,20251031_041_pol_pro_Vio_adu_2025_10_Colorado2025.czi,Vio_adu,827.65,8125.0,4284.0,38,38,123.98,0.953,20251031_041_pol_pro_Vio_adu_2025_10_Colorado2025_x007680_y004096
Unknown_Sample,20251031_041_pol_pro_Vio_adu_2025_10_Colorado2025.czi,Vio_adu,843.43,8268.0,4558.0,37,38,123.74,0.959,20251031_041_pol_pro_Vio_adu_2025_10_Colorado2025_x008192_y004096
Unknown_Sample,20251031_041_pol_pro_Vio_adu_2025_10_Colorado2025.czi,Vio_adu,691.44,8234.0,4163.0,35,34,112.33,0.957,20251031_041_pol_pro_Vio_adu_2025_10_Colorado2025_x008192_y004096
Unknown_Sample,20251031_041_pol_pro_Vio_adu_2025_10_Colorado2025.czi,Vio_adu,861.9,8432.0,4715.0,40,39,132.91,0.924,20251031_041_pol_pro_Vio_adu_2025_10_Colorado2025_x008192_y004096
Unknown_Sample,20251031_041_pol_pro_Vio_adu_2025_10_Colorado2025.czi,Vio_adu,500.21,8462.0,4726.0,43,21,129.46,0.84,20251031_041_pol_pro_Vio_adu_2025_10_Colorado2025_x008192_y004096
Unknown_Sample,20251031_041_pol_pro_Vio_adu_2025_10_Colorado2025.czi,Vio_adu,979.64,9371.0,4510.0,41,41,134.23,0.957,20251031_041_pol_pro_Vio_adu_2025_10_Colorado2025_x009216_y004096
Unknown_Sample,20251031_041_pol_pro_Vio_adu_2025_10_Colorado2025.czi,Vio_adu,876.52,9626.0,4500.0,38,39,126.57,0.955,20251031_041_pol_pro_Vio_adu_2025_10_Colorado2025_x009216_y004096
Unknown_Sample,20251031_041_pol_pro_Vio_adu_2025_10_Colorado2025.czi,Vio_adu,377.08,2166.0,5026.0,19,33,90.63,0.919,20251031_041_pol_pro_Vio_adu_2025_10_Colorado2025_x001536_y004608
Unknown_Sample,20251031_041_pol_pro_Vio_adu_2025_10_Colorado2025.czi,Vio_adu,689.14,2173.0,5025.0,35,33,112.67,0.962,20251031_041_pol_pro_Vio_adu_2025_10_Colorado2025_x002048_y004608
Unknown_Sample,20251031_041_pol_pro_Vio_adu_2025_10_Colorado2025.czi,Vio_adu,675.28,2284.0,4704.0,33,34,110.67,0.961,20251031_041_pol_pro_Vio_adu_2025_10_Colorado2025_x002048_y004608
Unknown_Sample,20251031_041_pol_pro_Vio_adu_2025_10_Colorado2025.czi,Vio_adu,982.72,2648.0,4750.0,41,41,138.57,0.95,20251031_041_pol_pro_Vio_adu_2025_10_Colorado2025_x002048_y004608
Unknown_Sample,20251031_041_pol_pro_Vio_adu_2025_10_Colorado2025.czi,Vio_adu,983.49,2648.0,4750.0,41,41,138.57,0.949,20251031_041_pol_pro_Vio_adu_2025_10_Colorado2025_x002560_y004608
Unknown_Sample,20251031_041_pol_pro_Vio_adu_2025_10_Colorado2025.czi,Vio_adu,357.84,3036.0,5239.0,36,17,92.63,0.901,20251031_041_pol_pro_Vio_adu_2025_10_Colorado2025_x002560_y004608
Unknown_Sample,20251031_041_pol_pro_Vio_adu_2025_10_Colorado2025.czi,Vio_adu,652.97,3678.0,5155.0,33,32,109.01,0.963,20251031_041_pol_pro_Vio_adu_2025_10_Colorado2025_x003072_y004608
Unknown_Sample,20251031_041_pol_pro_Vio_adu_2025_10_Colorado2025.czi,Vio_adu,788.79,3410.0,4909.0,36,36,120.08,0.959,20251031_041_pol_pro_Vio_adu_2025_10_Colorado2025_x003072_y004608
Unknown_Sample,20251031_041_pol_pro_Vio_adu_2025_10_Colorado2025.czi,Vio_adu,899.22,3261.0,4899.0,38,40,135.5,0.953,20251031_041_pol_pro_Vio_adu_2025_10_Colorado2025_x003072_y004608
Unknown_Sample,20251031_041_pol_pro_Vio_adu_2025_10_Colorado2025.czi,Vio_adu,706.83,3887.0,5097.0,34,34,113.84,0.966,20251031_041_pol_pro_Vio_adu_2025_10_Colorado2025_x003584_y004608
Unknown_Sample,20251031_041_pol_pro_Vio_adu_2025_10_Colorado2025.czi,Vio_adu,652.97,3678.0,5155.0,33,32,109.01,0.963,20251031_041_pol_pro_Vio_adu_2025_10_Colorado2025_x003584_y004608
Unknown_Sample,20251031_041_pol_pro_Vio_adu_2025_10_Colorado2025.czi,Vio_adu,814.19,3888.0,5017.0,37,36,120.91,0.96,20251031_041_pol_pro_Vio_adu_2025_10_Colorado2025_x003584_y004608
Unknown_Sample,20251031_041_pol_pro_Vio_adu_2025_10_Colorado2025.czi,Vio_adu,843.82,4107.0,4969.0,38,38,123.98,0.958,20251031_041_pol_pro_Vio_adu_2025_10_Colorado2025_x003584_y004608
Unknown_Sample,20251031_041_pol_pro_Vio_adu_2025_10_Colorado2025.czi,Vio_adu,702.6,4110.0,4969.0,30,38,117.94,0.966,20251031_041_pol_pro_Vio_adu_2025_10_Colorado2025_x004096_y004608
Unknown_Sample,20251031_041_pol_pro_Vio_adu_2025_10_Colorado2025.czi,Vio_adu,802.64,4657.0,5190.0,38,37,123.74,0.957,20251031_041_pol_pro_Vio_adu_2025_10_Colorado2025_x004096_y004608
Unknown_Sample,20251031_041_pol_pro_Vio_adu_2025_10_Colorado2025.czi,Vio_adu,762.24,4661.0,4753.0,36,35,118.67,0.957,20251031_041_pol_pro_Vio_adu_2025_10_Colorado2025_x004096_y004608
Unknown_Sample,20251031_041_pol_pro_Vio_adu_2025_10_Colorado2025.czi,Vio_adu,759.16,5221.0,4853.0,37,35,119.5,0.963,20251031_041_pol_pro_Vio_adu_2025_10_Colorado2025_x004608_y004608
Unknown_Sample,20251031_041_pol_pro_Vio_adu_2025_10_Colorado2025.czi,Vio_adu,801.87,4657.0,5190.0,38,37,123.74,0.957,20251031_041_pol_pro_Vio_adu_2025_10_Colorado2025_x004608_y004608
Unknown_Sample,20251031_041_pol_pro_Vio_adu_2025_10_Colorado2025.czi,Vio_adu,762.24,4661.0,4753.0,36,35,118.67,0.957,20251031_041_pol_pro_Vio_adu_2025_10_Colorado2025_x004608_y004608
Unknown_Sample,20251031_041_pol_pro_Vio_adu_2025_10_Colorado2025.czi,Vio_adu,756.86,5221.0,4853.0,36,35,118.67,0.963,20251031_041_pol_pro_Vio_adu_2025_10_Colorado2025_x005120_y004608
Unknown_Sample,20251031_041_pol_pro_Vio_adu_2025_10_Colorado2025.czi,Vio_adu,744.16,5577.0,5049.0,34,37,116.91,0.962,20251031_041_pol_pro_Vio_adu_2025_10_Colorado2025_x005120_y004608
Unknown_Sample,20251031_041_pol_pro_Vio_adu_2025_10_Colorado2025.czi,Vio_adu,806.11,5446.0,4677.0,36,38,122.33,0.957,20251031_041_pol_pro_Vio_adu_2025_10_Colorado2025_x005120_y004608
Unknown_Sample,20251031_041_pol_pro_Vio_adu_2025_10_Colorado2025.czi,Vio_adu,908.46,5589.0,4793.0,40,39,129.98,0.957,20251031_041_pol_pro_Vio_adu_2025_10_Colorado2025_x005120_y004608
Unknown_Sample,20251031_041_pol_pro_Vio_adu_2025_10_Colorado2025.czi,Vio_adu,287.04,5413.0,5241.0,37,13,87.8,0.89,20251031_041_pol_pro_Vio_adu_2025_10_Colorado2025_x005120_y004608
Unknown_Sample,20251031_041_pol_pro_Vio_adu_2025_10_Colorado2025.czi,Vio_adu,776.09,5817.0,5190.0,35,37,119.5,0.965,20251031_041_pol_pro_Vio_adu_2025_10_Colorado2025_x005632_y004608
Unknown_Sample,20251031_041_pol_pro_Vio_adu_2025_10_Colorado2025.czi,Vio_adu,727.61,6106.0,4737.0,33,36,114.67,0.963,20251031_041_pol_pro_Vio_adu_2025_10_Colorado2025_x005632_y004608
Unknown_Sample,20251031_041_pol_pro_Vio_adu_2025_10_Colorado2025.czi,Vio_adu,772.25,5806.0,4987.0,35,37,118.33,0.952,20251031_041_pol_pro_Vio_adu_2025_10_Colorado2025_x005632_y004608
Unknown_Sample,20251031_041_pol_pro_Vio_adu_2025_10_Colorado2025.czi,Vio_adu,294.35,5973.0,5241.0,36,14,87.21,0.885,20251031_041_pol_pro_Vio_adu_2025_10_Colorado2025_x005632_y004608
Unknown_Sample,20251031_041_pol_pro_Vio_adu_2025_10_Colorado2025.czi,Vio_adu,873.44,6335.0,4656.0,37,39,126.91,0.968,20251031_041_pol_pro_Vio_adu_2025_10_Colorado2025_x006144_y004608
Unknown_Sample,20251031_041_pol_pro_Vio_adu_2025_10_Colorado2025.czi,Vio_adu,834.97,6718.0,4707.0,37,37,125.25,0.966,20251031_041_pol_pro_Vio_adu_2025_10_Colorado2025_x006144_y004608
Unknown_Sample,20251031_041_pol_pro_Vio_adu_2025_10_Colorado2025.czi,Vio_adu,784.17,6461.0,4837.0,36,35,119.25,0.965,20251031_041_pol_pro_Vio_adu_2025_10_Colorado2025_x006144_y004608
Unknown_Sample,20251031_041_pol_pro_Vio_adu_2025_10_Colorado2025.czi,Vio_adu,813.8,6496.0,5059.0,37,37,122.33,0.964,20251031_041_pol_pro_Vio_adu_2025_10_Colorado2025_x006144_y004608
Unknown_Sample,20251031_041_pol_pro_Vio_adu_2025_10_Colorado2025.czi,Vio_adu,798.03,6298.0,5216.0,36,36,120.08,0.958,20251031_041_pol_pro_Vio_adu_2025_10_Colorado2025_x006144_y004608
Unknown_Sample,20251031_041_pol_pro_Vio_adu_2025_10_Colorado2025.czi,Vio_adu,900.76,6408.0,5131.0,38,40,129.15,0.958,20251031_041_pol_pro_Vio_adu_2025_10_Colorado2025_x006144_y004608
Unknown_Sample,20251031_041_pol_pro_Vio_adu_2025_10_Colorado2025.czi,Vio_adu,836.5,6718.0,4707.0,37,37,125.25,0.966,20251031_041_pol_pro_Vio_adu_2025_10_Colorado2025_x006656_y004608
Unknown_Sample,20251031_041_pol_pro_Vio_adu_2025_10_Colorado2025.czi,Vio_adu,590.25,6952.0,4619.0,40,25,113.11,0.951,20251031_041_pol_pro_Vio_adu_2025_10_Colorado2025_x006656_y004608
Unknown_Sample,20251031_041_pol_pro_Vio_adu_2025_10_Colorado2025.czi,Vio_adu,353.23,7197.0,4615.0,39,16,95.46,0.931,20251031_041_pol_pro_Vio_adu_2025_10_Colorado2025_x006656_y004608
Unknown_Sample,20251031_041_pol_pro_Vio_adu_2025_10_Colorado2025.czi,Vio_adu,355.92,7078.0,5240.0,39,16,96.04,0.898,20251031_041_pol_pro_Vio_adu_2025_10_Colorado2025_x006656_y004608
Unknown_Sample,20251031_041_pol_pro_Vio_adu_2025_10_Colorado2025.czi,Vio_adu,584.48,7337.0,4620.0,36,26,108.87,0.966,20251031_041_pol_pro_Vio_adu_2025_10_Colorado2025_x007168_y004608
Unknown_Sample,20251031_041_pol_pro_Vio_adu_2025_10_Colorado2025.czi,Vio_adu,785.33,7501.0,4727.0,37,38,121.98,0.955,20251031_041_pol_pro_Vio_adu_2025_10_Colorado2025_x007168_y004608
Unknown_Sample,20251031_041_pol_pro_Vio_adu_2025_10_Colorado2025.czi,Vio_adu,351.69,7197.0,4615.0,39,16,95.46,0.932,20251031_041_pol_pro_Vio_adu_2025_10_Colorado2025_x007168_y004608
Unknown_Sample,20251031_041_pol_pro_Vio_adu_2025_10_Colorado2025.czi,Vio_adu,1051.98,7960.0,4643.0,41,42,138.57,0.961,20251031_041_pol_pro_Vio_adu_2025_10_Colorado2025_x007680_y004608
Unknown_Sample,20251031_041_pol_pro_Vio_adu_2025_10_Colorado2025.czi,Vio_adu,775.71,8243.0,5195.0,37,35,118.91,0.961,20251031_041_pol_pro_Vio_adu_2025_10_Colorado2025_x007680_y004608
Unknown_Sample,20251031_041_pol_pro_Vio_adu_2025_10_Colorado2025.czi,Vio_adu,318.21,8086.0,5240.0,37,15,90.04,0.896,20251031_041_pol_pro_Vio_adu_2025_10_Colorado2025_x007680_y004608
Unknown_Sample,20251031_041_pol_pro_Vio_adu_2025_10_Colorado2025.czi,Vio_adu,779.17,8559.0,4913.0,35,36,119.84,0.965,20251031_041_pol_pro_Vio_adu_2025_10_Colorado2025_x008192_y004608
Unknown_Sample,20251031_041_pol_pro_Vio_adu_2025_10_Colorado2025.czi,Vio_adu,775.71,8243.0,5195.0,37,35,118.91,0.961,20251031_041_pol_pro_Vio_adu_2025_10_Colorado2025_x008192_y004608
Unknown_Sample,20251031_041_pol_pro_Vio_adu_2025_10_Colorado2025.czi,Vio_adu,837.27,8531.0,5197.0,37,37,124.08,0.961,20251031_041_pol_pro_Vio_adu_2025_10_Colorado2025_x008192_y004608
Unknown_Sample,20251031_041_pol_pro_Vio_adu_2025_10_Colorado2025.czi,Vio_adu,451.73,8651.0,4738.0,29,26,91.94,0.95,20251031_041_pol_pro_Vio_adu_2025_10_Colorado2025_x008192_y004608
Unknown_Sample,20251031_041_pol_pro_Vio_adu_2025_10_Colorado2025.czi,Vio_adu,556.77,8820.0,4802.0,24,36,107.21,0.942,20251031_041_pol_pro_Vio_adu_2025_10_Colorado2025_x008192_y004608
Unknown_Sample,20251031_041_pol_pro_Vio_adu_2025_10_Colorado2025.czi,Vio_adu,941.16,8434.0,4716.0,39,41,131.4,0.921,20251031_041_pol_pro_Vio_adu_2025_10_Colorado2025_x008192_y004608
Unknown_Sample,20251031_041_pol_pro_Vio_adu_2025_10_Colorado2025.czi,Vio_adu,936.16,8465.0,4736.0,43,40,134.47,0.896,20251031_041_pol_pro_Vio_adu_2025_10_Colorado2025_x008192_y004608
Unknown_Sample,20251031_041_pol_pro_Vio_adu_2025_10_Colorado2025.czi,Vio_adu,796.87,8825.0,4802.0,36,36,120.67,0.962,20251031_041_pol_pro_Vio_adu_2025_10_Colorado2025_x008704_y004608
Unknown_Sample,20251031_041_pol_pro_Vio_adu_2025_10_Colorado2025.czi,Vio_adu,674.13,9151.0,4904.0,38,32,114.91,0.942,20251031_041_pol_pro_Vio_adu_2025_10_Colorado2025_x008704_y004608
Unknown_Sample,20251031_041_pol_pro_Vio_adu_2025_10_Colorado2025.czi,Vio_adu,520.22,9111.0,5237.0,39,21,106.63,0.934,20251031_041_pol_pro_Vio_adu_2025_10_Colorado2025_x008704_y004608
Unknown_Sample,20251031_041_pol_pro_Vio_adu_2025_10_Colorado2025.czi,Vio_adu,776.86,1989.0,5566.0,36,36,119.5,0.964,20251031_041_pol_pro_Vio_adu_2025_10_Colorado2025_x001536_y005120
Unknown_Sample,20251031_041_pol_pro_Vio_adu_2025_10_Colorado2025.czi,Vio_adu,636.81,1916.0,5702.0,32,33,107.84,0.959,20251031_041_pol_pro_Vio_adu_2025_10_Colorado2025_x001536_y005120
Unknown_Sample,20251031_041_pol_pro_Vio_adu_2025_10_Colorado2025.czi,Vio_adu,639.5,2453.0,5621.0,33,33,108.08,0.941,20251031_041_pol_pro_Vio_adu_2025_10_Colorado2025_x002048_y005120
Unknown_Sample,20251031_041_pol_pro_Vio_adu_2025_10_Colorado2025.czi,Vio_adu,726.07,2467.0,5589.0,36,33,115.84,0.94,20251031_041_pol_pro_Vio_adu_2025_10_Colorado2025_x002048_y005120
Unknown_Sample,20251031_041_pol_pro_Vio_adu_2025_10_Colorado2025.czi,Vio_adu,748.78,3036.0,5247.0,36,35,118.08,0.96,20251031_041_pol_pro_Vio_adu_2025_10_Colorado2025_x002560_y005120
Unknown_Sample,20251031_041_pol_pro_Vio_adu_2025_10_Colorado2025.czi,Vio_adu,763.78,3607.0,5657.0,36,35,118.67,0.966,20251031_041_pol_pro_Vio_adu_2025_10_Colorado2025_x003072_y005120
Unknown_Sample,20251031_041_pol_pro_Vio_adu_2025_10_Colorado2025.czi,Vio_adu,652.2,3678.0,5155.0,33,32,109.01,0.963,20251031_041_pol_pro_Vio_adu_2025_10_Colorado2025_x003072_y005120
Unknown_Sample,20251031_041_pol_pro_Vio_adu_2025_10_Colorado2025.czi,Vio_adu,616.03,3593.0,5471.0,32,31,106.18,0.96,20251031_041_pol_pro_Vio_adu_2025_10_Colorado2025_x003072_y005120
Unknown_Sample,20251031_041_pol_pro_Vio_adu_2025_10_Colorado2025.czi,Vio_adu,701.45,3450.0,5562.0,33,35,113.84,0.958,20251031_041_pol_pro_Vio_adu_2025_10_Colorado2025_x003072_y005120
Unknown_Sample,20251031_041_pol_pro_Vio_adu_2025_10_Colorado2025.czi,Vio_adu,656.81,3678.0,5155.0,33,33,109.84,0.962,20251031_041_pol_pro_Vio_adu_2025_10_Colorado2025_x003584_y005120
Unknown_Sample,20251031_041_pol_pro_Vio_adu_2025_10_Colorado2025.czi,Vio_adu,791.87,3607.0,5657.0,36,36,120.08,0.96,20251031_041_pol_pro_Vio_adu_2025_10_Colorado2025_x003584_y005120
Unknown_Sample,20251031_041_pol_pro_Vio_adu_2025_10_Colorado2025.czi,Vio_adu,510.21,3596.0,5471.0,25,32,100.63,0.96,20251031_041_pol_pro_Vio_adu_2025_10_Colorado2025_x003584_y005120
Unknown_Sample,20251031_041_pol_pro_Vio_adu_2025_10_Colorado2025.czi,Vio_adu,725.3,4095.0,5527.0,34,35,115.84,0.951,20251031_041_pol_pro_Vio_adu_2025_10_Colorado2025_x003584_y005120
Unknown_Sample,20251031_041_pol_pro_Vio_adu_2025_10_Colorado2025.czi,Vio_adu,1011.96,4039.0,5574.0,43,40,137.4,0.936,20251031_041_pol_pro_Vio_adu_2025_10_Colorado2025_x003584_y005120
Unknown_Sample,20251031_041_pol_pro_Vio_adu_2025_10_Colorado2025.czi,Vio_adu,704.14,4694.0,5279.0,34,34,113.25,0.964,20251031_041_pol_pro_Vio_adu_2025_10_Colorado2025_x004096_y005120
Unknown_Sample,20251031_041_pol_pro_Vio_adu_2025_10_Colorado2025.czi,Vio_adu,782.64,4238.0,5266.0,36,36,118.91,0.963,20251031_041_pol_pro_Vio_adu_2025_10_Colorado2025_x004096_y005120
Unknown_Sample,20251031_041_pol_pro_Vio_adu_2025_10_Colorado2025.czi,Vio_adu,809.19,4695.0,5539.0,38,36,123.5,0.961,20251031_041_pol_pro_Vio_adu_2025_10_Colorado2025_x004096_y005120
Unknown_Sample,20251031_041_pol_pro_Vio_adu_2025_10_Colorado2025.czi,Vio_adu,776.86,4574.0,5541.0,35,37,119.5,0.959,20251031_041_pol_pro_Vio_adu_2025_10_Colorado2025_x004096_y005120
Unknown_Sample,20251031_041_pol_pro_Vio_adu_2025_10_Colorado2025.czi,Vio_adu,800.34,4657.0,5190.0,38,37,123.74,0.958,20251031_041_pol_pro_Vio_adu_2025_10_Colorado2025_x004096_y005120
Unknown_Sample,20251031_041_pol_pro_Vio_adu_2025_10_Colorado2025.czi,Vio_adu,827.65,4285.0,5630.0,37,36,122.67,0.955,20251031_041_pol_pro_Vio_adu_2025_10_Colorado2025_x004096_y005120
Unknown_Sample,20251031_041_pol_pro_Vio_adu_2025_10_Colorado2025.czi,Vio_adu,327.83,4103.0,5527.0,16,35,88.63,0.935,20251031_041_pol_pro_Vio_adu_2025_10_Colorado2025_x004096_y005120
Unknown_Sample,20251031_041_pol_pro_Vio_adu_2025_10_Colorado2025.czi,Vio_adu,702.6,4694.0,5279.0,34,34,113.25,0.964,20251031_041_pol_pro_Vio_adu_2025_10_Colorado2025_x004608_y005120
Unknown_Sample,20251031_041_pol_pro_Vio_adu_2025_10_Colorado2025.czi,Vio_adu,809.19,4695.0,5539.0,38,36,123.5,0.961,20251031_041_pol_pro_Vio_adu_2025_10_Colorado2025_x004608_y005120
Unknown_Sample,20251031_041_pol_pro_Vio_adu_2025_10_Colorado2025.czi,Vio_adu,784.94,4886.0,5307.0,34,37,120.43,0.96,20251031_041_pol_pro_Vio_adu_2025_10_Colorado2025_x004608_y005120
Unknown_Sample,20251031_041_pol_pro_Vio_adu_2025_10_Colorado2025.czi,Vio_adu,798.41,4657.0,5190.0,38,37,123.15,0.958,20251031_041_pol_pro_Vio_adu_2025_10_Colorado2025_x004608_y005120
Unknown_Sample,20251031_041_pol_pro_Vio_adu_2025_10_Colorado2025.czi,Vio_adu,903.07,5412.0,5252.0,39,37,127.5,0.958,20251031_041_pol_pro_Vio_adu_2025_10_Colorado2025_x005120_y005120
Unknown_Sample,20251031_041_pol_pro_Vio_adu_2025_10_Colorado2025.czi,Vio_adu,675.67,5741.0,5481.0,32,35,111.25,0.955,20251031_041_pol_pro_Vio_adu_2025_10_Colorado2025_x005120_y005120
Unknown_Sample,20251031_041_pol_pro_Vio_adu_2025_10_Colorado2025.czi,Vio_adu,776.86,5817.0,5190.0,35,37,119.5,0.965,20251031_041_pol_pro_Vio_adu_2025_10_Colorado2025_x005632_y005120
Unknown_Sample,20251031_041_pol_pro_Vio_adu_2025_10_Colorado2025.czi,Vio_adu,667.97,5741.0,5481.0,32,35,110.08,0.96,20251031_041_pol_pro_Vio_adu_2025_10_Colorado2025_x005632_y005120
Unknown_Sample,20251031_041_pol_pro_Vio_adu_2025_10_Colorado2025.czi,Vio_adu,831.89,5973.0,5251.0,37,37,124.08,0.959,20251031_041_pol_pro_Vio_adu_2025_10_Colorado2025_x005632_y005120
Unknown_Sample,20251031_041_pol_pro_Vio_adu_2025_10_Colorado2025.czi,Vio_adu,731.08,6408.0,5134.0,38,31,121.11,0.966,20251031_041_pol_pro_Vio_adu_2025_10_Colorado2025_x006144_y005120
Unknown_Sample,20251031_041_pol_pro_Vio_adu_2025_10_Colorado2025.czi,Vio_adu,740.7,6418.0,5589.0,34,36,116.67,0.962,20251031_041_pol_pro_Vio_adu_2025_10_Colorado2025_x006144_y005120
Unknown_Sample,20251031_041_pol_pro_Vio_adu_2025_10_Colorado2025.czi,Vio_adu,784.56,6547.0,5452.0,35,37,120.67,0.962,20251031_041_pol_pro_Vio_adu_2025_10_Colorado2025_x006144_y005120
Unknown_Sample,20251031_041_pol_pro_Vio_adu_2025_10_Colorado2025.czi,Vio_adu,744.54,6706.0,5607.0,34,36,115.5,0.961,20251031_041_pol_pro_Vio_adu_2025_10_Colorado2025_x006144_y005120
Unknown_Sample,20251031_041_pol_pro_Vio_adu_2025_10_Colorado2025.czi,Vio_adu,797.26,6298.0,5216.0,36,36,120.08,0.959,20251031_041_pol_pro_Vio_adu_2025_10_Colorado2025_x006144_y005120
Unknown_Sample,20251031_041_pol_pro_Vio_adu_2025_10_Colorado2025.czi,Vio_adu,791.1,6556.0,5349.0,37,35,120.08,0.956,20251031_041_pol_pro_Vio_adu_2025_10_Colorado2025_x006144_y005120
Unknown_Sample,20251031_041_pol_pro_Vio_adu_2025_10_Colorado2025.czi,Vio_adu,897.68,7078.0,5249.0,40,38,129.15,0.962,20251031_041_pol_pro_Vio_adu_2025_10_Colorado2025_x006656_y005120
Unknown_Sample,20251031_041_pol_pro_Vio_adu_2025_10_Colorado2025.czi,Vio_adu,744.54,6706.0,5607.0,34,36,115.5,0.961,20251031_041_pol_pro_Vio_adu_2025_10_Colorado2025_x006656_y005120
Unknown_Sample,20251031_041_pol_pro_Vio_adu_2025_10_Colorado2025.czi,Vio_adu,952.71,6919.0,5741.0,41,37,134.43,0.957,20251031_041_pol_pro_Vio_adu_2025_10_Colorado2025_x006656_y005120
Unknown_Sample,20251031_041_pol_pro_Vio_adu_2025_10_Colorado2025.czi,Vio_adu,934.62,8086.0,5251.0,39,39,130.33,0.963,20251031_041_pol_pro_Vio_adu_2025_10_Colorado2025_x007680_y005120
Unknown_Sample,20251031_041_pol_pro_Vio_adu_2025_10_Colorado2025.czi,Vio_adu,916.54,8268.0,5484.0,39,39,130.91,0.962,20251031_041_pol_pro_Vio_adu_2025_10_Colorado2025_x007680_y005120
Unknown_Sample,20251031_041_pol_pro_Vio_adu_2025_10_Colorado2025.czi,Vio_adu,775.71,8243.0,5195.0,37,35,118.91,0.961,20251031_041_pol_pro_Vio_adu_2025_10_Colorado2025_x007680_y005120
Unknown_Sample,20251031_041_pol_pro_Vio_adu_2025_10_Colorado2025.czi,Vio_adu,916.54,8268.0,5484.0,39,39,130.91,0.962,20251031_041_pol_pro_Vio_adu_2025_10_Colorado2025_x008192_y005120
Unknown_Sample,20251031_041_pol_pro_Vio_adu_2025_10_Colorado2025.czi,Vio_adu,864.98,8717.0,5374.0,38,38,124.57,0.961,20251031_041_pol_pro_Vio_adu_2025_10_Colorado2025_x008192_y005120
Unknown_Sample,20251031_041_pol_pro_Vio_adu_2025_10_Colorado2025.czi,Vio_adu,775.71,8243.0,5195.0,37,35,118.91,0.961,20251031_041_pol_pro_Vio_adu_2025_10_Colorado2025_x008192_y005120
Unknown_Sample,20251031_041_pol_pro_Vio_adu_2025_10_Colorado2025.czi,Vio_adu,837.27,8531.0,5197.0,37,37,124.08,0.961,20251031_041_pol_pro_Vio_adu_2025_10_Colorado2025_x008192_y005120
Unknown_Sample,20251031_041_pol_pro_Vio_adu_2025_10_Colorado2025.czi,Vio_adu,957.71,8668.0,5693.0,40,40,131.98,0.96,20251031_041_pol_pro_Vio_adu_2025_10_Colorado2025_x008192_y005120
Unknown_Sample,20251031_041_pol_pro_Vio_adu_2025_10_Colorado2025.czi,Vio_adu,911.54,8501.0,5454.0,39,39,127.98,0.959,20251031_041_pol_pro_Vio_adu_2025_10_Colorado2025_x008192_y005120
Unknown_Sample,20251031_041_pol_pro_Vio_adu_2025_10_Colorado2025.czi,Vio_adu,222.79,8593.0,5695.0,17,22,65.21,0.938,20251031_041_pol_pro_Vio_adu_2025_10_Colorado2025_x008192_y005120
Unknown_Sample,20251031_041_pol_pro_Vio_adu_2025_10_Colorado2025.czi,Vio_adu,763.78,8719.0,5374.0,32,38,120.18,0.967,20251031_041_pol_pro_Vio_adu_2025_10_Colorado2025_x008704_y005120
Unknown_Sample,20251031_041_pol_pro_Vio_adu_2025_10_Colorado2025.czi,Vio_adu,829.58,9094.0,5484.0,38,36,122.91,0.967,20251031_041_pol_pro_Vio_adu_2025_10_Colorado2025_x008704_y005120
Unknown_Sample,20251031_041_pol_pro_Vio_adu_2025_10_Colorado2025.czi,Vio_adu,855.36,9111.0,5243.0,39,36,124.33,0.964,20251031_041_pol_pro_Vio_adu_2025_10_Colorado2025_x008704_y005120
Unknown_Sample,20251031_041_pol_pro_Vio_adu_2025_10_Colorado2025.czi,Vio_adu,909.23,8940.0,5678.0,38,39,129.5,0.963,20251031_041_pol_pro_Vio_adu_2025_10_Colorado2025_x008704_y005120
Unknown_Sample,20251031_041_pol_pro_Vio_adu_2025_10_Colorado2025.czi,Vio_adu,614.49,8865.0,5271.0,33,34,110.33,0.947,20251031_041_pol_pro_Vio_adu_2025_10_Colorado2025_x008704_y005120
Unknown_Sample,20251031_041_pol_pro_Vio_adu_2025_10_Colorado2025.czi,Vio_adu,851.9,9599.0,5381.0,38,37,124.91,0.964,20251031_041_pol_pro_Vio_adu_2025_10_Colorado2025_x009216_y005120
Unknown_Sample,20251031_041_pol_pro_Vio_adu_2025_10_Colorado2025.czi,Vio_adu,846.12,9644.0,5701.0,38,35,123.84,0.963,20251031_041_pol_pro_Vio_adu_2025_10_Colorado2025_x009216_y005120
Unknown_Sample,20251031_041_pol_pro_Vio_adu_2025_10_Colorado2025.czi,Vio_adu,891.53,9487.0,5684.0,40,37,127.15,0.962,20251031_041_pol_pro_Vio_adu_2025_10_Colorado2025_x009216_y005120
Unknown_Sample,20251031_041_pol_pro_Vio_adu_2025_10_Colorado2025.czi,Vio_adu,302.05,9474.0,5752.0,34,15,85.21,0.901,20251031_041_pol_pro_Vio_adu_2025_10_Colorado2025_x009216_y005120
Unknown_Sample,20251031_041_pol_pro_Vio_adu_2025_10_Colorado2025.czi,Vio_adu,877.68,10198.0,5677.0,40,37,127.15,0.956,20251031_041_pol_pro_Vio_adu_2025_10_Colorado2025_x009728_y005120
Unknown_Sample,20251031_041_pol_pro_Vio_adu_2025_10_Colorado2025.czi,Vio_adu,653.35,2101.0,5846.0,33,33,110.43,0.96,20251031_041_pol_pro_Vio_adu_2025_10_Colorado2025_x001536_y005632
Unknown_Sample,20251031_041_pol_pro_Vio_adu_2025_10_Colorado2025.czi,Vio_adu,635.27,1916.0,5702.0,32,33,107.84,0.96,20251031_041_pol_pro_Vio_adu_2025_10_Colorado2025_x001536_y005632
Unknown_Sample,20251031_041_pol_pro_Vio_adu_2025_10_Colorado2025.czi,Vio_adu,812.65,2538.0,5959.0,37,37,122.91,0.964,20251031_041_pol_pro_Vio_adu_2025_10_Colorado2025_x002048_y005632
Unknown_Sample,20251031_041_pol_pro_Vio_adu_2025_10_Colorado2025.czi,Vio_adu,656.81,2101.0,5846.0,33,33,109.84,0.958,20251031_041_pol_pro_Vio_adu_2025_10_Colorado2025_x002048_y005632
Unknown_Sample,20251031_041_pol_pro_Vio_adu_2025_10_Colorado2025.czi,Vio_adu,660.66,2670.0,6257.0,34,29,114.38,0.949,20251031_041_pol_pro_Vio_adu_2025_10_Colorado2025_x002048_y005632
Unknown_Sample,20251031_041_pol_pro_Vio_adu_2025_10_Colorado2025.czi,Vio_adu,664.89,2670.0,6257.0,35,29,112.28,0.969,20251031_041_pol_pro_Vio_adu_2025_10_Colorado2025_x002560_y005632
Unknown_Sample,20251031_041_pol_pro_Vio_adu_2025_10_Colorado2025.czi,Vio_adu,653.74,3110.0,6236.0,31,35,109.84,0.955,20251031_041_pol_pro_Vio_adu_2025_10_Colorado2025_x002560_y005632
Unknown_Sample,20251031_041_pol_pro_Vio_adu_2025_10_Colorado2025.czi,Vio_adu,766.86,3607.0,5657.0,36,35,118.67,0.967,20251031_041_pol_pro_Vio_adu_2025_10_Colorado2025_x003072_y005632
Unknown_Sample,20251031_041_pol_pro_Vio_adu_2025_10_Colorado2025.czi,Vio_adu,739.93,3326.0,5919.0,35,34,115.84,0.965,20251031_041_pol_pro_Vio_adu_2025_10_Colorado2025_x003072_y005632
Unknown_Sample,20251031_041_pol_pro_Vio_adu_2025_10_Colorado2025.czi,Vio_adu,652.58,3110.0,6236.0,31,35,109.25,0.955,20251031_041_pol_pro_Vio_adu_2025_10_Colorado2025_x003072_y005632
Unknown_Sample,20251031_041_pol_pro_Vio_adu_2025_10_Colorado2025.czi,Vio_adu,786.48,3607.0,5657.0,36,36,120.08,0.962,20251031_041_pol_pro_Vio_adu_2025_10_Colorado2025_x003584_y005632
Unknown_Sample,20251031_041_pol_pro_Vio_adu_2025_10_Colorado2025.czi,Vio_adu,815.73,4359.0,5817.0,36,37,122.08,0.956,20251031_041_pol_pro_Vio_adu_2025_10_Colorado2025_x004096_y005632
Unknown_Sample,20251031_041_pol_pro_Vio_adu_2025_10_Colorado2025.czi,Vio_adu,337.45,4285.0,5639.0,36,16,90.04,0.937,20251031_041_pol_pro_Vio_adu_2025_10_Colorado2025_x004096_y005632
Unknown_Sample,20251031_041_pol_pro_Vio_adu_2025_10_Colorado2025.czi,Vio_adu,459.04,4726.0,5971.0,20,40,104.87,0.913,20251031_041_pol_pro_Vio_adu_2025_10_Colorado2025_x004096_y005632
Unknown_Sample,20251031_041_pol_pro_Vio_adu_2025_10_Colorado2025.czi,Vio_adu,681.05,4960.0,6136.0,32,35,112.43,0.964,20251031_041_pol_pro_Vio_adu_2025_10_Colorado2025_x004608_y005632
Unknown_Sample,20251031_041_pol_pro_Vio_adu_2025_10_Colorado2025.czi,Vio_adu,756.86,5012.0,5814.0,35,36,117.5,0.964,20251031_041_pol_pro_Vio_adu_2025_10_Colorado2025_x004608_y005632
Unknown_Sample,20251031_041_pol_pro_Vio_adu_2025_10_Colorado2025.czi,Vio_adu,837.27,4734.0,5970.0,36,39,124.91,0.962,20251031_041_pol_pro_Vio_adu_2025_10_Colorado2025_x004608_y005632
Unknown_Sample,20251031_041_pol_pro_Vio_adu_2025_10_Colorado2025.czi,Vio_adu,779.56,5398.0,6007.0,37,35,118.91,0.963,20251031_041_pol_pro_Vio_adu_2025_10_Colorado2025_x005120_y005632
Unknown_Sample,20251031_041_pol_pro_Vio_adu_2025_10_Colorado2025.czi,Vio_adu,844.97,5597.0,5994.0,41,37,128.23,0.95,20251031_041_pol_pro_Vio_adu_2025_10_Colorado2025_x005120_y005632
Unknown_Sample,20251031_041_pol_pro_Vio_adu_2025_10_Colorado2025.czi,Vio_adu,759.16,6148.0,5813.0,35,35,119.01,0.962,20251031_041_pol_pro_Vio_adu_2025_10_Colorado2025_x005632_y005632
Unknown_Sample,20251031_041_pol_pro_Vio_adu_2025_10_Colorado2025.czi,Vio_adu,869.21,6476.0,6186.0,38,38,125.15,0.962,20251031_041_pol_pro_Vio_adu_2025_10_Colorado2025_x006144_y005632
Unknown_Sample,20251031_041_pol_pro_Vio_adu_2025_10_Colorado2025.czi,Vio_adu,684.9,6679.0,5971.0,34,35,111.74,0.961,20251031_041_pol_pro_Vio_adu_2025_10_Colorado2025_x006144_y005632
Unknown_Sample,20251031_041_pol_pro_Vio_adu_2025_10_Colorado2025.czi,Vio_adu,470.2,6154.0,5813.0,22,35,100.63,0.959,20251031_041_pol_pro_Vio_adu_2025_10_Colorado2025_x006144_y005632
Unknown_Sample,20251031_041_pol_pro_Vio_adu_2025_10_Colorado2025.czi,Vio_adu,740.31,6726.0,6257.0,38,30,120.28,0.952,20251031_041_pol_pro_Vio_adu_2025_10_Colorado2025_x006144_y005632
Unknown_Sample,20251031_041_pol_pro_Vio_adu_2025_10_Colorado2025.czi,Vio_adu,754.55,6984.0,5952.0,34,37,118.67,0.965,20251031_041_pol_pro_Vio_adu_2025_10_Colorado2025_x006656_y005632
Unknown_Sample,20251031_041_pol_pro_Vio_adu_2025_10_Colorado2025.czi,Vio_adu,730.31,6926.0,5870.0,34,36,116.08,0.963,20251031_041_pol_pro_Vio_adu_2025_10_Colorado2025_x006656_y005632
Unknown_Sample,20251031_041_pol_pro_Vio_adu_2025_10_Colorado2025.czi,Vio_adu,686.44,6679.0,5971.0,34,35,111.74,0.961,20251031_041_pol_pro_Vio_adu_2025_10_Colorado2025_x006656_y005632
Unknown_Sample,20251031_041_pol_pro_Vio_adu_2025_10_Colorado2025.czi,Vio_adu,991.18,6919.0,5742.0,41,41,136.57,0.961,20251031_041_pol_pro_Vio_adu_2025_10_Colorado2025_x006656_y005632
Unknown_Sample,20251031_041_pol_pro_Vio_adu_2025_10_Colorado2025.czi,Vio_adu,740.31,6726.0,6257.0,38,30,120.28,0.952,20251031_041_pol_pro_Vio_adu_2025_10_Colorado2025_x006656_y005632
Unknown_Sample,20251031_041_pol_pro_Vio_adu_2025_10_Colorado2025.czi,Vio_adu,370.92,7124.0,6263.0,37,17,94.63,0.906,20251031_041_pol_pro_Vio_adu_2025_10_Colorado2025_x006656_y005632
Unknown_Sample,20251031_041_pol_pro_Vio_adu_2025_10_Colorado2025.czi,Vio_adu,766.86,7712.0,6142.0,37,34,118.67,0.965,20251031_041_pol_pro_Vio_adu_2025_10_Colorado2025_x007168_y005632
Unknown_Sample,20251031_041_pol_pro_Vio_adu_2025_10_Colorado2025.czi,Vio_adu,919.62,7778.0,6218.0,39,39,128.57,0.963,20251031_041_pol_pro_Vio_adu_2025_10_Colorado2025_x007168_y005632
Unknown_Sample,20251031_041_pol_pro_Vio_adu_2025_10_Colorado2025.czi,Vio_adu,811.11,7734.0,6004.0,36,37,123.25,0.963,20251031_041_pol_pro_Vio_adu_2025_10_Colorado2025_x007168_y005632
Unknown_Sample,20251031_041_pol_pro_Vio_adu_2025_10_Colorado2025.czi,Vio_adu,1026.97,7515.0,5808.0,41,41,137.15,0.962,20251031_041_pol_pro_Vio_adu_2025_10_Colorado2025_x007168_y005632
Unknown_Sample,20251031_041_pol_pro_Vio_adu_2025_10_Colorado2025.czi,Vio_adu,749.16,7415.0,6194.0,35,35,116.67,0.962,20251031_041_pol_pro_Vio_adu_2025_10_Colorado2025_x007168_y005632
Unknown_Sample,20251031_041_pol_pro_Vio_adu_2025_10_Colorado2025.czi,Vio_adu,805.34,7627.0,6182.0,37,37,122.33,0.961,20251031_041_pol_pro_Vio_adu_2025_10_Colorado2025_x007168_y005632
Unknown_Sample,20251031_041_pol_pro_Vio_adu_2025_10_Colorado2025.czi,Vio_adu,892.68,7428.0,6004.0,39,39,129.74,0.951,20251031_041_pol_pro_Vio_adu_2025_10_Colorado2025_x007168_y005632
Unknown_Sample,20251031_041_pol_pro_Vio_adu_2025_10_Colorado2025.czi,Vio_adu,1048.13,7670.0,6215.0,39,49,147.05,0.913,20251031_041_pol_pro_Vio_adu_2025_10_Colorado2025_x007168_y005632
Unknown_Sample,20251031_041_pol_pro_Vio_adu_2025_10_Colorado2025.czi,Vio_adu,773.02,7712.0,6142.0,37,34,118.67,0.963,20251031_041_pol_pro_Vio_adu_2025_10_Colorado2025_x007680_y005632
Unknown_Sample,20251031_041_pol_pro_Vio_adu_2025_10_Colorado2025.czi,Vio_adu,920.77,7778.0,6218.0,39,39,129.15,0.963,20251031_041_pol_pro_Vio_adu_2025_10_Colorado2025_x007680_y005632
Unknown_Sample,20251031_041_pol_pro_Vio_adu_2025_10_Colorado2025.czi,Vio_adu,820.73,7734.0,6004.0,36,37,123.84,0.96,20251031_041_pol_pro_Vio_adu_2025_10_Colorado2025_x007680_y005632
Unknown_Sample,20251031_041_pol_pro_Vio_adu_2025_10_Colorado2025.czi,Vio_adu,891.53,7880.0,6069.0,38,38,127.5,0.959,20251031_041_pol_pro_Vio_adu_2025_10_Colorado2025_x007680_y005632
Unknown_Sample,20251031_041_pol_pro_Vio_adu_2025_10_Colorado2025.czi,Vio_adu,908.84,7910.0,6109.0,38,41,129.4,0.958,20251031_041_pol_pro_Vio_adu_2025_10_Colorado2025_x007680_y005632
Unknown_Sample,20251031_041_pol_pro_Vio_adu_2025_10_Colorado2025.czi,Vio_adu,194.31,7684.0,6215.0,10,36,80.38,0.918,20251031_041_pol_pro_Vio_adu_2025_10_Colorado2025_x007680_y005632
Unknown_Sample,20251031_041_pol_pro_Vio_adu_2025_10_Colorado2025.czi,Vio_adu,851.13,8729.0,5822.0,37,37,124.08,0.963,20251031_041_pol_pro_Vio_adu_2025_10_Colorado2025_x008192_y005632
Unknown_Sample,20251031_041_pol_pro_Vio_adu_2025_10_Colorado2025.czi,Vio_adu,877.68,8382.0,5927.0,40,37,125.98,0.962,20251031_041_pol_pro_Vio_adu_2025_10_Colorado2025_x008192_y005632
Unknown_Sample,20251031_041_pol_pro_Vio_adu_2025_10_Colorado2025.czi,Vio_adu,957.71,8668.0,5693.0,40,40,131.98,0.96,20251031_041_pol_pro_Vio_adu_2025_10_Colorado2025_x008192_y005632
Unknown_Sample,20251031_041_pol_pro_Vio_adu_2025_10_Colorado2025.czi,Vio_adu,832.66,8558.0,5940.0,36,38,121.74,0.958,20251031_041_pol_pro_Vio_adu_2025_10_Colorado2025_x008192_y005632
Unknown_Sample,20251031_041_pol_pro_Vio_adu_2025_10_Colorado2025.czi,Vio_adu,824.19,8760.0,6101.0,37,36,122.08,0.956,20251031_041_pol_pro_Vio_adu_2025_10_Colorado2025_x008192_y005632
Unknown_Sample,20251031_041_pol_pro_Vio_adu_2025_10_Colorado2025.czi,Vio_adu,222.79,8593.0,5695.0,17,22,65.21,0.938,20251031_041_pol_pro_Vio_adu_2025_10_Colorado2025_x008192_y005632
Unknown_Sample,20251031_041_pol_pro_Vio_adu_2025_10_Colorado2025.czi,Vio_adu,909.23,8940.0,5678.0,38,39,129.5,0.963,20251031_041_pol_pro_Vio_adu_2025_10_Colorado2025_x008704_y005632
Unknown_Sample,20251031_041_pol_pro_Vio_adu_2025_10_Colorado2025.czi,Vio_adu,874.21,9266.0,6093.0,38,39,126.57,0.963,20251031_041_pol_pro_Vio_adu_2025_10_Colorado2025_x008704_y005632
Unknown_Sample,20251031_041_pol_pro_Vio_adu_2025_10_Colorado2025.czi,Vio_adu,848.82,8729.0,5822.0,37,37,124.08,0.963,20251031_041_pol_pro_Vio_adu_2025_10_Colorado2025_x008704_y005632
Unknown_Sample,20251031_041_pol_pro_Vio_adu_2025_10_Colorado2025.czi,Vio_adu,823.81,8760.0,6101.0,37,36,121.5,0.959,20251031_041_pol_pro_Vio_adu_2025_10_Colorado2025_x008704_y005632
Unknown_Sample,20251031_041_pol_pro_Vio_adu_2025_10_Colorado2025.czi,Vio_adu,906.92,9474.0,5763.0,37,40,128.33,0.963,20251031_041_pol_pro_Vio_adu_2025_10_Colorado2025_x009216_y005632
Unknown_Sample,20251031_041_pol_pro_Vio_adu_2025_10_Colorado2025.czi,Vio_adu,846.12,9644.0,5701.0,38,35,123.84,0.963,20251031_041_pol_pro_Vio_adu_2025_10_Colorado2025_x009216_y005632
Unknown_Sample,20251031_041_pol_pro_Vio_adu_2025_10_Colorado2025.czi,Vio_adu,875.37,9266.0,6093.0,38,39,125.98,0.962,20251031_041_pol_pro_Vio_adu_2025_10_Colorado2025_x009216_y005632
Unknown_Sample,20251031_041_pol_pro_Vio_adu_2025_10_Colorado2025.czi,Vio_adu,891.53,9487.0,5684.0,40,37,127.15,0.962,20251031_041_pol_pro_Vio_adu_2025_10_Colorado2025_x009216_y005632
Unknown_Sample,20251031_041_pol_pro_Vio_adu_2025_10_Colorado2025.czi,Vio_adu,584.86,10052.0,5789.0,31,31,103.6,0.958,20251031_041_pol_pro_Vio_adu_2025_10_Colorado2025_x009728_y005632
Unknown_Sample,20251031_041_pol_pro_Vio_adu_2025_10_Colorado2025.czi,Vio_adu,889.22,10173.0,5972.0,39,38,128.33,0.956,20251031_041_pol_pro_Vio_adu_2025_10_Colorado2025_x009728_y005632
Unknown_Sample,20251031_041_pol_pro_Vio_adu_2025_10_Colorado2025.czi,Vio_adu,875.75,10198.0,5677.0,40,37,127.74,0.955,20251031_041_pol_pro_Vio_adu_2025_10_Colorado2025_x009728_y005632
Unknown_Sample,20251031_041_pol_pro_Vio_adu_2025_10_Colorado2025.czi,Vio_adu,622.18,1908.0,6560.0,32,32,105.84,0.961,20251031_041_pol_pro_Vio_adu_2025_10_Colorado2025_x001536_y006144
Unknown_Sample,20251031_041_pol_pro_Vio_adu_2025_10_Colorado2025.czi,Vio_adu,435.18,2137.0,6293.0,25,32,91.84,0.918,20251031_041_pol_pro_Vio_adu_2025_10_Colorado2025_x001536_y006144
Unknown_Sample,20251031_041_pol_pro_Vio_adu_2025_10_Colorado2025.czi,Vio_adu,639.5,2600.0,6589.0,33,32,109.6,0.962,20251031_041_pol_pro_Vio_adu_2025_10_Colorado2025_x002048_y006144
Unknown_Sample,20251031_041_pol_pro_Vio_adu_2025_10_Colorado2025.czi,Vio_adu,633.34,2524.0,6718.0,32,33,107.25,0.962,20251031_041_pol_pro_Vio_adu_2025_10_Colorado2025_x002048_y006144
Unknown_Sample,20251031_041_pol_pro_Vio_adu_2025_10_Colorado2025.czi,Vio_adu,596.79,2344.0,6445.0,30,31,104.53,0.961,20251031_041_pol_pro_Vio_adu_2025_10_Colorado2025_x002048_y006144
Unknown_Sample,20251031_041_pol_pro_Vio_adu_2025_10_Colorado2025.czi,Vio_adu,714.15,2670.0,6258.0,34,34,115.6,0.959,20251031_041_pol_pro_Vio_adu_2025_10_Colorado2025_x002048_y006144
Unknown_Sample,20251031_041_pol_pro_Vio_adu_2025_10_Colorado2025.czi,Vio_adu,425.95,2137.0,6293.0,24,32,91.01,0.92,20251031_041_pol_pro_Vio_adu_2025_10_Colorado2025_x002048_y006144
Unknown_Sample,20251031_041_pol_pro_Vio_adu_2025_10_Colorado2025.czi,Vio_adu,723.0,2670.0,6258.0,35,34,114.67,0.968,20251031_041_pol_pro_Vio_adu_2025_10_Colorado2025_x002560_y006144
Unknown_Sample,20251031_041_pol_pro_Vio_adu_2025_10_Colorado2025.czi,Vio_adu,641.04,2600.0,6589.0,33,32,109.6,0.962,20251031_041_pol_pro_Vio_adu_2025_10_Colorado2025_x002560_y006144
Unknown_Sample,20251031_041_pol_pro_Vio_adu_2025_10_Colorado2025.czi,Vio_adu,706.45,2930.0,6729.0,34,34,113.25,0.961,20251031_041_pol_pro_Vio_adu_2025_10_Colorado2025_x002560_y006144
Unknown_Sample,20251031_041_pol_pro_Vio_adu_2025_10_Colorado2025.czi,Vio_adu,669.9,3110.0,6236.0,31,35,109.84,0.948,20251031_041_pol_pro_Vio_adu_2025_10_Colorado2025_x002560_y006144
Unknown_Sample,20251031_041_pol_pro_Vio_adu_2025_10_Colorado2025.czi,Vio_adu,683.75,3431.0,6429.0,31,37,111.5,0.962,20251031_041_pol_pro_Vio_adu_2025_10_Colorado2025_x003072_y006144
Unknown_Sample,20251031_041_pol_pro_Vio_adu_2025_10_Colorado2025.czi,Vio_adu,653.74,3110.0,6236.0,31,35,109.84,0.955,20251031_041_pol_pro_Vio_adu_2025_10_Colorado2025_x003072_y006144
Unknown_Sample,20251031_041_pol_pro_Vio_adu_2025_10_Colorado2025.czi,Vio_adu,479.43,3376.0,6772.0,31,24,97.8,0.936,20251031_041_pol_pro_Vio_adu_2025_10_Colorado2025_x003072_y006144
Unknown_Sample,20251031_041_pol_pro_Vio_adu_2025_10_Colorado2025.czi,Vio_adu,99.66,3076.0,6376.0,11,20,50.38,0.863,20251031_041_pol_pro_Vio_adu_2025_10_Colorado2025_x003072_y006144
Unknown_Sample,20251031_041_pol_pro_Vio_adu_2025_10_Colorado2025.czi,Vio_adu,768.01,3774.0,6547.0,35,36,119.25,0.962,20251031_041_pol_pro_Vio_adu_2025_10_Colorado2025_x003584_y006144
Unknown_Sample,20251031_041_pol_pro_Vio_adu_2025_10_Colorado2025.czi,Vio_adu,810.34,4271.0,6321.0,37,36,120.91,0.967,20251031_041_pol_pro_Vio_adu_2025_10_Colorado2025_x004096_y006144
Unknown_Sample,20251031_041_pol_pro_Vio_adu_2025_10_Colorado2025.czi,Vio_adu,658.74,4253.0,6443.0,32,34,109.25,0.964,20251031_041_pol_pro_Vio_adu_2025_10_Colorado2025_x004096_y006144
Unknown_Sample,20251031_041_pol_pro_Vio_adu_2025_10_Colorado2025.czi,Vio_adu,759.16,4591.0,6352.0,36,36,118.33,0.962,20251031_041_pol_pro_Vio_adu_2025_10_Colorado2025_x004096_y006144
Unknown_Sample,20251031_041_pol_pro_Vio_adu_2025_10_Colorado2025.czi,Vio_adu,758.39,4924.0,6423.0,37,34,119.84,0.962,20251031_041_pol_pro_Vio_adu_2025_10_Colorado2025_x004608_y006144
Unknown_Sample,20251031_041_pol_pro_Vio_adu_2025_10_Colorado2025.czi,Vio_adu,131.59,4960.0,6148.0,28,10,63.8,0.939,20251031_041_pol_pro_Vio_adu_2025_10_Colorado2025_x004608_y006144
Unknown_Sample,20251031_041_pol_pro_Vio_adu_2025_10_Colorado2025.czi,Vio_adu,725.3,5255.0,6526.0,35,34,114.67,0.96,20251031_041_pol_pro_Vio_adu_2025_10_Colorado2025_x005120_y006144
Unknown_Sample,20251031_041_pol_pro_Vio_adu_2025_10_Colorado2025.czi,Vio_adu,750.31,5561.0,6374.0,35,37,118.91,0.955,20251031_041_pol_pro_Vio_adu_2025_10_Colorado2025_x005120_y006144
Unknown_Sample,20251031_041_pol_pro_Vio_adu_2025_10_Colorado2025.czi,Vio_adu,665.28,5528.0,6620.0,34,33,110.67,0.954,20251031_041_pol_pro_Vio_adu_2025_10_Colorado2025_x005120_y006144
Unknown_Sample,20251031_041_pol_pro_Vio_adu_2025_10_Colorado2025.czi,Vio_adu,935.78,5629.0,6308.0,38,40,132.08,0.948,20251031_041_pol_pro_Vio_adu_2025_10_Colorado2025_x005120_y006144
Unknown_Sample,20251031_041_pol_pro_Vio_adu_2025_10_Colorado2025.czi,Vio_adu,654.89,5444.0,6771.0,37,27,114.63,0.93,20251031_041_pol_pro_Vio_adu_2025_10_Colorado2025_x005120_y006144
Unknown_Sample,20251031_041_pol_pro_Vio_adu_2025_10_Colorado2025.czi,Vio_adu,377.85,5639.0,6309.0,17,40,99.46,0.94,20251031_041_pol_pro_Vio_adu_2025_10_Colorado2025_x005632_y006144
Unknown_Sample,20251031_041_pol_pro_Vio_adu_2025_10_Colorado2025.czi,Vio_adu,872.29,6726.0,6259.0,38,38,127.5,0.964,20251031_041_pol_pro_Vio_adu_2025_10_Colorado2025_x006144_y006144
Unknown_Sample,20251031_041_pol_pro_Vio_adu_2025_10_Colorado2025.czi,Vio_adu,869.21,6476.0,6186.0,38,38,125.15,0.962,20251031_041_pol_pro_Vio_adu_2025_10_Colorado2025_x006144_y006144
Unknown_Sample,20251031_041_pol_pro_Vio_adu_2025_10_Colorado2025.czi,Vio_adu,680.29,6687.0,6697.0,34,34,112.08,0.956,20251031_041_pol_pro_Vio_adu_2025_10_Colorado2025_x006144_y006144
Unknown_Sample,20251031_041_pol_pro_Vio_adu_2025_10_Colorado2025.czi,Vio_adu,722.61,6685.0,6765.0,34,34,115.6,0.955,20251031_041_pol_pro_Vio_adu_2025_10_Colorado2025_x006144_y006144
Unknown_Sample,20251031_041_pol_pro_Vio_adu_2025_10_Colorado2025.czi,Vio_adu,841.89,7124.0,6272.0,37,37,124.08,0.964,20251031_041_pol_pro_Vio_adu_2025_10_Colorado2025_x006656_y006144
Unknown_Sample,20251031_041_pol_pro_Vio_adu_2025_10_Colorado2025.czi,Vio_adu,872.29,6726.0,6259.0,38,38,127.5,0.964,20251031_041_pol_pro_Vio_adu_2025_10_Colorado2025_x006656_y006144
Unknown_Sample,20251031_041_pol_pro_Vio_adu_2025_10_Colorado2025.czi,Vio_adu,806.49,7066.0,6313.0,36,37,122.08,0.962,20251031_041_pol_pro_Vio_adu_2025_10_Colorado2025_x006656_y006144
Unknown_Sample,20251031_041_pol_pro_Vio_adu_2025_10_Colorado2025.czi,Vio_adu,740.7,7043.0,6364.0,35,35,116.67,0.961,20251031_041_pol_pro_Vio_adu_2025_10_Colorado2025_x006656_y006144
Unknown_Sample,20251031_041_pol_pro_Vio_adu_2025_10_Colorado2025.czi,Vio_adu,725.3,6807.0,6741.0,35,34,114.67,0.96,20251031_041_pol_pro_Vio_adu_2025_10_Colorado2025_x006656_y006144
Unknown_Sample,20251031_041_pol_pro_Vio_adu_2025_10_Colorado2025.czi,Vio_adu,791.87,6922.0,6614.0,35,37,120.08,0.959,20251031_041_pol_pro_Vio_adu_2025_10_Colorado2025_x006656_y006144
Unknown_Sample,20251031_041_pol_pro_Vio_adu_2025_10_Colorado2025.czi,Vio_adu,684.52,7089.0,6738.0,36,32,110.33,0.958,20251031_041_pol_pro_Vio_adu_2025_10_Colorado2025_x006656_y006144
Unknown_Sample,20251031_041_pol_pro_Vio_adu_2025_10_Colorado2025.czi,Vio_adu,680.29,6687.0,6697.0,34,34,112.08,0.956,20251031_041_pol_pro_Vio_adu_2025_10_Colorado2025_x006656_y006144
Unknown_Sample,20251031_041_pol_pro_Vio_adu_2025_10_Colorado2025.czi,Vio_adu,707.22,6685.0,6765.0,34,33,113.6,0.955,20251031_041_pol_pro_Vio_adu_2025_10_Colorado2025_x006656_y006144
Unknown_Sample,20251031_041_pol_pro_Vio_adu_2025_10_Colorado2025.czi,Vio_adu,443.26,7287.0,6506.0,19,39,101.46,0.917,20251031_041_pol_pro_Vio_adu_2025_10_Colorado2025_x006656_y006144
Unknown_Sample,20251031_041_pol_pro_Vio_adu_2025_10_Colorado2025.czi,Vio_adu,922.31,7778.0,6218.0,39,39,129.15,0.963,20251031_041_pol_pro_Vio_adu_2025_10_Colorado2025_x007168_y006144
Unknown_Sample,20251031_041_pol_pro_Vio_adu_2025_10_Colorado2025.czi,Vio_adu,749.16,7415.0,6194.0,35,35,116.67,0.962,20251031_041_pol_pro_Vio_adu_2025_10_Colorado2025_x007168_y006144
Unknown_Sample,20251031_041_pol_pro_Vio_adu_2025_10_Colorado2025.czi,Vio_adu,806.88,7627.0,6182.0,37,37,122.33,0.961,20251031_041_pol_pro_Vio_adu_2025_10_Colorado2025_x007168_y006144
Unknown_Sample,20251031_041_pol_pro_Vio_adu_2025_10_Colorado2025.czi,Vio_adu,831.5,7294.0,6506.0,37,38,123.15,0.959,20251031_041_pol_pro_Vio_adu_2025_10_Colorado2025_x007168_y006144
Unknown_Sample,20251031_041_pol_pro_Vio_adu_2025_10_Colorado2025.czi,Vio_adu,322.06,7712.0,6151.0,36,16,90.04,0.95,20251031_041_pol_pro_Vio_adu_2025_10_Colorado2025_x007168_y006144
Unknown_Sample,20251031_041_pol_pro_Vio_adu_2025_10_Colorado2025.czi,Vio_adu,1048.9,7670.0,6215.0,39,49,147.05,0.91,20251031_041_pol_pro_Vio_adu_2025_10_Colorado2025_x007168_y006144
Unknown_Sample,20251031_041_pol_pro_Vio_adu_2025_10_Colorado2025.czi,Vio_adu,810.34,7955.0,6744.0,35,37,122.43,0.963,20251031_041_pol_pro_Vio_adu_2025_10_Colorado2025_x007680_y006144
Unknown_Sample,20251031_041_pol_pro_Vio_adu_2025_10_Colorado2025.czi,Vio_adu,920.77,7778.0,6218.0,39,39,129.15,0.963,20251031_041_pol_pro_Vio_adu_2025_10_Colorado2025_x007680_y006144
Unknown_Sample,20251031_041_pol_pro_Vio_adu_2025_10_Colorado2025.czi,Vio_adu,832.66,8034.0,6704.0,38,36,125.25,0.962,20251031_041_pol_pro_Vio_adu_2025_10_Colorado2025_x007680_y006144
Unknown_Sample,20251031_041_pol_pro_Vio_adu_2025_10_Colorado2025.czi,Vio_adu,323.21,7712.0,6151.0,36,16,89.46,0.949,20251031_041_pol_pro_Vio_adu_2025_10_Colorado2025_x007680_y006144
Unknown_Sample,20251031_041_pol_pro_Vio_adu_2025_10_Colorado2025.czi,Vio_adu,492.9,7855.0,6773.0,37,21,103.21,0.94,20251031_041_pol_pro_Vio_adu_2025_10_Colorado2025_x007680_y006144
Unknown_Sample,20251031_041_pol_pro_Vio_adu_2025_10_Colorado2025.czi,Vio_adu,194.31,7684.0,6215.0,10,36,80.38,0.918,20251031_041_pol_pro_Vio_adu_2025_10_Colorado2025_x007680_y006144
Unknown_Sample,20251031_041_pol_pro_Vio_adu_2025_10_Colorado2025.czi,Vio_adu,870.36,9036.0,6696.0,39,37,125.74,0.963,20251031_041_pol_pro_Vio_adu_2025_10_Colorado2025_x008704_y006144
Unknown_Sample,20251031_041_pol_pro_Vio_adu_2025_10_Colorado2025.czi,Vio_adu,646.42,9452.0,6448.0,34,31,108.43,0.962,20251031_041_pol_pro_Vio_adu_2025_10_Colorado2025_x009216_y006144
Unknown_Sample,20251031_041_pol_pro_Vio_adu_2025_10_Colorado2025.czi,Vio_adu,441.34,9847.0,6498.0,19,39,100.87,0.914,20251031_041_pol_pro_Vio_adu_2025_10_Colorado2025_x009216_y006144
Unknown_Sample,20251031_041_pol_pro_Vio_adu_2025_10_Colorado2025.czi,Vio_adu,842.28,10088.0,6453.0,36,39,123.15,0.96,20251031_041_pol_pro_Vio_adu_2025_10_Colorado2025_x009728_y006144
Unknown_Sample,20251031_041_pol_pro_Vio_adu_2025_10_Colorado2025.czi,Vio_adu,836.89,9854.0,6498.0,37,38,123.15,0.957,20251031_041_pol_pro_Vio_adu_2025_10_Colorado2025_x009728_y006144
Unknown_Sample,20251031_041_pol_pro_Vio_adu_2025_10_Colorado2025.czi,Vio_adu,791.49,10383.0,6544.0,37,35,120.67,0.965,20251031_041_pol_pro_Vio_adu_2025_10_Colorado2025_x010240_y006144
Unknown_Sample,20251031_041_pol_pro_Vio_adu_2025_10_Colorado2025.czi,Vio_adu,724.53,10486.0,6366.0,34,34,113.84,0.961,20251031_041_pol_pro_Vio_adu_2025_10_Colorado2025_x010240_y006144
Unknown_Sample,20251031_041_pol_pro_Vio_adu_2025_10_Colorado2025.czi,Vio_adu,736.08,10582.0,6725.0,33,35,116.18,0.959,20251031_041_pol_pro_Vio_adu_2025_10_Colorado2025_x010240_y006144
Unknown_Sample,20251031_041_pol_pro_Vio_adu_2025_10_Colorado2025.czi,Vio_adu,588.32,1616.0,7164.0,34,29,106.18,0.958,20251031_041_pol_pro_Vio_adu_2025_10_Colorado2025_x001024_y006656
Unknown_Sample,20251031_041_pol_pro_Vio_adu_2025_10_Colorado2025.czi,Vio_adu,698.75,1535.0,7027.0,34,34,113.25,0.952,20251031_041_pol_pro_Vio_adu_2025_10_Colorado2025_x001024_y006656
Unknown_Sample,20251031_041_pol_pro_Vio_adu_2025_10_Colorado2025.czi,Vio_adu,693.75,1994.0,6878.0,34,34,113.84,0.962,20251031_041_pol_pro_Vio_adu_2025_10_Colorado2025_x001536_y006656
Unknown_Sample,20251031_041_pol_pro_Vio_adu_2025_10_Colorado2025.czi,Vio_adu,591.4,1616.0,7164.0,34,29,105.01,0.958,20251031_041_pol_pro_Vio_adu_2025_10_Colorado2025_x001536_y006656
Unknown_Sample,20251031_041_pol_pro_Vio_adu_2025_10_Colorado2025.czi,Vio_adu,314.75,1543.0,7027.0,17,35,88.28,0.934,20251031_041_pol_pro_Vio_adu_2025_10_Colorado2025_x001536_y006656
Unknown_Sample,20251031_041_pol_pro_Vio_adu_2025_10_Colorado2025.czi,Vio_adu,632.57,2524.0,6718.0,32,33,107.25,0.962,20251031_041_pol_pro_Vio_adu_2025_10_Colorado2025_x002048_y006656
Unknown_Sample,20251031_041_pol_pro_Vio_adu_2025_10_Colorado2025.czi,Vio_adu,642.96,2400.0,6829.0,34,32,108.67,0.962,20251031_041_pol_pro_Vio_adu_2025_10_Colorado2025_x002048_y006656
Unknown_Sample,20251031_041_pol_pro_Vio_adu_2025_10_Colorado2025.czi,Vio_adu,675.28,2583.0,6862.0,34,33,111.84,0.96,20251031_041_pol_pro_Vio_adu_2025_10_Colorado2025_x002048_y006656
Unknown_Sample,20251031_041_pol_pro_Vio_adu_2025_10_Colorado2025.czi,Vio_adu,658.35,2384.0,7253.0,35,31,111.01,0.959,20251031_041_pol_pro_Vio_adu_2025_10_Colorado2025_x002048_y006656
Unknown_Sample,20251031_041_pol_pro_Vio_adu_2025_10_Colorado2025.czi,Vio_adu,673.36,2583.0,6862.0,34,33,112.43,0.964,20251031_041_pol_pro_Vio_adu_2025_10_Colorado2025_x002560_y006656
Unknown_Sample,20251031_041_pol_pro_Vio_adu_2025_10_Colorado2025.czi,Vio_adu,704.91,2930.0,6729.0,34,34,113.25,0.962,20251031_041_pol_pro_Vio_adu_2025_10_Colorado2025_x002560_y006656
Unknown_Sample,20251031_041_pol_pro_Vio_adu_2025_10_Colorado2025.czi,Vio_adu,577.17,2749.0,6974.0,31,31,103.6,0.96,20251031_041_pol_pro_Vio_adu_2025_10_Colorado2025_x002560_y006656
Unknown_Sample,20251031_041_pol_pro_Vio_adu_2025_10_Colorado2025.czi,Vio_adu,837.66,2915.0,6851.0,37,37,123.5,0.959,20251031_041_pol_pro_Vio_adu_2025_10_Colorado2025_x002560_y006656
Unknown_Sample,20251031_041_pol_pro_Vio_adu_2025_10_Colorado2025.czi,Vio_adu,933.08,3051.0,6890.0,39,40,132.33,0.958,20251031_041_pol_pro_Vio_adu_2025_10_Colorado2025_x002560_y006656
Unknown_Sample,20251031_041_pol_pro_Vio_adu_2025_10_Colorado2025.czi,Vio_adu,641.81,3375.0,6775.0,32,34,109.25,0.958,20251031_041_pol_pro_Vio_adu_2025_10_Colorado2025_x003072_y006656
Unknown_Sample,20251031_041_pol_pro_Vio_adu_2025_10_Colorado2025.czi,Vio_adu,778.4,3889.0,6840.0,37,35,119.5,0.962,20251031_041_pol_pro_Vio_adu_2025_10_Colorado2025_x003584_y006656
Unknown_Sample,20251031_041_pol_pro_Vio_adu_2025_10_Colorado2025.czi,Vio_adu,515.99,4212.0,7152.0,24,35,102.87,0.917,20251031_041_pol_pro_Vio_adu_2025_10_Colorado2025_x003584_y006656
Unknown_Sample,20251031_041_pol_pro_Vio_adu_2025_10_Colorado2025.czi,Vio_adu,751.47,4311.0,7186.0,35,36,118.67,0.964,20251031_041_pol_pro_Vio_adu_2025_10_Colorado2025_x004096_y006656
Unknown_Sample,20251031_041_pol_pro_Vio_adu_2025_10_Colorado2025.czi,Vio_adu,707.22,4475.0,6834.0,35,33,114.43,0.962,20251031_041_pol_pro_Vio_adu_2025_10_Colorado2025_x004096_y006656
Unknown_Sample,20251031_041_pol_pro_Vio_adu_2025_10_Colorado2025.czi,Vio_adu,775.33,4712.0,6878.0,36,36,118.33,0.96,20251031_041_pol_pro_Vio_adu_2025_10_Colorado2025_x004096_y006656
Unknown_Sample,20251031_041_pol_pro_Vio_adu_2025_10_Colorado2025.czi,Vio_adu,725.3,4587.0,7063.0,35,35,116.67,0.96,20251031_041_pol_pro_Vio_adu_2025_10_Colorado2025_x004096_y006656
Unknown_Sample,20251031_041_pol_pro_Vio_adu_2025_10_Colorado2025.czi,Vio_adu,725.3,4301.0,6977.0,35,34,115.84,0.958,20251031_041_pol_pro_Vio_adu_2025_10_Colorado2025_x004096_y006656
Unknown_Sample,20251031_041_pol_pro_Vio_adu_2025_10_Colorado2025.czi,Vio_adu,626.8,4216.0,7152.0,32,33,107.84,0.957,20251031_041_pol_pro_Vio_adu_2025_10_Colorado2025_x004096_y006656
Unknown_Sample,20251031_041_pol_pro_Vio_adu_2025_10_Colorado2025.czi,Vio_adu,848.43,4503.0,7276.0,37,38,125.5,0.953,20251031_041_pol_pro_Vio_adu_2025_10_Colorado2025_x004096_y006656
Unknown_Sample,20251031_041_pol_pro_Vio_adu_2025_10_Colorado2025.czi,Vio_adu,420.56,4310.0,7286.0,37,19,98.04,0.914,20251031_041_pol_pro_Vio_adu_2025_10_Colorado2025_x004096_y006656
Unknown_Sample,20251031_041_pol_pro_Vio_adu_2025_10_Colorado2025.czi,Vio_adu,909.23,4718.0,6980.0,36,40,133.36,0.848,20251031_041_pol_pro_Vio_adu_2025_10_Colorado2025_x004096_y006656
Unknown_Sample,20251031_041_pol_pro_Vio_adu_2025_10_Colorado2025.czi,Vio_adu,660.28,5131.0,6898.0,32,34,110.43,0.963,20251031_041_pol_pro_Vio_adu_2025_10_Colorado2025_x004608_y006656
Unknown_Sample,20251031_041_pol_pro_Vio_adu_2025_10_Colorado2025.czi,Vio_adu,773.02,4712.0,6878.0,36,36,118.33,0.963,20251031_041_pol_pro_Vio_adu_2025_10_Colorado2025_x004608_y006656
Unknown_Sample,20251031_041_pol_pro_Vio_adu_2025_10_Colorado2025.czi,Vio_adu,694.14,4759.0,7001.0,33,34,112.43,0.958,20251031_041_pol_pro_Vio_adu_2025_10_Colorado2025_x004608_y006656
Unknown_Sample,20251031_041_pol_pro_Vio_adu_2025_10_Colorado2025.czi,Vio_adu,1013.89,4720.0,6980.0,43,40,137.98,0.94,20251031_041_pol_pro_Vio_adu_2025_10_Colorado2025_x004608_y006656
Unknown_Sample,20251031_041_pol_pro_Vio_adu_2025_10_Colorado2025.czi,Vio_adu,469.04,5238.0,6943.0,20,38,102.04,0.925,20251031_041_pol_pro_Vio_adu_2025_10_Colorado2025_x004608_y006656
Unknown_Sample,20251031_041_pol_pro_Vio_adu_2025_10_Colorado2025.czi,Vio_adu,584.09,5133.0,6898.0,27,34,105.11,0.964,20251031_041_pol_pro_Vio_adu_2025_10_Colorado2025_x005120_y006656
Unknown_Sample,20251031_041_pol_pro_Vio_adu_2025_10_Colorado2025.czi,Vio_adu,868.06,5245.0,6942.0,38,38,125.74,0.964,20251031_041_pol_pro_Vio_adu_2025_10_Colorado2025_x005120_y006656
Unknown_Sample,20251031_041_pol_pro_Vio_adu_2025_10_Colorado2025.czi,Vio_adu,699.14,5388.0,6865.0,35,33,112.67,0.959,20251031_041_pol_pro_Vio_adu_2025_10_Colorado2025_x005120_y006656
Unknown_Sample,20251031_041_pol_pro_Vio_adu_2025_10_Colorado2025.czi,Vio_adu,818.8,5445.0,6774.0,37,36,122.08,0.955,20251031_041_pol_pro_Vio_adu_2025_10_Colorado2025_x005120_y006656
Unknown_Sample,20251031_041_pol_pro_Vio_adu_2025_10_Colorado2025.czi,Vio_adu,809.95,5987.0,7088.0,38,35,122.67,0.949,20251031_041_pol_pro_Vio_adu_2025_10_Colorado2025_x005632_y006656
Unknown_Sample,20251031_041_pol_pro_Vio_adu_2025_10_Colorado2025.czi,Vio_adu,1089.3,6119.0,6963.0,43,44,143.64,0.948,20251031_041_pol_pro_Vio_adu_2025_10_Colorado2025_x005632_y006656
Unknown_Sample,20251031_041_pol_pro_Vio_adu_2025_10_Colorado2025.czi,Vio_adu,206.63,6266.0,6911.0,12,31,74.38,0.883,20251031_041_pol_pro_Vio_adu_2025_10_Colorado2025_x005632_y006656
Unknown_Sample,20251031_041_pol_pro_Vio_adu_2025_10_Colorado2025.czi,Vio_adu,688.75,6707.0,6901.0,33,34,112.43,0.964,20251031_041_pol_pro_Vio_adu_2025_10_Colorado2025_x006144_y006656
Unknown_Sample,20251031_041_pol_pro_Vio_adu_2025_10_Colorado2025.czi,Vio_adu,870.75,6562.0,7083.0,37,39,125.15,0.962,20251031_041_pol_pro_Vio_adu_2025_10_Colorado2025_x006144_y006656
Unknown_Sample,20251031_041_pol_pro_Vio_adu_2025_10_Colorado2025.czi,Vio_adu,715.3,6685.0,6765.0,34,34,115.01,0.961,20251031_041_pol_pro_Vio_adu_2025_10_Colorado2025_x006144_y006656
Unknown_Sample,20251031_041_pol_pro_Vio_adu_2025_10_Colorado2025.czi,Vio_adu,756.47,6277.0,6910.0,38,34,118.91,0.961,20251031_041_pol_pro_Vio_adu_2025_10_Colorado2025_x006144_y006656
Unknown_Sample,20251031_041_pol_pro_Vio_adu_2025_10_Colorado2025.czi,Vio_adu,680.29,6687.0,6697.0,34,34,112.08,0.956,20251031_041_pol_pro_Vio_adu_2025_10_Colorado2025_x006144_y006656
Unknown_Sample,20251031_041_pol_pro_Vio_adu_2025_10_Colorado2025.czi,Vio_adu,561.0,6497.0,7283.0,34,25,105.8,0.952,20251031_041_pol_pro_Vio_adu_2025_10_Colorado2025_x006144_y006656
Unknown_Sample,20251031_041_pol_pro_Vio_adu_2025_10_Colorado2025.czi,Vio_adu,233.56,6548.0,7290.0,35,12,81.21,0.882,20251031_041_pol_pro_Vio_adu_2025_10_Colorado2025_x006144_y006656
Unknown_Sample,20251031_041_pol_pro_Vio_adu_2025_10_Colorado2025.czi,Vio_adu,688.75,6707.0,6901.0,33,34,112.43,0.964,20251031_041_pol_pro_Vio_adu_2025_10_Colorado2025_x006656_y006656
Unknown_Sample,20251031_041_pol_pro_Vio_adu_2025_10_Colorado2025.czi,Vio_adu,783.79,6807.0,7022.0,35,37,119.5,0.961,20251031_041_pol_pro_Vio_adu_2025_10_Colorado2025_x006656_y006656
Unknown_Sample,20251031_041_pol_pro_Vio_adu_2025_10_Colorado2025.czi,Vio_adu,714.53,6685.0,6765.0,34,34,115.01,0.961,20251031_041_pol_pro_Vio_adu_2025_10_Colorado2025_x006656_y006656
Unknown_Sample,20251031_041_pol_pro_Vio_adu_2025_10_Colorado2025.czi,Vio_adu,725.3,6807.0,6741.0,35,34,114.67,0.96,20251031_041_pol_pro_Vio_adu_2025_10_Colorado2025_x006656_y006656
Unknown_Sample,20251031_041_pol_pro_Vio_adu_2025_10_Colorado2025.czi,Vio_adu,769.17,6869.0,7019.0,35,36,117.5,0.96,20251031_041_pol_pro_Vio_adu_2025_10_Colorado2025_x006656_y006656
Unknown_Sample,20251031_041_pol_pro_Vio_adu_2025_10_Colorado2025.czi,Vio_adu,684.52,7089.0,6738.0,36,32,110.33,0.959,20251031_041_pol_pro_Vio_adu_2025_10_Colorado2025_x006656_y006656
Unknown_Sample,20251031_041_pol_pro_Vio_adu_2025_10_Colorado2025.czi,Vio_adu,680.29,6687.0,6697.0,34,34,112.08,0.955,20251031_041_pol_pro_Vio_adu_2025_10_Colorado2025_x006656_y006656
Unknown_Sample,20251031_041_pol_pro_Vio_adu_2025_10_Colorado2025.czi,Vio_adu,510.98,7042.0,7284.0,35,23,102.63,0.934,20251031_041_pol_pro_Vio_adu_2025_10_Colorado2025_x006656_y006656
Unknown_Sample,20251031_041_pol_pro_Vio_adu_2025_10_Colorado2025.czi,Vio_adu,875.75,7412.0,6957.0,39,38,126.57,0.954,20251031_041_pol_pro_Vio_adu_2025_10_Colorado2025_x007168_y006656
Unknown_Sample,20251031_041_pol_pro_Vio_adu_2025_10_Colorado2025.czi,Vio_adu,841.12,7516.0,7246.0,37,37,124.08,0.953,20251031_041_pol_pro_Vio_adu_2025_10_Colorado2025_x007168_y006656
Unknown_Sample,20251031_041_pol_pro_Vio_adu_2025_10_Colorado2025.czi,Vio_adu,829.58,7855.0,6780.0,38,36,124.08,0.966,20251031_041_pol_pro_Vio_adu_2025_10_Colorado2025_x007680_y006656
Unknown_Sample,20251031_041_pol_pro_Vio_adu_2025_10_Colorado2025.czi,Vio_adu,813.03,7955.0,6744.0,35,37,123.01,0.963,20251031_041_pol_pro_Vio_adu_2025_10_Colorado2025_x007680_y006656
Unknown_Sample,20251031_041_pol_pro_Vio_adu_2025_10_Colorado2025.czi,Vio_adu,838.04,8034.0,6704.0,39,36,126.08,0.961,20251031_041_pol_pro_Vio_adu_2025_10_Colorado2025_x007680_y006656
Unknown_Sample,20251031_041_pol_pro_Vio_adu_2025_10_Colorado2025.czi,Vio_adu,799.57,8113.0,6901.0,34,41,124.91,0.942,20251031_041_pol_pro_Vio_adu_2025_10_Colorado2025_x007680_y006656
Unknown_Sample,20251031_041_pol_pro_Vio_adu_2025_10_Colorado2025.czi,Vio_adu,77.34,8823.0,6810.0,13,10,40.24,0.793,20251031_041_pol_pro_Vio_adu_2025_10_Colorado2025_x008192_y006656
Unknown_Sample,20251031_041_pol_pro_Vio_adu_2025_10_Colorado2025.czi,Vio_adu,871.13,9036.0,6696.0,39,37,125.74,0.963,20251031_041_pol_pro_Vio_adu_2025_10_Colorado2025_x008704_y006656
Unknown_Sample,20251031_041_pol_pro_Vio_adu_2025_10_Colorado2025.czi,Vio_adu,808.8,9186.0,7045.0,37,36,122.08,0.962,20251031_041_pol_pro_Vio_adu_2025_10_Colorado2025_x008704_y006656
Unknown_Sample,20251031_041_pol_pro_Vio_adu_2025_10_Colorado2025.czi,Vio_adu,813.42,9255.0,6894.0,38,35,120.91,0.962,20251031_041_pol_pro_Vio_adu_2025_10_Colorado2025_x008704_y006656
Unknown_Sample,20251031_041_pol_pro_Vio_adu_2025_10_Colorado2025.czi,Vio_adu,974.64,9305.0,7089.0,41,40,133.98,0.958,20251031_041_pol_pro_Vio_adu_2025_10_Colorado2025_x008704_y006656
Unknown_Sample,20251031_041_pol_pro_Vio_adu_2025_10_Colorado2025.czi,Vio_adu,946.94,9357.0,6807.0,40,39,129.98,0.965,20251031_041_pol_pro_Vio_adu_2025_10_Colorado2025_x009216_y006656
Unknown_Sample,20251031_041_pol_pro_Vio_adu_2025_10_Colorado2025.czi,Vio_adu,716.07,9646.0,7260.0,34,34,113.84,0.964,20251031_041_pol_pro_Vio_adu_2025_10_Colorado2025_x009216_y006656
Unknown_Sample,20251031_041_pol_pro_Vio_adu_2025_10_Colorado2025.czi,Vio_adu,812.26,9255.0,6894.0,38,35,121.5,0.962,20251031_041_pol_pro_Vio_adu_2025_10_Colorado2025_x009216_y006656
Unknown_Sample,20251031_041_pol_pro_Vio_adu_2025_10_Colorado2025.czi,Vio_adu,820.73,9368.0,7142.0,37,36,122.67,0.962,20251031_041_pol_pro_Vio_adu_2025_10_Colorado2025_x009216_y006656
Unknown_Sample,20251031_041_pol_pro_Vio_adu_2025_10_Colorado2025.czi,Vio_adu,973.87,9305.0,7089.0,41,40,133.98,0.958,20251031_041_pol_pro_Vio_adu_2025_10_Colorado2025_x009216_y006656
Unknown_Sample,20251031_041_pol_pro_Vio_adu_2025_10_Colorado2025.czi,Vio_adu,846.12,10008.0,7269.0,36,39,125.5,0.961,20251031_041_pol_pro_Vio_adu_2025_10_Colorado2025_x009728_y006656
Unknown_Sample,20251031_041_pol_pro_Vio_adu_2025_10_Colorado2025.czi,Vio_adu,704.53,10137.0,6987.0,34,35,114.67,0.96,20251031_041_pol_pro_Vio_adu_2025_10_Colorado2025_x009728_y006656
Unknown_Sample,20251031_041_pol_pro_Vio_adu_2025_10_Colorado2025.czi,Vio_adu,736.08,10582.0,6725.0,33,35,116.18,0.959,20251031_041_pol_pro_Vio_adu_2025_10_Colorado2025_x010240_y006656
Unknown_Sample,20251031_041_pol_pro_Vio_adu_2025_10_Colorado2025.czi,Vio_adu,164.3,1616.0,7173.0,30,11,69.21,0.934,20251031_041_pol_pro_Vio_adu_2025_10_Colorado2025_x001024_y007168
Unknown_Sample,20251031_041_pol_pro_Vio_adu_2025_10_Colorado2025.czi,Vio_adu,518.29,1694.0,7794.0,30,27,98.87,0.946,20251031_041_pol_pro_Vio_adu_2025_10_Colorado2025_x001536_y007168
Unknown_Sample,20251031_041_pol_pro_Vio_adu_2025_10_Colorado2025.czi,Vio_adu,164.3,1616.0,7173.0,30,11,69.21,0.936,20251031_041_pol_pro_Vio_adu_2025_10_Colorado2025_x001536_y007168
Unknown_Sample,20251031_041_pol_pro_Vio_adu_2025_10_Colorado2025.czi,Vio_adu,596.02,2417.0,7396.0,32,30,104.18,0.963,20251031_041_pol_pro_Vio_adu_2025_10_Colorado2025_x002048_y007168
Unknown_Sample,20251031_041_pol_pro_Vio_adu_2025_10_Colorado2025.czi,Vio_adu,688.75,2486.0,7783.0,33,34,111.25,0.963,20251031_041_pol_pro_Vio_adu_2025_10_Colorado2025_x002048_y007168
Unknown_Sample,20251031_041_pol_pro_Vio_adu_2025_10_Colorado2025.czi,Vio_adu,657.58,2384.0,7253.0,35,31,111.01,0.96,20251031_041_pol_pro_Vio_adu_2025_10_Colorado2025_x002048_y007168
Unknown_Sample,20251031_041_pol_pro_Vio_adu_2025_10_Colorado2025.czi,Vio_adu,642.96,2976.0,7616.0,33,32,107.84,0.961,20251031_041_pol_pro_Vio_adu_2025_10_Colorado2025_x002560_y007168
Unknown_Sample,20251031_041_pol_pro_Vio_adu_2025_10_Colorado2025.czi,Vio_adu,742.23,3023.0,7451.0,34,37,117.5,0.961,20251031_041_pol_pro_Vio_adu_2025_10_Colorado2025_x002560_y007168
Unknown_Sample,20251031_041_pol_pro_Vio_adu_2025_10_Colorado2025.czi,Vio_adu,794.95,2984.0,7698.0,36,37,120.91,0.961,20251031_041_pol_pro_Vio_adu_2025_10_Colorado2025_x002560_y007168
Unknown_Sample,20251031_041_pol_pro_Vio_adu_2025_10_Colorado2025.czi,Vio_adu,597.17,2961.0,7567.0,31,33,105.25,0.958,20251031_041_pol_pro_Vio_adu_2025_10_Colorado2025_x002560_y007168
Unknown_Sample,20251031_041_pol_pro_Vio_adu_2025_10_Colorado2025.czi,Vio_adu,682.59,3395.0,7743.0,32,36,112.08,0.962,20251031_041_pol_pro_Vio_adu_2025_10_Colorado2025_x003072_y007168
Unknown_Sample,20251031_041_pol_pro_Vio_adu_2025_10_Colorado2025.czi,Vio_adu,759.55,3309.0,7547.0,35,36,119.25,0.959,20251031_041_pol_pro_Vio_adu_2025_10_Colorado2025_x003072_y007168
Unknown_Sample,20251031_041_pol_pro_Vio_adu_2025_10_Colorado2025.czi,Vio_adu,452.11,3701.0,7621.0,22,32,95.21,0.933,20251031_041_pol_pro_Vio_adu_2025_10_Colorado2025_x003072_y007168
Unknown_Sample,20251031_041_pol_pro_Vio_adu_2025_10_Colorado2025.czi,Vio_adu,636.81,3705.0,7621.0,33,32,106.67,0.96,20251031_041_pol_pro_Vio_adu_2025_10_Colorado2025_x003584_y007168
Unknown_Sample,20251031_041_pol_pro_Vio_adu_2025_10_Colorado2025.czi,Vio_adu,873.44,4160.0,7626.0,39,37,126.91,0.956,20251031_041_pol_pro_Vio_adu_2025_10_Colorado2025_x003584_y007168
Unknown_Sample,20251031_041_pol_pro_Vio_adu_2025_10_Colorado2025.czi,Vio_adu,759.93,4311.0,7186.0,35,36,118.67,0.966,20251031_041_pol_pro_Vio_adu_2025_10_Colorado2025_x004096_y007168
Unknown_Sample,20251031_041_pol_pro_Vio_adu_2025_10_Colorado2025.czi,Vio_adu,778.79,4310.0,7293.0,37,35,118.91,0.963,20251031_041_pol_pro_Vio_adu_2025_10_Colorado2025_x004096_y007168
Unknown_Sample,20251031_041_pol_pro_Vio_adu_2025_10_Colorado2025.czi,Vio_adu,580.24,4389.0,7370.0,31,31,103.6,0.963,20251031_041_pol_pro_Vio_adu_2025_10_Colorado2025_x004096_y007168
Unknown_Sample,20251031_041_pol_pro_Vio_adu_2025_10_Colorado2025.czi,Vio_adu,841.12,4503.0,7276.0,37,38,123.74,0.959,20251031_041_pol_pro_Vio_adu_2025_10_Colorado2025_x004096_y007168
Unknown_Sample,20251031_041_pol_pro_Vio_adu_2025_10_Colorado2025.czi,Vio_adu,871.9,4160.0,7626.0,39,37,126.91,0.956,20251031_041_pol_pro_Vio_adu_2025_10_Colorado2025_x004096_y007168
Unknown_Sample,20251031_041_pol_pro_Vio_adu_2025_10_Colorado2025.czi,Vio_adu,666.43,5163.0,7738.0,34,32,111.6,0.963,20251031_041_pol_pro_Vio_adu_2025_10_Colorado2025_x004608_y007168
Unknown_Sample,20251031_041_pol_pro_Vio_adu_2025_10_Colorado2025.czi,Vio_adu,674.51,4820.0,7700.0,33,33,112.18,0.961,20251031_041_pol_pro_Vio_adu_2025_10_Colorado2025_x004608_y007168
Unknown_Sample,20251031_041_pol_pro_Vio_adu_2025_10_Colorado2025.czi,Vio_adu,849.97,4809.0,7657.0,36,40,125.15,0.958,20251031_041_pol_pro_Vio_adu_2025_10_Colorado2025_x004608_y007168
Unknown_Sample,20251031_041_pol_pro_Vio_adu_2025_10_Colorado2025.czi,Vio_adu,666.43,5163.0,7738.0,34,32,111.6,0.963,20251031_041_pol_pro_Vio_adu_2025_10_Colorado2025_x005120_y007168
Unknown_Sample,20251031_041_pol_pro_Vio_adu_2025_10_Colorado2025.czi,Vio_adu,727.61,5684.0,7778.0,35,34,114.67,0.962,20251031_041_pol_pro_Vio_adu_2025_10_Colorado2025_x005120_y007168
Unknown_Sample,20251031_041_pol_pro_Vio_adu_2025_10_Colorado2025.czi,Vio_adu,771.09,5607.0,7601.0,37,35,117.74,0.959,20251031_041_pol_pro_Vio_adu_2025_10_Colorado2025_x005120_y007168
Unknown_Sample,20251031_041_pol_pro_Vio_adu_2025_10_Colorado2025.czi,Vio_adu,791.1,5331.0,7732.0,36,36,118.91,0.957,20251031_041_pol_pro_Vio_adu_2025_10_Colorado2025_x005120_y007168
Unknown_Sample,20251031_041_pol_pro_Vio_adu_2025_10_Colorado2025.czi,Vio_adu,731.46,5684.0,7778.0,35,34,114.67,0.962,20251031_041_pol_pro_Vio_adu_2025_10_Colorado2025_x005632_y007168
Unknown_Sample,20251031_041_pol_pro_Vio_adu_2025_10_Colorado2025.czi,Vio_adu,793.02,5826.0,7747.0,33,40,121.5,0.959,20251031_041_pol_pro_Vio_adu_2025_10_Colorado2025_x005632_y007168
Unknown_Sample,20251031_041_pol_pro_Vio_adu_2025_10_Colorado2025.czi,Vio_adu,632.19,6497.0,7284.0,34,31,109.01,0.965,20251031_041_pol_pro_Vio_adu_2025_10_Colorado2025_x006144_y007168
Unknown_Sample,20251031_041_pol_pro_Vio_adu_2025_10_Colorado2025.czi,Vio_adu,759.93,6548.0,7300.0,36,35,117.5,0.959,20251031_041_pol_pro_Vio_adu_2025_10_Colorado2025_x006144_y007168
Unknown_Sample,20251031_041_pol_pro_Vio_adu_2025_10_Colorado2025.czi,Vio_adu,814.19,7042.0,7291.0,35,38,122.08,0.959,20251031_041_pol_pro_Vio_adu_2025_10_Colorado2025_x006656_y007168
Unknown_Sample,20251031_041_pol_pro_Vio_adu_2025_10_Colorado2025.czi,Vio_adu,724.92,7771.0,7481.0,35,35,114.91,0.957,20251031_041_pol_pro_Vio_adu_2025_10_Colorado2025_x007168_y007168
Unknown_Sample,20251031_041_pol_pro_Vio_adu_2025_10_Colorado2025.czi,Vio_adu,831.5,7516.0,7246.0,37,37,124.67,0.957,20251031_041_pol_pro_Vio_adu_2025_10_Colorado2025_x007168_y007168
Unknown_Sample,20251031_041_pol_pro_Vio_adu_2025_10_Colorado2025.czi,Vio_adu,707.6,8195.0,7521.0,34,35,113.5,0.963,20251031_041_pol_pro_Vio_adu_2025_10_Colorado2025_x007680_y007168
Unknown_Sample,20251031_041_pol_pro_Vio_adu_2025_10_Colorado2025.czi,Vio_adu,724.92,7771.0,7481.0,35,35,114.91,0.957,20251031_041_pol_pro_Vio_adu_2025_10_Colorado2025_x007680_y007168
Unknown_Sample,20251031_041_pol_pro_Vio_adu_2025_10_Colorado2025.czi,Vio_adu,429.41,8201.0,7521.0,21,35,96.28,0.959,20251031_041_pol_pro_Vio_adu_2025_10_Colorado2025_x008192_y007168
Unknown_Sample,20251031_041_pol_pro_Vio_adu_2025_10_Colorado2025.czi,Vio_adu,717.22,9646.0,7260.0,34,34,114.43,0.964,20251031_041_pol_pro_Vio_adu_2025_10_Colorado2025_x009216_y007168
Unknown_Sample,20251031_041_pol_pro_Vio_adu_2025_10_Colorado2025.czi,Vio_adu,769.17,9660.0,7394.0,36,36,119.5,0.962,20251031_041_pol_pro_Vio_adu_2025_10_Colorado2025_x009216_y007168
Unknown_Sample,20251031_041_pol_pro_Vio_adu_2025_10_Colorado2025.czi,Vio_adu,904.61,9781.0,7523.0,37,41,129.15,0.958,20251031_041_pol_pro_Vio_adu_2025_10_Colorado2025_x009216_y007168
Unknown_Sample,20251031_041_pol_pro_Vio_adu_2025_10_Colorado2025.czi,Vio_adu,823.04,9872.0,7316.0,35,38,123.84,0.964,20251031_041_pol_pro_Vio_adu_2025_10_Colorado2025_x009728_y007168
Unknown_Sample,20251031_041_pol_pro_Vio_adu_2025_10_Colorado2025.czi,Vio_adu,844.2,10008.0,7268.0,36,39,124.91,0.961,20251031_041_pol_pro_Vio_adu_2025_10_Colorado2025_x009728_y007168
Unknown_Sample,20251031_041_pol_pro_Vio_adu_2025_10_Colorado2025.czi,Vio_adu,904.61,9781.0,7523.0,37,41,129.15,0.958,20251031_041_pol_pro_Vio_adu_2025_10_Colorado2025_x009728_y007168
Unknown_Sample,20251031_041_pol_pro_Vio_adu_2025_10_Colorado2025.czi,Vio_adu,974.25,9947.0,7774.0,40,40,133.74,0.957,20251031_041_pol_pro_Vio_adu_2025_10_Colorado2025_x009728_y007168
Unknown_Sample,20251031_041_pol_pro_Vio_adu_2025_10_Colorado2025.czi,Vio_adu,684.13,1054.0,8231.0,33,35,112.08,0.951,20251031_041_pol_pro_Vio_adu_2025_10_Colorado2025_x000512_y007680
Unknown_Sample,20251031_041_pol_pro_Vio_adu_2025_10_Colorado2025.czi,Vio_adu,614.1,1026.0,8271.0,33,31,105.25,0.947,20251031_041_pol_pro_Vio_adu_2025_10_Colorado2025_x000512_y007680
Unknown_Sample,20251031_041_pol_pro_Vio_adu_2025_10_Colorado2025.czi,Vio_adu,634.11,1219.0,8131.0,32,32,106.43,0.967,20251031_041_pol_pro_Vio_adu_2025_10_Colorado2025_x001024_y007680
Unknown_Sample,20251031_041_pol_pro_Vio_adu_2025_10_Colorado2025.czi,Vio_adu,692.98,1054.0,8231.0,33,35,112.67,0.961,20251031_041_pol_pro_Vio_adu_2025_10_Colorado2025_x001024_y007680
Unknown_Sample,20251031_041_pol_pro_Vio_adu_2025_10_Colorado2025.czi,Vio_adu,500.98,1370.0,8098.0,29,29,97.94,0.96,20251031_041_pol_pro_Vio_adu_2025_10_Colorado2025_x001024_y007680
Unknown_Sample,20251031_041_pol_pro_Vio_adu_2025_10_Colorado2025.czi,Vio_adu,337.83,1032.0,8272.0,19,31,85.46,0.955,20251031_041_pol_pro_Vio_adu_2025_10_Colorado2025_x001024_y007680
Unknown_Sample,20251031_041_pol_pro_Vio_adu_2025_10_Colorado2025.czi,Vio_adu,669.13,2076.0,8119.0,33,34,111.84,0.961,20251031_041_pol_pro_Vio_adu_2025_10_Colorado2025_x001536_y007680
Unknown_Sample,20251031_041_pol_pro_Vio_adu_2025_10_Colorado2025.czi,Vio_adu,639.5,1923.0,7965.0,34,32,109.25,0.96,20251031_041_pol_pro_Vio_adu_2025_10_Colorado2025_x001536_y007680
Unknown_Sample,20251031_041_pol_pro_Vio_adu_2025_10_Colorado2025.czi,Vio_adu,548.69,1694.0,7795.0,30,30,99.6,0.956,20251031_041_pol_pro_Vio_adu_2025_10_Colorado2025_x001536_y007680
Unknown_Sample,20251031_041_pol_pro_Vio_adu_2025_10_Colorado2025.czi,Vio_adu,687.98,2486.0,7783.0,33,34,111.25,0.963,20251031_041_pol_pro_Vio_adu_2025_10_Colorado2025_x002048_y007680
Unknown_Sample,20251031_041_pol_pro_Vio_adu_2025_10_Colorado2025.czi,Vio_adu,661.05,2076.0,8119.0,33,34,112.43,0.962,20251031_041_pol_pro_Vio_adu_2025_10_Colorado2025_x002048_y007680
Unknown_Sample,20251031_041_pol_pro_Vio_adu_2025_10_Colorado2025.czi,Vio_adu,617.18,2296.0,8207.0,31,33,106.43,0.96,20251031_041_pol_pro_Vio_adu_2025_10_Colorado2025_x002048_y007680
Unknown_Sample,20251031_041_pol_pro_Vio_adu_2025_10_Colorado2025.czi,Vio_adu,302.82,2680.0,7902.0,15,32,83.56,0.901,20251031_041_pol_pro_Vio_adu_2025_10_Colorado2025_x002048_y007680
Unknown_Sample,20251031_041_pol_pro_Vio_adu_2025_10_Colorado2025.czi,Vio_adu,603.33,2686.0,7903.0,30,32,105.94,0.961,20251031_041_pol_pro_Vio_adu_2025_10_Colorado2025_x002560_y007680
Unknown_Sample,20251031_041_pol_pro_Vio_adu_2025_10_Colorado2025.czi,Vio_adu,800.72,2985.0,7698.0,36,37,121.5,0.959,20251031_041_pol_pro_Vio_adu_2025_10_Colorado2025_x002560_y007680
Unknown_Sample,20251031_041_pol_pro_Vio_adu_2025_10_Colorado2025.czi,Vio_adu,565.62,3475.0,8019.0,32,30,103.6,0.964,20251031_041_pol_pro_Vio_adu_2025_10_Colorado2025_x003072_y007680
Unknown_Sample,20251031_041_pol_pro_Vio_adu_2025_10_Colorado2025.czi,Vio_adu,696.83,3394.0,7743.0,33,36,113.5,0.962,20251031_041_pol_pro_Vio_adu_2025_10_Colorado2025_x003072_y007680
Unknown_Sample,20251031_041_pol_pro_Vio_adu_2025_10_Colorado2025.czi,Vio_adu,696.45,4403.0,8251.0,34,34,114.43,0.963,20251031_041_pol_pro_Vio_adu_2025_10_Colorado2025_x004096_y007680
Unknown_Sample,20251031_041_pol_pro_Vio_adu_2025_10_Colorado2025.czi,Vio_adu,682.59,4666.0,8145.0,33,34,111.25,0.962,20251031_041_pol_pro_Vio_adu_2025_10_Colorado2025_x004096_y007680
Unknown_Sample,20251031_041_pol_pro_Vio_adu_2025_10_Colorado2025.czi,Vio_adu,869.21,4660.0,7845.0,37,39,126.33,0.96,20251031_041_pol_pro_Vio_adu_2025_10_Colorado2025_x004096_y007680
Unknown_Sample,20251031_041_pol_pro_Vio_adu_2025_10_Colorado2025.czi,Vio_adu,674.51,4820.0,7700.0,33,33,112.18,0.964,20251031_041_pol_pro_Vio_adu_2025_10_Colorado2025_x004608_y007680
Unknown_Sample,20251031_041_pol_pro_Vio_adu_2025_10_Colorado2025.czi,Vio_adu,683.36,5029.0,8090.0,34,34,110.91,0.964,20251031_041_pol_pro_Vio_adu_2025_10_Colorado2025_x004608_y007680
Unknown_Sample,20251031_041_pol_pro_Vio_adu_2025_10_Colorado2025.czi,Vio_adu,667.2,5163.0,7738.0,34,32,111.6,0.963,20251031_041_pol_pro_Vio_adu_2025_10_Colorado2025_x004608_y007680
Unknown_Sample,20251031_041_pol_pro_Vio_adu_2025_10_Colorado2025.czi,Vio_adu,682.59,4666.0,8145.0,33,34,111.25,0.962,20251031_041_pol_pro_Vio_adu_2025_10_Colorado2025_x004608_y007680
Unknown_Sample,20251031_041_pol_pro_Vio_adu_2025_10_Colorado2025.czi,Vio_adu,869.98,4660.0,7845.0,37,39,126.33,0.96,20251031_041_pol_pro_Vio_adu_2025_10_Colorado2025_x004608_y007680
Unknown_Sample,20251031_041_pol_pro_Vio_adu_2025_10_Colorado2025.czi,Vio_adu,747.62,5313.0,7927.0,35,36,117.5,0.963,20251031_041_pol_pro_Vio_adu_2025_10_Colorado2025_x005120_y007680
Unknown_Sample,20251031_041_pol_pro_Vio_adu_2025_10_Colorado2025.czi,Vio_adu,666.43,5163.0,7738.0,34,32,111.6,0.963,20251031_041_pol_pro_Vio_adu_2025_10_Colorado2025_x005120_y007680
Unknown_Sample,20251031_041_pol_pro_Vio_adu_2025_10_Colorado2025.czi,Vio_adu,728.77,5684.0,7778.0,35,34,115.25,0.963,20251031_041_pol_pro_Vio_adu_2025_10_Colorado2025_x005120_y007680
Unknown_Sample,20251031_041_pol_pro_Vio_adu_2025_10_Colorado2025.czi,Vio_adu,790.33,5331.0,7732.0,36,36,118.91,0.957,20251031_041_pol_pro_Vio_adu_2025_10_Colorado2025_x005120_y007680
Unknown_Sample,20251031_041_pol_pro_Vio_adu_2025_10_Colorado2025.czi,Vio_adu,765.71,5836.0,8193.0,36,35,119.25,0.963,20251031_041_pol_pro_Vio_adu_2025_10_Colorado2025_x005632_y007680
Unknown_Sample,20251031_041_pol_pro_Vio_adu_2025_10_Colorado2025.czi,Vio_adu,731.46,5684.0,7778.0,35,34,114.67,0.963,20251031_041_pol_pro_Vio_adu_2025_10_Colorado2025_x005632_y007680
Unknown_Sample,20251031_041_pol_pro_Vio_adu_2025_10_Colorado2025.czi,Vio_adu,793.02,5826.0,7747.0,33,40,121.5,0.96,20251031_041_pol_pro_Vio_adu_2025_10_Colorado2025_x005632_y007680
Unknown_Sample,20251031_041_pol_pro_Vio_adu_2025_10_Colorado2025.czi,Vio_adu,717.61,6075.0,8118.0,35,33,115.01,0.957,20251031_041_pol_pro_Vio_adu_2025_10_Colorado2025_x005632_y007680
Unknown_Sample,20251031_041_pol_pro_Vio_adu_2025_10_Colorado2025.czi,Vio_adu,786.87,6541.0,7854.0,35,37,120.67,0.961,20251031_041_pol_pro_Vio_adu_2025_10_Colorado2025_x006144_y007680
Unknown_Sample,20251031_041_pol_pro_Vio_adu_2025_10_Colorado2025.czi,Vio_adu,812.65,6534.0,8284.0,36,37,122.08,0.954,20251031_041_pol_pro_Vio_adu_2025_10_Colorado2025_x006144_y007680
Unknown_Sample,20251031_041_pol_pro_Vio_adu_2025_10_Colorado2025.czi,Vio_adu,849.2,6601.0,8249.0,37,37,124.67,0.947,20251031_041_pol_pro_Vio_adu_2025_10_Colorado2025_x006144_y007680
Unknown_Sample,20251031_041_pol_pro_Vio_adu_2025_10_Colorado2025.czi,Vio_adu,831.89,6579.0,8282.0,37,37,122.91,0.945,20251031_041_pol_pro_Vio_adu_2025_10_Colorado2025_x006144_y007680
Unknown_Sample,20251031_041_pol_pro_Vio_adu_2025_10_Colorado2025.czi,Vio_adu,822.27,7167.0,8231.0,39,35,122.33,0.965,20251031_041_pol_pro_Vio_adu_2025_10_Colorado2025_x006656_y007680
Unknown_Sample,20251031_041_pol_pro_Vio_adu_2025_10_Colorado2025.czi,Vio_adu,792.26,7034.0,7983.0,36,37,121.5,0.961,20251031_041_pol_pro_Vio_adu_2025_10_Colorado2025_x006656_y007680
Unknown_Sample,20251031_041_pol_pro_Vio_adu_2025_10_Colorado2025.czi,Vio_adu,773.02,6912.0,7986.0,36,37,119.15,0.957,20251031_041_pol_pro_Vio_adu_2025_10_Colorado2025_x006656_y007680
Unknown_Sample,20251031_041_pol_pro_Vio_adu_2025_10_Colorado2025.czi,Vio_adu,845.74,7535.0,8145.0,37,38,124.91,0.965,20251031_041_pol_pro_Vio_adu_2025_10_Colorado2025_x007168_y007680
Unknown_Sample,20251031_041_pol_pro_Vio_adu_2025_10_Colorado2025.czi,Vio_adu,799.95,7595.0,8275.0,36,37,121.5,0.96,20251031_041_pol_pro_Vio_adu_2025_10_Colorado2025_x007168_y007680
Unknown_Sample,20251031_041_pol_pro_Vio_adu_2025_10_Colorado2025.czi,Vio_adu,716.84,7495.0,8040.0,34,36,115.5,0.955,20251031_041_pol_pro_Vio_adu_2025_10_Colorado2025_x007168_y007680
Unknown_Sample,20251031_041_pol_pro_Vio_adu_2025_10_Colorado2025.czi,Vio_adu,369.39,7176.0,8231.0,19,35,92.28,0.952,20251031_041_pol_pro_Vio_adu_2025_10_Colorado2025_x007168_y007680
Unknown_Sample,20251031_041_pol_pro_Vio_adu_2025_10_Colorado2025.czi,Vio_adu,738.39,7657.0,7864.0,36,35,117.5,0.943,20251031_041_pol_pro_Vio_adu_2025_10_Colorado2025_x007168_y007680
Unknown_Sample,20251031_041_pol_pro_Vio_adu_2025_10_Colorado2025.czi,Vio_adu,903.07,7695.0,7867.0,40,38,128.81,0.941,20251031_041_pol_pro_Vio_adu_2025_10_Colorado2025_x007168_y007680
Unknown_Sample,20251031_041_pol_pro_Vio_adu_2025_10_Colorado2025.czi,Vio_adu,834.58,7696.0,7867.0,35,38,123.84,0.968,20251031_041_pol_pro_Vio_adu_2025_10_Colorado2025_x007680_y007680
Unknown_Sample,20251031_041_pol_pro_Vio_adu_2025_10_Colorado2025.czi,Vio_adu,687.21,8211.0,7954.0,33,33,111.6,0.965,20251031_041_pol_pro_Vio_adu_2025_10_Colorado2025_x007680_y007680
Unknown_Sample,20251031_041_pol_pro_Vio_adu_2025_10_Colorado2025.czi,Vio_adu,816.11,8091.0,7906.0,37,37,122.33,0.961,20251031_041_pol_pro_Vio_adu_2025_10_Colorado2025_x007680_y007680
Unknown_Sample,20251031_041_pol_pro_Vio_adu_2025_10_Colorado2025.czi,Vio_adu,943.86,7859.0,8193.0,39,41,129.64,0.961,20251031_041_pol_pro_Vio_adu_2025_10_Colorado2025_x007680_y007680
Unknown_Sample,20251031_041_pol_pro_Vio_adu_2025_10_Colorado2025.czi,Vio_adu,687.98,8211.0,7954.0,33,33,112.77,0.964,20251031_041_pol_pro_Vio_adu_2025_10_Colorado2025_x008192_y007680
Unknown_Sample,20251031_041_pol_pro_Vio_adu_2025_10_Colorado2025.czi,Vio_adu,889.6,8809.0,8119.0,39,39,128.57,0.933,20251031_041_pol_pro_Vio_adu_2025_10_Colorado2025_x008192_y007680
Unknown_Sample,20251031_041_pol_pro_Vio_adu_2025_10_Colorado2025.czi,Vio_adu,765.32,8776.0,8133.0,36,37,119.15,0.929,20251031_041_pol_pro_Vio_adu_2025_10_Colorado2025_x008192_y007680
Unknown_Sample,20251031_041_pol_pro_Vio_adu_2025_10_Colorado2025.czi,Vio_adu,788.41,9104.0,8025.0,36,35,119.84,0.964,20251031_041_pol_pro_Vio_adu_2025_10_Colorado2025_x008704_y007680
Unknown_Sample,20251031_041_pol_pro_Vio_adu_2025_10_Colorado2025.czi,Vio_adu,766.09,9066.0,8252.0,36,35,117.5,0.963,20251031_041_pol_pro_Vio_adu_2025_10_Colorado2025_x008704_y007680
Unknown_Sample,20251031_041_pol_pro_Vio_adu_2025_10_Colorado2025.czi,Vio_adu,671.82,9198.0,7855.0,33,33,110.43,0.961,20251031_041_pol_pro_Vio_adu_2025_10_Colorado2025_x008704_y007680
Unknown_Sample,20251031_041_pol_pro_Vio_adu_2025_10_Colorado2025.czi,Vio_adu,875.75,8809.0,8119.0,38,39,127.74,0.935,20251031_041_pol_pro_Vio_adu_2025_10_Colorado2025_x008704_y007680
Unknown_Sample,20251031_041_pol_pro_Vio_adu_2025_10_Colorado2025.czi,Vio_adu,762.63,8776.0,8133.0,36,37,119.74,0.928,20251031_041_pol_pro_Vio_adu_2025_10_Colorado2025_x008704_y007680
Unknown_Sample,20251031_041_pol_pro_Vio_adu_2025_10_Colorado2025.czi,Vio_adu,830.73,9609.0,8052.0,36,38,123.5,0.963,20251031_041_pol_pro_Vio_adu_2025_10_Colorado2025_x009216_y007680
Unknown_Sample,20251031_041_pol_pro_Vio_adu_2025_10_Colorado2025.czi,Vio_adu,659.51,9581.0,8199.0,32,34,110.43,0.961,20251031_041_pol_pro_Vio_adu_2025_10_Colorado2025_x009216_y007680
Unknown_Sample,20251031_041_pol_pro_Vio_adu_2025_10_Colorado2025.czi,Vio_adu,973.49,9947.0,7774.0,40,40,133.74,0.958,20251031_041_pol_pro_Vio_adu_2025_10_Colorado2025_x009728_y007680
Unknown_Sample,20251031_041_pol_pro_Vio_adu_2025_10_Colorado2025.czi,Vio_adu,185.85,10362.0,8072.0,10,33,74.38,0.863,20251031_041_pol_pro_Vio_adu_2025_10_Colorado2025_x009728_y007680
Unknown_Sample,20251031_041_pol_pro_Vio_adu_2025_10_Colorado2025.czi,Vio_adu,826.89,10375.0,8072.0,37,37,122.33,0.968,20251031_041_pol_pro_Vio_adu_2025_10_Colorado2025_x010240_y007680
Unknown_Sample,20251031_041_pol_pro_Vio_adu_2025_10_Colorado2025.czi,Vio_adu,845.74,10505.0,7902.0,36,39,124.91,0.964,20251031_041_pol_pro_Vio_adu_2025_10_Colorado2025_x010240_y007680
Unknown_Sample,20251031_041_pol_pro_Vio_adu_2025_10_Colorado2025.czi,Vio_adu,943.47,10690.0,8045.0,39,40,132.91,0.954,20251031_041_pol_pro_Vio_adu_2025_10_Colorado2025_x010240_y007680
Unknown_Sample,20251031_041_pol_pro_Vio_adu_2025_10_Colorado2025.czi,Vio_adu,912.31,10932.0,7984.0,40,38,129.15,0.964,20251031_041_pol_pro_Vio_adu_2025_10_Colorado2025_x010752_y007680
Unknown_Sample,20251031_041_pol_pro_Vio_adu_2025_10_Colorado2025.czi,Vio_adu,853.82,11017.0,7823.0,39,39,126.81,0.961,20251031_041_pol_pro_Vio_adu_2025_10_Colorado2025_x010752_y007680
Unknown_Sample,20251031_041_pol_pro_Vio_adu_2025_10_Colorado2025.czi,Vio_adu,688.37,1054.0,8231.0,33,35,112.67,0.954,20251031_041_pol_pro_Vio_adu_2025_10_Colorado2025_x000512_y008192
Unknown_Sample,20251031_041_pol_pro_Vio_adu_2025_10_Colorado2025.czi,Vio_adu,592.94,1116.0,8493.0,33,30,103.84,0.951,20251031_041_pol_pro_Vio_adu_2025_10_Colorado2025_x000512_y008192
Unknown_Sample,20251031_041_pol_pro_Vio_adu_2025_10_Colorado2025.czi,Vio_adu,612.56,1026.0,8271.0,33,31,105.25,0.947,20251031_041_pol_pro_Vio_adu_2025_10_Colorado2025_x000512_y008192
Unknown_Sample,20251031_041_pol_pro_Vio_adu_2025_10_Colorado2025.czi,Vio_adu,676.44,1531.0,8444.0,34,34,112.08,0.963,20251031_041_pol_pro_Vio_adu_2025_10_Colorado2025_x001024_y008192
Unknown_Sample,20251031_041_pol_pro_Vio_adu_2025_10_Colorado2025.czi,Vio_adu,624.49,1116.0,8493.0,33,32,106.67,0.961,20251031_041_pol_pro_Vio_adu_2025_10_Colorado2025_x001024_y008192
Unknown_Sample,20251031_041_pol_pro_Vio_adu_2025_10_Colorado2025.czi,Vio_adu,696.06,1054.0,8231.0,33,35,112.67,0.961,20251031_041_pol_pro_Vio_adu_2025_10_Colorado2025_x001024_y008192
Unknown_Sample,20251031_041_pol_pro_Vio_adu_2025_10_Colorado2025.czi,Vio_adu,339.37,1032.0,8272.0,19,31,85.46,0.954,20251031_041_pol_pro_Vio_adu_2025_10_Colorado2025_x001024_y008192
Unknown_Sample,20251031_041_pol_pro_Vio_adu_2025_10_Colorado2025.czi,Vio_adu,587.55,1681.0,8634.0,32,31,103.84,0.959,20251031_041_pol_pro_Vio_adu_2025_10_Colorado2025_x001536_y008192
Unknown_Sample,20251031_041_pol_pro_Vio_adu_2025_10_Colorado2025.czi,Vio_adu,705.68,2148.0,8422.0,35,35,114.91,0.959,20251031_041_pol_pro_Vio_adu_2025_10_Colorado2025_x001536_y008192
Unknown_Sample,20251031_041_pol_pro_Vio_adu_2025_10_Colorado2025.czi,Vio_adu,584.86,2068.0,8818.0,32,28,106.63,0.955,20251031_041_pol_pro_Vio_adu_2025_10_Colorado2025_x001536_y008192
Unknown_Sample,20251031_041_pol_pro_Vio_adu_2025_10_Colorado2025.czi,Vio_adu,182.0,1541.0,8445.0,11,32,73.21,0.937,20251031_041_pol_pro_Vio_adu_2025_10_Colorado2025_x001536_y008192
Unknown_Sample,20251031_041_pol_pro_Vio_adu_2025_10_Colorado2025.czi,Vio_adu,609.49,2296.0,8207.0,31,32,106.77,0.962,20251031_041_pol_pro_Vio_adu_2025_10_Colorado2025_x002048_y008192
Unknown_Sample,20251031_041_pol_pro_Vio_adu_2025_10_Colorado2025.czi,Vio_adu,704.91,2148.0,8422.0,35,35,114.91,0.959,20251031_041_pol_pro_Vio_adu_2025_10_Colorado2025_x002048_y008192
Unknown_Sample,20251031_041_pol_pro_Vio_adu_2025_10_Colorado2025.czi,Vio_adu,671.05,2426.0,8341.0,34,33,112.43,0.958,20251031_041_pol_pro_Vio_adu_2025_10_Colorado2025_x002048_y008192
Unknown_Sample,20251031_041_pol_pro_Vio_adu_2025_10_Colorado2025.czi,Vio_adu,586.4,2068.0,8818.0,32,28,106.63,0.954,20251031_041_pol_pro_Vio_adu_2025_10_Colorado2025_x002048_y008192
Unknown_Sample,20251031_041_pol_pro_Vio_adu_2025_10_Colorado2025.czi,Vio_adu,504.83,2438.0,8820.0,34,23,101.8,0.938,20251031_041_pol_pro_Vio_adu_2025_10_Colorado2025_x002048_y008192
Unknown_Sample,20251031_041_pol_pro_Vio_adu_2025_10_Colorado2025.czi,Vio_adu,786.87,2723.0,8558.0,38,35,121.5,0.952,20251031_041_pol_pro_Vio_adu_2025_10_Colorado2025_x002560_y008192
Unknown_Sample,20251031_041_pol_pro_Vio_adu_2025_10_Colorado2025.czi,Vio_adu,700.68,2777.0,8695.0,35,33,113.84,0.946,20251031_041_pol_pro_Vio_adu_2025_10_Colorado2025_x002560_y008192
Unknown_Sample,20251031_041_pol_pro_Vio_adu_2025_10_Colorado2025.czi,Vio_adu,811.88,3100.0,8707.0,35,39,121.74,0.944,20251031_041_pol_pro_Vio_adu_2025_10_Colorado2025_x002560_y008192
Unknown_Sample,20251031_041_pol_pro_Vio_adu_2025_10_Colorado2025.czi,Vio_adu,774.17,3626.0,8639.0,36,36,118.91,0.961,20251031_041_pol_pro_Vio_adu_2025_10_Colorado2025_x003072_y008192
Unknown_Sample,20251031_041_pol_pro_Vio_adu_2025_10_Colorado2025.czi,Vio_adu,759.16,3100.0,8707.0,34,37,117.5,0.953,20251031_041_pol_pro_Vio_adu_2025_10_Colorado2025_x003072_y008192
Unknown_Sample,20251031_041_pol_pro_Vio_adu_2025_10_Colorado2025.czi,Vio_adu,838.04,4199.0,8637.0,39,36,124.91,0.962,20251031_041_pol_pro_Vio_adu_2025_10_Colorado2025_x003584_y008192
Unknown_Sample,20251031_041_pol_pro_Vio_adu_2025_10_Colorado2025.czi,Vio_adu,774.17,3626.0,8639.0,36,36,118.91,0.961,20251031_041_pol_pro_Vio_adu_2025_10_Colorado2025_x003584_y008192
Unknown_Sample,20251031_041_pol_pro_Vio_adu_2025_10_Colorado2025.czi,Vio_adu,836.12,4199.0,8637.0,39,36,124.33,0.963,20251031_041_pol_pro_Vio_adu_2025_10_Colorado2025_x004096_y008192
Unknown_Sample,20251031_041_pol_pro_Vio_adu_2025_10_Colorado2025.czi,Vio_adu,696.45,4403.0,8251.0,34,34,114.43,0.963,20251031_041_pol_pro_Vio_adu_2025_10_Colorado2025_x004096_y008192
Unknown_Sample,20251031_041_pol_pro_Vio_adu_2025_10_Colorado2025.czi,Vio_adu,706.07,4844.0,8722.0,34,34,113.84,0.958,20251031_041_pol_pro_Vio_adu_2025_10_Colorado2025_x004608_y008192
Unknown_Sample,20251031_041_pol_pro_Vio_adu_2025_10_Colorado2025.czi,Vio_adu,177.38,5483.0,8825.0,21,13,61.07,0.881,20251031_041_pol_pro_Vio_adu_2025_10_Colorado2025_x005120_y008192
Unknown_Sample,20251031_041_pol_pro_Vio_adu_2025_10_Colorado2025.czi,Vio_adu,706.07,5946.0,8474.0,34,34,113.84,0.962,20251031_041_pol_pro_Vio_adu_2025_10_Colorado2025_x005632_y008192
Unknown_Sample,20251031_041_pol_pro_Vio_adu_2025_10_Colorado2025.czi,Vio_adu,742.62,6077.0,8505.0,36,34,116.08,0.96,20251031_041_pol_pro_Vio_adu_2025_10_Colorado2025_x005632_y008192
Unknown_Sample,20251031_041_pol_pro_Vio_adu_2025_10_Colorado2025.czi,Vio_adu,687.98,6009.0,8373.0,33,34,111.25,0.959,20251031_041_pol_pro_Vio_adu_2025_10_Colorado2025_x005632_y008192
Unknown_Sample,20251031_041_pol_pro_Vio_adu_2025_10_Colorado2025.czi,Vio_adu,750.7,6200.0,8518.0,36,36,117.15,0.959,20251031_041_pol_pro_Vio_adu_2025_10_Colorado2025_x005632_y008192
Unknown_Sample,20251031_041_pol_pro_Vio_adu_2025_10_Colorado2025.czi,Vio_adu,398.24,5836.0,8200.0,36,19,96.04,0.955,20251031_041_pol_pro_Vio_adu_2025_10_Colorado2025_x005632_y008192
Unknown_Sample,20251031_041_pol_pro_Vio_adu_2025_10_Colorado2025.czi,Vio_adu,796.87,6534.0,8284.0,36,37,120.33,0.961,20251031_041_pol_pro_Vio_adu_2025_10_Colorado2025_x006144_y008192
Unknown_Sample,20251031_041_pol_pro_Vio_adu_2025_10_Colorado2025.czi,Vio_adu,753.01,6435.0,8355.0,35,36,118.67,0.96,20251031_041_pol_pro_Vio_adu_2025_10_Colorado2025_x006144_y008192
Unknown_Sample,20251031_041_pol_pro_Vio_adu_2025_10_Colorado2025.czi,Vio_adu,752.62,6200.0,8518.0,36,36,117.74,0.959,20251031_041_pol_pro_Vio_adu_2025_10_Colorado2025_x006144_y008192
Unknown_Sample,20251031_041_pol_pro_Vio_adu_2025_10_Colorado2025.czi,Vio_adu,908.46,6681.0,8725.0,40,40,131.98,0.956,20251031_041_pol_pro_Vio_adu_2025_10_Colorado2025_x006144_y008192
Unknown_Sample,20251031_041_pol_pro_Vio_adu_2025_10_Colorado2025.czi,Vio_adu,845.74,6601.0,8249.0,37,37,124.08,0.951,20251031_041_pol_pro_Vio_adu_2025_10_Colorado2025_x006144_y008192
Unknown_Sample,20251031_041_pol_pro_Vio_adu_2025_10_Colorado2025.czi,Vio_adu,826.89,6579.0,8282.0,37,37,122.33,0.949,20251031_041_pol_pro_Vio_adu_2025_10_Colorado2025_x006144_y008192
Unknown_Sample,20251031_041_pol_pro_Vio_adu_2025_10_Colorado2025.czi,Vio_adu,823.04,7167.0,8231.0,39,35,122.33,0.964,20251031_041_pol_pro_Vio_adu_2025_10_Colorado2025_x006656_y008192
Unknown_Sample,20251031_041_pol_pro_Vio_adu_2025_10_Colorado2025.czi,Vio_adu,761.47,7081.0,8572.0,35,36,117.5,0.961,20251031_041_pol_pro_Vio_adu_2025_10_Colorado2025_x006656_y008192
Unknown_Sample,20251031_041_pol_pro_Vio_adu_2025_10_Colorado2025.czi,Vio_adu,907.3,6681.0,8725.0,40,40,132.57,0.956,20251031_041_pol_pro_Vio_adu_2025_10_Colorado2025_x006656_y008192
Unknown_Sample,20251031_041_pol_pro_Vio_adu_2025_10_Colorado2025.czi,Vio_adu,814.19,7374.0,8464.0,37,36,122.08,0.966,20251031_041_pol_pro_Vio_adu_2025_10_Colorado2025_x007168_y008192
Unknown_Sample,20251031_041_pol_pro_Vio_adu_2025_10_Colorado2025.czi,Vio_adu,834.97,7597.0,8333.0,38,36,122.91,0.963,20251031_041_pol_pro_Vio_adu_2025_10_Colorado2025_x007168_y008192
Unknown_Sample,20251031_041_pol_pro_Vio_adu_2025_10_Colorado2025.czi,Vio_adu,799.57,7595.0,8275.0,36,37,122.08,0.961,20251031_041_pol_pro_Vio_adu_2025_10_Colorado2025_x007168_y008192
Unknown_Sample,20251031_041_pol_pro_Vio_adu_2025_10_Colorado2025.czi,Vio_adu,369.39,7176.0,8231.0,19,35,92.28,0.953,20251031_041_pol_pro_Vio_adu_2025_10_Colorado2025_x007168_y008192
Unknown_Sample,20251031_041_pol_pro_Vio_adu_2025_10_Colorado2025.czi,Vio_adu,483.28,7859.0,8201.0,39,22,103.94,0.954,20251031_041_pol_pro_Vio_adu_2025_10_Colorado2025_x007680_y008192
Unknown_Sample,20251031_041_pol_pro_Vio_adu_2025_10_Colorado2025.czi,Vio_adu,881.14,8034.0,8703.0,39,36,132.43,0.953,20251031_041_pol_pro_Vio_adu_2025_10_Colorado2025_x007680_y008192
Unknown_Sample,20251031_041_pol_pro_Vio_adu_2025_10_Colorado2025.czi,Vio_adu,751.47,8613.0,8614.0,36,35,118.67,0.959,20251031_041_pol_pro_Vio_adu_2025_10_Colorado2025_x008192_y008192
Unknown_Sample,20251031_041_pol_pro_Vio_adu_2025_10_Colorado2025.czi,Vio_adu,766.09,9066.0,8252.0,36,35,117.5,0.963,20251031_041_pol_pro_Vio_adu_2025_10_Colorado2025_x008704_y008192
Unknown_Sample,20251031_041_pol_pro_Vio_adu_2025_10_Colorado2025.czi,Vio_adu,711.45,8975.0,8544.0,35,34,115.84,0.962,20251031_041_pol_pro_Vio_adu_2025_10_Colorado2025_x008704_y008192
Unknown_Sample,20251031_041_pol_pro_Vio_adu_2025_10_Colorado2025.czi,Vio_adu,788.02,9069.0,8747.0,36,36,117.74,0.961,20251031_041_pol_pro_Vio_adu_2025_10_Colorado2025_x008704_y008192
Unknown_Sample,20251031_041_pol_pro_Vio_adu_2025_10_Colorado2025.czi,Vio_adu,714.53,8850.0,8733.0,34,35,113.5,0.961,20251031_041_pol_pro_Vio_adu_2025_10_Colorado2025_x008704_y008192
Unknown_Sample,20251031_041_pol_pro_Vio_adu_2025_10_Colorado2025.czi,Vio_adu,484.05,9581.0,8203.0,32,25,99.46,0.957,20251031_041_pol_pro_Vio_adu_2025_10_Colorado2025_x009216_y008192
Unknown_Sample,20251031_041_pol_pro_Vio_adu_2025_10_Colorado2025.czi,Vio_adu,738.77,9949.0,8716.0,35,35,114.91,0.962,20251031_041_pol_pro_Vio_adu_2025_10_Colorado2025_x009728_y008192
Unknown_Sample,20251031_041_pol_pro_Vio_adu_2025_10_Colorado2025.czi,Vio_adu,756.86,9978.0,8787.0,36,35,116.33,0.959,20251031_041_pol_pro_Vio_adu_2025_10_Colorado2025_x009728_y008192
Unknown_Sample,20251031_041_pol_pro_Vio_adu_2025_10_Colorado2025.czi,Vio_adu,656.04,11051.0,8460.0,34,32,109.84,0.96,20251031_041_pol_pro_Vio_adu_2025_10_Colorado2025_x010752_y008192
Unknown_Sample,20251031_041_pol_pro_Vio_adu_2025_10_Colorado2025.czi,Vio_adu,724.53,11066.0,8811.0,34,35,114.67,0.957,20251031_041_pol_pro_Vio_adu_2025_10_Colorado2025_x010752_y008192
Unknown_Sample,20251031_041_pol_pro_Vio_adu_2025_10_Colorado2025.czi,Vio_adu,338.99,1062.0,9336.0,39,15,94.04,0.574,20251031_041_pol_pro_Vio_adu_2025_10_Colorado2025_x000512_y008704
Unknown_Sample,20251031_041_pol_pro_Vio_adu_2025_10_Colorado2025.czi,Vio_adu,714.53,1534.0,9223.0,34,35,114.67,0.963,20251031_041_pol_pro_Vio_adu_2025_10_Colorado2025_x001024_y008704
Unknown_Sample,20251031_041_pol_pro_Vio_adu_2025_10_Colorado2025.czi,Vio_adu,354.76,1062.0,9336.0,40,16,97.46,0.548,20251031_041_pol_pro_Vio_adu_2025_10_Colorado2025_x001024_y008704
Unknown_Sample,20251031_041_pol_pro_Vio_adu_2025_10_Colorado2025.czi,Vio_adu,666.82,2068.0,8820.0,32,35,110.67,0.964,20251031_041_pol_pro_Vio_adu_2025_10_Colorado2025_x001536_y008704
Unknown_Sample,20251031_041_pol_pro_Vio_adu_2025_10_Colorado2025.czi,Vio_adu,581.4,1676.0,9184.0,32,30,101.84,0.96,20251031_041_pol_pro_Vio_adu_2025_10_Colorado2025_x001536_y008704
Unknown_Sample,20251031_041_pol_pro_Vio_adu_2025_10_Colorado2025.czi,Vio_adu,287.81,1543.0,9222.0,15,34,84.63,0.945,20251031_041_pol_pro_Vio_adu_2025_10_Colorado2025_x001536_y008704
Unknown_Sample,20251031_041_pol_pro_Vio_adu_2025_10_Colorado2025.czi,Vio_adu,224.32,2169.0,9271.0,13,30,75.56,0.881,20251031_041_pol_pro_Vio_adu_2025_10_Colorado2025_x001536_y008704
Unknown_Sample,20251031_041_pol_pro_Vio_adu_2025_10_Colorado2025.czi,Vio_adu,611.03,2483.0,8885.0,32,31,106.77,0.965,20251031_041_pol_pro_Vio_adu_2025_10_Colorado2025_x002048_y008704
Unknown_Sample,20251031_041_pol_pro_Vio_adu_2025_10_Colorado2025.czi,Vio_adu,655.66,2443.0,9187.0,33,33,109.25,0.964,20251031_041_pol_pro_Vio_adu_2025_10_Colorado2025_x002048_y008704
Unknown_Sample,20251031_041_pol_pro_Vio_adu_2025_10_Colorado2025.czi,Vio_adu,667.2,2068.0,8820.0,32,35,111.25,0.964,20251031_041_pol_pro_Vio_adu_2025_10_Colorado2025_x002048_y008704
Unknown_Sample,20251031_041_pol_pro_Vio_adu_2025_10_Colorado2025.czi,Vio_adu,669.51,2437.0,8824.0,34,33,111.25,0.962,20251031_041_pol_pro_Vio_adu_2025_10_Colorado2025_x002048_y008704
Unknown_Sample,20251031_041_pol_pro_Vio_adu_2025_10_Colorado2025.czi,Vio_adu,649.5,2179.0,9271.0,34,32,110.43,0.961,20251031_041_pol_pro_Vio_adu_2025_10_Colorado2025_x002048_y008704
Unknown_Sample,20251031_041_pol_pro_Vio_adu_2025_10_Colorado2025.czi,Vio_adu,738.0,2670.0,9199.0,34,36,118.43,0.953,20251031_041_pol_pro_Vio_adu_2025_10_Colorado2025_x002048_y008704
Unknown_Sample,20251031_041_pol_pro_Vio_adu_2025_10_Colorado2025.czi,Vio_adu,729.15,2670.0,9199.0,33,36,115.84,0.961,20251031_041_pol_pro_Vio_adu_2025_10_Colorado2025_x002560_y008704
Unknown_Sample,20251031_041_pol_pro_Vio_adu_2025_10_Colorado2025.czi,Vio_adu,699.52,2776.0,9165.0,34,33,113.6,0.961,20251031_041_pol_pro_Vio_adu_2025_10_Colorado2025_x002560_y008704
Unknown_Sample,20251031_041_pol_pro_Vio_adu_2025_10_Colorado2025.czi,Vio_adu,460.58,3100.0,8714.0,34,23,97.7,0.938,20251031_041_pol_pro_Vio_adu_2025_10_Colorado2025_x002560_y008704
Unknown_Sample,20251031_041_pol_pro_Vio_adu_2025_10_Colorado2025.czi,Vio_adu,696.06,3531.0,8871.0,34,33,113.01,0.963,20251031_041_pol_pro_Vio_adu_2025_10_Colorado2025_x003072_y008704
Unknown_Sample,20251031_041_pol_pro_Vio_adu_2025_10_Colorado2025.czi,Vio_adu,420.95,3100.0,8713.0,33,22,94.28,0.956,20251031_041_pol_pro_Vio_adu_2025_10_Colorado2025_x003072_y008704
Unknown_Sample,20251031_041_pol_pro_Vio_adu_2025_10_Colorado2025.czi,Vio_adu,287.04,3620.0,9337.0,37,13,87.8,0.893,20251031_041_pol_pro_Vio_adu_2025_10_Colorado2025_x003072_y008704
Unknown_Sample,20251031_041_pol_pro_Vio_adu_2025_10_Colorado2025.czi,Vio_adu,712.22,4204.0,9101.0,33,36,114.67,0.959,20251031_041_pol_pro_Vio_adu_2025_10_Colorado2025_x003584_y008704
Unknown_Sample,20251031_041_pol_pro_Vio_adu_2025_10_Colorado2025.czi,Vio_adu,287.04,3620.0,9337.0,37,13,87.8,0.892,20251031_041_pol_pro_Vio_adu_2025_10_Colorado2025_x003584_y008704
Unknown_Sample,20251031_041_pol_pro_Vio_adu_2025_10_Colorado2025.czi,Vio_adu,711.84,4204.0,9101.0,32,36,114.43,0.963,20251031_041_pol_pro_Vio_adu_2025_10_Colorado2025_x004096_y008704
Unknown_Sample,20251031_041_pol_pro_Vio_adu_2025_10_Colorado2025.czi,Vio_adu,628.34,4361.0,8973.0,30,35,107.84,0.958,20251031_041_pol_pro_Vio_adu_2025_10_Colorado2025_x004096_y008704
Unknown_Sample,20251031_041_pol_pro_Vio_adu_2025_10_Colorado2025.czi,Vio_adu,791.1,4826.0,9161.0,36,36,120.08,0.965,20251031_041_pol_pro_Vio_adu_2025_10_Colorado2025_x004608_y008704
Unknown_Sample,20251031_041_pol_pro_Vio_adu_2025_10_Colorado2025.czi,Vio_adu,656.81,4862.0,9107.0,33,32,109.01,0.965,20251031_041_pol_pro_Vio_adu_2025_10_Colorado2025_x004608_y008704
Unknown_Sample,20251031_041_pol_pro_Vio_adu_2025_10_Colorado2025.czi,Vio_adu,791.1,4979.0,9313.0,36,36,121.25,0.963,20251031_041_pol_pro_Vio_adu_2025_10_Colorado2025_x004608_y008704
Unknown_Sample,20251031_041_pol_pro_Vio_adu_2025_10_Colorado2025.czi,Vio_adu,709.91,4844.0,8722.0,34,34,115.01,0.958,20251031_041_pol_pro_Vio_adu_2025_10_Colorado2025_x004608_y008704
Unknown_Sample,20251031_041_pol_pro_Vio_adu_2025_10_Colorado2025.czi,Vio_adu,1047.75,4777.0,9222.0,44,42,144.81,0.944,20251031_041_pol_pro_Vio_adu_2025_10_Colorado2025_x004608_y008704
Unknown_Sample,20251031_041_pol_pro_Vio_adu_2025_10_Colorado2025.czi,Vio_adu,217.78,5135.0,9109.0,20,19,64.63,0.929,20251031_041_pol_pro_Vio_adu_2025_10_Colorado2025_x004608_y008704
Unknown_Sample,20251031_041_pol_pro_Vio_adu_2025_10_Colorado2025.czi,Vio_adu,772.25,5368.0,9049.0,36,35,118.67,0.963,20251031_041_pol_pro_Vio_adu_2025_10_Colorado2025_x005120_y008704
Unknown_Sample,20251031_041_pol_pro_Vio_adu_2025_10_Colorado2025.czi,Vio_adu,764.55,5446.0,8849.0,35,36,117.5,0.961,20251031_041_pol_pro_Vio_adu_2025_10_Colorado2025_x005120_y008704
Unknown_Sample,20251031_041_pol_pro_Vio_adu_2025_10_Colorado2025.czi,Vio_adu,273.58,5483.0,8828.0,22,20,70.04,0.939,20251031_041_pol_pro_Vio_adu_2025_10_Colorado2025_x005120_y008704
Unknown_Sample,20251031_041_pol_pro_Vio_adu_2025_10_Colorado2025.czi,Vio_adu,221.25,5135.0,9109.0,20,19,65.21,0.932,20251031_041_pol_pro_Vio_adu_2025_10_Colorado2025_x005120_y008704
Unknown_Sample,20251031_041_pol_pro_Vio_adu_2025_10_Colorado2025.czi,Vio_adu,864.59,5839.0,9261.0,37,38,126.67,0.964,20251031_041_pol_pro_Vio_adu_2025_10_Colorado2025_x005632_y008704
Unknown_Sample,20251031_041_pol_pro_Vio_adu_2025_10_Colorado2025.czi,Vio_adu,742.62,6043.0,9195.0,34,36,117.25,0.964,20251031_041_pol_pro_Vio_adu_2025_10_Colorado2025_x005632_y008704
Unknown_Sample,20251031_041_pol_pro_Vio_adu_2025_10_Colorado2025.czi,Vio_adu,879.21,5989.0,9121.0,39,39,126.81,0.96,20251031_041_pol_pro_Vio_adu_2025_10_Colorado2025_x005632_y008704
Unknown_Sample,20251031_041_pol_pro_Vio_adu_2025_10_Colorado2025.czi,Vio_adu,771.86,6169.0,8911.0,35,38,119.74,0.958,20251031_041_pol_pro_Vio_adu_2025_10_Colorado2025_x005632_y008704
Unknown_Sample,20251031_041_pol_pro_Vio_adu_2025_10_Colorado2025.czi,Vio_adu,703.37,6329.0,9048.0,34,33,112.43,0.964,20251031_041_pol_pro_Vio_adu_2025_10_Colorado2025_x006144_y008704
Unknown_Sample,20251031_041_pol_pro_Vio_adu_2025_10_Colorado2025.czi,Vio_adu,680.29,6292.0,8906.0,34,33,111.25,0.962,20251031_041_pol_pro_Vio_adu_2025_10_Colorado2025_x006144_y008704
Unknown_Sample,20251031_041_pol_pro_Vio_adu_2025_10_Colorado2025.czi,Vio_adu,773.79,6606.0,9295.0,37,35,119.5,0.962,20251031_041_pol_pro_Vio_adu_2025_10_Colorado2025_x006144_y008704
Unknown_Sample,20251031_041_pol_pro_Vio_adu_2025_10_Colorado2025.czi,Vio_adu,763.78,6678.0,8991.0,36,36,118.33,0.96,20251031_041_pol_pro_Vio_adu_2025_10_Colorado2025_x006144_y008704
Unknown_Sample,20251031_041_pol_pro_Vio_adu_2025_10_Colorado2025.czi,Vio_adu,848.82,6607.0,9249.0,38,38,124.57,0.959,20251031_041_pol_pro_Vio_adu_2025_10_Colorado2025_x006144_y008704
Unknown_Sample,20251031_041_pol_pro_Vio_adu_2025_10_Colorado2025.czi,Vio_adu,770.71,6169.0,8911.0,35,38,119.15,0.958,20251031_041_pol_pro_Vio_adu_2025_10_Colorado2025_x006144_y008704
Unknown_Sample,20251031_041_pol_pro_Vio_adu_2025_10_Colorado2025.czi,Vio_adu,894.61,6681.0,8725.0,39,40,132.33,0.954,20251031_041_pol_pro_Vio_adu_2025_10_Colorado2025_x006144_y008704
Unknown_Sample,20251031_041_pol_pro_Vio_adu_2025_10_Colorado2025.czi,Vio_adu,766.48,6678.0,8991.0,36,36,118.91,0.963,20251031_041_pol_pro_Vio_adu_2025_10_Colorado2025_x006656_y008704
Unknown_Sample,20251031_041_pol_pro_Vio_adu_2025_10_Colorado2025.czi,Vio_adu,800.72,7193.0,9213.0,38,35,121.5,0.959,20251031_041_pol_pro_Vio_adu_2025_10_Colorado2025_x006656_y008704
Unknown_Sample,20251031_041_pol_pro_Vio_adu_2025_10_Colorado2025.czi,Vio_adu,895.38,6681.0,8725.0,39,40,132.33,0.953,20251031_041_pol_pro_Vio_adu_2025_10_Colorado2025_x006656_y008704
Unknown_Sample,20251031_041_pol_pro_Vio_adu_2025_10_Colorado2025.czi,Vio_adu,836.12,7277.0,9134.0,35,40,125.5,0.95,20251031_041_pol_pro_Vio_adu_2025_10_Colorado2025_x006656_y008704
Unknown_Sample,20251031_041_pol_pro_Vio_adu_2025_10_Colorado2025.czi,Vio_adu,819.96,7277.0,9134.0,34,40,122.33,0.961,20251031_041_pol_pro_Vio_adu_2025_10_Colorado2025_x007168_y008704
Unknown_Sample,20251031_041_pol_pro_Vio_adu_2025_10_Colorado2025.czi,Vio_adu,801.87,7193.0,9213.0,38,35,122.08,0.959,20251031_041_pol_pro_Vio_adu_2025_10_Colorado2025_x007168_y008704
Unknown_Sample,20251031_041_pol_pro_Vio_adu_2025_10_Colorado2025.czi,Vio_adu,249.34,7647.0,9306.0,22,22,72.28,0.94,20251031_041_pol_pro_Vio_adu_2025_10_Colorado2025_x007168_y008704
Unknown_Sample,20251031_041_pol_pro_Vio_adu_2025_10_Colorado2025.czi,Vio_adu,752.24,7853.0,9099.0,35,36,117.5,0.963,20251031_041_pol_pro_Vio_adu_2025_10_Colorado2025_x007680_y008704
Unknown_Sample,20251031_041_pol_pro_Vio_adu_2025_10_Colorado2025.czi,Vio_adu,760.32,8133.0,9315.0,35,35,117.25,0.961,20251031_041_pol_pro_Vio_adu_2025_10_Colorado2025_x007680_y008704
Unknown_Sample,20251031_041_pol_pro_Vio_adu_2025_10_Colorado2025.czi,Vio_adu,747.24,7844.0,9190.0,35,38,117.4,0.96,20251031_041_pol_pro_Vio_adu_2025_10_Colorado2025_x007680_y008704
Unknown_Sample,20251031_041_pol_pro_Vio_adu_2025_10_Colorado2025.czi,Vio_adu,679.13,8038.0,9207.0,34,32,111.01,0.956,20251031_041_pol_pro_Vio_adu_2025_10_Colorado2025_x007680_y008704
Unknown_Sample,20251031_041_pol_pro_Vio_adu_2025_10_Colorado2025.czi,Vio_adu,398.63,8035.0,8712.0,38,18,97.46,0.948,20251031_041_pol_pro_Vio_adu_2025_10_Colorado2025_x007680_y008704
Unknown_Sample,20251031_041_pol_pro_Vio_adu_2025_10_Colorado2025.czi,Vio_adu,788.02,9069.0,8747.0,36,36,117.74,0.961,20251031_041_pol_pro_Vio_adu_2025_10_Colorado2025_x008704_y008704
Unknown_Sample,20251031_041_pol_pro_Vio_adu_2025_10_Colorado2025.czi,Vio_adu,715.3,8850.0,8733.0,34,35,113.5,0.961,20251031_041_pol_pro_Vio_adu_2025_10_Colorado2025_x008704_y008704
Unknown_Sample,20251031_041_pol_pro_Vio_adu_2025_10_Colorado2025.czi,Vio_adu,819.19,9270.0,9192.0,37,39,123.98,0.954,20251031_041_pol_pro_Vio_adu_2025_10_Colorado2025_x008704_y008704
Unknown_Sample,20251031_041_pol_pro_Vio_adu_2025_10_Colorado2025.czi,Vio_adu,478.28,9334.0,8998.0,20,40,106.04,0.924,20251031_041_pol_pro_Vio_adu_2025_10_Colorado2025_x008704_y008704
Unknown_Sample,20251031_041_pol_pro_Vio_adu_2025_10_Colorado2025.czi,Vio_adu,845.74,9593.0,8930.0,36,38,124.08,0.965,20251031_041_pol_pro_Vio_adu_2025_10_Colorado2025_x009216_y008704
Unknown_Sample,20251031_041_pol_pro_Vio_adu_2025_10_Colorado2025.czi,Vio_adu,719.53,9747.0,9319.0,33,36,116.43,0.963,20251031_041_pol_pro_Vio_adu_2025_10_Colorado2025_x009216_y008704
Unknown_Sample,20251031_041_pol_pro_Vio_adu_2025_10_Colorado2025.czi,Vio_adu,971.95,9755.0,9153.0,40,40,133.74,0.963,20251031_041_pol_pro_Vio_adu_2025_10_Colorado2025_x009216_y008704
Unknown_Sample,20251031_041_pol_pro_Vio_adu_2025_10_Colorado2025.czi,Vio_adu,578.7,9604.0,9154.0,30,31,102.77,0.962,20251031_041_pol_pro_Vio_adu_2025_10_Colorado2025_x009216_y008704
Unknown_Sample,20251031_041_pol_pro_Vio_adu_2025_10_Colorado2025.czi,Vio_adu,738.0,9435.0,9182.0,35,35,116.08,0.962,20251031_041_pol_pro_Vio_adu_2025_10_Colorado2025_x009216_y008704
Unknown_Sample,20251031_041_pol_pro_Vio_adu_2025_10_Colorado2025.czi,Vio_adu,808.8,9379.0,8966.0,37,36,122.08,0.96,20251031_041_pol_pro_Vio_adu_2025_10_Colorado2025_x009216_y008704
Unknown_Sample,20251031_041_pol_pro_Vio_adu_2025_10_Colorado2025.czi,Vio_adu,845.35,9341.0,8997.0,36,39,125.5,0.958,20251031_041_pol_pro_Vio_adu_2025_10_Colorado2025_x009216_y008704
Unknown_Sample,20251031_041_pol_pro_Vio_adu_2025_10_Colorado2025.czi,Vio_adu,819.19,9270.0,9192.0,37,39,123.98,0.954,20251031_041_pol_pro_Vio_adu_2025_10_Colorado2025_x009216_y008704
Unknown_Sample,20251031_041_pol_pro_Vio_adu_2025_10_Colorado2025.czi,Vio_adu,657.97,9949.0,8718.0,35,30,111.94,0.966,20251031_041_pol_pro_Vio_adu_2025_10_Colorado2025_x009728_y008704
Unknown_Sample,20251031_041_pol_pro_Vio_adu_2025_10_Colorado2025.czi,Vio_adu,973.49,9755.0,9153.0,40,40,133.74,0.963,20251031_041_pol_pro_Vio_adu_2025_10_Colorado2025_x009728_y008704
Unknown_Sample,20251031_041_pol_pro_Vio_adu_2025_10_Colorado2025.czi,Vio_adu,723.0,9747.0,9319.0,33,36,117.01,0.962,20251031_041_pol_pro_Vio_adu_2025_10_Colorado2025_x009728_y008704
Unknown_Sample,20251031_041_pol_pro_Vio_adu_2025_10_Colorado2025.czi,Vio_adu,756.86,9978.0,8787.0,36,35,116.33,0.959,20251031_041_pol_pro_Vio_adu_2025_10_Colorado2025_x009728_y008704
Unknown_Sample,20251031_041_pol_pro_Vio_adu_2025_10_Colorado2025.czi,Vio_adu,733.0,10863.0,9165.0,33,35,116.18,0.952,20251031_041_pol_pro_Vio_adu_2025_10_Colorado2025_x010240_y008704
Unknown_Sample,20251031_041_pol_pro_Vio_adu_2025_10_Colorado2025.czi,Vio_adu,741.46,10863.0,9165.0,35,35,115.5,0.965,20251031_041_pol_pro_Vio_adu_2025_10_Colorado2025_x010752_y008704
Unknown_Sample,20251031_041_pol_pro_Vio_adu_2025_10_Colorado2025.czi,Vio_adu,722.61,11066.0,8811.0,34,35,116.43,0.961,20251031_041_pol_pro_Vio_adu_2025_10_Colorado2025_x010752_y008704
Unknown_Sample,20251031_041_pol_pro_Vio_adu_2025_10_Colorado2025.czi,Vio_adu,286.27,11820.0,9136.0,23,21,72.28,0.944,20251031_041_pol_pro_Vio_adu_2025_10_Colorado2025_x011264_y008704
Unknown_Sample,20251031_041_pol_pro_Vio_adu_2025_10_Colorado2025.czi,Vio_adu,286.27,11820.0,9136.0,23,21,72.28,0.943,20251031_041_pol_pro_Vio_adu_2025_10_Colorado2025_x011776_y008704
Unknown_Sample,20251031_041_pol_pro_Vio_adu_2025_10_Colorado2025.czi,Vio_adu,521.37,1534.0,9227.0,34,25,102.87,0.961,20251031_041_pol_pro_Vio_adu_2025_10_Colorado2025_x001024_y009216
Unknown_Sample,20251031_041_pol_pro_Vio_adu_2025_10_Colorado2025.czi,Vio_adu,692.98,1250.0,9654.0,34,34,113.84,0.746,20251031_041_pol_pro_Vio_adu_2025_10_Colorado2025_x001024_y009216
Unknown_Sample,20251031_041_pol_pro_Vio_adu_2025_10_Colorado2025.czi,Vio_adu,661.05,2115.0,9463.0,32,34,110.43,0.963,20251031_041_pol_pro_Vio_adu_2025_10_Colorado2025_x001536_y009216
Unknown_Sample,20251031_041_pol_pro_Vio_adu_2025_10_Colorado2025.czi,Vio_adu,736.08,1814.0,9461.0,35,34,115.84,0.961,20251031_041_pol_pro_Vio_adu_2025_10_Colorado2025_x001536_y009216
Unknown_Sample,20251031_041_pol_pro_Vio_adu_2025_10_Colorado2025.czi,Vio_adu,204.32,1543.0,9226.0,15,24,68.73,0.949,20251031_041_pol_pro_Vio_adu_2025_10_Colorado2025_x001536_y009216
Unknown_Sample,20251031_041_pol_pro_Vio_adu_2025_10_Colorado2025.czi,Vio_adu,223.56,2169.0,9271.0,13,30,75.56,0.883,20251031_041_pol_pro_Vio_adu_2025_10_Colorado2025_x001536_y009216
Unknown_Sample,20251031_041_pol_pro_Vio_adu_2025_10_Colorado2025.czi,Vio_adu,701.06,2541.0,9391.0,35,32,112.43,0.966,20251031_041_pol_pro_Vio_adu_2025_10_Colorado2025_x002048_y009216
Unknown_Sample,20251031_041_pol_pro_Vio_adu_2025_10_Colorado2025.czi,Vio_adu,661.05,2115.0,9463.0,32,34,110.43,0.963,20251031_041_pol_pro_Vio_adu_2025_10_Colorado2025_x002048_y009216
Unknown_Sample,20251031_041_pol_pro_Vio_adu_2025_10_Colorado2025.czi,Vio_adu,649.5,2179.0,9271.0,34,32,110.43,0.961,20251031_041_pol_pro_Vio_adu_2025_10_Colorado2025_x002048_y009216
Unknown_Sample,20251031_041_pol_pro_Vio_adu_2025_10_Colorado2025.czi,Vio_adu,680.29,2467.0,9656.0,33,36,114.08,0.948,20251031_041_pol_pro_Vio_adu_2025_10_Colorado2025_x002048_y009216
Unknown_Sample,20251031_041_pol_pro_Vio_adu_2025_10_Colorado2025.czi,Vio_adu,703.37,2897.0,9727.0,34,34,114.43,0.957,20251031_041_pol_pro_Vio_adu_2025_10_Colorado2025_x002560_y009216
Unknown_Sample,20251031_041_pol_pro_Vio_adu_2025_10_Colorado2025.czi,Vio_adu,709.14,3429.0,9835.0,35,33,113.84,0.963,20251031_041_pol_pro_Vio_adu_2025_10_Colorado2025_x003072_y009216
Unknown_Sample,20251031_041_pol_pro_Vio_adu_2025_10_Colorado2025.czi,Vio_adu,657.58,3489.0,9528.0,35,31,111.01,0.962,20251031_041_pol_pro_Vio_adu_2025_10_Colorado2025_x003072_y009216
Unknown_Sample,20251031_041_pol_pro_Vio_adu_2025_10_Colorado2025.czi,Vio_adu,644.5,3454.0,9680.0,34,31,107.84,0.961,20251031_041_pol_pro_Vio_adu_2025_10_Colorado2025_x003072_y009216
Unknown_Sample,20251031_041_pol_pro_Vio_adu_2025_10_Colorado2025.czi,Vio_adu,851.9,3620.0,9347.0,39,36,124.91,0.961,20251031_041_pol_pro_Vio_adu_2025_10_Colorado2025_x003072_y009216
Unknown_Sample,20251031_041_pol_pro_Vio_adu_2025_10_Colorado2025.czi,Vio_adu,696.45,3937.0,9467.0,35,33,114.43,0.965,20251031_041_pol_pro_Vio_adu_2025_10_Colorado2025_x003584_y009216
Unknown_Sample,20251031_041_pol_pro_Vio_adu_2025_10_Colorado2025.czi,Vio_adu,802.64,3905.0,9634.0,35,37,121.25,0.963,20251031_041_pol_pro_Vio_adu_2025_10_Colorado2025_x003584_y009216
Unknown_Sample,20251031_041_pol_pro_Vio_adu_2025_10_Colorado2025.czi,Vio_adu,783.79,3749.0,9579.0,36,36,118.33,0.963,20251031_041_pol_pro_Vio_adu_2025_10_Colorado2025_x003584_y009216
Unknown_Sample,20251031_041_pol_pro_Vio_adu_2025_10_Colorado2025.czi,Vio_adu,851.9,3620.0,9347.0,39,36,124.91,0.961,20251031_041_pol_pro_Vio_adu_2025_10_Colorado2025_x003584_y009216
Unknown_Sample,20251031_041_pol_pro_Vio_adu_2025_10_Colorado2025.czi,Vio_adu,771.09,4056.0,9551.0,36,36,118.91,0.956,20251031_041_pol_pro_Vio_adu_2025_10_Colorado2025_x003584_y009216
Unknown_Sample,20251031_041_pol_pro_Vio_adu_2025_10_Colorado2025.czi,Vio_adu,813.42,4069.0,9513.0,37,37,122.91,0.954,20251031_041_pol_pro_Vio_adu_2025_10_Colorado2025_x003584_y009216
Unknown_Sample,20251031_041_pol_pro_Vio_adu_2025_10_Colorado2025.czi,Vio_adu,809.19,4330.0,9403.0,39,35,123.5,0.955,20251031_041_pol_pro_Vio_adu_2025_10_Colorado2025_x004096_y009216
Unknown_Sample,20251031_041_pol_pro_Vio_adu_2025_10_Colorado2025.czi,Vio_adu,790.33,4979.0,9313.0,36,36,121.25,0.964,20251031_041_pol_pro_Vio_adu_2025_10_Colorado2025_x004608_y009216
Unknown_Sample,20251031_041_pol_pro_Vio_adu_2025_10_Colorado2025.czi,Vio_adu,858.05,4916.0,9583.0,37,38,127.25,0.956,20251031_041_pol_pro_Vio_adu_2025_10_Colorado2025_x004608_y009216
Unknown_Sample,20251031_041_pol_pro_Vio_adu_2025_10_Colorado2025.czi,Vio_adu,723.38,4777.0,9228.0,44,29,124.08,0.953,20251031_041_pol_pro_Vio_adu_2025_10_Colorado2025_x004608_y009216
Unknown_Sample,20251031_041_pol_pro_Vio_adu_2025_10_Colorado2025.czi,Vio_adu,863.05,5839.0,9261.0,37,38,126.67,0.964,20251031_041_pol_pro_Vio_adu_2025_10_Colorado2025_x005632_y009216
Unknown_Sample,20251031_041_pol_pro_Vio_adu_2025_10_Colorado2025.czi,Vio_adu,728.77,5779.0,9489.0,34,36,116.08,0.962,20251031_041_pol_pro_Vio_adu_2025_10_Colorado2025_x005632_y009216
Unknown_Sample,20251031_041_pol_pro_Vio_adu_2025_10_Colorado2025.czi,Vio_adu,726.07,5849.0,9639.0,34,36,115.5,0.961,20251031_041_pol_pro_Vio_adu_2025_10_Colorado2025_x005632_y009216
Unknown_Sample,20251031_041_pol_pro_Vio_adu_2025_10_Colorado2025.czi,Vio_adu,822.27,5914.0,9538.0,37,38,123.15,0.96,20251031_041_pol_pro_Vio_adu_2025_10_Colorado2025_x005632_y009216
Unknown_Sample,20251031_041_pol_pro_Vio_adu_2025_10_Colorado2025.czi,Vio_adu,756.47,6657.0,9643.0,35,35,117.25,0.964,20251031_041_pol_pro_Vio_adu_2025_10_Colorado2025_x006144_y009216
Unknown_Sample,20251031_041_pol_pro_Vio_adu_2025_10_Colorado2025.czi,Vio_adu,773.79,6606.0,9295.0,37,35,119.5,0.962,20251031_041_pol_pro_Vio_adu_2025_10_Colorado2025_x006144_y009216
Unknown_Sample,20251031_041_pol_pro_Vio_adu_2025_10_Colorado2025.czi,Vio_adu,854.97,6607.0,9249.0,39,38,125.4,0.959,20251031_041_pol_pro_Vio_adu_2025_10_Colorado2025_x006144_y009216
Unknown_Sample,20251031_041_pol_pro_Vio_adu_2025_10_Colorado2025.czi,Vio_adu,904.61,6300.0,9697.0,39,40,129.98,0.954,20251031_041_pol_pro_Vio_adu_2025_10_Colorado2025_x006144_y009216
Unknown_Sample,20251031_041_pol_pro_Vio_adu_2025_10_Colorado2025.czi,Vio_adu,786.48,7190.0,9722.0,38,36,120.57,0.962,20251031_041_pol_pro_Vio_adu_2025_10_Colorado2025_x006656_y009216
Unknown_Sample,20251031_041_pol_pro_Vio_adu_2025_10_Colorado2025.czi,Vio_adu,873.83,7016.0,9576.0,37,40,127.15,0.961,20251031_041_pol_pro_Vio_adu_2025_10_Colorado2025_x006656_y009216
Unknown_Sample,20251031_041_pol_pro_Vio_adu_2025_10_Colorado2025.czi,Vio_adu,400.55,6665.0,9643.0,19,35,95.21,0.96,20251031_041_pol_pro_Vio_adu_2025_10_Colorado2025_x006656_y009216
Unknown_Sample,20251031_041_pol_pro_Vio_adu_2025_10_Colorado2025.czi,Vio_adu,313.21,7192.0,9223.0,38,16,92.28,0.944,20251031_041_pol_pro_Vio_adu_2025_10_Colorado2025_x006656_y009216
Unknown_Sample,20251031_041_pol_pro_Vio_adu_2025_10_Colorado2025.czi,Vio_adu,712.61,7366.0,9551.0,35,34,115.25,0.964,20251031_041_pol_pro_Vio_adu_2025_10_Colorado2025_x007168_y009216
Unknown_Sample,20251031_041_pol_pro_Vio_adu_2025_10_Colorado2025.czi,Vio_adu,783.02,7190.0,9722.0,38,36,119.98,0.962,20251031_041_pol_pro_Vio_adu_2025_10_Colorado2025_x007168_y009216
Unknown_Sample,20251031_041_pol_pro_Vio_adu_2025_10_Colorado2025.czi,Vio_adu,908.84,7422.0,9490.0,40,38,128.57,0.96,20251031_041_pol_pro_Vio_adu_2025_10_Colorado2025_x007168_y009216
Unknown_Sample,20251031_041_pol_pro_Vio_adu_2025_10_Colorado2025.czi,Vio_adu,308.21,7192.0,9223.0,37,16,90.87,0.945,20251031_041_pol_pro_Vio_adu_2025_10_Colorado2025_x007168_y009216
Unknown_Sample,20251031_041_pol_pro_Vio_adu_2025_10_Colorado2025.czi,Vio_adu,250.49,7647.0,9306.0,22,22,71.7,0.941,20251031_041_pol_pro_Vio_adu_2025_10_Colorado2025_x007168_y009216
Unknown_Sample,20251031_041_pol_pro_Vio_adu_2025_10_Colorado2025.czi,Vio_adu,707.6,7777.0,9374.0,34,34,112.67,0.926,20251031_041_pol_pro_Vio_adu_2025_10_Colorado2025_x007168_y009216
Unknown_Sample,20251031_041_pol_pro_Vio_adu_2025_10_Colorado2025.czi,Vio_adu,308.59,7800.0,9356.0,17,35,90.63,0.853,20251031_041_pol_pro_Vio_adu_2025_10_Colorado2025_x007168_y009216
Unknown_Sample,20251031_041_pol_pro_Vio_adu_2025_10_Colorado2025.czi,Vio_adu,769.55,7953.0,9409.0,36,36,118.91,0.964,20251031_041_pol_pro_Vio_adu_2025_10_Colorado2025_x007680_y009216
Unknown_Sample,20251031_041_pol_pro_Vio_adu_2025_10_Colorado2025.czi,Vio_adu,739.16,7881.0,9628.0,35,35,116.67,0.961,20251031_041_pol_pro_Vio_adu_2025_10_Colorado2025_x007680_y009216
Unknown_Sample,20251031_041_pol_pro_Vio_adu_2025_10_Colorado2025.czi,Vio_adu,671.44,7897.0,9584.0,33,34,111.84,0.961,20251031_041_pol_pro_Vio_adu_2025_10_Colorado2025_x007680_y009216
Unknown_Sample,20251031_041_pol_pro_Vio_adu_2025_10_Colorado2025.czi,Vio_adu,759.93,8133.0,9315.0,35,35,116.67,0.961,20251031_041_pol_pro_Vio_adu_2025_10_Colorado2025_x007680_y009216
Unknown_Sample,20251031_041_pol_pro_Vio_adu_2025_10_Colorado2025.czi,Vio_adu,765.71,7915.0,9373.0,37,35,117.74,0.958,20251031_041_pol_pro_Vio_adu_2025_10_Colorado2025_x007680_y009216
Unknown_Sample,20251031_041_pol_pro_Vio_adu_2025_10_Colorado2025.czi,Vio_adu,895.76,7812.0,9355.0,39,40,130.23,0.939,20251031_041_pol_pro_Vio_adu_2025_10_Colorado2025_x007680_y009216
Unknown_Sample,20251031_041_pol_pro_Vio_adu_2025_10_Colorado2025.czi,Vio_adu,727.23,7777.0,9374.0,34,34,114.43,0.926,20251031_041_pol_pro_Vio_adu_2025_10_Colorado2025_x007680_y009216
Unknown_Sample,20251031_041_pol_pro_Vio_adu_2025_10_Colorado2025.czi,Vio_adu,803.41,8441.0,9630.0,36,36,121.25,0.965,20251031_041_pol_pro_Vio_adu_2025_10_Colorado2025_x008192_y009216
Unknown_Sample,20251031_041_pol_pro_Vio_adu_2025_10_Colorado2025.czi,Vio_adu,724.15,8675.0,9656.0,34,35,115.25,0.963,20251031_041_pol_pro_Vio_adu_2025_10_Colorado2025_x008192_y009216
Unknown_Sample,20251031_041_pol_pro_Vio_adu_2025_10_Colorado2025.czi,Vio_adu,803.8,9268.0,9511.0,36,37,121.5,0.964,20251031_041_pol_pro_Vio_adu_2025_10_Colorado2025_x008704_y009216
Unknown_Sample,20251031_041_pol_pro_Vio_adu_2025_10_Colorado2025.czi,Vio_adu,848.43,9136.0,9413.0,37,38,124.33,0.963,20251031_041_pol_pro_Vio_adu_2025_10_Colorado2025_x008704_y009216
Unknown_Sample,20251031_041_pol_pro_Vio_adu_2025_10_Colorado2025.czi,Vio_adu,749.93,9114.0,9602.0,35,36,116.33,0.96,20251031_041_pol_pro_Vio_adu_2025_10_Colorado2025_x008704_y009216
Unknown_Sample,20251031_041_pol_pro_Vio_adu_2025_10_Colorado2025.czi,Vio_adu,830.73,8924.0,9607.0,38,37,123.15,0.958,20251031_041_pol_pro_Vio_adu_2025_10_Colorado2025_x008704_y009216
Unknown_Sample,20251031_041_pol_pro_Vio_adu_2025_10_Colorado2025.czi,Vio_adu,806.11,9268.0,9511.0,36,37,121.5,0.964,20251031_041_pol_pro_Vio_adu_2025_10_Colorado2025_x009216_y009216
Unknown_Sample,20251031_041_pol_pro_Vio_adu_2025_10_Colorado2025.czi,Vio_adu,721.07,9747.0,9319.0,33,36,116.43,0.963,20251031_041_pol_pro_Vio_adu_2025_10_Colorado2025_x009216_y009216
Unknown_Sample,20251031_041_pol_pro_Vio_adu_2025_10_Colorado2025.czi,Vio_adu,472.89,9845.0,9794.0,21,36,101.21,0.938,20251031_041_pol_pro_Vio_adu_2025_10_Colorado2025_x009216_y009216
Unknown_Sample,20251031_041_pol_pro_Vio_adu_2025_10_Colorado2025.czi,Vio_adu,722.23,9747.0,9319.0,33,36,117.01,0.962,20251031_041_pol_pro_Vio_adu_2025_10_Colorado2025_x009728_y009216
Unknown_Sample,20251031_041_pol_pro_Vio_adu_2025_10_Colorado2025.czi,Vio_adu,674.51,9850.0,9794.0,33,34,111.84,0.961,20251031_041_pol_pro_Vio_adu_2025_10_Colorado2025_x009728_y009216
Unknown_Sample,20251031_041_pol_pro_Vio_adu_2025_10_Colorado2025.czi,Vio_adu,752.24,9904.0,9760.0,34,37,117.5,0.957,20251031_041_pol_pro_Vio_adu_2025_10_Colorado2025_x009728_y009216
Unknown_Sample,20251031_041_pol_pro_Vio_adu_2025_10_Colorado2025.czi,Vio_adu,741.46,10409.0,9366.0,33,38,115.15,0.963,20251031_041_pol_pro_Vio_adu_2025_10_Colorado2025_x010240_y009216
Unknown_Sample,20251031_041_pol_pro_Vio_adu_2025_10_Colorado2025.czi,Vio_adu,755.7,10640.0,9745.0,37,35,120.08,0.956,20251031_041_pol_pro_Vio_adu_2025_10_Colorado2025_x010240_y009216
Unknown_Sample,20251031_041_pol_pro_Vio_adu_2025_10_Colorado2025.czi,Vio_adu,709.53,12031.0,9384.0,38,32,116.08,0.954,20251031_041_pol_pro_Vio_adu_2025_10_Colorado2025_x011776_y009216
Unknown_Sample,20251031_041_pol_pro_Vio_adu_2025_10_Colorado2025.czi,Vio_adu,593.71,1674.0,10086.0,31,31,104.18,0.928,20251031_041_pol_pro_Vio_adu_2025_10_Colorado2025_x001536_y009728
Unknown_Sample,20251031_041_pol_pro_Vio_adu_2025_10_Colorado2025.czi,Vio_adu,726.84,2348.0,10062.0,34,35,115.84,0.961,20251031_041_pol_pro_Vio_adu_2025_10_Colorado2025_x002048_y009728
Unknown_Sample,20251031_041_pol_pro_Vio_adu_2025_10_Colorado2025.czi,Vio_adu,557.16,2422.0,10111.0,31,30,101.6,0.958,20251031_041_pol_pro_Vio_adu_2025_10_Colorado2025_x002048_y009728
Unknown_Sample,20251031_041_pol_pro_Vio_adu_2025_10_Colorado2025.czi,Vio_adu,634.88,2229.0,9880.0,31,35,109.25,0.957,20251031_041_pol_pro_Vio_adu_2025_10_Colorado2025_x002048_y009728
Unknown_Sample,20251031_041_pol_pro_Vio_adu_2025_10_Colorado2025.czi,Vio_adu,315.9,2897.0,9735.0,32,17,85.21,0.951,20251031_041_pol_pro_Vio_adu_2025_10_Colorado2025_x002560_y009728
Unknown_Sample,20251031_041_pol_pro_Vio_adu_2025_10_Colorado2025.czi,Vio_adu,725.3,3429.0,9835.0,37,33,115.5,0.964,20251031_041_pol_pro_Vio_adu_2025_10_Colorado2025_x003072_y009728
Unknown_Sample,20251031_041_pol_pro_Vio_adu_2025_10_Colorado2025.czi,Vio_adu,689.9,3562.0,10217.0,33,34,111.84,0.964,20251031_041_pol_pro_Vio_adu_2025_10_Colorado2025_x003072_y009728
Unknown_Sample,20251031_041_pol_pro_Vio_adu_2025_10_Colorado2025.czi,Vio_adu,724.53,3434.0,9895.0,35,34,113.5,0.957,20251031_041_pol_pro_Vio_adu_2025_10_Colorado2025_x003072_y009728
Unknown_Sample,20251031_041_pol_pro_Vio_adu_2025_10_Colorado2025.czi,Vio_adu,728.0,4177.0,9969.0,34,35,115.25,0.964,20251031_041_pol_pro_Vio_adu_2025_10_Colorado2025_x003584_y009728
Unknown_Sample,20251031_041_pol_pro_Vio_adu_2025_10_Colorado2025.czi,Vio_adu,664.12,3962.0,10151.0,33,32,109.6,0.962,20251031_041_pol_pro_Vio_adu_2025_10_Colorado2025_x003584_y009728
Unknown_Sample,20251031_041_pol_pro_Vio_adu_2025_10_Colorado2025.czi,Vio_adu,661.05,4127.0,10326.0,33,33,110.43,0.961,20251031_041_pol_pro_Vio_adu_2025_10_Colorado2025_x003584_y009728
Unknown_Sample,20251031_041_pol_pro_Vio_adu_2025_10_Colorado2025.czi,Vio_adu,672.59,3987.0,10320.0,34,32,110.43,0.957,20251031_041_pol_pro_Vio_adu_2025_10_Colorado2025_x003584_y009728
Unknown_Sample,20251031_041_pol_pro_Vio_adu_2025_10_Colorado2025.czi,Vio_adu,791.49,4326.0,10251.0,36,37,121.5,0.965,20251031_041_pol_pro_Vio_adu_2025_10_Colorado2025_x004096_y009728
Unknown_Sample,20251031_041_pol_pro_Vio_adu_2025_10_Colorado2025.czi,Vio_adu,728.0,4177.0,9969.0,34,35,115.25,0.964,20251031_041_pol_pro_Vio_adu_2025_10_Colorado2025_x004096_y009728
Unknown_Sample,20251031_041_pol_pro_Vio_adu_2025_10_Colorado2025.czi,Vio_adu,891.14,4289.0,10156.0,38,39,128.91,0.962,20251031_041_pol_pro_Vio_adu_2025_10_Colorado2025_x004096_y009728
Unknown_Sample,20251031_041_pol_pro_Vio_adu_2025_10_Colorado2025.czi,Vio_adu,660.28,4127.0,10326.0,33,33,110.43,0.961,20251031_041_pol_pro_Vio_adu_2025_10_Colorado2025_x004096_y009728
Unknown_Sample,20251031_041_pol_pro_Vio_adu_2025_10_Colorado2025.czi,Vio_adu,772.63,4719.0,10282.0,32,38,120.77,0.955,20251031_041_pol_pro_Vio_adu_2025_10_Colorado2025_x004096_y009728
Unknown_Sample,20251031_041_pol_pro_Vio_adu_2025_10_Colorado2025.czi,Vio_adu,773.02,4973.0,10034.0,37,34,118.67,0.966,20251031_041_pol_pro_Vio_adu_2025_10_Colorado2025_x004608_y009728
Unknown_Sample,20251031_041_pol_pro_Vio_adu_2025_10_Colorado2025.czi,Vio_adu,732.61,4892.0,10142.0,35,34,115.25,0.963,20251031_041_pol_pro_Vio_adu_2025_10_Colorado2025_x004608_y009728
Unknown_Sample,20251031_041_pol_pro_Vio_adu_2025_10_Colorado2025.czi,Vio_adu,798.8,4720.0,10282.0,35,38,120.91,0.962,20251031_041_pol_pro_Vio_adu_2025_10_Colorado2025_x004608_y009728
Unknown_Sample,20251031_041_pol_pro_Vio_adu_2025_10_Colorado2025.czi,Vio_adu,745.7,5135.0,9930.0,33,37,119.6,0.956,20251031_041_pol_pro_Vio_adu_2025_10_Colorado2025_x004608_y009728
Unknown_Sample,20251031_041_pol_pro_Vio_adu_2025_10_Colorado2025.czi,Vio_adu,791.1,5398.0,9974.0,34,38,120.08,0.962,20251031_041_pol_pro_Vio_adu_2025_10_Colorado2025_x005120_y009728
Unknown_Sample,20251031_041_pol_pro_Vio_adu_2025_10_Colorado2025.czi,Vio_adu,750.7,5135.0,9930.0,33,37,120.18,0.959,20251031_041_pol_pro_Vio_adu_2025_10_Colorado2025_x005120_y009728
Unknown_Sample,20251031_041_pol_pro_Vio_adu_2025_10_Colorado2025.czi,Vio_adu,778.02,5881.0,10204.0,35,37,118.91,0.963,20251031_041_pol_pro_Vio_adu_2025_10_Colorado2025_x005632_y009728
Unknown_Sample,20251031_041_pol_pro_Vio_adu_2025_10_Colorado2025.czi,Vio_adu,743.0,5862.0,10161.0,36,35,116.33,0.961,20251031_041_pol_pro_Vio_adu_2025_10_Colorado2025_x005632_y009728
Unknown_Sample,20251031_041_pol_pro_Vio_adu_2025_10_Colorado2025.czi,Vio_adu,805.72,6147.0,10061.0,37,36,120.91,0.96,20251031_041_pol_pro_Vio_adu_2025_10_Colorado2025_x005632_y009728
Unknown_Sample,20251031_041_pol_pro_Vio_adu_2025_10_Colorado2025.czi,Vio_adu,901.53,6731.0,10184.0,38,38,127.5,0.964,20251031_041_pol_pro_Vio_adu_2025_10_Colorado2025_x006144_y009728
Unknown_Sample,20251031_041_pol_pro_Vio_adu_2025_10_Colorado2025.czi,Vio_adu,911.54,6321.0,10247.0,38,40,130.33,0.963,20251031_041_pol_pro_Vio_adu_2025_10_Colorado2025_x006144_y009728
Unknown_Sample,20251031_041_pol_pro_Vio_adu_2025_10_Colorado2025.czi,Vio_adu,469.04,6154.0,10061.0,22,36,100.87,0.957,20251031_041_pol_pro_Vio_adu_2025_10_Colorado2025_x006144_y009728
Unknown_Sample,20251031_041_pol_pro_Vio_adu_2025_10_Colorado2025.czi,Vio_adu,705.3,7155.0,10067.0,34,35,113.5,0.967,20251031_041_pol_pro_Vio_adu_2025_10_Colorado2025_x006656_y009728
Unknown_Sample,20251031_041_pol_pro_Vio_adu_2025_10_Colorado2025.czi,Vio_adu,901.53,6731.0,10184.0,38,38,127.5,0.964,20251031_041_pol_pro_Vio_adu_2025_10_Colorado2025_x006656_y009728
Unknown_Sample,20251031_041_pol_pro_Vio_adu_2025_10_Colorado2025.czi,Vio_adu,867.29,6948.0,10126.0,39,37,125.74,0.961,20251031_041_pol_pro_Vio_adu_2025_10_Colorado2025_x006656_y009728
Unknown_Sample,20251031_041_pol_pro_Vio_adu_2025_10_Colorado2025.czi,Vio_adu,222.4,7189.0,9733.0,34,13,79.46,0.929,20251031_041_pol_pro_Vio_adu_2025_10_Colorado2025_x006656_y009728
Unknown_Sample,20251031_041_pol_pro_Vio_adu_2025_10_Colorado2025.czi,Vio_adu,801.87,7436.0,10122.0,35,38,120.91,0.967,20251031_041_pol_pro_Vio_adu_2025_10_Colorado2025_x007168_y009728
Unknown_Sample,20251031_041_pol_pro_Vio_adu_2025_10_Colorado2025.czi,Vio_adu,388.24,7507.0,10098.0,25,26,85.7,0.95,20251031_041_pol_pro_Vio_adu_2025_10_Colorado2025_x007168_y009728
Unknown_Sample,20251031_041_pol_pro_Vio_adu_2025_10_Colorado2025.czi,Vio_adu,223.94,7189.0,9733.0,34,13,79.46,0.923,20251031_041_pol_pro_Vio_adu_2025_10_Colorado2025_x007168_y009728
Unknown_Sample,20251031_041_pol_pro_Vio_adu_2025_10_Colorado2025.czi,Vio_adu,690.67,8087.0,9898.0,34,33,111.84,0.963,20251031_041_pol_pro_Vio_adu_2025_10_Colorado2025_x007680_y009728
Unknown_Sample,20251031_041_pol_pro_Vio_adu_2025_10_Colorado2025.czi,Vio_adu,788.02,8011.0,10002.0,36,37,119.74,0.962,20251031_041_pol_pro_Vio_adu_2025_10_Colorado2025_x007680_y009728
Unknown_Sample,20251031_041_pol_pro_Vio_adu_2025_10_Colorado2025.czi,Vio_adu,727.61,8559.0,10017.0,36,34,115.5,0.963,20251031_041_pol_pro_Vio_adu_2025_10_Colorado2025_x008192_y009728
Unknown_Sample,20251031_041_pol_pro_Vio_adu_2025_10_Colorado2025.czi,Vio_adu,721.07,8554.0,10205.0,34,35,114.08,0.961,20251031_041_pol_pro_Vio_adu_2025_10_Colorado2025_x008192_y009728
Unknown_Sample,20251031_041_pol_pro_Vio_adu_2025_10_Colorado2025.czi,Vio_adu,789.95,9202.0,9873.0,35,37,119.5,0.959,20251031_041_pol_pro_Vio_adu_2025_10_Colorado2025_x008704_y009728
Unknown_Sample,20251031_041_pol_pro_Vio_adu_2025_10_Colorado2025.czi,Vio_adu,472.89,9845.0,9794.0,21,36,101.21,0.938,20251031_041_pol_pro_Vio_adu_2025_10_Colorado2025_x009216_y009728
Unknown_Sample,20251031_041_pol_pro_Vio_adu_2025_10_Colorado2025.czi,Vio_adu,674.51,9850.0,9794.0,33,34,111.84,0.961,20251031_041_pol_pro_Vio_adu_2025_10_Colorado2025_x009728_y009728
Unknown_Sample,20251031_041_pol_pro_Vio_adu_2025_10_Colorado2025.czi,Vio_adu,750.7,9923.0,10003.0,35,37,118.33,0.958,20251031_041_pol_pro_Vio_adu_2025_10_Colorado2025_x009728_y009728
Unknown_Sample,20251031_041_pol_pro_Vio_adu_2025_10_Colorado2025.czi,Vio_adu,751.47,9904.0,9760.0,34,37,117.5,0.957,20251031_041_pol_pro_Vio_adu_2025_10_Colorado2025_x009728_y009728
Unknown_Sample,20251031_041_pol_pro_Vio_adu_2025_10_Colorado2025.czi,Vio_adu,760.32,10640.0,9745.0,37,35,120.08,0.958,20251031_041_pol_pro_Vio_adu_2025_10_Colorado2025_x010240_y009728
Unknown_Sample,20251031_041_pol_pro_Vio_adu_2025_10_Colorado2025.czi,Vio_adu,539.46,10518.0,10357.0,38,23,107.46,0.933,20251031_041_pol_pro_Vio_adu_2025_10_Colorado2025_x010240_y009728
Unknown_Sample,20251031_041_pol_pro_Vio_adu_2025_10_Colorado2025.czi,Vio_adu,712.22,11275.0,10070.0,35,34,114.67,0.961,20251031_041_pol_pro_Vio_adu_2025_10_Colorado2025_x010752_y009728
Unknown_Sample,20251031_041_pol_pro_Vio_adu_2025_10_Colorado2025.czi,Vio_adu,616.41,11277.0,10070.0,29,34,109.11,0.968,20251031_041_pol_pro_Vio_adu_2025_10_Colorado2025_x011264_y009728
Unknown_Sample,20251031_041_pol_pro_Vio_adu_2025_10_Colorado2025.czi,Vio_adu,705.3,13344.0,10020.0,35,35,114.33,0.956,20251031_041_pol_pro_Vio_adu_2025_10_Colorado2025_x012800_y009728
Unknown_Sample,20251031_041_pol_pro_Vio_adu_2025_10_Colorado2025.czi,Vio_adu,705.68,13344.0,10020.0,35,35,114.91,0.956,20251031_041_pol_pro_Vio_adu_2025_10_Colorado2025_x013312_y009728
Unknown_Sample,20251031_041_pol_pro_Vio_adu_2025_10_Colorado2025.czi,Vio_adu,667.97,1826.0,10661.0,33,33,111.6,0.872,20251031_041_pol_pro_Vio_adu_2025_10_Colorado2025_x001536_y010240
Unknown_Sample,20251031_041_pol_pro_Vio_adu_2025_10_Colorado2025.czi,Vio_adu,808.42,3030.0,10398.0,36,37,121.5,0.964,20251031_041_pol_pro_Vio_adu_2025_10_Colorado2025_x002560_y010240
Unknown_Sample,20251031_041_pol_pro_Vio_adu_2025_10_Colorado2025.czi,Vio_adu,655.66,2735.0,10621.0,34,33,111.25,0.963,20251031_041_pol_pro_Vio_adu_2025_10_Colorado2025_x002560_y010240
Unknown_Sample,20251031_041_pol_pro_Vio_adu_2025_10_Colorado2025.czi,Vio_adu,664.89,3316.0,10745.0,32,34,110.43,0.966,20251031_041_pol_pro_Vio_adu_2025_10_Colorado2025_x003072_y010240
Unknown_Sample,20251031_041_pol_pro_Vio_adu_2025_10_Colorado2025.czi,Vio_adu,602.18,3272.0,10724.0,33,30,106.18,0.963,20251031_041_pol_pro_Vio_adu_2025_10_Colorado2025_x003072_y010240
Unknown_Sample,20251031_041_pol_pro_Vio_adu_2025_10_Colorado2025.czi,Vio_adu,576.78,3416.0,10814.0,29,32,102.18,0.957,20251031_041_pol_pro_Vio_adu_2025_10_Colorado2025_x003072_y010240
Unknown_Sample,20251031_041_pol_pro_Vio_adu_2025_10_Colorado2025.czi,Vio_adu,661.05,4127.0,10326.0,33,33,110.43,0.961,20251031_041_pol_pro_Vio_adu_2025_10_Colorado2025_x003584_y010240
Unknown_Sample,20251031_041_pol_pro_Vio_adu_2025_10_Colorado2025.czi,Vio_adu,672.59,3987.0,10320.0,34,32,110.43,0.957,20251031_041_pol_pro_Vio_adu_2025_10_Colorado2025_x003584_y010240
Unknown_Sample,20251031_041_pol_pro_Vio_adu_2025_10_Colorado2025.czi,Vio_adu,682.98,4326.0,10254.0,37,30,115.36,0.968,20251031_041_pol_pro_Vio_adu_2025_10_Colorado2025_x004096_y010240
Unknown_Sample,20251031_041_pol_pro_Vio_adu_2025_10_Colorado2025.czi,Vio_adu,660.28,4127.0,10326.0,33,33,110.43,0.961,20251031_041_pol_pro_Vio_adu_2025_10_Colorado2025_x004096_y010240
Unknown_Sample,20251031_041_pol_pro_Vio_adu_2025_10_Colorado2025.czi,Vio_adu,772.63,4719.0,10282.0,32,38,120.77,0.955,20251031_041_pol_pro_Vio_adu_2025_10_Colorado2025_x004096_y010240
Unknown_Sample,20251031_041_pol_pro_Vio_adu_2025_10_Colorado2025.czi,Vio_adu,799.57,4720.0,10282.0,35,38,120.91,0.962,20251031_041_pol_pro_Vio_adu_2025_10_Colorado2025_x004608_y010240
Unknown_Sample,20251031_041_pol_pro_Vio_adu_2025_10_Colorado2025.czi,Vio_adu,658.74,4839.0,10565.0,32,34,109.25,0.962,20251031_041_pol_pro_Vio_adu_2025_10_Colorado2025_x004608_y010240
Unknown_Sample,20251031_041_pol_pro_Vio_adu_2025_10_Colorado2025.czi,Vio_adu,705.3,5130.0,10830.0,35,34,113.5,0.961,20251031_041_pol_pro_Vio_adu_2025_10_Colorado2025_x004608_y010240
Unknown_Sample,20251031_041_pol_pro_Vio_adu_2025_10_Colorado2025.czi,Vio_adu,590.63,5133.0,10830.0,28,34,106.53,0.965,20251031_041_pol_pro_Vio_adu_2025_10_Colorado2025_x005120_y010240
Unknown_Sample,20251031_041_pol_pro_Vio_adu_2025_10_Colorado2025.czi,Vio_adu,652.97,5550.0,10505.0,33,33,108.67,0.964,20251031_041_pol_pro_Vio_adu_2025_10_Colorado2025_x005120_y010240
Unknown_Sample,20251031_041_pol_pro_Vio_adu_2025_10_Colorado2025.czi,Vio_adu,578.32,5663.0,10384.0,31,30,103.36,0.96,20251031_041_pol_pro_Vio_adu_2025_10_Colorado2025_x005120_y010240
Unknown_Sample,20251031_041_pol_pro_Vio_adu_2025_10_Colorado2025.czi,Vio_adu,724.15,5534.0,10614.0,36,35,116.91,0.959,20251031_041_pol_pro_Vio_adu_2025_10_Colorado2025_x005120_y010240
Unknown_Sample,20251031_041_pol_pro_Vio_adu_2025_10_Colorado2025.czi,Vio_adu,780.71,5923.0,10630.0,35,37,120.67,0.964,20251031_041_pol_pro_Vio_adu_2025_10_Colorado2025_x005632_y010240
Unknown_Sample,20251031_041_pol_pro_Vio_adu_2025_10_Colorado2025.czi,Vio_adu,748.01,6218.0,10641.0,37,34,116.91,0.963,20251031_041_pol_pro_Vio_adu_2025_10_Colorado2025_x005632_y010240
Unknown_Sample,20251031_041_pol_pro_Vio_adu_2025_10_Colorado2025.czi,Vio_adu,578.32,5663.0,10384.0,31,30,103.36,0.96,20251031_041_pol_pro_Vio_adu_2025_10_Colorado2025_x005632_y010240
Unknown_Sample,20251031_041_pol_pro_Vio_adu_2025_10_Colorado2025.czi,Vio_adu,787.64,5929.0,10728.0,39,35,121.15,0.96,20251031_041_pol_pro_Vio_adu_2025_10_Colorado2025_x005632_y010240
Unknown_Sample,20251031_041_pol_pro_Vio_adu_2025_10_Colorado2025.czi,Vio_adu,739.16,5799.0,10865.0,40,29,121.7,0.945,20251031_041_pol_pro_Vio_adu_2025_10_Colorado2025_x005632_y010240
Unknown_Sample,20251031_041_pol_pro_Vio_adu_2025_10_Colorado2025.czi,Vio_adu,645.27,6322.0,10252.0,38,28,115.7,0.963,20251031_041_pol_pro_Vio_adu_2025_10_Colorado2025_x006144_y010240
Unknown_Sample,20251031_041_pol_pro_Vio_adu_2025_10_Colorado2025.czi,Vio_adu,748.01,6218.0,10641.0,37,34,116.91,0.963,20251031_041_pol_pro_Vio_adu_2025_10_Colorado2025_x006144_y010240
Unknown_Sample,20251031_041_pol_pro_Vio_adu_2025_10_Colorado2025.czi,Vio_adu,820.34,6896.0,10507.0,37,36,122.08,0.967,20251031_041_pol_pro_Vio_adu_2025_10_Colorado2025_x006656_y010240
Unknown_Sample,20251031_041_pol_pro_Vio_adu_2025_10_Colorado2025.czi,Vio_adu,819.96,7650.0,10410.0,38,37,123.15,0.96,20251031_041_pol_pro_Vio_adu_2025_10_Colorado2025_x007168_y010240
Unknown_Sample,20251031_041_pol_pro_Vio_adu_2025_10_Colorado2025.czi,Vio_adu,691.44,7881.0,10499.0,34,33,113.01,0.961,20251031_041_pol_pro_Vio_adu_2025_10_Colorado2025_x007680_y010240
Unknown_Sample,20251031_041_pol_pro_Vio_adu_2025_10_Colorado2025.czi,Vio_adu,557.93,8308.0,10808.0,24,35,106.97,0.943,20251031_041_pol_pro_Vio_adu_2025_10_Colorado2025_x007680_y010240
Unknown_Sample,20251031_041_pol_pro_Vio_adu_2025_10_Colorado2025.czi,Vio_adu,740.31,8470.0,10474.0,35,35,117.25,0.965,20251031_041_pol_pro_Vio_adu_2025_10_Colorado2025_x008192_y010240
Unknown_Sample,20251031_041_pol_pro_Vio_adu_2025_10_Colorado2025.czi,Vio_adu,747.24,8311.0,10808.0,35,35,116.08,0.963,20251031_041_pol_pro_Vio_adu_2025_10_Colorado2025_x008192_y010240
Unknown_Sample,20251031_041_pol_pro_Vio_adu_2025_10_Colorado2025.czi,Vio_adu,765.32,8664.0,10378.0,36,36,118.33,0.962,20251031_041_pol_pro_Vio_adu_2025_10_Colorado2025_x008192_y010240
Unknown_Sample,20251031_041_pol_pro_Vio_adu_2025_10_Colorado2025.czi,Vio_adu,666.05,9182.0,10683.0,34,32,109.84,0.966,20251031_041_pol_pro_Vio_adu_2025_10_Colorado2025_x008704_y010240
Unknown_Sample,20251031_041_pol_pro_Vio_adu_2025_10_Colorado2025.czi,Vio_adu,699.52,8866.0,10687.0,34,34,113.25,0.962,20251031_041_pol_pro_Vio_adu_2025_10_Colorado2025_x008704_y010240
Unknown_Sample,20251031_041_pol_pro_Vio_adu_2025_10_Colorado2025.czi,Vio_adu,608.72,9502.0,10584.0,29,35,107.6,0.961,20251031_041_pol_pro_Vio_adu_2025_10_Colorado2025_x009216_y010240
Unknown_Sample,20251031_041_pol_pro_Vio_adu_2025_10_Colorado2025.czi,Vio_adu,622.57,9867.0,10634.0,32,32,108.77,0.966,20251031_041_pol_pro_Vio_adu_2025_10_Colorado2025_x009728_y010240
Unknown_Sample,20251031_041_pol_pro_Vio_adu_2025_10_Colorado2025.czi,Vio_adu,724.92,9927.0,10457.0,37,33,114.91,0.966,20251031_041_pol_pro_Vio_adu_2025_10_Colorado2025_x009728_y010240
Unknown_Sample,20251031_041_pol_pro_Vio_adu_2025_10_Colorado2025.czi,Vio_adu,827.27,9906.0,10721.0,39,35,122.91,0.965,20251031_041_pol_pro_Vio_adu_2025_10_Colorado2025_x009728_y010240
Unknown_Sample,20251031_041_pol_pro_Vio_adu_2025_10_Colorado2025.czi,Vio_adu,796.87,10000.0,10644.0,36,36,120.67,0.964,20251031_041_pol_pro_Vio_adu_2025_10_Colorado2025_x009728_y010240
Unknown_Sample,20251031_041_pol_pro_Vio_adu_2025_10_Colorado2025.czi,Vio_adu,856.51,9937.0,10541.0,37,39,123.4,0.964,20251031_041_pol_pro_Vio_adu_2025_10_Colorado2025_x009728_y010240
Unknown_Sample,20251031_041_pol_pro_Vio_adu_2025_10_Colorado2025.czi,Vio_adu,822.65,10519.0,10362.0,37,38,122.57,0.958,20251031_041_pol_pro_Vio_adu_2025_10_Colorado2025_x010240_y010240
Unknown_Sample,20251031_041_pol_pro_Vio_adu_2025_10_Colorado2025.czi,Vio_adu,722.23,1990.0,11354.0,33,36,115.84,0.963,20251031_041_pol_pro_Vio_adu_2025_10_Colorado2025_x001536_y010752
Unknown_Sample,20251031_041_pol_pro_Vio_adu_2025_10_Colorado2025.czi,Vio_adu,675.67,2601.0,11201.0,33,33,111.6,0.961,20251031_041_pol_pro_Vio_adu_2025_10_Colorado2025_x002048_y010752
Unknown_Sample,20251031_041_pol_pro_Vio_adu_2025_10_Colorado2025.czi,Vio_adu,673.74,2996.0,11367.0,32,34,111.01,0.965,20251031_041_pol_pro_Vio_adu_2025_10_Colorado2025_x002560_y010752
Unknown_Sample,20251031_041_pol_pro_Vio_adu_2025_10_Colorado2025.czi,Vio_adu,674.9,2601.0,11201.0,33,33,111.6,0.961,20251031_041_pol_pro_Vio_adu_2025_10_Colorado2025_x002560_y010752
Unknown_Sample,20251031_041_pol_pro_Vio_adu_2025_10_Colorado2025.czi,Vio_adu,385.55,3025.0,11215.0,24,26,84.28,0.943,20251031_041_pol_pro_Vio_adu_2025_10_Colorado2025_x002560_y010752
Unknown_Sample,20251031_041_pol_pro_Vio_adu_2025_10_Colorado2025.czi,Vio_adu,723.38,3602.0,11326.0,36,33,115.25,0.962,20251031_041_pol_pro_Vio_adu_2025_10_Colorado2025_x003072_y010752
Unknown_Sample,20251031_041_pol_pro_Vio_adu_2025_10_Colorado2025.czi,Vio_adu,576.78,3416.0,10814.0,29,32,102.18,0.957,20251031_041_pol_pro_Vio_adu_2025_10_Colorado2025_x003072_y010752
Unknown_Sample,20251031_041_pol_pro_Vio_adu_2025_10_Colorado2025.czi,Vio_adu,867.67,3437.0,10998.0,37,41,125.64,0.954,20251031_041_pol_pro_Vio_adu_2025_10_Colorado2025_x003072_y010752
Unknown_Sample,20251031_041_pol_pro_Vio_adu_2025_10_Colorado2025.czi,Vio_adu,141.6,3315.0,10756.0,29,10,66.97,0.944,20251031_041_pol_pro_Vio_adu_2025_10_Colorado2025_x003072_y010752
Unknown_Sample,20251031_041_pol_pro_Vio_adu_2025_10_Colorado2025.czi,Vio_adu,724.53,3602.0,11326.0,36,33,115.84,0.962,20251031_041_pol_pro_Vio_adu_2025_10_Colorado2025_x003584_y010752
Unknown_Sample,20251031_041_pol_pro_Vio_adu_2025_10_Colorado2025.czi,Vio_adu,697.6,3774.0,11309.0,33,34,111.84,0.961,20251031_041_pol_pro_Vio_adu_2025_10_Colorado2025_x003584_y010752
Unknown_Sample,20251031_041_pol_pro_Vio_adu_2025_10_Colorado2025.czi,Vio_adu,716.84,3977.0,11232.0,36,34,116.67,0.956,20251031_041_pol_pro_Vio_adu_2025_10_Colorado2025_x003584_y010752
Unknown_Sample,20251031_041_pol_pro_Vio_adu_2025_10_Colorado2025.czi,Vio_adu,714.53,4558.0,11072.0,34,35,113.5,0.963,20251031_041_pol_pro_Vio_adu_2025_10_Colorado2025_x004096_y010752
Unknown_Sample,20251031_041_pol_pro_Vio_adu_2025_10_Colorado2025.czi,Vio_adu,784.94,4396.0,11334.0,37,34,119.25,0.96,20251031_041_pol_pro_Vio_adu_2025_10_Colorado2025_x004096_y010752
Unknown_Sample,20251031_041_pol_pro_Vio_adu_2025_10_Colorado2025.czi,Vio_adu,712.22,5130.0,10830.0,35,34,113.5,0.957,20251031_041_pol_pro_Vio_adu_2025_10_Colorado2025_x004608_y010752
Unknown_Sample,20251031_041_pol_pro_Vio_adu_2025_10_Colorado2025.czi,Vio_adu,590.63,5133.0,10830.0,28,34,106.53,0.964,20251031_041_pol_pro_Vio_adu_2025_10_Colorado2025_x005120_y010752
Unknown_Sample,20251031_041_pol_pro_Vio_adu_2025_10_Colorado2025.czi,Vio_adu,743.39,5565.0,11150.0,34,35,116.43,0.958,20251031_041_pol_pro_Vio_adu_2025_10_Colorado2025_x005120_y010752
Unknown_Sample,20251031_041_pol_pro_Vio_adu_2025_10_Colorado2025.czi,Vio_adu,793.41,6029.0,10888.0,36,36,118.91,0.966,20251031_041_pol_pro_Vio_adu_2025_10_Colorado2025_x005632_y010752
Unknown_Sample,20251031_041_pol_pro_Vio_adu_2025_10_Colorado2025.czi,Vio_adu,873.44,5798.0,10868.0,40,37,127.74,0.961,20251031_041_pol_pro_Vio_adu_2025_10_Colorado2025_x005632_y010752
Unknown_Sample,20251031_041_pol_pro_Vio_adu_2025_10_Colorado2025.czi,Vio_adu,713.76,5854.0,10942.0,35,34,114.67,0.96,20251031_041_pol_pro_Vio_adu_2025_10_Colorado2025_x005632_y010752
Unknown_Sample,20251031_041_pol_pro_Vio_adu_2025_10_Colorado2025.czi,Vio_adu,581.01,5916.0,11379.0,36,25,108.63,0.941,20251031_041_pol_pro_Vio_adu_2025_10_Colorado2025_x005632_y010752
Unknown_Sample,20251031_041_pol_pro_Vio_adu_2025_10_Colorado2025.czi,Vio_adu,300.13,6264.0,11343.0,16,33,85.8,0.896,20251031_041_pol_pro_Vio_adu_2025_10_Colorado2025_x005632_y010752
Unknown_Sample,20251031_041_pol_pro_Vio_adu_2025_10_Colorado2025.czi,Vio_adu,774.94,6274.0,11342.0,38,35,120.91,0.961,20251031_041_pol_pro_Vio_adu_2025_10_Colorado2025_x006144_y010752
Unknown_Sample,20251031_041_pol_pro_Vio_adu_2025_10_Colorado2025.czi,Vio_adu,743.0,6735.0,11029.0,34,36,117.84,0.957,20251031_041_pol_pro_Vio_adu_2025_10_Colorado2025_x006144_y010752
Unknown_Sample,20251031_041_pol_pro_Vio_adu_2025_10_Colorado2025.czi,Vio_adu,691.83,6744.0,11190.0,36,32,114.43,0.957,20251031_041_pol_pro_Vio_adu_2025_10_Colorado2025_x006144_y010752
Unknown_Sample,20251031_041_pol_pro_Vio_adu_2025_10_Colorado2025.czi,Vio_adu,852.67,7033.0,11214.0,39,37,125.74,0.962,20251031_041_pol_pro_Vio_adu_2025_10_Colorado2025_x006656_y010752
Unknown_Sample,20251031_041_pol_pro_Vio_adu_2025_10_Colorado2025.czi,Vio_adu,711.45,7091.0,11226.0,37,32,114.67,0.958,20251031_041_pol_pro_Vio_adu_2025_10_Colorado2025_x006656_y010752
Unknown_Sample,20251031_041_pol_pro_Vio_adu_2025_10_Colorado2025.czi,Vio_adu,743.0,6735.0,11029.0,34,36,117.84,0.957,20251031_041_pol_pro_Vio_adu_2025_10_Colorado2025_x006656_y010752
Unknown_Sample,20251031_041_pol_pro_Vio_adu_2025_10_Colorado2025.czi,Vio_adu,691.06,6744.0,11190.0,36,32,114.43,0.957,20251031_041_pol_pro_Vio_adu_2025_10_Colorado2025_x006656_y010752
Unknown_Sample,20251031_041_pol_pro_Vio_adu_2025_10_Colorado2025.czi,Vio_adu,683.36,7125.0,10919.0,33,37,113.74,0.956,20251031_041_pol_pro_Vio_adu_2025_10_Colorado2025_x006656_y010752
Unknown_Sample,20251031_041_pol_pro_Vio_adu_2025_10_Colorado2025.czi,Vio_adu,594.1,7283.0,11094.0,26,35,108.63,0.945,20251031_041_pol_pro_Vio_adu_2025_10_Colorado2025_x006656_y010752
Unknown_Sample,20251031_041_pol_pro_Vio_adu_2025_10_Colorado2025.czi,Vio_adu,437.88,7285.0,11286.0,21,33,95.8,0.934,20251031_041_pol_pro_Vio_adu_2025_10_Colorado2025_x006656_y010752
Unknown_Sample,20251031_041_pol_pro_Vio_adu_2025_10_Colorado2025.czi,Vio_adu,826.5,7602.0,11130.0,38,36,122.91,0.965,20251031_041_pol_pro_Vio_adu_2025_10_Colorado2025_x007168_y010752
Unknown_Sample,20251031_041_pol_pro_Vio_adu_2025_10_Colorado2025.czi,Vio_adu,733.0,7286.0,11093.0,34,35,114.67,0.962,20251031_041_pol_pro_Vio_adu_2025_10_Colorado2025_x007168_y010752
Unknown_Sample,20251031_041_pol_pro_Vio_adu_2025_10_Colorado2025.czi,Vio_adu,644.12,7290.0,11286.0,32,33,108.43,0.96,20251031_041_pol_pro_Vio_adu_2025_10_Colorado2025_x007168_y010752
Unknown_Sample,20251031_041_pol_pro_Vio_adu_2025_10_Colorado2025.czi,Vio_adu,670.28,7698.0,11359.0,32,34,110.43,0.958,20251031_041_pol_pro_Vio_adu_2025_10_Colorado2025_x007168_y010752
Unknown_Sample,20251031_041_pol_pro_Vio_adu_2025_10_Colorado2025.czi,Vio_adu,527.14,7395.0,11381.0,40,22,108.28,0.928,20251031_041_pol_pro_Vio_adu_2025_10_Colorado2025_x007168_y010752
Unknown_Sample,20251031_041_pol_pro_Vio_adu_2025_10_Colorado2025.czi,Vio_adu,701.83,8012.0,10992.0,33,35,113.25,0.963,20251031_041_pol_pro_Vio_adu_2025_10_Colorado2025_x007680_y010752
Unknown_Sample,20251031_041_pol_pro_Vio_adu_2025_10_Colorado2025.czi,Vio_adu,863.82,8141.0,10916.0,37,39,125.15,0.962,20251031_041_pol_pro_Vio_adu_2025_10_Colorado2025_x007680_y010752
Unknown_Sample,20251031_041_pol_pro_Vio_adu_2025_10_Colorado2025.czi,Vio_adu,683.75,7856.0,10954.0,33,35,113.84,0.962,20251031_041_pol_pro_Vio_adu_2025_10_Colorado2025_x007680_y010752
Unknown_Sample,20251031_041_pol_pro_Vio_adu_2025_10_Colorado2025.czi,Vio_adu,672.59,7698.0,11358.0,32,34,110.43,0.959,20251031_041_pol_pro_Vio_adu_2025_10_Colorado2025_x007680_y010752
Unknown_Sample,20251031_041_pol_pro_Vio_adu_2025_10_Colorado2025.czi,Vio_adu,557.16,8308.0,10808.0,24,35,106.97,0.942,20251031_041_pol_pro_Vio_adu_2025_10_Colorado2025_x007680_y010752
Unknown_Sample,20251031_041_pol_pro_Vio_adu_2025_10_Colorado2025.czi,Vio_adu,655.27,8498.0,11131.0,33,32,107.84,0.964,20251031_041_pol_pro_Vio_adu_2025_10_Colorado2025_x008192_y010752
Unknown_Sample,20251031_041_pol_pro_Vio_adu_2025_10_Colorado2025.czi,Vio_adu,747.24,8311.0,10808.0,35,35,116.08,0.964,20251031_041_pol_pro_Vio_adu_2025_10_Colorado2025_x008192_y010752
Unknown_Sample,20251031_041_pol_pro_Vio_adu_2025_10_Colorado2025.czi,Vio_adu,624.88,8400.0,11084.0,33,32,108.43,0.961,20251031_041_pol_pro_Vio_adu_2025_10_Colorado2025_x008192_y010752
Unknown_Sample,20251031_041_pol_pro_Vio_adu_2025_10_Colorado2025.czi,Vio_adu,690.67,8670.0,11095.0,34,34,113.84,0.938,20251031_041_pol_pro_Vio_adu_2025_10_Colorado2025_x008192_y010752
Unknown_Sample,20251031_041_pol_pro_Vio_adu_2025_10_Colorado2025.czi,Vio_adu,840.35,8696.0,11124.0,37,40,124.23,0.918,20251031_041_pol_pro_Vio_adu_2025_10_Colorado2025_x008192_y010752
Unknown_Sample,20251031_041_pol_pro_Vio_adu_2025_10_Colorado2025.czi,Vio_adu,695.68,9156.0,10902.0,35,33,113.25,0.96,20251031_041_pol_pro_Vio_adu_2025_10_Colorado2025_x008704_y010752
Unknown_Sample,20251031_041_pol_pro_Vio_adu_2025_10_Colorado2025.czi,Vio_adu,686.44,8945.0,11026.0,33,35,112.08,0.959,20251031_041_pol_pro_Vio_adu_2025_10_Colorado2025_x008704_y010752
Unknown_Sample,20251031_041_pol_pro_Vio_adu_2025_10_Colorado2025.czi,Vio_adu,177.0,8709.0,11125.0,11,34,76.63,0.933,20251031_041_pol_pro_Vio_adu_2025_10_Colorado2025_x008704_y010752
Unknown_Sample,20251031_041_pol_pro_Vio_adu_2025_10_Colorado2025.czi,Vio_adu,380.16,9232.0,11383.0,34,18,91.8,0.912,20251031_041_pol_pro_Vio_adu_2025_10_Colorado2025_x008704_y010752
Unknown_Sample,20251031_041_pol_pro_Vio_adu_2025_10_Colorado2025.czi,Vio_adu,717.22,9661.0,11167.0,33,36,115.25,0.962,20251031_041_pol_pro_Vio_adu_2025_10_Colorado2025_x009216_y010752
Unknown_Sample,20251031_041_pol_pro_Vio_adu_2025_10_Colorado2025.czi,Vio_adu,377.08,9232.0,11383.0,34,18,91.8,0.908,20251031_041_pol_pro_Vio_adu_2025_10_Colorado2025_x009216_y010752
Unknown_Sample,20251031_041_pol_pro_Vio_adu_2025_10_Colorado2025.czi,Vio_adu,706.83,1991.0,11354.0,32,36,115.01,0.963,20251031_041_pol_pro_Vio_adu_2025_10_Colorado2025_x001536_y011264
Unknown_Sample,20251031_041_pol_pro_Vio_adu_2025_10_Colorado2025.czi,Vio_adu,612.18,2135.0,11720.0,33,30,106.18,0.961,20251031_041_pol_pro_Vio_adu_2025_10_Colorado2025_x001536_y011264
Unknown_Sample,20251031_041_pol_pro_Vio_adu_2025_10_Colorado2025.czi,Vio_adu,584.48,1840.0,11853.0,29,32,103.36,0.957,20251031_041_pol_pro_Vio_adu_2025_10_Colorado2025_x001536_y011264
Unknown_Sample,20251031_041_pol_pro_Vio_adu_2025_10_Colorado2025.czi,Vio_adu,681.05,1719.0,11632.0,33,34,111.25,0.957,20251031_041_pol_pro_Vio_adu_2025_10_Colorado2025_x001536_y011264
Unknown_Sample,20251031_041_pol_pro_Vio_adu_2025_10_Colorado2025.czi,Vio_adu,654.89,1778.0,11477.0,35,33,112.08,0.926,20251031_041_pol_pro_Vio_adu_2025_10_Colorado2025_x001536_y011264
Unknown_Sample,20251031_041_pol_pro_Vio_adu_2025_10_Colorado2025.czi,Vio_adu,690.29,1748.0,11487.0,33,35,113.25,0.918,20251031_041_pol_pro_Vio_adu_2025_10_Colorado2025_x001536_y011264
Unknown_Sample,20251031_041_pol_pro_Vio_adu_2025_10_Colorado2025.czi,Vio_adu,612.18,2135.0,11720.0,33,30,106.18,0.961,20251031_041_pol_pro_Vio_adu_2025_10_Colorado2025_x002048_y011264
Unknown_Sample,20251031_041_pol_pro_Vio_adu_2025_10_Colorado2025.czi,Vio_adu,667.97,2996.0,11367.0,32,34,110.43,0.965,20251031_041_pol_pro_Vio_adu_2025_10_Colorado2025_x002560_y011264
Unknown_Sample,20251031_041_pol_pro_Vio_adu_2025_10_Colorado2025.czi,Vio_adu,648.35,3087.0,11451.0,32,34,109.84,0.96,20251031_041_pol_pro_Vio_adu_2025_10_Colorado2025_x002560_y011264
Unknown_Sample,20251031_041_pol_pro_Vio_adu_2025_10_Colorado2025.czi,Vio_adu,843.82,3325.0,11580.0,36,37,123.84,0.963,20251031_041_pol_pro_Vio_adu_2025_10_Colorado2025_x003072_y011264
Unknown_Sample,20251031_041_pol_pro_Vio_adu_2025_10_Colorado2025.czi,Vio_adu,723.77,3602.0,11326.0,36,33,115.84,0.962,20251031_041_pol_pro_Vio_adu_2025_10_Colorado2025_x003072_y011264
Unknown_Sample,20251031_041_pol_pro_Vio_adu_2025_10_Colorado2025.czi,Vio_adu,655.27,3087.0,11451.0,32,34,111.01,0.961,20251031_041_pol_pro_Vio_adu_2025_10_Colorado2025_x003072_y011264
Unknown_Sample,20251031_041_pol_pro_Vio_adu_2025_10_Colorado2025.czi,Vio_adu,532.53,3701.0,11602.0,23,38,107.46,0.934,20251031_041_pol_pro_Vio_adu_2025_10_Colorado2025_x003072_y011264
Unknown_Sample,20251031_041_pol_pro_Vio_adu_2025_10_Colorado2025.czi,Vio_adu,678.36,4080.0,11818.0,33,33,111.01,0.964,20251031_041_pol_pro_Vio_adu_2025_10_Colorado2025_x003584_y011264
Unknown_Sample,20251031_041_pol_pro_Vio_adu_2025_10_Colorado2025.czi,Vio_adu,724.92,3602.0,11326.0,36,33,116.43,0.962,20251031_041_pol_pro_Vio_adu_2025_10_Colorado2025_x003584_y011264
Unknown_Sample,20251031_041_pol_pro_Vio_adu_2025_10_Colorado2025.czi,Vio_adu,697.98,3774.0,11309.0,33,34,112.43,0.962,20251031_041_pol_pro_Vio_adu_2025_10_Colorado2025_x003584_y011264
Unknown_Sample,20251031_041_pol_pro_Vio_adu_2025_10_Colorado2025.czi,Vio_adu,695.68,3741.0,11843.0,35,34,115.25,0.961,20251031_041_pol_pro_Vio_adu_2025_10_Colorado2025_x003584_y011264
Unknown_Sample,20251031_041_pol_pro_Vio_adu_2025_10_Colorado2025.czi,Vio_adu,853.82,3707.0,11602.0,38,38,125.15,0.961,20251031_041_pol_pro_Vio_adu_2025_10_Colorado2025_x003584_y011264
Unknown_Sample,20251031_041_pol_pro_Vio_adu_2025_10_Colorado2025.czi,Vio_adu,679.13,4586.0,11712.0,33,34,111.84,0.963,20251031_041_pol_pro_Vio_adu_2025_10_Colorado2025_x004096_y011264
Unknown_Sample,20251031_041_pol_pro_Vio_adu_2025_10_Colorado2025.czi,Vio_adu,653.74,4480.0,11458.0,32,34,109.84,0.962,20251031_041_pol_pro_Vio_adu_2025_10_Colorado2025_x004096_y011264
Unknown_Sample,20251031_041_pol_pro_Vio_adu_2025_10_Colorado2025.czi,Vio_adu,801.49,4396.0,11334.0,37,35,119.5,0.96,20251031_041_pol_pro_Vio_adu_2025_10_Colorado2025_x004096_y011264
Unknown_Sample,20251031_041_pol_pro_Vio_adu_2025_10_Colorado2025.czi,Vio_adu,697.98,4334.0,11638.0,34,34,110.91,0.959,20251031_041_pol_pro_Vio_adu_2025_10_Colorado2025_x004096_y011264
Unknown_Sample,20251031_041_pol_pro_Vio_adu_2025_10_Colorado2025.czi,Vio_adu,495.21,4725.0,11755.0,22,36,102.04,0.94,20251031_041_pol_pro_Vio_adu_2025_10_Colorado2025_x004096_y011264
Unknown_Sample,20251031_041_pol_pro_Vio_adu_2025_10_Colorado2025.czi,Vio_adu,770.32,4730.0,11755.0,36,36,120.08,0.963,20251031_041_pol_pro_Vio_adu_2025_10_Colorado2025_x004608_y011264
Unknown_Sample,20251031_041_pol_pro_Vio_adu_2025_10_Colorado2025.czi,Vio_adu,776.09,5018.0,11600.0,36,37,119.15,0.961,20251031_041_pol_pro_Vio_adu_2025_10_Colorado2025_x004608_y011264
Unknown_Sample,20251031_041_pol_pro_Vio_adu_2025_10_Colorado2025.czi,Vio_adu,761.47,5625.0,11795.0,35,36,117.5,0.961,20251031_041_pol_pro_Vio_adu_2025_10_Colorado2025_x005120_y011264
Unknown_Sample,20251031_041_pol_pro_Vio_adu_2025_10_Colorado2025.czi,Vio_adu,396.7,5751.0,11820.0,18,37,96.04,0.916,20251031_041_pol_pro_Vio_adu_2025_10_Colorado2025_x005120_y011264
Unknown_Sample,20251031_041_pol_pro_Vio_adu_2025_10_Colorado2025.czi,Vio_adu,790.33,5916.0,11384.0,36,37,120.91,0.963,20251031_041_pol_pro_Vio_adu_2025_10_Colorado2025_x005632_y011264
Unknown_Sample,20251031_041_pol_pro_Vio_adu_2025_10_Colorado2025.czi,Vio_adu,733.0,6243.0,11638.0,36,34,114.33,0.959,20251031_041_pol_pro_Vio_adu_2025_10_Colorado2025_x005632_y011264
Unknown_Sample,20251031_041_pol_pro_Vio_adu_2025_10_Colorado2025.czi,Vio_adu,757.63,5758.0,11820.0,35,37,118.33,0.959,20251031_041_pol_pro_Vio_adu_2025_10_Colorado2025_x005632_y011264
Unknown_Sample,20251031_041_pol_pro_Vio_adu_2025_10_Colorado2025.czi,Vio_adu,188.16,5637.0,11795.0,11,33,75.21,0.941,20251031_041_pol_pro_Vio_adu_2025_10_Colorado2025_x005632_y011264
Unknown_Sample,20251031_041_pol_pro_Vio_adu_2025_10_Colorado2025.czi,Vio_adu,300.13,6264.0,11343.0,16,33,85.8,0.896,20251031_041_pol_pro_Vio_adu_2025_10_Colorado2025_x005632_y011264
Unknown_Sample,20251031_041_pol_pro_Vio_adu_2025_10_Colorado2025.czi,Vio_adu,286.66,6229.0,11897.0,36,15,86.87,0.894,20251031_041_pol_pro_Vio_adu_2025_10_Colorado2025_x005632_y011264
Unknown_Sample,20251031_041_pol_pro_Vio_adu_2025_10_Colorado2025.czi,Vio_adu,774.94,6274.0,11342.0,38,35,120.91,0.961,20251031_041_pol_pro_Vio_adu_2025_10_Colorado2025_x006144_y011264
Unknown_Sample,20251031_041_pol_pro_Vio_adu_2025_10_Colorado2025.czi,Vio_adu,733.38,6243.0,11638.0,36,34,114.91,0.96,20251031_041_pol_pro_Vio_adu_2025_10_Colorado2025_x006144_y011264
Unknown_Sample,20251031_041_pol_pro_Vio_adu_2025_10_Colorado2025.czi,Vio_adu,787.25,6671.0,11876.0,35,37,118.91,0.958,20251031_041_pol_pro_Vio_adu_2025_10_Colorado2025_x006144_y011264
Unknown_Sample,20251031_041_pol_pro_Vio_adu_2025_10_Colorado2025.czi,Vio_adu,287.43,6229.0,11897.0,36,15,86.87,0.894,20251031_041_pol_pro_Vio_adu_2025_10_Colorado2025_x006144_y011264
Unknown_Sample,20251031_041_pol_pro_Vio_adu_2025_10_Colorado2025.czi,Vio_adu,774.94,6671.0,11876.0,34,37,119.25,0.96,20251031_041_pol_pro_Vio_adu_2025_10_Colorado2025_x006656_y011264
Unknown_Sample,20251031_041_pol_pro_Vio_adu_2025_10_Colorado2025.czi,Vio_adu,683.36,7130.0,11487.0,34,33,112.43,0.958,20251031_041_pol_pro_Vio_adu_2025_10_Colorado2025_x006656_y011264
Unknown_Sample,20251031_041_pol_pro_Vio_adu_2025_10_Colorado2025.czi,Vio_adu,438.26,7285.0,11286.0,21,33,96.38,0.935,20251031_041_pol_pro_Vio_adu_2025_10_Colorado2025_x006656_y011264
Unknown_Sample,20251031_041_pol_pro_Vio_adu_2025_10_Colorado2025.czi,Vio_adu,223.56,7250.0,11897.0,31,13,76.38,0.881,20251031_041_pol_pro_Vio_adu_2025_10_Colorado2025_x006656_y011264
Unknown_Sample,20251031_041_pol_pro_Vio_adu_2025_10_Colorado2025.czi,Vio_adu,806.49,7760.0,11791.0,38,36,121.74,0.965,20251031_041_pol_pro_Vio_adu_2025_10_Colorado2025_x007168_y011264
Unknown_Sample,20251031_041_pol_pro_Vio_adu_2025_10_Colorado2025.czi,Vio_adu,733.77,7636.0,11611.0,35,35,115.5,0.963,20251031_041_pol_pro_Vio_adu_2025_10_Colorado2025_x007168_y011264
Unknown_Sample,20251031_041_pol_pro_Vio_adu_2025_10_Colorado2025.czi,Vio_adu,642.19,7290.0,11286.0,32,33,107.84,0.961,20251031_041_pol_pro_Vio_adu_2025_10_Colorado2025_x007168_y011264
Unknown_Sample,20251031_041_pol_pro_Vio_adu_2025_10_Colorado2025.czi,Vio_adu,670.28,7698.0,11359.0,32,34,110.43,0.958,20251031_041_pol_pro_Vio_adu_2025_10_Colorado2025_x007168_y011264
Unknown_Sample,20251031_041_pol_pro_Vio_adu_2025_10_Colorado2025.czi,Vio_adu,830.73,7395.0,11387.0,39,36,123.15,0.957,20251031_041_pol_pro_Vio_adu_2025_10_Colorado2025_x007168_y011264
Unknown_Sample,20251031_041_pol_pro_Vio_adu_2025_10_Colorado2025.czi,Vio_adu,765.32,7694.0,11887.0,36,33,120.53,0.956,20251031_041_pol_pro_Vio_adu_2025_10_Colorado2025_x007168_y011264
Unknown_Sample,20251031_041_pol_pro_Vio_adu_2025_10_Colorado2025.czi,Vio_adu,223.56,7250.0,11897.0,31,13,76.38,0.881,20251031_041_pol_pro_Vio_adu_2025_10_Colorado2025_x007168_y011264
Unknown_Sample,20251031_041_pol_pro_Vio_adu_2025_10_Colorado2025.czi,Vio_adu,684.13,7968.0,11417.0,34,33,111.25,0.965,20251031_041_pol_pro_Vio_adu_2025_10_Colorado2025_x007680_y011264
Unknown_Sample,20251031_041_pol_pro_Vio_adu_2025_10_Colorado2025.czi,Vio_adu,806.49,7760.0,11791.0,38,36,121.74,0.965,20251031_041_pol_pro_Vio_adu_2025_10_Colorado2025_x007680_y011264
Unknown_Sample,20251031_041_pol_pro_Vio_adu_2025_10_Colorado2025.czi,Vio_adu,945.01,8250.0,11631.0,40,40,131.4,0.962,20251031_041_pol_pro_Vio_adu_2025_10_Colorado2025_x007680_y011264
Unknown_Sample,20251031_041_pol_pro_Vio_adu_2025_10_Colorado2025.czi,Vio_adu,834.58,7970.0,11759.0,39,35,123.5,0.961,20251031_041_pol_pro_Vio_adu_2025_10_Colorado2025_x007680_y011264
Unknown_Sample,20251031_041_pol_pro_Vio_adu_2025_10_Colorado2025.czi,Vio_adu,809.95,8221.0,11827.0,35,38,120.33,0.961,20251031_041_pol_pro_Vio_adu_2025_10_Colorado2025_x007680_y011264
Unknown_Sample,20251031_041_pol_pro_Vio_adu_2025_10_Colorado2025.czi,Vio_adu,882.29,7852.0,11875.0,38,38,126.33,0.96,20251031_041_pol_pro_Vio_adu_2025_10_Colorado2025_x007680_y011264
Unknown_Sample,20251031_041_pol_pro_Vio_adu_2025_10_Colorado2025.czi,Vio_adu,672.59,7698.0,11358.0,32,34,110.43,0.959,20251031_041_pol_pro_Vio_adu_2025_10_Colorado2025_x007680_y011264
Unknown_Sample,20251031_041_pol_pro_Vio_adu_2025_10_Colorado2025.czi,Vio_adu,699.14,7695.0,11887.0,32,33,116.04,0.959,20251031_041_pol_pro_Vio_adu_2025_10_Colorado2025_x007680_y011264
Unknown_Sample,20251031_041_pol_pro_Vio_adu_2025_10_Colorado2025.czi,Vio_adu,944.24,8250.0,11631.0,40,40,131.4,0.962,20251031_041_pol_pro_Vio_adu_2025_10_Colorado2025_x008192_y011264
Unknown_Sample,20251031_041_pol_pro_Vio_adu_2025_10_Colorado2025.czi,Vio_adu,808.8,8221.0,11826.0,35,38,120.91,0.961,20251031_041_pol_pro_Vio_adu_2025_10_Colorado2025_x008192_y011264
Unknown_Sample,20251031_041_pol_pro_Vio_adu_2025_10_Colorado2025.czi,Vio_adu,917.31,8692.0,11451.0,39,39,128.57,0.955,20251031_041_pol_pro_Vio_adu_2025_10_Colorado2025_x008192_y011264
Unknown_Sample,20251031_041_pol_pro_Vio_adu_2025_10_Colorado2025.czi,Vio_adu,668.74,9028.0,11866.0,33,33,110.43,0.965,20251031_041_pol_pro_Vio_adu_2025_10_Colorado2025_x008704_y011264
Unknown_Sample,20251031_041_pol_pro_Vio_adu_2025_10_Colorado2025.czi,Vio_adu,853.43,9077.0,11758.0,36,39,124.91,0.963,20251031_041_pol_pro_Vio_adu_2025_10_Colorado2025_x008704_y011264
Unknown_Sample,20251031_041_pol_pro_Vio_adu_2025_10_Colorado2025.czi,Vio_adu,777.63,9029.0,11548.0,35,37,119.5,0.963,20251031_041_pol_pro_Vio_adu_2025_10_Colorado2025_x008704_y011264
Unknown_Sample,20251031_041_pol_pro_Vio_adu_2025_10_Colorado2025.czi,Vio_adu,726.84,9232.0,11390.0,34,35,115.84,0.96,20251031_041_pol_pro_Vio_adu_2025_10_Colorado2025_x008704_y011264
Unknown_Sample,20251031_041_pol_pro_Vio_adu_2025_10_Colorado2025.czi,Vio_adu,833.81,8983.0,11884.0,37,37,124.67,0.958,20251031_041_pol_pro_Vio_adu_2025_10_Colorado2025_x008704_y011264
Unknown_Sample,20251031_041_pol_pro_Vio_adu_2025_10_Colorado2025.czi,Vio_adu,713.38,9232.0,11390.0,33,35,114.43,0.961,20251031_041_pol_pro_Vio_adu_2025_10_Colorado2025_x009216_y011264
Unknown_Sample,20251031_041_pol_pro_Vio_adu_2025_10_Colorado2025.czi,Vio_adu,984.64,9915.0,11821.0,40,41,133.98,0.962,20251031_041_pol_pro_Vio_adu_2025_10_Colorado2025_x009728_y011264
Unknown_Sample,20251031_041_pol_pro_Vio_adu_2025_10_Colorado2025.czi,Vio_adu,705.3,10663.0,11618.0,35,33,112.67,0.965,20251031_041_pol_pro_Vio_adu_2025_10_Colorado2025_x010240_y011264
Unknown_Sample,20251031_041_pol_pro_Vio_adu_2025_10_Colorado2025.czi,Vio_adu,631.03,10674.0,11566.0,31,33,107.6,0.965,20251031_041_pol_pro_Vio_adu_2025_10_Colorado2025_x010240_y011264
Unknown_Sample,20251031_041_pol_pro_Vio_adu_2025_10_Colorado2025.czi,Vio_adu,574.86,10695.0,11737.0,32,30,103.6,0.946,20251031_041_pol_pro_Vio_adu_2025_10_Colorado2025_x010240_y011264
Unknown_Sample,20251031_041_pol_pro_Vio_adu_2025_10_Colorado2025.czi,Vio_adu,622.57,1457.0,12051.0,33,31,107.6,0.961,20251031_041_pol_pro_Vio_adu_2025_10_Colorado2025_x001024_y011776
Unknown_Sample,20251031_041_pol_pro_Vio_adu_2025_10_Colorado2025.czi,Vio_adu,801.49,1360.0,12229.0,34,41,126.67,0.95,20251031_041_pol_pro_Vio_adu_2025_10_Colorado2025_x001024_y011776
Unknown_Sample,20251031_041_pol_pro_Vio_adu_2025_10_Colorado2025.czi,Vio_adu,657.97,1430.0,11948.0,33,33,109.25,0.948,20251031_041_pol_pro_Vio_adu_2025_10_Colorado2025_x001024_y011776
Unknown_Sample,20251031_041_pol_pro_Vio_adu_2025_10_Colorado2025.czi,Vio_adu,730.31,1916.0,12238.0,36,33,115.25,0.961,20251031_041_pol_pro_Vio_adu_2025_10_Colorado2025_x001536_y011776
Unknown_Sample,20251031_041_pol_pro_Vio_adu_2025_10_Colorado2025.czi,Vio_adu,617.95,1703.0,12343.0,35,30,106.08,0.96,20251031_041_pol_pro_Vio_adu_2025_10_Colorado2025_x001536_y011776
Unknown_Sample,20251031_041_pol_pro_Vio_adu_2025_10_Colorado2025.czi,Vio_adu,586.01,1840.0,11853.0,30,32,104.18,0.957,20251031_041_pol_pro_Vio_adu_2025_10_Colorado2025_x001536_y011776
Unknown_Sample,20251031_041_pol_pro_Vio_adu_2025_10_Colorado2025.czi,Vio_adu,419.02,2293.0,12407.0,38,19,98.87,0.914,20251031_041_pol_pro_Vio_adu_2025_10_Colorado2025_x002048_y011776
Unknown_Sample,20251031_041_pol_pro_Vio_adu_2025_10_Colorado2025.czi,Vio_adu,828.04,3053.0,12350.0,35,38,123.25,0.962,20251031_041_pol_pro_Vio_adu_2025_10_Colorado2025_x002560_y011776
Unknown_Sample,20251031_041_pol_pro_Vio_adu_2025_10_Colorado2025.czi,Vio_adu,794.95,3052.0,11985.0,36,37,120.91,0.961,20251031_041_pol_pro_Vio_adu_2025_10_Colorado2025_x002560_y011776
Unknown_Sample,20251031_041_pol_pro_Vio_adu_2025_10_Colorado2025.czi,Vio_adu,436.72,3702.0,12002.0,20,34,96.38,0.928,20251031_041_pol_pro_Vio_adu_2025_10_Colorado2025_x003072_y011776
Unknown_Sample,20251031_041_pol_pro_Vio_adu_2025_10_Colorado2025.czi,Vio_adu,686.44,4080.0,11818.0,33,33,111.6,0.961,20251031_041_pol_pro_Vio_adu_2025_10_Colorado2025_x003584_y011776
Unknown_Sample,20251031_041_pol_pro_Vio_adu_2025_10_Colorado2025.czi,Vio_adu,697.22,3707.0,12002.0,33,34,112.43,0.957,20251031_041_pol_pro_Vio_adu_2025_10_Colorado2025_x003584_y011776
Unknown_Sample,20251031_041_pol_pro_Vio_adu_2025_10_Colorado2025.czi,Vio_adu,714.53,3741.0,11843.0,35,35,115.5,0.955,20251031_041_pol_pro_Vio_adu_2025_10_Colorado2025_x003584_y011776
Unknown_Sample,20251031_041_pol_pro_Vio_adu_2025_10_Colorado2025.czi,Vio_adu,698.75,4014.0,12054.0,34,33,112.43,0.954,20251031_041_pol_pro_Vio_adu_2025_10_Colorado2025_x003584_y011776
Unknown_Sample,20251031_041_pol_pro_Vio_adu_2025_10_Colorado2025.czi,Vio_adu,600.25,4245.0,12077.0,32,31,105.6,0.958,20251031_041_pol_pro_Vio_adu_2025_10_Colorado2025_x004096_y011776
Unknown_Sample,20251031_041_pol_pro_Vio_adu_2025_10_Colorado2025.czi,Vio_adu,437.49,5072.0,12405.0,33,21,96.38,0.94,20251031_041_pol_pro_Vio_adu_2025_10_Colorado2025_x004608_y011776
Unknown_Sample,20251031_041_pol_pro_Vio_adu_2025_10_Colorado2025.czi,Vio_adu,762.24,5625.0,11795.0,35,36,118.67,0.96,20251031_041_pol_pro_Vio_adu_2025_10_Colorado2025_x005120_y011776
Unknown_Sample,20251031_041_pol_pro_Vio_adu_2025_10_Colorado2025.czi,Vio_adu,396.7,5751.0,11820.0,18,37,96.04,0.916,20251031_041_pol_pro_Vio_adu_2025_10_Colorado2025_x005120_y011776
Unknown_Sample,20251031_041_pol_pro_Vio_adu_2025_10_Colorado2025.czi,Vio_adu,696.45,5813.0,12395.0,34,34,112.08,0.963,20251031_041_pol_pro_Vio_adu_2025_10_Colorado2025_x005632_y011776
Unknown_Sample,20251031_041_pol_pro_Vio_adu_2025_10_Colorado2025.czi,Vio_adu,757.63,5758.0,11820.0,35,37,118.33,0.96,20251031_041_pol_pro_Vio_adu_2025_10_Colorado2025_x005632_y011776
Unknown_Sample,20251031_041_pol_pro_Vio_adu_2025_10_Colorado2025.czi,Vio_adu,645.27,5888.0,12091.0,31,35,108.67,0.958,20251031_041_pol_pro_Vio_adu_2025_10_Colorado2025_x005632_y011776
Unknown_Sample,20251031_041_pol_pro_Vio_adu_2025_10_Colorado2025.czi,Vio_adu,811.11,6229.0,11907.0,37,37,121.74,0.956,20251031_041_pol_pro_Vio_adu_2025_10_Colorado2025_x005632_y011776
Unknown_Sample,20251031_041_pol_pro_Vio_adu_2025_10_Colorado2025.czi,Vio_adu,614.87,6218.0,11945.0,32,32,106.43,0.956,20251031_041_pol_pro_Vio_adu_2025_10_Colorado2025_x005632_y011776
Unknown_Sample,20251031_041_pol_pro_Vio_adu_2025_10_Colorado2025.czi,Vio_adu,189.69,5637.0,11795.0,11,33,75.21,0.94,20251031_041_pol_pro_Vio_adu_2025_10_Colorado2025_x005632_y011776
Unknown_Sample,20251031_041_pol_pro_Vio_adu_2025_10_Colorado2025.czi,Vio_adu,693.37,6713.0,11982.0,34,34,113.25,0.961,20251031_041_pol_pro_Vio_adu_2025_10_Colorado2025_x006144_y011776
Unknown_Sample,20251031_041_pol_pro_Vio_adu_2025_10_Colorado2025.czi,Vio_adu,798.03,6671.0,11876.0,36,37,119.74,0.958,20251031_041_pol_pro_Vio_adu_2025_10_Colorado2025_x006144_y011776
Unknown_Sample,20251031_041_pol_pro_Vio_adu_2025_10_Colorado2025.czi,Vio_adu,754.55,6447.0,12076.0,35,36,118.67,0.956,20251031_041_pol_pro_Vio_adu_2025_10_Colorado2025_x006144_y011776
Unknown_Sample,20251031_041_pol_pro_Vio_adu_2025_10_Colorado2025.czi,Vio_adu,811.88,6229.0,11907.0,37,37,121.74,0.956,20251031_041_pol_pro_Vio_adu_2025_10_Colorado2025_x006144_y011776
Unknown_Sample,20251031_041_pol_pro_Vio_adu_2025_10_Colorado2025.czi,Vio_adu,614.87,6218.0,11945.0,32,32,106.43,0.956,20251031_041_pol_pro_Vio_adu_2025_10_Colorado2025_x006144_y011776
Unknown_Sample,20251031_041_pol_pro_Vio_adu_2025_10_Colorado2025.czi,Vio_adu,644.5,6769.0,12036.0,29,35,110.53,0.949,20251031_041_pol_pro_Vio_adu_2025_10_Colorado2025_x006144_y011776
Unknown_Sample,20251031_041_pol_pro_Vio_adu_2025_10_Colorado2025.czi,Vio_adu,739.93,6886.0,12207.0,34,35,115.84,0.962,20251031_041_pol_pro_Vio_adu_2025_10_Colorado2025_x006656_y011776
Unknown_Sample,20251031_041_pol_pro_Vio_adu_2025_10_Colorado2025.czi,Vio_adu,681.44,6770.0,12036.0,32,35,111.84,0.961,20251031_041_pol_pro_Vio_adu_2025_10_Colorado2025_x006656_y011776
Unknown_Sample,20251031_041_pol_pro_Vio_adu_2025_10_Colorado2025.czi,Vio_adu,692.6,6713.0,11982.0,34,34,113.25,0.961,20251031_041_pol_pro_Vio_adu_2025_10_Colorado2025_x006656_y011776
Unknown_Sample,20251031_041_pol_pro_Vio_adu_2025_10_Colorado2025.czi,Vio_adu,773.4,6671.0,11876.0,34,37,119.25,0.961,20251031_041_pol_pro_Vio_adu_2025_10_Colorado2025_x006656_y011776
Unknown_Sample,20251031_041_pol_pro_Vio_adu_2025_10_Colorado2025.czi,Vio_adu,714.92,7249.0,11907.0,35,35,113.74,0.957,20251031_041_pol_pro_Vio_adu_2025_10_Colorado2025_x006656_y011776
Unknown_Sample,20251031_041_pol_pro_Vio_adu_2025_10_Colorado2025.czi,Vio_adu,766.86,7760.0,11791.0,38,33,119.84,0.971,20251031_041_pol_pro_Vio_adu_2025_10_Colorado2025_x007168_y011776
Unknown_Sample,20251031_041_pol_pro_Vio_adu_2025_10_Colorado2025.czi,Vio_adu,819.19,7694.0,11888.0,36,37,121.5,0.965,20251031_041_pol_pro_Vio_adu_2025_10_Colorado2025_x007168_y011776
Unknown_Sample,20251031_041_pol_pro_Vio_adu_2025_10_Colorado2025.czi,Vio_adu,801.87,7522.0,12362.0,35,37,121.25,0.963,20251031_041_pol_pro_Vio_adu_2025_10_Colorado2025_x007168_y011776
Unknown_Sample,20251031_041_pol_pro_Vio_adu_2025_10_Colorado2025.czi,Vio_adu,868.83,7342.0,12128.0,39,38,126.57,0.962,20251031_041_pol_pro_Vio_adu_2025_10_Colorado2025_x007168_y011776
Unknown_Sample,20251031_041_pol_pro_Vio_adu_2025_10_Colorado2025.czi,Vio_adu,761.86,7590.0,11914.0,34,37,118.08,0.962,20251031_041_pol_pro_Vio_adu_2025_10_Colorado2025_x007168_y011776
Unknown_Sample,20251031_041_pol_pro_Vio_adu_2025_10_Colorado2025.czi,Vio_adu,714.92,7249.0,11907.0,35,35,113.74,0.957,20251031_041_pol_pro_Vio_adu_2025_10_Colorado2025_x007168_y011776
Unknown_Sample,20251031_041_pol_pro_Vio_adu_2025_10_Colorado2025.czi,Vio_adu,405.17,7778.0,11944.0,25,27,86.53,0.953,20251031_041_pol_pro_Vio_adu_2025_10_Colorado2025_x007168_y011776
Unknown_Sample,20251031_041_pol_pro_Vio_adu_2025_10_Colorado2025.czi,Vio_adu,766.86,7760.0,11791.0,38,33,119.84,0.971,20251031_041_pol_pro_Vio_adu_2025_10_Colorado2025_x007680_y011776
Unknown_Sample,20251031_041_pol_pro_Vio_adu_2025_10_Colorado2025.czi,Vio_adu,753.78,7695.0,11888.0,32,37,118.18,0.969,20251031_041_pol_pro_Vio_adu_2025_10_Colorado2025_x007680_y011776
Unknown_Sample,20251031_041_pol_pro_Vio_adu_2025_10_Colorado2025.czi,Vio_adu,759.55,7858.0,12031.0,35,36,118.08,0.964,20251031_041_pol_pro_Vio_adu_2025_10_Colorado2025_x007680_y011776
Unknown_Sample,20251031_041_pol_pro_Vio_adu_2025_10_Colorado2025.czi,Vio_adu,813.8,7997.0,12358.0,38,36,122.33,0.963,20251031_041_pol_pro_Vio_adu_2025_10_Colorado2025_x007680_y011776
Unknown_Sample,20251031_041_pol_pro_Vio_adu_2025_10_Colorado2025.czi,Vio_adu,809.19,8221.0,11827.0,35,38,120.33,0.962,20251031_041_pol_pro_Vio_adu_2025_10_Colorado2025_x007680_y011776
Unknown_Sample,20251031_041_pol_pro_Vio_adu_2025_10_Colorado2025.czi,Vio_adu,882.29,7852.0,11875.0,38,38,126.33,0.961,20251031_041_pol_pro_Vio_adu_2025_10_Colorado2025_x007680_y011776
Unknown_Sample,20251031_041_pol_pro_Vio_adu_2025_10_Colorado2025.czi,Vio_adu,670.28,8296.0,11928.0,32,36,112.08,0.958,20251031_041_pol_pro_Vio_adu_2025_10_Colorado2025_x007680_y011776
Unknown_Sample,20251031_041_pol_pro_Vio_adu_2025_10_Colorado2025.czi,Vio_adu,405.94,7778.0,11944.0,25,27,86.53,0.953,20251031_041_pol_pro_Vio_adu_2025_10_Colorado2025_x007680_y011776
Unknown_Sample,20251031_041_pol_pro_Vio_adu_2025_10_Colorado2025.czi,Vio_adu,714.92,8757.0,12313.0,34,34,114.43,0.962,20251031_041_pol_pro_Vio_adu_2025_10_Colorado2025_x008192_y011776
Unknown_Sample,20251031_041_pol_pro_Vio_adu_2025_10_Colorado2025.czi,Vio_adu,808.42,8221.0,11827.0,35,38,121.5,0.961,20251031_041_pol_pro_Vio_adu_2025_10_Colorado2025_x008192_y011776
Unknown_Sample,20251031_041_pol_pro_Vio_adu_2025_10_Colorado2025.czi,Vio_adu,679.52,8296.0,11928.0,32,37,112.91,0.959,20251031_041_pol_pro_Vio_adu_2025_10_Colorado2025_x008192_y011776
Unknown_Sample,20251031_041_pol_pro_Vio_adu_2025_10_Colorado2025.czi,Vio_adu,667.97,9028.0,11866.0,33,33,110.43,0.965,20251031_041_pol_pro_Vio_adu_2025_10_Colorado2025_x008704_y011776
Unknown_Sample,20251031_041_pol_pro_Vio_adu_2025_10_Colorado2025.czi,Vio_adu,620.64,9038.0,12104.0,31,33,108.18,0.962,20251031_041_pol_pro_Vio_adu_2025_10_Colorado2025_x008704_y011776
Unknown_Sample,20251031_041_pol_pro_Vio_adu_2025_10_Colorado2025.czi,Vio_adu,834.2,8983.0,11884.0,37,38,123.74,0.962,20251031_041_pol_pro_Vio_adu_2025_10_Colorado2025_x008704_y011776
Unknown_Sample,20251031_041_pol_pro_Vio_adu_2025_10_Colorado2025.czi,Vio_adu,714.15,8757.0,12313.0,34,34,114.43,0.962,20251031_041_pol_pro_Vio_adu_2025_10_Colorado2025_x008704_y011776
Unknown_Sample,20251031_041_pol_pro_Vio_adu_2025_10_Colorado2025.czi,Vio_adu,703.76,8975.0,12012.0,35,34,114.67,0.96,20251031_041_pol_pro_Vio_adu_2025_10_Colorado2025_x008704_y011776
Unknown_Sample,20251031_041_pol_pro_Vio_adu_2025_10_Colorado2025.czi,Vio_adu,760.7,8989.0,12357.0,36,36,118.33,0.957,20251031_041_pol_pro_Vio_adu_2025_10_Colorado2025_x008704_y011776
Unknown_Sample,20251031_041_pol_pro_Vio_adu_2025_10_Colorado2025.czi,Vio_adu,711.45,9445.0,12266.0,34,35,114.67,0.961,20251031_041_pol_pro_Vio_adu_2025_10_Colorado2025_x009216_y011776
Unknown_Sample,20251031_041_pol_pro_Vio_adu_2025_10_Colorado2025.czi,Vio_adu,696.45,9385.0,12400.0,35,31,115.11,0.954,20251031_041_pol_pro_Vio_adu_2025_10_Colorado2025_x009216_y011776
Unknown_Sample,20251031_041_pol_pro_Vio_adu_2025_10_Colorado2025.czi,Vio_adu,984.64,9915.0,11821.0,40,41,133.98,0.962,20251031_041_pol_pro_Vio_adu_2025_10_Colorado2025_x009728_y011776
Unknown_Sample,20251031_041_pol_pro_Vio_adu_2025_10_Colorado2025.czi,Vio_adu,755.7,10656.0,12235.0,35,36,118.08,0.961,20251031_041_pol_pro_Vio_adu_2025_10_Colorado2025_x010240_y011776
Unknown_Sample,20251031_041_pol_pro_Vio_adu_2025_10_Colorado2025.czi,Vio_adu,212.01,13282.0,12271.0,13,29,71.21,0.821,20251031_041_pol_pro_Vio_adu_2025_10_Colorado2025_x012800_y011776
Unknown_Sample,20251031_041_pol_pro_Vio_adu_2025_10_Colorado2025.czi,Vio_adu,626.8,1646.0,12558.0,33,32,109.01,0.96,20251031_041_pol_pro_Vio_adu_2025_10_Colorado2025_x001024_y012288
Unknown_Sample,20251031_041_pol_pro_Vio_adu_2025_10_Colorado2025.czi,Vio_adu,631.03,1600.0,12555.0,30,35,106.08,0.954,20251031_041_pol_pro_Vio_adu_2025_10_Colorado2025_x001024_y012288
Unknown_Sample,20251031_041_pol_pro_Vio_adu_2025_10_Colorado2025.czi,Vio_adu,649.5,1964.0,12485.0,34,32,109.25,0.961,20251031_041_pol_pro_Vio_adu_2025_10_Colorado2025_x001536_y012288
Unknown_Sample,20251031_041_pol_pro_Vio_adu_2025_10_Colorado2025.czi,Vio_adu,617.95,1703.0,12343.0,35,30,106.08,0.959,20251031_041_pol_pro_Vio_adu_2025_10_Colorado2025_x001536_y012288
Unknown_Sample,20251031_041_pol_pro_Vio_adu_2025_10_Colorado2025.czi,Vio_adu,618.72,1646.0,12558.0,32,32,106.43,0.958,20251031_041_pol_pro_Vio_adu_2025_10_Colorado2025_x001536_y012288
Unknown_Sample,20251031_041_pol_pro_Vio_adu_2025_10_Colorado2025.czi,Vio_adu,629.49,1600.0,12555.0,30,35,106.08,0.954,20251031_041_pol_pro_Vio_adu_2025_10_Colorado2025_x001536_y012288
Unknown_Sample,20251031_041_pol_pro_Vio_adu_2025_10_Colorado2025.czi,Vio_adu,766.86,2640.0,12545.0,36,35,118.67,0.965,20251031_041_pol_pro_Vio_adu_2025_10_Colorado2025_x002048_y012288
Unknown_Sample,20251031_041_pol_pro_Vio_adu_2025_10_Colorado2025.czi,Vio_adu,665.66,2562.0,12894.0,34,33,110.08,0.962,20251031_041_pol_pro_Vio_adu_2025_10_Colorado2025_x002048_y012288
Unknown_Sample,20251031_041_pol_pro_Vio_adu_2025_10_Colorado2025.czi,Vio_adu,814.19,2292.0,12414.0,38,36,122.91,0.962,20251031_041_pol_pro_Vio_adu_2025_10_Colorado2025_x002048_y012288
Unknown_Sample,20251031_041_pol_pro_Vio_adu_2025_10_Colorado2025.czi,Vio_adu,766.86,2640.0,12545.0,36,35,118.67,0.965,20251031_041_pol_pro_Vio_adu_2025_10_Colorado2025_x002560_y012288
Unknown_Sample,20251031_041_pol_pro_Vio_adu_2025_10_Colorado2025.czi,Vio_adu,797.64,3053.0,12351.0,35,37,120.67,0.964,20251031_041_pol_pro_Vio_adu_2025_10_Colorado2025_x002560_y012288
Unknown_Sample,20251031_041_pol_pro_Vio_adu_2025_10_Colorado2025.czi,Vio_adu,359.0,2568.0,12894.0,19,33,90.04,0.956,20251031_041_pol_pro_Vio_adu_2025_10_Colorado2025_x002560_y012288
Unknown_Sample,20251031_041_pol_pro_Vio_adu_2025_10_Colorado2025.czi,Vio_adu,639.11,3363.0,12547.0,33,32,109.01,0.966,20251031_041_pol_pro_Vio_adu_2025_10_Colorado2025_x003072_y012288
Unknown_Sample,20251031_041_pol_pro_Vio_adu_2025_10_Colorado2025.czi,Vio_adu,728.0,3510.0,12534.0,35,34,114.08,0.962,20251031_041_pol_pro_Vio_adu_2025_10_Colorado2025_x003072_y012288
Unknown_Sample,20251031_041_pol_pro_Vio_adu_2025_10_Colorado2025.czi,Vio_adu,586.01,3279.0,12819.0,31,31,103.01,0.962,20251031_041_pol_pro_Vio_adu_2025_10_Colorado2025_x003072_y012288
Unknown_Sample,20251031_041_pol_pro_Vio_adu_2025_10_Colorado2025.czi,Vio_adu,786.87,4053.0,12604.0,38,35,121.5,0.962,20251031_041_pol_pro_Vio_adu_2025_10_Colorado2025_x003584_y012288
Unknown_Sample,20251031_041_pol_pro_Vio_adu_2025_10_Colorado2025.czi,Vio_adu,807.26,4708.0,12793.0,37,36,120.91,0.964,20251031_041_pol_pro_Vio_adu_2025_10_Colorado2025_x004096_y012288
Unknown_Sample,20251031_041_pol_pro_Vio_adu_2025_10_Colorado2025.czi,Vio_adu,671.44,5072.0,12410.0,33,33,112.18,0.965,20251031_041_pol_pro_Vio_adu_2025_10_Colorado2025_x004608_y012288
Unknown_Sample,20251031_041_pol_pro_Vio_adu_2025_10_Colorado2025.czi,Vio_adu,712.22,5222.0,12436.0,35,33,113.84,0.964,20251031_041_pol_pro_Vio_adu_2025_10_Colorado2025_x004608_y012288
Unknown_Sample,20251031_041_pol_pro_Vio_adu_2025_10_Colorado2025.czi,Vio_adu,806.88,4708.0,12793.0,37,36,121.5,0.964,20251031_041_pol_pro_Vio_adu_2025_10_Colorado2025_x004608_y012288
Unknown_Sample,20251031_041_pol_pro_Vio_adu_2025_10_Colorado2025.czi,Vio_adu,708.37,5222.0,12436.0,35,33,113.84,0.964,20251031_041_pol_pro_Vio_adu_2025_10_Colorado2025_x005120_y012288
Unknown_Sample,20251031_041_pol_pro_Vio_adu_2025_10_Colorado2025.czi,Vio_adu,674.13,5582.0,12451.0,34,34,110.91,0.962,20251031_041_pol_pro_Vio_adu_2025_10_Colorado2025_x005120_y012288
Unknown_Sample,20251031_041_pol_pro_Vio_adu_2025_10_Colorado2025.czi,Vio_adu,701.06,5514.0,12820.0,34,34,113.25,0.96,20251031_041_pol_pro_Vio_adu_2025_10_Colorado2025_x005120_y012288
Unknown_Sample,20251031_041_pol_pro_Vio_adu_2025_10_Colorado2025.czi,Vio_adu,355.15,5306.0,12485.0,25,23,82.04,0.953,20251031_041_pol_pro_Vio_adu_2025_10_Colorado2025_x005120_y012288
Unknown_Sample,20251031_041_pol_pro_Vio_adu_2025_10_Colorado2025.czi,Vio_adu,691.06,5813.0,12394.0,34,33,111.25,0.964,20251031_041_pol_pro_Vio_adu_2025_10_Colorado2025_x005632_y012288
Unknown_Sample,20251031_041_pol_pro_Vio_adu_2025_10_Colorado2025.czi,Vio_adu,700.68,6079.0,12544.0,33,34,113.01,0.964,20251031_041_pol_pro_Vio_adu_2025_10_Colorado2025_x005632_y012288
Unknown_Sample,20251031_041_pol_pro_Vio_adu_2025_10_Colorado2025.czi,Vio_adu,704.14,5984.0,12526.0,35,34,114.08,0.962,20251031_041_pol_pro_Vio_adu_2025_10_Colorado2025_x005632_y012288
Unknown_Sample,20251031_041_pol_pro_Vio_adu_2025_10_Colorado2025.czi,Vio_adu,763.01,5781.0,12731.0,35,36,117.5,0.962,20251031_041_pol_pro_Vio_adu_2025_10_Colorado2025_x005632_y012288
Unknown_Sample,20251031_041_pol_pro_Vio_adu_2025_10_Colorado2025.czi,Vio_adu,630.26,6114.0,12585.0,32,33,108.43,0.96,20251031_041_pol_pro_Vio_adu_2025_10_Colorado2025_x005632_y012288
Unknown_Sample,20251031_041_pol_pro_Vio_adu_2025_10_Colorado2025.czi,Vio_adu,639.88,6405.0,12426.0,32,32,108.18,0.968,20251031_041_pol_pro_Vio_adu_2025_10_Colorado2025_x006144_y012288
Unknown_Sample,20251031_041_pol_pro_Vio_adu_2025_10_Colorado2025.czi,Vio_adu,789.95,6381.0,12737.0,35,36,118.67,0.967,20251031_041_pol_pro_Vio_adu_2025_10_Colorado2025_x006144_y012288
Unknown_Sample,20251031_041_pol_pro_Vio_adu_2025_10_Colorado2025.czi,Vio_adu,599.87,6347.0,12779.0,32,31,103.84,0.966,20251031_041_pol_pro_Vio_adu_2025_10_Colorado2025_x006144_y012288
Unknown_Sample,20251031_041_pol_pro_Vio_adu_2025_10_Colorado2025.czi,Vio_adu,689.52,6478.0,12458.0,33,34,112.43,0.966,20251031_041_pol_pro_Vio_adu_2025_10_Colorado2025_x006144_y012288
Unknown_Sample,20251031_041_pol_pro_Vio_adu_2025_10_Colorado2025.czi,Vio_adu,628.34,6741.0,12903.0,31,32,108.53,0.962,20251031_041_pol_pro_Vio_adu_2025_10_Colorado2025_x006144_y012288
Unknown_Sample,20251031_041_pol_pro_Vio_adu_2025_10_Colorado2025.czi,Vio_adu,795.33,7040.0,12645.0,37,35,119.5,0.964,20251031_041_pol_pro_Vio_adu_2025_10_Colorado2025_x006656_y012288
Unknown_Sample,20251031_041_pol_pro_Vio_adu_2025_10_Colorado2025.czi,Vio_adu,725.69,6961.0,12482.0,35,35,116.08,0.963,20251031_041_pol_pro_Vio_adu_2025_10_Colorado2025_x006656_y012288
Unknown_Sample,20251031_041_pol_pro_Vio_adu_2025_10_Colorado2025.czi,Vio_adu,773.79,7192.0,12649.0,36,35,118.67,0.962,20251031_041_pol_pro_Vio_adu_2025_10_Colorado2025_x006656_y012288
Unknown_Sample,20251031_041_pol_pro_Vio_adu_2025_10_Colorado2025.czi,Vio_adu,627.57,6741.0,12903.0,31,32,108.53,0.962,20251031_041_pol_pro_Vio_adu_2025_10_Colorado2025_x006656_y012288
Unknown_Sample,20251031_041_pol_pro_Vio_adu_2025_10_Colorado2025.czi,Vio_adu,856.9,7003.0,12529.0,37,39,126.33,0.961,20251031_041_pol_pro_Vio_adu_2025_10_Colorado2025_x006656_y012288
Unknown_Sample,20251031_041_pol_pro_Vio_adu_2025_10_Colorado2025.czi,Vio_adu,790.72,7414.0,12527.0,36,37,120.33,0.965,20251031_041_pol_pro_Vio_adu_2025_10_Colorado2025_x007168_y012288
Unknown_Sample,20251031_041_pol_pro_Vio_adu_2025_10_Colorado2025.czi,Vio_adu,801.87,7522.0,12362.0,35,37,121.25,0.963,20251031_041_pol_pro_Vio_adu_2025_10_Colorado2025_x007168_y012288
Unknown_Sample,20251031_041_pol_pro_Vio_adu_2025_10_Colorado2025.czi,Vio_adu,773.79,7192.0,12649.0,36,35,118.67,0.962,20251031_041_pol_pro_Vio_adu_2025_10_Colorado2025_x007168_y012288
Unknown_Sample,20251031_041_pol_pro_Vio_adu_2025_10_Colorado2025.czi,Vio_adu,861.52,7475.0,12473.0,39,37,125.15,0.962,20251031_041_pol_pro_Vio_adu_2025_10_Colorado2025_x007168_y012288
Unknown_Sample,20251031_041_pol_pro_Vio_adu_2025_10_Colorado2025.czi,Vio_adu,694.14,7468.0,12634.0,33,35,113.25,0.961,20251031_041_pol_pro_Vio_adu_2025_10_Colorado2025_x007168_y012288
Unknown_Sample,20251031_041_pol_pro_Vio_adu_2025_10_Colorado2025.czi,Vio_adu,692.21,7696.0,12879.0,34,34,112.67,0.96,20251031_041_pol_pro_Vio_adu_2025_10_Colorado2025_x007168_y012288
Unknown_Sample,20251031_041_pol_pro_Vio_adu_2025_10_Colorado2025.czi,Vio_adu,813.42,7997.0,12358.0,38,36,121.74,0.963,20251031_041_pol_pro_Vio_adu_2025_10_Colorado2025_x007680_y012288
Unknown_Sample,20251031_041_pol_pro_Vio_adu_2025_10_Colorado2025.czi,Vio_adu,684.9,7696.0,12879.0,33,34,113.6,0.959,20251031_041_pol_pro_Vio_adu_2025_10_Colorado2025_x007680_y012288
Unknown_Sample,20251031_041_pol_pro_Vio_adu_2025_10_Colorado2025.czi,Vio_adu,706.45,7940.0,12676.0,38,31,116.43,0.95,20251031_041_pol_pro_Vio_adu_2025_10_Colorado2025_x007680_y012288
Unknown_Sample,20251031_041_pol_pro_Vio_adu_2025_10_Colorado2025.czi,Vio_adu,714.92,8757.0,12313.0,34,34,114.43,0.962,20251031_041_pol_pro_Vio_adu_2025_10_Colorado2025_x008192_y012288
Unknown_Sample,20251031_041_pol_pro_Vio_adu_2025_10_Colorado2025.czi,Vio_adu,783.79,9188.0,12790.0,36,36,119.5,0.964,20251031_041_pol_pro_Vio_adu_2025_10_Colorado2025_x008704_y012288
Unknown_Sample,20251031_041_pol_pro_Vio_adu_2025_10_Colorado2025.czi,Vio_adu,656.81,9095.0,12436.0,33,33,109.84,0.962,20251031_041_pol_pro_Vio_adu_2025_10_Colorado2025_x008704_y012288
Unknown_Sample,20251031_041_pol_pro_Vio_adu_2025_10_Colorado2025.czi,Vio_adu,714.92,8757.0,12313.0,34,34,114.43,0.961,20251031_041_pol_pro_Vio_adu_2025_10_Colorado2025_x008704_y012288
Unknown_Sample,20251031_041_pol_pro_Vio_adu_2025_10_Colorado2025.czi,Vio_adu,760.7,8989.0,12357.0,36,36,118.33,0.958,20251031_041_pol_pro_Vio_adu_2025_10_Colorado2025_x008704_y012288
Unknown_Sample,20251031_041_pol_pro_Vio_adu_2025_10_Colorado2025.czi,Vio_adu,744.93,9385.0,12401.0,35,35,116.08,0.965,20251031_041_pol_pro_Vio_adu_2025_10_Colorado2025_x009216_y012288
Unknown_Sample,20251031_041_pol_pro_Vio_adu_2025_10_Colorado2025.czi,Vio_adu,106.97,11853.0,12861.0,13,14,45.31,0.712,20251031_041_pol_pro_Vio_adu_2025_10_Colorado2025_x011264_y012288
Unknown_Sample,20251031_041_pol_pro_Vio_adu_2025_10_Colorado2025.czi,Vio_adu,107.74,11853.0,12861.0,13,14,45.31,0.654,20251031_041_pol_pro_Vio_adu_2025_10_Colorado2025_x011776_y012288
Unknown_Sample,20251031_041_pol_pro_Vio_adu_2025_10_Colorado2025.czi,Vio_adu,680.29,1798.0,13058.0,33,33,110.43,0.966,20251031_041_pol_pro_Vio_adu_2025_10_Colorado2025_x001536_y012800
Unknown_Sample,20251031_041_pol_pro_Vio_adu_2025_10_Colorado2025.czi,Vio_adu,665.66,2017.0,13290.0,33,34,111.25,0.962,20251031_041_pol_pro_Vio_adu_2025_10_Colorado2025_x001536_y012800
Unknown_Sample,20251031_041_pol_pro_Vio_adu_2025_10_Colorado2025.czi,Vio_adu,625.65,1871.0,13092.0,32,32,107.6,0.962,20251031_041_pol_pro_Vio_adu_2025_10_Colorado2025_x001536_y012800
Unknown_Sample,20251031_041_pol_pro_Vio_adu_2025_10_Colorado2025.czi,Vio_adu,568.32,1806.0,13383.0,30,32,103.01,0.958,20251031_041_pol_pro_Vio_adu_2025_10_Colorado2025_x001536_y012800
Unknown_Sample,20251031_041_pol_pro_Vio_adu_2025_10_Colorado2025.czi,Vio_adu,666.43,2562.0,12894.0,34,33,110.08,0.962,20251031_041_pol_pro_Vio_adu_2025_10_Colorado2025_x002048_y012800
Unknown_Sample,20251031_041_pol_pro_Vio_adu_2025_10_Colorado2025.czi,Vio_adu,826.89,3132.0,13203.0,36,38,122.33,0.958,20251031_041_pol_pro_Vio_adu_2025_10_Colorado2025_x002560_y012800
Unknown_Sample,20251031_041_pol_pro_Vio_adu_2025_10_Colorado2025.czi,Vio_adu,360.54,2568.0,12894.0,19,33,90.04,0.956,20251031_041_pol_pro_Vio_adu_2025_10_Colorado2025_x002560_y012800
Unknown_Sample,20251031_041_pol_pro_Vio_adu_2025_10_Colorado2025.czi,Vio_adu,812.26,3132.0,13203.0,36,38,122.33,0.963,20251031_041_pol_pro_Vio_adu_2025_10_Colorado2025_x003072_y012800
Unknown_Sample,20251031_041_pol_pro_Vio_adu_2025_10_Colorado2025.czi,Vio_adu,586.78,3279.0,12819.0,31,31,103.01,0.961,20251031_041_pol_pro_Vio_adu_2025_10_Colorado2025_x003072_y012800
Unknown_Sample,20251031_041_pol_pro_Vio_adu_2025_10_Colorado2025.czi,Vio_adu,666.05,3420.0,13213.0,33,33,111.01,0.956,20251031_041_pol_pro_Vio_adu_2025_10_Colorado2025_x003072_y012800
Unknown_Sample,20251031_041_pol_pro_Vio_adu_2025_10_Colorado2025.czi,Vio_adu,640.65,3759.0,13237.0,32,33,107.84,0.958,20251031_041_pol_pro_Vio_adu_2025_10_Colorado2025_x003584_y012800
Unknown_Sample,20251031_041_pol_pro_Vio_adu_2025_10_Colorado2025.czi,Vio_adu,823.04,4639.0,13373.0,37,36,122.67,0.968,20251031_041_pol_pro_Vio_adu_2025_10_Colorado2025_x004096_y012800
Unknown_Sample,20251031_041_pol_pro_Vio_adu_2025_10_Colorado2025.czi,Vio_adu,640.27,4626.0,13144.0,32,32,108.77,0.961,20251031_041_pol_pro_Vio_adu_2025_10_Colorado2025_x004096_y012800
Unknown_Sample,20251031_041_pol_pro_Vio_adu_2025_10_Colorado2025.czi,Vio_adu,737.23,4281.0,13279.0,35,35,117.25,0.96,20251031_041_pol_pro_Vio_adu_2025_10_Colorado2025_x004096_y012800
Unknown_Sample,20251031_041_pol_pro_Vio_adu_2025_10_Colorado2025.czi,Vio_adu,194.31,4707.0,12805.0,34,11,77.21,0.939,20251031_041_pol_pro_Vio_adu_2025_10_Colorado2025_x004096_y012800
Unknown_Sample,20251031_041_pol_pro_Vio_adu_2025_10_Colorado2025.czi,Vio_adu,257.8,4729.0,12943.0,14,31,78.97,0.894,20251031_041_pol_pro_Vio_adu_2025_10_Colorado2025_x004096_y012800
Unknown_Sample,20251031_041_pol_pro_Vio_adu_2025_10_Colorado2025.czi,Vio_adu,823.04,4639.0,13373.0,37,36,122.67,0.969,20251031_041_pol_pro_Vio_adu_2025_10_Colorado2025_x004608_y012800
Unknown_Sample,20251031_041_pol_pro_Vio_adu_2025_10_Colorado2025.czi,Vio_adu,792.26,4953.0,13402.0,35,37,119.5,0.963,20251031_041_pol_pro_Vio_adu_2025_10_Colorado2025_x004608_y012800
Unknown_Sample,20251031_041_pol_pro_Vio_adu_2025_10_Colorado2025.czi,Vio_adu,733.77,4999.0,12984.0,34,36,116.67,0.962,20251031_041_pol_pro_Vio_adu_2025_10_Colorado2025_x004608_y012800
Unknown_Sample,20251031_041_pol_pro_Vio_adu_2025_10_Colorado2025.czi,Vio_adu,754.93,5038.0,13323.0,33,38,116.91,0.961,20251031_041_pol_pro_Vio_adu_2025_10_Colorado2025_x004608_y012800
Unknown_Sample,20251031_041_pol_pro_Vio_adu_2025_10_Colorado2025.czi,Vio_adu,624.88,4737.0,12943.0,32,32,107.6,0.96,20251031_041_pol_pro_Vio_adu_2025_10_Colorado2025_x004608_y012800
Unknown_Sample,20251031_041_pol_pro_Vio_adu_2025_10_Colorado2025.czi,Vio_adu,734.92,4923.0,13073.0,36,34,116.08,0.96,20251031_041_pol_pro_Vio_adu_2025_10_Colorado2025_x004608_y012800
Unknown_Sample,20251031_041_pol_pro_Vio_adu_2025_10_Colorado2025.czi,Vio_adu,641.81,4625.0,13144.0,32,32,109.94,0.96,20251031_041_pol_pro_Vio_adu_2025_10_Colorado2025_x004608_y012800
Unknown_Sample,20251031_041_pol_pro_Vio_adu_2025_10_Colorado2025.czi,Vio_adu,193.54,4707.0,12805.0,34,11,77.21,0.939,20251031_041_pol_pro_Vio_adu_2025_10_Colorado2025_x004608_y012800
Unknown_Sample,20251031_041_pol_pro_Vio_adu_2025_10_Colorado2025.czi,Vio_adu,699.52,5514.0,12820.0,34,34,113.25,0.96,20251031_041_pol_pro_Vio_adu_2025_10_Colorado2025_x005120_y012800
Unknown_Sample,20251031_041_pol_pro_Vio_adu_2025_10_Colorado2025.czi,Vio_adu,636.04,5432.0,13367.0,33,32,109.01,0.959,20251031_041_pol_pro_Vio_adu_2025_10_Colorado2025_x005120_y012800
Unknown_Sample,20251031_041_pol_pro_Vio_adu_2025_10_Colorado2025.czi,Vio_adu,614.87,5615.0,13026.0,34,30,106.43,0.957,20251031_041_pol_pro_Vio_adu_2025_10_Colorado2025_x005120_y012800
Unknown_Sample,20251031_041_pol_pro_Vio_adu_2025_10_Colorado2025.czi,Vio_adu,879.98,6243.0,13406.0,38,38,126.33,0.962,20251031_041_pol_pro_Vio_adu_2025_10_Colorado2025_x005632_y012800
Unknown_Sample,20251031_041_pol_pro_Vio_adu_2025_10_Colorado2025.czi,Vio_adu,730.69,6158.0,13220.0,34,35,115.84,0.962,20251031_041_pol_pro_Vio_adu_2025_10_Colorado2025_x005632_y012800
Unknown_Sample,20251031_041_pol_pro_Vio_adu_2025_10_Colorado2025.czi,Vio_adu,733.38,5821.0,13339.0,35,35,116.08,0.959,20251031_041_pol_pro_Vio_adu_2025_10_Colorado2025_x005632_y012800
Unknown_Sample,20251031_041_pol_pro_Vio_adu_2025_10_Colorado2025.czi,Vio_adu,663.36,5975.0,13319.0,33,34,111.25,0.957,20251031_041_pol_pro_Vio_adu_2025_10_Colorado2025_x005632_y012800
Unknown_Sample,20251031_041_pol_pro_Vio_adu_2025_10_Colorado2025.czi,Vio_adu,698.75,6159.0,13220.0,32,35,114.77,0.965,20251031_041_pol_pro_Vio_adu_2025_10_Colorado2025_x006144_y012800
Unknown_Sample,20251031_041_pol_pro_Vio_adu_2025_10_Colorado2025.czi,Vio_adu,614.1,6741.0,12903.0,31,31,107.11,0.962,20251031_041_pol_pro_Vio_adu_2025_10_Colorado2025_x006144_y012800
Unknown_Sample,20251031_041_pol_pro_Vio_adu_2025_10_Colorado2025.czi,Vio_adu,716.07,6656.0,13335.0,35,34,115.84,0.962,20251031_041_pol_pro_Vio_adu_2025_10_Colorado2025_x006144_y012800
Unknown_Sample,20251031_041_pol_pro_Vio_adu_2025_10_Colorado2025.czi,Vio_adu,879.21,6243.0,13406.0,38,38,126.33,0.962,20251031_041_pol_pro_Vio_adu_2025_10_Colorado2025_x006144_y012800
Unknown_Sample,20251031_041_pol_pro_Vio_adu_2025_10_Colorado2025.czi,Vio_adu,726.84,6346.0,13388.0,33,36,114.67,0.961,20251031_041_pol_pro_Vio_adu_2025_10_Colorado2025_x006144_y012800
Unknown_Sample,20251031_041_pol_pro_Vio_adu_2025_10_Colorado2025.czi,Vio_adu,614.1,6741.0,12903.0,31,31,107.11,0.963,20251031_041_pol_pro_Vio_adu_2025_10_Colorado2025_x006656_y012800
Unknown_Sample,20251031_041_pol_pro_Vio_adu_2025_10_Colorado2025.czi,Vio_adu,895.38,7213.0,13391.0,39,38,127.15,0.962,20251031_041_pol_pro_Vio_adu_2025_10_Colorado2025_x006656_y012800
Unknown_Sample,20251031_041_pol_pro_Vio_adu_2025_10_Colorado2025.czi,Vio_adu,631.42,7077.0,13019.0,33,32,106.67,0.961,20251031_041_pol_pro_Vio_adu_2025_10_Colorado2025_x006656_y012800
Unknown_Sample,20251031_041_pol_pro_Vio_adu_2025_10_Colorado2025.czi,Vio_adu,720.3,7190.0,13063.0,36,34,113.74,0.955,20251031_041_pol_pro_Vio_adu_2025_10_Colorado2025_x006656_y012800
Unknown_Sample,20251031_041_pol_pro_Vio_adu_2025_10_Colorado2025.czi,Vio_adu,345.14,6664.0,13335.0,18,33,89.21,0.953,20251031_041_pol_pro_Vio_adu_2025_10_Colorado2025_x006656_y012800
Unknown_Sample,20251031_041_pol_pro_Vio_adu_2025_10_Colorado2025.czi,Vio_adu,348.99,7287.0,13390.0,17,35,90.04,0.906,20251031_041_pol_pro_Vio_adu_2025_10_Colorado2025_x006656_y012800
Unknown_Sample,20251031_041_pol_pro_Vio_adu_2025_10_Colorado2025.czi,Vio_adu,740.7,7371.0,12945.0,35,35,115.5,0.964,20251031_041_pol_pro_Vio_adu_2025_10_Colorado2025_x007168_y012800
Unknown_Sample,20251031_041_pol_pro_Vio_adu_2025_10_Colorado2025.czi,Vio_adu,696.06,7295.0,13390.0,33,35,112.67,0.963,20251031_041_pol_pro_Vio_adu_2025_10_Colorado2025_x007168_y012800
Unknown_Sample,20251031_041_pol_pro_Vio_adu_2025_10_Colorado2025.czi,Vio_adu,893.84,7213.0,13391.0,39,38,127.15,0.962,20251031_041_pol_pro_Vio_adu_2025_10_Colorado2025_x007168_y012800
Unknown_Sample,20251031_041_pol_pro_Vio_adu_2025_10_Colorado2025.czi,Vio_adu,692.98,7696.0,12879.0,34,34,112.67,0.96,20251031_041_pol_pro_Vio_adu_2025_10_Colorado2025_x007168_y012800
Unknown_Sample,20251031_041_pol_pro_Vio_adu_2025_10_Colorado2025.czi,Vio_adu,711.84,7190.0,13063.0,35,34,112.91,0.954,20251031_041_pol_pro_Vio_adu_2025_10_Colorado2025_x007168_y012800
Unknown_Sample,20251031_041_pol_pro_Vio_adu_2025_10_Colorado2025.czi,Vio_adu,759.93,8103.0,13221.0,37,34,117.5,0.964,20251031_041_pol_pro_Vio_adu_2025_10_Colorado2025_x007680_y012800
Unknown_Sample,20251031_041_pol_pro_Vio_adu_2025_10_Colorado2025.czi,Vio_adu,719.53,8214.0,13061.0,33,36,114.08,0.958,20251031_041_pol_pro_Vio_adu_2025_10_Colorado2025_x007680_y012800
Unknown_Sample,20251031_041_pol_pro_Vio_adu_2025_10_Colorado2025.czi,Vio_adu,693.37,7696.0,12879.0,33,34,113.6,0.957,20251031_041_pol_pro_Vio_adu_2025_10_Colorado2025_x007680_y012800
Unknown_Sample,20251031_041_pol_pro_Vio_adu_2025_10_Colorado2025.czi,Vio_adu,814.57,7937.0,12948.0,36,37,122.67,0.953,20251031_041_pol_pro_Vio_adu_2025_10_Colorado2025_x007680_y012800
Unknown_Sample,20251031_041_pol_pro_Vio_adu_2025_10_Colorado2025.czi,Vio_adu,950.4,8407.0,13277.0,41,40,132.23,0.958,20251031_041_pol_pro_Vio_adu_2025_10_Colorado2025_x008192_y012800
Unknown_Sample,20251031_041_pol_pro_Vio_adu_2025_10_Colorado2025.czi,Vio_adu,719.53,8214.0,13061.0,33,36,114.08,0.958,20251031_041_pol_pro_Vio_adu_2025_10_Colorado2025_x008192_y012800
Unknown_Sample,20251031_041_pol_pro_Vio_adu_2025_10_Colorado2025.czi,Vio_adu,744.93,8938.0,13064.0,35,35,116.08,0.963,20251031_041_pol_pro_Vio_adu_2025_10_Colorado2025_x008704_y012800
Unknown_Sample,20251031_041_pol_pro_Vio_adu_2025_10_Colorado2025.czi,Vio_adu,188.54,9399.0,13269.0,16,20,59.8,0.926,20251031_041_pol_pro_Vio_adu_2025_10_Colorado2025_x009216_y012800
Unknown_Sample,20251031_041_pol_pro_Vio_adu_2025_10_Colorado2025.czi,Vio_adu,614.1,10019.0,13325.0,31,33,105.25,0.961,20251031_041_pol_pro_Vio_adu_2025_10_Colorado2025_x009728_y012800
Unknown_Sample,20251031_041_pol_pro_Vio_adu_2025_10_Colorado2025.czi,Vio_adu,664.89,10954.0,13360.0,32,35,112.43,0.958,20251031_041_pol_pro_Vio_adu_2025_10_Colorado2025_x010752_y012800
Unknown_Sample,20251031_041_pol_pro_Vio_adu_2025_10_Colorado2025.czi,Vio_adu,106.97,11853.0,12861.0,13,14,45.31,0.712,20251031_041_pol_pro_Vio_adu_2025_10_Colorado2025_x011264_y012800
Unknown_Sample,20251031_041_pol_pro_Vio_adu_2025_10_Colorado2025.czi,Vio_adu,107.74,11853.0,12861.0,13,14,45.31,0.67,20251031_041_pol_pro_Vio_adu_2025_10_Colorado2025_x011776_y012800
Unknown_Sample,20251031_041_pol_pro_Vio_adu_2025_10_Colorado2025.czi,Vio_adu,681.44,1433.0,13657.0,33,34,111.84,0.951,20251031_041_pol_pro_Vio_adu_2025_10_Colorado2025_x001024_y013312
Unknown_Sample,20251031_041_pol_pro_Vio_adu_2025_10_Colorado2025.czi,Vio_adu,555.23,1806.0,13383.0,29,32,102.18,0.958,20251031_041_pol_pro_Vio_adu_2025_10_Colorado2025_x001536_y013312
Unknown_Sample,20251031_041_pol_pro_Vio_adu_2025_10_Colorado2025.czi,Vio_adu,652.58,3939.0,13681.0,33,33,110.43,0.961,20251031_041_pol_pro_Vio_adu_2025_10_Colorado2025_x003584_y013312
Unknown_Sample,20251031_041_pol_pro_Vio_adu_2025_10_Colorado2025.czi,Vio_adu,988.11,4157.0,13539.0,40,40,133.74,0.958,20251031_041_pol_pro_Vio_adu_2025_10_Colorado2025_x003584_y013312
Unknown_Sample,20251031_041_pol_pro_Vio_adu_2025_10_Colorado2025.czi,Vio_adu,823.04,4639.0,13373.0,37,36,122.67,0.969,20251031_041_pol_pro_Vio_adu_2025_10_Colorado2025_x004096_y013312
Unknown_Sample,20251031_041_pol_pro_Vio_adu_2025_10_Colorado2025.czi,Vio_adu,702.6,4700.0,13659.0,34,34,112.08,0.963,20251031_041_pol_pro_Vio_adu_2025_10_Colorado2025_x004096_y013312
Unknown_Sample,20251031_041_pol_pro_Vio_adu_2025_10_Colorado2025.czi,Vio_adu,986.18,4157.0,13539.0,40,40,134.33,0.958,20251031_041_pol_pro_Vio_adu_2025_10_Colorado2025_x004096_y013312
Unknown_Sample,20251031_041_pol_pro_Vio_adu_2025_10_Colorado2025.czi,Vio_adu,823.04,4639.0,13373.0,37,36,122.67,0.97,20251031_041_pol_pro_Vio_adu_2025_10_Colorado2025_x004608_y013312
Unknown_Sample,20251031_041_pol_pro_Vio_adu_2025_10_Colorado2025.czi,Vio_adu,623.72,5039.0,13326.0,33,30,109.7,0.965,20251031_041_pol_pro_Vio_adu_2025_10_Colorado2025_x004608_y013312
Unknown_Sample,20251031_041_pol_pro_Vio_adu_2025_10_Colorado2025.czi,Vio_adu,702.6,4700.0,13659.0,34,34,112.08,0.963,20251031_041_pol_pro_Vio_adu_2025_10_Colorado2025_x004608_y013312
Unknown_Sample,20251031_041_pol_pro_Vio_adu_2025_10_Colorado2025.czi,Vio_adu,777.63,4770.0,13868.0,35,37,119.5,0.963,20251031_041_pol_pro_Vio_adu_2025_10_Colorado2025_x004608_y013312
Unknown_Sample,20251031_041_pol_pro_Vio_adu_2025_10_Colorado2025.czi,Vio_adu,799.95,4953.0,13403.0,35,38,120.33,0.963,20251031_041_pol_pro_Vio_adu_2025_10_Colorado2025_x004608_y013312
Unknown_Sample,20251031_041_pol_pro_Vio_adu_2025_10_Colorado2025.czi,Vio_adu,607.18,5050.0,13529.0,32,32,105.25,0.959,20251031_041_pol_pro_Vio_adu_2025_10_Colorado2025_x004608_y013312
Unknown_Sample,20251031_041_pol_pro_Vio_adu_2025_10_Colorado2025.czi,Vio_adu,797.26,5659.0,13637.0,36,37,120.91,0.963,20251031_041_pol_pro_Vio_adu_2025_10_Colorado2025_x005120_y013312
Unknown_Sample,20251031_041_pol_pro_Vio_adu_2025_10_Colorado2025.czi,Vio_adu,636.04,5432.0,13367.0,33,32,109.01,0.959,20251031_041_pol_pro_Vio_adu_2025_10_Colorado2025_x005120_y013312
Unknown_Sample,20251031_041_pol_pro_Vio_adu_2025_10_Colorado2025.czi,Vio_adu,798.8,5659.0,13637.0,36,37,120.91,0.962,20251031_041_pol_pro_Vio_adu_2025_10_Colorado2025_x005632_y013312
Unknown_Sample,20251031_041_pol_pro_Vio_adu_2025_10_Colorado2025.czi,Vio_adu,879.98,6243.0,13406.0,38,38,126.33,0.962,20251031_041_pol_pro_Vio_adu_2025_10_Colorado2025_x005632_y013312
Unknown_Sample,20251031_041_pol_pro_Vio_adu_2025_10_Colorado2025.czi,Vio_adu,482.89,5975.0,13323.0,33,24,98.87,0.96,20251031_041_pol_pro_Vio_adu_2025_10_Colorado2025_x005632_y013312
Unknown_Sample,20251031_041_pol_pro_Vio_adu_2025_10_Colorado2025.czi,Vio_adu,732.23,5821.0,13339.0,35,35,115.5,0.959,20251031_041_pol_pro_Vio_adu_2025_10_Colorado2025_x005632_y013312
Unknown_Sample,20251031_041_pol_pro_Vio_adu_2025_10_Colorado2025.czi,Vio_adu,734.54,6430.0,13914.0,34,34,115.01,0.965,20251031_041_pol_pro_Vio_adu_2025_10_Colorado2025_x006144_y013312
Unknown_Sample,20251031_041_pol_pro_Vio_adu_2025_10_Colorado2025.czi,Vio_adu,878.45,6243.0,13406.0,38,38,126.33,0.962,20251031_041_pol_pro_Vio_adu_2025_10_Colorado2025_x006144_y013312
Unknown_Sample,20251031_041_pol_pro_Vio_adu_2025_10_Colorado2025.czi,Vio_adu,703.37,6656.0,13335.0,35,33,114.43,0.962,20251031_041_pol_pro_Vio_adu_2025_10_Colorado2025_x006144_y013312
Unknown_Sample,20251031_041_pol_pro_Vio_adu_2025_10_Colorado2025.czi,Vio_adu,726.84,6346.0,13388.0,33,36,114.67,0.961,20251031_041_pol_pro_Vio_adu_2025_10_Colorado2025_x006144_y013312
Unknown_Sample,20251031_041_pol_pro_Vio_adu_2025_10_Colorado2025.czi,Vio_adu,521.76,6345.0,13501.0,30,29,99.94,0.958,20251031_041_pol_pro_Vio_adu_2025_10_Colorado2025_x006144_y013312
Unknown_Sample,20251031_041_pol_pro_Vio_adu_2025_10_Colorado2025.czi,Vio_adu,711.07,6384.0,13915.0,34,35,115.25,0.956,20251031_041_pol_pro_Vio_adu_2025_10_Colorado2025_x006144_y013312
Unknown_Sample,20251031_041_pol_pro_Vio_adu_2025_10_Colorado2025.czi,Vio_adu,894.61,7213.0,13391.0,39,38,127.15,0.962,20251031_041_pol_pro_Vio_adu_2025_10_Colorado2025_x006656_y013312
Unknown_Sample,20251031_041_pol_pro_Vio_adu_2025_10_Colorado2025.czi,Vio_adu,702.22,6945.0,13447.0,34,34,113.84,0.961,20251031_041_pol_pro_Vio_adu_2025_10_Colorado2025_x006656_y013312
Unknown_Sample,20251031_041_pol_pro_Vio_adu_2025_10_Colorado2025.czi,Vio_adu,583.32,7041.0,13452.0,32,30,103.6,0.959,20251031_041_pol_pro_Vio_adu_2025_10_Colorado2025_x006656_y013312
Unknown_Sample,20251031_041_pol_pro_Vio_adu_2025_10_Colorado2025.czi,Vio_adu,751.85,7138.0,13560.0,34,36,117.25,0.959,20251031_041_pol_pro_Vio_adu_2025_10_Colorado2025_x006656_y013312
Unknown_Sample,20251031_041_pol_pro_Vio_adu_2025_10_Colorado2025.czi,Vio_adu,345.91,6664.0,13335.0,18,33,89.21,0.954,20251031_041_pol_pro_Vio_adu_2025_10_Colorado2025_x006656_y013312
Unknown_Sample,20251031_041_pol_pro_Vio_adu_2025_10_Colorado2025.czi,Vio_adu,348.22,7287.0,13390.0,17,35,90.04,0.906,20251031_041_pol_pro_Vio_adu_2025_10_Colorado2025_x006656_y013312
Unknown_Sample,20251031_041_pol_pro_Vio_adu_2025_10_Colorado2025.czi,Vio_adu,696.06,7295.0,13390.0,33,35,112.67,0.964,20251031_041_pol_pro_Vio_adu_2025_10_Colorado2025_x007168_y013312
Unknown_Sample,20251031_041_pol_pro_Vio_adu_2025_10_Colorado2025.czi,Vio_adu,893.84,7213.0,13391.0,39,38,127.15,0.962,20251031_041_pol_pro_Vio_adu_2025_10_Colorado2025_x007168_y013312
Unknown_Sample,20251031_041_pol_pro_Vio_adu_2025_10_Colorado2025.czi,Vio_adu,692.98,7526.0,13549.0,33,35,111.5,0.961,20251031_041_pol_pro_Vio_adu_2025_10_Colorado2025_x007168_y013312
Unknown_Sample,20251031_041_pol_pro_Vio_adu_2025_10_Colorado2025.czi,Vio_adu,645.27,7462.0,13777.0,31,35,109.84,0.945,20251031_041_pol_pro_Vio_adu_2025_10_Colorado2025_x007168_y013312
Unknown_Sample,20251031_041_pol_pro_Vio_adu_2025_10_Colorado2025.czi,Vio_adu,812.26,7527.0,13663.0,43,35,126.81,0.926,20251031_041_pol_pro_Vio_adu_2025_10_Colorado2025_x007168_y013312
Unknown_Sample,20251031_041_pol_pro_Vio_adu_2025_10_Colorado2025.czi,Vio_adu,754.93,7484.0,13803.0,36,37,118.57,0.915,20251031_041_pol_pro_Vio_adu_2025_10_Colorado2025_x007168_y013312
Unknown_Sample,20251031_041_pol_pro_Vio_adu_2025_10_Colorado2025.czi,Vio_adu,248.57,7801.0,13686.0,12,35,82.97,0.882,20251031_041_pol_pro_Vio_adu_2025_10_Colorado2025_x007168_y013312
Unknown_Sample,20251031_041_pol_pro_Vio_adu_2025_10_Colorado2025.czi,Vio_adu,759.93,7811.0,13686.0,34,38,119.5,0.965,20251031_041_pol_pro_Vio_adu_2025_10_Colorado2025_x007680_y013312
Unknown_Sample,20251031_041_pol_pro_Vio_adu_2025_10_Colorado2025.czi,Vio_adu,770.71,8205.0,13917.0,35,36,117.5,0.963,20251031_041_pol_pro_Vio_adu_2025_10_Colorado2025_x007680_y013312
Unknown_Sample,20251031_041_pol_pro_Vio_adu_2025_10_Colorado2025.czi,Vio_adu,778.79,8280.0,13551.0,37,35,118.91,0.962,20251031_041_pol_pro_Vio_adu_2025_10_Colorado2025_x007680_y013312
Unknown_Sample,20251031_041_pol_pro_Vio_adu_2025_10_Colorado2025.czi,Vio_adu,794.56,7883.0,13799.0,37,36,121.5,0.962,20251031_041_pol_pro_Vio_adu_2025_10_Colorado2025_x007680_y013312
Unknown_Sample,20251031_041_pol_pro_Vio_adu_2025_10_Colorado2025.czi,Vio_adu,798.03,8177.0,13789.0,36,36,121.25,0.952,20251031_041_pol_pro_Vio_adu_2025_10_Colorado2025_x007680_y013312
Unknown_Sample,20251031_041_pol_pro_Vio_adu_2025_10_Colorado2025.czi,Vio_adu,845.74,8196.0,13757.0,39,37,126.91,0.948,20251031_041_pol_pro_Vio_adu_2025_10_Colorado2025_x007680_y013312
Unknown_Sample,20251031_041_pol_pro_Vio_adu_2025_10_Colorado2025.czi,Vio_adu,707.99,8207.0,13917.0,31,36,114.77,0.971,20251031_041_pol_pro_Vio_adu_2025_10_Colorado2025_x008192_y013312
Unknown_Sample,20251031_041_pol_pro_Vio_adu_2025_10_Colorado2025.czi,Vio_adu,872.29,8464.0,13487.0,38,37,125.5,0.965,20251031_041_pol_pro_Vio_adu_2025_10_Colorado2025_x008192_y013312
Unknown_Sample,20251031_041_pol_pro_Vio_adu_2025_10_Colorado2025.czi,Vio_adu,803.03,8442.0,13664.0,37,37,121.15,0.963,20251031_041_pol_pro_Vio_adu_2025_10_Colorado2025_x008192_y013312
Unknown_Sample,20251031_041_pol_pro_Vio_adu_2025_10_Colorado2025.czi,Vio_adu,776.86,8280.0,13551.0,37,35,119.5,0.962,20251031_041_pol_pro_Vio_adu_2025_10_Colorado2025_x008192_y013312
Unknown_Sample,20251031_041_pol_pro_Vio_adu_2025_10_Colorado2025.czi,Vio_adu,527.14,8202.0,13757.0,24,37,106.28,0.955,20251031_041_pol_pro_Vio_adu_2025_10_Colorado2025_x008192_y013312
Unknown_Sample,20251031_041_pol_pro_Vio_adu_2025_10_Colorado2025.czi,Vio_adu,756.47,9119.0,13543.0,35,35,118.43,0.965,20251031_041_pol_pro_Vio_adu_2025_10_Colorado2025_x008704_y013312
Unknown_Sample,20251031_041_pol_pro_Vio_adu_2025_10_Colorado2025.czi,Vio_adu,689.14,9134.0,13857.0,32,35,113.01,0.964,20251031_041_pol_pro_Vio_adu_2025_10_Colorado2025_x008704_y013312
Unknown_Sample,20251031_041_pol_pro_Vio_adu_2025_10_Colorado2025.czi,Vio_adu,785.71,9313.0,13618.0,35,37,118.91,0.962,20251031_041_pol_pro_Vio_adu_2025_10_Colorado2025_x008704_y013312
Unknown_Sample,20251031_041_pol_pro_Vio_adu_2025_10_Colorado2025.czi,Vio_adu,676.05,9255.0,13852.0,35,33,111.5,0.961,20251031_041_pol_pro_Vio_adu_2025_10_Colorado2025_x008704_y013312
Unknown_Sample,20251031_041_pol_pro_Vio_adu_2025_10_Colorado2025.czi,Vio_adu,707.22,9034.0,13757.0,34,34,114.43,0.961,20251031_041_pol_pro_Vio_adu_2025_10_Colorado2025_x008704_y013312
Unknown_Sample,20251031_041_pol_pro_Vio_adu_2025_10_Colorado2025.czi,Vio_adu,809.57,9358.0,13864.0,35,38,120.91,0.965,20251031_041_pol_pro_Vio_adu_2025_10_Colorado2025_x009216_y013312
Unknown_Sample,20251031_041_pol_pro_Vio_adu_2025_10_Colorado2025.czi,Vio_adu,785.71,9313.0,13618.0,35,37,118.91,0.962,20251031_041_pol_pro_Vio_adu_2025_10_Colorado2025_x009216_y013312
Unknown_Sample,20251031_041_pol_pro_Vio_adu_2025_10_Colorado2025.czi,Vio_adu,676.05,9255.0,13852.0,35,33,111.5,0.961,20251031_041_pol_pro_Vio_adu_2025_10_Colorado2025_x009216_y013312
Unknown_Sample,20251031_041_pol_pro_Vio_adu_2025_10_Colorado2025.czi,Vio_adu,581.78,10019.0,13326.0,31,30,103.94,0.966,20251031_041_pol_pro_Vio_adu_2025_10_Colorado2025_x009728_y013312
Unknown_Sample,20251031_041_pol_pro_Vio_adu_2025_10_Colorado2025.czi,Vio_adu,666.82,10954.0,13360.0,32,35,111.84,0.958,20251031_041_pol_pro_Vio_adu_2025_10_Colorado2025_x010752_y013312
Unknown_Sample,20251031_041_pol_pro_Vio_adu_2025_10_Colorado2025.czi,Vio_adu,778.79,1094.0,14355.0,34,37,118.08,0.962,20251031_041_pol_pro_Vio_adu_2025_10_Colorado2025_x000512_y013824
Unknown_Sample,20251031_041_pol_pro_Vio_adu_2025_10_Colorado2025.czi,Vio_adu,534.84,1107.0,14181.0,29,31,100.77,0.957,20251031_041_pol_pro_Vio_adu_2025_10_Colorado2025_x000512_y013824
Unknown_Sample,20251031_041_pol_pro_Vio_adu_2025_10_Colorado2025.czi,Vio_adu,111.59,993.0,13969.0,14,14,47.31,0.81,20251031_041_pol_pro_Vio_adu_2025_10_Colorado2025_x000512_y013824
Unknown_Sample,20251031_041_pol_pro_Vio_adu_2025_10_Colorado2025.czi,Vio_adu,778.4,1094.0,14355.0,34,37,118.67,0.963,20251031_041_pol_pro_Vio_adu_2025_10_Colorado2025_x001024_y013824
Unknown_Sample,20251031_041_pol_pro_Vio_adu_2025_10_Colorado2025.czi,Vio_adu,533.69,1107.0,14181.0,29,31,101.36,0.959,20251031_041_pol_pro_Vio_adu_2025_10_Colorado2025_x001024_y013824
Unknown_Sample,20251031_041_pol_pro_Vio_adu_2025_10_Colorado2025.czi,Vio_adu,472.12,1266.0,13913.0,31,25,95.7,0.574,20251031_041_pol_pro_Vio_adu_2025_10_Colorado2025_x001024_y013824
Unknown_Sample,20251031_041_pol_pro_Vio_adu_2025_10_Colorado2025.czi,Vio_adu,631.03,2908.0,14151.0,36,30,110.43,0.952,20251031_041_pol_pro_Vio_adu_2025_10_Colorado2025_x002560_y013824
Unknown_Sample,20251031_041_pol_pro_Vio_adu_2025_10_Colorado2025.czi,Vio_adu,729.15,3602.0,14348.0,35,34,115.84,0.963,20251031_041_pol_pro_Vio_adu_2025_10_Colorado2025_x003072_y013824
Unknown_Sample,20251031_041_pol_pro_Vio_adu_2025_10_Colorado2025.czi,Vio_adu,814.57,3606.0,14083.0,38,36,122.33,0.96,20251031_041_pol_pro_Vio_adu_2025_10_Colorado2025_x003072_y013824
Unknown_Sample,20251031_041_pol_pro_Vio_adu_2025_10_Colorado2025.czi,Vio_adu,276.27,3705.0,14193.0,13,36,85.8,0.888,20251031_041_pol_pro_Vio_adu_2025_10_Colorado2025_x003072_y013824
Unknown_Sample,20251031_041_pol_pro_Vio_adu_2025_10_Colorado2025.czi,Vio_adu,771.48,3714.0,14191.0,34,37,118.67,0.963,20251031_041_pol_pro_Vio_adu_2025_10_Colorado2025_x003584_y013824
Unknown_Sample,20251031_041_pol_pro_Vio_adu_2025_10_Colorado2025.czi,Vio_adu,667.2,3842.0,14287.0,33,33,110.43,0.962,20251031_041_pol_pro_Vio_adu_2025_10_Colorado2025_x003584_y013824
Unknown_Sample,20251031_041_pol_pro_Vio_adu_2025_10_Colorado2025.czi,Vio_adu,731.46,3602.0,14348.0,35,34,117.01,0.962,20251031_041_pol_pro_Vio_adu_2025_10_Colorado2025_x003584_y013824
Unknown_Sample,20251031_041_pol_pro_Vio_adu_2025_10_Colorado2025.czi,Vio_adu,817.65,3606.0,14083.0,38,36,123.5,0.96,20251031_041_pol_pro_Vio_adu_2025_10_Colorado2025_x003584_y013824
Unknown_Sample,20251031_041_pol_pro_Vio_adu_2025_10_Colorado2025.czi,Vio_adu,729.54,4489.0,14107.0,36,35,116.91,0.965,20251031_041_pol_pro_Vio_adu_2025_10_Colorado2025_x004096_y013824
Unknown_Sample,20251031_041_pol_pro_Vio_adu_2025_10_Colorado2025.czi,Vio_adu,672.59,4586.0,14120.0,34,33,111.25,0.961,20251031_041_pol_pro_Vio_adu_2025_10_Colorado2025_x004096_y013824
Unknown_Sample,20251031_041_pol_pro_Vio_adu_2025_10_Colorado2025.czi,Vio_adu,777.63,4770.0,13868.0,35,37,119.5,0.963,20251031_041_pol_pro_Vio_adu_2025_10_Colorado2025_x004608_y013824
Unknown_Sample,20251031_041_pol_pro_Vio_adu_2025_10_Colorado2025.czi,Vio_adu,696.45,5063.0,14043.0,32,36,113.25,0.961,20251031_041_pol_pro_Vio_adu_2025_10_Colorado2025_x004608_y013824
Unknown_Sample,20251031_041_pol_pro_Vio_adu_2025_10_Colorado2025.czi,Vio_adu,813.03,5399.0,14369.0,37,36,121.5,0.967,20251031_041_pol_pro_Vio_adu_2025_10_Colorado2025_x005120_y013824
Unknown_Sample,20251031_041_pol_pro_Vio_adu_2025_10_Colorado2025.czi,Vio_adu,781.87,5485.0,14084.0,38,34,121.25,0.964,20251031_041_pol_pro_Vio_adu_2025_10_Colorado2025_x005120_y013824
Unknown_Sample,20251031_041_pol_pro_Vio_adu_2025_10_Colorado2025.czi,Vio_adu,757.63,5438.0,14429.0,35,36,116.33,0.962,20251031_041_pol_pro_Vio_adu_2025_10_Colorado2025_x005120_y013824
Unknown_Sample,20251031_041_pol_pro_Vio_adu_2025_10_Colorado2025.czi,Vio_adu,776.09,5699.0,14384.0,36,36,119.5,0.961,20251031_041_pol_pro_Vio_adu_2025_10_Colorado2025_x005120_y013824
Unknown_Sample,20251031_041_pol_pro_Vio_adu_2025_10_Colorado2025.czi,Vio_adu,776.09,5699.0,14384.0,36,36,119.5,0.961,20251031_041_pol_pro_Vio_adu_2025_10_Colorado2025_x005632_y013824
Unknown_Sample,20251031_041_pol_pro_Vio_adu_2025_10_Colorado2025.czi,Vio_adu,657.2,6094.0,14038.0,32,34,109.25,0.961,20251031_041_pol_pro_Vio_adu_2025_10_Colorado2025_x005632_y013824
Unknown_Sample,20251031_041_pol_pro_Vio_adu_2025_10_Colorado2025.czi,Vio_adu,782.25,6070.0,14446.0,36,34,120.18,0.956,20251031_041_pol_pro_Vio_adu_2025_10_Colorado2025_x005632_y013824
Unknown_Sample,20251031_041_pol_pro_Vio_adu_2025_10_Colorado2025.czi,Vio_adu,753.01,6256.0,14232.0,31,37,119.7,0.953,20251031_041_pol_pro_Vio_adu_2025_10_Colorado2025_x005632_y013824
Unknown_Sample,20251031_041_pol_pro_Vio_adu_2025_10_Colorado2025.czi,Vio_adu,734.54,6430.0,13914.0,34,34,115.01,0.966,20251031_041_pol_pro_Vio_adu_2025_10_Colorado2025_x006144_y013824
Unknown_Sample,20251031_041_pol_pro_Vio_adu_2025_10_Colorado2025.czi,Vio_adu,705.68,6563.0,14325.0,34,34,113.25,0.965,20251031_041_pol_pro_Vio_adu_2025_10_Colorado2025_x006144_y013824
Unknown_Sample,20251031_041_pol_pro_Vio_adu_2025_10_Colorado2025.czi,Vio_adu,850.74,6258.0,14232.0,38,37,125.5,0.963,20251031_041_pol_pro_Vio_adu_2025_10_Colorado2025_x006144_y013824
Unknown_Sample,20251031_041_pol_pro_Vio_adu_2025_10_Colorado2025.czi,Vio_adu,707.99,6762.0,14262.0,34,34,113.25,0.959,20251031_041_pol_pro_Vio_adu_2025_10_Colorado2025_x006144_y013824
Unknown_Sample,20251031_041_pol_pro_Vio_adu_2025_10_Colorado2025.czi,Vio_adu,711.07,6384.0,13915.0,34,35,115.25,0.957,20251031_041_pol_pro_Vio_adu_2025_10_Colorado2025_x006144_y013824
Unknown_Sample,20251031_041_pol_pro_Vio_adu_2025_10_Colorado2025.czi,Vio_adu,608.33,6650.0,14451.0,36,26,111.21,0.941,20251031_041_pol_pro_Vio_adu_2025_10_Colorado2025_x006144_y013824
Unknown_Sample,20251031_041_pol_pro_Vio_adu_2025_10_Colorado2025.czi,Vio_adu,706.45,6762.0,14262.0,34,34,113.25,0.961,20251031_041_pol_pro_Vio_adu_2025_10_Colorado2025_x006656_y013824
Unknown_Sample,20251031_041_pol_pro_Vio_adu_2025_10_Colorado2025.czi,Vio_adu,699.14,6912.0,14006.0,34,34,112.67,0.96,20251031_041_pol_pro_Vio_adu_2025_10_Colorado2025_x006656_y013824
Unknown_Sample,20251031_041_pol_pro_Vio_adu_2025_10_Colorado2025.czi,Vio_adu,869.98,7267.0,14036.0,38,38,123.98,0.958,20251031_041_pol_pro_Vio_adu_2025_10_Colorado2025_x006656_y013824
Unknown_Sample,20251031_041_pol_pro_Vio_adu_2025_10_Colorado2025.czi,Vio_adu,166.99,6661.0,14452.0,12,25,65.31,0.92,20251031_041_pol_pro_Vio_adu_2025_10_Colorado2025_x006656_y013824
Unknown_Sample,20251031_041_pol_pro_Vio_adu_2025_10_Colorado2025.czi,Vio_adu,584.09,7443.0,14098.0,33,29,104.77,0.962,20251031_041_pol_pro_Vio_adu_2025_10_Colorado2025_x007168_y013824
Unknown_Sample,20251031_041_pol_pro_Vio_adu_2025_10_Colorado2025.czi,Vio_adu,868.83,7267.0,14036.0,38,38,124.57,0.957,20251031_041_pol_pro_Vio_adu_2025_10_Colorado2025_x007168_y013824
Unknown_Sample,20251031_041_pol_pro_Vio_adu_2025_10_Colorado2025.czi,Vio_adu,771.48,8205.0,13917.0,35,36,117.5,0.964,20251031_041_pol_pro_Vio_adu_2025_10_Colorado2025_x007680_y013824
Unknown_Sample,20251031_041_pol_pro_Vio_adu_2025_10_Colorado2025.czi,Vio_adu,775.33,8082.0,13996.0,35,37,119.5,0.96,20251031_041_pol_pro_Vio_adu_2025_10_Colorado2025_x007680_y013824
Unknown_Sample,20251031_041_pol_pro_Vio_adu_2025_10_Colorado2025.czi,Vio_adu,972.33,8163.0,14375.0,40,40,133.15,0.958,20251031_041_pol_pro_Vio_adu_2025_10_Colorado2025_x007680_y013824
Unknown_Sample,20251031_041_pol_pro_Vio_adu_2025_10_Colorado2025.czi,Vio_adu,323.21,7836.0,14437.0,23,23,77.46,0.945,20251031_041_pol_pro_Vio_adu_2025_10_Colorado2025_x007680_y013824
Unknown_Sample,20251031_041_pol_pro_Vio_adu_2025_10_Colorado2025.czi,Vio_adu,710.3,8207.0,13917.0,31,36,114.77,0.971,20251031_041_pol_pro_Vio_adu_2025_10_Colorado2025_x008192_y013824
Unknown_Sample,20251031_041_pol_pro_Vio_adu_2025_10_Colorado2025.czi,Vio_adu,867.67,8475.0,14128.0,38,38,125.15,0.953,20251031_041_pol_pro_Vio_adu_2025_10_Colorado2025_x008192_y013824
Unknown_Sample,20251031_041_pol_pro_Vio_adu_2025_10_Colorado2025.czi,Vio_adu,758.01,8327.0,14110.0,34,36,118.43,0.951,20251031_041_pol_pro_Vio_adu_2025_10_Colorado2025_x008192_y013824
Unknown_Sample,20251031_041_pol_pro_Vio_adu_2025_10_Colorado2025.czi,Vio_adu,783.41,9303.0,14195.0,37,35,120.08,0.965,20251031_041_pol_pro_Vio_adu_2025_10_Colorado2025_x008704_y013824
Unknown_Sample,20251031_041_pol_pro_Vio_adu_2025_10_Colorado2025.czi,Vio_adu,689.9,9134.0,13857.0,32,35,113.01,0.964,20251031_041_pol_pro_Vio_adu_2025_10_Colorado2025_x008704_y013824
Unknown_Sample,20251031_041_pol_pro_Vio_adu_2025_10_Colorado2025.czi,Vio_adu,770.71,9089.0,14005.0,35,37,118.33,0.963,20251031_041_pol_pro_Vio_adu_2025_10_Colorado2025_x008704_y013824
Unknown_Sample,20251031_041_pol_pro_Vio_adu_2025_10_Colorado2025.czi,Vio_adu,803.8,9053.0,14330.0,36,37,120.33,0.963,20251031_041_pol_pro_Vio_adu_2025_10_Colorado2025_x008704_y013824
Unknown_Sample,20251031_041_pol_pro_Vio_adu_2025_10_Colorado2025.czi,Vio_adu,801.11,8947.0,14330.0,36,37,119.74,0.962,20251031_041_pol_pro_Vio_adu_2025_10_Colorado2025_x008704_y013824
Unknown_Sample,20251031_041_pol_pro_Vio_adu_2025_10_Colorado2025.czi,Vio_adu,745.31,8961.0,14086.0,36,34,117.84,0.962,20251031_041_pol_pro_Vio_adu_2025_10_Colorado2025_x008704_y013824
Unknown_Sample,20251031_041_pol_pro_Vio_adu_2025_10_Colorado2025.czi,Vio_adu,674.51,9255.0,13852.0,34,33,110.67,0.961,20251031_041_pol_pro_Vio_adu_2025_10_Colorado2025_x008704_y013824
Unknown_Sample,20251031_041_pol_pro_Vio_adu_2025_10_Colorado2025.czi,Vio_adu,809.57,9358.0,13864.0,35,38,120.91,0.965,20251031_041_pol_pro_Vio_adu_2025_10_Colorado2025_x009216_y013824
Unknown_Sample,20251031_041_pol_pro_Vio_adu_2025_10_Colorado2025.czi,Vio_adu,784.94,9303.0,14195.0,37,35,120.08,0.965,20251031_041_pol_pro_Vio_adu_2025_10_Colorado2025_x009216_y013824
Unknown_Sample,20251031_041_pol_pro_Vio_adu_2025_10_Colorado2025.czi,Vio_adu,799.18,9572.0,14114.0,36,36,119.5,0.963,20251031_041_pol_pro_Vio_adu_2025_10_Colorado2025_x009216_y013824
Unknown_Sample,20251031_041_pol_pro_Vio_adu_2025_10_Colorado2025.czi,Vio_adu,673.74,9255.0,13852.0,34,33,110.67,0.961,20251031_041_pol_pro_Vio_adu_2025_10_Colorado2025_x009216_y013824
Unknown_Sample,20251031_041_pol_pro_Vio_adu_2025_10_Colorado2025.czi,Vio_adu,347.84,9847.0,14402.0,19,32,87.46,0.915,20251031_041_pol_pro_Vio_adu_2025_10_Colorado2025_x009216_y013824
Unknown_Sample,20251031_041_pol_pro_Vio_adu_2025_10_Colorado2025.czi,Vio_adu,639.88,9853.0,14402.0,35,32,108.33,0.955,20251031_041_pol_pro_Vio_adu_2025_10_Colorado2025_x009728_y013824
Unknown_Sample,20251031_041_pol_pro_Vio_adu_2025_10_Colorado2025.czi,Vio_adu,720.3,11988.0,14387.0,36,33,114.08,0.959,20251031_041_pol_pro_Vio_adu_2025_10_Colorado2025_x011776_y013824
Unknown_Sample,20251031_041_pol_pro_Vio_adu_2025_10_Colorado2025.czi,Vio_adu,177.77,12129.0,14401.0,18,20,59.11,0.547,20251031_041_pol_pro_Vio_adu_2025_10_Colorado2025_x011776_y013824
Unknown_Sample,20251031_041_pol_pro_Vio_adu_2025_10_Colorado2025.czi,Vio_adu,778.4,1094.0,14355.0,34,37,119.84,0.958,20251031_041_pol_pro_Vio_adu_2025_10_Colorado2025_x000512_y014336
Unknown_Sample,20251031_041_pol_pro_Vio_adu_2025_10_Colorado2025.czi,Vio_adu,782.64,1094.0,14355.0,34,37,119.25,0.962,20251031_041_pol_pro_Vio_adu_2025_10_Colorado2025_x001024_y014336
Unknown_Sample,20251031_041_pol_pro_Vio_adu_2025_10_Colorado2025.czi,Vio_adu,645.66,1746.0,14711.0,33,32,109.6,0.962,20251031_041_pol_pro_Vio_adu_2025_10_Colorado2025_x001536_y014336
Unknown_Sample,20251031_041_pol_pro_Vio_adu_2025_10_Colorado2025.czi,Vio_adu,589.48,2360.0,14919.0,31,32,104.43,0.954,20251031_041_pol_pro_Vio_adu_2025_10_Colorado2025_x002048_y014336
Unknown_Sample,20251031_041_pol_pro_Vio_adu_2025_10_Colorado2025.czi,Vio_adu,391.32,2199.0,14967.0,35,18,93.21,0.912,20251031_041_pol_pro_Vio_adu_2025_10_Colorado2025_x002048_y014336
Unknown_Sample,20251031_041_pol_pro_Vio_adu_2025_10_Colorado2025.czi,Vio_adu,643.35,2788.0,14589.0,32,33,109.6,0.953,20251031_041_pol_pro_Vio_adu_2025_10_Colorado2025_x002560_y014336
Unknown_Sample,20251031_041_pol_pro_Vio_adu_2025_10_Colorado2025.czi,Vio_adu,646.04,3602.0,14350.0,35,29,111.7,0.969,20251031_041_pol_pro_Vio_adu_2025_10_Colorado2025_x003072_y014336
Unknown_Sample,20251031_041_pol_pro_Vio_adu_2025_10_Colorado2025.czi,Vio_adu,709.53,3222.0,14610.0,34,34,113.25,0.965,20251031_041_pol_pro_Vio_adu_2025_10_Colorado2025_x003072_y014336
Unknown_Sample,20251031_041_pol_pro_Vio_adu_2025_10_Colorado2025.czi,Vio_adu,851.51,3224.0,14847.0,37,38,125.5,0.963,20251031_041_pol_pro_Vio_adu_2025_10_Colorado2025_x003072_y014336
Unknown_Sample,20251031_041_pol_pro_Vio_adu_2025_10_Colorado2025.czi,Vio_adu,649.12,3602.0,14349.0,35,29,112.87,0.967,20251031_041_pol_pro_Vio_adu_2025_10_Colorado2025_x003584_y014336
Unknown_Sample,20251031_041_pol_pro_Vio_adu_2025_10_Colorado2025.czi,Vio_adu,735.69,3770.0,14805.0,35,35,114.91,0.964,20251031_041_pol_pro_Vio_adu_2025_10_Colorado2025_x003584_y014336
Unknown_Sample,20251031_041_pol_pro_Vio_adu_2025_10_Colorado2025.czi,Vio_adu,738.77,4918.0,14552.0,34,35,115.25,0.961,20251031_041_pol_pro_Vio_adu_2025_10_Colorado2025_x004608_y014336
Unknown_Sample,20251031_041_pol_pro_Vio_adu_2025_10_Colorado2025.czi,Vio_adu,669.51,4787.0,14544.0,33,34,111.25,0.96,20251031_041_pol_pro_Vio_adu_2025_10_Colorado2025_x004608_y014336
Unknown_Sample,20251031_041_pol_pro_Vio_adu_2025_10_Colorado2025.czi,Vio_adu,812.65,5399.0,14369.0,37,36,120.91,0.967,20251031_041_pol_pro_Vio_adu_2025_10_Colorado2025_x005120_y014336
Unknown_Sample,20251031_041_pol_pro_Vio_adu_2025_10_Colorado2025.czi,Vio_adu,791.1,5309.0,14728.0,35,37,118.91,0.964,20251031_041_pol_pro_Vio_adu_2025_10_Colorado2025_x005120_y014336
Unknown_Sample,20251031_041_pol_pro_Vio_adu_2025_10_Colorado2025.czi,Vio_adu,770.32,5649.0,14608.0,36,35,119.25,0.963,20251031_041_pol_pro_Vio_adu_2025_10_Colorado2025_x005120_y014336
Unknown_Sample,20251031_041_pol_pro_Vio_adu_2025_10_Colorado2025.czi,Vio_adu,757.63,5438.0,14429.0,35,36,116.33,0.963,20251031_041_pol_pro_Vio_adu_2025_10_Colorado2025_x005120_y014336
Unknown_Sample,20251031_041_pol_pro_Vio_adu_2025_10_Colorado2025.czi,Vio_adu,775.33,5699.0,14384.0,36,36,119.5,0.961,20251031_041_pol_pro_Vio_adu_2025_10_Colorado2025_x005120_y014336
Unknown_Sample,20251031_041_pol_pro_Vio_adu_2025_10_Colorado2025.czi,Vio_adu,676.44,5283.0,14960.0,34,31,113.11,0.954,20251031_041_pol_pro_Vio_adu_2025_10_Colorado2025_x005120_y014336
Unknown_Sample,20251031_041_pol_pro_Vio_adu_2025_10_Colorado2025.czi,Vio_adu,885.76,6094.0,14673.0,39,37,126.91,0.968,20251031_041_pol_pro_Vio_adu_2025_10_Colorado2025_x005632_y014336
Unknown_Sample,20251031_041_pol_pro_Vio_adu_2025_10_Colorado2025.czi,Vio_adu,711.84,5836.0,14628.0,34,35,114.08,0.964,20251031_041_pol_pro_Vio_adu_2025_10_Colorado2025_x005632_y014336
Unknown_Sample,20251031_041_pol_pro_Vio_adu_2025_10_Colorado2025.czi,Vio_adu,808.03,6070.0,14447.0,36,37,122.08,0.964,20251031_041_pol_pro_Vio_adu_2025_10_Colorado2025_x005632_y014336
Unknown_Sample,20251031_041_pol_pro_Vio_adu_2025_10_Colorado2025.czi,Vio_adu,656.04,5852.0,14776.0,32,34,111.01,0.964,20251031_041_pol_pro_Vio_adu_2025_10_Colorado2025_x005632_y014336
Unknown_Sample,20251031_041_pol_pro_Vio_adu_2025_10_Colorado2025.czi,Vio_adu,759.55,5649.0,14608.0,35,35,117.25,0.963,20251031_041_pol_pro_Vio_adu_2025_10_Colorado2025_x005632_y014336
Unknown_Sample,20251031_041_pol_pro_Vio_adu_2025_10_Colorado2025.czi,Vio_adu,790.72,5863.0,14849.0,37,36,120.33,0.962,20251031_041_pol_pro_Vio_adu_2025_10_Colorado2025_x005632_y014336
Unknown_Sample,20251031_041_pol_pro_Vio_adu_2025_10_Colorado2025.czi,Vio_adu,739.93,6007.0,14809.0,34,37,116.33,0.961,20251031_041_pol_pro_Vio_adu_2025_10_Colorado2025_x005632_y014336
Unknown_Sample,20251031_041_pol_pro_Vio_adu_2025_10_Colorado2025.czi,Vio_adu,773.4,5699.0,14385.0,36,36,120.08,0.961,20251031_041_pol_pro_Vio_adu_2025_10_Colorado2025_x005632_y014336
Unknown_Sample,20251031_041_pol_pro_Vio_adu_2025_10_Colorado2025.czi,Vio_adu,755.32,6177.0,14580.0,35,36,117.5,0.961,20251031_041_pol_pro_Vio_adu_2025_10_Colorado2025_x005632_y014336
Unknown_Sample,20251031_041_pol_pro_Vio_adu_2025_10_Colorado2025.czi,Vio_adu,795.72,6493.0,14825.0,36,36,120.08,0.966,20251031_041_pol_pro_Vio_adu_2025_10_Colorado2025_x006144_y014336
Unknown_Sample,20251031_041_pol_pro_Vio_adu_2025_10_Colorado2025.czi,Vio_adu,746.85,6613.0,14892.0,35,35,116.67,0.964,20251031_041_pol_pro_Vio_adu_2025_10_Colorado2025_x006144_y014336
Unknown_Sample,20251031_041_pol_pro_Vio_adu_2025_10_Colorado2025.czi,Vio_adu,811.11,6650.0,14455.0,36,37,120.91,0.962,20251031_041_pol_pro_Vio_adu_2025_10_Colorado2025_x006144_y014336
Unknown_Sample,20251031_041_pol_pro_Vio_adu_2025_10_Colorado2025.czi,Vio_adu,755.32,6177.0,14580.0,35,36,117.5,0.961,20251031_041_pol_pro_Vio_adu_2025_10_Colorado2025_x006144_y014336
Unknown_Sample,20251031_041_pol_pro_Vio_adu_2025_10_Colorado2025.czi,Vio_adu,839.2,6449.0,14555.0,40,36,126.33,0.959,20251031_041_pol_pro_Vio_adu_2025_10_Colorado2025_x006144_y014336
Unknown_Sample,20251031_041_pol_pro_Vio_adu_2025_10_Colorado2025.czi,Vio_adu,725.69,6832.0,14682.0,34,35,116.43,0.966,20251031_041_pol_pro_Vio_adu_2025_10_Colorado2025_x006656_y014336
Unknown_Sample,20251031_041_pol_pro_Vio_adu_2025_10_Colorado2025.czi,Vio_adu,667.97,6829.0,14781.0,33,33,110.43,0.963,20251031_041_pol_pro_Vio_adu_2025_10_Colorado2025_x006656_y014336
Unknown_Sample,20251031_041_pol_pro_Vio_adu_2025_10_Colorado2025.czi,Vio_adu,215.09,6661.0,14455.0,12,34,79.21,0.938,20251031_041_pol_pro_Vio_adu_2025_10_Colorado2025_x006656_y014336
Unknown_Sample,20251031_041_pol_pro_Vio_adu_2025_10_Colorado2025.czi,Vio_adu,680.29,7474.0,14961.0,36,29,115.46,0.949,20251031_041_pol_pro_Vio_adu_2025_10_Colorado2025_x007168_y014336
Unknown_Sample,20251031_041_pol_pro_Vio_adu_2025_10_Colorado2025.czi,Vio_adu,855.74,8175.0,14740.0,37,38,124.91,0.963,20251031_041_pol_pro_Vio_adu_2025_10_Colorado2025_x007680_y014336
Unknown_Sample,20251031_041_pol_pro_Vio_adu_2025_10_Colorado2025.czi,Vio_adu,945.4,8163.0,14375.0,40,39,131.15,0.963,20251031_041_pol_pro_Vio_adu_2025_10_Colorado2025_x007680_y014336
Unknown_Sample,20251031_041_pol_pro_Vio_adu_2025_10_Colorado2025.czi,Vio_adu,729.15,8263.0,14525.0,34,36,115.5,0.958,20251031_041_pol_pro_Vio_adu_2025_10_Colorado2025_x007680_y014336
Unknown_Sample,20251031_041_pol_pro_Vio_adu_2025_10_Colorado2025.czi,Vio_adu,330.52,7835.0,14437.0,24,23,78.87,0.947,20251031_041_pol_pro_Vio_adu_2025_10_Colorado2025_x007680_y014336
Unknown_Sample,20251031_041_pol_pro_Vio_adu_2025_10_Colorado2025.czi,Vio_adu,876.91,8360.0,14904.0,38,38,126.33,0.963,20251031_041_pol_pro_Vio_adu_2025_10_Colorado2025_x008192_y014336
Unknown_Sample,20251031_041_pol_pro_Vio_adu_2025_10_Colorado2025.czi,Vio_adu,666.05,8695.0,14699.0,33,34,111.84,0.958,20251031_041_pol_pro_Vio_adu_2025_10_Colorado2025_x008192_y014336
Unknown_Sample,20251031_041_pol_pro_Vio_adu_2025_10_Colorado2025.czi,Vio_adu,731.08,8263.0,14525.0,34,36,116.08,0.958,20251031_041_pol_pro_Vio_adu_2025_10_Colorado2025_x008192_y014336
Unknown_Sample,20251031_041_pol_pro_Vio_adu_2025_10_Colorado2025.czi,Vio_adu,899.99,8700.0,14549.0,39,38,128.33,0.955,20251031_041_pol_pro_Vio_adu_2025_10_Colorado2025_x008192_y014336
Unknown_Sample,20251031_041_pol_pro_Vio_adu_2025_10_Colorado2025.czi,Vio_adu,302.43,8711.0,14549.0,16,36,88.28,0.94,20251031_041_pol_pro_Vio_adu_2025_10_Colorado2025_x008704_y014336
Unknown_Sample,20251031_041_pol_pro_Vio_adu_2025_10_Colorado2025.czi,Vio_adu,215.47,8947.0,14341.0,32,13,76.63,0.937,20251031_041_pol_pro_Vio_adu_2025_10_Colorado2025_x008704_y014336
Unknown_Sample,20251031_041_pol_pro_Vio_adu_2025_10_Colorado2025.czi,Vio_adu,216.63,9053.0,14341.0,34,13,78.87,0.934,20251031_041_pol_pro_Vio_adu_2025_10_Colorado2025_x008704_y014336
Unknown_Sample,20251031_041_pol_pro_Vio_adu_2025_10_Colorado2025.czi,Vio_adu,348.61,9847.0,14402.0,19,32,87.46,0.916,20251031_041_pol_pro_Vio_adu_2025_10_Colorado2025_x009216_y014336
Unknown_Sample,20251031_041_pol_pro_Vio_adu_2025_10_Colorado2025.czi,Vio_adu,640.65,9853.0,14402.0,35,32,108.33,0.954,20251031_041_pol_pro_Vio_adu_2025_10_Colorado2025_x009728_y014336
Unknown_Sample,20251031_041_pol_pro_Vio_adu_2025_10_Colorado2025.czi,Vio_adu,720.3,11988.0,14387.0,36,33,114.08,0.959,20251031_041_pol_pro_Vio_adu_2025_10_Colorado2025_x011776_y014336
Unknown_Sample,20251031_041_pol_pro_Vio_adu_2025_10_Colorado2025.czi,Vio_adu,177.77,12129.0,14401.0,18,20,59.11,0.557,20251031_041_pol_pro_Vio_adu_2025_10_Colorado2025_x011776_y014336
Unknown_Sample,20251031_041_pol_pro_Vio_adu_2025_10_Colorado2025.czi,Vio_adu,230.48,13404.0,14527.0,17,23,67.21,0.862,20251031_041_pol_pro_Vio_adu_2025_10_Colorado2025_x012800_y014336
Unknown_Sample,20251031_041_pol_pro_Vio_adu_2025_10_Colorado2025.czi,Vio_adu,230.87,13404.0,14527.0,17,23,67.8,0.857,20251031_041_pol_pro_Vio_adu_2025_10_Colorado2025_x013312_y014336
Unknown_Sample,20251031_041_pol_pro_Vio_adu_2025_10_Colorado2025.czi,Vio_adu,748.39,2199.0,14974.0,35,35,116.67,0.964,20251031_041_pol_pro_Vio_adu_2025_10_Colorado2025_x002048_y014848
Unknown_Sample,20251031_041_pol_pro_Vio_adu_2025_10_Colorado2025.czi,Vio_adu,797.26,2396.0,15015.0,37,35,121.25,0.961,20251031_041_pol_pro_Vio_adu_2025_10_Colorado2025_x002048_y014848
Unknown_Sample,20251031_041_pol_pro_Vio_adu_2025_10_Colorado2025.czi,Vio_adu,754.55,2530.0,15185.0,36,35,116.33,0.96,20251031_041_pol_pro_Vio_adu_2025_10_Colorado2025_x002048_y014848
Unknown_Sample,20251031_041_pol_pro_Vio_adu_2025_10_Colorado2025.czi,Vio_adu,582.17,2360.0,14919.0,30,32,104.18,0.959,20251031_041_pol_pro_Vio_adu_2025_10_Colorado2025_x002048_y014848
Unknown_Sample,20251031_041_pol_pro_Vio_adu_2025_10_Colorado2025.czi,Vio_adu,623.72,2912.0,15057.0,32,32,107.01,0.948,20251031_041_pol_pro_Vio_adu_2025_10_Colorado2025_x002560_y014848
Unknown_Sample,20251031_041_pol_pro_Vio_adu_2025_10_Colorado2025.czi,Vio_adu,369.77,3223.0,14856.0,36,18,92.87,0.951,20251031_041_pol_pro_Vio_adu_2025_10_Colorado2025_x003072_y014848
Unknown_Sample,20251031_041_pol_pro_Vio_adu_2025_10_Colorado2025.czi,Vio_adu,651.43,4128.0,15469.0,32,33,109.01,0.955,20251031_041_pol_pro_Vio_adu_2025_10_Colorado2025_x003584_y014848
Unknown_Sample,20251031_041_pol_pro_Vio_adu_2025_10_Colorado2025.czi,Vio_adu,746.85,4328.0,15394.0,37,33,117.84,0.966,20251031_041_pol_pro_Vio_adu_2025_10_Colorado2025_x004096_y014848
Unknown_Sample,20251031_041_pol_pro_Vio_adu_2025_10_Colorado2025.czi,Vio_adu,661.43,4432.0,15036.0,35,32,110.67,0.962,20251031_041_pol_pro_Vio_adu_2025_10_Colorado2025_x004096_y014848
Unknown_Sample,20251031_041_pol_pro_Vio_adu_2025_10_Colorado2025.czi,Vio_adu,629.88,4553.0,15240.0,33,31,107.01,0.962,20251031_041_pol_pro_Vio_adu_2025_10_Colorado2025_x004096_y014848
Unknown_Sample,20251031_041_pol_pro_Vio_adu_2025_10_Colorado2025.czi,Vio_adu,641.81,4457.0,15208.0,33,32,108.43,0.961,20251031_041_pol_pro_Vio_adu_2025_10_Colorado2025_x004096_y014848
Unknown_Sample,20251031_041_pol_pro_Vio_adu_2025_10_Colorado2025.czi,Vio_adu,649.89,4128.0,15469.0,32,33,109.01,0.956,20251031_041_pol_pro_Vio_adu_2025_10_Colorado2025_x004096_y014848
Unknown_Sample,20251031_041_pol_pro_Vio_adu_2025_10_Colorado2025.czi,Vio_adu,780.71,5171.0,14985.0,36,36,119.5,0.965,20251031_041_pol_pro_Vio_adu_2025_10_Colorado2025_x004608_y014848
Unknown_Sample,20251031_041_pol_pro_Vio_adu_2025_10_Colorado2025.czi,Vio_adu,824.96,4758.0,15234.0,36,38,122.91,0.964,20251031_041_pol_pro_Vio_adu_2025_10_Colorado2025_x004608_y014848
Unknown_Sample,20251031_041_pol_pro_Vio_adu_2025_10_Colorado2025.czi,Vio_adu,834.58,4874.0,15161.0,37,36,123.84,0.964,20251031_041_pol_pro_Vio_adu_2025_10_Colorado2025_x004608_y014848
Unknown_Sample,20251031_041_pol_pro_Vio_adu_2025_10_Colorado2025.czi,Vio_adu,795.33,5589.0,15255.0,36,36,119.5,0.965,20251031_041_pol_pro_Vio_adu_2025_10_Colorado2025_x005120_y014848
Unknown_Sample,20251031_041_pol_pro_Vio_adu_2025_10_Colorado2025.czi,Vio_adu,779.17,5171.0,14985.0,36,36,119.5,0.965,20251031_041_pol_pro_Vio_adu_2025_10_Colorado2025_x005120_y014848
Unknown_Sample,20251031_041_pol_pro_Vio_adu_2025_10_Colorado2025.czi,Vio_adu,733.0,5283.0,14962.0,34,36,115.5,0.964,20251031_041_pol_pro_Vio_adu_2025_10_Colorado2025_x005120_y014848
Unknown_Sample,20251031_041_pol_pro_Vio_adu_2025_10_Colorado2025.czi,Vio_adu,916.15,6089.0,15063.0,40,38,129.15,0.966,20251031_041_pol_pro_Vio_adu_2025_10_Colorado2025_x005632_y014848
Unknown_Sample,20251031_041_pol_pro_Vio_adu_2025_10_Colorado2025.czi,Vio_adu,797.26,6137.0,15189.0,37,36,122.08,0.961,20251031_041_pol_pro_Vio_adu_2025_10_Colorado2025_x005632_y014848
Unknown_Sample,20251031_041_pol_pro_Vio_adu_2025_10_Colorado2025.czi,Vio_adu,713.38,6041.0,15065.0,33,37,114.91,0.958,20251031_041_pol_pro_Vio_adu_2025_10_Colorado2025_x005632_y014848
Unknown_Sample,20251031_041_pol_pro_Vio_adu_2025_10_Colorado2025.czi,Vio_adu,401.71,5863.0,14856.0,37,18,96.63,0.954,20251031_041_pol_pro_Vio_adu_2025_10_Colorado2025_x005632_y014848
Unknown_Sample,20251031_041_pol_pro_Vio_adu_2025_10_Colorado2025.czi,Vio_adu,406.71,6195.0,15478.0,36,19,96.04,0.915,20251031_041_pol_pro_Vio_adu_2025_10_Colorado2025_x005632_y014848
Unknown_Sample,20251031_041_pol_pro_Vio_adu_2025_10_Colorado2025.czi,Vio_adu,748.39,6613.0,14892.0,35,35,116.67,0.965,20251031_041_pol_pro_Vio_adu_2025_10_Colorado2025_x006144_y014848
Unknown_Sample,20251031_041_pol_pro_Vio_adu_2025_10_Colorado2025.czi,Vio_adu,196.62,6149.0,15189.0,12,33,77.21,0.94,20251031_041_pol_pro_Vio_adu_2025_10_Colorado2025_x006144_y014848
Unknown_Sample,20251031_041_pol_pro_Vio_adu_2025_10_Colorado2025.czi,Vio_adu,406.71,6195.0,15478.0,36,19,96.04,0.915,20251031_041_pol_pro_Vio_adu_2025_10_Colorado2025_x006144_y014848
Unknown_Sample,20251031_041_pol_pro_Vio_adu_2025_10_Colorado2025.czi,Vio_adu,273.96,6668.0,15481.0,37,13,87.8,0.884,20251031_041_pol_pro_Vio_adu_2025_10_Colorado2025_x006144_y014848
Unknown_Sample,20251031_041_pol_pro_Vio_adu_2025_10_Colorado2025.czi,Vio_adu,250.49,6669.0,15481.0,32,13,80.73,0.881,20251031_041_pol_pro_Vio_adu_2025_10_Colorado2025_x006656_y014848
Unknown_Sample,20251031_041_pol_pro_Vio_adu_2025_10_Colorado2025.czi,Vio_adu,804.18,7474.0,14964.0,36,37,122.08,0.963,20251031_041_pol_pro_Vio_adu_2025_10_Colorado2025_x007168_y014848
Unknown_Sample,20251031_041_pol_pro_Vio_adu_2025_10_Colorado2025.czi,Vio_adu,824.19,7540.0,15429.0,37,37,122.91,0.963,20251031_041_pol_pro_Vio_adu_2025_10_Colorado2025_x007168_y014848
Unknown_Sample,20251031_041_pol_pro_Vio_adu_2025_10_Colorado2025.czi,Vio_adu,860.75,7731.0,15017.0,40,36,126.33,0.958,20251031_041_pol_pro_Vio_adu_2025_10_Colorado2025_x007168_y014848
Unknown_Sample,20251031_041_pol_pro_Vio_adu_2025_10_Colorado2025.czi,Vio_adu,860.75,7731.0,15017.0,40,36,126.33,0.958,20251031_041_pol_pro_Vio_adu_2025_10_Colorado2025_x007680_y014848
Unknown_Sample,20251031_041_pol_pro_Vio_adu_2025_10_Colorado2025.czi,Vio_adu,971.18,8165.0,15073.0,39,42,135.4,0.957,20251031_041_pol_pro_Vio_adu_2025_10_Colorado2025_x007680_y014848
Unknown_Sample,20251031_041_pol_pro_Vio_adu_2025_10_Colorado2025.czi,Vio_adu,753.78,8334.0,15112.0,34,36,116.67,0.966,20251031_041_pol_pro_Vio_adu_2025_10_Colorado2025_x008192_y014848
Unknown_Sample,20251031_041_pol_pro_Vio_adu_2025_10_Colorado2025.czi,Vio_adu,868.06,8360.0,14904.0,38,38,124.57,0.965,20251031_041_pol_pro_Vio_adu_2025_10_Colorado2025_x008192_y014848
Unknown_Sample,20251031_041_pol_pro_Vio_adu_2025_10_Colorado2025.czi,Vio_adu,864.98,8596.0,15412.0,37,39,125.74,0.959,20251031_041_pol_pro_Vio_adu_2025_10_Colorado2025_x008192_y014848
Unknown_Sample,20251031_041_pol_pro_Vio_adu_2025_10_Colorado2025.czi,Vio_adu,839.2,8900.0,15173.0,37,37,123.5,0.964,20251031_041_pol_pro_Vio_adu_2025_10_Colorado2025_x008704_y014848
Unknown_Sample,20251031_041_pol_pro_Vio_adu_2025_10_Colorado2025.czi,Vio_adu,501.75,10554.0,15409.0,26,37,100.91,0.847,20251031_041_pol_pro_Vio_adu_2025_10_Colorado2025_x010240_y014848
Unknown_Sample,20251031_041_pol_pro_Vio_adu_2025_10_Colorado2025.czi,Vio_adu,648.35,1028.0,15735.0,34,31,109.01,0.951,20251031_041_pol_pro_Vio_adu_2025_10_Colorado2025_x000512_y015360
Unknown_Sample,20251031_041_pol_pro_Vio_adu_2025_10_Colorado2025.czi,Vio_adu,941.55,963.0,15556.0,40,38,130.33,0.946,20251031_041_pol_pro_Vio_adu_2025_10_Colorado2025_x000512_y015360
Unknown_Sample,20251031_041_pol_pro_Vio_adu_2025_10_Colorado2025.czi,Vio_adu,665.28,1549.0,15722.0,33,33,111.01,0.963,20251031_041_pol_pro_Vio_adu_2025_10_Colorado2025_x001024_y015360
Unknown_Sample,20251031_041_pol_pro_Vio_adu_2025_10_Colorado2025.czi,Vio_adu,646.81,1496.0,15495.0,33,33,108.67,0.961,20251031_041_pol_pro_Vio_adu_2025_10_Colorado2025_x001024_y015360
Unknown_Sample,20251031_041_pol_pro_Vio_adu_2025_10_Colorado2025.czi,Vio_adu,399.4,1033.0,15735.0,21,31,90.63,0.956,20251031_041_pol_pro_Vio_adu_2025_10_Colorado2025_x001024_y015360
Unknown_Sample,20251031_041_pol_pro_Vio_adu_2025_10_Colorado2025.czi,Vio_adu,618.34,1550.0,15722.0,29,33,108.87,0.966,20251031_041_pol_pro_Vio_adu_2025_10_Colorado2025_x001536_y015360
Unknown_Sample,20251031_041_pol_pro_Vio_adu_2025_10_Colorado2025.czi,Vio_adu,688.75,2100.0,15522.0,35,33,112.08,0.96,20251031_041_pol_pro_Vio_adu_2025_10_Colorado2025_x001536_y015360
Unknown_Sample,20251031_041_pol_pro_Vio_adu_2025_10_Colorado2025.czi,Vio_adu,714.53,2062.0,15509.0,34,34,113.84,0.959,20251031_041_pol_pro_Vio_adu_2025_10_Colorado2025_x001536_y015360
Unknown_Sample,20251031_041_pol_pro_Vio_adu_2025_10_Colorado2025.czi,Vio_adu,658.35,2063.0,15509.0,31,34,111.36,0.965,20251031_041_pol_pro_Vio_adu_2025_10_Colorado2025_x002048_y015360
Unknown_Sample,20251031_041_pol_pro_Vio_adu_2025_10_Colorado2025.czi,Vio_adu,657.58,2100.0,15522.0,34,32,108.67,0.963,20251031_041_pol_pro_Vio_adu_2025_10_Colorado2025_x002048_y015360
Unknown_Sample,20251031_041_pol_pro_Vio_adu_2025_10_Colorado2025.czi,Vio_adu,775.71,2757.0,15942.0,35,36,119.25,0.96,20251031_041_pol_pro_Vio_adu_2025_10_Colorado2025_x002560_y015360
Unknown_Sample,20251031_041_pol_pro_Vio_adu_2025_10_Colorado2025.czi,Vio_adu,705.68,2792.0,15662.0,34,34,113.25,0.957,20251031_041_pol_pro_Vio_adu_2025_10_Colorado2025_x002560_y015360
Unknown_Sample,20251031_041_pol_pro_Vio_adu_2025_10_Colorado2025.czi,Vio_adu,813.03,3359.0,15917.0,39,35,122.33,0.963,20251031_041_pol_pro_Vio_adu_2025_10_Colorado2025_x003072_y015360
Unknown_Sample,20251031_041_pol_pro_Vio_adu_2025_10_Colorado2025.czi,Vio_adu,754.93,4188.0,15520.0,36,35,118.08,0.965,20251031_041_pol_pro_Vio_adu_2025_10_Colorado2025_x003584_y015360
Unknown_Sample,20251031_041_pol_pro_Vio_adu_2025_10_Colorado2025.czi,Vio_adu,651.81,4128.0,15469.0,32,33,108.43,0.963,20251031_041_pol_pro_Vio_adu_2025_10_Colorado2025_x003584_y015360
Unknown_Sample,20251031_041_pol_pro_Vio_adu_2025_10_Colorado2025.czi,Vio_adu,717.22,3986.0,15978.0,36,33,115.25,0.959,20251031_041_pol_pro_Vio_adu_2025_10_Colorado2025_x003584_y015360
Unknown_Sample,20251031_041_pol_pro_Vio_adu_2025_10_Colorado2025.czi,Vio_adu,748.78,4328.0,15394.0,37,33,117.25,0.965,20251031_041_pol_pro_Vio_adu_2025_10_Colorado2025_x004096_y015360
Unknown_Sample,20251031_041_pol_pro_Vio_adu_2025_10_Colorado2025.czi,Vio_adu,755.32,4188.0,15520.0,36,35,118.67,0.965,20251031_041_pol_pro_Vio_adu_2025_10_Colorado2025_x004096_y015360
Unknown_Sample,20251031_041_pol_pro_Vio_adu_2025_10_Colorado2025.czi,Vio_adu,651.81,4128.0,15469.0,32,33,108.43,0.963,20251031_041_pol_pro_Vio_adu_2025_10_Colorado2025_x004096_y015360
Unknown_Sample,20251031_041_pol_pro_Vio_adu_2025_10_Colorado2025.czi,Vio_adu,806.11,5710.0,15675.0,37,37,121.15,0.963,20251031_041_pol_pro_Vio_adu_2025_10_Colorado2025_x005120_y015360
Unknown_Sample,20251031_041_pol_pro_Vio_adu_2025_10_Colorado2025.czi,Vio_adu,789.56,5710.0,15675.0,37,36,120.91,0.964,20251031_041_pol_pro_Vio_adu_2025_10_Colorado2025_x005632_y015360
Unknown_Sample,20251031_041_pol_pro_Vio_adu_2025_10_Colorado2025.czi,Vio_adu,768.78,6194.0,15486.0,36,36,117.74,0.959,20251031_041_pol_pro_Vio_adu_2025_10_Colorado2025_x005632_y015360
Unknown_Sample,20251031_041_pol_pro_Vio_adu_2025_10_Colorado2025.czi,Vio_adu,692.98,6288.0,15910.0,34,34,112.67,0.961,20251031_041_pol_pro_Vio_adu_2025_10_Colorado2025_x006144_y015360
Unknown_Sample,20251031_041_pol_pro_Vio_adu_2025_10_Colorado2025.czi,Vio_adu,888.45,6668.0,15492.0,39,37,126.33,0.959,20251031_041_pol_pro_Vio_adu_2025_10_Colorado2025_x006144_y015360
Unknown_Sample,20251031_041_pol_pro_Vio_adu_2025_10_Colorado2025.czi,Vio_adu,767.24,6194.0,15486.0,36,36,118.57,0.959,20251031_041_pol_pro_Vio_adu_2025_10_Colorado2025_x006144_y015360
Unknown_Sample,20251031_041_pol_pro_Vio_adu_2025_10_Colorado2025.czi,Vio_adu,837.66,6747.0,15513.0,39,36,123.15,0.941,20251031_041_pol_pro_Vio_adu_2025_10_Colorado2025_x006144_y015360
Unknown_Sample,20251031_041_pol_pro_Vio_adu_2025_10_Colorado2025.czi,Vio_adu,758.01,6671.0,15492.0,32,37,119.94,0.965,20251031_041_pol_pro_Vio_adu_2025_10_Colorado2025_x006656_y015360
Unknown_Sample,20251031_041_pol_pro_Vio_adu_2025_10_Colorado2025.czi,Vio_adu,795.33,6851.0,15724.0,37,35,119.5,0.96,20251031_041_pol_pro_Vio_adu_2025_10_Colorado2025_x006656_y015360
Unknown_Sample,20251031_041_pol_pro_Vio_adu_2025_10_Colorado2025.czi,Vio_adu,858.82,6882.0,15511.0,39,37,126.91,0.958,20251031_041_pol_pro_Vio_adu_2025_10_Colorado2025_x006656_y015360
Unknown_Sample,20251031_041_pol_pro_Vio_adu_2025_10_Colorado2025.czi,Vio_adu,841.12,6747.0,15513.0,39,36,122.57,0.938,20251031_041_pol_pro_Vio_adu_2025_10_Colorado2025_x006656_y015360
Unknown_Sample,20251031_041_pol_pro_Vio_adu_2025_10_Colorado2025.czi,Vio_adu,824.19,7540.0,15429.0,37,37,122.91,0.963,20251031_041_pol_pro_Vio_adu_2025_10_Colorado2025_x007168_y015360
Unknown_Sample,20251031_041_pol_pro_Vio_adu_2025_10_Colorado2025.czi,Vio_adu,774.56,7412.0,15903.0,35,37,120.67,0.958,20251031_041_pol_pro_Vio_adu_2025_10_Colorado2025_x007168_y015360
Unknown_Sample,20251031_041_pol_pro_Vio_adu_2025_10_Colorado2025.czi,Vio_adu,839.2,7787.0,15911.0,37,38,121.98,0.958,20251031_041_pol_pro_Vio_adu_2025_10_Colorado2025_x007168_y015360
Unknown_Sample,20251031_041_pol_pro_Vio_adu_2025_10_Colorado2025.czi,Vio_adu,744.93,7897.0,15913.0,34,35,116.43,0.965,20251031_041_pol_pro_Vio_adu_2025_10_Colorado2025_x007680_y015360
Unknown_Sample,20251031_041_pol_pro_Vio_adu_2025_10_Colorado2025.czi,Vio_adu,828.81,7787.0,15911.0,36,38,121.74,0.964,20251031_041_pol_pro_Vio_adu_2025_10_Colorado2025_x007680_y015360
Unknown_Sample,20251031_041_pol_pro_Vio_adu_2025_10_Colorado2025.czi,Vio_adu,839.97,8063.0,15884.0,37,38,124.33,0.963,20251031_041_pol_pro_Vio_adu_2025_10_Colorado2025_x007680_y015360
Unknown_Sample,20251031_041_pol_pro_Vio_adu_2025_10_Colorado2025.czi,Vio_adu,893.45,8112.0,15696.0,38,39,127.74,0.963,20251031_041_pol_pro_Vio_adu_2025_10_Colorado2025_x007680_y015360
Unknown_Sample,20251031_041_pol_pro_Vio_adu_2025_10_Colorado2025.czi,Vio_adu,637.58,8306.0,15605.0,28,35,112.04,0.947,20251031_041_pol_pro_Vio_adu_2025_10_Colorado2025_x007680_y015360
Unknown_Sample,20251031_041_pol_pro_Vio_adu_2025_10_Colorado2025.czi,Vio_adu,812.26,8433.0,15673.0,37,37,122.33,0.965,20251031_041_pol_pro_Vio_adu_2025_10_Colorado2025_x008192_y015360
Unknown_Sample,20251031_041_pol_pro_Vio_adu_2025_10_Colorado2025.czi,Vio_adu,771.48,8309.0,15605.0,36,35,117.5,0.962,20251031_041_pol_pro_Vio_adu_2025_10_Colorado2025_x008192_y015360
Unknown_Sample,20251031_041_pol_pro_Vio_adu_2025_10_Colorado2025.czi,Vio_adu,769.17,8372.0,15535.0,36,35,118.67,0.961,20251031_041_pol_pro_Vio_adu_2025_10_Colorado2025_x008192_y015360
Unknown_Sample,20251031_041_pol_pro_Vio_adu_2025_10_Colorado2025.czi,Vio_adu,865.75,8596.0,15412.0,37,39,125.74,0.959,20251031_041_pol_pro_Vio_adu_2025_10_Colorado2025_x008192_y015360
Unknown_Sample,20251031_041_pol_pro_Vio_adu_2025_10_Colorado2025.czi,Vio_adu,688.37,8876.0,15600.0,33,34,113.01,0.957,20251031_041_pol_pro_Vio_adu_2025_10_Colorado2025_x008704_y015360
Unknown_Sample,20251031_041_pol_pro_Vio_adu_2025_10_Colorado2025.czi,Vio_adu,501.75,10554.0,15409.0,26,37,100.91,0.853,20251031_041_pol_pro_Vio_adu_2025_10_Colorado2025_x010240_y015360
Unknown_Sample,20251031_041_pol_pro_Vio_adu_2025_10_Colorado2025.czi,Vio_adu,635.65,959.0,16059.0,31,34,107.25,0.939,20251031_041_pol_pro_Vio_adu_2025_10_Colorado2025_x000512_y015872
Unknown_Sample,20251031_041_pol_pro_Vio_adu_2025_10_Colorado2025.czi,Vio_adu,571.39,1093.0,16464.0,30,31,102.18,0.909,20251031_041_pol_pro_Vio_adu_2025_10_Colorado2025_x000512_y015872
Unknown_Sample,20251031_041_pol_pro_Vio_adu_2025_10_Colorado2025.czi,Vio_adu,579.09,1094.0,16465.0,30,32,103.01,0.916,20251031_041_pol_pro_Vio_adu_2025_10_Colorado2025_x001024_y015872
Unknown_Sample,20251031_041_pol_pro_Vio_adu_2025_10_Colorado2025.czi,Vio_adu,671.44,1947.0,16222.0,33,33,109.84,0.963,20251031_041_pol_pro_Vio_adu_2025_10_Colorado2025_x001536_y015872
Unknown_Sample,20251031_041_pol_pro_Vio_adu_2025_10_Colorado2025.czi,Vio_adu,723.77,2006.0,16429.0,36,33,115.84,0.961,20251031_041_pol_pro_Vio_adu_2025_10_Colorado2025_x001536_y015872
Unknown_Sample,20251031_041_pol_pro_Vio_adu_2025_10_Colorado2025.czi,Vio_adu,679.13,2495.0,16322.0,34,33,111.84,0.962,20251031_041_pol_pro_Vio_adu_2025_10_Colorado2025_x002048_y015872
Unknown_Sample,20251031_041_pol_pro_Vio_adu_2025_10_Colorado2025.czi,Vio_adu,671.82,2200.0,16259.0,35,32,112.43,0.961,20251031_041_pol_pro_Vio_adu_2025_10_Colorado2025_x002048_y015872
Unknown_Sample,20251031_041_pol_pro_Vio_adu_2025_10_Colorado2025.czi,Vio_adu,706.45,2293.0,16029.0,35,33,114.43,0.957,20251031_041_pol_pro_Vio_adu_2025_10_Colorado2025_x002048_y015872
Unknown_Sample,20251031_041_pol_pro_Vio_adu_2025_10_Colorado2025.czi,Vio_adu,790.72,2578.0,16250.0,37,36,120.33,0.951,20251031_041_pol_pro_Vio_adu_2025_10_Colorado2025_x002048_y015872
Unknown_Sample,20251031_041_pol_pro_Vio_adu_2025_10_Colorado2025.czi,Vio_adu,359.0,2680.0,16374.0,16,37,93.21,0.909,20251031_041_pol_pro_Vio_adu_2025_10_Colorado2025_x002048_y015872
Unknown_Sample,20251031_041_pol_pro_Vio_adu_2025_10_Colorado2025.czi,Vio_adu,702.99,3132.0,16439.0,32,37,112.33,0.965,20251031_041_pol_pro_Vio_adu_2025_10_Colorado2025_x002560_y015872
Unknown_Sample,20251031_041_pol_pro_Vio_adu_2025_10_Colorado2025.czi,Vio_adu,857.28,2689.0,16374.0,37,38,126.08,0.964,20251031_041_pol_pro_Vio_adu_2025_10_Colorado2025_x002560_y015872
Unknown_Sample,20251031_041_pol_pro_Vio_adu_2025_10_Colorado2025.czi,Vio_adu,647.96,2850.0,16401.0,33,32,109.6,0.962,20251031_041_pol_pro_Vio_adu_2025_10_Colorado2025_x002560_y015872
Unknown_Sample,20251031_041_pol_pro_Vio_adu_2025_10_Colorado2025.czi,Vio_adu,772.25,2757.0,15942.0,35,36,117.5,0.959,20251031_041_pol_pro_Vio_adu_2025_10_Colorado2025_x002560_y015872
Unknown_Sample,20251031_041_pol_pro_Vio_adu_2025_10_Colorado2025.czi,Vio_adu,724.15,2874.0,16231.0,34,35,116.43,0.958,20251031_041_pol_pro_Vio_adu_2025_10_Colorado2025_x002560_y015872
Unknown_Sample,20251031_041_pol_pro_Vio_adu_2025_10_Colorado2025.czi,Vio_adu,790.33,2578.0,16250.0,37,36,120.91,0.949,20251031_041_pol_pro_Vio_adu_2025_10_Colorado2025_x002560_y015872
Unknown_Sample,20251031_041_pol_pro_Vio_adu_2025_10_Colorado2025.czi,Vio_adu,704.14,3132.0,16439.0,32,37,112.91,0.964,20251031_041_pol_pro_Vio_adu_2025_10_Colorado2025_x003072_y015872
Unknown_Sample,20251031_041_pol_pro_Vio_adu_2025_10_Colorado2025.czi,Vio_adu,811.88,3359.0,15917.0,39,35,122.91,0.963,20251031_041_pol_pro_Vio_adu_2025_10_Colorado2025_x003072_y015872
Unknown_Sample,20251031_041_pol_pro_Vio_adu_2025_10_Colorado2025.czi,Vio_adu,717.99,3986.0,15978.0,36,33,115.25,0.964,20251031_041_pol_pro_Vio_adu_2025_10_Colorado2025_x003584_y015872
Unknown_Sample,20251031_041_pol_pro_Vio_adu_2025_10_Colorado2025.czi,Vio_adu,693.37,5504.0,16299.0,34,33,112.43,0.967,20251031_041_pol_pro_Vio_adu_2025_10_Colorado2025_x005120_y015872
Unknown_Sample,20251031_041_pol_pro_Vio_adu_2025_10_Colorado2025.czi,Vio_adu,741.46,5388.0,16126.0,36,34,115.5,0.962,20251031_041_pol_pro_Vio_adu_2025_10_Colorado2025_x005120_y015872
Unknown_Sample,20251031_041_pol_pro_Vio_adu_2025_10_Colorado2025.czi,Vio_adu,723.38,5698.0,16492.0,34,35,115.25,0.949,20251031_041_pol_pro_Vio_adu_2025_10_Colorado2025_x005120_y015872
Unknown_Sample,20251031_041_pol_pro_Vio_adu_2025_10_Colorado2025.czi,Vio_adu,864.98,6236.0,16452.0,36,39,127.25,0.96,20251031_041_pol_pro_Vio_adu_2025_10_Colorado2025_x005632_y015872
Unknown_Sample,20251031_041_pol_pro_Vio_adu_2025_10_Colorado2025.czi,Vio_adu,724.15,5698.0,16492.0,34,35,115.25,0.948,20251031_041_pol_pro_Vio_adu_2025_10_Colorado2025_x005632_y015872
Unknown_Sample,20251031_041_pol_pro_Vio_adu_2025_10_Colorado2025.czi,Vio_adu,725.69,6472.0,16025.0,36,33,115.25,0.962,20251031_041_pol_pro_Vio_adu_2025_10_Colorado2025_x006144_y015872
Unknown_Sample,20251031_041_pol_pro_Vio_adu_2025_10_Colorado2025.czi,Vio_adu,866.13,6236.0,16452.0,36,39,126.67,0.96,20251031_041_pol_pro_Vio_adu_2025_10_Colorado2025_x006144_y015872
Unknown_Sample,20251031_041_pol_pro_Vio_adu_2025_10_Colorado2025.czi,Vio_adu,692.98,6288.0,15910.0,34,34,112.67,0.96,20251031_041_pol_pro_Vio_adu_2025_10_Colorado2025_x006144_y015872
Unknown_Sample,20251031_041_pol_pro_Vio_adu_2025_10_Colorado2025.czi,Vio_adu,768.78,7152.0,16202.0,36,36,117.74,0.964,20251031_041_pol_pro_Vio_adu_2025_10_Colorado2025_x006656_y015872
Unknown_Sample,20251031_041_pol_pro_Vio_adu_2025_10_Colorado2025.czi,Vio_adu,846.51,6826.0,16104.0,37,38,123.74,0.964,20251031_041_pol_pro_Vio_adu_2025_10_Colorado2025_x006656_y015872
Unknown_Sample,20251031_041_pol_pro_Vio_adu_2025_10_Colorado2025.czi,Vio_adu,844.2,7259.0,16242.0,38,37,123.74,0.96,20251031_041_pol_pro_Vio_adu_2025_10_Colorado2025_x006656_y015872
Unknown_Sample,20251031_041_pol_pro_Vio_adu_2025_10_Colorado2025.czi,Vio_adu,846.51,7259.0,16242.0,38,37,123.74,0.96,20251031_041_pol_pro_Vio_adu_2025_10_Colorado2025_x007168_y015872
Unknown_Sample,20251031_041_pol_pro_Vio_adu_2025_10_Colorado2025.czi,Vio_adu,773.79,7412.0,15903.0,35,37,120.67,0.958,20251031_041_pol_pro_Vio_adu_2025_10_Colorado2025_x007168_y015872
Unknown_Sample,20251031_041_pol_pro_Vio_adu_2025_10_Colorado2025.czi,Vio_adu,839.2,7787.0,15911.0,37,38,121.98,0.958,20251031_041_pol_pro_Vio_adu_2025_10_Colorado2025_x007168_y015872
Unknown_Sample,20251031_041_pol_pro_Vio_adu_2025_10_Colorado2025.czi,Vio_adu,987.72,7725.0,16387.0,41,43,136.47,0.951,20251031_041_pol_pro_Vio_adu_2025_10_Colorado2025_x007168_y015872
Unknown_Sample,20251031_041_pol_pro_Vio_adu_2025_10_Colorado2025.czi,Vio_adu,534.07,7797.0,16092.0,22,39,107.46,0.934,20251031_041_pol_pro_Vio_adu_2025_10_Colorado2025_x007168_y015872
Unknown_Sample,20251031_041_pol_pro_Vio_adu_2025_10_Colorado2025.czi,Vio_adu,744.93,7897.0,15913.0,34,35,116.43,0.965,20251031_041_pol_pro_Vio_adu_2025_10_Colorado2025_x007680_y015872
Unknown_Sample,20251031_041_pol_pro_Vio_adu_2025_10_Colorado2025.czi,Vio_adu,736.08,8062.0,15887.0,37,32,119.36,0.965,20251031_041_pol_pro_Vio_adu_2025_10_Colorado2025_x007680_y015872
Unknown_Sample,20251031_041_pol_pro_Vio_adu_2025_10_Colorado2025.czi,Vio_adu,756.09,8117.0,16082.0,35,34,117.01,0.964,20251031_041_pol_pro_Vio_adu_2025_10_Colorado2025_x007680_y015872
Unknown_Sample,20251031_041_pol_pro_Vio_adu_2025_10_Colorado2025.czi,Vio_adu,900.38,8157.0,16184.0,40,37,127.74,0.964,20251031_041_pol_pro_Vio_adu_2025_10_Colorado2025_x007680_y015872
Unknown_Sample,20251031_041_pol_pro_Vio_adu_2025_10_Colorado2025.czi,Vio_adu,828.42,7787.0,15911.0,36,38,121.15,0.963,20251031_041_pol_pro_Vio_adu_2025_10_Colorado2025_x007680_y015872
Unknown_Sample,20251031_041_pol_pro_Vio_adu_2025_10_Colorado2025.czi,Vio_adu,884.22,7803.0,16092.0,39,38,127.74,0.96,20251031_041_pol_pro_Vio_adu_2025_10_Colorado2025_x007680_y015872
Unknown_Sample,20251031_041_pol_pro_Vio_adu_2025_10_Colorado2025.czi,Vio_adu,987.72,7725.0,16387.0,41,43,136.47,0.951,20251031_041_pol_pro_Vio_adu_2025_10_Colorado2025_x007680_y015872
Unknown_Sample,20251031_041_pol_pro_Vio_adu_2025_10_Colorado2025.czi,Vio_adu,774.94,8405.0,16136.0,35,36,118.08,0.965,20251031_041_pol_pro_Vio_adu_2025_10_Colorado2025_x008192_y015872
Unknown_Sample,20251031_041_pol_pro_Vio_adu_2025_10_Colorado2025.czi,Vio_adu,576.78,1093.0,16465.0,30,32,103.01,0.92,20251031_041_pol_pro_Vio_adu_2025_10_Colorado2025_x000512_y016384
Unknown_Sample,20251031_041_pol_pro_Vio_adu_2025_10_Colorado2025.czi,Vio_adu,669.13,1547.0,16983.0,33,34,110.67,0.956,20251031_041_pol_pro_Vio_adu_2025_10_Colorado2025_x001024_y016384
Unknown_Sample,20251031_041_pol_pro_Vio_adu_2025_10_Colorado2025.czi,Vio_adu,208.16,1572.0,16942.0,19,18,62.38,0.95,20251031_041_pol_pro_Vio_adu_2025_10_Colorado2025_x001024_y016384
Unknown_Sample,20251031_041_pol_pro_Vio_adu_2025_10_Colorado2025.czi,Vio_adu,576.01,1093.0,16465.0,30,32,103.01,0.923,20251031_041_pol_pro_Vio_adu_2025_10_Colorado2025_x001024_y016384
Unknown_Sample,20251031_041_pol_pro_Vio_adu_2025_10_Colorado2025.czi,Vio_adu,724.53,2006.0,16429.0,36,33,115.84,0.961,20251031_041_pol_pro_Vio_adu_2025_10_Colorado2025_x001536_y016384
Unknown_Sample,20251031_041_pol_pro_Vio_adu_2025_10_Colorado2025.czi,Vio_adu,588.71,1549.0,16983.0,28,34,107.11,0.96,20251031_041_pol_pro_Vio_adu_2025_10_Colorado2025_x001536_y016384
Unknown_Sample,20251031_041_pol_pro_Vio_adu_2025_10_Colorado2025.czi,Vio_adu,208.93,1572.0,16942.0,19,18,62.38,0.947,20251031_041_pol_pro_Vio_adu_2025_10_Colorado2025_x001536_y016384
Unknown_Sample,20251031_041_pol_pro_Vio_adu_2025_10_Colorado2025.czi,Vio_adu,705.3,2385.0,16965.0,38,33,116.33,0.804,20251031_041_pol_pro_Vio_adu_2025_10_Colorado2025_x002048_y016384
Unknown_Sample,20251031_041_pol_pro_Vio_adu_2025_10_Colorado2025.czi,Vio_adu,702.99,3132.0,16439.0,32,37,112.33,0.965,20251031_041_pol_pro_Vio_adu_2025_10_Colorado2025_x002560_y016384
Unknown_Sample,20251031_041_pol_pro_Vio_adu_2025_10_Colorado2025.czi,Vio_adu,650.27,2850.0,16401.0,33,32,109.6,0.961,20251031_041_pol_pro_Vio_adu_2025_10_Colorado2025_x002560_y016384
Unknown_Sample,20251031_041_pol_pro_Vio_adu_2025_10_Colorado2025.czi,Vio_adu,704.53,3132.0,16439.0,32,37,113.5,0.965,20251031_041_pol_pro_Vio_adu_2025_10_Colorado2025_x003072_y016384
Unknown_Sample,20251031_041_pol_pro_Vio_adu_2025_10_Colorado2025.czi,Vio_adu,963.1,3641.0,16776.0,42,40,133.64,0.9,20251031_041_pol_pro_Vio_adu_2025_10_Colorado2025_x003072_y016384
Unknown_Sample,20251031_041_pol_pro_Vio_adu_2025_10_Colorado2025.czi,Vio_adu,765.71,3973.0,16675.0,34,37,118.08,0.962,20251031_041_pol_pro_Vio_adu_2025_10_Colorado2025_x003584_y016384
Unknown_Sample,20251031_041_pol_pro_Vio_adu_2025_10_Colorado2025.czi,Vio_adu,948.86,3641.0,16776.0,41,40,132.23,0.904,20251031_041_pol_pro_Vio_adu_2025_10_Colorado2025_x003584_y016384
Unknown_Sample,20251031_041_pol_pro_Vio_adu_2025_10_Colorado2025.czi,Vio_adu,722.23,5698.0,16492.0,34,35,114.67,0.958,20251031_041_pol_pro_Vio_adu_2025_10_Colorado2025_x005120_y016384
Unknown_Sample,20251031_041_pol_pro_Vio_adu_2025_10_Colorado2025.czi,Vio_adu,864.98,6236.0,16452.0,36,39,127.25,0.961,20251031_041_pol_pro_Vio_adu_2025_10_Colorado2025_x005632_y016384
Unknown_Sample,20251031_041_pol_pro_Vio_adu_2025_10_Colorado2025.czi,Vio_adu,744.16,6251.0,16866.0,35,35,118.43,0.96,20251031_041_pol_pro_Vio_adu_2025_10_Colorado2025_x005632_y016384
Unknown_Sample,20251031_041_pol_pro_Vio_adu_2025_10_Colorado2025.czi,Vio_adu,723.0,5698.0,16492.0,34,35,114.67,0.958,20251031_041_pol_pro_Vio_adu_2025_10_Colorado2025_x005632_y016384
Unknown_Sample,20251031_041_pol_pro_Vio_adu_2025_10_Colorado2025.czi,Vio_adu,743.77,6251.0,16866.0,35,35,117.84,0.962,20251031_041_pol_pro_Vio_adu_2025_10_Colorado2025_x006144_y016384
Unknown_Sample,20251031_041_pol_pro_Vio_adu_2025_10_Colorado2025.czi,Vio_adu,866.13,6236.0,16452.0,36,39,126.67,0.961,20251031_041_pol_pro_Vio_adu_2025_10_Colorado2025_x006144_y016384
Unknown_Sample,20251031_041_pol_pro_Vio_adu_2025_10_Colorado2025.czi,Vio_adu,952.32,6397.0,16746.0,39,42,133.98,0.959,20251031_041_pol_pro_Vio_adu_2025_10_Colorado2025_x006144_y016384
Unknown_Sample,20251031_041_pol_pro_Vio_adu_2025_10_Colorado2025.czi,Vio_adu,729.92,6902.0,16631.0,34,36,115.5,0.96,20251031_041_pol_pro_Vio_adu_2025_10_Colorado2025_x006656_y016384
Unknown_Sample,20251031_041_pol_pro_Vio_adu_2025_10_Colorado2025.czi,Vio_adu,731.85,7389.0,16817.0,35,34,115.25,0.964,20251031_041_pol_pro_Vio_adu_2025_10_Colorado2025_x007168_y016384
Unknown_Sample,20251031_041_pol_pro_Vio_adu_2025_10_Colorado2025.czi,Vio_adu,707.6,7564.0,16968.0,36,33,113.5,0.957,20251031_041_pol_pro_Vio_adu_2025_10_Colorado2025_x007168_y016384
Unknown_Sample,20251031_041_pol_pro_Vio_adu_2025_10_Colorado2025.czi,Vio_adu,581.4,7725.0,16394.0,42,25,115.36,0.947,20251031_041_pol_pro_Vio_adu_2025_10_Colorado2025_x007168_y016384
Unknown_Sample,20251031_041_pol_pro_Vio_adu_2025_10_Colorado2025.czi,Vio_adu,581.4,7725.0,16394.0,42,25,115.36,0.946,20251031_041_pol_pro_Vio_adu_2025_10_Colorado2025_x007680_y016384
Unknown_Sample,20251031_041_pol_pro_Vio_adu_2025_10_Colorado2025.czi,Vio_adu,550.62,8626.0,16876.0,30,31,102.18,0.959,20251031_041_pol_pro_Vio_adu_2025_10_Colorado2025_x008192_y016384
Unknown_Sample,20251031_041_pol_pro_Vio_adu_2025_10_Colorado2025.czi,Vio_adu,669.13,1547.0,16983.0,33,34,110.67,0.956,20251031_041_pol_pro_Vio_adu_2025_10_Colorado2025_x001024_y016896
Unknown_Sample,20251031_041_pol_pro_Vio_adu_2025_10_Colorado2025.czi,Vio_adu,208.16,1572.0,16942.0,19,18,62.38,0.948,20251031_041_pol_pro_Vio_adu_2025_10_Colorado2025_x001024_y016896
Unknown_Sample,20251031_041_pol_pro_Vio_adu_2025_10_Colorado2025.czi,Vio_adu,587.17,1549.0,16983.0,28,34,107.11,0.959,20251031_041_pol_pro_Vio_adu_2025_10_Colorado2025_x001536_y016896
Unknown_Sample,20251031_041_pol_pro_Vio_adu_2025_10_Colorado2025.czi,Vio_adu,208.93,1572.0,16942.0,19,18,62.38,0.944,20251031_041_pol_pro_Vio_adu_2025_10_Colorado2025_x001536_y016896
Unknown_Sample,20251031_041_pol_pro_Vio_adu_2025_10_Colorado2025.czi,Vio_adu,703.37,2386.0,16965.0,37,33,112.57,0.832,20251031_041_pol_pro_Vio_adu_2025_10_Colorado2025_x002048_y016896
Unknown_Sample,20251031_041_pol_pro_Vio_adu_2025_10_Colorado2025.czi,Vio_adu,424.41,2679.0,17067.0,18,39,100.04,0.813,20251031_041_pol_pro_Vio_adu_2025_10_Colorado2025_x002048_y016896
Unknown_Sample,20251031_041_pol_pro_Vio_adu_2025_10_Colorado2025.czi,Vio_adu,579.86,3009.0,17063.0,30,32,103.01,0.912,20251031_041_pol_pro_Vio_adu_2025_10_Colorado2025_x002560_y016896
Unknown_Sample,20251031_041_pol_pro_Vio_adu_2025_10_Colorado2025.czi,Vio_adu,921.54,2687.0,17071.0,37,44,133.98,0.9,20251031_041_pol_pro_Vio_adu_2025_10_Colorado2025_x002560_y016896
Unknown_Sample,20251031_041_pol_pro_Vio_adu_2025_10_Colorado2025.czi,Vio_adu,597.56,4169.0,17134.0,29,35,105.84,0.895,20251031_041_pol_pro_Vio_adu_2025_10_Colorado2025_x003584_y016896
Unknown_Sample,20251031_041_pol_pro_Vio_adu_2025_10_Colorado2025.czi,Vio_adu,590.63,4169.0,17134.0,28,35,105.01,0.909,20251031_041_pol_pro_Vio_adu_2025_10_Colorado2025_x004096_y016896
Unknown_Sample,20251031_041_pol_pro_Vio_adu_2025_10_Colorado2025.czi,Vio_adu,808.03,6045.0,17047.0,38,35,120.91,0.96,20251031_041_pol_pro_Vio_adu_2025_10_Colorado2025_x005632_y016896
Unknown_Sample,20251031_041_pol_pro_Vio_adu_2025_10_Colorado2025.czi,Vio_adu,722.23,6627.0,17253.0,33,36,114.67,0.957,20251031_041_pol_pro_Vio_adu_2025_10_Colorado2025_x006144_y016896
Unknown_Sample,20251031_041_pol_pro_Vio_adu_2025_10_Colorado2025.czi,Vio_adu,1000.03,7142.0,17466.0,39,42,135.15,0.572,20251031_041_pol_pro_Vio_adu_2025_10_Colorado2025_x006656_y016896
Unknown_Sample,20251031_041_pol_pro_Vio_adu_2025_10_Colorado2025.czi,Vio_adu,709.14,7564.0,16968.0,36,33,113.5,0.957,20251031_041_pol_pro_Vio_adu_2025_10_Colorado2025_x007168_y016896
Unknown_Sample,20251031_041_pol_pro_Vio_adu_2025_10_Colorado2025.czi,Vio_adu,946.55,7142.0,17466.0,37,41,130.91,0.596,20251031_041_pol_pro_Vio_adu_2025_10_Colorado2025_x006656_y017408
