Sample_ID,CZI_File,Species,Area_um2,Centroid_X,Centroid_Y,Width_px,Height_px,Perimeter_px,Confidence,Tile
Unknown_Sample,20251031_036_pol_pro_Vio_adu_2025_5_Colorado2025.czi,Vio_adu,758.01,4487.0,889.0,33,37,118.43,0.944,20251031_036_pol_pro_Vio_adu_2025_5_Colorado2025_x004096_y000512
Unknown_Sample,20251031_036_pol_pro_Vio_adu_2025_5_Colorado2025.czi,Vio_adu,522.53,5495.0,1141.0,38,21,105.8,0.916,20251031_036_pol_pro_Vio_adu_2025_5_Colorado2025_x005120_y000512
Unknown_Sample,20251031_036_pol_pro_Vio_adu_2025_5_Colorado2025.czi,Vio_adu,781.1,5494.0,1145.0,39,33,123.25,0.933,20251031_036_pol_pro_Vio_adu_2025_5_Colorado2025_x005120_y001024
Unknown_Sample,20251031_036_pol_pro_Vio_adu_2025_5_Colorado2025.czi,Vio_adu,870.75,8988.0,2637.0,42,35,128.33,0.948,20251031_036_pol_pro_Vio_adu_2025_5_Colorado2025_x008704_y002048
Unknown_Sample,20251031_036_pol_pro_Vio_adu_2025_5_Colorado2025.czi,Vio_adu,450.19,16114.0,2057.0,38,22,103.11,0.6,20251031_036_pol_pro_Vio_adu_2025_5_Colorado2025_x015872_y002048
Unknown_Sample,20251031_036_pol_pro_Vio_adu_2025_5_Colorado2025.czi,Vio_adu,712.61,2297.0,3023.0,35,34,115.25,0.964,20251031_036_pol_pro_Vio_adu_2025_5_Colorado2025_x002048_y002560
Unknown_Sample,20251031_036_pol_pro_Vio_adu_2025_5_Colorado2025.czi,Vio_adu,870.75,8988.0,2637.0,42,35,128.33,0.949,20251031_036_pol_pro_Vio_adu_2025_5_Colorado2025_x008704_y002560
Unknown_Sample,20251031_036_pol_pro_Vio_adu_2025_5_Colorado2025.czi,Vio_adu,851.9,11450.0,2967.0,39,36,124.91,0.96,20251031_036_pol_pro_Vio_adu_2025_5_Colorado2025_x011264_y002560
Unknown_Sample,20251031_036_pol_pro_Vio_adu_2025_5_Colorado2025.czi,Vio_adu,317.06,9629.0,3831.0,25,21,77.46,0.948,20251031_036_pol_pro_Vio_adu_2025_5_Colorado2025_x009216_y003584
Unknown_Sample,20251031_036_pol_pro_Vio_adu_2025_5_Colorado2025.czi,Vio_adu,884.99,10231.0,4115.0,38,39,126.57,0.961,20251031_036_pol_pro_Vio_adu_2025_5_Colorado2025_x009728_y003584
Unknown_Sample,20251031_036_pol_pro_Vio_adu_2025_5_Colorado2025.czi,Vio_adu,163.53,10244.0,4114.0,10,34,75.21,0.917,20251031_036_pol_pro_Vio_adu_2025_5_Colorado2025_x010240_y003584
Unknown_Sample,20251031_036_pol_pro_Vio_adu_2025_5_Colorado2025.czi,Vio_adu,860.75,10891.0,3721.0,37,38,125.5,0.964,20251031_036_pol_pro_Vio_adu_2025_5_Colorado2025_x010752_y003584
Unknown_Sample,20251031_036_pol_pro_Vio_adu_2025_5_Colorado2025.czi,Vio_adu,900.38,11942.0,3871.0,37,40,128.91,0.968,20251031_036_pol_pro_Vio_adu_2025_5_Colorado2025_x011776_y003584
Unknown_Sample,20251031_036_pol_pro_Vio_adu_2025_5_Colorado2025.czi,Vio_adu,1101.62,11956.0,3758.0,42,43,140.81,0.964,20251031_036_pol_pro_Vio_adu_2025_5_Colorado2025_x011776_y003584
Unknown_Sample,20251031_036_pol_pro_Vio_adu_2025_5_Colorado2025.czi,Vio_adu,628.73,8906.0,4644.0,29,37,108.08,0.954,20251031_036_pol_pro_Vio_adu_2025_5_Colorado2025_x008704_y004096
Unknown_Sample,20251031_036_pol_pro_Vio_adu_2025_5_Colorado2025.czi,Vio_adu,984.64,10335.0,4498.0,39,41,133.15,0.966,20251031_036_pol_pro_Vio_adu_2025_5_Colorado2025_x009728_y004096
Unknown_Sample,20251031_036_pol_pro_Vio_adu_2025_5_Colorado2025.czi,Vio_adu,893.45,10231.0,4115.0,38,39,127.74,0.963,20251031_036_pol_pro_Vio_adu_2025_5_Colorado2025_x009728_y004096
Unknown_Sample,20251031_036_pol_pro_Vio_adu_2025_5_Colorado2025.czi,Vio_adu,984.64,10335.0,4498.0,39,41,133.15,0.966,20251031_036_pol_pro_Vio_adu_2025_5_Colorado2025_x010240_y004096
Unknown_Sample,20251031_036_pol_pro_Vio_adu_2025_5_Colorado2025.czi,Vio_adu,164.3,10244.0,4114.0,10,34,75.21,0.917,20251031_036_pol_pro_Vio_adu_2025_5_Colorado2025_x010240_y004096
Unknown_Sample,20251031_036_pol_pro_Vio_adu_2025_5_Colorado2025.czi,Vio_adu,883.83,2204.0,5049.0,36,41,128.33,0.962,20251031_036_pol_pro_Vio_adu_2025_5_Colorado2025_x002048_y004608
Unknown_Sample,20251031_036_pol_pro_Vio_adu_2025_5_Colorado2025.czi,Vio_adu,679.13,4446.0,5234.0,37,28,116.04,0.956,20251031_036_pol_pro_Vio_adu_2025_5_Colorado2025_x004096_y004608
Unknown_Sample,20251031_036_pol_pro_Vio_adu_2025_5_Colorado2025.czi,Vio_adu,835.35,5363.0,4901.0,35,39,123.5,0.962,20251031_036_pol_pro_Vio_adu_2025_5_Colorado2025_x005120_y004608
Unknown_Sample,20251031_036_pol_pro_Vio_adu_2025_5_Colorado2025.czi,Vio_adu,212.78,5267.0,5242.0,36,11,82.38,0.876,20251031_036_pol_pro_Vio_adu_2025_5_Colorado2025_x005120_y004608
Unknown_Sample,20251031_036_pol_pro_Vio_adu_2025_5_Colorado2025.czi,Vio_adu,453.27,6505.0,5223.0,31,26,94.77,0.96,20251031_036_pol_pro_Vio_adu_2025_5_Colorado2025_x006144_y004608
Unknown_Sample,20251031_036_pol_pro_Vio_adu_2025_5_Colorado2025.czi,Vio_adu,793.79,7228.0,5044.0,36,37,120.33,0.96,20251031_036_pol_pro_Vio_adu_2025_5_Colorado2025_x006656_y004608
Unknown_Sample,20251031_036_pol_pro_Vio_adu_2025_5_Colorado2025.czi,Vio_adu,793.79,7228.0,5044.0,36,37,120.33,0.96,20251031_036_pol_pro_Vio_adu_2025_5_Colorado2025_x007168_y004608
Unknown_Sample,20251031_036_pol_pro_Vio_adu_2025_5_Colorado2025.czi,Vio_adu,923.46,8665.0,4928.0,40,38,128.57,0.964,20251031_036_pol_pro_Vio_adu_2025_5_Colorado2025_x008192_y004608
Unknown_Sample,20251031_036_pol_pro_Vio_adu_2025_5_Colorado2025.czi,Vio_adu,171.61,8425.0,4744.0,20,17,60.63,0.847,20251031_036_pol_pro_Vio_adu_2025_5_Colorado2025_x008192_y004608
Unknown_Sample,20251031_036_pol_pro_Vio_adu_2025_5_Colorado2025.czi,Vio_adu,627.96,8906.0,4644.0,29,37,108.08,0.954,20251031_036_pol_pro_Vio_adu_2025_5_Colorado2025_x008704_y004608
Unknown_Sample,20251031_036_pol_pro_Vio_adu_2025_5_Colorado2025.czi,Vio_adu,839.58,9444.0,4842.0,40,36,126.57,0.954,20251031_036_pol_pro_Vio_adu_2025_5_Colorado2025_x009216_y004608
Unknown_Sample,20251031_036_pol_pro_Vio_adu_2025_5_Colorado2025.czi,Vio_adu,858.82,10716.0,5060.0,37,38,124.91,0.961,20251031_036_pol_pro_Vio_adu_2025_5_Colorado2025_x010240_y004608
Unknown_Sample,20251031_036_pol_pro_Vio_adu_2025_5_Colorado2025.czi,Vio_adu,360.15,2066.0,5308.0,26,26,87.11,0.926,20251031_036_pol_pro_Vio_adu_2025_5_Colorado2025_x001536_y005120
Unknown_Sample,20251031_036_pol_pro_Vio_adu_2025_5_Colorado2025.czi,Vio_adu,362.46,2066.0,5308.0,26,26,87.11,0.922,20251031_036_pol_pro_Vio_adu_2025_5_Colorado2025_x002048_y005120
Unknown_Sample,20251031_036_pol_pro_Vio_adu_2025_5_Colorado2025.czi,Vio_adu,841.89,4446.0,5237.0,37,37,124.08,0.967,20251031_036_pol_pro_Vio_adu_2025_5_Colorado2025_x004096_y005120
Unknown_Sample,20251031_036_pol_pro_Vio_adu_2025_5_Colorado2025.czi,Vio_adu,976.56,5268.0,5256.0,41,39,132.57,0.966,20251031_036_pol_pro_Vio_adu_2025_5_Colorado2025_x005120_y005120
Unknown_Sample,20251031_036_pol_pro_Vio_adu_2025_5_Colorado2025.czi,Vio_adu,965.79,6718.0,5704.0,42,37,134.08,0.965,20251031_036_pol_pro_Vio_adu_2025_5_Colorado2025_x006144_y005120
Unknown_Sample,20251031_036_pol_pro_Vio_adu_2025_5_Colorado2025.czi,Vio_adu,950.01,6498.0,5344.0,40,40,131.98,0.963,20251031_036_pol_pro_Vio_adu_2025_5_Colorado2025_x006144_y005120
Unknown_Sample,20251031_036_pol_pro_Vio_adu_2025_5_Colorado2025.czi,Vio_adu,450.96,6505.0,5223.0,31,26,94.77,0.96,20251031_036_pol_pro_Vio_adu_2025_5_Colorado2025_x006144_y005120
Unknown_Sample,20251031_036_pol_pro_Vio_adu_2025_5_Colorado2025.czi,Vio_adu,965.79,6718.0,5704.0,42,37,134.08,0.965,20251031_036_pol_pro_Vio_adu_2025_5_Colorado2025_x006656_y005120
Unknown_Sample,20251031_036_pol_pro_Vio_adu_2025_5_Colorado2025.czi,Vio_adu,869.98,6822.0,5742.0,38,35,128.53,0.96,20251031_036_pol_pro_Vio_adu_2025_5_Colorado2025_x006656_y005120
Unknown_Sample,20251031_036_pol_pro_Vio_adu_2025_5_Colorado2025.czi,Vio_adu,712.22,2308.0,6134.0,34,38,123.5,0.85,20251031_036_pol_pro_Vio_adu_2025_5_Colorado2025_x002048_y005632
Unknown_Sample,20251031_036_pol_pro_Vio_adu_2025_5_Colorado2025.czi,Vio_adu,860.36,3093.0,5838.0,37,38,126.08,0.964,20251031_036_pol_pro_Vio_adu_2025_5_Colorado2025_x002560_y005632
Unknown_Sample,20251031_036_pol_pro_Vio_adu_2025_5_Colorado2025.czi,Vio_adu,860.75,3093.0,5838.0,37,38,126.67,0.963,20251031_036_pol_pro_Vio_adu_2025_5_Colorado2025_x003072_y005632
Unknown_Sample,20251031_036_pol_pro_Vio_adu_2025_5_Colorado2025.czi,Vio_adu,731.46,3787.0,5883.0,34,36,116.67,0.959,20251031_036_pol_pro_Vio_adu_2025_5_Colorado2025_x003584_y005632
Unknown_Sample,20251031_036_pol_pro_Vio_adu_2025_5_Colorado2025.czi,Vio_adu,483.66,4162.0,6261.0,34,22,99.21,0.94,20251031_036_pol_pro_Vio_adu_2025_5_Colorado2025_x003584_y005632
Unknown_Sample,20251031_036_pol_pro_Vio_adu_2025_5_Colorado2025.czi,Vio_adu,483.66,4162.0,6261.0,34,22,99.21,0.94,20251031_036_pol_pro_Vio_adu_2025_5_Colorado2025_x004096_y005632
Unknown_Sample,20251031_036_pol_pro_Vio_adu_2025_5_Colorado2025.czi,Vio_adu,965.79,6718.0,5704.0,42,37,134.08,0.965,20251031_036_pol_pro_Vio_adu_2025_5_Colorado2025_x006144_y005632
Unknown_Sample,20251031_036_pol_pro_Vio_adu_2025_5_Colorado2025.czi,Vio_adu,878.83,6498.0,5920.0,38,39,126.57,0.964,20251031_036_pol_pro_Vio_adu_2025_5_Colorado2025_x006144_y005632
Unknown_Sample,20251031_036_pol_pro_Vio_adu_2025_5_Colorado2025.czi,Vio_adu,983.49,6822.0,5744.0,38,43,134.57,0.966,20251031_036_pol_pro_Vio_adu_2025_5_Colorado2025_x006656_y005632
Unknown_Sample,20251031_036_pol_pro_Vio_adu_2025_5_Colorado2025.czi,Vio_adu,965.79,6718.0,5704.0,42,37,134.08,0.965,20251031_036_pol_pro_Vio_adu_2025_5_Colorado2025_x006656_y005632
Unknown_Sample,20251031_036_pol_pro_Vio_adu_2025_5_Colorado2025.czi,Vio_adu,898.07,7946.0,5983.0,39,38,127.74,0.963,20251031_036_pol_pro_Vio_adu_2025_5_Colorado2025_x007680_y005632
Unknown_Sample,20251031_036_pol_pro_Vio_adu_2025_5_Colorado2025.czi,Vio_adu,953.48,8535.0,6037.0,38,42,131.4,0.967,20251031_036_pol_pro_Vio_adu_2025_5_Colorado2025_x008192_y005632
Unknown_Sample,20251031_036_pol_pro_Vio_adu_2025_5_Colorado2025.czi,Vio_adu,928.47,9564.0,5774.0,40,38,129.15,0.964,20251031_036_pol_pro_Vio_adu_2025_5_Colorado2025_x009216_y005632
Unknown_Sample,20251031_036_pol_pro_Vio_adu_2025_5_Colorado2025.czi,Vio_adu,1001.57,11012.0,6143.0,41,40,135.15,0.967,20251031_036_pol_pro_Vio_adu_2025_5_Colorado2025_x010752_y005632
Unknown_Sample,20251031_036_pol_pro_Vio_adu_2025_5_Colorado2025.czi,Vio_adu,213.55,12410.0,6050.0,11,34,79.56,0.88,20251031_036_pol_pro_Vio_adu_2025_5_Colorado2025_x011776_y005632
Unknown_Sample,20251031_036_pol_pro_Vio_adu_2025_5_Colorado2025.czi,Vio_adu,948.09,12423.0,6051.0,39,40,130.57,0.966,20251031_036_pol_pro_Vio_adu_2025_5_Colorado2025_x012288_y005632
Unknown_Sample,20251031_036_pol_pro_Vio_adu_2025_5_Colorado2025.czi,Vio_adu,768.01,2421.0,6604.0,35,36,116.91,0.964,20251031_036_pol_pro_Vio_adu_2025_5_Colorado2025_x002048_y006144
Unknown_Sample,20251031_036_pol_pro_Vio_adu_2025_5_Colorado2025.czi,Vio_adu,689.9,4162.0,6265.0,34,33,111.84,0.962,20251031_036_pol_pro_Vio_adu_2025_5_Colorado2025_x003584_y006144
Unknown_Sample,20251031_036_pol_pro_Vio_adu_2025_5_Colorado2025.czi,Vio_adu,690.67,4162.0,6265.0,34,33,111.84,0.962,20251031_036_pol_pro_Vio_adu_2025_5_Colorado2025_x004096_y006144
Unknown_Sample,20251031_036_pol_pro_Vio_adu_2025_5_Colorado2025.czi,Vio_adu,883.45,5197.0,6319.0,38,38,126.91,0.964,20251031_036_pol_pro_Vio_adu_2025_5_Colorado2025_x004608_y006144
Unknown_Sample,20251031_036_pol_pro_Vio_adu_2025_5_Colorado2025.czi,Vio_adu,884.99,5197.0,6319.0,38,38,126.91,0.964,20251031_036_pol_pro_Vio_adu_2025_5_Colorado2025_x005120_y006144
Unknown_Sample,20251031_036_pol_pro_Vio_adu_2025_5_Colorado2025.czi,Vio_adu,917.69,5683.0,6322.0,38,40,130.33,0.963,20251031_036_pol_pro_Vio_adu_2025_5_Colorado2025_x005120_y006144
Unknown_Sample,20251031_036_pol_pro_Vio_adu_2025_5_Colorado2025.czi,Vio_adu,1057.37,6034.0,6621.0,41,42,138.57,0.964,20251031_036_pol_pro_Vio_adu_2025_5_Colorado2025_x005632_y006144
Unknown_Sample,20251031_036_pol_pro_Vio_adu_2025_5_Colorado2025.czi,Vio_adu,917.69,5683.0,6322.0,38,40,130.33,0.963,20251031_036_pol_pro_Vio_adu_2025_5_Colorado2025_x005632_y006144
Unknown_Sample,20251031_036_pol_pro_Vio_adu_2025_5_Colorado2025.czi,Vio_adu,894.99,7067.0,6692.0,38,40,127.4,0.943,20251031_036_pol_pro_Vio_adu_2025_5_Colorado2025_x006656_y006144
Unknown_Sample,20251031_036_pol_pro_Vio_adu_2025_5_Colorado2025.czi,Vio_adu,576.78,7103.0,6702.0,37,28,106.67,0.929,20251031_036_pol_pro_Vio_adu_2025_5_Colorado2025_x006656_y006144
Unknown_Sample,20251031_036_pol_pro_Vio_adu_2025_5_Colorado2025.czi,Vio_adu,966.56,8279.0,6652.0,41,39,133.74,0.961,20251031_036_pol_pro_Vio_adu_2025_5_Colorado2025_x007680_y006144
Unknown_Sample,20251031_036_pol_pro_Vio_adu_2025_5_Colorado2025.czi,Vio_adu,956.94,8349.0,6567.0,42,38,130.81,0.964,20251031_036_pol_pro_Vio_adu_2025_5_Colorado2025_x008192_y006144
Unknown_Sample,20251031_036_pol_pro_Vio_adu_2025_5_Colorado2025.czi,Vio_adu,966.56,8279.0,6652.0,41,39,133.74,0.961,20251031_036_pol_pro_Vio_adu_2025_5_Colorado2025_x008192_y006144
Unknown_Sample,20251031_036_pol_pro_Vio_adu_2025_5_Colorado2025.czi,Vio_adu,935.01,8929.0,6666.0,40,39,130.57,0.963,20251031_036_pol_pro_Vio_adu_2025_5_Colorado2025_x008704_y006144
Unknown_Sample,20251031_036_pol_pro_Vio_adu_2025_5_Colorado2025.czi,Vio_adu,890.76,9644.0,6765.0,38,37,127.84,0.955,20251031_036_pol_pro_Vio_adu_2025_5_Colorado2025_x009216_y006144
Unknown_Sample,20251031_036_pol_pro_Vio_adu_2025_5_Colorado2025.czi,Vio_adu,995.42,9876.0,6701.0,41,41,135.98,0.964,20251031_036_pol_pro_Vio_adu_2025_5_Colorado2025_x009728_y006144
Unknown_Sample,20251031_036_pol_pro_Vio_adu_2025_5_Colorado2025.czi,Vio_adu,1131.24,11097.0,6584.0,41,46,144.23,0.961,20251031_036_pol_pro_Vio_adu_2025_5_Colorado2025_x010752_y006144
Unknown_Sample,20251031_036_pol_pro_Vio_adu_2025_5_Colorado2025.czi,Vio_adu,447.11,11012.0,6152.0,41,19,103.11,0.954,20251031_036_pol_pro_Vio_adu_2025_5_Colorado2025_x010752_y006144
Unknown_Sample,20251031_036_pol_pro_Vio_adu_2025_5_Colorado2025.czi,Vio_adu,829.19,11776.0,6768.0,39,32,126.87,0.952,20251031_036_pol_pro_Vio_adu_2025_5_Colorado2025_x011264_y006144
Unknown_Sample,20251031_036_pol_pro_Vio_adu_2025_5_Colorado2025.czi,Vio_adu,392.09,11785.0,6768.0,19,32,91.56,0.948,20251031_036_pol_pro_Vio_adu_2025_5_Colorado2025_x011776_y006144
Unknown_Sample,20251031_036_pol_pro_Vio_adu_2025_5_Colorado2025.czi,Vio_adu,744.54,1402.0,7209.0,37,33,116.67,0.641,20251031_036_pol_pro_Vio_adu_2025_5_Colorado2025_x001024_y006656
Unknown_Sample,20251031_036_pol_pro_Vio_adu_2025_5_Colorado2025.czi,Vio_adu,796.87,2304.0,7238.0,36,36,119.5,0.965,20251031_036_pol_pro_Vio_adu_2025_5_Colorado2025_x002048_y006656
Unknown_Sample,20251031_036_pol_pro_Vio_adu_2025_5_Colorado2025.czi,Vio_adu,850.74,3983.0,7053.0,39,36,124.33,0.967,20251031_036_pol_pro_Vio_adu_2025_5_Colorado2025_x003584_y006656
Unknown_Sample,20251031_036_pol_pro_Vio_adu_2025_5_Colorado2025.czi,Vio_adu,683.36,4261.0,7260.0,33,33,111.6,0.966,20251031_036_pol_pro_Vio_adu_2025_5_Colorado2025_x004096_y006656
Unknown_Sample,20251031_036_pol_pro_Vio_adu_2025_5_Colorado2025.czi,Vio_adu,894.99,7067.0,6692.0,38,40,127.4,0.943,20251031_036_pol_pro_Vio_adu_2025_5_Colorado2025_x006656_y006656
Unknown_Sample,20251031_036_pol_pro_Vio_adu_2025_5_Colorado2025.czi,Vio_adu,577.55,7103.0,6702.0,37,28,106.67,0.929,20251031_036_pol_pro_Vio_adu_2025_5_Colorado2025_x006656_y006656
Unknown_Sample,20251031_036_pol_pro_Vio_adu_2025_5_Colorado2025.czi,Vio_adu,327.83,8279.0,6663.0,38,16,92.28,0.942,20251031_036_pol_pro_Vio_adu_2025_5_Colorado2025_x007680_y006656
Unknown_Sample,20251031_036_pol_pro_Vio_adu_2025_5_Colorado2025.czi,Vio_adu,327.83,8279.0,6663.0,38,16,92.28,0.943,20251031_036_pol_pro_Vio_adu_2025_5_Colorado2025_x008192_y006656
Unknown_Sample,20251031_036_pol_pro_Vio_adu_2025_5_Colorado2025.czi,Vio_adu,752.62,8930.0,6670.0,40,30,121.94,0.967,20251031_036_pol_pro_Vio_adu_2025_5_Colorado2025_x008704_y006656
Unknown_Sample,20251031_036_pol_pro_Vio_adu_2025_5_Colorado2025.czi,Vio_adu,794.18,9383.0,6997.0,36,37,120.91,0.965,20251031_036_pol_pro_Vio_adu_2025_5_Colorado2025_x009216_y006656
Unknown_Sample,20251031_036_pol_pro_Vio_adu_2025_5_Colorado2025.czi,Vio_adu,916.54,9644.0,6766.0,38,40,129.74,0.961,20251031_036_pol_pro_Vio_adu_2025_5_Colorado2025_x009216_y006656
Unknown_Sample,20251031_036_pol_pro_Vio_adu_2025_5_Colorado2025.czi,Vio_adu,995.03,9876.0,6701.0,41,41,135.4,0.964,20251031_036_pol_pro_Vio_adu_2025_5_Colorado2025_x009728_y006656
Unknown_Sample,20251031_036_pol_pro_Vio_adu_2025_5_Colorado2025.czi,Vio_adu,1078.53,10287.0,7032.0,41,43,139.98,0.964,20251031_036_pol_pro_Vio_adu_2025_5_Colorado2025_x009728_y006656
Unknown_Sample,20251031_036_pol_pro_Vio_adu_2025_5_Colorado2025.czi,Vio_adu,1079.68,10287.0,7032.0,41,43,140.57,0.964,20251031_036_pol_pro_Vio_adu_2025_5_Colorado2025_x010240_y006656
Unknown_Sample,20251031_036_pol_pro_Vio_adu_2025_5_Colorado2025.czi,Vio_adu,925.0,10724.0,6825.0,40,39,129.4,0.963,20251031_036_pol_pro_Vio_adu_2025_5_Colorado2025_x010240_y006656
Unknown_Sample,20251031_036_pol_pro_Vio_adu_2025_5_Colorado2025.czi,Vio_adu,876.14,10542.0,7163.0,39,37,126.33,0.962,20251031_036_pol_pro_Vio_adu_2025_5_Colorado2025_x010240_y006656
Unknown_Sample,20251031_036_pol_pro_Vio_adu_2025_5_Colorado2025.czi,Vio_adu,938.09,11037.0,6919.0,39,40,130.57,0.966,20251031_036_pol_pro_Vio_adu_2025_5_Colorado2025_x010752_y006656
Unknown_Sample,20251031_036_pol_pro_Vio_adu_2025_5_Colorado2025.czi,Vio_adu,1007.73,10985.0,6936.0,40,42,135.98,0.963,20251031_036_pol_pro_Vio_adu_2025_5_Colorado2025_x010752_y006656
Unknown_Sample,20251031_036_pol_pro_Vio_adu_2025_5_Colorado2025.czi,Vio_adu,619.11,11292.0,7284.0,41,23,115.21,0.932,20251031_036_pol_pro_Vio_adu_2025_5_Colorado2025_x010752_y006656
Unknown_Sample,20251031_036_pol_pro_Vio_adu_2025_5_Colorado2025.czi,Vio_adu,973.49,11775.0,6771.0,39,40,132.91,0.965,20251031_036_pol_pro_Vio_adu_2025_5_Colorado2025_x011264_y006656
Unknown_Sample,20251031_036_pol_pro_Vio_adu_2025_5_Colorado2025.czi,Vio_adu,619.11,11292.0,7284.0,41,23,115.21,0.931,20251031_036_pol_pro_Vio_adu_2025_5_Colorado2025_x011264_y006656
Unknown_Sample,20251031_036_pol_pro_Vio_adu_2025_5_Colorado2025.czi,Vio_adu,445.96,11785.0,6770.0,19,39,102.04,0.955,20251031_036_pol_pro_Vio_adu_2025_5_Colorado2025_x011776_y006656
Unknown_Sample,20251031_036_pol_pro_Vio_adu_2025_5_Colorado2025.czi,Vio_adu,754.93,1402.0,7209.0,37,34,118.08,0.708,20251031_036_pol_pro_Vio_adu_2025_5_Colorado2025_x001024_y007168
Unknown_Sample,20251031_036_pol_pro_Vio_adu_2025_5_Colorado2025.czi,Vio_adu,730.69,2115.0,7586.0,35,34,115.84,0.964,20251031_036_pol_pro_Vio_adu_2025_5_Colorado2025_x001536_y007168
Unknown_Sample,20251031_036_pol_pro_Vio_adu_2025_5_Colorado2025.czi,Vio_adu,761.09,1984.0,7564.0,35,36,118.08,0.963,20251031_036_pol_pro_Vio_adu_2025_5_Colorado2025_x001536_y007168
Unknown_Sample,20251031_036_pol_pro_Vio_adu_2025_5_Colorado2025.czi,Vio_adu,799.95,2304.0,7238.0,36,37,121.5,0.965,20251031_036_pol_pro_Vio_adu_2025_5_Colorado2025_x002048_y007168
Unknown_Sample,20251031_036_pol_pro_Vio_adu_2025_5_Colorado2025.czi,Vio_adu,733.0,2115.0,7586.0,35,35,116.67,0.963,20251031_036_pol_pro_Vio_adu_2025_5_Colorado2025_x002048_y007168
Unknown_Sample,20251031_036_pol_pro_Vio_adu_2025_5_Colorado2025.czi,Vio_adu,771.09,3283.0,7782.0,35,36,118.08,0.963,20251031_036_pol_pro_Vio_adu_2025_5_Colorado2025_x003072_y007168
Unknown_Sample,20251031_036_pol_pro_Vio_adu_2025_5_Colorado2025.czi,Vio_adu,681.82,4261.0,7260.0,33,33,111.6,0.967,20251031_036_pol_pro_Vio_adu_2025_5_Colorado2025_x004096_y007168
Unknown_Sample,20251031_036_pol_pro_Vio_adu_2025_5_Colorado2025.czi,Vio_adu,731.85,4438.0,7515.0,36,34,116.08,0.966,20251031_036_pol_pro_Vio_adu_2025_5_Colorado2025_x004096_y007168
Unknown_Sample,20251031_036_pol_pro_Vio_adu_2025_5_Colorado2025.czi,Vio_adu,768.78,4374.0,7311.0,36,35,118.08,0.964,20251031_036_pol_pro_Vio_adu_2025_5_Colorado2025_x004096_y007168
Unknown_Sample,20251031_036_pol_pro_Vio_adu_2025_5_Colorado2025.czi,Vio_adu,657.97,8501.0,7794.0,37,27,115.8,0.947,20251031_036_pol_pro_Vio_adu_2025_5_Colorado2025_x008192_y007168
Unknown_Sample,20251031_036_pol_pro_Vio_adu_2025_5_Colorado2025.czi,Vio_adu,768.78,8817.0,7780.0,30,40,121.94,0.939,20251031_036_pol_pro_Vio_adu_2025_5_Colorado2025_x008192_y007168
Unknown_Sample,20251031_036_pol_pro_Vio_adu_2025_5_Colorado2025.czi,Vio_adu,859.21,8848.0,7542.0,37,38,125.5,0.965,20251031_036_pol_pro_Vio_adu_2025_5_Colorado2025_x008704_y007168
Unknown_Sample,20251031_036_pol_pro_Vio_adu_2025_5_Colorado2025.czi,Vio_adu,934.24,8820.0,7780.0,39,40,129.4,0.958,20251031_036_pol_pro_Vio_adu_2025_5_Colorado2025_x008704_y007168
Unknown_Sample,20251031_036_pol_pro_Vio_adu_2025_5_Colorado2025.czi,Vio_adu,88.5,8934.0,7392.0,13,13,40.97,0.593,20251031_036_pol_pro_Vio_adu_2025_5_Colorado2025_x008704_y007168
Unknown_Sample,20251031_036_pol_pro_Vio_adu_2025_5_Colorado2025.czi,Vio_adu,938.47,9377.0,7384.0,40,40,133.15,0.964,20251031_036_pol_pro_Vio_adu_2025_5_Colorado2025_x009216_y007168
Unknown_Sample,20251031_036_pol_pro_Vio_adu_2025_5_Colorado2025.czi,Vio_adu,1111.24,9601.0,7754.0,44,41,142.57,0.962,20251031_036_pol_pro_Vio_adu_2025_5_Colorado2025_x009216_y007168
Unknown_Sample,20251031_036_pol_pro_Vio_adu_2025_5_Colorado2025.czi,Vio_adu,903.46,10158.0,7357.0,38,40,129.74,0.968,20251031_036_pol_pro_Vio_adu_2025_5_Colorado2025_x009728_y007168
Unknown_Sample,20251031_036_pol_pro_Vio_adu_2025_5_Colorado2025.czi,Vio_adu,275.12,10541.0,7174.0,37,14,88.04,0.937,20251031_036_pol_pro_Vio_adu_2025_5_Colorado2025_x010240_y007168
Unknown_Sample,20251031_036_pol_pro_Vio_adu_2025_5_Colorado2025.czi,Vio_adu,1005.81,11291.0,7291.0,41,40,135.74,0.962,20251031_036_pol_pro_Vio_adu_2025_5_Colorado2025_x010752_y007168
Unknown_Sample,20251031_036_pol_pro_Vio_adu_2025_5_Colorado2025.czi,Vio_adu,1006.58,11291.0,7291.0,41,40,135.74,0.962,20251031_036_pol_pro_Vio_adu_2025_5_Colorado2025_x011264_y007168
Unknown_Sample,20251031_036_pol_pro_Vio_adu_2025_5_Colorado2025.czi,Vio_adu,751.47,14028.0,7314.0,35,35,117.84,0.964,20251031_036_pol_pro_Vio_adu_2025_5_Colorado2025_x013824_y007168
Unknown_Sample,20251031_036_pol_pro_Vio_adu_2025_5_Colorado2025.czi,Vio_adu,765.71,1982.0,8153.0,35,36,119.25,0.965,20251031_036_pol_pro_Vio_adu_2025_5_Colorado2025_x001536_y007680
Unknown_Sample,20251031_036_pol_pro_Vio_adu_2025_5_Colorado2025.czi,Vio_adu,799.57,2121.0,7858.0,36,37,120.91,0.964,20251031_036_pol_pro_Vio_adu_2025_5_Colorado2025_x001536_y007680
Unknown_Sample,20251031_036_pol_pro_Vio_adu_2025_5_Colorado2025.czi,Vio_adu,720.3,2597.0,8028.0,35,34,114.08,0.965,20251031_036_pol_pro_Vio_adu_2025_5_Colorado2025_x002048_y007680
Unknown_Sample,20251031_036_pol_pro_Vio_adu_2025_5_Colorado2025.czi,Vio_adu,800.34,2121.0,7858.0,36,37,120.91,0.964,20251031_036_pol_pro_Vio_adu_2025_5_Colorado2025_x002048_y007680
Unknown_Sample,20251031_036_pol_pro_Vio_adu_2025_5_Colorado2025.czi,Vio_adu,709.53,2354.0,7916.0,34,34,115.6,0.962,20251031_036_pol_pro_Vio_adu_2025_5_Colorado2025_x002048_y007680
Unknown_Sample,20251031_036_pol_pro_Vio_adu_2025_5_Colorado2025.czi,Vio_adu,720.3,2597.0,8028.0,35,34,114.08,0.965,20251031_036_pol_pro_Vio_adu_2025_5_Colorado2025_x002560_y007680
Unknown_Sample,20251031_036_pol_pro_Vio_adu_2025_5_Colorado2025.czi,Vio_adu,769.55,3283.0,7782.0,35,36,118.08,0.963,20251031_036_pol_pro_Vio_adu_2025_5_Colorado2025_x003072_y007680
Unknown_Sample,20251031_036_pol_pro_Vio_adu_2025_5_Colorado2025.czi,Vio_adu,736.85,3892.0,8111.0,36,35,118.67,0.956,20251031_036_pol_pro_Vio_adu_2025_5_Colorado2025_x003584_y007680
Unknown_Sample,20251031_036_pol_pro_Vio_adu_2025_5_Colorado2025.czi,Vio_adu,1043.9,8119.0,7937.0,43,40,139.15,0.961,20251031_036_pol_pro_Vio_adu_2025_5_Colorado2025_x007680_y007680
Unknown_Sample,20251031_036_pol_pro_Vio_adu_2025_5_Colorado2025.czi,Vio_adu,879.6,8502.0,7799.0,38,38,126.91,0.964,20251031_036_pol_pro_Vio_adu_2025_5_Colorado2025_x008192_y007680
Unknown_Sample,20251031_036_pol_pro_Vio_adu_2025_5_Colorado2025.czi,Vio_adu,825.73,8394.0,7824.0,35,40,123.74,0.962,20251031_036_pol_pro_Vio_adu_2025_5_Colorado2025_x008192_y007680
Unknown_Sample,20251031_036_pol_pro_Vio_adu_2025_5_Colorado2025.czi,Vio_adu,767.63,8817.0,7780.0,30,40,122.53,0.941,20251031_036_pol_pro_Vio_adu_2025_5_Colorado2025_x008192_y007680
Unknown_Sample,20251031_036_pol_pro_Vio_adu_2025_5_Colorado2025.czi,Vio_adu,1143.17,9128.0,7857.0,44,42,145.15,0.962,20251031_036_pol_pro_Vio_adu_2025_5_Colorado2025_x008704_y007680
Unknown_Sample,20251031_036_pol_pro_Vio_adu_2025_5_Colorado2025.czi,Vio_adu,930.77,8820.0,7780.0,39,40,129.98,0.959,20251031_036_pol_pro_Vio_adu_2025_5_Colorado2025_x008704_y007680
Unknown_Sample,20251031_036_pol_pro_Vio_adu_2025_5_Colorado2025.czi,Vio_adu,946.55,9557.0,8065.0,41,39,131.4,0.963,20251031_036_pol_pro_Vio_adu_2025_5_Colorado2025_x009216_y007680
Unknown_Sample,20251031_036_pol_pro_Vio_adu_2025_5_Colorado2025.czi,Vio_adu,1110.85,9601.0,7754.0,44,41,141.98,0.963,20251031_036_pol_pro_Vio_adu_2025_5_Colorado2025_x009216_y007680
Unknown_Sample,20251031_036_pol_pro_Vio_adu_2025_5_Colorado2025.czi,Vio_adu,828.42,10839.0,8125.0,36,38,122.33,0.964,20251031_036_pol_pro_Vio_adu_2025_5_Colorado2025_x010240_y007680
Unknown_Sample,20251031_036_pol_pro_Vio_adu_2025_5_Colorado2025.czi,Vio_adu,829.96,10839.0,8125.0,36,38,122.33,0.963,20251031_036_pol_pro_Vio_adu_2025_5_Colorado2025_x010752_y007680
Unknown_Sample,20251031_036_pol_pro_Vio_adu_2025_5_Colorado2025.czi,Vio_adu,577.93,11807.0,8088.0,31,33,105.25,0.942,20251031_036_pol_pro_Vio_adu_2025_5_Colorado2025_x011264_y007680
Unknown_Sample,20251031_036_pol_pro_Vio_adu_2025_5_Colorado2025.czi,Vio_adu,577.93,11807.0,8088.0,31,33,105.25,0.941,20251031_036_pol_pro_Vio_adu_2025_5_Colorado2025_x011776_y007680
Unknown_Sample,20251031_036_pol_pro_Vio_adu_2025_5_Colorado2025.czi,Vio_adu,701.06,1951.0,8674.0,34,34,114.43,0.965,20251031_036_pol_pro_Vio_adu_2025_5_Colorado2025_x001536_y008192
Unknown_Sample,20251031_036_pol_pro_Vio_adu_2025_5_Colorado2025.czi,Vio_adu,768.78,2044.0,8645.0,36,35,118.08,0.964,20251031_036_pol_pro_Vio_adu_2025_5_Colorado2025_x001536_y008192
Unknown_Sample,20251031_036_pol_pro_Vio_adu_2025_5_Colorado2025.czi,Vio_adu,260.88,2054.0,8645.0,15,34,82.28,0.944,20251031_036_pol_pro_Vio_adu_2025_5_Colorado2025_x002048_y008192
Unknown_Sample,20251031_036_pol_pro_Vio_adu_2025_5_Colorado2025.czi,Vio_adu,818.8,4120.0,8624.0,37,37,122.91,0.965,20251031_036_pol_pro_Vio_adu_2025_5_Colorado2025_x003584_y008192
Unknown_Sample,20251031_036_pol_pro_Vio_adu_2025_5_Colorado2025.czi,Vio_adu,821.11,4120.0,8624.0,37,37,122.91,0.965,20251031_036_pol_pro_Vio_adu_2025_5_Colorado2025_x004096_y008192
Unknown_Sample,20251031_036_pol_pro_Vio_adu_2025_5_Colorado2025.czi,Vio_adu,815.73,5279.0,8595.0,35,38,123.25,0.965,20251031_036_pol_pro_Vio_adu_2025_5_Colorado2025_x005120_y008192
Unknown_Sample,20251031_036_pol_pro_Vio_adu_2025_5_Colorado2025.czi,Vio_adu,842.66,5944.0,8575.0,37,38,124.91,0.965,20251031_036_pol_pro_Vio_adu_2025_5_Colorado2025_x005632_y008192
Unknown_Sample,20251031_036_pol_pro_Vio_adu_2025_5_Colorado2025.czi,Vio_adu,890.37,7422.0,8604.0,38,38,126.91,0.963,20251031_036_pol_pro_Vio_adu_2025_5_Colorado2025_x007168_y008192
Unknown_Sample,20251031_036_pol_pro_Vio_adu_2025_5_Colorado2025.czi,Vio_adu,828.81,9162.0,8583.0,35,38,122.08,0.961,20251031_036_pol_pro_Vio_adu_2025_5_Colorado2025_x008704_y008192
Unknown_Sample,20251031_036_pol_pro_Vio_adu_2025_5_Colorado2025.czi,Vio_adu,868.06,8942.0,8411.0,38,37,124.91,0.958,20251031_036_pol_pro_Vio_adu_2025_5_Colorado2025_x008704_y008192
Unknown_Sample,20251031_036_pol_pro_Vio_adu_2025_5_Colorado2025.czi,Vio_adu,679.9,12265.0,8400.0,31,37,111.5,0.959,20251031_036_pol_pro_Vio_adu_2025_5_Colorado2025_x011776_y008192
Unknown_Sample,20251031_036_pol_pro_Vio_adu_2025_5_Colorado2025.czi,Vio_adu,604.87,1502.0,9058.0,30,36,111.25,0.738,20251031_036_pol_pro_Vio_adu_2025_5_Colorado2025_x001024_y008704
Unknown_Sample,20251031_036_pol_pro_Vio_adu_2025_5_Colorado2025.czi,Vio_adu,716.84,1931.0,9017.0,34,35,114.67,0.965,20251031_036_pol_pro_Vio_adu_2025_5_Colorado2025_x001536_y008704
Unknown_Sample,20251031_036_pol_pro_Vio_adu_2025_5_Colorado2025.czi,Vio_adu,746.85,1719.0,9287.0,35,36,117.5,0.964,20251031_036_pol_pro_Vio_adu_2025_5_Colorado2025_x001536_y008704
Unknown_Sample,20251031_036_pol_pro_Vio_adu_2025_5_Colorado2025.czi,Vio_adu,828.81,2010.0,9010.0,36,39,121.4,0.964,20251031_036_pol_pro_Vio_adu_2025_5_Colorado2025_x001536_y008704
Unknown_Sample,20251031_036_pol_pro_Vio_adu_2025_5_Colorado2025.czi,Vio_adu,648.73,2118.0,9179.0,35,31,109.25,0.963,20251031_036_pol_pro_Vio_adu_2025_5_Colorado2025_x001536_y008704
Unknown_Sample,20251031_036_pol_pro_Vio_adu_2025_5_Colorado2025.czi,Vio_adu,826.12,1996.0,9147.0,37,37,122.33,0.959,20251031_036_pol_pro_Vio_adu_2025_5_Colorado2025_x001536_y008704
Unknown_Sample,20251031_036_pol_pro_Vio_adu_2025_5_Colorado2025.czi,Vio_adu,650.27,2118.0,9179.0,35,31,109.25,0.963,20251031_036_pol_pro_Vio_adu_2025_5_Colorado2025_x002048_y008704
Unknown_Sample,20251031_036_pol_pro_Vio_adu_2025_5_Colorado2025.czi,Vio_adu,839.58,2705.0,9201.0,38,36,125.25,0.966,20251031_036_pol_pro_Vio_adu_2025_5_Colorado2025_x002560_y008704
Unknown_Sample,20251031_036_pol_pro_Vio_adu_2025_5_Colorado2025.czi,Vio_adu,708.37,4209.0,9190.0,30,37,116.53,0.948,20251031_036_pol_pro_Vio_adu_2025_5_Colorado2025_x003584_y008704
Unknown_Sample,20251031_036_pol_pro_Vio_adu_2025_5_Colorado2025.czi,Vio_adu,841.51,4212.0,9190.0,39,37,125.15,0.961,20251031_036_pol_pro_Vio_adu_2025_5_Colorado2025_x004096_y008704
Unknown_Sample,20251031_036_pol_pro_Vio_adu_2025_5_Colorado2025.czi,Vio_adu,870.75,4815.0,9000.0,39,37,125.15,0.968,20251031_036_pol_pro_Vio_adu_2025_5_Colorado2025_x004608_y008704
Unknown_Sample,20251031_036_pol_pro_Vio_adu_2025_5_Colorado2025.czi,Vio_adu,717.61,5537.0,9330.0,40,28,119.7,0.943,20251031_036_pol_pro_Vio_adu_2025_5_Colorado2025_x005120_y008704
Unknown_Sample,20251031_036_pol_pro_Vio_adu_2025_5_Colorado2025.czi,Vio_adu,950.01,5974.0,8942.0,39,42,131.64,0.964,20251031_036_pol_pro_Vio_adu_2025_5_Colorado2025_x005632_y008704
Unknown_Sample,20251031_036_pol_pro_Vio_adu_2025_5_Colorado2025.czi,Vio_adu,851.13,6591.0,9177.0,38,37,124.91,0.969,20251031_036_pol_pro_Vio_adu_2025_5_Colorado2025_x006144_y008704
Unknown_Sample,20251031_036_pol_pro_Vio_adu_2025_5_Colorado2025.czi,Vio_adu,937.7,6506.0,9115.0,39,39,130.33,0.964,20251031_036_pol_pro_Vio_adu_2025_5_Colorado2025_x006144_y008704
Unknown_Sample,20251031_036_pol_pro_Vio_adu_2025_5_Colorado2025.czi,Vio_adu,853.82,7275.0,8868.0,38,37,125.5,0.959,20251031_036_pol_pro_Vio_adu_2025_5_Colorado2025_x006656_y008704
Unknown_Sample,20251031_036_pol_pro_Vio_adu_2025_5_Colorado2025.czi,Vio_adu,840.74,7275.0,8867.0,37,37,123.5,0.961,20251031_036_pol_pro_Vio_adu_2025_5_Colorado2025_x007168_y008704
Unknown_Sample,20251031_036_pol_pro_Vio_adu_2025_5_Colorado2025.czi,Vio_adu,1305.55,8227.0,9214.0,48,44,152.47,0.96,20251031_036_pol_pro_Vio_adu_2025_5_Colorado2025_x007680_y008704
Unknown_Sample,20251031_036_pol_pro_Vio_adu_2025_5_Colorado2025.czi,Vio_adu,1304.78,8227.0,9214.0,48,44,152.47,0.964,20251031_036_pol_pro_Vio_adu_2025_5_Colorado2025_x008192_y008704
Unknown_Sample,20251031_036_pol_pro_Vio_adu_2025_5_Colorado2025.czi,Vio_adu,1090.84,9221.0,8931.0,41,44,140.81,0.96,20251031_036_pol_pro_Vio_adu_2025_5_Colorado2025_x008704_y008704
Unknown_Sample,20251031_036_pol_pro_Vio_adu_2025_5_Colorado2025.czi,Vio_adu,679.9,9227.0,8931.0,26,43,120.53,0.96,20251031_036_pol_pro_Vio_adu_2025_5_Colorado2025_x009216_y008704
Unknown_Sample,20251031_036_pol_pro_Vio_adu_2025_5_Colorado2025.czi,Vio_adu,877.29,10067.0,9165.0,40,36,128.08,0.963,20251031_036_pol_pro_Vio_adu_2025_5_Colorado2025_x009728_y008704
Unknown_Sample,20251031_036_pol_pro_Vio_adu_2025_5_Colorado2025.czi,Vio_adu,858.05,11151.0,8929.0,39,36,126.08,0.969,20251031_036_pol_pro_Vio_adu_2025_5_Colorado2025_x010752_y008704
Unknown_Sample,20251031_036_pol_pro_Vio_adu_2025_5_Colorado2025.czi,Vio_adu,740.7,1539.0,9574.0,35,36,116.33,0.961,20251031_036_pol_pro_Vio_adu_2025_5_Colorado2025_x001024_y009216
Unknown_Sample,20251031_036_pol_pro_Vio_adu_2025_5_Colorado2025.czi,Vio_adu,181.61,1165.0,9825.0,17,17,56.97,0.928,20251031_036_pol_pro_Vio_adu_2025_5_Colorado2025_x001024_y009216
Unknown_Sample,20251031_036_pol_pro_Vio_adu_2025_5_Colorado2025.czi,Vio_adu,429.8,1397.0,9846.0,35,21,98.04,0.923,20251031_036_pol_pro_Vio_adu_2025_5_Colorado2025_x001024_y009216
Unknown_Sample,20251031_036_pol_pro_Vio_adu_2025_5_Colorado2025.czi,Vio_adu,357.07,1316.0,9443.0,24,25,82.28,0.876,20251031_036_pol_pro_Vio_adu_2025_5_Colorado2025_x001024_y009216
Unknown_Sample,20251031_036_pol_pro_Vio_adu_2025_5_Colorado2025.czi,Vio_adu,746.85,1719.0,9287.0,35,36,117.5,0.965,20251031_036_pol_pro_Vio_adu_2025_5_Colorado2025_x001536_y009216
Unknown_Sample,20251031_036_pol_pro_Vio_adu_2025_5_Colorado2025.czi,Vio_adu,781.87,1768.0,9477.0,36,35,119.25,0.963,20251031_036_pol_pro_Vio_adu_2025_5_Colorado2025_x001536_y009216
Unknown_Sample,20251031_036_pol_pro_Vio_adu_2025_5_Colorado2025.czi,Vio_adu,425.18,1545.0,9574.0,21,35,96.87,0.957,20251031_036_pol_pro_Vio_adu_2025_5_Colorado2025_x001536_y009216
Unknown_Sample,20251031_036_pol_pro_Vio_adu_2025_5_Colorado2025.czi,Vio_adu,899.99,2946.0,9752.0,39,39,129.15,0.965,20251031_036_pol_pro_Vio_adu_2025_5_Colorado2025_x002560_y009216
Unknown_Sample,20251031_036_pol_pro_Vio_adu_2025_5_Colorado2025.czi,Vio_adu,746.47,3537.0,9667.0,36,34,117.25,0.964,20251031_036_pol_pro_Vio_adu_2025_5_Colorado2025_x003072_y009216
Unknown_Sample,20251031_036_pol_pro_Vio_adu_2025_5_Colorado2025.czi,Vio_adu,828.04,3302.0,9675.0,36,38,122.91,0.963,20251031_036_pol_pro_Vio_adu_2025_5_Colorado2025_x003072_y009216
Unknown_Sample,20251031_036_pol_pro_Vio_adu_2025_5_Colorado2025.czi,Vio_adu,811.11,3267.0,9621.0,38,35,120.91,0.962,20251031_036_pol_pro_Vio_adu_2025_5_Colorado2025_x003072_y009216
Unknown_Sample,20251031_036_pol_pro_Vio_adu_2025_5_Colorado2025.czi,Vio_adu,454.04,4098.0,9846.0,38,20,101.46,0.915,20251031_036_pol_pro_Vio_adu_2025_5_Colorado2025_x003584_y009216
Unknown_Sample,20251031_036_pol_pro_Vio_adu_2025_5_Colorado2025.czi,Vio_adu,988.88,4660.0,9358.0,39,41,132.57,0.966,20251031_036_pol_pro_Vio_adu_2025_5_Colorado2025_x004096_y009216
Unknown_Sample,20251031_036_pol_pro_Vio_adu_2025_5_Colorado2025.czi,Vio_adu,248.95,4105.0,9846.0,22,20,74.73,0.93,20251031_036_pol_pro_Vio_adu_2025_5_Colorado2025_x004096_y009216
Unknown_Sample,20251031_036_pol_pro_Vio_adu_2025_5_Colorado2025.czi,Vio_adu,988.88,4660.0,9358.0,39,41,132.57,0.966,20251031_036_pol_pro_Vio_adu_2025_5_Colorado2025_x004608_y009216
Unknown_Sample,20251031_036_pol_pro_Vio_adu_2025_5_Colorado2025.czi,Vio_adu,1047.36,5537.0,9336.0,40,43,136.23,0.963,20251031_036_pol_pro_Vio_adu_2025_5_Colorado2025_x005120_y009216
Unknown_Sample,20251031_036_pol_pro_Vio_adu_2025_5_Colorado2025.czi,Vio_adu,192.39,6778.0,9401.0,10,33,76.14,0.759,20251031_036_pol_pro_Vio_adu_2025_5_Colorado2025_x006144_y009216
Unknown_Sample,20251031_036_pol_pro_Vio_adu_2025_5_Colorado2025.czi,Vio_adu,1002.73,7104.0,9695.0,41,40,133.4,0.967,20251031_036_pol_pro_Vio_adu_2025_5_Colorado2025_x006656_y009216
Unknown_Sample,20251031_036_pol_pro_Vio_adu_2025_5_Colorado2025.czi,Vio_adu,800.34,6790.0,9403.0,35,39,124.08,0.951,20251031_036_pol_pro_Vio_adu_2025_5_Colorado2025_x006656_y009216
Unknown_Sample,20251031_036_pol_pro_Vio_adu_2025_5_Colorado2025.czi,Vio_adu,1038.13,7370.0,9829.0,42,41,136.23,0.953,20251031_036_pol_pro_Vio_adu_2025_5_Colorado2025_x007168_y009216
Unknown_Sample,20251031_036_pol_pro_Vio_adu_2025_5_Colorado2025.czi,Vio_adu,1008.5,8255.0,9797.0,40,42,135.98,0.947,20251031_036_pol_pro_Vio_adu_2025_5_Colorado2025_x007680_y009216
Unknown_Sample,20251031_036_pol_pro_Vio_adu_2025_5_Colorado2025.czi,Vio_adu,549.85,8226.0,9225.0,47,20,116.53,0.946,20251031_036_pol_pro_Vio_adu_2025_5_Colorado2025_x007680_y009216
Unknown_Sample,20251031_036_pol_pro_Vio_adu_2025_5_Colorado2025.czi,Vio_adu,550.62,8226.0,9225.0,47,20,116.53,0.946,20251031_036_pol_pro_Vio_adu_2025_5_Colorado2025_x008192_y009216
Unknown_Sample,20251031_036_pol_pro_Vio_adu_2025_5_Colorado2025.czi,Vio_adu,1013.12,8255.0,9797.0,40,42,135.98,0.946,20251031_036_pol_pro_Vio_adu_2025_5_Colorado2025_x008192_y009216
Unknown_Sample,20251031_036_pol_pro_Vio_adu_2025_5_Colorado2025.czi,Vio_adu,1041.98,8521.0,9497.0,43,40,137.4,0.945,20251031_036_pol_pro_Vio_adu_2025_5_Colorado2025_x008192_y009216
Unknown_Sample,20251031_036_pol_pro_Vio_adu_2025_5_Colorado2025.czi,Vio_adu,883.83,10228.0,9836.0,38,37,126.67,0.956,20251031_036_pol_pro_Vio_adu_2025_5_Colorado2025_x009728_y009216
Unknown_Sample,20251031_036_pol_pro_Vio_adu_2025_5_Colorado2025.czi,Vio_adu,939.62,10547.0,9647.0,40,40,130.23,0.961,20251031_036_pol_pro_Vio_adu_2025_5_Colorado2025_x010240_y009216
Unknown_Sample,20251031_036_pol_pro_Vio_adu_2025_5_Colorado2025.czi,Vio_adu,1133.94,10847.0,9518.0,45,41,145.15,0.947,20251031_036_pol_pro_Vio_adu_2025_5_Colorado2025_x010240_y009216
Unknown_Sample,20251031_036_pol_pro_Vio_adu_2025_5_Colorado2025.czi,Vio_adu,1137.78,10847.0,9518.0,45,41,145.15,0.953,20251031_036_pol_pro_Vio_adu_2025_5_Colorado2025_x010752_y009216
Unknown_Sample,20251031_036_pol_pro_Vio_adu_2025_5_Colorado2025.czi,Vio_adu,848.43,11564.0,9551.0,37,38,124.33,0.963,20251031_036_pol_pro_Vio_adu_2025_5_Colorado2025_x011264_y009216
Unknown_Sample,20251031_036_pol_pro_Vio_adu_2025_5_Colorado2025.czi,Vio_adu,821.11,1632.0,10310.0,40,34,124.08,0.964,20251031_036_pol_pro_Vio_adu_2025_5_Colorado2025_x001024_y009728
Unknown_Sample,20251031_036_pol_pro_Vio_adu_2025_5_Colorado2025.czi,Vio_adu,729.92,1397.0,9852.0,35,35,116.67,0.958,20251031_036_pol_pro_Vio_adu_2025_5_Colorado2025_x001024_y009728
Unknown_Sample,20251031_036_pol_pro_Vio_adu_2025_5_Colorado2025.czi,Vio_adu,182.0,1165.0,9825.0,17,17,57.56,0.929,20251031_036_pol_pro_Vio_adu_2025_5_Colorado2025_x001024_y009728
Unknown_Sample,20251031_036_pol_pro_Vio_adu_2025_5_Colorado2025.czi,Vio_adu,175.46,1658.0,9898.0,11,27,67.31,0.88,20251031_036_pol_pro_Vio_adu_2025_5_Colorado2025_x001024_y009728
Unknown_Sample,20251031_036_pol_pro_Vio_adu_2025_5_Colorado2025.czi,Vio_adu,821.88,1632.0,10310.0,40,34,124.08,0.964,20251031_036_pol_pro_Vio_adu_2025_5_Colorado2025_x001536_y009728
Unknown_Sample,20251031_036_pol_pro_Vio_adu_2025_5_Colorado2025.czi,Vio_adu,617.18,2131.0,10074.0,32,32,105.25,0.962,20251031_036_pol_pro_Vio_adu_2025_5_Colorado2025_x001536_y009728
Unknown_Sample,20251031_036_pol_pro_Vio_adu_2025_5_Colorado2025.czi,Vio_adu,677.21,1669.0,9897.0,39,34,130.08,0.874,20251031_036_pol_pro_Vio_adu_2025_5_Colorado2025_x001536_y009728
Unknown_Sample,20251031_036_pol_pro_Vio_adu_2025_5_Colorado2025.czi,Vio_adu,617.18,2131.0,10074.0,32,32,105.25,0.962,20251031_036_pol_pro_Vio_adu_2025_5_Colorado2025_x002048_y009728
Unknown_Sample,20251031_036_pol_pro_Vio_adu_2025_5_Colorado2025.czi,Vio_adu,889.99,2946.0,9752.0,39,38,128.33,0.965,20251031_036_pol_pro_Vio_adu_2025_5_Colorado2025_x002560_y009728
Unknown_Sample,20251031_036_pol_pro_Vio_adu_2025_5_Colorado2025.czi,Vio_adu,884.22,4098.0,9854.0,38,39,126.57,0.961,20251031_036_pol_pro_Vio_adu_2025_5_Colorado2025_x003584_y009728
Unknown_Sample,20251031_036_pol_pro_Vio_adu_2025_5_Colorado2025.czi,Vio_adu,480.2,4105.0,9854.0,21,39,104.28,0.955,20251031_036_pol_pro_Vio_adu_2025_5_Colorado2025_x004096_y009728
Unknown_Sample,20251031_036_pol_pro_Vio_adu_2025_5_Colorado2025.czi,Vio_adu,869.21,6204.0,10121.0,38,38,125.15,0.965,20251031_036_pol_pro_Vio_adu_2025_5_Colorado2025_x005632_y009728
Unknown_Sample,20251031_036_pol_pro_Vio_adu_2025_5_Colorado2025.czi,Vio_adu,810.34,5812.0,10329.0,36,36,120.08,0.965,20251031_036_pol_pro_Vio_adu_2025_5_Colorado2025_x005632_y009728
Unknown_Sample,20251031_036_pol_pro_Vio_adu_2025_5_Colorado2025.czi,Vio_adu,907.69,6391.0,10286.0,38,39,128.33,0.967,20251031_036_pol_pro_Vio_adu_2025_5_Colorado2025_x006144_y009728
Unknown_Sample,20251031_036_pol_pro_Vio_adu_2025_5_Colorado2025.czi,Vio_adu,869.21,6204.0,10121.0,38,38,125.15,0.965,20251031_036_pol_pro_Vio_adu_2025_5_Colorado2025_x006144_y009728
Unknown_Sample,20251031_036_pol_pro_Vio_adu_2025_5_Colorado2025.czi,Vio_adu,611.41,7183.0,10326.0,38,27,107.5,0.931,20251031_036_pol_pro_Vio_adu_2025_5_Colorado2025_x006656_y009728
Unknown_Sample,20251031_036_pol_pro_Vio_adu_2025_5_Colorado2025.czi,Vio_adu,644.12,7018.0,10356.0,41,25,116.28,0.926,20251031_036_pol_pro_Vio_adu_2025_5_Colorado2025_x006656_y009728
Unknown_Sample,20251031_036_pol_pro_Vio_adu_2025_5_Colorado2025.czi,Vio_adu,1038.13,7370.0,9829.0,42,41,136.23,0.954,20251031_036_pol_pro_Vio_adu_2025_5_Colorado2025_x007168_y009728
Unknown_Sample,20251031_036_pol_pro_Vio_adu_2025_5_Colorado2025.czi,Vio_adu,578.32,7184.0,10326.0,35,27,104.18,0.925,20251031_036_pol_pro_Vio_adu_2025_5_Colorado2025_x007168_y009728
Unknown_Sample,20251031_036_pol_pro_Vio_adu_2025_5_Colorado2025.czi,Vio_adu,1006.58,8255.0,9797.0,40,42,135.4,0.948,20251031_036_pol_pro_Vio_adu_2025_5_Colorado2025_x007680_y009728
Unknown_Sample,20251031_036_pol_pro_Vio_adu_2025_5_Colorado2025.czi,Vio_adu,1013.5,8255.0,9797.0,40,42,136.57,0.947,20251031_036_pol_pro_Vio_adu_2025_5_Colorado2025_x008192_y009728
Unknown_Sample,20251031_036_pol_pro_Vio_adu_2025_5_Colorado2025.czi,Vio_adu,795.72,8910.0,10281.0,36,36,121.25,0.966,20251031_036_pol_pro_Vio_adu_2025_5_Colorado2025_x008704_y009728
Unknown_Sample,20251031_036_pol_pro_Vio_adu_2025_5_Colorado2025.czi,Vio_adu,1010.81,9747.0,10296.0,43,38,136.33,0.966,20251031_036_pol_pro_Vio_adu_2025_5_Colorado2025_x009216_y009728
Unknown_Sample,20251031_036_pol_pro_Vio_adu_2025_5_Colorado2025.czi,Vio_adu,958.86,9684.0,10225.0,40,40,133.74,0.965,20251031_036_pol_pro_Vio_adu_2025_5_Colorado2025_x009216_y009728
Unknown_Sample,20251031_036_pol_pro_Vio_adu_2025_5_Colorado2025.czi,Vio_adu,981.95,9748.0,10296.0,41,38,134.08,0.968,20251031_036_pol_pro_Vio_adu_2025_5_Colorado2025_x009728_y009728
Unknown_Sample,20251031_036_pol_pro_Vio_adu_2025_5_Colorado2025.czi,Vio_adu,892.68,10228.0,9837.0,38,39,127.74,0.964,20251031_036_pol_pro_Vio_adu_2025_5_Colorado2025_x009728_y009728
Unknown_Sample,20251031_036_pol_pro_Vio_adu_2025_5_Colorado2025.czi,Vio_adu,821.88,1632.0,10310.0,40,34,124.08,0.965,20251031_036_pol_pro_Vio_adu_2025_5_Colorado2025_x001024_y010240
Unknown_Sample,20251031_036_pol_pro_Vio_adu_2025_5_Colorado2025.czi,Vio_adu,665.28,1347.0,10533.0,33,33,111.01,0.964,20251031_036_pol_pro_Vio_adu_2025_5_Colorado2025_x001024_y010240
Unknown_Sample,20251031_036_pol_pro_Vio_adu_2025_5_Colorado2025.czi,Vio_adu,708.37,2044.0,10749.0,34,34,113.84,0.965,20251031_036_pol_pro_Vio_adu_2025_5_Colorado2025_x001536_y010240
Unknown_Sample,20251031_036_pol_pro_Vio_adu_2025_5_Colorado2025.czi,Vio_adu,822.65,1632.0,10310.0,40,34,124.08,0.964,20251031_036_pol_pro_Vio_adu_2025_5_Colorado2025_x001536_y010240
Unknown_Sample,20251031_036_pol_pro_Vio_adu_2025_5_Colorado2025.czi,Vio_adu,731.85,2160.0,10705.0,32,35,119.46,0.943,20251031_036_pol_pro_Vio_adu_2025_5_Colorado2025_x001536_y010240
Unknown_Sample,20251031_036_pol_pro_Vio_adu_2025_5_Colorado2025.czi,Vio_adu,822.65,2162.0,10705.0,38,35,123.25,0.962,20251031_036_pol_pro_Vio_adu_2025_5_Colorado2025_x002048_y010240
Unknown_Sample,20251031_036_pol_pro_Vio_adu_2025_5_Colorado2025.czi,Vio_adu,232.41,2054.0,10750.0,13,34,80.63,0.939,20251031_036_pol_pro_Vio_adu_2025_5_Colorado2025_x002048_y010240
Unknown_Sample,20251031_036_pol_pro_Vio_adu_2025_5_Colorado2025.czi,Vio_adu,389.39,5751.0,10560.0,18,36,94.63,0.915,20251031_036_pol_pro_Vio_adu_2025_5_Colorado2025_x005120_y010240
Unknown_Sample,20251031_036_pol_pro_Vio_adu_2025_5_Colorado2025.czi,Vio_adu,809.19,5812.0,10329.0,36,36,120.67,0.965,20251031_036_pol_pro_Vio_adu_2025_5_Colorado2025_x005632_y010240
Unknown_Sample,20251031_036_pol_pro_Vio_adu_2025_5_Colorado2025.czi,Vio_adu,883.06,5760.0,10560.0,39,37,126.33,0.965,20251031_036_pol_pro_Vio_adu_2025_5_Colorado2025_x005632_y010240
Unknown_Sample,20251031_036_pol_pro_Vio_adu_2025_5_Colorado2025.czi,Vio_adu,907.69,6391.0,10286.0,38,39,128.33,0.967,20251031_036_pol_pro_Vio_adu_2025_5_Colorado2025_x006144_y010240
Unknown_Sample,20251031_036_pol_pro_Vio_adu_2025_5_Colorado2025.czi,Vio_adu,1000.03,6697.0,10449.0,41,40,135.15,0.963,20251031_036_pol_pro_Vio_adu_2025_5_Colorado2025_x006144_y010240
Unknown_Sample,20251031_036_pol_pro_Vio_adu_2025_5_Colorado2025.czi,Vio_adu,1028.51,6697.0,10448.0,41,41,135.98,0.958,20251031_036_pol_pro_Vio_adu_2025_5_Colorado2025_x006656_y010240
Unknown_Sample,20251031_036_pol_pro_Vio_adu_2025_5_Colorado2025.czi,Vio_adu,996.19,7019.0,10361.0,41,39,134.33,0.958,20251031_036_pol_pro_Vio_adu_2025_5_Colorado2025_x006656_y010240
Unknown_Sample,20251031_036_pol_pro_Vio_adu_2025_5_Colorado2025.czi,Vio_adu,611.41,7183.0,10326.0,38,27,106.67,0.929,20251031_036_pol_pro_Vio_adu_2025_5_Colorado2025_x006656_y010240
Unknown_Sample,20251031_036_pol_pro_Vio_adu_2025_5_Colorado2025.czi,Vio_adu,577.93,7184.0,10326.0,35,27,104.77,0.924,20251031_036_pol_pro_Vio_adu_2025_5_Colorado2025_x007168_y010240
Unknown_Sample,20251031_036_pol_pro_Vio_adu_2025_5_Colorado2025.czi,Vio_adu,795.33,8910.0,10281.0,36,36,120.67,0.966,20251031_036_pol_pro_Vio_adu_2025_5_Colorado2025_x008704_y010240
Unknown_Sample,20251031_036_pol_pro_Vio_adu_2025_5_Colorado2025.czi,Vio_adu,861.52,9219.0,10453.0,38,38,127.5,0.963,20251031_036_pol_pro_Vio_adu_2025_5_Colorado2025_x008704_y010240
Unknown_Sample,20251031_036_pol_pro_Vio_adu_2025_5_Colorado2025.czi,Vio_adu,1011.96,9747.0,10296.0,43,38,135.74,0.966,20251031_036_pol_pro_Vio_adu_2025_5_Colorado2025_x009216_y010240
Unknown_Sample,20251031_036_pol_pro_Vio_adu_2025_5_Colorado2025.czi,Vio_adu,948.86,9377.0,10436.0,40,39,131.74,0.963,20251031_036_pol_pro_Vio_adu_2025_5_Colorado2025_x009216_y010240
Unknown_Sample,20251031_036_pol_pro_Vio_adu_2025_5_Colorado2025.czi,Vio_adu,496.75,9226.0,10454.0,23,37,103.7,0.958,20251031_036_pol_pro_Vio_adu_2025_5_Colorado2025_x009216_y010240
Unknown_Sample,20251031_036_pol_pro_Vio_adu_2025_5_Colorado2025.czi,Vio_adu,289.35,9849.0,10427.0,14,37,88.63,0.895,20251031_036_pol_pro_Vio_adu_2025_5_Colorado2025_x009216_y010240
Unknown_Sample,20251031_036_pol_pro_Vio_adu_2025_5_Colorado2025.czi,Vio_adu,980.41,9747.0,10296.0,41,38,134.08,0.968,20251031_036_pol_pro_Vio_adu_2025_5_Colorado2025_x009728_y010240
Unknown_Sample,20251031_036_pol_pro_Vio_adu_2025_5_Colorado2025.czi,Vio_adu,917.31,9860.0,10427.0,39,39,129.74,0.963,20251031_036_pol_pro_Vio_adu_2025_5_Colorado2025_x009728_y010240
Unknown_Sample,20251031_036_pol_pro_Vio_adu_2025_5_Colorado2025.czi,Vio_adu,1004.65,10961.0,10380.0,40,42,135.98,0.964,20251031_036_pol_pro_Vio_adu_2025_5_Colorado2025_x010752_y010240
Unknown_Sample,20251031_036_pol_pro_Vio_adu_2025_5_Colorado2025.czi,Vio_adu,683.36,1625.0,10955.0,36,32,112.08,0.964,20251031_036_pol_pro_Vio_adu_2025_5_Colorado2025_x001024_y010752
Unknown_Sample,20251031_036_pol_pro_Vio_adu_2025_5_Colorado2025.czi,Vio_adu,838.81,1532.0,11298.0,37,37,122.91,0.962,20251031_036_pol_pro_Vio_adu_2025_5_Colorado2025_x001024_y010752
Unknown_Sample,20251031_036_pol_pro_Vio_adu_2025_5_Colorado2025.czi,Vio_adu,584.09,1283.0,10950.0,32,30,102.43,0.961,20251031_036_pol_pro_Vio_adu_2025_5_Colorado2025_x001024_y010752
Unknown_Sample,20251031_036_pol_pro_Vio_adu_2025_5_Colorado2025.czi,Vio_adu,791.49,2040.0,11353.0,35,37,120.67,0.967,20251031_036_pol_pro_Vio_adu_2025_5_Colorado2025_x001536_y010752
Unknown_Sample,20251031_036_pol_pro_Vio_adu_2025_5_Colorado2025.czi,Vio_adu,763.4,2096.0,11093.0,38,33,118.08,0.964,20251031_036_pol_pro_Vio_adu_2025_5_Colorado2025_x001536_y010752
Unknown_Sample,20251031_036_pol_pro_Vio_adu_2025_5_Colorado2025.czi,Vio_adu,684.52,1625.0,10955.0,36,32,111.5,0.964,20251031_036_pol_pro_Vio_adu_2025_5_Colorado2025_x001536_y010752
Unknown_Sample,20251031_036_pol_pro_Vio_adu_2025_5_Colorado2025.czi,Vio_adu,745.7,1675.0,11267.0,34,36,117.25,0.962,20251031_036_pol_pro_Vio_adu_2025_5_Colorado2025_x001536_y010752
Unknown_Sample,20251031_036_pol_pro_Vio_adu_2025_5_Colorado2025.czi,Vio_adu,259.72,2044.0,10758.0,33,14,81.21,0.944,20251031_036_pol_pro_Vio_adu_2025_5_Colorado2025_x001536_y010752
Unknown_Sample,20251031_036_pol_pro_Vio_adu_2025_5_Colorado2025.czi,Vio_adu,308.59,1543.0,11298.0,15,37,89.46,0.942,20251031_036_pol_pro_Vio_adu_2025_5_Colorado2025_x001536_y010752
Unknown_Sample,20251031_036_pol_pro_Vio_adu_2025_5_Colorado2025.czi,Vio_adu,842.66,1702.0,11133.0,39,35,130.91,0.926,20251031_036_pol_pro_Vio_adu_2025_5_Colorado2025_x001536_y010752
Unknown_Sample,20251031_036_pol_pro_Vio_adu_2025_5_Colorado2025.czi,Vio_adu,809.95,2311.0,11307.0,37,37,122.33,0.965,20251031_036_pol_pro_Vio_adu_2025_5_Colorado2025_x002048_y010752
Unknown_Sample,20251031_036_pol_pro_Vio_adu_2025_5_Colorado2025.czi,Vio_adu,763.4,2096.0,11093.0,38,33,118.08,0.964,20251031_036_pol_pro_Vio_adu_2025_5_Colorado2025_x002048_y010752
Unknown_Sample,20251031_036_pol_pro_Vio_adu_2025_5_Colorado2025.czi,Vio_adu,91.58,2053.0,10758.0,13,14,46.49,0.934,20251031_036_pol_pro_Vio_adu_2025_5_Colorado2025_x002048_y010752
Unknown_Sample,20251031_036_pol_pro_Vio_adu_2025_5_Colorado2025.czi,Vio_adu,169.3,2052.0,11353.0,10,34,75.8,0.934,20251031_036_pol_pro_Vio_adu_2025_5_Colorado2025_x002048_y010752
Unknown_Sample,20251031_036_pol_pro_Vio_adu_2025_5_Colorado2025.czi,Vio_adu,808.8,2989.0,10949.0,37,37,122.91,0.961,20251031_036_pol_pro_Vio_adu_2025_5_Colorado2025_x002560_y010752
Unknown_Sample,20251031_036_pol_pro_Vio_adu_2025_5_Colorado2025.czi,Vio_adu,791.1,3115.0,11071.0,37,35,121.25,0.961,20251031_036_pol_pro_Vio_adu_2025_5_Colorado2025_x002560_y010752
Unknown_Sample,20251031_036_pol_pro_Vio_adu_2025_5_Colorado2025.czi,Vio_adu,788.79,3115.0,11071.0,37,35,121.25,0.96,20251031_036_pol_pro_Vio_adu_2025_5_Colorado2025_x003072_y010752
Unknown_Sample,20251031_036_pol_pro_Vio_adu_2025_5_Colorado2025.czi,Vio_adu,845.35,4316.0,11258.0,36,38,124.67,0.961,20251031_036_pol_pro_Vio_adu_2025_5_Colorado2025_x004096_y010752
Unknown_Sample,20251031_036_pol_pro_Vio_adu_2025_5_Colorado2025.czi,Vio_adu,898.07,4428.0,11309.0,38,39,127.74,0.959,20251031_036_pol_pro_Vio_adu_2025_5_Colorado2025_x004096_y010752
Unknown_Sample,20251031_036_pol_pro_Vio_adu_2025_5_Colorado2025.czi,Vio_adu,642.58,4470.0,11040.0,33,33,109.25,0.954,20251031_036_pol_pro_Vio_adu_2025_5_Colorado2025_x004096_y010752
Unknown_Sample,20251031_036_pol_pro_Vio_adu_2025_5_Colorado2025.czi,Vio_adu,861.13,4986.0,11217.0,36,40,125.74,0.963,20251031_036_pol_pro_Vio_adu_2025_5_Colorado2025_x004608_y010752
Unknown_Sample,20251031_036_pol_pro_Vio_adu_2025_5_Colorado2025.czi,Vio_adu,909.23,5154.0,10972.0,39,40,127.64,0.958,20251031_036_pol_pro_Vio_adu_2025_5_Colorado2025_x004608_y010752
Unknown_Sample,20251031_036_pol_pro_Vio_adu_2025_5_Colorado2025.czi,Vio_adu,802.64,5542.0,11127.0,36,37,122.08,0.963,20251031_036_pol_pro_Vio_adu_2025_5_Colorado2025_x005120_y010752
Unknown_Sample,20251031_036_pol_pro_Vio_adu_2025_5_Colorado2025.czi,Vio_adu,797.26,5619.0,10944.0,37,36,120.91,0.959,20251031_036_pol_pro_Vio_adu_2025_5_Colorado2025_x005120_y010752
Unknown_Sample,20251031_036_pol_pro_Vio_adu_2025_5_Colorado2025.czi,Vio_adu,909.61,5154.0,10972.0,39,40,128.23,0.958,20251031_036_pol_pro_Vio_adu_2025_5_Colorado2025_x005120_y010752
Unknown_Sample,20251031_036_pol_pro_Vio_adu_2025_5_Colorado2025.czi,Vio_adu,849.97,6110.0,11165.0,36,39,125.5,0.965,20251031_036_pol_pro_Vio_adu_2025_5_Colorado2025_x005632_y010752
Unknown_Sample,20251031_036_pol_pro_Vio_adu_2025_5_Colorado2025.czi,Vio_adu,868.44,5995.0,11138.0,38,38,127.5,0.964,20251031_036_pol_pro_Vio_adu_2025_5_Colorado2025_x005632_y010752
Unknown_Sample,20251031_036_pol_pro_Vio_adu_2025_5_Colorado2025.czi,Vio_adu,746.85,8205.0,11207.0,37,34,118.67,0.964,20251031_036_pol_pro_Vio_adu_2025_5_Colorado2025_x007680_y010752
Unknown_Sample,20251031_036_pol_pro_Vio_adu_2025_5_Colorado2025.czi,Vio_adu,681.44,8207.0,11207.0,32,34,113.36,0.969,20251031_036_pol_pro_Vio_adu_2025_5_Colorado2025_x008192_y010752
Unknown_Sample,20251031_036_pol_pro_Vio_adu_2025_5_Colorado2025.czi,Vio_adu,730.31,11336.0,11132.0,36,34,116.08,0.963,20251031_036_pol_pro_Vio_adu_2025_5_Colorado2025_x010752_y010752
Unknown_Sample,20251031_036_pol_pro_Vio_adu_2025_5_Colorado2025.czi,Vio_adu,936.16,11470.0,11134.0,38,42,130.81,0.966,20251031_036_pol_pro_Vio_adu_2025_5_Colorado2025_x011264_y010752
Unknown_Sample,20251031_036_pol_pro_Vio_adu_2025_5_Colorado2025.czi,Vio_adu,730.31,11336.0,11132.0,36,34,116.08,0.964,20251031_036_pol_pro_Vio_adu_2025_5_Colorado2025_x011264_y010752
Unknown_Sample,20251031_036_pol_pro_Vio_adu_2025_5_Colorado2025.czi,Vio_adu,756.09,1399.0,11536.0,37,34,118.67,0.966,20251031_036_pol_pro_Vio_adu_2025_5_Colorado2025_x001024_y011264
Unknown_Sample,20251031_036_pol_pro_Vio_adu_2025_5_Colorado2025.czi,Vio_adu,777.63,1221.0,11491.0,35,36,118.67,0.965,20251031_036_pol_pro_Vio_adu_2025_5_Colorado2025_x001024_y011264
Unknown_Sample,20251031_036_pol_pro_Vio_adu_2025_5_Colorado2025.czi,Vio_adu,791.1,1449.0,11509.0,36,36,121.25,0.962,20251031_036_pol_pro_Vio_adu_2025_5_Colorado2025_x001024_y011264
Unknown_Sample,20251031_036_pol_pro_Vio_adu_2025_5_Colorado2025.czi,Vio_adu,842.66,1445.0,11774.0,38,38,124.57,0.962,20251031_036_pol_pro_Vio_adu_2025_5_Colorado2025_x001024_y011264
Unknown_Sample,20251031_036_pol_pro_Vio_adu_2025_5_Colorado2025.czi,Vio_adu,851.13,1532.0,11298.0,38,37,123.74,0.961,20251031_036_pol_pro_Vio_adu_2025_5_Colorado2025_x001024_y011264
Unknown_Sample,20251031_036_pol_pro_Vio_adu_2025_5_Colorado2025.czi,Vio_adu,1895.41,1425.0,11390.0,57,57,188.85,0.556,20251031_036_pol_pro_Vio_adu_2025_5_Colorado2025_x001024_y011264
Unknown_Sample,20251031_036_pol_pro_Vio_adu_2025_5_Colorado2025.czi,Vio_adu,799.95,2041.0,11353.0,36,37,121.5,0.967,20251031_036_pol_pro_Vio_adu_2025_5_Colorado2025_x001536_y011264
Unknown_Sample,20251031_036_pol_pro_Vio_adu_2025_5_Colorado2025.czi,Vio_adu,810.72,1825.0,11821.0,37,36,121.5,0.961,20251031_036_pol_pro_Vio_adu_2025_5_Colorado2025_x001536_y011264
Unknown_Sample,20251031_036_pol_pro_Vio_adu_2025_5_Colorado2025.czi,Vio_adu,434.03,1675.0,11273.0,34,22,96.28,0.959,20251031_036_pol_pro_Vio_adu_2025_5_Colorado2025_x001536_y011264
Unknown_Sample,20251031_036_pol_pro_Vio_adu_2025_5_Colorado2025.czi,Vio_adu,307.05,1543.0,11298.0,15,37,89.46,0.941,20251031_036_pol_pro_Vio_adu_2025_5_Colorado2025_x001536_y011264
Unknown_Sample,20251031_036_pol_pro_Vio_adu_2025_5_Colorado2025.czi,Vio_adu,814.57,2311.0,11307.0,37,37,122.33,0.965,20251031_036_pol_pro_Vio_adu_2025_5_Colorado2025_x002048_y011264
Unknown_Sample,20251031_036_pol_pro_Vio_adu_2025_5_Colorado2025.czi,Vio_adu,721.07,2558.0,11764.0,36,34,114.91,0.961,20251031_036_pol_pro_Vio_adu_2025_5_Colorado2025_x002048_y011264
Unknown_Sample,20251031_036_pol_pro_Vio_adu_2025_5_Colorado2025.czi,Vio_adu,170.07,2052.0,11353.0,10,34,75.8,0.934,20251031_036_pol_pro_Vio_adu_2025_5_Colorado2025_x002048_y011264
Unknown_Sample,20251031_036_pol_pro_Vio_adu_2025_5_Colorado2025.czi,Vio_adu,707.99,3085.0,11582.0,35,33,113.25,0.965,20251031_036_pol_pro_Vio_adu_2025_5_Colorado2025_x002560_y011264
Unknown_Sample,20251031_036_pol_pro_Vio_adu_2025_5_Colorado2025.czi,Vio_adu,897.3,2718.0,11553.0,36,42,129.74,0.963,20251031_036_pol_pro_Vio_adu_2025_5_Colorado2025_x002560_y011264
Unknown_Sample,20251031_036_pol_pro_Vio_adu_2025_5_Colorado2025.czi,Vio_adu,295.12,2567.0,11765.0,16,34,86.04,0.95,20251031_036_pol_pro_Vio_adu_2025_5_Colorado2025_x002560_y011264
Unknown_Sample,20251031_036_pol_pro_Vio_adu_2025_5_Colorado2025.czi,Vio_adu,649.5,3087.0,11582.0,31,33,109.94,0.966,20251031_036_pol_pro_Vio_adu_2025_5_Colorado2025_x003072_y011264
Unknown_Sample,20251031_036_pol_pro_Vio_adu_2025_5_Colorado2025.czi,Vio_adu,831.5,4207.0,11446.0,34,39,123.84,0.953,20251031_036_pol_pro_Vio_adu_2025_5_Colorado2025_x003584_y011264
Unknown_Sample,20251031_036_pol_pro_Vio_adu_2025_5_Colorado2025.czi,Vio_adu,865.36,4207.0,11446.0,37,39,126.33,0.964,20251031_036_pol_pro_Vio_adu_2025_5_Colorado2025_x004096_y011264
Unknown_Sample,20251031_036_pol_pro_Vio_adu_2025_5_Colorado2025.czi,Vio_adu,775.71,4444.0,11496.0,37,35,118.91,0.962,20251031_036_pol_pro_Vio_adu_2025_5_Colorado2025_x004096_y011264
Unknown_Sample,20251031_036_pol_pro_Vio_adu_2025_5_Colorado2025.czi,Vio_adu,898.84,4428.0,11309.0,38,39,127.74,0.959,20251031_036_pol_pro_Vio_adu_2025_5_Colorado2025_x004096_y011264
Unknown_Sample,20251031_036_pol_pro_Vio_adu_2025_5_Colorado2025.czi,Vio_adu,247.41,4317.0,11270.0,35,13,83.21,0.933,20251031_036_pol_pro_Vio_adu_2025_5_Colorado2025_x004096_y011264
Unknown_Sample,20251031_036_pol_pro_Vio_adu_2025_5_Colorado2025.czi,Vio_adu,867.29,5336.0,11716.0,38,37,124.91,0.965,20251031_036_pol_pro_Vio_adu_2025_5_Colorado2025_x005120_y011264
Unknown_Sample,20251031_036_pol_pro_Vio_adu_2025_5_Colorado2025.czi,Vio_adu,924.62,5314.0,11835.0,40,38,130.33,0.963,20251031_036_pol_pro_Vio_adu_2025_5_Colorado2025_x005120_y011264
Unknown_Sample,20251031_036_pol_pro_Vio_adu_2025_5_Colorado2025.czi,Vio_adu,634.88,5867.0,11412.0,30,35,108.43,0.961,20251031_036_pol_pro_Vio_adu_2025_5_Colorado2025_x005632_y011264
Unknown_Sample,20251031_036_pol_pro_Vio_adu_2025_5_Colorado2025.czi,Vio_adu,927.31,6660.0,11531.0,39,39,129.74,0.964,20251031_036_pol_pro_Vio_adu_2025_5_Colorado2025_x006144_y011264
Unknown_Sample,20251031_036_pol_pro_Vio_adu_2025_5_Colorado2025.czi,Vio_adu,559.08,6666.0,11531.0,24,39,109.7,0.959,20251031_036_pol_pro_Vio_adu_2025_5_Colorado2025_x006656_y011264
Unknown_Sample,20251031_036_pol_pro_Vio_adu_2025_5_Colorado2025.czi,Vio_adu,849.2,8421.0,11508.0,37,38,123.15,0.965,20251031_036_pol_pro_Vio_adu_2025_5_Colorado2025_x008192_y011264
Unknown_Sample,20251031_036_pol_pro_Vio_adu_2025_5_Colorado2025.czi,Vio_adu,955.4,8962.0,11446.0,39,41,131.98,0.962,20251031_036_pol_pro_Vio_adu_2025_5_Colorado2025_x008704_y011264
Unknown_Sample,20251031_036_pol_pro_Vio_adu_2025_5_Colorado2025.czi,Vio_adu,743.77,10697.0,11598.0,36,34,116.67,0.964,20251031_036_pol_pro_Vio_adu_2025_5_Colorado2025_x010240_y011264
Unknown_Sample,20251031_036_pol_pro_Vio_adu_2025_5_Colorado2025.czi,Vio_adu,798.03,13475.0,11855.0,35,38,122.08,0.954,20251031_036_pol_pro_Vio_adu_2025_5_Colorado2025_x013312_y011264
Unknown_Sample,20251031_036_pol_pro_Vio_adu_2025_5_Colorado2025.czi,Vio_adu,60.03,838.0,12237.0,11,10,34.49,0.885,20251031_036_pol_pro_Vio_adu_2025_5_Colorado2025_x000512_y011776
Unknown_Sample,20251031_036_pol_pro_Vio_adu_2025_5_Colorado2025.czi,Vio_adu,802.64,1360.0,12293.0,37,35,120.08,0.965,20251031_036_pol_pro_Vio_adu_2025_5_Colorado2025_x001024_y011776
Unknown_Sample,20251031_036_pol_pro_Vio_adu_2025_5_Colorado2025.czi,Vio_adu,347.84,1445.0,11784.0,36,18,92.28,0.947,20251031_036_pol_pro_Vio_adu_2025_5_Colorado2025_x001024_y011776
Unknown_Sample,20251031_036_pol_pro_Vio_adu_2025_5_Colorado2025.czi,Vio_adu,878.06,1845.0,12301.0,38,38,124.57,0.965,20251031_036_pol_pro_Vio_adu_2025_5_Colorado2025_x001536_y011776
Unknown_Sample,20251031_036_pol_pro_Vio_adu_2025_5_Colorado2025.czi,Vio_adu,797.64,2125.0,12332.0,37,36,122.67,0.964,20251031_036_pol_pro_Vio_adu_2025_5_Colorado2025_x001536_y011776
Unknown_Sample,20251031_036_pol_pro_Vio_adu_2025_5_Colorado2025.czi,Vio_adu,811.11,1825.0,11821.0,37,36,122.08,0.961,20251031_036_pol_pro_Vio_adu_2025_5_Colorado2025_x001536_y011776
Unknown_Sample,20251031_036_pol_pro_Vio_adu_2025_5_Colorado2025.czi,Vio_adu,493.28,2165.0,12328.0,23,35,101.46,0.93,20251031_036_pol_pro_Vio_adu_2025_5_Colorado2025_x001536_y011776
Unknown_Sample,20251031_036_pol_pro_Vio_adu_2025_5_Colorado2025.czi,Vio_adu,700.68,2638.0,11940.0,34,33,113.01,0.966,20251031_036_pol_pro_Vio_adu_2025_5_Colorado2025_x002048_y011776
Unknown_Sample,20251031_036_pol_pro_Vio_adu_2025_5_Colorado2025.czi,Vio_adu,796.49,2125.0,12332.0,37,36,123.25,0.964,20251031_036_pol_pro_Vio_adu_2025_5_Colorado2025_x002048_y011776
Unknown_Sample,20251031_036_pol_pro_Vio_adu_2025_5_Colorado2025.czi,Vio_adu,749.16,2394.0,12230.0,34,36,117.84,0.964,20251031_036_pol_pro_Vio_adu_2025_5_Colorado2025_x002048_y011776
Unknown_Sample,20251031_036_pol_pro_Vio_adu_2025_5_Colorado2025.czi,Vio_adu,707.22,2169.0,12328.0,34,35,114.08,0.962,20251031_036_pol_pro_Vio_adu_2025_5_Colorado2025_x002048_y011776
Unknown_Sample,20251031_036_pol_pro_Vio_adu_2025_5_Colorado2025.czi,Vio_adu,891.14,2239.0,12396.0,38,38,129.25,0.961,20251031_036_pol_pro_Vio_adu_2025_5_Colorado2025_x002048_y011776
Unknown_Sample,20251031_036_pol_pro_Vio_adu_2025_5_Colorado2025.czi,Vio_adu,715.3,2638.0,11940.0,34,34,113.84,0.966,20251031_036_pol_pro_Vio_adu_2025_5_Colorado2025_x002560_y011776
Unknown_Sample,20251031_036_pol_pro_Vio_adu_2025_5_Colorado2025.czi,Vio_adu,788.79,2946.0,12392.0,36,37,119.74,0.963,20251031_036_pol_pro_Vio_adu_2025_5_Colorado2025_x002560_y011776
Unknown_Sample,20251031_036_pol_pro_Vio_adu_2025_5_Colorado2025.czi,Vio_adu,637.58,2955.0,11949.0,34,31,109.01,0.961,20251031_036_pol_pro_Vio_adu_2025_5_Colorado2025_x002560_y011776
Unknown_Sample,20251031_036_pol_pro_Vio_adu_2025_5_Colorado2025.czi,Vio_adu,660.66,3159.0,12098.0,31,35,109.84,0.956,20251031_036_pol_pro_Vio_adu_2025_5_Colorado2025_x002560_y011776
Unknown_Sample,20251031_036_pol_pro_Vio_adu_2025_5_Colorado2025.czi,Vio_adu,661.43,3159.0,12098.0,31,35,109.84,0.955,20251031_036_pol_pro_Vio_adu_2025_5_Colorado2025_x003072_y011776
Unknown_Sample,20251031_036_pol_pro_Vio_adu_2025_5_Colorado2025.czi,Vio_adu,784.17,4186.0,12075.0,36,36,118.91,0.962,20251031_036_pol_pro_Vio_adu_2025_5_Colorado2025_x003584_y011776
Unknown_Sample,20251031_036_pol_pro_Vio_adu_2025_5_Colorado2025.czi,Vio_adu,325.91,4216.0,12152.0,15,39,92.87,0.894,20251031_036_pol_pro_Vio_adu_2025_5_Colorado2025_x003584_y011776
Unknown_Sample,20251031_036_pol_pro_Vio_adu_2025_5_Colorado2025.czi,Vio_adu,728.77,4534.0,11982.0,34,35,116.43,0.963,20251031_036_pol_pro_Vio_adu_2025_5_Colorado2025_x004096_y011776
Unknown_Sample,20251031_036_pol_pro_Vio_adu_2025_5_Colorado2025.czi,Vio_adu,886.14,4227.0,12151.0,38,39,127.15,0.962,20251031_036_pol_pro_Vio_adu_2025_5_Colorado2025_x004096_y011776
Unknown_Sample,20251031_036_pol_pro_Vio_adu_2025_5_Colorado2025.czi,Vio_adu,785.71,4186.0,12075.0,36,36,118.91,0.962,20251031_036_pol_pro_Vio_adu_2025_5_Colorado2025_x004096_y011776
Unknown_Sample,20251031_036_pol_pro_Vio_adu_2025_5_Colorado2025.czi,Vio_adu,950.78,5136.0,12119.0,39,41,134.33,0.962,20251031_036_pol_pro_Vio_adu_2025_5_Colorado2025_x004608_y011776
Unknown_Sample,20251031_036_pol_pro_Vio_adu_2025_5_Colorado2025.czi,Vio_adu,900.38,5137.0,12119.0,36,41,130.08,0.965,20251031_036_pol_pro_Vio_adu_2025_5_Colorado2025_x005120_y011776
Unknown_Sample,20251031_036_pol_pro_Vio_adu_2025_5_Colorado2025.czi,Vio_adu,924.62,5314.0,11835.0,40,38,130.33,0.963,20251031_036_pol_pro_Vio_adu_2025_5_Colorado2025_x005120_y011776
Unknown_Sample,20251031_036_pol_pro_Vio_adu_2025_5_Colorado2025.czi,Vio_adu,843.43,7128.0,12200.0,37,38,124.91,0.962,20251031_036_pol_pro_Vio_adu_2025_5_Colorado2025_x006656_y011776
Unknown_Sample,20251031_036_pol_pro_Vio_adu_2025_5_Colorado2025.czi,Vio_adu,881.91,7148.0,12068.0,40,36,126.91,0.961,20251031_036_pol_pro_Vio_adu_2025_5_Colorado2025_x006656_y011776
Unknown_Sample,20251031_036_pol_pro_Vio_adu_2025_5_Colorado2025.czi,Vio_adu,860.36,7575.0,11936.0,37,38,123.74,0.967,20251031_036_pol_pro_Vio_adu_2025_5_Colorado2025_x007168_y011776
Unknown_Sample,20251031_036_pol_pro_Vio_adu_2025_5_Colorado2025.czi,Vio_adu,816.5,7350.0,12383.0,39,35,122.91,0.965,20251031_036_pol_pro_Vio_adu_2025_5_Colorado2025_x007168_y011776
Unknown_Sample,20251031_036_pol_pro_Vio_adu_2025_5_Colorado2025.czi,Vio_adu,834.2,7955.0,12133.0,38,36,124.08,0.957,20251031_036_pol_pro_Vio_adu_2025_5_Colorado2025_x007680_y011776
Unknown_Sample,20251031_036_pol_pro_Vio_adu_2025_5_Colorado2025.czi,Vio_adu,604.48,7961.0,12091.0,25,42,110.67,0.894,20251031_036_pol_pro_Vio_adu_2025_5_Colorado2025_x007680_y011776
Unknown_Sample,20251031_036_pol_pro_Vio_adu_2025_5_Colorado2025.czi,Vio_adu,759.93,9720.0,12375.0,37,35,117.15,0.962,20251031_036_pol_pro_Vio_adu_2025_5_Colorado2025_x009216_y011776
Unknown_Sample,20251031_036_pol_pro_Vio_adu_2025_5_Colorado2025.czi,Vio_adu,917.69,10063.0,12110.0,39,39,129.15,0.966,20251031_036_pol_pro_Vio_adu_2025_5_Colorado2025_x009728_y011776
Unknown_Sample,20251031_036_pol_pro_Vio_adu_2025_5_Colorado2025.czi,Vio_adu,170.07,9733.0,12375.0,11,31,70.63,0.938,20251031_036_pol_pro_Vio_adu_2025_5_Colorado2025_x009728_y011776
Unknown_Sample,20251031_036_pol_pro_Vio_adu_2025_5_Colorado2025.czi,Vio_adu,815.73,10668.0,12191.0,38,35,120.91,0.963,20251031_036_pol_pro_Vio_adu_2025_5_Colorado2025_x010240_y011776
Unknown_Sample,20251031_036_pol_pro_Vio_adu_2025_5_Colorado2025.czi,Vio_adu,796.87,13475.0,11855.0,35,38,122.67,0.954,20251031_036_pol_pro_Vio_adu_2025_5_Colorado2025_x013312_y011776
Unknown_Sample,20251031_036_pol_pro_Vio_adu_2025_5_Colorado2025.czi,Vio_adu,525.99,1360.0,12298.0,37,23,104.87,0.962,20251031_036_pol_pro_Vio_adu_2025_5_Colorado2025_x001024_y012288
Unknown_Sample,20251031_036_pol_pro_Vio_adu_2025_5_Colorado2025.czi,Vio_adu,791.87,1845.0,12303.0,38,33,121.6,0.969,20251031_036_pol_pro_Vio_adu_2025_5_Colorado2025_x001536_y012288
Unknown_Sample,20251031_036_pol_pro_Vio_adu_2025_5_Colorado2025.czi,Vio_adu,797.64,2125.0,12332.0,37,36,122.67,0.964,20251031_036_pol_pro_Vio_adu_2025_5_Colorado2025_x001536_y012288
Unknown_Sample,20251031_036_pol_pro_Vio_adu_2025_5_Colorado2025.czi,Vio_adu,493.28,2165.0,12328.0,23,35,101.46,0.93,20251031_036_pol_pro_Vio_adu_2025_5_Colorado2025_x001536_y012288
Unknown_Sample,20251031_036_pol_pro_Vio_adu_2025_5_Colorado2025.czi,Vio_adu,883.06,2239.0,12395.0,38,38,126.33,0.966,20251031_036_pol_pro_Vio_adu_2025_5_Colorado2025_x002048_y012288
Unknown_Sample,20251031_036_pol_pro_Vio_adu_2025_5_Colorado2025.czi,Vio_adu,796.49,2125.0,12332.0,37,36,123.25,0.964,20251031_036_pol_pro_Vio_adu_2025_5_Colorado2025_x002048_y012288
Unknown_Sample,20251031_036_pol_pro_Vio_adu_2025_5_Colorado2025.czi,Vio_adu,706.83,2169.0,12328.0,34,35,113.5,0.962,20251031_036_pol_pro_Vio_adu_2025_5_Colorado2025_x002048_y012288
Unknown_Sample,20251031_036_pol_pro_Vio_adu_2025_5_Colorado2025.czi,Vio_adu,731.08,2401.0,12501.0,37,33,117.25,0.962,20251031_036_pol_pro_Vio_adu_2025_5_Colorado2025_x002048_y012288
Unknown_Sample,20251031_036_pol_pro_Vio_adu_2025_5_Colorado2025.czi,Vio_adu,786.1,2946.0,12392.0,36,37,120.33,0.965,20251031_036_pol_pro_Vio_adu_2025_5_Colorado2025_x002560_y012288
Unknown_Sample,20251031_036_pol_pro_Vio_adu_2025_5_Colorado2025.czi,Vio_adu,833.81,2985.0,12482.0,40,34,123.5,0.965,20251031_036_pol_pro_Vio_adu_2025_5_Colorado2025_x002560_y012288
Unknown_Sample,20251031_036_pol_pro_Vio_adu_2025_5_Colorado2025.czi,Vio_adu,773.4,3874.0,12684.0,35,36,118.08,0.964,20251031_036_pol_pro_Vio_adu_2025_5_Colorado2025_x003584_y012288
Unknown_Sample,20251031_036_pol_pro_Vio_adu_2025_5_Colorado2025.czi,Vio_adu,686.83,4106.0,12667.0,35,34,112.33,0.962,20251031_036_pol_pro_Vio_adu_2025_5_Colorado2025_x003584_y012288
Unknown_Sample,20251031_036_pol_pro_Vio_adu_2025_5_Colorado2025.czi,Vio_adu,831.89,4679.0,12448.0,37,37,122.91,0.966,20251031_036_pol_pro_Vio_adu_2025_5_Colorado2025_x004096_y012288
Unknown_Sample,20251031_036_pol_pro_Vio_adu_2025_5_Colorado2025.czi,Vio_adu,586.78,4109.0,12666.0,28,34,105.36,0.966,20251031_036_pol_pro_Vio_adu_2025_5_Colorado2025_x004096_y012288
Unknown_Sample,20251031_036_pol_pro_Vio_adu_2025_5_Colorado2025.czi,Vio_adu,832.66,4679.0,12448.0,37,37,122.91,0.966,20251031_036_pol_pro_Vio_adu_2025_5_Colorado2025_x004608_y012288
Unknown_Sample,20251031_036_pol_pro_Vio_adu_2025_5_Colorado2025.czi,Vio_adu,834.97,5297.0,12632.0,36,37,123.25,0.965,20251031_036_pol_pro_Vio_adu_2025_5_Colorado2025_x005120_y012288
Unknown_Sample,20251031_036_pol_pro_Vio_adu_2025_5_Colorado2025.czi,Vio_adu,928.47,5641.0,12666.0,39,41,130.81,0.958,20251031_036_pol_pro_Vio_adu_2025_5_Colorado2025_x005120_y012288
Unknown_Sample,20251031_036_pol_pro_Vio_adu_2025_5_Colorado2025.czi,Vio_adu,727.23,5645.0,12666.0,28,41,119.94,0.963,20251031_036_pol_pro_Vio_adu_2025_5_Colorado2025_x005632_y012288
Unknown_Sample,20251031_036_pol_pro_Vio_adu_2025_5_Colorado2025.czi,Vio_adu,698.37,7120.0,12886.0,35,33,112.67,0.961,20251031_036_pol_pro_Vio_adu_2025_5_Colorado2025_x006656_y012288
Unknown_Sample,20251031_036_pol_pro_Vio_adu_2025_5_Colorado2025.czi,Vio_adu,814.96,7350.0,12383.0,39,35,122.91,0.966,20251031_036_pol_pro_Vio_adu_2025_5_Colorado2025_x007168_y012288
Unknown_Sample,20251031_036_pol_pro_Vio_adu_2025_5_Colorado2025.czi,Vio_adu,774.17,7310.0,12888.0,35,37,117.74,0.965,20251031_036_pol_pro_Vio_adu_2025_5_Colorado2025_x007168_y012288
Unknown_Sample,20251031_036_pol_pro_Vio_adu_2025_5_Colorado2025.czi,Vio_adu,711.84,7371.0,12637.0,35,35,116.08,0.964,20251031_036_pol_pro_Vio_adu_2025_5_Colorado2025_x007168_y012288
Unknown_Sample,20251031_036_pol_pro_Vio_adu_2025_5_Colorado2025.czi,Vio_adu,851.9,9059.0,12912.0,41,32,127.94,0.949,20251031_036_pol_pro_Vio_adu_2025_5_Colorado2025_x008704_y012288
Unknown_Sample,20251031_036_pol_pro_Vio_adu_2025_5_Colorado2025.czi,Vio_adu,760.7,9720.0,12375.0,37,35,117.15,0.962,20251031_036_pol_pro_Vio_adu_2025_5_Colorado2025_x009216_y012288
Unknown_Sample,20251031_036_pol_pro_Vio_adu_2025_5_Colorado2025.czi,Vio_adu,170.07,9733.0,12375.0,11,31,70.63,0.938,20251031_036_pol_pro_Vio_adu_2025_5_Colorado2025_x009728_y012288
Unknown_Sample,20251031_036_pol_pro_Vio_adu_2025_5_Colorado2025.czi,Vio_adu,769.94,1070.0,13303.0,39,34,119.15,0.961,20251031_036_pol_pro_Vio_adu_2025_5_Colorado2025_x000512_y012800
Unknown_Sample,20251031_036_pol_pro_Vio_adu_2025_5_Colorado2025.czi,Vio_adu,616.03,773.0,13340.0,33,31,105.84,0.952,20251031_036_pol_pro_Vio_adu_2025_5_Colorado2025_x000512_y012800
Unknown_Sample,20251031_036_pol_pro_Vio_adu_2025_5_Colorado2025.czi,Vio_adu,769.94,1070.0,13303.0,39,34,119.15,0.961,20251031_036_pol_pro_Vio_adu_2025_5_Colorado2025_x001024_y012800
Unknown_Sample,20251031_036_pol_pro_Vio_adu_2025_5_Colorado2025.czi,Vio_adu,642.19,1586.0,12970.0,41,28,112.33,0.948,20251031_036_pol_pro_Vio_adu_2025_5_Colorado2025_x001024_y012800
Unknown_Sample,20251031_036_pol_pro_Vio_adu_2025_5_Colorado2025.czi,Vio_adu,698.37,2138.0,13379.0,33,33,111.01,0.963,20251031_036_pol_pro_Vio_adu_2025_5_Colorado2025_x001536_y012800
Unknown_Sample,20251031_036_pol_pro_Vio_adu_2025_5_Colorado2025.czi,Vio_adu,628.73,1727.0,13297.0,34,31,108.43,0.962,20251031_036_pol_pro_Vio_adu_2025_5_Colorado2025_x001536_y012800
Unknown_Sample,20251031_036_pol_pro_Vio_adu_2025_5_Colorado2025.czi,Vio_adu,626.42,1729.0,13083.0,33,31,106.43,0.961,20251031_036_pol_pro_Vio_adu_2025_5_Colorado2025_x001536_y012800
Unknown_Sample,20251031_036_pol_pro_Vio_adu_2025_5_Colorado2025.czi,Vio_adu,642.19,1586.0,12970.0,41,28,112.33,0.948,20251031_036_pol_pro_Vio_adu_2025_5_Colorado2025_x001536_y012800
Unknown_Sample,20251031_036_pol_pro_Vio_adu_2025_5_Colorado2025.czi,Vio_adu,698.37,2138.0,13379.0,33,33,111.01,0.963,20251031_036_pol_pro_Vio_adu_2025_5_Colorado2025_x002048_y012800
Unknown_Sample,20251031_036_pol_pro_Vio_adu_2025_5_Colorado2025.czi,Vio_adu,713.38,2193.0,13122.0,36,33,114.08,0.962,20251031_036_pol_pro_Vio_adu_2025_5_Colorado2025_x002048_y012800
Unknown_Sample,20251031_036_pol_pro_Vio_adu_2025_5_Colorado2025.czi,Vio_adu,800.72,2644.0,13418.0,36,37,120.33,0.959,20251031_036_pol_pro_Vio_adu_2025_5_Colorado2025_x002048_y012800
Unknown_Sample,20251031_036_pol_pro_Vio_adu_2025_5_Colorado2025.czi,Vio_adu,800.72,2644.0,13418.0,36,37,120.33,0.959,20251031_036_pol_pro_Vio_adu_2025_5_Colorado2025_x002560_y012800
Unknown_Sample,20251031_036_pol_pro_Vio_adu_2025_5_Colorado2025.czi,Vio_adu,418.64,2851.0,13430.0,33,20,93.8,0.926,20251031_036_pol_pro_Vio_adu_2025_5_Colorado2025_x002560_y012800
Unknown_Sample,20251031_036_pol_pro_Vio_adu_2025_5_Colorado2025.czi,Vio_adu,758.01,3266.0,13280.0,36,35,118.08,0.961,20251031_036_pol_pro_Vio_adu_2025_5_Colorado2025_x003072_y012800
Unknown_Sample,20251031_036_pol_pro_Vio_adu_2025_5_Colorado2025.czi,Vio_adu,813.8,4137.0,13263.0,36,37,121.5,0.961,20251031_036_pol_pro_Vio_adu_2025_5_Colorado2025_x003584_y012800
Unknown_Sample,20251031_036_pol_pro_Vio_adu_2025_5_Colorado2025.czi,Vio_adu,818.04,3914.0,12958.0,39,35,122.91,0.957,20251031_036_pol_pro_Vio_adu_2025_5_Colorado2025_x003584_y012800
Unknown_Sample,20251031_036_pol_pro_Vio_adu_2025_5_Colorado2025.czi,Vio_adu,813.03,4137.0,13263.0,36,37,121.5,0.961,20251031_036_pol_pro_Vio_adu_2025_5_Colorado2025_x004096_y012800
Unknown_Sample,20251031_036_pol_pro_Vio_adu_2025_5_Colorado2025.czi,Vio_adu,709.14,4772.0,13204.0,34,35,114.67,0.965,20251031_036_pol_pro_Vio_adu_2025_5_Colorado2025_x004608_y012800
Unknown_Sample,20251031_036_pol_pro_Vio_adu_2025_5_Colorado2025.czi,Vio_adu,621.8,5235.0,13128.0,25,39,113.46,0.943,20251031_036_pol_pro_Vio_adu_2025_5_Colorado2025_x004608_y012800
Unknown_Sample,20251031_036_pol_pro_Vio_adu_2025_5_Colorado2025.czi,Vio_adu,903.46,5241.0,13127.0,38,38,128.08,0.964,20251031_036_pol_pro_Vio_adu_2025_5_Colorado2025_x005120_y012800
Unknown_Sample,20251031_036_pol_pro_Vio_adu_2025_5_Colorado2025.czi,Vio_adu,762.63,6087.0,13244.0,36,35,119.25,0.963,20251031_036_pol_pro_Vio_adu_2025_5_Colorado2025_x005632_y012800
Unknown_Sample,20251031_036_pol_pro_Vio_adu_2025_5_Colorado2025.czi,Vio_adu,692.6,6518.0,12988.0,34,33,112.43,0.963,20251031_036_pol_pro_Vio_adu_2025_5_Colorado2025_x006144_y012800
Unknown_Sample,20251031_036_pol_pro_Vio_adu_2025_5_Colorado2025.czi,Vio_adu,749.93,6738.0,13158.0,35,36,117.5,0.962,20251031_036_pol_pro_Vio_adu_2025_5_Colorado2025_x006144_y012800
Unknown_Sample,20251031_036_pol_pro_Vio_adu_2025_5_Colorado2025.czi,Vio_adu,753.78,6738.0,13158.0,35,36,117.5,0.961,20251031_036_pol_pro_Vio_adu_2025_5_Colorado2025_x006656_y012800
Unknown_Sample,20251031_036_pol_pro_Vio_adu_2025_5_Colorado2025.czi,Vio_adu,697.22,7120.0,12886.0,35,33,113.25,0.961,20251031_036_pol_pro_Vio_adu_2025_5_Colorado2025_x006656_y012800
Unknown_Sample,20251031_036_pol_pro_Vio_adu_2025_5_Colorado2025.czi,Vio_adu,774.94,7310.0,12888.0,35,37,117.74,0.965,20251031_036_pol_pro_Vio_adu_2025_5_Colorado2025_x007168_y012800
Unknown_Sample,20251031_036_pol_pro_Vio_adu_2025_5_Colorado2025.czi,Vio_adu,930.39,7893.0,12986.0,41,38,130.57,0.961,20251031_036_pol_pro_Vio_adu_2025_5_Colorado2025_x007680_y012800
Unknown_Sample,20251031_036_pol_pro_Vio_adu_2025_5_Colorado2025.czi,Vio_adu,894.61,8603.0,13115.0,40,37,125.98,0.959,20251031_036_pol_pro_Vio_adu_2025_5_Colorado2025_x008192_y012800
Unknown_Sample,20251031_036_pol_pro_Vio_adu_2025_5_Colorado2025.czi,Vio_adu,910.38,9059.0,12913.0,41,36,128.91,0.964,20251031_036_pol_pro_Vio_adu_2025_5_Colorado2025_x008704_y012800
Unknown_Sample,20251031_036_pol_pro_Vio_adu_2025_5_Colorado2025.czi,Vio_adu,651.81,9062.0,13352.0,33,33,109.25,0.963,20251031_036_pol_pro_Vio_adu_2025_5_Colorado2025_x008704_y012800
Unknown_Sample,20251031_036_pol_pro_Vio_adu_2025_5_Colorado2025.czi,Vio_adu,277.42,12838.0,13350.0,27,17,75.21,0.933,20251031_036_pol_pro_Vio_adu_2025_5_Colorado2025_x012288_y012800
Unknown_Sample,20251031_036_pol_pro_Vio_adu_2025_5_Colorado2025.czi,Vio_adu,277.42,12838.0,13350.0,27,17,75.21,0.931,20251031_036_pol_pro_Vio_adu_2025_5_Colorado2025_x012800_y012800
Unknown_Sample,20251031_036_pol_pro_Vio_adu_2025_5_Colorado2025.czi,Vio_adu,710.68,1123.0,13477.0,33,37,115.5,0.963,20251031_036_pol_pro_Vio_adu_2025_5_Colorado2025_x000512_y013312
Unknown_Sample,20251031_036_pol_pro_Vio_adu_2025_5_Colorado2025.czi,Vio_adu,618.34,773.0,13340.0,33,32,107.84,0.957,20251031_036_pol_pro_Vio_adu_2025_5_Colorado2025_x000512_y013312
Unknown_Sample,20251031_036_pol_pro_Vio_adu_2025_5_Colorado2025.czi,Vio_adu,714.15,1123.0,13477.0,33,37,116.08,0.963,20251031_036_pol_pro_Vio_adu_2025_5_Colorado2025_x001024_y013312
Unknown_Sample,20251031_036_pol_pro_Vio_adu_2025_5_Colorado2025.czi,Vio_adu,665.28,1575.0,13922.0,32,34,109.84,0.963,20251031_036_pol_pro_Vio_adu_2025_5_Colorado2025_x001024_y013312
Unknown_Sample,20251031_036_pol_pro_Vio_adu_2025_5_Colorado2025.czi,Vio_adu,699.14,2138.0,13379.0,33,34,111.84,0.963,20251031_036_pol_pro_Vio_adu_2025_5_Colorado2025_x001536_y013312
Unknown_Sample,20251031_036_pol_pro_Vio_adu_2025_5_Colorado2025.czi,Vio_adu,666.05,1576.0,13922.0,32,34,109.84,0.962,20251031_036_pol_pro_Vio_adu_2025_5_Colorado2025_x001536_y013312
Unknown_Sample,20251031_036_pol_pro_Vio_adu_2025_5_Colorado2025.czi,Vio_adu,699.91,2138.0,13379.0,33,34,111.84,0.963,20251031_036_pol_pro_Vio_adu_2025_5_Colorado2025_x002048_y013312
Unknown_Sample,20251031_036_pol_pro_Vio_adu_2025_5_Colorado2025.czi,Vio_adu,797.64,2644.0,13418.0,36,37,119.15,0.963,20251031_036_pol_pro_Vio_adu_2025_5_Colorado2025_x002048_y013312
Unknown_Sample,20251031_036_pol_pro_Vio_adu_2025_5_Colorado2025.czi,Vio_adu,859.21,2573.0,13803.0,39,38,125.98,0.96,20251031_036_pol_pro_Vio_adu_2025_5_Colorado2025_x002048_y013312
Unknown_Sample,20251031_036_pol_pro_Vio_adu_2025_5_Colorado2025.czi,Vio_adu,551.39,2546.0,13940.0,35,25,106.04,0.941,20251031_036_pol_pro_Vio_adu_2025_5_Colorado2025_x002048_y013312
Unknown_Sample,20251031_036_pol_pro_Vio_adu_2025_5_Colorado2025.czi,Vio_adu,764.94,2575.0,13803.0,34,38,121.25,0.967,20251031_036_pol_pro_Vio_adu_2025_5_Colorado2025_x002560_y013312
Unknown_Sample,20251031_036_pol_pro_Vio_adu_2025_5_Colorado2025.czi,Vio_adu,777.63,3133.0,13544.0,35,37,119.5,0.967,20251031_036_pol_pro_Vio_adu_2025_5_Colorado2025_x002560_y013312
Unknown_Sample,20251031_036_pol_pro_Vio_adu_2025_5_Colorado2025.czi,Vio_adu,797.64,2644.0,13418.0,36,37,119.15,0.963,20251031_036_pol_pro_Vio_adu_2025_5_Colorado2025_x002560_y013312
Unknown_Sample,20251031_036_pol_pro_Vio_adu_2025_5_Colorado2025.czi,Vio_adu,668.36,2851.0,13435.0,33,34,110.67,0.962,20251031_036_pol_pro_Vio_adu_2025_5_Colorado2025_x002560_y013312
Unknown_Sample,20251031_036_pol_pro_Vio_adu_2025_5_Colorado2025.czi,Vio_adu,788.02,2971.0,13638.0,36,36,121.25,0.96,20251031_036_pol_pro_Vio_adu_2025_5_Colorado2025_x002560_y013312
Unknown_Sample,20251031_036_pol_pro_Vio_adu_2025_5_Colorado2025.czi,Vio_adu,777.63,3133.0,13544.0,35,37,119.5,0.967,20251031_036_pol_pro_Vio_adu_2025_5_Colorado2025_x003072_y013312
Unknown_Sample,20251031_036_pol_pro_Vio_adu_2025_5_Colorado2025.czi,Vio_adu,686.06,3373.0,13747.0,36,32,112.67,0.962,20251031_036_pol_pro_Vio_adu_2025_5_Colorado2025_x003072_y013312
Unknown_Sample,20251031_036_pol_pro_Vio_adu_2025_5_Colorado2025.czi,Vio_adu,758.78,3371.0,13861.0,36,35,116.91,0.961,20251031_036_pol_pro_Vio_adu_2025_5_Colorado2025_x003072_y013312
Unknown_Sample,20251031_036_pol_pro_Vio_adu_2025_5_Colorado2025.czi,Vio_adu,856.9,4962.0,13473.0,37,39,125.15,0.964,20251031_036_pol_pro_Vio_adu_2025_5_Colorado2025_x004608_y013312
Unknown_Sample,20251031_036_pol_pro_Vio_adu_2025_5_Colorado2025.czi,Vio_adu,933.08,5056.0,13818.0,38,41,131.15,0.959,20251031_036_pol_pro_Vio_adu_2025_5_Colorado2025_x004608_y013312
Unknown_Sample,20251031_036_pol_pro_Vio_adu_2025_5_Colorado2025.czi,Vio_adu,786.87,5771.0,13642.0,35,37,119.5,0.961,20251031_036_pol_pro_Vio_adu_2025_5_Colorado2025_x005632_y013312
Unknown_Sample,20251031_036_pol_pro_Vio_adu_2025_5_Colorado2025.czi,Vio_adu,588.32,6676.0,13938.0,34,27,108.04,0.951,20251031_036_pol_pro_Vio_adu_2025_5_Colorado2025_x006144_y013312
Unknown_Sample,20251031_036_pol_pro_Vio_adu_2025_5_Colorado2025.czi,Vio_adu,600.25,6676.0,13938.0,34,28,109.46,0.95,20251031_036_pol_pro_Vio_adu_2025_5_Colorado2025_x006656_y013312
Unknown_Sample,20251031_036_pol_pro_Vio_adu_2025_5_Colorado2025.czi,Vio_adu,817.27,8047.0,13707.0,38,35,123.25,0.965,20251031_036_pol_pro_Vio_adu_2025_5_Colorado2025_x007680_y013312
Unknown_Sample,20251031_036_pol_pro_Vio_adu_2025_5_Colorado2025.czi,Vio_adu,733.38,8594.0,13563.0,34,36,116.08,0.962,20251031_036_pol_pro_Vio_adu_2025_5_Colorado2025_x008192_y013312
Unknown_Sample,20251031_036_pol_pro_Vio_adu_2025_5_Colorado2025.czi,Vio_adu,652.58,9062.0,13352.0,33,33,109.25,0.963,20251031_036_pol_pro_Vio_adu_2025_5_Colorado2025_x008704_y013312
Unknown_Sample,20251031_036_pol_pro_Vio_adu_2025_5_Colorado2025.czi,Vio_adu,277.42,12838.0,13350.0,27,17,75.21,0.933,20251031_036_pol_pro_Vio_adu_2025_5_Colorado2025_x012288_y013312
Unknown_Sample,20251031_036_pol_pro_Vio_adu_2025_5_Colorado2025.czi,Vio_adu,278.19,12838.0,13350.0,27,17,75.21,0.931,20251031_036_pol_pro_Vio_adu_2025_5_Colorado2025_x012800_y013312
Unknown_Sample,20251031_036_pol_pro_Vio_adu_2025_5_Colorado2025.czi,Vio_adu,663.74,1576.0,13922.0,32,34,109.84,0.963,20251031_036_pol_pro_Vio_adu_2025_5_Colorado2025_x001024_y013824
Unknown_Sample,20251031_036_pol_pro_Vio_adu_2025_5_Colorado2025.czi,Vio_adu,748.39,1541.0,14030.0,34,36,117.84,0.96,20251031_036_pol_pro_Vio_adu_2025_5_Colorado2025_x001024_y013824
Unknown_Sample,20251031_036_pol_pro_Vio_adu_2025_5_Colorado2025.czi,Vio_adu,663.74,1576.0,13922.0,32,34,109.84,0.963,20251031_036_pol_pro_Vio_adu_2025_5_Colorado2025_x001536_y013824
Unknown_Sample,20251031_036_pol_pro_Vio_adu_2025_5_Colorado2025.czi,Vio_adu,506.75,1546.0,14031.0,23,36,102.87,0.961,20251031_036_pol_pro_Vio_adu_2025_5_Colorado2025_x001536_y013824
Unknown_Sample,20251031_036_pol_pro_Vio_adu_2025_5_Colorado2025.czi,Vio_adu,799.57,2545.0,13945.0,35,37,120.08,0.964,20251031_036_pol_pro_Vio_adu_2025_5_Colorado2025_x002048_y013824
Unknown_Sample,20251031_036_pol_pro_Vio_adu_2025_5_Colorado2025.czi,Vio_adu,759.16,2275.0,13975.0,35,36,118.67,0.962,20251031_036_pol_pro_Vio_adu_2025_5_Colorado2025_x002048_y013824
Unknown_Sample,20251031_036_pol_pro_Vio_adu_2025_5_Colorado2025.czi,Vio_adu,740.31,2587.0,14268.0,34,37,115.74,0.96,20251031_036_pol_pro_Vio_adu_2025_5_Colorado2025_x002048_y013824
Unknown_Sample,20251031_036_pol_pro_Vio_adu_2025_5_Colorado2025.czi,Vio_adu,723.77,2652.0,14163.0,39,32,117.5,0.955,20251031_036_pol_pro_Vio_adu_2025_5_Colorado2025_x002048_y013824
Unknown_Sample,20251031_036_pol_pro_Vio_adu_2025_5_Colorado2025.czi,Vio_adu,223.17,2682.0,14367.0,12,34,79.8,0.808,20251031_036_pol_pro_Vio_adu_2025_5_Colorado2025_x002048_y013824
Unknown_Sample,20251031_036_pol_pro_Vio_adu_2025_5_Colorado2025.czi,Vio_adu,740.7,2587.0,14268.0,34,37,116.33,0.96,20251031_036_pol_pro_Vio_adu_2025_5_Colorado2025_x002560_y013824
Unknown_Sample,20251031_036_pol_pro_Vio_adu_2025_5_Colorado2025.czi,Vio_adu,724.53,2652.0,14163.0,39,32,117.5,0.955,20251031_036_pol_pro_Vio_adu_2025_5_Colorado2025_x002560_y013824
Unknown_Sample,20251031_036_pol_pro_Vio_adu_2025_5_Colorado2025.czi,Vio_adu,745.31,2692.0,14368.0,34,36,116.67,0.952,20251031_036_pol_pro_Vio_adu_2025_5_Colorado2025_x002560_y013824
Unknown_Sample,20251031_036_pol_pro_Vio_adu_2025_5_Colorado2025.czi,Vio_adu,622.95,3315.0,14117.0,32,32,107.01,0.961,20251031_036_pol_pro_Vio_adu_2025_5_Colorado2025_x003072_y013824
Unknown_Sample,20251031_036_pol_pro_Vio_adu_2025_5_Colorado2025.czi,Vio_adu,751.85,3371.0,13861.0,35,35,116.08,0.961,20251031_036_pol_pro_Vio_adu_2025_5_Colorado2025_x003072_y013824
Unknown_Sample,20251031_036_pol_pro_Vio_adu_2025_5_Colorado2025.czi,Vio_adu,763.78,3576.0,14114.0,35,37,119.5,0.96,20251031_036_pol_pro_Vio_adu_2025_5_Colorado2025_x003072_y013824
Unknown_Sample,20251031_036_pol_pro_Vio_adu_2025_5_Colorado2025.czi,Vio_adu,156.99,3588.0,14113.0,10,33,73.8,0.928,20251031_036_pol_pro_Vio_adu_2025_5_Colorado2025_x003584_y013824
Unknown_Sample,20251031_036_pol_pro_Vio_adu_2025_5_Colorado2025.czi,Vio_adu,846.89,4389.0,14172.0,35,40,124.33,0.961,20251031_036_pol_pro_Vio_adu_2025_5_Colorado2025_x004096_y013824
Unknown_Sample,20251031_036_pol_pro_Vio_adu_2025_5_Colorado2025.czi,Vio_adu,802.64,4661.0,14079.0,35,37,120.08,0.958,20251031_036_pol_pro_Vio_adu_2025_5_Colorado2025_x004096_y013824
Unknown_Sample,20251031_036_pol_pro_Vio_adu_2025_5_Colorado2025.czi,Vio_adu,852.67,4881.0,14162.0,40,35,126.08,0.963,20251031_036_pol_pro_Vio_adu_2025_5_Colorado2025_x004608_y013824
Unknown_Sample,20251031_036_pol_pro_Vio_adu_2025_5_Colorado2025.czi,Vio_adu,663.36,5145.0,14338.0,33,33,110.43,0.96,20251031_036_pol_pro_Vio_adu_2025_5_Colorado2025_x004608_y013824
Unknown_Sample,20251031_036_pol_pro_Vio_adu_2025_5_Colorado2025.czi,Vio_adu,800.34,4661.0,14079.0,35,37,120.08,0.958,20251031_036_pol_pro_Vio_adu_2025_5_Colorado2025_x004608_y013824
Unknown_Sample,20251031_036_pol_pro_Vio_adu_2025_5_Colorado2025.czi,Vio_adu,271.27,5057.0,13830.0,36,14,86.04,0.943,20251031_036_pol_pro_Vio_adu_2025_5_Colorado2025_x004608_y013824
Unknown_Sample,20251031_036_pol_pro_Vio_adu_2025_5_Colorado2025.czi,Vio_adu,744.16,5712.0,14119.0,35,36,118.08,0.961,20251031_036_pol_pro_Vio_adu_2025_5_Colorado2025_x005120_y013824
Unknown_Sample,20251031_036_pol_pro_Vio_adu_2025_5_Colorado2025.czi,Vio_adu,721.07,5685.0,14386.0,35,35,114.91,0.96,20251031_036_pol_pro_Vio_adu_2025_5_Colorado2025_x005120_y013824
Unknown_Sample,20251031_036_pol_pro_Vio_adu_2025_5_Colorado2025.czi,Vio_adu,663.36,5145.0,14338.0,33,33,110.43,0.96,20251031_036_pol_pro_Vio_adu_2025_5_Colorado2025_x005120_y013824
Unknown_Sample,20251031_036_pol_pro_Vio_adu_2025_5_Colorado2025.czi,Vio_adu,744.16,5712.0,14119.0,35,36,118.08,0.961,20251031_036_pol_pro_Vio_adu_2025_5_Colorado2025_x005632_y013824
Unknown_Sample,20251031_036_pol_pro_Vio_adu_2025_5_Colorado2025.czi,Vio_adu,721.07,5685.0,14386.0,35,35,114.91,0.959,20251031_036_pol_pro_Vio_adu_2025_5_Colorado2025_x005632_y013824
Unknown_Sample,20251031_036_pol_pro_Vio_adu_2025_5_Colorado2025.czi,Vio_adu,708.76,6390.0,14394.0,34,33,112.43,0.966,20251031_036_pol_pro_Vio_adu_2025_5_Colorado2025_x006144_y013824
Unknown_Sample,20251031_036_pol_pro_Vio_adu_2025_5_Colorado2025.czi,Vio_adu,714.92,6675.0,13941.0,34,35,115.25,0.964,20251031_036_pol_pro_Vio_adu_2025_5_Colorado2025_x006144_y013824
Unknown_Sample,20251031_036_pol_pro_Vio_adu_2025_5_Colorado2025.czi,Vio_adu,715.3,6675.0,13941.0,34,35,115.84,0.963,20251031_036_pol_pro_Vio_adu_2025_5_Colorado2025_x006656_y013824
Unknown_Sample,20251031_036_pol_pro_Vio_adu_2025_5_Colorado2025.czi,Vio_adu,764.55,7754.0,14146.0,36,36,119.5,0.959,20251031_036_pol_pro_Vio_adu_2025_5_Colorado2025_x007168_y013824
Unknown_Sample,20251031_036_pol_pro_Vio_adu_2025_5_Colorado2025.czi,Vio_adu,764.94,7754.0,14146.0,36,36,120.08,0.958,20251031_036_pol_pro_Vio_adu_2025_5_Colorado2025_x007680_y013824
Unknown_Sample,20251031_036_pol_pro_Vio_adu_2025_5_Colorado2025.czi,Vio_adu,729.54,8385.0,14196.0,35,33,114.43,0.962,20251031_036_pol_pro_Vio_adu_2025_5_Colorado2025_x008192_y013824
Unknown_Sample,20251031_036_pol_pro_Vio_adu_2025_5_Colorado2025.czi,Vio_adu,779.94,9268.0,13982.0,36,36,119.5,0.962,20251031_036_pol_pro_Vio_adu_2025_5_Colorado2025_x008704_y013824
Unknown_Sample,20251031_036_pol_pro_Vio_adu_2025_5_Colorado2025.czi,Vio_adu,626.42,8846.0,14214.0,31,33,109.6,0.944,20251031_036_pol_pro_Vio_adu_2025_5_Colorado2025_x008704_y013824
Unknown_Sample,20251031_036_pol_pro_Vio_adu_2025_5_Colorado2025.czi,Vio_adu,781.48,9268.0,13982.0,36,36,119.5,0.962,20251031_036_pol_pro_Vio_adu_2025_5_Colorado2025_x009216_y013824
Unknown_Sample,20251031_036_pol_pro_Vio_adu_2025_5_Colorado2025.czi,Vio_adu,764.55,1516.0,14868.0,40,32,119.5,0.957,20251031_036_pol_pro_Vio_adu_2025_5_Colorado2025_x001024_y014336
Unknown_Sample,20251031_036_pol_pro_Vio_adu_2025_5_Colorado2025.czi,Vio_adu,773.79,2005.0,14571.0,35,36,118.67,0.962,20251031_036_pol_pro_Vio_adu_2025_5_Colorado2025_x001536_y014336
Unknown_Sample,20251031_036_pol_pro_Vio_adu_2025_5_Colorado2025.czi,Vio_adu,228.17,2682.0,14367.0,12,34,80.38,0.788,20251031_036_pol_pro_Vio_adu_2025_5_Colorado2025_x002048_y014336
Unknown_Sample,20251031_036_pol_pro_Vio_adu_2025_5_Colorado2025.czi,Vio_adu,683.36,2975.0,14498.0,33,34,112.43,0.962,20251031_036_pol_pro_Vio_adu_2025_5_Colorado2025_x002560_y014336
Unknown_Sample,20251031_036_pol_pro_Vio_adu_2025_5_Colorado2025.czi,Vio_adu,747.24,2692.0,14368.0,34,36,117.25,0.952,20251031_036_pol_pro_Vio_adu_2025_5_Colorado2025_x002560_y014336
Unknown_Sample,20251031_036_pol_pro_Vio_adu_2025_5_Colorado2025.czi,Vio_adu,621.41,3353.0,14961.0,33,30,109.7,0.94,20251031_036_pol_pro_Vio_adu_2025_5_Colorado2025_x003072_y014336
Unknown_Sample,20251031_036_pol_pro_Vio_adu_2025_5_Colorado2025.czi,Vio_adu,675.67,4686.0,14562.0,33,34,111.25,0.964,20251031_036_pol_pro_Vio_adu_2025_5_Colorado2025_x004096_y014336
Unknown_Sample,20251031_036_pol_pro_Vio_adu_2025_5_Colorado2025.czi,Vio_adu,755.32,4546.0,14713.0,34,35,117.01,0.961,20251031_036_pol_pro_Vio_adu_2025_5_Colorado2025_x004096_y014336
Unknown_Sample,20251031_036_pol_pro_Vio_adu_2025_5_Colorado2025.czi,Vio_adu,674.9,4686.0,14562.0,33,34,111.25,0.964,20251031_036_pol_pro_Vio_adu_2025_5_Colorado2025_x004608_y014336
Unknown_Sample,20251031_036_pol_pro_Vio_adu_2025_5_Colorado2025.czi,Vio_adu,686.06,4839.0,14551.0,33,35,113.84,0.96,20251031_036_pol_pro_Vio_adu_2025_5_Colorado2025_x004608_y014336
Unknown_Sample,20251031_036_pol_pro_Vio_adu_2025_5_Colorado2025.czi,Vio_adu,359.77,5145.0,14344.0,33,19,90.04,0.953,20251031_036_pol_pro_Vio_adu_2025_5_Colorado2025_x004608_y014336
Unknown_Sample,20251031_036_pol_pro_Vio_adu_2025_5_Colorado2025.czi,Vio_adu,279.73,4762.0,14968.0,33,15,82.04,0.898,20251031_036_pol_pro_Vio_adu_2025_5_Colorado2025_x004608_y014336
Unknown_Sample,20251031_036_pol_pro_Vio_adu_2025_5_Colorado2025.czi,Vio_adu,721.07,5685.0,14386.0,35,35,114.91,0.96,20251031_036_pol_pro_Vio_adu_2025_5_Colorado2025_x005120_y014336
Unknown_Sample,20251031_036_pol_pro_Vio_adu_2025_5_Colorado2025.czi,Vio_adu,359.77,5145.0,14344.0,33,19,90.04,0.953,20251031_036_pol_pro_Vio_adu_2025_5_Colorado2025_x005120_y014336
Unknown_Sample,20251031_036_pol_pro_Vio_adu_2025_5_Colorado2025.czi,Vio_adu,721.07,5685.0,14386.0,35,35,114.91,0.96,20251031_036_pol_pro_Vio_adu_2025_5_Colorado2025_x005632_y014336
Unknown_Sample,20251031_036_pol_pro_Vio_adu_2025_5_Colorado2025.czi,Vio_adu,710.3,6390.0,14394.0,35,33,113.25,0.966,20251031_036_pol_pro_Vio_adu_2025_5_Colorado2025_x006144_y014336
Unknown_Sample,20251031_036_pol_pro_Vio_adu_2025_5_Colorado2025.czi,Vio_adu,585.25,6836.0,14490.0,31,31,103.01,0.962,20251031_036_pol_pro_Vio_adu_2025_5_Colorado2025_x006656_y014336
Unknown_Sample,20251031_036_pol_pro_Vio_adu_2025_5_Colorado2025.czi,Vio_adu,288.97,7289.0,14509.0,14,35,85.21,0.884,20251031_036_pol_pro_Vio_adu_2025_5_Colorado2025_x006656_y014336
Unknown_Sample,20251031_036_pol_pro_Vio_adu_2025_5_Colorado2025.czi,Vio_adu,843.05,7299.0,14510.0,37,38,124.33,0.959,20251031_036_pol_pro_Vio_adu_2025_5_Colorado2025_x007168_y014336
Unknown_Sample,20251031_036_pol_pro_Vio_adu_2025_5_Colorado2025.czi,Vio_adu,856.51,7749.0,14637.0,38,39,129.74,0.951,20251031_036_pol_pro_Vio_adu_2025_5_Colorado2025_x007168_y014336
Unknown_Sample,20251031_036_pol_pro_Vio_adu_2025_5_Colorado2025.czi,Vio_adu,751.47,8284.0,14837.0,34,36,117.84,0.962,20251031_036_pol_pro_Vio_adu_2025_5_Colorado2025_x007680_y014336
Unknown_Sample,20251031_036_pol_pro_Vio_adu_2025_5_Colorado2025.czi,Vio_adu,857.28,7749.0,14637.0,38,39,129.74,0.951,20251031_036_pol_pro_Vio_adu_2025_5_Colorado2025_x007680_y014336
Unknown_Sample,20251031_036_pol_pro_Vio_adu_2025_5_Colorado2025.czi,Vio_adu,567.93,8151.0,14499.0,34,31,104.91,0.913,20251031_036_pol_pro_Vio_adu_2025_5_Colorado2025_x007680_y014336
Unknown_Sample,20251031_036_pol_pro_Vio_adu_2025_5_Colorado2025.czi,Vio_adu,715.3,8578.0,14821.0,33,35,113.84,0.963,20251031_036_pol_pro_Vio_adu_2025_5_Colorado2025_x008192_y014336
Unknown_Sample,20251031_036_pol_pro_Vio_adu_2025_5_Colorado2025.czi,Vio_adu,752.24,8284.0,14837.0,34,36,117.84,0.962,20251031_036_pol_pro_Vio_adu_2025_5_Colorado2025_x008192_y014336
Unknown_Sample,20251031_036_pol_pro_Vio_adu_2025_5_Colorado2025.czi,Vio_adu,688.37,9238.0,14917.0,34,35,112.33,0.957,20251031_036_pol_pro_Vio_adu_2025_5_Colorado2025_x008704_y014336
Unknown_Sample,20251031_036_pol_pro_Vio_adu_2025_5_Colorado2025.czi,Vio_adu,688.75,9238.0,14917.0,34,35,112.91,0.957,20251031_036_pol_pro_Vio_adu_2025_5_Colorado2025_x009216_y014336
Unknown_Sample,20251031_036_pol_pro_Vio_adu_2025_5_Colorado2025.czi,Vio_adu,766.09,1516.0,14868.0,40,32,119.5,0.957,20251031_036_pol_pro_Vio_adu_2025_5_Colorado2025_x001024_y014848
Unknown_Sample,20251031_036_pol_pro_Vio_adu_2025_5_Colorado2025.czi,Vio_adu,773.02,1449.0,15036.0,40,33,121.5,0.956,20251031_036_pol_pro_Vio_adu_2025_5_Colorado2025_x001024_y014848
Unknown_Sample,20251031_036_pol_pro_Vio_adu_2025_5_Colorado2025.czi,Vio_adu,840.35,1217.0,15077.0,38,38,125.74,0.947,20251031_036_pol_pro_Vio_adu_2025_5_Colorado2025_x001024_y014848
Unknown_Sample,20251031_036_pol_pro_Vio_adu_2025_5_Colorado2025.czi,Vio_adu,776.09,1252.0,15052.0,40,32,120.67,0.94,20251031_036_pol_pro_Vio_adu_2025_5_Colorado2025_x001024_y014848
Unknown_Sample,20251031_036_pol_pro_Vio_adu_2025_5_Colorado2025.czi,Vio_adu,659.89,2224.0,15387.0,33,33,111.01,0.962,20251031_036_pol_pro_Vio_adu_2025_5_Colorado2025_x002048_y014848
Unknown_Sample,20251031_036_pol_pro_Vio_adu_2025_5_Colorado2025.czi,Vio_adu,899.22,2275.0,15382.0,39,39,127.98,0.955,20251031_036_pol_pro_Vio_adu_2025_5_Colorado2025_x002048_y014848
Unknown_Sample,20251031_036_pol_pro_Vio_adu_2025_5_Colorado2025.czi,Vio_adu,632.57,3540.0,15032.0,32,32,106.43,0.961,20251031_036_pol_pro_Vio_adu_2025_5_Colorado2025_x003072_y014848
Unknown_Sample,20251031_036_pol_pro_Vio_adu_2025_5_Colorado2025.czi,Vio_adu,811.11,3353.0,14965.0,33,41,124.08,0.957,20251031_036_pol_pro_Vio_adu_2025_5_Colorado2025_x003072_y014848
Unknown_Sample,20251031_036_pol_pro_Vio_adu_2025_5_Colorado2025.czi,Vio_adu,640.65,3924.0,15208.0,35,32,111.5,0.92,20251031_036_pol_pro_Vio_adu_2025_5_Colorado2025_x003584_y014848
Unknown_Sample,20251031_036_pol_pro_Vio_adu_2025_5_Colorado2025.czi,Vio_adu,724.92,4762.0,14978.0,33,36,115.25,0.964,20251031_036_pol_pro_Vio_adu_2025_5_Colorado2025_x004608_y014848
Unknown_Sample,20251031_036_pol_pro_Vio_adu_2025_5_Colorado2025.czi,Vio_adu,879.6,6130.0,15368.0,37,39,126.91,0.962,20251031_036_pol_pro_Vio_adu_2025_5_Colorado2025_x005632_y014848
Unknown_Sample,20251031_036_pol_pro_Vio_adu_2025_5_Colorado2025.czi,Vio_adu,755.32,6716.0,15166.0,35,37,119.5,0.961,20251031_036_pol_pro_Vio_adu_2025_5_Colorado2025_x006144_y014848
Unknown_Sample,20251031_036_pol_pro_Vio_adu_2025_5_Colorado2025.czi,Vio_adu,617.18,6277.0,15169.0,31,33,107.6,0.949,20251031_036_pol_pro_Vio_adu_2025_5_Colorado2025_x006144_y014848
Unknown_Sample,20251031_036_pol_pro_Vio_adu_2025_5_Colorado2025.czi,Vio_adu,755.32,6716.0,15166.0,35,37,119.5,0.961,20251031_036_pol_pro_Vio_adu_2025_5_Colorado2025_x006656_y014848
Unknown_Sample,20251031_036_pol_pro_Vio_adu_2025_5_Colorado2025.czi,Vio_adu,599.1,7270.0,15062.0,31,32,105.01,0.958,20251031_036_pol_pro_Vio_adu_2025_5_Colorado2025_x006656_y014848
Unknown_Sample,20251031_036_pol_pro_Vio_adu_2025_5_Colorado2025.czi,Vio_adu,590.63,7271.0,15062.0,31,32,103.84,0.962,20251031_036_pol_pro_Vio_adu_2025_5_Colorado2025_x007168_y014848
Unknown_Sample,20251031_036_pol_pro_Vio_adu_2025_5_Colorado2025.czi,Vio_adu,721.46,8136.0,15286.0,37,33,115.5,0.959,20251031_036_pol_pro_Vio_adu_2025_5_Colorado2025_x007680_y014848
Unknown_Sample,20251031_036_pol_pro_Vio_adu_2025_5_Colorado2025.czi,Vio_adu,689.9,9238.0,14917.0,34,35,112.33,0.957,20251031_036_pol_pro_Vio_adu_2025_5_Colorado2025_x008704_y014848
Unknown_Sample,20251031_036_pol_pro_Vio_adu_2025_5_Colorado2025.czi,Vio_adu,688.75,9238.0,14917.0,34,35,112.91,0.957,20251031_036_pol_pro_Vio_adu_2025_5_Colorado2025_x009216_y014848
Unknown_Sample,20251031_036_pol_pro_Vio_adu_2025_5_Colorado2025.czi,Vio_adu,659.89,2224.0,15387.0,33,33,111.01,0.962,20251031_036_pol_pro_Vio_adu_2025_5_Colorado2025_x002048_y015360
Unknown_Sample,20251031_036_pol_pro_Vio_adu_2025_5_Colorado2025.czi,Vio_adu,903.07,2275.0,15382.0,39,39,130.33,0.954,20251031_036_pol_pro_Vio_adu_2025_5_Colorado2025_x002048_y015360
Unknown_Sample,20251031_036_pol_pro_Vio_adu_2025_5_Colorado2025.czi,Vio_adu,850.74,3007.0,15541.0,35,40,126.67,0.959,20251031_036_pol_pro_Vio_adu_2025_5_Colorado2025_x002560_y015360
Unknown_Sample,20251031_036_pol_pro_Vio_adu_2025_5_Colorado2025.czi,Vio_adu,782.25,3854.0,15947.0,34,37,119.84,0.957,20251031_036_pol_pro_Vio_adu_2025_5_Colorado2025_x003584_y015360
Unknown_Sample,20251031_036_pol_pro_Vio_adu_2025_5_Colorado2025.czi,Vio_adu,594.48,4264.0,15938.0,37,26,108.53,0.82,20251031_036_pol_pro_Vio_adu_2025_5_Colorado2025_x004096_y015360
Unknown_Sample,20251031_036_pol_pro_Vio_adu_2025_5_Colorado2025.czi,Vio_adu,639.88,6131.0,15372.0,37,28,113.7,0.963,20251031_036_pol_pro_Vio_adu_2025_5_Colorado2025_x005632_y015360
Unknown_Sample,20251031_036_pol_pro_Vio_adu_2025_5_Colorado2025.czi,Vio_adu,633.34,7126.0,15539.0,33,32,107.25,0.963,20251031_036_pol_pro_Vio_adu_2025_5_Colorado2025_x006656_y015360
Unknown_Sample,20251031_036_pol_pro_Vio_adu_2025_5_Colorado2025.czi,Vio_adu,613.33,7057.0,15555.0,31,34,107.25,0.958,20251031_036_pol_pro_Vio_adu_2025_5_Colorado2025_x006656_y015360
Unknown_Sample,20251031_036_pol_pro_Vio_adu_2025_5_Colorado2025.czi,Vio_adu,616.8,8237.0,15506.0,31,33,108.18,0.959,20251031_036_pol_pro_Vio_adu_2025_5_Colorado2025_x007680_y015360
Unknown_Sample,20251031_036_pol_pro_Vio_adu_2025_5_Colorado2025.czi,Vio_adu,671.82,8607.0,15684.0,36,31,111.25,0.963,20251031_036_pol_pro_Vio_adu_2025_5_Colorado2025_x008192_y015360
Unknown_Sample,20251031_036_pol_pro_Vio_adu_2025_5_Colorado2025.czi,Vio_adu,616.8,8237.0,15506.0,31,33,108.18,0.959,20251031_036_pol_pro_Vio_adu_2025_5_Colorado2025_x008192_y015360
Unknown_Sample,20251031_036_pol_pro_Vio_adu_2025_5_Colorado2025.czi,Vio_adu,607.18,9367.0,15896.0,27,38,107.25,0.957,20251031_036_pol_pro_Vio_adu_2025_5_Colorado2025_x009216_y015360
Unknown_Sample,20251031_036_pol_pro_Vio_adu_2025_5_Colorado2025.czi,Vio_adu,705.3,10243.0,15813.0,31,37,113.84,0.963,20251031_036_pol_pro_Vio_adu_2025_5_Colorado2025_x009728_y015360
Unknown_Sample,20251031_036_pol_pro_Vio_adu_2025_5_Colorado2025.czi,Vio_adu,425.18,10248.0,15813.0,19,37,98.04,0.955,20251031_036_pol_pro_Vio_adu_2025_5_Colorado2025_x010240_y015360
Unknown_Sample,20251031_036_pol_pro_Vio_adu_2025_5_Colorado2025.czi,Vio_adu,535.22,11070.0,15721.0,28,35,102.67,0.949,20251031_036_pol_pro_Vio_adu_2025_5_Colorado2025_x010752_y015360
Unknown_Sample,20251031_036_pol_pro_Vio_adu_2025_5_Colorado2025.czi,Vio_adu,652.58,3697.0,16014.0,30,34,112.28,0.943,20251031_036_pol_pro_Vio_adu_2025_5_Colorado2025_x003072_y015872
Unknown_Sample,20251031_036_pol_pro_Vio_adu_2025_5_Colorado2025.czi,Vio_adu,748.01,3699.0,16014.0,36,34,117.25,0.959,20251031_036_pol_pro_Vio_adu_2025_5_Colorado2025_x003584_y015872
Unknown_Sample,20251031_036_pol_pro_Vio_adu_2025_5_Colorado2025.czi,Vio_adu,802.26,3853.0,15948.0,35,38,121.5,0.958,20251031_036_pol_pro_Vio_adu_2025_5_Colorado2025_x003584_y015872
Unknown_Sample,20251031_036_pol_pro_Vio_adu_2025_5_Colorado2025.czi,Vio_adu,595.25,4264.0,15938.0,37,26,108.53,0.824,20251031_036_pol_pro_Vio_adu_2025_5_Colorado2025_x004096_y015872
Unknown_Sample,20251031_036_pol_pro_Vio_adu_2025_5_Colorado2025.czi,Vio_adu,604.48,9367.0,15896.0,27,38,106.67,0.957,20251031_036_pol_pro_Vio_adu_2025_5_Colorado2025_x009216_y015872
Unknown_Sample,20251031_036_pol_pro_Vio_adu_2025_5_Colorado2025.czi,Vio_adu,725.3,9915.0,16355.0,36,34,115.5,0.957,20251031_036_pol_pro_Vio_adu_2025_5_Colorado2025_x009728_y015872
Unknown_Sample,20251031_036_pol_pro_Vio_adu_2025_5_Colorado2025.czi,Vio_adu,741.85,7466.0,16920.0,34,36,116.08,0.963,20251031_036_pol_pro_Vio_adu_2025_5_Colorado2025_x007168_y016384
Unknown_Sample,20251031_036_pol_pro_Vio_adu_2025_5_Colorado2025.czi,Vio_adu,606.41,7573.0,16969.0,34,30,105.25,0.959,20251031_036_pol_pro_Vio_adu_2025_5_Colorado2025_x007168_y016384
Unknown_Sample,20251031_036_pol_pro_Vio_adu_2025_5_Colorado2025.czi,Vio_adu,693.37,8512.0,16874.0,34,34,112.08,0.96,20251031_036_pol_pro_Vio_adu_2025_5_Colorado2025_x008192_y016384
Unknown_Sample,20251031_036_pol_pro_Vio_adu_2025_5_Colorado2025.czi,Vio_adu,614.87,8656.0,16688.0,34,30,107.6,0.957,20251031_036_pol_pro_Vio_adu_2025_5_Colorado2025_x008192_y016384
Unknown_Sample,20251031_036_pol_pro_Vio_adu_2025_5_Colorado2025.czi,Vio_adu,904.99,9188.0,16604.0,36,43,129.4,0.93,20251031_036_pol_pro_Vio_adu_2025_5_Colorado2025_x008704_y016384
Unknown_Sample,20251031_036_pol_pro_Vio_adu_2025_5_Colorado2025.czi,Vio_adu,741.85,7466.0,16920.0,34,36,116.08,0.963,20251031_036_pol_pro_Vio_adu_2025_5_Colorado2025_x007168_y016896
Unknown_Sample,20251031_036_pol_pro_Vio_adu_2025_5_Colorado2025.czi,Vio_adu,615.64,7573.0,16968.0,34,31,106.08,0.959,20251031_036_pol_pro_Vio_adu_2025_5_Colorado2025_x007168_y016896
Unknown_Sample,20251031_036_pol_pro_Vio_adu_2025_5_Colorado2025.czi,Vio_adu,527.14,7634.0,17479.0,27,32,98.77,0.734,20251031_036_pol_pro_Vio_adu_2025_5_Colorado2025_x007168_y016896
Unknown_Sample,20251031_036_pol_pro_Vio_adu_2025_5_Colorado2025.czi,Vio_adu,524.84,7634.0,17479.0,27,32,98.77,0.592,20251031_036_pol_pro_Vio_adu_2025_5_Colorado2025_x007168_y017408
Unknown_Sample,20251031_036_pol_pro_Vio_adu_2025_5_Colorado2025.czi,Vio_adu,122.74,13032.0,17610.0,19,11,50.73,0.856,20251031_036_pol_pro_Vio_adu_2025_5_Colorado2025_x012800_y017408
