Sample_ID,CZI_File,Species,Area_um2,Centroid_X,Centroid_Y,Width_px,Height_px,Perimeter_px,Confidence,Tile
Unknown_Sample,20251031_040_pol_pro_Vio_adu_2025_9_Colorado2025.czi,Vio_adu,265.88,7524.0,2574.0,18,24,72.38,0.9,20251031_040_pol_pro_Vio_adu_2025_9_Colorado2025_x007168_y002048
Unknown_Sample,20251031_040_pol_pro_Vio_adu_2025_9_Colorado2025.czi,Vio_adu,343.22,12449.0,2334.0,24,24,81.46,0.951,20251031_040_pol_pro_Vio_adu_2025_9_Colorado2025_x012288_y002048
Unknown_Sample,20251031_040_pol_pro_Vio_adu_2025_9_Colorado2025.czi,Vio_adu,232.79,14611.0,2178.0,16,24,68.38,0.933,20251031_040_pol_pro_Vio_adu_2025_9_Colorado2025_x014336_y002048
Unknown_Sample,20251031_040_pol_pro_Vio_adu_2025_9_Colorado2025.czi,Vio_adu,754.55,6093.0,3011.0,35,36,117.5,0.958,20251031_040_pol_pro_Vio_adu_2025_9_Colorado2025_x005632_y002560
Unknown_Sample,20251031_040_pol_pro_Vio_adu_2025_9_Colorado2025.czi,Vio_adu,635.27,5817.0,3053.0,32,33,106.67,0.956,20251031_040_pol_pro_Vio_adu_2025_9_Colorado2025_x005632_y002560
Unknown_Sample,20251031_040_pol_pro_Vio_adu_2025_9_Colorado2025.czi,Vio_adu,674.13,7471.0,2904.0,33,34,111.25,0.96,20251031_040_pol_pro_Vio_adu_2025_9_Colorado2025_x007168_y002560
Unknown_Sample,20251031_040_pol_pro_Vio_adu_2025_9_Colorado2025.czi,Vio_adu,285.5,7524.0,2573.0,19,25,74.63,0.883,20251031_040_pol_pro_Vio_adu_2025_9_Colorado2025_x007168_y002560
Unknown_Sample,20251031_040_pol_pro_Vio_adu_2025_9_Colorado2025.czi,Vio_adu,657.2,9837.0,3186.0,36,27,114.97,0.931,20251031_040_pol_pro_Vio_adu_2025_9_Colorado2025_x009216_y002560
Unknown_Sample,20251031_040_pol_pro_Vio_adu_2025_9_Colorado2025.czi,Vio_adu,665.66,9837.0,3186.0,38,27,115.46,0.943,20251031_040_pol_pro_Vio_adu_2025_9_Colorado2025_x009728_y002560
Unknown_Sample,20251031_040_pol_pro_Vio_adu_2025_9_Colorado2025.czi,Vio_adu,743.77,10762.0,3092.0,36,35,117.5,0.962,20251031_040_pol_pro_Vio_adu_2025_9_Colorado2025_x010240_y002560
Unknown_Sample,20251031_040_pol_pro_Vio_adu_2025_9_Colorado2025.czi,Vio_adu,614.49,10765.0,3092.0,28,35,108.53,0.969,20251031_040_pol_pro_Vio_adu_2025_9_Colorado2025_x010752_y002560
Unknown_Sample,20251031_040_pol_pro_Vio_adu_2025_9_Colorado2025.czi,Vio_adu,915.0,5338.0,3637.0,37,41,128.57,0.96,20251031_040_pol_pro_Vio_adu_2025_9_Colorado2025_x005120_y003072
Unknown_Sample,20251031_040_pol_pro_Vio_adu_2025_9_Colorado2025.czi,Vio_adu,727.23,5880.0,3562.0,33,37,114.91,0.957,20251031_040_pol_pro_Vio_adu_2025_9_Colorado2025_x005632_y003072
Unknown_Sample,20251031_040_pol_pro_Vio_adu_2025_9_Colorado2025.czi,Vio_adu,267.04,6265.0,3351.0,13,36,84.63,0.873,20251031_040_pol_pro_Vio_adu_2025_9_Colorado2025_x005632_y003072
Unknown_Sample,20251031_040_pol_pro_Vio_adu_2025_9_Colorado2025.czi,Vio_adu,889.22,6276.0,3351.0,37,39,127.5,0.96,20251031_040_pol_pro_Vio_adu_2025_9_Colorado2025_x006144_y003072
Unknown_Sample,20251031_040_pol_pro_Vio_adu_2025_9_Colorado2025.czi,Vio_adu,693.37,6884.0,3356.0,36,32,113.25,0.96,20251031_040_pol_pro_Vio_adu_2025_9_Colorado2025_x006656_y003072
Unknown_Sample,20251031_040_pol_pro_Vio_adu_2025_9_Colorado2025.czi,Vio_adu,921.54,8262.0,3535.0,37,41,129.15,0.967,20251031_040_pol_pro_Vio_adu_2025_9_Colorado2025_x007680_y003072
Unknown_Sample,20251031_040_pol_pro_Vio_adu_2025_9_Colorado2025.czi,Vio_adu,873.83,8116.0,3516.0,37,38,126.67,0.96,20251031_040_pol_pro_Vio_adu_2025_9_Colorado2025_x007680_y003072
Unknown_Sample,20251031_040_pol_pro_Vio_adu_2025_9_Colorado2025.czi,Vio_adu,915.38,8262.0,3535.0,37,41,129.15,0.968,20251031_040_pol_pro_Vio_adu_2025_9_Colorado2025_x008192_y003072
Unknown_Sample,20251031_040_pol_pro_Vio_adu_2025_9_Colorado2025.czi,Vio_adu,848.05,8472.0,3284.0,37,37,125.25,0.964,20251031_040_pol_pro_Vio_adu_2025_9_Colorado2025_x008192_y003072
Unknown_Sample,20251031_040_pol_pro_Vio_adu_2025_9_Colorado2025.czi,Vio_adu,764.55,8560.0,3247.0,36,35,118.67,0.964,20251031_040_pol_pro_Vio_adu_2025_9_Colorado2025_x008192_y003072
Unknown_Sample,20251031_040_pol_pro_Vio_adu_2025_9_Colorado2025.czi,Vio_adu,852.28,8436.0,3387.0,36,39,125.5,0.961,20251031_040_pol_pro_Vio_adu_2025_9_Colorado2025_x008192_y003072
Unknown_Sample,20251031_040_pol_pro_Vio_adu_2025_9_Colorado2025.czi,Vio_adu,703.37,9515.0,3557.0,34,35,112.91,0.962,20251031_040_pol_pro_Vio_adu_2025_9_Colorado2025_x009216_y003072
Unknown_Sample,20251031_040_pol_pro_Vio_adu_2025_9_Colorado2025.czi,Vio_adu,799.95,9837.0,3189.0,36,35,121.01,0.955,20251031_040_pol_pro_Vio_adu_2025_9_Colorado2025_x009216_y003072
Unknown_Sample,20251031_040_pol_pro_Vio_adu_2025_9_Colorado2025.czi,Vio_adu,883.06,10022.0,3592.0,37,39,126.33,0.966,20251031_040_pol_pro_Vio_adu_2025_9_Colorado2025_x009728_y003072
Unknown_Sample,20251031_040_pol_pro_Vio_adu_2025_9_Colorado2025.czi,Vio_adu,812.26,9837.0,3189.0,38,35,121.5,0.964,20251031_040_pol_pro_Vio_adu_2025_9_Colorado2025_x009728_y003072
Unknown_Sample,20251031_040_pol_pro_Vio_adu_2025_9_Colorado2025.czi,Vio_adu,743.39,10762.0,3092.0,36,35,118.08,0.97,20251031_040_pol_pro_Vio_adu_2025_9_Colorado2025_x010240_y003072
Unknown_Sample,20251031_040_pol_pro_Vio_adu_2025_9_Colorado2025.czi,Vio_adu,615.64,10765.0,3092.0,28,35,109.11,0.968,20251031_040_pol_pro_Vio_adu_2025_9_Colorado2025_x010752_y003072
Unknown_Sample,20251031_040_pol_pro_Vio_adu_2025_9_Colorado2025.czi,Vio_adu,410.17,11712.0,3560.0,29,24,87.94,0.954,20251031_040_pol_pro_Vio_adu_2025_9_Colorado2025_x011264_y003072
Unknown_Sample,20251031_040_pol_pro_Vio_adu_2025_9_Colorado2025.czi,Vio_adu,879.6,11472.0,3295.0,37,39,126.91,0.947,20251031_040_pol_pro_Vio_adu_2025_9_Colorado2025_x011264_y003072
Unknown_Sample,20251031_040_pol_pro_Vio_adu_2025_9_Colorado2025.czi,Vio_adu,714.53,11508.0,3307.0,35,35,115.5,0.924,20251031_040_pol_pro_Vio_adu_2025_9_Colorado2025_x011264_y003072
Unknown_Sample,20251031_040_pol_pro_Vio_adu_2025_9_Colorado2025.czi,Vio_adu,192.0,4048.0,4218.0,35,10,78.38,0.853,20251031_040_pol_pro_Vio_adu_2025_9_Colorado2025_x003584_y003584
Unknown_Sample,20251031_040_pol_pro_Vio_adu_2025_9_Colorado2025.czi,Vio_adu,1001.57,4983.0,3905.0,38,42,134.33,0.952,20251031_040_pol_pro_Vio_adu_2025_9_Colorado2025_x004608_y003584
Unknown_Sample,20251031_040_pol_pro_Vio_adu_2025_9_Colorado2025.czi,Vio_adu,761.09,5663.0,4173.0,35,36,118.08,0.962,20251031_040_pol_pro_Vio_adu_2025_9_Colorado2025_x005120_y003584
Unknown_Sample,20251031_040_pol_pro_Vio_adu_2025_9_Colorado2025.czi,Vio_adu,915.77,5338.0,3637.0,37,41,129.74,0.96,20251031_040_pol_pro_Vio_adu_2025_9_Colorado2025_x005120_y003584
Unknown_Sample,20251031_040_pol_pro_Vio_adu_2025_9_Colorado2025.czi,Vio_adu,763.4,5663.0,4173.0,35,36,118.08,0.961,20251031_040_pol_pro_Vio_adu_2025_9_Colorado2025_x005632_y003584
Unknown_Sample,20251031_040_pol_pro_Vio_adu_2025_9_Colorado2025.czi,Vio_adu,899.22,8599.0,3877.0,39,37,127.5,0.966,20251031_040_pol_pro_Vio_adu_2025_9_Colorado2025_x008192_y003584
Unknown_Sample,20251031_040_pol_pro_Vio_adu_2025_9_Colorado2025.czi,Vio_adu,747.24,8538.0,3966.0,36,34,117.25,0.962,20251031_040_pol_pro_Vio_adu_2025_9_Colorado2025_x008192_y003584
Unknown_Sample,20251031_040_pol_pro_Vio_adu_2025_9_Colorado2025.czi,Vio_adu,958.48,9029.0,3893.0,39,41,134.33,0.965,20251031_040_pol_pro_Vio_adu_2025_9_Colorado2025_x008704_y003584
Unknown_Sample,20251031_040_pol_pro_Vio_adu_2025_9_Colorado2025.czi,Vio_adu,1010.81,9393.0,3962.0,41,41,134.81,0.964,20251031_040_pol_pro_Vio_adu_2025_9_Colorado2025_x009216_y003584
Unknown_Sample,20251031_040_pol_pro_Vio_adu_2025_9_Colorado2025.czi,Vio_adu,648.35,10022.0,3597.0,37,28,113.7,0.966,20251031_040_pol_pro_Vio_adu_2025_9_Colorado2025_x009728_y003584
Unknown_Sample,20251031_040_pol_pro_Vio_adu_2025_9_Colorado2025.czi,Vio_adu,934.62,12489.0,3854.0,39,39,130.33,0.963,20251031_040_pol_pro_Vio_adu_2025_9_Colorado2025_x012288_y003584
Unknown_Sample,20251031_040_pol_pro_Vio_adu_2025_9_Colorado2025.czi,Vio_adu,652.97,3259.0,4493.0,32,33,109.01,0.945,20251031_040_pol_pro_Vio_adu_2025_9_Colorado2025_x003072_y004096
Unknown_Sample,20251031_040_pol_pro_Vio_adu_2025_9_Colorado2025.czi,Vio_adu,875.75,4048.0,4231.0,39,37,125.74,0.965,20251031_040_pol_pro_Vio_adu_2025_9_Colorado2025_x003584_y004096
Unknown_Sample,20251031_040_pol_pro_Vio_adu_2025_9_Colorado2025.czi,Vio_adu,597.56,3877.0,4276.0,33,30,105.01,0.956,20251031_040_pol_pro_Vio_adu_2025_9_Colorado2025_x003584_y004096
Unknown_Sample,20251031_040_pol_pro_Vio_adu_2025_9_Colorado2025.czi,Vio_adu,652.97,4675.0,4643.0,33,33,111.01,0.965,20251031_040_pol_pro_Vio_adu_2025_9_Colorado2025_x004096_y004096
Unknown_Sample,20251031_040_pol_pro_Vio_adu_2025_9_Colorado2025.czi,Vio_adu,652.97,4675.0,4643.0,33,33,111.01,0.965,20251031_040_pol_pro_Vio_adu_2025_9_Colorado2025_x004608_y004096
Unknown_Sample,20251031_040_pol_pro_Vio_adu_2025_9_Colorado2025.czi,Vio_adu,839.97,5358.0,4636.0,37,37,123.5,0.963,20251031_040_pol_pro_Vio_adu_2025_9_Colorado2025_x005120_y004096
Unknown_Sample,20251031_040_pol_pro_Vio_adu_2025_9_Colorado2025.czi,Vio_adu,707.22,5624.0,4464.0,35,34,114.08,0.963,20251031_040_pol_pro_Vio_adu_2025_9_Colorado2025_x005120_y004096
Unknown_Sample,20251031_040_pol_pro_Vio_adu_2025_9_Colorado2025.czi,Vio_adu,760.32,5663.0,4173.0,35,36,118.08,0.963,20251031_040_pol_pro_Vio_adu_2025_9_Colorado2025_x005120_y004096
Unknown_Sample,20251031_040_pol_pro_Vio_adu_2025_9_Colorado2025.czi,Vio_adu,760.32,5663.0,4173.0,35,36,118.08,0.962,20251031_040_pol_pro_Vio_adu_2025_9_Colorado2025_x005632_y004096
Unknown_Sample,20251031_040_pol_pro_Vio_adu_2025_9_Colorado2025.czi,Vio_adu,145.45,5636.0,4463.0,10,30,67.8,0.929,20251031_040_pol_pro_Vio_adu_2025_9_Colorado2025_x005632_y004096
Unknown_Sample,20251031_040_pol_pro_Vio_adu_2025_9_Colorado2025.czi,Vio_adu,559.85,6493.0,4723.0,33,26,105.21,0.946,20251031_040_pol_pro_Vio_adu_2025_9_Colorado2025_x006144_y004096
Unknown_Sample,20251031_040_pol_pro_Vio_adu_2025_9_Colorado2025.czi,Vio_adu,967.33,7849.0,4588.0,41,41,133.05,0.962,20251031_040_pol_pro_Vio_adu_2025_9_Colorado2025_x007680_y004096
Unknown_Sample,20251031_040_pol_pro_Vio_adu_2025_9_Colorado2025.czi,Vio_adu,950.78,7874.0,4524.0,39,41,131.98,0.961,20251031_040_pol_pro_Vio_adu_2025_9_Colorado2025_x007680_y004096
Unknown_Sample,20251031_040_pol_pro_Vio_adu_2025_9_Colorado2025.czi,Vio_adu,217.78,8826.0,4370.0,11,35,80.97,0.875,20251031_040_pol_pro_Vio_adu_2025_9_Colorado2025_x008192_y004096
Unknown_Sample,20251031_040_pol_pro_Vio_adu_2025_9_Colorado2025.czi,Vio_adu,830.73,8838.0,4370.0,36,38,124.33,0.958,20251031_040_pol_pro_Vio_adu_2025_9_Colorado2025_x008704_y004096
Unknown_Sample,20251031_040_pol_pro_Vio_adu_2025_9_Colorado2025.czi,Vio_adu,677.98,9711.0,4642.0,33,33,111.6,0.966,20251031_040_pol_pro_Vio_adu_2025_9_Colorado2025_x009216_y004096
Unknown_Sample,20251031_040_pol_pro_Vio_adu_2025_9_Colorado2025.czi,Vio_adu,1057.75,9469.0,4689.0,42,43,139.64,0.959,20251031_040_pol_pro_Vio_adu_2025_9_Colorado2025_x009216_y004096
Unknown_Sample,20251031_040_pol_pro_Vio_adu_2025_9_Colorado2025.czi,Vio_adu,775.71,10067.0,4369.0,34,37,118.08,0.963,20251031_040_pol_pro_Vio_adu_2025_9_Colorado2025_x009728_y004096
Unknown_Sample,20251031_040_pol_pro_Vio_adu_2025_9_Colorado2025.czi,Vio_adu,818.42,12852.0,4638.0,36,37,121.5,0.96,20251031_040_pol_pro_Vio_adu_2025_9_Colorado2025_x012288_y004096
Unknown_Sample,20251031_040_pol_pro_Vio_adu_2025_9_Colorado2025.czi,Vio_adu,965.79,13262.0,4655.0,39,41,132.57,0.966,20251031_040_pol_pro_Vio_adu_2025_9_Colorado2025_x012800_y004096
Unknown_Sample,20251031_040_pol_pro_Vio_adu_2025_9_Colorado2025.czi,Vio_adu,865.75,12969.0,4248.0,38,38,124.57,0.965,20251031_040_pol_pro_Vio_adu_2025_9_Colorado2025_x012800_y004096
Unknown_Sample,20251031_040_pol_pro_Vio_adu_2025_9_Colorado2025.czi,Vio_adu,806.11,13184.0,4372.0,36,37,121.5,0.96,20251031_040_pol_pro_Vio_adu_2025_9_Colorado2025_x012800_y004096
Unknown_Sample,20251031_040_pol_pro_Vio_adu_2025_9_Colorado2025.czi,Vio_adu,818.42,12852.0,4638.0,36,37,121.5,0.96,20251031_040_pol_pro_Vio_adu_2025_9_Colorado2025_x012800_y004096
Unknown_Sample,20251031_040_pol_pro_Vio_adu_2025_9_Colorado2025.czi,Vio_adu,978.49,13703.0,4627.0,40,40,133.15,0.966,20251031_040_pol_pro_Vio_adu_2025_9_Colorado2025_x013312_y004096
Unknown_Sample,20251031_040_pol_pro_Vio_adu_2025_9_Colorado2025.czi,Vio_adu,253.57,15298.0,4389.0,19,23,70.04,0.919,20251031_040_pol_pro_Vio_adu_2025_9_Colorado2025_x014848_y004096
Unknown_Sample,20251031_040_pol_pro_Vio_adu_2025_9_Colorado2025.czi,Vio_adu,501.36,15988.0,4304.0,24,33,101.21,0.925,20251031_040_pol_pro_Vio_adu_2025_9_Colorado2025_x015360_y004096
Unknown_Sample,20251031_040_pol_pro_Vio_adu_2025_9_Colorado2025.czi,Vio_adu,712.22,15993.0,4304.0,36,33,115.84,0.95,20251031_040_pol_pro_Vio_adu_2025_9_Colorado2025_x015872_y004096
Unknown_Sample,20251031_040_pol_pro_Vio_adu_2025_9_Colorado2025.czi,Vio_adu,886.53,3170.0,4762.0,38,39,128.91,0.962,20251031_040_pol_pro_Vio_adu_2025_9_Colorado2025_x002560_y004608
Unknown_Sample,20251031_040_pol_pro_Vio_adu_2025_9_Colorado2025.czi,Vio_adu,736.08,2732.0,5147.0,34,35,115.84,0.962,20251031_040_pol_pro_Vio_adu_2025_9_Colorado2025_x002560_y004608
Unknown_Sample,20251031_040_pol_pro_Vio_adu_2025_9_Colorado2025.czi,Vio_adu,615.26,3667.0,4835.0,32,32,105.84,0.966,20251031_040_pol_pro_Vio_adu_2025_9_Colorado2025_x003072_y004608
Unknown_Sample,20251031_040_pol_pro_Vio_adu_2025_9_Colorado2025.czi,Vio_adu,646.42,3538.0,4833.0,33,32,109.6,0.963,20251031_040_pol_pro_Vio_adu_2025_9_Colorado2025_x003072_y004608
Unknown_Sample,20251031_040_pol_pro_Vio_adu_2025_9_Colorado2025.czi,Vio_adu,751.47,3250.0,4749.0,35,36,117.5,0.963,20251031_040_pol_pro_Vio_adu_2025_9_Colorado2025_x003072_y004608
Unknown_Sample,20251031_040_pol_pro_Vio_adu_2025_9_Colorado2025.czi,Vio_adu,884.22,3170.0,4762.0,38,39,128.91,0.962,20251031_040_pol_pro_Vio_adu_2025_9_Colorado2025_x003072_y004608
Unknown_Sample,20251031_040_pol_pro_Vio_adu_2025_9_Colorado2025.czi,Vio_adu,826.12,3325.0,5219.0,36,37,123.84,0.959,20251031_040_pol_pro_Vio_adu_2025_9_Colorado2025_x003072_y004608
Unknown_Sample,20251031_040_pol_pro_Vio_adu_2025_9_Colorado2025.czi,Vio_adu,817.27,3314.0,5178.0,37,37,121.74,0.953,20251031_040_pol_pro_Vio_adu_2025_9_Colorado2025_x003072_y004608
Unknown_Sample,20251031_040_pol_pro_Vio_adu_2025_9_Colorado2025.czi,Vio_adu,615.26,3667.0,4835.0,32,32,105.84,0.966,20251031_040_pol_pro_Vio_adu_2025_9_Colorado2025_x003584_y004608
Unknown_Sample,20251031_040_pol_pro_Vio_adu_2025_9_Colorado2025.czi,Vio_adu,185.46,4217.0,5235.0,12,25,66.49,0.857,20251031_040_pol_pro_Vio_adu_2025_9_Colorado2025_x003584_y004608
Unknown_Sample,20251031_040_pol_pro_Vio_adu_2025_9_Colorado2025.czi,Vio_adu,652.97,4675.0,4643.0,33,33,111.01,0.965,20251031_040_pol_pro_Vio_adu_2025_9_Colorado2025_x004096_y004608
Unknown_Sample,20251031_040_pol_pro_Vio_adu_2025_9_Colorado2025.czi,Vio_adu,620.64,4229.0,5235.0,36,26,112.38,0.947,20251031_040_pol_pro_Vio_adu_2025_9_Colorado2025_x004096_y004608
Unknown_Sample,20251031_040_pol_pro_Vio_adu_2025_9_Colorado2025.czi,Vio_adu,654.12,4675.0,4643.0,33,33,110.43,0.965,20251031_040_pol_pro_Vio_adu_2025_9_Colorado2025_x004608_y004608
Unknown_Sample,20251031_040_pol_pro_Vio_adu_2025_9_Colorado2025.czi,Vio_adu,795.72,5305.0,5066.0,36,37,120.91,0.965,20251031_040_pol_pro_Vio_adu_2025_9_Colorado2025_x005120_y004608
Unknown_Sample,20251031_040_pol_pro_Vio_adu_2025_9_Colorado2025.czi,Vio_adu,839.2,5358.0,4636.0,37,37,123.5,0.964,20251031_040_pol_pro_Vio_adu_2025_9_Colorado2025_x005120_y004608
Unknown_Sample,20251031_040_pol_pro_Vio_adu_2025_9_Colorado2025.czi,Vio_adu,702.99,6493.0,4726.0,33,34,114.18,0.963,20251031_040_pol_pro_Vio_adu_2025_9_Colorado2025_x006144_y004608
Unknown_Sample,20251031_040_pol_pro_Vio_adu_2025_9_Colorado2025.czi,Vio_adu,665.28,7554.0,4916.0,36,32,111.5,0.958,20251031_040_pol_pro_Vio_adu_2025_9_Colorado2025_x007168_y004608
Unknown_Sample,20251031_040_pol_pro_Vio_adu_2025_9_Colorado2025.czi,Vio_adu,951.17,8409.0,4997.0,42,38,132.57,0.964,20251031_040_pol_pro_Vio_adu_2025_9_Colorado2025_x008192_y004608
Unknown_Sample,20251031_040_pol_pro_Vio_adu_2025_9_Colorado2025.czi,Vio_adu,677.98,9711.0,4642.0,33,33,111.6,0.965,20251031_040_pol_pro_Vio_adu_2025_9_Colorado2025_x009216_y004608
Unknown_Sample,20251031_040_pol_pro_Vio_adu_2025_9_Colorado2025.czi,Vio_adu,1057.75,9469.0,4689.0,42,43,139.64,0.959,20251031_040_pol_pro_Vio_adu_2025_9_Colorado2025_x009216_y004608
Unknown_Sample,20251031_040_pol_pro_Vio_adu_2025_9_Colorado2025.czi,Vio_adu,833.43,10022.0,5208.0,37,37,124.08,0.968,20251031_040_pol_pro_Vio_adu_2025_9_Colorado2025_x009728_y004608
Unknown_Sample,20251031_040_pol_pro_Vio_adu_2025_9_Colorado2025.czi,Vio_adu,734.54,9876.0,4766.0,35,35,116.67,0.963,20251031_040_pol_pro_Vio_adu_2025_9_Colorado2025_x009728_y004608
Unknown_Sample,20251031_040_pol_pro_Vio_adu_2025_9_Colorado2025.czi,Vio_adu,792.26,10237.0,5190.0,36,37,121.5,0.962,20251031_040_pol_pro_Vio_adu_2025_9_Colorado2025_x009728_y004608
Unknown_Sample,20251031_040_pol_pro_Vio_adu_2025_9_Colorado2025.czi,Vio_adu,305.13,10247.0,5190.0,16,36,88.87,0.945,20251031_040_pol_pro_Vio_adu_2025_9_Colorado2025_x010240_y004608
Unknown_Sample,20251031_040_pol_pro_Vio_adu_2025_9_Colorado2025.czi,Vio_adu,717.99,12581.0,4818.0,35,35,114.91,0.96,20251031_040_pol_pro_Vio_adu_2025_9_Colorado2025_x012288_y004608
Unknown_Sample,20251031_040_pol_pro_Vio_adu_2025_9_Colorado2025.czi,Vio_adu,818.42,12852.0,4638.0,36,37,121.5,0.96,20251031_040_pol_pro_Vio_adu_2025_9_Colorado2025_x012288_y004608
Unknown_Sample,20251031_040_pol_pro_Vio_adu_2025_9_Colorado2025.czi,Vio_adu,967.33,13262.0,4655.0,39,41,132.57,0.966,20251031_040_pol_pro_Vio_adu_2025_9_Colorado2025_x012800_y004608
Unknown_Sample,20251031_040_pol_pro_Vio_adu_2025_9_Colorado2025.czi,Vio_adu,818.42,12852.0,4638.0,36,37,121.5,0.96,20251031_040_pol_pro_Vio_adu_2025_9_Colorado2025_x012800_y004608
Unknown_Sample,20251031_040_pol_pro_Vio_adu_2025_9_Colorado2025.czi,Vio_adu,674.9,13492.0,4907.0,33,33,111.6,0.966,20251031_040_pol_pro_Vio_adu_2025_9_Colorado2025_x013312_y004608
Unknown_Sample,20251031_040_pol_pro_Vio_adu_2025_9_Colorado2025.czi,Vio_adu,985.8,13703.0,4627.0,40,40,134.91,0.966,20251031_040_pol_pro_Vio_adu_2025_9_Colorado2025_x013312_y004608
Unknown_Sample,20251031_040_pol_pro_Vio_adu_2025_9_Colorado2025.czi,Vio_adu,789.18,13715.0,5137.0,36,36,120.67,0.964,20251031_040_pol_pro_Vio_adu_2025_9_Colorado2025_x013312_y004608
Unknown_Sample,20251031_040_pol_pro_Vio_adu_2025_9_Colorado2025.czi,Vio_adu,753.39,14330.0,4857.0,34,36,117.25,0.962,20251031_040_pol_pro_Vio_adu_2025_9_Colorado2025_x013824_y004608
Unknown_Sample,20251031_040_pol_pro_Vio_adu_2025_9_Colorado2025.czi,Vio_adu,338.22,14131.0,5240.0,39,15,94.04,0.896,20251031_040_pol_pro_Vio_adu_2025_9_Colorado2025_x013824_y004608
Unknown_Sample,20251031_040_pol_pro_Vio_adu_2025_9_Colorado2025.czi,Vio_adu,201.24,14341.0,4857.0,12,33,77.21,0.934,20251031_040_pol_pro_Vio_adu_2025_9_Colorado2025_x014336_y004608
Unknown_Sample,20251031_040_pol_pro_Vio_adu_2025_9_Colorado2025.czi,Vio_adu,711.84,1609.0,5722.0,33,36,114.08,0.963,20251031_040_pol_pro_Vio_adu_2025_9_Colorado2025_x001024_y005120
Unknown_Sample,20251031_040_pol_pro_Vio_adu_2025_9_Colorado2025.czi,Vio_adu,594.48,1548.0,5711.0,32,31,105.01,0.959,20251031_040_pol_pro_Vio_adu_2025_9_Colorado2025_x001024_y005120
Unknown_Sample,20251031_040_pol_pro_Vio_adu_2025_9_Colorado2025.czi,Vio_adu,552.54,1549.0,5711.0,28,31,102.28,0.965,20251031_040_pol_pro_Vio_adu_2025_9_Colorado2025_x001536_y005120
Unknown_Sample,20251031_040_pol_pro_Vio_adu_2025_9_Colorado2025.czi,Vio_adu,712.61,1609.0,5722.0,33,36,114.08,0.963,20251031_040_pol_pro_Vio_adu_2025_9_Colorado2025_x001536_y005120
Unknown_Sample,20251031_040_pol_pro_Vio_adu_2025_9_Colorado2025.czi,Vio_adu,618.72,2030.0,5409.0,32,32,106.43,0.962,20251031_040_pol_pro_Vio_adu_2025_9_Colorado2025_x001536_y005120
Unknown_Sample,20251031_040_pol_pro_Vio_adu_2025_9_Colorado2025.czi,Vio_adu,862.67,2404.0,5593.0,38,37,124.91,0.965,20251031_040_pol_pro_Vio_adu_2025_9_Colorado2025_x002048_y005120
Unknown_Sample,20251031_040_pol_pro_Vio_adu_2025_9_Colorado2025.czi,Vio_adu,736.08,2732.0,5147.0,34,35,115.84,0.962,20251031_040_pol_pro_Vio_adu_2025_9_Colorado2025_x002560_y005120
Unknown_Sample,20251031_040_pol_pro_Vio_adu_2025_9_Colorado2025.czi,Vio_adu,732.23,3185.0,5496.0,30,38,118.53,0.949,20251031_040_pol_pro_Vio_adu_2025_9_Colorado2025_x002560_y005120
Unknown_Sample,20251031_040_pol_pro_Vio_adu_2025_9_Colorado2025.czi,Vio_adu,793.79,3186.0,5496.0,34,38,120.67,0.964,20251031_040_pol_pro_Vio_adu_2025_9_Colorado2025_x003072_y005120
Unknown_Sample,20251031_040_pol_pro_Vio_adu_2025_9_Colorado2025.czi,Vio_adu,836.5,3325.0,5219.0,36,38,124.08,0.958,20251031_040_pol_pro_Vio_adu_2025_9_Colorado2025_x003072_y005120
Unknown_Sample,20251031_040_pol_pro_Vio_adu_2025_9_Colorado2025.czi,Vio_adu,816.5,3314.0,5178.0,37,37,121.74,0.953,20251031_040_pol_pro_Vio_adu_2025_9_Colorado2025_x003072_y005120
Unknown_Sample,20251031_040_pol_pro_Vio_adu_2025_9_Colorado2025.czi,Vio_adu,876.52,3815.0,5541.0,38,38,126.91,0.964,20251031_040_pol_pro_Vio_adu_2025_9_Colorado2025_x003584_y005120
Unknown_Sample,20251031_040_pol_pro_Vio_adu_2025_9_Colorado2025.czi,Vio_adu,649.12,4156.0,5495.0,32,33,109.01,0.96,20251031_040_pol_pro_Vio_adu_2025_9_Colorado2025_x003584_y005120
Unknown_Sample,20251031_040_pol_pro_Vio_adu_2025_9_Colorado2025.czi,Vio_adu,229.33,4218.0,5238.0,12,33,78.97,0.873,20251031_040_pol_pro_Vio_adu_2025_9_Colorado2025_x003584_y005120
Unknown_Sample,20251031_040_pol_pro_Vio_adu_2025_9_Colorado2025.czi,Vio_adu,819.96,4229.0,5239.0,37,37,123.5,0.964,20251031_040_pol_pro_Vio_adu_2025_9_Colorado2025_x004096_y005120
Unknown_Sample,20251031_040_pol_pro_Vio_adu_2025_9_Colorado2025.czi,Vio_adu,660.66,4156.0,5495.0,32,34,109.84,0.96,20251031_040_pol_pro_Vio_adu_2025_9_Colorado2025_x004096_y005120
Unknown_Sample,20251031_040_pol_pro_Vio_adu_2025_9_Colorado2025.czi,Vio_adu,562.54,4445.0,5493.0,31,31,102.43,0.958,20251031_040_pol_pro_Vio_adu_2025_9_Colorado2025_x004096_y005120
Unknown_Sample,20251031_040_pol_pro_Vio_adu_2025_9_Colorado2025.czi,Vio_adu,701.06,5093.0,5410.0,34,34,112.08,0.963,20251031_040_pol_pro_Vio_adu_2025_9_Colorado2025_x004608_y005120
Unknown_Sample,20251031_040_pol_pro_Vio_adu_2025_9_Colorado2025.czi,Vio_adu,707.99,6907.0,5292.0,34,35,114.08,0.962,20251031_040_pol_pro_Vio_adu_2025_9_Colorado2025_x006656_y005120
Unknown_Sample,20251031_040_pol_pro_Vio_adu_2025_9_Colorado2025.czi,Vio_adu,732.23,6843.0,5276.0,36,34,116.67,0.962,20251031_040_pol_pro_Vio_adu_2025_9_Colorado2025_x006656_y005120
Unknown_Sample,20251031_040_pol_pro_Vio_adu_2025_9_Colorado2025.czi,Vio_adu,751.85,7618.0,5288.0,36,35,118.08,0.963,20251031_040_pol_pro_Vio_adu_2025_9_Colorado2025_x007168_y005120
Unknown_Sample,20251031_040_pol_pro_Vio_adu_2025_9_Colorado2025.czi,Vio_adu,802.64,8246.0,5612.0,36,37,119.74,0.963,20251031_040_pol_pro_Vio_adu_2025_9_Colorado2025_x007680_y005120
Unknown_Sample,20251031_040_pol_pro_Vio_adu_2025_9_Colorado2025.czi,Vio_adu,286.27,8041.0,5753.0,35,14,85.8,0.897,20251031_040_pol_pro_Vio_adu_2025_9_Colorado2025_x007680_y005120
Unknown_Sample,20251031_040_pol_pro_Vio_adu_2025_9_Colorado2025.czi,Vio_adu,804.57,8246.0,5612.0,36,37,120.33,0.962,20251031_040_pol_pro_Vio_adu_2025_9_Colorado2025_x008192_y005120
Unknown_Sample,20251031_040_pol_pro_Vio_adu_2025_9_Colorado2025.czi,Vio_adu,773.79,9167.0,5334.0,34,37,119.84,0.964,20251031_040_pol_pro_Vio_adu_2025_9_Colorado2025_x008704_y005120
Unknown_Sample,20251031_040_pol_pro_Vio_adu_2025_9_Colorado2025.czi,Vio_adu,884.99,9180.0,5722.0,39,38,126.57,0.96,20251031_040_pol_pro_Vio_adu_2025_9_Colorado2025_x008704_y005120
Unknown_Sample,20251031_040_pol_pro_Vio_adu_2025_9_Colorado2025.czi,Vio_adu,864.98,9672.0,5344.0,38,37,124.91,0.968,20251031_040_pol_pro_Vio_adu_2025_9_Colorado2025_x009216_y005120
Unknown_Sample,20251031_040_pol_pro_Vio_adu_2025_9_Colorado2025.czi,Vio_adu,1025.43,9676.0,5582.0,42,40,137.15,0.963,20251031_040_pol_pro_Vio_adu_2025_9_Colorado2025_x009216_y005120
Unknown_Sample,20251031_040_pol_pro_Vio_adu_2025_9_Colorado2025.czi,Vio_adu,832.66,10022.0,5208.0,37,37,124.08,0.968,20251031_040_pol_pro_Vio_adu_2025_9_Colorado2025_x009728_y005120
Unknown_Sample,20251031_040_pol_pro_Vio_adu_2025_9_Colorado2025.czi,Vio_adu,792.26,10237.0,5190.0,36,37,121.5,0.962,20251031_040_pol_pro_Vio_adu_2025_9_Colorado2025_x009728_y005120
Unknown_Sample,20251031_040_pol_pro_Vio_adu_2025_9_Colorado2025.czi,Vio_adu,918.85,9916.0,5506.0,39,39,129.74,0.961,20251031_040_pol_pro_Vio_adu_2025_9_Colorado2025_x009728_y005120
Unknown_Sample,20251031_040_pol_pro_Vio_adu_2025_9_Colorado2025.czi,Vio_adu,304.36,10247.0,5190.0,16,36,88.87,0.945,20251031_040_pol_pro_Vio_adu_2025_9_Colorado2025_x010240_y005120
Unknown_Sample,20251031_040_pol_pro_Vio_adu_2025_9_Colorado2025.czi,Vio_adu,779.17,11136.0,5700.0,36,36,120.67,0.963,20251031_040_pol_pro_Vio_adu_2025_9_Colorado2025_x010752_y005120
Unknown_Sample,20251031_040_pol_pro_Vio_adu_2025_9_Colorado2025.czi,Vio_adu,788.02,13715.0,5137.0,36,35,120.43,0.965,20251031_040_pol_pro_Vio_adu_2025_9_Colorado2025_x013312_y005120
Unknown_Sample,20251031_040_pol_pro_Vio_adu_2025_9_Colorado2025.czi,Vio_adu,1058.14,14131.0,5252.0,44,42,139.88,0.958,20251031_040_pol_pro_Vio_adu_2025_9_Colorado2025_x013824_y005120
Unknown_Sample,20251031_040_pol_pro_Vio_adu_2025_9_Colorado2025.czi,Vio_adu,412.87,14398.0,5299.0,22,33,92.53,0.948,20251031_040_pol_pro_Vio_adu_2025_9_Colorado2025_x013824_y005120
Unknown_Sample,20251031_040_pol_pro_Vio_adu_2025_9_Colorado2025.czi,Vio_adu,413.63,14398.0,5299.0,22,33,92.53,0.947,20251031_040_pol_pro_Vio_adu_2025_9_Colorado2025_x014336_y005120
Unknown_Sample,20251031_040_pol_pro_Vio_adu_2025_9_Colorado2025.czi,Vio_adu,708.37,1609.0,5722.0,33,36,113.5,0.963,20251031_040_pol_pro_Vio_adu_2025_9_Colorado2025_x001024_y005632
Unknown_Sample,20251031_040_pol_pro_Vio_adu_2025_9_Colorado2025.czi,Vio_adu,695.29,1522.0,6060.0,33,35,112.67,0.963,20251031_040_pol_pro_Vio_adu_2025_9_Colorado2025_x001024_y005632
Unknown_Sample,20251031_040_pol_pro_Vio_adu_2025_9_Colorado2025.czi,Vio_adu,808.8,1539.0,6014.0,36,38,122.91,0.962,20251031_040_pol_pro_Vio_adu_2025_9_Colorado2025_x001024_y005632
Unknown_Sample,20251031_040_pol_pro_Vio_adu_2025_9_Colorado2025.czi,Vio_adu,612.56,1455.0,6151.0,31,32,105.6,0.961,20251031_040_pol_pro_Vio_adu_2025_9_Colorado2025_x001024_y005632
Unknown_Sample,20251031_040_pol_pro_Vio_adu_2025_9_Colorado2025.czi,Vio_adu,593.33,1548.0,5711.0,31,31,103.6,0.959,20251031_040_pol_pro_Vio_adu_2025_9_Colorado2025_x001024_y005632
Unknown_Sample,20251031_040_pol_pro_Vio_adu_2025_9_Colorado2025.czi,Vio_adu,743.77,1225.0,5846.0,36,34,115.5,0.953,20251031_040_pol_pro_Vio_adu_2025_9_Colorado2025_x001024_y005632
Unknown_Sample,20251031_040_pol_pro_Vio_adu_2025_9_Colorado2025.czi,Vio_adu,552.54,1549.0,5711.0,28,31,102.28,0.965,20251031_040_pol_pro_Vio_adu_2025_9_Colorado2025_x001536_y005632
Unknown_Sample,20251031_040_pol_pro_Vio_adu_2025_9_Colorado2025.czi,Vio_adu,708.37,1609.0,5722.0,33,36,113.5,0.963,20251031_040_pol_pro_Vio_adu_2025_9_Colorado2025_x001536_y005632
Unknown_Sample,20251031_040_pol_pro_Vio_adu_2025_9_Colorado2025.czi,Vio_adu,609.87,1716.0,6013.0,33,31,107.01,0.963,20251031_040_pol_pro_Vio_adu_2025_9_Colorado2025_x001536_y005632
Unknown_Sample,20251031_040_pol_pro_Vio_adu_2025_9_Colorado2025.czi,Vio_adu,667.97,1900.0,5809.0,33,34,111.25,0.961,20251031_040_pol_pro_Vio_adu_2025_9_Colorado2025_x001536_y005632
Unknown_Sample,20251031_040_pol_pro_Vio_adu_2025_9_Colorado2025.czi,Vio_adu,463.27,1545.0,6015.0,21,38,102.28,0.959,20251031_040_pol_pro_Vio_adu_2025_9_Colorado2025_x001536_y005632
Unknown_Sample,20251031_040_pol_pro_Vio_adu_2025_9_Colorado2025.czi,Vio_adu,674.9,2287.0,5914.0,36,31,112.43,0.967,20251031_040_pol_pro_Vio_adu_2025_9_Colorado2025_x002048_y005632
Unknown_Sample,20251031_040_pol_pro_Vio_adu_2025_9_Colorado2025.czi,Vio_adu,800.72,2897.0,6164.0,38,36,121.15,0.956,20251031_040_pol_pro_Vio_adu_2025_9_Colorado2025_x002560_y005632
Unknown_Sample,20251031_040_pol_pro_Vio_adu_2025_9_Colorado2025.czi,Vio_adu,891.14,3903.0,6019.0,38,39,127.74,0.965,20251031_040_pol_pro_Vio_adu_2025_9_Colorado2025_x003584_y005632
Unknown_Sample,20251031_040_pol_pro_Vio_adu_2025_9_Colorado2025.czi,Vio_adu,761.86,4843.0,5995.0,35,36,119.25,0.962,20251031_040_pol_pro_Vio_adu_2025_9_Colorado2025_x004608_y005632
Unknown_Sample,20251031_040_pol_pro_Vio_adu_2025_9_Colorado2025.czi,Vio_adu,827.65,5794.0,6243.0,36,38,123.5,0.962,20251031_040_pol_pro_Vio_adu_2025_9_Colorado2025_x005632_y005632
Unknown_Sample,20251031_040_pol_pro_Vio_adu_2025_9_Colorado2025.czi,Vio_adu,845.74,7168.0,5789.0,36,38,124.08,0.965,20251031_040_pol_pro_Vio_adu_2025_9_Colorado2025_x006656_y005632
Unknown_Sample,20251031_040_pol_pro_Vio_adu_2025_9_Colorado2025.czi,Vio_adu,820.34,7216.0,6075.0,36,37,123.25,0.961,20251031_040_pol_pro_Vio_adu_2025_9_Colorado2025_x006656_y005632
Unknown_Sample,20251031_040_pol_pro_Vio_adu_2025_9_Colorado2025.czi,Vio_adu,821.5,7216.0,6075.0,36,37,123.84,0.961,20251031_040_pol_pro_Vio_adu_2025_9_Colorado2025_x007168_y005632
Unknown_Sample,20251031_040_pol_pro_Vio_adu_2025_9_Colorado2025.czi,Vio_adu,409.4,7176.0,5789.0,19,38,98.28,0.956,20251031_040_pol_pro_Vio_adu_2025_9_Colorado2025_x007168_y005632
Unknown_Sample,20251031_040_pol_pro_Vio_adu_2025_9_Colorado2025.czi,Vio_adu,849.59,8042.0,5763.0,37,37,124.08,0.962,20251031_040_pol_pro_Vio_adu_2025_9_Colorado2025_x007680_y005632
Unknown_Sample,20251031_040_pol_pro_Vio_adu_2025_9_Colorado2025.czi,Vio_adu,781.1,7964.0,6189.0,36,37,119.74,0.96,20251031_040_pol_pro_Vio_adu_2025_9_Colorado2025_x007680_y005632
Unknown_Sample,20251031_040_pol_pro_Vio_adu_2025_9_Colorado2025.czi,Vio_adu,796.49,8443.0,5953.0,35,38,120.91,0.963,20251031_040_pol_pro_Vio_adu_2025_9_Colorado2025_x008192_y005632
Unknown_Sample,20251031_040_pol_pro_Vio_adu_2025_9_Colorado2025.czi,Vio_adu,974.64,9154.0,6091.0,39,41,133.15,0.961,20251031_040_pol_pro_Vio_adu_2025_9_Colorado2025_x008704_y005632
Unknown_Sample,20251031_040_pol_pro_Vio_adu_2025_9_Colorado2025.czi,Vio_adu,884.99,9180.0,5722.0,39,38,126.57,0.96,20251031_040_pol_pro_Vio_adu_2025_9_Colorado2025_x008704_y005632
Unknown_Sample,20251031_040_pol_pro_Vio_adu_2025_9_Colorado2025.czi,Vio_adu,965.02,9682.0,5819.0,41,39,132.57,0.96,20251031_040_pol_pro_Vio_adu_2025_9_Colorado2025_x009216_y005632
Unknown_Sample,20251031_040_pol_pro_Vio_adu_2025_9_Colorado2025.czi,Vio_adu,572.93,9844.0,6195.0,23,39,110.04,0.938,20251031_040_pol_pro_Vio_adu_2025_9_Colorado2025_x009216_y005632
Unknown_Sample,20251031_040_pol_pro_Vio_adu_2025_9_Colorado2025.czi,Vio_adu,952.32,9851.0,6195.0,39,39,130.33,0.964,20251031_040_pol_pro_Vio_adu_2025_9_Colorado2025_x009728_y005632
Unknown_Sample,20251031_040_pol_pro_Vio_adu_2025_9_Colorado2025.czi,Vio_adu,911.54,10237.0,5824.0,39,39,129.15,0.963,20251031_040_pol_pro_Vio_adu_2025_9_Colorado2025_x009728_y005632
Unknown_Sample,20251031_040_pol_pro_Vio_adu_2025_9_Colorado2025.czi,Vio_adu,795.33,10276.0,5863.0,35,38,121.5,0.963,20251031_040_pol_pro_Vio_adu_2025_9_Colorado2025_x009728_y005632
Unknown_Sample,20251031_040_pol_pro_Vio_adu_2025_9_Colorado2025.czi,Vio_adu,797.64,10557.0,6222.0,39,34,121.5,0.963,20251031_040_pol_pro_Vio_adu_2025_9_Colorado2025_x010240_y005632
Unknown_Sample,20251031_040_pol_pro_Vio_adu_2025_9_Colorado2025.czi,Vio_adu,794.95,10276.0,5863.0,35,38,122.08,0.962,20251031_040_pol_pro_Vio_adu_2025_9_Colorado2025_x010240_y005632
Unknown_Sample,20251031_040_pol_pro_Vio_adu_2025_9_Colorado2025.czi,Vio_adu,366.69,10247.0,5824.0,17,39,96.87,0.946,20251031_040_pol_pro_Vio_adu_2025_9_Colorado2025_x010240_y005632
Unknown_Sample,20251031_040_pol_pro_Vio_adu_2025_9_Colorado2025.czi,Vio_adu,279.35,10873.0,5898.0,14,34,83.8,0.896,20251031_040_pol_pro_Vio_adu_2025_9_Colorado2025_x010240_y005632
Unknown_Sample,20251031_040_pol_pro_Vio_adu_2025_9_Colorado2025.czi,Vio_adu,200.85,10513.0,6266.0,33,11,76.97,0.88,20251031_040_pol_pro_Vio_adu_2025_9_Colorado2025_x010240_y005632
Unknown_Sample,20251031_040_pol_pro_Vio_adu_2025_9_Colorado2025.czi,Vio_adu,750.31,10882.0,5898.0,34,36,117.25,0.965,20251031_040_pol_pro_Vio_adu_2025_9_Colorado2025_x010752_y005632
Unknown_Sample,20251031_040_pol_pro_Vio_adu_2025_9_Colorado2025.czi,Vio_adu,779.17,11136.0,5700.0,36,36,120.67,0.963,20251031_040_pol_pro_Vio_adu_2025_9_Colorado2025_x010752_y005632
Unknown_Sample,20251031_040_pol_pro_Vio_adu_2025_9_Colorado2025.czi,Vio_adu,899.61,11116.0,5860.0,39,39,127.4,0.961,20251031_040_pol_pro_Vio_adu_2025_9_Colorado2025_x010752_y005632
Unknown_Sample,20251031_040_pol_pro_Vio_adu_2025_9_Colorado2025.czi,Vio_adu,773.4,11377.0,5823.0,30,41,123.94,0.945,20251031_040_pol_pro_Vio_adu_2025_9_Colorado2025_x010752_y005632
Unknown_Sample,20251031_040_pol_pro_Vio_adu_2025_9_Colorado2025.czi,Vio_adu,766.09,11450.0,6173.0,35,36,118.67,0.963,20251031_040_pol_pro_Vio_adu_2025_9_Colorado2025_x011264_y005632
Unknown_Sample,20251031_040_pol_pro_Vio_adu_2025_9_Colorado2025.czi,Vio_adu,921.54,11380.0,5823.0,38,41,129.98,0.961,20251031_040_pol_pro_Vio_adu_2025_9_Colorado2025_x011264_y005632
Unknown_Sample,20251031_040_pol_pro_Vio_adu_2025_9_Colorado2025.czi,Vio_adu,929.62,11484.0,5839.0,38,40,129.74,0.961,20251031_040_pol_pro_Vio_adu_2025_9_Colorado2025_x011264_y005632
Unknown_Sample,20251031_040_pol_pro_Vio_adu_2025_9_Colorado2025.czi,Vio_adu,834.58,12277.0,6111.0,38,37,124.33,0.964,20251031_040_pol_pro_Vio_adu_2025_9_Colorado2025_x011776_y005632
Unknown_Sample,20251031_040_pol_pro_Vio_adu_2025_9_Colorado2025.czi,Vio_adu,821.11,12122.0,5908.0,37,37,122.91,0.962,20251031_040_pol_pro_Vio_adu_2025_9_Colorado2025_x011776_y005632
Unknown_Sample,20251031_040_pol_pro_Vio_adu_2025_9_Colorado2025.czi,Vio_adu,891.53,12858.0,5787.0,37,40,127.15,0.956,20251031_040_pol_pro_Vio_adu_2025_9_Colorado2025_x012288_y005632
Unknown_Sample,20251031_040_pol_pro_Vio_adu_2025_9_Colorado2025.czi,Vio_adu,892.3,12858.0,5787.0,37,41,127.98,0.956,20251031_040_pol_pro_Vio_adu_2025_9_Colorado2025_x012800_y005632
Unknown_Sample,20251031_040_pol_pro_Vio_adu_2025_9_Colorado2025.czi,Vio_adu,1097.77,14267.0,5961.0,43,43,141.64,0.961,20251031_040_pol_pro_Vio_adu_2025_9_Colorado2025_x013824_y005632
Unknown_Sample,20251031_040_pol_pro_Vio_adu_2025_9_Colorado2025.czi,Vio_adu,783.02,14172.0,6155.0,35,37,119.5,0.959,20251031_040_pol_pro_Vio_adu_2025_9_Colorado2025_x013824_y005632
Unknown_Sample,20251031_040_pol_pro_Vio_adu_2025_9_Colorado2025.czi,Vio_adu,751.85,14770.0,5928.0,34,36,117.25,0.964,20251031_040_pol_pro_Vio_adu_2025_9_Colorado2025_x014336_y005632
Unknown_Sample,20251031_040_pol_pro_Vio_adu_2025_9_Colorado2025.czi,Vio_adu,771.86,15607.0,6115.0,36,36,118.91,0.963,20251031_040_pol_pro_Vio_adu_2025_9_Colorado2025_x015360_y005632
Unknown_Sample,20251031_040_pol_pro_Vio_adu_2025_9_Colorado2025.czi,Vio_adu,447.11,1455.0,6154.0,31,23,94.63,0.954,20251031_040_pol_pro_Vio_adu_2025_9_Colorado2025_x001024_y006144
Unknown_Sample,20251031_040_pol_pro_Vio_adu_2025_9_Colorado2025.czi,Vio_adu,739.16,2248.0,6347.0,35,35,115.5,0.965,20251031_040_pol_pro_Vio_adu_2025_9_Colorado2025_x002048_y006144
Unknown_Sample,20251031_040_pol_pro_Vio_adu_2025_9_Colorado2025.czi,Vio_adu,814.96,2897.0,6164.0,38,37,123.74,0.955,20251031_040_pol_pro_Vio_adu_2025_9_Colorado2025_x002560_y006144
Unknown_Sample,20251031_040_pol_pro_Vio_adu_2025_9_Colorado2025.czi,Vio_adu,671.05,3460.0,6629.0,34,33,110.08,0.961,20251031_040_pol_pro_Vio_adu_2025_9_Colorado2025_x003072_y006144
Unknown_Sample,20251031_040_pol_pro_Vio_adu_2025_9_Colorado2025.czi,Vio_adu,565.24,3994.0,6409.0,30,31,101.01,0.962,20251031_040_pol_pro_Vio_adu_2025_9_Colorado2025_x003584_y006144
Unknown_Sample,20251031_040_pol_pro_Vio_adu_2025_9_Colorado2025.czi,Vio_adu,775.33,5273.0,6409.0,39,33,120.67,0.962,20251031_040_pol_pro_Vio_adu_2025_9_Colorado2025_x005120_y006144
Unknown_Sample,20251031_040_pol_pro_Vio_adu_2025_9_Colorado2025.czi,Vio_adu,820.34,6165.0,6383.0,35,38,122.08,0.968,20251031_040_pol_pro_Vio_adu_2025_9_Colorado2025_x005632_y006144
Unknown_Sample,20251031_040_pol_pro_Vio_adu_2025_9_Colorado2025.czi,Vio_adu,825.35,5795.0,6243.0,36,38,123.5,0.963,20251031_040_pol_pro_Vio_adu_2025_9_Colorado2025_x005632_y006144
Unknown_Sample,20251031_040_pol_pro_Vio_adu_2025_9_Colorado2025.czi,Vio_adu,777.25,5850.0,6742.0,37,38,128.08,0.933,20251031_040_pol_pro_Vio_adu_2025_9_Colorado2025_x005632_y006144
Unknown_Sample,20251031_040_pol_pro_Vio_adu_2025_9_Colorado2025.czi,Vio_adu,759.55,5872.0,6768.0,36,34,128.28,0.875,20251031_040_pol_pro_Vio_adu_2025_9_Colorado2025_x005632_y006144
Unknown_Sample,20251031_040_pol_pro_Vio_adu_2025_9_Colorado2025.czi,Vio_adu,1051.98,6127.0,6624.0,44,40,144.08,0.777,20251031_040_pol_pro_Vio_adu_2025_9_Colorado2025_x005632_y006144
Unknown_Sample,20251031_040_pol_pro_Vio_adu_2025_9_Colorado2025.czi,Vio_adu,803.8,6113.0,6617.0,37,45,159.04,0.692,20251031_040_pol_pro_Vio_adu_2025_9_Colorado2025_x005632_y006144
Unknown_Sample,20251031_040_pol_pro_Vio_adu_2025_9_Colorado2025.czi,Vio_adu,819.96,6165.0,6383.0,35,38,122.67,0.969,20251031_040_pol_pro_Vio_adu_2025_9_Colorado2025_x006144_y006144
Unknown_Sample,20251031_040_pol_pro_Vio_adu_2025_9_Colorado2025.czi,Vio_adu,1060.44,6749.0,6579.0,42,42,139.4,0.954,20251031_040_pol_pro_Vio_adu_2025_9_Colorado2025_x006144_y006144
Unknown_Sample,20251031_040_pol_pro_Vio_adu_2025_9_Colorado2025.czi,Vio_adu,760.32,6768.0,6541.0,31,37,120.28,0.949,20251031_040_pol_pro_Vio_adu_2025_9_Colorado2025_x006144_y006144
Unknown_Sample,20251031_040_pol_pro_Vio_adu_2025_9_Colorado2025.czi,Vio_adu,850.36,6770.0,6541.0,38,37,124.91,0.954,20251031_040_pol_pro_Vio_adu_2025_9_Colorado2025_x006656_y006144
Unknown_Sample,20251031_040_pol_pro_Vio_adu_2025_9_Colorado2025.czi,Vio_adu,1058.14,6749.0,6579.0,42,41,138.57,0.953,20251031_040_pol_pro_Vio_adu_2025_9_Colorado2025_x006656_y006144
Unknown_Sample,20251031_040_pol_pro_Vio_adu_2025_9_Colorado2025.czi,Vio_adu,812.65,8088.0,6725.0,37,36,120.91,0.963,20251031_040_pol_pro_Vio_adu_2025_9_Colorado2025_x007680_y006144
Unknown_Sample,20251031_040_pol_pro_Vio_adu_2025_9_Colorado2025.czi,Vio_adu,781.87,7964.0,6189.0,36,37,119.74,0.96,20251031_040_pol_pro_Vio_adu_2025_9_Colorado2025_x007680_y006144
Unknown_Sample,20251031_040_pol_pro_Vio_adu_2025_9_Colorado2025.czi,Vio_adu,845.74,8276.0,6619.0,39,37,127.74,0.948,20251031_040_pol_pro_Vio_adu_2025_9_Colorado2025_x007680_y006144
Unknown_Sample,20251031_040_pol_pro_Vio_adu_2025_9_Colorado2025.czi,Vio_adu,807.26,8410.0,6755.0,37,36,120.91,0.961,20251031_040_pol_pro_Vio_adu_2025_9_Colorado2025_x008192_y006144
Unknown_Sample,20251031_040_pol_pro_Vio_adu_2025_9_Colorado2025.czi,Vio_adu,672.59,8499.0,6629.0,33,33,109.25,0.959,20251031_040_pol_pro_Vio_adu_2025_9_Colorado2025_x008192_y006144
Unknown_Sample,20251031_040_pol_pro_Vio_adu_2025_9_Colorado2025.czi,Vio_adu,843.82,8276.0,6619.0,39,37,127.15,0.949,20251031_040_pol_pro_Vio_adu_2025_9_Colorado2025_x008192_y006144
Unknown_Sample,20251031_040_pol_pro_Vio_adu_2025_9_Colorado2025.czi,Vio_adu,874.6,9705.0,6506.0,39,38,125.98,0.96,20251031_040_pol_pro_Vio_adu_2025_9_Colorado2025_x009216_y006144
Unknown_Sample,20251031_040_pol_pro_Vio_adu_2025_9_Colorado2025.czi,Vio_adu,573.7,9844.0,6195.0,23,39,110.04,0.938,20251031_040_pol_pro_Vio_adu_2025_9_Colorado2025_x009216_y006144
Unknown_Sample,20251031_040_pol_pro_Vio_adu_2025_9_Colorado2025.czi,Vio_adu,952.71,9851.0,6195.0,39,39,130.91,0.964,20251031_040_pol_pro_Vio_adu_2025_9_Colorado2025_x009728_y006144
Unknown_Sample,20251031_040_pol_pro_Vio_adu_2025_9_Colorado2025.czi,Vio_adu,259.72,10361.0,6719.0,13,37,86.04,0.876,20251031_040_pol_pro_Vio_adu_2025_9_Colorado2025_x009728_y006144
Unknown_Sample,20251031_040_pol_pro_Vio_adu_2025_9_Colorado2025.czi,Vio_adu,765.71,10513.0,6277.0,35,36,118.08,0.964,20251031_040_pol_pro_Vio_adu_2025_9_Colorado2025_x010240_y006144
Unknown_Sample,20251031_040_pol_pro_Vio_adu_2025_9_Colorado2025.czi,Vio_adu,832.66,10372.0,6718.0,36,38,122.91,0.963,20251031_040_pol_pro_Vio_adu_2025_9_Colorado2025_x010240_y006144
Unknown_Sample,20251031_040_pol_pro_Vio_adu_2025_9_Colorado2025.czi,Vio_adu,796.1,10557.0,6222.0,39,34,121.5,0.963,20251031_040_pol_pro_Vio_adu_2025_9_Colorado2025_x010240_y006144
Unknown_Sample,20251031_040_pol_pro_Vio_adu_2025_9_Colorado2025.czi,Vio_adu,765.71,11450.0,6173.0,35,36,119.25,0.963,20251031_040_pol_pro_Vio_adu_2025_9_Colorado2025_x011264_y006144
Unknown_Sample,20251031_040_pol_pro_Vio_adu_2025_9_Colorado2025.czi,Vio_adu,659.12,14172.0,6157.0,35,30,113.7,0.965,20251031_040_pol_pro_Vio_adu_2025_9_Colorado2025_x013824_y006144
Unknown_Sample,20251031_040_pol_pro_Vio_adu_2025_9_Colorado2025.czi,Vio_adu,909.23,15218.0,6734.0,38,40,127.98,0.96,20251031_040_pol_pro_Vio_adu_2025_9_Colorado2025_x014848_y006144
Unknown_Sample,20251031_040_pol_pro_Vio_adu_2025_9_Colorado2025.czi,Vio_adu,927.31,15360.0,6446.0,38,42,131.4,0.96,20251031_040_pol_pro_Vio_adu_2025_9_Colorado2025_x014848_y006144
Unknown_Sample,20251031_040_pol_pro_Vio_adu_2025_9_Colorado2025.czi,Vio_adu,285.5,15236.0,6363.0,30,16,78.63,0.941,20251031_040_pol_pro_Vio_adu_2025_9_Colorado2025_x014848_y006144
Unknown_Sample,20251031_040_pol_pro_Vio_adu_2025_9_Colorado2025.czi,Vio_adu,437.88,15368.0,6445.0,19,40,101.11,0.95,20251031_040_pol_pro_Vio_adu_2025_9_Colorado2025_x015360_y006144
Unknown_Sample,20251031_040_pol_pro_Vio_adu_2025_9_Colorado2025.czi,Vio_adu,633.73,1509.0,7241.0,31,33,107.01,0.948,20251031_040_pol_pro_Vio_adu_2025_9_Colorado2025_x001024_y006656
Unknown_Sample,20251031_040_pol_pro_Vio_adu_2025_9_Colorado2025.czi,Vio_adu,339.37,2796.0,6792.0,32,18,84.28,0.917,20251031_040_pol_pro_Vio_adu_2025_9_Colorado2025_x002560_y006656
Unknown_Sample,20251031_040_pol_pro_Vio_adu_2025_9_Colorado2025.czi,Vio_adu,591.02,3268.0,6810.0,33,30,104.43,0.958,20251031_040_pol_pro_Vio_adu_2025_9_Colorado2025_x003072_y006656
Unknown_Sample,20251031_040_pol_pro_Vio_adu_2025_9_Colorado2025.czi,Vio_adu,627.96,4619.0,7267.0,35,30,108.43,0.961,20251031_040_pol_pro_Vio_adu_2025_9_Colorado2025_x004096_y006656
Unknown_Sample,20251031_040_pol_pro_Vio_adu_2025_9_Colorado2025.czi,Vio_adu,532.53,4621.0,7267.0,29,30,102.28,0.966,20251031_040_pol_pro_Vio_adu_2025_9_Colorado2025_x004608_y006656
Unknown_Sample,20251031_040_pol_pro_Vio_adu_2025_9_Colorado2025.czi,Vio_adu,767.24,5106.0,7238.0,36,36,118.91,0.965,20251031_040_pol_pro_Vio_adu_2025_9_Colorado2025_x004608_y006656
Unknown_Sample,20251031_040_pol_pro_Vio_adu_2025_9_Colorado2025.czi,Vio_adu,710.3,5162.0,7125.0,37,32,114.08,0.959,20251031_040_pol_pro_Vio_adu_2025_9_Colorado2025_x004608_y006656
Unknown_Sample,20251031_040_pol_pro_Vio_adu_2025_9_Colorado2025.czi,Vio_adu,654.89,5618.0,6795.0,36,31,108.91,0.963,20251031_040_pol_pro_Vio_adu_2025_9_Colorado2025_x005120_y006656
Unknown_Sample,20251031_040_pol_pro_Vio_adu_2025_9_Colorado2025.czi,Vio_adu,711.07,5162.0,7125.0,37,32,114.08,0.959,20251031_040_pol_pro_Vio_adu_2025_9_Colorado2025_x005120_y006656
Unknown_Sample,20251031_040_pol_pro_Vio_adu_2025_9_Colorado2025.czi,Vio_adu,197.39,5669.0,7290.0,32,11,74.38,0.882,20251031_040_pol_pro_Vio_adu_2025_9_Colorado2025_x005120_y006656
Unknown_Sample,20251031_040_pol_pro_Vio_adu_2025_9_Colorado2025.czi,Vio_adu,783.02,5850.0,6742.0,37,38,129.98,0.936,20251031_040_pol_pro_Vio_adu_2025_9_Colorado2025_x005632_y006656
Unknown_Sample,20251031_040_pol_pro_Vio_adu_2025_9_Colorado2025.czi,Vio_adu,773.4,5874.0,6772.0,36,43,272.74,0.91,20251031_040_pol_pro_Vio_adu_2025_9_Colorado2025_x005632_y006656
Unknown_Sample,20251031_040_pol_pro_Vio_adu_2025_9_Colorado2025.czi,Vio_adu,197.39,5669.0,7290.0,32,11,74.38,0.882,20251031_040_pol_pro_Vio_adu_2025_9_Colorado2025_x005632_y006656
Unknown_Sample,20251031_040_pol_pro_Vio_adu_2025_9_Colorado2025.czi,Vio_adu,760.32,6515.0,6964.0,35,36,118.08,0.961,20251031_040_pol_pro_Vio_adu_2025_9_Colorado2025_x006144_y006656
Unknown_Sample,20251031_040_pol_pro_Vio_adu_2025_9_Colorado2025.czi,Vio_adu,297.82,6776.0,6990.0,15,33,83.8,0.893,20251031_040_pol_pro_Vio_adu_2025_9_Colorado2025_x006144_y006656
Unknown_Sample,20251031_040_pol_pro_Vio_adu_2025_9_Colorado2025.czi,Vio_adu,730.69,6785.0,6990.0,35,35,115.5,0.964,20251031_040_pol_pro_Vio_adu_2025_9_Colorado2025_x006656_y006656
Unknown_Sample,20251031_040_pol_pro_Vio_adu_2025_9_Colorado2025.czi,Vio_adu,814.57,7242.0,6907.0,36,37,121.5,0.962,20251031_040_pol_pro_Vio_adu_2025_9_Colorado2025_x006656_y006656
Unknown_Sample,20251031_040_pol_pro_Vio_adu_2025_9_Colorado2025.czi,Vio_adu,795.33,7335.0,7059.0,35,38,122.67,0.964,20251031_040_pol_pro_Vio_adu_2025_9_Colorado2025_x007168_y006656
Unknown_Sample,20251031_040_pol_pro_Vio_adu_2025_9_Colorado2025.czi,Vio_adu,814.57,7242.0,6907.0,36,37,121.5,0.962,20251031_040_pol_pro_Vio_adu_2025_9_Colorado2025_x007168_y006656
Unknown_Sample,20251031_040_pol_pro_Vio_adu_2025_9_Colorado2025.czi,Vio_adu,818.04,7668.0,7182.0,37,36,123.25,0.961,20251031_040_pol_pro_Vio_adu_2025_9_Colorado2025_x007168_y006656
Unknown_Sample,20251031_040_pol_pro_Vio_adu_2025_9_Colorado2025.czi,Vio_adu,219.71,7351.0,7233.0,17,24,69.21,0.834,20251031_040_pol_pro_Vio_adu_2025_9_Colorado2025_x007168_y006656
Unknown_Sample,20251031_040_pol_pro_Vio_adu_2025_9_Colorado2025.czi,Vio_adu,812.65,8088.0,6725.0,37,36,120.91,0.963,20251031_040_pol_pro_Vio_adu_2025_9_Colorado2025_x007680_y006656
Unknown_Sample,20251031_040_pol_pro_Vio_adu_2025_9_Colorado2025.czi,Vio_adu,757.63,7884.0,7134.0,35,35,116.67,0.963,20251031_040_pol_pro_Vio_adu_2025_9_Colorado2025_x007680_y006656
Unknown_Sample,20251031_040_pol_pro_Vio_adu_2025_9_Colorado2025.czi,Vio_adu,675.28,8347.0,6905.0,33,34,111.84,0.963,20251031_040_pol_pro_Vio_adu_2025_9_Colorado2025_x008192_y006656
Unknown_Sample,20251031_040_pol_pro_Vio_adu_2025_9_Colorado2025.czi,Vio_adu,810.34,8410.0,6755.0,37,36,120.91,0.962,20251031_040_pol_pro_Vio_adu_2025_9_Colorado2025_x008192_y006656
Unknown_Sample,20251031_040_pol_pro_Vio_adu_2025_9_Colorado2025.czi,Vio_adu,861.13,9002.0,7145.0,39,36,124.91,0.965,20251031_040_pol_pro_Vio_adu_2025_9_Colorado2025_x008704_y006656
Unknown_Sample,20251031_040_pol_pro_Vio_adu_2025_9_Colorado2025.czi,Vio_adu,997.34,9195.0,7175.0,40,42,136.57,0.961,20251031_040_pol_pro_Vio_adu_2025_9_Colorado2025_x008704_y006656
Unknown_Sample,20251031_040_pol_pro_Vio_adu_2025_9_Colorado2025.czi,Vio_adu,700.29,9632.0,6967.0,33,36,114.08,0.962,20251031_040_pol_pro_Vio_adu_2025_9_Colorado2025_x009216_y006656
Unknown_Sample,20251031_040_pol_pro_Vio_adu_2025_9_Colorado2025.czi,Vio_adu,857.28,9449.0,7006.0,38,37,124.91,0.957,20251031_040_pol_pro_Vio_adu_2025_9_Colorado2025_x009216_y006656
Unknown_Sample,20251031_040_pol_pro_Vio_adu_2025_9_Colorado2025.czi,Vio_adu,907.69,9997.0,6860.0,38,40,127.98,0.96,20251031_040_pol_pro_Vio_adu_2025_9_Colorado2025_x009728_y006656
Unknown_Sample,20251031_040_pol_pro_Vio_adu_2025_9_Colorado2025.czi,Vio_adu,259.72,10361.0,6719.0,13,37,86.04,0.876,20251031_040_pol_pro_Vio_adu_2025_9_Colorado2025_x009728_y006656
Unknown_Sample,20251031_040_pol_pro_Vio_adu_2025_9_Colorado2025.czi,Vio_adu,832.66,10372.0,6718.0,36,38,122.91,0.963,20251031_040_pol_pro_Vio_adu_2025_9_Colorado2025_x010240_y006656
Unknown_Sample,20251031_040_pol_pro_Vio_adu_2025_9_Colorado2025.czi,Vio_adu,791.1,11355.0,6912.0,35,38,120.91,0.962,20251031_040_pol_pro_Vio_adu_2025_9_Colorado2025_x010752_y006656
Unknown_Sample,20251031_040_pol_pro_Vio_adu_2025_9_Colorado2025.czi,Vio_adu,918.85,11436.0,6904.0,39,40,129.4,0.963,20251031_040_pol_pro_Vio_adu_2025_9_Colorado2025_x011264_y006656
Unknown_Sample,20251031_040_pol_pro_Vio_adu_2025_9_Colorado2025.czi,Vio_adu,791.87,11355.0,6912.0,35,38,120.91,0.962,20251031_040_pol_pro_Vio_adu_2025_9_Colorado2025_x011264_y006656
Unknown_Sample,20251031_040_pol_pro_Vio_adu_2025_9_Colorado2025.czi,Vio_adu,937.7,12344.0,7100.0,41,39,130.81,0.965,20251031_040_pol_pro_Vio_adu_2025_9_Colorado2025_x011776_y006656
Unknown_Sample,20251031_040_pol_pro_Vio_adu_2025_9_Colorado2025.czi,Vio_adu,890.76,12088.0,6929.0,37,39,126.33,0.964,20251031_040_pol_pro_Vio_adu_2025_9_Colorado2025_x011776_y006656
Unknown_Sample,20251031_040_pol_pro_Vio_adu_2025_9_Colorado2025.czi,Vio_adu,810.34,12879.0,7105.0,36,37,120.91,0.965,20251031_040_pol_pro_Vio_adu_2025_9_Colorado2025_x012288_y006656
Unknown_Sample,20251031_040_pol_pro_Vio_adu_2025_9_Colorado2025.czi,Vio_adu,935.39,12344.0,7100.0,40,39,129.98,0.965,20251031_040_pol_pro_Vio_adu_2025_9_Colorado2025_x012288_y006656
Unknown_Sample,20251031_040_pol_pro_Vio_adu_2025_9_Colorado2025.czi,Vio_adu,936.93,12510.0,7053.0,41,39,130.81,0.962,20251031_040_pol_pro_Vio_adu_2025_9_Colorado2025_x012288_y006656
Unknown_Sample,20251031_040_pol_pro_Vio_adu_2025_9_Colorado2025.czi,Vio_adu,810.34,12879.0,7105.0,36,37,120.91,0.965,20251031_040_pol_pro_Vio_adu_2025_9_Colorado2025_x012800_y006656
Unknown_Sample,20251031_040_pol_pro_Vio_adu_2025_9_Colorado2025.czi,Vio_adu,858.82,13210.0,6840.0,38,38,124.57,0.961,20251031_040_pol_pro_Vio_adu_2025_9_Colorado2025_x012800_y006656
Unknown_Sample,20251031_040_pol_pro_Vio_adu_2025_9_Colorado2025.czi,Vio_adu,723.0,14255.0,7192.0,35,35,114.33,0.961,20251031_040_pol_pro_Vio_adu_2025_9_Colorado2025_x013824_y006656
Unknown_Sample,20251031_040_pol_pro_Vio_adu_2025_9_Colorado2025.czi,Vio_adu,1010.42,15315.0,6957.0,40,41,136.91,0.963,20251031_040_pol_pro_Vio_adu_2025_9_Colorado2025_x014848_y006656
Unknown_Sample,20251031_040_pol_pro_Vio_adu_2025_9_Colorado2025.czi,Vio_adu,909.23,15218.0,6734.0,38,40,127.98,0.96,20251031_040_pol_pro_Vio_adu_2025_9_Colorado2025_x014848_y006656
Unknown_Sample,20251031_040_pol_pro_Vio_adu_2025_9_Colorado2025.czi,Vio_adu,829.96,15710.0,6809.0,37,37,123.5,0.962,20251031_040_pol_pro_Vio_adu_2025_9_Colorado2025_x015360_y006656
Unknown_Sample,20251031_040_pol_pro_Vio_adu_2025_9_Colorado2025.czi,Vio_adu,632.19,1509.0,7241.0,31,33,107.01,0.946,20251031_040_pol_pro_Vio_adu_2025_9_Colorado2025_x001024_y007168
Unknown_Sample,20251031_040_pol_pro_Vio_adu_2025_9_Colorado2025.czi,Vio_adu,196.24,1657.0,7668.0,12,28,70.14,0.861,20251031_040_pol_pro_Vio_adu_2025_9_Colorado2025_x001024_y007168
Unknown_Sample,20251031_040_pol_pro_Vio_adu_2025_9_Colorado2025.czi,Vio_adu,647.58,1667.0,7667.0,34,31,107.84,0.95,20251031_040_pol_pro_Vio_adu_2025_9_Colorado2025_x001536_y007168
Unknown_Sample,20251031_040_pol_pro_Vio_adu_2025_9_Colorado2025.czi,Vio_adu,754.16,2942.0,7688.0,35,35,116.08,0.962,20251031_040_pol_pro_Vio_adu_2025_9_Colorado2025_x002560_y007168
Unknown_Sample,20251031_040_pol_pro_Vio_adu_2025_9_Colorado2025.czi,Vio_adu,672.2,2849.0,7730.0,33,33,111.01,0.958,20251031_040_pol_pro_Vio_adu_2025_9_Colorado2025_x002560_y007168
Unknown_Sample,20251031_040_pol_pro_Vio_adu_2025_9_Colorado2025.czi,Vio_adu,753.01,4432.0,7624.0,35,36,118.67,0.963,20251031_040_pol_pro_Vio_adu_2025_9_Colorado2025_x004096_y007168
Unknown_Sample,20251031_040_pol_pro_Vio_adu_2025_9_Colorado2025.czi,Vio_adu,627.19,4619.0,7267.0,35,30,107.25,0.962,20251031_040_pol_pro_Vio_adu_2025_9_Colorado2025_x004096_y007168
Unknown_Sample,20251031_040_pol_pro_Vio_adu_2025_9_Colorado2025.czi,Vio_adu,789.56,4656.0,7621.0,36,36,118.91,0.961,20251031_040_pol_pro_Vio_adu_2025_9_Colorado2025_x004096_y007168
Unknown_Sample,20251031_040_pol_pro_Vio_adu_2025_9_Colorado2025.czi,Vio_adu,709.91,4694.0,7569.0,38,31,114.67,0.96,20251031_040_pol_pro_Vio_adu_2025_9_Colorado2025_x004096_y007168
Unknown_Sample,20251031_040_pol_pro_Vio_adu_2025_9_Colorado2025.czi,Vio_adu,706.45,4719.0,7760.0,32,36,116.77,0.94,20251031_040_pol_pro_Vio_adu_2025_9_Colorado2025_x004096_y007168
Unknown_Sample,20251031_040_pol_pro_Vio_adu_2025_9_Colorado2025.czi,Vio_adu,532.15,4621.0,7267.0,29,30,101.7,0.967,20251031_040_pol_pro_Vio_adu_2025_9_Colorado2025_x004608_y007168
Unknown_Sample,20251031_040_pol_pro_Vio_adu_2025_9_Colorado2025.czi,Vio_adu,766.86,5106.0,7238.0,36,36,118.33,0.965,20251031_040_pol_pro_Vio_adu_2025_9_Colorado2025_x004608_y007168
Unknown_Sample,20251031_040_pol_pro_Vio_adu_2025_9_Colorado2025.czi,Vio_adu,756.09,5049.0,7475.0,38,33,117.5,0.965,20251031_040_pol_pro_Vio_adu_2025_9_Colorado2025_x004608_y007168
Unknown_Sample,20251031_040_pol_pro_Vio_adu_2025_9_Colorado2025.czi,Vio_adu,789.95,4656.0,7621.0,36,36,119.5,0.962,20251031_040_pol_pro_Vio_adu_2025_9_Colorado2025_x004608_y007168
Unknown_Sample,20251031_040_pol_pro_Vio_adu_2025_9_Colorado2025.czi,Vio_adu,836.89,5042.0,7309.0,38,36,123.5,0.961,20251031_040_pol_pro_Vio_adu_2025_9_Colorado2025_x004608_y007168
Unknown_Sample,20251031_040_pol_pro_Vio_adu_2025_9_Colorado2025.czi,Vio_adu,719.15,4694.0,7569.0,38,32,115.5,0.96,20251031_040_pol_pro_Vio_adu_2025_9_Colorado2025_x004608_y007168
Unknown_Sample,20251031_040_pol_pro_Vio_adu_2025_9_Colorado2025.czi,Vio_adu,741.85,4720.0,7761.0,34,36,118.43,0.939,20251031_040_pol_pro_Vio_adu_2025_9_Colorado2025_x004608_y007168
Unknown_Sample,20251031_040_pol_pro_Vio_adu_2025_9_Colorado2025.czi,Vio_adu,814.57,4751.0,7777.0,38,37,124.33,0.904,20251031_040_pol_pro_Vio_adu_2025_9_Colorado2025_x004608_y007168
Unknown_Sample,20251031_040_pol_pro_Vio_adu_2025_9_Colorado2025.czi,Vio_adu,684.52,5670.0,7300.0,34,33,111.84,0.967,20251031_040_pol_pro_Vio_adu_2025_9_Colorado2025_x005120_y007168
Unknown_Sample,20251031_040_pol_pro_Vio_adu_2025_9_Colorado2025.czi,Vio_adu,745.7,5376.0,7590.0,35,35,117.25,0.961,20251031_040_pol_pro_Vio_adu_2025_9_Colorado2025_x005120_y007168
Unknown_Sample,20251031_040_pol_pro_Vio_adu_2025_9_Colorado2025.czi,Vio_adu,684.52,5670.0,7300.0,34,33,111.84,0.967,20251031_040_pol_pro_Vio_adu_2025_9_Colorado2025_x005632_y007168
Unknown_Sample,20251031_040_pol_pro_Vio_adu_2025_9_Colorado2025.czi,Vio_adu,215.09,7290.0,7677.0,12,33,78.38,0.875,20251031_040_pol_pro_Vio_adu_2025_9_Colorado2025_x006656_y007168
Unknown_Sample,20251031_040_pol_pro_Vio_adu_2025_9_Colorado2025.czi,Vio_adu,776.86,7667.0,7183.0,37,33,121.36,0.968,20251031_040_pol_pro_Vio_adu_2025_9_Colorado2025_x007168_y007168
Unknown_Sample,20251031_040_pol_pro_Vio_adu_2025_9_Colorado2025.czi,Vio_adu,728.38,7300.0,7677.0,34,35,115.84,0.963,20251031_040_pol_pro_Vio_adu_2025_9_Colorado2025_x007168_y007168
Unknown_Sample,20251031_040_pol_pro_Vio_adu_2025_9_Colorado2025.czi,Vio_adu,767.63,7304.0,7544.0,35,36,117.5,0.963,20251031_040_pol_pro_Vio_adu_2025_9_Colorado2025_x007168_y007168
Unknown_Sample,20251031_040_pol_pro_Vio_adu_2025_9_Colorado2025.czi,Vio_adu,219.71,7351.0,7233.0,17,24,69.21,0.828,20251031_040_pol_pro_Vio_adu_2025_9_Colorado2025_x007168_y007168
Unknown_Sample,20251031_040_pol_pro_Vio_adu_2025_9_Colorado2025.czi,Vio_adu,873.06,8390.0,7649.0,38,38,127.5,0.969,20251031_040_pol_pro_Vio_adu_2025_9_Colorado2025_x008192_y007168
Unknown_Sample,20251031_040_pol_pro_Vio_adu_2025_9_Colorado2025.czi,Vio_adu,886.53,8667.0,7732.0,39,38,127.74,0.96,20251031_040_pol_pro_Vio_adu_2025_9_Colorado2025_x008192_y007168
Unknown_Sample,20251031_040_pol_pro_Vio_adu_2025_9_Colorado2025.czi,Vio_adu,899.99,8909.0,7511.0,38,40,127.98,0.965,20251031_040_pol_pro_Vio_adu_2025_9_Colorado2025_x008704_y007168
Unknown_Sample,20251031_040_pol_pro_Vio_adu_2025_9_Colorado2025.czi,Vio_adu,799.57,8863.0,7599.0,37,35,120.08,0.964,20251031_040_pol_pro_Vio_adu_2025_9_Colorado2025_x008704_y007168
Unknown_Sample,20251031_040_pol_pro_Vio_adu_2025_9_Colorado2025.czi,Vio_adu,689.14,9195.0,7180.0,40,29,119.36,0.963,20251031_040_pol_pro_Vio_adu_2025_9_Colorado2025_x008704_y007168
Unknown_Sample,20251031_040_pol_pro_Vio_adu_2025_9_Colorado2025.czi,Vio_adu,759.93,9059.0,7784.0,37,34,118.67,0.962,20251031_040_pol_pro_Vio_adu_2025_9_Colorado2025_x008704_y007168
Unknown_Sample,20251031_040_pol_pro_Vio_adu_2025_9_Colorado2025.czi,Vio_adu,759.55,10211.0,7462.0,36,34,117.25,0.962,20251031_040_pol_pro_Vio_adu_2025_9_Colorado2025_x009728_y007168
Unknown_Sample,20251031_040_pol_pro_Vio_adu_2025_9_Colorado2025.czi,Vio_adu,960.02,10519.0,7319.0,39,41,130.81,0.967,20251031_040_pol_pro_Vio_adu_2025_9_Colorado2025_x010240_y007168
Unknown_Sample,20251031_040_pol_pro_Vio_adu_2025_9_Colorado2025.czi,Vio_adu,881.14,10417.0,7342.0,39,37,126.91,0.961,20251031_040_pol_pro_Vio_adu_2025_9_Colorado2025_x010240_y007168
Unknown_Sample,20251031_040_pol_pro_Vio_adu_2025_9_Colorado2025.czi,Vio_adu,691.83,10678.0,7793.0,36,30,115.11,0.952,20251031_040_pol_pro_Vio_adu_2025_9_Colorado2025_x010240_y007168
Unknown_Sample,20251031_040_pol_pro_Vio_adu_2025_9_Colorado2025.czi,Vio_adu,682.98,11180.0,7451.0,33,34,110.67,0.965,20251031_040_pol_pro_Vio_adu_2025_9_Colorado2025_x010752_y007168
Unknown_Sample,20251031_040_pol_pro_Vio_adu_2025_9_Colorado2025.czi,Vio_adu,367.85,11135.0,7760.0,37,17,92.28,0.927,20251031_040_pol_pro_Vio_adu_2025_9_Colorado2025_x010752_y007168
Unknown_Sample,20251031_040_pol_pro_Vio_adu_2025_9_Colorado2025.czi,Vio_adu,901.53,11871.0,7313.0,39,39,129.15,0.965,20251031_040_pol_pro_Vio_adu_2025_9_Colorado2025_x011264_y007168
Unknown_Sample,20251031_040_pol_pro_Vio_adu_2025_9_Colorado2025.czi,Vio_adu,898.84,11871.0,7313.0,39,39,128.57,0.965,20251031_040_pol_pro_Vio_adu_2025_9_Colorado2025_x011776_y007168
Unknown_Sample,20251031_040_pol_pro_Vio_adu_2025_9_Colorado2025.czi,Vio_adu,750.7,12139.0,7434.0,35,34,115.84,0.964,20251031_040_pol_pro_Vio_adu_2025_9_Colorado2025_x011776_y007168
Unknown_Sample,20251031_040_pol_pro_Vio_adu_2025_9_Colorado2025.czi,Vio_adu,923.85,12307.0,7738.0,38,39,129.5,0.963,20251031_040_pol_pro_Vio_adu_2025_9_Colorado2025_x011776_y007168
Unknown_Sample,20251031_040_pol_pro_Vio_adu_2025_9_Colorado2025.czi,Vio_adu,830.35,12222.0,7690.0,36,40,124.57,0.961,20251031_040_pol_pro_Vio_adu_2025_9_Colorado2025_x011776_y007168
Unknown_Sample,20251031_040_pol_pro_Vio_adu_2025_9_Colorado2025.czi,Vio_adu,930.39,12307.0,7738.0,38,39,130.08,0.96,20251031_040_pol_pro_Vio_adu_2025_9_Colorado2025_x012288_y007168
Unknown_Sample,20251031_040_pol_pro_Vio_adu_2025_9_Colorado2025.czi,Vio_adu,701.83,12883.0,7632.0,35,34,114.08,0.954,20251031_040_pol_pro_Vio_adu_2025_9_Colorado2025_x012288_y007168
Unknown_Sample,20251031_040_pol_pro_Vio_adu_2025_9_Colorado2025.czi,Vio_adu,687.21,13091.0,7615.0,31,37,113.25,0.962,20251031_040_pol_pro_Vio_adu_2025_9_Colorado2025_x012800_y007168
Unknown_Sample,20251031_040_pol_pro_Vio_adu_2025_9_Colorado2025.czi,Vio_adu,926.54,13257.0,7379.0,40,39,130.57,0.961,20251031_040_pol_pro_Vio_adu_2025_9_Colorado2025_x012800_y007168
Unknown_Sample,20251031_040_pol_pro_Vio_adu_2025_9_Colorado2025.czi,Vio_adu,956.17,13264.0,7586.0,40,40,133.15,0.957,20251031_040_pol_pro_Vio_adu_2025_9_Colorado2025_x012800_y007168
Unknown_Sample,20251031_040_pol_pro_Vio_adu_2025_9_Colorado2025.czi,Vio_adu,701.83,12883.0,7632.0,35,34,114.08,0.954,20251031_040_pol_pro_Vio_adu_2025_9_Colorado2025_x012800_y007168
Unknown_Sample,20251031_040_pol_pro_Vio_adu_2025_9_Colorado2025.czi,Vio_adu,687.6,13967.0,7478.0,35,32,111.84,0.963,20251031_040_pol_pro_Vio_adu_2025_9_Colorado2025_x013824_y007168
Unknown_Sample,20251031_040_pol_pro_Vio_adu_2025_9_Colorado2025.czi,Vio_adu,723.0,14255.0,7192.0,35,35,114.33,0.962,20251031_040_pol_pro_Vio_adu_2025_9_Colorado2025_x013824_y007168
Unknown_Sample,20251031_040_pol_pro_Vio_adu_2025_9_Colorado2025.czi,Vio_adu,921.93,14767.0,7541.0,39,37,130.43,0.964,20251031_040_pol_pro_Vio_adu_2025_9_Colorado2025_x014336_y007168
Unknown_Sample,20251031_040_pol_pro_Vio_adu_2025_9_Colorado2025.czi,Vio_adu,976.18,15903.0,7308.0,39,41,131.98,0.963,20251031_040_pol_pro_Vio_adu_2025_9_Colorado2025_x015360_y007168
Unknown_Sample,20251031_040_pol_pro_Vio_adu_2025_9_Colorado2025.czi,Vio_adu,952.32,15979.0,7483.0,39,40,133.5,0.949,20251031_040_pol_pro_Vio_adu_2025_9_Colorado2025_x015360_y007168
Unknown_Sample,20251031_040_pol_pro_Vio_adu_2025_9_Colorado2025.czi,Vio_adu,976.18,15903.0,7308.0,39,41,131.98,0.962,20251031_040_pol_pro_Vio_adu_2025_9_Colorado2025_x015872_y007168
Unknown_Sample,20251031_040_pol_pro_Vio_adu_2025_9_Colorado2025.czi,Vio_adu,949.24,15979.0,7483.0,39,40,131.15,0.957,20251031_040_pol_pro_Vio_adu_2025_9_Colorado2025_x015872_y007168
Unknown_Sample,20251031_040_pol_pro_Vio_adu_2025_9_Colorado2025.czi,Vio_adu,582.55,2942.0,7692.0,35,27,107.11,0.962,20251031_040_pol_pro_Vio_adu_2025_9_Colorado2025_x002560_y007680
Unknown_Sample,20251031_040_pol_pro_Vio_adu_2025_9_Colorado2025.czi,Vio_adu,672.2,2849.0,7730.0,33,33,111.01,0.958,20251031_040_pol_pro_Vio_adu_2025_9_Colorado2025_x002560_y007680
Unknown_Sample,20251031_040_pol_pro_Vio_adu_2025_9_Colorado2025.czi,Vio_adu,738.0,3336.0,7981.0,38,32,116.08,0.966,20251031_040_pol_pro_Vio_adu_2025_9_Colorado2025_x003072_y007680
Unknown_Sample,20251031_040_pol_pro_Vio_adu_2025_9_Colorado2025.czi,Vio_adu,754.93,3894.0,7930.0,34,37,116.91,0.964,20251031_040_pol_pro_Vio_adu_2025_9_Colorado2025_x003584_y007680
Unknown_Sample,20251031_040_pol_pro_Vio_adu_2025_9_Colorado2025.czi,Vio_adu,759.16,3763.0,8111.0,37,35,119.5,0.96,20251031_040_pol_pro_Vio_adu_2025_9_Colorado2025_x003584_y007680
Unknown_Sample,20251031_040_pol_pro_Vio_adu_2025_9_Colorado2025.czi,Vio_adu,702.99,3941.0,8303.0,37,31,115.01,0.953,20251031_040_pol_pro_Vio_adu_2025_9_Colorado2025_x003584_y007680
Unknown_Sample,20251031_040_pol_pro_Vio_adu_2025_9_Colorado2025.czi,Vio_adu,622.95,4259.0,8047.0,32,31,106.18,0.963,20251031_040_pol_pro_Vio_adu_2025_9_Colorado2025_x004096_y007680
Unknown_Sample,20251031_040_pol_pro_Vio_adu_2025_9_Colorado2025.czi,Vio_adu,787.64,4548.0,8275.0,36,36,119.5,0.963,20251031_040_pol_pro_Vio_adu_2025_9_Colorado2025_x004096_y007680
Unknown_Sample,20251031_040_pol_pro_Vio_adu_2025_9_Colorado2025.czi,Vio_adu,707.6,4719.0,7760.0,32,36,117.36,0.94,20251031_040_pol_pro_Vio_adu_2025_9_Colorado2025_x004096_y007680
Unknown_Sample,20251031_040_pol_pro_Vio_adu_2025_9_Colorado2025.czi,Vio_adu,742.23,4720.0,7761.0,34,36,119.01,0.938,20251031_040_pol_pro_Vio_adu_2025_9_Colorado2025_x004608_y007680
Unknown_Sample,20251031_040_pol_pro_Vio_adu_2025_9_Colorado2025.czi,Vio_adu,813.03,4751.0,7777.0,38,37,124.33,0.904,20251031_040_pol_pro_Vio_adu_2025_9_Colorado2025_x004608_y007680
Unknown_Sample,20251031_040_pol_pro_Vio_adu_2025_9_Colorado2025.czi,Vio_adu,720.3,6709.0,8013.0,34,34,114.43,0.965,20251031_040_pol_pro_Vio_adu_2025_9_Colorado2025_x006144_y007680
Unknown_Sample,20251031_040_pol_pro_Vio_adu_2025_9_Colorado2025.czi,Vio_adu,721.84,6709.0,8013.0,34,34,114.43,0.964,20251031_040_pol_pro_Vio_adu_2025_9_Colorado2025_x006656_y007680
Unknown_Sample,20251031_040_pol_pro_Vio_adu_2025_9_Colorado2025.czi,Vio_adu,71.57,7290.0,7686.0,11,14,42.49,0.884,20251031_040_pol_pro_Vio_adu_2025_9_Colorado2025_x006656_y007680
Unknown_Sample,20251031_040_pol_pro_Vio_adu_2025_9_Colorado2025.czi,Vio_adu,672.59,7711.0,8130.0,35,31,111.6,0.966,20251031_040_pol_pro_Vio_adu_2025_9_Colorado2025_x007168_y007680
Unknown_Sample,20251031_040_pol_pro_Vio_adu_2025_9_Colorado2025.czi,Vio_adu,705.68,7793.0,7830.0,30,38,117.94,0.945,20251031_040_pol_pro_Vio_adu_2025_9_Colorado2025_x007168_y007680
Unknown_Sample,20251031_040_pol_pro_Vio_adu_2025_9_Colorado2025.czi,Vio_adu,264.73,7300.0,7687.0,33,15,81.46,0.941,20251031_040_pol_pro_Vio_adu_2025_9_Colorado2025_x007168_y007680
Unknown_Sample,20251031_040_pol_pro_Vio_adu_2025_9_Colorado2025.czi,Vio_adu,673.36,7711.0,8130.0,35,31,111.6,0.965,20251031_040_pol_pro_Vio_adu_2025_9_Colorado2025_x007680_y007680
Unknown_Sample,20251031_040_pol_pro_Vio_adu_2025_9_Colorado2025.czi,Vio_adu,752.24,8131.0,8215.0,36,35,117.5,0.962,20251031_040_pol_pro_Vio_adu_2025_9_Colorado2025_x007680_y007680
Unknown_Sample,20251031_040_pol_pro_Vio_adu_2025_9_Colorado2025.czi,Vio_adu,817.65,7795.0,7830.0,37,38,124.33,0.959,20251031_040_pol_pro_Vio_adu_2025_9_Colorado2025_x007680_y007680
Unknown_Sample,20251031_040_pol_pro_Vio_adu_2025_9_Colorado2025.czi,Vio_adu,894.99,8383.0,8271.0,39,38,126.57,0.967,20251031_040_pol_pro_Vio_adu_2025_9_Colorado2025_x008192_y007680
Unknown_Sample,20251031_040_pol_pro_Vio_adu_2025_9_Colorado2025.czi,Vio_adu,702.99,8401.0,7848.0,35,33,113.84,0.962,20251031_040_pol_pro_Vio_adu_2025_9_Colorado2025_x008192_y007680
Unknown_Sample,20251031_040_pol_pro_Vio_adu_2025_9_Colorado2025.czi,Vio_adu,814.96,8603.0,7821.0,38,36,121.74,0.962,20251031_040_pol_pro_Vio_adu_2025_9_Colorado2025_x008192_y007680
Unknown_Sample,20251031_040_pol_pro_Vio_adu_2025_9_Colorado2025.czi,Vio_adu,886.14,8667.0,7732.0,39,38,127.15,0.961,20251031_040_pol_pro_Vio_adu_2025_9_Colorado2025_x008192_y007680
Unknown_Sample,20251031_040_pol_pro_Vio_adu_2025_9_Colorado2025.czi,Vio_adu,762.63,9059.0,7784.0,37,34,118.08,0.963,20251031_040_pol_pro_Vio_adu_2025_9_Colorado2025_x008704_y007680
Unknown_Sample,20251031_040_pol_pro_Vio_adu_2025_9_Colorado2025.czi,Vio_adu,673.36,9106.0,8176.0,32,34,111.6,0.956,20251031_040_pol_pro_Vio_adu_2025_9_Colorado2025_x008704_y007680
Unknown_Sample,20251031_040_pol_pro_Vio_adu_2025_9_Colorado2025.czi,Vio_adu,738.0,9125.0,8143.0,35,35,117.25,0.947,20251031_040_pol_pro_Vio_adu_2025_9_Colorado2025_x008704_y007680
Unknown_Sample,20251031_040_pol_pro_Vio_adu_2025_9_Colorado2025.czi,Vio_adu,671.82,9150.0,8170.0,33,36,122.57,0.923,20251031_040_pol_pro_Vio_adu_2025_9_Colorado2025_x008704_y007680
Unknown_Sample,20251031_040_pol_pro_Vio_adu_2025_9_Colorado2025.czi,Vio_adu,831.5,9646.0,8119.0,39,36,124.33,0.966,20251031_040_pol_pro_Vio_adu_2025_9_Colorado2025_x009216_y007680
Unknown_Sample,20251031_040_pol_pro_Vio_adu_2025_9_Colorado2025.czi,Vio_adu,689.52,9623.0,8048.0,33,37,113.74,0.955,20251031_040_pol_pro_Vio_adu_2025_9_Colorado2025_x009216_y007680
Unknown_Sample,20251031_040_pol_pro_Vio_adu_2025_9_Colorado2025.czi,Vio_adu,686.06,10038.0,8175.0,33,34,111.84,0.962,20251031_040_pol_pro_Vio_adu_2025_9_Colorado2025_x009728_y007680
Unknown_Sample,20251031_040_pol_pro_Vio_adu_2025_9_Colorado2025.czi,Vio_adu,747.62,10678.0,7794.0,36,34,116.67,0.964,20251031_040_pol_pro_Vio_adu_2025_9_Colorado2025_x010240_y007680
Unknown_Sample,20251031_040_pol_pro_Vio_adu_2025_9_Colorado2025.czi,Vio_adu,646.42,10787.0,7927.0,33,32,108.43,0.962,20251031_040_pol_pro_Vio_adu_2025_9_Colorado2025_x010240_y007680
Unknown_Sample,20251031_040_pol_pro_Vio_adu_2025_9_Colorado2025.czi,Vio_adu,745.7,11025.0,7985.0,36,34,117.25,0.965,20251031_040_pol_pro_Vio_adu_2025_9_Colorado2025_x010752_y007680
Unknown_Sample,20251031_040_pol_pro_Vio_adu_2025_9_Colorado2025.czi,Vio_adu,647.19,10787.0,7927.0,33,32,108.43,0.962,20251031_040_pol_pro_Vio_adu_2025_9_Colorado2025_x010752_y007680
Unknown_Sample,20251031_040_pol_pro_Vio_adu_2025_9_Colorado2025.czi,Vio_adu,367.08,11135.0,7760.0,37,17,92.28,0.928,20251031_040_pol_pro_Vio_adu_2025_9_Colorado2025_x010752_y007680
Unknown_Sample,20251031_040_pol_pro_Vio_adu_2025_9_Colorado2025.czi,Vio_adu,716.45,11536.0,7858.0,35,34,115.25,0.962,20251031_040_pol_pro_Vio_adu_2025_9_Colorado2025_x011264_y007680
Unknown_Sample,20251031_040_pol_pro_Vio_adu_2025_9_Colorado2025.czi,Vio_adu,478.28,11744.0,8309.0,35,23,100.87,0.93,20251031_040_pol_pro_Vio_adu_2025_9_Colorado2025_x011264_y007680
Unknown_Sample,20251031_040_pol_pro_Vio_adu_2025_9_Colorado2025.czi,Vio_adu,666.43,12222.0,7694.0,36,31,114.77,0.963,20251031_040_pol_pro_Vio_adu_2025_9_Colorado2025_x011776_y007680
Unknown_Sample,20251031_040_pol_pro_Vio_adu_2025_9_Colorado2025.czi,Vio_adu,921.54,12307.0,7738.0,38,39,129.5,0.963,20251031_040_pol_pro_Vio_adu_2025_9_Colorado2025_x011776_y007680
Unknown_Sample,20251031_040_pol_pro_Vio_adu_2025_9_Colorado2025.czi,Vio_adu,841.89,12076.0,8077.0,37,37,124.08,0.963,20251031_040_pol_pro_Vio_adu_2025_9_Colorado2025_x011776_y007680
Unknown_Sample,20251031_040_pol_pro_Vio_adu_2025_9_Colorado2025.czi,Vio_adu,866.9,12265.0,7859.0,38,39,128.33,0.957,20251031_040_pol_pro_Vio_adu_2025_9_Colorado2025_x011776_y007680
Unknown_Sample,20251031_040_pol_pro_Vio_adu_2025_9_Colorado2025.czi,Vio_adu,930.39,12307.0,7738.0,38,39,130.08,0.96,20251031_040_pol_pro_Vio_adu_2025_9_Colorado2025_x012288_y007680
Unknown_Sample,20251031_040_pol_pro_Vio_adu_2025_9_Colorado2025.czi,Vio_adu,917.69,13576.0,8103.0,39,39,129.15,0.967,20251031_040_pol_pro_Vio_adu_2025_9_Colorado2025_x013312_y007680
Unknown_Sample,20251031_040_pol_pro_Vio_adu_2025_9_Colorado2025.czi,Vio_adu,791.1,13661.0,8026.0,37,35,120.08,0.963,20251031_040_pol_pro_Vio_adu_2025_9_Colorado2025_x013312_y007680
Unknown_Sample,20251031_040_pol_pro_Vio_adu_2025_9_Colorado2025.czi,Vio_adu,742.62,14021.0,8079.0,34,37,115.74,0.963,20251031_040_pol_pro_Vio_adu_2025_9_Colorado2025_x013824_y007680
Unknown_Sample,20251031_040_pol_pro_Vio_adu_2025_9_Colorado2025.czi,Vio_adu,889.6,14535.0,8037.0,38,38,128.08,0.966,20251031_040_pol_pro_Vio_adu_2025_9_Colorado2025_x014336_y007680
Unknown_Sample,20251031_040_pol_pro_Vio_adu_2025_9_Colorado2025.czi,Vio_adu,874.98,14851.0,8170.0,38,40,126.23,0.958,20251031_040_pol_pro_Vio_adu_2025_9_Colorado2025_x014336_y007680
Unknown_Sample,20251031_040_pol_pro_Vio_adu_2025_9_Colorado2025.czi,Vio_adu,497.52,14857.0,8169.0,22,40,106.53,0.955,20251031_040_pol_pro_Vio_adu_2025_9_Colorado2025_x014848_y007680
Unknown_Sample,20251031_040_pol_pro_Vio_adu_2025_9_Colorado2025.czi,Vio_adu,958.86,16245.0,8160.0,40,40,133.74,0.96,20251031_040_pol_pro_Vio_adu_2025_9_Colorado2025_x015872_y007680
Unknown_Sample,20251031_040_pol_pro_Vio_adu_2025_9_Colorado2025.czi,Vio_adu,701.45,3941.0,8303.0,37,31,113.84,0.963,20251031_040_pol_pro_Vio_adu_2025_9_Colorado2025_x003584_y008192
Unknown_Sample,20251031_040_pol_pro_Vio_adu_2025_9_Colorado2025.czi,Vio_adu,786.87,4548.0,8275.0,36,36,119.5,0.963,20251031_040_pol_pro_Vio_adu_2025_9_Colorado2025_x004096_y008192
Unknown_Sample,20251031_040_pol_pro_Vio_adu_2025_9_Colorado2025.czi,Vio_adu,698.37,5620.0,8351.0,32,36,113.84,0.964,20251031_040_pol_pro_Vio_adu_2025_9_Colorado2025_x005120_y008192
Unknown_Sample,20251031_040_pol_pro_Vio_adu_2025_9_Colorado2025.czi,Vio_adu,736.08,6327.0,8723.0,35,35,115.5,0.963,20251031_040_pol_pro_Vio_adu_2025_9_Colorado2025_x006144_y008192
Unknown_Sample,20251031_040_pol_pro_Vio_adu_2025_9_Colorado2025.czi,Vio_adu,824.96,7239.0,8340.0,38,36,124.08,0.962,20251031_040_pol_pro_Vio_adu_2025_9_Colorado2025_x006656_y008192
Unknown_Sample,20251031_040_pol_pro_Vio_adu_2025_9_Colorado2025.czi,Vio_adu,902.69,7214.0,8488.0,40,41,149.4,0.946,20251031_040_pol_pro_Vio_adu_2025_9_Colorado2025_x006656_y008192
Unknown_Sample,20251031_040_pol_pro_Vio_adu_2025_9_Colorado2025.czi,Vio_adu,711.07,7204.0,8451.0,36,34,118.43,0.935,20251031_040_pol_pro_Vio_adu_2025_9_Colorado2025_x006656_y008192
Unknown_Sample,20251031_040_pol_pro_Vio_adu_2025_9_Colorado2025.czi,Vio_adu,824.96,7239.0,8340.0,38,36,124.08,0.962,20251031_040_pol_pro_Vio_adu_2025_9_Colorado2025_x007168_y008192
Unknown_Sample,20251031_040_pol_pro_Vio_adu_2025_9_Colorado2025.czi,Vio_adu,577.17,7446.0,8624.0,33,29,102.43,0.96,20251031_040_pol_pro_Vio_adu_2025_9_Colorado2025_x007168_y008192
Unknown_Sample,20251031_040_pol_pro_Vio_adu_2025_9_Colorado2025.czi,Vio_adu,774.94,7416.0,8749.0,35,36,118.08,0.955,20251031_040_pol_pro_Vio_adu_2025_9_Colorado2025_x007168_y008192
Unknown_Sample,20251031_040_pol_pro_Vio_adu_2025_9_Colorado2025.czi,Vio_adu,902.69,7214.0,8488.0,40,41,149.4,0.946,20251031_040_pol_pro_Vio_adu_2025_9_Colorado2025_x007168_y008192
Unknown_Sample,20251031_040_pol_pro_Vio_adu_2025_9_Colorado2025.czi,Vio_adu,711.84,7204.0,8451.0,36,34,118.43,0.935,20251031_040_pol_pro_Vio_adu_2025_9_Colorado2025_x007168_y008192
Unknown_Sample,20251031_040_pol_pro_Vio_adu_2025_9_Colorado2025.czi,Vio_adu,752.24,8131.0,8215.0,36,35,117.5,0.962,20251031_040_pol_pro_Vio_adu_2025_9_Colorado2025_x007680_y008192
Unknown_Sample,20251031_040_pol_pro_Vio_adu_2025_9_Colorado2025.czi,Vio_adu,694.52,8073.0,8775.0,36,31,113.01,0.961,20251031_040_pol_pro_Vio_adu_2025_9_Colorado2025_x007680_y008192
Unknown_Sample,20251031_040_pol_pro_Vio_adu_2025_9_Colorado2025.czi,Vio_adu,885.76,8383.0,8271.0,38,38,125.74,0.968,20251031_040_pol_pro_Vio_adu_2025_9_Colorado2025_x008192_y008192
Unknown_Sample,20251031_040_pol_pro_Vio_adu_2025_9_Colorado2025.czi,Vio_adu,788.02,8341.0,8368.0,37,36,122.08,0.963,20251031_040_pol_pro_Vio_adu_2025_9_Colorado2025_x008192_y008192
Unknown_Sample,20251031_040_pol_pro_Vio_adu_2025_9_Colorado2025.czi,Vio_adu,706.83,9287.0,8693.0,35,32,114.18,0.961,20251031_040_pol_pro_Vio_adu_2025_9_Colorado2025_x008704_y008192
Unknown_Sample,20251031_040_pol_pro_Vio_adu_2025_9_Colorado2025.czi,Vio_adu,879.6,9436.0,8485.0,39,37,126.91,0.964,20251031_040_pol_pro_Vio_adu_2025_9_Colorado2025_x009216_y008192
Unknown_Sample,20251031_040_pol_pro_Vio_adu_2025_9_Colorado2025.czi,Vio_adu,704.91,9287.0,8693.0,35,32,114.77,0.961,20251031_040_pol_pro_Vio_adu_2025_9_Colorado2025_x009216_y008192
Unknown_Sample,20251031_040_pol_pro_Vio_adu_2025_9_Colorado2025.czi,Vio_adu,882.29,9947.0,8509.0,39,40,129.98,0.896,20251031_040_pol_pro_Vio_adu_2025_9_Colorado2025_x009728_y008192
Unknown_Sample,20251031_040_pol_pro_Vio_adu_2025_9_Colorado2025.czi,Vio_adu,767.24,9964.0,8532.0,40,40,143.05,0.808,20251031_040_pol_pro_Vio_adu_2025_9_Colorado2025_x009728_y008192
Unknown_Sample,20251031_040_pol_pro_Vio_adu_2025_9_Colorado2025.czi,Vio_adu,490.59,11381.0,8440.0,22,37,101.7,0.928,20251031_040_pol_pro_Vio_adu_2025_9_Colorado2025_x010752_y008192
Unknown_Sample,20251031_040_pol_pro_Vio_adu_2025_9_Colorado2025.czi,Vio_adu,231.64,10919.0,8652.0,22,18,67.8,0.73,20251031_040_pol_pro_Vio_adu_2025_9_Colorado2025_x010752_y008192
Unknown_Sample,20251031_040_pol_pro_Vio_adu_2025_9_Colorado2025.czi,Vio_adu,881.91,11389.0,8440.0,40,37,125.4,0.964,20251031_040_pol_pro_Vio_adu_2025_9_Colorado2025_x011264_y008192
Unknown_Sample,20251031_040_pol_pro_Vio_adu_2025_9_Colorado2025.czi,Vio_adu,764.55,11744.0,8315.0,35,37,118.33,0.962,20251031_040_pol_pro_Vio_adu_2025_9_Colorado2025_x011264_y008192
Unknown_Sample,20251031_040_pol_pro_Vio_adu_2025_9_Colorado2025.czi,Vio_adu,787.25,11610.0,8814.0,38,34,121.25,0.95,20251031_040_pol_pro_Vio_adu_2025_9_Colorado2025_x011264_y008192
Unknown_Sample,20251031_040_pol_pro_Vio_adu_2025_9_Colorado2025.czi,Vio_adu,854.59,13078.0,8445.0,37,40,125.98,0.958,20251031_040_pol_pro_Vio_adu_2025_9_Colorado2025_x012800_y008192
Unknown_Sample,20251031_040_pol_pro_Vio_adu_2025_9_Colorado2025.czi,Vio_adu,861.13,14878.0,8669.0,37,39,125.74,0.959,20251031_040_pol_pro_Vio_adu_2025_9_Colorado2025_x014336_y008192
Unknown_Sample,20251031_040_pol_pro_Vio_adu_2025_9_Colorado2025.czi,Vio_adu,915.0,15426.0,8725.0,39,38,130.08,0.96,20251031_040_pol_pro_Vio_adu_2025_9_Colorado2025_x014848_y008192
Unknown_Sample,20251031_040_pol_pro_Vio_adu_2025_9_Colorado2025.czi,Vio_adu,863.82,14878.0,8669.0,37,39,126.33,0.958,20251031_040_pol_pro_Vio_adu_2025_9_Colorado2025_x014848_y008192
Unknown_Sample,20251031_040_pol_pro_Vio_adu_2025_9_Colorado2025.czi,Vio_adu,810.34,15892.0,8445.0,36,37,122.08,0.961,20251031_040_pol_pro_Vio_adu_2025_9_Colorado2025_x015360_y008192
Unknown_Sample,20251031_040_pol_pro_Vio_adu_2025_9_Colorado2025.czi,Vio_adu,914.23,15426.0,8725.0,39,38,130.08,0.96,20251031_040_pol_pro_Vio_adu_2025_9_Colorado2025_x015360_y008192
Unknown_Sample,20251031_040_pol_pro_Vio_adu_2025_9_Colorado2025.czi,Vio_adu,960.4,15763.0,8362.0,39,42,132.23,0.958,20251031_040_pol_pro_Vio_adu_2025_9_Colorado2025_x015360_y008192
Unknown_Sample,20251031_040_pol_pro_Vio_adu_2025_9_Colorado2025.czi,Vio_adu,908.46,15965.0,8557.0,40,39,128.81,0.958,20251031_040_pol_pro_Vio_adu_2025_9_Colorado2025_x015360_y008192
Unknown_Sample,20251031_040_pol_pro_Vio_adu_2025_9_Colorado2025.czi,Vio_adu,1035.05,16458.0,8445.0,41,42,137.4,0.961,20251031_040_pol_pro_Vio_adu_2025_9_Colorado2025_x015872_y008192
Unknown_Sample,20251031_040_pol_pro_Vio_adu_2025_9_Colorado2025.czi,Vio_adu,813.42,15892.0,8445.0,36,37,123.25,0.96,20251031_040_pol_pro_Vio_adu_2025_9_Colorado2025_x015872_y008192
Unknown_Sample,20251031_040_pol_pro_Vio_adu_2025_9_Colorado2025.czi,Vio_adu,909.23,15965.0,8557.0,40,39,128.81,0.959,20251031_040_pol_pro_Vio_adu_2025_9_Colorado2025_x015872_y008192
Unknown_Sample,20251031_040_pol_pro_Vio_adu_2025_9_Colorado2025.czi,Vio_adu,335.14,16504.0,8550.0,15,38,93.21,0.894,20251031_040_pol_pro_Vio_adu_2025_9_Colorado2025_x015872_y008192
Unknown_Sample,20251031_040_pol_pro_Vio_adu_2025_9_Colorado2025.czi,Vio_adu,932.31,16846.0,8421.0,40,39,129.98,0.963,20251031_040_pol_pro_Vio_adu_2025_9_Colorado2025_x016384_y008192
Unknown_Sample,20251031_040_pol_pro_Vio_adu_2025_9_Colorado2025.czi,Vio_adu,1035.05,16458.0,8445.0,41,42,137.4,0.961,20251031_040_pol_pro_Vio_adu_2025_9_Colorado2025_x016384_y008192
Unknown_Sample,20251031_040_pol_pro_Vio_adu_2025_9_Colorado2025.czi,Vio_adu,940.39,16515.0,8549.0,38,41,130.57,0.96,20251031_040_pol_pro_Vio_adu_2025_9_Colorado2025_x016384_y008192
Unknown_Sample,20251031_040_pol_pro_Vio_adu_2025_9_Colorado2025.czi,Vio_adu,890.37,16723.0,8654.0,38,38,128.08,0.959,20251031_040_pol_pro_Vio_adu_2025_9_Colorado2025_x016384_y008192
Unknown_Sample,20251031_040_pol_pro_Vio_adu_2025_9_Colorado2025.czi,Vio_adu,910.0,16884.0,8714.0,38,39,129.5,0.958,20251031_040_pol_pro_Vio_adu_2025_9_Colorado2025_x016384_y008192
Unknown_Sample,20251031_040_pol_pro_Vio_adu_2025_9_Colorado2025.czi,Vio_adu,888.45,16952.0,8645.0,41,37,127.98,0.954,20251031_040_pol_pro_Vio_adu_2025_9_Colorado2025_x016384_y008192
Unknown_Sample,20251031_040_pol_pro_Vio_adu_2025_9_Colorado2025.czi,Vio_adu,888.45,16952.0,8645.0,41,37,127.98,0.955,20251031_040_pol_pro_Vio_adu_2025_9_Colorado2025_x016896_y008192
Unknown_Sample,20251031_040_pol_pro_Vio_adu_2025_9_Colorado2025.czi,Vio_adu,636.04,1944.0,9137.0,33,32,107.84,0.961,20251031_040_pol_pro_Vio_adu_2025_9_Colorado2025_x001536_y008704
Unknown_Sample,20251031_040_pol_pro_Vio_adu_2025_9_Colorado2025.czi,Vio_adu,580.63,2086.0,8993.0,31,31,104.18,0.961,20251031_040_pol_pro_Vio_adu_2025_9_Colorado2025_x001536_y008704
Unknown_Sample,20251031_040_pol_pro_Vio_adu_2025_9_Colorado2025.czi,Vio_adu,367.46,1806.0,9334.0,32,19,88.04,0.884,20251031_040_pol_pro_Vio_adu_2025_9_Colorado2025_x001536_y008704
Unknown_Sample,20251031_040_pol_pro_Vio_adu_2025_9_Colorado2025.czi,Vio_adu,582.17,2086.0,8993.0,31,31,104.18,0.962,20251031_040_pol_pro_Vio_adu_2025_9_Colorado2025_x002048_y008704
Unknown_Sample,20251031_040_pol_pro_Vio_adu_2025_9_Colorado2025.czi,Vio_adu,84.27,2932.0,8962.0,12,12,41.07,0.821,20251031_040_pol_pro_Vio_adu_2025_9_Colorado2025_x002560_y008704
Unknown_Sample,20251031_040_pol_pro_Vio_adu_2025_9_Colorado2025.czi,Vio_adu,716.84,4916.0,9105.0,34,35,115.84,0.96,20251031_040_pol_pro_Vio_adu_2025_9_Colorado2025_x004608_y008704
Unknown_Sample,20251031_040_pol_pro_Vio_adu_2025_9_Colorado2025.czi,Vio_adu,662.2,6135.0,9133.0,31,35,111.01,0.938,20251031_040_pol_pro_Vio_adu_2025_9_Colorado2025_x005632_y008704
Unknown_Sample,20251031_040_pol_pro_Vio_adu_2025_9_Colorado2025.czi,Vio_adu,609.87,6155.0,9157.0,31,40,133.96,0.905,20251031_040_pol_pro_Vio_adu_2025_9_Colorado2025_x005632_y008704
Unknown_Sample,20251031_040_pol_pro_Vio_adu_2025_9_Colorado2025.czi,Vio_adu,738.0,6327.0,8723.0,35,35,117.25,0.963,20251031_040_pol_pro_Vio_adu_2025_9_Colorado2025_x006144_y008704
Unknown_Sample,20251031_040_pol_pro_Vio_adu_2025_9_Colorado2025.czi,Vio_adu,536.76,6156.0,9157.0,27,36,105.01,0.91,20251031_040_pol_pro_Vio_adu_2025_9_Colorado2025_x006144_y008704
Unknown_Sample,20251031_040_pol_pro_Vio_adu_2025_9_Colorado2025.czi,Vio_adu,809.19,6805.0,8898.0,35,38,121.5,0.962,20251031_040_pol_pro_Vio_adu_2025_9_Colorado2025_x006656_y008704
Unknown_Sample,20251031_040_pol_pro_Vio_adu_2025_9_Colorado2025.czi,Vio_adu,778.79,7683.0,9006.0,37,36,119.74,0.959,20251031_040_pol_pro_Vio_adu_2025_9_Colorado2025_x007168_y008704
Unknown_Sample,20251031_040_pol_pro_Vio_adu_2025_9_Colorado2025.czi,Vio_adu,774.94,7416.0,8749.0,35,36,118.08,0.955,20251031_040_pol_pro_Vio_adu_2025_9_Colorado2025_x007168_y008704
Unknown_Sample,20251031_040_pol_pro_Vio_adu_2025_9_Colorado2025.czi,Vio_adu,385.16,7394.0,9334.0,31,20,90.38,0.927,20251031_040_pol_pro_Vio_adu_2025_9_Colorado2025_x007168_y008704
Unknown_Sample,20251031_040_pol_pro_Vio_adu_2025_9_Colorado2025.czi,Vio_adu,716.45,7932.0,8893.0,33,37,114.91,0.963,20251031_040_pol_pro_Vio_adu_2025_9_Colorado2025_x007680_y008704
Unknown_Sample,20251031_040_pol_pro_Vio_adu_2025_9_Colorado2025.czi,Vio_adu,767.63,7815.0,8949.0,36,35,118.67,0.963,20251031_040_pol_pro_Vio_adu_2025_9_Colorado2025_x007680_y008704
Unknown_Sample,20251031_040_pol_pro_Vio_adu_2025_9_Colorado2025.czi,Vio_adu,695.29,8073.0,8775.0,36,31,113.01,0.961,20251031_040_pol_pro_Vio_adu_2025_9_Colorado2025_x007680_y008704
Unknown_Sample,20251031_040_pol_pro_Vio_adu_2025_9_Colorado2025.czi,Vio_adu,461.35,7689.0,9006.0,22,36,100.87,0.959,20251031_040_pol_pro_Vio_adu_2025_9_Colorado2025_x007680_y008704
Unknown_Sample,20251031_040_pol_pro_Vio_adu_2025_9_Colorado2025.czi,Vio_adu,562.16,9063.0,8971.0,33,30,102.67,0.954,20251031_040_pol_pro_Vio_adu_2025_9_Colorado2025_x008704_y008704
Unknown_Sample,20251031_040_pol_pro_Vio_adu_2025_9_Colorado2025.czi,Vio_adu,797.26,8945.0,8863.0,36,37,121.74,0.946,20251031_040_pol_pro_Vio_adu_2025_9_Colorado2025_x008704_y008704
Unknown_Sample,20251031_040_pol_pro_Vio_adu_2025_9_Colorado2025.czi,Vio_adu,773.79,8911.0,8879.0,36,36,120.67,0.942,20251031_040_pol_pro_Vio_adu_2025_9_Colorado2025_x008704_y008704
Unknown_Sample,20251031_040_pol_pro_Vio_adu_2025_9_Colorado2025.czi,Vio_adu,407.48,9080.0,9335.0,36,18,96.38,0.915,20251031_040_pol_pro_Vio_adu_2025_9_Colorado2025_x008704_y008704
Unknown_Sample,20251031_040_pol_pro_Vio_adu_2025_9_Colorado2025.czi,Vio_adu,864.59,9671.0,8965.0,40,36,125.15,0.961,20251031_040_pol_pro_Vio_adu_2025_9_Colorado2025_x009216_y008704
Unknown_Sample,20251031_040_pol_pro_Vio_adu_2025_9_Colorado2025.czi,Vio_adu,811.11,11373.0,9045.0,37,36,124.43,0.947,20251031_040_pol_pro_Vio_adu_2025_9_Colorado2025_x010752_y008704
Unknown_Sample,20251031_040_pol_pro_Vio_adu_2025_9_Colorado2025.czi,Vio_adu,821.88,11800.0,9211.0,38,36,124.08,0.961,20251031_040_pol_pro_Vio_adu_2025_9_Colorado2025_x011264_y008704
Unknown_Sample,20251031_040_pol_pro_Vio_adu_2025_9_Colorado2025.czi,Vio_adu,781.48,11610.0,8814.0,38,34,119.5,0.959,20251031_040_pol_pro_Vio_adu_2025_9_Colorado2025_x011264_y008704
Unknown_Sample,20251031_040_pol_pro_Vio_adu_2025_9_Colorado2025.czi,Vio_adu,831.89,11373.0,9045.0,39,36,123.74,0.957,20251031_040_pol_pro_Vio_adu_2025_9_Colorado2025_x011264_y008704
Unknown_Sample,20251031_040_pol_pro_Vio_adu_2025_9_Colorado2025.czi,Vio_adu,823.04,11800.0,9211.0,38,36,123.5,0.96,20251031_040_pol_pro_Vio_adu_2025_9_Colorado2025_x011776_y008704
Unknown_Sample,20251031_040_pol_pro_Vio_adu_2025_9_Colorado2025.czi,Vio_adu,698.37,12602.0,9213.0,34,34,112.67,0.955,20251031_040_pol_pro_Vio_adu_2025_9_Colorado2025_x012288_y008704
Unknown_Sample,20251031_040_pol_pro_Vio_adu_2025_9_Colorado2025.czi,Vio_adu,880.75,13143.0,9113.0,37,40,127.15,0.961,20251031_040_pol_pro_Vio_adu_2025_9_Colorado2025_x012800_y008704
Unknown_Sample,20251031_040_pol_pro_Vio_adu_2025_9_Colorado2025.czi,Vio_adu,780.71,13583.0,9015.0,36,36,120.67,0.964,20251031_040_pol_pro_Vio_adu_2025_9_Colorado2025_x013312_y008704
Unknown_Sample,20251031_040_pol_pro_Vio_adu_2025_9_Colorado2025.czi,Vio_adu,791.87,14160.0,9324.0,37,35,120.08,0.954,20251031_040_pol_pro_Vio_adu_2025_9_Colorado2025_x013824_y008704
Unknown_Sample,20251031_040_pol_pro_Vio_adu_2025_9_Colorado2025.czi,Vio_adu,938.86,14646.0,8877.0,39,40,129.4,0.96,20251031_040_pol_pro_Vio_adu_2025_9_Colorado2025_x014336_y008704
Unknown_Sample,20251031_040_pol_pro_Vio_adu_2025_9_Colorado2025.czi,Vio_adu,915.38,15426.0,8725.0,39,38,130.67,0.959,20251031_040_pol_pro_Vio_adu_2025_9_Colorado2025_x014848_y008704
Unknown_Sample,20251031_040_pol_pro_Vio_adu_2025_9_Colorado2025.czi,Vio_adu,806.11,15292.0,9181.0,38,35,122.67,0.957,20251031_040_pol_pro_Vio_adu_2025_9_Colorado2025_x014848_y008704
Unknown_Sample,20251031_040_pol_pro_Vio_adu_2025_9_Colorado2025.czi,Vio_adu,844.97,15512.0,9301.0,39,35,124.08,0.961,20251031_040_pol_pro_Vio_adu_2025_9_Colorado2025_x015360_y008704
Unknown_Sample,20251031_040_pol_pro_Vio_adu_2025_9_Colorado2025.czi,Vio_adu,975.41,15660.0,9281.0,40,40,133.15,0.96,20251031_040_pol_pro_Vio_adu_2025_9_Colorado2025_x015360_y008704
Unknown_Sample,20251031_040_pol_pro_Vio_adu_2025_9_Colorado2025.czi,Vio_adu,915.38,15426.0,8725.0,39,38,130.67,0.958,20251031_040_pol_pro_Vio_adu_2025_9_Colorado2025_x015360_y008704
Unknown_Sample,20251031_040_pol_pro_Vio_adu_2025_9_Colorado2025.czi,Vio_adu,789.95,15896.0,9174.0,35,37,119.5,0.957,20251031_040_pol_pro_Vio_adu_2025_9_Colorado2025_x015360_y008704
Unknown_Sample,20251031_040_pol_pro_Vio_adu_2025_9_Colorado2025.czi,Vio_adu,788.79,15896.0,9173.0,35,37,118.91,0.957,20251031_040_pol_pro_Vio_adu_2025_9_Colorado2025_x015872_y008704
Unknown_Sample,20251031_040_pol_pro_Vio_adu_2025_9_Colorado2025.czi,Vio_adu,340.14,16502.0,8952.0,19,28,82.97,0.917,20251031_040_pol_pro_Vio_adu_2025_9_Colorado2025_x015872_y008704
Unknown_Sample,20251031_040_pol_pro_Vio_adu_2025_9_Colorado2025.czi,Vio_adu,719.92,16884.0,8717.0,38,30,119.7,0.964,20251031_040_pol_pro_Vio_adu_2025_9_Colorado2025_x016384_y008704
Unknown_Sample,20251031_040_pol_pro_Vio_adu_2025_9_Colorado2025.czi,Vio_adu,848.82,16852.0,9227.0,38,37,122.57,0.959,20251031_040_pol_pro_Vio_adu_2025_9_Colorado2025_x016384_y008704
Unknown_Sample,20251031_040_pol_pro_Vio_adu_2025_9_Colorado2025.czi,Vio_adu,545.23,16507.0,8952.0,32,28,100.18,0.959,20251031_040_pol_pro_Vio_adu_2025_9_Colorado2025_x016384_y008704
Unknown_Sample,20251031_040_pol_pro_Vio_adu_2025_9_Colorado2025.czi,Vio_adu,283.97,17244.0,8973.0,25,22,75.94,0.931,20251031_040_pol_pro_Vio_adu_2025_9_Colorado2025_x016896_y008704
Unknown_Sample,20251031_040_pol_pro_Vio_adu_2025_9_Colorado2025.czi,Vio_adu,646.42,2064.0,9587.0,33,33,110.43,0.959,20251031_040_pol_pro_Vio_adu_2025_9_Colorado2025_x001536_y009216
Unknown_Sample,20251031_040_pol_pro_Vio_adu_2025_9_Colorado2025.czi,Vio_adu,640.65,1805.0,9340.0,33,33,107.5,0.937,20251031_040_pol_pro_Vio_adu_2025_9_Colorado2025_x001536_y009216
Unknown_Sample,20251031_040_pol_pro_Vio_adu_2025_9_Colorado2025.czi,Vio_adu,544.84,1981.0,9710.0,33,28,100.43,0.932,20251031_040_pol_pro_Vio_adu_2025_9_Colorado2025_x001536_y009216
Unknown_Sample,20251031_040_pol_pro_Vio_adu_2025_9_Colorado2025.czi,Vio_adu,654.51,2064.0,9587.0,33,33,111.01,0.962,20251031_040_pol_pro_Vio_adu_2025_9_Colorado2025_x002048_y009216
Unknown_Sample,20251031_040_pol_pro_Vio_adu_2025_9_Colorado2025.czi,Vio_adu,527.53,2662.0,9374.0,31,29,100.18,0.959,20251031_040_pol_pro_Vio_adu_2025_9_Colorado2025_x002048_y009216
Unknown_Sample,20251031_040_pol_pro_Vio_adu_2025_9_Colorado2025.czi,Vio_adu,527.53,2662.0,9374.0,31,29,100.18,0.959,20251031_040_pol_pro_Vio_adu_2025_9_Colorado2025_x002560_y009216
Unknown_Sample,20251031_040_pol_pro_Vio_adu_2025_9_Colorado2025.czi,Vio_adu,498.67,4164.0,9488.0,29,28,95.94,0.961,20251031_040_pol_pro_Vio_adu_2025_9_Colorado2025_x003584_y009216
Unknown_Sample,20251031_040_pol_pro_Vio_adu_2025_9_Colorado2025.czi,Vio_adu,167.38,3786.0,9755.0,20,15,58.38,0.745,20251031_040_pol_pro_Vio_adu_2025_9_Colorado2025_x003584_y009216
Unknown_Sample,20251031_040_pol_pro_Vio_adu_2025_9_Colorado2025.czi,Vio_adu,498.67,4164.0,9488.0,29,28,95.94,0.961,20251031_040_pol_pro_Vio_adu_2025_9_Colorado2025_x004096_y009216
Unknown_Sample,20251031_040_pol_pro_Vio_adu_2025_9_Colorado2025.czi,Vio_adu,722.61,5117.0,9426.0,34,34,113.25,0.964,20251031_040_pol_pro_Vio_adu_2025_9_Colorado2025_x004608_y009216
Unknown_Sample,20251031_040_pol_pro_Vio_adu_2025_9_Colorado2025.czi,Vio_adu,455.58,4835.0,9691.0,29,27,91.6,0.951,20251031_040_pol_pro_Vio_adu_2025_9_Colorado2025_x004608_y009216
Unknown_Sample,20251031_040_pol_pro_Vio_adu_2025_9_Colorado2025.czi,Vio_adu,261.26,5126.0,9426.0,14,34,82.04,0.942,20251031_040_pol_pro_Vio_adu_2025_9_Colorado2025_x005120_y009216
Unknown_Sample,20251031_040_pol_pro_Vio_adu_2025_9_Colorado2025.czi,Vio_adu,743.39,6231.0,9419.0,35,36,118.08,0.962,20251031_040_pol_pro_Vio_adu_2025_9_Colorado2025_x005632_y009216
Unknown_Sample,20251031_040_pol_pro_Vio_adu_2025_9_Colorado2025.czi,Vio_adu,744.54,6231.0,9419.0,35,36,117.5,0.962,20251031_040_pol_pro_Vio_adu_2025_9_Colorado2025_x006144_y009216
Unknown_Sample,20251031_040_pol_pro_Vio_adu_2025_9_Colorado2025.czi,Vio_adu,751.08,6758.0,9788.0,35,36,119.25,0.952,20251031_040_pol_pro_Vio_adu_2025_9_Colorado2025_x006144_y009216
Unknown_Sample,20251031_040_pol_pro_Vio_adu_2025_9_Colorado2025.czi,Vio_adu,752.24,6758.0,9788.0,35,36,118.67,0.951,20251031_040_pol_pro_Vio_adu_2025_9_Colorado2025_x006656_y009216
Unknown_Sample,20251031_040_pol_pro_Vio_adu_2025_9_Colorado2025.czi,Vio_adu,581.01,7394.0,9338.0,31,32,103.25,0.961,20251031_040_pol_pro_Vio_adu_2025_9_Colorado2025_x007168_y009216
Unknown_Sample,20251031_040_pol_pro_Vio_adu_2025_9_Colorado2025.czi,Vio_adu,324.75,7616.0,9848.0,34,16,87.8,0.905,20251031_040_pol_pro_Vio_adu_2025_9_Colorado2025_x007168_y009216
Unknown_Sample,20251031_040_pol_pro_Vio_adu_2025_9_Colorado2025.czi,Vio_adu,779.94,7836.0,9505.0,35,36,119.84,0.966,20251031_040_pol_pro_Vio_adu_2025_9_Colorado2025_x007680_y009216
Unknown_Sample,20251031_040_pol_pro_Vio_adu_2025_9_Colorado2025.czi,Vio_adu,781.87,7987.0,9650.0,36,36,120.08,0.961,20251031_040_pol_pro_Vio_adu_2025_9_Colorado2025_x007680_y009216
Unknown_Sample,20251031_040_pol_pro_Vio_adu_2025_9_Colorado2025.czi,Vio_adu,761.09,8039.0,9694.0,36,35,118.08,0.961,20251031_040_pol_pro_Vio_adu_2025_9_Colorado2025_x007680_y009216
Unknown_Sample,20251031_040_pol_pro_Vio_adu_2025_9_Colorado2025.czi,Vio_adu,778.79,8389.0,9372.0,37,35,120.08,0.961,20251031_040_pol_pro_Vio_adu_2025_9_Colorado2025_x008192_y009216
Unknown_Sample,20251031_040_pol_pro_Vio_adu_2025_9_Colorado2025.czi,Vio_adu,716.45,8644.0,9465.0,33,37,116.08,0.959,20251031_040_pol_pro_Vio_adu_2025_9_Colorado2025_x008192_y009216
Unknown_Sample,20251031_040_pol_pro_Vio_adu_2025_9_Colorado2025.czi,Vio_adu,749.16,9080.0,9341.0,36,34,116.67,0.964,20251031_040_pol_pro_Vio_adu_2025_9_Colorado2025_x008704_y009216
Unknown_Sample,20251031_040_pol_pro_Vio_adu_2025_9_Colorado2025.czi,Vio_adu,836.12,9131.0,9516.0,38,37,124.33,0.959,20251031_040_pol_pro_Vio_adu_2025_9_Colorado2025_x008704_y009216
Unknown_Sample,20251031_040_pol_pro_Vio_adu_2025_9_Colorado2025.czi,Vio_adu,783.41,9875.0,9554.0,36,36,118.91,0.963,20251031_040_pol_pro_Vio_adu_2025_9_Colorado2025_x009728_y009216
Unknown_Sample,20251031_040_pol_pro_Vio_adu_2025_9_Colorado2025.czi,Vio_adu,686.44,10140.0,9722.0,35,33,113.25,0.96,20251031_040_pol_pro_Vio_adu_2025_9_Colorado2025_x009728_y009216
Unknown_Sample,20251031_040_pol_pro_Vio_adu_2025_9_Colorado2025.czi,Vio_adu,771.48,10678.0,9605.0,37,34,118.67,0.956,20251031_040_pol_pro_Vio_adu_2025_9_Colorado2025_x010240_y009216
Unknown_Sample,20251031_040_pol_pro_Vio_adu_2025_9_Colorado2025.czi,Vio_adu,751.08,11134.0,9433.0,34,36,116.08,0.966,20251031_040_pol_pro_Vio_adu_2025_9_Colorado2025_x010752_y009216
Unknown_Sample,20251031_040_pol_pro_Vio_adu_2025_9_Colorado2025.czi,Vio_adu,719.53,11729.0,9497.0,33,36,115.25,0.962,20251031_040_pol_pro_Vio_adu_2025_9_Colorado2025_x011264_y009216
Unknown_Sample,20251031_040_pol_pro_Vio_adu_2025_9_Colorado2025.czi,Vio_adu,845.35,11565.0,9662.0,36,40,123.98,0.961,20251031_040_pol_pro_Vio_adu_2025_9_Colorado2025_x011264_y009216
Unknown_Sample,20251031_040_pol_pro_Vio_adu_2025_9_Colorado2025.czi,Vio_adu,515.22,11891.0,9665.0,25,32,101.21,0.944,20251031_040_pol_pro_Vio_adu_2025_9_Colorado2025_x011264_y009216
Unknown_Sample,20251031_040_pol_pro_Vio_adu_2025_9_Colorado2025.czi,Vio_adu,238.95,11800.0,9222.0,36,13,84.04,0.94,20251031_040_pol_pro_Vio_adu_2025_9_Colorado2025_x011264_y009216
Unknown_Sample,20251031_040_pol_pro_Vio_adu_2025_9_Colorado2025.czi,Vio_adu,724.15,11896.0,9665.0,38,32,116.08,0.964,20251031_040_pol_pro_Vio_adu_2025_9_Colorado2025_x011776_y009216
Unknown_Sample,20251031_040_pol_pro_Vio_adu_2025_9_Colorado2025.czi,Vio_adu,237.02,11800.0,9222.0,35,13,82.63,0.941,20251031_040_pol_pro_Vio_adu_2025_9_Colorado2025_x011776_y009216
Unknown_Sample,20251031_040_pol_pro_Vio_adu_2025_9_Colorado2025.czi,Vio_adu,799.95,12785.0,9727.0,36,36,120.67,0.96,20251031_040_pol_pro_Vio_adu_2025_9_Colorado2025_x012288_y009216
Unknown_Sample,20251031_040_pol_pro_Vio_adu_2025_9_Colorado2025.czi,Vio_adu,718.76,12790.0,9830.0,33,36,114.08,0.96,20251031_040_pol_pro_Vio_adu_2025_9_Colorado2025_x012288_y009216
Unknown_Sample,20251031_040_pol_pro_Vio_adu_2025_9_Colorado2025.czi,Vio_adu,258.57,12601.0,9222.0,32,15,79.46,0.946,20251031_040_pol_pro_Vio_adu_2025_9_Colorado2025_x012288_y009216
Unknown_Sample,20251031_040_pol_pro_Vio_adu_2025_9_Colorado2025.czi,Vio_adu,704.91,13194.0,9554.0,34,34,113.25,0.962,20251031_040_pol_pro_Vio_adu_2025_9_Colorado2025_x012800_y009216
Unknown_Sample,20251031_040_pol_pro_Vio_adu_2025_9_Colorado2025.czi,Vio_adu,347.84,13433.0,9375.0,14,44,102.63,0.867,20251031_040_pol_pro_Vio_adu_2025_9_Colorado2025_x012800_y009216
Unknown_Sample,20251031_040_pol_pro_Vio_adu_2025_9_Colorado2025.czi,Vio_adu,773.79,13181.0,9614.0,40,39,161.3,0.635,20251031_040_pol_pro_Vio_adu_2025_9_Colorado2025_x012800_y009216
Unknown_Sample,20251031_040_pol_pro_Vio_adu_2025_9_Colorado2025.czi,Vio_adu,755.32,13625.0,9465.0,34,37,117.5,0.957,20251031_040_pol_pro_Vio_adu_2025_9_Colorado2025_x013312_y009216
Unknown_Sample,20251031_040_pol_pro_Vio_adu_2025_9_Colorado2025.czi,Vio_adu,1391.74,13449.0,9375.0,49,47,172.12,0.704,20251031_040_pol_pro_Vio_adu_2025_9_Colorado2025_x013312_y009216
Unknown_Sample,20251031_040_pol_pro_Vio_adu_2025_9_Colorado2025.czi,Vio_adu,767.63,14161.0,9324.0,36,34,119.01,0.96,20251031_040_pol_pro_Vio_adu_2025_9_Colorado2025_x013824_y009216
Unknown_Sample,20251031_040_pol_pro_Vio_adu_2025_9_Colorado2025.czi,Vio_adu,753.01,14377.0,9360.0,35,35,117.84,0.96,20251031_040_pol_pro_Vio_adu_2025_9_Colorado2025_x013824_y009216
Unknown_Sample,20251031_040_pol_pro_Vio_adu_2025_9_Colorado2025.czi,Vio_adu,731.46,14217.0,9602.0,34,35,114.67,0.96,20251031_040_pol_pro_Vio_adu_2025_9_Colorado2025_x013824_y009216
Unknown_Sample,20251031_040_pol_pro_Vio_adu_2025_9_Colorado2025.czi,Vio_adu,868.06,14780.0,9651.0,38,37,126.08,0.961,20251031_040_pol_pro_Vio_adu_2025_9_Colorado2025_x014336_y009216
Unknown_Sample,20251031_040_pol_pro_Vio_adu_2025_9_Colorado2025.czi,Vio_adu,753.01,14377.0,9360.0,35,35,117.84,0.96,20251031_040_pol_pro_Vio_adu_2025_9_Colorado2025_x014336_y009216
Unknown_Sample,20251031_040_pol_pro_Vio_adu_2025_9_Colorado2025.czi,Vio_adu,800.72,15076.0,9539.0,36,36,120.67,0.961,20251031_040_pol_pro_Vio_adu_2025_9_Colorado2025_x014848_y009216
Unknown_Sample,20251031_040_pol_pro_Vio_adu_2025_9_Colorado2025.czi,Vio_adu,845.74,15512.0,9301.0,39,35,124.08,0.962,20251031_040_pol_pro_Vio_adu_2025_9_Colorado2025_x015360_y009216
Unknown_Sample,20251031_040_pol_pro_Vio_adu_2025_9_Colorado2025.czi,Vio_adu,975.41,15660.0,9281.0,40,40,133.15,0.96,20251031_040_pol_pro_Vio_adu_2025_9_Colorado2025_x015360_y009216
Unknown_Sample,20251031_040_pol_pro_Vio_adu_2025_9_Colorado2025.czi,Vio_adu,729.15,16852.0,9230.0,38,30,117.36,0.965,20251031_040_pol_pro_Vio_adu_2025_9_Colorado2025_x016384_y009216
Unknown_Sample,20251031_040_pol_pro_Vio_adu_2025_9_Colorado2025.czi,Vio_adu,609.49,2607.0,10327.0,33,31,106.43,0.957,20251031_040_pol_pro_Vio_adu_2025_9_Colorado2025_x002048_y009728
Unknown_Sample,20251031_040_pol_pro_Vio_adu_2025_9_Colorado2025.czi,Vio_adu,537.15,2272.0,10092.0,29,31,99.6,0.942,20251031_040_pol_pro_Vio_adu_2025_9_Colorado2025_x002048_y009728
Unknown_Sample,20251031_040_pol_pro_Vio_adu_2025_9_Colorado2025.czi,Vio_adu,611.03,2607.0,10327.0,33,31,106.43,0.957,20251031_040_pol_pro_Vio_adu_2025_9_Colorado2025_x002560_y009728
Unknown_Sample,20251031_040_pol_pro_Vio_adu_2025_9_Colorado2025.czi,Vio_adu,717.61,3460.0,10068.0,34,35,114.67,0.964,20251031_040_pol_pro_Vio_adu_2025_9_Colorado2025_x003072_y009728
Unknown_Sample,20251031_040_pol_pro_Vio_adu_2025_9_Colorado2025.czi,Vio_adu,622.57,4178.0,10168.0,32,32,106.43,0.96,20251031_040_pol_pro_Vio_adu_2025_9_Colorado2025_x003584_y009728
Unknown_Sample,20251031_040_pol_pro_Vio_adu_2025_9_Colorado2025.czi,Vio_adu,167.38,3786.0,9755.0,20,15,58.38,0.83,20251031_040_pol_pro_Vio_adu_2025_9_Colorado2025_x003584_y009728
Unknown_Sample,20251031_040_pol_pro_Vio_adu_2025_9_Colorado2025.czi,Vio_adu,699.14,4243.0,10276.0,34,34,112.67,0.965,20251031_040_pol_pro_Vio_adu_2025_9_Colorado2025_x004096_y009728
Unknown_Sample,20251031_040_pol_pro_Vio_adu_2025_9_Colorado2025.czi,Vio_adu,666.05,4437.0,10266.0,35,32,110.67,0.964,20251031_040_pol_pro_Vio_adu_2025_9_Colorado2025_x004096_y009728
Unknown_Sample,20251031_040_pol_pro_Vio_adu_2025_9_Colorado2025.czi,Vio_adu,621.8,4178.0,10168.0,32,32,106.43,0.96,20251031_040_pol_pro_Vio_adu_2025_9_Colorado2025_x004096_y009728
Unknown_Sample,20251031_040_pol_pro_Vio_adu_2025_9_Colorado2025.czi,Vio_adu,771.09,6105.0,9967.0,37,34,119.25,0.96,20251031_040_pol_pro_Vio_adu_2025_9_Colorado2025_x005632_y009728
Unknown_Sample,20251031_040_pol_pro_Vio_adu_2025_9_Colorado2025.czi,Vio_adu,753.01,6758.0,9788.0,35,36,118.67,0.952,20251031_040_pol_pro_Vio_adu_2025_9_Colorado2025_x006144_y009728
Unknown_Sample,20251031_040_pol_pro_Vio_adu_2025_9_Colorado2025.czi,Vio_adu,753.01,6758.0,9788.0,35,36,118.67,0.952,20251031_040_pol_pro_Vio_adu_2025_9_Colorado2025_x006656_y009728
Unknown_Sample,20251031_040_pol_pro_Vio_adu_2025_9_Colorado2025.czi,Vio_adu,761.47,7616.0,9857.0,34,36,119.01,0.965,20251031_040_pol_pro_Vio_adu_2025_9_Colorado2025_x007168_y009728
Unknown_Sample,20251031_040_pol_pro_Vio_adu_2025_9_Colorado2025.czi,Vio_adu,672.2,7393.0,9977.0,35,32,111.84,0.964,20251031_040_pol_pro_Vio_adu_2025_9_Colorado2025_x007168_y009728
Unknown_Sample,20251031_040_pol_pro_Vio_adu_2025_9_Colorado2025.czi,Vio_adu,799.95,9217.0,9880.0,38,36,122.33,0.964,20251031_040_pol_pro_Vio_adu_2025_9_Colorado2025_x008704_y009728
Unknown_Sample,20251031_040_pol_pro_Vio_adu_2025_9_Colorado2025.czi,Vio_adu,422.87,9225.0,9881.0,21,36,97.7,0.957,20251031_040_pol_pro_Vio_adu_2025_9_Colorado2025_x009216_y009728
Unknown_Sample,20251031_040_pol_pro_Vio_adu_2025_9_Colorado2025.czi,Vio_adu,657.97,9840.0,10001.0,30,34,111.11,0.948,20251031_040_pol_pro_Vio_adu_2025_9_Colorado2025_x009216_y009728
Unknown_Sample,20251031_040_pol_pro_Vio_adu_2025_9_Colorado2025.czi,Vio_adu,313.21,9706.0,10360.0,33,16,84.63,0.907,20251031_040_pol_pro_Vio_adu_2025_9_Colorado2025_x009216_y009728
Unknown_Sample,20251031_040_pol_pro_Vio_adu_2025_9_Colorado2025.czi,Vio_adu,960.79,9727.0,10066.0,41,38,137.01,0.754,20251031_040_pol_pro_Vio_adu_2025_9_Colorado2025_x009216_y009728
Unknown_Sample,20251031_040_pol_pro_Vio_adu_2025_9_Colorado2025.czi,Vio_adu,764.94,10016.0,10073.0,35,36,118.08,0.965,20251031_040_pol_pro_Vio_adu_2025_9_Colorado2025_x009728_y009728
Unknown_Sample,20251031_040_pol_pro_Vio_adu_2025_9_Colorado2025.czi,Vio_adu,824.96,10008.0,9980.0,37,36,122.08,0.963,20251031_040_pol_pro_Vio_adu_2025_9_Colorado2025_x009728_y009728
Unknown_Sample,20251031_040_pol_pro_Vio_adu_2025_9_Colorado2025.czi,Vio_adu,703.76,9841.0,10001.0,34,34,113.84,0.957,20251031_040_pol_pro_Vio_adu_2025_9_Colorado2025_x009728_y009728
Unknown_Sample,20251031_040_pol_pro_Vio_adu_2025_9_Colorado2025.czi,Vio_adu,162.76,10140.0,9733.0,30,11,69.21,0.937,20251031_040_pol_pro_Vio_adu_2025_9_Colorado2025_x009728_y009728
Unknown_Sample,20251031_040_pol_pro_Vio_adu_2025_9_Colorado2025.czi,Vio_adu,529.84,9737.0,10064.0,21,42,114.04,0.505,20251031_040_pol_pro_Vio_adu_2025_9_Colorado2025_x009728_y009728
Unknown_Sample,20251031_040_pol_pro_Vio_adu_2025_9_Colorado2025.czi,Vio_adu,900.38,10611.0,10210.0,39,38,127.74,0.962,20251031_040_pol_pro_Vio_adu_2025_9_Colorado2025_x010240_y009728
Unknown_Sample,20251031_040_pol_pro_Vio_adu_2025_9_Colorado2025.czi,Vio_adu,844.2,11312.0,10265.0,38,38,124.57,0.963,20251031_040_pol_pro_Vio_adu_2025_9_Colorado2025_x010752_y009728
Unknown_Sample,20251031_040_pol_pro_Vio_adu_2025_9_Colorado2025.czi,Vio_adu,740.7,10965.0,10202.0,35,35,114.33,0.963,20251031_040_pol_pro_Vio_adu_2025_9_Colorado2025_x010752_y009728
Unknown_Sample,20251031_040_pol_pro_Vio_adu_2025_9_Colorado2025.czi,Vio_adu,844.58,11312.0,10265.0,38,38,125.15,0.963,20251031_040_pol_pro_Vio_adu_2025_9_Colorado2025_x011264_y009728
Unknown_Sample,20251031_040_pol_pro_Vio_adu_2025_9_Colorado2025.czi,Vio_adu,719.53,11626.0,9941.0,34,35,114.08,0.961,20251031_040_pol_pro_Vio_adu_2025_9_Colorado2025_x011264_y009728
Unknown_Sample,20251031_040_pol_pro_Vio_adu_2025_9_Colorado2025.czi,Vio_adu,753.01,12274.0,10182.0,34,36,117.84,0.962,20251031_040_pol_pro_Vio_adu_2025_9_Colorado2025_x011776_y009728
Unknown_Sample,20251031_040_pol_pro_Vio_adu_2025_9_Colorado2025.czi,Vio_adu,654.12,12430.0,10162.0,32,33,108.43,0.964,20251031_040_pol_pro_Vio_adu_2025_9_Colorado2025_x012288_y009728
Unknown_Sample,20251031_040_pol_pro_Vio_adu_2025_9_Colorado2025.czi,Vio_adu,720.3,12790.0,9830.0,33,36,114.08,0.959,20251031_040_pol_pro_Vio_adu_2025_9_Colorado2025_x012288_y009728
Unknown_Sample,20251031_040_pol_pro_Vio_adu_2025_9_Colorado2025.czi,Vio_adu,350.15,12785.0,9735.0,36,17,91.46,0.946,20251031_040_pol_pro_Vio_adu_2025_9_Colorado2025_x012288_y009728
Unknown_Sample,20251031_040_pol_pro_Vio_adu_2025_9_Colorado2025.czi,Vio_adu,727.61,14330.0,10334.0,35,35,115.5,0.958,20251031_040_pol_pro_Vio_adu_2025_9_Colorado2025_x013824_y009728
Unknown_Sample,20251031_040_pol_pro_Vio_adu_2025_9_Colorado2025.czi,Vio_adu,195.08,14341.0,10334.0,12,33,76.04,0.933,20251031_040_pol_pro_Vio_adu_2025_9_Colorado2025_x014336_y009728
Unknown_Sample,20251031_040_pol_pro_Vio_adu_2025_9_Colorado2025.czi,Vio_adu,975.41,16879.0,10252.0,41,39,133.15,0.961,20251031_040_pol_pro_Vio_adu_2025_9_Colorado2025_x016384_y009728
Unknown_Sample,20251031_040_pol_pro_Vio_adu_2025_9_Colorado2025.czi,Vio_adu,832.66,16574.0,10237.0,38,38,122.23,0.958,20251031_040_pol_pro_Vio_adu_2025_9_Colorado2025_x016384_y009728
Unknown_Sample,20251031_040_pol_pro_Vio_adu_2025_9_Colorado2025.czi,Vio_adu,714.53,17316.0,10250.0,35,34,115.84,0.963,20251031_040_pol_pro_Vio_adu_2025_9_Colorado2025_x016896_y009728
Unknown_Sample,20251031_040_pol_pro_Vio_adu_2025_9_Colorado2025.czi,Vio_adu,869.98,17160.0,10144.0,38,38,126.33,0.963,20251031_040_pol_pro_Vio_adu_2025_9_Colorado2025_x016896_y009728
Unknown_Sample,20251031_040_pol_pro_Vio_adu_2025_9_Colorado2025.czi,Vio_adu,826.5,17390.0,10188.0,38,36,124.08,0.963,20251031_040_pol_pro_Vio_adu_2025_9_Colorado2025_x016896_y009728
Unknown_Sample,20251031_040_pol_pro_Vio_adu_2025_9_Colorado2025.czi,Vio_adu,233.56,19133.0,10220.0,27,15,71.21,0.937,20251031_040_pol_pro_Vio_adu_2025_9_Colorado2025_x018944_y009728
Unknown_Sample,20251031_040_pol_pro_Vio_adu_2025_9_Colorado2025.czi,Vio_adu,611.03,2607.0,10327.0,33,31,106.43,0.958,20251031_040_pol_pro_Vio_adu_2025_9_Colorado2025_x002048_y010240
Unknown_Sample,20251031_040_pol_pro_Vio_adu_2025_9_Colorado2025.czi,Vio_adu,611.03,2607.0,10327.0,33,31,106.43,0.957,20251031_040_pol_pro_Vio_adu_2025_9_Colorado2025_x002560_y010240
Unknown_Sample,20251031_040_pol_pro_Vio_adu_2025_9_Colorado2025.czi,Vio_adu,686.06,3918.0,10664.0,34,34,111.5,0.96,20251031_040_pol_pro_Vio_adu_2025_9_Colorado2025_x003584_y010240
Unknown_Sample,20251031_040_pol_pro_Vio_adu_2025_9_Colorado2025.czi,Vio_adu,699.14,4243.0,10276.0,34,34,112.67,0.965,20251031_040_pol_pro_Vio_adu_2025_9_Colorado2025_x004096_y010240
Unknown_Sample,20251031_040_pol_pro_Vio_adu_2025_9_Colorado2025.czi,Vio_adu,666.05,4437.0,10266.0,35,32,110.67,0.965,20251031_040_pol_pro_Vio_adu_2025_9_Colorado2025_x004096_y010240
Unknown_Sample,20251031_040_pol_pro_Vio_adu_2025_9_Colorado2025.czi,Vio_adu,544.46,4527.0,10468.0,32,28,101.36,0.959,20251031_040_pol_pro_Vio_adu_2025_9_Colorado2025_x004096_y010240
Unknown_Sample,20251031_040_pol_pro_Vio_adu_2025_9_Colorado2025.czi,Vio_adu,631.42,5177.0,10726.0,33,31,108.18,0.963,20251031_040_pol_pro_Vio_adu_2025_9_Colorado2025_x004608_y010240
Unknown_Sample,20251031_040_pol_pro_Vio_adu_2025_9_Colorado2025.czi,Vio_adu,632.19,5177.0,10726.0,33,31,108.18,0.963,20251031_040_pol_pro_Vio_adu_2025_9_Colorado2025_x005120_y010240
Unknown_Sample,20251031_040_pol_pro_Vio_adu_2025_9_Colorado2025.czi,Vio_adu,689.14,6659.0,10564.0,37,32,114.67,0.965,20251031_040_pol_pro_Vio_adu_2025_9_Colorado2025_x006144_y010240
Unknown_Sample,20251031_040_pol_pro_Vio_adu_2025_9_Colorado2025.czi,Vio_adu,805.72,6750.0,10618.0,39,35,121.74,0.962,20251031_040_pol_pro_Vio_adu_2025_9_Colorado2025_x006144_y010240
Unknown_Sample,20251031_040_pol_pro_Vio_adu_2025_9_Colorado2025.czi,Vio_adu,796.87,6482.0,10863.0,37,34,122.18,0.952,20251031_040_pol_pro_Vio_adu_2025_9_Colorado2025_x006144_y010240
Unknown_Sample,20251031_040_pol_pro_Vio_adu_2025_9_Colorado2025.czi,Vio_adu,806.11,6750.0,10618.0,39,35,122.33,0.962,20251031_040_pol_pro_Vio_adu_2025_9_Colorado2025_x006656_y010240
Unknown_Sample,20251031_040_pol_pro_Vio_adu_2025_9_Colorado2025.czi,Vio_adu,737.23,7187.0,10478.0,37,33,116.08,0.958,20251031_040_pol_pro_Vio_adu_2025_9_Colorado2025_x006656_y010240
Unknown_Sample,20251031_040_pol_pro_Vio_adu_2025_9_Colorado2025.czi,Vio_adu,398.24,6665.0,10563.0,22,32,92.87,0.957,20251031_040_pol_pro_Vio_adu_2025_9_Colorado2025_x006656_y010240
Unknown_Sample,20251031_040_pol_pro_Vio_adu_2025_9_Colorado2025.czi,Vio_adu,1006.58,7383.0,10434.0,40,41,135.74,0.959,20251031_040_pol_pro_Vio_adu_2025_9_Colorado2025_x007168_y010240
Unknown_Sample,20251031_040_pol_pro_Vio_adu_2025_9_Colorado2025.czi,Vio_adu,740.7,7187.0,10478.0,37,33,116.67,0.956,20251031_040_pol_pro_Vio_adu_2025_9_Colorado2025_x007168_y010240
Unknown_Sample,20251031_040_pol_pro_Vio_adu_2025_9_Colorado2025.czi,Vio_adu,760.7,9009.0,10593.0,36,34,119.01,0.966,20251031_040_pol_pro_Vio_adu_2025_9_Colorado2025_x008704_y010240
Unknown_Sample,20251031_040_pol_pro_Vio_adu_2025_9_Colorado2025.czi,Vio_adu,702.99,8981.0,10800.0,35,33,112.67,0.962,20251031_040_pol_pro_Vio_adu_2025_9_Colorado2025_x008704_y010240
Unknown_Sample,20251031_040_pol_pro_Vio_adu_2025_9_Colorado2025.czi,Vio_adu,604.87,9017.0,10767.0,31,32,104.43,0.96,20251031_040_pol_pro_Vio_adu_2025_9_Colorado2025_x008704_y010240
Unknown_Sample,20251031_040_pol_pro_Vio_adu_2025_9_Colorado2025.czi,Vio_adu,741.08,9706.0,10369.0,34,36,114.91,0.965,20251031_040_pol_pro_Vio_adu_2025_9_Colorado2025_x009216_y010240
Unknown_Sample,20251031_040_pol_pro_Vio_adu_2025_9_Colorado2025.czi,Vio_adu,834.97,11181.0,10829.0,38,36,122.91,0.965,20251031_040_pol_pro_Vio_adu_2025_9_Colorado2025_x010752_y010240
Unknown_Sample,20251031_040_pol_pro_Vio_adu_2025_9_Colorado2025.czi,Vio_adu,658.74,10947.0,10505.0,32,33,109.6,0.964,20251031_040_pol_pro_Vio_adu_2025_9_Colorado2025_x010752_y010240
Unknown_Sample,20251031_040_pol_pro_Vio_adu_2025_9_Colorado2025.czi,Vio_adu,768.4,11353.0,10566.0,37,34,118.67,0.96,20251031_040_pol_pro_Vio_adu_2025_9_Colorado2025_x010752_y010240
Unknown_Sample,20251031_040_pol_pro_Vio_adu_2025_9_Colorado2025.czi,Vio_adu,861.52,11312.0,10266.0,38,38,126.33,0.958,20251031_040_pol_pro_Vio_adu_2025_9_Colorado2025_x010752_y010240
Unknown_Sample,20251031_040_pol_pro_Vio_adu_2025_9_Colorado2025.czi,Vio_adu,878.45,11719.0,10568.0,38,38,126.33,0.97,20251031_040_pol_pro_Vio_adu_2025_9_Colorado2025_x011264_y010240
Unknown_Sample,20251031_040_pol_pro_Vio_adu_2025_9_Colorado2025.czi,Vio_adu,749.93,11353.0,10566.0,36,34,116.67,0.963,20251031_040_pol_pro_Vio_adu_2025_9_Colorado2025_x011264_y010240
Unknown_Sample,20251031_040_pol_pro_Vio_adu_2025_9_Colorado2025.czi,Vio_adu,849.2,11312.0,10265.0,38,38,125.15,0.962,20251031_040_pol_pro_Vio_adu_2025_9_Colorado2025_x011264_y010240
Unknown_Sample,20251031_040_pol_pro_Vio_adu_2025_9_Colorado2025.czi,Vio_adu,855.36,11404.0,10423.0,37,38,124.33,0.96,20251031_040_pol_pro_Vio_adu_2025_9_Colorado2025_x011264_y010240
Unknown_Sample,20251031_040_pol_pro_Vio_adu_2025_9_Colorado2025.czi,Vio_adu,235.48,11476.0,10828.0,24,17,68.63,0.864,20251031_040_pol_pro_Vio_adu_2025_9_Colorado2025_x011264_y010240
Unknown_Sample,20251031_040_pol_pro_Vio_adu_2025_9_Colorado2025.czi,Vio_adu,180.46,11423.0,10874.0,32,10,73.56,0.864,20251031_040_pol_pro_Vio_adu_2025_9_Colorado2025_x011264_y010240
Unknown_Sample,20251031_040_pol_pro_Vio_adu_2025_9_Colorado2025.czi,Vio_adu,857.67,12271.0,10392.0,36,40,126.33,0.965,20251031_040_pol_pro_Vio_adu_2025_9_Colorado2025_x011776_y010240
Unknown_Sample,20251031_040_pol_pro_Vio_adu_2025_9_Colorado2025.czi,Vio_adu,745.31,12178.0,10782.0,34,37,117.5,0.962,20251031_040_pol_pro_Vio_adu_2025_9_Colorado2025_x011776_y010240
Unknown_Sample,20251031_040_pol_pro_Vio_adu_2025_9_Colorado2025.czi,Vio_adu,828.81,13539.0,10711.0,36,38,125.25,0.964,20251031_040_pol_pro_Vio_adu_2025_9_Colorado2025_x013312_y010240
Unknown_Sample,20251031_040_pol_pro_Vio_adu_2025_9_Colorado2025.czi,Vio_adu,632.19,13694.0,10536.0,33,31,108.18,0.961,20251031_040_pol_pro_Vio_adu_2025_9_Colorado2025_x013312_y010240
Unknown_Sample,20251031_040_pol_pro_Vio_adu_2025_9_Colorado2025.czi,Vio_adu,620.26,14166.0,10698.0,32,32,106.43,0.96,20251031_040_pol_pro_Vio_adu_2025_9_Colorado2025_x013824_y010240
Unknown_Sample,20251031_040_pol_pro_Vio_adu_2025_9_Colorado2025.czi,Vio_adu,727.61,14330.0,10334.0,35,35,115.5,0.958,20251031_040_pol_pro_Vio_adu_2025_9_Colorado2025_x013824_y010240
Unknown_Sample,20251031_040_pol_pro_Vio_adu_2025_9_Colorado2025.czi,Vio_adu,195.08,14341.0,10334.0,12,33,76.04,0.933,20251031_040_pol_pro_Vio_adu_2025_9_Colorado2025_x014336_y010240
Unknown_Sample,20251031_040_pol_pro_Vio_adu_2025_9_Colorado2025.czi,Vio_adu,832.66,16488.0,10796.0,36,37,123.25,0.961,20251031_040_pol_pro_Vio_adu_2025_9_Colorado2025_x015872_y010240
Unknown_Sample,20251031_040_pol_pro_Vio_adu_2025_9_Colorado2025.czi,Vio_adu,669.51,16033.0,10574.0,32,35,111.25,0.96,20251031_040_pol_pro_Vio_adu_2025_9_Colorado2025_x015872_y010240
Unknown_Sample,20251031_040_pol_pro_Vio_adu_2025_9_Colorado2025.czi,Vio_adu,838.04,16879.0,10255.0,41,32,126.77,0.969,20251031_040_pol_pro_Vio_adu_2025_9_Colorado2025_x016384_y010240
Unknown_Sample,20251031_040_pol_pro_Vio_adu_2025_9_Colorado2025.czi,Vio_adu,831.89,16488.0,10796.0,36,37,123.25,0.961,20251031_040_pol_pro_Vio_adu_2025_9_Colorado2025_x016384_y010240
Unknown_Sample,20251031_040_pol_pro_Vio_adu_2025_9_Colorado2025.czi,Vio_adu,711.84,16767.0,10852.0,34,35,114.08,0.959,20251031_040_pol_pro_Vio_adu_2025_9_Colorado2025_x016384_y010240
Unknown_Sample,20251031_040_pol_pro_Vio_adu_2025_9_Colorado2025.czi,Vio_adu,307.82,16574.0,10247.0,36,17,89.11,0.942,20251031_040_pol_pro_Vio_adu_2025_9_Colorado2025_x016384_y010240
Unknown_Sample,20251031_040_pol_pro_Vio_adu_2025_9_Colorado2025.czi,Vio_adu,609.87,17316.0,10253.0,35,28,109.7,0.963,20251031_040_pol_pro_Vio_adu_2025_9_Colorado2025_x016896_y010240
Unknown_Sample,20251031_040_pol_pro_Vio_adu_2025_9_Colorado2025.czi,Vio_adu,938.86,17082.0,10786.0,41,38,130.57,0.957,20251031_040_pol_pro_Vio_adu_2025_9_Colorado2025_x016896_y010240
Unknown_Sample,20251031_040_pol_pro_Vio_adu_2025_9_Colorado2025.czi,Vio_adu,854.2,17290.0,10710.0,40,37,125.4,0.956,20251031_040_pol_pro_Vio_adu_2025_9_Colorado2025_x016896_y010240
Unknown_Sample,20251031_040_pol_pro_Vio_adu_2025_9_Colorado2025.czi,Vio_adu,567.16,2507.0,11357.0,30,31,101.6,0.952,20251031_040_pol_pro_Vio_adu_2025_9_Colorado2025_x002048_y010752
Unknown_Sample,20251031_040_pol_pro_Vio_adu_2025_9_Colorado2025.czi,Vio_adu,634.5,3532.0,11284.0,33,31,108.18,0.964,20251031_040_pol_pro_Vio_adu_2025_9_Colorado2025_x003072_y010752
Unknown_Sample,20251031_040_pol_pro_Vio_adu_2025_9_Colorado2025.czi,Vio_adu,211.63,4358.0,10999.0,20,19,63.46,0.722,20251031_040_pol_pro_Vio_adu_2025_9_Colorado2025_x004096_y010752
Unknown_Sample,20251031_040_pol_pro_Vio_adu_2025_9_Colorado2025.czi,Vio_adu,547.92,5440.0,11196.0,30,30,99.6,0.958,20251031_040_pol_pro_Vio_adu_2025_9_Colorado2025_x005120_y010752
Unknown_Sample,20251031_040_pol_pro_Vio_adu_2025_9_Colorado2025.czi,Vio_adu,849.97,6482.0,10864.0,37,38,124.33,0.963,20251031_040_pol_pro_Vio_adu_2025_9_Colorado2025_x006144_y010752
Unknown_Sample,20251031_040_pol_pro_Vio_adu_2025_9_Colorado2025.czi,Vio_adu,651.81,6569.0,11283.0,32,34,110.43,0.962,20251031_040_pol_pro_Vio_adu_2025_9_Colorado2025_x006144_y010752
Unknown_Sample,20251031_040_pol_pro_Vio_adu_2025_9_Colorado2025.czi,Vio_adu,733.77,7206.0,11368.0,34,35,115.84,0.962,20251031_040_pol_pro_Vio_adu_2025_9_Colorado2025_x006656_y010752
Unknown_Sample,20251031_040_pol_pro_Vio_adu_2025_9_Colorado2025.czi,Vio_adu,733.77,7206.0,11368.0,34,35,115.84,0.962,20251031_040_pol_pro_Vio_adu_2025_9_Colorado2025_x007168_y010752
Unknown_Sample,20251031_040_pol_pro_Vio_adu_2025_9_Colorado2025.czi,Vio_adu,858.82,7580.0,11025.0,37,38,126.08,0.96,20251031_040_pol_pro_Vio_adu_2025_9_Colorado2025_x007168_y010752
Unknown_Sample,20251031_040_pol_pro_Vio_adu_2025_9_Colorado2025.czi,Vio_adu,573.7,8592.0,11142.0,31,31,103.01,0.953,20251031_040_pol_pro_Vio_adu_2025_9_Colorado2025_x008192_y010752
Unknown_Sample,20251031_040_pol_pro_Vio_adu_2025_9_Colorado2025.czi,Vio_adu,653.74,8607.0,11247.0,34,32,109.84,0.952,20251031_040_pol_pro_Vio_adu_2025_9_Colorado2025_x008192_y010752
Unknown_Sample,20251031_040_pol_pro_Vio_adu_2025_9_Colorado2025.czi,Vio_adu,702.99,8981.0,10800.0,35,33,112.67,0.962,20251031_040_pol_pro_Vio_adu_2025_9_Colorado2025_x008704_y010752
Unknown_Sample,20251031_040_pol_pro_Vio_adu_2025_9_Colorado2025.czi,Vio_adu,731.85,8857.0,11324.0,34,36,116.08,0.962,20251031_040_pol_pro_Vio_adu_2025_9_Colorado2025_x008704_y010752
Unknown_Sample,20251031_040_pol_pro_Vio_adu_2025_9_Colorado2025.czi,Vio_adu,743.39,9021.0,11331.0,35,35,117.25,0.961,20251031_040_pol_pro_Vio_adu_2025_9_Colorado2025_x008704_y010752
Unknown_Sample,20251031_040_pol_pro_Vio_adu_2025_9_Colorado2025.czi,Vio_adu,598.71,9017.0,10767.0,31,31,105.94,0.96,20251031_040_pol_pro_Vio_adu_2025_9_Colorado2025_x008704_y010752
Unknown_Sample,20251031_040_pol_pro_Vio_adu_2025_9_Colorado2025.czi,Vio_adu,699.14,9789.0,11270.0,33,36,113.5,0.962,20251031_040_pol_pro_Vio_adu_2025_9_Colorado2025_x009216_y010752
Unknown_Sample,20251031_040_pol_pro_Vio_adu_2025_9_Colorado2025.czi,Vio_adu,233.94,9670.0,11342.0,24,17,69.8,0.94,20251031_040_pol_pro_Vio_adu_2025_9_Colorado2025_x009216_y010752
Unknown_Sample,20251031_040_pol_pro_Vio_adu_2025_9_Colorado2025.czi,Vio_adu,710.3,9941.0,11238.0,33,36,114.08,0.963,20251031_040_pol_pro_Vio_adu_2025_9_Colorado2025_x009728_y010752
Unknown_Sample,20251031_040_pol_pro_Vio_adu_2025_9_Colorado2025.czi,Vio_adu,697.98,9789.0,11270.0,33,35,112.08,0.962,20251031_040_pol_pro_Vio_adu_2025_9_Colorado2025_x009728_y010752
Unknown_Sample,20251031_040_pol_pro_Vio_adu_2025_9_Colorado2025.czi,Vio_adu,798.41,10466.0,11170.0,38,36,122.33,0.963,20251031_040_pol_pro_Vio_adu_2025_9_Colorado2025_x010240_y010752
Unknown_Sample,20251031_040_pol_pro_Vio_adu_2025_9_Colorado2025.czi,Vio_adu,450.96,10467.0,11241.0,28,29,94.77,0.946,20251031_040_pol_pro_Vio_adu_2025_9_Colorado2025_x010240_y010752
Unknown_Sample,20251031_040_pol_pro_Vio_adu_2025_9_Colorado2025.czi,Vio_adu,224.71,10812.0,11017.0,20,19,64.63,0.895,20251031_040_pol_pro_Vio_adu_2025_9_Colorado2025_x010240_y010752
Unknown_Sample,20251031_040_pol_pro_Vio_adu_2025_9_Colorado2025.czi,Vio_adu,833.43,11181.0,10829.0,38,36,122.91,0.965,20251031_040_pol_pro_Vio_adu_2025_9_Colorado2025_x010752_y010752
Unknown_Sample,20251031_040_pol_pro_Vio_adu_2025_9_Colorado2025.czi,Vio_adu,225.48,10812.0,11017.0,20,19,64.63,0.889,20251031_040_pol_pro_Vio_adu_2025_9_Colorado2025_x010752_y010752
Unknown_Sample,20251031_040_pol_pro_Vio_adu_2025_9_Colorado2025.czi,Vio_adu,764.55,11423.0,10885.0,36,36,118.33,0.964,20251031_040_pol_pro_Vio_adu_2025_9_Colorado2025_x011264_y010752
Unknown_Sample,20251031_040_pol_pro_Vio_adu_2025_9_Colorado2025.czi,Vio_adu,758.01,11733.0,11166.0,36,34,117.25,0.951,20251031_040_pol_pro_Vio_adu_2025_9_Colorado2025_x011264_y010752
Unknown_Sample,20251031_040_pol_pro_Vio_adu_2025_9_Colorado2025.czi,Vio_adu,685.29,11699.0,11183.0,37,31,112.67,0.951,20251031_040_pol_pro_Vio_adu_2025_9_Colorado2025_x011264_y010752
Unknown_Sample,20251031_040_pol_pro_Vio_adu_2025_9_Colorado2025.czi,Vio_adu,235.1,11476.0,10828.0,24,17,68.04,0.768,20251031_040_pol_pro_Vio_adu_2025_9_Colorado2025_x011264_y010752
Unknown_Sample,20251031_040_pol_pro_Vio_adu_2025_9_Colorado2025.czi,Vio_adu,701.45,12116.0,11222.0,33,35,115.01,0.964,20251031_040_pol_pro_Vio_adu_2025_9_Colorado2025_x011776_y010752
Unknown_Sample,20251031_040_pol_pro_Vio_adu_2025_9_Colorado2025.czi,Vio_adu,745.31,12178.0,10782.0,34,37,117.5,0.962,20251031_040_pol_pro_Vio_adu_2025_9_Colorado2025_x011776_y010752
Unknown_Sample,20251031_040_pol_pro_Vio_adu_2025_9_Colorado2025.czi,Vio_adu,739.16,12903.0,11276.0,35,35,117.84,0.962,20251031_040_pol_pro_Vio_adu_2025_9_Colorado2025_x012288_y010752
Unknown_Sample,20251031_040_pol_pro_Vio_adu_2025_9_Colorado2025.czi,Vio_adu,735.69,12903.0,11276.0,35,35,116.08,0.962,20251031_040_pol_pro_Vio_adu_2025_9_Colorado2025_x012800_y010752
Unknown_Sample,20251031_040_pol_pro_Vio_adu_2025_9_Colorado2025.czi,Vio_adu,803.8,13262.0,11274.0,35,39,121.15,0.961,20251031_040_pol_pro_Vio_adu_2025_9_Colorado2025_x012800_y010752
Unknown_Sample,20251031_040_pol_pro_Vio_adu_2025_9_Colorado2025.czi,Vio_adu,792.64,13069.0,11187.0,38,35,120.91,0.959,20251031_040_pol_pro_Vio_adu_2025_9_Colorado2025_x012800_y010752
Unknown_Sample,20251031_040_pol_pro_Vio_adu_2025_9_Colorado2025.czi,Vio_adu,633.73,13676.0,11267.0,32,32,107.01,0.967,20251031_040_pol_pro_Vio_adu_2025_9_Colorado2025_x013312_y010752
Unknown_Sample,20251031_040_pol_pro_Vio_adu_2025_9_Colorado2025.czi,Vio_adu,665.28,14003.0,10952.0,34,32,111.01,0.956,20251031_040_pol_pro_Vio_adu_2025_9_Colorado2025_x013824_y010752
Unknown_Sample,20251031_040_pol_pro_Vio_adu_2025_9_Colorado2025.czi,Vio_adu,233.94,14068.0,11135.0,20,21,66.28,0.926,20251031_040_pol_pro_Vio_adu_2025_9_Colorado2025_x013824_y010752
Unknown_Sample,20251031_040_pol_pro_Vio_adu_2025_9_Colorado2025.czi,Vio_adu,243.56,14083.0,11147.0,24,20,69.36,0.893,20251031_040_pol_pro_Vio_adu_2025_9_Colorado2025_x013824_y010752
Unknown_Sample,20251031_040_pol_pro_Vio_adu_2025_9_Colorado2025.czi,Vio_adu,803.8,14668.0,11280.0,36,38,122.33,0.962,20251031_040_pol_pro_Vio_adu_2025_9_Colorado2025_x014336_y010752
Unknown_Sample,20251031_040_pol_pro_Vio_adu_2025_9_Colorado2025.czi,Vio_adu,764.94,14559.0,11191.0,35,37,118.91,0.961,20251031_040_pol_pro_Vio_adu_2025_9_Colorado2025_x014336_y010752
Unknown_Sample,20251031_040_pol_pro_Vio_adu_2025_9_Colorado2025.czi,Vio_adu,831.89,16488.0,10796.0,36,37,123.25,0.961,20251031_040_pol_pro_Vio_adu_2025_9_Colorado2025_x015872_y010752
Unknown_Sample,20251031_040_pol_pro_Vio_adu_2025_9_Colorado2025.czi,Vio_adu,890.76,16457.0,10924.0,40,38,126.81,0.957,20251031_040_pol_pro_Vio_adu_2025_9_Colorado2025_x015872_y010752
Unknown_Sample,20251031_040_pol_pro_Vio_adu_2025_9_Colorado2025.czi,Vio_adu,831.12,16488.0,10796.0,36,37,123.25,0.961,20251031_040_pol_pro_Vio_adu_2025_9_Colorado2025_x016384_y010752
Unknown_Sample,20251031_040_pol_pro_Vio_adu_2025_9_Colorado2025.czi,Vio_adu,712.99,16767.0,10852.0,34,35,114.67,0.96,20251031_040_pol_pro_Vio_adu_2025_9_Colorado2025_x016384_y010752
Unknown_Sample,20251031_040_pol_pro_Vio_adu_2025_9_Colorado2025.czi,Vio_adu,891.53,16457.0,10924.0,40,38,126.81,0.957,20251031_040_pol_pro_Vio_adu_2025_9_Colorado2025_x016384_y010752
Unknown_Sample,20251031_040_pol_pro_Vio_adu_2025_9_Colorado2025.czi,Vio_adu,767.24,17046.0,10939.0,38,34,118.91,0.964,20251031_040_pol_pro_Vio_adu_2025_9_Colorado2025_x016896_y010752
Unknown_Sample,20251031_040_pol_pro_Vio_adu_2025_9_Colorado2025.czi,Vio_adu,939.62,17082.0,10786.0,41,38,130.57,0.956,20251031_040_pol_pro_Vio_adu_2025_9_Colorado2025_x016896_y010752
Unknown_Sample,20251031_040_pol_pro_Vio_adu_2025_9_Colorado2025.czi,Vio_adu,565.62,2507.0,11357.0,30,31,101.6,0.953,20251031_040_pol_pro_Vio_adu_2025_9_Colorado2025_x002048_y011264
Unknown_Sample,20251031_040_pol_pro_Vio_adu_2025_9_Colorado2025.czi,Vio_adu,634.5,3532.0,11284.0,33,31,108.18,0.964,20251031_040_pol_pro_Vio_adu_2025_9_Colorado2025_x003072_y011264
Unknown_Sample,20251031_040_pol_pro_Vio_adu_2025_9_Colorado2025.czi,Vio_adu,632.96,5116.0,11868.0,33,33,108.67,0.962,20251031_040_pol_pro_Vio_adu_2025_9_Colorado2025_x004608_y011264
Unknown_Sample,20251031_040_pol_pro_Vio_adu_2025_9_Colorado2025.czi,Vio_adu,759.93,5593.0,11454.0,36,34,117.84,0.959,20251031_040_pol_pro_Vio_adu_2025_9_Colorado2025_x005120_y011264
Unknown_Sample,20251031_040_pol_pro_Vio_adu_2025_9_Colorado2025.czi,Vio_adu,655.27,5468.0,11824.0,35,32,111.84,0.95,20251031_040_pol_pro_Vio_adu_2025_9_Colorado2025_x005120_y011264
Unknown_Sample,20251031_040_pol_pro_Vio_adu_2025_9_Colorado2025.czi,Vio_adu,199.7,5125.0,11868.0,13,31,74.04,0.941,20251031_040_pol_pro_Vio_adu_2025_9_Colorado2025_x005120_y011264
Unknown_Sample,20251031_040_pol_pro_Vio_adu_2025_9_Colorado2025.czi,Vio_adu,645.66,5452.0,11872.0,30,35,111.94,0.932,20251031_040_pol_pro_Vio_adu_2025_9_Colorado2025_x005120_y011264
Unknown_Sample,20251031_040_pol_pro_Vio_adu_2025_9_Colorado2025.czi,Vio_adu,686.06,5423.0,11856.0,32,37,114.67,0.872,20251031_040_pol_pro_Vio_adu_2025_9_Colorado2025_x005120_y011264
Unknown_Sample,20251031_040_pol_pro_Vio_adu_2025_9_Colorado2025.czi,Vio_adu,730.31,6450.0,11777.0,36,33,116.43,0.962,20251031_040_pol_pro_Vio_adu_2025_9_Colorado2025_x006144_y011264
Unknown_Sample,20251031_040_pol_pro_Vio_adu_2025_9_Colorado2025.czi,Vio_adu,647.58,6569.0,11283.0,32,34,111.01,0.961,20251031_040_pol_pro_Vio_adu_2025_9_Colorado2025_x006144_y011264
Unknown_Sample,20251031_040_pol_pro_Vio_adu_2025_9_Colorado2025.czi,Vio_adu,391.32,6774.0,11420.0,19,33,92.38,0.929,20251031_040_pol_pro_Vio_adu_2025_9_Colorado2025_x006144_y011264
Unknown_Sample,20251031_040_pol_pro_Vio_adu_2025_9_Colorado2025.czi,Vio_adu,637.58,6780.0,11420.0,33,33,109.84,0.965,20251031_040_pol_pro_Vio_adu_2025_9_Colorado2025_x006656_y011264
Unknown_Sample,20251031_040_pol_pro_Vio_adu_2025_9_Colorado2025.czi,Vio_adu,743.77,7206.0,11368.0,35,35,116.67,0.963,20251031_040_pol_pro_Vio_adu_2025_9_Colorado2025_x006656_y011264
Unknown_Sample,20251031_040_pol_pro_Vio_adu_2025_9_Colorado2025.czi,Vio_adu,614.1,7136.0,11888.0,32,30,105.94,0.934,20251031_040_pol_pro_Vio_adu_2025_9_Colorado2025_x006656_y011264
Unknown_Sample,20251031_040_pol_pro_Vio_adu_2025_9_Colorado2025.czi,Vio_adu,747.62,7206.0,11368.0,35,35,116.67,0.961,20251031_040_pol_pro_Vio_adu_2025_9_Colorado2025_x007168_y011264
Unknown_Sample,20251031_040_pol_pro_Vio_adu_2025_9_Colorado2025.czi,Vio_adu,743.39,8037.0,11851.0,34,36,117.25,0.957,20251031_040_pol_pro_Vio_adu_2025_9_Colorado2025_x007680_y011264
Unknown_Sample,20251031_040_pol_pro_Vio_adu_2025_9_Colorado2025.czi,Vio_adu,748.78,8170.0,11710.0,37,36,124.91,0.914,20251031_040_pol_pro_Vio_adu_2025_9_Colorado2025_x007680_y011264
Unknown_Sample,20251031_040_pol_pro_Vio_adu_2025_9_Colorado2025.czi,Vio_adu,726.84,8857.0,11323.0,34,36,115.5,0.964,20251031_040_pol_pro_Vio_adu_2025_9_Colorado2025_x008704_y011264
Unknown_Sample,20251031_040_pol_pro_Vio_adu_2025_9_Colorado2025.czi,Vio_adu,739.54,9021.0,11331.0,35,35,116.08,0.963,20251031_040_pol_pro_Vio_adu_2025_9_Colorado2025_x008704_y011264
Unknown_Sample,20251031_040_pol_pro_Vio_adu_2025_9_Colorado2025.czi,Vio_adu,501.75,9789.0,11274.0,33,24,100.63,0.961,20251031_040_pol_pro_Vio_adu_2025_9_Colorado2025_x009216_y011264
Unknown_Sample,20251031_040_pol_pro_Vio_adu_2025_9_Colorado2025.czi,Vio_adu,233.17,9670.0,11342.0,24,17,69.8,0.942,20251031_040_pol_pro_Vio_adu_2025_9_Colorado2025_x009216_y011264
Unknown_Sample,20251031_040_pol_pro_Vio_adu_2025_9_Colorado2025.czi,Vio_adu,477.12,9789.0,11274.0,33,23,98.63,0.96,20251031_040_pol_pro_Vio_adu_2025_9_Colorado2025_x009728_y011264
Unknown_Sample,20251031_040_pol_pro_Vio_adu_2025_9_Colorado2025.czi,Vio_adu,687.6,10620.0,11842.0,33,34,111.84,0.965,20251031_040_pol_pro_Vio_adu_2025_9_Colorado2025_x010240_y011264
Unknown_Sample,20251031_040_pol_pro_Vio_adu_2025_9_Colorado2025.czi,Vio_adu,663.36,10392.0,11553.0,33,34,110.08,0.963,20251031_040_pol_pro_Vio_adu_2025_9_Colorado2025_x010240_y011264
Unknown_Sample,20251031_040_pol_pro_Vio_adu_2025_9_Colorado2025.czi,Vio_adu,198.54,11898.0,11455.0,11,32,73.8,0.878,20251031_040_pol_pro_Vio_adu_2025_9_Colorado2025_x011264_y011264
Unknown_Sample,20251031_040_pol_pro_Vio_adu_2025_9_Colorado2025.czi,Vio_adu,685.29,11908.0,11455.0,33,35,112.67,0.96,20251031_040_pol_pro_Vio_adu_2025_9_Colorado2025_x011776_y011264
Unknown_Sample,20251031_040_pol_pro_Vio_adu_2025_9_Colorado2025.czi,Vio_adu,660.66,12903.0,11278.0,35,30,113.7,0.967,20251031_040_pol_pro_Vio_adu_2025_9_Colorado2025_x012288_y011264
Unknown_Sample,20251031_040_pol_pro_Vio_adu_2025_9_Colorado2025.czi,Vio_adu,656.81,12903.0,11278.0,35,30,112.53,0.967,20251031_040_pol_pro_Vio_adu_2025_9_Colorado2025_x012800_y011264
Unknown_Sample,20251031_040_pol_pro_Vio_adu_2025_9_Colorado2025.czi,Vio_adu,648.35,13262.0,11278.0,35,30,112.53,0.965,20251031_040_pol_pro_Vio_adu_2025_9_Colorado2025_x012800_y011264
Unknown_Sample,20251031_040_pol_pro_Vio_adu_2025_9_Colorado2025.czi,Vio_adu,369.39,13676.0,11273.0,32,19,88.63,0.961,20251031_040_pol_pro_Vio_adu_2025_9_Colorado2025_x013312_y011264
Unknown_Sample,20251031_040_pol_pro_Vio_adu_2025_9_Colorado2025.czi,Vio_adu,795.72,14130.0,11497.0,37,36,120.91,0.963,20251031_040_pol_pro_Vio_adu_2025_9_Colorado2025_x013824_y011264
Unknown_Sample,20251031_040_pol_pro_Vio_adu_2025_9_Colorado2025.czi,Vio_adu,817.65,14116.0,11819.0,38,36,122.33,0.96,20251031_040_pol_pro_Vio_adu_2025_9_Colorado2025_x013824_y011264
Unknown_Sample,20251031_040_pol_pro_Vio_adu_2025_9_Colorado2025.czi,Vio_adu,801.49,14653.0,11800.0,35,37,119.5,0.966,20251031_040_pol_pro_Vio_adu_2025_9_Colorado2025_x014336_y011264
Unknown_Sample,20251031_040_pol_pro_Vio_adu_2025_9_Colorado2025.czi,Vio_adu,781.1,14668.0,11281.0,36,36,121.25,0.965,20251031_040_pol_pro_Vio_adu_2025_9_Colorado2025_x014336_y011264
Unknown_Sample,20251031_040_pol_pro_Vio_adu_2025_9_Colorado2025.czi,Vio_adu,784.17,15170.0,11546.0,34,38,118.91,0.958,20251031_040_pol_pro_Vio_adu_2025_9_Colorado2025_x014848_y011264
Unknown_Sample,20251031_040_pol_pro_Vio_adu_2025_9_Colorado2025.czi,Vio_adu,294.74,17270.0,11469.0,19,27,76.28,0.931,20251031_040_pol_pro_Vio_adu_2025_9_Colorado2025_x016896_y011264
Unknown_Sample,20251031_040_pol_pro_Vio_adu_2025_9_Colorado2025.czi,Vio_adu,596.4,2726.0,12370.0,33,30,104.43,0.96,20251031_040_pol_pro_Vio_adu_2025_9_Colorado2025_x002560_y011776
Unknown_Sample,20251031_040_pol_pro_Vio_adu_2025_9_Colorado2025.czi,Vio_adu,597.94,3100.0,12091.0,31,33,106.43,0.946,20251031_040_pol_pro_Vio_adu_2025_9_Colorado2025_x002560_y011776
Unknown_Sample,20251031_040_pol_pro_Vio_adu_2025_9_Colorado2025.czi,Vio_adu,563.31,3506.0,11912.0,31,30,101.6,0.951,20251031_040_pol_pro_Vio_adu_2025_9_Colorado2025_x003072_y011776
Unknown_Sample,20251031_040_pol_pro_Vio_adu_2025_9_Colorado2025.czi,Vio_adu,598.71,3100.0,12091.0,31,33,106.43,0.949,20251031_040_pol_pro_Vio_adu_2025_9_Colorado2025_x003072_y011776
Unknown_Sample,20251031_040_pol_pro_Vio_adu_2025_9_Colorado2025.czi,Vio_adu,629.49,3825.0,11922.0,31,33,108.77,0.959,20251031_040_pol_pro_Vio_adu_2025_9_Colorado2025_x003584_y011776
Unknown_Sample,20251031_040_pol_pro_Vio_adu_2025_9_Colorado2025.czi,Vio_adu,702.6,4390.0,12262.0,34,33,112.43,0.96,20251031_040_pol_pro_Vio_adu_2025_9_Colorado2025_x004096_y011776
Unknown_Sample,20251031_040_pol_pro_Vio_adu_2025_9_Colorado2025.czi,Vio_adu,635.27,5116.0,11868.0,33,33,109.84,0.963,20251031_040_pol_pro_Vio_adu_2025_9_Colorado2025_x004608_y011776
Unknown_Sample,20251031_040_pol_pro_Vio_adu_2025_9_Colorado2025.czi,Vio_adu,642.96,5595.0,12091.0,31,34,107.84,0.959,20251031_040_pol_pro_Vio_adu_2025_9_Colorado2025_x005120_y011776
Unknown_Sample,20251031_040_pol_pro_Vio_adu_2025_9_Colorado2025.czi,Vio_adu,594.48,5680.0,12204.0,31,32,103.84,0.954,20251031_040_pol_pro_Vio_adu_2025_9_Colorado2025_x005120_y011776
Unknown_Sample,20251031_040_pol_pro_Vio_adu_2025_9_Colorado2025.czi,Vio_adu,655.27,5468.0,11824.0,35,32,111.84,0.951,20251031_040_pol_pro_Vio_adu_2025_9_Colorado2025_x005120_y011776
Unknown_Sample,20251031_040_pol_pro_Vio_adu_2025_9_Colorado2025.czi,Vio_adu,199.7,5125.0,11868.0,13,31,74.04,0.942,20251031_040_pol_pro_Vio_adu_2025_9_Colorado2025_x005120_y011776
Unknown_Sample,20251031_040_pol_pro_Vio_adu_2025_9_Colorado2025.czi,Vio_adu,644.12,5452.0,11872.0,30,35,111.94,0.935,20251031_040_pol_pro_Vio_adu_2025_9_Colorado2025_x005120_y011776
Unknown_Sample,20251031_040_pol_pro_Vio_adu_2025_9_Colorado2025.czi,Vio_adu,685.67,5423.0,11856.0,32,37,115.25,0.873,20251031_040_pol_pro_Vio_adu_2025_9_Colorado2025_x005120_y011776
Unknown_Sample,20251031_040_pol_pro_Vio_adu_2025_9_Colorado2025.czi,Vio_adu,744.54,6195.0,12327.0,34,35,117.01,0.963,20251031_040_pol_pro_Vio_adu_2025_9_Colorado2025_x005632_y011776
Unknown_Sample,20251031_040_pol_pro_Vio_adu_2025_9_Colorado2025.czi,Vio_adu,577.93,5681.0,12204.0,30,32,102.43,0.956,20251031_040_pol_pro_Vio_adu_2025_9_Colorado2025_x005632_y011776
Unknown_Sample,20251031_040_pol_pro_Vio_adu_2025_9_Colorado2025.czi,Vio_adu,744.54,6195.0,12327.0,34,35,117.01,0.962,20251031_040_pol_pro_Vio_adu_2025_9_Colorado2025_x006144_y011776
Unknown_Sample,20251031_040_pol_pro_Vio_adu_2025_9_Colorado2025.czi,Vio_adu,593.71,6738.0,12363.0,32,31,105.01,0.958,20251031_040_pol_pro_Vio_adu_2025_9_Colorado2025_x006144_y011776
Unknown_Sample,20251031_040_pol_pro_Vio_adu_2025_9_Colorado2025.czi,Vio_adu,378.62,6450.0,11784.0,36,18,93.46,0.953,20251031_040_pol_pro_Vio_adu_2025_9_Colorado2025_x006144_y011776
Unknown_Sample,20251031_040_pol_pro_Vio_adu_2025_9_Colorado2025.czi,Vio_adu,595.63,6738.0,12363.0,32,31,104.43,0.958,20251031_040_pol_pro_Vio_adu_2025_9_Colorado2025_x006656_y011776
Unknown_Sample,20251031_040_pol_pro_Vio_adu_2025_9_Colorado2025.czi,Vio_adu,587.55,7061.0,11955.0,31,31,103.01,0.955,20251031_040_pol_pro_Vio_adu_2025_9_Colorado2025_x006656_y011776
Unknown_Sample,20251031_040_pol_pro_Vio_adu_2025_9_Colorado2025.czi,Vio_adu,622.57,7136.0,11888.0,32,32,106.43,0.946,20251031_040_pol_pro_Vio_adu_2025_9_Colorado2025_x006656_y011776
Unknown_Sample,20251031_040_pol_pro_Vio_adu_2025_9_Colorado2025.czi,Vio_adu,552.92,7793.0,12294.0,28,32,104.87,0.921,20251031_040_pol_pro_Vio_adu_2025_9_Colorado2025_x007168_y011776
Unknown_Sample,20251031_040_pol_pro_Vio_adu_2025_9_Colorado2025.czi,Vio_adu,187.0,7623.0,12410.0,30,11,70.97,0.866,20251031_040_pol_pro_Vio_adu_2025_9_Colorado2025_x007168_y011776
Unknown_Sample,20251031_040_pol_pro_Vio_adu_2025_9_Colorado2025.czi,Vio_adu,729.92,8037.0,11851.0,34,36,115.5,0.961,20251031_040_pol_pro_Vio_adu_2025_9_Colorado2025_x007680_y011776
Unknown_Sample,20251031_040_pol_pro_Vio_adu_2025_9_Colorado2025.czi,Vio_adu,675.67,8095.0,12032.0,33,33,111.6,0.959,20251031_040_pol_pro_Vio_adu_2025_9_Colorado2025_x007680_y011776
Unknown_Sample,20251031_040_pol_pro_Vio_adu_2025_9_Colorado2025.czi,Vio_adu,539.46,8061.0,12191.0,29,31,98.43,0.958,20251031_040_pol_pro_Vio_adu_2025_9_Colorado2025_x007680_y011776
Unknown_Sample,20251031_040_pol_pro_Vio_adu_2025_9_Colorado2025.czi,Vio_adu,633.34,7795.0,12295.0,31,33,107.6,0.938,20251031_040_pol_pro_Vio_adu_2025_9_Colorado2025_x007680_y011776
Unknown_Sample,20251031_040_pol_pro_Vio_adu_2025_9_Colorado2025.czi,Vio_adu,641.42,7819.0,12316.0,34,34,110.33,0.906,20251031_040_pol_pro_Vio_adu_2025_9_Colorado2025_x007680_y011776
Unknown_Sample,20251031_040_pol_pro_Vio_adu_2025_9_Colorado2025.czi,Vio_adu,610.64,8694.0,11921.0,31,32,106.18,0.962,20251031_040_pol_pro_Vio_adu_2025_9_Colorado2025_x008192_y011776
Unknown_Sample,20251031_040_pol_pro_Vio_adu_2025_9_Colorado2025.czi,Vio_adu,678.36,8719.0,11984.0,33,34,110.67,0.96,20251031_040_pol_pro_Vio_adu_2025_9_Colorado2025_x008192_y011776
Unknown_Sample,20251031_040_pol_pro_Vio_adu_2025_9_Colorado2025.czi,Vio_adu,666.05,8719.0,11984.0,32,34,111.01,0.963,20251031_040_pol_pro_Vio_adu_2025_9_Colorado2025_x008704_y011776
Unknown_Sample,20251031_040_pol_pro_Vio_adu_2025_9_Colorado2025.czi,Vio_adu,578.7,9831.0,12305.0,31,31,102.43,0.957,20251031_040_pol_pro_Vio_adu_2025_9_Colorado2025_x009216_y011776
Unknown_Sample,20251031_040_pol_pro_Vio_adu_2025_9_Colorado2025.czi,Vio_adu,578.7,9831.0,12305.0,31,31,102.43,0.957,20251031_040_pol_pro_Vio_adu_2025_9_Colorado2025_x009728_y011776
Unknown_Sample,20251031_040_pol_pro_Vio_adu_2025_9_Colorado2025.czi,Vio_adu,687.6,10620.0,11842.0,33,34,111.84,0.965,20251031_040_pol_pro_Vio_adu_2025_9_Colorado2025_x010240_y011776
Unknown_Sample,20251031_040_pol_pro_Vio_adu_2025_9_Colorado2025.czi,Vio_adu,667.2,10665.0,11982.0,31,35,110.43,0.963,20251031_040_pol_pro_Vio_adu_2025_9_Colorado2025_x010240_y011776
Unknown_Sample,20251031_040_pol_pro_Vio_adu_2025_9_Colorado2025.czi,Vio_adu,639.11,10526.0,11959.0,32,33,107.84,0.962,20251031_040_pol_pro_Vio_adu_2025_9_Colorado2025_x010240_y011776
Unknown_Sample,20251031_040_pol_pro_Vio_adu_2025_9_Colorado2025.czi,Vio_adu,627.19,11579.0,11940.0,32,32,107.6,0.963,20251031_040_pol_pro_Vio_adu_2025_9_Colorado2025_x011264_y011776
Unknown_Sample,20251031_040_pol_pro_Vio_adu_2025_9_Colorado2025.czi,Vio_adu,843.43,13318.0,12212.0,35,41,126.91,0.953,20251031_040_pol_pro_Vio_adu_2025_9_Colorado2025_x012800_y011776
Unknown_Sample,20251031_040_pol_pro_Vio_adu_2025_9_Colorado2025.czi,Vio_adu,505.6,13429.0,12017.0,23,35,102.63,0.938,20251031_040_pol_pro_Vio_adu_2025_9_Colorado2025_x012800_y011776
Unknown_Sample,20251031_040_pol_pro_Vio_adu_2025_9_Colorado2025.czi,Vio_adu,871.52,13817.0,12101.0,39,38,125.98,0.962,20251031_040_pol_pro_Vio_adu_2025_9_Colorado2025_x013312_y011776
Unknown_Sample,20251031_040_pol_pro_Vio_adu_2025_9_Colorado2025.czi,Vio_adu,780.71,13434.0,12017.0,37,35,119.5,0.96,20251031_040_pol_pro_Vio_adu_2025_9_Colorado2025_x013312_y011776
Unknown_Sample,20251031_040_pol_pro_Vio_adu_2025_9_Colorado2025.czi,Vio_adu,602.56,13323.0,12212.0,23,41,113.46,0.956,20251031_040_pol_pro_Vio_adu_2025_9_Colorado2025_x013312_y011776
Unknown_Sample,20251031_040_pol_pro_Vio_adu_2025_9_Colorado2025.czi,Vio_adu,815.73,14116.0,11819.0,38,36,122.91,0.96,20251031_040_pol_pro_Vio_adu_2025_9_Colorado2025_x013824_y011776
Unknown_Sample,20251031_040_pol_pro_Vio_adu_2025_9_Colorado2025.czi,Vio_adu,799.95,14299.0,12027.0,36,37,120.33,0.958,20251031_040_pol_pro_Vio_adu_2025_9_Colorado2025_x013824_y011776
Unknown_Sample,20251031_040_pol_pro_Vio_adu_2025_9_Colorado2025.czi,Vio_adu,220.48,13829.0,12101.0,13,35,80.87,0.935,20251031_040_pol_pro_Vio_adu_2025_9_Colorado2025_x013824_y011776
Unknown_Sample,20251031_040_pol_pro_Vio_adu_2025_9_Colorado2025.czi,Vio_adu,803.03,14653.0,11800.0,35,38,120.33,0.965,20251031_040_pol_pro_Vio_adu_2025_9_Colorado2025_x014336_y011776
Unknown_Sample,20251031_040_pol_pro_Vio_adu_2025_9_Colorado2025.czi,Vio_adu,799.95,14519.0,12206.0,36,36,121.84,0.962,20251031_040_pol_pro_Vio_adu_2025_9_Colorado2025_x014336_y011776
Unknown_Sample,20251031_040_pol_pro_Vio_adu_2025_9_Colorado2025.czi,Vio_adu,675.67,14495.0,12379.0,33,33,111.6,0.961,20251031_040_pol_pro_Vio_adu_2025_9_Colorado2025_x014336_y011776
Unknown_Sample,20251031_040_pol_pro_Vio_adu_2025_9_Colorado2025.czi,Vio_adu,663.36,15023.0,12249.0,34,33,112.43,0.964,20251031_040_pol_pro_Vio_adu_2025_9_Colorado2025_x014848_y011776
Unknown_Sample,20251031_040_pol_pro_Vio_adu_2025_9_Colorado2025.czi,Vio_adu,463.66,15849.0,12197.0,30,26,94.53,0.949,20251031_040_pol_pro_Vio_adu_2025_9_Colorado2025_x015360_y011776
Unknown_Sample,20251031_040_pol_pro_Vio_adu_2025_9_Colorado2025.czi,Vio_adu,754.55,16844.0,12388.0,34,36,117.84,0.953,20251031_040_pol_pro_Vio_adu_2025_9_Colorado2025_x016384_y011776
Unknown_Sample,20251031_040_pol_pro_Vio_adu_2025_9_Colorado2025.czi,Vio_adu,291.66,18697.0,12026.0,17,30,78.28,0.843,20251031_040_pol_pro_Vio_adu_2025_9_Colorado2025_x018432_y011776
Unknown_Sample,20251031_040_pol_pro_Vio_adu_2025_9_Colorado2025.czi,Vio_adu,595.63,2726.0,12370.0,33,30,104.43,0.956,20251031_040_pol_pro_Vio_adu_2025_9_Colorado2025_x002560_y012288
Unknown_Sample,20251031_040_pol_pro_Vio_adu_2025_9_Colorado2025.czi,Vio_adu,634.88,3764.0,12430.0,33,32,107.25,0.964,20251031_040_pol_pro_Vio_adu_2025_9_Colorado2025_x003584_y012288
Unknown_Sample,20251031_040_pol_pro_Vio_adu_2025_9_Colorado2025.czi,Vio_adu,674.51,4148.0,12640.0,35,33,110.33,0.957,20251031_040_pol_pro_Vio_adu_2025_9_Colorado2025_x003584_y012288
Unknown_Sample,20251031_040_pol_pro_Vio_adu_2025_9_Colorado2025.czi,Vio_adu,311.67,4208.0,12919.0,29,17,80.97,0.895,20251031_040_pol_pro_Vio_adu_2025_9_Colorado2025_x003584_y012288
Unknown_Sample,20251031_040_pol_pro_Vio_adu_2025_9_Colorado2025.czi,Vio_adu,622.95,4534.0,12584.0,32,33,107.84,0.96,20251031_040_pol_pro_Vio_adu_2025_9_Colorado2025_x004096_y012288
Unknown_Sample,20251031_040_pol_pro_Vio_adu_2025_9_Colorado2025.czi,Vio_adu,625.65,4696.0,12558.0,33,33,108.08,0.957,20251031_040_pol_pro_Vio_adu_2025_9_Colorado2025_x004096_y012288
Unknown_Sample,20251031_040_pol_pro_Vio_adu_2025_9_Colorado2025.czi,Vio_adu,675.28,4148.0,12640.0,35,33,110.33,0.957,20251031_040_pol_pro_Vio_adu_2025_9_Colorado2025_x004096_y012288
Unknown_Sample,20251031_040_pol_pro_Vio_adu_2025_9_Colorado2025.czi,Vio_adu,328.98,4209.0,12919.0,32,17,85.21,0.906,20251031_040_pol_pro_Vio_adu_2025_9_Colorado2025_x004096_y012288
Unknown_Sample,20251031_040_pol_pro_Vio_adu_2025_9_Colorado2025.czi,Vio_adu,622.95,4696.0,12558.0,33,33,107.5,0.969,20251031_040_pol_pro_Vio_adu_2025_9_Colorado2025_x004608_y012288
Unknown_Sample,20251031_040_pol_pro_Vio_adu_2025_9_Colorado2025.czi,Vio_adu,600.64,5059.0,12784.0,31,32,105.01,0.962,20251031_040_pol_pro_Vio_adu_2025_9_Colorado2025_x004608_y012288
Unknown_Sample,20251031_040_pol_pro_Vio_adu_2025_9_Colorado2025.czi,Vio_adu,581.01,5167.0,12759.0,29,33,104.77,0.957,20251031_040_pol_pro_Vio_adu_2025_9_Colorado2025_x004608_y012288
Unknown_Sample,20251031_040_pol_pro_Vio_adu_2025_9_Colorado2025.czi,Vio_adu,538.3,5485.0,12486.0,32,29,99.84,0.959,20251031_040_pol_pro_Vio_adu_2025_9_Colorado2025_x005120_y012288
Unknown_Sample,20251031_040_pol_pro_Vio_adu_2025_9_Colorado2025.czi,Vio_adu,513.29,5614.0,12907.0,31,28,97.6,0.957,20251031_040_pol_pro_Vio_adu_2025_9_Colorado2025_x005120_y012288
Unknown_Sample,20251031_040_pol_pro_Vio_adu_2025_9_Colorado2025.czi,Vio_adu,581.01,5167.0,12759.0,29,33,104.77,0.957,20251031_040_pol_pro_Vio_adu_2025_9_Colorado2025_x005120_y012288
Unknown_Sample,20251031_040_pol_pro_Vio_adu_2025_9_Colorado2025.czi,Vio_adu,564.47,5322.0,12913.0,32,28,103.7,0.948,20251031_040_pol_pro_Vio_adu_2025_9_Colorado2025_x005120_y012288
Unknown_Sample,20251031_040_pol_pro_Vio_adu_2025_9_Colorado2025.czi,Vio_adu,747.62,6195.0,12327.0,35,35,117.84,0.962,20251031_040_pol_pro_Vio_adu_2025_9_Colorado2025_x005632_y012288
Unknown_Sample,20251031_040_pol_pro_Vio_adu_2025_9_Colorado2025.czi,Vio_adu,643.35,5956.0,12428.0,32,34,109.25,0.96,20251031_040_pol_pro_Vio_adu_2025_9_Colorado2025_x005632_y012288
Unknown_Sample,20251031_040_pol_pro_Vio_adu_2025_9_Colorado2025.czi,Vio_adu,694.91,6209.0,12855.0,34,35,112.91,0.96,20251031_040_pol_pro_Vio_adu_2025_9_Colorado2025_x005632_y012288
Unknown_Sample,20251031_040_pol_pro_Vio_adu_2025_9_Colorado2025.czi,Vio_adu,748.78,6145.0,12460.0,34,36,116.08,0.948,20251031_040_pol_pro_Vio_adu_2025_9_Colorado2025_x005632_y012288
Unknown_Sample,20251031_040_pol_pro_Vio_adu_2025_9_Colorado2025.czi,Vio_adu,744.54,6195.0,12327.0,34,35,117.01,0.962,20251031_040_pol_pro_Vio_adu_2025_9_Colorado2025_x006144_y012288
Unknown_Sample,20251031_040_pol_pro_Vio_adu_2025_9_Colorado2025.czi,Vio_adu,694.91,6209.0,12855.0,34,35,112.91,0.959,20251031_040_pol_pro_Vio_adu_2025_9_Colorado2025_x006144_y012288
Unknown_Sample,20251031_040_pol_pro_Vio_adu_2025_9_Colorado2025.czi,Vio_adu,593.71,6738.0,12363.0,32,31,105.01,0.958,20251031_040_pol_pro_Vio_adu_2025_9_Colorado2025_x006144_y012288
Unknown_Sample,20251031_040_pol_pro_Vio_adu_2025_9_Colorado2025.czi,Vio_adu,387.85,6152.0,12460.0,18,36,94.63,0.937,20251031_040_pol_pro_Vio_adu_2025_9_Colorado2025_x006144_y012288
Unknown_Sample,20251031_040_pol_pro_Vio_adu_2025_9_Colorado2025.czi,Vio_adu,602.95,6738.0,12363.0,32,31,106.18,0.954,20251031_040_pol_pro_Vio_adu_2025_9_Colorado2025_x006656_y012288
Unknown_Sample,20251031_040_pol_pro_Vio_adu_2025_9_Colorado2025.czi,Vio_adu,627.96,7606.0,12739.0,31,33,107.6,0.959,20251031_040_pol_pro_Vio_adu_2025_9_Colorado2025_x007168_y012288
Unknown_Sample,20251031_040_pol_pro_Vio_adu_2025_9_Colorado2025.czi,Vio_adu,648.73,7623.0,12420.0,32,33,109.6,0.959,20251031_040_pol_pro_Vio_adu_2025_9_Colorado2025_x007168_y012288
Unknown_Sample,20251031_040_pol_pro_Vio_adu_2025_9_Colorado2025.czi,Vio_adu,390.16,7793.0,12298.0,28,24,91.8,0.914,20251031_040_pol_pro_Vio_adu_2025_9_Colorado2025_x007168_y012288
Unknown_Sample,20251031_040_pol_pro_Vio_adu_2025_9_Colorado2025.czi,Vio_adu,542.15,8243.0,12914.0,32,26,102.04,0.949,20251031_040_pol_pro_Vio_adu_2025_9_Colorado2025_x007680_y012288
Unknown_Sample,20251031_040_pol_pro_Vio_adu_2025_9_Colorado2025.czi,Vio_adu,465.58,7795.0,12299.0,32,24,97.46,0.923,20251031_040_pol_pro_Vio_adu_2025_9_Colorado2025_x007680_y012288
Unknown_Sample,20251031_040_pol_pro_Vio_adu_2025_9_Colorado2025.czi,Vio_adu,632.57,7819.0,12316.0,34,34,109.74,0.899,20251031_040_pol_pro_Vio_adu_2025_9_Colorado2025_x007680_y012288
Unknown_Sample,20251031_040_pol_pro_Vio_adu_2025_9_Colorado2025.czi,Vio_adu,542.54,8243.0,12914.0,32,26,102.63,0.948,20251031_040_pol_pro_Vio_adu_2025_9_Colorado2025_x008192_y012288
Unknown_Sample,20251031_040_pol_pro_Vio_adu_2025_9_Colorado2025.czi,Vio_adu,568.32,9832.0,12305.0,30,31,102.18,0.957,20251031_040_pol_pro_Vio_adu_2025_9_Colorado2025_x009216_y012288
Unknown_Sample,20251031_040_pol_pro_Vio_adu_2025_9_Colorado2025.czi,Vio_adu,569.85,9832.0,12305.0,30,31,102.18,0.956,20251031_040_pol_pro_Vio_adu_2025_9_Colorado2025_x009728_y012288
Unknown_Sample,20251031_040_pol_pro_Vio_adu_2025_9_Colorado2025.czi,Vio_adu,204.32,10211.0,12922.0,30,12,72.38,0.897,20251031_040_pol_pro_Vio_adu_2025_9_Colorado2025_x009728_y012288
Unknown_Sample,20251031_040_pol_pro_Vio_adu_2025_9_Colorado2025.czi,Vio_adu,745.31,10846.0,12656.0,34,35,115.84,0.965,20251031_040_pol_pro_Vio_adu_2025_9_Colorado2025_x010240_y012288
Unknown_Sample,20251031_040_pol_pro_Vio_adu_2025_9_Colorado2025.czi,Vio_adu,745.31,10846.0,12656.0,34,35,115.84,0.965,20251031_040_pol_pro_Vio_adu_2025_9_Colorado2025_x010752_y012288
Unknown_Sample,20251031_040_pol_pro_Vio_adu_2025_9_Colorado2025.czi,Vio_adu,678.36,10981.0,12688.0,33,34,111.84,0.964,20251031_040_pol_pro_Vio_adu_2025_9_Colorado2025_x010752_y012288
Unknown_Sample,20251031_040_pol_pro_Vio_adu_2025_9_Colorado2025.czi,Vio_adu,654.89,11174.0,12488.0,35,31,111.6,0.96,20251031_040_pol_pro_Vio_adu_2025_9_Colorado2025_x010752_y012288
Unknown_Sample,20251031_040_pol_pro_Vio_adu_2025_9_Colorado2025.czi,Vio_adu,816.88,12265.0,12777.0,37,36,123.84,0.964,20251031_040_pol_pro_Vio_adu_2025_9_Colorado2025_x011776_y012288
Unknown_Sample,20251031_040_pol_pro_Vio_adu_2025_9_Colorado2025.czi,Vio_adu,862.28,13061.0,12439.0,37,38,126.67,0.966,20251031_040_pol_pro_Vio_adu_2025_9_Colorado2025_x012800_y012288
Unknown_Sample,20251031_040_pol_pro_Vio_adu_2025_9_Colorado2025.czi,Vio_adu,828.81,13199.0,12577.0,34,41,123.74,0.96,20251031_040_pol_pro_Vio_adu_2025_9_Colorado2025_x012800_y012288
Unknown_Sample,20251031_040_pol_pro_Vio_adu_2025_9_Colorado2025.czi,Vio_adu,314.36,13027.0,12836.0,27,20,78.87,0.943,20251031_040_pol_pro_Vio_adu_2025_9_Colorado2025_x012800_y012288
Unknown_Sample,20251031_040_pol_pro_Vio_adu_2025_9_Colorado2025.czi,Vio_adu,843.05,13860.0,12479.0,39,36,124.33,0.961,20251031_040_pol_pro_Vio_adu_2025_9_Colorado2025_x013312_y012288
Unknown_Sample,20251031_040_pol_pro_Vio_adu_2025_9_Colorado2025.czi,Vio_adu,846.12,13860.0,12479.0,39,36,124.33,0.961,20251031_040_pol_pro_Vio_adu_2025_9_Colorado2025_x013824_y012288
Unknown_Sample,20251031_040_pol_pro_Vio_adu_2025_9_Colorado2025.czi,Vio_adu,637.19,14417.0,12815.0,32,32,108.77,0.959,20251031_040_pol_pro_Vio_adu_2025_9_Colorado2025_x013824_y012288
Unknown_Sample,20251031_040_pol_pro_Vio_adu_2025_9_Colorado2025.czi,Vio_adu,675.67,14495.0,12379.0,33,33,111.6,0.962,20251031_040_pol_pro_Vio_adu_2025_9_Colorado2025_x014336_y012288
Unknown_Sample,20251031_040_pol_pro_Vio_adu_2025_9_Colorado2025.czi,Vio_adu,637.19,14417.0,12815.0,32,32,108.77,0.959,20251031_040_pol_pro_Vio_adu_2025_9_Colorado2025_x014336_y012288
Unknown_Sample,20251031_040_pol_pro_Vio_adu_2025_9_Colorado2025.czi,Vio_adu,676.44,15944.0,12723.0,35,33,112.08,0.962,20251031_040_pol_pro_Vio_adu_2025_9_Colorado2025_x015360_y012288
Unknown_Sample,20251031_040_pol_pro_Vio_adu_2025_9_Colorado2025.czi,Vio_adu,677.21,15944.0,12723.0,35,33,112.08,0.963,20251031_040_pol_pro_Vio_adu_2025_9_Colorado2025_x015872_y012288
Unknown_Sample,20251031_040_pol_pro_Vio_adu_2025_9_Colorado2025.czi,Vio_adu,746.08,16844.0,12388.0,34,36,116.67,0.956,20251031_040_pol_pro_Vio_adu_2025_9_Colorado2025_x016384_y012288
Unknown_Sample,20251031_040_pol_pro_Vio_adu_2025_9_Colorado2025.czi,Vio_adu,611.03,17405.0,12863.0,34,29,106.77,0.96,20251031_040_pol_pro_Vio_adu_2025_9_Colorado2025_x016896_y012288
Unknown_Sample,20251031_040_pol_pro_Vio_adu_2025_9_Colorado2025.czi,Vio_adu,228.17,17414.0,12863.0,14,29,74.38,0.941,20251031_040_pol_pro_Vio_adu_2025_9_Colorado2025_x017408_y012288
Unknown_Sample,20251031_040_pol_pro_Vio_adu_2025_9_Colorado2025.czi,Vio_adu,546.38,4208.0,12924.0,30,29,99.94,0.949,20251031_040_pol_pro_Vio_adu_2025_9_Colorado2025_x003584_y012800
Unknown_Sample,20251031_040_pol_pro_Vio_adu_2025_9_Colorado2025.czi,Vio_adu,558.7,4209.0,12924.0,32,29,100.43,0.957,20251031_040_pol_pro_Vio_adu_2025_9_Colorado2025_x004096_y012800
Unknown_Sample,20251031_040_pol_pro_Vio_adu_2025_9_Colorado2025.czi,Vio_adu,594.86,5050.0,12996.0,32,30,104.77,0.959,20251031_040_pol_pro_Vio_adu_2025_9_Colorado2025_x004608_y012800
Unknown_Sample,20251031_040_pol_pro_Vio_adu_2025_9_Colorado2025.czi,Vio_adu,598.33,4847.0,13151.0,30,32,104.18,0.957,20251031_040_pol_pro_Vio_adu_2025_9_Colorado2025_x004608_y012800
Unknown_Sample,20251031_040_pol_pro_Vio_adu_2025_9_Colorado2025.czi,Vio_adu,511.75,5614.0,12907.0,31,28,97.6,0.959,20251031_040_pol_pro_Vio_adu_2025_9_Colorado2025_x005120_y012800
Unknown_Sample,20251031_040_pol_pro_Vio_adu_2025_9_Colorado2025.czi,Vio_adu,581.78,5322.0,12913.0,33,30,103.25,0.954,20251031_040_pol_pro_Vio_adu_2025_9_Colorado2025_x005120_y012800
Unknown_Sample,20251031_040_pol_pro_Vio_adu_2025_9_Colorado2025.czi,Vio_adu,664.51,6131.0,13176.0,33,33,109.84,0.961,20251031_040_pol_pro_Vio_adu_2025_9_Colorado2025_x005632_y012800
Unknown_Sample,20251031_040_pol_pro_Vio_adu_2025_9_Colorado2025.czi,Vio_adu,740.7,6098.0,13389.0,34,36,115.5,0.96,20251031_040_pol_pro_Vio_adu_2025_9_Colorado2025_x005632_y012800
Unknown_Sample,20251031_040_pol_pro_Vio_adu_2025_9_Colorado2025.czi,Vio_adu,694.52,6209.0,12855.0,34,35,112.33,0.96,20251031_040_pol_pro_Vio_adu_2025_9_Colorado2025_x005632_y012800
Unknown_Sample,20251031_040_pol_pro_Vio_adu_2025_9_Colorado2025.czi,Vio_adu,119.67,6265.0,13156.0,13,14,49.41,0.881,20251031_040_pol_pro_Vio_adu_2025_9_Colorado2025_x005632_y012800
Unknown_Sample,20251031_040_pol_pro_Vio_adu_2025_9_Colorado2025.czi,Vio_adu,637.96,6560.0,13042.0,33,32,108.43,0.962,20251031_040_pol_pro_Vio_adu_2025_9_Colorado2025_x006144_y012800
Unknown_Sample,20251031_040_pol_pro_Vio_adu_2025_9_Colorado2025.czi,Vio_adu,694.52,6209.0,12855.0,34,35,112.33,0.96,20251031_040_pol_pro_Vio_adu_2025_9_Colorado2025_x006144_y012800
Unknown_Sample,20251031_040_pol_pro_Vio_adu_2025_9_Colorado2025.czi,Vio_adu,154.68,6266.0,13156.0,18,14,55.31,0.915,20251031_040_pol_pro_Vio_adu_2025_9_Colorado2025_x006144_y012800
Unknown_Sample,20251031_040_pol_pro_Vio_adu_2025_9_Colorado2025.czi,Vio_adu,672.2,6914.0,13384.0,35,32,111.84,0.959,20251031_040_pol_pro_Vio_adu_2025_9_Colorado2025_x006656_y012800
Unknown_Sample,20251031_040_pol_pro_Vio_adu_2025_9_Colorado2025.czi,Vio_adu,681.44,7224.0,13405.0,33,34,110.67,0.953,20251031_040_pol_pro_Vio_adu_2025_9_Colorado2025_x006656_y012800
Unknown_Sample,20251031_040_pol_pro_Vio_adu_2025_9_Colorado2025.czi,Vio_adu,645.27,6974.0,13371.0,33,31,108.18,0.95,20251031_040_pol_pro_Vio_adu_2025_9_Colorado2025_x006656_y012800
Unknown_Sample,20251031_040_pol_pro_Vio_adu_2025_9_Colorado2025.czi,Vio_adu,616.03,7053.0,13159.0,32,32,105.84,0.947,20251031_040_pol_pro_Vio_adu_2025_9_Colorado2025_x006656_y012800
Unknown_Sample,20251031_040_pol_pro_Vio_adu_2025_9_Colorado2025.czi,Vio_adu,631.42,6994.0,13398.0,35,36,114.81,0.902,20251031_040_pol_pro_Vio_adu_2025_9_Colorado2025_x006656_y012800
Unknown_Sample,20251031_040_pol_pro_Vio_adu_2025_9_Colorado2025.czi,Vio_adu,670.28,7602.0,13166.0,33,33,110.43,0.96,20251031_040_pol_pro_Vio_adu_2025_9_Colorado2025_x007168_y012800
Unknown_Sample,20251031_040_pol_pro_Vio_adu_2025_9_Colorado2025.czi,Vio_adu,490.21,7754.0,12994.0,30,28,94.43,0.954,20251031_040_pol_pro_Vio_adu_2025_9_Colorado2025_x007168_y012800
Unknown_Sample,20251031_040_pol_pro_Vio_adu_2025_9_Colorado2025.czi,Vio_adu,682.21,7224.0,13405.0,33,34,110.67,0.952,20251031_040_pol_pro_Vio_adu_2025_9_Colorado2025_x007168_y012800
Unknown_Sample,20251031_040_pol_pro_Vio_adu_2025_9_Colorado2025.czi,Vio_adu,783.02,7885.0,13033.0,36,36,119.5,0.964,20251031_040_pol_pro_Vio_adu_2025_9_Colorado2025_x007680_y012800
Unknown_Sample,20251031_040_pol_pro_Vio_adu_2025_9_Colorado2025.czi,Vio_adu,610.26,8243.0,12916.0,32,31,106.77,0.963,20251031_040_pol_pro_Vio_adu_2025_9_Colorado2025_x007680_y012800
Unknown_Sample,20251031_040_pol_pro_Vio_adu_2025_9_Colorado2025.czi,Vio_adu,793.41,8059.0,13401.0,38,35,119.74,0.963,20251031_040_pol_pro_Vio_adu_2025_9_Colorado2025_x007680_y012800
Unknown_Sample,20251031_040_pol_pro_Vio_adu_2025_9_Colorado2025.czi,Vio_adu,475.2,7754.0,12993.0,29,27,92.18,0.957,20251031_040_pol_pro_Vio_adu_2025_9_Colorado2025_x007680_y012800
Unknown_Sample,20251031_040_pol_pro_Vio_adu_2025_9_Colorado2025.czi,Vio_adu,608.33,8243.0,12916.0,32,31,106.18,0.963,20251031_040_pol_pro_Vio_adu_2025_9_Colorado2025_x008192_y012800
Unknown_Sample,20251031_040_pol_pro_Vio_adu_2025_9_Colorado2025.czi,Vio_adu,773.79,8501.0,12993.0,35,36,118.67,0.961,20251031_040_pol_pro_Vio_adu_2025_9_Colorado2025_x008192_y012800
Unknown_Sample,20251031_040_pol_pro_Vio_adu_2025_9_Colorado2025.czi,Vio_adu,492.13,9587.0,13075.0,29,27,95.7,0.957,20251031_040_pol_pro_Vio_adu_2025_9_Colorado2025_x009216_y012800
Unknown_Sample,20251031_040_pol_pro_Vio_adu_2025_9_Colorado2025.czi,Vio_adu,592.17,10211.0,12930.0,32,31,103.84,0.965,20251031_040_pol_pro_Vio_adu_2025_9_Colorado2025_x009728_y012800
Unknown_Sample,20251031_040_pol_pro_Vio_adu_2025_9_Colorado2025.czi,Vio_adu,770.32,9969.0,13376.0,35,37,117.74,0.962,20251031_040_pol_pro_Vio_adu_2025_9_Colorado2025_x009728_y012800
Unknown_Sample,20251031_040_pol_pro_Vio_adu_2025_9_Colorado2025.czi,Vio_adu,728.0,10399.0,13071.0,33,36,116.43,0.953,20251031_040_pol_pro_Vio_adu_2025_9_Colorado2025_x010240_y012800
Unknown_Sample,20251031_040_pol_pro_Vio_adu_2025_9_Colorado2025.czi,Vio_adu,699.52,10539.0,13122.0,35,34,115.25,0.951,20251031_040_pol_pro_Vio_adu_2025_9_Colorado2025_x010240_y012800
Unknown_Sample,20251031_040_pol_pro_Vio_adu_2025_9_Colorado2025.czi,Vio_adu,621.03,10795.0,13040.0,37,29,109.25,0.945,20251031_040_pol_pro_Vio_adu_2025_9_Colorado2025_x010240_y012800
Unknown_Sample,20251031_040_pol_pro_Vio_adu_2025_9_Colorado2025.czi,Vio_adu,698.37,10607.0,13103.0,32,37,113.5,0.929,20251031_040_pol_pro_Vio_adu_2025_9_Colorado2025_x010240_y012800
Unknown_Sample,20251031_040_pol_pro_Vio_adu_2025_9_Colorado2025.czi,Vio_adu,644.89,11081.0,13219.0,33,33,109.25,0.963,20251031_040_pol_pro_Vio_adu_2025_9_Colorado2025_x010752_y012800
Unknown_Sample,20251031_040_pol_pro_Vio_adu_2025_9_Colorado2025.czi,Vio_adu,616.8,10795.0,13040.0,37,29,109.84,0.946,20251031_040_pol_pro_Vio_adu_2025_9_Colorado2025_x010752_y012800
Unknown_Sample,20251031_040_pol_pro_Vio_adu_2025_9_Colorado2025.czi,Vio_adu,693.75,11493.0,13306.0,33,37,115.5,0.955,20251031_040_pol_pro_Vio_adu_2025_9_Colorado2025_x011264_y012800
Unknown_Sample,20251031_040_pol_pro_Vio_adu_2025_9_Colorado2025.czi,Vio_adu,628.34,12773.0,13331.0,31,32,106.18,0.966,20251031_040_pol_pro_Vio_adu_2025_9_Colorado2025_x012288_y012800
Unknown_Sample,20251031_040_pol_pro_Vio_adu_2025_9_Colorado2025.czi,Vio_adu,642.58,12875.0,13266.0,32,33,108.43,0.964,20251031_040_pol_pro_Vio_adu_2025_9_Colorado2025_x012288_y012800
Unknown_Sample,20251031_040_pol_pro_Vio_adu_2025_9_Colorado2025.czi,Vio_adu,641.81,12675.0,13296.0,34,31,108.43,0.963,20251031_040_pol_pro_Vio_adu_2025_9_Colorado2025_x012288_y012800
Unknown_Sample,20251031_040_pol_pro_Vio_adu_2025_9_Colorado2025.czi,Vio_adu,643.73,12875.0,13266.0,32,33,107.84,0.964,20251031_040_pol_pro_Vio_adu_2025_9_Colorado2025_x012800_y012800
Unknown_Sample,20251031_040_pol_pro_Vio_adu_2025_9_Colorado2025.czi,Vio_adu,717.22,13021.0,12963.0,36,33,112.91,0.964,20251031_040_pol_pro_Vio_adu_2025_9_Colorado2025_x012800_y012800
Unknown_Sample,20251031_040_pol_pro_Vio_adu_2025_9_Colorado2025.czi,Vio_adu,312.82,13027.0,12836.0,27,20,78.87,0.942,20251031_040_pol_pro_Vio_adu_2025_9_Colorado2025_x012800_y012800
Unknown_Sample,20251031_040_pol_pro_Vio_adu_2025_9_Colorado2025.czi,Vio_adu,757.63,13671.0,13294.0,35,36,117.5,0.961,20251031_040_pol_pro_Vio_adu_2025_9_Colorado2025_x013312_y012800
Unknown_Sample,20251031_040_pol_pro_Vio_adu_2025_9_Colorado2025.czi,Vio_adu,628.34,14417.0,12815.0,32,31,107.36,0.961,20251031_040_pol_pro_Vio_adu_2025_9_Colorado2025_x013824_y012800
Unknown_Sample,20251031_040_pol_pro_Vio_adu_2025_9_Colorado2025.czi,Vio_adu,622.18,14296.0,13168.0,33,31,107.01,0.959,20251031_040_pol_pro_Vio_adu_2025_9_Colorado2025_x013824_y012800
Unknown_Sample,20251031_040_pol_pro_Vio_adu_2025_9_Colorado2025.czi,Vio_adu,629.88,14417.0,12815.0,32,31,107.36,0.96,20251031_040_pol_pro_Vio_adu_2025_9_Colorado2025_x014336_y012800
Unknown_Sample,20251031_040_pol_pro_Vio_adu_2025_9_Colorado2025.czi,Vio_adu,586.01,14891.0,13199.0,34,29,105.01,0.957,20251031_040_pol_pro_Vio_adu_2025_9_Colorado2025_x014336_y012800
Unknown_Sample,20251031_040_pol_pro_Vio_adu_2025_9_Colorado2025.czi,Vio_adu,182.0,14640.0,13434.0,32,10,73.56,0.867,20251031_040_pol_pro_Vio_adu_2025_9_Colorado2025_x014336_y012800
Unknown_Sample,20251031_040_pol_pro_Vio_adu_2025_9_Colorado2025.czi,Vio_adu,644.89,14996.0,13404.0,32,34,109.25,0.964,20251031_040_pol_pro_Vio_adu_2025_9_Colorado2025_x014848_y012800
Unknown_Sample,20251031_040_pol_pro_Vio_adu_2025_9_Colorado2025.czi,Vio_adu,795.33,15114.0,13204.0,37,36,120.33,0.962,20251031_040_pol_pro_Vio_adu_2025_9_Colorado2025_x014848_y012800
Unknown_Sample,20251031_040_pol_pro_Vio_adu_2025_9_Colorado2025.czi,Vio_adu,585.25,14891.0,13199.0,34,29,105.01,0.957,20251031_040_pol_pro_Vio_adu_2025_9_Colorado2025_x014848_y012800
Unknown_Sample,20251031_040_pol_pro_Vio_adu_2025_9_Colorado2025.czi,Vio_adu,562.54,16932.0,13004.0,32,30,102.43,0.96,20251031_040_pol_pro_Vio_adu_2025_9_Colorado2025_x016384_y012800
Unknown_Sample,20251031_040_pol_pro_Vio_adu_2025_9_Colorado2025.czi,Vio_adu,723.0,16962.0,13104.0,33,36,114.67,0.953,20251031_040_pol_pro_Vio_adu_2025_9_Colorado2025_x016384_y012800
Unknown_Sample,20251031_040_pol_pro_Vio_adu_2025_9_Colorado2025.czi,Vio_adu,611.03,17405.0,12863.0,34,29,106.77,0.96,20251031_040_pol_pro_Vio_adu_2025_9_Colorado2025_x016896_y012800
Unknown_Sample,20251031_040_pol_pro_Vio_adu_2025_9_Colorado2025.czi,Vio_adu,562.54,16932.0,13004.0,32,30,102.43,0.96,20251031_040_pol_pro_Vio_adu_2025_9_Colorado2025_x016896_y012800
Unknown_Sample,20251031_040_pol_pro_Vio_adu_2025_9_Colorado2025.czi,Vio_adu,723.77,16962.0,13104.0,33,36,114.67,0.953,20251031_040_pol_pro_Vio_adu_2025_9_Colorado2025_x016896_y012800
Unknown_Sample,20251031_040_pol_pro_Vio_adu_2025_9_Colorado2025.czi,Vio_adu,611.03,17788.0,13227.0,30,34,106.43,0.955,20251031_040_pol_pro_Vio_adu_2025_9_Colorado2025_x017408_y012800
Unknown_Sample,20251031_040_pol_pro_Vio_adu_2025_9_Colorado2025.czi,Vio_adu,228.17,17414.0,12863.0,14,29,74.38,0.942,20251031_040_pol_pro_Vio_adu_2025_9_Colorado2025_x017408_y012800
Unknown_Sample,20251031_040_pol_pro_Vio_adu_2025_9_Colorado2025.czi,Vio_adu,210.86,17658.0,13146.0,21,21,69.11,0.688,20251031_040_pol_pro_Vio_adu_2025_9_Colorado2025_x017408_y012800
Unknown_Sample,20251031_040_pol_pro_Vio_adu_2025_9_Colorado2025.czi,Vio_adu,691.06,2992.0,13545.0,36,31,112.43,0.925,20251031_040_pol_pro_Vio_adu_2025_9_Colorado2025_x002560_y013312
Unknown_Sample,20251031_040_pol_pro_Vio_adu_2025_9_Colorado2025.czi,Vio_adu,653.35,3013.0,13459.0,38,30,112.08,0.919,20251031_040_pol_pro_Vio_adu_2025_9_Colorado2025_x002560_y013312
Unknown_Sample,20251031_040_pol_pro_Vio_adu_2025_9_Colorado2025.czi,Vio_adu,593.33,4135.0,13782.0,33,30,105.6,0.957,20251031_040_pol_pro_Vio_adu_2025_9_Colorado2025_x003584_y013312
Unknown_Sample,20251031_040_pol_pro_Vio_adu_2025_9_Colorado2025.czi,Vio_adu,553.31,3853.0,13458.0,32,29,101.6,0.957,20251031_040_pol_pro_Vio_adu_2025_9_Colorado2025_x003584_y013312
Unknown_Sample,20251031_040_pol_pro_Vio_adu_2025_9_Colorado2025.czi,Vio_adu,594.1,4135.0,13782.0,33,30,105.6,0.957,20251031_040_pol_pro_Vio_adu_2025_9_Colorado2025_x004096_y013312
Unknown_Sample,20251031_040_pol_pro_Vio_adu_2025_9_Colorado2025.czi,Vio_adu,694.14,4263.0,13606.0,34,34,112.08,0.954,20251031_040_pol_pro_Vio_adu_2025_9_Colorado2025_x004096_y013312
Unknown_Sample,20251031_040_pol_pro_Vio_adu_2025_9_Colorado2025.czi,Vio_adu,622.18,5124.0,13841.0,32,32,105.84,0.96,20251031_040_pol_pro_Vio_adu_2025_9_Colorado2025_x004608_y013312
Unknown_Sample,20251031_040_pol_pro_Vio_adu_2025_9_Colorado2025.czi,Vio_adu,683.75,5684.0,13632.0,33,34,111.84,0.962,20251031_040_pol_pro_Vio_adu_2025_9_Colorado2025_x005120_y013312
Unknown_Sample,20251031_040_pol_pro_Vio_adu_2025_9_Colorado2025.czi,Vio_adu,578.7,5351.0,13671.0,31,30,102.77,0.961,20251031_040_pol_pro_Vio_adu_2025_9_Colorado2025_x005120_y013312
Unknown_Sample,20251031_040_pol_pro_Vio_adu_2025_9_Colorado2025.czi,Vio_adu,594.1,5340.0,13471.0,31,31,104.77,0.961,20251031_040_pol_pro_Vio_adu_2025_9_Colorado2025_x005120_y013312
Unknown_Sample,20251031_040_pol_pro_Vio_adu_2025_9_Colorado2025.czi,Vio_adu,653.74,5722.0,13872.0,34,33,111.84,0.959,20251031_040_pol_pro_Vio_adu_2025_9_Colorado2025_x005120_y013312
Unknown_Sample,20251031_040_pol_pro_Vio_adu_2025_9_Colorado2025.czi,Vio_adu,396.32,5129.0,13841.0,21,32,91.46,0.958,20251031_040_pol_pro_Vio_adu_2025_9_Colorado2025_x005120_y013312
Unknown_Sample,20251031_040_pol_pro_Vio_adu_2025_9_Colorado2025.czi,Vio_adu,684.13,5684.0,13632.0,33,34,112.43,0.962,20251031_040_pol_pro_Vio_adu_2025_9_Colorado2025_x005632_y013312
Unknown_Sample,20251031_040_pol_pro_Vio_adu_2025_9_Colorado2025.czi,Vio_adu,578.7,5915.0,13815.0,31,31,101.25,0.96,20251031_040_pol_pro_Vio_adu_2025_9_Colorado2025_x005632_y013312
Unknown_Sample,20251031_040_pol_pro_Vio_adu_2025_9_Colorado2025.czi,Vio_adu,740.7,6098.0,13389.0,34,36,115.5,0.96,20251031_040_pol_pro_Vio_adu_2025_9_Colorado2025_x005632_y013312
Unknown_Sample,20251031_040_pol_pro_Vio_adu_2025_9_Colorado2025.czi,Vio_adu,652.97,5722.0,13872.0,34,33,110.67,0.959,20251031_040_pol_pro_Vio_adu_2025_9_Colorado2025_x005632_y013312
Unknown_Sample,20251031_040_pol_pro_Vio_adu_2025_9_Colorado2025.czi,Vio_adu,636.42,6140.0,13555.0,31,35,109.25,0.928,20251031_040_pol_pro_Vio_adu_2025_9_Colorado2025_x005632_y013312
Unknown_Sample,20251031_040_pol_pro_Vio_adu_2025_9_Colorado2025.czi,Vio_adu,562.93,6122.0,13581.0,30,32,100.67,0.902,20251031_040_pol_pro_Vio_adu_2025_9_Colorado2025_x005632_y013312
Unknown_Sample,20251031_040_pol_pro_Vio_adu_2025_9_Colorado2025.czi,Vio_adu,195.85,6149.0,13555.0,11,33,76.38,0.937,20251031_040_pol_pro_Vio_adu_2025_9_Colorado2025_x006144_y013312
Unknown_Sample,20251031_040_pol_pro_Vio_adu_2025_9_Colorado2025.czi,Vio_adu,657.2,6914.0,13384.0,34,32,110.43,0.959,20251031_040_pol_pro_Vio_adu_2025_9_Colorado2025_x006656_y013312
Unknown_Sample,20251031_040_pol_pro_Vio_adu_2025_9_Colorado2025.czi,Vio_adu,664.89,7224.0,13405.0,33,34,110.08,0.959,20251031_040_pol_pro_Vio_adu_2025_9_Colorado2025_x006656_y013312
Unknown_Sample,20251031_040_pol_pro_Vio_adu_2025_9_Colorado2025.czi,Vio_adu,642.19,6974.0,13371.0,33,31,109.01,0.951,20251031_040_pol_pro_Vio_adu_2025_9_Colorado2025_x006656_y013312
Unknown_Sample,20251031_040_pol_pro_Vio_adu_2025_9_Colorado2025.czi,Vio_adu,624.88,6994.0,13398.0,35,36,113.4,0.904,20251031_040_pol_pro_Vio_adu_2025_9_Colorado2025_x006656_y013312
Unknown_Sample,20251031_040_pol_pro_Vio_adu_2025_9_Colorado2025.czi,Vio_adu,664.89,7224.0,13405.0,33,34,110.08,0.959,20251031_040_pol_pro_Vio_adu_2025_9_Colorado2025_x007168_y013312
Unknown_Sample,20251031_040_pol_pro_Vio_adu_2025_9_Colorado2025.czi,Vio_adu,681.44,7329.0,13506.0,33,33,111.01,0.958,20251031_040_pol_pro_Vio_adu_2025_9_Colorado2025_x007168_y013312
Unknown_Sample,20251031_040_pol_pro_Vio_adu_2025_9_Colorado2025.czi,Vio_adu,792.26,8059.0,13401.0,38,35,119.15,0.963,20251031_040_pol_pro_Vio_adu_2025_9_Colorado2025_x007680_y013312
Unknown_Sample,20251031_040_pol_pro_Vio_adu_2025_9_Colorado2025.czi,Vio_adu,636.04,7858.0,13575.0,34,31,107.84,0.962,20251031_040_pol_pro_Vio_adu_2025_9_Colorado2025_x007680_y013312
Unknown_Sample,20251031_040_pol_pro_Vio_adu_2025_9_Colorado2025.czi,Vio_adu,724.15,7843.0,13472.0,36,34,117.25,0.961,20251031_040_pol_pro_Vio_adu_2025_9_Colorado2025_x007680_y013312
Unknown_Sample,20251031_040_pol_pro_Vio_adu_2025_9_Colorado2025.czi,Vio_adu,634.88,8051.0,13645.0,32,33,108.43,0.952,20251031_040_pol_pro_Vio_adu_2025_9_Colorado2025_x007680_y013312
Unknown_Sample,20251031_040_pol_pro_Vio_adu_2025_9_Colorado2025.czi,Vio_adu,599.1,8085.0,13593.0,32,33,106.67,0.913,20251031_040_pol_pro_Vio_adu_2025_9_Colorado2025_x007680_y013312
Unknown_Sample,20251031_040_pol_pro_Vio_adu_2025_9_Colorado2025.czi,Vio_adu,172.38,7906.0,13946.0,29,11,68.97,0.876,20251031_040_pol_pro_Vio_adu_2025_9_Colorado2025_x007680_y013312
Unknown_Sample,20251031_040_pol_pro_Vio_adu_2025_9_Colorado2025.czi,Vio_adu,646.04,8058.0,13612.0,31,35,115.01,0.875,20251031_040_pol_pro_Vio_adu_2025_9_Colorado2025_x007680_y013312
Unknown_Sample,20251031_040_pol_pro_Vio_adu_2025_9_Colorado2025.czi,Vio_adu,710.68,8459.0,13562.0,33,35,113.84,0.947,20251031_040_pol_pro_Vio_adu_2025_9_Colorado2025_x008192_y013312
Unknown_Sample,20251031_040_pol_pro_Vio_adu_2025_9_Colorado2025.czi,Vio_adu,616.41,8673.0,13870.0,32,32,107.6,0.947,20251031_040_pol_pro_Vio_adu_2025_9_Colorado2025_x008192_y013312
Unknown_Sample,20251031_040_pol_pro_Vio_adu_2025_9_Colorado2025.czi,Vio_adu,618.34,8483.0,13920.0,32,32,105.84,0.942,20251031_040_pol_pro_Vio_adu_2025_9_Colorado2025_x008192_y013312
Unknown_Sample,20251031_040_pol_pro_Vio_adu_2025_9_Colorado2025.czi,Vio_adu,666.82,8559.0,13899.0,33,33,109.84,0.936,20251031_040_pol_pro_Vio_adu_2025_9_Colorado2025_x008192_y013312
Unknown_Sample,20251031_040_pol_pro_Vio_adu_2025_9_Colorado2025.czi,Vio_adu,425.95,9295.0,13825.0,26,27,89.7,0.961,20251031_040_pol_pro_Vio_adu_2025_9_Colorado2025_x008704_y013312
Unknown_Sample,20251031_040_pol_pro_Vio_adu_2025_9_Colorado2025.czi,Vio_adu,699.91,8953.0,13887.0,33,35,112.67,0.954,20251031_040_pol_pro_Vio_adu_2025_9_Colorado2025_x008704_y013312
Unknown_Sample,20251031_040_pol_pro_Vio_adu_2025_9_Colorado2025.czi,Vio_adu,589.86,9102.0,13520.0,29,34,105.01,0.944,20251031_040_pol_pro_Vio_adu_2025_9_Colorado2025_x008704_y013312
Unknown_Sample,20251031_040_pol_pro_Vio_adu_2025_9_Colorado2025.czi,Vio_adu,653.74,9037.0,13559.0,32,32,109.36,0.938,20251031_040_pol_pro_Vio_adu_2025_9_Colorado2025_x008704_y013312
Unknown_Sample,20251031_040_pol_pro_Vio_adu_2025_9_Colorado2025.czi,Vio_adu,425.18,9295.0,13825.0,26,27,89.7,0.961,20251031_040_pol_pro_Vio_adu_2025_9_Colorado2025_x009216_y013312
Unknown_Sample,20251031_040_pol_pro_Vio_adu_2025_9_Colorado2025.czi,Vio_adu,769.55,9969.0,13376.0,35,37,117.74,0.962,20251031_040_pol_pro_Vio_adu_2025_9_Colorado2025_x009728_y013312
Unknown_Sample,20251031_040_pol_pro_Vio_adu_2025_9_Colorado2025.czi,Vio_adu,635.65,10063.0,13628.0,32,33,107.25,0.96,20251031_040_pol_pro_Vio_adu_2025_9_Colorado2025_x009728_y013312
Unknown_Sample,20251031_040_pol_pro_Vio_adu_2025_9_Colorado2025.czi,Vio_adu,687.21,10093.0,13774.0,36,33,111.74,0.934,20251031_040_pol_pro_Vio_adu_2025_9_Colorado2025_x009728_y013312
Unknown_Sample,20251031_040_pol_pro_Vio_adu_2025_9_Colorado2025.czi,Vio_adu,662.2,10603.0,13808.0,32,33,111.36,0.958,20251031_040_pol_pro_Vio_adu_2025_9_Colorado2025_x010240_y013312
Unknown_Sample,20251031_040_pol_pro_Vio_adu_2025_9_Colorado2025.czi,Vio_adu,737.62,11309.0,13708.0,36,34,116.67,0.967,20251031_040_pol_pro_Vio_adu_2025_9_Colorado2025_x010752_y013312
Unknown_Sample,20251031_040_pol_pro_Vio_adu_2025_9_Colorado2025.czi,Vio_adu,709.91,10894.0,13523.0,33,35,113.84,0.965,20251031_040_pol_pro_Vio_adu_2025_9_Colorado2025_x010752_y013312
Unknown_Sample,20251031_040_pol_pro_Vio_adu_2025_9_Colorado2025.czi,Vio_adu,598.33,11343.0,13801.0,31,32,105.01,0.96,20251031_040_pol_pro_Vio_adu_2025_9_Colorado2025_x010752_y013312
Unknown_Sample,20251031_040_pol_pro_Vio_adu_2025_9_Colorado2025.czi,Vio_adu,737.62,11309.0,13708.0,36,34,116.67,0.967,20251031_040_pol_pro_Vio_adu_2025_9_Colorado2025_x011264_y013312
Unknown_Sample,20251031_040_pol_pro_Vio_adu_2025_9_Colorado2025.czi,Vio_adu,602.56,11595.0,13561.0,31,31,104.77,0.964,20251031_040_pol_pro_Vio_adu_2025_9_Colorado2025_x011264_y013312
Unknown_Sample,20251031_040_pol_pro_Vio_adu_2025_9_Colorado2025.czi,Vio_adu,586.78,11343.0,13801.0,31,31,104.18,0.96,20251031_040_pol_pro_Vio_adu_2025_9_Colorado2025_x011264_y013312
Unknown_Sample,20251031_040_pol_pro_Vio_adu_2025_9_Colorado2025.czi,Vio_adu,639.88,11770.0,13937.0,34,29,112.04,0.95,20251031_040_pol_pro_Vio_adu_2025_9_Colorado2025_x011264_y013312
Unknown_Sample,20251031_040_pol_pro_Vio_adu_2025_9_Colorado2025.czi,Vio_adu,202.39,11493.0,13317.0,32,13,76.63,0.934,20251031_040_pol_pro_Vio_adu_2025_9_Colorado2025_x011264_y013312
Unknown_Sample,20251031_040_pol_pro_Vio_adu_2025_9_Colorado2025.czi,Vio_adu,165.07,11781.0,13939.0,11,27,65.56,0.934,20251031_040_pol_pro_Vio_adu_2025_9_Colorado2025_x011776_y013312
Unknown_Sample,20251031_040_pol_pro_Vio_adu_2025_9_Colorado2025.czi,Vio_adu,637.58,12773.0,13331.0,32,32,108.18,0.965,20251031_040_pol_pro_Vio_adu_2025_9_Colorado2025_x012288_y013312
Unknown_Sample,20251031_040_pol_pro_Vio_adu_2025_9_Colorado2025.czi,Vio_adu,689.52,13216.0,13467.0,34,33,111.25,0.964,20251031_040_pol_pro_Vio_adu_2025_9_Colorado2025_x012800_y013312
Unknown_Sample,20251031_040_pol_pro_Vio_adu_2025_9_Colorado2025.czi,Vio_adu,868.83,13349.0,13465.0,39,38,126.57,0.961,20251031_040_pol_pro_Vio_adu_2025_9_Colorado2025_x012800_y013312
Unknown_Sample,20251031_040_pol_pro_Vio_adu_2025_9_Colorado2025.czi,Vio_adu,729.15,13624.0,13792.0,34,35,113.5,0.965,20251031_040_pol_pro_Vio_adu_2025_9_Colorado2025_x013312_y013312
Unknown_Sample,20251031_040_pol_pro_Vio_adu_2025_9_Colorado2025.czi,Vio_adu,706.83,13686.0,13729.0,36,32,113.84,0.964,20251031_040_pol_pro_Vio_adu_2025_9_Colorado2025_x013312_y013312
Unknown_Sample,20251031_040_pol_pro_Vio_adu_2025_9_Colorado2025.czi,Vio_adu,869.6,13349.0,13465.0,39,38,126.57,0.961,20251031_040_pol_pro_Vio_adu_2025_9_Colorado2025_x013312_y013312
Unknown_Sample,20251031_040_pol_pro_Vio_adu_2025_9_Colorado2025.czi,Vio_adu,652.58,14380.0,13463.0,34,31,108.43,0.963,20251031_040_pol_pro_Vio_adu_2025_9_Colorado2025_x013824_y013312
Unknown_Sample,20251031_040_pol_pro_Vio_adu_2025_9_Colorado2025.czi,Vio_adu,753.01,14385.0,13517.0,36,35,117.5,0.962,20251031_040_pol_pro_Vio_adu_2025_9_Colorado2025_x013824_y013312
Unknown_Sample,20251031_040_pol_pro_Vio_adu_2025_9_Colorado2025.czi,Vio_adu,722.23,13963.0,13501.0,35,34,114.67,0.961,20251031_040_pol_pro_Vio_adu_2025_9_Colorado2025_x013824_y013312
Unknown_Sample,20251031_040_pol_pro_Vio_adu_2025_9_Colorado2025.czi,Vio_adu,495.98,14452.0,13905.0,24,32,99.21,0.941,20251031_040_pol_pro_Vio_adu_2025_9_Colorado2025_x013824_y013312
Unknown_Sample,20251031_040_pol_pro_Vio_adu_2025_9_Colorado2025.czi,Vio_adu,653.74,14380.0,13463.0,34,31,109.01,0.963,20251031_040_pol_pro_Vio_adu_2025_9_Colorado2025_x014336_y013312
Unknown_Sample,20251031_040_pol_pro_Vio_adu_2025_9_Colorado2025.czi,Vio_adu,753.01,14385.0,13517.0,36,35,117.5,0.962,20251031_040_pol_pro_Vio_adu_2025_9_Colorado2025_x014336_y013312
Unknown_Sample,20251031_040_pol_pro_Vio_adu_2025_9_Colorado2025.czi,Vio_adu,676.82,14641.0,13445.0,34,32,111.01,0.961,20251031_040_pol_pro_Vio_adu_2025_9_Colorado2025_x014336_y013312
Unknown_Sample,20251031_040_pol_pro_Vio_adu_2025_9_Colorado2025.czi,Vio_adu,664.51,14456.0,13905.0,35,31,111.01,0.96,20251031_040_pol_pro_Vio_adu_2025_9_Colorado2025_x014336_y013312
Unknown_Sample,20251031_040_pol_pro_Vio_adu_2025_9_Colorado2025.czi,Vio_adu,646.81,14996.0,13404.0,32,34,108.67,0.965,20251031_040_pol_pro_Vio_adu_2025_9_Colorado2025_x014848_y013312
Unknown_Sample,20251031_040_pol_pro_Vio_adu_2025_9_Colorado2025.czi,Vio_adu,721.07,15741.0,13774.0,35,34,115.25,0.965,20251031_040_pol_pro_Vio_adu_2025_9_Colorado2025_x015360_y013312
Unknown_Sample,20251031_040_pol_pro_Vio_adu_2025_9_Colorado2025.czi,Vio_adu,666.82,17320.0,13577.0,32,34,111.01,0.962,20251031_040_pol_pro_Vio_adu_2025_9_Colorado2025_x016896_y013312
Unknown_Sample,20251031_040_pol_pro_Vio_adu_2025_9_Colorado2025.czi,Vio_adu,88.5,20081.0,13798.0,12,12,41.66,0.853,20251031_040_pol_pro_Vio_adu_2025_9_Colorado2025_x019456_y013312
Unknown_Sample,20251031_040_pol_pro_Vio_adu_2025_9_Colorado2025.czi,Vio_adu,85.81,20081.0,13798.0,12,12,41.07,0.906,20251031_040_pol_pro_Vio_adu_2025_9_Colorado2025_x019968_y013312
Unknown_Sample,20251031_040_pol_pro_Vio_adu_2025_9_Colorado2025.czi,Vio_adu,629.88,3509.0,14304.0,36,28,108.18,0.91,20251031_040_pol_pro_Vio_adu_2025_9_Colorado2025_x003072_y013824
Unknown_Sample,20251031_040_pol_pro_Vio_adu_2025_9_Colorado2025.czi,Vio_adu,574.86,4024.0,14051.0,32,30,102.43,0.952,20251031_040_pol_pro_Vio_adu_2025_9_Colorado2025_x003584_y013824
Unknown_Sample,20251031_040_pol_pro_Vio_adu_2025_9_Colorado2025.czi,Vio_adu,588.71,4569.0,14335.0,31,32,104.43,0.954,20251031_040_pol_pro_Vio_adu_2025_9_Colorado2025_x004096_y013824
Unknown_Sample,20251031_040_pol_pro_Vio_adu_2025_9_Colorado2025.czi,Vio_adu,644.5,4919.0,13976.0,32,33,109.01,0.962,20251031_040_pol_pro_Vio_adu_2025_9_Colorado2025_x004608_y013824
Unknown_Sample,20251031_040_pol_pro_Vio_adu_2025_9_Colorado2025.czi,Vio_adu,638.73,5124.0,13840.0,32,33,108.43,0.957,20251031_040_pol_pro_Vio_adu_2025_9_Colorado2025_x004608_y013824
Unknown_Sample,20251031_040_pol_pro_Vio_adu_2025_9_Colorado2025.czi,Vio_adu,660.28,4773.0,14151.0,33,34,110.08,0.956,20251031_040_pol_pro_Vio_adu_2025_9_Colorado2025_x004608_y013824
Unknown_Sample,20251031_040_pol_pro_Vio_adu_2025_9_Colorado2025.czi,Vio_adu,567.93,4996.0,14263.0,30,31,101.6,0.952,20251031_040_pol_pro_Vio_adu_2025_9_Colorado2025_x004608_y013824
Unknown_Sample,20251031_040_pol_pro_Vio_adu_2025_9_Colorado2025.czi,Vio_adu,657.97,5722.0,13872.0,34,33,111.25,0.959,20251031_040_pol_pro_Vio_adu_2025_9_Colorado2025_x005120_y013824
Unknown_Sample,20251031_040_pol_pro_Vio_adu_2025_9_Colorado2025.czi,Vio_adu,659.51,5713.0,13982.0,33,33,110.43,0.957,20251031_040_pol_pro_Vio_adu_2025_9_Colorado2025_x005120_y013824
Unknown_Sample,20251031_040_pol_pro_Vio_adu_2025_9_Colorado2025.czi,Vio_adu,407.86,5129.0,13840.0,21,33,93.46,0.954,20251031_040_pol_pro_Vio_adu_2025_9_Colorado2025_x005120_y013824
Unknown_Sample,20251031_040_pol_pro_Vio_adu_2025_9_Colorado2025.czi,Vio_adu,655.27,5722.0,13872.0,34,33,111.84,0.959,20251031_040_pol_pro_Vio_adu_2025_9_Colorado2025_x005632_y013824
Unknown_Sample,20251031_040_pol_pro_Vio_adu_2025_9_Colorado2025.czi,Vio_adu,657.97,5713.0,13982.0,33,33,110.43,0.958,20251031_040_pol_pro_Vio_adu_2025_9_Colorado2025_x005632_y013824
Unknown_Sample,20251031_040_pol_pro_Vio_adu_2025_9_Colorado2025.czi,Vio_adu,566.39,5766.0,14036.0,33,29,102.43,0.952,20251031_040_pol_pro_Vio_adu_2025_9_Colorado2025_x005632_y013824
Unknown_Sample,20251031_040_pol_pro_Vio_adu_2025_9_Colorado2025.czi,Vio_adu,549.85,6096.0,14143.0,31,30,101.01,0.95,20251031_040_pol_pro_Vio_adu_2025_9_Colorado2025_x005632_y013824
Unknown_Sample,20251031_040_pol_pro_Vio_adu_2025_9_Colorado2025.czi,Vio_adu,647.96,7106.0,14318.0,33,33,108.08,0.958,20251031_040_pol_pro_Vio_adu_2025_9_Colorado2025_x006656_y013824
Unknown_Sample,20251031_040_pol_pro_Vio_adu_2025_9_Colorado2025.czi,Vio_adu,633.73,7180.0,14079.0,34,31,106.67,0.955,20251031_040_pol_pro_Vio_adu_2025_9_Colorado2025_x006656_y013824
Unknown_Sample,20251031_040_pol_pro_Vio_adu_2025_9_Colorado2025.czi,Vio_adu,671.44,7654.0,13995.0,33,33,111.01,0.967,20251031_040_pol_pro_Vio_adu_2025_9_Colorado2025_x007168_y013824
Unknown_Sample,20251031_040_pol_pro_Vio_adu_2025_9_Colorado2025.czi,Vio_adu,578.32,7182.0,14079.0,30,31,104.53,0.96,20251031_040_pol_pro_Vio_adu_2025_9_Colorado2025_x007168_y013824
Unknown_Sample,20251031_040_pol_pro_Vio_adu_2025_9_Colorado2025.czi,Vio_adu,662.59,7420.0,14184.0,32,34,111.6,0.96,20251031_040_pol_pro_Vio_adu_2025_9_Colorado2025_x007168_y013824
Unknown_Sample,20251031_040_pol_pro_Vio_adu_2025_9_Colorado2025.czi,Vio_adu,657.2,7313.0,14069.0,34,33,108.91,0.958,20251031_040_pol_pro_Vio_adu_2025_9_Colorado2025_x007168_y013824
Unknown_Sample,20251031_040_pol_pro_Vio_adu_2025_9_Colorado2025.czi,Vio_adu,615.64,7994.0,14426.0,32,32,106.43,0.959,20251031_040_pol_pro_Vio_adu_2025_9_Colorado2025_x007680_y013824
Unknown_Sample,20251031_040_pol_pro_Vio_adu_2025_9_Colorado2025.czi,Vio_adu,612.18,7906.0,13956.0,31,33,107.01,0.939,20251031_040_pol_pro_Vio_adu_2025_9_Colorado2025_x007680_y013824
Unknown_Sample,20251031_040_pol_pro_Vio_adu_2025_9_Colorado2025.czi,Vio_adu,576.78,7936.0,13962.0,34,31,107.84,0.92,20251031_040_pol_pro_Vio_adu_2025_9_Colorado2025_x007680_y013824
Unknown_Sample,20251031_040_pol_pro_Vio_adu_2025_9_Colorado2025.czi,Vio_adu,542.15,7953.0,13988.0,31,34,133.5,0.901,20251031_040_pol_pro_Vio_adu_2025_9_Colorado2025_x007680_y013824
Unknown_Sample,20251031_040_pol_pro_Vio_adu_2025_9_Colorado2025.czi,Vio_adu,615.64,8673.0,13870.0,32,32,107.6,0.949,20251031_040_pol_pro_Vio_adu_2025_9_Colorado2025_x008192_y013824
Unknown_Sample,20251031_040_pol_pro_Vio_adu_2025_9_Colorado2025.czi,Vio_adu,612.95,8483.0,13920.0,32,31,105.01,0.945,20251031_040_pol_pro_Vio_adu_2025_9_Colorado2025_x008192_y013824
Unknown_Sample,20251031_040_pol_pro_Vio_adu_2025_9_Colorado2025.czi,Vio_adu,662.59,8559.0,13899.0,33,33,109.25,0.938,20251031_040_pol_pro_Vio_adu_2025_9_Colorado2025_x008192_y013824
Unknown_Sample,20251031_040_pol_pro_Vio_adu_2025_9_Colorado2025.czi,Vio_adu,671.82,8953.0,13887.0,33,34,112.43,0.961,20251031_040_pol_pro_Vio_adu_2025_9_Colorado2025_x008704_y013824
Unknown_Sample,20251031_040_pol_pro_Vio_adu_2025_9_Colorado2025.czi,Vio_adu,224.71,9295.0,13831.0,25,15,70.14,0.95,20251031_040_pol_pro_Vio_adu_2025_9_Colorado2025_x008704_y013824
Unknown_Sample,20251031_040_pol_pro_Vio_adu_2025_9_Colorado2025.czi,Vio_adu,560.62,9436.0,14260.0,30,30,101.36,0.961,20251031_040_pol_pro_Vio_adu_2025_9_Colorado2025_x009216_y013824
Unknown_Sample,20251031_040_pol_pro_Vio_adu_2025_9_Colorado2025.czi,Vio_adu,490.21,9838.0,14256.0,30,27,95.94,0.952,20251031_040_pol_pro_Vio_adu_2025_9_Colorado2025_x009216_y013824
Unknown_Sample,20251031_040_pol_pro_Vio_adu_2025_9_Colorado2025.czi,Vio_adu,224.71,9295.0,13831.0,25,15,70.14,0.95,20251031_040_pol_pro_Vio_adu_2025_9_Colorado2025_x009216_y013824
Unknown_Sample,20251031_040_pol_pro_Vio_adu_2025_9_Colorado2025.czi,Vio_adu,773.4,10031.0,14013.0,35,36,120.43,0.964,20251031_040_pol_pro_Vio_adu_2025_9_Colorado2025_x009728_y013824
Unknown_Sample,20251031_040_pol_pro_Vio_adu_2025_9_Colorado2025.czi,Vio_adu,635.27,9899.0,14305.0,33,32,109.01,0.963,20251031_040_pol_pro_Vio_adu_2025_9_Colorado2025_x009728_y013824
Unknown_Sample,20251031_040_pol_pro_Vio_adu_2025_9_Colorado2025.czi,Vio_adu,843.82,10236.0,14068.0,37,37,123.5,0.961,20251031_040_pol_pro_Vio_adu_2025_9_Colorado2025_x009728_y013824
Unknown_Sample,20251031_040_pol_pro_Vio_adu_2025_9_Colorado2025.czi,Vio_adu,490.98,9838.0,14256.0,30,27,95.94,0.958,20251031_040_pol_pro_Vio_adu_2025_9_Colorado2025_x009728_y013824
Unknown_Sample,20251031_040_pol_pro_Vio_adu_2025_9_Colorado2025.czi,Vio_adu,576.4,10383.0,14043.0,32,30,102.43,0.961,20251031_040_pol_pro_Vio_adu_2025_9_Colorado2025_x010240_y013824
Unknown_Sample,20251031_040_pol_pro_Vio_adu_2025_9_Colorado2025.czi,Vio_adu,678.36,10490.0,14250.0,33,34,111.84,0.96,20251031_040_pol_pro_Vio_adu_2025_9_Colorado2025_x010240_y013824
Unknown_Sample,20251031_040_pol_pro_Vio_adu_2025_9_Colorado2025.czi,Vio_adu,599.87,10644.0,14137.0,33,31,104.67,0.96,20251031_040_pol_pro_Vio_adu_2025_9_Colorado2025_x010240_y013824
Unknown_Sample,20251031_040_pol_pro_Vio_adu_2025_9_Colorado2025.czi,Vio_adu,296.66,10247.0,14068.0,15,36,88.04,0.945,20251031_040_pol_pro_Vio_adu_2025_9_Colorado2025_x010240_y013824
Unknown_Sample,20251031_040_pol_pro_Vio_adu_2025_9_Colorado2025.czi,Vio_adu,581.78,11263.0,14112.0,31,32,103.25,0.953,20251031_040_pol_pro_Vio_adu_2025_9_Colorado2025_x010752_y013824
Unknown_Sample,20251031_040_pol_pro_Vio_adu_2025_9_Colorado2025.czi,Vio_adu,659.12,11855.0,14068.0,34,32,111.01,0.962,20251031_040_pol_pro_Vio_adu_2025_9_Colorado2025_x011264_y013824
Unknown_Sample,20251031_040_pol_pro_Vio_adu_2025_9_Colorado2025.czi,Vio_adu,714.15,11770.0,13939.0,34,35,114.08,0.962,20251031_040_pol_pro_Vio_adu_2025_9_Colorado2025_x011264_y013824
Unknown_Sample,20251031_040_pol_pro_Vio_adu_2025_9_Colorado2025.czi,Vio_adu,695.68,11563.0,14381.0,33,35,112.08,0.961,20251031_040_pol_pro_Vio_adu_2025_9_Colorado2025_x011264_y013824
Unknown_Sample,20251031_040_pol_pro_Vio_adu_2025_9_Colorado2025.czi,Vio_adu,252.41,11270.0,14112.0,15,31,78.63,0.934,20251031_040_pol_pro_Vio_adu_2025_9_Colorado2025_x011264_y013824
Unknown_Sample,20251031_040_pol_pro_Vio_adu_2025_9_Colorado2025.czi,Vio_adu,659.12,11855.0,14068.0,34,32,111.01,0.962,20251031_040_pol_pro_Vio_adu_2025_9_Colorado2025_x011776_y013824
Unknown_Sample,20251031_040_pol_pro_Vio_adu_2025_9_Colorado2025.czi,Vio_adu,176.61,11781.0,13940.0,11,30,70.38,0.946,20251031_040_pol_pro_Vio_adu_2025_9_Colorado2025_x011776_y013824
Unknown_Sample,20251031_040_pol_pro_Vio_adu_2025_9_Colorado2025.czi,Vio_adu,690.29,13260.0,13996.0,34,34,112.08,0.964,20251031_040_pol_pro_Vio_adu_2025_9_Colorado2025_x012800_y013824
Unknown_Sample,20251031_040_pol_pro_Vio_adu_2025_9_Colorado2025.czi,Vio_adu,626.8,13638.0,13996.0,33,33,108.67,0.961,20251031_040_pol_pro_Vio_adu_2025_9_Colorado2025_x013312_y013824
Unknown_Sample,20251031_040_pol_pro_Vio_adu_2025_9_Colorado2025.czi,Vio_adu,653.35,13834.0,14433.0,33,32,108.43,0.959,20251031_040_pol_pro_Vio_adu_2025_9_Colorado2025_x013312_y013824
Unknown_Sample,20251031_040_pol_pro_Vio_adu_2025_9_Colorado2025.czi,Vio_adu,555.62,13837.0,14433.0,27,32,103.46,0.964,20251031_040_pol_pro_Vio_adu_2025_9_Colorado2025_x013824_y013824
Unknown_Sample,20251031_040_pol_pro_Vio_adu_2025_9_Colorado2025.czi,Vio_adu,681.82,14210.0,14171.0,34,34,110.91,0.957,20251031_040_pol_pro_Vio_adu_2025_9_Colorado2025_x013824_y013824
Unknown_Sample,20251031_040_pol_pro_Vio_adu_2025_9_Colorado2025.czi,Vio_adu,495.21,14452.0,13905.0,24,32,99.21,0.942,20251031_040_pol_pro_Vio_adu_2025_9_Colorado2025_x013824_y013824
Unknown_Sample,20251031_040_pol_pro_Vio_adu_2025_9_Colorado2025.czi,Vio_adu,766.86,14574.0,14232.0,35,35,119.01,0.965,20251031_040_pol_pro_Vio_adu_2025_9_Colorado2025_x014336_y013824
Unknown_Sample,20251031_040_pol_pro_Vio_adu_2025_9_Colorado2025.czi,Vio_adu,664.51,14456.0,13905.0,35,31,111.01,0.961,20251031_040_pol_pro_Vio_adu_2025_9_Colorado2025_x014336_y013824
Unknown_Sample,20251031_040_pol_pro_Vio_adu_2025_9_Colorado2025.czi,Vio_adu,706.45,14543.0,13992.0,35,34,114.08,0.961,20251031_040_pol_pro_Vio_adu_2025_9_Colorado2025_x014336_y013824
Unknown_Sample,20251031_040_pol_pro_Vio_adu_2025_9_Colorado2025.czi,Vio_adu,770.32,14983.0,14078.0,35,37,120.08,0.962,20251031_040_pol_pro_Vio_adu_2025_9_Colorado2025_x014848_y013824
Unknown_Sample,20251031_040_pol_pro_Vio_adu_2025_9_Colorado2025.czi,Vio_adu,564.08,15316.0,13977.0,29,32,101.6,0.958,20251031_040_pol_pro_Vio_adu_2025_9_Colorado2025_x014848_y013824
Unknown_Sample,20251031_040_pol_pro_Vio_adu_2025_9_Colorado2025.czi,Vio_adu,870.75,15468.0,13987.0,39,37,126.33,0.952,20251031_040_pol_pro_Vio_adu_2025_9_Colorado2025_x014848_y013824
Unknown_Sample,20251031_040_pol_pro_Vio_adu_2025_9_Colorado2025.czi,Vio_adu,480.97,15477.0,14035.0,22,35,100.63,0.932,20251031_040_pol_pro_Vio_adu_2025_9_Colorado2025_x014848_y013824
Unknown_Sample,20251031_040_pol_pro_Vio_adu_2025_9_Colorado2025.czi,Vio_adu,611.03,15585.0,14237.0,34,30,106.43,0.96,20251031_040_pol_pro_Vio_adu_2025_9_Colorado2025_x015360_y013824
Unknown_Sample,20251031_040_pol_pro_Vio_adu_2025_9_Colorado2025.czi,Vio_adu,702.22,15744.0,14179.0,35,34,113.5,0.959,20251031_040_pol_pro_Vio_adu_2025_9_Colorado2025_x015360_y013824
Unknown_Sample,20251031_040_pol_pro_Vio_adu_2025_9_Colorado2025.czi,Vio_adu,870.36,15467.0,13987.0,39,37,125.74,0.959,20251031_040_pol_pro_Vio_adu_2025_9_Colorado2025_x015360_y013824
Unknown_Sample,20251031_040_pol_pro_Vio_adu_2025_9_Colorado2025.czi,Vio_adu,720.69,15482.0,14035.0,34,35,115.84,0.957,20251031_040_pol_pro_Vio_adu_2025_9_Colorado2025_x015360_y013824
Unknown_Sample,20251031_040_pol_pro_Vio_adu_2025_9_Colorado2025.czi,Vio_adu,694.14,17007.0,14218.0,32,34,112.77,0.953,20251031_040_pol_pro_Vio_adu_2025_9_Colorado2025_x016384_y013824
Unknown_Sample,20251031_040_pol_pro_Vio_adu_2025_9_Colorado2025.czi,Vio_adu,239.33,16920.0,14457.0,30,13,76.14,0.889,20251031_040_pol_pro_Vio_adu_2025_9_Colorado2025_x016384_y013824
Unknown_Sample,20251031_040_pol_pro_Vio_adu_2025_9_Colorado2025.czi,Vio_adu,699.14,17007.0,14218.0,32,35,113.01,0.961,20251031_040_pol_pro_Vio_adu_2025_9_Colorado2025_x016896_y013824
Unknown_Sample,20251031_040_pol_pro_Vio_adu_2025_9_Colorado2025.czi,Vio_adu,240.1,16920.0,14457.0,30,13,76.14,0.889,20251031_040_pol_pro_Vio_adu_2025_9_Colorado2025_x016896_y013824
Unknown_Sample,20251031_040_pol_pro_Vio_adu_2025_9_Colorado2025.czi,Vio_adu,250.87,4569.0,14343.0,31,15,78.63,0.943,20251031_040_pol_pro_Vio_adu_2025_9_Colorado2025_x004096_y014336
Unknown_Sample,20251031_040_pol_pro_Vio_adu_2025_9_Colorado2025.czi,Vio_adu,613.72,5524.0,14889.0,33,31,105.84,0.959,20251031_040_pol_pro_Vio_adu_2025_9_Colorado2025_x005120_y014336
Unknown_Sample,20251031_040_pol_pro_Vio_adu_2025_9_Colorado2025.czi,Vio_adu,629.49,5770.0,14862.0,32,32,106.43,0.961,20251031_040_pol_pro_Vio_adu_2025_9_Colorado2025_x005632_y014336
Unknown_Sample,20251031_040_pol_pro_Vio_adu_2025_9_Colorado2025.czi,Vio_adu,592.56,6089.0,14826.0,30,32,104.77,0.961,20251031_040_pol_pro_Vio_adu_2025_9_Colorado2025_x005632_y014336
Unknown_Sample,20251031_040_pol_pro_Vio_adu_2025_9_Colorado2025.czi,Vio_adu,614.1,5928.0,14575.0,33,31,105.25,0.957,20251031_040_pol_pro_Vio_adu_2025_9_Colorado2025_x005632_y014336
Unknown_Sample,20251031_040_pol_pro_Vio_adu_2025_9_Colorado2025.czi,Vio_adu,557.54,5903.0,14963.0,32,27,105.21,0.94,20251031_040_pol_pro_Vio_adu_2025_9_Colorado2025_x005632_y014336
Unknown_Sample,20251031_040_pol_pro_Vio_adu_2025_9_Colorado2025.czi,Vio_adu,557.54,6479.0,14801.0,30,31,102.18,0.96,20251031_040_pol_pro_Vio_adu_2025_9_Colorado2025_x006144_y014336
Unknown_Sample,20251031_040_pol_pro_Vio_adu_2025_9_Colorado2025.czi,Vio_adu,574.47,6661.0,14612.0,31,31,103.01,0.96,20251031_040_pol_pro_Vio_adu_2025_9_Colorado2025_x006144_y014336
Unknown_Sample,20251031_040_pol_pro_Vio_adu_2025_9_Colorado2025.czi,Vio_adu,568.32,6488.0,14586.0,32,29,104.53,0.953,20251031_040_pol_pro_Vio_adu_2025_9_Colorado2025_x006144_y014336
Unknown_Sample,20251031_040_pol_pro_Vio_adu_2025_9_Colorado2025.czi,Vio_adu,633.73,6693.0,14942.0,34,32,109.84,0.946,20251031_040_pol_pro_Vio_adu_2025_9_Colorado2025_x006144_y014336
Unknown_Sample,20251031_040_pol_pro_Vio_adu_2025_9_Colorado2025.czi,Vio_adu,390.93,6711.0,14966.0,34,22,111.78,0.83,20251031_040_pol_pro_Vio_adu_2025_9_Colorado2025_x006144_y014336
Unknown_Sample,20251031_040_pol_pro_Vio_adu_2025_9_Colorado2025.czi,Vio_adu,634.11,6801.0,14859.0,33,32,107.25,0.961,20251031_040_pol_pro_Vio_adu_2025_9_Colorado2025_x006656_y014336
Unknown_Sample,20251031_040_pol_pro_Vio_adu_2025_9_Colorado2025.czi,Vio_adu,387.09,6665.0,14612.0,21,31,89.46,0.958,20251031_040_pol_pro_Vio_adu_2025_9_Colorado2025_x006656_y014336
Unknown_Sample,20251031_040_pol_pro_Vio_adu_2025_9_Colorado2025.czi,Vio_adu,634.5,6693.0,14942.0,34,32,109.84,0.946,20251031_040_pol_pro_Vio_adu_2025_9_Colorado2025_x006656_y014336
Unknown_Sample,20251031_040_pol_pro_Vio_adu_2025_9_Colorado2025.czi,Vio_adu,390.16,6711.0,14966.0,34,22,112.67,0.83,20251031_040_pol_pro_Vio_adu_2025_9_Colorado2025_x006656_y014336
Unknown_Sample,20251031_040_pol_pro_Vio_adu_2025_9_Colorado2025.czi,Vio_adu,688.37,7675.0,14553.0,34,34,112.67,0.958,20251031_040_pol_pro_Vio_adu_2025_9_Colorado2025_x007168_y014336
Unknown_Sample,20251031_040_pol_pro_Vio_adu_2025_9_Colorado2025.czi,Vio_adu,697.22,7526.0,14595.0,34,34,114.43,0.954,20251031_040_pol_pro_Vio_adu_2025_9_Colorado2025_x007168_y014336
Unknown_Sample,20251031_040_pol_pro_Vio_adu_2025_9_Colorado2025.czi,Vio_adu,631.03,7994.0,14426.0,32,33,108.43,0.958,20251031_040_pol_pro_Vio_adu_2025_9_Colorado2025_x007680_y014336
Unknown_Sample,20251031_040_pol_pro_Vio_adu_2025_9_Colorado2025.czi,Vio_adu,214.71,7685.0,14553.0,13,33,77.46,0.931,20251031_040_pol_pro_Vio_adu_2025_9_Colorado2025_x007680_y014336
Unknown_Sample,20251031_040_pol_pro_Vio_adu_2025_9_Colorado2025.czi,Vio_adu,620.64,8169.0,14543.0,33,30,108.53,0.929,20251031_040_pol_pro_Vio_adu_2025_9_Colorado2025_x007680_y014336
Unknown_Sample,20251031_040_pol_pro_Vio_adu_2025_9_Colorado2025.czi,Vio_adu,627.57,8568.0,14934.0,33,32,106.67,0.96,20251031_040_pol_pro_Vio_adu_2025_9_Colorado2025_x008192_y014336
Unknown_Sample,20251031_040_pol_pro_Vio_adu_2025_9_Colorado2025.czi,Vio_adu,582.17,9235.0,14746.0,31,31,103.01,0.966,20251031_040_pol_pro_Vio_adu_2025_9_Colorado2025_x008704_y014336
Unknown_Sample,20251031_040_pol_pro_Vio_adu_2025_9_Colorado2025.czi,Vio_adu,552.15,9009.0,14803.0,30,30,100.18,0.961,20251031_040_pol_pro_Vio_adu_2025_9_Colorado2025_x008704_y014336
Unknown_Sample,20251031_040_pol_pro_Vio_adu_2025_9_Colorado2025.czi,Vio_adu,584.86,9235.0,14746.0,31,31,103.6,0.965,20251031_040_pol_pro_Vio_adu_2025_9_Colorado2025_x009216_y014336
Unknown_Sample,20251031_040_pol_pro_Vio_adu_2025_9_Colorado2025.czi,Vio_adu,725.69,9899.0,14731.0,35,35,116.08,0.961,20251031_040_pol_pro_Vio_adu_2025_9_Colorado2025_x009728_y014336
Unknown_Sample,20251031_040_pol_pro_Vio_adu_2025_9_Colorado2025.czi,Vio_adu,710.68,9971.0,14566.0,34,35,114.67,0.961,20251031_040_pol_pro_Vio_adu_2025_9_Colorado2025_x009728_y014336
Unknown_Sample,20251031_040_pol_pro_Vio_adu_2025_9_Colorado2025.czi,Vio_adu,596.79,10102.0,14728.0,32,31,105.01,0.957,20251031_040_pol_pro_Vio_adu_2025_9_Colorado2025_x009728_y014336
Unknown_Sample,20251031_040_pol_pro_Vio_adu_2025_9_Colorado2025.czi,Vio_adu,512.14,10926.0,14503.0,28,31,98.18,0.957,20251031_040_pol_pro_Vio_adu_2025_9_Colorado2025_x010752_y014336
Unknown_Sample,20251031_040_pol_pro_Vio_adu_2025_9_Colorado2025.czi,Vio_adu,627.57,11619.0,14884.0,34,31,107.84,0.964,20251031_040_pol_pro_Vio_adu_2025_9_Colorado2025_x011264_y014336
Unknown_Sample,20251031_040_pol_pro_Vio_adu_2025_9_Colorado2025.czi,Vio_adu,695.68,11563.0,14381.0,33,35,112.08,0.961,20251031_040_pol_pro_Vio_adu_2025_9_Colorado2025_x011264_y014336
Unknown_Sample,20251031_040_pol_pro_Vio_adu_2025_9_Colorado2025.czi,Vio_adu,679.13,11776.0,14736.0,34,35,112.33,0.96,20251031_040_pol_pro_Vio_adu_2025_9_Colorado2025_x011264_y014336
Unknown_Sample,20251031_040_pol_pro_Vio_adu_2025_9_Colorado2025.czi,Vio_adu,664.51,12309.0,14644.0,34,33,110.67,0.967,20251031_040_pol_pro_Vio_adu_2025_9_Colorado2025_x011776_y014336
Unknown_Sample,20251031_040_pol_pro_Vio_adu_2025_9_Colorado2025.czi,Vio_adu,756.86,12217.0,14562.0,36,35,117.5,0.963,20251031_040_pol_pro_Vio_adu_2025_9_Colorado2025_x011776_y014336
Unknown_Sample,20251031_040_pol_pro_Vio_adu_2025_9_Colorado2025.czi,Vio_adu,330.52,11783.0,14736.0,17,35,88.87,0.949,20251031_040_pol_pro_Vio_adu_2025_9_Colorado2025_x011776_y014336
Unknown_Sample,20251031_040_pol_pro_Vio_adu_2025_9_Colorado2025.czi,Vio_adu,664.51,12309.0,14644.0,34,33,110.67,0.967,20251031_040_pol_pro_Vio_adu_2025_9_Colorado2025_x012288_y014336
Unknown_Sample,20251031_040_pol_pro_Vio_adu_2025_9_Colorado2025.czi,Vio_adu,677.98,12518.0,14810.0,34,33,110.08,0.966,20251031_040_pol_pro_Vio_adu_2025_9_Colorado2025_x012288_y014336
Unknown_Sample,20251031_040_pol_pro_Vio_adu_2025_9_Colorado2025.czi,Vio_adu,724.92,13174.0,14499.0,34,35,115.25,0.963,20251031_040_pol_pro_Vio_adu_2025_9_Colorado2025_x012800_y014336
Unknown_Sample,20251031_040_pol_pro_Vio_adu_2025_9_Colorado2025.czi,Vio_adu,806.49,13326.0,14805.0,37,37,121.74,0.963,20251031_040_pol_pro_Vio_adu_2025_9_Colorado2025_x012800_y014336
Unknown_Sample,20251031_040_pol_pro_Vio_adu_2025_9_Colorado2025.czi,Vio_adu,748.78,13327.0,14805.0,33,37,118.43,0.967,20251031_040_pol_pro_Vio_adu_2025_9_Colorado2025_x013312_y014336
Unknown_Sample,20251031_040_pol_pro_Vio_adu_2025_9_Colorado2025.czi,Vio_adu,652.2,13834.0,14433.0,33,32,107.84,0.96,20251031_040_pol_pro_Vio_adu_2025_9_Colorado2025_x013312_y014336
Unknown_Sample,20251031_040_pol_pro_Vio_adu_2025_9_Colorado2025.czi,Vio_adu,553.69,13837.0,14433.0,27,32,102.87,0.964,20251031_040_pol_pro_Vio_adu_2025_9_Colorado2025_x013824_y014336
Unknown_Sample,20251031_040_pol_pro_Vio_adu_2025_9_Colorado2025.czi,Vio_adu,668.74,14415.0,14930.0,34,31,109.6,0.961,20251031_040_pol_pro_Vio_adu_2025_9_Colorado2025_x013824_y014336
Unknown_Sample,20251031_040_pol_pro_Vio_adu_2025_9_Colorado2025.czi,Vio_adu,668.74,14415.0,14930.0,34,31,109.6,0.961,20251031_040_pol_pro_Vio_adu_2025_9_Colorado2025_x014336_y014336
Unknown_Sample,20251031_040_pol_pro_Vio_adu_2025_9_Colorado2025.czi,Vio_adu,681.82,14577.0,14832.0,34,34,112.08,0.961,20251031_040_pol_pro_Vio_adu_2025_9_Colorado2025_x014336_y014336
Unknown_Sample,20251031_040_pol_pro_Vio_adu_2025_9_Colorado2025.czi,Vio_adu,729.15,14907.0,14704.0,35,35,116.67,0.96,20251031_040_pol_pro_Vio_adu_2025_9_Colorado2025_x014336_y014336
Unknown_Sample,20251031_040_pol_pro_Vio_adu_2025_9_Colorado2025.czi,Vio_adu,696.45,14845.0,14960.0,35,30,114.28,0.956,20251031_040_pol_pro_Vio_adu_2025_9_Colorado2025_x014336_y014336
Unknown_Sample,20251031_040_pol_pro_Vio_adu_2025_9_Colorado2025.czi,Vio_adu,638.34,15043.0,14727.0,32,32,107.01,0.964,20251031_040_pol_pro_Vio_adu_2025_9_Colorado2025_x014848_y014336
Unknown_Sample,20251031_040_pol_pro_Vio_adu_2025_9_Colorado2025.czi,Vio_adu,826.5,15281.0,14900.0,37,38,123.74,0.961,20251031_040_pol_pro_Vio_adu_2025_9_Colorado2025_x014848_y014336
Unknown_Sample,20251031_040_pol_pro_Vio_adu_2025_9_Colorado2025.czi,Vio_adu,732.23,14907.0,14704.0,35,35,116.67,0.96,20251031_040_pol_pro_Vio_adu_2025_9_Colorado2025_x014848_y014336
Unknown_Sample,20251031_040_pol_pro_Vio_adu_2025_9_Colorado2025.czi,Vio_adu,784.17,15339.0,14952.0,37,36,119.74,0.951,20251031_040_pol_pro_Vio_adu_2025_9_Colorado2025_x014848_y014336
Unknown_Sample,20251031_040_pol_pro_Vio_adu_2025_9_Colorado2025.czi,Vio_adu,271.65,14855.0,14961.0,15,30,78.97,0.935,20251031_040_pol_pro_Vio_adu_2025_9_Colorado2025_x014848_y014336
Unknown_Sample,20251031_040_pol_pro_Vio_adu_2025_9_Colorado2025.czi,Vio_adu,727.23,15633.0,14470.0,36,33,116.43,0.963,20251031_040_pol_pro_Vio_adu_2025_9_Colorado2025_x015360_y014336
Unknown_Sample,20251031_040_pol_pro_Vio_adu_2025_9_Colorado2025.czi,Vio_adu,814.57,16327.0,14656.0,36,37,121.5,0.962,20251031_040_pol_pro_Vio_adu_2025_9_Colorado2025_x015872_y014336
Unknown_Sample,20251031_040_pol_pro_Vio_adu_2025_9_Colorado2025.czi,Vio_adu,542.15,16920.0,14464.0,30,29,99.36,0.957,20251031_040_pol_pro_Vio_adu_2025_9_Colorado2025_x016384_y014336
Unknown_Sample,20251031_040_pol_pro_Vio_adu_2025_9_Colorado2025.czi,Vio_adu,542.15,16920.0,14464.0,30,29,99.36,0.957,20251031_040_pol_pro_Vio_adu_2025_9_Colorado2025_x016896_y014336
Unknown_Sample,20251031_040_pol_pro_Vio_adu_2025_9_Colorado2025.czi,Vio_adu,572.55,17544.0,14501.0,31,30,101.6,0.96,20251031_040_pol_pro_Vio_adu_2025_9_Colorado2025_x017408_y014336
Unknown_Sample,20251031_040_pol_pro_Vio_adu_2025_9_Colorado2025.czi,Vio_adu,520.99,3553.0,15155.0,30,30,98.43,0.921,20251031_040_pol_pro_Vio_adu_2025_9_Colorado2025_x003072_y014848
Unknown_Sample,20251031_040_pol_pro_Vio_adu_2025_9_Colorado2025.czi,Vio_adu,531.38,4462.0,15454.0,28,32,99.01,0.951,20251031_040_pol_pro_Vio_adu_2025_9_Colorado2025_x004096_y014848
Unknown_Sample,20251031_040_pol_pro_Vio_adu_2025_9_Colorado2025.czi,Vio_adu,581.78,5007.0,15001.0,31,31,103.6,0.957,20251031_040_pol_pro_Vio_adu_2025_9_Colorado2025_x004608_y014848
Unknown_Sample,20251031_040_pol_pro_Vio_adu_2025_9_Colorado2025.czi,Vio_adu,603.33,5379.0,15026.0,32,31,104.43,0.962,20251031_040_pol_pro_Vio_adu_2025_9_Colorado2025_x005120_y014848
Unknown_Sample,20251031_040_pol_pro_Vio_adu_2025_9_Colorado2025.czi,Vio_adu,612.95,5524.0,14889.0,33,31,105.84,0.959,20251031_040_pol_pro_Vio_adu_2025_9_Colorado2025_x005120_y014848
Unknown_Sample,20251031_040_pol_pro_Vio_adu_2025_9_Colorado2025.czi,Vio_adu,654.51,5494.0,15028.0,34,33,109.5,0.958,20251031_040_pol_pro_Vio_adu_2025_9_Colorado2025_x005120_y014848
Unknown_Sample,20251031_040_pol_pro_Vio_adu_2025_9_Colorado2025.czi,Vio_adu,662.59,5364.0,15213.0,34,34,110.91,0.952,20251031_040_pol_pro_Vio_adu_2025_9_Colorado2025_x005120_y014848
Unknown_Sample,20251031_040_pol_pro_Vio_adu_2025_9_Colorado2025.czi,Vio_adu,607.18,5770.0,14862.0,32,30,105.94,0.965,20251031_040_pol_pro_Vio_adu_2025_9_Colorado2025_x005632_y014848
Unknown_Sample,20251031_040_pol_pro_Vio_adu_2025_9_Colorado2025.czi,Vio_adu,587.94,6147.0,15003.0,32,31,103.25,0.958,20251031_040_pol_pro_Vio_adu_2025_9_Colorado2025_x005632_y014848
Unknown_Sample,20251031_040_pol_pro_Vio_adu_2025_9_Colorado2025.czi,Vio_adu,653.74,5903.0,14965.0,32,34,109.84,0.957,20251031_040_pol_pro_Vio_adu_2025_9_Colorado2025_x005632_y014848
Unknown_Sample,20251031_040_pol_pro_Vio_adu_2025_9_Colorado2025.czi,Vio_adu,651.04,5929.0,15381.0,34,33,110.08,0.954,20251031_040_pol_pro_Vio_adu_2025_9_Colorado2025_x005632_y014848
Unknown_Sample,20251031_040_pol_pro_Vio_adu_2025_9_Colorado2025.czi,Vio_adu,355.15,6153.0,15003.0,20,31,86.87,0.962,20251031_040_pol_pro_Vio_adu_2025_9_Colorado2025_x006144_y014848
Unknown_Sample,20251031_040_pol_pro_Vio_adu_2025_9_Colorado2025.czi,Vio_adu,656.81,6693.0,14943.0,34,32,111.01,0.946,20251031_040_pol_pro_Vio_adu_2025_9_Colorado2025_x006144_y014848
Unknown_Sample,20251031_040_pol_pro_Vio_adu_2025_9_Colorado2025.czi,Vio_adu,636.81,6712.0,14973.0,33,33,108.67,0.915,20251031_040_pol_pro_Vio_adu_2025_9_Colorado2025_x006144_y014848
Unknown_Sample,20251031_040_pol_pro_Vio_adu_2025_9_Colorado2025.czi,Vio_adu,555.23,6801.0,14860.0,33,27,103.7,0.965,20251031_040_pol_pro_Vio_adu_2025_9_Colorado2025_x006656_y014848
Unknown_Sample,20251031_040_pol_pro_Vio_adu_2025_9_Colorado2025.czi,Vio_adu,493.28,7041.0,15042.0,29,28,94.77,0.957,20251031_040_pol_pro_Vio_adu_2025_9_Colorado2025_x006656_y014848
Unknown_Sample,20251031_040_pol_pro_Vio_adu_2025_9_Colorado2025.czi,Vio_adu,656.81,6693.0,14943.0,34,32,111.01,0.946,20251031_040_pol_pro_Vio_adu_2025_9_Colorado2025_x006656_y014848
Unknown_Sample,20251031_040_pol_pro_Vio_adu_2025_9_Colorado2025.czi,Vio_adu,83.5,7205.0,15050.0,13,11,39.9,0.916,20251031_040_pol_pro_Vio_adu_2025_9_Colorado2025_x006656_y014848
Unknown_Sample,20251031_040_pol_pro_Vio_adu_2025_9_Colorado2025.czi,Vio_adu,636.04,6712.0,14973.0,33,33,108.67,0.916,20251031_040_pol_pro_Vio_adu_2025_9_Colorado2025_x006656_y014848
Unknown_Sample,20251031_040_pol_pro_Vio_adu_2025_9_Colorado2025.czi,Vio_adu,85.04,7204.0,15050.0,13,11,41.07,0.851,20251031_040_pol_pro_Vio_adu_2025_9_Colorado2025_x007168_y014848
Unknown_Sample,20251031_040_pol_pro_Vio_adu_2025_9_Colorado2025.czi,Vio_adu,654.51,8255.0,15276.0,32,33,107.84,0.958,20251031_040_pol_pro_Vio_adu_2025_9_Colorado2025_x007680_y014848
Unknown_Sample,20251031_040_pol_pro_Vio_adu_2025_9_Colorado2025.czi,Vio_adu,627.57,8568.0,14934.0,33,32,106.67,0.96,20251031_040_pol_pro_Vio_adu_2025_9_Colorado2025_x008192_y014848
Unknown_Sample,20251031_040_pol_pro_Vio_adu_2025_9_Colorado2025.czi,Vio_adu,653.74,8255.0,15276.0,32,33,107.84,0.958,20251031_040_pol_pro_Vio_adu_2025_9_Colorado2025_x008192_y014848
Unknown_Sample,20251031_040_pol_pro_Vio_adu_2025_9_Colorado2025.czi,Vio_adu,623.72,9294.0,15398.0,33,31,107.01,0.958,20251031_040_pol_pro_Vio_adu_2025_9_Colorado2025_x008704_y014848
Unknown_Sample,20251031_040_pol_pro_Vio_adu_2025_9_Colorado2025.czi,Vio_adu,702.22,9603.0,15116.0,34,35,113.5,0.96,20251031_040_pol_pro_Vio_adu_2025_9_Colorado2025_x009216_y014848
Unknown_Sample,20251031_040_pol_pro_Vio_adu_2025_9_Colorado2025.czi,Vio_adu,622.18,9294.0,15398.0,33,31,107.01,0.958,20251031_040_pol_pro_Vio_adu_2025_9_Colorado2025_x009216_y014848
Unknown_Sample,20251031_040_pol_pro_Vio_adu_2025_9_Colorado2025.czi,Vio_adu,629.88,10038.0,15298.0,32,33,107.84,0.962,20251031_040_pol_pro_Vio_adu_2025_9_Colorado2025_x009728_y014848
Unknown_Sample,20251031_040_pol_pro_Vio_adu_2025_9_Colorado2025.czi,Vio_adu,619.88,10236.0,15078.0,33,31,107.01,0.962,20251031_040_pol_pro_Vio_adu_2025_9_Colorado2025_x009728_y014848
Unknown_Sample,20251031_040_pol_pro_Vio_adu_2025_9_Colorado2025.czi,Vio_adu,698.75,10314.0,15266.0,35,33,113.25,0.96,20251031_040_pol_pro_Vio_adu_2025_9_Colorado2025_x009728_y014848
Unknown_Sample,20251031_040_pol_pro_Vio_adu_2025_9_Colorado2025.czi,Vio_adu,624.49,10200.0,15046.0,31,33,107.01,0.959,20251031_040_pol_pro_Vio_adu_2025_9_Colorado2025_x009728_y014848
Unknown_Sample,20251031_040_pol_pro_Vio_adu_2025_9_Colorado2025.czi,Vio_adu,509.83,10180.0,15475.0,31,25,99.21,0.943,20251031_040_pol_pro_Vio_adu_2025_9_Colorado2025_x009728_y014848
Unknown_Sample,20251031_040_pol_pro_Vio_adu_2025_9_Colorado2025.czi,Vio_adu,644.12,10583.0,15312.0,32,33,109.6,0.96,20251031_040_pol_pro_Vio_adu_2025_9_Colorado2025_x010240_y014848
Unknown_Sample,20251031_040_pol_pro_Vio_adu_2025_9_Colorado2025.czi,Vio_adu,702.6,10314.0,15266.0,36,33,114.08,0.96,20251031_040_pol_pro_Vio_adu_2025_9_Colorado2025_x010240_y014848
Unknown_Sample,20251031_040_pol_pro_Vio_adu_2025_9_Colorado2025.czi,Vio_adu,210.86,10246.0,15078.0,13,30,73.8,0.937,20251031_040_pol_pro_Vio_adu_2025_9_Colorado2025_x010240_y014848
Unknown_Sample,20251031_040_pol_pro_Vio_adu_2025_9_Colorado2025.czi,Vio_adu,627.57,11619.0,14884.0,34,31,107.84,0.964,20251031_040_pol_pro_Vio_adu_2025_9_Colorado2025_x011264_y014848
Unknown_Sample,20251031_040_pol_pro_Vio_adu_2025_9_Colorado2025.czi,Vio_adu,592.17,11653.0,15008.0,32,30,104.18,0.96,20251031_040_pol_pro_Vio_adu_2025_9_Colorado2025_x011264_y014848
Unknown_Sample,20251031_040_pol_pro_Vio_adu_2025_9_Colorado2025.czi,Vio_adu,579.86,11437.0,15476.0,37,25,108.87,0.94,20251031_040_pol_pro_Vio_adu_2025_9_Colorado2025_x011264_y014848
Unknown_Sample,20251031_040_pol_pro_Vio_adu_2025_9_Colorado2025.czi,Vio_adu,532.15,12213.0,15476.0,34,24,104.38,0.943,20251031_040_pol_pro_Vio_adu_2025_9_Colorado2025_x011776_y014848
Unknown_Sample,20251031_040_pol_pro_Vio_adu_2025_9_Colorado2025.czi,Vio_adu,748.78,12888.0,15025.0,37,34,118.08,0.96,20251031_040_pol_pro_Vio_adu_2025_9_Colorado2025_x012288_y014848
Unknown_Sample,20251031_040_pol_pro_Vio_adu_2025_9_Colorado2025.czi,Vio_adu,717.61,12859.0,15225.0,35,35,115.5,0.958,20251031_040_pol_pro_Vio_adu_2025_9_Colorado2025_x012288_y014848
Unknown_Sample,20251031_040_pol_pro_Vio_adu_2025_9_Colorado2025.czi,Vio_adu,750.7,12888.0,15025.0,37,34,118.67,0.96,20251031_040_pol_pro_Vio_adu_2025_9_Colorado2025_x012800_y014848
Unknown_Sample,20251031_040_pol_pro_Vio_adu_2025_9_Colorado2025.czi,Vio_adu,718.38,12859.0,15225.0,35,35,115.5,0.958,20251031_040_pol_pro_Vio_adu_2025_9_Colorado2025_x012800_y014848
Unknown_Sample,20251031_040_pol_pro_Vio_adu_2025_9_Colorado2025.czi,Vio_adu,666.43,13812.0,15041.0,32,34,111.6,0.964,20251031_040_pol_pro_Vio_adu_2025_9_Colorado2025_x013312_y014848
Unknown_Sample,20251031_040_pol_pro_Vio_adu_2025_9_Colorado2025.czi,Vio_adu,617.57,13465.0,15445.0,31,33,107.01,0.956,20251031_040_pol_pro_Vio_adu_2025_9_Colorado2025_x013312_y014848
Unknown_Sample,20251031_040_pol_pro_Vio_adu_2025_9_Colorado2025.czi,Vio_adu,668.74,14415.0,14930.0,34,31,109.6,0.962,20251031_040_pol_pro_Vio_adu_2025_9_Colorado2025_x013824_y014848
Unknown_Sample,20251031_040_pol_pro_Vio_adu_2025_9_Colorado2025.czi,Vio_adu,538.3,14000.0,15073.0,31,28,100.53,0.961,20251031_040_pol_pro_Vio_adu_2025_9_Colorado2025_x013824_y014848
Unknown_Sample,20251031_040_pol_pro_Vio_adu_2025_9_Colorado2025.czi,Vio_adu,749.93,14845.0,14961.0,35,34,117.01,0.964,20251031_040_pol_pro_Vio_adu_2025_9_Colorado2025_x014336_y014848
Unknown_Sample,20251031_040_pol_pro_Vio_adu_2025_9_Colorado2025.czi,Vio_adu,641.81,14766.0,15236.0,35,30,108.43,0.963,20251031_040_pol_pro_Vio_adu_2025_9_Colorado2025_x014336_y014848
Unknown_Sample,20251031_040_pol_pro_Vio_adu_2025_9_Colorado2025.czi,Vio_adu,668.74,14415.0,14930.0,34,31,109.6,0.962,20251031_040_pol_pro_Vio_adu_2025_9_Colorado2025_x014336_y014848
Unknown_Sample,20251031_040_pol_pro_Vio_adu_2025_9_Colorado2025.czi,Vio_adu,662.59,14690.0,15353.0,35,32,110.08,0.959,20251031_040_pol_pro_Vio_adu_2025_9_Colorado2025_x014336_y014848
Unknown_Sample,20251031_040_pol_pro_Vio_adu_2025_9_Colorado2025.czi,Vio_adu,830.73,15281.0,14900.0,37,38,124.33,0.961,20251031_040_pol_pro_Vio_adu_2025_9_Colorado2025_x014848_y014848
Unknown_Sample,20251031_040_pol_pro_Vio_adu_2025_9_Colorado2025.czi,Vio_adu,794.56,15339.0,14952.0,37,37,121.15,0.954,20251031_040_pol_pro_Vio_adu_2025_9_Colorado2025_x014848_y014848
Unknown_Sample,20251031_040_pol_pro_Vio_adu_2025_9_Colorado2025.czi,Vio_adu,288.2,14855.0,14961.0,15,33,83.21,0.943,20251031_040_pol_pro_Vio_adu_2025_9_Colorado2025_x014848_y014848
Unknown_Sample,20251031_040_pol_pro_Vio_adu_2025_9_Colorado2025.czi,Vio_adu,736.08,15530.0,15004.0,36,34,117.84,0.961,20251031_040_pol_pro_Vio_adu_2025_9_Colorado2025_x015360_y014848
Unknown_Sample,20251031_040_pol_pro_Vio_adu_2025_9_Colorado2025.czi,Vio_adu,747.24,16703.0,15400.0,34,37,119.25,0.963,20251031_040_pol_pro_Vio_adu_2025_9_Colorado2025_x016384_y014848
Unknown_Sample,20251031_040_pol_pro_Vio_adu_2025_9_Colorado2025.czi,Vio_adu,652.2,16855.0,15084.0,31,35,111.01,0.961,20251031_040_pol_pro_Vio_adu_2025_9_Colorado2025_x016384_y014848
Unknown_Sample,20251031_040_pol_pro_Vio_adu_2025_9_Colorado2025.czi,Vio_adu,644.89,16978.0,15056.0,32,34,109.25,0.96,20251031_040_pol_pro_Vio_adu_2025_9_Colorado2025_x016384_y014848
Unknown_Sample,20251031_040_pol_pro_Vio_adu_2025_9_Colorado2025.czi,Vio_adu,748.78,17005.0,15223.0,36,34,118.43,0.954,20251031_040_pol_pro_Vio_adu_2025_9_Colorado2025_x016384_y014848
Unknown_Sample,20251031_040_pol_pro_Vio_adu_2025_9_Colorado2025.czi,Vio_adu,738.39,17004.0,15223.0,35,34,115.84,0.961,20251031_040_pol_pro_Vio_adu_2025_9_Colorado2025_x016896_y014848
Unknown_Sample,20251031_040_pol_pro_Vio_adu_2025_9_Colorado2025.czi,Vio_adu,647.19,16978.0,15056.0,32,34,109.25,0.96,20251031_040_pol_pro_Vio_adu_2025_9_Colorado2025_x016896_y014848
Unknown_Sample,20251031_040_pol_pro_Vio_adu_2025_9_Colorado2025.czi,Vio_adu,714.15,17115.0,15039.0,35,35,114.91,0.959,20251031_040_pol_pro_Vio_adu_2025_9_Colorado2025_x016896_y014848
Unknown_Sample,20251031_040_pol_pro_Vio_adu_2025_9_Colorado2025.czi,Vio_adu,537.53,4462.0,15454.0,29,32,101.01,0.95,20251031_040_pol_pro_Vio_adu_2025_9_Colorado2025_x004096_y015360
Unknown_Sample,20251031_040_pol_pro_Vio_adu_2025_9_Colorado2025.czi,Vio_adu,602.18,5911.0,15840.0,32,30,104.18,0.959,20251031_040_pol_pro_Vio_adu_2025_9_Colorado2025_x005632_y015360
Unknown_Sample,20251031_040_pol_pro_Vio_adu_2025_9_Colorado2025.czi,Vio_adu,652.58,5929.0,15381.0,34,33,110.08,0.953,20251031_040_pol_pro_Vio_adu_2025_9_Colorado2025_x005632_y015360
Unknown_Sample,20251031_040_pol_pro_Vio_adu_2025_9_Colorado2025.czi,Vio_adu,704.14,6623.0,15661.0,35,33,113.25,0.959,20251031_040_pol_pro_Vio_adu_2025_9_Colorado2025_x006144_y015360
Unknown_Sample,20251031_040_pol_pro_Vio_adu_2025_9_Colorado2025.czi,Vio_adu,187.77,6778.0,15726.0,11,29,70.14,0.869,20251031_040_pol_pro_Vio_adu_2025_9_Colorado2025_x006144_y015360
Unknown_Sample,20251031_040_pol_pro_Vio_adu_2025_9_Colorado2025.czi,Vio_adu,629.88,6806.0,15593.0,34,31,109.01,0.959,20251031_040_pol_pro_Vio_adu_2025_9_Colorado2025_x006656_y015360
Unknown_Sample,20251031_040_pol_pro_Vio_adu_2025_9_Colorado2025.czi,Vio_adu,628.34,6788.0,15725.0,33,32,109.01,0.954,20251031_040_pol_pro_Vio_adu_2025_9_Colorado2025_x006656_y015360
Unknown_Sample,20251031_040_pol_pro_Vio_adu_2025_9_Colorado2025.czi,Vio_adu,305.9,7488.0,15494.0,28,19,77.7,0.931,20251031_040_pol_pro_Vio_adu_2025_9_Colorado2025_x007168_y015360
Unknown_Sample,20251031_040_pol_pro_Vio_adu_2025_9_Colorado2025.czi,Vio_adu,577.17,8878.0,15681.0,31,32,105.6,0.964,20251031_040_pol_pro_Vio_adu_2025_9_Colorado2025_x008704_y015360
Unknown_Sample,20251031_040_pol_pro_Vio_adu_2025_9_Colorado2025.czi,Vio_adu,623.72,9294.0,15398.0,33,31,107.01,0.958,20251031_040_pol_pro_Vio_adu_2025_9_Colorado2025_x008704_y015360
Unknown_Sample,20251031_040_pol_pro_Vio_adu_2025_9_Colorado2025.czi,Vio_adu,703.76,9463.0,15618.0,34,34,115.01,0.961,20251031_040_pol_pro_Vio_adu_2025_9_Colorado2025_x009216_y015360
Unknown_Sample,20251031_040_pol_pro_Vio_adu_2025_9_Colorado2025.czi,Vio_adu,624.11,9294.0,15398.0,33,31,107.6,0.956,20251031_040_pol_pro_Vio_adu_2025_9_Colorado2025_x009216_y015360
Unknown_Sample,20251031_040_pol_pro_Vio_adu_2025_9_Colorado2025.czi,Vio_adu,604.48,10180.0,15478.0,31,32,106.18,0.948,20251031_040_pol_pro_Vio_adu_2025_9_Colorado2025_x009728_y015360
Unknown_Sample,20251031_040_pol_pro_Vio_adu_2025_9_Colorado2025.czi,Vio_adu,529.84,10196.0,15504.0,30,33,101.5,0.921,20251031_040_pol_pro_Vio_adu_2025_9_Colorado2025_x009728_y015360
Unknown_Sample,20251031_040_pol_pro_Vio_adu_2025_9_Colorado2025.czi,Vio_adu,588.71,10855.0,15804.0,31,32,103.25,0.962,20251031_040_pol_pro_Vio_adu_2025_9_Colorado2025_x010240_y015360
Unknown_Sample,20251031_040_pol_pro_Vio_adu_2025_9_Colorado2025.czi,Vio_adu,295.89,10654.0,15874.0,23,24,76.53,0.921,20251031_040_pol_pro_Vio_adu_2025_9_Colorado2025_x010240_y015360
Unknown_Sample,20251031_040_pol_pro_Vio_adu_2025_9_Colorado2025.czi,Vio_adu,590.63,10855.0,15804.0,31,32,102.67,0.962,20251031_040_pol_pro_Vio_adu_2025_9_Colorado2025_x010752_y015360
Unknown_Sample,20251031_040_pol_pro_Vio_adu_2025_9_Colorado2025.czi,Vio_adu,667.2,11838.0,15797.0,33,33,109.25,0.959,20251031_040_pol_pro_Vio_adu_2025_9_Colorado2025_x011264_y015360
Unknown_Sample,20251031_040_pol_pro_Vio_adu_2025_9_Colorado2025.czi,Vio_adu,733.0,11437.0,15479.0,37,33,115.5,0.959,20251031_040_pol_pro_Vio_adu_2025_9_Colorado2025_x011264_y015360
Unknown_Sample,20251031_040_pol_pro_Vio_adu_2025_9_Colorado2025.czi,Vio_adu,662.97,12213.0,15479.0,34,32,109.84,0.963,20251031_040_pol_pro_Vio_adu_2025_9_Colorado2025_x011776_y015360
Unknown_Sample,20251031_040_pol_pro_Vio_adu_2025_9_Colorado2025.czi,Vio_adu,667.2,11838.0,15797.0,33,33,109.25,0.959,20251031_040_pol_pro_Vio_adu_2025_9_Colorado2025_x011776_y015360
Unknown_Sample,20251031_040_pol_pro_Vio_adu_2025_9_Colorado2025.czi,Vio_adu,482.51,12848.0,15492.0,27,29,93.94,0.959,20251031_040_pol_pro_Vio_adu_2025_9_Colorado2025_x012288_y015360
Unknown_Sample,20251031_040_pol_pro_Vio_adu_2025_9_Colorado2025.czi,Vio_adu,664.51,13075.0,15579.0,33,33,109.84,0.966,20251031_040_pol_pro_Vio_adu_2025_9_Colorado2025_x012800_y015360
Unknown_Sample,20251031_040_pol_pro_Vio_adu_2025_9_Colorado2025.czi,Vio_adu,481.74,12848.0,15492.0,27,29,93.94,0.959,20251031_040_pol_pro_Vio_adu_2025_9_Colorado2025_x012800_y015360
Unknown_Sample,20251031_040_pol_pro_Vio_adu_2025_9_Colorado2025.czi,Vio_adu,610.26,13794.0,15715.0,33,30,106.77,0.965,20251031_040_pol_pro_Vio_adu_2025_9_Colorado2025_x013312_y015360
Unknown_Sample,20251031_040_pol_pro_Vio_adu_2025_9_Colorado2025.czi,Vio_adu,633.73,13821.0,15910.0,32,34,108.67,0.961,20251031_040_pol_pro_Vio_adu_2025_9_Colorado2025_x013312_y015360
Unknown_Sample,20251031_040_pol_pro_Vio_adu_2025_9_Colorado2025.czi,Vio_adu,617.57,13465.0,15445.0,31,33,107.01,0.957,20251031_040_pol_pro_Vio_adu_2025_9_Colorado2025_x013312_y015360
Unknown_Sample,20251031_040_pol_pro_Vio_adu_2025_9_Colorado2025.czi,Vio_adu,230.1,13830.0,15911.0,13,32,77.8,0.936,20251031_040_pol_pro_Vio_adu_2025_9_Colorado2025_x013824_y015360
Unknown_Sample,20251031_040_pol_pro_Vio_adu_2025_9_Colorado2025.czi,Vio_adu,147.75,14690.0,15365.0,27,10,62.97,0.941,20251031_040_pol_pro_Vio_adu_2025_9_Colorado2025_x014336_y015360
Unknown_Sample,20251031_040_pol_pro_Vio_adu_2025_9_Colorado2025.czi,Vio_adu,681.05,15390.0,15710.0,33,34,112.43,0.959,20251031_040_pol_pro_Vio_adu_2025_9_Colorado2025_x014848_y015360
Unknown_Sample,20251031_040_pol_pro_Vio_adu_2025_9_Colorado2025.czi,Vio_adu,775.33,15317.0,15880.0,36,35,117.5,0.954,20251031_040_pol_pro_Vio_adu_2025_9_Colorado2025_x014848_y015360
Unknown_Sample,20251031_040_pol_pro_Vio_adu_2025_9_Colorado2025.czi,Vio_adu,654.89,15319.0,15917.0,35,31,110.43,0.954,20251031_040_pol_pro_Vio_adu_2025_9_Colorado2025_x014848_y015360
Unknown_Sample,20251031_040_pol_pro_Vio_adu_2025_9_Colorado2025.czi,Vio_adu,727.23,15846.0,15774.0,36,34,114.91,0.96,20251031_040_pol_pro_Vio_adu_2025_9_Colorado2025_x015360_y015360
Unknown_Sample,20251031_040_pol_pro_Vio_adu_2025_9_Colorado2025.czi,Vio_adu,684.52,15390.0,15710.0,33,34,113.01,0.956,20251031_040_pol_pro_Vio_adu_2025_9_Colorado2025_x015360_y015360
Unknown_Sample,20251031_040_pol_pro_Vio_adu_2025_9_Colorado2025.czi,Vio_adu,760.32,16689.0,15713.0,35,35,117.25,0.965,20251031_040_pol_pro_Vio_adu_2025_9_Colorado2025_x016384_y015360
Unknown_Sample,20251031_040_pol_pro_Vio_adu_2025_9_Colorado2025.czi,Vio_adu,747.24,16703.0,15400.0,34,37,119.25,0.963,20251031_040_pol_pro_Vio_adu_2025_9_Colorado2025_x016384_y015360
Unknown_Sample,20251031_040_pol_pro_Vio_adu_2025_9_Colorado2025.czi,Vio_adu,577.93,16729.0,15719.0,32,29,102.77,0.963,20251031_040_pol_pro_Vio_adu_2025_9_Colorado2025_x016384_y015360
Unknown_Sample,20251031_040_pol_pro_Vio_adu_2025_9_Colorado2025.czi,Vio_adu,630.26,16847.0,15612.0,33,32,108.43,0.959,20251031_040_pol_pro_Vio_adu_2025_9_Colorado2025_x016384_y015360
Unknown_Sample,20251031_040_pol_pro_Vio_adu_2025_9_Colorado2025.czi,Vio_adu,252.41,17017.0,15672.0,14,30,76.97,0.887,20251031_040_pol_pro_Vio_adu_2025_9_Colorado2025_x016384_y015360
Unknown_Sample,20251031_040_pol_pro_Vio_adu_2025_9_Colorado2025.czi,Vio_adu,659.51,17026.0,15671.0,34,31,109.6,0.961,20251031_040_pol_pro_Vio_adu_2025_9_Colorado2025_x016896_y015360
Unknown_Sample,20251031_040_pol_pro_Vio_adu_2025_9_Colorado2025.czi,Vio_adu,609.1,3773.0,16381.0,32,31,106.18,0.793,20251031_040_pol_pro_Vio_adu_2025_9_Colorado2025_x003584_y015872
Unknown_Sample,20251031_040_pol_pro_Vio_adu_2025_9_Colorado2025.czi,Vio_adu,634.11,4496.0,16111.0,34,32,109.25,0.954,20251031_040_pol_pro_Vio_adu_2025_9_Colorado2025_x004096_y015872
Unknown_Sample,20251031_040_pol_pro_Vio_adu_2025_9_Colorado2025.czi,Vio_adu,581.4,4759.0,16395.0,31,32,102.67,0.953,20251031_040_pol_pro_Vio_adu_2025_9_Colorado2025_x004608_y015872
Unknown_Sample,20251031_040_pol_pro_Vio_adu_2025_9_Colorado2025.czi,Vio_adu,661.43,5078.0,16129.0,35,34,109.98,0.949,20251031_040_pol_pro_Vio_adu_2025_9_Colorado2025_x004608_y015872
Unknown_Sample,20251031_040_pol_pro_Vio_adu_2025_9_Colorado2025.czi,Vio_adu,540.61,5631.0,16177.0,31,28,98.18,0.952,20251031_040_pol_pro_Vio_adu_2025_9_Colorado2025_x005120_y015872
Unknown_Sample,20251031_040_pol_pro_Vio_adu_2025_9_Colorado2025.czi,Vio_adu,523.3,5719.0,16462.0,30,29,97.6,0.948,20251031_040_pol_pro_Vio_adu_2025_9_Colorado2025_x005120_y015872
Unknown_Sample,20251031_040_pol_pro_Vio_adu_2025_9_Colorado2025.czi,Vio_adu,604.1,5962.0,16057.0,32,32,106.43,0.962,20251031_040_pol_pro_Vio_adu_2025_9_Colorado2025_x005632_y015872
Unknown_Sample,20251031_040_pol_pro_Vio_adu_2025_9_Colorado2025.czi,Vio_adu,669.51,5845.0,16055.0,35,32,111.25,0.96,20251031_040_pol_pro_Vio_adu_2025_9_Colorado2025_x005632_y015872
Unknown_Sample,20251031_040_pol_pro_Vio_adu_2025_9_Colorado2025.czi,Vio_adu,523.3,5719.0,16462.0,30,29,97.6,0.947,20251031_040_pol_pro_Vio_adu_2025_9_Colorado2025_x005632_y015872
Unknown_Sample,20251031_040_pol_pro_Vio_adu_2025_9_Colorado2025.czi,Vio_adu,245.49,5639.0,16177.0,15,28,73.8,0.946,20251031_040_pol_pro_Vio_adu_2025_9_Colorado2025_x005632_y015872
Unknown_Sample,20251031_040_pol_pro_Vio_adu_2025_9_Colorado2025.czi,Vio_adu,494.44,7018.0,16459.0,29,29,96.18,0.946,20251031_040_pol_pro_Vio_adu_2025_9_Colorado2025_x006656_y015872
Unknown_Sample,20251031_040_pol_pro_Vio_adu_2025_9_Colorado2025.czi,Vio_adu,555.23,7637.0,16389.0,31,30,101.01,0.955,20251031_040_pol_pro_Vio_adu_2025_9_Colorado2025_x007168_y015872
Unknown_Sample,20251031_040_pol_pro_Vio_adu_2025_9_Colorado2025.czi,Vio_adu,559.85,8189.0,16424.0,30,32,101.84,0.956,20251031_040_pol_pro_Vio_adu_2025_9_Colorado2025_x007680_y015872
Unknown_Sample,20251031_040_pol_pro_Vio_adu_2025_9_Colorado2025.czi,Vio_adu,562.16,8146.0,16219.0,31,30,102.18,0.951,20251031_040_pol_pro_Vio_adu_2025_9_Colorado2025_x007680_y015872
Unknown_Sample,20251031_040_pol_pro_Vio_adu_2025_9_Colorado2025.czi,Vio_adu,181.23,8197.0,16424.0,12,30,71.21,0.937,20251031_040_pol_pro_Vio_adu_2025_9_Colorado2025_x008192_y015872
Unknown_Sample,20251031_040_pol_pro_Vio_adu_2025_9_Colorado2025.czi,Vio_adu,662.59,8927.0,16368.0,33,34,111.25,0.958,20251031_040_pol_pro_Vio_adu_2025_9_Colorado2025_x008704_y015872
Unknown_Sample,20251031_040_pol_pro_Vio_adu_2025_9_Colorado2025.czi,Vio_adu,643.35,9242.0,16400.0,33,32,108.43,0.957,20251031_040_pol_pro_Vio_adu_2025_9_Colorado2025_x008704_y015872
Unknown_Sample,20251031_040_pol_pro_Vio_adu_2025_9_Colorado2025.czi,Vio_adu,602.18,9105.0,16368.0,32,32,105.84,0.954,20251031_040_pol_pro_Vio_adu_2025_9_Colorado2025_x008704_y015872
Unknown_Sample,20251031_040_pol_pro_Vio_adu_2025_9_Colorado2025.czi,Vio_adu,654.12,9741.0,16487.0,31,34,109.6,0.96,20251031_040_pol_pro_Vio_adu_2025_9_Colorado2025_x009216_y015872
Unknown_Sample,20251031_040_pol_pro_Vio_adu_2025_9_Colorado2025.czi,Vio_adu,643.35,9242.0,16400.0,33,32,108.43,0.957,20251031_040_pol_pro_Vio_adu_2025_9_Colorado2025_x009216_y015872
Unknown_Sample,20251031_040_pol_pro_Vio_adu_2025_9_Colorado2025.czi,Vio_adu,241.64,9459.0,16309.0,16,25,68.63,0.926,20251031_040_pol_pro_Vio_adu_2025_9_Colorado2025_x009216_y015872
Unknown_Sample,20251031_040_pol_pro_Vio_adu_2025_9_Colorado2025.czi,Vio_adu,626.42,9742.0,16487.0,29,34,107.94,0.963,20251031_040_pol_pro_Vio_adu_2025_9_Colorado2025_x009728_y015872
Unknown_Sample,20251031_040_pol_pro_Vio_adu_2025_9_Colorado2025.czi,Vio_adu,634.11,10218.0,16282.0,34,31,108.43,0.96,20251031_040_pol_pro_Vio_adu_2025_9_Colorado2025_x009728_y015872
Unknown_Sample,20251031_040_pol_pro_Vio_adu_2025_9_Colorado2025.czi,Vio_adu,603.71,10487.0,16227.0,32,31,105.01,0.96,20251031_040_pol_pro_Vio_adu_2025_9_Colorado2025_x010240_y015872
Unknown_Sample,20251031_040_pol_pro_Vio_adu_2025_9_Colorado2025.czi,Vio_adu,636.81,10798.0,16013.0,33,32,109.01,0.959,20251031_040_pol_pro_Vio_adu_2025_9_Colorado2025_x010240_y015872
Unknown_Sample,20251031_040_pol_pro_Vio_adu_2025_9_Colorado2025.czi,Vio_adu,185.85,10655.0,15878.0,23,14,62.38,0.945,20251031_040_pol_pro_Vio_adu_2025_9_Colorado2025_x010240_y015872
Unknown_Sample,20251031_040_pol_pro_Vio_adu_2025_9_Colorado2025.czi,Vio_adu,637.58,10798.0,16013.0,33,32,109.01,0.958,20251031_040_pol_pro_Vio_adu_2025_9_Colorado2025_x010752_y015872
Unknown_Sample,20251031_040_pol_pro_Vio_adu_2025_9_Colorado2025.czi,Vio_adu,612.95,11316.0,16263.0,32,32,105.84,0.958,20251031_040_pol_pro_Vio_adu_2025_9_Colorado2025_x010752_y015872
Unknown_Sample,20251031_040_pol_pro_Vio_adu_2025_9_Colorado2025.czi,Vio_adu,772.25,11348.0,16076.0,36,35,118.67,0.956,20251031_040_pol_pro_Vio_adu_2025_9_Colorado2025_x010752_y015872
Unknown_Sample,20251031_040_pol_pro_Vio_adu_2025_9_Colorado2025.czi,Vio_adu,631.03,11504.0,16079.0,33,32,107.25,0.958,20251031_040_pol_pro_Vio_adu_2025_9_Colorado2025_x011264_y015872
Unknown_Sample,20251031_040_pol_pro_Vio_adu_2025_9_Colorado2025.czi,Vio_adu,612.95,11316.0,16263.0,32,32,105.84,0.957,20251031_040_pol_pro_Vio_adu_2025_9_Colorado2025_x011264_y015872
Unknown_Sample,20251031_040_pol_pro_Vio_adu_2025_9_Colorado2025.czi,Vio_adu,772.25,11348.0,16076.0,36,35,118.67,0.956,20251031_040_pol_pro_Vio_adu_2025_9_Colorado2025_x011264_y015872
Unknown_Sample,20251031_040_pol_pro_Vio_adu_2025_9_Colorado2025.czi,Vio_adu,604.1,12129.0,16310.0,31,32,105.6,0.961,20251031_040_pol_pro_Vio_adu_2025_9_Colorado2025_x011776_y015872
Unknown_Sample,20251031_040_pol_pro_Vio_adu_2025_9_Colorado2025.czi,Vio_adu,638.73,12512.0,16100.0,32,33,108.43,0.963,20251031_040_pol_pro_Vio_adu_2025_9_Colorado2025_x012288_y015872
Unknown_Sample,20251031_040_pol_pro_Vio_adu_2025_9_Colorado2025.czi,Vio_adu,579.86,12897.0,16095.0,33,29,103.01,0.959,20251031_040_pol_pro_Vio_adu_2025_9_Colorado2025_x012288_y015872
Unknown_Sample,20251031_040_pol_pro_Vio_adu_2025_9_Colorado2025.czi,Vio_adu,579.86,12897.0,16095.0,33,29,103.01,0.96,20251031_040_pol_pro_Vio_adu_2025_9_Colorado2025_x012800_y015872
Unknown_Sample,20251031_040_pol_pro_Vio_adu_2025_9_Colorado2025.czi,Vio_adu,675.28,13037.0,16116.0,32,35,113.01,0.959,20251031_040_pol_pro_Vio_adu_2025_9_Colorado2025_x012800_y015872
Unknown_Sample,20251031_040_pol_pro_Vio_adu_2025_9_Colorado2025.czi,Vio_adu,657.2,12995.0,16189.0,33,33,109.25,0.958,20251031_040_pol_pro_Vio_adu_2025_9_Colorado2025_x012800_y015872
Unknown_Sample,20251031_040_pol_pro_Vio_adu_2025_9_Colorado2025.czi,Vio_adu,574.09,13249.0,16498.0,32,28,105.46,0.951,20251031_040_pol_pro_Vio_adu_2025_9_Colorado2025_x012800_y015872
Unknown_Sample,20251031_040_pol_pro_Vio_adu_2025_9_Colorado2025.czi,Vio_adu,282.81,13167.0,16068.0,21,22,73.21,0.945,20251031_040_pol_pro_Vio_adu_2025_9_Colorado2025_x012800_y015872
Unknown_Sample,20251031_040_pol_pro_Vio_adu_2025_9_Colorado2025.czi,Vio_adu,786.1,13742.0,16383.0,35,36,118.67,0.964,20251031_040_pol_pro_Vio_adu_2025_9_Colorado2025_x013312_y015872
Unknown_Sample,20251031_040_pol_pro_Vio_adu_2025_9_Colorado2025.czi,Vio_adu,655.66,13742.0,16165.0,33,32,109.6,0.962,20251031_040_pol_pro_Vio_adu_2025_9_Colorado2025_x013312_y015872
Unknown_Sample,20251031_040_pol_pro_Vio_adu_2025_9_Colorado2025.czi,Vio_adu,633.73,13821.0,15910.0,32,34,108.67,0.961,20251031_040_pol_pro_Vio_adu_2025_9_Colorado2025_x013312_y015872
Unknown_Sample,20251031_040_pol_pro_Vio_adu_2025_9_Colorado2025.czi,Vio_adu,696.45,13586.0,16345.0,34,34,112.08,0.96,20251031_040_pol_pro_Vio_adu_2025_9_Colorado2025_x013312_y015872
Unknown_Sample,20251031_040_pol_pro_Vio_adu_2025_9_Colorado2025.czi,Vio_adu,490.21,14149.0,16380.0,27,29,93.94,0.958,20251031_040_pol_pro_Vio_adu_2025_9_Colorado2025_x013824_y015872
Unknown_Sample,20251031_040_pol_pro_Vio_adu_2025_9_Colorado2025.czi,Vio_adu,232.41,13830.0,15911.0,13,32,77.8,0.934,20251031_040_pol_pro_Vio_adu_2025_9_Colorado2025_x013824_y015872
Unknown_Sample,20251031_040_pol_pro_Vio_adu_2025_9_Colorado2025.czi,Vio_adu,729.92,14944.0,16474.0,34,35,115.84,0.964,20251031_040_pol_pro_Vio_adu_2025_9_Colorado2025_x014336_y015872
Unknown_Sample,20251031_040_pol_pro_Vio_adu_2025_9_Colorado2025.czi,Vio_adu,730.69,14944.0,16474.0,34,35,115.84,0.964,20251031_040_pol_pro_Vio_adu_2025_9_Colorado2025_x014848_y015872
Unknown_Sample,20251031_040_pol_pro_Vio_adu_2025_9_Colorado2025.czi,Vio_adu,711.45,15412.0,16048.0,35,35,115.5,0.958,20251031_040_pol_pro_Vio_adu_2025_9_Colorado2025_x014848_y015872
Unknown_Sample,20251031_040_pol_pro_Vio_adu_2025_9_Colorado2025.czi,Vio_adu,594.86,15317.0,15884.0,36,26,109.46,0.955,20251031_040_pol_pro_Vio_adu_2025_9_Colorado2025_x014848_y015872
Unknown_Sample,20251031_040_pol_pro_Vio_adu_2025_9_Colorado2025.czi,Vio_adu,655.66,15319.0,15917.0,35,31,110.43,0.954,20251031_040_pol_pro_Vio_adu_2025_9_Colorado2025_x014848_y015872
Unknown_Sample,20251031_040_pol_pro_Vio_adu_2025_9_Colorado2025.czi,Vio_adu,711.45,15412.0,16048.0,35,35,115.5,0.958,20251031_040_pol_pro_Vio_adu_2025_9_Colorado2025_x015360_y015872
Unknown_Sample,20251031_040_pol_pro_Vio_adu_2025_9_Colorado2025.czi,Vio_adu,793.79,16679.0,16034.0,34,40,122.33,0.959,20251031_040_pol_pro_Vio_adu_2025_9_Colorado2025_x016384_y015872
Unknown_Sample,20251031_040_pol_pro_Vio_adu_2025_9_Colorado2025.czi,Vio_adu,667.97,17041.0,16161.0,32,37,112.91,0.927,20251031_040_pol_pro_Vio_adu_2025_9_Colorado2025_x016896_y015872
Unknown_Sample,20251031_040_pol_pro_Vio_adu_2025_9_Colorado2025.czi,Vio_adu,575.63,17069.0,16169.0,32,31,103.25,0.926,20251031_040_pol_pro_Vio_adu_2025_9_Colorado2025_x016896_y015872
Unknown_Sample,20251031_040_pol_pro_Vio_adu_2025_9_Colorado2025.czi,Vio_adu,202.78,3774.0,16389.0,30,13,73.21,0.872,20251031_040_pol_pro_Vio_adu_2025_9_Colorado2025_x003584_y016384
Unknown_Sample,20251031_040_pol_pro_Vio_adu_2025_9_Colorado2025.czi,Vio_adu,116.2,3716.0,17017.0,15,13,48.49,0.516,20251031_040_pol_pro_Vio_adu_2025_9_Colorado2025_x003584_y016384
Unknown_Sample,20251031_040_pol_pro_Vio_adu_2025_9_Colorado2025.czi,Vio_adu,582.94,4326.0,16987.0,32,30,103.01,0.955,20251031_040_pol_pro_Vio_adu_2025_9_Colorado2025_x004096_y016384
Unknown_Sample,20251031_040_pol_pro_Vio_adu_2025_9_Colorado2025.czi,Vio_adu,516.37,4759.0,16396.0,31,27,99.11,0.957,20251031_040_pol_pro_Vio_adu_2025_9_Colorado2025_x004608_y016384
Unknown_Sample,20251031_040_pol_pro_Vio_adu_2025_9_Colorado2025.czi,Vio_adu,529.45,4778.0,16738.0,30,29,98.77,0.955,20251031_040_pol_pro_Vio_adu_2025_9_Colorado2025_x004608_y016384
Unknown_Sample,20251031_040_pol_pro_Vio_adu_2025_9_Colorado2025.czi,Vio_adu,491.74,5036.0,16818.0,30,28,96.77,0.946,20251031_040_pol_pro_Vio_adu_2025_9_Colorado2025_x004608_y016384
Unknown_Sample,20251031_040_pol_pro_Vio_adu_2025_9_Colorado2025.czi,Vio_adu,666.82,5541.0,16778.0,34,33,110.67,0.955,20251031_040_pol_pro_Vio_adu_2025_9_Colorado2025_x005120_y016384
Unknown_Sample,20251031_040_pol_pro_Vio_adu_2025_9_Colorado2025.czi,Vio_adu,523.68,5445.0,16714.0,29,30,98.18,0.951,20251031_040_pol_pro_Vio_adu_2025_9_Colorado2025_x005120_y016384
Unknown_Sample,20251031_040_pol_pro_Vio_adu_2025_9_Colorado2025.czi,Vio_adu,523.3,5719.0,16462.0,30,29,97.6,0.948,20251031_040_pol_pro_Vio_adu_2025_9_Colorado2025_x005120_y016384
Unknown_Sample,20251031_040_pol_pro_Vio_adu_2025_9_Colorado2025.czi,Vio_adu,639.11,6239.0,16780.0,32,32,107.01,0.957,20251031_040_pol_pro_Vio_adu_2025_9_Colorado2025_x005632_y016384
Unknown_Sample,20251031_040_pol_pro_Vio_adu_2025_9_Colorado2025.czi,Vio_adu,604.1,6203.0,16953.0,32,31,105.6,0.957,20251031_040_pol_pro_Vio_adu_2025_9_Colorado2025_x005632_y016384
Unknown_Sample,20251031_040_pol_pro_Vio_adu_2025_9_Colorado2025.czi,Vio_adu,644.5,6171.0,16690.0,33,33,109.84,0.957,20251031_040_pol_pro_Vio_adu_2025_9_Colorado2025_x005632_y016384
Unknown_Sample,20251031_040_pol_pro_Vio_adu_2025_9_Colorado2025.czi,Vio_adu,644.89,5786.0,16879.0,33,32,108.43,0.956,20251031_040_pol_pro_Vio_adu_2025_9_Colorado2025_x005632_y016384
Unknown_Sample,20251031_040_pol_pro_Vio_adu_2025_9_Colorado2025.czi,Vio_adu,552.54,5766.0,16711.0,31,30,100.43,0.951,20251031_040_pol_pro_Vio_adu_2025_9_Colorado2025_x005632_y016384
Unknown_Sample,20251031_040_pol_pro_Vio_adu_2025_9_Colorado2025.czi,Vio_adu,523.3,5719.0,16462.0,30,29,97.6,0.948,20251031_040_pol_pro_Vio_adu_2025_9_Colorado2025_x005632_y016384
Unknown_Sample,20251031_040_pol_pro_Vio_adu_2025_9_Colorado2025.czi,Vio_adu,592.94,5943.0,16600.0,31,32,103.84,0.941,20251031_040_pol_pro_Vio_adu_2025_9_Colorado2025_x005632_y016384
Unknown_Sample,20251031_040_pol_pro_Vio_adu_2025_9_Colorado2025.czi,Vio_adu,644.5,6171.0,16690.0,33,33,109.84,0.957,20251031_040_pol_pro_Vio_adu_2025_9_Colorado2025_x006144_y016384
Unknown_Sample,20251031_040_pol_pro_Vio_adu_2025_9_Colorado2025.czi,Vio_adu,639.11,6239.0,16780.0,32,32,107.01,0.957,20251031_040_pol_pro_Vio_adu_2025_9_Colorado2025_x006144_y016384
Unknown_Sample,20251031_040_pol_pro_Vio_adu_2025_9_Colorado2025.czi,Vio_adu,604.1,6203.0,16953.0,32,31,105.6,0.956,20251031_040_pol_pro_Vio_adu_2025_9_Colorado2025_x006144_y016384
Unknown_Sample,20251031_040_pol_pro_Vio_adu_2025_9_Colorado2025.czi,Vio_adu,292.05,6524.0,16905.0,23,21,74.04,0.944,20251031_040_pol_pro_Vio_adu_2025_9_Colorado2025_x006144_y016384
Unknown_Sample,20251031_040_pol_pro_Vio_adu_2025_9_Colorado2025.czi,Vio_adu,659.89,7238.0,16923.0,34,32,111.01,0.96,20251031_040_pol_pro_Vio_adu_2025_9_Colorado2025_x006656_y016384
Unknown_Sample,20251031_040_pol_pro_Vio_adu_2025_9_Colorado2025.czi,Vio_adu,617.18,7004.0,16847.0,31,33,106.43,0.954,20251031_040_pol_pro_Vio_adu_2025_9_Colorado2025_x006656_y016384
Unknown_Sample,20251031_040_pol_pro_Vio_adu_2025_9_Colorado2025.czi,Vio_adu,532.15,7006.0,16738.0,31,28,99.36,0.953,20251031_040_pol_pro_Vio_adu_2025_9_Colorado2025_x006656_y016384
Unknown_Sample,20251031_040_pol_pro_Vio_adu_2025_9_Colorado2025.czi,Vio_adu,494.05,7018.0,16459.0,29,29,95.6,0.947,20251031_040_pol_pro_Vio_adu_2025_9_Colorado2025_x006656_y016384
Unknown_Sample,20251031_040_pol_pro_Vio_adu_2025_9_Colorado2025.czi,Vio_adu,510.98,7051.0,16934.0,28,31,97.6,0.947,20251031_040_pol_pro_Vio_adu_2025_9_Colorado2025_x006656_y016384
Unknown_Sample,20251031_040_pol_pro_Vio_adu_2025_9_Colorado2025.czi,Vio_adu,659.89,7238.0,16923.0,34,32,111.01,0.96,20251031_040_pol_pro_Vio_adu_2025_9_Colorado2025_x007168_y016384
Unknown_Sample,20251031_040_pol_pro_Vio_adu_2025_9_Colorado2025.czi,Vio_adu,626.42,7715.0,16654.0,31,33,106.43,0.96,20251031_040_pol_pro_Vio_adu_2025_9_Colorado2025_x007168_y016384
Unknown_Sample,20251031_040_pol_pro_Vio_adu_2025_9_Colorado2025.czi,Vio_adu,389.01,7637.0,16393.0,32,21,90.87,0.954,20251031_040_pol_pro_Vio_adu_2025_9_Colorado2025_x007168_y016384
Unknown_Sample,20251031_040_pol_pro_Vio_adu_2025_9_Colorado2025.czi,Vio_adu,542.92,7768.0,16784.0,31,29,100.18,0.953,20251031_040_pol_pro_Vio_adu_2025_9_Colorado2025_x007168_y016384
Unknown_Sample,20251031_040_pol_pro_Vio_adu_2025_9_Colorado2025.czi,Vio_adu,627.19,7715.0,16654.0,31,33,106.43,0.96,20251031_040_pol_pro_Vio_adu_2025_9_Colorado2025_x007680_y016384
Unknown_Sample,20251031_040_pol_pro_Vio_adu_2025_9_Colorado2025.czi,Vio_adu,634.88,7824.0,16731.0,33,32,108.43,0.96,20251031_040_pol_pro_Vio_adu_2025_9_Colorado2025_x007680_y016384
Unknown_Sample,20251031_040_pol_pro_Vio_adu_2025_9_Colorado2025.czi,Vio_adu,647.58,8275.0,16665.0,33,32,109.01,0.958,20251031_040_pol_pro_Vio_adu_2025_9_Colorado2025_x007680_y016384
Unknown_Sample,20251031_040_pol_pro_Vio_adu_2025_9_Colorado2025.czi,Vio_adu,622.95,8083.0,17000.0,34,30,107.01,0.957,20251031_040_pol_pro_Vio_adu_2025_9_Colorado2025_x007680_y016384
Unknown_Sample,20251031_040_pol_pro_Vio_adu_2025_9_Colorado2025.czi,Vio_adu,560.23,8189.0,16424.0,30,32,102.43,0.956,20251031_040_pol_pro_Vio_adu_2025_9_Colorado2025_x007680_y016384
Unknown_Sample,20251031_040_pol_pro_Vio_adu_2025_9_Colorado2025.czi,Vio_adu,595.25,7990.0,16605.0,32,31,105.01,0.955,20251031_040_pol_pro_Vio_adu_2025_9_Colorado2025_x007680_y016384
Unknown_Sample,20251031_040_pol_pro_Vio_adu_2025_9_Colorado2025.czi,Vio_adu,541.77,7768.0,16784.0,31,29,99.6,0.953,20251031_040_pol_pro_Vio_adu_2025_9_Colorado2025_x007680_y016384
Unknown_Sample,20251031_040_pol_pro_Vio_adu_2025_9_Colorado2025.czi,Vio_adu,654.51,8713.0,16659.0,35,31,109.84,0.959,20251031_040_pol_pro_Vio_adu_2025_9_Colorado2025_x008192_y016384
Unknown_Sample,20251031_040_pol_pro_Vio_adu_2025_9_Colorado2025.czi,Vio_adu,659.12,8275.0,16665.0,33,33,109.84,0.958,20251031_040_pol_pro_Vio_adu_2025_9_Colorado2025_x008192_y016384
Unknown_Sample,20251031_040_pol_pro_Vio_adu_2025_9_Colorado2025.czi,Vio_adu,180.46,8197.0,16424.0,12,30,71.21,0.937,20251031_040_pol_pro_Vio_adu_2025_9_Colorado2025_x008192_y016384
Unknown_Sample,20251031_040_pol_pro_Vio_adu_2025_9_Colorado2025.czi,Vio_adu,332.45,8755.0,17015.0,34,17,88.63,0.891,20251031_040_pol_pro_Vio_adu_2025_9_Colorado2025_x008192_y016384
Unknown_Sample,20251031_040_pol_pro_Vio_adu_2025_9_Colorado2025.czi,Vio_adu,528.3,8716.0,16659.0,27,31,100.87,0.963,20251031_040_pol_pro_Vio_adu_2025_9_Colorado2025_x008704_y016384
Unknown_Sample,20251031_040_pol_pro_Vio_adu_2025_9_Colorado2025.czi,Vio_adu,651.04,9242.0,16400.0,33,32,109.6,0.958,20251031_040_pol_pro_Vio_adu_2025_9_Colorado2025_x008704_y016384
Unknown_Sample,20251031_040_pol_pro_Vio_adu_2025_9_Colorado2025.czi,Vio_adu,332.45,8755.0,17015.0,34,17,88.63,0.891,20251031_040_pol_pro_Vio_adu_2025_9_Colorado2025_x008704_y016384
Unknown_Sample,20251031_040_pol_pro_Vio_adu_2025_9_Colorado2025.czi,Vio_adu,613.33,9796.0,16867.0,33,31,106.43,0.964,20251031_040_pol_pro_Vio_adu_2025_9_Colorado2025_x009216_y016384
Unknown_Sample,20251031_040_pol_pro_Vio_adu_2025_9_Colorado2025.czi,Vio_adu,572.16,9636.0,16571.0,30,31,102.18,0.961,20251031_040_pol_pro_Vio_adu_2025_9_Colorado2025_x009216_y016384
Unknown_Sample,20251031_040_pol_pro_Vio_adu_2025_9_Colorado2025.czi,Vio_adu,659.89,9741.0,16487.0,31,35,111.01,0.96,20251031_040_pol_pro_Vio_adu_2025_9_Colorado2025_x009216_y016384
Unknown_Sample,20251031_040_pol_pro_Vio_adu_2025_9_Colorado2025.czi,Vio_adu,651.04,9242.0,16400.0,33,32,109.6,0.959,20251031_040_pol_pro_Vio_adu_2025_9_Colorado2025_x009216_y016384
Unknown_Sample,20251031_040_pol_pro_Vio_adu_2025_9_Colorado2025.czi,Vio_adu,611.79,9796.0,16867.0,33,31,106.43,0.964,20251031_040_pol_pro_Vio_adu_2025_9_Colorado2025_x009728_y016384
Unknown_Sample,20251031_040_pol_pro_Vio_adu_2025_9_Colorado2025.czi,Vio_adu,628.73,9742.0,16487.0,29,35,108.77,0.964,20251031_040_pol_pro_Vio_adu_2025_9_Colorado2025_x009728_y016384
Unknown_Sample,20251031_040_pol_pro_Vio_adu_2025_9_Colorado2025.czi,Vio_adu,609.1,9907.0,16588.0,31,31,105.36,0.962,20251031_040_pol_pro_Vio_adu_2025_9_Colorado2025_x009728_y016384
Unknown_Sample,20251031_040_pol_pro_Vio_adu_2025_9_Colorado2025.czi,Vio_adu,535.22,10059.0,16924.0,30,29,99.36,0.961,20251031_040_pol_pro_Vio_adu_2025_9_Colorado2025_x009728_y016384
Unknown_Sample,20251031_040_pol_pro_Vio_adu_2025_9_Colorado2025.czi,Vio_adu,652.97,9893.0,16886.0,32,33,109.01,0.959,20251031_040_pol_pro_Vio_adu_2025_9_Colorado2025_x009728_y016384
Unknown_Sample,20251031_040_pol_pro_Vio_adu_2025_9_Colorado2025.czi,Vio_adu,287.43,11347.0,17016.0,33,15,83.21,0.897,20251031_040_pol_pro_Vio_adu_2025_9_Colorado2025_x010752_y016384
Unknown_Sample,20251031_040_pol_pro_Vio_adu_2025_9_Colorado2025.czi,Vio_adu,672.97,11423.0,16832.0,32,34,111.01,0.961,20251031_040_pol_pro_Vio_adu_2025_9_Colorado2025_x011264_y016384
Unknown_Sample,20251031_040_pol_pro_Vio_adu_2025_9_Colorado2025.czi,Vio_adu,287.04,11347.0,17016.0,33,15,82.63,0.897,20251031_040_pol_pro_Vio_adu_2025_9_Colorado2025_x011264_y016384
Unknown_Sample,20251031_040_pol_pro_Vio_adu_2025_9_Colorado2025.czi,Vio_adu,557.16,11959.0,16524.0,30,31,101.6,0.959,20251031_040_pol_pro_Vio_adu_2025_9_Colorado2025_x011776_y016384
Unknown_Sample,20251031_040_pol_pro_Vio_adu_2025_9_Colorado2025.czi,Vio_adu,707.99,12737.0,16668.0,34,35,112.91,0.959,20251031_040_pol_pro_Vio_adu_2025_9_Colorado2025_x012288_y016384
Unknown_Sample,20251031_040_pol_pro_Vio_adu_2025_9_Colorado2025.czi,Vio_adu,571.39,12519.0,16551.0,33,30,102.67,0.959,20251031_040_pol_pro_Vio_adu_2025_9_Colorado2025_x012288_y016384
Unknown_Sample,20251031_040_pol_pro_Vio_adu_2025_9_Colorado2025.czi,Vio_adu,626.42,12974.0,16890.0,32,32,106.43,0.964,20251031_040_pol_pro_Vio_adu_2025_9_Colorado2025_x012800_y016384
Unknown_Sample,20251031_040_pol_pro_Vio_adu_2025_9_Colorado2025.czi,Vio_adu,637.19,13249.0,16499.0,32,33,108.43,0.962,20251031_040_pol_pro_Vio_adu_2025_9_Colorado2025_x012800_y016384
Unknown_Sample,20251031_040_pol_pro_Vio_adu_2025_9_Colorado2025.czi,Vio_adu,661.82,13175.0,16647.0,35,31,109.25,0.961,20251031_040_pol_pro_Vio_adu_2025_9_Colorado2025_x012800_y016384
Unknown_Sample,20251031_040_pol_pro_Vio_adu_2025_9_Colorado2025.czi,Vio_adu,598.71,13052.0,16625.0,31,31,104.77,0.961,20251031_040_pol_pro_Vio_adu_2025_9_Colorado2025_x012800_y016384
Unknown_Sample,20251031_040_pol_pro_Vio_adu_2025_9_Colorado2025.czi,Vio_adu,629.49,13054.0,16933.0,33,32,107.25,0.96,20251031_040_pol_pro_Vio_adu_2025_9_Colorado2025_x012800_y016384
Unknown_Sample,20251031_040_pol_pro_Vio_adu_2025_9_Colorado2025.czi,Vio_adu,721.84,13488.0,16771.0,34,36,114.91,0.959,20251031_040_pol_pro_Vio_adu_2025_9_Colorado2025_x013312_y016384
Unknown_Sample,20251031_040_pol_pro_Vio_adu_2025_9_Colorado2025.czi,Vio_adu,364.77,13741.0,16392.0,34,19,90.28,0.953,20251031_040_pol_pro_Vio_adu_2025_9_Colorado2025_x013312_y016384
Unknown_Sample,20251031_040_pol_pro_Vio_adu_2025_9_Colorado2025.czi,Vio_adu,150.45,14150.0,16389.0,25,11,60.38,0.949,20251031_040_pol_pro_Vio_adu_2025_9_Colorado2025_x013824_y016384
Unknown_Sample,20251031_040_pol_pro_Vio_adu_2025_9_Colorado2025.czi,Vio_adu,729.15,14944.0,16474.0,34,35,115.84,0.964,20251031_040_pol_pro_Vio_adu_2025_9_Colorado2025_x014336_y016384
Unknown_Sample,20251031_040_pol_pro_Vio_adu_2025_9_Colorado2025.czi,Vio_adu,789.56,14519.0,16700.0,37,36,120.91,0.963,20251031_040_pol_pro_Vio_adu_2025_9_Colorado2025_x014336_y016384
Unknown_Sample,20251031_040_pol_pro_Vio_adu_2025_9_Colorado2025.czi,Vio_adu,562.54,14704.0,16843.0,30,32,102.43,0.959,20251031_040_pol_pro_Vio_adu_2025_9_Colorado2025_x014336_y016384
Unknown_Sample,20251031_040_pol_pro_Vio_adu_2025_9_Colorado2025.czi,Vio_adu,730.69,14944.0,16474.0,34,35,115.84,0.964,20251031_040_pol_pro_Vio_adu_2025_9_Colorado2025_x014848_y016384
Unknown_Sample,20251031_040_pol_pro_Vio_adu_2025_9_Colorado2025.czi,Vio_adu,739.16,15631.0,16626.0,35,35,116.67,0.963,20251031_040_pol_pro_Vio_adu_2025_9_Colorado2025_x015360_y016384
Unknown_Sample,20251031_040_pol_pro_Vio_adu_2025_9_Colorado2025.czi,Vio_adu,161.22,15669.0,16552.0,15,18,55.56,0.867,20251031_040_pol_pro_Vio_adu_2025_9_Colorado2025_x015360_y016384
Unknown_Sample,20251031_040_pol_pro_Vio_adu_2025_9_Colorado2025.czi,Vio_adu,672.59,16227.0,16632.0,34,33,112.43,0.959,20251031_040_pol_pro_Vio_adu_2025_9_Colorado2025_x015872_y016384
Unknown_Sample,20251031_040_pol_pro_Vio_adu_2025_9_Colorado2025.czi,Vio_adu,880.75,16082.0,16608.0,41,38,128.81,0.943,20251031_040_pol_pro_Vio_adu_2025_9_Colorado2025_x015872_y016384
Unknown_Sample,20251031_040_pol_pro_Vio_adu_2025_9_Colorado2025.czi,Vio_adu,146.98,17041.0,17018.0,27,10,62.97,0.879,20251031_040_pol_pro_Vio_adu_2025_9_Colorado2025_x016896_y016384
Unknown_Sample,20251031_040_pol_pro_Vio_adu_2025_9_Colorado2025.czi,Vio_adu,407.09,3776.0,17091.0,28,24,87.11,0.888,20251031_040_pol_pro_Vio_adu_2025_9_Colorado2025_x003584_y016896
Unknown_Sample,20251031_040_pol_pro_Vio_adu_2025_9_Colorado2025.czi,Vio_adu,159.3,3715.0,17019.0,16,19,57.8,0.792,20251031_040_pol_pro_Vio_adu_2025_9_Colorado2025_x003584_y016896
Unknown_Sample,20251031_040_pol_pro_Vio_adu_2025_9_Colorado2025.czi,Vio_adu,582.94,4326.0,16987.0,32,30,103.01,0.956,20251031_040_pol_pro_Vio_adu_2025_9_Colorado2025_x004096_y016896
Unknown_Sample,20251031_040_pol_pro_Vio_adu_2025_9_Colorado2025.czi,Vio_adu,504.44,4309.0,17397.0,29,30,97.01,0.953,20251031_040_pol_pro_Vio_adu_2025_9_Colorado2025_x004096_y016896
Unknown_Sample,20251031_040_pol_pro_Vio_adu_2025_9_Colorado2025.czi,Vio_adu,485.59,4552.0,17376.0,30,27,93.6,0.952,20251031_040_pol_pro_Vio_adu_2025_9_Colorado2025_x004096_y016896
Unknown_Sample,20251031_040_pol_pro_Vio_adu_2025_9_Colorado2025.czi,Vio_adu,573.32,4653.0,17042.0,32,31,104.43,0.951,20251031_040_pol_pro_Vio_adu_2025_9_Colorado2025_x004096_y016896
Unknown_Sample,20251031_040_pol_pro_Vio_adu_2025_9_Colorado2025.czi,Vio_adu,573.32,4653.0,17042.0,32,31,104.43,0.951,20251031_040_pol_pro_Vio_adu_2025_9_Colorado2025_x004608_y016896
Unknown_Sample,20251031_040_pol_pro_Vio_adu_2025_9_Colorado2025.czi,Vio_adu,586.78,5714.0,17140.0,30,32,104.18,0.952,20251031_040_pol_pro_Vio_adu_2025_9_Colorado2025_x005120_y016896
Unknown_Sample,20251031_040_pol_pro_Vio_adu_2025_9_Colorado2025.czi,Vio_adu,604.1,6203.0,16953.0,32,31,105.6,0.957,20251031_040_pol_pro_Vio_adu_2025_9_Colorado2025_x005632_y016896
Unknown_Sample,20251031_040_pol_pro_Vio_adu_2025_9_Colorado2025.czi,Vio_adu,563.7,5850.0,17065.0,30,32,103.01,0.957,20251031_040_pol_pro_Vio_adu_2025_9_Colorado2025_x005632_y016896
Unknown_Sample,20251031_040_pol_pro_Vio_adu_2025_9_Colorado2025.czi,Vio_adu,589.09,5714.0,17140.0,30,32,104.18,0.952,20251031_040_pol_pro_Vio_adu_2025_9_Colorado2025_x005632_y016896
Unknown_Sample,20251031_040_pol_pro_Vio_adu_2025_9_Colorado2025.czi,Vio_adu,523.3,6183.0,17286.0,31,29,98.43,0.947,20251031_040_pol_pro_Vio_adu_2025_9_Colorado2025_x005632_y016896
Unknown_Sample,20251031_040_pol_pro_Vio_adu_2025_9_Colorado2025.czi,Vio_adu,604.1,6203.0,16953.0,32,31,105.6,0.957,20251031_040_pol_pro_Vio_adu_2025_9_Colorado2025_x006144_y016896
Unknown_Sample,20251031_040_pol_pro_Vio_adu_2025_9_Colorado2025.czi,Vio_adu,285.89,6524.0,16906.0,23,20,73.21,0.949,20251031_040_pol_pro_Vio_adu_2025_9_Colorado2025_x006144_y016896
Unknown_Sample,20251031_040_pol_pro_Vio_adu_2025_9_Colorado2025.czi,Vio_adu,523.3,6183.0,17286.0,31,29,98.43,0.946,20251031_040_pol_pro_Vio_adu_2025_9_Colorado2025_x006144_y016896
Unknown_Sample,20251031_040_pol_pro_Vio_adu_2025_9_Colorado2025.czi,Vio_adu,660.66,7238.0,16923.0,34,32,111.01,0.96,20251031_040_pol_pro_Vio_adu_2025_9_Colorado2025_x006656_y016896
Unknown_Sample,20251031_040_pol_pro_Vio_adu_2025_9_Colorado2025.czi,Vio_adu,510.98,7051.0,16934.0,28,31,97.6,0.947,20251031_040_pol_pro_Vio_adu_2025_9_Colorado2025_x006656_y016896
Unknown_Sample,20251031_040_pol_pro_Vio_adu_2025_9_Colorado2025.czi,Vio_adu,523.3,6923.0,17422.0,30,29,97.6,0.943,20251031_040_pol_pro_Vio_adu_2025_9_Colorado2025_x006656_y016896
Unknown_Sample,20251031_040_pol_pro_Vio_adu_2025_9_Colorado2025.czi,Vio_adu,659.89,7238.0,16923.0,34,32,111.01,0.96,20251031_040_pol_pro_Vio_adu_2025_9_Colorado2025_x007168_y016896
Unknown_Sample,20251031_040_pol_pro_Vio_adu_2025_9_Colorado2025.czi,Vio_adu,588.71,7783.0,17307.0,32,32,104.08,0.95,20251031_040_pol_pro_Vio_adu_2025_9_Colorado2025_x007168_y016896
Unknown_Sample,20251031_040_pol_pro_Vio_adu_2025_9_Colorado2025.czi,Vio_adu,375.93,7796.0,17523.0,22,25,87.07,0.924,20251031_040_pol_pro_Vio_adu_2025_9_Colorado2025_x007168_y016896
Unknown_Sample,20251031_040_pol_pro_Vio_adu_2025_9_Colorado2025.czi,Vio_adu,623.72,8083.0,17000.0,34,30,107.01,0.958,20251031_040_pol_pro_Vio_adu_2025_9_Colorado2025_x007680_y016896
Unknown_Sample,20251031_040_pol_pro_Vio_adu_2025_9_Colorado2025.czi,Vio_adu,586.01,7783.0,17307.0,32,32,104.67,0.949,20251031_040_pol_pro_Vio_adu_2025_9_Colorado2025_x007680_y016896
Unknown_Sample,20251031_040_pol_pro_Vio_adu_2025_9_Colorado2025.czi,Vio_adu,442.88,7798.0,17522.0,28,25,92.04,0.939,20251031_040_pol_pro_Vio_adu_2025_9_Colorado2025_x007680_y016896
Unknown_Sample,20251031_040_pol_pro_Vio_adu_2025_9_Colorado2025.czi,Vio_adu,690.29,8755.0,17023.0,35,33,112.08,0.958,20251031_040_pol_pro_Vio_adu_2025_9_Colorado2025_x008192_y016896
Unknown_Sample,20251031_040_pol_pro_Vio_adu_2025_9_Colorado2025.czi,Vio_adu,650.66,8815.0,17497.0,32,33,111.36,0.951,20251031_040_pol_pro_Vio_adu_2025_9_Colorado2025_x008192_y016896
Unknown_Sample,20251031_040_pol_pro_Vio_adu_2025_9_Colorado2025.czi,Vio_adu,570.24,8799.0,17352.0,33,29,105.94,0.926,20251031_040_pol_pro_Vio_adu_2025_9_Colorado2025_x008192_y016896
Unknown_Sample,20251031_040_pol_pro_Vio_adu_2025_9_Colorado2025.czi,Vio_adu,567.93,8807.0,17381.0,31,32,102.08,0.919,20251031_040_pol_pro_Vio_adu_2025_9_Colorado2025_x008192_y016896
Unknown_Sample,20251031_040_pol_pro_Vio_adu_2025_9_Colorado2025.czi,Vio_adu,657.97,8815.0,17497.0,33,33,110.43,0.959,20251031_040_pol_pro_Vio_adu_2025_9_Colorado2025_x008704_y016896
Unknown_Sample,20251031_040_pol_pro_Vio_adu_2025_9_Colorado2025.czi,Vio_adu,627.19,9288.0,17254.0,30,34,106.43,0.959,20251031_040_pol_pro_Vio_adu_2025_9_Colorado2025_x008704_y016896
Unknown_Sample,20251031_040_pol_pro_Vio_adu_2025_9_Colorado2025.czi,Vio_adu,720.3,8948.0,17118.0,35,34,116.43,0.958,20251031_040_pol_pro_Vio_adu_2025_9_Colorado2025_x008704_y016896
Unknown_Sample,20251031_040_pol_pro_Vio_adu_2025_9_Colorado2025.czi,Vio_adu,690.29,8755.0,17023.0,35,33,112.08,0.958,20251031_040_pol_pro_Vio_adu_2025_9_Colorado2025_x008704_y016896
Unknown_Sample,20251031_040_pol_pro_Vio_adu_2025_9_Colorado2025.czi,Vio_adu,592.94,9298.0,17334.0,32,31,103.84,0.957,20251031_040_pol_pro_Vio_adu_2025_9_Colorado2025_x008704_y016896
Unknown_Sample,20251031_040_pol_pro_Vio_adu_2025_9_Colorado2025.czi,Vio_adu,616.8,9170.0,17332.0,34,32,107.5,0.955,20251031_040_pol_pro_Vio_adu_2025_9_Colorado2025_x008704_y016896
Unknown_Sample,20251031_040_pol_pro_Vio_adu_2025_9_Colorado2025.czi,Vio_adu,315.9,8973.0,17030.0,20,25,77.21,0.948,20251031_040_pol_pro_Vio_adu_2025_9_Colorado2025_x008704_y016896
Unknown_Sample,20251031_040_pol_pro_Vio_adu_2025_9_Colorado2025.czi,Vio_adu,571.39,8799.0,17352.0,33,29,105.36,0.926,20251031_040_pol_pro_Vio_adu_2025_9_Colorado2025_x008704_y016896
Unknown_Sample,20251031_040_pol_pro_Vio_adu_2025_9_Colorado2025.czi,Vio_adu,565.62,8807.0,17381.0,31,31,101.25,0.919,20251031_040_pol_pro_Vio_adu_2025_9_Colorado2025_x008704_y016896
Unknown_Sample,20251031_040_pol_pro_Vio_adu_2025_9_Colorado2025.czi,Vio_adu,653.35,9784.0,17091.0,34,32,110.43,0.964,20251031_040_pol_pro_Vio_adu_2025_9_Colorado2025_x009216_y016896
Unknown_Sample,20251031_040_pol_pro_Vio_adu_2025_9_Colorado2025.czi,Vio_adu,627.96,9288.0,17254.0,30,34,106.43,0.959,20251031_040_pol_pro_Vio_adu_2025_9_Colorado2025_x009216_y016896
Unknown_Sample,20251031_040_pol_pro_Vio_adu_2025_9_Colorado2025.czi,Vio_adu,594.86,9298.0,17334.0,32,31,104.43,0.957,20251031_040_pol_pro_Vio_adu_2025_9_Colorado2025_x009216_y016896
Unknown_Sample,20251031_040_pol_pro_Vio_adu_2025_9_Colorado2025.czi,Vio_adu,652.58,9784.0,17091.0,34,32,110.43,0.964,20251031_040_pol_pro_Vio_adu_2025_9_Colorado2025_x009728_y016896
Unknown_Sample,20251031_040_pol_pro_Vio_adu_2025_9_Colorado2025.czi,Vio_adu,535.99,10059.0,16924.0,30,29,99.36,0.961,20251031_040_pol_pro_Vio_adu_2025_9_Colorado2025_x009728_y016896
Unknown_Sample,20251031_040_pol_pro_Vio_adu_2025_9_Colorado2025.czi,Vio_adu,567.16,10339.0,17434.0,30,31,101.6,0.959,20251031_040_pol_pro_Vio_adu_2025_9_Colorado2025_x009728_y016896
Unknown_Sample,20251031_040_pol_pro_Vio_adu_2025_9_Colorado2025.czi,Vio_adu,534.45,10019.0,17321.0,31,29,97.84,0.952,20251031_040_pol_pro_Vio_adu_2025_9_Colorado2025_x009728_y016896
Unknown_Sample,20251031_040_pol_pro_Vio_adu_2025_9_Colorado2025.czi,Vio_adu,647.58,10816.0,17236.0,33,33,109.84,0.961,20251031_040_pol_pro_Vio_adu_2025_9_Colorado2025_x010240_y016896
Unknown_Sample,20251031_040_pol_pro_Vio_adu_2025_9_Colorado2025.czi,Vio_adu,567.16,10339.0,17434.0,30,31,101.6,0.959,20251031_040_pol_pro_Vio_adu_2025_9_Colorado2025_x010240_y016896
Unknown_Sample,20251031_040_pol_pro_Vio_adu_2025_9_Colorado2025.czi,Vio_adu,647.58,10816.0,17236.0,33,33,109.84,0.961,20251031_040_pol_pro_Vio_adu_2025_9_Colorado2025_x010752_y016896
Unknown_Sample,20251031_040_pol_pro_Vio_adu_2025_9_Colorado2025.czi,Vio_adu,685.29,11347.0,17025.0,34,34,112.67,0.96,20251031_040_pol_pro_Vio_adu_2025_9_Colorado2025_x010752_y016896
Unknown_Sample,20251031_040_pol_pro_Vio_adu_2025_9_Colorado2025.czi,Vio_adu,577.93,11238.0,17353.0,31,31,104.77,0.959,20251031_040_pol_pro_Vio_adu_2025_9_Colorado2025_x010752_y016896
Unknown_Sample,20251031_040_pol_pro_Vio_adu_2025_9_Colorado2025.czi,Vio_adu,506.37,11265.0,17392.0,29,28,95.94,0.959,20251031_040_pol_pro_Vio_adu_2025_9_Colorado2025_x010752_y016896
Unknown_Sample,20251031_040_pol_pro_Vio_adu_2025_9_Colorado2025.czi,Vio_adu,686.83,11347.0,17025.0,34,34,112.67,0.96,20251031_040_pol_pro_Vio_adu_2025_9_Colorado2025_x011264_y016896
Unknown_Sample,20251031_040_pol_pro_Vio_adu_2025_9_Colorado2025.czi,Vio_adu,626.03,11654.0,17391.0,33,31,107.01,0.958,20251031_040_pol_pro_Vio_adu_2025_9_Colorado2025_x011264_y016896
Unknown_Sample,20251031_040_pol_pro_Vio_adu_2025_9_Colorado2025.czi,Vio_adu,262.42,11271.0,17392.0,16,28,75.8,0.948,20251031_040_pol_pro_Vio_adu_2025_9_Colorado2025_x011264_y016896
Unknown_Sample,20251031_040_pol_pro_Vio_adu_2025_9_Colorado2025.czi,Vio_adu,557.54,12374.0,17257.0,31,29,101.36,0.963,20251031_040_pol_pro_Vio_adu_2025_9_Colorado2025_x011776_y016896
Unknown_Sample,20251031_040_pol_pro_Vio_adu_2025_9_Colorado2025.czi,Vio_adu,557.54,12374.0,17257.0,31,29,101.36,0.963,20251031_040_pol_pro_Vio_adu_2025_9_Colorado2025_x012288_y016896
Unknown_Sample,20251031_040_pol_pro_Vio_adu_2025_9_Colorado2025.czi,Vio_adu,600.25,12812.0,17179.0,30,32,103.6,0.963,20251031_040_pol_pro_Vio_adu_2025_9_Colorado2025_x012288_y016896
Unknown_Sample,20251031_040_pol_pro_Vio_adu_2025_9_Colorado2025.czi,Vio_adu,558.31,12646.0,17162.0,31,30,101.01,0.962,20251031_040_pol_pro_Vio_adu_2025_9_Colorado2025_x012288_y016896
Unknown_Sample,20251031_040_pol_pro_Vio_adu_2025_9_Colorado2025.czi,Vio_adu,560.23,12813.0,17179.0,27,32,102.28,0.965,20251031_040_pol_pro_Vio_adu_2025_9_Colorado2025_x012800_y016896
Unknown_Sample,20251031_040_pol_pro_Vio_adu_2025_9_Colorado2025.czi,Vio_adu,629.49,13054.0,16933.0,33,32,107.25,0.96,20251031_040_pol_pro_Vio_adu_2025_9_Colorado2025_x012800_y016896
Unknown_Sample,20251031_040_pol_pro_Vio_adu_2025_9_Colorado2025.czi,Vio_adu,147.37,12973.0,16900.0,28,10,64.38,0.939,20251031_040_pol_pro_Vio_adu_2025_9_Colorado2025_x012800_y016896
Unknown_Sample,20251031_040_pol_pro_Vio_adu_2025_9_Colorado2025.czi,Vio_adu,587.17,14410.0,17400.0,31,32,104.43,0.958,20251031_040_pol_pro_Vio_adu_2025_9_Colorado2025_x013824_y016896
Unknown_Sample,20251031_040_pol_pro_Vio_adu_2025_9_Colorado2025.czi,Vio_adu,587.17,14410.0,17400.0,31,32,104.43,0.957,20251031_040_pol_pro_Vio_adu_2025_9_Colorado2025_x014336_y016896
Unknown_Sample,20251031_040_pol_pro_Vio_adu_2025_9_Colorado2025.czi,Vio_adu,645.66,15313.0,17396.0,33,32,108.43,0.958,20251031_040_pol_pro_Vio_adu_2025_9_Colorado2025_x014848_y016896
Unknown_Sample,20251031_040_pol_pro_Vio_adu_2025_9_Colorado2025.czi,Vio_adu,804.18,16246.0,17253.0,37,36,122.08,0.963,20251031_040_pol_pro_Vio_adu_2025_9_Colorado2025_x015872_y016896
Unknown_Sample,20251031_040_pol_pro_Vio_adu_2025_9_Colorado2025.czi,Vio_adu,208.55,16310.0,17086.0,14,26,67.8,0.871,20251031_040_pol_pro_Vio_adu_2025_9_Colorado2025_x015872_y016896
Unknown_Sample,20251031_040_pol_pro_Vio_adu_2025_9_Colorado2025.czi,Vio_adu,512.52,17041.0,17028.0,28,30,97.94,0.959,20251031_040_pol_pro_Vio_adu_2025_9_Colorado2025_x016896_y016896
Unknown_Sample,20251031_040_pol_pro_Vio_adu_2025_9_Colorado2025.czi,Vio_adu,796.87,17074.0,17150.0,35,37,120.67,0.553,20251031_040_pol_pro_Vio_adu_2025_9_Colorado2025_x016896_y016896
Unknown_Sample,20251031_040_pol_pro_Vio_adu_2025_9_Colorado2025.czi,Vio_adu,487.9,4069.0,17902.0,30,27,94.77,0.938,20251031_040_pol_pro_Vio_adu_2025_9_Colorado2025_x003584_y017408
Unknown_Sample,20251031_040_pol_pro_Vio_adu_2025_9_Colorado2025.czi,Vio_adu,524.07,3796.0,17855.0,29,29,99.11,0.588,20251031_040_pol_pro_Vio_adu_2025_9_Colorado2025_x003584_y017408
Unknown_Sample,20251031_040_pol_pro_Vio_adu_2025_9_Colorado2025.czi,Vio_adu,580.24,4346.0,18010.0,31,30,103.94,0.959,20251031_040_pol_pro_Vio_adu_2025_9_Colorado2025_x004096_y017408
Unknown_Sample,20251031_040_pol_pro_Vio_adu_2025_9_Colorado2025.czi,Vio_adu,460.19,4682.0,17809.0,27,28,91.94,0.957,20251031_040_pol_pro_Vio_adu_2025_9_Colorado2025_x004096_y017408
Unknown_Sample,20251031_040_pol_pro_Vio_adu_2025_9_Colorado2025.czi,Vio_adu,546.0,4537.0,17904.0,31,30,99.84,0.953,20251031_040_pol_pro_Vio_adu_2025_9_Colorado2025_x004096_y017408
Unknown_Sample,20251031_040_pol_pro_Vio_adu_2025_9_Colorado2025.czi,Vio_adu,460.19,4682.0,17809.0,27,28,91.94,0.956,20251031_040_pol_pro_Vio_adu_2025_9_Colorado2025_x004608_y017408
Unknown_Sample,20251031_040_pol_pro_Vio_adu_2025_9_Colorado2025.czi,Vio_adu,611.41,4861.0,17623.0,32,31,106.18,0.951,20251031_040_pol_pro_Vio_adu_2025_9_Colorado2025_x004608_y017408
Unknown_Sample,20251031_040_pol_pro_Vio_adu_2025_9_Colorado2025.czi,Vio_adu,595.25,4886.0,17581.0,31,32,106.18,0.95,20251031_040_pol_pro_Vio_adu_2025_9_Colorado2025_x004608_y017408
Unknown_Sample,20251031_040_pol_pro_Vio_adu_2025_9_Colorado2025.czi,Vio_adu,296.66,4794.0,17621.0,25,21,76.87,0.875,20251031_040_pol_pro_Vio_adu_2025_9_Colorado2025_x004608_y017408
Unknown_Sample,20251031_040_pol_pro_Vio_adu_2025_9_Colorado2025.czi,Vio_adu,529.07,5600.0,17733.0,29,29,98.53,0.95,20251031_040_pol_pro_Vio_adu_2025_9_Colorado2025_x005120_y017408
Unknown_Sample,20251031_040_pol_pro_Vio_adu_2025_9_Colorado2025.czi,Vio_adu,547.54,6184.0,17706.0,31,30,101.01,0.951,20251031_040_pol_pro_Vio_adu_2025_9_Colorado2025_x005632_y017408
Unknown_Sample,20251031_040_pol_pro_Vio_adu_2025_9_Colorado2025.czi,Vio_adu,567.16,6368.0,17831.0,30,32,102.43,0.952,20251031_040_pol_pro_Vio_adu_2025_9_Colorado2025_x006144_y017408
Unknown_Sample,20251031_040_pol_pro_Vio_adu_2025_9_Colorado2025.czi,Vio_adu,549.08,6184.0,17706.0,31,30,101.01,0.951,20251031_040_pol_pro_Vio_adu_2025_9_Colorado2025_x006144_y017408
Unknown_Sample,20251031_040_pol_pro_Vio_adu_2025_9_Colorado2025.czi,Vio_adu,621.03,6390.0,17857.0,32,32,106.43,0.928,20251031_040_pol_pro_Vio_adu_2025_9_Colorado2025_x006144_y017408
Unknown_Sample,20251031_040_pol_pro_Vio_adu_2025_9_Colorado2025.czi,Vio_adu,189.31,6681.0,17698.0,24,14,63.8,0.914,20251031_040_pol_pro_Vio_adu_2025_9_Colorado2025_x006144_y017408
Unknown_Sample,20251031_040_pol_pro_Vio_adu_2025_9_Colorado2025.czi,Vio_adu,562.93,6862.0,17611.0,32,30,101.84,0.953,20251031_040_pol_pro_Vio_adu_2025_9_Colorado2025_x006656_y017408
Unknown_Sample,20251031_040_pol_pro_Vio_adu_2025_9_Colorado2025.czi,Vio_adu,528.3,6923.0,17422.0,30,29,98.18,0.949,20251031_040_pol_pro_Vio_adu_2025_9_Colorado2025_x006656_y017408
Unknown_Sample,20251031_040_pol_pro_Vio_adu_2025_9_Colorado2025.czi,Vio_adu,580.24,6852.0,17561.0,31,31,102.43,0.949,20251031_040_pol_pro_Vio_adu_2025_9_Colorado2025_x006656_y017408
Unknown_Sample,20251031_040_pol_pro_Vio_adu_2025_9_Colorado2025.czi,Vio_adu,187.0,6681.0,17698.0,24,14,63.8,0.918,20251031_040_pol_pro_Vio_adu_2025_9_Colorado2025_x006656_y017408
Unknown_Sample,20251031_040_pol_pro_Vio_adu_2025_9_Colorado2025.czi,Vio_adu,501.36,7620.0,17633.0,33,27,99.01,0.943,20251031_040_pol_pro_Vio_adu_2025_9_Colorado2025_x007168_y017408
Unknown_Sample,20251031_040_pol_pro_Vio_adu_2025_9_Colorado2025.czi,Vio_adu,398.63,7796.0,17523.0,22,28,87.8,0.935,20251031_040_pol_pro_Vio_adu_2025_9_Colorado2025_x007168_y017408
Unknown_Sample,20251031_040_pol_pro_Vio_adu_2025_9_Colorado2025.czi,Vio_adu,628.34,7814.0,17744.0,32,33,106.67,0.959,20251031_040_pol_pro_Vio_adu_2025_9_Colorado2025_x007680_y017408
Unknown_Sample,20251031_040_pol_pro_Vio_adu_2025_9_Colorado2025.czi,Vio_adu,464.81,7798.0,17523.0,28,28,92.77,0.953,20251031_040_pol_pro_Vio_adu_2025_9_Colorado2025_x007680_y017408
Unknown_Sample,20251031_040_pol_pro_Vio_adu_2025_9_Colorado2025.czi,Vio_adu,591.4,8080.0,17911.0,32,31,103.84,0.952,20251031_040_pol_pro_Vio_adu_2025_9_Colorado2025_x007680_y017408
Unknown_Sample,20251031_040_pol_pro_Vio_adu_2025_9_Colorado2025.czi,Vio_adu,569.08,8031.0,17627.0,33,29,103.01,0.948,20251031_040_pol_pro_Vio_adu_2025_9_Colorado2025_x007680_y017408
Unknown_Sample,20251031_040_pol_pro_Vio_adu_2025_9_Colorado2025.czi,Vio_adu,564.47,8536.0,17821.0,29,32,102.18,0.955,20251031_040_pol_pro_Vio_adu_2025_9_Colorado2025_x008192_y017408
Unknown_Sample,20251031_040_pol_pro_Vio_adu_2025_9_Colorado2025.czi,Vio_adu,649.89,8815.0,17497.0,32,33,111.36,0.952,20251031_040_pol_pro_Vio_adu_2025_9_Colorado2025_x008192_y017408
Unknown_Sample,20251031_040_pol_pro_Vio_adu_2025_9_Colorado2025.czi,Vio_adu,540.61,8815.0,17628.0,30,30,99.01,0.949,20251031_040_pol_pro_Vio_adu_2025_9_Colorado2025_x008192_y017408
Unknown_Sample,20251031_040_pol_pro_Vio_adu_2025_9_Colorado2025.czi,Vio_adu,459.04,8602.0,17839.0,28,28,92.18,0.948,20251031_040_pol_pro_Vio_adu_2025_9_Colorado2025_x008192_y017408
Unknown_Sample,20251031_040_pol_pro_Vio_adu_2025_9_Colorado2025.czi,Vio_adu,588.32,9289.0,18011.0,32,31,105.01,0.96,20251031_040_pol_pro_Vio_adu_2025_9_Colorado2025_x008704_y017408
Unknown_Sample,20251031_040_pol_pro_Vio_adu_2025_9_Colorado2025.czi,Vio_adu,656.43,8815.0,17497.0,33,33,110.43,0.96,20251031_040_pol_pro_Vio_adu_2025_9_Colorado2025_x008704_y017408
Unknown_Sample,20251031_040_pol_pro_Vio_adu_2025_9_Colorado2025.czi,Vio_adu,566.39,8932.0,17797.0,30,31,101.6,0.959,20251031_040_pol_pro_Vio_adu_2025_9_Colorado2025_x008704_y017408
Unknown_Sample,20251031_040_pol_pro_Vio_adu_2025_9_Colorado2025.czi,Vio_adu,552.92,8846.0,17724.0,30,31,102.18,0.957,20251031_040_pol_pro_Vio_adu_2025_9_Colorado2025_x008704_y017408
Unknown_Sample,20251031_040_pol_pro_Vio_adu_2025_9_Colorado2025.czi,Vio_adu,541.77,8815.0,17628.0,30,30,98.43,0.955,20251031_040_pol_pro_Vio_adu_2025_9_Colorado2025_x008704_y017408
Unknown_Sample,20251031_040_pol_pro_Vio_adu_2025_9_Colorado2025.czi,Vio_adu,589.09,9289.0,18011.0,32,31,105.01,0.96,20251031_040_pol_pro_Vio_adu_2025_9_Colorado2025_x009216_y017408
Unknown_Sample,20251031_040_pol_pro_Vio_adu_2025_9_Colorado2025.czi,Vio_adu,559.85,9641.0,17580.0,31,30,101.01,0.956,20251031_040_pol_pro_Vio_adu_2025_9_Colorado2025_x009216_y017408
Unknown_Sample,20251031_040_pol_pro_Vio_adu_2025_9_Colorado2025.czi,Vio_adu,567.93,10339.0,17434.0,30,31,101.6,0.96,20251031_040_pol_pro_Vio_adu_2025_9_Colorado2025_x009728_y017408
Unknown_Sample,20251031_040_pol_pro_Vio_adu_2025_9_Colorado2025.czi,Vio_adu,580.24,9901.0,17876.0,32,30,103.6,0.959,20251031_040_pol_pro_Vio_adu_2025_9_Colorado2025_x009728_y017408
Unknown_Sample,20251031_040_pol_pro_Vio_adu_2025_9_Colorado2025.czi,Vio_adu,567.16,10339.0,17434.0,30,31,101.6,0.959,20251031_040_pol_pro_Vio_adu_2025_9_Colorado2025_x010240_y017408
Unknown_Sample,20251031_040_pol_pro_Vio_adu_2025_9_Colorado2025.czi,Vio_adu,749.55,10595.0,17993.0,38,34,116.57,0.942,20251031_040_pol_pro_Vio_adu_2025_9_Colorado2025_x010240_y017408
Unknown_Sample,20251031_040_pol_pro_Vio_adu_2025_9_Colorado2025.czi,Vio_adu,246.26,10780.0,18041.0,29,14,74.97,0.892,20251031_040_pol_pro_Vio_adu_2025_9_Colorado2025_x010240_y017408
Unknown_Sample,20251031_040_pol_pro_Vio_adu_2025_9_Colorado2025.czi,Vio_adu,577.93,11099.0,17933.0,31,31,102.43,0.964,20251031_040_pol_pro_Vio_adu_2025_9_Colorado2025_x010752_y017408
Unknown_Sample,20251031_040_pol_pro_Vio_adu_2025_9_Colorado2025.czi,Vio_adu,246.64,10780.0,18041.0,29,14,75.56,0.897,20251031_040_pol_pro_Vio_adu_2025_9_Colorado2025_x010752_y017408
Unknown_Sample,20251031_040_pol_pro_Vio_adu_2025_9_Colorado2025.czi,Vio_adu,719.15,11860.0,17983.0,35,34,114.67,0.962,20251031_040_pol_pro_Vio_adu_2025_9_Colorado2025_x011264_y017408
Unknown_Sample,20251031_040_pol_pro_Vio_adu_2025_9_Colorado2025.czi,Vio_adu,718.38,11860.0,17983.0,35,34,114.67,0.962,20251031_040_pol_pro_Vio_adu_2025_9_Colorado2025_x011776_y017408
Unknown_Sample,20251031_040_pol_pro_Vio_adu_2025_9_Colorado2025.czi,Vio_adu,695.29,12141.0,17837.0,33,35,113.84,0.962,20251031_040_pol_pro_Vio_adu_2025_9_Colorado2025_x011776_y017408
Unknown_Sample,20251031_040_pol_pro_Vio_adu_2025_9_Colorado2025.czi,Vio_adu,594.1,12164.0,17672.0,31,31,103.6,0.96,20251031_040_pol_pro_Vio_adu_2025_9_Colorado2025_x011776_y017408
Unknown_Sample,20251031_040_pol_pro_Vio_adu_2025_9_Colorado2025.czi,Vio_adu,507.91,12189.0,17793.0,29,28,97.11,0.958,20251031_040_pol_pro_Vio_adu_2025_9_Colorado2025_x011776_y017408
Unknown_Sample,20251031_040_pol_pro_Vio_adu_2025_9_Colorado2025.czi,Vio_adu,657.2,12913.0,17614.0,30,34,111.11,0.945,20251031_040_pol_pro_Vio_adu_2025_9_Colorado2025_x012288_y017408
Unknown_Sample,20251031_040_pol_pro_Vio_adu_2025_9_Colorado2025.czi,Vio_adu,561.0,13147.0,17902.0,32,29,101.6,0.959,20251031_040_pol_pro_Vio_adu_2025_9_Colorado2025_x012800_y017408
Unknown_Sample,20251031_040_pol_pro_Vio_adu_2025_9_Colorado2025.czi,Vio_adu,707.22,12914.0,17615.0,34,34,113.25,0.957,20251031_040_pol_pro_Vio_adu_2025_9_Colorado2025_x012800_y017408
Unknown_Sample,20251031_040_pol_pro_Vio_adu_2025_9_Colorado2025.czi,Vio_adu,623.72,13636.0,17639.0,33,32,106.67,0.96,20251031_040_pol_pro_Vio_adu_2025_9_Colorado2025_x013312_y017408
Unknown_Sample,20251031_040_pol_pro_Vio_adu_2025_9_Colorado2025.czi,Vio_adu,545.61,13910.0,17810.0,29,30,99.94,0.956,20251031_040_pol_pro_Vio_adu_2025_9_Colorado2025_x013312_y017408
Unknown_Sample,20251031_040_pol_pro_Vio_adu_2025_9_Colorado2025.czi,Vio_adu,719.92,13680.0,17831.0,33,37,114.33,0.95,20251031_040_pol_pro_Vio_adu_2025_9_Colorado2025_x013312_y017408
Unknown_Sample,20251031_040_pol_pro_Vio_adu_2025_9_Colorado2025.czi,Vio_adu,544.07,13910.0,17810.0,29,30,99.94,0.957,20251031_040_pol_pro_Vio_adu_2025_9_Colorado2025_x013824_y017408
Unknown_Sample,20251031_040_pol_pro_Vio_adu_2025_9_Colorado2025.czi,Vio_adu,582.17,4346.0,18010.0,31,30,103.36,0.96,20251031_040_pol_pro_Vio_adu_2025_9_Colorado2025_x004096_y017920
Unknown_Sample,20251031_040_pol_pro_Vio_adu_2025_9_Colorado2025.czi,Vio_adu,549.08,4381.0,18064.0,30,30,101.36,0.956,20251031_040_pol_pro_Vio_adu_2025_9_Colorado2025_x004096_y017920
Unknown_Sample,20251031_040_pol_pro_Vio_adu_2025_9_Colorado2025.czi,Vio_adu,584.48,4590.0,18221.0,32,31,103.84,0.954,20251031_040_pol_pro_Vio_adu_2025_9_Colorado2025_x004096_y017920
Unknown_Sample,20251031_040_pol_pro_Vio_adu_2025_9_Colorado2025.czi,Vio_adu,509.83,5091.0,18392.0,29,29,96.18,0.953,20251031_040_pol_pro_Vio_adu_2025_9_Colorado2025_x004608_y017920
Unknown_Sample,20251031_040_pol_pro_Vio_adu_2025_9_Colorado2025.czi,Vio_adu,536.38,4937.0,18360.0,30,31,99.25,0.947,20251031_040_pol_pro_Vio_adu_2025_9_Colorado2025_x004608_y017920
Unknown_Sample,20251031_040_pol_pro_Vio_adu_2025_9_Colorado2025.czi,Vio_adu,599.87,5615.0,18062.0,32,31,103.84,0.952,20251031_040_pol_pro_Vio_adu_2025_9_Colorado2025_x005120_y017920
Unknown_Sample,20251031_040_pol_pro_Vio_adu_2025_9_Colorado2025.czi,Vio_adu,571.01,5400.0,18287.0,30,32,102.43,0.952,20251031_040_pol_pro_Vio_adu_2025_9_Colorado2025_x005120_y017920
Unknown_Sample,20251031_040_pol_pro_Vio_adu_2025_9_Colorado2025.czi,Vio_adu,440.18,7155.0,18274.0,27,27,89.94,0.935,20251031_040_pol_pro_Vio_adu_2025_9_Colorado2025_x006656_y017920
Unknown_Sample,20251031_040_pol_pro_Vio_adu_2025_9_Colorado2025.czi,Vio_adu,589.86,7563.0,18339.0,31,31,103.01,0.96,20251031_040_pol_pro_Vio_adu_2025_9_Colorado2025_x007168_y017920
Unknown_Sample,20251031_040_pol_pro_Vio_adu_2025_9_Colorado2025.czi,Vio_adu,578.7,8395.0,18073.0,32,30,103.6,0.946,20251031_040_pol_pro_Vio_adu_2025_9_Colorado2025_x008192_y017920
Unknown_Sample,20251031_040_pol_pro_Vio_adu_2025_9_Colorado2025.czi,Vio_adu,589.48,8428.0,18072.0,35,30,104.91,0.932,20251031_040_pol_pro_Vio_adu_2025_9_Colorado2025_x008192_y017920
Unknown_Sample,20251031_040_pol_pro_Vio_adu_2025_9_Colorado2025.czi,Vio_adu,589.09,9289.0,18011.0,32,31,105.01,0.96,20251031_040_pol_pro_Vio_adu_2025_9_Colorado2025_x008704_y017920
Unknown_Sample,20251031_040_pol_pro_Vio_adu_2025_9_Colorado2025.czi,Vio_adu,520.6,8967.0,18535.0,30,28,97.36,0.955,20251031_040_pol_pro_Vio_adu_2025_9_Colorado2025_x008704_y017920
Unknown_Sample,20251031_040_pol_pro_Vio_adu_2025_9_Colorado2025.czi,Vio_adu,589.09,9289.0,18011.0,32,31,105.01,0.96,20251031_040_pol_pro_Vio_adu_2025_9_Colorado2025_x009216_y017920
Unknown_Sample,20251031_040_pol_pro_Vio_adu_2025_9_Colorado2025.czi,Vio_adu,559.85,9452.0,18365.0,30,30,101.36,0.958,20251031_040_pol_pro_Vio_adu_2025_9_Colorado2025_x009216_y017920
Unknown_Sample,20251031_040_pol_pro_Vio_adu_2025_9_Colorado2025.czi,Vio_adu,572.55,9505.0,18387.0,32,31,102.08,0.883,20251031_040_pol_pro_Vio_adu_2025_9_Colorado2025_x009216_y017920
Unknown_Sample,20251031_040_pol_pro_Vio_adu_2025_9_Colorado2025.czi,Vio_adu,571.01,10780.0,18048.0,30,30,101.94,0.96,20251031_040_pol_pro_Vio_adu_2025_9_Colorado2025_x010240_y017920
Unknown_Sample,20251031_040_pol_pro_Vio_adu_2025_9_Colorado2025.czi,Vio_adu,748.78,10595.0,17993.0,38,34,116.57,0.942,20251031_040_pol_pro_Vio_adu_2025_9_Colorado2025_x010240_y017920
Unknown_Sample,20251031_040_pol_pro_Vio_adu_2025_9_Colorado2025.czi,Vio_adu,550.23,11099.0,17933.0,31,29,100.77,0.966,20251031_040_pol_pro_Vio_adu_2025_9_Colorado2025_x010752_y017920
Unknown_Sample,20251031_040_pol_pro_Vio_adu_2025_9_Colorado2025.czi,Vio_adu,569.85,10780.0,18048.0,30,30,102.53,0.96,20251031_040_pol_pro_Vio_adu_2025_9_Colorado2025_x010752_y017920
Unknown_Sample,20251031_040_pol_pro_Vio_adu_2025_9_Colorado2025.czi,Vio_adu,623.72,11228.0,18286.0,34,30,108.18,0.956,20251031_040_pol_pro_Vio_adu_2025_9_Colorado2025_x010752_y017920
Unknown_Sample,20251031_040_pol_pro_Vio_adu_2025_9_Colorado2025.czi,Vio_adu,514.83,10986.0,18156.0,25,33,97.94,0.943,20251031_040_pol_pro_Vio_adu_2025_9_Colorado2025_x010752_y017920
Unknown_Sample,20251031_040_pol_pro_Vio_adu_2025_9_Colorado2025.czi,Vio_adu,719.15,11860.0,17983.0,35,34,114.67,0.962,20251031_040_pol_pro_Vio_adu_2025_9_Colorado2025_x011264_y017920
Unknown_Sample,20251031_040_pol_pro_Vio_adu_2025_9_Colorado2025.czi,Vio_adu,719.15,11860.0,17983.0,35,34,114.67,0.963,20251031_040_pol_pro_Vio_adu_2025_9_Colorado2025_x011776_y017920
Unknown_Sample,20251031_040_pol_pro_Vio_adu_2025_9_Colorado2025.czi,Vio_adu,626.8,11954.0,18105.0,33,32,109.01,0.961,20251031_040_pol_pro_Vio_adu_2025_9_Colorado2025_x011776_y017920
Unknown_Sample,20251031_040_pol_pro_Vio_adu_2025_9_Colorado2025.czi,Vio_adu,556.77,12038.0,18449.0,30,30,101.36,0.941,20251031_040_pol_pro_Vio_adu_2025_9_Colorado2025_x011776_y017920
Unknown_Sample,20251031_040_pol_pro_Vio_adu_2025_9_Colorado2025.czi,Vio_adu,528.3,13243.0,18162.0,31,29,100.18,0.571,20251031_040_pol_pro_Vio_adu_2025_9_Colorado2025_x012800_y017920
Unknown_Sample,20251031_040_pol_pro_Vio_adu_2025_9_Colorado2025.czi,Vio_adu,419.02,4394.0,18665.0,26,26,87.7,0.944,20251031_040_pol_pro_Vio_adu_2025_9_Colorado2025_x004096_y018432
Unknown_Sample,20251031_040_pol_pro_Vio_adu_2025_9_Colorado2025.czi,Vio_adu,465.96,4265.0,18607.0,28,27,93.7,0.94,20251031_040_pol_pro_Vio_adu_2025_9_Colorado2025_x004096_y018432
Unknown_Sample,20251031_040_pol_pro_Vio_adu_2025_9_Colorado2025.czi,Vio_adu,379.01,4483.0,18996.0,28,23,83.36,0.937,20251031_040_pol_pro_Vio_adu_2025_9_Colorado2025_x004096_y018432
Unknown_Sample,20251031_040_pol_pro_Vio_adu_2025_9_Colorado2025.czi,Vio_adu,465.58,5428.0,18946.0,28,27,94.28,0.953,20251031_040_pol_pro_Vio_adu_2025_9_Colorado2025_x005120_y018432
Unknown_Sample,20251031_040_pol_pro_Vio_adu_2025_9_Colorado2025.czi,Vio_adu,509.44,6719.0,18944.0,29,29,95.6,0.951,20251031_040_pol_pro_Vio_adu_2025_9_Colorado2025_x006144_y018432
Unknown_Sample,20251031_040_pol_pro_Vio_adu_2025_9_Colorado2025.czi,Vio_adu,562.54,6826.0,18948.0,30,32,102.43,0.954,20251031_040_pol_pro_Vio_adu_2025_9_Colorado2025_x006656_y018432
Unknown_Sample,20251031_040_pol_pro_Vio_adu_2025_9_Colorado2025.czi,Vio_adu,508.67,6719.0,18944.0,29,29,95.6,0.952,20251031_040_pol_pro_Vio_adu_2025_9_Colorado2025_x006656_y018432
Unknown_Sample,20251031_040_pol_pro_Vio_adu_2025_9_Colorado2025.czi,Vio_adu,432.1,6865.0,18867.0,27,26,88.53,0.949,20251031_040_pol_pro_Vio_adu_2025_9_Colorado2025_x006656_y018432
Unknown_Sample,20251031_040_pol_pro_Vio_adu_2025_9_Colorado2025.czi,Vio_adu,474.81,7178.0,18885.0,29,27,93.94,0.944,20251031_040_pol_pro_Vio_adu_2025_9_Colorado2025_x006656_y018432
Unknown_Sample,20251031_040_pol_pro_Vio_adu_2025_9_Colorado2025.czi,Vio_adu,423.25,7179.0,18885.0,25,27,89.46,0.952,20251031_040_pol_pro_Vio_adu_2025_9_Colorado2025_x007168_y018432
Unknown_Sample,20251031_040_pol_pro_Vio_adu_2025_9_Colorado2025.czi,Vio_adu,270.5,7639.0,18945.0,28,17,74.87,0.792,20251031_040_pol_pro_Vio_adu_2025_9_Colorado2025_x007168_y018432
Unknown_Sample,20251031_040_pol_pro_Vio_adu_2025_9_Colorado2025.czi,Vio_adu,520.6,8142.0,18668.0,28,31,97.01,0.95,20251031_040_pol_pro_Vio_adu_2025_9_Colorado2025_x007680_y018432
Unknown_Sample,20251031_040_pol_pro_Vio_adu_2025_9_Colorado2025.czi,Vio_adu,510.98,8640.0,18913.0,29,28,97.11,0.938,20251031_040_pol_pro_Vio_adu_2025_9_Colorado2025_x008192_y018432
Unknown_Sample,20251031_040_pol_pro_Vio_adu_2025_9_Colorado2025.czi,Vio_adu,519.06,8967.0,18535.0,30,28,97.36,0.955,20251031_040_pol_pro_Vio_adu_2025_9_Colorado2025_x008704_y018432
Unknown_Sample,20251031_040_pol_pro_Vio_adu_2025_9_Colorado2025.czi,Vio_adu,507.52,8856.0,18714.0,28,30,97.36,0.95,20251031_040_pol_pro_Vio_adu_2025_9_Colorado2025_x008704_y018432
Unknown_Sample,20251031_040_pol_pro_Vio_adu_2025_9_Colorado2025.czi,Vio_adu,469.43,9324.0,18664.0,27,30,94.77,0.92,20251031_040_pol_pro_Vio_adu_2025_9_Colorado2025_x008704_y018432
Unknown_Sample,20251031_040_pol_pro_Vio_adu_2025_9_Colorado2025.czi,Vio_adu,468.66,9324.0,18665.0,27,30,94.77,0.925,20251031_040_pol_pro_Vio_adu_2025_9_Colorado2025_x009216_y018432
Unknown_Sample,20251031_040_pol_pro_Vio_adu_2025_9_Colorado2025.czi,Vio_adu,210.47,9849.0,18785.0,12,30,74.73,0.742,20251031_040_pol_pro_Vio_adu_2025_9_Colorado2025_x009216_y018432
Unknown_Sample,20251031_040_pol_pro_Vio_adu_2025_9_Colorado2025.czi,Vio_adu,582.94,9940.0,18600.0,32,30,103.01,0.924,20251031_040_pol_pro_Vio_adu_2025_9_Colorado2025_x009728_y018432
Unknown_Sample,20251031_040_pol_pro_Vio_adu_2025_9_Colorado2025.czi,Vio_adu,624.88,9859.0,18784.0,32,31,107.94,0.638,20251031_040_pol_pro_Vio_adu_2025_9_Colorado2025_x009728_y018432
Unknown_Sample,20251031_040_pol_pro_Vio_adu_2025_9_Colorado2025.czi,Vio_adu,542.15,12038.0,18449.0,30,29,100.53,0.944,20251031_040_pol_pro_Vio_adu_2025_9_Colorado2025_x011776_y018432
Unknown_Sample,20251031_040_pol_pro_Vio_adu_2025_9_Colorado2025.czi,Vio_adu,383.62,4483.0,18996.0,28,23,83.36,0.928,20251031_040_pol_pro_Vio_adu_2025_9_Colorado2025_x004096_y018944
Unknown_Sample,20251031_040_pol_pro_Vio_adu_2025_9_Colorado2025.czi,Vio_adu,646.04,4553.0,19532.0,31,36,109.5,0.901,20251031_040_pol_pro_Vio_adu_2025_9_Colorado2025_x004096_y018944
Unknown_Sample,20251031_040_pol_pro_Vio_adu_2025_9_Colorado2025.czi,Vio_adu,228.17,5152.0,19577.0,29,13,73.56,0.704,20251031_040_pol_pro_Vio_adu_2025_9_Colorado2025_x004608_y018944
Unknown_Sample,20251031_040_pol_pro_Vio_adu_2025_9_Colorado2025.czi,Vio_adu,507.91,5509.0,19148.0,29,29,96.77,0.956,20251031_040_pol_pro_Vio_adu_2025_9_Colorado2025_x005120_y018944
Unknown_Sample,20251031_040_pol_pro_Vio_adu_2025_9_Colorado2025.czi,Vio_adu,547.92,5646.0,19394.0,30,31,101.6,0.955,20251031_040_pol_pro_Vio_adu_2025_9_Colorado2025_x005120_y018944
Unknown_Sample,20251031_040_pol_pro_Vio_adu_2025_9_Colorado2025.czi,Vio_adu,544.07,5462.0,19393.0,31,29,99.6,0.953,20251031_040_pol_pro_Vio_adu_2025_9_Colorado2025_x005120_y018944
Unknown_Sample,20251031_040_pol_pro_Vio_adu_2025_9_Colorado2025.czi,Vio_adu,586.4,5450.0,19515.0,30,32,103.6,0.95,20251031_040_pol_pro_Vio_adu_2025_9_Colorado2025_x005120_y018944
Unknown_Sample,20251031_040_pol_pro_Vio_adu_2025_9_Colorado2025.czi,Vio_adu,261.65,5427.0,18951.0,29,16,77.8,0.949,20251031_040_pol_pro_Vio_adu_2025_9_Colorado2025_x005120_y018944
Unknown_Sample,20251031_040_pol_pro_Vio_adu_2025_9_Colorado2025.czi,Vio_adu,228.17,5152.0,19577.0,29,13,73.56,0.754,20251031_040_pol_pro_Vio_adu_2025_9_Colorado2025_x005120_y018944
Unknown_Sample,20251031_040_pol_pro_Vio_adu_2025_9_Colorado2025.czi,Vio_adu,530.22,5646.0,19394.0,29,30,98.77,0.949,20251031_040_pol_pro_Vio_adu_2025_9_Colorado2025_x005632_y018944
Unknown_Sample,20251031_040_pol_pro_Vio_adu_2025_9_Colorado2025.czi,Vio_adu,518.29,6292.0,19343.0,29,29,97.36,0.945,20251031_040_pol_pro_Vio_adu_2025_9_Colorado2025_x006144_y018944
Unknown_Sample,20251031_040_pol_pro_Vio_adu_2025_9_Colorado2025.czi,Vio_adu,502.13,6619.0,19352.0,28,29,96.53,0.942,20251031_040_pol_pro_Vio_adu_2025_9_Colorado2025_x006144_y018944
Unknown_Sample,20251031_040_pol_pro_Vio_adu_2025_9_Colorado2025.czi,Vio_adu,242.79,6719.0,18950.0,29,15,75.21,0.941,20251031_040_pol_pro_Vio_adu_2025_9_Colorado2025_x006144_y018944
Unknown_Sample,20251031_040_pol_pro_Vio_adu_2025_9_Colorado2025.czi,Vio_adu,360.54,6826.0,18953.0,30,21,88.04,0.948,20251031_040_pol_pro_Vio_adu_2025_9_Colorado2025_x006656_y018944
Unknown_Sample,20251031_040_pol_pro_Vio_adu_2025_9_Colorado2025.czi,Vio_adu,242.02,6719.0,18950.0,29,15,75.21,0.942,20251031_040_pol_pro_Vio_adu_2025_9_Colorado2025_x006656_y018944
Unknown_Sample,20251031_040_pol_pro_Vio_adu_2025_9_Colorado2025.czi,Vio_adu,646.04,4553.0,19532.0,31,36,109.5,0.902,20251031_040_pol_pro_Vio_adu_2025_9_Colorado2025_x004096_y019456
Unknown_Sample,20251031_040_pol_pro_Vio_adu_2025_9_Colorado2025.czi,Vio_adu,525.22,4952.0,19596.0,30,29,98.18,0.939,20251031_040_pol_pro_Vio_adu_2025_9_Colorado2025_x004608_y019456
Unknown_Sample,20251031_040_pol_pro_Vio_adu_2025_9_Colorado2025.czi,Vio_adu,692.6,5151.0,19630.0,32,36,112.08,0.928,20251031_040_pol_pro_Vio_adu_2025_9_Colorado2025_x004608_y019456
Unknown_Sample,20251031_040_pol_pro_Vio_adu_2025_9_Colorado2025.czi,Vio_adu,353.23,5152.0,19581.0,27,22,82.28,0.831,20251031_040_pol_pro_Vio_adu_2025_9_Colorado2025_x004608_y019456
Unknown_Sample,20251031_040_pol_pro_Vio_adu_2025_9_Colorado2025.czi,Vio_adu,586.4,5450.0,19515.0,30,32,103.6,0.947,20251031_040_pol_pro_Vio_adu_2025_9_Colorado2025_x005120_y019456
Unknown_Sample,20251031_040_pol_pro_Vio_adu_2025_9_Colorado2025.czi,Vio_adu,694.14,5151.0,19630.0,32,36,113.25,0.928,20251031_040_pol_pro_Vio_adu_2025_9_Colorado2025_x005120_y019456
Unknown_Sample,20251031_040_pol_pro_Vio_adu_2025_9_Colorado2025.czi,Vio_adu,353.99,5152.0,19581.0,27,22,82.28,0.846,20251031_040_pol_pro_Vio_adu_2025_9_Colorado2025_x005120_y019456
