2026-03-15T19:48:18,673 Using pip 24.0 from /home/meow/Documents/Antigravity/Colorado_pollen_detection/.venv/lib/python3.12/site-packages/pip (python 3.12)
2026-03-15T19:48:18,674 Non-user install because user site-packages disabled
2026-03-15T19:48:18,720 Created temporary directory: /tmp/pip-build-tracker-7zgs6h2o
2026-03-15T19:48:18,720 Initialized build tracking at /tmp/pip-build-tracker-7zgs6h2o
2026-03-15T19:48:18,720 Created build tracker: /tmp/pip-build-tracker-7zgs6h2o
2026-03-15T19:48:18,720 Entered build tracker: /tmp/pip-build-tracker-7zgs6h2o
2026-03-15T19:48:18,720 Created temporary directory: /tmp/pip-install-ydloyvpm
2026-03-15T19:48:18,721 Created temporary directory: /tmp/pip-ephem-wheel-cache-je7y6e26
2026-03-15T19:48:18,744 1 location(s) to search for versions of pyyaml:
2026-03-15T19:48:18,744 * https://pypi.org/simple/pyyaml/
2026-03-15T19:48:18,744 Fetching project page and analyzing links: https://pypi.org/simple/pyyaml/
2026-03-15T19:48:18,744 Getting page https://pypi.org/simple/pyyaml/
2026-03-15T19:48:18,745 Found index url https://pypi.org/simple/
2026-03-15T19:49:19,179 Fetched page https://pypi.org/simple/pyyaml/ as application/vnd.pypi.simple.v1+json
2026-03-15T19:49:19,200   Found link https://files.pythonhosted.org/packages/00/17/3b822893a1789a025d3f676a381338516a8f65e686d915b0834ecc9b4979/PyYAML-3.10.tar.gz (from https://pypi.org/simple/pyyaml/), version: 3.10
2026-03-15T19:49:19,200   Skipping link: unsupported archive format: .exe: https://files.pythonhosted.org/packages/cf/e2/3567dec97968e36c027aa5143016c211c8f02e4cbaf1155f1223671dae55/PyYAML-3.10.win32-py2.5.exe (from https://pypi.org/simple/pyyaml/)
2026-03-15T19:49:19,200   Skipping link: unsupported archive format: .exe: https://files.pythonhosted.org/packages/da/82/435334c350fc480e598301521f86d7bfbdc436341a674b4076cdf2812d1f/PyYAML-3.10.win32-py2.6.exe (from https://pypi.org/simple/pyyaml/)
2026-03-15T19:49:19,200   Skipping link: unsupported archive format: .exe: https://files.pythonhosted.org/packages/a1/8b/c2fbad63a8022278fded695d29002b0ddb7aa0dc1fc4424df16eb64b44c7/PyYAML-3.10.win32-py2.7.exe (from https://pypi.org/simple/pyyaml/)
2026-03-15T19:49:19,200   Skipping link: unsupported archive format: .exe: https://files.pythonhosted.org/packages/33/eb/e73b546cb82e24bd8ca30aa8c57d3a7d13294039592a5df980089a913ffa/PyYAML-3.10.win32-py3.0.exe (from https://pypi.org/simple/pyyaml/)
2026-03-15T19:49:19,200   Skipping link: unsupported archive format: .exe: https://files.pythonhosted.org/packages/17/5f/fa55c61560ba9e7eda66b7847ae0a0fdaf1c51dcb9dddde5befa54ea9eab/PyYAML-3.10.win32-py3.1.exe (from https://pypi.org/simple/pyyaml/)
2026-03-15T19:49:19,200   Skipping link: unsupported archive format: .exe: https://files.pythonhosted.org/packages/59/ba/a764604baa98a4d4a5a9d64c28c4e37758be0592905a20f730288e437b4b/PyYAML-3.10.win32-py3.2.exe (from https://pypi.org/simple/pyyaml/)
2026-03-15T19:49:19,200   Found link https://files.pythonhosted.org/packages/e4/a4/6c1f6c989d97c62ea50329b3803ca214ccfed7e4c1f82fe30c6e048645a0/PyYAML-3.10.zip (from https://pypi.org/simple/pyyaml/), version: 3.10
2026-03-15T19:49:19,200   Found link https://files.pythonhosted.org/packages/75/5e/b84feba55e20f8da46ead76f14a3943c8cb722d40360702b2365b91dec00/PyYAML-3.11.tar.gz (from https://pypi.org/simple/pyyaml/), version: 3.11
2026-03-15T19:49:19,200   Skipping link: unsupported archive format: .exe: https://files.pythonhosted.org/packages/79/1a/1a5ac6111ec2586ee2cc689e8e587222b0be25b65e9fbfa086569210bb78/PyYAML-3.11.win-amd64-py2.6.exe (from https://pypi.org/simple/pyyaml/)
2026-03-15T19:49:19,200   Skipping link: unsupported archive format: .exe: https://files.pythonhosted.org/packages/77/a9/92e09914e3d7768b0cab5a5432d019be393df50e89b284ad1c67562dcbdd/PyYAML-3.11.win-amd64-py2.7.exe (from https://pypi.org/simple/pyyaml/)
2026-03-15T19:49:19,200   Skipping link: unsupported archive format: .exe: https://files.pythonhosted.org/packages/fe/65/2735b15d118765bdc23be7d9b2ffbf843e2e87c18cd4e8193d63fd09c901/PyYAML-3.11.win-amd64-py3.1.exe (from https://pypi.org/simple/pyyaml/)
2026-03-15T19:49:19,201   Skipping link: unsupported archive format: .exe: https://files.pythonhosted.org/packages/58/ef/05f956add22b886f5f5fbcc42d006bfb171782ccf765ef2694ca301912c9/PyYAML-3.11.win-amd64-py3.2.exe (from https://pypi.org/simple/pyyaml/)
2026-03-15T19:49:19,201   Skipping link: unsupported archive format: .exe: https://files.pythonhosted.org/packages/af/98/94fb3e555d1f8c6664c3080d71bbe1af74d90029ea99ef5aea8fd5b36c29/PyYAML-3.11.win-amd64-py3.3.exe (from https://pypi.org/simple/pyyaml/)
2026-03-15T19:49:19,201   Skipping link: unsupported archive format: .exe: https://files.pythonhosted.org/packages/9f/41/6e6ca6b982aecc8ecd3e833590de9dae85ce542c581985c11a8b52106e6a/PyYAML-3.11.win-amd64-py3.4.exe (from https://pypi.org/simple/pyyaml/)
2026-03-15T19:49:19,201   Skipping link: unsupported archive format: .exe: https://files.pythonhosted.org/packages/a7/fc/348f24960dd7363bb54b541fc2d10cd3a87e65680bcdf08d66ad7a0f511d/PyYAML-3.11.win32-py2.6.exe (from https://pypi.org/simple/pyyaml/)
2026-03-15T19:49:19,201   Skipping link: unsupported archive format: .exe: https://files.pythonhosted.org/packages/a5/55/47bf6e4a09a889db739b1ae02b05d5a2c1d7792aca14078728887f41815c/PyYAML-3.11.win32-py2.7.exe (from https://pypi.org/simple/pyyaml/)
2026-03-15T19:49:19,201   Skipping link: unsupported archive format: .exe: https://files.pythonhosted.org/packages/13/9f/d065366ee3733cc35d7b955e3e0c185e52098f1e2ddeb9a944187141bf9b/PyYAML-3.11.win32-py3.1.exe (from https://pypi.org/simple/pyyaml/)
2026-03-15T19:49:19,201   Skipping link: unsupported archive format: .exe: https://files.pythonhosted.org/packages/35/ed/37bf4758d977a7440a2b1538e44b0fc5992e3726d12aebbb41d79794241d/PyYAML-3.11.win32-py3.2.exe (from https://pypi.org/simple/pyyaml/)
2026-03-15T19:49:19,201   Skipping link: unsupported archive format: .exe: https://files.pythonhosted.org/packages/69/2f/73448cf6a52cebe584da7a44fec19044e0d9e9b193f3b50d6f80d87361c6/PyYAML-3.11.win32-py3.3.exe (from https://pypi.org/simple/pyyaml/)
2026-03-15T19:49:19,201   Skipping link: unsupported archive format: .exe: https://files.pythonhosted.org/packages/f5/34/e557935bbd64db72b9cc20ab71ddce508556bfe7074d2494e063d0f0e19e/PyYAML-3.11.win32-py3.4.exe (from https://pypi.org/simple/pyyaml/)
2026-03-15T19:49:19,201   Found link https://files.pythonhosted.org/packages/04/60/abfb3a665ee0569b60c89148b7187ddd8a36cb65e254fba945ae1315645d/PyYAML-3.11.zip (from https://pypi.org/simple/pyyaml/), version: 3.11
2026-03-15T19:49:19,204   Skipping link: none of the wheel's tags (cp27-cp27m-win32) are compatible (run pip debug --verbose to show compatible tags): https://files.pythonhosted.org/packages/0b/13/eb09da839a8c8b3be81322b0a5f546e0f549e06c774350e34e38f797893e/PyYAML-3.12-cp27-cp27m-win32.whl (from https://pypi.org/simple/pyyaml/)
2026-03-15T19:49:19,204   Skipping link: none of the wheel's tags (cp27-cp27m-win_amd64) are compatible (run pip debug --verbose to show compatible tags): https://files.pythonhosted.org/packages/54/73/948e534e63f338a382737364a2c5ce89792478a11bae3cff1bf5e42897ee/PyYAML-3.12-cp27-cp27m-win_amd64.whl (from https://pypi.org/simple/pyyaml/)
2026-03-15T19:49:19,205   Skipping link: none of the wheel's tags (cp34-cp34m-win32) are compatible (run pip debug --verbose to show compatible tags): https://files.pythonhosted.org/packages/b5/3f/658f63e3cc92d1ffe189297f75088a45c5cdd0c1e1c5b373d762e147bc89/PyYAML-3.12-cp34-cp34m-win32.whl (from https://pypi.org/simple/pyyaml/)
2026-03-15T19:49:19,205   Skipping link: none of the wheel's tags (cp34-cp34m-win_amd64) are compatible (run pip debug --verbose to show compatible tags): https://files.pythonhosted.org/packages/63/45/107cbbbf40ab721b07b5b73a6bd62a4cdf2f2c0be197b7780a8fb806a53a/PyYAML-3.12-cp34-cp34m-win_amd64.whl (from https://pypi.org/simple/pyyaml/)
2026-03-15T19:49:19,205   Skipping link: none of the wheel's tags (cp35-cp35m-win32) are compatible (run pip debug --verbose to show compatible tags): https://files.pythonhosted.org/packages/f7/3c/57e71eccfb6b737c48fd5c7ae0b33a747b79fa8070ad5e517e30f7d3f954/PyYAML-3.12-cp35-cp35m-win32.whl (from https://pypi.org/simple/pyyaml/)
2026-03-15T19:49:19,205   Skipping link: none of the wheel's tags (cp35-cp35m-win_amd64) are compatible (run pip debug --verbose to show compatible tags): https://files.pythonhosted.org/packages/13/f2/9f13805a9b7eaeaf0a4406a3decba7ed1bc834e5e4b07bdbd8699f4f6034/PyYAML-3.12-cp35-cp35m-win_amd64.whl (from https://pypi.org/simple/pyyaml/)
2026-03-15T19:49:19,205   Found link https://files.pythonhosted.org/packages/4a/85/db5a2df477072b2902b0eb892feb37d88ac635d36245a72a6a69b23b383a/PyYAML-3.12.tar.gz (from https://pypi.org/simple/pyyaml/), version: 3.12
2026-03-15T19:49:19,205   Skipping link: unsupported archive format: .exe: https://files.pythonhosted.org/packages/af/be/a0b2db944133c832bc094960850f4129f1180d341fe1660b72d80b806ecc/PyYAML-3.12.win-amd64-py2.7.exe (from https://pypi.org/simple/pyyaml/)
2026-03-15T19:49:19,205   Skipping link: unsupported archive format: .exe: https://files.pythonhosted.org/packages/aa/c9/a36ebedc2128c4a371258b03ae84ee1268a797cd206a55fce472eaa71b6d/PyYAML-3.12.win-amd64-py3.4.exe (from https://pypi.org/simple/pyyaml/)
2026-03-15T19:49:19,205   Skipping link: unsupported archive format: .exe: https://files.pythonhosted.org/packages/23/65/4d170a802b35e27d295e6168e3db339e220ca207df71c766166beb90751b/PyYAML-3.12.win-amd64-py3.5.exe (from https://pypi.org/simple/pyyaml/)
2026-03-15T19:49:19,205   Skipping link: unsupported archive format: .exe: https://files.pythonhosted.org/packages/dc/69/1fe8dee4728e69aae332c9f4edf356e4dd59a4a5f95bf910ab4c0210d6a3/PyYAML-3.12.win32-py2.7.exe (from https://pypi.org/simple/pyyaml/)
2026-03-15T19:49:19,205   Skipping link: unsupported archive format: .exe: https://files.pythonhosted.org/packages/a3/56/e9c29363f8c70c0117fd583ad98f4cacc13cd9d261ec77435929a0215659/PyYAML-3.12.win32-py3.4.exe (from https://pypi.org/simple/pyyaml/)
2026-03-15T19:49:19,205   Skipping link: unsupported archive format: .exe: https://files.pythonhosted.org/packages/a5/de/23cad8dafd6439e4439f50cb6f08abefb92fa0c3addab579e76e4b5e5db6/PyYAML-3.12.win32-py3.5.exe (from https://pypi.org/simple/pyyaml/)
2026-03-15T19:49:19,205   Found link https://files.pythonhosted.org/packages/6b/f0/a0250248ea260d55748fff586d89a32afbb22656f4498b08d2636a48d4ec/PyYAML-3.12.zip (from https://pypi.org/simple/pyyaml/), version: 3.12
2026-03-15T19:49:19,205   Skipping link: none of the wheel's tags (cp27-cp27m-win32) are compatible (run pip debug --verbose to show compatible tags): https://files.pythonhosted.org/packages/8a/7d/e8641fb24ea4c372a9f4bc35759883736fb65fee183414b306eb8ca90e76/PyYAML-3.13b1-cp27-cp27m-win32.whl (from https://pypi.org/simple/pyyaml/)
2026-03-15T19:49:19,205   Skipping link: none of the wheel's tags (cp27-cp27m-win_amd64) are compatible (run pip debug --verbose to show compatible tags): https://files.pythonhosted.org/packages/8d/25/702a7dddf6ef85c2d9dedca4ed5f788d28d0645a57bc55203044d4370558/PyYAML-3.13b1-cp27-cp27m-win_amd64.whl (from https://pypi.org/simple/pyyaml/)
2026-03-15T19:49:19,205   Skipping link: none of the wheel's tags (cp34-cp34m-win_amd64) are compatible (run pip debug --verbose to show compatible tags): https://files.pythonhosted.org/packages/7b/26/86804e5852dab46fc207c72b01177f4552c209d925e80109febd2161ed2e/PyYAML-3.13b1-cp34-cp34m-win_amd64.whl (from https://pypi.org/simple/pyyaml/)
2026-03-15T19:49:19,205   Skipping link: none of the wheel's tags (cp35-cp35m-win32) are compatible (run pip debug --verbose to show compatible tags): https://files.pythonhosted.org/packages/17/c8/322b3c5f1e2f92ed845a13213522e9b2b297c101382728414357418b8351/PyYAML-3.13b1-cp35-cp35m-win32.whl (from https://pypi.org/simple/pyyaml/)
2026-03-15T19:49:19,205   Skipping link: none of the wheel's tags (cp35-cp35m-win_amd64) are compatible (run pip debug --verbose to show compatible tags): https://files.pythonhosted.org/packages/0c/36/a19978b68121ec1926111d5fefbc66610fcaae911dc415ce319724d95449/PyYAML-3.13b1-cp35-cp35m-win_amd64.whl (from https://pypi.org/simple/pyyaml/)
2026-03-15T19:49:19,205   Skipping link: none of the wheel's tags (cp36-cp36m-win32) are compatible (run pip debug --verbose to show compatible tags): https://files.pythonhosted.org/packages/d4/08/2cc698522a90454b505ebfddd96e5ace0fa627be452ef19255c9d89b7a96/PyYAML-3.13b1-cp36-cp36m-win32.whl (from https://pypi.org/simple/pyyaml/)
2026-03-15T19:49:19,205   Skipping link: none of the wheel's tags (cp36-cp36m-win_amd64) are compatible (run pip debug --verbose to show compatible tags): https://files.pythonhosted.org/packages/15/e3/84fe7a5f2b4c160637034640203f79d66abec54b00b6fceefee18326f251/PyYAML-3.13b1-cp36-cp36m-win_amd64.whl (from https://pypi.org/simple/pyyaml/)
2026-03-15T19:49:19,205   Skipping link: none of the wheel's tags (cp37-cp37m-win32) are compatible (run pip debug --verbose to show compatible tags): https://files.pythonhosted.org/packages/b6/8c/9ab3ebbf80129208ba8dbe21926a584451524aacbaade72be74b87cceb7b/PyYAML-3.13b1-cp37-cp37m-win32.whl (from https://pypi.org/simple/pyyaml/)
2026-03-15T19:49:19,206   Skipping link: none of the wheel's tags (cp37-cp37m-win_amd64) are compatible (run pip debug --verbose to show compatible tags): https://files.pythonhosted.org/packages/dd/5d/177fdc7c14d2f1d88101abce8cf41d2ae15996e1e85835e3a9a5d53a40bd/PyYAML-3.13b1-cp37-cp37m-win_amd64.whl (from https://pypi.org/simple/pyyaml/)
2026-03-15T19:49:19,206   Found link https://files.pythonhosted.org/packages/d2/44/f2f50916afc03f48bd2bea7ff87fc73bb3d6454544b6c1267535ed87ad9b/PyYAML-3.13b1.tar.gz (from https://pypi.org/simple/pyyaml/), version: 3.13b1
2026-03-15T19:49:19,206   Skipping link: none of the wheel's tags (cp27-cp27m-win32) are compatible (run pip debug --verbose to show compatible tags): https://files.pythonhosted.org/packages/bf/4e/7c8b5e6185a5f9c007f109792553d1202bb03ffe26f901bb44b3467ae381/PyYAML-3.13rc1-cp27-cp27m-win32.whl (from https://pypi.org/simple/pyyaml/)
2026-03-15T19:49:19,206   Skipping link: none of the wheel's tags (cp27-cp27m-win_amd64) are compatible (run pip debug --verbose to show compatible tags): https://files.pythonhosted.org/packages/b3/9c/525a1ee443d0d19ce6092e42bc23ff01d368c3daf752a078dedbdc73680e/PyYAML-3.13rc1-cp27-cp27m-win_amd64.whl (from https://pypi.org/simple/pyyaml/)
2026-03-15T19:49:19,206   Skipping link: none of the wheel's tags (cp34-cp34m-win32) are compatible (run pip debug --verbose to show compatible tags): https://files.pythonhosted.org/packages/7c/c1/70e674ebdbf5886cb7eee84966fd1766892f9c404e588b21dd756fad0ace/PyYAML-3.13rc1-cp34-cp34m-win32.whl (from https://pypi.org/simple/pyyaml/)
2026-03-15T19:49:19,206   Skipping link: none of the wheel's tags (cp34-cp34m-win_amd64) are compatible (run pip debug --verbose to show compatible tags): https://files.pythonhosted.org/packages/ba/59/e5c5de67b10842b4b2acca3aaa9aa0d6594e9bec9ae26705ed8c8b5da53c/PyYAML-3.13rc1-cp34-cp34m-win_amd64.whl (from https://pypi.org/simple/pyyaml/)
2026-03-15T19:49:19,206   Skipping link: none of the wheel's tags (cp35-cp35m-win32) are compatible (run pip debug --verbose to show compatible tags): https://files.pythonhosted.org/packages/61/df/dd708f2e5ac585eecb095465f475fd0c52d8ec1435d2c139c07dd3f2b1cb/PyYAML-3.13rc1-cp35-cp35m-win32.whl (from https://pypi.org/simple/pyyaml/)
2026-03-15T19:49:19,206   Skipping link: none of the wheel's tags (cp35-cp35m-win_amd64) are compatible (run pip debug --verbose to show compatible tags): https://files.pythonhosted.org/packages/c2/79/b9481e9988513c9b0f6d86ff2e7a6622aedff51a9e6d2c53fd4a194bc53d/PyYAML-3.13rc1-cp35-cp35m-win_amd64.whl (from https://pypi.org/simple/pyyaml/)
2026-03-15T19:49:19,206   Skipping link: none of the wheel's tags (cp36-cp36m-win32) are compatible (run pip debug --verbose to show compatible tags): https://files.pythonhosted.org/packages/99/9f/5070aba30c22b0d426073aa1c2f00af070108ebe990883a9e2aa6dc66141/PyYAML-3.13rc1-cp36-cp36m-win32.whl (from https://pypi.org/simple/pyyaml/)
2026-03-15T19:49:19,206   Skipping link: none of the wheel's tags (cp36-cp36m-win_amd64) are compatible (run pip debug --verbose to show compatible tags): https://files.pythonhosted.org/packages/63/1a/cc58f23f804bd783b6144cdd239af0c05dd834c59b8dc45cc679d5799697/PyYAML-3.13rc1-cp36-cp36m-win_amd64.whl (from https://pypi.org/simple/pyyaml/)
2026-03-15T19:49:19,206   Skipping link: none of the wheel's tags (cp37-cp37m-win32) are compatible (run pip debug --verbose to show compatible tags): https://files.pythonhosted.org/packages/55/7d/f8fc335faafa498fc5ecdd7fff6d1e397b22694b24f42e0072ae0fafcfde/PyYAML-3.13rc1-cp37-cp37m-win32.whl (from https://pypi.org/simple/pyyaml/)
2026-03-15T19:49:19,206   Skipping link: none of the wheel's tags (cp37-cp37m-win_amd64) are compatible (run pip debug --verbose to show compatible tags): https://files.pythonhosted.org/packages/cb/25/b380c24fd94ebfc86153d33f1d1c42b123f134d28565398b4e0777989cca/PyYAML-3.13rc1-cp37-cp37m-win_amd64.whl (from https://pypi.org/simple/pyyaml/)
2026-03-15T19:49:19,206   Found link https://files.pythonhosted.org/packages/03/f0/fa8d547b6b36cdba50009795bf7ae4df2491677efc9cd2cab655730830bf/PyYAML-3.13rc1.tar.gz (from https://pypi.org/simple/pyyaml/), version: 3.13rc1
2026-03-15T19:49:19,206   Skipping link: none of the wheel's tags (cp27-cp27m-win32) are compatible (run pip debug --verbose to show compatible tags): https://files.pythonhosted.org/packages/b8/2e/9c2285870c9de070a1fa5ede702ab5fb329901b3cc4028c24f44eda27c5f/PyYAML-3.13-cp27-cp27m-win32.whl (from https://pypi.org/simple/pyyaml/)
2026-03-15T19:49:19,206   Skipping link: none of the wheel's tags (cp27-cp27m-win_amd64) are compatible (run pip debug --verbose to show compatible tags): https://files.pythonhosted.org/packages/df/4d/1ef8d60464a171112401e17a3a3e88fdb1d5b44af7606e8652b2f39ee9ce/PyYAML-3.13-cp27-cp27m-win_amd64.whl (from https://pypi.org/simple/pyyaml/)
2026-03-15T19:49:19,206   Skipping link: none of the wheel's tags (cp34-cp34m-win32) are compatible (run pip debug --verbose to show compatible tags): https://files.pythonhosted.org/packages/35/f0/cf0363b5c431c3a828284903aeacc6bdbba342fd4d7871dda9a3b0b00d15/PyYAML-3.13-cp34-cp34m-win32.whl (from https://pypi.org/simple/pyyaml/)
2026-03-15T19:49:19,206   Skipping link: none of the wheel's tags (cp34-cp34m-win_amd64) are compatible (run pip debug --verbose to show compatible tags): https://files.pythonhosted.org/packages/8c/bc/8950092a86259dc511e02a4c3a517ed4b28a254e4da134e3c04e5264e5a3/PyYAML-3.13-cp34-cp34m-win_amd64.whl (from https://pypi.org/simple/pyyaml/)
2026-03-15T19:49:19,206   Skipping link: none of the wheel's tags (cp35-cp35m-win32) are compatible (run pip debug --verbose to show compatible tags): https://files.pythonhosted.org/packages/29/33/8bbcd3740d9e96cfb57427b8db7a12093402a3a83f2054887e027b2849de/PyYAML-3.13-cp35-cp35m-win32.whl (from https://pypi.org/simple/pyyaml/)
2026-03-15T19:49:19,206   Skipping link: none of the wheel's tags (cp35-cp35m-win_amd64) are compatible (run pip debug --verbose to show compatible tags): https://files.pythonhosted.org/packages/ad/d4/d895fb7ac1b0828151b829a32cefc8a8b58b4499570520b91af20982b880/PyYAML-3.13-cp35-cp35m-win_amd64.whl (from https://pypi.org/simple/pyyaml/)
2026-03-15T19:49:19,206   Skipping link: none of the wheel's tags (cp36-cp36m-win32) are compatible (run pip debug --verbose to show compatible tags): https://files.pythonhosted.org/packages/fb/51/0c49c6caafe8d9a27ad9b0ca9f91adda5a5072b9efbbe7585fb97a4c71c4/PyYAML-3.13-cp36-cp36m-win32.whl (from https://pypi.org/simple/pyyaml/)
2026-03-15T19:49:19,206   Skipping link: none of the wheel's tags (cp36-cp36m-win_amd64) are compatible (run pip debug --verbose to show compatible tags): https://files.pythonhosted.org/packages/4f/ca/5fad249c5032270540c24d2189b0ddf1396aac49b0bdc548162edcf14131/PyYAML-3.13-cp36-cp36m-win_amd64.whl (from https://pypi.org/simple/pyyaml/)
2026-03-15T19:49:19,207   Skipping link: none of the wheel's tags (cp37-cp37m-win32) are compatible (run pip debug --verbose to show compatible tags): https://files.pythonhosted.org/packages/5c/ed/d6557f70daaaab6ee5cd2f8ccf7bedd63081e522e38679c03840e1acc114/PyYAML-3.13-cp37-cp37m-win32.whl (from https://pypi.org/simple/pyyaml/)
2026-03-15T19:49:19,207   Skipping link: none of the wheel's tags (cp37-cp37m-win_amd64) are compatible (run pip debug --verbose to show compatible tags): https://files.pythonhosted.org/packages/bf/96/d02ef8e1f3073e07ffdc240444e5041f403f29c0775f9f1653f18221082f/PyYAML-3.13-cp37-cp37m-win_amd64.whl (from https://pypi.org/simple/pyyaml/)
2026-03-15T19:49:19,207   Found link https://files.pythonhosted.org/packages/9e/a3/1d13970c3f36777c583f136c136f804d70f500168edc1edea6daa7200769/PyYAML-3.13.tar.gz (from https://pypi.org/simple/pyyaml/), version: 3.13
2026-03-15T19:49:19,207   Found link https://files.pythonhosted.org/packages/bd/da/0a49c1a31c60634b93fd1376b3b7966c4f81f2da8263f389cad5b6bbd6e8/PyYAML-4.2b1.tar.gz (from https://pypi.org/simple/pyyaml/), version: 4.2b1
2026-03-15T19:49:19,207   Found link https://files.pythonhosted.org/packages/0f/9d/f98ed0a460dc540f720bbe5c6e076f025595cdfa3e318fad27165db13cf9/PyYAML-4.2b2.tar.gz (from https://pypi.org/simple/pyyaml/), version: 4.2b2
2026-03-15T19:49:19,207   Skipping link: none of the wheel's tags (cp27-cp27m-win32) are compatible (run pip debug --verbose to show compatible tags): https://files.pythonhosted.org/packages/12/9b/efdbaa3c9694b6315a4410e0d494ad50c5ade22ce33f4b482bfaea3930fd/PyYAML-4.2b4-cp27-cp27m-win32.whl (from https://pypi.org/simple/pyyaml/)
2026-03-15T19:49:19,207   Skipping link: none of the wheel's tags (cp27-cp27m-win_amd64) are compatible (run pip debug --verbose to show compatible tags): https://files.pythonhosted.org/packages/da/81/4ecefcc907b4ba1d181eb031a6da45b79e7b6db8b2376aa3040c4a2d01ea/PyYAML-4.2b4-cp27-cp27m-win_amd64.whl (from https://pypi.org/simple/pyyaml/)
2026-03-15T19:49:19,207   Skipping link: none of the wheel's tags (cp34-cp34m-win32) are compatible (run pip debug --verbose to show compatible tags): https://files.pythonhosted.org/packages/41/63/9a082d3be6e53452959b66389646b56ecef2c6e4f205a52ff8196ce49eef/PyYAML-4.2b4-cp34-cp34m-win32.whl (from https://pypi.org/simple/pyyaml/)
2026-03-15T19:49:19,207   Skipping link: none of the wheel's tags (cp34-cp34m-win_amd64) are compatible (run pip debug --verbose to show compatible tags): https://files.pythonhosted.org/packages/96/2b/8c2841d7ea6a319acc62537ad59910d545008ccd87d84b6a7813fb8d724d/PyYAML-4.2b4-cp34-cp34m-win_amd64.whl (from https://pypi.org/simple/pyyaml/)
2026-03-15T19:49:19,207   Found link https://files.pythonhosted.org/packages/a8/c6/a8d1555e795dbd0375c3c93b576ca13bbf139db51ea604afa19a2c35fc03/PyYAML-4.2b4.tar.gz (from https://pypi.org/simple/pyyaml/), version: 4.2b4
2026-03-15T19:49:19,207   Skipping link: unsupported archive format: .exe: https://files.pythonhosted.org/packages/bc/51/36675a109c0cf585c1cb3c89f50f2014f4c228dc69572178c5b01de5aa96/PyYAML-4.2b4.win-amd64-py2.7.exe (from https://pypi.org/simple/pyyaml/)
2026-03-15T19:49:19,207   Skipping link: unsupported archive format: .exe: https://files.pythonhosted.org/packages/f2/62/415e37aa4296599a0db50dbdb6d9dd480ad4571008db855cf3c4dfdccea6/PyYAML-4.2b4.win-amd64-py3.4.exe (from https://pypi.org/simple/pyyaml/)
2026-03-15T19:49:19,207   Skipping link: unsupported archive format: .exe: https://files.pythonhosted.org/packages/16/06/6157cf397464f883e7d5e22b3c6b8c86025291f62304ccba75285e3cf25b/PyYAML-4.2b4.win32-py2.7.exe (from https://pypi.org/simple/pyyaml/)
2026-03-15T19:49:19,207   Skipping link: unsupported archive format: .exe: https://files.pythonhosted.org/packages/47/83/7f39055bd68e0918dde8308fd57f0bf75d1579e2695e8b9a127d0c401a03/PyYAML-4.2b4.win32-py3.4.exe (from https://pypi.org/simple/pyyaml/)
2026-03-15T19:49:19,207   Found link https://files.pythonhosted.org/packages/ff/d2/c8ef2dc18777b1a01b58513db9a11a9d32173e99b66d4e096358a825bb9a/PyYAML-5.1b1.tar.gz (from https://pypi.org/simple/pyyaml/), version: 5.1b1
2026-03-15T19:49:19,207   Found link https://files.pythonhosted.org/packages/64/47/2a103e57cc787ac798bdc4145634c9bd5fbb6628eebb05889a52e7f08dda/PyYAML-5.1b3.tar.gz (from https://pypi.org/simple/pyyaml/), version: 5.1b3
2026-03-15T19:49:19,207   Skipping link: none of the wheel's tags (cp27-cp27m-win32) are compatible (run pip debug --verbose to show compatible tags): https://files.pythonhosted.org/packages/9b/68/afa0205e454085d04a812e9b5e035142d2eab5a7a31cef1a9cba37c8cc5e/PyYAML-5.1b5-cp27-cp27m-win32.whl (from https://pypi.org/simple/pyyaml/)
2026-03-15T19:49:19,207   Skipping link: none of the wheel's tags (cp27-cp27m-win_amd64) are compatible (run pip debug --verbose to show compatible tags): https://files.pythonhosted.org/packages/b7/cc/d5a2d8d453fe68b85ddf72db64fe24239f993db8c50ef68f9ee6a50d6e53/PyYAML-5.1b5-cp27-cp27m-win_amd64.whl (from https://pypi.org/simple/pyyaml/)
2026-03-15T19:49:19,207   Skipping link: none of the wheel's tags (cp34-cp34m-win32) are compatible (run pip debug --verbose to show compatible tags): https://files.pythonhosted.org/packages/3d/1c/e4c68aac3de02cb021e874b6e2e0cae65feed88d0b7b3788a7a9dc4d14b5/PyYAML-5.1b5-cp34-cp34m-win32.whl (from https://pypi.org/simple/pyyaml/)
2026-03-15T19:49:19,207   Skipping link: none of the wheel's tags (cp34-cp34m-win_amd64) are compatible (run pip debug --verbose to show compatible tags): https://files.pythonhosted.org/packages/12/60/5be7f7798bd222c7a1575947ebae3f7ebf1af729353466f09146d939e068/PyYAML-5.1b5-cp34-cp34m-win_amd64.whl (from https://pypi.org/simple/pyyaml/)
2026-03-15T19:49:19,208   Skipping link: none of the wheel's tags (cp35-cp35m-win32) are compatible (run pip debug --verbose to show compatible tags): https://files.pythonhosted.org/packages/10/08/a8235c3259af76f8e612ac65a12d1f18024587fe942c16bbd18651395df7/PyYAML-5.1b5-cp35-cp35m-win32.whl (from https://pypi.org/simple/pyyaml/)
2026-03-15T19:49:19,208   Skipping link: none of the wheel's tags (cp35-cp35m-win_amd64) are compatible (run pip debug --verbose to show compatible tags): https://files.pythonhosted.org/packages/0f/00/9e65298240efe3bec980b82092577a59fa1d156e890eb3845bc961dd19ad/PyYAML-5.1b5-cp35-cp35m-win_amd64.whl (from https://pypi.org/simple/pyyaml/)
2026-03-15T19:49:19,208   Skipping link: none of the wheel's tags (cp36-cp36m-win32) are compatible (run pip debug --verbose to show compatible tags): https://files.pythonhosted.org/packages/7a/8d/406463bab901069125643e6bb8b40728307fc29cf660b7890e49516b55ec/PyYAML-5.1b5-cp36-cp36m-win32.whl (from https://pypi.org/simple/pyyaml/)
2026-03-15T19:49:19,208   Skipping link: none of the wheel's tags (cp36-cp36m-win_amd64) are compatible (run pip debug --verbose to show compatible tags): https://files.pythonhosted.org/packages/1e/6e/335b0addee7d10ece85db159d94be64d95ac0e4afea3798b747c1c3803ac/PyYAML-5.1b5-cp36-cp36m-win_amd64.whl (from https://pypi.org/simple/pyyaml/)
2026-03-15T19:49:19,208   Skipping link: none of the wheel's tags (cp37-cp37m-win32) are compatible (run pip debug --verbose to show compatible tags): https://files.pythonhosted.org/packages/68/bb/328f77fc9050c6e272505fda02c855f97f3f8f89a80739ef4630858ae043/PyYAML-5.1b5-cp37-cp37m-win32.whl (from https://pypi.org/simple/pyyaml/)
2026-03-15T19:49:19,208   Skipping link: none of the wheel's tags (cp37-cp37m-win_amd64) are compatible (run pip debug --verbose to show compatible tags): https://files.pythonhosted.org/packages/cb/28/333cf646630dc7b9085ac419a99e1e727908b570c39c4f4927ef5836e46a/PyYAML-5.1b5-cp37-cp37m-win_amd64.whl (from https://pypi.org/simple/pyyaml/)
2026-03-15T19:49:19,208   Found link https://files.pythonhosted.org/packages/8e/c1/f430175cea36511aeb59a688893d9c4b479c907bebc00d5a022e188ef873/PyYAML-5.1b5.tar.gz (from https://pypi.org/simple/pyyaml/), version: 5.1b5
2026-03-15T19:49:19,208   Skipping link: none of the wheel's tags (cp27-cp27m-win_amd64) are compatible (run pip debug --verbose to show compatible tags): https://files.pythonhosted.org/packages/3c/c6/709dbe7cf3d2949a6f869741d1efc62223b7c6689f9b1a6d05b796f60219/PyYAML-5.1b7-cp27-cp27m-win_amd64.whl (from https://pypi.org/simple/pyyaml/)
2026-03-15T19:49:19,208   Skipping link: none of the wheel's tags (cp27-cp27m-win32) are compatible (run pip debug --verbose to show compatible tags): https://files.pythonhosted.org/packages/56/54/1d33a1e7beeb4b20398a1525e27c7d0645065a0fcfae39b4fab69f7804f7/PyYAML-5.1-cp27-cp27m-win32.whl (from https://pypi.org/simple/pyyaml/)
2026-03-15T19:49:19,208   Skipping link: none of the wheel's tags (cp27-cp27m-win_amd64) are compatible (run pip debug --verbose to show compatible tags): https://files.pythonhosted.org/packages/1a/d6/b082e72e4556c2ef3dd9ec122f886b341187d677f32ee3081888762ab38d/PyYAML-5.1-cp27-cp27m-win_amd64.whl (from https://pypi.org/simple/pyyaml/)
2026-03-15T19:49:19,208   Skipping link: none of the wheel's tags (cp34-cp34m-win32) are compatible (run pip debug --verbose to show compatible tags): https://files.pythonhosted.org/packages/8f/c1/a25f7f3df33aa6b51d41767d6b972823ef8f0da698c401c1d8d8a723e5e3/PyYAML-5.1-cp34-cp34m-win32.whl (from https://pypi.org/simple/pyyaml/)
2026-03-15T19:49:19,208   Skipping link: none of the wheel's tags (cp34-cp34m-win_amd64) are compatible (run pip debug --verbose to show compatible tags): https://files.pythonhosted.org/packages/df/0e/e42ca980a3b089a2be81d42eae419b68704d98de40e04f08a680e4209814/PyYAML-5.1-cp34-cp34m-win_amd64.whl (from https://pypi.org/simple/pyyaml/)
2026-03-15T19:49:19,208   Skipping link: none of the wheel's tags (cp35-cp35m-win32) are compatible (run pip debug --verbose to show compatible tags): https://files.pythonhosted.org/packages/13/1e/c334060f3180988346cc73a5d891b3c697cdf484aa9b4855a785f8241180/PyYAML-5.1-cp35-cp35m-win32.whl (from https://pypi.org/simple/pyyaml/)
2026-03-15T19:49:19,208   Skipping link: none of the wheel's tags (cp35-cp35m-win_amd64) are compatible (run pip debug --verbose to show compatible tags): https://files.pythonhosted.org/packages/dd/74/82496ef0a3e0ec47f4c40ea19a9d7bf0371034d1e4dddda3fbc6f8898aed/PyYAML-5.1-cp35-cp35m-win_amd64.whl (from https://pypi.org/simple/pyyaml/)
2026-03-15T19:49:19,208   Skipping link: none of the wheel's tags (cp36-cp36m-win32) are compatible (run pip debug --verbose to show compatible tags): https://files.pythonhosted.org/packages/64/75/f613d1ffbe19f2b4e1c1a117f624c7b4b705fa8ca93aa1f06b54accc4a3b/PyYAML-5.1-cp36-cp36m-win32.whl (from https://pypi.org/simple/pyyaml/)
2026-03-15T19:49:19,208   Skipping link: none of the wheel's tags (cp36-cp36m-win_amd64) are compatible (run pip debug --verbose to show compatible tags): https://files.pythonhosted.org/packages/72/da/386634cb17f33b12278af017ccb3314cede4806af70285f396b8f6af1203/PyYAML-5.1-cp36-cp36m-win_amd64.whl (from https://pypi.org/simple/pyyaml/)
2026-03-15T19:49:19,208   Skipping link: none of the wheel's tags (cp37-cp37m-win32) are compatible (run pip debug --verbose to show compatible tags): https://files.pythonhosted.org/packages/a2/50/d42aa0b14fd7b04d287fa739c16e49d9eb79d364a6aa0c5df6ecdeef3dd4/PyYAML-5.1-cp37-cp37m-win32.whl (from https://pypi.org/simple/pyyaml/)
2026-03-15T19:49:19,208   Skipping link: none of the wheel's tags (cp37-cp37m-win_amd64) are compatible (run pip debug --verbose to show compatible tags): https://files.pythonhosted.org/packages/b6/74/c3e15707516f80192059dde32c9d78f00a88c9f3c4d1efd76cbc8d5b0a20/PyYAML-5.1-cp37-cp37m-win_amd64.whl (from https://pypi.org/simple/pyyaml/)
2026-03-15T19:49:19,208   Found link https://files.pythonhosted.org/packages/9f/2c/9417b5c774792634834e730932745bc09a7d36754ca00acf1ccd1ac2594d/PyYAML-5.1.tar.gz (from https://pypi.org/simple/pyyaml/), version: 5.1
2026-03-15T19:49:19,209   Skipping link: none of the wheel's tags (cp27-cp27m-win32) are compatible (run pip debug --verbose to show compatible tags): https://files.pythonhosted.org/packages/3c/be/0f0d87e4bbbaecefb069d76a443e5ca2ed3a41505d8b2aae7e179ff2fc92/PyYAML-5.1.1-cp27-cp27m-win32.whl (from https://pypi.org/simple/pyyaml/)
2026-03-15T19:49:19,209   Skipping link: none of the wheel's tags (cp27-cp27m-win_amd64) are compatible (run pip debug --verbose to show compatible tags): https://files.pythonhosted.org/packages/a2/fc/b1ead6200056e3c8b6a605249aa78445f728ceb9c19a51a148d43a4256da/PyYAML-5.1.1-cp27-cp27m-win_amd64.whl (from https://pypi.org/simple/pyyaml/)
2026-03-15T19:49:19,209   Skipping link: none of the wheel's tags (cp34-cp34m-win32) are compatible (run pip debug --verbose to show compatible tags): https://files.pythonhosted.org/packages/b9/8a/cb88cb6f72adf39f9ca0d116add2c2659fb479937c2b49b46434ecdf3df9/PyYAML-5.1.1-cp34-cp34m-win32.whl (from https://pypi.org/simple/pyyaml/)
2026-03-15T19:49:19,209   Skipping link: none of the wheel's tags (cp34-cp34m-win_amd64) are compatible (run pip debug --verbose to show compatible tags): https://files.pythonhosted.org/packages/3f/7f/a710d54df49aa7dd10104b6f697a24eff180f127bf12c55f02b4264e46d7/PyYAML-5.1.1-cp34-cp34m-win_amd64.whl (from https://pypi.org/simple/pyyaml/)
2026-03-15T19:49:19,209   Skipping link: none of the wheel's tags (cp35-cp35m-win32) are compatible (run pip debug --verbose to show compatible tags): https://files.pythonhosted.org/packages/1d/7d/636ea21f30b59ce7fe6706626c0bc017774dc8e6d4ab5859ef3682f2ea6e/PyYAML-5.1.1-cp35-cp35m-win32.whl (from https://pypi.org/simple/pyyaml/)
2026-03-15T19:49:19,209   Skipping link: none of the wheel's tags (cp35-cp35m-win_amd64) are compatible (run pip debug --verbose to show compatible tags): https://files.pythonhosted.org/packages/34/59/69a5a3f46231c7cd0bfafd9affc3bb37aefe00b59cb223372ea02dd9e055/PyYAML-5.1.1-cp35-cp35m-win_amd64.whl (from https://pypi.org/simple/pyyaml/)
2026-03-15T19:49:19,209   Skipping link: none of the wheel's tags (cp36-cp36m-win32) are compatible (run pip debug --verbose to show compatible tags): https://files.pythonhosted.org/packages/6e/95/a2080e85262c2a998afa835fedc55f8098f422e350faaa075535d9153b0b/PyYAML-5.1.1-cp36-cp36m-win32.whl (from https://pypi.org/simple/pyyaml/)
2026-03-15T19:49:19,209   Skipping link: none of the wheel's tags (cp36-cp36m-win_amd64) are compatible (run pip debug --verbose to show compatible tags): https://files.pythonhosted.org/packages/71/f7/5513e0982417c0a497b5194cc975831755447ab5e64c5fe4c877c1706a7a/PyYAML-5.1.1-cp36-cp36m-win_amd64.whl (from https://pypi.org/simple/pyyaml/)
2026-03-15T19:49:19,209   Skipping link: none of the wheel's tags (cp37-cp37m-win32) are compatible (run pip debug --verbose to show compatible tags): https://files.pythonhosted.org/packages/45/19/53c041b8719eaf88ce1cdb51bea1c5a2844433e79c23a2a8aeeaa0e27fd8/PyYAML-5.1.1-cp37-cp37m-win32.whl (from https://pypi.org/simple/pyyaml/)
2026-03-15T19:49:19,209   Skipping link: none of the wheel's tags (cp37-cp37m-win_amd64) are compatible (run pip debug --verbose to show compatible tags): https://files.pythonhosted.org/packages/f5/93/b5ebdabc7e450418c26a1395d995d878a59bc4272d6ac63d2ada922126ad/PyYAML-5.1.1-cp37-cp37m-win_amd64.whl (from https://pypi.org/simple/pyyaml/)
2026-03-15T19:49:19,209   Found link https://files.pythonhosted.org/packages/a3/65/837fefac7475963d1eccf4aa684c23b95aa6c1d033a2c5965ccb11e22623/PyYAML-5.1.1.tar.gz (from https://pypi.org/simple/pyyaml/), version: 5.1.1
2026-03-15T19:49:19,209   Skipping link: none of the wheel's tags (cp27-cp27m-win32) are compatible (run pip debug --verbose to show compatible tags): https://files.pythonhosted.org/packages/59/8a/489e2bd945c44b16f098c3746685609e5635478b11fb505da2b9b6ae5641/PyYAML-5.1.2-cp27-cp27m-win32.whl (from https://pypi.org/simple/pyyaml/)
2026-03-15T19:49:19,209   Skipping link: none of the wheel's tags (cp27-cp27m-win_amd64) are compatible (run pip debug --verbose to show compatible tags): https://files.pythonhosted.org/packages/da/7e/b82dad5d7343eb3d53cf84aaefb53515a659c55b1cb7c328287256c1c156/PyYAML-5.1.2-cp27-cp27m-win_amd64.whl (from https://pypi.org/simple/pyyaml/)
2026-03-15T19:49:19,209   Skipping link: none of the wheel's tags (cp34-cp34m-win32) are compatible (run pip debug --verbose to show compatible tags): https://files.pythonhosted.org/packages/b7/04/bfa3a88e09aac17e6e961c9574ef8fe92c4f34bc33fd524fde8b53cb585b/PyYAML-5.1.2-cp34-cp34m-win32.whl (from https://pypi.org/simple/pyyaml/)
2026-03-15T19:49:19,209   Skipping link: none of the wheel's tags (cp34-cp34m-win_amd64) are compatible (run pip debug --verbose to show compatible tags): https://files.pythonhosted.org/packages/dc/82/6676dc1144e83dea12d105863e6851f95d04de0a70a732048718a23a8865/PyYAML-5.1.2-cp34-cp34m-win_amd64.whl (from https://pypi.org/simple/pyyaml/)
2026-03-15T19:49:19,209   Skipping link: none of the wheel's tags (cp35-cp35m-win32) are compatible (run pip debug --verbose to show compatible tags): https://files.pythonhosted.org/packages/93/87/1a72d3c2c1612f03e0b02c88e31daa627b8439695c0b1264faa65260db69/PyYAML-5.1.2-cp35-cp35m-win32.whl (from https://pypi.org/simple/pyyaml/)
2026-03-15T19:49:19,209   Skipping link: none of the wheel's tags (cp35-cp35m-win_amd64) are compatible (run pip debug --verbose to show compatible tags): https://files.pythonhosted.org/packages/0d/e2/c3f8cf0b82aa314d1adb2ffbfa626732ff3dd38eb04b05d4739f8be79291/PyYAML-5.1.2-cp35-cp35m-win_amd64.whl (from https://pypi.org/simple/pyyaml/)
2026-03-15T19:49:19,209   Skipping link: none of the wheel's tags (cp36-cp36m-win32) are compatible (run pip debug --verbose to show compatible tags): https://files.pythonhosted.org/packages/7f/94/523bb1e9d215fb0cc2b4659307ef7585757d46528bac694f663f93fd6069/PyYAML-5.1.2-cp36-cp36m-win32.whl (from https://pypi.org/simple/pyyaml/)
2026-03-15T19:49:19,209   Skipping link: none of the wheel's tags (cp36-cp36m-win_amd64) are compatible (run pip debug --verbose to show compatible tags): https://files.pythonhosted.org/packages/76/da/60f8d638d81d64db4ed3c279c22eb3a1eebfcde6130fee678940e603b930/PyYAML-5.1.2-cp36-cp36m-win_amd64.whl (from https://pypi.org/simple/pyyaml/)
2026-03-15T19:49:19,210   Skipping link: none of the wheel's tags (cp37-cp37m-win32) are compatible (run pip debug --verbose to show compatible tags): https://files.pythonhosted.org/packages/d3/4f/c65af393e53483cf0a0db7aac48f02684b09207c9b77242d35d747e63221/PyYAML-5.1.2-cp37-cp37m-win32.whl (from https://pypi.org/simple/pyyaml/)
2026-03-15T19:49:19,210   Skipping link: none of the wheel's tags (cp37-cp37m-win_amd64) are compatible (run pip debug --verbose to show compatible tags): https://files.pythonhosted.org/packages/bc/3f/4f733cd0b1b675f34beb290d465a65e0f06b492c00b111d1b75125062de1/PyYAML-5.1.2-cp37-cp37m-win_amd64.whl (from https://pypi.org/simple/pyyaml/)
2026-03-15T19:49:19,210   Skipping link: none of the wheel's tags (cp38-cp38m-win32) are compatible (run pip debug --verbose to show compatible tags): https://files.pythonhosted.org/packages/29/16/e4d675da1275a3aabd5e2a35e868273ba3f4859993acb55e77792f806315/PyYAML-5.1.2-cp38-cp38m-win32.whl (from https://pypi.org/simple/pyyaml/)
2026-03-15T19:49:19,210   Skipping link: none of the wheel's tags (cp38-cp38m-win_amd64) are compatible (run pip debug --verbose to show compatible tags): https://files.pythonhosted.org/packages/72/97/82213f52066d0fe9b5c6130cf0c7b99c6897a560205d42444bbad979f68b/PyYAML-5.1.2-cp38-cp38m-win_amd64.whl (from https://pypi.org/simple/pyyaml/)
2026-03-15T19:49:19,210   Found link https://files.pythonhosted.org/packages/e3/e8/b3212641ee2718d556df0f23f78de8303f068fe29cdaa7a91018849582fe/PyYAML-5.1.2.tar.gz (from https://pypi.org/simple/pyyaml/), version: 5.1.2
2026-03-15T19:49:19,210   Skipping link: none of the wheel's tags (cp27-cp27m-win32) are compatible (run pip debug --verbose to show compatible tags): https://files.pythonhosted.org/packages/52/c4/08cdd33349a8f890920ecf7be68071ab1df509b04c799358dea31110695c/PyYAML-5.2b1-cp27-cp27m-win32.whl (from https://pypi.org/simple/pyyaml/)
2026-03-15T19:49:19,210   Skipping link: none of the wheel's tags (cp27-cp27m-win_amd64) are compatible (run pip debug --verbose to show compatible tags): https://files.pythonhosted.org/packages/c0/f9/a14bb160faa5b1d95133e5a355f72e098c1bb819bc48d753e20f41c4559c/PyYAML-5.2b1-cp27-cp27m-win_amd64.whl (from https://pypi.org/simple/pyyaml/)
2026-03-15T19:49:19,210   Skipping link: none of the wheel's tags (cp34-cp34m-win32) are compatible (run pip debug --verbose to show compatible tags): https://files.pythonhosted.org/packages/bc/11/9af2c9acca3b4668f78ce76c1f69ed6022d1ddb0625b54a83436da4962e1/PyYAML-5.2b1-cp34-cp34m-win32.whl (from https://pypi.org/simple/pyyaml/)
2026-03-15T19:49:19,210   Skipping link: none of the wheel's tags (cp34-cp34m-win_amd64) are compatible (run pip debug --verbose to show compatible tags): https://files.pythonhosted.org/packages/3e/c7/af507d6204f4bb78cc2ef3fb7671d4da0ab6ead339f0ad94b43b4192330b/PyYAML-5.2b1-cp34-cp34m-win_amd64.whl (from https://pypi.org/simple/pyyaml/)
2026-03-15T19:49:19,210   Skipping link: none of the wheel's tags (cp35-cp35m-win32) are compatible (run pip debug --verbose to show compatible tags): https://files.pythonhosted.org/packages/2b/25/735c72a91e0c80330c9bbd2aa8690a99da1fa1f9ca6b67bd5586091dd59f/PyYAML-5.2b1-cp35-cp35m-win32.whl (from https://pypi.org/simple/pyyaml/)
2026-03-15T19:49:19,210   Skipping link: none of the wheel's tags (cp35-cp35m-win_amd64) are compatible (run pip debug --verbose to show compatible tags): https://files.pythonhosted.org/packages/14/38/4180ebc28d5634334c2cd7b51bab975ecdd7fd5de5d0b1e2ee238c8f8e82/PyYAML-5.2b1-cp35-cp35m-win_amd64.whl (from https://pypi.org/simple/pyyaml/)
2026-03-15T19:49:19,210   Skipping link: none of the wheel's tags (cp36-cp36m-win32) are compatible (run pip debug --verbose to show compatible tags): https://files.pythonhosted.org/packages/32/db/0bee86a26f2e49cfbf69f3cb459e296d5138d84490302a901f3a37fdcd6f/PyYAML-5.2b1-cp36-cp36m-win32.whl (from https://pypi.org/simple/pyyaml/)
2026-03-15T19:49:19,210   Skipping link: none of the wheel's tags (cp36-cp36m-win_amd64) are compatible (run pip debug --verbose to show compatible tags): https://files.pythonhosted.org/packages/5e/b6/77dde435d320b4db91b8c3014720d250b89af74998f085437e383a64ad52/PyYAML-5.2b1-cp36-cp36m-win_amd64.whl (from https://pypi.org/simple/pyyaml/)
2026-03-15T19:49:19,210   Skipping link: none of the wheel's tags (cp37-cp37m-win32) are compatible (run pip debug --verbose to show compatible tags): https://files.pythonhosted.org/packages/b0/b2/4799d7adbd6f6ebb6caa10e4069d0ced982a6c1389b15c52cc018b6cba3f/PyYAML-5.2b1-cp37-cp37m-win32.whl (from https://pypi.org/simple/pyyaml/)
2026-03-15T19:49:19,210   Skipping link: none of the wheel's tags (cp37-cp37m-win_amd64) are compatible (run pip debug --verbose to show compatible tags): https://files.pythonhosted.org/packages/61/e5/20da1bf5fcacea3eec92edfd17dcc3412ffd35330b1c12823cc4851203eb/PyYAML-5.2b1-cp37-cp37m-win_amd64.whl (from https://pypi.org/simple/pyyaml/)
2026-03-15T19:49:19,210   Skipping link: none of the wheel's tags (cp38-cp38m-win32) are compatible (run pip debug --verbose to show compatible tags): https://files.pythonhosted.org/packages/48/e0/d9c57cb680034acafc2b03a83d6219725dd380ff9baf4aeccd9ea5d8b330/PyYAML-5.2b1-cp38-cp38m-win32.whl (from https://pypi.org/simple/pyyaml/)
2026-03-15T19:49:19,210   Skipping link: none of the wheel's tags (cp38-cp38m-win_amd64) are compatible (run pip debug --verbose to show compatible tags): https://files.pythonhosted.org/packages/7a/6d/6f9249908690cf13bba4a3260a4a2c0834c4813bce850116c731e5122ed0/PyYAML-5.2b1-cp38-cp38m-win_amd64.whl (from https://pypi.org/simple/pyyaml/)
2026-03-15T19:49:19,211   Found link https://files.pythonhosted.org/packages/57/74/37f7e9703d488e832ef41672cd3ee303fae71fa189aa00681afb1bd71f9c/PyYAML-5.2b1.tar.gz (from https://pypi.org/simple/pyyaml/), version: 5.2b1
2026-03-15T19:49:19,211   Skipping link: none of the wheel's tags (cp27-cp27m-win32) are compatible (run pip debug --verbose to show compatible tags): https://files.pythonhosted.org/packages/c3/c5/64dffdfe63cb8bba1a739381cf9dc80a2e2171cafa16ec33099c1e58266e/PyYAML-5.2-cp27-cp27m-win32.whl (from https://pypi.org/simple/pyyaml/)
2026-03-15T19:49:19,211   Skipping link: none of the wheel's tags (cp27-cp27m-win_amd64) are compatible (run pip debug --verbose to show compatible tags): https://files.pythonhosted.org/packages/21/5f/91ae0681bceb7ae183552b0364cfd21c9f173e2f2553229bb74968e31ea0/PyYAML-5.2-cp27-cp27m-win_amd64.whl (from https://pypi.org/simple/pyyaml/)
2026-03-15T19:49:19,211   Skipping link: none of the wheel's tags (cp35-cp35m-win32) are compatible (run pip debug --verbose to show compatible tags): https://files.pythonhosted.org/packages/bb/71/d22c924f42803266905f6ceccc5e13a29643bf07f30f766eb9a3edb003bb/PyYAML-5.2-cp35-cp35m-win32.whl (from https://pypi.org/simple/pyyaml/)
2026-03-15T19:49:19,211   Skipping link: none of the wheel's tags (cp35-cp35m-win_amd64) are compatible (run pip debug --verbose to show compatible tags): https://files.pythonhosted.org/packages/ca/7c/25fbace52866d61ce2e8c506a6fd6c1d53185cfbd0e0b993dc28d1b70c8e/PyYAML-5.2-cp35-cp35m-win_amd64.whl (from https://pypi.org/simple/pyyaml/)
2026-03-15T19:49:19,211   Skipping link: none of the wheel's tags (cp36-cp36m-win32) are compatible (run pip debug --verbose to show compatible tags): https://files.pythonhosted.org/packages/16/34/c36881fbace4724e7c031a82d324effbfbd19c7e3adb34618acc6d4589ae/PyYAML-5.2-cp36-cp36m-win32.whl (from https://pypi.org/simple/pyyaml/)
2026-03-15T19:49:19,211   Skipping link: none of the wheel's tags (cp36-cp36m-win_amd64) are compatible (run pip debug --verbose to show compatible tags): https://files.pythonhosted.org/packages/58/1f/00682a829890131bcc71755e78d595e439bd6b291ea9bd5ced93ed57cc3d/PyYAML-5.2-cp36-cp36m-win_amd64.whl (from https://pypi.org/simple/pyyaml/)
2026-03-15T19:49:19,211   Skipping link: none of the wheel's tags (cp37-cp37m-win32) are compatible (run pip debug --verbose to show compatible tags): https://files.pythonhosted.org/packages/b1/2d/4266a4c99cce38f492a462cd6ef94eb52c045cfbdc3737e831901a5febea/PyYAML-5.2-cp37-cp37m-win32.whl (from https://pypi.org/simple/pyyaml/)
2026-03-15T19:49:19,211   Skipping link: none of the wheel's tags (cp37-cp37m-win_amd64) are compatible (run pip debug --verbose to show compatible tags): https://files.pythonhosted.org/packages/5c/90/18ad46adf73fd4d7c4fe18e90189a69d00006d7e61849d88d1bce89b1744/PyYAML-5.2-cp37-cp37m-win_amd64.whl (from https://pypi.org/simple/pyyaml/)
2026-03-15T19:49:19,211   Skipping link: none of the wheel's tags (cp38-cp38-win32) are compatible (run pip debug --verbose to show compatible tags): https://files.pythonhosted.org/packages/6c/d3/8e04359dc99ea74134b4250bf21430f957020038993a0b4860f003e9ebab/PyYAML-5.2-cp38-cp38-win32.whl (from https://pypi.org/simple/pyyaml/)
2026-03-15T19:49:19,211   Skipping link: none of the wheel's tags (cp38-cp38-win_amd64) are compatible (run pip debug --verbose to show compatible tags): https://files.pythonhosted.org/packages/2c/b5/3b437ac11c4e97ea6647edbcc2032c08385eda2f03f502d7783843e84e62/PyYAML-5.2-cp38-cp38-win_amd64.whl (from https://pypi.org/simple/pyyaml/)
2026-03-15T19:49:19,211   Found link https://files.pythonhosted.org/packages/8d/c9/e5be955a117a1ac548cdd31e37e8fd7b02ce987f9655f5c7563c656d5dcb/PyYAML-5.2.tar.gz (from https://pypi.org/simple/pyyaml/), version: 5.2
2026-03-15T19:49:19,211   Skipping link: none of the wheel's tags (cp27-cp27m-win32) are compatible (run pip debug --verbose to show compatible tags): https://files.pythonhosted.org/packages/c4/d6/5fff50ac763e9d79674221fc77e9d1c4e5f86d46ce5345bacd1f331b645a/PyYAML-5.3b1-cp27-cp27m-win32.whl (from https://pypi.org/simple/pyyaml/)
2026-03-15T19:49:19,211   Skipping link: none of the wheel's tags (cp27-cp27m-win_amd64) are compatible (run pip debug --verbose to show compatible tags): https://files.pythonhosted.org/packages/1f/f3/36d380758e69c44d784049265aca089ed773f6d17da74160a94b48d214d9/PyYAML-5.3b1-cp27-cp27m-win_amd64.whl (from https://pypi.org/simple/pyyaml/)
2026-03-15T19:49:19,211   Skipping link: none of the wheel's tags (cp35-cp35m-win32) are compatible (run pip debug --verbose to show compatible tags): https://files.pythonhosted.org/packages/f7/54/13ff2aec7f25bd2638d76a3c62ac9eb8776b9e625cb1c777d83be7637be2/PyYAML-5.3b1-cp35-cp35m-win32.whl (from https://pypi.org/simple/pyyaml/)
2026-03-15T19:49:19,211   Skipping link: none of the wheel's tags (cp35-cp35m-win_amd64) are compatible (run pip debug --verbose to show compatible tags): https://files.pythonhosted.org/packages/d2/d6/38342af07d81a9ef42f35dfbc226781c0dd30dff125992a42754113862e6/PyYAML-5.3b1-cp35-cp35m-win_amd64.whl (from https://pypi.org/simple/pyyaml/)
2026-03-15T19:49:19,211   Skipping link: none of the wheel's tags (cp36-cp36m-win32) are compatible (run pip debug --verbose to show compatible tags): https://files.pythonhosted.org/packages/51/d7/4dac5b07e8dfe5d8842256d9fcdf824ecbfa220fb1a025dfd49492203e39/PyYAML-5.3b1-cp36-cp36m-win32.whl (from https://pypi.org/simple/pyyaml/)
2026-03-15T19:49:19,211   Skipping link: none of the wheel's tags (cp36-cp36m-win_amd64) are compatible (run pip debug --verbose to show compatible tags): https://files.pythonhosted.org/packages/f3/50/1fb56c65bd0acc3361b2342947e950d15a22a6db72729e582489715a73a5/PyYAML-5.3b1-cp36-cp36m-win_amd64.whl (from https://pypi.org/simple/pyyaml/)
2026-03-15T19:49:19,211   Skipping link: none of the wheel's tags (cp37-cp37m-win32) are compatible (run pip debug --verbose to show compatible tags): https://files.pythonhosted.org/packages/67/3b/f6017706b6d326c6db4a87a0323cd313bfb7d864ebe3a89a0ed3726cbbf7/PyYAML-5.3b1-cp37-cp37m-win32.whl (from https://pypi.org/simple/pyyaml/)
2026-03-15T19:49:19,211   Skipping link: none of the wheel's tags (cp37-cp37m-win_amd64) are compatible (run pip debug --verbose to show compatible tags): https://files.pythonhosted.org/packages/5f/2c/35c43615b0b56dd8e0a9aa23f1711f9477b4d0384195f70df691b8f8da3a/PyYAML-5.3b1-cp37-cp37m-win_amd64.whl (from https://pypi.org/simple/pyyaml/)
2026-03-15T19:49:19,212   Skipping link: none of the wheel's tags (cp38-cp38-win32) are compatible (run pip debug --verbose to show compatible tags): https://files.pythonhosted.org/packages/9c/ae/8bfc71d015806125ce3c3c8f55d981e2df52b1ebd9954933bd663b571677/PyYAML-5.3b1-cp38-cp38-win32.whl (from https://pypi.org/simple/pyyaml/)
2026-03-15T19:49:19,212   Skipping link: none of the wheel's tags (cp38-cp38-win_amd64) are compatible (run pip debug --verbose to show compatible tags): https://files.pythonhosted.org/packages/4b/3f/36dfa13c06d00e1fa2b4b2f3847e23230c17e4402387dbbe7a6a765c8297/PyYAML-5.3b1-cp38-cp38-win_amd64.whl (from https://pypi.org/simple/pyyaml/)
2026-03-15T19:49:19,212   Found link https://files.pythonhosted.org/packages/a0/18/842b84b53383d64bffa8e3aa45eaebd8842131d8439fecc82b6d969cda7b/PyYAML-5.3b1.tar.gz (from https://pypi.org/simple/pyyaml/), version: 5.3b1
2026-03-15T19:49:19,212   Skipping link: none of the wheel's tags (cp27-cp27m-win32) are compatible (run pip debug --verbose to show compatible tags): https://files.pythonhosted.org/packages/6d/1a/dbe0f53ee5830e1eee8aa2d09ab477feb9b5fa15186247989119a2050c0e/PyYAML-5.3-cp27-cp27m-win32.whl (from https://pypi.org/simple/pyyaml/)
2026-03-15T19:49:19,212   Skipping link: none of the wheel's tags (cp27-cp27m-win_amd64) are compatible (run pip debug --verbose to show compatible tags): https://files.pythonhosted.org/packages/8b/b9/ef151fb8c78247187850a27764afdedd65e02339a5fccd46489701ff4ad8/PyYAML-5.3-cp27-cp27m-win_amd64.whl (from https://pypi.org/simple/pyyaml/)
2026-03-15T19:49:19,212   Skipping link: none of the wheel's tags (cp35-cp35m-win32) are compatible (run pip debug --verbose to show compatible tags): https://files.pythonhosted.org/packages/aa/f1/e2c3bdc3926b1cc1c31f813ecefe3fc79868cd51cb19421e783910da4826/PyYAML-5.3-cp35-cp35m-win32.whl (from https://pypi.org/simple/pyyaml/)
2026-03-15T19:49:19,212   Skipping link: none of the wheel's tags (cp35-cp35m-win_amd64) are compatible (run pip debug --verbose to show compatible tags): https://files.pythonhosted.org/packages/8a/53/a649f98cd5ab851dc48677b8ae775113756286d040622381d385afdc5a32/PyYAML-5.3-cp35-cp35m-win_amd64.whl (from https://pypi.org/simple/pyyaml/)
2026-03-15T19:49:19,212   Skipping link: none of the wheel's tags (cp36-cp36m-win32) are compatible (run pip debug --verbose to show compatible tags): https://files.pythonhosted.org/packages/5e/17/512223ec8514cf9c5647dda4805c4dd051930ecb4d0fe744329061b00c00/PyYAML-5.3-cp36-cp36m-win32.whl (from https://pypi.org/simple/pyyaml/)
2026-03-15T19:49:19,212   Skipping link: none of the wheel's tags (cp36-cp36m-win_amd64) are compatible (run pip debug --verbose to show compatible tags): https://files.pythonhosted.org/packages/b9/b6/7f6a1c6a061d9d86ca39a3284ded68806c1d8542596bf76eefa9f65eddde/PyYAML-5.3-cp36-cp36m-win_amd64.whl (from https://pypi.org/simple/pyyaml/)
2026-03-15T19:49:19,212   Skipping link: none of the wheel's tags (cp37-cp37m-win32) are compatible (run pip debug --verbose to show compatible tags): https://files.pythonhosted.org/packages/93/2f/0fe99d8809276f7e0414c451284a5f144e2a332cbe2379e8bbc7421a7ec9/PyYAML-5.3-cp37-cp37m-win32.whl (from https://pypi.org/simple/pyyaml/)
2026-03-15T19:49:19,212   Skipping link: none of the wheel's tags (cp37-cp37m-win_amd64) are compatible (run pip debug --verbose to show compatible tags): https://files.pythonhosted.org/packages/9e/9c/d4865f9b24c7cfe83181e892ec5ade1435cde46bc606bb5ac2b297d75c38/PyYAML-5.3-cp37-cp37m-win_amd64.whl (from https://pypi.org/simple/pyyaml/)
2026-03-15T19:49:19,212   Skipping link: none of the wheel's tags (cp38-cp38-win32) are compatible (run pip debug --verbose to show compatible tags): https://files.pythonhosted.org/packages/d1/2c/bc6625326e966aa2de85a085f91121330410588fd0bb1fe7603e822e6905/PyYAML-5.3-cp38-cp38-win32.whl (from https://pypi.org/simple/pyyaml/)
2026-03-15T19:49:19,212   Skipping link: none of the wheel's tags (cp38-cp38-win_amd64) are compatible (run pip debug --verbose to show compatible tags): https://files.pythonhosted.org/packages/e9/37/8b3b8468894fb9ae31cac2a1ecec2f66514d1eec592c0e7d169bd3e1859e/PyYAML-5.3-cp38-cp38-win_amd64.whl (from https://pypi.org/simple/pyyaml/)
2026-03-15T19:49:19,212   Found link https://files.pythonhosted.org/packages/3d/d9/ea9816aea31beeadccd03f1f8b625ecf8f645bd66744484d162d84803ce5/PyYAML-5.3.tar.gz (from https://pypi.org/simple/pyyaml/), version: 5.3
2026-03-15T19:49:19,212   Skipping link: none of the wheel's tags (cp27-cp27m-win32) are compatible (run pip debug --verbose to show compatible tags): https://files.pythonhosted.org/packages/c8/af/64e32cb1c31dee44235ef39ea5ecbcde5d85f8f1d3b894b9788f53d82cf7/PyYAML-5.3.1-cp27-cp27m-win32.whl (from https://pypi.org/simple/pyyaml/)
2026-03-15T19:49:19,212   Skipping link: none of the wheel's tags (cp27-cp27m-win_amd64) are compatible (run pip debug --verbose to show compatible tags): https://files.pythonhosted.org/packages/64/fe/f317d7e063051f76694d02462db3b48056e893bfb303b0eacc62310dbcdf/PyYAML-5.3.1-cp27-cp27m-win_amd64.whl (from https://pypi.org/simple/pyyaml/)
2026-03-15T19:49:19,212   Skipping link: none of the wheel's tags (cp35-cp35m-win32) are compatible (run pip debug --verbose to show compatible tags): https://files.pythonhosted.org/packages/c6/01/761c52e9cb710475c610d9ecb745ca506ca822d327d6c7449ddb341ba4e8/PyYAML-5.3.1-cp35-cp35m-win32.whl (from https://pypi.org/simple/pyyaml/)
2026-03-15T19:49:19,212   Skipping link: none of the wheel's tags (cp35-cp35m-win_amd64) are compatible (run pip debug --verbose to show compatible tags): https://files.pythonhosted.org/packages/4c/8e/89baf0c276d9c3a9e310cd6a32b1d9d24649ee9b89ea3ad0fb3ce86ee560/PyYAML-5.3.1-cp35-cp35m-win_amd64.whl (from https://pypi.org/simple/pyyaml/)
2026-03-15T19:49:19,212   Skipping link: none of the wheel's tags (cp36-cp36m-win32) are compatible (run pip debug --verbose to show compatible tags): https://files.pythonhosted.org/packages/ba/79/956a6b6f0d5549476aca5dd1275f2ad164f0a865b066b730d0fb78d72d8f/PyYAML-5.3.1-cp36-cp36m-win32.whl (from https://pypi.org/simple/pyyaml/)
2026-03-15T19:49:19,212   Skipping link: none of the wheel's tags (cp36-cp36m-win_amd64) are compatible (run pip debug --verbose to show compatible tags): https://files.pythonhosted.org/packages/61/5e/0386f8d74ce6e0a183b93a7e02d32b2629c0a2c8e9db806a3f5eebbfa221/PyYAML-5.3.1-cp36-cp36m-win_amd64.whl (from https://pypi.org/simple/pyyaml/)
2026-03-15T19:49:19,213   Skipping link: none of the wheel's tags (cp37-cp37m-win32) are compatible (run pip debug --verbose to show compatible tags): https://files.pythonhosted.org/packages/e2/61/052d3c26d38aeb663e4f080e04c6a7fa67a55c3ed9b4bda051b70ef06867/PyYAML-5.3.1-cp37-cp37m-win32.whl (from https://pypi.org/simple/pyyaml/)
2026-03-15T19:49:19,213   Skipping link: none of the wheel's tags (cp37-cp37m-win_amd64) are compatible (run pip debug --verbose to show compatible tags): https://files.pythonhosted.org/packages/fb/aa/1a7ac452c52b93ab759d0b5b81c901ea122d95a5abf429decc660a44a2f1/PyYAML-5.3.1-cp37-cp37m-win_amd64.whl (from https://pypi.org/simple/pyyaml/)
2026-03-15T19:49:19,213   Skipping link: none of the wheel's tags (cp38-cp38-win32) are compatible (run pip debug --verbose to show compatible tags): https://files.pythonhosted.org/packages/0c/f4/fcdef9ab4e9044edce9c1e50adf175e6e6d9b39276caf0df1eeb9b125260/PyYAML-5.3.1-cp38-cp38-win32.whl (from https://pypi.org/simple/pyyaml/)
2026-03-15T19:49:19,213   Skipping link: none of the wheel's tags (cp38-cp38-win_amd64) are compatible (run pip debug --verbose to show compatible tags): https://files.pythonhosted.org/packages/7b/1d/3cf27312e162ff8bf3a9ae8c7472bb28ca6ae7f86e7130c23b798ec4c12a/PyYAML-5.3.1-cp38-cp38-win_amd64.whl (from https://pypi.org/simple/pyyaml/)
2026-03-15T19:49:19,213   Skipping link: none of the wheel's tags (cp39-cp39-win32) are compatible (run pip debug --verbose to show compatible tags): https://files.pythonhosted.org/packages/5b/a5/519cd8848ffe3b97a15bea04a5fd38aedec3a0507940b057d7a2d8ef8aa4/PyYAML-5.3.1-cp39-cp39-win32.whl (from https://pypi.org/simple/pyyaml/)
2026-03-15T19:49:19,213   Skipping link: none of the wheel's tags (cp39-cp39-win_amd64) are compatible (run pip debug --verbose to show compatible tags): https://files.pythonhosted.org/packages/8f/26/e6a31906395fb4a83d65188af37cce3166bf4b4609c07702bb65eb2974cc/PyYAML-5.3.1-cp39-cp39-win_amd64.whl (from https://pypi.org/simple/pyyaml/)
2026-03-15T19:49:19,213   Found link https://files.pythonhosted.org/packages/64/c2/b80047c7ac2478f9501676c988a5411ed5572f35d1beff9cae07d321512c/PyYAML-5.3.1.tar.gz (from https://pypi.org/simple/pyyaml/), version: 5.3.1
2026-03-15T19:49:19,213   Skipping link: none of the wheel's tags (cp27-cp27m-macosx_10_9_x86_64) are compatible (run pip debug --verbose to show compatible tags): https://files.pythonhosted.org/packages/eb/ba/dd89b0aa6cf21a336cb5d752c7a808d417f006949a8415b1f5a8a2f73c92/PyYAML-5.4b1-cp27-cp27m-macosx_10_9_x86_64.whl (from https://pypi.org/simple/pyyaml/) (requires-python:>=2.7, !=3.0.*, !=3.1.*, !=3.2.*, !=3.3.*, !=3.4.*, !=3.5.*)
2026-03-15T19:49:19,213   Skipping link: none of the wheel's tags (cp27-cp27m-win32) are compatible (run pip debug --verbose to show compatible tags): https://files.pythonhosted.org/packages/8a/a5/e56bf2b25d87902e87c91aed37103f0e32d3cb1480566895f842f858ded8/PyYAML-5.4b1-cp27-cp27m-win32.whl (from https://pypi.org/simple/pyyaml/) (requires-python:>=2.7, !=3.0.*, !=3.1.*, !=3.2.*, !=3.3.*, !=3.4.*, !=3.5.*)
2026-03-15T19:49:19,213   Skipping link: none of the wheel's tags (cp27-cp27m-win_amd64) are compatible (run pip debug --verbose to show compatible tags): https://files.pythonhosted.org/packages/17/c9/2bba2b359384234a9388d30b74142ca12cafc6563d25064dd158dc1dc6f0/PyYAML-5.4b1-cp27-cp27m-win_amd64.whl (from https://pypi.org/simple/pyyaml/) (requires-python:>=2.7, !=3.0.*, !=3.1.*, !=3.2.*, !=3.3.*, !=3.4.*, !=3.5.*)
2026-03-15T19:49:19,213   Skipping link: none of the wheel's tags (cp27-cp27mu-manylinux1_x86_64) are compatible (run pip debug --verbose to show compatible tags): https://files.pythonhosted.org/packages/31/45/7a919bfa4b27e00dcc980fda6f1ec649747cb00511e528a7bf758cdd2c05/PyYAML-5.4b1-cp27-cp27mu-manylinux1_x86_64.whl (from https://pypi.org/simple/pyyaml/) (requires-python:>=2.7, !=3.0.*, !=3.1.*, !=3.2.*, !=3.3.*, !=3.4.*, !=3.5.*)
2026-03-15T19:49:19,213   Skipping link: none of the wheel's tags (cp36-cp36m-macosx_10_9_x86_64) are compatible (run pip debug --verbose to show compatible tags): https://files.pythonhosted.org/packages/37/ab/06ec9319912ba591ee52117176e8f88939e91093bc069ad179123fd79498/PyYAML-5.4b1-cp36-cp36m-macosx_10_9_x86_64.whl (from https://pypi.org/simple/pyyaml/) (requires-python:>=2.7, !=3.0.*, !=3.1.*, !=3.2.*, !=3.3.*, !=3.4.*, !=3.5.*)
2026-03-15T19:49:19,213   Skipping link: none of the wheel's tags (cp36-cp36m-manylinux1_x86_64) are compatible (run pip debug --verbose to show compatible tags): https://files.pythonhosted.org/packages/4d/61/41f5949898f02e750d5d0773792ab4b80f948305ce47bb33c69147e217ba/PyYAML-5.4b1-cp36-cp36m-manylinux1_x86_64.whl (from https://pypi.org/simple/pyyaml/) (requires-python:>=2.7, !=3.0.*, !=3.1.*, !=3.2.*, !=3.3.*, !=3.4.*, !=3.5.*)
2026-03-15T19:49:19,213   Skipping link: none of the wheel's tags (cp36-cp36m-win32) are compatible (run pip debug --verbose to show compatible tags): https://files.pythonhosted.org/packages/14/6a/797c048631c7e1a08ab036992449989512f5688be13fe8baa01a3fdd3bbe/PyYAML-5.4b1-cp36-cp36m-win32.whl (from https://pypi.org/simple/pyyaml/) (requires-python:>=2.7, !=3.0.*, !=3.1.*, !=3.2.*, !=3.3.*, !=3.4.*, !=3.5.*)
2026-03-15T19:49:19,213   Skipping link: none of the wheel's tags (cp36-cp36m-win_amd64) are compatible (run pip debug --verbose to show compatible tags): https://files.pythonhosted.org/packages/14/14/3aa3e7ea09f24e833cf51eb7c672a7960f4c5c3de247ab974db8bd889690/PyYAML-5.4b1-cp36-cp36m-win_amd64.whl (from https://pypi.org/simple/pyyaml/) (requires-python:>=2.7, !=3.0.*, !=3.1.*, !=3.2.*, !=3.3.*, !=3.4.*, !=3.5.*)
2026-03-15T19:49:19,213   Skipping link: none of the wheel's tags (cp37-cp37m-macosx_10_9_x86_64) are compatible (run pip debug --verbose to show compatible tags): https://files.pythonhosted.org/packages/7b/42/6a16315b946e0f50bd0d88501e91b1e334b989098569d04207f02cdd2be9/PyYAML-5.4b1-cp37-cp37m-macosx_10_9_x86_64.whl (from https://pypi.org/simple/pyyaml/) (requires-python:>=2.7, !=3.0.*, !=3.1.*, !=3.2.*, !=3.3.*, !=3.4.*, !=3.5.*)
2026-03-15T19:49:19,213   Skipping link: none of the wheel's tags (cp37-cp37m-manylinux1_x86_64) are compatible (run pip debug --verbose to show compatible tags): https://files.pythonhosted.org/packages/c1/6f/8944cebc3fe8dd6c754724c4aa2f9c40afd44723cc9018f136ff39627c82/PyYAML-5.4b1-cp37-cp37m-manylinux1_x86_64.whl (from https://pypi.org/simple/pyyaml/) (requires-python:>=2.7, !=3.0.*, !=3.1.*, !=3.2.*, !=3.3.*, !=3.4.*, !=3.5.*)
2026-03-15T19:49:19,213   Skipping link: none of the wheel's tags (cp37-cp37m-win32) are compatible (run pip debug --verbose to show compatible tags): https://files.pythonhosted.org/packages/66/5f/0880661180bcb32b7cc7e4dab633aa5a75bbc46ce2d1aeec2ded2cca20ec/PyYAML-5.4b1-cp37-cp37m-win32.whl (from https://pypi.org/simple/pyyaml/) (requires-python:>=2.7, !=3.0.*, !=3.1.*, !=3.2.*, !=3.3.*, !=3.4.*, !=3.5.*)
2026-03-15T19:49:19,213   Skipping link: none of the wheel's tags (cp37-cp37m-win_amd64) are compatible (run pip debug --verbose to show compatible tags): https://files.pythonhosted.org/packages/d5/b1/e9e8a8fe08e7ecf118caa13b95d34db92b5292e22f0e598e4b6187cb364e/PyYAML-5.4b1-cp37-cp37m-win_amd64.whl (from https://pypi.org/simple/pyyaml/) (requires-python:>=2.7, !=3.0.*, !=3.1.*, !=3.2.*, !=3.3.*, !=3.4.*, !=3.5.*)
2026-03-15T19:49:19,213   Skipping link: none of the wheel's tags (cp38-cp38-macosx_10_9_x86_64) are compatible (run pip debug --verbose to show compatible tags): https://files.pythonhosted.org/packages/cd/65/b1fc1feafb45e389090b01c027a63979c7d8cf8eb6a7a001c0224e8e73c2/PyYAML-5.4b1-cp38-cp38-macosx_10_9_x86_64.whl (from https://pypi.org/simple/pyyaml/) (requires-python:>=2.7, !=3.0.*, !=3.1.*, !=3.2.*, !=3.3.*, !=3.4.*, !=3.5.*)
2026-03-15T19:49:19,214   Skipping link: none of the wheel's tags (cp38-cp38-manylinux1_x86_64) are compatible (run pip debug --verbose to show compatible tags): https://files.pythonhosted.org/packages/00/28/f086961caa48268e4e8d875c8199f7f743469a95f7a633a71b66730b5844/PyYAML-5.4b1-cp38-cp38-manylinux1_x86_64.whl (from https://pypi.org/simple/pyyaml/) (requires-python:>=2.7, !=3.0.*, !=3.1.*, !=3.2.*, !=3.3.*, !=3.4.*, !=3.5.*)
2026-03-15T19:49:19,214   Skipping link: none of the wheel's tags (cp38-cp38-win32) are compatible (run pip debug --verbose to show compatible tags): https://files.pythonhosted.org/packages/cf/a3/1f39a28d023e2bbf147bb1b864dc18afd55c586b30d45baf4069126d9b77/PyYAML-5.4b1-cp38-cp38-win32.whl (from https://pypi.org/simple/pyyaml/) (requires-python:>=2.7, !=3.0.*, !=3.1.*, !=3.2.*, !=3.3.*, !=3.4.*, !=3.5.*)
2026-03-15T19:49:19,214   Skipping link: none of the wheel's tags (cp38-cp38-win_amd64) are compatible (run pip debug --verbose to show compatible tags): https://files.pythonhosted.org/packages/dc/8d/f29e8a2c89e58f6a37ad6322ad5b0f38fa259ee60becb820e86557672a66/PyYAML-5.4b1-cp38-cp38-win_amd64.whl (from https://pypi.org/simple/pyyaml/) (requires-python:>=2.7, !=3.0.*, !=3.1.*, !=3.2.*, !=3.3.*, !=3.4.*, !=3.5.*)
2026-03-15T19:49:19,214   Skipping link: none of the wheel's tags (cp39-cp39-macosx_10_9_x86_64) are compatible (run pip debug --verbose to show compatible tags): https://files.pythonhosted.org/packages/ac/f2/3d2df8db9576d31cb3166fcf23f5ac4a7a4104a1cb4bcfbdb24b1b40338b/PyYAML-5.4b1-cp39-cp39-macosx_10_9_x86_64.whl (from https://pypi.org/simple/pyyaml/) (requires-python:>=2.7, !=3.0.*, !=3.1.*, !=3.2.*, !=3.3.*, !=3.4.*, !=3.5.*)
2026-03-15T19:49:19,214   Skipping link: none of the wheel's tags (cp39-cp39-manylinux1_x86_64) are compatible (run pip debug --verbose to show compatible tags): https://files.pythonhosted.org/packages/57/9a/6052030e97c7588c8ab7947885c1bdab53d2cb7f0057f89d7b0f3d0f7bee/PyYAML-5.4b1-cp39-cp39-manylinux1_x86_64.whl (from https://pypi.org/simple/pyyaml/) (requires-python:>=2.7, !=3.0.*, !=3.1.*, !=3.2.*, !=3.3.*, !=3.4.*, !=3.5.*)
2026-03-15T19:49:19,214   Skipping link: none of the wheel's tags (cp39-cp39-win32) are compatible (run pip debug --verbose to show compatible tags): https://files.pythonhosted.org/packages/f0/42/8b6acdecd842fa82fc90e4fc2df111b14f921d063bb360fab641acd1d52b/PyYAML-5.4b1-cp39-cp39-win32.whl (from https://pypi.org/simple/pyyaml/) (requires-python:>=2.7, !=3.0.*, !=3.1.*, !=3.2.*, !=3.3.*, !=3.4.*, !=3.5.*)
2026-03-15T19:49:19,214   Skipping link: none of the wheel's tags (cp39-cp39-win_amd64) are compatible (run pip debug --verbose to show compatible tags): https://files.pythonhosted.org/packages/76/ca/49db8ce4f05601f020460c49b6902efee386692675e56d9e34d114aca321/PyYAML-5.4b1-cp39-cp39-win_amd64.whl (from https://pypi.org/simple/pyyaml/) (requires-python:>=2.7, !=3.0.*, !=3.1.*, !=3.2.*, !=3.3.*, !=3.4.*, !=3.5.*)
2026-03-15T19:49:19,214   Found link https://files.pythonhosted.org/packages/70/1b/9546dfbd01b4cb017aa54676e66e6f5c62d5a50d20f9140d3bb9fe0e7dc5/PyYAML-5.4b1.tar.gz (from https://pypi.org/simple/pyyaml/) (requires-python:>=2.7, !=3.0.*, !=3.1.*, !=3.2.*, !=3.3.*, !=3.4.*, !=3.5.*), version: 5.4b1
2026-03-15T19:49:19,214   Skipping link: none of the wheel's tags (cp27-cp27m-macosx_10_9_x86_64) are compatible (run pip debug --verbose to show compatible tags): https://files.pythonhosted.org/packages/6d/b5/df87d9e7dc1852e5f21b9ebf78180b6050cf272bdb94d8b3905e90194d58/PyYAML-5.4b2-cp27-cp27m-macosx_10_9_x86_64.whl (from https://pypi.org/simple/pyyaml/) (requires-python:>=2.7, !=3.0.*, !=3.1.*, !=3.2.*, !=3.3.*, !=3.4.*, !=3.5.*)
2026-03-15T19:49:19,214   Skipping link: none of the wheel's tags (cp27-cp27m-win32) are compatible (run pip debug --verbose to show compatible tags): https://files.pythonhosted.org/packages/50/2a/463e53f28d064c9e861565d7a2571a33f0bcfcd2312f523083da60c292a0/PyYAML-5.4b2-cp27-cp27m-win32.whl (from https://pypi.org/simple/pyyaml/) (requires-python:>=2.7, !=3.0.*, !=3.1.*, !=3.2.*, !=3.3.*, !=3.4.*, !=3.5.*)
2026-03-15T19:49:19,214   Skipping link: none of the wheel's tags (cp27-cp27m-win_amd64) are compatible (run pip debug --verbose to show compatible tags): https://files.pythonhosted.org/packages/dd/8b/8ce1945e97b259a6a2e5dfbe4b61c64d3b79939ed8182c1f82a8ebeaf2d6/PyYAML-5.4b2-cp27-cp27m-win_amd64.whl (from https://pypi.org/simple/pyyaml/) (requires-python:>=2.7, !=3.0.*, !=3.1.*, !=3.2.*, !=3.3.*, !=3.4.*, !=3.5.*)
2026-03-15T19:49:19,214   Skipping link: none of the wheel's tags (cp27-cp27mu-manylinux1_x86_64) are compatible (run pip debug --verbose to show compatible tags): https://files.pythonhosted.org/packages/31/e6/17fb3b47c838ff419451310195ff76e3372d5339ff8bcdfe2a503a021ccf/PyYAML-5.4b2-cp27-cp27mu-manylinux1_x86_64.whl (from https://pypi.org/simple/pyyaml/) (requires-python:>=2.7, !=3.0.*, !=3.1.*, !=3.2.*, !=3.3.*, !=3.4.*, !=3.5.*)
2026-03-15T19:49:19,215   Skipping link: none of the wheel's tags (cp36-cp36m-macosx_10_9_x86_64) are compatible (run pip debug --verbose to show compatible tags): https://files.pythonhosted.org/packages/76/0f/107ed59f8ccbeb46916801311e0cd0ea4e15176760f309c947a32af91cf1/PyYAML-5.4b2-cp36-cp36m-macosx_10_9_x86_64.whl (from https://pypi.org/simple/pyyaml/) (requires-python:>=2.7, !=3.0.*, !=3.1.*, !=3.2.*, !=3.3.*, !=3.4.*, !=3.5.*)
2026-03-15T19:49:19,215   Skipping link: none of the wheel's tags (cp36-cp36m-manylinux1_x86_64) are compatible (run pip debug --verbose to show compatible tags): https://files.pythonhosted.org/packages/95/94/02b2e86be3d51b24f899d7326ced7a35f84b522a9d9f022b03a54c41900d/PyYAML-5.4b2-cp36-cp36m-manylinux1_x86_64.whl (from https://pypi.org/simple/pyyaml/) (requires-python:>=2.7, !=3.0.*, !=3.1.*, !=3.2.*, !=3.3.*, !=3.4.*, !=3.5.*)
2026-03-15T19:49:19,215   Skipping link: none of the wheel's tags (cp36-cp36m-win32) are compatible (run pip debug --verbose to show compatible tags): https://files.pythonhosted.org/packages/9c/02/9902768a4d00f0bc646f89a08bf273244621c5daa40e82d634facdeef571/PyYAML-5.4b2-cp36-cp36m-win32.whl (from https://pypi.org/simple/pyyaml/) (requires-python:>=2.7, !=3.0.*, !=3.1.*, !=3.2.*, !=3.3.*, !=3.4.*, !=3.5.*)
2026-03-15T19:49:19,215   Skipping link: none of the wheel's tags (cp36-cp36m-win_amd64) are compatible (run pip debug --verbose to show compatible tags): https://files.pythonhosted.org/packages/5a/69/cce412e231af9af6d0c6d4f365ca456a0a45442f9926c0d0ab142baed4f2/PyYAML-5.4b2-cp36-cp36m-win_amd64.whl (from https://pypi.org/simple/pyyaml/) (requires-python:>=2.7, !=3.0.*, !=3.1.*, !=3.2.*, !=3.3.*, !=3.4.*, !=3.5.*)
2026-03-15T19:49:19,215   Skipping link: none of the wheel's tags (cp37-cp37m-macosx_10_9_x86_64) are compatible (run pip debug --verbose to show compatible tags): https://files.pythonhosted.org/packages/98/3b/c4c9e6f80a2616a5810164d5d4f948b719ed6e084bf47c4edfbb10cdd745/PyYAML-5.4b2-cp37-cp37m-macosx_10_9_x86_64.whl (from https://pypi.org/simple/pyyaml/) (requires-python:>=2.7, !=3.0.*, !=3.1.*, !=3.2.*, !=3.3.*, !=3.4.*, !=3.5.*)
2026-03-15T19:49:19,215   Skipping link: none of the wheel's tags (cp37-cp37m-manylinux1_x86_64) are compatible (run pip debug --verbose to show compatible tags): https://files.pythonhosted.org/packages/87/16/9d08acafdc0c139133dd4a5acf416c131341933b492568180e4138cbb13b/PyYAML-5.4b2-cp37-cp37m-manylinux1_x86_64.whl (from https://pypi.org/simple/pyyaml/) (requires-python:>=2.7, !=3.0.*, !=3.1.*, !=3.2.*, !=3.3.*, !=3.4.*, !=3.5.*)
2026-03-15T19:49:19,215   Skipping link: none of the wheel's tags (cp37-cp37m-win32) are compatible (run pip debug --verbose to show compatible tags): https://files.pythonhosted.org/packages/74/f9/369cbc395b1d2862ab6ca004e397b2a110f2a73066c7415ba6506d633cdb/PyYAML-5.4b2-cp37-cp37m-win32.whl (from https://pypi.org/simple/pyyaml/) (requires-python:>=2.7, !=3.0.*, !=3.1.*, !=3.2.*, !=3.3.*, !=3.4.*, !=3.5.*)
2026-03-15T19:49:19,215   Skipping link: none of the wheel's tags (cp37-cp37m-win_amd64) are compatible (run pip debug --verbose to show compatible tags): https://files.pythonhosted.org/packages/a3/9a/f59ecf18a73ce57fb8ded4799753164ad374ae0d9103dd2575f8329d700e/PyYAML-5.4b2-cp37-cp37m-win_amd64.whl (from https://pypi.org/simple/pyyaml/) (requires-python:>=2.7, !=3.0.*, !=3.1.*, !=3.2.*, !=3.3.*, !=3.4.*, !=3.5.*)
2026-03-15T19:49:19,215   Skipping link: none of the wheel's tags (cp38-cp38-macosx_10_9_x86_64) are compatible (run pip debug --verbose to show compatible tags): https://files.pythonhosted.org/packages/ce/48/4d490fd263125df2c88f14f24aa996ceace755937f090f3689994b27f368/PyYAML-5.4b2-cp38-cp38-macosx_10_9_x86_64.whl (from https://pypi.org/simple/pyyaml/) (requires-python:>=2.7, !=3.0.*, !=3.1.*, !=3.2.*, !=3.3.*, !=3.4.*, !=3.5.*)
2026-03-15T19:49:19,215   Skipping link: none of the wheel's tags (cp38-cp38-manylinux1_x86_64) are compatible (run pip debug --verbose to show compatible tags): https://files.pythonhosted.org/packages/01/a4/1eeabaf6a4c4890a65cf54812de0de7cd7ebf4b6f29d1bb3f75cff94b5d4/PyYAML-5.4b2-cp38-cp38-manylinux1_x86_64.whl (from https://pypi.org/simple/pyyaml/) (requires-python:>=2.7, !=3.0.*, !=3.1.*, !=3.2.*, !=3.3.*, !=3.4.*, !=3.5.*)
2026-03-15T19:49:19,215   Skipping link: none of the wheel's tags (cp38-cp38-win32) are compatible (run pip debug --verbose to show compatible tags): https://files.pythonhosted.org/packages/75/5d/e2e6a9f36d234fbc1bf87db52ad053a70b5462b18dc22855e6a789b9eaad/PyYAML-5.4b2-cp38-cp38-win32.whl (from https://pypi.org/simple/pyyaml/) (requires-python:>=2.7, !=3.0.*, !=3.1.*, !=3.2.*, !=3.3.*, !=3.4.*, !=3.5.*)
2026-03-15T19:49:19,215   Skipping link: none of the wheel's tags (cp38-cp38-win_amd64) are compatible (run pip debug --verbose to show compatible tags): https://files.pythonhosted.org/packages/da/f8/b2731708eae575167d47721c679efd8d440839510f4d7ad55c5b19c1fd13/PyYAML-5.4b2-cp38-cp38-win_amd64.whl (from https://pypi.org/simple/pyyaml/) (requires-python:>=2.7, !=3.0.*, !=3.1.*, !=3.2.*, !=3.3.*, !=3.4.*, !=3.5.*)
2026-03-15T19:49:19,215   Skipping link: none of the wheel's tags (cp39-cp39-macosx_10_9_x86_64) are compatible (run pip debug --verbose to show compatible tags): https://files.pythonhosted.org/packages/14/3f/96aa6e6eb6af2f0a3a1e533814dc7167075411c6472be51fecf7e251764d/PyYAML-5.4b2-cp39-cp39-macosx_10_9_x86_64.whl (from https://pypi.org/simple/pyyaml/) (requires-python:>=2.7, !=3.0.*, !=3.1.*, !=3.2.*, !=3.3.*, !=3.4.*, !=3.5.*)
2026-03-15T19:49:19,215   Skipping link: none of the wheel's tags (cp39-cp39-manylinux1_x86_64) are compatible (run pip debug --verbose to show compatible tags): https://files.pythonhosted.org/packages/cb/22/d8ad9af6ff82ca23cad913e240545d8fba1eba4091fe13ec71687951514f/PyYAML-5.4b2-cp39-cp39-manylinux1_x86_64.whl (from https://pypi.org/simple/pyyaml/) (requires-python:>=2.7, !=3.0.*, !=3.1.*, !=3.2.*, !=3.3.*, !=3.4.*, !=3.5.*)
2026-03-15T19:49:19,215   Skipping link: none of the wheel's tags (cp39-cp39-win32) are compatible (run pip debug --verbose to show compatible tags): https://files.pythonhosted.org/packages/95/80/51d3e204af57026a2f3c3b423f7f0220132bcfce5731de6bdc1ce6b07b39/PyYAML-5.4b2-cp39-cp39-win32.whl (from https://pypi.org/simple/pyyaml/) (requires-python:>=2.7, !=3.0.*, !=3.1.*, !=3.2.*, !=3.3.*, !=3.4.*, !=3.5.*)
2026-03-15T19:49:19,215   Skipping link: none of the wheel's tags (cp39-cp39-win_amd64) are compatible (run pip debug --verbose to show compatible tags): https://files.pythonhosted.org/packages/62/32/78418b79a96999f00ccfbee4179f27063d799393cf1ea784541894ba704e/PyYAML-5.4b2-cp39-cp39-win_amd64.whl (from https://pypi.org/simple/pyyaml/) (requires-python:>=2.7, !=3.0.*, !=3.1.*, !=3.2.*, !=3.3.*, !=3.4.*, !=3.5.*)
2026-03-15T19:49:19,215   Found link https://files.pythonhosted.org/packages/38/81/586bed445a69c8368fad395f0ea73b604a5269bbdc2b5202b5d83b844365/PyYAML-5.4b2.tar.gz (from https://pypi.org/simple/pyyaml/) (requires-python:>=2.7, !=3.0.*, !=3.1.*, !=3.2.*, !=3.3.*, !=3.4.*, !=3.5.*), version: 5.4b2
2026-03-15T19:49:19,215   Skipping link: none of the wheel's tags (cp27-cp27m-macosx_10_9_x86_64) are compatible (run pip debug --verbose to show compatible tags): https://files.pythonhosted.org/packages/73/e8/e213c2752d258c0281c2a513f73a9cc0b937d06f3943f3621988ca46ccac/PyYAML-5.4-cp27-cp27m-macosx_10_9_x86_64.whl (from https://pypi.org/simple/pyyaml/) (requires-python:>=2.7, !=3.0.*, !=3.1.*, !=3.2.*, !=3.3.*, !=3.4.*, !=3.5.*)
2026-03-15T19:49:19,216   Skipping link: none of the wheel's tags (cp27-cp27m-win32) are compatible (run pip debug --verbose to show compatible tags): https://files.pythonhosted.org/packages/55/cb/1ca960ac18a82000e7b35ea314a32bb27a6c549b3dd92d4926741042279b/PyYAML-5.4-cp27-cp27m-win32.whl (from https://pypi.org/simple/pyyaml/) (requires-python:>=2.7, !=3.0.*, !=3.1.*, !=3.2.*, !=3.3.*, !=3.4.*, !=3.5.*)
2026-03-15T19:49:19,216   Skipping link: none of the wheel's tags (cp27-cp27m-win_amd64) are compatible (run pip debug --verbose to show compatible tags): https://files.pythonhosted.org/packages/0c/9a/175d8c34ae6275866c2ad926ced27008ca85242faaae1b93979f3c048561/PyYAML-5.4-cp27-cp27m-win_amd64.whl (from https://pypi.org/simple/pyyaml/) (requires-python:>=2.7, !=3.0.*, !=3.1.*, !=3.2.*, !=3.3.*, !=3.4.*, !=3.5.*)
2026-03-15T19:49:19,216   Skipping link: none of the wheel's tags (cp27-cp27mu-manylinux1_x86_64) are compatible (run pip debug --verbose to show compatible tags): https://files.pythonhosted.org/packages/d3/f8/ca82d242dffa702a0a81f1a70eba04bf1f705b93883e8435b1400861844d/PyYAML-5.4-cp27-cp27mu-manylinux1_x86_64.whl (from https://pypi.org/simple/pyyaml/) (requires-python:>=2.7, !=3.0.*, !=3.1.*, !=3.2.*, !=3.3.*, !=3.4.*, !=3.5.*)
2026-03-15T19:49:19,216   Skipping link: none of the wheel's tags (cp36-cp36m-macosx_10_9_x86_64) are compatible (run pip debug --verbose to show compatible tags): https://files.pythonhosted.org/packages/7f/27/b50b59b50733dcb89d3436707d70310f2329eaa598f9ff28515dc97b7b6b/PyYAML-5.4-cp36-cp36m-macosx_10_9_x86_64.whl (from https://pypi.org/simple/pyyaml/) (requires-python:>=2.7, !=3.0.*, !=3.1.*, !=3.2.*, !=3.3.*, !=3.4.*, !=3.5.*)
2026-03-15T19:49:19,216   Skipping link: none of the wheel's tags (cp36-cp36m-manylinux1_x86_64) are compatible (run pip debug --verbose to show compatible tags): https://files.pythonhosted.org/packages/8a/f2/d2567a720055e0dc09254edd0db810cfdaae01b922fb5bfd6178631b689a/PyYAML-5.4-cp36-cp36m-manylinux1_x86_64.whl (from https://pypi.org/simple/pyyaml/) (requires-python:>=2.7, !=3.0.*, !=3.1.*, !=3.2.*, !=3.3.*, !=3.4.*, !=3.5.*)
2026-03-15T19:49:19,216   Skipping link: none of the wheel's tags (cp36-cp36m-win32) are compatible (run pip debug --verbose to show compatible tags): https://files.pythonhosted.org/packages/99/11/b472b1a7a5904df2c52952d37db264d090b616e330db3c60e0590a08ccb2/PyYAML-5.4-cp36-cp36m-win32.whl (from https://pypi.org/simple/pyyaml/) (requires-python:>=2.7, !=3.0.*, !=3.1.*, !=3.2.*, !=3.3.*, !=3.4.*, !=3.5.*)
2026-03-15T19:49:19,216   Skipping link: none of the wheel's tags (cp36-cp36m-win_amd64) are compatible (run pip debug --verbose to show compatible tags): https://files.pythonhosted.org/packages/86/13/12bee17506e65ff2b7931055e846b6b8c7885d62741063541b2adcb26ff7/PyYAML-5.4-cp36-cp36m-win_amd64.whl (from https://pypi.org/simple/pyyaml/) (requires-python:>=2.7, !=3.0.*, !=3.1.*, !=3.2.*, !=3.3.*, !=3.4.*, !=3.5.*)
2026-03-15T19:49:19,216   Skipping link: none of the wheel's tags (cp37-cp37m-macosx_10_9_x86_64) are compatible (run pip debug --verbose to show compatible tags): https://files.pythonhosted.org/packages/1b/bd/6cbbd6f79e1741ebbc376d8f63ed6fbe22260605a0e56ba17dcd19f3a962/PyYAML-5.4-cp37-cp37m-macosx_10_9_x86_64.whl (from https://pypi.org/simple/pyyaml/) (requires-python:>=2.7, !=3.0.*, !=3.1.*, !=3.2.*, !=3.3.*, !=3.4.*, !=3.5.*)
2026-03-15T19:49:19,216   Skipping link: none of the wheel's tags (cp37-cp37m-manylinux1_x86_64) are compatible (run pip debug --verbose to show compatible tags): https://files.pythonhosted.org/packages/f1/86/83ae5504903b4eca5ae1fd3c53b87b640f9c302df2c97fc08331ec7f3c8a/PyYAML-5.4-cp37-cp37m-manylinux1_x86_64.whl (from https://pypi.org/simple/pyyaml/) (requires-python:>=2.7, !=3.0.*, !=3.1.*, !=3.2.*, !=3.3.*, !=3.4.*, !=3.5.*)
2026-03-15T19:49:19,216   Skipping link: none of the wheel's tags (cp37-cp37m-win32) are compatible (run pip debug --verbose to show compatible tags): https://files.pythonhosted.org/packages/e3/d0/87dd20c93d144fdd15ecc0f2f8904e2ccf1f58203b5f8079d089d79b5c4f/PyYAML-5.4-cp37-cp37m-win32.whl (from https://pypi.org/simple/pyyaml/) (requires-python:>=2.7, !=3.0.*, !=3.1.*, !=3.2.*, !=3.3.*, !=3.4.*, !=3.5.*)
2026-03-15T19:49:19,216   Skipping link: none of the wheel's tags (cp37-cp37m-win_amd64) are compatible (run pip debug --verbose to show compatible tags): https://files.pythonhosted.org/packages/71/02/d398b477f89c690f1d4b96d9ea4e807e065d4d49bcd195c406c262726c46/PyYAML-5.4-cp37-cp37m-win_amd64.whl (from https://pypi.org/simple/pyyaml/) (requires-python:>=2.7, !=3.0.*, !=3.1.*, !=3.2.*, !=3.3.*, !=3.4.*, !=3.5.*)
2026-03-15T19:49:19,216   Skipping link: none of the wheel's tags (cp38-cp38-macosx_10_9_x86_64) are compatible (run pip debug --verbose to show compatible tags): https://files.pythonhosted.org/packages/60/a0/c6c7fb6604a6083d1bb7a96e6841132e6256742e9ffbb981f9496adbe97c/PyYAML-5.4-cp38-cp38-macosx_10_9_x86_64.whl (from https://pypi.org/simple/pyyaml/) (requires-python:>=2.7, !=3.0.*, !=3.1.*, !=3.2.*, !=3.3.*, !=3.4.*, !=3.5.*)
2026-03-15T19:49:19,216   Skipping link: none of the wheel's tags (cp38-cp38-manylinux1_x86_64) are compatible (run pip debug --verbose to show compatible tags): https://files.pythonhosted.org/packages/a1/7a/b20840eda7a55ab7342fd284c6d66203532789d2805845925930bc7e6d9b/PyYAML-5.4-cp38-cp38-manylinux1_x86_64.whl (from https://pypi.org/simple/pyyaml/) (requires-python:>=2.7, !=3.0.*, !=3.1.*, !=3.2.*, !=3.3.*, !=3.4.*, !=3.5.*)
2026-03-15T19:49:19,216   Skipping link: none of the wheel's tags (cp38-cp38-win32) are compatible (run pip debug --verbose to show compatible tags): https://files.pythonhosted.org/packages/84/8a/feb2444e1df62c8d209de96e9120b21bd51941f7148a87ab987a939f2af6/PyYAML-5.4-cp38-cp38-win32.whl (from https://pypi.org/simple/pyyaml/) (requires-python:>=2.7, !=3.0.*, !=3.1.*, !=3.2.*, !=3.3.*, !=3.4.*, !=3.5.*)
2026-03-15T19:49:19,216   Skipping link: none of the wheel's tags (cp38-cp38-win_amd64) are compatible (run pip debug --verbose to show compatible tags): https://files.pythonhosted.org/packages/8e/d3/33437da769147dcde81ffdbd7ecc2dff2674a2857e6e6dd82d183934fbac/PyYAML-5.4-cp38-cp38-win_amd64.whl (from https://pypi.org/simple/pyyaml/) (requires-python:>=2.7, !=3.0.*, !=3.1.*, !=3.2.*, !=3.3.*, !=3.4.*, !=3.5.*)
2026-03-15T19:49:19,216   Skipping link: none of the wheel's tags (cp39-cp39-macosx_10_9_x86_64) are compatible (run pip debug --verbose to show compatible tags): https://files.pythonhosted.org/packages/86/cf/892fb8177b0eb25e118f761eeed5a94df16ad2a82a78a43647c106a11e5f/PyYAML-5.4-cp39-cp39-macosx_10_9_x86_64.whl (from https://pypi.org/simple/pyyaml/) (requires-python:>=2.7, !=3.0.*, !=3.1.*, !=3.2.*, !=3.3.*, !=3.4.*, !=3.5.*)
2026-03-15T19:49:19,216   Skipping link: none of the wheel's tags (cp39-cp39-manylinux1_x86_64) are compatible (run pip debug --verbose to show compatible tags): https://files.pythonhosted.org/packages/43/e8/31007862b01580c507e24b88aeedb71bb81d6125a71c651a26370e6e0648/PyYAML-5.4-cp39-cp39-manylinux1_x86_64.whl (from https://pypi.org/simple/pyyaml/) (requires-python:>=2.7, !=3.0.*, !=3.1.*, !=3.2.*, !=3.3.*, !=3.4.*, !=3.5.*)
2026-03-15T19:49:19,216   Skipping link: none of the wheel's tags (cp39-cp39-win32) are compatible (run pip debug --verbose to show compatible tags): https://files.pythonhosted.org/packages/78/73/67c64bbc2e57b6b5e43d6849868c945f4ada0b582405899b7f50861cfc77/PyYAML-5.4-cp39-cp39-win32.whl (from https://pypi.org/simple/pyyaml/) (requires-python:>=2.7, !=3.0.*, !=3.1.*, !=3.2.*, !=3.3.*, !=3.4.*, !=3.5.*)
2026-03-15T19:49:19,216   Skipping link: none of the wheel's tags (cp39-cp39-win_amd64) are compatible (run pip debug --verbose to show compatible tags): https://files.pythonhosted.org/packages/2e/36/591fa17e752056a0308c40f9446578ad7dca924594e226098afbb57d9093/PyYAML-5.4-cp39-cp39-win_amd64.whl (from https://pypi.org/simple/pyyaml/) (requires-python:>=2.7, !=3.0.*, !=3.1.*, !=3.2.*, !=3.3.*, !=3.4.*, !=3.5.*)
2026-03-15T19:49:19,217   Found link https://files.pythonhosted.org/packages/b5/fd/15638de2da0a5aa91c095718444624aa565f766fc178249ca6faa372f71a/PyYAML-5.4.tar.gz (from https://pypi.org/simple/pyyaml/) (requires-python:>=2.7, !=3.0.*, !=3.1.*, !=3.2.*, !=3.3.*, !=3.4.*, !=3.5.*), version: 5.4
2026-03-15T19:49:19,217   Skipping link: none of the wheel's tags (cp27-cp27m-macosx_10_9_x86_64) are compatible (run pip debug --verbose to show compatible tags): https://files.pythonhosted.org/packages/42/c5/440fd6200c345c3d522fbe47a52558733c4661aac3c8cf06b7de31bababd/PyYAML-5.4.1-cp27-cp27m-macosx_10_9_x86_64.whl (from https://pypi.org/simple/pyyaml/) (requires-python:>=2.7, !=3.0.*, !=3.1.*, !=3.2.*, !=3.3.*, !=3.4.*, !=3.5.*)
2026-03-15T19:49:19,217   Skipping link: none of the wheel's tags (cp27-cp27m-win32) are compatible (run pip debug --verbose to show compatible tags): https://files.pythonhosted.org/packages/f0/2e/bf126726a0136f0d187437f4937ab9ad0da71dd9c3bfdb8dde9809811dd3/PyYAML-5.4.1-cp27-cp27m-win32.whl (from https://pypi.org/simple/pyyaml/) (requires-python:>=2.7, !=3.0.*, !=3.1.*, !=3.2.*, !=3.3.*, !=3.4.*, !=3.5.*)
2026-03-15T19:49:19,217   Skipping link: none of the wheel's tags (cp27-cp27m-win_amd64) are compatible (run pip debug --verbose to show compatible tags): https://files.pythonhosted.org/packages/c5/5b/b961f4add16d941585f318051dd5410a01596d98132acab8cf8e9e18e20c/PyYAML-5.4.1-cp27-cp27m-win_amd64.whl (from https://pypi.org/simple/pyyaml/) (requires-python:>=2.7, !=3.0.*, !=3.1.*, !=3.2.*, !=3.3.*, !=3.4.*, !=3.5.*)
2026-03-15T19:49:19,217   Skipping link: none of the wheel's tags (cp27-cp27mu-manylinux1_x86_64) are compatible (run pip debug --verbose to show compatible tags): https://files.pythonhosted.org/packages/ba/d4/3cf562876e0cda0405e65d351b835077ab13990e5b92912ef2bf1a2280e0/PyYAML-5.4.1-cp27-cp27mu-manylinux1_x86_64.whl (from https://pypi.org/simple/pyyaml/) (requires-python:>=2.7, !=3.0.*, !=3.1.*, !=3.2.*, !=3.3.*, !=3.4.*, !=3.5.*)
2026-03-15T19:49:19,217   Skipping link: none of the wheel's tags (cp36-cp36m-macosx_10_9_x86_64) are compatible (run pip debug --verbose to show compatible tags): https://files.pythonhosted.org/packages/ef/e9/d62912119552b157ed66dc8297ae6ac08629d7d5c497d4faa26b0c3a4efe/PyYAML-5.4.1-cp36-cp36m-macosx_10_9_x86_64.whl (from https://pypi.org/simple/pyyaml/) (requires-python:>=2.7, !=3.0.*, !=3.1.*, !=3.2.*, !=3.3.*, !=3.4.*, !=3.5.*)
2026-03-15T19:49:19,217   Skipping link: none of the wheel's tags (cp36-cp36m-manylinux1_x86_64) are compatible (run pip debug --verbose to show compatible tags): https://files.pythonhosted.org/packages/7a/5b/bc0b5ab38247bba158504a410112b6c03f153c652734ece1849749e5f518/PyYAML-5.4.1-cp36-cp36m-manylinux1_x86_64.whl (from https://pypi.org/simple/pyyaml/) (requires-python:>=2.7, !=3.0.*, !=3.1.*, !=3.2.*, !=3.3.*, !=3.4.*, !=3.5.*)
2026-03-15T19:49:19,217   Skipping link: none of the wheel's tags (cp36-cp36m-manylinux2014_aarch64) are compatible (run pip debug --verbose to show compatible tags): https://files.pythonhosted.org/packages/eb/fa/98f8ae428dc23a2b9dcfb187600e4a9b3effce35a28b63cb8f97fda1938c/PyYAML-5.4.1-cp36-cp36m-manylinux2014_aarch64.whl (from https://pypi.org/simple/pyyaml/) (requires-python:>=2.7, !=3.0.*, !=3.1.*, !=3.2.*, !=3.3.*, !=3.4.*, !=3.5.*)
2026-03-15T19:49:19,217   Skipping link: none of the wheel's tags (cp36-cp36m-manylinux2014_s390x) are compatible (run pip debug --verbose to show compatible tags): https://files.pythonhosted.org/packages/b0/6d/b848880f1afe751bfa2607538569557f1c11c7466416be873347ce4a884f/PyYAML-5.4.1-cp36-cp36m-manylinux2014_s390x.whl (from https://pypi.org/simple/pyyaml/) (requires-python:>=2.7, !=3.0.*, !=3.1.*, !=3.2.*, !=3.3.*, !=3.4.*, !=3.5.*)
2026-03-15T19:49:19,217   Skipping link: none of the wheel's tags (cp36-cp36m-win32) are compatible (run pip debug --verbose to show compatible tags): https://files.pythonhosted.org/packages/48/d9/144dae091f628f9f21ee28e125114d2041fd971a71242c68cb036009a6c2/PyYAML-5.4.1-cp36-cp36m-win32.whl (from https://pypi.org/simple/pyyaml/) (requires-python:>=2.7, !=3.0.*, !=3.1.*, !=3.2.*, !=3.3.*, !=3.4.*, !=3.5.*)
2026-03-15T19:49:19,217   Skipping link: none of the wheel's tags (cp36-cp36m-win_amd64) are compatible (run pip debug --verbose to show compatible tags): https://files.pythonhosted.org/packages/30/d0/8699372d1c22202e80b160527f8412d98a5edfefeefac056df3997e84801/PyYAML-5.4.1-cp36-cp36m-win_amd64.whl (from https://pypi.org/simple/pyyaml/) (requires-python:>=2.7, !=3.0.*, !=3.1.*, !=3.2.*, !=3.3.*, !=3.4.*, !=3.5.*)
2026-03-15T19:49:19,217   Skipping link: none of the wheel's tags (cp37-cp37m-macosx_10_9_x86_64) are compatible (run pip debug --verbose to show compatible tags): https://files.pythonhosted.org/packages/6b/8c/674cc47282af12bd7f12eea6cc87d907ada593b15f5ba0b51638599500c9/PyYAML-5.4.1-cp37-cp37m-macosx_10_9_x86_64.whl (from https://pypi.org/simple/pyyaml/) (requires-python:>=2.7, !=3.0.*, !=3.1.*, !=3.2.*, !=3.3.*, !=3.4.*, !=3.5.*)
2026-03-15T19:49:19,217   Skipping link: none of the wheel's tags (cp37-cp37m-manylinux1_x86_64) are compatible (run pip debug --verbose to show compatible tags): https://files.pythonhosted.org/packages/7a/a5/393c087efdc78091afa2af9f1378762f9821c9c1d7a22c5753fb5ac5f97a/PyYAML-5.4.1-cp37-cp37m-manylinux1_x86_64.whl (from https://pypi.org/simple/pyyaml/) (requires-python:>=2.7, !=3.0.*, !=3.1.*, !=3.2.*, !=3.3.*, !=3.4.*, !=3.5.*)
2026-03-15T19:49:19,217   Skipping link: none of the wheel's tags (cp37-cp37m-manylinux2014_aarch64) are compatible (run pip debug --verbose to show compatible tags): https://files.pythonhosted.org/packages/32/ac/a9383af90be713b0cb2ee7c7eb4317ab76957ed0a7e4aa9b9c170a992565/PyYAML-5.4.1-cp37-cp37m-manylinux2014_aarch64.whl (from https://pypi.org/simple/pyyaml/) (requires-python:>=2.7, !=3.0.*, !=3.1.*, !=3.2.*, !=3.3.*, !=3.4.*, !=3.5.*)
2026-03-15T19:49:19,217   Skipping link: none of the wheel's tags (cp37-cp37m-manylinux2014_s390x) are compatible (run pip debug --verbose to show compatible tags): https://files.pythonhosted.org/packages/46/cb/e08d6f44782f778a80f8a9f56284415218954949062ecb6c79373d828019/PyYAML-5.4.1-cp37-cp37m-manylinux2014_s390x.whl (from https://pypi.org/simple/pyyaml/) (requires-python:>=2.7, !=3.0.*, !=3.1.*, !=3.2.*, !=3.3.*, !=3.4.*, !=3.5.*)
2026-03-15T19:49:19,217   Skipping link: none of the wheel's tags (cp37-cp37m-win32) are compatible (run pip debug --verbose to show compatible tags): https://files.pythonhosted.org/packages/76/24/8f40555a59ab5cd5024264b395642a998056ab520fcaa2d6589e1a5190d9/PyYAML-5.4.1-cp37-cp37m-win32.whl (from https://pypi.org/simple/pyyaml/) (requires-python:>=2.7, !=3.0.*, !=3.1.*, !=3.2.*, !=3.3.*, !=3.4.*, !=3.5.*)
2026-03-15T19:49:19,217   Skipping link: none of the wheel's tags (cp37-cp37m-win_amd64) are compatible (run pip debug --verbose to show compatible tags): https://files.pythonhosted.org/packages/66/7a/9f3a49dea61e98ac8bd3b6b619da4fcb59053232a6e11e9e865dab7c16e0/PyYAML-5.4.1-cp37-cp37m-win_amd64.whl (from https://pypi.org/simple/pyyaml/) (requires-python:>=2.7, !=3.0.*, !=3.1.*, !=3.2.*, !=3.3.*, !=3.4.*, !=3.5.*)
2026-03-15T19:49:19,217   Skipping link: none of the wheel's tags (cp38-cp38-macosx_10_9_x86_64) are compatible (run pip debug --verbose to show compatible tags): https://files.pythonhosted.org/packages/cb/3f/2f35751408c0b2a425aa48dd79301a48418858d3366f84c75d1aa42b6e2d/PyYAML-5.4.1-cp38-cp38-macosx_10_9_x86_64.whl (from https://pypi.org/simple/pyyaml/) (requires-python:>=2.7, !=3.0.*, !=3.1.*, !=3.2.*, !=3.3.*, !=3.4.*, !=3.5.*)
2026-03-15T19:49:19,218   Skipping link: none of the wheel's tags (cp38-cp38-manylinux1_x86_64) are compatible (run pip debug --verbose to show compatible tags): https://files.pythonhosted.org/packages/70/96/c7245e551b1cb496bfb95840ace55ca60f20d3d8e33d70faf8c78a976899/PyYAML-5.4.1-cp38-cp38-manylinux1_x86_64.whl (from https://pypi.org/simple/pyyaml/) (requires-python:>=2.7, !=3.0.*, !=3.1.*, !=3.2.*, !=3.3.*, !=3.4.*, !=3.5.*)
2026-03-15T19:49:19,218   Skipping link: none of the wheel's tags (cp38-cp38-manylinux2014_aarch64) are compatible (run pip debug --verbose to show compatible tags): https://files.pythonhosted.org/packages/06/2f/c03b2b7e6fcda2793f751c82bd2c488d4bd064720edffa2fdda9a422bec2/PyYAML-5.4.1-cp38-cp38-manylinux2014_aarch64.whl (from https://pypi.org/simple/pyyaml/) (requires-python:>=2.7, !=3.0.*, !=3.1.*, !=3.2.*, !=3.3.*, !=3.4.*, !=3.5.*)
2026-03-15T19:49:19,218   Skipping link: none of the wheel's tags (cp38-cp38-manylinux2014_s390x) are compatible (run pip debug --verbose to show compatible tags): https://files.pythonhosted.org/packages/d6/0d/4820527144e18e35488e6253a8b886ed0b90491fb8fff48c11ff71542529/PyYAML-5.4.1-cp38-cp38-manylinux2014_s390x.whl (from https://pypi.org/simple/pyyaml/) (requires-python:>=2.7, !=3.0.*, !=3.1.*, !=3.2.*, !=3.3.*, !=3.4.*, !=3.5.*)
2026-03-15T19:49:19,218   Skipping link: none of the wheel's tags (cp38-cp38-win32) are compatible (run pip debug --verbose to show compatible tags): https://files.pythonhosted.org/packages/42/55/8f1ccdce64a42eb72d5509057d53badfeaa08814cea4d1d11cadaa2d2b3d/PyYAML-5.4.1-cp38-cp38-win32.whl (from https://pypi.org/simple/pyyaml/) (requires-python:>=2.7, !=3.0.*, !=3.1.*, !=3.2.*, !=3.3.*, !=3.4.*, !=3.5.*)
2026-03-15T19:49:19,218   Skipping link: none of the wheel's tags (cp38-cp38-win_amd64) are compatible (run pip debug --verbose to show compatible tags): https://files.pythonhosted.org/packages/97/d3/24097209f6af04fcdbb40500480a0feaa62164e60bca4c9532f0e9354e47/PyYAML-5.4.1-cp38-cp38-win_amd64.whl (from https://pypi.org/simple/pyyaml/) (requires-python:>=2.7, !=3.0.*, !=3.1.*, !=3.2.*, !=3.3.*, !=3.4.*, !=3.5.*)
2026-03-15T19:49:19,218   Skipping link: none of the wheel's tags (cp39-cp39-macosx_10_9_x86_64) are compatible (run pip debug --verbose to show compatible tags): https://files.pythonhosted.org/packages/e9/2d/297c01c7ed7d4d040903807824dc64d4f7bb53c15183ac9d7cb496d843eb/PyYAML-5.4.1-cp39-cp39-macosx_10_9_x86_64.whl (from https://pypi.org/simple/pyyaml/) (requires-python:>=2.7, !=3.0.*, !=3.1.*, !=3.2.*, !=3.3.*, !=3.4.*, !=3.5.*)
2026-03-15T19:49:19,218   Skipping link: none of the wheel's tags (cp39-cp39-manylinux1_x86_64) are compatible (run pip debug --verbose to show compatible tags): https://files.pythonhosted.org/packages/3d/1f/2a3705efca3b47161ceaaf52970a9d4b81cc84600818686ecd75093a00a5/PyYAML-5.4.1-cp39-cp39-manylinux1_x86_64.whl (from https://pypi.org/simple/pyyaml/) (requires-python:>=2.7, !=3.0.*, !=3.1.*, !=3.2.*, !=3.3.*, !=3.4.*, !=3.5.*)
2026-03-15T19:49:19,218   Skipping link: none of the wheel's tags (cp39-cp39-manylinux2014_aarch64) are compatible (run pip debug --verbose to show compatible tags): https://files.pythonhosted.org/packages/38/b1/ece9535e842b64e6e0676f5e4f506f1b395d9aaaea6f3ea9abad498a8697/PyYAML-5.4.1-cp39-cp39-manylinux2014_aarch64.whl (from https://pypi.org/simple/pyyaml/) (requires-python:>=2.7, !=3.0.*, !=3.1.*, !=3.2.*, !=3.3.*, !=3.4.*, !=3.5.*)
2026-03-15T19:49:19,218   Skipping link: none of the wheel's tags (cp39-cp39-manylinux2014_s390x) are compatible (run pip debug --verbose to show compatible tags): https://files.pythonhosted.org/packages/74/8d/0cc7f89444cb9c54bfdf07b0c29843f2f9fe0679bdb4e56ba5042e273a61/PyYAML-5.4.1-cp39-cp39-manylinux2014_s390x.whl (from https://pypi.org/simple/pyyaml/) (requires-python:>=2.7, !=3.0.*, !=3.1.*, !=3.2.*, !=3.3.*, !=3.4.*, !=3.5.*)
2026-03-15T19:49:19,218   Skipping link: none of the wheel's tags (cp39-cp39-win32) are compatible (run pip debug --verbose to show compatible tags): https://files.pythonhosted.org/packages/28/4c/e1e281a7b74f2422ae05fdfc2cb1a8a055b30dbec58a94054eac85d355a1/PyYAML-5.4.1-cp39-cp39-win32.whl (from https://pypi.org/simple/pyyaml/) (requires-python:>=2.7, !=3.0.*, !=3.1.*, !=3.2.*, !=3.3.*, !=3.4.*, !=3.5.*)
2026-03-15T19:49:19,218   Skipping link: none of the wheel's tags (cp39-cp39-win_amd64) are compatible (run pip debug --verbose to show compatible tags): https://files.pythonhosted.org/packages/bd/cb/9a65a8a852868ebfb7f6e631c2c0bf7e39c9f7a757ee329078a35534fc5b/PyYAML-5.4.1-cp39-cp39-win_amd64.whl (from https://pypi.org/simple/pyyaml/) (requires-python:>=2.7, !=3.0.*, !=3.1.*, !=3.2.*, !=3.3.*, !=3.4.*, !=3.5.*)
2026-03-15T19:49:19,218   Found link https://files.pythonhosted.org/packages/a0/a4/d63f2d7597e1a4b55aa3b4d6c5b029991d3b824b5bd331af8d4ab1ed687d/PyYAML-5.4.1.tar.gz (from https://pypi.org/simple/pyyaml/) (requires-python:>=2.7, !=3.0.*, !=3.1.*, !=3.2.*, !=3.3.*, !=3.4.*, !=3.5.*), version: 5.4.1
2026-03-15T19:49:19,218   Skipping link: none of the wheel's tags (cp310-cp310-macosx_10_9_x86_64) are compatible (run pip debug --verbose to show compatible tags): https://files.pythonhosted.org/packages/55/3e/5e5514b8a5a146fda33f04b86b2a92ad0d663d6341cb1977060353d8aa33/PyYAML-6.0b1-cp310-cp310-macosx_10_9_x86_64.whl (from https://pypi.org/simple/pyyaml/) (requires-python:>=3.6)
2026-03-15T19:49:19,218   Skipping link: none of the wheel's tags (cp310-cp310-macosx_11_0_arm64) are compatible (run pip debug --verbose to show compatible tags): https://files.pythonhosted.org/packages/cd/68/e7c5abbd3e6655d5e84429e79b37a757f98c9141e2da1aed5057cc6c1cd2/PyYAML-6.0b1-cp310-cp310-macosx_11_0_arm64.whl (from https://pypi.org/simple/pyyaml/) (requires-python:>=3.6)
2026-03-15T19:49:19,218   Skipping link: none of the wheel's tags (cp310-cp310-manylinux2014_aarch64, cp310-cp310-manylinux_2_17_aarch64) are compatible (run pip debug --verbose to show compatible tags): https://files.pythonhosted.org/packages/b1/70/907fb200f12ad6fc0b9eb9ffb5d826334cd6f8894b3bc177d7393f213aa5/PyYAML-6.0b1-cp310-cp310-manylinux_2_17_aarch64.manylinux2014_aarch64.whl (from https://pypi.org/simple/pyyaml/) (requires-python:>=3.6)
2026-03-15T19:49:19,218   Skipping link: none of the wheel's tags (cp310-cp310-manylinux2014_s390x, cp310-cp310-manylinux_2_17_s390x) are compatible (run pip debug --verbose to show compatible tags): https://files.pythonhosted.org/packages/4f/bf/4399283ca29df01d6b7c1e45b9155bf52764559657d41326e51902d1d96c/PyYAML-6.0b1-cp310-cp310-manylinux_2_17_s390x.manylinux2014_s390x.whl (from https://pypi.org/simple/pyyaml/) (requires-python:>=3.6)
2026-03-15T19:49:19,218   Skipping link: none of the wheel's tags (cp310-cp310-manylinux1_x86_64, cp310-cp310-manylinux2010_x86_64, cp310-cp310-manylinux_2_12_x86_64, cp310-cp310-manylinux_2_5_x86_64) are compatible (run pip debug --verbose to show compatible tags): https://files.pythonhosted.org/packages/e5/69/da731cc3075cef20f5ad4eda9ddff50db779d2119a93804cbf5794363673/PyYAML-6.0b1-cp310-cp310-manylinux_2_5_x86_64.manylinux1_x86_64.manylinux_2_12_x86_64.manylinux2010_x86_64.whl (from https://pypi.org/simple/pyyaml/) (requires-python:>=3.6)
2026-03-15T19:49:19,219   Skipping link: none of the wheel's tags (cp310-cp310-win32) are compatible (run pip debug --verbose to show compatible tags): https://files.pythonhosted.org/packages/9a/5f/af5d9444ed29425816f9f3e7abc0ec6f3130be69fecaa8a09e133cd67030/PyYAML-6.0b1-cp310-cp310-win32.whl (from https://pypi.org/simple/pyyaml/) (requires-python:>=3.6)
2026-03-15T19:49:19,219   Skipping link: none of the wheel's tags (cp310-cp310-win_amd64) are compatible (run pip debug --verbose to show compatible tags): https://files.pythonhosted.org/packages/16/90/acfd7b4d020fae6742cc67685204410b60d44645397fcf7ec4986d03bb03/PyYAML-6.0b1-cp310-cp310-win_amd64.whl (from https://pypi.org/simple/pyyaml/) (requires-python:>=3.6)
2026-03-15T19:49:19,219   Skipping link: none of the wheel's tags (cp36-cp36m-macosx_10_9_x86_64) are compatible (run pip debug --verbose to show compatible tags): https://files.pythonhosted.org/packages/83/c9/3d6a4d1445b90c07cc98217bf54ea5cab21977f0c479c8800a1976e51570/PyYAML-6.0b1-cp36-cp36m-macosx_10_9_x86_64.whl (from https://pypi.org/simple/pyyaml/) (requires-python:>=3.6)
2026-03-15T19:49:19,219   Skipping link: none of the wheel's tags (cp36-cp36m-manylinux2014_aarch64, cp36-cp36m-manylinux_2_17_aarch64) are compatible (run pip debug --verbose to show compatible tags): https://files.pythonhosted.org/packages/6e/a0/359e075ebc2135cc972f099cca82159f545180f78b2c8f31846d9b603924/PyYAML-6.0b1-cp36-cp36m-manylinux_2_17_aarch64.manylinux2014_aarch64.whl (from https://pypi.org/simple/pyyaml/) (requires-python:>=3.6)
2026-03-15T19:49:19,219   Skipping link: none of the wheel's tags (cp36-cp36m-manylinux2014_s390x, cp36-cp36m-manylinux_2_17_s390x) are compatible (run pip debug --verbose to show compatible tags): https://files.pythonhosted.org/packages/b1/30/b1315a228db3e14f6b902ca4cf4b38eaedf9f07f983e6258ce259ada09e6/PyYAML-6.0b1-cp36-cp36m-manylinux_2_17_s390x.manylinux2014_s390x.whl (from https://pypi.org/simple/pyyaml/) (requires-python:>=3.6)
2026-03-15T19:49:19,219   Skipping link: none of the wheel's tags (cp36-cp36m-manylinux1_x86_64, cp36-cp36m-manylinux2010_x86_64, cp36-cp36m-manylinux_2_12_x86_64, cp36-cp36m-manylinux_2_5_x86_64) are compatible (run pip debug --verbose to show compatible tags): https://files.pythonhosted.org/packages/9c/de/139d5599ab806a6e8422f69fb68e1bc351d29acb28dcebcb2290e130c1d3/PyYAML-6.0b1-cp36-cp36m-manylinux_2_5_x86_64.manylinux1_x86_64.manylinux_2_12_x86_64.manylinux2010_x86_64.whl (from https://pypi.org/simple/pyyaml/) (requires-python:>=3.6)
2026-03-15T19:49:19,219   Skipping link: none of the wheel's tags (cp36-cp36m-win32) are compatible (run pip debug --verbose to show compatible tags): https://files.pythonhosted.org/packages/d4/70/c51986f3d97c7c41c99f9975a611917054c5af2a5b7111af92a71fec374a/PyYAML-6.0b1-cp36-cp36m-win32.whl (from https://pypi.org/simple/pyyaml/) (requires-python:>=3.6)
2026-03-15T19:49:19,219   Skipping link: none of the wheel's tags (cp36-cp36m-win_amd64) are compatible (run pip debug --verbose to show compatible tags): https://files.pythonhosted.org/packages/84/5c/c2c828007dea939a376cf160d84105578f24225e7990920c6c656c603181/PyYAML-6.0b1-cp36-cp36m-win_amd64.whl (from https://pypi.org/simple/pyyaml/) (requires-python:>=3.6)
2026-03-15T19:49:19,219   Skipping link: none of the wheel's tags (cp37-cp37m-macosx_10_9_x86_64) are compatible (run pip debug --verbose to show compatible tags): https://files.pythonhosted.org/packages/fd/41/d65030b94463666dc8915117240cfad0826a6b83e084d0fc39adf5eb7a4d/PyYAML-6.0b1-cp37-cp37m-macosx_10_9_x86_64.whl (from https://pypi.org/simple/pyyaml/) (requires-python:>=3.6)
2026-03-15T19:49:19,219   Skipping link: none of the wheel's tags (cp37-cp37m-manylinux2014_aarch64, cp37-cp37m-manylinux_2_17_aarch64) are compatible (run pip debug --verbose to show compatible tags): https://files.pythonhosted.org/packages/b3/c9/cfd2eb2f4675779e585b66be92f371c1a4097febf56da7014619308b8e67/PyYAML-6.0b1-cp37-cp37m-manylinux_2_17_aarch64.manylinux2014_aarch64.whl (from https://pypi.org/simple/pyyaml/) (requires-python:>=3.6)
2026-03-15T19:49:19,219   Skipping link: none of the wheel's tags (cp37-cp37m-manylinux2014_s390x, cp37-cp37m-manylinux_2_17_s390x) are compatible (run pip debug --verbose to show compatible tags): https://files.pythonhosted.org/packages/01/63/6800f011f3e049dd4d4ded27b272170a0743be1c076737a029adcc092b47/PyYAML-6.0b1-cp37-cp37m-manylinux_2_17_s390x.manylinux2014_s390x.whl (from https://pypi.org/simple/pyyaml/) (requires-python:>=3.6)
2026-03-15T19:49:19,219   Skipping link: none of the wheel's tags (cp37-cp37m-manylinux1_x86_64, cp37-cp37m-manylinux2010_x86_64, cp37-cp37m-manylinux_2_12_x86_64, cp37-cp37m-manylinux_2_5_x86_64) are compatible (run pip debug --verbose to show compatible tags): https://files.pythonhosted.org/packages/d4/c0/b24f6280fd1aa5b762892a3653f83b55655436463b6d6550741e0050f822/PyYAML-6.0b1-cp37-cp37m-manylinux_2_5_x86_64.manylinux1_x86_64.manylinux_2_12_x86_64.manylinux2010_x86_64.whl (from https://pypi.org/simple/pyyaml/) (requires-python:>=3.6)
2026-03-15T19:49:19,219   Skipping link: none of the wheel's tags (cp37-cp37m-win32) are compatible (run pip debug --verbose to show compatible tags): https://files.pythonhosted.org/packages/3e/68/b7af259bd7f0b797649abd1e21a65c1c5ff21bca0e11c908d3c3907b0a1c/PyYAML-6.0b1-cp37-cp37m-win32.whl (from https://pypi.org/simple/pyyaml/) (requires-python:>=3.6)
2026-03-15T19:49:19,219   Skipping link: none of the wheel's tags (cp37-cp37m-win_amd64) are compatible (run pip debug --verbose to show compatible tags): https://files.pythonhosted.org/packages/07/d7/db6a4f57d158904bf7cff0f1428a9182ad5c45bcd3fe635250db3ed9ace6/PyYAML-6.0b1-cp37-cp37m-win_amd64.whl (from https://pypi.org/simple/pyyaml/) (requires-python:>=3.6)
2026-03-15T19:49:19,219   Skipping link: none of the wheel's tags (cp38-cp38-macosx_10_9_x86_64) are compatible (run pip debug --verbose to show compatible tags): https://files.pythonhosted.org/packages/ac/10/77a80fc33c03a045672b69008262e6b8de1f53ee2e64994ca627c79cfce2/PyYAML-6.0b1-cp38-cp38-macosx_10_9_x86_64.whl (from https://pypi.org/simple/pyyaml/) (requires-python:>=3.6)
2026-03-15T19:49:19,219   Skipping link: none of the wheel's tags (cp38-cp38-manylinux2014_aarch64, cp38-cp38-manylinux_2_17_aarch64) are compatible (run pip debug --verbose to show compatible tags): https://files.pythonhosted.org/packages/40/cc/e6f38b6b12e3465007e2f70870bb1d7c7224f25e86ed1a48af3c6ad2f924/PyYAML-6.0b1-cp38-cp38-manylinux_2_17_aarch64.manylinux2014_aarch64.whl (from https://pypi.org/simple/pyyaml/) (requires-python:>=3.6)
2026-03-15T19:49:19,219   Skipping link: none of the wheel's tags (cp38-cp38-manylinux2014_s390x, cp38-cp38-manylinux_2_17_s390x) are compatible (run pip debug --verbose to show compatible tags): https://files.pythonhosted.org/packages/2c/8e/74a78571fb13b0ef280c195f8999dd853decc119af6223d9f9ad3f5a739d/PyYAML-6.0b1-cp38-cp38-manylinux_2_17_s390x.manylinux2014_s390x.whl (from https://pypi.org/simple/pyyaml/) (requires-python:>=3.6)
2026-03-15T19:49:19,219   Skipping link: none of the wheel's tags (cp38-cp38-manylinux1_x86_64, cp38-cp38-manylinux2010_x86_64, cp38-cp38-manylinux_2_12_x86_64, cp38-cp38-manylinux_2_5_x86_64) are compatible (run pip debug --verbose to show compatible tags): https://files.pythonhosted.org/packages/5d/1f/8b31ee553735fdb3093341f9d64ffee9b7371db56c63cef5c45c1013c97a/PyYAML-6.0b1-cp38-cp38-manylinux_2_5_x86_64.manylinux1_x86_64.manylinux_2_12_x86_64.manylinux2010_x86_64.whl (from https://pypi.org/simple/pyyaml/) (requires-python:>=3.6)
2026-03-15T19:49:19,219   Skipping link: none of the wheel's tags (cp38-cp38-win32) are compatible (run pip debug --verbose to show compatible tags): https://files.pythonhosted.org/packages/01/99/71fa5f61a70d8488045a3fa7d9e62e49d39f39a944bebdfeb34e6dad3c1c/PyYAML-6.0b1-cp38-cp38-win32.whl (from https://pypi.org/simple/pyyaml/) (requires-python:>=3.6)
2026-03-15T19:49:19,219   Skipping link: none of the wheel's tags (cp38-cp38-win_amd64) are compatible (run pip debug --verbose to show compatible tags): https://files.pythonhosted.org/packages/80/1c/b38f2f934b729a4cd39292502edaea0cbc0646e50e87cc9f0f2749b5dbbf/PyYAML-6.0b1-cp38-cp38-win_amd64.whl (from https://pypi.org/simple/pyyaml/) (requires-python:>=3.6)
2026-03-15T19:49:19,220   Skipping link: none of the wheel's tags (cp39-cp39-macosx_10_9_x86_64) are compatible (run pip debug --verbose to show compatible tags): https://files.pythonhosted.org/packages/4e/2b/19601b2f33a28568a7ba6e770846faf040c0e13efd9ba75bfcf9573c718b/PyYAML-6.0b1-cp39-cp39-macosx_10_9_x86_64.whl (from https://pypi.org/simple/pyyaml/) (requires-python:>=3.6)
2026-03-15T19:49:19,220   Skipping link: none of the wheel's tags (cp39-cp39-macosx_11_0_arm64) are compatible (run pip debug --verbose to show compatible tags): https://files.pythonhosted.org/packages/97/a0/c62b90a03a27e49bb4d94626aa92f0fe3c91f2f248cf54f9acd9ff942d5e/PyYAML-6.0b1-cp39-cp39-macosx_11_0_arm64.whl (from https://pypi.org/simple/pyyaml/) (requires-python:>=3.6)
2026-03-15T19:49:19,220   Skipping link: none of the wheel's tags (cp39-cp39-manylinux2014_aarch64, cp39-cp39-manylinux_2_17_aarch64) are compatible (run pip debug --verbose to show compatible tags): https://files.pythonhosted.org/packages/86/5e/859766a6bfa71b8b136e8db9cf0a5275693f45c0159e22420df62df26dc6/PyYAML-6.0b1-cp39-cp39-manylinux_2_17_aarch64.manylinux2014_aarch64.whl (from https://pypi.org/simple/pyyaml/) (requires-python:>=3.6)
2026-03-15T19:49:19,220   Skipping link: none of the wheel's tags (cp39-cp39-manylinux2014_s390x, cp39-cp39-manylinux_2_17_s390x) are compatible (run pip debug --verbose to show compatible tags): https://files.pythonhosted.org/packages/98/03/516798acfaf41152f090d1a9da3d0651eba1d112e90bebc068b39911de2b/PyYAML-6.0b1-cp39-cp39-manylinux_2_17_s390x.manylinux2014_s390x.whl (from https://pypi.org/simple/pyyaml/) (requires-python:>=3.6)
2026-03-15T19:49:19,220   Skipping link: none of the wheel's tags (cp39-cp39-manylinux1_x86_64, cp39-cp39-manylinux2010_x86_64, cp39-cp39-manylinux_2_12_x86_64, cp39-cp39-manylinux_2_5_x86_64) are compatible (run pip debug --verbose to show compatible tags): https://files.pythonhosted.org/packages/22/3c/ece36832e11b81d56437c4127c8dd8585aebdb1598a0bc4f534ef53c9517/PyYAML-6.0b1-cp39-cp39-manylinux_2_5_x86_64.manylinux1_x86_64.manylinux_2_12_x86_64.manylinux2010_x86_64.whl (from https://pypi.org/simple/pyyaml/) (requires-python:>=3.6)
2026-03-15T19:49:19,220   Skipping link: none of the wheel's tags (cp39-cp39-win32) are compatible (run pip debug --verbose to show compatible tags): https://files.pythonhosted.org/packages/6f/bb/272aa5a514ce1a8ad46df6ce5df1c0f1aad00f11d828a472ae82a51830e7/PyYAML-6.0b1-cp39-cp39-win32.whl (from https://pypi.org/simple/pyyaml/) (requires-python:>=3.6)
2026-03-15T19:49:19,220   Skipping link: none of the wheel's tags (cp39-cp39-win_amd64) are compatible (run pip debug --verbose to show compatible tags): https://files.pythonhosted.org/packages/d9/5b/2fa808c25fd1973657885c0f5043d714ef8236f4147c2ddb1198be53dad6/PyYAML-6.0b1-cp39-cp39-win_amd64.whl (from https://pypi.org/simple/pyyaml/) (requires-python:>=3.6)
2026-03-15T19:49:19,220   Found link https://files.pythonhosted.org/packages/ac/2b/f872e3b78e6b2471c00e559bef89a89715888538dd3fa87528afa669ae08/PyYAML-6.0b1.tar.gz (from https://pypi.org/simple/pyyaml/) (requires-python:>=3.6), version: 6.0b1
2026-03-15T19:49:19,220   Skipping link: none of the wheel's tags (cp310-cp310-macosx_10_9_x86_64) are compatible (run pip debug --verbose to show compatible tags): https://files.pythonhosted.org/packages/44/e5/4fea13230bcebf24b28c0efd774a2dd65a0937a2d39e94a4503438b078ed/PyYAML-6.0-cp310-cp310-macosx_10_9_x86_64.whl (from https://pypi.org/simple/pyyaml/) (requires-python:>=3.6)
2026-03-15T19:49:19,220   Skipping link: none of the wheel's tags (cp310-cp310-macosx_11_0_arm64) are compatible (run pip debug --verbose to show compatible tags): https://files.pythonhosted.org/packages/91/49/d46d7b15cddfa98533e89f3832f391aedf7e31f37b4d4df3a7a7855a7073/PyYAML-6.0-cp310-cp310-macosx_11_0_arm64.whl (from https://pypi.org/simple/pyyaml/) (requires-python:>=3.6)
2026-03-15T19:49:19,220   Skipping link: none of the wheel's tags (cp310-cp310-manylinux2014_aarch64, cp310-cp310-manylinux_2_17_aarch64) are compatible (run pip debug --verbose to show compatible tags): https://files.pythonhosted.org/packages/5e/f4/7b4bb01873be78fc9fde307f38f62e380b7111862c165372cf094ca2b093/PyYAML-6.0-cp310-cp310-manylinux_2_17_aarch64.manylinux2014_aarch64.whl (from https://pypi.org/simple/pyyaml/) (requires-python:>=3.6)
2026-03-15T19:49:19,220   Skipping link: none of the wheel's tags (cp310-cp310-manylinux2014_s390x, cp310-cp310-manylinux_2_17_s390x) are compatible (run pip debug --verbose to show compatible tags): https://files.pythonhosted.org/packages/ef/ad/b443cce94539e57e1a745a845f95c100ad7b97593d7e104051e43f730ecd/PyYAML-6.0-cp310-cp310-manylinux_2_17_s390x.manylinux2014_s390x.whl (from https://pypi.org/simple/pyyaml/) (requires-python:>=3.6)
2026-03-15T19:49:19,220   Skipping link: none of the wheel's tags (cp310-cp310-manylinux1_x86_64, cp310-cp310-manylinux2010_x86_64, cp310-cp310-manylinux_2_12_x86_64, cp310-cp310-manylinux_2_5_x86_64) are compatible (run pip debug --verbose to show compatible tags): https://files.pythonhosted.org/packages/02/25/6ba9f6bb50a3d4fbe22c1a02554dc670682a07c8701d1716d19ddea2c940/PyYAML-6.0-cp310-cp310-manylinux_2_5_x86_64.manylinux1_x86_64.manylinux_2_12_x86_64.manylinux2010_x86_64.whl (from https://pypi.org/simple/pyyaml/) (requires-python:>=3.6)
2026-03-15T19:49:19,220   Skipping link: none of the wheel's tags (cp310-cp310-win32) are compatible (run pip debug --verbose to show compatible tags): https://files.pythonhosted.org/packages/0f/93/5f81d1925ce3b531f5ff215376445ec220887cd1c9a8bde23759554dbdfd/PyYAML-6.0-cp310-cp310-win32.whl (from https://pypi.org/simple/pyyaml/) (requires-python:>=3.6)
2026-03-15T19:49:19,220   Skipping link: none of the wheel's tags (cp310-cp310-win_amd64) are compatible (run pip debug --verbose to show compatible tags): https://files.pythonhosted.org/packages/b7/09/2f6f4851bbca08642fef087bade095edc3c47f28d1e7bff6b20de5262a77/PyYAML-6.0-cp310-cp310-win_amd64.whl (from https://pypi.org/simple/pyyaml/) (requires-python:>=3.6)
2026-03-15T19:49:19,220   Skipping link: none of the wheel's tags (cp311-cp311-macosx_10_9_x86_64) are compatible (run pip debug --verbose to show compatible tags): https://files.pythonhosted.org/packages/f8/54/799b059314b13e1063473f76e908f44106014d18f54b16c83a16edccd5ec/PyYAML-6.0-cp311-cp311-macosx_10_9_x86_64.whl (from https://pypi.org/simple/pyyaml/) (requires-python:>=3.6)
2026-03-15T19:49:19,220   Skipping link: none of the wheel's tags (cp311-cp311-macosx_11_0_arm64) are compatible (run pip debug --verbose to show compatible tags): https://files.pythonhosted.org/packages/cb/5f/05dd91f5046e2256e35d885f3b8f0f280148568f08e1bf20421887523e9a/PyYAML-6.0-cp311-cp311-macosx_11_0_arm64.whl (from https://pypi.org/simple/pyyaml/) (requires-python:>=3.6)
2026-03-15T19:49:19,220   Skipping link: none of the wheel's tags (cp311-cp311-manylinux2014_aarch64, cp311-cp311-manylinux_2_17_aarch64) are compatible (run pip debug --verbose to show compatible tags): https://files.pythonhosted.org/packages/7f/d9/6a0d14ac8d3b5605dc925d177c1d21ee9f0b7b39287799db1e50d197b2f4/PyYAML-6.0-cp311-cp311-manylinux_2_17_aarch64.manylinux2014_aarch64.whl (from https://pypi.org/simple/pyyaml/) (requires-python:>=3.6)
2026-03-15T19:49:19,221   Skipping link: none of the wheel's tags (cp311-cp311-manylinux2014_s390x, cp311-cp311-manylinux_2_17_s390x) are compatible (run pip debug --verbose to show compatible tags): https://files.pythonhosted.org/packages/68/3f/c027422e49433239267c62323fbc6320d6ac8d7d50cf0cb2a376260dad5f/PyYAML-6.0-cp311-cp311-manylinux_2_17_s390x.manylinux2014_s390x.whl (from https://pypi.org/simple/pyyaml/) (requires-python:>=3.6)
2026-03-15T19:49:19,221   Skipping link: none of the wheel's tags (cp311-cp311-manylinux2014_x86_64, cp311-cp311-manylinux_2_17_x86_64) are compatible (run pip debug --verbose to show compatible tags): https://files.pythonhosted.org/packages/56/8f/e8b49ad21d26111493dc2d5cae4d7efbd0e2e065440665f5023515f87f64/PyYAML-6.0-cp311-cp311-manylinux_2_17_x86_64.manylinux2014_x86_64.whl (from https://pypi.org/simple/pyyaml/) (requires-python:>=3.6)
2026-03-15T19:49:19,221   Skipping link: none of the wheel's tags (cp311-cp311-win32) are compatible (run pip debug --verbose to show compatible tags): https://files.pythonhosted.org/packages/fc/48/531ecd926fe0a374346dd811bf1eda59a95583595bb80eadad511f3269b8/PyYAML-6.0-cp311-cp311-win32.whl (from https://pypi.org/simple/pyyaml/) (requires-python:>=3.6)
2026-03-15T19:49:19,221   Skipping link: none of the wheel's tags (cp311-cp311-win_amd64) are compatible (run pip debug --verbose to show compatible tags): https://files.pythonhosted.org/packages/59/00/30e33fcd2a4562cd40c49c7740881009240c5cbbc0e41ca79ca4bba7c24b/PyYAML-6.0-cp311-cp311-win_amd64.whl (from https://pypi.org/simple/pyyaml/) (requires-python:>=3.6)
2026-03-15T19:49:19,221   Skipping link: none of the wheel's tags (cp36-cp36m-macosx_10_9_x86_64) are compatible (run pip debug --verbose to show compatible tags): https://files.pythonhosted.org/packages/55/e3/507a92589994a5b3c3d7f2a7a066339d6ff61c5c839bae56f7eff03d9c7b/PyYAML-6.0-cp36-cp36m-macosx_10_9_x86_64.whl (from https://pypi.org/simple/pyyaml/) (requires-python:>=3.6)
2026-03-15T19:49:19,221   Skipping link: none of the wheel's tags (cp36-cp36m-manylinux2014_aarch64, cp36-cp36m-manylinux_2_17_aarch64) are compatible (run pip debug --verbose to show compatible tags): https://files.pythonhosted.org/packages/a8/32/1bbe38477fb23f1d83041fefeabf93ef1cd6f0efcf44c221519507315d92/PyYAML-6.0-cp36-cp36m-manylinux_2_17_aarch64.manylinux2014_aarch64.whl (from https://pypi.org/simple/pyyaml/) (requires-python:>=3.6)
2026-03-15T19:49:19,221   Skipping link: none of the wheel's tags (cp36-cp36m-manylinux2014_s390x, cp36-cp36m-manylinux_2_17_s390x) are compatible (run pip debug --verbose to show compatible tags): https://files.pythonhosted.org/packages/74/68/3c13deaa496c14a030c431b7b828d6b343f79eb241b4848c7918091a64a2/PyYAML-6.0-cp36-cp36m-manylinux_2_17_s390x.manylinux2014_s390x.whl (from https://pypi.org/simple/pyyaml/) (requires-python:>=3.6)
2026-03-15T19:49:19,221   Skipping link: none of the wheel's tags (cp36-cp36m-manylinux1_x86_64, cp36-cp36m-manylinux2010_x86_64, cp36-cp36m-manylinux_2_12_x86_64, cp36-cp36m-manylinux_2_5_x86_64) are compatible (run pip debug --verbose to show compatible tags): https://files.pythonhosted.org/packages/b3/85/79b9e5b4e8d3c0ac657f4e8617713cca8408f6cdc65d2ee6554217cedff1/PyYAML-6.0-cp36-cp36m-manylinux_2_5_x86_64.manylinux1_x86_64.manylinux_2_12_x86_64.manylinux2010_x86_64.whl (from https://pypi.org/simple/pyyaml/) (requires-python:>=3.6)
2026-03-15T19:49:19,221   Skipping link: none of the wheel's tags (cp36-cp36m-win32) are compatible (run pip debug --verbose to show compatible tags): https://files.pythonhosted.org/packages/4d/7d/c2ab8da648cd2b937de11fb35649b127adab4851cbeaf5fd9b60a2dab0f7/PyYAML-6.0-cp36-cp36m-win32.whl (from https://pypi.org/simple/pyyaml/) (requires-python:>=3.6)
2026-03-15T19:49:19,221   Skipping link: none of the wheel's tags (cp36-cp36m-win_amd64) are compatible (run pip debug --verbose to show compatible tags): https://files.pythonhosted.org/packages/89/26/0bfd7b756b34c68f8fd158b7bc762b6b1705fc1b3cebf4cdbb53fd9ea75b/PyYAML-6.0-cp36-cp36m-win_amd64.whl (from https://pypi.org/simple/pyyaml/) (requires-python:>=3.6)
2026-03-15T19:49:19,221   Skipping link: none of the wheel's tags (cp37-cp37m-macosx_10_9_x86_64) are compatible (run pip debug --verbose to show compatible tags): https://files.pythonhosted.org/packages/9d/f6/7e91fbb58c9ee528759aea5892e062cccb426720c5830ddcce92eba00ff1/PyYAML-6.0-cp37-cp37m-macosx_10_9_x86_64.whl (from https://pypi.org/simple/pyyaml/) (requires-python:>=3.6)
2026-03-15T19:49:19,221   Skipping link: none of the wheel's tags (cp37-cp37m-manylinux2014_aarch64, cp37-cp37m-manylinux_2_17_aarch64) are compatible (run pip debug --verbose to show compatible tags): https://files.pythonhosted.org/packages/df/75/ee0565bbf65133e5b6ffa154db43544af96ea4c42439e6b58c1e0eb44b4e/PyYAML-6.0-cp37-cp37m-manylinux_2_17_aarch64.manylinux2014_aarch64.whl (from https://pypi.org/simple/pyyaml/) (requires-python:>=3.6)
2026-03-15T19:49:19,221   Skipping link: none of the wheel's tags (cp37-cp37m-manylinux2014_s390x, cp37-cp37m-manylinux_2_17_s390x) are compatible (run pip debug --verbose to show compatible tags): https://files.pythonhosted.org/packages/81/59/561f7e46916b78f3c4cab8d0c307c81656f11e32c846c0c97fda0019ed76/PyYAML-6.0-cp37-cp37m-manylinux_2_17_s390x.manylinux2014_s390x.whl (from https://pypi.org/simple/pyyaml/) (requires-python:>=3.6)
2026-03-15T19:49:19,221   Skipping link: none of the wheel's tags (cp37-cp37m-manylinux1_x86_64, cp37-cp37m-manylinux2010_x86_64, cp37-cp37m-manylinux_2_12_x86_64, cp37-cp37m-manylinux_2_5_x86_64) are compatible (run pip debug --verbose to show compatible tags): https://files.pythonhosted.org/packages/eb/5f/6e6fe6904e1a9c67bc2ca5629a69e7a5a0b17f079da838bab98a1e548b25/PyYAML-6.0-cp37-cp37m-manylinux_2_5_x86_64.manylinux1_x86_64.manylinux_2_12_x86_64.manylinux2010_x86_64.whl (from https://pypi.org/simple/pyyaml/) (requires-python:>=3.6)
2026-03-15T19:49:19,221   Skipping link: none of the wheel's tags (cp37-cp37m-win32) are compatible (run pip debug --verbose to show compatible tags): https://files.pythonhosted.org/packages/a4/e6/4d7a01bc0730c8f958a62d6a4c4f3df23b6139ad68c132b168970d84f192/PyYAML-6.0-cp37-cp37m-win32.whl (from https://pypi.org/simple/pyyaml/) (requires-python:>=3.6)
2026-03-15T19:49:19,221   Skipping link: none of the wheel's tags (cp37-cp37m-win_amd64) are compatible (run pip debug --verbose to show compatible tags): https://files.pythonhosted.org/packages/d1/c0/4fe04181b0210ee2647cfbb89ecd10a36eef89f10d8aca6a192c201bbe58/PyYAML-6.0-cp37-cp37m-win_amd64.whl (from https://pypi.org/simple/pyyaml/) (requires-python:>=3.6)
2026-03-15T19:49:19,221   Skipping link: none of the wheel's tags (cp38-cp38-macosx_10_9_x86_64) are compatible (run pip debug --verbose to show compatible tags): https://files.pythonhosted.org/packages/db/4e/74bc723f2d22677387ab90cd9139e62874d14211be7172ed8c9f9a7c81a9/PyYAML-6.0-cp38-cp38-macosx_10_9_x86_64.whl (from https://pypi.org/simple/pyyaml/) (requires-python:>=3.6)
2026-03-15T19:49:19,221   Skipping link: none of the wheel's tags (cp38-cp38-manylinux2014_aarch64, cp38-cp38-manylinux_2_17_aarch64) are compatible (run pip debug --verbose to show compatible tags): https://files.pythonhosted.org/packages/6c/3d/524c642f3db37e7e7ab8d13a3f8b0c72d04a619abc19100097d987378fc6/PyYAML-6.0-cp38-cp38-manylinux_2_17_aarch64.manylinux2014_aarch64.whl (from https://pypi.org/simple/pyyaml/) (requires-python:>=3.6)
2026-03-15T19:49:19,221   Skipping link: none of the wheel's tags (cp38-cp38-manylinux2014_s390x, cp38-cp38-manylinux_2_17_s390x) are compatible (run pip debug --verbose to show compatible tags): https://files.pythonhosted.org/packages/63/6b/f5dc7942bac17192f4ef00b2d0cdd1ae45eea453d05c1944c0573debe945/PyYAML-6.0-cp38-cp38-manylinux_2_17_s390x.manylinux2014_s390x.whl (from https://pypi.org/simple/pyyaml/) (requires-python:>=3.6)
2026-03-15T19:49:19,221   Skipping link: none of the wheel's tags (cp38-cp38-manylinux1_x86_64, cp38-cp38-manylinux2010_x86_64, cp38-cp38-manylinux_2_12_x86_64, cp38-cp38-manylinux_2_5_x86_64) are compatible (run pip debug --verbose to show compatible tags): https://files.pythonhosted.org/packages/d7/42/7ad4b6d67a16229496d4f6e74201bdbebcf4bc1e87d5a70c9297d4961bd2/PyYAML-6.0-cp38-cp38-manylinux_2_5_x86_64.manylinux1_x86_64.manylinux_2_12_x86_64.manylinux2010_x86_64.whl (from https://pypi.org/simple/pyyaml/) (requires-python:>=3.6)
2026-03-15T19:49:19,222   Skipping link: none of the wheel's tags (cp38-cp38-win32) are compatible (run pip debug --verbose to show compatible tags): https://files.pythonhosted.org/packages/a4/ba/e508fc780e3c94c12753a54fe8f74de535741a10d33b29a576a9bec03500/PyYAML-6.0-cp38-cp38-win32.whl (from https://pypi.org/simple/pyyaml/) (requires-python:>=3.6)
2026-03-15T19:49:19,222   Skipping link: none of the wheel's tags (cp38-cp38-win_amd64) are compatible (run pip debug --verbose to show compatible tags): https://files.pythonhosted.org/packages/a8/5b/c4d674846ea4b07ee239fbf6010bcc427c4e4552ba5655b446e36b9a40a7/PyYAML-6.0-cp38-cp38-win_amd64.whl (from https://pypi.org/simple/pyyaml/) (requires-python:>=3.6)
2026-03-15T19:49:19,222   Skipping link: none of the wheel's tags (cp39-cp39-macosx_10_9_x86_64) are compatible (run pip debug --verbose to show compatible tags): https://files.pythonhosted.org/packages/f5/6f/b8b4515346af7c33d3b07cd8ca8ea0700ca72e8d7a750b2b87ac0268ca4e/PyYAML-6.0-cp39-cp39-macosx_10_9_x86_64.whl (from https://pypi.org/simple/pyyaml/) (requires-python:>=3.6)
2026-03-15T19:49:19,222   Skipping link: none of the wheel's tags (cp39-cp39-macosx_11_0_arm64) are compatible (run pip debug --verbose to show compatible tags): https://files.pythonhosted.org/packages/67/d4/b95266228a25ef5bd70984c08b4efce2c035a4baa5ccafa827b266e3dc36/PyYAML-6.0-cp39-cp39-macosx_11_0_arm64.whl (from https://pypi.org/simple/pyyaml/) (requires-python:>=3.6)
2026-03-15T19:49:19,222   Skipping link: none of the wheel's tags (cp39-cp39-manylinux2014_aarch64, cp39-cp39-manylinux_2_17_aarch64) are compatible (run pip debug --verbose to show compatible tags): https://files.pythonhosted.org/packages/21/67/b42191239c5650c9e419c4a08a7a022bbf1abf55b0391c380a72c3af5462/PyYAML-6.0-cp39-cp39-manylinux_2_17_aarch64.manylinux2014_aarch64.whl (from https://pypi.org/simple/pyyaml/) (requires-python:>=3.6)
2026-03-15T19:49:19,222   Skipping link: none of the wheel's tags (cp39-cp39-manylinux2014_s390x, cp39-cp39-manylinux_2_17_s390x) are compatible (run pip debug --verbose to show compatible tags): https://files.pythonhosted.org/packages/77/da/e845437ffe0dffae4e7562faf23a4f264d886431c5d2a2816c853288dc8e/PyYAML-6.0-cp39-cp39-manylinux_2_17_s390x.manylinux2014_s390x.whl (from https://pypi.org/simple/pyyaml/) (requires-python:>=3.6)
2026-03-15T19:49:19,222   Skipping link: none of the wheel's tags (cp39-cp39-manylinux1_x86_64, cp39-cp39-manylinux2010_x86_64, cp39-cp39-manylinux_2_12_x86_64, cp39-cp39-manylinux_2_5_x86_64) are compatible (run pip debug --verbose to show compatible tags): https://files.pythonhosted.org/packages/12/fc/a4d5a7554e0067677823f7265cb3ae22aed8a238560b5133b58cda252dad/PyYAML-6.0-cp39-cp39-manylinux_2_5_x86_64.manylinux1_x86_64.manylinux_2_12_x86_64.manylinux2010_x86_64.whl (from https://pypi.org/simple/pyyaml/) (requires-python:>=3.6)
2026-03-15T19:49:19,222   Skipping link: none of the wheel's tags (cp39-cp39-win32) are compatible (run pip debug --verbose to show compatible tags): https://files.pythonhosted.org/packages/2e/b3/13dfd4eeb5e4b2d686b6d1822b40702e991bf3a4194ca5cbcce8d43749db/PyYAML-6.0-cp39-cp39-win32.whl (from https://pypi.org/simple/pyyaml/) (requires-python:>=3.6)
2026-03-15T19:49:19,222   Skipping link: none of the wheel's tags (cp39-cp39-win_amd64) are compatible (run pip debug --verbose to show compatible tags): https://files.pythonhosted.org/packages/08/f4/ffa743f860f34a5e8c60abaaa686f82c9ac7a2b50e5a1c3b1eb564d59159/PyYAML-6.0-cp39-cp39-win_amd64.whl (from https://pypi.org/simple/pyyaml/) (requires-python:>=3.6)
2026-03-15T19:49:19,222   Found link https://files.pythonhosted.org/packages/36/2b/61d51a2c4f25ef062ae3f74576b01638bebad5e045f747ff12643df63844/PyYAML-6.0.tar.gz (from https://pypi.org/simple/pyyaml/) (requires-python:>=3.6), version: 6.0
2026-03-15T19:49:19,222   Skipping link: none of the wheel's tags (cp310-cp310-macosx_10_9_x86_64) are compatible (run pip debug --verbose to show compatible tags): https://files.pythonhosted.org/packages/96/06/4beb652c0fe16834032e54f0956443d4cc797fe645527acee59e7deaa0a2/PyYAML-6.0.1-cp310-cp310-macosx_10_9_x86_64.whl (from https://pypi.org/simple/pyyaml/) (requires-python:>=3.6)
2026-03-15T19:49:19,222   Skipping link: none of the wheel's tags (cp310-cp310-macosx_11_0_arm64) are compatible (run pip debug --verbose to show compatible tags): https://files.pythonhosted.org/packages/5b/07/10033a403b23405a8fc48975444463d3d10a5c2736b7eb2550b07b367429/PyYAML-6.0.1-cp310-cp310-macosx_11_0_arm64.whl (from https://pypi.org/simple/pyyaml/) (requires-python:>=3.6)
2026-03-15T19:49:19,222   Skipping link: none of the wheel's tags (cp310-cp310-manylinux2014_aarch64, cp310-cp310-manylinux_2_17_aarch64) are compatible (run pip debug --verbose to show compatible tags): https://files.pythonhosted.org/packages/f1/26/55e4f21db1f72eaef092015d9017c11510e7e6301c62a6cfee91295d13c6/PyYAML-6.0.1-cp310-cp310-manylinux_2_17_aarch64.manylinux2014_aarch64.whl (from https://pypi.org/simple/pyyaml/) (requires-python:>=3.6)
2026-03-15T19:49:19,222   Skipping link: none of the wheel's tags (cp310-cp310-manylinux2014_s390x, cp310-cp310-manylinux_2_17_s390x) are compatible (run pip debug --verbose to show compatible tags): https://files.pythonhosted.org/packages/ba/91/090818dfa62e85181f3ae23dd1e8b7ea7f09684864a900cab72d29c57346/PyYAML-6.0.1-cp310-cp310-manylinux_2_17_s390x.manylinux2014_s390x.whl (from https://pypi.org/simple/pyyaml/) (requires-python:>=3.6)
2026-03-15T19:49:19,222   Skipping link: none of the wheel's tags (cp310-cp310-manylinux2014_x86_64, cp310-cp310-manylinux_2_17_x86_64) are compatible (run pip debug --verbose to show compatible tags): https://files.pythonhosted.org/packages/29/61/bf33c6c85c55bc45a29eee3195848ff2d518d84735eb0e2d8cb42e0d285e/PyYAML-6.0.1-cp310-cp310-manylinux_2_17_x86_64.manylinux2014_x86_64.whl (from https://pypi.org/simple/pyyaml/) (requires-python:>=3.6)
2026-03-15T19:49:19,222   Skipping link: none of the wheel's tags (cp310-cp310-musllinux_1_1_x86_64) are compatible (run pip debug --verbose to show compatible tags): https://files.pythonhosted.org/packages/07/91/45dfd0ef821a7f41d9d0136ea3608bb5b1653e42fd56a7970532cb5c003f/PyYAML-6.0.1-cp310-cp310-musllinux_1_1_x86_64.whl (from https://pypi.org/simple/pyyaml/) (requires-python:>=3.6)
2026-03-15T19:49:19,222   Skipping link: none of the wheel's tags (cp310-cp310-win32) are compatible (run pip debug --verbose to show compatible tags): https://files.pythonhosted.org/packages/b6/a0/b6700da5d49e9fed49dc3243d3771b598dad07abb37cc32e524607f96adc/PyYAML-6.0.1-cp310-cp310-win32.whl (from https://pypi.org/simple/pyyaml/) (requires-python:>=3.6)
2026-03-15T19:49:19,223   Skipping link: none of the wheel's tags (cp310-cp310-win_amd64) are compatible (run pip debug --verbose to show compatible tags): https://files.pythonhosted.org/packages/24/97/9b59b43431f98d01806b288532da38099cc6f2fea0f3d712e21e269c0279/PyYAML-6.0.1-cp310-cp310-win_amd64.whl (from https://pypi.org/simple/pyyaml/) (requires-python:>=3.6)
2026-03-15T19:49:19,223   Skipping link: none of the wheel's tags (cp311-cp311-macosx_10_9_x86_64) are compatible (run pip debug --verbose to show compatible tags): https://files.pythonhosted.org/packages/ec/0d/26fb23e8863e0aeaac0c64e03fd27367ad2ae3f3cccf3798ee98ce160368/PyYAML-6.0.1-cp311-cp311-macosx_10_9_x86_64.whl (from https://pypi.org/simple/pyyaml/) (requires-python:>=3.6)
2026-03-15T19:49:19,223   Skipping link: none of the wheel's tags (cp311-cp311-macosx_11_0_arm64) are compatible (run pip debug --verbose to show compatible tags): https://files.pythonhosted.org/packages/28/09/55f715ddbf95a054b764b547f617e22f1d5e45d83905660e9a088078fe67/PyYAML-6.0.1-cp311-cp311-macosx_11_0_arm64.whl (from https://pypi.org/simple/pyyaml/) (requires-python:>=3.6)
2026-03-15T19:49:19,223   Skipping link: none of the wheel's tags (cp311-cp311-manylinux2014_aarch64, cp311-cp311-manylinux_2_17_aarch64) are compatible (run pip debug --verbose to show compatible tags): https://files.pythonhosted.org/packages/5e/94/7d5ee059dfb92ca9e62f4057dcdec9ac08a9e42679644854dc01177f8145/PyYAML-6.0.1-cp311-cp311-manylinux_2_17_aarch64.manylinux2014_aarch64.whl (from https://pypi.org/simple/pyyaml/) (requires-python:>=3.6)
2026-03-15T19:49:19,223   Skipping link: none of the wheel's tags (cp311-cp311-manylinux2014_s390x, cp311-cp311-manylinux_2_17_s390x) are compatible (run pip debug --verbose to show compatible tags): https://files.pythonhosted.org/packages/06/92/e0224aa6ebf9dc54a06a4609da37da40bb08d126f5535d81bff6b417b2ae/PyYAML-6.0.1-cp311-cp311-manylinux_2_17_s390x.manylinux2014_s390x.whl (from https://pypi.org/simple/pyyaml/) (requires-python:>=3.6)
2026-03-15T19:49:19,223   Skipping link: none of the wheel's tags (cp311-cp311-manylinux2014_x86_64, cp311-cp311-manylinux_2_17_x86_64) are compatible (run pip debug --verbose to show compatible tags): https://files.pythonhosted.org/packages/7b/5e/efd033ab7199a0b2044dab3b9f7a4f6670e6a52c089de572e928d2873b06/PyYAML-6.0.1-cp311-cp311-manylinux_2_17_x86_64.manylinux2014_x86_64.whl (from https://pypi.org/simple/pyyaml/) (requires-python:>=3.6)
2026-03-15T19:49:19,223   Skipping link: none of the wheel's tags (cp311-cp311-musllinux_1_1_x86_64) are compatible (run pip debug --verbose to show compatible tags): https://files.pythonhosted.org/packages/03/5c/c4671451b2f1d76ebe352c0945d4cd13500adb5d05f5a51ee296d80152f7/PyYAML-6.0.1-cp311-cp311-musllinux_1_1_x86_64.whl (from https://pypi.org/simple/pyyaml/) (requires-python:>=3.6)
2026-03-15T19:49:19,223   Skipping link: none of the wheel's tags (cp311-cp311-win32) are compatible (run pip debug --verbose to show compatible tags): https://files.pythonhosted.org/packages/73/9c/766e78d1efc0d1fca637a6b62cea1b4510a7fb93617eb805223294fef681/PyYAML-6.0.1-cp311-cp311-win32.whl (from https://pypi.org/simple/pyyaml/) (requires-python:>=3.6)
2026-03-15T19:49:19,223   Skipping link: none of the wheel's tags (cp311-cp311-win_amd64) are compatible (run pip debug --verbose to show compatible tags): https://files.pythonhosted.org/packages/b3/34/65bb4b2d7908044963ebf614fe0fdb080773fc7030d7e39c8d3eddcd4257/PyYAML-6.0.1-cp311-cp311-win_amd64.whl (from https://pypi.org/simple/pyyaml/) (requires-python:>=3.6)
2026-03-15T19:49:19,223   Skipping link: none of the wheel's tags (cp312-cp312-macosx_10_9_x86_64) are compatible (run pip debug --verbose to show compatible tags): https://files.pythonhosted.org/packages/bc/06/1b305bf6aa704343be85444c9d011f626c763abb40c0edc1cad13bfd7f86/PyYAML-6.0.1-cp312-cp312-macosx_10_9_x86_64.whl (from https://pypi.org/simple/pyyaml/) (requires-python:>=3.6)
2026-03-15T19:49:19,223   Skipping link: none of the wheel's tags (cp312-cp312-macosx_11_0_arm64) are compatible (run pip debug --verbose to show compatible tags): https://files.pythonhosted.org/packages/84/02/404de95ced348b73dd84f70e15a41843d817ff8c1744516bf78358f2ffd2/PyYAML-6.0.1-cp312-cp312-macosx_11_0_arm64.whl (from https://pypi.org/simple/pyyaml/) (requires-python:>=3.6)
2026-03-15T19:49:19,223   Skipping link: none of the wheel's tags (cp312-cp312-manylinux2014_aarch64, cp312-cp312-manylinux_2_17_aarch64) are compatible (run pip debug --verbose to show compatible tags): https://files.pythonhosted.org/packages/c7/4c/4a2908632fc980da6d918b9de9c1d9d7d7e70b2672b1ad5166ed27841ef7/PyYAML-6.0.1-cp312-cp312-manylinux_2_17_aarch64.manylinux2014_aarch64.whl (from https://pypi.org/simple/pyyaml/) (requires-python:>=3.6)
2026-03-15T19:49:19,223   Found link https://files.pythonhosted.org/packages/b4/33/720548182ffa8344418126017aa1d4ab4aeec9a2275f04ce3f3573d8ace8/PyYAML-6.0.1-cp312-cp312-manylinux_2_17_x86_64.manylinux2014_x86_64.whl (from https://pypi.org/simple/pyyaml/) (requires-python:>=3.6), version: 6.0.1
2026-03-15T19:49:19,223   Skipping link: none of the wheel's tags (cp312-cp312-musllinux_1_1_x86_64) are compatible (run pip debug --verbose to show compatible tags): https://files.pythonhosted.org/packages/4f/78/77b40157b6cb5f2d3d31a3d9b2efd1ba3505371f76730d267e8b32cf4b7f/PyYAML-6.0.1-cp312-cp312-musllinux_1_1_x86_64.whl (from https://pypi.org/simple/pyyaml/) (requires-python:>=3.6)
2026-03-15T19:49:19,223   Skipping link: none of the wheel's tags (cp312-cp312-win32) are compatible (run pip debug --verbose to show compatible tags): https://files.pythonhosted.org/packages/2e/97/3e0e089ee85e840f4b15bfa00e4e63d84a3691ababbfea92d6f820ea6f21/PyYAML-6.0.1-cp312-cp312-win32.whl (from https://pypi.org/simple/pyyaml/) (requires-python:>=3.6)
2026-03-15T19:49:19,223   Skipping link: none of the wheel's tags (cp312-cp312-win_amd64) are compatible (run pip debug --verbose to show compatible tags): https://files.pythonhosted.org/packages/2b/9f/fbade56564ad486809c27b322d0f7e6a89c01f6b4fe208402e90d4443a99/PyYAML-6.0.1-cp312-cp312-win_amd64.whl (from https://pypi.org/simple/pyyaml/) (requires-python:>=3.6)
2026-03-15T19:49:19,223   Skipping link: none of the wheel's tags (cp36-cp36m-macosx_10_9_x86_64) are compatible (run pip debug --verbose to show compatible tags): https://files.pythonhosted.org/packages/02/74/b2320ebe006b6a521cf929c78f12a220b9db319b38165023623ed195654b/PyYAML-6.0.1-cp36-cp36m-macosx_10_9_x86_64.whl (from https://pypi.org/simple/pyyaml/) (requires-python:>=3.6)
2026-03-15T19:49:19,223   Skipping link: none of the wheel's tags (cp36-cp36m-manylinux2014_aarch64, cp36-cp36m-manylinux_2_17_aarch64) are compatible (run pip debug --verbose to show compatible tags): https://files.pythonhosted.org/packages/03/f7/4f8b71f3ce8cfb2c06e814aeda5b26ecc62ecb5cf85f5c8898be34e6eb6a/PyYAML-6.0.1-cp36-cp36m-manylinux_2_17_aarch64.manylinux2014_aarch64.whl (from https://pypi.org/simple/pyyaml/) (requires-python:>=3.6)
2026-03-15T19:49:19,224   Skipping link: none of the wheel's tags (cp36-cp36m-manylinux2014_s390x, cp36-cp36m-manylinux_2_17_s390x) are compatible (run pip debug --verbose to show compatible tags): https://files.pythonhosted.org/packages/fe/88/def2e57fe740544f2eefb1645f1d6e0094f56c00f4eade708140b6137ead/PyYAML-6.0.1-cp36-cp36m-manylinux_2_17_s390x.manylinux2014_s390x.whl (from https://pypi.org/simple/pyyaml/) (requires-python:>=3.6)
2026-03-15T19:49:19,224   Skipping link: none of the wheel's tags (cp36-cp36m-manylinux2014_x86_64, cp36-cp36m-manylinux_2_17_x86_64) are compatible (run pip debug --verbose to show compatible tags): https://files.pythonhosted.org/packages/62/2a/df7727c52e151f9e7b852d7d1580c37bd9e39b2f29568f0f81b29ed0abc2/PyYAML-6.0.1-cp36-cp36m-manylinux_2_17_x86_64.manylinux2014_x86_64.whl (from https://pypi.org/simple/pyyaml/) (requires-python:>=3.6)
2026-03-15T19:49:19,224   Skipping link: none of the wheel's tags (cp36-cp36m-win32) are compatible (run pip debug --verbose to show compatible tags): https://files.pythonhosted.org/packages/41/9a/1c4c51f1a0d2b6fd805973701ab0ec84d5e622c5aaa573b0e1157f132809/PyYAML-6.0.1-cp36-cp36m-win32.whl (from https://pypi.org/simple/pyyaml/) (requires-python:>=3.6)
2026-03-15T19:49:19,224   Skipping link: none of the wheel's tags (cp36-cp36m-win_amd64) are compatible (run pip debug --verbose to show compatible tags): https://files.pythonhosted.org/packages/27/d5/fb4f7a3c96af89c214387af42c76117d2c2a0a40576e217632548a6e1aff/PyYAML-6.0.1-cp36-cp36m-win_amd64.whl (from https://pypi.org/simple/pyyaml/) (requires-python:>=3.6)
2026-03-15T19:49:19,224   Skipping link: none of the wheel's tags (cp37-cp37m-macosx_10_9_x86_64) are compatible (run pip debug --verbose to show compatible tags): https://files.pythonhosted.org/packages/c7/d1/02baa09d39b1bb1ebaf0d850d106d1bdcb47c91958557f471153c49dc03b/PyYAML-6.0.1-cp37-cp37m-macosx_10_9_x86_64.whl (from https://pypi.org/simple/pyyaml/) (requires-python:>=3.6)
2026-03-15T19:49:19,224   Skipping link: none of the wheel's tags (cp37-cp37m-manylinux2014_aarch64, cp37-cp37m-manylinux_2_17_aarch64) are compatible (run pip debug --verbose to show compatible tags): https://files.pythonhosted.org/packages/e5/31/ba812efa640a264dbefd258986a5e4e786230cb1ee4a9f54eb28ca01e14a/PyYAML-6.0.1-cp37-cp37m-manylinux_2_17_aarch64.manylinux2014_aarch64.whl (from https://pypi.org/simple/pyyaml/) (requires-python:>=3.6)
2026-03-15T19:49:19,224   Skipping link: none of the wheel's tags (cp37-cp37m-manylinux2014_s390x, cp37-cp37m-manylinux_2_17_s390x) are compatible (run pip debug --verbose to show compatible tags): https://files.pythonhosted.org/packages/4d/f1/08f06159739254c8947899c9fc901241614195db15ba8802ff142237664c/PyYAML-6.0.1-cp37-cp37m-manylinux_2_17_s390x.manylinux2014_s390x.whl (from https://pypi.org/simple/pyyaml/) (requires-python:>=3.6)
2026-03-15T19:49:19,224   Skipping link: none of the wheel's tags (cp37-cp37m-manylinux2014_x86_64, cp37-cp37m-manylinux_2_17_x86_64) are compatible (run pip debug --verbose to show compatible tags): https://files.pythonhosted.org/packages/d7/8f/db62b0df635b9008fe90aa68424e99cee05e68b398740c8a666a98455589/PyYAML-6.0.1-cp37-cp37m-manylinux_2_17_x86_64.manylinux2014_x86_64.whl (from https://pypi.org/simple/pyyaml/) (requires-python:>=3.6)
2026-03-15T19:49:19,224   Skipping link: none of the wheel's tags (cp37-cp37m-win32) are compatible (run pip debug --verbose to show compatible tags): https://files.pythonhosted.org/packages/cc/5c/fcabd17918348c7db2eeeb0575705aaf3f7ab1657f6ce29b2e31737dd5d1/PyYAML-6.0.1-cp37-cp37m-win32.whl (from https://pypi.org/simple/pyyaml/) (requires-python:>=3.6)
2026-03-15T19:49:19,224   Skipping link: none of the wheel's tags (cp37-cp37m-win_amd64) are compatible (run pip debug --verbose to show compatible tags): https://files.pythonhosted.org/packages/1e/ae/964ccb88a938f20ece5754878f182cfbd846924930d02d29d06af8d4c69e/PyYAML-6.0.1-cp37-cp37m-win_amd64.whl (from https://pypi.org/simple/pyyaml/) (requires-python:>=3.6)
2026-03-15T19:49:19,224   Skipping link: none of the wheel's tags (cp38-cp38-macosx_10_9_x86_64) are compatible (run pip debug --verbose to show compatible tags): https://files.pythonhosted.org/packages/7f/5d/2779ea035ba1e533c32ed4a249b4e0448f583ba10830b21a3cddafe11a4e/PyYAML-6.0.1-cp38-cp38-macosx_10_9_x86_64.whl (from https://pypi.org/simple/pyyaml/) (requires-python:>=3.6)
2026-03-15T19:49:19,224   Skipping link: none of the wheel's tags (cp38-cp38-manylinux2014_aarch64, cp38-cp38-manylinux_2_17_aarch64) are compatible (run pip debug --verbose to show compatible tags): https://files.pythonhosted.org/packages/e1/a1/27bfac14b90adaaccf8c8289f441e9f76d94795ec1e7a8f134d9f2cb3d0b/PyYAML-6.0.1-cp38-cp38-manylinux_2_17_aarch64.manylinux2014_aarch64.whl (from https://pypi.org/simple/pyyaml/) (requires-python:>=3.6)
2026-03-15T19:49:19,224   Skipping link: none of the wheel's tags (cp38-cp38-manylinux2014_s390x, cp38-cp38-manylinux_2_17_s390x) are compatible (run pip debug --verbose to show compatible tags): https://files.pythonhosted.org/packages/c1/39/47ed4d65beec9ce07267b014be85ed9c204fa373515355d3efa62d19d892/PyYAML-6.0.1-cp38-cp38-manylinux_2_17_s390x.manylinux2014_s390x.whl (from https://pypi.org/simple/pyyaml/) (requires-python:>=3.6)
2026-03-15T19:49:19,224   Skipping link: none of the wheel's tags (cp38-cp38-manylinux2014_x86_64, cp38-cp38-manylinux_2_17_x86_64) are compatible (run pip debug --verbose to show compatible tags): https://files.pythonhosted.org/packages/c8/6b/6600ac24725c7388255b2f5add93f91e58a5d7efaf4af244fdbcc11a541b/PyYAML-6.0.1-cp38-cp38-manylinux_2_17_x86_64.manylinux2014_x86_64.whl (from https://pypi.org/simple/pyyaml/) (requires-python:>=3.6)
2026-03-15T19:49:19,224   Skipping link: none of the wheel's tags (cp38-cp38-musllinux_1_1_x86_64) are compatible (run pip debug --verbose to show compatible tags): https://files.pythonhosted.org/packages/0d/46/62ae77677e532c0af6c81ddd6f3dbc16bdcc1208b077457354442d220bfb/PyYAML-6.0.1-cp38-cp38-musllinux_1_1_x86_64.whl (from https://pypi.org/simple/pyyaml/) (requires-python:>=3.6)
2026-03-15T19:49:19,224   Skipping link: none of the wheel's tags (cp38-cp38-win32) are compatible (run pip debug --verbose to show compatible tags): https://files.pythonhosted.org/packages/d6/6a/439d1a6f834b9a9db16332ce16c4a96dd0e3970b65fe08cbecd1711eeb77/PyYAML-6.0.1-cp38-cp38-win32.whl (from https://pypi.org/simple/pyyaml/) (requires-python:>=3.6)
2026-03-15T19:49:19,224   Skipping link: none of the wheel's tags (cp38-cp38-win_amd64) are compatible (run pip debug --verbose to show compatible tags): https://files.pythonhosted.org/packages/29/0f/9782fa5b10152abf033aec56a601177ead85ee03b57781f2d9fced09eefc/PyYAML-6.0.1-cp38-cp38-win_amd64.whl (from https://pypi.org/simple/pyyaml/) (requires-python:>=3.6)
2026-03-15T19:49:19,225   Skipping link: none of the wheel's tags (cp39-cp39-macosx_10_9_x86_64) are compatible (run pip debug --verbose to show compatible tags): https://files.pythonhosted.org/packages/57/c5/5d09b66b41d549914802f482a2118d925d876dc2a35b2d127694c1345c34/PyYAML-6.0.1-cp39-cp39-macosx_10_9_x86_64.whl (from https://pypi.org/simple/pyyaml/) (requires-python:>=3.6)
2026-03-15T19:49:19,225   Skipping link: none of the wheel's tags (cp39-cp39-macosx_11_0_arm64) are compatible (run pip debug --verbose to show compatible tags): https://files.pythonhosted.org/packages/0e/88/21b2f16cb2123c1e9375f2c93486e35fdc86e63f02e274f0e99c589ef153/PyYAML-6.0.1-cp39-cp39-macosx_11_0_arm64.whl (from https://pypi.org/simple/pyyaml/) (requires-python:>=3.6)
2026-03-15T19:49:19,225   Skipping link: none of the wheel's tags (cp39-cp39-manylinux2014_aarch64, cp39-cp39-manylinux_2_17_aarch64) are compatible (run pip debug --verbose to show compatible tags): https://files.pythonhosted.org/packages/ac/6c/967d91a8edf98d2b2b01d149bd9e51b8f9fb527c98d80ebb60c6b21d60c4/PyYAML-6.0.1-cp39-cp39-manylinux_2_17_aarch64.manylinux2014_aarch64.whl (from https://pypi.org/simple/pyyaml/) (requires-python:>=3.6)
2026-03-15T19:49:19,225   Skipping link: none of the wheel's tags (cp39-cp39-manylinux2014_s390x, cp39-cp39-manylinux_2_17_s390x) are compatible (run pip debug --verbose to show compatible tags): https://files.pythonhosted.org/packages/4a/4b/c71ef18ef83c82f99e6da8332910692af78ea32bd1d1d76c9787dfa36aea/PyYAML-6.0.1-cp39-cp39-manylinux_2_17_s390x.manylinux2014_s390x.whl (from https://pypi.org/simple/pyyaml/) (requires-python:>=3.6)
2026-03-15T19:49:19,225   Skipping link: none of the wheel's tags (cp39-cp39-manylinux2014_x86_64, cp39-cp39-manylinux_2_17_x86_64) are compatible (run pip debug --verbose to show compatible tags): https://files.pythonhosted.org/packages/7d/39/472f2554a0f1e825bd7c5afc11c817cd7a2f3657460f7159f691fbb37c51/PyYAML-6.0.1-cp39-cp39-manylinux_2_17_x86_64.manylinux2014_x86_64.whl (from https://pypi.org/simple/pyyaml/) (requires-python:>=3.6)
2026-03-15T19:49:19,225   Skipping link: none of the wheel's tags (cp39-cp39-musllinux_1_1_x86_64) are compatible (run pip debug --verbose to show compatible tags): https://files.pythonhosted.org/packages/40/da/a175a35cf5583580e90ac3e2a3dbca90e43011593ae62ce63f79d7b28d92/PyYAML-6.0.1-cp39-cp39-musllinux_1_1_x86_64.whl (from https://pypi.org/simple/pyyaml/) (requires-python:>=3.6)
2026-03-15T19:49:19,225   Skipping link: none of the wheel's tags (cp39-cp39-win32) are compatible (run pip debug --verbose to show compatible tags): https://files.pythonhosted.org/packages/24/62/7fcc372442ec8ea331da18c24b13710e010c5073ab851ef36bf9dacb283f/PyYAML-6.0.1-cp39-cp39-win32.whl (from https://pypi.org/simple/pyyaml/) (requires-python:>=3.6)
2026-03-15T19:49:19,225   Skipping link: none of the wheel's tags (cp39-cp39-win_amd64) are compatible (run pip debug --verbose to show compatible tags): https://files.pythonhosted.org/packages/84/4d/82704d1ab9290b03da94e6425f5e87396b999fd7eb8e08f3a92c158402bf/PyYAML-6.0.1-cp39-cp39-win_amd64.whl (from https://pypi.org/simple/pyyaml/) (requires-python:>=3.6)
2026-03-15T19:49:19,225   Found link https://files.pythonhosted.org/packages/cd/e5/af35f7ea75cf72f2cd079c95ee16797de7cd71f29ea7c68ae5ce7be1eda0/PyYAML-6.0.1.tar.gz (from https://pypi.org/simple/pyyaml/) (requires-python:>=3.6), version: 6.0.1
2026-03-15T19:49:19,225   Skipping link: none of the wheel's tags (cp310-cp310-macosx_10_9_x86_64) are compatible (run pip debug --verbose to show compatible tags): https://files.pythonhosted.org/packages/d3/59/02fd4e65ed969a9e2bad4228e8776fe60450093a7d649e4b358a42182631/PyYAML-6.0.2rc1-cp310-cp310-macosx_10_9_x86_64.whl (from https://pypi.org/simple/pyyaml/) (requires-python:>=3.6)
2026-03-15T19:49:19,225   Skipping link: none of the wheel's tags (cp310-cp310-macosx_11_0_arm64) are compatible (run pip debug --verbose to show compatible tags): https://files.pythonhosted.org/packages/8c/7a/9062a9bd25d765b651e3337125a3048a0c34f20258e2193af92ee2f9d9fb/PyYAML-6.0.2rc1-cp310-cp310-macosx_11_0_arm64.whl (from https://pypi.org/simple/pyyaml/) (requires-python:>=3.6)
2026-03-15T19:49:19,225   Skipping link: none of the wheel's tags (cp310-cp310-manylinux2014_aarch64, cp310-cp310-manylinux_2_17_aarch64) are compatible (run pip debug --verbose to show compatible tags): https://files.pythonhosted.org/packages/59/79/532fb4afd15943effb0dd0182b43046f0353acd233a7aa2305b0cbb772e6/PyYAML-6.0.2rc1-cp310-cp310-manylinux_2_17_aarch64.manylinux2014_aarch64.whl (from https://pypi.org/simple/pyyaml/) (requires-python:>=3.6)
2026-03-15T19:49:19,225   Skipping link: none of the wheel's tags (cp310-cp310-manylinux2014_s390x, cp310-cp310-manylinux_2_17_s390x) are compatible (run pip debug --verbose to show compatible tags): https://files.pythonhosted.org/packages/d7/76/7f6a2381c65bf14a377f0ecf550647ba99611e501740db7cddce4edd5463/PyYAML-6.0.2rc1-cp310-cp310-manylinux_2_17_s390x.manylinux2014_s390x.whl (from https://pypi.org/simple/pyyaml/) (requires-python:>=3.6)
2026-03-15T19:49:19,225   Skipping link: none of the wheel's tags (cp310-cp310-manylinux2014_x86_64, cp310-cp310-manylinux_2_17_x86_64) are compatible (run pip debug --verbose to show compatible tags): https://files.pythonhosted.org/packages/e8/08/a33f044060da4c5a3dc0d8f698a7dadb831d36787df3e77a3d0babb3f655/PyYAML-6.0.2rc1-cp310-cp310-manylinux_2_17_x86_64.manylinux2014_x86_64.whl (from https://pypi.org/simple/pyyaml/) (requires-python:>=3.6)
2026-03-15T19:49:19,225   Skipping link: none of the wheel's tags (cp310-cp310-musllinux_1_1_aarch64) are compatible (run pip debug --verbose to show compatible tags): https://files.pythonhosted.org/packages/93/f6/768224d65786b50adb31142f77737bf2646b3a5bdfa6623fe344dab9a068/PyYAML-6.0.2rc1-cp310-cp310-musllinux_1_1_aarch64.whl (from https://pypi.org/simple/pyyaml/) (requires-python:>=3.6)
2026-03-15T19:49:19,225   Skipping link: none of the wheel's tags (cp310-cp310-musllinux_1_1_x86_64) are compatible (run pip debug --verbose to show compatible tags): https://files.pythonhosted.org/packages/1a/d2/d053eab4faa9820d2d589c2d117ef9014e411d67c2a99a9ec2f3dd11aaeb/PyYAML-6.0.2rc1-cp310-cp310-musllinux_1_1_x86_64.whl (from https://pypi.org/simple/pyyaml/) (requires-python:>=3.6)
2026-03-15T19:49:19,225   Skipping link: none of the wheel's tags (cp310-cp310-win32) are compatible (run pip debug --verbose to show compatible tags): https://files.pythonhosted.org/packages/75/67/bf2c994f3878b4db29d71397fe1a3c8027acadb6c0b3c4db6330b542d563/PyYAML-6.0.2rc1-cp310-cp310-win32.whl (from https://pypi.org/simple/pyyaml/) (requires-python:>=3.6)
2026-03-15T19:49:19,225   Skipping link: none of the wheel's tags (cp310-cp310-win_amd64) are compatible (run pip debug --verbose to show compatible tags): https://files.pythonhosted.org/packages/48/96/bbd1d63921887f4cdfef74cfe0b80de80514c792754acfa57aeb4e7c0cf0/PyYAML-6.0.2rc1-cp310-cp310-win_amd64.whl (from https://pypi.org/simple/pyyaml/) (requires-python:>=3.6)
2026-03-15T19:49:19,225   Skipping link: none of the wheel's tags (cp311-cp311-macosx_10_9_x86_64) are compatible (run pip debug --verbose to show compatible tags): https://files.pythonhosted.org/packages/48/4f/791e90f0249424879c0f9243000ad668a30fe4b57beb5c90db8e0d12faba/PyYAML-6.0.2rc1-cp311-cp311-macosx_10_9_x86_64.whl (from https://pypi.org/simple/pyyaml/) (requires-python:>=3.6)
2026-03-15T19:49:19,226   Skipping link: none of the wheel's tags (cp311-cp311-macosx_11_0_arm64) are compatible (run pip debug --verbose to show compatible tags): https://files.pythonhosted.org/packages/a5/7d/bf5a0fe570ee8e0513810645271b5f162ee370fed1aa0840f6b491686520/PyYAML-6.0.2rc1-cp311-cp311-macosx_11_0_arm64.whl (from https://pypi.org/simple/pyyaml/) (requires-python:>=3.6)
2026-03-15T19:49:19,226   Skipping link: none of the wheel's tags (cp311-cp311-manylinux2014_aarch64, cp311-cp311-manylinux_2_17_aarch64) are compatible (run pip debug --verbose to show compatible tags): https://files.pythonhosted.org/packages/e1/a7/8cefe741a311f596068fa4734c13eb910ee1f43a94c65c31ec5a33f46747/PyYAML-6.0.2rc1-cp311-cp311-manylinux_2_17_aarch64.manylinux2014_aarch64.whl (from https://pypi.org/simple/pyyaml/) (requires-python:>=3.6)
2026-03-15T19:49:19,226   Skipping link: none of the wheel's tags (cp311-cp311-manylinux2014_s390x, cp311-cp311-manylinux_2_17_s390x) are compatible (run pip debug --verbose to show compatible tags): https://files.pythonhosted.org/packages/21/35/3e5b987eb17cac1987f6766c2faa24e5ff2e89a85db283a79620515831a8/PyYAML-6.0.2rc1-cp311-cp311-manylinux_2_17_s390x.manylinux2014_s390x.whl (from https://pypi.org/simple/pyyaml/) (requires-python:>=3.6)
2026-03-15T19:49:19,226   Skipping link: none of the wheel's tags (cp311-cp311-manylinux2014_x86_64, cp311-cp311-manylinux_2_17_x86_64) are compatible (run pip debug --verbose to show compatible tags): https://files.pythonhosted.org/packages/6b/5d/3db2a9fe3f45881365daa72cb0601370bf9ae6a6080e240856eb054f2f3f/PyYAML-6.0.2rc1-cp311-cp311-manylinux_2_17_x86_64.manylinux2014_x86_64.whl (from https://pypi.org/simple/pyyaml/) (requires-python:>=3.6)
2026-03-15T19:49:19,226   Skipping link: none of the wheel's tags (cp311-cp311-musllinux_1_1_aarch64) are compatible (run pip debug --verbose to show compatible tags): https://files.pythonhosted.org/packages/8c/3d/d7c6b41a2ce678f10dd6ec3309e6bfc234efb95ceaef2c0440cfef1f80c8/PyYAML-6.0.2rc1-cp311-cp311-musllinux_1_1_aarch64.whl (from https://pypi.org/simple/pyyaml/) (requires-python:>=3.6)
2026-03-15T19:49:19,226   Skipping link: none of the wheel's tags (cp311-cp311-musllinux_1_1_x86_64) are compatible (run pip debug --verbose to show compatible tags): https://files.pythonhosted.org/packages/64/37/73ec05f756ac66844f459b117b82da3e17295ecac93e3ff1e9349403e0fd/PyYAML-6.0.2rc1-cp311-cp311-musllinux_1_1_x86_64.whl (from https://pypi.org/simple/pyyaml/) (requires-python:>=3.6)
2026-03-15T19:49:19,226   Skipping link: none of the wheel's tags (cp311-cp311-win32) are compatible (run pip debug --verbose to show compatible tags): https://files.pythonhosted.org/packages/6a/ae/8e1308e9183aa893fe9ce8cd67f2610f6a39c936ce56188a62e33e4f8dec/PyYAML-6.0.2rc1-cp311-cp311-win32.whl (from https://pypi.org/simple/pyyaml/) (requires-python:>=3.6)
2026-03-15T19:49:19,226   Skipping link: none of the wheel's tags (cp311-cp311-win_amd64) are compatible (run pip debug --verbose to show compatible tags): https://files.pythonhosted.org/packages/da/9f/38d341a42d7642f785286f5b26ddfeee8a720309cf3e0acfa2ba41d6b2dc/PyYAML-6.0.2rc1-cp311-cp311-win_amd64.whl (from https://pypi.org/simple/pyyaml/) (requires-python:>=3.6)
2026-03-15T19:49:19,226   Skipping link: none of the wheel's tags (cp312-cp312-macosx_10_9_x86_64) are compatible (run pip debug --verbose to show compatible tags): https://files.pythonhosted.org/packages/6e/10/25c74f70a872c109776ad0ea6a3eb3e12388723c5fe4f523e866bd1def51/PyYAML-6.0.2rc1-cp312-cp312-macosx_10_9_x86_64.whl (from https://pypi.org/simple/pyyaml/) (requires-python:>=3.6)
2026-03-15T19:49:19,226   Skipping link: none of the wheel's tags (cp312-cp312-macosx_11_0_arm64) are compatible (run pip debug --verbose to show compatible tags): https://files.pythonhosted.org/packages/b9/92/8a9a3f74dc5755de8bed7a945982b5f867d41a0f2a44b5786faecf184bb9/PyYAML-6.0.2rc1-cp312-cp312-macosx_11_0_arm64.whl (from https://pypi.org/simple/pyyaml/) (requires-python:>=3.6)
2026-03-15T19:49:19,226   Skipping link: none of the wheel's tags (cp312-cp312-manylinux2014_aarch64, cp312-cp312-manylinux_2_17_aarch64) are compatible (run pip debug --verbose to show compatible tags): https://files.pythonhosted.org/packages/d4/63/78f53ae93e3c6a67ae28dda915cfe0daebe1a180eb86ed2c174828b1ce0f/PyYAML-6.0.2rc1-cp312-cp312-manylinux_2_17_aarch64.manylinux2014_aarch64.whl (from https://pypi.org/simple/pyyaml/) (requires-python:>=3.6)
2026-03-15T19:49:19,226   Skipping link: none of the wheel's tags (cp312-cp312-manylinux2014_s390x, cp312-cp312-manylinux_2_17_s390x) are compatible (run pip debug --verbose to show compatible tags): https://files.pythonhosted.org/packages/b0/c8/ac6286eb3a60176f75070655b2e8086354ace17c2796642edc018ccfbbe7/PyYAML-6.0.2rc1-cp312-cp312-manylinux_2_17_s390x.manylinux2014_s390x.whl (from https://pypi.org/simple/pyyaml/) (requires-python:>=3.6)
2026-03-15T19:49:19,226   Found link https://files.pythonhosted.org/packages/96/09/a117904203e5508d3b863ed6621a3c1135a3da6aed4b0e8cabf33f7918af/PyYAML-6.0.2rc1-cp312-cp312-manylinux_2_17_x86_64.manylinux2014_x86_64.whl (from https://pypi.org/simple/pyyaml/) (requires-python:>=3.6), version: 6.0.2rc1
2026-03-15T19:49:19,226   Skipping link: none of the wheel's tags (cp312-cp312-musllinux_1_1_aarch64) are compatible (run pip debug --verbose to show compatible tags): https://files.pythonhosted.org/packages/06/44/083f60673edac84fa0315195fa94f831abf3afab73e5f1ea174039134003/PyYAML-6.0.2rc1-cp312-cp312-musllinux_1_1_aarch64.whl (from https://pypi.org/simple/pyyaml/) (requires-python:>=3.6)
2026-03-15T19:49:19,226   Skipping link: none of the wheel's tags (cp312-cp312-musllinux_1_1_x86_64) are compatible (run pip debug --verbose to show compatible tags): https://files.pythonhosted.org/packages/27/36/93c80a57b9372d1c7b1331a532a5d1ddf67e01724f53ea5b8a89d2029463/PyYAML-6.0.2rc1-cp312-cp312-musllinux_1_1_x86_64.whl (from https://pypi.org/simple/pyyaml/) (requires-python:>=3.6)
2026-03-15T19:49:19,226   Skipping link: none of the wheel's tags (cp312-cp312-win32) are compatible (run pip debug --verbose to show compatible tags): https://files.pythonhosted.org/packages/6f/40/0d5dba421efb110316bff77b01f0230e9f91856b60b96edf8ec45b4c6227/PyYAML-6.0.2rc1-cp312-cp312-win32.whl (from https://pypi.org/simple/pyyaml/) (requires-python:>=3.6)
2026-03-15T19:49:19,227   Skipping link: none of the wheel's tags (cp312-cp312-win_amd64) are compatible (run pip debug --verbose to show compatible tags): https://files.pythonhosted.org/packages/71/50/af5d2b3bf50d4bcdbdace635b18acaef7fc787e27214f7a5883f76a83a6e/PyYAML-6.0.2rc1-cp312-cp312-win_amd64.whl (from https://pypi.org/simple/pyyaml/) (requires-python:>=3.6)
2026-03-15T19:49:19,227   Skipping link: none of the wheel's tags (cp313-cp313-macosx_10_13_x86_64) are compatible (run pip debug --verbose to show compatible tags): https://files.pythonhosted.org/packages/3b/df/3cc3072aa0dfcf67437f3c4c1fe90c40cb5c1ab0dc7e35e79b78f08963e2/PyYAML-6.0.2rc1-cp313-cp313-macosx_10_13_x86_64.whl (from https://pypi.org/simple/pyyaml/) (requires-python:>=3.6)
2026-03-15T19:49:19,227   Skipping link: none of the wheel's tags (cp313-cp313-macosx_11_0_arm64) are compatible (run pip debug --verbose to show compatible tags): https://files.pythonhosted.org/packages/63/bb/21740fded6ac9945d665969525899f238c2de51cc72f654fd958efd874db/PyYAML-6.0.2rc1-cp313-cp313-macosx_11_0_arm64.whl (from https://pypi.org/simple/pyyaml/) (requires-python:>=3.6)
2026-03-15T19:49:19,227   Skipping link: none of the wheel's tags (cp313-cp313-manylinux2014_aarch64, cp313-cp313-manylinux_2_17_aarch64) are compatible (run pip debug --verbose to show compatible tags): https://files.pythonhosted.org/packages/b8/30/546935a2b0c876591521a1d0df4247a87f03acb7338a043b810393c1f571/PyYAML-6.0.2rc1-cp313-cp313-manylinux_2_17_aarch64.manylinux2014_aarch64.whl (from https://pypi.org/simple/pyyaml/) (requires-python:>=3.6)
2026-03-15T19:49:19,227   Skipping link: none of the wheel's tags (cp313-cp313-manylinux2014_s390x, cp313-cp313-manylinux_2_17_s390x) are compatible (run pip debug --verbose to show compatible tags): https://files.pythonhosted.org/packages/ff/84/83c7197237614598ec443a33b3ea3558d80ce3442cfb86a70855dfa1887d/PyYAML-6.0.2rc1-cp313-cp313-manylinux_2_17_s390x.manylinux2014_s390x.whl (from https://pypi.org/simple/pyyaml/) (requires-python:>=3.6)
2026-03-15T19:49:19,227   Skipping link: none of the wheel's tags (cp313-cp313-manylinux2014_x86_64, cp313-cp313-manylinux_2_17_x86_64) are compatible (run pip debug --verbose to show compatible tags): https://files.pythonhosted.org/packages/44/0a/fcb551bdb17d12f9064d794643e42d96146d0231a17b858fc49776e6c7ed/PyYAML-6.0.2rc1-cp313-cp313-manylinux_2_17_x86_64.manylinux2014_x86_64.whl (from https://pypi.org/simple/pyyaml/) (requires-python:>=3.6)
2026-03-15T19:49:19,227   Skipping link: none of the wheel's tags (cp313-cp313-musllinux_1_1_aarch64) are compatible (run pip debug --verbose to show compatible tags): https://files.pythonhosted.org/packages/53/ee/04db1efb8ccd6920e27e4c80580d185d23897116d00311a98a01e5ee7d23/PyYAML-6.0.2rc1-cp313-cp313-musllinux_1_1_aarch64.whl (from https://pypi.org/simple/pyyaml/) (requires-python:>=3.6)
2026-03-15T19:49:19,227   Skipping link: none of the wheel's tags (cp313-cp313-musllinux_1_1_x86_64) are compatible (run pip debug --verbose to show compatible tags): https://files.pythonhosted.org/packages/e2/d8/6c150233d507c4a37c3012e1f14d9da1cab9f2f8f4b505c400801504e465/PyYAML-6.0.2rc1-cp313-cp313-musllinux_1_1_x86_64.whl (from https://pypi.org/simple/pyyaml/) (requires-python:>=3.6)
2026-03-15T19:49:19,227   Skipping link: none of the wheel's tags (cp313-cp313-win32) are compatible (run pip debug --verbose to show compatible tags): https://files.pythonhosted.org/packages/a5/24/e9016022a26df90777a70b7349fc4be6f133884f4447b58a4f0a53168fdb/PyYAML-6.0.2rc1-cp313-cp313-win32.whl (from https://pypi.org/simple/pyyaml/) (requires-python:>=3.6)
2026-03-15T19:49:19,227   Skipping link: none of the wheel's tags (cp313-cp313-win_amd64) are compatible (run pip debug --verbose to show compatible tags): https://files.pythonhosted.org/packages/c7/7c/771f5f8cc98a343c4e802cbf01a0f46ee0c85b87b0dd4bc8eea11d87e12e/PyYAML-6.0.2rc1-cp313-cp313-win_amd64.whl (from https://pypi.org/simple/pyyaml/) (requires-python:>=3.6)
2026-03-15T19:49:19,227   Skipping link: none of the wheel's tags (cp38-cp38-macosx_10_9_x86_64) are compatible (run pip debug --verbose to show compatible tags): https://files.pythonhosted.org/packages/19/77/b78967dfa31f6ba62bc16b5ed6a18b72264223f3670a6d27de399f34d426/PyYAML-6.0.2rc1-cp38-cp38-macosx_10_9_x86_64.whl (from https://pypi.org/simple/pyyaml/) (requires-python:>=3.6)
2026-03-15T19:49:19,227   Skipping link: none of the wheel's tags (cp38-cp38-manylinux2014_aarch64, cp38-cp38-manylinux_2_17_aarch64) are compatible (run pip debug --verbose to show compatible tags): https://files.pythonhosted.org/packages/2e/cb/c6f761f0eb427c4330a9e86c05044726c2a9673eab5596468797b1d7a957/PyYAML-6.0.2rc1-cp38-cp38-manylinux_2_17_aarch64.manylinux2014_aarch64.whl (from https://pypi.org/simple/pyyaml/) (requires-python:>=3.6)
2026-03-15T19:49:19,227   Skipping link: none of the wheel's tags (cp38-cp38-manylinux2014_s390x, cp38-cp38-manylinux_2_17_s390x) are compatible (run pip debug --verbose to show compatible tags): https://files.pythonhosted.org/packages/4b/e2/5771a9e4089eaf1538cb4701f108cde74832f42d11708b84c66c4d5187c2/PyYAML-6.0.2rc1-cp38-cp38-manylinux_2_17_s390x.manylinux2014_s390x.whl (from https://pypi.org/simple/pyyaml/) (requires-python:>=3.6)
2026-03-15T19:49:19,227   Skipping link: none of the wheel's tags (cp38-cp38-manylinux2014_x86_64, cp38-cp38-manylinux_2_17_x86_64) are compatible (run pip debug --verbose to show compatible tags): https://files.pythonhosted.org/packages/2d/5e/9c5b86a3feb8859c887e387f80704258bca97855d52c674bcc8383dd08c7/PyYAML-6.0.2rc1-cp38-cp38-manylinux_2_17_x86_64.manylinux2014_x86_64.whl (from https://pypi.org/simple/pyyaml/) (requires-python:>=3.6)
2026-03-15T19:49:19,227   Skipping link: none of the wheel's tags (cp38-cp38-musllinux_1_1_x86_64) are compatible (run pip debug --verbose to show compatible tags): https://files.pythonhosted.org/packages/49/82/044081b80fa8ac48b65d38dd9d7431b7e72a3ffe18828834ecc6bb7d07b1/PyYAML-6.0.2rc1-cp38-cp38-musllinux_1_1_x86_64.whl (from https://pypi.org/simple/pyyaml/) (requires-python:>=3.6)
2026-03-15T19:49:19,227   Skipping link: none of the wheel's tags (cp38-cp38-win32) are compatible (run pip debug --verbose to show compatible tags): https://files.pythonhosted.org/packages/5b/30/889a02006ad1397c5fc99cf0cea7d2be9f31a50002784a16fb1d890f14e6/PyYAML-6.0.2rc1-cp38-cp38-win32.whl (from https://pypi.org/simple/pyyaml/) (requires-python:>=3.6)
2026-03-15T19:49:19,228   Skipping link: none of the wheel's tags (cp38-cp38-win_amd64) are compatible (run pip debug --verbose to show compatible tags): https://files.pythonhosted.org/packages/09/a7/2a78b48293b8c0f9fb26b9526fefe4bae41fe473e2a1a687aaf36bfcbcac/PyYAML-6.0.2rc1-cp38-cp38-win_amd64.whl (from https://pypi.org/simple/pyyaml/) (requires-python:>=3.6)
2026-03-15T19:49:19,228   Skipping link: none of the wheel's tags (cp39-cp39-macosx_10_9_x86_64) are compatible (run pip debug --verbose to show compatible tags): https://files.pythonhosted.org/packages/62/cb/e619969950f8861303283b8dcf643adfb1ba89909d3d7ed270bd872a57ec/PyYAML-6.0.2rc1-cp39-cp39-macosx_10_9_x86_64.whl (from https://pypi.org/simple/pyyaml/) (requires-python:>=3.6)
2026-03-15T19:49:19,228   Skipping link: none of the wheel's tags (cp39-cp39-macosx_11_0_arm64) are compatible (run pip debug --verbose to show compatible tags): https://files.pythonhosted.org/packages/88/c9/8ffe8b565b574dade933b6963896ccf1d930f0a30901b73c432619a26bf9/PyYAML-6.0.2rc1-cp39-cp39-macosx_11_0_arm64.whl (from https://pypi.org/simple/pyyaml/) (requires-python:>=3.6)
2026-03-15T19:49:19,228   Skipping link: none of the wheel's tags (cp39-cp39-manylinux2014_aarch64, cp39-cp39-manylinux_2_17_aarch64) are compatible (run pip debug --verbose to show compatible tags): https://files.pythonhosted.org/packages/84/d3/4ec88acac0c0db2b4bb8a99b31024fb3bdc2d287fc0d2820002d8574c756/PyYAML-6.0.2rc1-cp39-cp39-manylinux_2_17_aarch64.manylinux2014_aarch64.whl (from https://pypi.org/simple/pyyaml/) (requires-python:>=3.6)
2026-03-15T19:49:19,228   Skipping link: none of the wheel's tags (cp39-cp39-manylinux2014_s390x, cp39-cp39-manylinux_2_17_s390x) are compatible (run pip debug --verbose to show compatible tags): https://files.pythonhosted.org/packages/8b/a3/8de5a1ec4f210f7bdaf8ee851ff7d3da5dd7db9beaa74ea77d37e9f283a4/PyYAML-6.0.2rc1-cp39-cp39-manylinux_2_17_s390x.manylinux2014_s390x.whl (from https://pypi.org/simple/pyyaml/) (requires-python:>=3.6)
2026-03-15T19:49:19,228   Skipping link: none of the wheel's tags (cp39-cp39-manylinux2014_x86_64, cp39-cp39-manylinux_2_17_x86_64) are compatible (run pip debug --verbose to show compatible tags): https://files.pythonhosted.org/packages/54/fd/ec806e63d45d2eb8dba05f003115c21d37f48d44abf5b9a81184527e9444/PyYAML-6.0.2rc1-cp39-cp39-manylinux_2_17_x86_64.manylinux2014_x86_64.whl (from https://pypi.org/simple/pyyaml/) (requires-python:>=3.6)
2026-03-15T19:49:19,228   Skipping link: none of the wheel's tags (cp39-cp39-musllinux_1_1_aarch64) are compatible (run pip debug --verbose to show compatible tags): https://files.pythonhosted.org/packages/26/7d/b72ded71547e040c341e7ef87d471bbfaa7f45ee2028b036a62aa7f5a5e1/PyYAML-6.0.2rc1-cp39-cp39-musllinux_1_1_aarch64.whl (from https://pypi.org/simple/pyyaml/) (requires-python:>=3.6)
2026-03-15T19:49:19,228   Skipping link: none of the wheel's tags (cp39-cp39-musllinux_1_1_x86_64) are compatible (run pip debug --verbose to show compatible tags): https://files.pythonhosted.org/packages/11/4c/15d67bfd7e3813c4dd36cdba43aeeda3efc26a02b7c8cf20652473841b34/PyYAML-6.0.2rc1-cp39-cp39-musllinux_1_1_x86_64.whl (from https://pypi.org/simple/pyyaml/) (requires-python:>=3.6)
2026-03-15T19:49:19,228   Skipping link: none of the wheel's tags (cp39-cp39-win32) are compatible (run pip debug --verbose to show compatible tags): https://files.pythonhosted.org/packages/cc/2f/68264065b030e35de96183fcb7185a53bba96cfb3e6f8441b852d396a905/PyYAML-6.0.2rc1-cp39-cp39-win32.whl (from https://pypi.org/simple/pyyaml/) (requires-python:>=3.6)
2026-03-15T19:49:19,228   Skipping link: none of the wheel's tags (cp39-cp39-win_amd64) are compatible (run pip debug --verbose to show compatible tags): https://files.pythonhosted.org/packages/4a/53/443a833e620b7a120f0fa30280258e6a7a6ae8c94e46a65b9fd467fd57f4/PyYAML-6.0.2rc1-cp39-cp39-win_amd64.whl (from https://pypi.org/simple/pyyaml/) (requires-python:>=3.6)
2026-03-15T19:49:19,228   Found link https://files.pythonhosted.org/packages/ff/08/b6768d9f2da231c1396490e91471ffebb12b299a65cb369c27ec0e2a50c6/pyyaml-6.0.2rc1.tar.gz (from https://pypi.org/simple/pyyaml/) (requires-python:>=3.6), version: 6.0.2rc1
2026-03-15T19:49:19,228   Skipping link: none of the wheel's tags (cp310-cp310-macosx_10_9_x86_64) are compatible (run pip debug --verbose to show compatible tags): https://files.pythonhosted.org/packages/9b/95/a3fac87cb7158e231b5a6012e438c647e1a87f09f8e0d123acec8ab8bf71/PyYAML-6.0.2-cp310-cp310-macosx_10_9_x86_64.whl (from https://pypi.org/simple/pyyaml/) (requires-python:>=3.8)
2026-03-15T19:49:19,228   Skipping link: none of the wheel's tags (cp310-cp310-macosx_11_0_arm64) are compatible (run pip debug --verbose to show compatible tags): https://files.pythonhosted.org/packages/c7/7a/68bd47624dab8fd4afbfd3c48e3b79efe09098ae941de5b58abcbadff5cb/PyYAML-6.0.2-cp310-cp310-macosx_11_0_arm64.whl (from https://pypi.org/simple/pyyaml/) (requires-python:>=3.8)
2026-03-15T19:49:19,228   Skipping link: none of the wheel's tags (cp310-cp310-manylinux2014_aarch64, cp310-cp310-manylinux_2_17_aarch64) are compatible (run pip debug --verbose to show compatible tags): https://files.pythonhosted.org/packages/49/ee/14c54df452143b9ee9f0f29074d7ca5516a36edb0b4cc40c3f280131656f/PyYAML-6.0.2-cp310-cp310-manylinux_2_17_aarch64.manylinux2014_aarch64.whl (from https://pypi.org/simple/pyyaml/) (requires-python:>=3.8)
2026-03-15T19:49:19,228   Skipping link: none of the wheel's tags (cp310-cp310-manylinux2014_s390x, cp310-cp310-manylinux_2_17_s390x) are compatible (run pip debug --verbose to show compatible tags): https://files.pythonhosted.org/packages/4d/61/de363a97476e766574650d742205be468921a7b532aa2499fcd886b62530/PyYAML-6.0.2-cp310-cp310-manylinux_2_17_s390x.manylinux2014_s390x.whl (from https://pypi.org/simple/pyyaml/) (requires-python:>=3.8)
2026-03-15T19:49:19,229   Skipping link: none of the wheel's tags (cp310-cp310-manylinux2014_x86_64, cp310-cp310-manylinux_2_17_x86_64) are compatible (run pip debug --verbose to show compatible tags): https://files.pythonhosted.org/packages/6b/4e/1523cb902fd98355e2e9ea5e5eb237cbc5f3ad5f3075fa65087aa0ecb669/PyYAML-6.0.2-cp310-cp310-manylinux_2_17_x86_64.manylinux2014_x86_64.whl (from https://pypi.org/simple/pyyaml/) (requires-python:>=3.8)
2026-03-15T19:49:19,229   Skipping link: none of the wheel's tags (cp310-cp310-musllinux_1_1_aarch64) are compatible (run pip debug --verbose to show compatible tags): https://files.pythonhosted.org/packages/b7/33/5504b3a9a4464893c32f118a9cc045190a91637b119a9c881da1cf6b7a72/PyYAML-6.0.2-cp310-cp310-musllinux_1_1_aarch64.whl (from https://pypi.org/simple/pyyaml/) (requires-python:>=3.8)
2026-03-15T19:49:19,229   Skipping link: none of the wheel's tags (cp310-cp310-musllinux_1_1_x86_64) are compatible (run pip debug --verbose to show compatible tags): https://files.pythonhosted.org/packages/5c/20/8347dcabd41ef3a3cdc4f7b7a2aff3d06598c8779faa189cdbf878b626a4/PyYAML-6.0.2-cp310-cp310-musllinux_1_1_x86_64.whl (from https://pypi.org/simple/pyyaml/) (requires-python:>=3.8)
2026-03-15T19:49:19,229   Skipping link: none of the wheel's tags (cp310-cp310-win32) are compatible (run pip debug --verbose to show compatible tags): https://files.pythonhosted.org/packages/be/aa/5afe99233fb360d0ff37377145a949ae258aaab831bde4792b32650a4378/PyYAML-6.0.2-cp310-cp310-win32.whl (from https://pypi.org/simple/pyyaml/) (requires-python:>=3.8)
2026-03-15T19:49:19,229   Skipping link: none of the wheel's tags (cp310-cp310-win_amd64) are compatible (run pip debug --verbose to show compatible tags): https://files.pythonhosted.org/packages/b5/84/0fa4b06f6d6c958d207620fc60005e241ecedceee58931bb20138e1e5776/PyYAML-6.0.2-cp310-cp310-win_amd64.whl (from https://pypi.org/simple/pyyaml/) (requires-python:>=3.8)
2026-03-15T19:49:19,229   Skipping link: none of the wheel's tags (cp311-cp311-macosx_10_9_x86_64) are compatible (run pip debug --verbose to show compatible tags): https://files.pythonhosted.org/packages/f8/aa/7af4e81f7acba21a4c6be026da38fd2b872ca46226673c89a758ebdc4fd2/PyYAML-6.0.2-cp311-cp311-macosx_10_9_x86_64.whl (from https://pypi.org/simple/pyyaml/) (requires-python:>=3.8)
2026-03-15T19:49:19,229   Skipping link: none of the wheel's tags (cp311-cp311-macosx_11_0_arm64) are compatible (run pip debug --verbose to show compatible tags): https://files.pythonhosted.org/packages/8b/62/b9faa998fd185f65c1371643678e4d58254add437edb764a08c5a98fb986/PyYAML-6.0.2-cp311-cp311-macosx_11_0_arm64.whl (from https://pypi.org/simple/pyyaml/) (requires-python:>=3.8)
2026-03-15T19:49:19,229   Skipping link: none of the wheel's tags (cp311-cp311-manylinux2014_aarch64, cp311-cp311-manylinux_2_17_aarch64) are compatible (run pip debug --verbose to show compatible tags): https://files.pythonhosted.org/packages/ad/0c/c804f5f922a9a6563bab712d8dcc70251e8af811fce4524d57c2c0fd49a4/PyYAML-6.0.2-cp311-cp311-manylinux_2_17_aarch64.manylinux2014_aarch64.whl (from https://pypi.org/simple/pyyaml/) (requires-python:>=3.8)
2026-03-15T19:49:19,229   Skipping link: none of the wheel's tags (cp311-cp311-manylinux2014_s390x, cp311-cp311-manylinux_2_17_s390x) are compatible (run pip debug --verbose to show compatible tags): https://files.pythonhosted.org/packages/51/16/6af8d6a6b210c8e54f1406a6b9481febf9c64a3109c541567e35a49aa2e7/PyYAML-6.0.2-cp311-cp311-manylinux_2_17_s390x.manylinux2014_s390x.whl (from https://pypi.org/simple/pyyaml/) (requires-python:>=3.8)
2026-03-15T19:49:19,229   Skipping link: none of the wheel's tags (cp311-cp311-manylinux2014_x86_64, cp311-cp311-manylinux_2_17_x86_64) are compatible (run pip debug --verbose to show compatible tags): https://files.pythonhosted.org/packages/75/e4/2c27590dfc9992f73aabbeb9241ae20220bd9452df27483b6e56d3975cc5/PyYAML-6.0.2-cp311-cp311-manylinux_2_17_x86_64.manylinux2014_x86_64.whl (from https://pypi.org/simple/pyyaml/) (requires-python:>=3.8)
2026-03-15T19:49:19,229   Skipping link: none of the wheel's tags (cp311-cp311-musllinux_1_1_aarch64) are compatible (run pip debug --verbose to show compatible tags): https://files.pythonhosted.org/packages/9b/97/ecc1abf4a823f5ac61941a9c00fe501b02ac3ab0e373c3857f7d4b83e2b6/PyYAML-6.0.2-cp311-cp311-musllinux_1_1_aarch64.whl (from https://pypi.org/simple/pyyaml/) (requires-python:>=3.8)
2026-03-15T19:49:19,229   Skipping link: none of the wheel's tags (cp311-cp311-musllinux_1_1_x86_64) are compatible (run pip debug --verbose to show compatible tags): https://files.pythonhosted.org/packages/45/73/0f49dacd6e82c9430e46f4a027baa4ca205e8b0a9dce1397f44edc23559d/PyYAML-6.0.2-cp311-cp311-musllinux_1_1_x86_64.whl (from https://pypi.org/simple/pyyaml/) (requires-python:>=3.8)
2026-03-15T19:49:19,229   Skipping link: none of the wheel's tags (cp311-cp311-win32) are compatible (run pip debug --verbose to show compatible tags): https://files.pythonhosted.org/packages/22/5f/956f0f9fc65223a58fbc14459bf34b4cc48dec52e00535c79b8db361aabd/PyYAML-6.0.2-cp311-cp311-win32.whl (from https://pypi.org/simple/pyyaml/) (requires-python:>=3.8)
2026-03-15T19:49:19,229   Skipping link: none of the wheel's tags (cp311-cp311-win_amd64) are compatible (run pip debug --verbose to show compatible tags): https://files.pythonhosted.org/packages/ed/23/8da0bbe2ab9dcdd11f4f4557ccaf95c10b9811b13ecced089d43ce59c3c8/PyYAML-6.0.2-cp311-cp311-win_amd64.whl (from https://pypi.org/simple/pyyaml/) (requires-python:>=3.8)
2026-03-15T19:49:19,229   Skipping link: none of the wheel's tags (cp312-cp312-macosx_10_9_x86_64) are compatible (run pip debug --verbose to show compatible tags): https://files.pythonhosted.org/packages/86/0c/c581167fc46d6d6d7ddcfb8c843a4de25bdd27e4466938109ca68492292c/PyYAML-6.0.2-cp312-cp312-macosx_10_9_x86_64.whl (from https://pypi.org/simple/pyyaml/) (requires-python:>=3.8)
2026-03-15T19:49:19,229   Skipping link: none of the wheel's tags (cp312-cp312-macosx_11_0_arm64) are compatible (run pip debug --verbose to show compatible tags): https://files.pythonhosted.org/packages/a8/0c/38374f5bb272c051e2a69281d71cba6fdb983413e6758b84482905e29a5d/PyYAML-6.0.2-cp312-cp312-macosx_11_0_arm64.whl (from https://pypi.org/simple/pyyaml/) (requires-python:>=3.8)
2026-03-15T19:49:19,229   Skipping link: none of the wheel's tags (cp312-cp312-manylinux2014_aarch64, cp312-cp312-manylinux_2_17_aarch64) are compatible (run pip debug --verbose to show compatible tags): https://files.pythonhosted.org/packages/c3/93/9916574aa8c00aa06bbac729972eb1071d002b8e158bd0e83a3b9a20a1f7/PyYAML-6.0.2-cp312-cp312-manylinux_2_17_aarch64.manylinux2014_aarch64.whl (from https://pypi.org/simple/pyyaml/) (requires-python:>=3.8)
2026-03-15T19:49:19,229   Skipping link: none of the wheel's tags (cp312-cp312-manylinux2014_s390x, cp312-cp312-manylinux_2_17_s390x) are compatible (run pip debug --verbose to show compatible tags): https://files.pythonhosted.org/packages/95/0f/b8938f1cbd09739c6da569d172531567dbcc9789e0029aa070856f123984/PyYAML-6.0.2-cp312-cp312-manylinux_2_17_s390x.manylinux2014_s390x.whl (from https://pypi.org/simple/pyyaml/) (requires-python:>=3.8)
2026-03-15T19:49:19,230   Found link https://files.pythonhosted.org/packages/b9/2b/614b4752f2e127db5cc206abc23a8c19678e92b23c3db30fc86ab731d3bd/PyYAML-6.0.2-cp312-cp312-manylinux_2_17_x86_64.manylinux2014_x86_64.whl (from https://pypi.org/simple/pyyaml/) (requires-python:>=3.8), version: 6.0.2
2026-03-15T19:49:19,230   Skipping link: none of the wheel's tags (cp312-cp312-musllinux_1_1_aarch64) are compatible (run pip debug --verbose to show compatible tags): https://files.pythonhosted.org/packages/d4/00/dd137d5bcc7efea1836d6264f049359861cf548469d18da90cd8216cf05f/PyYAML-6.0.2-cp312-cp312-musllinux_1_1_aarch64.whl (from https://pypi.org/simple/pyyaml/) (requires-python:>=3.8)
2026-03-15T19:49:19,230   Skipping link: none of the wheel's tags (cp312-cp312-musllinux_1_1_x86_64) are compatible (run pip debug --verbose to show compatible tags): https://files.pythonhosted.org/packages/c9/1f/4f998c900485e5c0ef43838363ba4a9723ac0ad73a9dc42068b12aaba4e4/PyYAML-6.0.2-cp312-cp312-musllinux_1_1_x86_64.whl (from https://pypi.org/simple/pyyaml/) (requires-python:>=3.8)
2026-03-15T19:49:19,230   Skipping link: none of the wheel's tags (cp312-cp312-win32) are compatible (run pip debug --verbose to show compatible tags): https://files.pythonhosted.org/packages/df/d1/f5a275fdb252768b7a11ec63585bc38d0e87c9e05668a139fea92b80634c/PyYAML-6.0.2-cp312-cp312-win32.whl (from https://pypi.org/simple/pyyaml/) (requires-python:>=3.8)
2026-03-15T19:49:19,230   Skipping link: none of the wheel's tags (cp312-cp312-win_amd64) are compatible (run pip debug --verbose to show compatible tags): https://files.pythonhosted.org/packages/0c/e8/4f648c598b17c3d06e8753d7d13d57542b30d56e6c2dedf9c331ae56312e/PyYAML-6.0.2-cp312-cp312-win_amd64.whl (from https://pypi.org/simple/pyyaml/) (requires-python:>=3.8)
2026-03-15T19:49:19,230   Skipping link: none of the wheel's tags (cp313-cp313-macosx_10_13_x86_64) are compatible (run pip debug --verbose to show compatible tags): https://files.pythonhosted.org/packages/ef/e3/3af305b830494fa85d95f6d95ef7fa73f2ee1cc8ef5b495c7c3269fb835f/PyYAML-6.0.2-cp313-cp313-macosx_10_13_x86_64.whl (from https://pypi.org/simple/pyyaml/) (requires-python:>=3.8)
2026-03-15T19:49:19,230   Skipping link: none of the wheel's tags (cp313-cp313-macosx_11_0_arm64) are compatible (run pip debug --verbose to show compatible tags): https://files.pythonhosted.org/packages/45/9f/3b1c20a0b7a3200524eb0076cc027a970d320bd3a6592873c85c92a08731/PyYAML-6.0.2-cp313-cp313-macosx_11_0_arm64.whl (from https://pypi.org/simple/pyyaml/) (requires-python:>=3.8)
2026-03-15T19:49:19,230   Skipping link: none of the wheel's tags (cp313-cp313-manylinux2014_aarch64, cp313-cp313-manylinux_2_17_aarch64) are compatible (run pip debug --verbose to show compatible tags): https://files.pythonhosted.org/packages/7c/9a/337322f27005c33bcb656c655fa78325b730324c78620e8328ae28b64d0c/PyYAML-6.0.2-cp313-cp313-manylinux_2_17_aarch64.manylinux2014_aarch64.whl (from https://pypi.org/simple/pyyaml/) (requires-python:>=3.8)
2026-03-15T19:49:19,230   Skipping link: none of the wheel's tags (cp313-cp313-manylinux2014_s390x, cp313-cp313-manylinux_2_17_s390x) are compatible (run pip debug --verbose to show compatible tags): https://files.pythonhosted.org/packages/a3/69/864fbe19e6c18ea3cc196cbe5d392175b4cf3d5d0ac1403ec3f2d237ebb5/PyYAML-6.0.2-cp313-cp313-manylinux_2_17_s390x.manylinux2014_s390x.whl (from https://pypi.org/simple/pyyaml/) (requires-python:>=3.8)
2026-03-15T19:49:19,230   Skipping link: none of the wheel's tags (cp313-cp313-manylinux2014_x86_64, cp313-cp313-manylinux_2_17_x86_64) are compatible (run pip debug --verbose to show compatible tags): https://files.pythonhosted.org/packages/04/24/b7721e4845c2f162d26f50521b825fb061bc0a5afcf9a386840f23ea19fa/PyYAML-6.0.2-cp313-cp313-manylinux_2_17_x86_64.manylinux2014_x86_64.whl (from https://pypi.org/simple/pyyaml/) (requires-python:>=3.8)
2026-03-15T19:49:19,230   Skipping link: none of the wheel's tags (cp313-cp313-musllinux_1_1_aarch64) are compatible (run pip debug --verbose to show compatible tags): https://files.pythonhosted.org/packages/2b/b2/e3234f59ba06559c6ff63c4e10baea10e5e7df868092bf9ab40e5b9c56b6/PyYAML-6.0.2-cp313-cp313-musllinux_1_1_aarch64.whl (from https://pypi.org/simple/pyyaml/) (requires-python:>=3.8)
2026-03-15T19:49:19,230   Skipping link: none of the wheel's tags (cp313-cp313-musllinux_1_1_x86_64) are compatible (run pip debug --verbose to show compatible tags): https://files.pythonhosted.org/packages/fe/0f/25911a9f080464c59fab9027482f822b86bf0608957a5fcc6eaac85aa515/PyYAML-6.0.2-cp313-cp313-musllinux_1_1_x86_64.whl (from https://pypi.org/simple/pyyaml/) (requires-python:>=3.8)
2026-03-15T19:49:19,230   Skipping link: none of the wheel's tags (cp313-cp313-win32) are compatible (run pip debug --verbose to show compatible tags): https://files.pythonhosted.org/packages/14/0d/e2c3b43bbce3cf6bd97c840b46088a3031085179e596d4929729d8d68270/PyYAML-6.0.2-cp313-cp313-win32.whl (from https://pypi.org/simple/pyyaml/) (requires-python:>=3.8)
2026-03-15T19:49:19,230   Skipping link: none of the wheel's tags (cp313-cp313-win_amd64) are compatible (run pip debug --verbose to show compatible tags): https://files.pythonhosted.org/packages/fa/de/02b54f42487e3d3c6efb3f89428677074ca7bf43aae402517bc7cca949f3/PyYAML-6.0.2-cp313-cp313-win_amd64.whl (from https://pypi.org/simple/pyyaml/) (requires-python:>=3.8)
2026-03-15T19:49:19,230   Skipping link: none of the wheel's tags (cp38-cp38-macosx_10_9_x86_64) are compatible (run pip debug --verbose to show compatible tags): https://files.pythonhosted.org/packages/74/d9/323a59d506f12f498c2097488d80d16f4cf965cee1791eab58b56b19f47a/PyYAML-6.0.2-cp38-cp38-macosx_10_9_x86_64.whl (from https://pypi.org/simple/pyyaml/) (requires-python:>=3.8)
2026-03-15T19:49:19,230   Skipping link: none of the wheel's tags (cp38-cp38-manylinux2014_aarch64, cp38-cp38-manylinux_2_17_aarch64) are compatible (run pip debug --verbose to show compatible tags): https://files.pythonhosted.org/packages/74/cc/20c34d00f04d785f2028737e2e2a8254e1425102e730fee1d6396f832577/PyYAML-6.0.2-cp38-cp38-manylinux_2_17_aarch64.manylinux2014_aarch64.whl (from https://pypi.org/simple/pyyaml/) (requires-python:>=3.8)
2026-03-15T19:49:19,230   Skipping link: none of the wheel's tags (cp38-cp38-manylinux2014_s390x, cp38-cp38-manylinux_2_17_s390x) are compatible (run pip debug --verbose to show compatible tags): https://files.pythonhosted.org/packages/20/52/551c69ca1501d21c0de51ddafa8c23a0191ef296ff098e98358f69080577/PyYAML-6.0.2-cp38-cp38-manylinux_2_17_s390x.manylinux2014_s390x.whl (from https://pypi.org/simple/pyyaml/) (requires-python:>=3.8)
2026-03-15T19:49:19,231   Skipping link: none of the wheel's tags (cp38-cp38-manylinux2014_x86_64, cp38-cp38-manylinux_2_17_x86_64) are compatible (run pip debug --verbose to show compatible tags): https://files.pythonhosted.org/packages/fd/7f/2c3697bba5d4aa5cc2afe81826d73dfae5f049458e44732c7a0938baa673/PyYAML-6.0.2-cp38-cp38-manylinux_2_17_x86_64.manylinux2014_x86_64.whl (from https://pypi.org/simple/pyyaml/) (requires-python:>=3.8)
2026-03-15T19:49:19,231   Skipping link: none of the wheel's tags (cp38-cp38-musllinux_1_1_x86_64) are compatible (run pip debug --verbose to show compatible tags): https://files.pythonhosted.org/packages/8c/ab/6226d3df99900e580091bb44258fde77a8433511a86883bd4681ea19a858/PyYAML-6.0.2-cp38-cp38-musllinux_1_1_x86_64.whl (from https://pypi.org/simple/pyyaml/) (requires-python:>=3.8)
2026-03-15T19:49:19,231   Skipping link: none of the wheel's tags (cp38-cp38-win32) are compatible (run pip debug --verbose to show compatible tags): https://files.pythonhosted.org/packages/a0/99/a9eb0f3e710c06c5d922026f6736e920d431812ace24aae38228d0d64b04/PyYAML-6.0.2-cp38-cp38-win32.whl (from https://pypi.org/simple/pyyaml/) (requires-python:>=3.8)
2026-03-15T19:49:19,231   Skipping link: none of the wheel's tags (cp38-cp38-win_amd64) are compatible (run pip debug --verbose to show compatible tags): https://files.pythonhosted.org/packages/75/8a/ee831ad5fafa4431099aa4e078d4c8efd43cd5e48fbc774641d233b683a9/PyYAML-6.0.2-cp38-cp38-win_amd64.whl (from https://pypi.org/simple/pyyaml/) (requires-python:>=3.8)
2026-03-15T19:49:19,231   Skipping link: none of the wheel's tags (cp39-cp39-macosx_10_9_x86_64) are compatible (run pip debug --verbose to show compatible tags): https://files.pythonhosted.org/packages/65/d8/b7a1db13636d7fb7d4ff431593c510c8b8fca920ade06ca8ef20015493c5/PyYAML-6.0.2-cp39-cp39-macosx_10_9_x86_64.whl (from https://pypi.org/simple/pyyaml/) (requires-python:>=3.8)
2026-03-15T19:49:19,231   Skipping link: none of the wheel's tags (cp39-cp39-macosx_11_0_arm64) are compatible (run pip debug --verbose to show compatible tags): https://files.pythonhosted.org/packages/0a/02/6ec546cd45143fdf9840b2c6be8d875116a64076218b61d68e12548e5839/PyYAML-6.0.2-cp39-cp39-macosx_11_0_arm64.whl (from https://pypi.org/simple/pyyaml/) (requires-python:>=3.8)
2026-03-15T19:49:19,231   Skipping link: none of the wheel's tags (cp39-cp39-manylinux2014_aarch64, cp39-cp39-manylinux_2_17_aarch64) are compatible (run pip debug --verbose to show compatible tags): https://files.pythonhosted.org/packages/0e/9a/8cc68be846c972bda34f6c2a93abb644fb2476f4dcc924d52175786932c9/PyYAML-6.0.2-cp39-cp39-manylinux_2_17_aarch64.manylinux2014_aarch64.whl (from https://pypi.org/simple/pyyaml/) (requires-python:>=3.8)
2026-03-15T19:49:19,231   Skipping link: none of the wheel's tags (cp39-cp39-manylinux2014_s390x, cp39-cp39-manylinux_2_17_s390x) are compatible (run pip debug --verbose to show compatible tags): https://files.pythonhosted.org/packages/e9/6c/6e1b7f40181bc4805e2e07f4abc10a88ce4648e7e95ff1abe4ae4014a9b2/PyYAML-6.0.2-cp39-cp39-manylinux_2_17_s390x.manylinux2014_s390x.whl (from https://pypi.org/simple/pyyaml/) (requires-python:>=3.8)
2026-03-15T19:49:19,231   Skipping link: none of the wheel's tags (cp39-cp39-manylinux2014_x86_64, cp39-cp39-manylinux_2_17_x86_64) are compatible (run pip debug --verbose to show compatible tags): https://files.pythonhosted.org/packages/3d/32/e7bd8535d22ea2874cef6a81021ba019474ace0d13a4819c2a4bce79bd6a/PyYAML-6.0.2-cp39-cp39-manylinux_2_17_x86_64.manylinux2014_x86_64.whl (from https://pypi.org/simple/pyyaml/) (requires-python:>=3.8)
2026-03-15T19:49:19,231   Skipping link: none of the wheel's tags (cp39-cp39-musllinux_1_1_aarch64) are compatible (run pip debug --verbose to show compatible tags): https://files.pythonhosted.org/packages/d7/12/7322c1e30b9be969670b672573d45479edef72c9a0deac3bb2868f5d7469/PyYAML-6.0.2-cp39-cp39-musllinux_1_1_aarch64.whl (from https://pypi.org/simple/pyyaml/) (requires-python:>=3.8)
2026-03-15T19:49:19,231   Skipping link: none of the wheel's tags (cp39-cp39-musllinux_1_1_x86_64) are compatible (run pip debug --verbose to show compatible tags): https://files.pythonhosted.org/packages/82/72/04fcad41ca56491995076630c3ec1e834be241664c0c09a64c9a2589b507/PyYAML-6.0.2-cp39-cp39-musllinux_1_1_x86_64.whl (from https://pypi.org/simple/pyyaml/) (requires-python:>=3.8)
2026-03-15T19:49:19,231   Skipping link: none of the wheel's tags (cp39-cp39-win32) are compatible (run pip debug --verbose to show compatible tags): https://files.pythonhosted.org/packages/ed/5e/46168b1f2757f1fcd442bc3029cd8767d88a98c9c05770d8b420948743bb/PyYAML-6.0.2-cp39-cp39-win32.whl (from https://pypi.org/simple/pyyaml/) (requires-python:>=3.8)
2026-03-15T19:49:19,231   Skipping link: none of the wheel's tags (cp39-cp39-win_amd64) are compatible (run pip debug --verbose to show compatible tags): https://files.pythonhosted.org/packages/19/87/5124b1c1f2412bb95c59ec481eaf936cd32f0fe2a7b16b97b81c4c017a6a/PyYAML-6.0.2-cp39-cp39-win_amd64.whl (from https://pypi.org/simple/pyyaml/) (requires-python:>=3.8)
2026-03-15T19:49:19,231   Found link https://files.pythonhosted.org/packages/54/ed/79a089b6be93607fa5cdaedf301d7dfb23af5f25c398d5ead2525b063e17/pyyaml-6.0.2.tar.gz (from https://pypi.org/simple/pyyaml/) (requires-python:>=3.8), version: 6.0.2
2026-03-15T19:49:19,231   Skipping link: none of the wheel's tags (cp38-cp38-macosx_10_13_x86_64) are compatible (run pip debug --verbose to show compatible tags): https://files.pythonhosted.org/packages/0d/a2/09f67a3589cb4320fb5ce90d3fd4c9752636b8b6ad8f34b54d76c5a54693/PyYAML-6.0.3-cp38-cp38-macosx_10_13_x86_64.whl (from https://pypi.org/simple/pyyaml/) (requires-python:>=3.8)
2026-03-15T19:49:19,231   Skipping link: none of the wheel's tags (cp38-cp38-manylinux2014_aarch64, cp38-cp38-manylinux_2_17_aarch64, cp38-cp38-manylinux_2_28_aarch64) are compatible (run pip debug --verbose to show compatible tags): https://files.pythonhosted.org/packages/02/72/d972384252432d57f248767556ac083793292a4adf4e2d85dfe785ec2659/PyYAML-6.0.3-cp38-cp38-manylinux2014_aarch64.manylinux_2_17_aarch64.manylinux_2_28_aarch64.whl (from https://pypi.org/simple/pyyaml/) (requires-python:>=3.8)
2026-03-15T19:49:19,231   Skipping link: none of the wheel's tags (cp38-cp38-manylinux2014_s390x, cp38-cp38-manylinux_2_17_s390x, cp38-cp38-manylinux_2_28_s390x) are compatible (run pip debug --verbose to show compatible tags): https://files.pythonhosted.org/packages/a7/3b/6c58ac0fa7c4e1b35e48024eb03d00817438310447f93ef4431673c24138/PyYAML-6.0.3-cp38-cp38-manylinux2014_s390x.manylinux_2_17_s390x.manylinux_2_28_s390x.whl (from https://pypi.org/simple/pyyaml/) (requires-python:>=3.8)
2026-03-15T19:49:19,231   Skipping link: none of the wheel's tags (cp38-cp38-manylinux2014_x86_64, cp38-cp38-manylinux_2_17_x86_64, cp38-cp38-manylinux_2_28_x86_64) are compatible (run pip debug --verbose to show compatible tags): https://files.pythonhosted.org/packages/25/a2/b725b61ac76a75583ae7104b3209f75ea44b13cfd026aa535ece22b7f22e/PyYAML-6.0.3-cp38-cp38-manylinux2014_x86_64.manylinux_2_17_x86_64.manylinux_2_28_x86_64.whl (from https://pypi.org/simple/pyyaml/) (requires-python:>=3.8)
2026-03-15T19:49:19,231   Skipping link: none of the wheel's tags (cp38-cp38-musllinux_1_2_x86_64) are compatible (run pip debug --verbose to show compatible tags): https://files.pythonhosted.org/packages/6f/b0/b2227677b2d1036d84f5ee95eb948e7af53d59fe3e4328784e4d290607e0/PyYAML-6.0.3-cp38-cp38-musllinux_1_2_x86_64.whl (from https://pypi.org/simple/pyyaml/) (requires-python:>=3.8)
2026-03-15T19:49:19,232   Skipping link: none of the wheel's tags (cp38-cp38-win32) are compatible (run pip debug --verbose to show compatible tags): https://files.pythonhosted.org/packages/99/a5/718a8ea22521e06ef19f91945766a892c5ceb1855df6adbde67d997ea7ed/PyYAML-6.0.3-cp38-cp38-win32.whl (from https://pypi.org/simple/pyyaml/) (requires-python:>=3.8)
2026-03-15T19:49:19,232   Skipping link: none of the wheel's tags (cp38-cp38-win_amd64) are compatible (run pip debug --verbose to show compatible tags): https://files.pythonhosted.org/packages/76/b2/2b69cee94c9eb215216fc05778675c393e3aa541131dc910df8e52c83776/PyYAML-6.0.3-cp38-cp38-win_amd64.whl (from https://pypi.org/simple/pyyaml/) (requires-python:>=3.8)
2026-03-15T19:49:19,232   Skipping link: none of the wheel's tags (cp310-cp310-macosx_10_13_x86_64) are compatible (run pip debug --verbose to show compatible tags): https://files.pythonhosted.org/packages/f4/a0/39350dd17dd6d6c6507025c0e53aef67a9293a6d37d3511f23ea510d5800/pyyaml-6.0.3-cp310-cp310-macosx_10_13_x86_64.whl (from https://pypi.org/simple/pyyaml/) (requires-python:>=3.8)
2026-03-15T19:49:19,232   Skipping link: none of the wheel's tags (cp310-cp310-macosx_11_0_arm64) are compatible (run pip debug --verbose to show compatible tags): https://files.pythonhosted.org/packages/05/14/52d505b5c59ce73244f59c7a50ecf47093ce4765f116cdb98286a71eeca2/pyyaml-6.0.3-cp310-cp310-macosx_11_0_arm64.whl (from https://pypi.org/simple/pyyaml/) (requires-python:>=3.8)
2026-03-15T19:49:19,232   Skipping link: none of the wheel's tags (cp310-cp310-manylinux2014_aarch64, cp310-cp310-manylinux_2_17_aarch64, cp310-cp310-manylinux_2_28_aarch64) are compatible (run pip debug --verbose to show compatible tags): https://files.pythonhosted.org/packages/43/f7/0e6a5ae5599c838c696adb4e6330a59f463265bfa1e116cfd1fbb0abaaae/pyyaml-6.0.3-cp310-cp310-manylinux2014_aarch64.manylinux_2_17_aarch64.manylinux_2_28_aarch64.whl (from https://pypi.org/simple/pyyaml/) (requires-python:>=3.8)
2026-03-15T19:49:19,232   Skipping link: none of the wheel's tags (cp310-cp310-manylinux2014_s390x, cp310-cp310-manylinux_2_17_s390x, cp310-cp310-manylinux_2_28_s390x) are compatible (run pip debug --verbose to show compatible tags): https://files.pythonhosted.org/packages/2f/3a/61b9db1d28f00f8fd0ae760459a5c4bf1b941baf714e207b6eb0657d2578/pyyaml-6.0.3-cp310-cp310-manylinux2014_s390x.manylinux_2_17_s390x.manylinux_2_28_s390x.whl (from https://pypi.org/simple/pyyaml/) (requires-python:>=3.8)
2026-03-15T19:49:19,232   Skipping link: none of the wheel's tags (cp310-cp310-manylinux2014_x86_64, cp310-cp310-manylinux_2_17_x86_64, cp310-cp310-manylinux_2_28_x86_64) are compatible (run pip debug --verbose to show compatible tags): https://files.pythonhosted.org/packages/7a/1e/7acc4f0e74c4b3d9531e24739e0ab832a5edf40e64fbae1a9c01941cabd7/pyyaml-6.0.3-cp310-cp310-manylinux2014_x86_64.manylinux_2_17_x86_64.manylinux_2_28_x86_64.whl (from https://pypi.org/simple/pyyaml/) (requires-python:>=3.8)
2026-03-15T19:49:19,232   Skipping link: none of the wheel's tags (cp310-cp310-musllinux_1_2_aarch64) are compatible (run pip debug --verbose to show compatible tags): https://files.pythonhosted.org/packages/8b/ef/abd085f06853af0cd59fa5f913d61a8eab65d7639ff2a658d18a25d6a89d/pyyaml-6.0.3-cp310-cp310-musllinux_1_2_aarch64.whl (from https://pypi.org/simple/pyyaml/) (requires-python:>=3.8)
2026-03-15T19:49:19,232   Skipping link: none of the wheel's tags (cp310-cp310-musllinux_1_2_x86_64) are compatible (run pip debug --verbose to show compatible tags): https://files.pythonhosted.org/packages/1f/15/2bc9c8faf6450a8b3c9fc5448ed869c599c0a74ba2669772b1f3a0040180/pyyaml-6.0.3-cp310-cp310-musllinux_1_2_x86_64.whl (from https://pypi.org/simple/pyyaml/) (requires-python:>=3.8)
2026-03-15T19:49:19,232   Skipping link: none of the wheel's tags (cp310-cp310-win32) are compatible (run pip debug --verbose to show compatible tags): https://files.pythonhosted.org/packages/a3/00/531e92e88c00f4333ce359e50c19b8d1de9fe8d581b1534e35ccfbc5f393/pyyaml-6.0.3-cp310-cp310-win32.whl (from https://pypi.org/simple/pyyaml/) (requires-python:>=3.8)
2026-03-15T19:49:19,232   Skipping link: none of the wheel's tags (cp310-cp310-win_amd64) are compatible (run pip debug --verbose to show compatible tags): https://files.pythonhosted.org/packages/2a/fa/926c003379b19fca39dd4634818b00dec6c62d87faf628d1394e137354d4/pyyaml-6.0.3-cp310-cp310-win_amd64.whl (from https://pypi.org/simple/pyyaml/) (requires-python:>=3.8)
2026-03-15T19:49:19,232   Skipping link: none of the wheel's tags (cp311-cp311-macosx_10_13_x86_64) are compatible (run pip debug --verbose to show compatible tags): https://files.pythonhosted.org/packages/6d/16/a95b6757765b7b031c9374925bb718d55e0a9ba8a1b6a12d25962ea44347/pyyaml-6.0.3-cp311-cp311-macosx_10_13_x86_64.whl (from https://pypi.org/simple/pyyaml/) (requires-python:>=3.8)
2026-03-15T19:49:19,232   Skipping link: none of the wheel's tags (cp311-cp311-macosx_11_0_arm64) are compatible (run pip debug --verbose to show compatible tags): https://files.pythonhosted.org/packages/16/19/13de8e4377ed53079ee996e1ab0a9c33ec2faf808a4647b7b4c0d46dd239/pyyaml-6.0.3-cp311-cp311-macosx_11_0_arm64.whl (from https://pypi.org/simple/pyyaml/) (requires-python:>=3.8)
2026-03-15T19:49:19,232   Skipping link: none of the wheel's tags (cp311-cp311-manylinux2014_aarch64, cp311-cp311-manylinux_2_17_aarch64, cp311-cp311-manylinux_2_28_aarch64) are compatible (run pip debug --verbose to show compatible tags): https://files.pythonhosted.org/packages/0c/62/d2eb46264d4b157dae1275b573017abec435397aa59cbcdab6fc978a8af4/pyyaml-6.0.3-cp311-cp311-manylinux2014_aarch64.manylinux_2_17_aarch64.manylinux_2_28_aarch64.whl (from https://pypi.org/simple/pyyaml/) (requires-python:>=3.8)
2026-03-15T19:49:19,232   Skipping link: none of the wheel's tags (cp311-cp311-manylinux2014_s390x, cp311-cp311-manylinux_2_17_s390x, cp311-cp311-manylinux_2_28_s390x) are compatible (run pip debug --verbose to show compatible tags): https://files.pythonhosted.org/packages/10/cb/16c3f2cf3266edd25aaa00d6c4350381c8b012ed6f5276675b9eba8d9ff4/pyyaml-6.0.3-cp311-cp311-manylinux2014_s390x.manylinux_2_17_s390x.manylinux_2_28_s390x.whl (from https://pypi.org/simple/pyyaml/) (requires-python:>=3.8)
2026-03-15T19:49:19,232   Skipping link: none of the wheel's tags (cp311-cp311-manylinux2014_x86_64, cp311-cp311-manylinux_2_17_x86_64, cp311-cp311-manylinux_2_28_x86_64) are compatible (run pip debug --verbose to show compatible tags): https://files.pythonhosted.org/packages/71/60/917329f640924b18ff085ab889a11c763e0b573da888e8404ff486657602/pyyaml-6.0.3-cp311-cp311-manylinux2014_x86_64.manylinux_2_17_x86_64.manylinux_2_28_x86_64.whl (from https://pypi.org/simple/pyyaml/) (requires-python:>=3.8)
2026-03-15T19:49:19,232   Skipping link: none of the wheel's tags (cp311-cp311-musllinux_1_2_aarch64) are compatible (run pip debug --verbose to show compatible tags): https://files.pythonhosted.org/packages/dd/6f/529b0f316a9fd167281a6c3826b5583e6192dba792dd55e3203d3f8e655a/pyyaml-6.0.3-cp311-cp311-musllinux_1_2_aarch64.whl (from https://pypi.org/simple/pyyaml/) (requires-python:>=3.8)
2026-03-15T19:49:19,232   Skipping link: none of the wheel's tags (cp311-cp311-musllinux_1_2_x86_64) are compatible (run pip debug --verbose to show compatible tags): https://files.pythonhosted.org/packages/f2/6a/b627b4e0c1dd03718543519ffb2f1deea4a1e6d42fbab8021936a4d22589/pyyaml-6.0.3-cp311-cp311-musllinux_1_2_x86_64.whl (from https://pypi.org/simple/pyyaml/) (requires-python:>=3.8)
2026-03-15T19:49:19,232   Skipping link: none of the wheel's tags (cp311-cp311-win32) are compatible (run pip debug --verbose to show compatible tags): https://files.pythonhosted.org/packages/45/91/47a6e1c42d9ee337c4839208f30d9f09caa9f720ec7582917b264defc875/pyyaml-6.0.3-cp311-cp311-win32.whl (from https://pypi.org/simple/pyyaml/) (requires-python:>=3.8)
2026-03-15T19:49:19,232   Skipping link: none of the wheel's tags (cp311-cp311-win_amd64) are compatible (run pip debug --verbose to show compatible tags): https://files.pythonhosted.org/packages/da/e3/ea007450a105ae919a72393cb06f122f288ef60bba2dc64b26e2646fa315/pyyaml-6.0.3-cp311-cp311-win_amd64.whl (from https://pypi.org/simple/pyyaml/) (requires-python:>=3.8)
2026-03-15T19:49:19,232   Skipping link: none of the wheel's tags (cp312-cp312-macosx_10_13_x86_64) are compatible (run pip debug --verbose to show compatible tags): https://files.pythonhosted.org/packages/d1/33/422b98d2195232ca1826284a76852ad5a86fe23e31b009c9886b2d0fb8b2/pyyaml-6.0.3-cp312-cp312-macosx_10_13_x86_64.whl (from https://pypi.org/simple/pyyaml/) (requires-python:>=3.8)
2026-03-15T19:49:19,232   Skipping link: none of the wheel's tags (cp312-cp312-macosx_11_0_arm64) are compatible (run pip debug --verbose to show compatible tags): https://files.pythonhosted.org/packages/89/a0/6cf41a19a1f2f3feab0e9c0b74134aa2ce6849093d5517a0c550fe37a648/pyyaml-6.0.3-cp312-cp312-macosx_11_0_arm64.whl (from https://pypi.org/simple/pyyaml/) (requires-python:>=3.8)
2026-03-15T19:49:19,233   Skipping link: none of the wheel's tags (cp312-cp312-manylinux2014_aarch64, cp312-cp312-manylinux_2_17_aarch64, cp312-cp312-manylinux_2_28_aarch64) are compatible (run pip debug --verbose to show compatible tags): https://files.pythonhosted.org/packages/ed/23/7a778b6bd0b9a8039df8b1b1d80e2e2ad78aa04171592c8a5c43a56a6af4/pyyaml-6.0.3-cp312-cp312-manylinux2014_aarch64.manylinux_2_17_aarch64.manylinux_2_28_aarch64.whl (from https://pypi.org/simple/pyyaml/) (requires-python:>=3.8)
2026-03-15T19:49:19,233   Skipping link: none of the wheel's tags (cp312-cp312-manylinux2014_s390x, cp312-cp312-manylinux_2_17_s390x, cp312-cp312-manylinux_2_28_s390x) are compatible (run pip debug --verbose to show compatible tags): https://files.pythonhosted.org/packages/65/30/d7353c338e12baef4ecc1b09e877c1970bd3382789c159b4f89d6a70dc09/pyyaml-6.0.3-cp312-cp312-manylinux2014_s390x.manylinux_2_17_s390x.manylinux_2_28_s390x.whl (from https://pypi.org/simple/pyyaml/) (requires-python:>=3.8)
2026-03-15T19:49:19,233   Found link https://files.pythonhosted.org/packages/8b/9d/b3589d3877982d4f2329302ef98a8026e7f4443c765c46cfecc8858c6b4b/pyyaml-6.0.3-cp312-cp312-manylinux2014_x86_64.manylinux_2_17_x86_64.manylinux_2_28_x86_64.whl (from https://pypi.org/simple/pyyaml/) (requires-python:>=3.8), version: 6.0.3
2026-03-15T19:49:19,233   Skipping link: none of the wheel's tags (cp312-cp312-musllinux_1_2_aarch64) are compatible (run pip debug --verbose to show compatible tags): https://files.pythonhosted.org/packages/05/c0/b3be26a015601b822b97d9149ff8cb5ead58c66f981e04fedf4e762f4bd4/pyyaml-6.0.3-cp312-cp312-musllinux_1_2_aarch64.whl (from https://pypi.org/simple/pyyaml/) (requires-python:>=3.8)
2026-03-15T19:49:19,233   Skipping link: none of the wheel's tags (cp312-cp312-musllinux_1_2_x86_64) are compatible (run pip debug --verbose to show compatible tags): https://files.pythonhosted.org/packages/be/8e/98435a21d1d4b46590d5459a22d88128103f8da4c2d4cb8f14f2a96504e1/pyyaml-6.0.3-cp312-cp312-musllinux_1_2_x86_64.whl (from https://pypi.org/simple/pyyaml/) (requires-python:>=3.8)
2026-03-15T19:49:19,233   Skipping link: none of the wheel's tags (cp312-cp312-win32) are compatible (run pip debug --verbose to show compatible tags): https://files.pythonhosted.org/packages/74/93/7baea19427dcfbe1e5a372d81473250b379f04b1bd3c4c5ff825e2327202/pyyaml-6.0.3-cp312-cp312-win32.whl (from https://pypi.org/simple/pyyaml/) (requires-python:>=3.8)
2026-03-15T19:49:19,233   Skipping link: none of the wheel's tags (cp312-cp312-win_amd64) are compatible (run pip debug --verbose to show compatible tags): https://files.pythonhosted.org/packages/86/bf/899e81e4cce32febab4fb42bb97dcdf66bc135272882d1987881a4b519e9/pyyaml-6.0.3-cp312-cp312-win_amd64.whl (from https://pypi.org/simple/pyyaml/) (requires-python:>=3.8)
2026-03-15T19:49:19,233   Skipping link: none of the wheel's tags (cp312-cp312-win_arm64) are compatible (run pip debug --verbose to show compatible tags): https://files.pythonhosted.org/packages/1a/08/67bd04656199bbb51dbed1439b7f27601dfb576fb864099c7ef0c3e55531/pyyaml-6.0.3-cp312-cp312-win_arm64.whl (from https://pypi.org/simple/pyyaml/) (requires-python:>=3.8)
2026-03-15T19:49:19,233   Skipping link: none of the wheel's tags (cp313-cp313-macosx_10_13_x86_64) are compatible (run pip debug --verbose to show compatible tags): https://files.pythonhosted.org/packages/d1/11/0fd08f8192109f7169db964b5707a2f1e8b745d4e239b784a5a1dd80d1db/pyyaml-6.0.3-cp313-cp313-macosx_10_13_x86_64.whl (from https://pypi.org/simple/pyyaml/) (requires-python:>=3.8)
2026-03-15T19:49:19,233   Skipping link: none of the wheel's tags (cp313-cp313-macosx_11_0_arm64) are compatible (run pip debug --verbose to show compatible tags): https://files.pythonhosted.org/packages/b1/16/95309993f1d3748cd644e02e38b75d50cbc0d9561d21f390a76242ce073f/pyyaml-6.0.3-cp313-cp313-macosx_11_0_arm64.whl (from https://pypi.org/simple/pyyaml/) (requires-python:>=3.8)
2026-03-15T19:49:19,233   Skipping link: none of the wheel's tags (cp313-cp313-manylinux2014_aarch64, cp313-cp313-manylinux_2_17_aarch64, cp313-cp313-manylinux_2_28_aarch64) are compatible (run pip debug --verbose to show compatible tags): https://files.pythonhosted.org/packages/50/31/b20f376d3f810b9b2371e72ef5adb33879b25edb7a6d072cb7ca0c486398/pyyaml-6.0.3-cp313-cp313-manylinux2014_aarch64.manylinux_2_17_aarch64.manylinux_2_28_aarch64.whl (from https://pypi.org/simple/pyyaml/) (requires-python:>=3.8)
2026-03-15T19:49:19,233   Skipping link: none of the wheel's tags (cp313-cp313-manylinux2014_s390x, cp313-cp313-manylinux_2_17_s390x, cp313-cp313-manylinux_2_28_s390x) are compatible (run pip debug --verbose to show compatible tags): https://files.pythonhosted.org/packages/49/1e/a55ca81e949270d5d4432fbbd19dfea5321eda7c41a849d443dc92fd1ff7/pyyaml-6.0.3-cp313-cp313-manylinux2014_s390x.manylinux_2_17_s390x.manylinux_2_28_s390x.whl (from https://pypi.org/simple/pyyaml/) (requires-python:>=3.8)
2026-03-15T19:49:19,233   Skipping link: none of the wheel's tags (cp313-cp313-manylinux2014_x86_64, cp313-cp313-manylinux_2_17_x86_64, cp313-cp313-manylinux_2_28_x86_64) are compatible (run pip debug --verbose to show compatible tags): https://files.pythonhosted.org/packages/74/27/e5b8f34d02d9995b80abcef563ea1f8b56d20134d8f4e5e81733b1feceb2/pyyaml-6.0.3-cp313-cp313-manylinux2014_x86_64.manylinux_2_17_x86_64.manylinux_2_28_x86_64.whl (from https://pypi.org/simple/pyyaml/) (requires-python:>=3.8)
2026-03-15T19:49:19,233   Skipping link: none of the wheel's tags (cp313-cp313-musllinux_1_2_aarch64) are compatible (run pip debug --verbose to show compatible tags): https://files.pythonhosted.org/packages/f9/11/ba845c23988798f40e52ba45f34849aa8a1f2d4af4b798588010792ebad6/pyyaml-6.0.3-cp313-cp313-musllinux_1_2_aarch64.whl (from https://pypi.org/simple/pyyaml/) (requires-python:>=3.8)
2026-03-15T19:49:19,233   Skipping link: none of the wheel's tags (cp313-cp313-musllinux_1_2_x86_64) are compatible (run pip debug --verbose to show compatible tags): https://files.pythonhosted.org/packages/3d/e0/7966e1a7bfc0a45bf0a7fb6b98ea03fc9b8d84fa7f2229e9659680b69ee3/pyyaml-6.0.3-cp313-cp313-musllinux_1_2_x86_64.whl (from https://pypi.org/simple/pyyaml/) (requires-python:>=3.8)
2026-03-15T19:49:19,233   Skipping link: none of the wheel's tags (cp313-cp313-win32) are compatible (run pip debug --verbose to show compatible tags): https://files.pythonhosted.org/packages/de/94/980b50a6531b3019e45ddeada0626d45fa85cbe22300844a7983285bed3b/pyyaml-6.0.3-cp313-cp313-win32.whl (from https://pypi.org/simple/pyyaml/) (requires-python:>=3.8)
2026-03-15T19:49:19,233   Skipping link: none of the wheel's tags (cp313-cp313-win_amd64) are compatible (run pip debug --verbose to show compatible tags): https://files.pythonhosted.org/packages/97/c9/39d5b874e8b28845e4ec2202b5da735d0199dbe5b8fb85f91398814a9a46/pyyaml-6.0.3-cp313-cp313-win_amd64.whl (from https://pypi.org/simple/pyyaml/) (requires-python:>=3.8)
2026-03-15T19:49:19,233   Skipping link: none of the wheel's tags (cp313-cp313-win_arm64) are compatible (run pip debug --verbose to show compatible tags): https://files.pythonhosted.org/packages/73/e8/2bdf3ca2090f68bb3d75b44da7bbc71843b19c9f2b9cb9b0f4ab7a5a4329/pyyaml-6.0.3-cp313-cp313-win_arm64.whl (from https://pypi.org/simple/pyyaml/) (requires-python:>=3.8)
2026-03-15T19:49:19,233   Skipping link: none of the wheel's tags (cp314-cp314-macosx_10_13_x86_64) are compatible (run pip debug --verbose to show compatible tags): https://files.pythonhosted.org/packages/9d/8c/f4bd7f6465179953d3ac9bc44ac1a8a3e6122cf8ada906b4f96c60172d43/pyyaml-6.0.3-cp314-cp314-macosx_10_13_x86_64.whl (from https://pypi.org/simple/pyyaml/) (requires-python:>=3.8)
2026-03-15T19:49:19,234   Skipping link: none of the wheel's tags (cp314-cp314-macosx_11_0_arm64) are compatible (run pip debug --verbose to show compatible tags): https://files.pythonhosted.org/packages/bd/9c/4d95bb87eb2063d20db7b60faa3840c1b18025517ae857371c4dd55a6b3a/pyyaml-6.0.3-cp314-cp314-macosx_11_0_arm64.whl (from https://pypi.org/simple/pyyaml/) (requires-python:>=3.8)
2026-03-15T19:49:19,234   Skipping link: none of the wheel's tags (cp314-cp314-manylinux2014_aarch64, cp314-cp314-manylinux_2_17_aarch64, cp314-cp314-manylinux_2_28_aarch64) are compatible (run pip debug --verbose to show compatible tags): https://files.pythonhosted.org/packages/92/b5/47e807c2623074914e29dabd16cbbdd4bf5e9b2db9f8090fa64411fc5382/pyyaml-6.0.3-cp314-cp314-manylinux2014_aarch64.manylinux_2_17_aarch64.manylinux_2_28_aarch64.whl (from https://pypi.org/simple/pyyaml/) (requires-python:>=3.8)
2026-03-15T19:49:19,234   Skipping link: none of the wheel's tags (cp314-cp314-manylinux2014_s390x, cp314-cp314-manylinux_2_17_s390x, cp314-cp314-manylinux_2_28_s390x) are compatible (run pip debug --verbose to show compatible tags): https://files.pythonhosted.org/packages/02/9e/e5e9b168be58564121efb3de6859c452fccde0ab093d8438905899a3a483/pyyaml-6.0.3-cp314-cp314-manylinux2014_s390x.manylinux_2_17_s390x.manylinux_2_28_s390x.whl (from https://pypi.org/simple/pyyaml/) (requires-python:>=3.8)
2026-03-15T19:49:19,234   Skipping link: none of the wheel's tags (cp314-cp314-manylinux2014_x86_64, cp314-cp314-manylinux_2_17_x86_64, cp314-cp314-manylinux_2_28_x86_64) are compatible (run pip debug --verbose to show compatible tags): https://files.pythonhosted.org/packages/88/f9/16491d7ed2a919954993e48aa941b200f38040928474c9e85ea9e64222c3/pyyaml-6.0.3-cp314-cp314-manylinux2014_x86_64.manylinux_2_17_x86_64.manylinux_2_28_x86_64.whl (from https://pypi.org/simple/pyyaml/) (requires-python:>=3.8)
2026-03-15T19:49:19,234   Skipping link: none of the wheel's tags (cp314-cp314-musllinux_1_2_aarch64) are compatible (run pip debug --verbose to show compatible tags): https://files.pythonhosted.org/packages/dd/3f/5989debef34dc6397317802b527dbbafb2b4760878a53d4166579111411e/pyyaml-6.0.3-cp314-cp314-musllinux_1_2_aarch64.whl (from https://pypi.org/simple/pyyaml/) (requires-python:>=3.8)
2026-03-15T19:49:19,234   Skipping link: none of the wheel's tags (cp314-cp314-musllinux_1_2_x86_64) are compatible (run pip debug --verbose to show compatible tags): https://files.pythonhosted.org/packages/d7/ce/af88a49043cd2e265be63d083fc75b27b6ed062f5f9fd6cdc223ad62f03e/pyyaml-6.0.3-cp314-cp314-musllinux_1_2_x86_64.whl (from https://pypi.org/simple/pyyaml/) (requires-python:>=3.8)
2026-03-15T19:49:19,234   Skipping link: none of the wheel's tags (cp314-cp314-win_amd64) are compatible (run pip debug --verbose to show compatible tags): https://files.pythonhosted.org/packages/23/20/bb6982b26a40bb43951265ba29d4c246ef0ff59c9fdcdf0ed04e0687de4d/pyyaml-6.0.3-cp314-cp314-win_amd64.whl (from https://pypi.org/simple/pyyaml/) (requires-python:>=3.8)
2026-03-15T19:49:19,234   Skipping link: none of the wheel's tags (cp314-cp314-win_arm64) are compatible (run pip debug --verbose to show compatible tags): https://files.pythonhosted.org/packages/f4/f4/a4541072bb9422c8a883ab55255f918fa378ecf083f5b85e87fc2b4eda1b/pyyaml-6.0.3-cp314-cp314-win_arm64.whl (from https://pypi.org/simple/pyyaml/) (requires-python:>=3.8)
2026-03-15T19:49:19,234   Skipping link: none of the wheel's tags (cp314-cp314t-macosx_10_13_x86_64) are compatible (run pip debug --verbose to show compatible tags): https://files.pythonhosted.org/packages/7c/f9/07dd09ae774e4616edf6cda684ee78f97777bdd15847253637a6f052a62f/pyyaml-6.0.3-cp314-cp314t-macosx_10_13_x86_64.whl (from https://pypi.org/simple/pyyaml/) (requires-python:>=3.8)
2026-03-15T19:49:19,234   Skipping link: none of the wheel's tags (cp314-cp314t-macosx_11_0_arm64) are compatible (run pip debug --verbose to show compatible tags): https://files.pythonhosted.org/packages/4e/78/8d08c9fb7ce09ad8c38ad533c1191cf27f7ae1effe5bb9400a46d9437fcf/pyyaml-6.0.3-cp314-cp314t-macosx_11_0_arm64.whl (from https://pypi.org/simple/pyyaml/) (requires-python:>=3.8)
2026-03-15T19:49:19,234   Skipping link: none of the wheel's tags (cp314-cp314t-manylinux2014_aarch64, cp314-cp314t-manylinux_2_17_aarch64, cp314-cp314t-manylinux_2_28_aarch64) are compatible (run pip debug --verbose to show compatible tags): https://files.pythonhosted.org/packages/7b/5b/3babb19104a46945cf816d047db2788bcaf8c94527a805610b0289a01c6b/pyyaml-6.0.3-cp314-cp314t-manylinux2014_aarch64.manylinux_2_17_aarch64.manylinux_2_28_aarch64.whl (from https://pypi.org/simple/pyyaml/) (requires-python:>=3.8)
2026-03-15T19:49:19,234   Skipping link: none of the wheel's tags (cp314-cp314t-manylinux2014_s390x, cp314-cp314t-manylinux_2_17_s390x, cp314-cp314t-manylinux_2_28_s390x) are compatible (run pip debug --verbose to show compatible tags): https://files.pythonhosted.org/packages/8b/cc/dff0684d8dc44da4d22a13f35f073d558c268780ce3c6ba1b87055bb0b87/pyyaml-6.0.3-cp314-cp314t-manylinux2014_s390x.manylinux_2_17_s390x.manylinux_2_28_s390x.whl (from https://pypi.org/simple/pyyaml/) (requires-python:>=3.8)
2026-03-15T19:49:19,234   Skipping link: none of the wheel's tags (cp314-cp314t-manylinux2014_x86_64, cp314-cp314t-manylinux_2_17_x86_64, cp314-cp314t-manylinux_2_28_x86_64) are compatible (run pip debug --verbose to show compatible tags): https://files.pythonhosted.org/packages/b1/5e/f77dc6b9036943e285ba76b49e118d9ea929885becb0a29ba8a7c75e29fe/pyyaml-6.0.3-cp314-cp314t-manylinux2014_x86_64.manylinux_2_17_x86_64.manylinux_2_28_x86_64.whl (from https://pypi.org/simple/pyyaml/) (requires-python:>=3.8)
2026-03-15T19:49:19,234   Skipping link: none of the wheel's tags (cp314-cp314t-musllinux_1_2_aarch64) are compatible (run pip debug --verbose to show compatible tags): https://files.pythonhosted.org/packages/ce/88/a9db1376aa2a228197c58b37302f284b5617f56a5d959fd1763fb1675ce6/pyyaml-6.0.3-cp314-cp314t-musllinux_1_2_aarch64.whl (from https://pypi.org/simple/pyyaml/) (requires-python:>=3.8)
2026-03-15T19:49:19,234   Skipping link: none of the wheel's tags (cp314-cp314t-musllinux_1_2_x86_64) are compatible (run pip debug --verbose to show compatible tags): https://files.pythonhosted.org/packages/da/92/1446574745d74df0c92e6aa4a7b0b3130706a4142b2d1a5869f2eaa423c6/pyyaml-6.0.3-cp314-cp314t-musllinux_1_2_x86_64.whl (from https://pypi.org/simple/pyyaml/) (requires-python:>=3.8)
2026-03-15T19:49:19,234   Skipping link: none of the wheel's tags (cp314-cp314t-win_amd64) are compatible (run pip debug --verbose to show compatible tags): https://files.pythonhosted.org/packages/f0/7a/1c7270340330e575b92f397352af856a8c06f230aa3e76f86b39d01b416a/pyyaml-6.0.3-cp314-cp314t-win_amd64.whl (from https://pypi.org/simple/pyyaml/) (requires-python:>=3.8)
2026-03-15T19:49:19,234   Skipping link: none of the wheel's tags (cp314-cp314t-win_arm64) are compatible (run pip debug --verbose to show compatible tags): https://files.pythonhosted.org/packages/f1/12/de94a39c2ef588c7e6455cfbe7343d3b2dc9d6b6b2f40c4c6565744c873d/pyyaml-6.0.3-cp314-cp314t-win_arm64.whl (from https://pypi.org/simple/pyyaml/) (requires-python:>=3.8)
2026-03-15T19:49:19,234   Skipping link: none of the wheel's tags (cp39-cp39-macosx_10_13_x86_64) are compatible (run pip debug --verbose to show compatible tags): https://files.pythonhosted.org/packages/9f/62/67fc8e68a75f738c9200422bf65693fb79a4cd0dc5b23310e5202e978090/pyyaml-6.0.3-cp39-cp39-macosx_10_13_x86_64.whl (from https://pypi.org/simple/pyyaml/) (requires-python:>=3.8)
2026-03-15T19:49:19,234   Skipping link: none of the wheel's tags (cp39-cp39-macosx_11_0_arm64) are compatible (run pip debug --verbose to show compatible tags): https://files.pythonhosted.org/packages/ae/92/861f152ce87c452b11b9d0977952259aa7df792d71c1053365cc7b09cc08/pyyaml-6.0.3-cp39-cp39-macosx_11_0_arm64.whl (from https://pypi.org/simple/pyyaml/) (requires-python:>=3.8)
2026-03-15T19:49:19,234   Skipping link: none of the wheel's tags (cp39-cp39-manylinux2014_aarch64, cp39-cp39-manylinux_2_17_aarch64, cp39-cp39-manylinux_2_28_aarch64) are compatible (run pip debug --verbose to show compatible tags): https://files.pythonhosted.org/packages/d0/cd/f0cfc8c74f8a030017a2b9c771b7f47e5dd702c3e28e5b2071374bda2948/pyyaml-6.0.3-cp39-cp39-manylinux2014_aarch64.manylinux_2_17_aarch64.manylinux_2_28_aarch64.whl (from https://pypi.org/simple/pyyaml/) (requires-python:>=3.8)
2026-03-15T19:49:19,234   Skipping link: none of the wheel's tags (cp39-cp39-manylinux2014_s390x, cp39-cp39-manylinux_2_17_s390x, cp39-cp39-manylinux_2_28_s390x) are compatible (run pip debug --verbose to show compatible tags): https://files.pythonhosted.org/packages/ef/b2/18f2bd28cd2055a79a46c9b0895c0b3d987ce40ee471cecf58a1a0199805/pyyaml-6.0.3-cp39-cp39-manylinux2014_s390x.manylinux_2_17_s390x.manylinux_2_28_s390x.whl (from https://pypi.org/simple/pyyaml/) (requires-python:>=3.8)
2026-03-15T19:49:19,235   Skipping link: none of the wheel's tags (cp39-cp39-manylinux2014_x86_64, cp39-cp39-manylinux_2_17_x86_64, cp39-cp39-manylinux_2_28_x86_64) are compatible (run pip debug --verbose to show compatible tags): https://files.pythonhosted.org/packages/73/b9/793686b2d54b531203c160ef12bec60228a0109c79bae6c1277961026770/pyyaml-6.0.3-cp39-cp39-manylinux2014_x86_64.manylinux_2_17_x86_64.manylinux_2_28_x86_64.whl (from https://pypi.org/simple/pyyaml/) (requires-python:>=3.8)
2026-03-15T19:49:19,235   Skipping link: none of the wheel's tags (cp39-cp39-musllinux_1_2_aarch64) are compatible (run pip debug --verbose to show compatible tags): https://files.pythonhosted.org/packages/a9/86/a137b39a611def2ed78b0e66ce2fe13ee701a07c07aebe55c340ed2a050e/pyyaml-6.0.3-cp39-cp39-musllinux_1_2_aarch64.whl (from https://pypi.org/simple/pyyaml/) (requires-python:>=3.8)
2026-03-15T19:49:19,235   Skipping link: none of the wheel's tags (cp39-cp39-musllinux_1_2_x86_64) are compatible (run pip debug --verbose to show compatible tags): https://files.pythonhosted.org/packages/dd/62/71c27c94f457cf4418ef8ccc71735324c549f7e3ea9d34aba50874563561/pyyaml-6.0.3-cp39-cp39-musllinux_1_2_x86_64.whl (from https://pypi.org/simple/pyyaml/) (requires-python:>=3.8)
2026-03-15T19:49:19,235   Skipping link: none of the wheel's tags (cp39-cp39-win32) are compatible (run pip debug --verbose to show compatible tags): https://files.pythonhosted.org/packages/29/3d/6f5e0d58bd924fb0d06c3a6bad00effbdae2de5adb5cda5648006ffbd8d3/pyyaml-6.0.3-cp39-cp39-win32.whl (from https://pypi.org/simple/pyyaml/) (requires-python:>=3.8)
2026-03-15T19:49:19,235   Skipping link: none of the wheel's tags (cp39-cp39-win_amd64) are compatible (run pip debug --verbose to show compatible tags): https://files.pythonhosted.org/packages/f0/0c/25113e0b5e103d7f1490c0e947e303fe4a696c10b501dea7a9f49d4e876c/pyyaml-6.0.3-cp39-cp39-win_amd64.whl (from https://pypi.org/simple/pyyaml/) (requires-python:>=3.8)
2026-03-15T19:49:19,235   Found link https://files.pythonhosted.org/packages/05/8e/961c0007c59b8dd7729d542c61a4d537767a59645b82a0b521206e1e25c2/pyyaml-6.0.3.tar.gz (from https://pypi.org/simple/pyyaml/) (requires-python:>=3.8), version: 6.0.3
2026-03-15T19:49:19,235 Skipping link: not a file: https://pypi.org/simple/pyyaml/
2026-03-15T19:49:19,236 Given no hashes to check 22 links for project 'pyyaml': discarding no candidates
2026-03-15T19:49:19,240 Collecting pyyaml
2026-03-15T19:49:19,240   Obtaining dependency information for pyyaml from https://files.pythonhosted.org/packages/8b/9d/b3589d3877982d4f2329302ef98a8026e7f4443c765c46cfecc8858c6b4b/pyyaml-6.0.3-cp312-cp312-manylinux2014_x86_64.manylinux_2_17_x86_64.manylinux_2_28_x86_64.whl.metadata
2026-03-15T19:49:19,241   Created temporary directory: /tmp/pip-unpack-i06kprtx
2026-03-15T19:49:19,242   Using cached pyyaml-6.0.3-cp312-cp312-manylinux2014_x86_64.manylinux_2_17_x86_64.manylinux_2_28_x86_64.whl.metadata (2.4 kB)
2026-03-15T19:49:19,242   Created temporary directory: /tmp/pip-metadata-_0f4jt57
2026-03-15T19:49:19,243 Created temporary directory: /tmp/pip-unpack-ho8e0hhj
2026-03-15T19:49:19,246 Using cached pyyaml-6.0.3-cp312-cp312-manylinux2014_x86_64.manylinux_2_17_x86_64.manylinux_2_28_x86_64.whl (807 kB)
2026-03-15T19:49:19,249 Downloading link https://files.pythonhosted.org/packages/8b/9d/b3589d3877982d4f2329302ef98a8026e7f4443c765c46cfecc8858c6b4b/pyyaml-6.0.3-cp312-cp312-manylinux2014_x86_64.manylinux_2_17_x86_64.manylinux_2_28_x86_64.whl (from https://pypi.org/simple/pyyaml/) (requires-python:>=3.8) to /tmp/pip-unpack-ho8e0hhj/pyyaml-6.0.3-cp312-cp312-manylinux2014_x86_64.manylinux_2_17_x86_64.manylinux_2_28_x86_64.whl
2026-03-15T19:49:19,335 Installing collected packages: pyyaml

2026-03-15T19:49:19,398 Successfully installed pyyaml-6.0.3
2026-03-15T19:49:19,398 Removed build tracker: '/tmp/pip-build-tracker-7zgs6h2o'
