Sample_ID,CZI_File,Species,Area_um2,Centroid_X,Centroid_Y,Width_px,Height_px,Perimeter_px,Confidence,Tile
Unknown_Sample,20251031_078_pol_pro_Ran_ado_2025_16_Colorado2025.czi,Ran_ado,606.02,9681.0,1101.0,34,29,105.01,0.951,20251031_078_pol_pro_Ran_ado_2025_16_Colorado2025_x009216_y000512
Unknown_Sample,20251031_078_pol_pro_Ran_ado_2025_16_Colorado2025.czi,Ran_ado,156.99,10362.0,924.0,10,28,64.97,0.848,20251031_078_pol_pro_Ran_ado_2025_16_Colorado2025_x009728_y000512
Unknown_Sample,20251031_078_pol_pro_Ran_ado_2025_16_Colorado2025.czi,Ran_ado,542.54,10572.0,949.0,30,30,99.6,0.957,20251031_078_pol_pro_Ran_ado_2025_16_Colorado2025_x010240_y000512
Unknown_Sample,20251031_078_pol_pro_Ran_ado_2025_16_Colorado2025.czi,Ran_ado,488.67,10716.0,1115.0,27,29,96.28,0.949,20251031_078_pol_pro_Ran_ado_2025_16_Colorado2025_x010240_y000512
Unknown_Sample,20251031_078_pol_pro_Ran_ado_2025_16_Colorado2025.czi,Ran_ado,586.78,10373.0,924.0,32,31,103.84,0.948,20251031_078_pol_pro_Ran_ado_2025_16_Colorado2025_x010240_y000512
Unknown_Sample,20251031_078_pol_pro_Ran_ado_2025_16_Colorado2025.czi,Ran_ado,617.18,14404.0,804.0,31,33,106.43,0.955,20251031_078_pol_pro_Ran_ado_2025_16_Colorado2025_x013824_y000512
Unknown_Sample,20251031_078_pol_pro_Ran_ado_2025_16_Colorado2025.czi,Ran_ado,610.64,14404.0,804.0,31,33,107.01,0.955,20251031_078_pol_pro_Ran_ado_2025_16_Colorado2025_x014336_y000512
Unknown_Sample,20251031_078_pol_pro_Ran_ado_2025_16_Colorado2025.czi,Ran_ado,473.66,14796.0,836.0,27,29,94.53,0.954,20251031_078_pol_pro_Ran_ado_2025_16_Colorado2025_x014336_y000512
Unknown_Sample,20251031_078_pol_pro_Ran_ado_2025_16_Colorado2025.czi,Ran_ado,417.48,14882.0,910.0,26,26,87.7,0.952,20251031_078_pol_pro_Ran_ado_2025_16_Colorado2025_x014336_y000512
Unknown_Sample,20251031_078_pol_pro_Ran_ado_2025_16_Colorado2025.czi,Ran_ado,510.21,14471.0,971.0,30,27,97.11,0.951,20251031_078_pol_pro_Ran_ado_2025_16_Colorado2025_x014336_y000512
Unknown_Sample,20251031_078_pol_pro_Ran_ado_2025_16_Colorado2025.czi,Ran_ado,572.55,14576.0,681.0,30,31,102.77,0.947,20251031_078_pol_pro_Ran_ado_2025_16_Colorado2025_x014336_y000512
Unknown_Sample,20251031_078_pol_pro_Ran_ado_2025_16_Colorado2025.czi,Ran_ado,288.58,14711.0,1090.0,26,18,75.8,0.91,20251031_078_pol_pro_Ran_ado_2025_16_Colorado2025_x014336_y000512
Unknown_Sample,20251031_078_pol_pro_Ran_ado_2025_16_Colorado2025.czi,Ran_ado,489.05,15345.0,857.0,27,29,94.53,0.958,20251031_078_pol_pro_Ran_ado_2025_16_Colorado2025_x014848_y000512
Unknown_Sample,20251031_078_pol_pro_Ran_ado_2025_16_Colorado2025.czi,Ran_ado,415.56,14882.0,910.0,26,26,87.11,0.953,20251031_078_pol_pro_Ran_ado_2025_16_Colorado2025_x014848_y000512
Unknown_Sample,20251031_078_pol_pro_Ran_ado_2025_16_Colorado2025.czi,Ran_ado,464.81,15475.0,904.0,25,28,96.97,0.914,20251031_078_pol_pro_Ran_ado_2025_16_Colorado2025_x014848_y000512
Unknown_Sample,20251031_078_pol_pro_Ran_ado_2025_16_Colorado2025.czi,Ran_ado,339.76,15477.0,930.0,22,24,81.56,0.885,20251031_078_pol_pro_Ran_ado_2025_16_Colorado2025_x014848_y000512
Unknown_Sample,20251031_078_pol_pro_Ran_ado_2025_16_Colorado2025.czi,Ran_ado,450.19,15893.0,835.0,28,27,91.94,0.94,20251031_078_pol_pro_Ran_ado_2025_16_Colorado2025_x015360_y000512
Unknown_Sample,20251031_078_pol_pro_Ran_ado_2025_16_Colorado2025.czi,Ran_ado,525.61,15477.0,904.0,31,28,99.94,0.934,20251031_078_pol_pro_Ran_ado_2025_16_Colorado2025_x015360_y000512
Unknown_Sample,20251031_078_pol_pro_Ran_ado_2025_16_Colorado2025.czi,Ran_ado,435.18,15480.0,930.0,30,24,89.36,0.925,20251031_078_pol_pro_Ran_ado_2025_16_Colorado2025_x015360_y000512
Unknown_Sample,20251031_078_pol_pro_Ran_ado_2025_16_Colorado2025.czi,Ran_ado,473.28,15553.0,879.0,29,28,94.77,0.922,20251031_078_pol_pro_Ran_ado_2025_16_Colorado2025_x015360_y000512
Unknown_Sample,20251031_078_pol_pro_Ran_ado_2025_16_Colorado2025.czi,Ran_ado,217.01,15532.0,1103.0,20,18,63.8,0.92,20251031_078_pol_pro_Ran_ado_2025_16_Colorado2025_x015360_y000512
Unknown_Sample,20251031_078_pol_pro_Ran_ado_2025_16_Colorado2025.czi,Ran_ado,525.99,15532.0,900.0,29,31,97.84,0.887,20251031_078_pol_pro_Ran_ado_2025_16_Colorado2025_x015360_y000512
Unknown_Sample,20251031_078_pol_pro_Ran_ado_2025_16_Colorado2025.czi,Ran_ado,544.07,16243.0,1004.0,30,30,99.6,0.958,20251031_078_pol_pro_Ran_ado_2025_16_Colorado2025_x015872_y000512
Unknown_Sample,20251031_078_pol_pro_Ran_ado_2025_16_Colorado2025.czi,Ran_ado,452.88,15893.0,835.0,28,27,91.36,0.939,20251031_078_pol_pro_Ran_ado_2025_16_Colorado2025_x015872_y000512
Unknown_Sample,20251031_078_pol_pro_Ran_ado_2025_16_Colorado2025.czi,Ran_ado,740.7,3342.0,1588.0,35,35,116.67,0.954,20251031_078_pol_pro_Ran_ado_2025_16_Colorado2025_x003072_y001024
Unknown_Sample,20251031_078_pol_pro_Ran_ado_2025_16_Colorado2025.czi,Ran_ado,97.73,5732.0,1489.0,13,12,43.66,0.806,20251031_078_pol_pro_Ran_ado_2025_16_Colorado2025_x005120_y001024
Unknown_Sample,20251031_078_pol_pro_Ran_ado_2025_16_Colorado2025.czi,Ran_ado,97.73,5732.0,1489.0,13,12,43.66,0.554,20251031_078_pol_pro_Ran_ado_2025_16_Colorado2025_x005632_y001024
Unknown_Sample,20251031_078_pol_pro_Ran_ado_2025_16_Colorado2025.czi,Ran_ado,649.12,7175.0,1520.0,32,33,107.84,0.961,20251031_078_pol_pro_Ran_ado_2025_16_Colorado2025_x006656_y001024
Unknown_Sample,20251031_078_pol_pro_Ran_ado_2025_16_Colorado2025.czi,Ran_ado,611.79,7048.0,1451.0,31,32,105.6,0.959,20251031_078_pol_pro_Ran_ado_2025_16_Colorado2025_x006656_y001024
Unknown_Sample,20251031_078_pol_pro_Ran_ado_2025_16_Colorado2025.czi,Ran_ado,481.74,7179.0,1520.0,23,33,98.63,0.955,20251031_078_pol_pro_Ran_ado_2025_16_Colorado2025_x007168_y001024
Unknown_Sample,20251031_078_pol_pro_Ran_ado_2025_16_Colorado2025.czi,Ran_ado,581.4,7692.0,1592.0,31,30,102.18,0.95,20251031_078_pol_pro_Ran_ado_2025_16_Colorado2025_x007168_y001024
Unknown_Sample,20251031_078_pol_pro_Ran_ado_2025_16_Colorado2025.czi,Ran_ado,609.87,7699.0,1229.0,31,32,106.18,0.911,20251031_078_pol_pro_Ran_ado_2025_16_Colorado2025_x007168_y001024
Unknown_Sample,20251031_078_pol_pro_Ran_ado_2025_16_Colorado2025.czi,Ran_ado,537.53,7693.0,1592.0,28,30,99.7,0.956,20251031_078_pol_pro_Ran_ado_2025_16_Colorado2025_x007680_y001024
Unknown_Sample,20251031_078_pol_pro_Ran_ado_2025_16_Colorado2025.czi,Ran_ado,632.96,7699.0,1229.0,31,33,107.01,0.909,20251031_078_pol_pro_Ran_ado_2025_16_Colorado2025_x007680_y001024
Unknown_Sample,20251031_078_pol_pro_Ran_ado_2025_16_Colorado2025.czi,Ran_ado,487.51,8473.0,1492.0,28,28,95.7,0.949,20251031_078_pol_pro_Ran_ado_2025_16_Colorado2025_x008192_y001024
Unknown_Sample,20251031_078_pol_pro_Ran_ado_2025_16_Colorado2025.czi,Ran_ado,460.58,8819.0,1469.0,25,29,96.38,0.935,20251031_078_pol_pro_Ran_ado_2025_16_Colorado2025_x008192_y001024
Unknown_Sample,20251031_078_pol_pro_Ran_ado_2025_16_Colorado2025.czi,Ran_ado,530.61,9277.0,1387.0,28,31,100.53,0.959,20251031_078_pol_pro_Ran_ado_2025_16_Colorado2025_x008704_y001024
Unknown_Sample,20251031_078_pol_pro_Ran_ado_2025_16_Colorado2025.czi,Ran_ado,563.31,8822.0,1469.0,32,29,102.77,0.959,20251031_078_pol_pro_Ran_ado_2025_16_Colorado2025_x008704_y001024
Unknown_Sample,20251031_078_pol_pro_Ran_ado_2025_16_Colorado2025.czi,Ran_ado,642.19,9734.0,1607.0,33,32,109.01,0.968,20251031_078_pol_pro_Ran_ado_2025_16_Colorado2025_x009216_y001024
Unknown_Sample,20251031_078_pol_pro_Ran_ado_2025_16_Colorado2025.czi,Ran_ado,529.84,9277.0,1387.0,28,31,100.53,0.959,20251031_078_pol_pro_Ran_ado_2025_16_Colorado2025_x009216_y001024
Unknown_Sample,20251031_078_pol_pro_Ran_ado_2025_16_Colorado2025.czi,Ran_ado,554.85,9681.0,1101.0,33,28,101.6,0.957,20251031_078_pol_pro_Ran_ado_2025_16_Colorado2025_x009216_y001024
Unknown_Sample,20251031_078_pol_pro_Ran_ado_2025_16_Colorado2025.czi,Ran_ado,450.19,9738.0,1607.0,23,31,94.63,0.96,20251031_078_pol_pro_Ran_ado_2025_16_Colorado2025_x009728_y001024
Unknown_Sample,20251031_078_pol_pro_Ran_ado_2025_16_Colorado2025.czi,Ran_ado,578.7,10353.0,1641.0,28,33,103.94,0.953,20251031_078_pol_pro_Ran_ado_2025_16_Colorado2025_x009728_y001024
Unknown_Sample,20251031_078_pol_pro_Ran_ado_2025_16_Colorado2025.czi,Ran_ado,583.71,10353.0,1641.0,29,33,104.18,0.961,20251031_078_pol_pro_Ran_ado_2025_16_Colorado2025_x010240_y001024
Unknown_Sample,20251031_078_pol_pro_Ran_ado_2025_16_Colorado2025.czi,Ran_ado,514.06,10680.0,1325.0,29,30,96.43,0.958,20251031_078_pol_pro_Ran_ado_2025_16_Colorado2025_x010240_y001024
Unknown_Sample,20251031_078_pol_pro_Ran_ado_2025_16_Colorado2025.czi,Ran_ado,459.42,10716.0,1116.0,27,28,93.11,0.954,20251031_078_pol_pro_Ran_ado_2025_16_Colorado2025_x010240_y001024
Unknown_Sample,20251031_078_pol_pro_Ran_ado_2025_16_Colorado2025.czi,Ran_ado,354.38,11315.0,1592.0,24,24,84.38,0.911,20251031_078_pol_pro_Ran_ado_2025_16_Colorado2025_x010752_y001024
Unknown_Sample,20251031_078_pol_pro_Ran_ado_2025_16_Colorado2025.czi,Ran_ado,516.76,11798.0,1300.0,28,31,98.18,0.952,20251031_078_pol_pro_Ran_ado_2025_16_Colorado2025_x011264_y001024
Unknown_Sample,20251031_078_pol_pro_Ran_ado_2025_16_Colorado2025.czi,Ran_ado,337.45,11315.0,1592.0,23,24,82.38,0.917,20251031_078_pol_pro_Ran_ado_2025_16_Colorado2025_x011264_y001024
Unknown_Sample,20251031_078_pol_pro_Ran_ado_2025_16_Colorado2025.czi,Ran_ado,667.2,12079.0,1346.0,32,34,110.43,0.955,20251031_078_pol_pro_Ran_ado_2025_16_Colorado2025_x011776_y001024
Unknown_Sample,20251031_078_pol_pro_Ran_ado_2025_16_Colorado2025.czi,Ran_ado,514.45,11798.0,1300.0,27,31,97.36,0.953,20251031_078_pol_pro_Ran_ado_2025_16_Colorado2025_x011776_y001024
Unknown_Sample,20251031_078_pol_pro_Ran_ado_2025_16_Colorado2025.czi,Ran_ado,243.56,12064.0,1616.0,23,19,71.21,0.934,20251031_078_pol_pro_Ran_ado_2025_16_Colorado2025_x011776_y001024
Unknown_Sample,20251031_078_pol_pro_Ran_ado_2025_16_Colorado2025.czi,Ran_ado,507.52,13206.0,1566.0,28,30,97.36,0.953,20251031_078_pol_pro_Ran_ado_2025_16_Colorado2025_x012800_y001024
Unknown_Sample,20251031_078_pol_pro_Ran_ado_2025_16_Colorado2025.czi,Ran_ado,472.89,13179.0,1441.0,28,28,93.36,0.949,20251031_078_pol_pro_Ran_ado_2025_16_Colorado2025_x012800_y001024
Unknown_Sample,20251031_078_pol_pro_Ran_ado_2025_16_Colorado2025.czi,Ran_ado,457.5,13542.0,1341.0,27,27,90.53,0.957,20251031_078_pol_pro_Ran_ado_2025_16_Colorado2025_x013312_y001024
Unknown_Sample,20251031_078_pol_pro_Ran_ado_2025_16_Colorado2025.czi,Ran_ado,526.37,13813.0,1401.0,30,29,98.77,0.936,20251031_078_pol_pro_Ran_ado_2025_16_Colorado2025_x013312_y001024
Unknown_Sample,20251031_078_pol_pro_Ran_ado_2025_16_Colorado2025.czi,Ran_ado,459.81,13810.0,1374.0,29,26,91.36,0.926,20251031_078_pol_pro_Ran_ado_2025_16_Colorado2025_x013312_y001024
Unknown_Sample,20251031_078_pol_pro_Ran_ado_2025_16_Colorado2025.czi,Ran_ado,331.68,13622.0,1223.0,24,21,78.97,0.891,20251031_078_pol_pro_Ran_ado_2025_16_Colorado2025_x013312_y001024
Unknown_Sample,20251031_078_pol_pro_Ran_ado_2025_16_Colorado2025.czi,Ran_ado,490.21,14133.0,1604.0,27,30,94.77,0.959,20251031_078_pol_pro_Ran_ado_2025_16_Colorado2025_x013824_y001024
Unknown_Sample,20251031_078_pol_pro_Ran_ado_2025_16_Colorado2025.czi,Ran_ado,513.29,14194.0,1318.0,31,27,97.94,0.959,20251031_078_pol_pro_Ran_ado_2025_16_Colorado2025_x013824_y001024
Unknown_Sample,20251031_078_pol_pro_Ran_ado_2025_16_Colorado2025.czi,Ran_ado,493.28,14514.0,1575.0,28,29,94.77,0.955,20251031_078_pol_pro_Ran_ado_2025_16_Colorado2025_x014336_y001024
Unknown_Sample,20251031_078_pol_pro_Ran_ado_2025_16_Colorado2025.czi,Ran_ado,437.88,14683.0,1298.0,27,27,89.94,0.95,20251031_078_pol_pro_Ran_ado_2025_16_Colorado2025_x014336_y001024
Unknown_Sample,20251031_078_pol_pro_Ran_ado_2025_16_Colorado2025.czi,Ran_ado,289.35,14711.0,1090.0,26,18,75.8,0.91,20251031_078_pol_pro_Ran_ado_2025_16_Colorado2025_x014336_y001024
Unknown_Sample,20251031_078_pol_pro_Ran_ado_2025_16_Colorado2025.czi,Ran_ado,463.27,15285.0,1350.0,27,28,90.77,0.957,20251031_078_pol_pro_Ran_ado_2025_16_Colorado2025_x014848_y001024
Unknown_Sample,20251031_078_pol_pro_Ran_ado_2025_16_Colorado2025.czi,Ran_ado,419.41,15395.0,1561.0,29,24,89.11,0.954,20251031_078_pol_pro_Ran_ado_2025_16_Colorado2025_x014848_y001024
Unknown_Sample,20251031_078_pol_pro_Ran_ado_2025_16_Colorado2025.czi,Ran_ado,464.81,14984.0,1550.0,29,26,91.94,0.953,20251031_078_pol_pro_Ran_ado_2025_16_Colorado2025_x014848_y001024
Unknown_Sample,20251031_078_pol_pro_Ran_ado_2025_16_Colorado2025.czi,Ran_ado,582.94,15371.0,1212.0,31,32,102.67,0.945,20251031_078_pol_pro_Ran_ado_2025_16_Colorado2025_x014848_y001024
Unknown_Sample,20251031_078_pol_pro_Ran_ado_2025_16_Colorado2025.czi,Ran_ado,493.28,15376.0,1182.0,29,28,94.77,0.932,20251031_078_pol_pro_Ran_ado_2025_16_Colorado2025_x014848_y001024
Unknown_Sample,20251031_078_pol_pro_Ran_ado_2025_16_Colorado2025.czi,Ran_ado,512.14,15737.0,1518.0,28,30,97.36,0.957,20251031_078_pol_pro_Ran_ado_2025_16_Colorado2025_x015360_y001024
Unknown_Sample,20251031_078_pol_pro_Ran_ado_2025_16_Colorado2025.czi,Ran_ado,536.76,15764.0,1435.0,30,29,98.18,0.956,20251031_078_pol_pro_Ran_ado_2025_16_Colorado2025_x015360_y001024
Unknown_Sample,20251031_078_pol_pro_Ran_ado_2025_16_Colorado2025.czi,Ran_ado,419.41,15395.0,1561.0,29,24,89.11,0.954,20251031_078_pol_pro_Ran_ado_2025_16_Colorado2025_x015360_y001024
Unknown_Sample,20251031_078_pol_pro_Ran_ado_2025_16_Colorado2025.czi,Ran_ado,382.47,15825.0,1604.0,27,23,84.28,0.951,20251031_078_pol_pro_Ran_ado_2025_16_Colorado2025_x015360_y001024
Unknown_Sample,20251031_078_pol_pro_Ran_ado_2025_16_Colorado2025.czi,Ran_ado,527.14,15373.0,1212.0,27,31,99.11,0.946,20251031_078_pol_pro_Ran_ado_2025_16_Colorado2025_x015360_y001024
Unknown_Sample,20251031_078_pol_pro_Ran_ado_2025_16_Colorado2025.czi,Ran_ado,508.29,15375.0,1182.0,30,28,95.01,0.925,20251031_078_pol_pro_Ran_ado_2025_16_Colorado2025_x015360_y001024
Unknown_Sample,20251031_078_pol_pro_Ran_ado_2025_16_Colorado2025.czi,Ran_ado,490.59,15674.0,1227.0,29,29,96.18,0.924,20251031_078_pol_pro_Ran_ado_2025_16_Colorado2025_x015360_y001024
Unknown_Sample,20251031_078_pol_pro_Ran_ado_2025_16_Colorado2025.czi,Ran_ado,217.01,15532.0,1103.0,20,18,63.8,0.922,20251031_078_pol_pro_Ran_ado_2025_16_Colorado2025_x015360_y001024
Unknown_Sample,20251031_078_pol_pro_Ran_ado_2025_16_Colorado2025.czi,Ran_ado,393.24,15677.0,1201.0,26,25,85.11,0.913,20251031_078_pol_pro_Ran_ado_2025_16_Colorado2025_x015360_y001024
Unknown_Sample,20251031_078_pol_pro_Ran_ado_2025_16_Colorado2025.czi,Ran_ado,192.0,16223.0,1658.0,31,11,72.38,0.863,20251031_078_pol_pro_Ran_ado_2025_16_Colorado2025_x015872_y001024
Unknown_Sample,20251031_078_pol_pro_Ran_ado_2025_16_Colorado2025.czi,Ran_ado,632.19,59.0,2146.0,33,31,107.01,0.948,20251031_078_pol_pro_Ran_ado_2025_16_Colorado2025_x000000_y001536
Unknown_Sample,20251031_078_pol_pro_Ran_ado_2025_16_Colorado2025.czi,Ran_ado,763.4,30.0,1807.0,35,35,118.43,0.909,20251031_078_pol_pro_Ran_ado_2025_16_Colorado2025_x000000_y001536
Unknown_Sample,20251031_078_pol_pro_Ran_ado_2025_16_Colorado2025.czi,Ran_ado,103.12,1525.0,2065.0,13,14,45.31,0.919,20251031_078_pol_pro_Ran_ado_2025_16_Colorado2025_x001024_y001536
Unknown_Sample,20251031_078_pol_pro_Ran_ado_2025_16_Colorado2025.czi,Ran_ado,719.53,2372.0,1889.0,34,35,114.08,0.963,20251031_078_pol_pro_Ran_ado_2025_16_Colorado2025_x002048_y001536
Unknown_Sample,20251031_078_pol_pro_Ran_ado_2025_16_Colorado2025.czi,Ran_ado,598.71,2343.0,2152.0,31,32,106.77,0.959,20251031_078_pol_pro_Ran_ado_2025_16_Colorado2025_x002048_y001536
Unknown_Sample,20251031_078_pol_pro_Ran_ado_2025_16_Colorado2025.czi,Ran_ado,706.83,2772.0,1722.0,33,35,112.67,0.954,20251031_078_pol_pro_Ran_ado_2025_16_Colorado2025_x002560_y001536
Unknown_Sample,20251031_078_pol_pro_Ran_ado_2025_16_Colorado2025.czi,Ran_ado,741.46,3342.0,1588.0,35,35,116.67,0.954,20251031_078_pol_pro_Ran_ado_2025_16_Colorado2025_x003072_y001536
Unknown_Sample,20251031_078_pol_pro_Ran_ado_2025_16_Colorado2025.czi,Ran_ado,576.01,4129.0,1980.0,30,32,104.18,0.956,20251031_078_pol_pro_Ran_ado_2025_16_Colorado2025_x003584_y001536
Unknown_Sample,20251031_078_pol_pro_Ran_ado_2025_16_Colorado2025.czi,Ran_ado,634.88,4209.0,1809.0,29,34,109.11,0.947,20251031_078_pol_pro_Ran_ado_2025_16_Colorado2025_x003584_y001536
Unknown_Sample,20251031_078_pol_pro_Ran_ado_2025_16_Colorado2025.czi,Ran_ado,680.67,4210.0,1809.0,33,34,110.67,0.957,20251031_078_pol_pro_Ran_ado_2025_16_Colorado2025_x004096_y001536
Unknown_Sample,20251031_078_pol_pro_Ran_ado_2025_16_Colorado2025.czi,Ran_ado,579.47,4129.0,1980.0,30,32,104.77,0.955,20251031_078_pol_pro_Ran_ado_2025_16_Colorado2025_x004096_y001536
Unknown_Sample,20251031_078_pol_pro_Ran_ado_2025_16_Colorado2025.czi,Ran_ado,669.9,4906.0,1931.0,33,33,111.01,0.957,20251031_078_pol_pro_Ran_ado_2025_16_Colorado2025_x004608_y001536
Unknown_Sample,20251031_078_pol_pro_Ran_ado_2025_16_Colorado2025.czi,Ran_ado,649.5,4911.0,1712.0,32,33,108.43,0.955,20251031_078_pol_pro_Ran_ado_2025_16_Colorado2025_x004608_y001536
Unknown_Sample,20251031_078_pol_pro_Ran_ado_2025_16_Colorado2025.czi,Ran_ado,626.42,5222.0,1922.0,31,33,108.43,0.914,20251031_078_pol_pro_Ran_ado_2025_16_Colorado2025_x004608_y001536
Unknown_Sample,20251031_078_pol_pro_Ran_ado_2025_16_Colorado2025.czi,Ran_ado,573.32,5225.0,1954.0,28,35,103.25,0.903,20251031_078_pol_pro_Ran_ado_2025_16_Colorado2025_x004608_y001536
Unknown_Sample,20251031_078_pol_pro_Ran_ado_2025_16_Colorado2025.czi,Ran_ado,624.49,5222.0,1922.0,31,33,107.84,0.921,20251031_078_pol_pro_Ran_ado_2025_16_Colorado2025_x005120_y001536
Unknown_Sample,20251031_078_pol_pro_Ran_ado_2025_16_Colorado2025.czi,Ran_ado,572.93,5225.0,1954.0,28,35,103.84,0.906,20251031_078_pol_pro_Ran_ado_2025_16_Colorado2025_x005120_y001536
Unknown_Sample,20251031_078_pol_pro_Ran_ado_2025_16_Colorado2025.czi,Ran_ado,629.88,6809.0,1770.0,32,32,107.01,0.952,20251031_078_pol_pro_Ran_ado_2025_16_Colorado2025_x006656_y001536
Unknown_Sample,20251031_078_pol_pro_Ran_ado_2025_16_Colorado2025.czi,Ran_ado,560.62,7692.0,1592.0,31,30,99.84,0.96,20251031_078_pol_pro_Ran_ado_2025_16_Colorado2025_x007168_y001536
Unknown_Sample,20251031_078_pol_pro_Ran_ado_2025_16_Colorado2025.czi,Ran_ado,546.0,7571.0,1872.0,30,30,100.18,0.955,20251031_078_pol_pro_Ran_ado_2025_16_Colorado2025_x007168_y001536
Unknown_Sample,20251031_078_pol_pro_Ran_ado_2025_16_Colorado2025.czi,Ran_ado,526.76,7693.0,1592.0,28,30,98.53,0.962,20251031_078_pol_pro_Ran_ado_2025_16_Colorado2025_x007680_y001536
Unknown_Sample,20251031_078_pol_pro_Ran_ado_2025_16_Colorado2025.czi,Ran_ado,386.7,9067.0,1745.0,29,22,86.87,0.709,20251031_078_pol_pro_Ran_ado_2025_16_Colorado2025_x008704_y001536
Unknown_Sample,20251031_078_pol_pro_Ran_ado_2025_16_Colorado2025.czi,Ran_ado,683.75,9734.0,1607.0,34,32,111.01,0.942,20251031_078_pol_pro_Ran_ado_2025_16_Colorado2025_x009216_y001536
Unknown_Sample,20251031_078_pol_pro_Ran_ado_2025_16_Colorado2025.czi,Ran_ado,609.49,10282.0,1686.0,30,35,107.25,0.953,20251031_078_pol_pro_Ran_ado_2025_16_Colorado2025_x009728_y001536
Unknown_Sample,20251031_078_pol_pro_Ran_ado_2025_16_Colorado2025.czi,Ran_ado,580.24,10353.0,1641.0,28,33,103.94,0.952,20251031_078_pol_pro_Ran_ado_2025_16_Colorado2025_x009728_y001536
Unknown_Sample,20251031_078_pol_pro_Ran_ado_2025_16_Colorado2025.czi,Ran_ado,475.58,9739.0,1607.0,23,32,97.8,0.946,20251031_078_pol_pro_Ran_ado_2025_16_Colorado2025_x009728_y001536
Unknown_Sample,20251031_078_pol_pro_Ran_ado_2025_16_Colorado2025.czi,Ran_ado,590.25,10353.0,1641.0,29,33,103.6,0.958,20251031_078_pol_pro_Ran_ado_2025_16_Colorado2025_x010240_y001536
Unknown_Sample,20251031_078_pol_pro_Ran_ado_2025_16_Colorado2025.czi,Ran_ado,603.33,10282.0,1686.0,30,35,108.43,0.955,20251031_078_pol_pro_Ran_ado_2025_16_Colorado2025_x010240_y001536
Unknown_Sample,20251031_078_pol_pro_Ran_ado_2025_16_Colorado2025.czi,Ran_ado,347.45,10593.0,2066.0,27,22,81.7,0.946,20251031_078_pol_pro_Ran_ado_2025_16_Colorado2025_x010240_y001536
Unknown_Sample,20251031_078_pol_pro_Ran_ado_2025_16_Colorado2025.czi,Ran_ado,467.12,11111.0,2153.0,29,26,91.94,0.956,20251031_078_pol_pro_Ran_ado_2025_16_Colorado2025_x010752_y001536
Unknown_Sample,20251031_078_pol_pro_Ran_ado_2025_16_Colorado2025.czi,Ran_ado,546.38,11189.0,2139.0,32,30,102.43,0.921,20251031_078_pol_pro_Ran_ado_2025_16_Colorado2025_x010752_y001536
Unknown_Sample,20251031_078_pol_pro_Ran_ado_2025_16_Colorado2025.czi,Ran_ado,348.61,11315.0,1592.0,24,24,83.8,0.917,20251031_078_pol_pro_Ran_ado_2025_16_Colorado2025_x010752_y001536
Unknown_Sample,20251031_078_pol_pro_Ran_ado_2025_16_Colorado2025.czi,Ran_ado,502.52,11170.0,2161.0,30,29,97.6,0.879,20251031_078_pol_pro_Ran_ado_2025_16_Colorado2025_x010752_y001536
Unknown_Sample,20251031_078_pol_pro_Ran_ado_2025_16_Colorado2025.czi,Ran_ado,490.21,11613.0,1783.0,28,29,94.77,0.96,20251031_078_pol_pro_Ran_ado_2025_16_Colorado2025_x011264_y001536
Unknown_Sample,20251031_078_pol_pro_Ran_ado_2025_16_Colorado2025.czi,Ran_ado,335.53,11315.0,1592.0,23,24,81.8,0.922,20251031_078_pol_pro_Ran_ado_2025_16_Colorado2025_x011264_y001536
Unknown_Sample,20251031_078_pol_pro_Ran_ado_2025_16_Colorado2025.czi,Ran_ado,440.18,12324.0,1910.0,27,27,89.94,0.959,20251031_078_pol_pro_Ran_ado_2025_16_Colorado2025_x011776_y001536
Unknown_Sample,20251031_078_pol_pro_Ran_ado_2025_16_Colorado2025.czi,Ran_ado,243.56,12064.0,1616.0,23,19,71.21,0.934,20251031_078_pol_pro_Ran_ado_2025_16_Colorado2025_x011776_y001536
Unknown_Sample,20251031_078_pol_pro_Ran_ado_2025_16_Colorado2025.czi,Ran_ado,494.05,12499.0,1885.0,29,28,94.77,0.961,20251031_078_pol_pro_Ran_ado_2025_16_Colorado2025_x012288_y001536
Unknown_Sample,20251031_078_pol_pro_Ran_ado_2025_16_Colorado2025.czi,Ran_ado,440.18,12324.0,1910.0,27,27,89.94,0.958,20251031_078_pol_pro_Ran_ado_2025_16_Colorado2025_x012288_y001536
Unknown_Sample,20251031_078_pol_pro_Ran_ado_2025_16_Colorado2025.czi,Ran_ado,470.97,13286.0,1953.0,26,30,92.77,0.956,20251031_078_pol_pro_Ran_ado_2025_16_Colorado2025_x012800_y001536
Unknown_Sample,20251031_078_pol_pro_Ran_ado_2025_16_Colorado2025.czi,Ran_ado,511.75,13206.0,1566.0,28,30,97.94,0.953,20251031_078_pol_pro_Ran_ado_2025_16_Colorado2025_x012800_y001536
Unknown_Sample,20251031_078_pol_pro_Ran_ado_2025_16_Colorado2025.czi,Ran_ado,424.41,14005.0,1936.0,26,27,89.7,0.96,20251031_078_pol_pro_Ran_ado_2025_16_Colorado2025_x013824_y001536
Unknown_Sample,20251031_078_pol_pro_Ran_ado_2025_16_Colorado2025.czi,Ran_ado,490.21,14133.0,1604.0,27,30,94.77,0.96,20251031_078_pol_pro_Ran_ado_2025_16_Colorado2025_x013824_y001536
Unknown_Sample,20251031_078_pol_pro_Ran_ado_2025_16_Colorado2025.czi,Ran_ado,504.06,14119.0,1910.0,29,29,96.77,0.959,20251031_078_pol_pro_Ran_ado_2025_16_Colorado2025_x013824_y001536
Unknown_Sample,20251031_078_pol_pro_Ran_ado_2025_16_Colorado2025.czi,Ran_ado,519.83,14738.0,2082.0,30,29,98.18,0.96,20251031_078_pol_pro_Ran_ado_2025_16_Colorado2025_x014336_y001536
Unknown_Sample,20251031_078_pol_pro_Ran_ado_2025_16_Colorado2025.czi,Ran_ado,523.68,14529.0,1775.0,28,30,98.53,0.959,20251031_078_pol_pro_Ran_ado_2025_16_Colorado2025_x014336_y001536
Unknown_Sample,20251031_078_pol_pro_Ran_ado_2025_16_Colorado2025.czi,Ran_ado,492.51,14514.0,1575.0,28,29,94.77,0.955,20251031_078_pol_pro_Ran_ado_2025_16_Colorado2025_x014336_y001536
Unknown_Sample,20251031_078_pol_pro_Ran_ado_2025_16_Colorado2025.czi,Ran_ado,424.41,14888.0,1826.0,27,26,88.53,0.954,20251031_078_pol_pro_Ran_ado_2025_16_Colorado2025_x014336_y001536
Unknown_Sample,20251031_078_pol_pro_Ran_ado_2025_16_Colorado2025.czi,Ran_ado,442.11,14797.0,1734.0,29,27,93.36,0.95,20251031_078_pol_pro_Ran_ado_2025_16_Colorado2025_x014336_y001536
Unknown_Sample,20251031_078_pol_pro_Ran_ado_2025_16_Colorado2025.czi,Ran_ado,466.35,14984.0,1550.0,29,26,93.11,0.956,20251031_078_pol_pro_Ran_ado_2025_16_Colorado2025_x014848_y001536
Unknown_Sample,20251031_078_pol_pro_Ran_ado_2025_16_Colorado2025.czi,Ran_ado,420.18,15395.0,1561.0,29,24,89.11,0.954,20251031_078_pol_pro_Ran_ado_2025_16_Colorado2025_x014848_y001536
Unknown_Sample,20251031_078_pol_pro_Ran_ado_2025_16_Colorado2025.czi,Ran_ado,414.79,14889.0,1826.0,26,26,87.11,0.954,20251031_078_pol_pro_Ran_ado_2025_16_Colorado2025_x014848_y001536
Unknown_Sample,20251031_078_pol_pro_Ran_ado_2025_16_Colorado2025.czi,Ran_ado,259.72,15481.0,1968.0,14,31,78.38,0.895,20251031_078_pol_pro_Ran_ado_2025_16_Colorado2025_x014848_y001536
Unknown_Sample,20251031_078_pol_pro_Ran_ado_2025_16_Colorado2025.czi,Ran_ado,566.78,15488.0,1968.0,30,31,101.01,0.958,20251031_078_pol_pro_Ran_ado_2025_16_Colorado2025_x015360_y001536
Unknown_Sample,20251031_078_pol_pro_Ran_ado_2025_16_Colorado2025.czi,Ran_ado,420.18,15395.0,1561.0,29,24,89.11,0.954,20251031_078_pol_pro_Ran_ado_2025_16_Colorado2025_x015360_y001536
Unknown_Sample,20251031_078_pol_pro_Ran_ado_2025_16_Colorado2025.czi,Ran_ado,382.47,15825.0,1604.0,27,23,84.28,0.951,20251031_078_pol_pro_Ran_ado_2025_16_Colorado2025_x015360_y001536
Unknown_Sample,20251031_078_pol_pro_Ran_ado_2025_16_Colorado2025.czi,Ran_ado,604.48,16193.0,1948.0,33,30,105.01,0.955,20251031_078_pol_pro_Ran_ado_2025_16_Colorado2025_x015872_y001536
Unknown_Sample,20251031_078_pol_pro_Ran_ado_2025_16_Colorado2025.czi,Ran_ado,502.52,16132.0,1927.0,30,27,95.94,0.955,20251031_078_pol_pro_Ran_ado_2025_16_Colorado2025_x015872_y001536
Unknown_Sample,20251031_078_pol_pro_Ran_ado_2025_16_Colorado2025.czi,Ran_ado,473.66,16223.0,1664.0,31,26,94.18,0.953,20251031_078_pol_pro_Ran_ado_2025_16_Colorado2025_x015872_y001536
Unknown_Sample,20251031_078_pol_pro_Ran_ado_2025_16_Colorado2025.czi,Ran_ado,448.26,16152.0,1890.0,26,29,91.36,0.95,20251031_078_pol_pro_Ran_ado_2025_16_Colorado2025_x015872_y001536
Unknown_Sample,20251031_078_pol_pro_Ran_ado_2025_16_Colorado2025.czi,Ran_ado,631.42,59.0,2146.0,33,31,107.01,0.948,20251031_078_pol_pro_Ran_ado_2025_16_Colorado2025_x000000_y002048
Unknown_Sample,20251031_078_pol_pro_Ran_ado_2025_16_Colorado2025.czi,Ran_ado,784.56,608.0,2304.0,37,35,120.67,0.939,20251031_078_pol_pro_Ran_ado_2025_16_Colorado2025_x000000_y002048
Unknown_Sample,20251031_078_pol_pro_Ran_ado_2025_16_Colorado2025.czi,Ran_ado,787.25,608.0,2304.0,37,35,121.25,0.939,20251031_078_pol_pro_Ran_ado_2025_16_Colorado2025_x000512_y002048
Unknown_Sample,20251031_078_pol_pro_Ran_ado_2025_16_Colorado2025.czi,Ran_ado,761.47,1466.0,2185.0,36,35,117.5,0.959,20251031_078_pol_pro_Ran_ado_2025_16_Colorado2025_x001024_y002048
Unknown_Sample,20251031_078_pol_pro_Ran_ado_2025_16_Colorado2025.czi,Ran_ado,998.5,1370.0,2563.0,42,39,133.98,0.953,20251031_078_pol_pro_Ran_ado_2025_16_Colorado2025_x001024_y002048
Unknown_Sample,20251031_078_pol_pro_Ran_ado_2025_16_Colorado2025.czi,Ran_ado,102.35,1525.0,2065.0,13,14,45.31,0.931,20251031_078_pol_pro_Ran_ado_2025_16_Colorado2025_x001024_y002048
Unknown_Sample,20251031_078_pol_pro_Ran_ado_2025_16_Colorado2025.czi,Ran_ado,601.41,2343.0,2152.0,31,32,107.36,0.957,20251031_078_pol_pro_Ran_ado_2025_16_Colorado2025_x002048_y002048
Unknown_Sample,20251031_078_pol_pro_Ran_ado_2025_16_Colorado2025.czi,Ran_ado,230.87,2786.0,2681.0,30,13,74.97,0.887,20251031_078_pol_pro_Ran_ado_2025_16_Colorado2025_x002560_y002048
Unknown_Sample,20251031_078_pol_pro_Ran_ado_2025_16_Colorado2025.czi,Ran_ado,696.06,3523.0,2397.0,33,35,112.67,0.962,20251031_078_pol_pro_Ran_ado_2025_16_Colorado2025_x003072_y002048
Unknown_Sample,20251031_078_pol_pro_Ran_ado_2025_16_Colorado2025.czi,Ran_ado,599.87,3485.0,2570.0,30,33,106.18,0.959,20251031_078_pol_pro_Ran_ado_2025_16_Colorado2025_x003072_y002048
Unknown_Sample,20251031_078_pol_pro_Ran_ado_2025_16_Colorado2025.czi,Ran_ado,692.98,3894.0,2557.0,34,33,113.01,0.962,20251031_078_pol_pro_Ran_ado_2025_16_Colorado2025_x003584_y002048
Unknown_Sample,20251031_078_pol_pro_Ran_ado_2025_16_Colorado2025.czi,Ran_ado,497.52,3833.0,2378.0,28,30,96.18,0.928,20251031_078_pol_pro_Ran_ado_2025_16_Colorado2025_x003584_y002048
Unknown_Sample,20251031_078_pol_pro_Ran_ado_2025_16_Colorado2025.czi,Ran_ado,547.54,3858.0,2392.0,31,30,101.01,0.921,20251031_078_pol_pro_Ran_ado_2025_16_Colorado2025_x003584_y002048
Unknown_Sample,20251031_078_pol_pro_Ran_ado_2025_16_Colorado2025.czi,Ran_ado,631.8,4154.0,2615.0,35,32,108.91,0.918,20251031_078_pol_pro_Ran_ado_2025_16_Colorado2025_x003584_y002048
Unknown_Sample,20251031_078_pol_pro_Ran_ado_2025_16_Colorado2025.czi,Ran_ado,585.25,4132.0,2636.0,31,34,105.5,0.918,20251031_078_pol_pro_Ran_ado_2025_16_Colorado2025_x003584_y002048
Unknown_Sample,20251031_078_pol_pro_Ran_ado_2025_16_Colorado2025.czi,Ran_ado,589.48,4132.0,2636.0,31,34,106.08,0.919,20251031_078_pol_pro_Ran_ado_2025_16_Colorado2025_x004096_y002048
Unknown_Sample,20251031_078_pol_pro_Ran_ado_2025_16_Colorado2025.czi,Ran_ado,635.27,4154.0,2615.0,35,32,109.5,0.917,20251031_078_pol_pro_Ran_ado_2025_16_Colorado2025_x004096_y002048
Unknown_Sample,20251031_078_pol_pro_Ran_ado_2025_16_Colorado2025.czi,Ran_ado,509.83,5800.0,2543.0,28,30,98.53,0.925,20251031_078_pol_pro_Ran_ado_2025_16_Colorado2025_x005632_y002048
Unknown_Sample,20251031_078_pol_pro_Ran_ado_2025_16_Colorado2025.czi,Ran_ado,525.99,5793.0,2570.0,30,30,100.18,0.91,20251031_078_pol_pro_Ran_ado_2025_16_Colorado2025_x005632_y002048
Unknown_Sample,20251031_078_pol_pro_Ran_ado_2025_16_Colorado2025.czi,Ran_ado,424.41,6346.0,2487.0,26,28,89.36,0.945,20251031_078_pol_pro_Ran_ado_2025_16_Colorado2025_x006144_y002048
Unknown_Sample,20251031_078_pol_pro_Ran_ado_2025_16_Colorado2025.czi,Ran_ado,567.55,6871.0,2319.0,30,31,102.18,0.959,20251031_078_pol_pro_Ran_ado_2025_16_Colorado2025_x006656_y002048
Unknown_Sample,20251031_078_pol_pro_Ran_ado_2025_16_Colorado2025.czi,Ran_ado,542.15,9682.0,2637.0,29,31,100.18,0.964,20251031_078_pol_pro_Ran_ado_2025_16_Colorado2025_x009216_y002048
Unknown_Sample,20251031_078_pol_pro_Ran_ado_2025_16_Colorado2025.czi,Ran_ado,592.17,9525.0,2596.0,30,34,105.84,0.953,20251031_078_pol_pro_Ran_ado_2025_16_Colorado2025_x009216_y002048
Unknown_Sample,20251031_078_pol_pro_Ran_ado_2025_16_Colorado2025.czi,Ran_ado,428.26,10348.0,2311.0,28,25,88.53,0.959,20251031_078_pol_pro_Ran_ado_2025_16_Colorado2025_x009728_y002048
Unknown_Sample,20251031_078_pol_pro_Ran_ado_2025_16_Colorado2025.czi,Ran_ado,467.12,9940.0,2386.0,28,28,92.77,0.956,20251031_078_pol_pro_Ran_ado_2025_16_Colorado2025_x009728_y002048
Unknown_Sample,20251031_078_pol_pro_Ran_ado_2025_16_Colorado2025.czi,Ran_ado,429.03,10348.0,2311.0,28,25,88.53,0.96,20251031_078_pol_pro_Ran_ado_2025_16_Colorado2025_x010240_y002048
Unknown_Sample,20251031_078_pol_pro_Ran_ado_2025_16_Colorado2025.czi,Ran_ado,348.22,10593.0,2066.0,27,22,81.7,0.949,20251031_078_pol_pro_Ran_ado_2025_16_Colorado2025_x010240_y002048
Unknown_Sample,20251031_078_pol_pro_Ran_ado_2025_16_Colorado2025.czi,Ran_ado,464.43,11111.0,2153.0,29,26,92.53,0.957,20251031_078_pol_pro_Ran_ado_2025_16_Colorado2025_x010752_y002048
Unknown_Sample,20251031_078_pol_pro_Ran_ado_2025_16_Colorado2025.czi,Ran_ado,545.23,11189.0,2139.0,31,30,101.01,0.926,20251031_078_pol_pro_Ran_ado_2025_16_Colorado2025_x010752_y002048
Unknown_Sample,20251031_078_pol_pro_Ran_ado_2025_16_Colorado2025.czi,Ran_ado,497.13,11170.0,2161.0,30,29,96.43,0.897,20251031_078_pol_pro_Ran_ado_2025_16_Colorado2025_x010752_y002048
Unknown_Sample,20251031_078_pol_pro_Ran_ado_2025_16_Colorado2025.czi,Ran_ado,434.8,11562.0,2443.0,25,28,90.28,0.954,20251031_078_pol_pro_Ran_ado_2025_16_Colorado2025_x011264_y002048
Unknown_Sample,20251031_078_pol_pro_Ran_ado_2025_16_Colorado2025.czi,Ran_ado,287.04,11711.0,2660.0,21,22,71.46,0.95,20251031_078_pol_pro_Ran_ado_2025_16_Colorado2025_x011264_y002048
Unknown_Sample,20251031_078_pol_pro_Ran_ado_2025_16_Colorado2025.czi,Ran_ado,563.31,12047.0,2274.0,29,32,101.6,0.959,20251031_078_pol_pro_Ran_ado_2025_16_Colorado2025_x011776_y002048
Unknown_Sample,20251031_078_pol_pro_Ran_ado_2025_16_Colorado2025.czi,Ran_ado,525.22,12327.0,2297.0,29,30,98.18,0.958,20251031_078_pol_pro_Ran_ado_2025_16_Colorado2025_x011776_y002048
Unknown_Sample,20251031_078_pol_pro_Ran_ado_2025_16_Colorado2025.czi,Ran_ado,482.89,12066.0,2642.0,28,29,94.18,0.956,20251031_078_pol_pro_Ran_ado_2025_16_Colorado2025_x011776_y002048
Unknown_Sample,20251031_078_pol_pro_Ran_ado_2025_16_Colorado2025.czi,Ran_ado,404.79,12246.0,2295.0,28,24,85.94,0.956,20251031_078_pol_pro_Ran_ado_2025_16_Colorado2025_x011776_y002048
Unknown_Sample,20251031_078_pol_pro_Ran_ado_2025_16_Colorado2025.czi,Ran_ado,536.38,12327.0,2297.0,29,30,98.77,0.953,20251031_078_pol_pro_Ran_ado_2025_16_Colorado2025_x012288_y002048
Unknown_Sample,20251031_078_pol_pro_Ran_ado_2025_16_Colorado2025.czi,Ran_ado,546.77,13790.0,2342.0,30,30,100.18,0.956,20251031_078_pol_pro_Ran_ado_2025_16_Colorado2025_x013312_y002048
Unknown_Sample,20251031_078_pol_pro_Ran_ado_2025_16_Colorado2025.czi,Ran_ado,524.45,14287.0,2582.0,30,29,98.18,0.958,20251031_078_pol_pro_Ran_ado_2025_16_Colorado2025_x013824_y002048
Unknown_Sample,20251031_078_pol_pro_Ran_ado_2025_16_Colorado2025.czi,Ran_ado,519.83,14738.0,2082.0,30,29,98.18,0.96,20251031_078_pol_pro_Ran_ado_2025_16_Colorado2025_x014336_y002048
Unknown_Sample,20251031_078_pol_pro_Ran_ado_2025_16_Colorado2025.czi,Ran_ado,492.51,14768.0,2661.0,27,30,97.11,0.956,20251031_078_pol_pro_Ran_ado_2025_16_Colorado2025_x014336_y002048
Unknown_Sample,20251031_078_pol_pro_Ran_ado_2025_16_Colorado2025.czi,Ran_ado,521.76,15324.0,2632.0,30,29,98.77,0.956,20251031_078_pol_pro_Ran_ado_2025_16_Colorado2025_x014848_y002048
Unknown_Sample,20251031_078_pol_pro_Ran_ado_2025_16_Colorado2025.czi,Ran_ado,497.13,15046.0,2272.0,29,28,95.94,0.951,20251031_078_pol_pro_Ran_ado_2025_16_Colorado2025_x014848_y002048
Unknown_Sample,20251031_078_pol_pro_Ran_ado_2025_16_Colorado2025.czi,Ran_ado,492.51,15759.0,2429.0,30,27,94.77,0.955,20251031_078_pol_pro_Ran_ado_2025_16_Colorado2025_x015360_y002048
Unknown_Sample,20251031_078_pol_pro_Ran_ado_2025_16_Colorado2025.czi,Ran_ado,454.81,15823.0,2227.0,29,26,90.77,0.947,20251031_078_pol_pro_Ran_ado_2025_16_Colorado2025_x015360_y002048
Unknown_Sample,20251031_078_pol_pro_Ran_ado_2025_16_Colorado2025.czi,Ran_ado,497.9,16183.0,2377.0,29,28,95.94,0.944,20251031_078_pol_pro_Ran_ado_2025_16_Colorado2025_x015872_y002048
Unknown_Sample,20251031_078_pol_pro_Ran_ado_2025_16_Colorado2025.czi,Ran_ado,549.85,16317.0,2662.0,33,28,103.36,0.941,20251031_078_pol_pro_Ran_ado_2025_16_Colorado2025_x015872_y002048
Unknown_Sample,20251031_078_pol_pro_Ran_ado_2025_16_Colorado2025.czi,Ran_ado,527.53,309.0,2819.0,31,28,100.53,0.945,20251031_078_pol_pro_Ran_ado_2025_16_Colorado2025_x000000_y002560
Unknown_Sample,20251031_078_pol_pro_Ran_ado_2025_16_Colorado2025.czi,Ran_ado,656.04,705.0,3031.0,34,32,109.84,0.957,20251031_078_pol_pro_Ran_ado_2025_16_Colorado2025_x000512_y002560
Unknown_Sample,20251031_078_pol_pro_Ran_ado_2025_16_Colorado2025.czi,Ran_ado,430.57,1142.0,2852.0,21,34,96.04,0.921,20251031_078_pol_pro_Ran_ado_2025_16_Colorado2025_x000512_y002560
Unknown_Sample,20251031_078_pol_pro_Ran_ado_2025_16_Colorado2025.czi,Ran_ado,657.58,1147.0,2852.0,34,33,110.67,0.954,20251031_078_pol_pro_Ran_ado_2025_16_Colorado2025_x001024_y002560
Unknown_Sample,20251031_078_pol_pro_Ran_ado_2025_16_Colorado2025.czi,Ran_ado,579.47,1370.0,2570.0,42,23,113.11,0.947,20251031_078_pol_pro_Ran_ado_2025_16_Colorado2025_x001024_y002560
Unknown_Sample,20251031_078_pol_pro_Ran_ado_2025_16_Colorado2025.czi,Ran_ado,694.91,1808.0,2837.0,34,34,113.25,0.955,20251031_078_pol_pro_Ran_ado_2025_16_Colorado2025_x001536_y002560
Unknown_Sample,20251031_078_pol_pro_Ran_ado_2025_16_Colorado2025.czi,Ran_ado,635.65,2299.0,3053.0,31,33,107.6,0.966,20251031_078_pol_pro_Ran_ado_2025_16_Colorado2025_x002048_y002560
Unknown_Sample,20251031_078_pol_pro_Ran_ado_2025_16_Colorado2025.czi,Ran_ado,669.9,2588.0,2899.0,34,36,114.33,0.922,20251031_078_pol_pro_Ran_ado_2025_16_Colorado2025_x002048_y002560
Unknown_Sample,20251031_078_pol_pro_Ran_ado_2025_16_Colorado2025.czi,Ran_ado,617.18,2561.0,2911.0,33,31,106.43,0.92,20251031_078_pol_pro_Ran_ado_2025_16_Colorado2025_x002048_y002560
Unknown_Sample,20251031_078_pol_pro_Ran_ado_2025_16_Colorado2025.czi,Ran_ado,562.54,2787.0,2689.0,30,31,101.6,0.96,20251031_078_pol_pro_Ran_ado_2025_16_Colorado2025_x002560_y002560
Unknown_Sample,20251031_078_pol_pro_Ran_ado_2025_16_Colorado2025.czi,Ran_ado,653.74,2589.0,2899.0,34,36,113.15,0.92,20251031_078_pol_pro_Ran_ado_2025_16_Colorado2025_x002560_y002560
Unknown_Sample,20251031_078_pol_pro_Ran_ado_2025_16_Colorado2025.czi,Ran_ado,340.14,2568.0,2911.0,19,31,85.46,0.877,20251031_078_pol_pro_Ran_ado_2025_16_Colorado2025_x002560_y002560
Unknown_Sample,20251031_078_pol_pro_Ran_ado_2025_16_Colorado2025.czi,Ran_ado,508.67,3486.0,2573.0,30,27,99.46,0.964,20251031_078_pol_pro_Ran_ado_2025_16_Colorado2025_x003072_y002560
Unknown_Sample,20251031_078_pol_pro_Ran_ado_2025_16_Colorado2025.czi,Ran_ado,594.48,3355.0,2991.0,31,32,102.67,0.963,20251031_078_pol_pro_Ran_ado_2025_16_Colorado2025_x003072_y002560
Unknown_Sample,20251031_078_pol_pro_Ran_ado_2025_16_Colorado2025.czi,Ran_ado,691.06,3652.0,2729.0,34,33,112.43,0.961,20251031_078_pol_pro_Ran_ado_2025_16_Colorado2025_x003072_y002560
Unknown_Sample,20251031_078_pol_pro_Ran_ado_2025_16_Colorado2025.czi,Ran_ado,667.2,3686.0,2815.0,32,35,111.25,0.959,20251031_078_pol_pro_Ran_ado_2025_16_Colorado2025_x003072_y002560
Unknown_Sample,20251031_078_pol_pro_Ran_ado_2025_16_Colorado2025.czi,Ran_ado,690.29,3652.0,2729.0,34,33,112.43,0.961,20251031_078_pol_pro_Ran_ado_2025_16_Colorado2025_x003584_y002560
Unknown_Sample,20251031_078_pol_pro_Ran_ado_2025_16_Colorado2025.czi,Ran_ado,667.2,3686.0,2815.0,32,35,111.25,0.959,20251031_078_pol_pro_Ran_ado_2025_16_Colorado2025_x003584_y002560
Unknown_Sample,20251031_078_pol_pro_Ran_ado_2025_16_Colorado2025.czi,Ran_ado,495.21,3990.0,3141.0,27,31,96.18,0.958,20251031_078_pol_pro_Ran_ado_2025_16_Colorado2025_x003584_y002560
Unknown_Sample,20251031_078_pol_pro_Ran_ado_2025_16_Colorado2025.czi,Ran_ado,255.11,3893.0,2566.0,34,14,82.04,0.94,20251031_078_pol_pro_Ran_ado_2025_16_Colorado2025_x003584_y002560
Unknown_Sample,20251031_078_pol_pro_Ran_ado_2025_16_Colorado2025.czi,Ran_ado,631.03,4154.0,2615.0,35,32,108.91,0.919,20251031_078_pol_pro_Ran_ado_2025_16_Colorado2025_x003584_y002560
Unknown_Sample,20251031_078_pol_pro_Ran_ado_2025_16_Colorado2025.czi,Ran_ado,586.4,4132.0,2636.0,31,34,106.08,0.918,20251031_078_pol_pro_Ran_ado_2025_16_Colorado2025_x003584_y002560
Unknown_Sample,20251031_078_pol_pro_Ran_ado_2025_16_Colorado2025.czi,Ran_ado,332.45,4468.0,3165.0,22,25,79.46,0.947,20251031_078_pol_pro_Ran_ado_2025_16_Colorado2025_x004096_y002560
Unknown_Sample,20251031_078_pol_pro_Ran_ado_2025_16_Colorado2025.czi,Ran_ado,589.48,4132.0,2636.0,31,34,106.08,0.918,20251031_078_pol_pro_Ran_ado_2025_16_Colorado2025_x004096_y002560
Unknown_Sample,20251031_078_pol_pro_Ran_ado_2025_16_Colorado2025.czi,Ran_ado,634.5,4154.0,2615.0,35,32,109.5,0.918,20251031_078_pol_pro_Ran_ado_2025_16_Colorado2025_x004096_y002560
Unknown_Sample,20251031_078_pol_pro_Ran_ado_2025_16_Colorado2025.czi,Ran_ado,477.12,5014.0,2758.0,29,28,93.6,0.955,20251031_078_pol_pro_Ran_ado_2025_16_Colorado2025_x004608_y002560
Unknown_Sample,20251031_078_pol_pro_Ran_ado_2025_16_Colorado2025.czi,Ran_ado,611.03,5659.0,3122.0,32,31,106.77,0.963,20251031_078_pol_pro_Ran_ado_2025_16_Colorado2025_x005120_y002560
Unknown_Sample,20251031_078_pol_pro_Ran_ado_2025_16_Colorado2025.czi,Ran_ado,604.87,5521.0,3023.0,33,30,104.43,0.96,20251031_078_pol_pro_Ran_ado_2025_16_Colorado2025_x005120_y002560
Unknown_Sample,20251031_078_pol_pro_Ran_ado_2025_16_Colorado2025.czi,Ran_ado,395.94,5495.0,3081.0,27,24,85.7,0.955,20251031_078_pol_pro_Ran_ado_2025_16_Colorado2025_x005120_y002560
Unknown_Sample,20251031_078_pol_pro_Ran_ado_2025_16_Colorado2025.czi,Ran_ado,610.26,5659.0,3122.0,32,31,106.77,0.963,20251031_078_pol_pro_Ran_ado_2025_16_Colorado2025_x005632_y002560
Unknown_Sample,20251031_078_pol_pro_Ran_ado_2025_16_Colorado2025.czi,Ran_ado,470.97,5793.0,2571.0,30,25,96.63,0.959,20251031_078_pol_pro_Ran_ado_2025_16_Colorado2025_x005632_y002560
Unknown_Sample,20251031_078_pol_pro_Ran_ado_2025_16_Colorado2025.czi,Ran_ado,627.96,7770.0,2775.0,33,31,106.43,0.962,20251031_078_pol_pro_Ran_ado_2025_16_Colorado2025_x007168_y002560
Unknown_Sample,20251031_078_pol_pro_Ran_ado_2025_16_Colorado2025.czi,Ran_ado,627.96,7770.0,2775.0,33,31,106.43,0.962,20251031_078_pol_pro_Ran_ado_2025_16_Colorado2025_x007680_y002560
Unknown_Sample,20251031_078_pol_pro_Ran_ado_2025_16_Colorado2025.czi,Ran_ado,590.25,8526.0,3165.0,31,31,103.6,0.96,20251031_078_pol_pro_Ran_ado_2025_16_Colorado2025_x008192_y002560
Unknown_Sample,20251031_078_pol_pro_Ran_ado_2025_16_Colorado2025.czi,Ran_ado,542.92,9682.0,2637.0,29,31,100.18,0.964,20251031_078_pol_pro_Ran_ado_2025_16_Colorado2025_x009216_y002560
Unknown_Sample,20251031_078_pol_pro_Ran_ado_2025_16_Colorado2025.czi,Ran_ado,592.17,9525.0,2596.0,30,34,105.84,0.953,20251031_078_pol_pro_Ran_ado_2025_16_Colorado2025_x009216_y002560
Unknown_Sample,20251031_078_pol_pro_Ran_ado_2025_16_Colorado2025.czi,Ran_ado,545.61,10016.0,3034.0,30,31,101.6,0.959,20251031_078_pol_pro_Ran_ado_2025_16_Colorado2025_x009728_y002560
Unknown_Sample,20251031_078_pol_pro_Ran_ado_2025_16_Colorado2025.czi,Ran_ado,472.51,11140.0,3083.0,27,29,93.94,0.96,20251031_078_pol_pro_Ran_ado_2025_16_Colorado2025_x010752_y002560
Unknown_Sample,20251031_078_pol_pro_Ran_ado_2025_16_Colorado2025.czi,Ran_ado,490.21,11718.0,3148.0,27,30,93.6,0.957,20251031_078_pol_pro_Ran_ado_2025_16_Colorado2025_x011264_y002560
Unknown_Sample,20251031_078_pol_pro_Ran_ado_2025_16_Colorado2025.czi,Ran_ado,287.04,11711.0,2660.0,21,22,71.46,0.949,20251031_078_pol_pro_Ran_ado_2025_16_Colorado2025_x011264_y002560
Unknown_Sample,20251031_078_pol_pro_Ran_ado_2025_16_Colorado2025.czi,Ran_ado,252.8,11598.0,3192.0,28,15,75.56,0.897,20251031_078_pol_pro_Ran_ado_2025_16_Colorado2025_x011264_y002560
Unknown_Sample,20251031_078_pol_pro_Ran_ado_2025_16_Colorado2025.czi,Ran_ado,482.89,12066.0,2642.0,28,29,94.18,0.957,20251031_078_pol_pro_Ran_ado_2025_16_Colorado2025_x011776_y002560
Unknown_Sample,20251031_078_pol_pro_Ran_ado_2025_16_Colorado2025.czi,Ran_ado,424.41,12279.0,3170.0,25,28,90.87,0.947,20251031_078_pol_pro_Ran_ado_2025_16_Colorado2025_x011776_y002560
Unknown_Sample,20251031_078_pol_pro_Ran_ado_2025_16_Colorado2025.czi,Ran_ado,487.13,12353.0,2776.0,26,30,95.11,0.939,20251031_078_pol_pro_Ran_ado_2025_16_Colorado2025_x011776_y002560
Unknown_Sample,20251031_078_pol_pro_Ran_ado_2025_16_Colorado2025.czi,Ran_ado,467.12,12379.0,2790.0,32,26,94.43,0.927,20251031_078_pol_pro_Ran_ado_2025_16_Colorado2025_x011776_y002560
Unknown_Sample,20251031_078_pol_pro_Ran_ado_2025_16_Colorado2025.czi,Ran_ado,487.13,12353.0,2776.0,26,30,95.11,0.938,20251031_078_pol_pro_Ran_ado_2025_16_Colorado2025_x012288_y002560
Unknown_Sample,20251031_078_pol_pro_Ran_ado_2025_16_Colorado2025.czi,Ran_ado,467.89,12379.0,2790.0,32,26,94.43,0.928,20251031_078_pol_pro_Ran_ado_2025_16_Colorado2025_x012288_y002560
Unknown_Sample,20251031_078_pol_pro_Ran_ado_2025_16_Colorado2025.czi,Ran_ado,541.0,13042.0,2735.0,30,30,100.77,0.958,20251031_078_pol_pro_Ran_ado_2025_16_Colorado2025_x012800_y002560
Unknown_Sample,20251031_078_pol_pro_Ran_ado_2025_16_Colorado2025.czi,Ran_ado,530.22,13104.0,2841.0,31,28,99.94,0.955,20251031_078_pol_pro_Ran_ado_2025_16_Colorado2025_x012800_y002560
Unknown_Sample,20251031_078_pol_pro_Ran_ado_2025_16_Colorado2025.czi,Ran_ado,457.88,13113.0,2995.0,28,27,91.94,0.955,20251031_078_pol_pro_Ran_ado_2025_16_Colorado2025_x012800_y002560
Unknown_Sample,20251031_078_pol_pro_Ran_ado_2025_16_Colorado2025.czi,Ran_ado,525.22,14287.0,2582.0,30,29,98.18,0.958,20251031_078_pol_pro_Ran_ado_2025_16_Colorado2025_x013824_y002560
Unknown_Sample,20251031_078_pol_pro_Ran_ado_2025_16_Colorado2025.czi,Ran_ado,454.04,14130.0,2989.0,26,28,91.11,0.951,20251031_078_pol_pro_Ran_ado_2025_16_Colorado2025_x013824_y002560
Unknown_Sample,20251031_078_pol_pro_Ran_ado_2025_16_Colorado2025.czi,Ran_ado,492.51,14768.0,2661.0,27,30,97.11,0.957,20251031_078_pol_pro_Ran_ado_2025_16_Colorado2025_x014336_y002560
Unknown_Sample,20251031_078_pol_pro_Ran_ado_2025_16_Colorado2025.czi,Ran_ado,469.04,14543.0,3132.0,29,27,93.36,0.957,20251031_078_pol_pro_Ran_ado_2025_16_Colorado2025_x014336_y002560
Unknown_Sample,20251031_078_pol_pro_Ran_ado_2025_16_Colorado2025.czi,Ran_ado,423.64,14868.0,3162.0,27,26,88.53,0.93,20251031_078_pol_pro_Ran_ado_2025_16_Colorado2025_x014336_y002560
Unknown_Sample,20251031_078_pol_pro_Ran_ado_2025_16_Colorado2025.czi,Ran_ado,298.2,14904.0,3191.0,28,17,81.56,0.868,20251031_078_pol_pro_Ran_ado_2025_16_Colorado2025_x014336_y002560
Unknown_Sample,20251031_078_pol_pro_Ran_ado_2025_16_Colorado2025.czi,Ran_ado,459.42,14877.0,3185.0,29,27,101.6,0.849,20251031_078_pol_pro_Ran_ado_2025_16_Colorado2025_x014336_y002560
Unknown_Sample,20251031_078_pol_pro_Ran_ado_2025_16_Colorado2025.czi,Ran_ado,521.76,15324.0,2632.0,30,29,98.77,0.956,20251031_078_pol_pro_Ran_ado_2025_16_Colorado2025_x014848_y002560
Unknown_Sample,20251031_078_pol_pro_Ran_ado_2025_16_Colorado2025.czi,Ran_ado,423.64,14868.0,3162.0,27,26,88.53,0.93,20251031_078_pol_pro_Ran_ado_2025_16_Colorado2025_x014848_y002560
Unknown_Sample,20251031_078_pol_pro_Ran_ado_2025_16_Colorado2025.czi,Ran_ado,298.2,14904.0,3191.0,28,17,81.56,0.867,20251031_078_pol_pro_Ran_ado_2025_16_Colorado2025_x014848_y002560
Unknown_Sample,20251031_078_pol_pro_Ran_ado_2025_16_Colorado2025.czi,Ran_ado,452.88,14877.0,3186.0,29,27,107.01,0.847,20251031_078_pol_pro_Ran_ado_2025_16_Colorado2025_x014848_y002560
Unknown_Sample,20251031_078_pol_pro_Ran_ado_2025_16_Colorado2025.czi,Ran_ado,451.73,15503.0,2710.0,29,26,90.77,0.954,20251031_078_pol_pro_Ran_ado_2025_16_Colorado2025_x015360_y002560
Unknown_Sample,20251031_078_pol_pro_Ran_ado_2025_16_Colorado2025.czi,Ran_ado,525.99,16128.0,2790.0,29,29,98.53,0.94,20251031_078_pol_pro_Ran_ado_2025_16_Colorado2025_x015872_y002560
Unknown_Sample,20251031_078_pol_pro_Ran_ado_2025_16_Colorado2025.czi,Ran_ado,488.67,16074.0,3127.0,31,28,96.43,0.939,20251031_078_pol_pro_Ran_ado_2025_16_Colorado2025_x015872_y002560
Unknown_Sample,20251031_078_pol_pro_Ran_ado_2025_16_Colorado2025.czi,Ran_ado,451.73,16048.0,3120.0,29,27,93.94,0.934,20251031_078_pol_pro_Ran_ado_2025_16_Colorado2025_x015872_y002560
Unknown_Sample,20251031_078_pol_pro_Ran_ado_2025_16_Colorado2025.czi,Ran_ado,541.38,16318.0,2662.0,32,28,100.18,0.925,20251031_078_pol_pro_Ran_ado_2025_16_Colorado2025_x015872_y002560
Unknown_Sample,20251031_078_pol_pro_Ran_ado_2025_16_Colorado2025.czi,Ran_ado,478.28,16309.0,3176.0,27,29,93.36,0.854,20251031_078_pol_pro_Ran_ado_2025_16_Colorado2025_x015872_y002560
Unknown_Sample,20251031_078_pol_pro_Ran_ado_2025_16_Colorado2025.czi,Ran_ado,754.93,733.0,3289.0,35,35,116.08,0.965,20251031_078_pol_pro_Ran_ado_2025_16_Colorado2025_x000512_y003072
Unknown_Sample,20251031_078_pol_pro_Ran_ado_2025_16_Colorado2025.czi,Ran_ado,707.22,1161.0,3365.0,35,33,113.25,0.96,20251031_078_pol_pro_Ran_ado_2025_16_Colorado2025_x001024_y003072
Unknown_Sample,20251031_078_pol_pro_Ran_ado_2025_16_Colorado2025.czi,Ran_ado,597.56,2117.0,3499.0,33,30,105.01,0.953,20251031_078_pol_pro_Ran_ado_2025_16_Colorado2025_x001536_y003072
Unknown_Sample,20251031_078_pol_pro_Ran_ado_2025_16_Colorado2025.czi,Ran_ado,567.55,2163.0,3615.0,27,33,107.21,0.938,20251031_078_pol_pro_Ran_ado_2025_16_Colorado2025_x001536_y003072
Unknown_Sample,20251031_078_pol_pro_Ran_ado_2025_16_Colorado2025.czi,Ran_ado,652.97,1865.0,3594.0,32,34,111.01,0.921,20251031_078_pol_pro_Ran_ado_2025_16_Colorado2025_x001536_y003072
Unknown_Sample,20251031_078_pol_pro_Ran_ado_2025_16_Colorado2025.czi,Ran_ado,673.74,1894.0,3583.0,34,35,113.5,0.916,20251031_078_pol_pro_Ran_ado_2025_16_Colorado2025_x001536_y003072
Unknown_Sample,20251031_078_pol_pro_Ran_ado_2025_16_Colorado2025.czi,Ran_ado,597.56,2117.0,3499.0,33,30,105.01,0.954,20251031_078_pol_pro_Ran_ado_2025_16_Colorado2025_x002048_y003072
Unknown_Sample,20251031_078_pol_pro_Ran_ado_2025_16_Colorado2025.czi,Ran_ado,571.39,2194.0,3625.0,35,29,105.84,0.934,20251031_078_pol_pro_Ran_ado_2025_16_Colorado2025_x002048_y003072
Unknown_Sample,20251031_078_pol_pro_Ran_ado_2025_16_Colorado2025.czi,Ran_ado,653.35,2164.0,3615.0,34,33,111.25,0.933,20251031_078_pol_pro_Ran_ado_2025_16_Colorado2025_x002048_y003072
Unknown_Sample,20251031_078_pol_pro_Ran_ado_2025_16_Colorado2025.czi,Ran_ado,682.98,3075.0,3329.0,32,35,111.84,0.963,20251031_078_pol_pro_Ran_ado_2025_16_Colorado2025_x002560_y003072
Unknown_Sample,20251031_078_pol_pro_Ran_ado_2025_16_Colorado2025.czi,Ran_ado,650.27,3378.0,3419.0,33,32,108.43,0.964,20251031_078_pol_pro_Ran_ado_2025_16_Colorado2025_x003072_y003072
Unknown_Sample,20251031_078_pol_pro_Ran_ado_2025_16_Colorado2025.czi,Ran_ado,696.06,3482.0,3550.0,34,33,111.84,0.961,20251031_078_pol_pro_Ran_ado_2025_16_Colorado2025_x003072_y003072
Unknown_Sample,20251031_078_pol_pro_Ran_ado_2025_16_Colorado2025.czi,Ran_ado,611.03,3598.0,3333.0,33,30,105.6,0.961,20251031_078_pol_pro_Ran_ado_2025_16_Colorado2025_x003072_y003072
Unknown_Sample,20251031_078_pol_pro_Ran_ado_2025_16_Colorado2025.czi,Ran_ado,401.71,3080.0,3329.0,19,35,93.46,0.958,20251031_078_pol_pro_Ran_ado_2025_16_Colorado2025_x003072_y003072
Unknown_Sample,20251031_078_pol_pro_Ran_ado_2025_16_Colorado2025.czi,Ran_ado,582.94,3599.0,3333.0,31,30,104.53,0.962,20251031_078_pol_pro_Ran_ado_2025_16_Colorado2025_x003584_y003072
Unknown_Sample,20251031_078_pol_pro_Ran_ado_2025_16_Colorado2025.czi,Ran_ado,495.21,3990.0,3141.0,27,31,96.18,0.958,20251031_078_pol_pro_Ran_ado_2025_16_Colorado2025_x003584_y003072
Unknown_Sample,20251031_078_pol_pro_Ran_ado_2025_16_Colorado2025.czi,Ran_ado,332.45,4468.0,3165.0,22,25,79.46,0.947,20251031_078_pol_pro_Ran_ado_2025_16_Colorado2025_x004096_y003072
Unknown_Sample,20251031_078_pol_pro_Ran_ado_2025_16_Colorado2025.czi,Ran_ado,696.83,4522.0,3603.0,34,34,113.84,0.939,20251031_078_pol_pro_Ran_ado_2025_16_Colorado2025_x004096_y003072
Unknown_Sample,20251031_078_pol_pro_Ran_ado_2025_16_Colorado2025.czi,Ran_ado,720.3,4551.0,3621.0,35,36,115.74,0.92,20251031_078_pol_pro_Ran_ado_2025_16_Colorado2025_x004096_y003072
Unknown_Sample,20251031_078_pol_pro_Ran_ado_2025_16_Colorado2025.czi,Ran_ado,637.58,5118.0,3302.0,34,31,107.84,0.958,20251031_078_pol_pro_Ran_ado_2025_16_Colorado2025_x004608_y003072
Unknown_Sample,20251031_078_pol_pro_Ran_ado_2025_16_Colorado2025.czi,Ran_ado,610.26,5659.0,3122.0,32,31,106.77,0.963,20251031_078_pol_pro_Ran_ado_2025_16_Colorado2025_x005120_y003072
Unknown_Sample,20251031_078_pol_pro_Ran_ado_2025_16_Colorado2025.czi,Ran_ado,355.15,5495.0,3082.0,27,21,83.21,0.958,20251031_078_pol_pro_Ran_ado_2025_16_Colorado2025_x005120_y003072
Unknown_Sample,20251031_078_pol_pro_Ran_ado_2025_16_Colorado2025.czi,Ran_ado,247.41,5127.0,3301.0,15,31,78.04,0.943,20251031_078_pol_pro_Ran_ado_2025_16_Colorado2025_x005120_y003072
Unknown_Sample,20251031_078_pol_pro_Ran_ado_2025_16_Colorado2025.czi,Ran_ado,610.26,5659.0,3122.0,32,31,106.77,0.963,20251031_078_pol_pro_Ran_ado_2025_16_Colorado2025_x005632_y003072
Unknown_Sample,20251031_078_pol_pro_Ran_ado_2025_16_Colorado2025.czi,Ran_ado,582.55,6105.0,3319.0,29,32,103.94,0.963,20251031_078_pol_pro_Ran_ado_2025_16_Colorado2025_x005632_y003072
Unknown_Sample,20251031_078_pol_pro_Ran_ado_2025_16_Colorado2025.czi,Ran_ado,607.56,6160.0,3465.0,30,33,105.01,0.958,20251031_078_pol_pro_Ran_ado_2025_16_Colorado2025_x005632_y003072
Unknown_Sample,20251031_078_pol_pro_Ran_ado_2025_16_Colorado2025.czi,Ran_ado,513.29,6461.0,3631.0,30,29,97.6,0.958,20251031_078_pol_pro_Ran_ado_2025_16_Colorado2025_x006144_y003072
Unknown_Sample,20251031_078_pol_pro_Ran_ado_2025_16_Colorado2025.czi,Ran_ado,613.72,6160.0,3465.0,30,33,106.18,0.957,20251031_078_pol_pro_Ran_ado_2025_16_Colorado2025_x006144_y003072
Unknown_Sample,20251031_078_pol_pro_Ran_ado_2025_16_Colorado2025.czi,Ran_ado,638.34,7080.0,3578.0,33,32,107.84,0.962,20251031_078_pol_pro_Ran_ado_2025_16_Colorado2025_x006656_y003072
Unknown_Sample,20251031_078_pol_pro_Ran_ado_2025_16_Colorado2025.czi,Ran_ado,569.08,7008.0,3665.0,30,31,101.01,0.958,20251031_078_pol_pro_Ran_ado_2025_16_Colorado2025_x006656_y003072
Unknown_Sample,20251031_078_pol_pro_Ran_ado_2025_16_Colorado2025.czi,Ran_ado,479.82,7063.0,3522.0,28,28,94.53,0.958,20251031_078_pol_pro_Ran_ado_2025_16_Colorado2025_x006656_y003072
Unknown_Sample,20251031_078_pol_pro_Ran_ado_2025_16_Colorado2025.czi,Ran_ado,591.02,8526.0,3165.0,31,31,103.6,0.961,20251031_078_pol_pro_Ran_ado_2025_16_Colorado2025_x008192_y003072
Unknown_Sample,20251031_078_pol_pro_Ran_ado_2025_16_Colorado2025.czi,Ran_ado,580.63,8711.0,3334.0,31,31,103.01,0.959,20251031_078_pol_pro_Ran_ado_2025_16_Colorado2025_x008192_y003072
Unknown_Sample,20251031_078_pol_pro_Ran_ado_2025_16_Colorado2025.czi,Ran_ado,449.03,8715.0,3334.0,23,31,94.04,0.963,20251031_078_pol_pro_Ran_ado_2025_16_Colorado2025_x008704_y003072
Unknown_Sample,20251031_078_pol_pro_Ran_ado_2025_16_Colorado2025.czi,Ran_ado,332.45,8916.0,3703.0,30,18,83.8,0.918,20251031_078_pol_pro_Ran_ado_2025_16_Colorado2025_x008704_y003072
Unknown_Sample,20251031_078_pol_pro_Ran_ado_2025_16_Colorado2025.czi,Ran_ado,626.03,9650.0,3517.0,32,32,107.01,0.964,20251031_078_pol_pro_Ran_ado_2025_16_Colorado2025_x009216_y003072
Unknown_Sample,20251031_078_pol_pro_Ran_ado_2025_16_Colorado2025.czi,Ran_ado,589.86,9553.0,3696.0,32,30,104.18,0.953,20251031_078_pol_pro_Ran_ado_2025_16_Colorado2025_x009216_y003072
Unknown_Sample,20251031_078_pol_pro_Ran_ado_2025_16_Colorado2025.czi,Ran_ado,441.72,10151.0,3669.0,27,27,91.11,0.96,20251031_078_pol_pro_Ran_ado_2025_16_Colorado2025_x009728_y003072
Unknown_Sample,20251031_078_pol_pro_Ran_ado_2025_16_Colorado2025.czi,Ran_ado,583.32,10601.0,3446.0,31,31,103.6,0.961,20251031_078_pol_pro_Ran_ado_2025_16_Colorado2025_x010240_y003072
Unknown_Sample,20251031_078_pol_pro_Ran_ado_2025_16_Colorado2025.czi,Ran_ado,436.72,11140.0,3084.0,27,26,92.04,0.963,20251031_078_pol_pro_Ran_ado_2025_16_Colorado2025_x010752_y003072
Unknown_Sample,20251031_078_pol_pro_Ran_ado_2025_16_Colorado2025.czi,Ran_ado,594.48,11238.0,3461.0,32,30,104.18,0.961,20251031_078_pol_pro_Ran_ado_2025_16_Colorado2025_x010752_y003072
Unknown_Sample,20251031_078_pol_pro_Ran_ado_2025_16_Colorado2025.czi,Ran_ado,529.45,11340.0,3369.0,29,29,99.11,0.961,20251031_078_pol_pro_Ran_ado_2025_16_Colorado2025_x010752_y003072
Unknown_Sample,20251031_078_pol_pro_Ran_ado_2025_16_Colorado2025.czi,Ran_ado,479.82,11597.0,3198.0,28,29,95.36,0.962,20251031_078_pol_pro_Ran_ado_2025_16_Colorado2025_x011264_y003072
Unknown_Sample,20251031_078_pol_pro_Ran_ado_2025_16_Colorado2025.czi,Ran_ado,527.91,11340.0,3369.0,29,29,99.11,0.961,20251031_078_pol_pro_Ran_ado_2025_16_Colorado2025_x011264_y003072
Unknown_Sample,20251031_078_pol_pro_Ran_ado_2025_16_Colorado2025.czi,Ran_ado,538.3,11585.0,3458.0,33,28,101.01,0.958,20251031_078_pol_pro_Ran_ado_2025_16_Colorado2025_x011264_y003072
Unknown_Sample,20251031_078_pol_pro_Ran_ado_2025_16_Colorado2025.czi,Ran_ado,490.98,11717.0,3148.0,27,30,93.6,0.957,20251031_078_pol_pro_Ran_ado_2025_16_Colorado2025_x011264_y003072
Unknown_Sample,20251031_078_pol_pro_Ran_ado_2025_16_Colorado2025.czi,Ran_ado,528.3,12113.0,3649.0,31,28,99.36,0.961,20251031_078_pol_pro_Ran_ado_2025_16_Colorado2025_x011776_y003072
Unknown_Sample,20251031_078_pol_pro_Ran_ado_2025_16_Colorado2025.czi,Ran_ado,446.34,12366.0,3509.0,26,28,88.77,0.958,20251031_078_pol_pro_Ran_ado_2025_16_Colorado2025_x011776_y003072
Unknown_Sample,20251031_078_pol_pro_Ran_ado_2025_16_Colorado2025.czi,Ran_ado,500.21,12078.0,3479.0,31,27,96.77,0.955,20251031_078_pol_pro_Ran_ado_2025_16_Colorado2025_x011776_y003072
Unknown_Sample,20251031_078_pol_pro_Ran_ado_2025_16_Colorado2025.czi,Ran_ado,435.18,12278.0,3170.0,25,28,89.7,0.954,20251031_078_pol_pro_Ran_ado_2025_16_Colorado2025_x011776_y003072
Unknown_Sample,20251031_078_pol_pro_Ran_ado_2025_16_Colorado2025.czi,Ran_ado,551.77,12087.0,3447.0,31,29,100.77,0.953,20251031_078_pol_pro_Ran_ado_2025_16_Colorado2025_x011776_y003072
Unknown_Sample,20251031_078_pol_pro_Ran_ado_2025_16_Colorado2025.czi,Ran_ado,447.11,12366.0,3509.0,27,28,89.6,0.958,20251031_078_pol_pro_Ran_ado_2025_16_Colorado2025_x012288_y003072
Unknown_Sample,20251031_078_pol_pro_Ran_ado_2025_16_Colorado2025.czi,Ran_ado,475.97,13107.0,3577.0,28,28,93.36,0.955,20251031_078_pol_pro_Ran_ado_2025_16_Colorado2025_x012800_y003072
Unknown_Sample,20251031_078_pol_pro_Ran_ado_2025_16_Colorado2025.czi,Ran_ado,477.89,13801.0,3550.0,30,27,94.77,0.959,20251031_078_pol_pro_Ran_ado_2025_16_Colorado2025_x013312_y003072
Unknown_Sample,20251031_078_pol_pro_Ran_ado_2025_16_Colorado2025.czi,Ran_ado,553.69,13644.0,3429.0,31,29,101.36,0.955,20251031_078_pol_pro_Ran_ado_2025_16_Colorado2025_x013312_y003072
Unknown_Sample,20251031_078_pol_pro_Ran_ado_2025_16_Colorado2025.czi,Ran_ado,469.04,14543.0,3132.0,29,27,93.36,0.955,20251031_078_pol_pro_Ran_ado_2025_16_Colorado2025_x014336_y003072
Unknown_Sample,20251031_078_pol_pro_Ran_ado_2025_16_Colorado2025.czi,Ran_ado,459.04,14521.0,3611.0,27,28,91.36,0.953,20251031_078_pol_pro_Ran_ado_2025_16_Colorado2025_x014336_y003072
Unknown_Sample,20251031_078_pol_pro_Ran_ado_2025_16_Colorado2025.czi,Ran_ado,425.95,14868.0,3162.0,27,26,88.53,0.931,20251031_078_pol_pro_Ran_ado_2025_16_Colorado2025_x014336_y003072
Unknown_Sample,20251031_078_pol_pro_Ran_ado_2025_16_Colorado2025.czi,Ran_ado,436.34,14905.0,3195.0,28,27,92.77,0.922,20251031_078_pol_pro_Ran_ado_2025_16_Colorado2025_x014336_y003072
Unknown_Sample,20251031_078_pol_pro_Ran_ado_2025_16_Colorado2025.czi,Ran_ado,442.11,14857.0,3205.0,27,28,90.18,0.885,20251031_078_pol_pro_Ran_ado_2025_16_Colorado2025_x014336_y003072
Unknown_Sample,20251031_078_pol_pro_Ran_ado_2025_16_Colorado2025.czi,Ran_ado,482.89,14876.0,3185.0,30,28,104.18,0.856,20251031_078_pol_pro_Ran_ado_2025_16_Colorado2025_x014336_y003072
Unknown_Sample,20251031_078_pol_pro_Ran_ado_2025_16_Colorado2025.czi,Ran_ado,424.41,14868.0,3162.0,27,26,88.53,0.932,20251031_078_pol_pro_Ran_ado_2025_16_Colorado2025_x014848_y003072
Unknown_Sample,20251031_078_pol_pro_Ran_ado_2025_16_Colorado2025.czi,Ran_ado,437.11,14905.0,3195.0,28,27,92.77,0.922,20251031_078_pol_pro_Ran_ado_2025_16_Colorado2025_x014848_y003072
Unknown_Sample,20251031_078_pol_pro_Ran_ado_2025_16_Colorado2025.czi,Ran_ado,404.02,14859.0,3205.0,23,28,89.46,0.895,20251031_078_pol_pro_Ran_ado_2025_16_Colorado2025_x014848_y003072
Unknown_Sample,20251031_078_pol_pro_Ran_ado_2025_16_Colorado2025.czi,Ran_ado,474.04,14877.0,3185.0,30,28,103.6,0.854,20251031_078_pol_pro_Ran_ado_2025_16_Colorado2025_x014848_y003072
Unknown_Sample,20251031_078_pol_pro_Ran_ado_2025_16_Colorado2025.czi,Ran_ado,488.67,16074.0,3127.0,31,28,96.43,0.939,20251031_078_pol_pro_Ran_ado_2025_16_Colorado2025_x015872_y003072
Unknown_Sample,20251031_078_pol_pro_Ran_ado_2025_16_Colorado2025.czi,Ran_ado,451.73,16048.0,3120.0,29,27,93.94,0.934,20251031_078_pol_pro_Ran_ado_2025_16_Colorado2025_x015872_y003072
Unknown_Sample,20251031_078_pol_pro_Ran_ado_2025_16_Colorado2025.czi,Ran_ado,478.28,16309.0,3176.0,27,29,93.36,0.892,20251031_078_pol_pro_Ran_ado_2025_16_Colorado2025_x015872_y003072
Unknown_Sample,20251031_078_pol_pro_Ran_ado_2025_16_Colorado2025.czi,Ran_ado,504.06,16590.0,3254.0,29,28,95.94,0.887,20251031_078_pol_pro_Ran_ado_2025_16_Colorado2025_x016384_y003072
Unknown_Sample,20251031_078_pol_pro_Ran_ado_2025_16_Colorado2025.czi,Ran_ado,467.89,16598.0,3434.0,28,27,93.11,0.791,20251031_078_pol_pro_Ran_ado_2025_16_Colorado2025_x016384_y003072
Unknown_Sample,20251031_078_pol_pro_Ran_ado_2025_16_Colorado2025.czi,Ran_ado,535.61,16621.0,3205.0,31,28,99.94,0.652,20251031_078_pol_pro_Ran_ado_2025_16_Colorado2025_x016384_y003072
Unknown_Sample,20251031_078_pol_pro_Ran_ado_2025_16_Colorado2025.czi,Ran_ado,812.26,750.0,4080.0,37,37,121.15,0.964,20251031_078_pol_pro_Ran_ado_2025_16_Colorado2025_x000512_y003584
Unknown_Sample,20251031_078_pol_pro_Ran_ado_2025_16_Colorado2025.czi,Ran_ado,519.83,1864.0,3597.0,31,27,100.87,0.941,20251031_078_pol_pro_Ran_ado_2025_16_Colorado2025_x001536_y003584
Unknown_Sample,20251031_078_pol_pro_Ran_ado_2025_16_Colorado2025.czi,Ran_ado,568.7,2163.0,3615.0,27,33,106.63,0.938,20251031_078_pol_pro_Ran_ado_2025_16_Colorado2025_x001536_y003584
Unknown_Sample,20251031_078_pol_pro_Ran_ado_2025_16_Colorado2025.czi,Ran_ado,328.21,1893.0,3591.0,35,17,88.87,0.907,20251031_078_pol_pro_Ran_ado_2025_16_Colorado2025_x001536_y003584
Unknown_Sample,20251031_078_pol_pro_Ran_ado_2025_16_Colorado2025.czi,Ran_ado,696.06,2404.0,3897.0,34,34,112.67,0.963,20251031_078_pol_pro_Ran_ado_2025_16_Colorado2025_x002048_y003584
Unknown_Sample,20251031_078_pol_pro_Ran_ado_2025_16_Colorado2025.czi,Ran_ado,726.46,2333.0,4175.0,36,33,115.25,0.961,20251031_078_pol_pro_Ran_ado_2025_16_Colorado2025_x002048_y003584
Unknown_Sample,20251031_078_pol_pro_Ran_ado_2025_16_Colorado2025.czi,Ran_ado,651.81,2164.0,3615.0,34,33,111.25,0.934,20251031_078_pol_pro_Ran_ado_2025_16_Colorado2025_x002048_y003584
Unknown_Sample,20251031_078_pol_pro_Ran_ado_2025_16_Colorado2025.czi,Ran_ado,569.08,2194.0,3625.0,34,29,103.84,0.933,20251031_078_pol_pro_Ran_ado_2025_16_Colorado2025_x002048_y003584
Unknown_Sample,20251031_078_pol_pro_Ran_ado_2025_16_Colorado2025.czi,Ran_ado,734.54,3546.0,3797.0,34,35,114.67,0.963,20251031_078_pol_pro_Ran_ado_2025_16_Colorado2025_x003072_y003584
Unknown_Sample,20251031_078_pol_pro_Ran_ado_2025_16_Colorado2025.czi,Ran_ado,816.5,3397.0,4171.0,36,37,120.91,0.962,20251031_078_pol_pro_Ran_ado_2025_16_Colorado2025_x003072_y003584
Unknown_Sample,20251031_078_pol_pro_Ran_ado_2025_16_Colorado2025.czi,Ran_ado,464.43,3456.0,4033.0,26,31,94.18,0.954,20251031_078_pol_pro_Ran_ado_2025_16_Colorado2025_x003072_y003584
Unknown_Sample,20251031_078_pol_pro_Ran_ado_2025_16_Colorado2025.czi,Ran_ado,703.76,3897.0,3924.0,34,34,113.84,0.964,20251031_078_pol_pro_Ran_ado_2025_16_Colorado2025_x003584_y003584
Unknown_Sample,20251031_078_pol_pro_Ran_ado_2025_16_Colorado2025.czi,Ran_ado,234.33,3821.0,4214.0,19,20,69.9,0.918,20251031_078_pol_pro_Ran_ado_2025_16_Colorado2025_x003584_y003584
Unknown_Sample,20251031_078_pol_pro_Ran_ado_2025_16_Colorado2025.czi,Ran_ado,699.52,4522.0,3603.0,34,34,115.6,0.94,20251031_078_pol_pro_Ran_ado_2025_16_Colorado2025_x004096_y003584
Unknown_Sample,20251031_078_pol_pro_Ran_ado_2025_16_Colorado2025.czi,Ran_ado,720.69,4551.0,3621.0,35,36,116.33,0.921,20251031_078_pol_pro_Ran_ado_2025_16_Colorado2025_x004096_y003584
Unknown_Sample,20251031_078_pol_pro_Ran_ado_2025_16_Colorado2025.czi,Ran_ado,606.02,5088.0,3914.0,31,32,105.01,0.963,20251031_078_pol_pro_Ran_ado_2025_16_Colorado2025_x004608_y003584
Unknown_Sample,20251031_078_pol_pro_Ran_ado_2025_16_Colorado2025.czi,Ran_ado,630.26,5794.0,4067.0,31,34,107.25,0.964,20251031_078_pol_pro_Ran_ado_2025_16_Colorado2025_x005632_y003584
Unknown_Sample,20251031_078_pol_pro_Ran_ado_2025_16_Colorado2025.czi,Ran_ado,588.71,6684.0,4149.0,32,32,105.25,0.96,20251031_078_pol_pro_Ran_ado_2025_16_Colorado2025_x006144_y003584
Unknown_Sample,20251031_078_pol_pro_Ran_ado_2025_16_Colorado2025.czi,Ran_ado,513.29,6461.0,3631.0,30,29,97.6,0.958,20251031_078_pol_pro_Ran_ado_2025_16_Colorado2025_x006144_y003584
Unknown_Sample,20251031_078_pol_pro_Ran_ado_2025_16_Colorado2025.czi,Ran_ado,588.71,6684.0,4149.0,32,32,105.25,0.96,20251031_078_pol_pro_Ran_ado_2025_16_Colorado2025_x006656_y003584
Unknown_Sample,20251031_078_pol_pro_Ran_ado_2025_16_Colorado2025.czi,Ran_ado,569.08,7008.0,3665.0,30,31,101.01,0.958,20251031_078_pol_pro_Ran_ado_2025_16_Colorado2025_x006656_y003584
Unknown_Sample,20251031_078_pol_pro_Ran_ado_2025_16_Colorado2025.czi,Ran_ado,146.6,7079.0,3588.0,29,10,66.38,0.935,20251031_078_pol_pro_Ran_ado_2025_16_Colorado2025_x006656_y003584
Unknown_Sample,20251031_078_pol_pro_Ran_ado_2025_16_Colorado2025.czi,Ran_ado,540.23,8364.0,4179.0,29,30,98.77,0.962,20251031_078_pol_pro_Ran_ado_2025_16_Colorado2025_x008192_y003584
Unknown_Sample,20251031_078_pol_pro_Ran_ado_2025_16_Colorado2025.czi,Ran_ado,509.83,8580.0,4115.0,29,29,96.18,0.959,20251031_078_pol_pro_Ran_ado_2025_16_Colorado2025_x008192_y003584
Unknown_Sample,20251031_078_pol_pro_Ran_ado_2025_16_Colorado2025.czi,Ran_ado,557.93,8922.0,4071.0,32,29,101.6,0.963,20251031_078_pol_pro_Ran_ado_2025_16_Colorado2025_x008704_y003584
Unknown_Sample,20251031_078_pol_pro_Ran_ado_2025_16_Colorado2025.czi,Ran_ado,626.8,8986.0,4144.0,33,31,107.01,0.963,20251031_078_pol_pro_Ran_ado_2025_16_Colorado2025_x008704_y003584
Unknown_Sample,20251031_078_pol_pro_Ran_ado_2025_16_Colorado2025.czi,Ran_ado,583.71,8916.0,3709.0,30,32,101.84,0.961,20251031_078_pol_pro_Ran_ado_2025_16_Colorado2025_x008704_y003584
Unknown_Sample,20251031_078_pol_pro_Ran_ado_2025_16_Colorado2025.czi,Ran_ado,448.26,9333.0,4039.0,22,31,94.38,0.94,20251031_078_pol_pro_Ran_ado_2025_16_Colorado2025_x008704_y003584
Unknown_Sample,20251031_078_pol_pro_Ran_ado_2025_16_Colorado2025.czi,Ran_ado,442.11,8881.0,3924.0,27,27,91.7,0.935,20251031_078_pol_pro_Ran_ado_2025_16_Colorado2025_x008704_y003584
Unknown_Sample,20251031_078_pol_pro_Ran_ado_2025_16_Colorado2025.czi,Ran_ado,424.79,8883.0,3951.0,26,28,89.94,0.926,20251031_078_pol_pro_Ran_ado_2025_16_Colorado2025_x008704_y003584
Unknown_Sample,20251031_078_pol_pro_Ran_ado_2025_16_Colorado2025.czi,Ran_ado,522.14,9718.0,3877.0,30,29,98.18,0.962,20251031_078_pol_pro_Ran_ado_2025_16_Colorado2025_x009216_y003584
Unknown_Sample,20251031_078_pol_pro_Ran_ado_2025_16_Colorado2025.czi,Ran_ado,570.62,9335.0,4039.0,30,31,102.18,0.961,20251031_078_pol_pro_Ran_ado_2025_16_Colorado2025_x009216_y003584
Unknown_Sample,20251031_078_pol_pro_Ran_ado_2025_16_Colorado2025.czi,Ran_ado,593.33,9553.0,3696.0,32,32,105.25,0.961,20251031_078_pol_pro_Ran_ado_2025_16_Colorado2025_x009216_y003584
Unknown_Sample,20251031_078_pol_pro_Ran_ado_2025_16_Colorado2025.czi,Ran_ado,531.38,10029.0,3907.0,29,30,100.53,0.963,20251031_078_pol_pro_Ran_ado_2025_16_Colorado2025_x009728_y003584
Unknown_Sample,20251031_078_pol_pro_Ran_ado_2025_16_Colorado2025.czi,Ran_ado,441.34,10151.0,3669.0,27,27,90.53,0.961,20251031_078_pol_pro_Ran_ado_2025_16_Colorado2025_x009728_y003584
Unknown_Sample,20251031_078_pol_pro_Ran_ado_2025_16_Colorado2025.czi,Ran_ado,596.4,10487.0,3944.0,32,30,103.6,0.963,20251031_078_pol_pro_Ran_ado_2025_16_Colorado2025_x010240_y003584
Unknown_Sample,20251031_078_pol_pro_Ran_ado_2025_16_Colorado2025.czi,Ran_ado,465.2,11077.0,4110.0,28,26,91.7,0.96,20251031_078_pol_pro_Ran_ado_2025_16_Colorado2025_x010752_y003584
Unknown_Sample,20251031_078_pol_pro_Ran_ado_2025_16_Colorado2025.czi,Ran_ado,576.4,11966.0,3969.0,31,31,103.6,0.962,20251031_078_pol_pro_Ran_ado_2025_16_Colorado2025_x011776_y003584
Unknown_Sample,20251031_078_pol_pro_Ran_ado_2025_16_Colorado2025.czi,Ran_ado,583.32,12024.0,3758.0,30,32,102.43,0.961,20251031_078_pol_pro_Ran_ado_2025_16_Colorado2025_x011776_y003584
Unknown_Sample,20251031_078_pol_pro_Ran_ado_2025_16_Colorado2025.czi,Ran_ado,528.3,12113.0,3649.0,31,28,99.36,0.961,20251031_078_pol_pro_Ran_ado_2025_16_Colorado2025_x011776_y003584
Unknown_Sample,20251031_078_pol_pro_Ran_ado_2025_16_Colorado2025.czi,Ran_ado,501.36,12909.0,4170.0,29,29,98.53,0.956,20251031_078_pol_pro_Ran_ado_2025_16_Colorado2025_x012288_y003584
Unknown_Sample,20251031_078_pol_pro_Ran_ado_2025_16_Colorado2025.czi,Ran_ado,519.06,12908.0,4170.0,30,29,99.36,0.96,20251031_078_pol_pro_Ran_ado_2025_16_Colorado2025_x012800_y003584
Unknown_Sample,20251031_078_pol_pro_Ran_ado_2025_16_Colorado2025.czi,Ran_ado,290.89,13005.0,4214.0,25,18,77.31,0.92,20251031_078_pol_pro_Ran_ado_2025_16_Colorado2025_x012800_y003584
Unknown_Sample,20251031_078_pol_pro_Ran_ado_2025_16_Colorado2025.czi,Ran_ado,519.45,13758.0,3976.0,28,30,99.11,0.961,20251031_078_pol_pro_Ran_ado_2025_16_Colorado2025_x013312_y003584
Unknown_Sample,20251031_078_pol_pro_Ran_ado_2025_16_Colorado2025.czi,Ran_ado,502.52,13895.0,3862.0,31,26,95.94,0.958,20251031_078_pol_pro_Ran_ado_2025_16_Colorado2025_x013312_y003584
Unknown_Sample,20251031_078_pol_pro_Ran_ado_2025_16_Colorado2025.czi,Ran_ado,503.29,13895.0,3863.0,31,26,95.94,0.958,20251031_078_pol_pro_Ran_ado_2025_16_Colorado2025_x013824_y003584
Unknown_Sample,20251031_078_pol_pro_Ran_ado_2025_16_Colorado2025.czi,Ran_ado,476.35,14756.0,3999.0,29,27,93.94,0.96,20251031_078_pol_pro_Ran_ado_2025_16_Colorado2025_x014336_y003584
Unknown_Sample,20251031_078_pol_pro_Ran_ado_2025_16_Colorado2025.czi,Ran_ado,516.37,14635.0,3858.0,29,30,97.6,0.959,20251031_078_pol_pro_Ran_ado_2025_16_Colorado2025_x014336_y003584
Unknown_Sample,20251031_078_pol_pro_Ran_ado_2025_16_Colorado2025.czi,Ran_ado,459.04,14521.0,3611.0,27,28,91.36,0.954,20251031_078_pol_pro_Ran_ado_2025_16_Colorado2025_x014336_y003584
Unknown_Sample,20251031_078_pol_pro_Ran_ado_2025_16_Colorado2025.czi,Ran_ado,465.58,14673.0,3832.0,29,27,92.77,0.93,20251031_078_pol_pro_Ran_ado_2025_16_Colorado2025_x014336_y003584
Unknown_Sample,20251031_078_pol_pro_Ran_ado_2025_16_Colorado2025.czi,Ran_ado,418.64,14670.0,3807.0,26,26,88.28,0.926,20251031_078_pol_pro_Ran_ado_2025_16_Colorado2025_x014336_y003584
Unknown_Sample,20251031_078_pol_pro_Ran_ado_2025_16_Colorado2025.czi,Ran_ado,357.07,15131.0,3936.0,29,21,83.11,0.927,20251031_078_pol_pro_Ran_ado_2025_16_Colorado2025_x014848_y003584
Unknown_Sample,20251031_078_pol_pro_Ran_ado_2025_16_Colorado2025.czi,Ran_ado,509.06,15154.0,3958.0,31,30,114.33,0.919,20251031_078_pol_pro_Ran_ado_2025_16_Colorado2025_x014848_y003584
Unknown_Sample,20251031_078_pol_pro_Ran_ado_2025_16_Colorado2025.czi,Ran_ado,438.26,15668.0,4074.0,28,26,89.36,0.957,20251031_078_pol_pro_Ran_ado_2025_16_Colorado2025_x015360_y003584
Unknown_Sample,20251031_078_pol_pro_Ran_ado_2025_16_Colorado2025.czi,Ran_ado,474.04,15687.0,4129.0,30,26,92.77,0.956,20251031_078_pol_pro_Ran_ado_2025_16_Colorado2025_x015360_y003584
Unknown_Sample,20251031_078_pol_pro_Ran_ado_2025_16_Colorado2025.czi,Ran_ado,566.78,16320.0,4067.0,30,31,102.18,0.96,20251031_078_pol_pro_Ran_ado_2025_16_Colorado2025_x015872_y003584
Unknown_Sample,20251031_078_pol_pro_Ran_ado_2025_16_Colorado2025.czi,Ran_ado,505.98,16264.0,3901.0,29,28,96.53,0.958,20251031_078_pol_pro_Ran_ado_2025_16_Colorado2025_x015872_y003584
Unknown_Sample,20251031_078_pol_pro_Ran_ado_2025_16_Colorado2025.czi,Ran_ado,446.73,16231.0,4001.0,27,27,91.7,0.955,20251031_078_pol_pro_Ran_ado_2025_16_Colorado2025_x015872_y003584
Unknown_Sample,20251031_078_pol_pro_Ran_ado_2025_16_Colorado2025.czi,Ran_ado,488.28,16376.0,3731.0,30,27,95.36,0.943,20251031_078_pol_pro_Ran_ado_2025_16_Colorado2025_x015872_y003584
Unknown_Sample,20251031_078_pol_pro_Ran_ado_2025_16_Colorado2025.czi,Ran_ado,927.31,1903.0,4585.0,39,40,131.74,0.963,20251031_078_pol_pro_Ran_ado_2025_16_Colorado2025_x001536_y004096
Unknown_Sample,20251031_078_pol_pro_Ran_ado_2025_16_Colorado2025.czi,Ran_ado,742.23,2161.0,4305.0,30,38,120.87,0.949,20251031_078_pol_pro_Ran_ado_2025_16_Colorado2025_x001536_y004096
Unknown_Sample,20251031_078_pol_pro_Ran_ado_2025_16_Colorado2025.czi,Ran_ado,725.69,2333.0,4174.0,36,33,115.25,0.961,20251031_078_pol_pro_Ran_ado_2025_16_Colorado2025_x002048_y004096
Unknown_Sample,20251031_078_pol_pro_Ran_ado_2025_16_Colorado2025.czi,Ran_ado,870.36,2163.0,4305.0,38,38,125.74,0.956,20251031_078_pol_pro_Ran_ado_2025_16_Colorado2025_x002048_y004096
Unknown_Sample,20251031_078_pol_pro_Ran_ado_2025_16_Colorado2025.czi,Ran_ado,763.01,3400.0,4583.0,38,33,118.67,0.963,20251031_078_pol_pro_Ran_ado_2025_16_Colorado2025_x003072_y004096
Unknown_Sample,20251031_078_pol_pro_Ran_ado_2025_16_Colorado2025.czi,Ran_ado,818.04,3397.0,4171.0,36,37,120.91,0.962,20251031_078_pol_pro_Ran_ado_2025_16_Colorado2025_x003072_y004096
Unknown_Sample,20251031_078_pol_pro_Ran_ado_2025_16_Colorado2025.czi,Ran_ado,691.06,3969.0,4721.0,36,30,115.11,0.948,20251031_078_pol_pro_Ran_ado_2025_16_Colorado2025_x003584_y004096
Unknown_Sample,20251031_078_pol_pro_Ran_ado_2025_16_Colorado2025.czi,Ran_ado,492.13,4213.0,4276.0,23,34,100.04,0.932,20251031_078_pol_pro_Ran_ado_2025_16_Colorado2025_x003584_y004096
Unknown_Sample,20251031_078_pol_pro_Ran_ado_2025_16_Colorado2025.czi,Ran_ado,322.83,3821.0,4217.0,19,28,80.04,0.861,20251031_078_pol_pro_Ran_ado_2025_16_Colorado2025_x003584_y004096
Unknown_Sample,20251031_078_pol_pro_Ran_ado_2025_16_Colorado2025.czi,Ran_ado,749.55,4218.0,4275.0,37,34,116.91,0.959,20251031_078_pol_pro_Ran_ado_2025_16_Colorado2025_x004096_y004096
Unknown_Sample,20251031_078_pol_pro_Ran_ado_2025_16_Colorado2025.czi,Ran_ado,590.63,5012.0,4473.0,33,31,105.84,0.959,20251031_078_pol_pro_Ran_ado_2025_16_Colorado2025_x004608_y004096
Unknown_Sample,20251031_078_pol_pro_Ran_ado_2025_16_Colorado2025.czi,Ran_ado,546.38,5604.0,4491.0,30,30,100.77,0.959,20251031_078_pol_pro_Ran_ado_2025_16_Colorado2025_x005120_y004096
Unknown_Sample,20251031_078_pol_pro_Ran_ado_2025_16_Colorado2025.czi,Ran_ado,588.71,6684.0,4149.0,32,32,105.25,0.96,20251031_078_pol_pro_Ran_ado_2025_16_Colorado2025_x006144_y004096
Unknown_Sample,20251031_078_pol_pro_Ran_ado_2025_16_Colorado2025.czi,Ran_ado,588.71,6684.0,4149.0,32,32,105.25,0.96,20251031_078_pol_pro_Ran_ado_2025_16_Colorado2025_x006656_y004096
Unknown_Sample,20251031_078_pol_pro_Ran_ado_2025_16_Colorado2025.czi,Ran_ado,661.05,7529.0,4641.0,32,34,110.43,0.961,20251031_078_pol_pro_Ran_ado_2025_16_Colorado2025_x007168_y004096
Unknown_Sample,20251031_078_pol_pro_Ran_ado_2025_16_Colorado2025.czi,Ran_ado,625.65,7304.0,4674.0,32,32,106.43,0.961,20251031_078_pol_pro_Ran_ado_2025_16_Colorado2025_x007168_y004096
Unknown_Sample,20251031_078_pol_pro_Ran_ado_2025_16_Colorado2025.czi,Ran_ado,582.55,7473.0,4447.0,30,31,103.94,0.959,20251031_078_pol_pro_Ran_ado_2025_16_Colorado2025_x007168_y004096
Unknown_Sample,20251031_078_pol_pro_Ran_ado_2025_16_Colorado2025.czi,Ran_ado,542.92,8365.0,4180.0,30,30,99.01,0.963,20251031_078_pol_pro_Ran_ado_2025_16_Colorado2025_x008192_y004096
Unknown_Sample,20251031_078_pol_pro_Ran_ado_2025_16_Colorado2025.czi,Ran_ado,510.21,8580.0,4115.0,29,29,96.77,0.962,20251031_078_pol_pro_Ran_ado_2025_16_Colorado2025_x008192_y004096
Unknown_Sample,20251031_078_pol_pro_Ran_ado_2025_16_Colorado2025.czi,Ran_ado,573.32,8813.0,4440.0,29,33,103.6,0.955,20251031_078_pol_pro_Ran_ado_2025_16_Colorado2025_x008192_y004096
Unknown_Sample,20251031_078_pol_pro_Ran_ado_2025_16_Colorado2025.czi,Ran_ado,627.57,8986.0,4144.0,33,31,107.01,0.963,20251031_078_pol_pro_Ran_ado_2025_16_Colorado2025_x008704_y004096
Unknown_Sample,20251031_078_pol_pro_Ran_ado_2025_16_Colorado2025.czi,Ran_ado,570.24,8813.0,4440.0,29,33,103.6,0.959,20251031_078_pol_pro_Ran_ado_2025_16_Colorado2025_x008704_y004096
Unknown_Sample,20251031_078_pol_pro_Ran_ado_2025_16_Colorado2025.czi,Ran_ado,612.95,9060.0,4430.0,31,32,105.01,0.948,20251031_078_pol_pro_Ran_ado_2025_16_Colorado2025_x008704_y004096
Unknown_Sample,20251031_078_pol_pro_Ran_ado_2025_16_Colorado2025.czi,Ran_ado,314.75,8896.0,4719.0,23,23,77.46,0.944,20251031_078_pol_pro_Ran_ado_2025_16_Colorado2025_x008704_y004096
Unknown_Sample,20251031_078_pol_pro_Ran_ado_2025_16_Colorado2025.czi,Ran_ado,548.69,9089.0,4433.0,31,30,101.6,0.94,20251031_078_pol_pro_Ran_ado_2025_16_Colorado2025_x008704_y004096
Unknown_Sample,20251031_078_pol_pro_Ran_ado_2025_16_Colorado2025.czi,Ran_ado,558.7,9501.0,4367.0,30,31,101.6,0.96,20251031_078_pol_pro_Ran_ado_2025_16_Colorado2025_x009216_y004096
Unknown_Sample,20251031_078_pol_pro_Ran_ado_2025_16_Colorado2025.czi,Ran_ado,565.24,10772.0,4511.0,31,30,101.01,0.961,20251031_078_pol_pro_Ran_ado_2025_16_Colorado2025_x010240_y004096
Unknown_Sample,20251031_078_pol_pro_Ran_ado_2025_16_Colorado2025.czi,Ran_ado,488.67,10853.0,4529.0,28,29,95.94,0.96,20251031_078_pol_pro_Ran_ado_2025_16_Colorado2025_x010240_y004096
Unknown_Sample,20251031_078_pol_pro_Ran_ado_2025_16_Colorado2025.czi,Ran_ado,536.76,11273.0,4596.0,28,31,100.53,0.963,20251031_078_pol_pro_Ran_ado_2025_16_Colorado2025_x010752_y004096
Unknown_Sample,20251031_078_pol_pro_Ran_ado_2025_16_Colorado2025.czi,Ran_ado,565.24,10772.0,4511.0,31,30,101.01,0.961,20251031_078_pol_pro_Ran_ado_2025_16_Colorado2025_x010752_y004096
Unknown_Sample,20251031_078_pol_pro_Ran_ado_2025_16_Colorado2025.czi,Ran_ado,487.9,10853.0,4529.0,28,29,95.94,0.96,20251031_078_pol_pro_Ran_ado_2025_16_Colorado2025_x010752_y004096
Unknown_Sample,20251031_078_pol_pro_Ran_ado_2025_16_Colorado2025.czi,Ran_ado,469.04,11077.0,4110.0,28,26,92.87,0.958,20251031_078_pol_pro_Ran_ado_2025_16_Colorado2025_x010752_y004096
Unknown_Sample,20251031_078_pol_pro_Ran_ado_2025_16_Colorado2025.czi,Ran_ado,458.65,11275.0,4596.0,23,31,94.63,0.963,20251031_078_pol_pro_Ran_ado_2025_16_Colorado2025_x011264_y004096
Unknown_Sample,20251031_078_pol_pro_Ran_ado_2025_16_Colorado2025.czi,Ran_ado,526.37,11749.0,4345.0,29,30,99.94,0.959,20251031_078_pol_pro_Ran_ado_2025_16_Colorado2025_x011264_y004096
Unknown_Sample,20251031_078_pol_pro_Ran_ado_2025_16_Colorado2025.czi,Ran_ado,558.7,11663.0,4558.0,31,30,102.77,0.952,20251031_078_pol_pro_Ran_ado_2025_16_Colorado2025_x011264_y004096
Unknown_Sample,20251031_078_pol_pro_Ran_ado_2025_16_Colorado2025.czi,Ran_ado,560.62,12341.0,4338.0,30,32,100.67,0.963,20251031_078_pol_pro_Ran_ado_2025_16_Colorado2025_x011776_y004096
Unknown_Sample,20251031_078_pol_pro_Ran_ado_2025_16_Colorado2025.czi,Ran_ado,450.57,12061.0,4426.0,28,26,91.7,0.954,20251031_078_pol_pro_Ran_ado_2025_16_Colorado2025_x011776_y004096
Unknown_Sample,20251031_078_pol_pro_Ran_ado_2025_16_Colorado2025.czi,Ran_ado,566.78,12789.0,4260.0,31,30,102.18,0.963,20251031_078_pol_pro_Ran_ado_2025_16_Colorado2025_x012288_y004096
Unknown_Sample,20251031_078_pol_pro_Ran_ado_2025_16_Colorado2025.czi,Ran_ado,560.62,12341.0,4338.0,30,32,100.67,0.962,20251031_078_pol_pro_Ran_ado_2025_16_Colorado2025_x012288_y004096
Unknown_Sample,20251031_078_pol_pro_Ran_ado_2025_16_Colorado2025.czi,Ran_ado,516.37,12908.0,4170.0,30,29,98.77,0.956,20251031_078_pol_pro_Ran_ado_2025_16_Colorado2025_x012288_y004096
Unknown_Sample,20251031_078_pol_pro_Ran_ado_2025_16_Colorado2025.czi,Ran_ado,519.06,12908.0,4170.0,30,29,99.36,0.96,20251031_078_pol_pro_Ran_ado_2025_16_Colorado2025_x012800_y004096
Unknown_Sample,20251031_078_pol_pro_Ran_ado_2025_16_Colorado2025.czi,Ran_ado,409.79,13005.0,4217.0,25,27,86.53,0.954,20251031_078_pol_pro_Ran_ado_2025_16_Colorado2025_x012800_y004096
Unknown_Sample,20251031_078_pol_pro_Ran_ado_2025_16_Colorado2025.czi,Ran_ado,457.11,13356.0,4657.0,27,28,93.11,0.936,20251031_078_pol_pro_Ran_ado_2025_16_Colorado2025_x012800_y004096
Unknown_Sample,20251031_078_pol_pro_Ran_ado_2025_16_Colorado2025.czi,Ran_ado,471.74,12960.0,4294.0,29,28,93.6,0.933,20251031_078_pol_pro_Ran_ado_2025_16_Colorado2025_x012800_y004096
Unknown_Sample,20251031_078_pol_pro_Ran_ado_2025_16_Colorado2025.czi,Ran_ado,505.98,13381.0,4667.0,29,30,97.01,0.932,20251031_078_pol_pro_Ran_ado_2025_16_Colorado2025_x012800_y004096
Unknown_Sample,20251031_078_pol_pro_Ran_ado_2025_16_Colorado2025.czi,Ran_ado,519.06,13651.0,4413.0,31,27,96.18,0.96,20251031_078_pol_pro_Ran_ado_2025_16_Colorado2025_x013312_y004096
Unknown_Sample,20251031_078_pol_pro_Ran_ado_2025_16_Colorado2025.czi,Ran_ado,457.11,13356.0,4657.0,27,28,93.11,0.936,20251031_078_pol_pro_Ran_ado_2025_16_Colorado2025_x013312_y004096
Unknown_Sample,20251031_078_pol_pro_Ran_ado_2025_16_Colorado2025.czi,Ran_ado,507.52,13381.0,4667.0,29,30,97.01,0.932,20251031_078_pol_pro_Ran_ado_2025_16_Colorado2025_x013312_y004096
Unknown_Sample,20251031_078_pol_pro_Ran_ado_2025_16_Colorado2025.czi,Ran_ado,574.09,14238.0,4279.0,30,31,102.77,0.957,20251031_078_pol_pro_Ran_ado_2025_16_Colorado2025_x013824_y004096
Unknown_Sample,20251031_078_pol_pro_Ran_ado_2025_16_Colorado2025.czi,Ran_ado,520.99,14159.0,4568.0,28,30,96.77,0.955,20251031_078_pol_pro_Ran_ado_2025_16_Colorado2025_x013824_y004096
Unknown_Sample,20251031_078_pol_pro_Ran_ado_2025_16_Colorado2025.czi,Ran_ado,525.22,14620.0,4678.0,30,29,98.18,0.957,20251031_078_pol_pro_Ran_ado_2025_16_Colorado2025_x014336_y004096
Unknown_Sample,20251031_078_pol_pro_Ran_ado_2025_16_Colorado2025.czi,Ran_ado,471.74,15046.0,4368.0,29,28,93.6,0.931,20251031_078_pol_pro_Ran_ado_2025_16_Colorado2025_x014848_y004096
Unknown_Sample,20251031_078_pol_pro_Ran_ado_2025_16_Colorado2025.czi,Ran_ado,456.73,15054.0,4394.0,30,27,93.01,0.926,20251031_078_pol_pro_Ran_ado_2025_16_Colorado2025_x014848_y004096
Unknown_Sample,20251031_078_pol_pro_Ran_ado_2025_16_Colorado2025.czi,Ran_ado,474.04,15687.0,4129.0,30,26,92.77,0.955,20251031_078_pol_pro_Ran_ado_2025_16_Colorado2025_x015360_y004096
Unknown_Sample,20251031_078_pol_pro_Ran_ado_2025_16_Colorado2025.czi,Ran_ado,788.79,16669.0,4534.0,32,40,122.43,0.625,20251031_078_pol_pro_Ran_ado_2025_16_Colorado2025_x016384_y004096
Unknown_Sample,20251031_078_pol_pro_Ran_ado_2025_16_Colorado2025.czi,Ran_ado,586.4,3374.0,4799.0,31,31,102.43,0.96,20251031_078_pol_pro_Ran_ado_2025_16_Colorado2025_x003072_y004608
Unknown_Sample,20251031_078_pol_pro_Ran_ado_2025_16_Colorado2025.czi,Ran_ado,751.47,3969.0,4722.0,36,34,117.84,0.96,20251031_078_pol_pro_Ran_ado_2025_16_Colorado2025_x003584_y004608
Unknown_Sample,20251031_078_pol_pro_Ran_ado_2025_16_Colorado2025.czi,Ran_ado,681.44,6278.0,4792.0,34,33,110.67,0.963,20251031_078_pol_pro_Ran_ado_2025_16_Colorado2025_x006144_y004608
Unknown_Sample,20251031_078_pol_pro_Ran_ado_2025_16_Colorado2025.czi,Ran_ado,464.43,6905.0,4953.0,28,28,92.18,0.953,20251031_078_pol_pro_Ran_ado_2025_16_Colorado2025_x006656_y004608
Unknown_Sample,20251031_078_pol_pro_Ran_ado_2025_16_Colorado2025.czi,Ran_ado,604.1,7410.0,5045.0,31,32,104.43,0.966,20251031_078_pol_pro_Ran_ado_2025_16_Colorado2025_x007168_y004608
Unknown_Sample,20251031_078_pol_pro_Ran_ado_2025_16_Colorado2025.czi,Ran_ado,573.32,7575.0,5003.0,30,31,102.77,0.961,20251031_078_pol_pro_Ran_ado_2025_16_Colorado2025_x007168_y004608
Unknown_Sample,20251031_078_pol_pro_Ran_ado_2025_16_Colorado2025.czi,Ran_ado,627.57,7304.0,4674.0,32,32,107.01,0.961,20251031_078_pol_pro_Ran_ado_2025_16_Colorado2025_x007168_y004608
Unknown_Sample,20251031_078_pol_pro_Ran_ado_2025_16_Colorado2025.czi,Ran_ado,661.05,7529.0,4641.0,32,34,110.43,0.961,20251031_078_pol_pro_Ran_ado_2025_16_Colorado2025_x007168_y004608
Unknown_Sample,20251031_078_pol_pro_Ran_ado_2025_16_Colorado2025.czi,Ran_ado,464.04,7913.0,4910.0,28,28,91.6,0.961,20251031_078_pol_pro_Ran_ado_2025_16_Colorado2025_x007680_y004608
Unknown_Sample,20251031_078_pol_pro_Ran_ado_2025_16_Colorado2025.czi,Ran_ado,586.01,8867.0,5177.0,31,31,104.18,0.96,20251031_078_pol_pro_Ran_ado_2025_16_Colorado2025_x008704_y004608
Unknown_Sample,20251031_078_pol_pro_Ran_ado_2025_16_Colorado2025.czi,Ran_ado,409.79,8897.0,5193.0,26,26,86.53,0.95,20251031_078_pol_pro_Ran_ado_2025_16_Colorado2025_x008704_y004608
Unknown_Sample,20251031_078_pol_pro_Ran_ado_2025_16_Colorado2025.czi,Ran_ado,315.52,8896.0,4719.0,23,23,77.46,0.947,20251031_078_pol_pro_Ran_ado_2025_16_Colorado2025_x008704_y004608
Unknown_Sample,20251031_078_pol_pro_Ran_ado_2025_16_Colorado2025.czi,Ran_ado,461.35,9682.0,5079.0,27,27,91.7,0.955,20251031_078_pol_pro_Ran_ado_2025_16_Colorado2025_x009216_y004608
Unknown_Sample,20251031_078_pol_pro_Ran_ado_2025_16_Colorado2025.czi,Ran_ado,501.75,10610.0,4743.0,26,31,95.94,0.962,20251031_078_pol_pro_Ran_ado_2025_16_Colorado2025_x010240_y004608
Unknown_Sample,20251031_078_pol_pro_Ran_ado_2025_16_Colorado2025.czi,Ran_ado,576.01,10994.0,5038.0,31,31,103.01,0.944,20251031_078_pol_pro_Ran_ado_2025_16_Colorado2025_x010752_y004608
Unknown_Sample,20251031_078_pol_pro_Ran_ado_2025_16_Colorado2025.czi,Ran_ado,520.99,11004.0,5010.0,30,29,97.6,0.936,20251031_078_pol_pro_Ran_ado_2025_16_Colorado2025_x010752_y004608
Unknown_Sample,20251031_078_pol_pro_Ran_ado_2025_16_Colorado2025.czi,Ran_ado,549.08,11832.0,4852.0,30,30,101.36,0.963,20251031_078_pol_pro_Ran_ado_2025_16_Colorado2025_x011264_y004608
Unknown_Sample,20251031_078_pol_pro_Ran_ado_2025_16_Colorado2025.czi,Ran_ado,579.86,11400.0,4963.0,29,33,104.18,0.962,20251031_078_pol_pro_Ran_ado_2025_16_Colorado2025_x011264_y004608
Unknown_Sample,20251031_078_pol_pro_Ran_ado_2025_16_Colorado2025.czi,Ran_ado,529.84,11467.0,4893.0,32,27,97.01,0.961,20251031_078_pol_pro_Ran_ado_2025_16_Colorado2025_x011264_y004608
Unknown_Sample,20251031_078_pol_pro_Ran_ado_2025_16_Colorado2025.czi,Ran_ado,534.07,11744.0,4815.0,28,31,98.77,0.958,20251031_078_pol_pro_Ran_ado_2025_16_Colorado2025_x011264_y004608
Unknown_Sample,20251031_078_pol_pro_Ran_ado_2025_16_Colorado2025.czi,Ran_ado,551.39,11832.0,4852.0,30,30,101.36,0.962,20251031_078_pol_pro_Ran_ado_2025_16_Colorado2025_x011776_y004608
Unknown_Sample,20251031_078_pol_pro_Ran_ado_2025_16_Colorado2025.czi,Ran_ado,523.68,12385.0,5188.0,30,28,98.53,0.962,20251031_078_pol_pro_Ran_ado_2025_16_Colorado2025_x011776_y004608
Unknown_Sample,20251031_078_pol_pro_Ran_ado_2025_16_Colorado2025.czi,Ran_ado,485.2,12250.0,4847.0,29,27,94.53,0.961,20251031_078_pol_pro_Ran_ado_2025_16_Colorado2025_x011776_y004608
Unknown_Sample,20251031_078_pol_pro_Ran_ado_2025_16_Colorado2025.czi,Ran_ado,537.92,11910.0,4883.0,31,29,99.6,0.959,20251031_078_pol_pro_Ran_ado_2025_16_Colorado2025_x011776_y004608
Unknown_Sample,20251031_078_pol_pro_Ran_ado_2025_16_Colorado2025.czi,Ran_ado,523.68,12385.0,5188.0,30,28,98.53,0.962,20251031_078_pol_pro_Ran_ado_2025_16_Colorado2025_x012288_y004608
Unknown_Sample,20251031_078_pol_pro_Ran_ado_2025_16_Colorado2025.czi,Ran_ado,536.38,12574.0,5185.0,31,28,99.94,0.959,20251031_078_pol_pro_Ran_ado_2025_16_Colorado2025_x012288_y004608
Unknown_Sample,20251031_078_pol_pro_Ran_ado_2025_16_Colorado2025.czi,Ran_ado,450.19,12860.0,4885.0,27,27,91.11,0.958,20251031_078_pol_pro_Ran_ado_2025_16_Colorado2025_x012288_y004608
Unknown_Sample,20251031_078_pol_pro_Ran_ado_2025_16_Colorado2025.czi,Ran_ado,452.5,12620.0,4803.0,29,25,91.11,0.957,20251031_078_pol_pro_Ran_ado_2025_16_Colorado2025_x012288_y004608
Unknown_Sample,20251031_078_pol_pro_Ran_ado_2025_16_Colorado2025.czi,Ran_ado,450.19,12860.0,4885.0,27,27,91.11,0.958,20251031_078_pol_pro_Ran_ado_2025_16_Colorado2025_x012800_y004608
Unknown_Sample,20251031_078_pol_pro_Ran_ado_2025_16_Colorado2025.czi,Ran_ado,457.11,13356.0,4657.0,27,28,93.11,0.936,20251031_078_pol_pro_Ran_ado_2025_16_Colorado2025_x012800_y004608
Unknown_Sample,20251031_078_pol_pro_Ran_ado_2025_16_Colorado2025.czi,Ran_ado,505.98,13381.0,4667.0,29,30,97.01,0.932,20251031_078_pol_pro_Ran_ado_2025_16_Colorado2025_x012800_y004608
Unknown_Sample,20251031_078_pol_pro_Ran_ado_2025_16_Colorado2025.czi,Ran_ado,468.66,13573.0,4957.0,27,28,91.94,0.96,20251031_078_pol_pro_Ran_ado_2025_16_Colorado2025_x013312_y004608
Unknown_Sample,20251031_078_pol_pro_Ran_ado_2025_16_Colorado2025.czi,Ran_ado,456.35,13356.0,4657.0,27,28,93.11,0.936,20251031_078_pol_pro_Ran_ado_2025_16_Colorado2025_x013312_y004608
Unknown_Sample,20251031_078_pol_pro_Ran_ado_2025_16_Colorado2025.czi,Ran_ado,506.75,13381.0,4667.0,29,30,97.01,0.932,20251031_078_pol_pro_Ran_ado_2025_16_Colorado2025_x013312_y004608
Unknown_Sample,20251031_078_pol_pro_Ran_ado_2025_16_Colorado2025.czi,Ran_ado,525.61,14369.0,4852.0,28,31,97.6,0.959,20251031_078_pol_pro_Ran_ado_2025_16_Colorado2025_x013824_y004608
Unknown_Sample,20251031_078_pol_pro_Ran_ado_2025_16_Colorado2025.czi,Ran_ado,525.61,14369.0,4852.0,28,31,97.6,0.959,20251031_078_pol_pro_Ran_ado_2025_16_Colorado2025_x014336_y004608
Unknown_Sample,20251031_078_pol_pro_Ran_ado_2025_16_Colorado2025.czi,Ran_ado,467.5,14642.0,4978.0,29,27,94.53,0.959,20251031_078_pol_pro_Ran_ado_2025_16_Colorado2025_x014336_y004608
Unknown_Sample,20251031_078_pol_pro_Ran_ado_2025_16_Colorado2025.czi,Ran_ado,524.45,14620.0,4678.0,30,29,98.18,0.958,20251031_078_pol_pro_Ran_ado_2025_16_Colorado2025_x014336_y004608
Unknown_Sample,20251031_078_pol_pro_Ran_ado_2025_16_Colorado2025.czi,Ran_ado,471.35,14836.0,5082.0,27,29,94.53,0.958,20251031_078_pol_pro_Ran_ado_2025_16_Colorado2025_x014336_y004608
Unknown_Sample,20251031_078_pol_pro_Ran_ado_2025_16_Colorado2025.czi,Ran_ado,444.03,14694.0,4846.0,27,27,89.94,0.958,20251031_078_pol_pro_Ran_ado_2025_16_Colorado2025_x014336_y004608
Unknown_Sample,20251031_078_pol_pro_Ran_ado_2025_16_Colorado2025.czi,Ran_ado,449.42,14637.0,4923.0,27,27,89.94,0.957,20251031_078_pol_pro_Ran_ado_2025_16_Colorado2025_x014336_y004608
Unknown_Sample,20251031_078_pol_pro_Ran_ado_2025_16_Colorado2025.czi,Ran_ado,498.29,14982.0,4805.0,28,29,96.53,0.958,20251031_078_pol_pro_Ran_ado_2025_16_Colorado2025_x014848_y004608
Unknown_Sample,20251031_078_pol_pro_Ran_ado_2025_16_Colorado2025.czi,Ran_ado,262.03,15480.0,5188.0,15,29,77.56,0.897,20251031_078_pol_pro_Ran_ado_2025_16_Colorado2025_x014848_y004608
Unknown_Sample,20251031_078_pol_pro_Ran_ado_2025_16_Colorado2025.czi,Ran_ado,507.52,15486.0,5188.0,29,30,98.18,0.936,20251031_078_pol_pro_Ran_ado_2025_16_Colorado2025_x015360_y004608
Unknown_Sample,20251031_078_pol_pro_Ran_ado_2025_16_Colorado2025.czi,Ran_ado,456.73,15540.0,5188.0,28,27,92.53,0.918,20251031_078_pol_pro_Ran_ado_2025_16_Colorado2025_x015360_y004608
Unknown_Sample,20251031_078_pol_pro_Ran_ado_2025_16_Colorado2025.czi,Ran_ado,303.59,15991.0,4974.0,18,28,81.56,0.911,20251031_078_pol_pro_Ran_ado_2025_16_Colorado2025_x015360_y004608
Unknown_Sample,20251031_078_pol_pro_Ran_ado_2025_16_Colorado2025.czi,Ran_ado,444.03,15513.0,5190.0,28,27,93.94,0.91,20251031_078_pol_pro_Ran_ado_2025_16_Colorado2025_x015360_y004608
Unknown_Sample,20251031_078_pol_pro_Ran_ado_2025_16_Colorado2025.czi,Ran_ado,449.8,16404.0,5037.0,29,25,91.7,0.959,20251031_078_pol_pro_Ran_ado_2025_16_Colorado2025_x015872_y004608
Unknown_Sample,20251031_078_pol_pro_Ran_ado_2025_16_Colorado2025.czi,Ran_ado,400.94,15993.0,4974.0,25,27,87.11,0.924,20251031_078_pol_pro_Ran_ado_2025_16_Colorado2025_x015872_y004608
Unknown_Sample,20251031_078_pol_pro_Ran_ado_2025_16_Colorado2025.czi,Ran_ado,432.1,16017.0,4970.0,27,28,90.18,0.919,20251031_078_pol_pro_Ran_ado_2025_16_Colorado2025_x015872_y004608
Unknown_Sample,20251031_078_pol_pro_Ran_ado_2025_16_Colorado2025.czi,Ran_ado,454.81,16404.0,5037.0,29,25,92.28,0.952,20251031_078_pol_pro_Ran_ado_2025_16_Colorado2025_x016384_y004608
Unknown_Sample,20251031_078_pol_pro_Ran_ado_2025_16_Colorado2025.czi,Ran_ado,508.29,16604.0,4859.0,30,28,97.36,0.936,20251031_078_pol_pro_Ran_ado_2025_16_Colorado2025_x016384_y004608
Unknown_Sample,20251031_078_pol_pro_Ran_ado_2025_16_Colorado2025.czi,Ran_ado,796.87,510.0,5579.0,36,37,120.33,0.963,20251031_078_pol_pro_Ran_ado_2025_16_Colorado2025_x000000_y005120
Unknown_Sample,20251031_078_pol_pro_Ran_ado_2025_16_Colorado2025.czi,Ran_ado,1020.81,317.0,5713.0,41,41,135.98,0.953,20251031_078_pol_pro_Ran_ado_2025_16_Colorado2025_x000000_y005120
Unknown_Sample,20251031_078_pol_pro_Ran_ado_2025_16_Colorado2025.czi,Ran_ado,330.14,519.0,5580.0,16,38,93.46,0.941,20251031_078_pol_pro_Ran_ado_2025_16_Colorado2025_x000512_y005120
Unknown_Sample,20251031_078_pol_pro_Ran_ado_2025_16_Colorado2025.czi,Ran_ado,775.33,1966.0,5381.0,34,37,119.84,0.961,20251031_078_pol_pro_Ran_ado_2025_16_Colorado2025_x001536_y005120
Unknown_Sample,20251031_078_pol_pro_Ran_ado_2025_16_Colorado2025.czi,Ran_ado,751.08,2448.0,5735.0,34,36,116.08,0.961,20251031_078_pol_pro_Ran_ado_2025_16_Colorado2025_x002048_y005120
Unknown_Sample,20251031_078_pol_pro_Ran_ado_2025_16_Colorado2025.czi,Ran_ado,808.03,2313.0,5731.0,36,37,120.91,0.959,20251031_078_pol_pro_Ran_ado_2025_16_Colorado2025_x002048_y005120
Unknown_Sample,20251031_078_pol_pro_Ran_ado_2025_16_Colorado2025.czi,Ran_ado,696.06,3984.0,5668.0,34,34,112.67,0.962,20251031_078_pol_pro_Ran_ado_2025_16_Colorado2025_x003584_y005120
Unknown_Sample,20251031_078_pol_pro_Ran_ado_2025_16_Colorado2025.czi,Ran_ado,577.55,6397.0,5516.0,31,31,103.01,0.962,20251031_078_pol_pro_Ran_ado_2025_16_Colorado2025_x006144_y005120
Unknown_Sample,20251031_078_pol_pro_Ran_ado_2025_16_Colorado2025.czi,Ran_ado,546.77,7323.0,5515.0,29,31,100.18,0.959,20251031_078_pol_pro_Ran_ado_2025_16_Colorado2025_x007168_y005120
Unknown_Sample,20251031_078_pol_pro_Ran_ado_2025_16_Colorado2025.czi,Ran_ado,553.69,7622.0,5575.0,30,31,101.01,0.959,20251031_078_pol_pro_Ran_ado_2025_16_Colorado2025_x007168_y005120
Unknown_Sample,20251031_078_pol_pro_Ran_ado_2025_16_Colorado2025.czi,Ran_ado,658.74,8128.0,5483.0,34,32,110.43,0.965,20251031_078_pol_pro_Ran_ado_2025_16_Colorado2025_x007680_y005120
Unknown_Sample,20251031_078_pol_pro_Ran_ado_2025_16_Colorado2025.czi,Ran_ado,546.0,8226.0,5746.0,31,27,102.04,0.946,20251031_078_pol_pro_Ran_ado_2025_16_Colorado2025_x007680_y005120
Unknown_Sample,20251031_078_pol_pro_Ran_ado_2025_16_Colorado2025.czi,Ran_ado,479.05,8808.0,5608.0,26,30,93.36,0.958,20251031_078_pol_pro_Ran_ado_2025_16_Colorado2025_x008192_y005120
Unknown_Sample,20251031_078_pol_pro_Ran_ado_2025_16_Colorado2025.czi,Ran_ado,546.0,8226.0,5746.0,31,27,102.04,0.946,20251031_078_pol_pro_Ran_ado_2025_16_Colorado2025_x008192_y005120
Unknown_Sample,20251031_078_pol_pro_Ran_ado_2025_16_Colorado2025.czi,Ran_ado,345.53,8782.0,5751.0,30,18,86.14,0.924,20251031_078_pol_pro_Ran_ado_2025_16_Colorado2025_x008192_y005120
Unknown_Sample,20251031_078_pol_pro_Ran_ado_2025_16_Colorado2025.czi,Ran_ado,584.86,8867.0,5177.0,31,31,103.6,0.96,20251031_078_pol_pro_Ran_ado_2025_16_Colorado2025_x008704_y005120
Unknown_Sample,20251031_078_pol_pro_Ran_ado_2025_16_Colorado2025.czi,Ran_ado,497.9,9169.0,5262.0,28,29,95.94,0.96,20251031_078_pol_pro_Ran_ado_2025_16_Colorado2025_x008704_y005120
Unknown_Sample,20251031_078_pol_pro_Ran_ado_2025_16_Colorado2025.czi,Ran_ado,479.82,8808.0,5608.0,26,31,94.18,0.957,20251031_078_pol_pro_Ran_ado_2025_16_Colorado2025_x008704_y005120
Unknown_Sample,20251031_078_pol_pro_Ran_ado_2025_16_Colorado2025.czi,Ran_ado,409.79,8897.0,5193.0,26,26,86.53,0.95,20251031_078_pol_pro_Ran_ado_2025_16_Colorado2025_x008704_y005120
Unknown_Sample,20251031_078_pol_pro_Ran_ado_2025_16_Colorado2025.czi,Ran_ado,347.07,8782.0,5751.0,30,18,86.14,0.921,20251031_078_pol_pro_Ran_ado_2025_16_Colorado2025_x008704_y005120
Unknown_Sample,20251031_078_pol_pro_Ran_ado_2025_16_Colorado2025.czi,Ran_ado,622.57,10711.0,5308.0,31,32,106.77,0.964,20251031_078_pol_pro_Ran_ado_2025_16_Colorado2025_x010240_y005120
Unknown_Sample,20251031_078_pol_pro_Ran_ado_2025_16_Colorado2025.czi,Ran_ado,297.82,10871.0,5320.0,17,28,78.97,0.907,20251031_078_pol_pro_Ran_ado_2025_16_Colorado2025_x010240_y005120
Unknown_Sample,20251031_078_pol_pro_Ran_ado_2025_16_Colorado2025.czi,Ran_ado,529.84,10877.0,5320.0,31,28,99.36,0.962,20251031_078_pol_pro_Ran_ado_2025_16_Colorado2025_x010752_y005120
Unknown_Sample,20251031_078_pol_pro_Ran_ado_2025_16_Colorado2025.czi,Ran_ado,572.93,11501.0,5632.0,32,29,102.18,0.957,20251031_078_pol_pro_Ran_ado_2025_16_Colorado2025_x011264_y005120
Unknown_Sample,20251031_078_pol_pro_Ran_ado_2025_16_Colorado2025.czi,Ran_ado,523.68,12385.0,5188.0,30,28,98.53,0.962,20251031_078_pol_pro_Ran_ado_2025_16_Colorado2025_x011776_y005120
Unknown_Sample,20251031_078_pol_pro_Ran_ado_2025_16_Colorado2025.czi,Ran_ado,398.63,12404.0,5526.0,22,28,88.97,0.937,20251031_078_pol_pro_Ran_ado_2025_16_Colorado2025_x011776_y005120
Unknown_Sample,20251031_078_pol_pro_Ran_ado_2025_16_Colorado2025.czi,Ran_ado,523.68,12385.0,5188.0,30,28,98.53,0.962,20251031_078_pol_pro_Ran_ado_2025_16_Colorado2025_x012288_y005120
Unknown_Sample,20251031_078_pol_pro_Ran_ado_2025_16_Colorado2025.czi,Ran_ado,602.56,12781.0,5425.0,33,30,104.43,0.961,20251031_078_pol_pro_Ran_ado_2025_16_Colorado2025_x012288_y005120
Unknown_Sample,20251031_078_pol_pro_Ran_ado_2025_16_Colorado2025.czi,Ran_ado,442.11,12781.0,5349.0,26,28,90.53,0.96,20251031_078_pol_pro_Ran_ado_2025_16_Colorado2025_x012288_y005120
Unknown_Sample,20251031_078_pol_pro_Ran_ado_2025_16_Colorado2025.czi,Ran_ado,537.15,12574.0,5185.0,31,28,99.94,0.959,20251031_078_pol_pro_Ran_ado_2025_16_Colorado2025_x012288_y005120
Unknown_Sample,20251031_078_pol_pro_Ran_ado_2025_16_Colorado2025.czi,Ran_ado,439.42,12405.0,5526.0,26,28,89.94,0.957,20251031_078_pol_pro_Ran_ado_2025_16_Colorado2025_x012288_y005120
Unknown_Sample,20251031_078_pol_pro_Ran_ado_2025_16_Colorado2025.czi,Ran_ado,534.07,13332.0,5361.0,30,29,99.94,0.963,20251031_078_pol_pro_Ran_ado_2025_16_Colorado2025_x012800_y005120
Unknown_Sample,20251031_078_pol_pro_Ran_ado_2025_16_Colorado2025.czi,Ran_ado,499.06,13361.0,5403.0,28,29,94.18,0.959,20251031_078_pol_pro_Ran_ado_2025_16_Colorado2025_x012800_y005120
Unknown_Sample,20251031_078_pol_pro_Ran_ado_2025_16_Colorado2025.czi,Ran_ado,154.68,13147.0,5327.0,15,17,55.31,0.921,20251031_078_pol_pro_Ran_ado_2025_16_Colorado2025_x012800_y005120
Unknown_Sample,20251031_078_pol_pro_Ran_ado_2025_16_Colorado2025.czi,Ran_ado,532.92,13332.0,5361.0,30,29,99.36,0.962,20251031_078_pol_pro_Ran_ado_2025_16_Colorado2025_x013312_y005120
Unknown_Sample,20251031_078_pol_pro_Ran_ado_2025_16_Colorado2025.czi,Ran_ado,485.2,13550.0,5315.0,28,29,95.36,0.959,20251031_078_pol_pro_Ran_ado_2025_16_Colorado2025_x013312_y005120
Unknown_Sample,20251031_078_pol_pro_Ran_ado_2025_16_Colorado2025.czi,Ran_ado,498.29,13361.0,5403.0,28,29,94.18,0.959,20251031_078_pol_pro_Ran_ado_2025_16_Colorado2025_x013312_y005120
Unknown_Sample,20251031_078_pol_pro_Ran_ado_2025_16_Colorado2025.czi,Ran_ado,532.92,13488.0,5742.0,29,30,98.18,0.952,20251031_078_pol_pro_Ran_ado_2025_16_Colorado2025_x013312_y005120
Unknown_Sample,20251031_078_pol_pro_Ran_ado_2025_16_Colorado2025.czi,Ran_ado,447.5,14375.0,5414.0,28,27,91.36,0.958,20251031_078_pol_pro_Ran_ado_2025_16_Colorado2025_x013824_y005120
Unknown_Sample,20251031_078_pol_pro_Ran_ado_2025_16_Colorado2025.czi,Ran_ado,557.93,14159.0,5713.0,33,28,100.43,0.94,20251031_078_pol_pro_Ran_ado_2025_16_Colorado2025_x013824_y005120
Unknown_Sample,20251031_078_pol_pro_Ran_ado_2025_16_Colorado2025.czi,Ran_ado,439.03,14129.0,5714.0,27,26,89.7,0.937,20251031_078_pol_pro_Ran_ado_2025_16_Colorado2025_x013824_y005120
Unknown_Sample,20251031_078_pol_pro_Ran_ado_2025_16_Colorado2025.czi,Ran_ado,490.98,14267.0,5668.0,29,28,95.94,0.929,20251031_078_pol_pro_Ran_ado_2025_16_Colorado2025_x013824_y005120
Unknown_Sample,20251031_078_pol_pro_Ran_ado_2025_16_Colorado2025.czi,Ran_ado,484.82,14272.0,5695.0,28,30,96.77,0.925,20251031_078_pol_pro_Ran_ado_2025_16_Colorado2025_x013824_y005120
Unknown_Sample,20251031_078_pol_pro_Ran_ado_2025_16_Colorado2025.czi,Ran_ado,449.03,14375.0,5414.0,28,27,91.36,0.957,20251031_078_pol_pro_Ran_ado_2025_16_Colorado2025_x014336_y005120
Unknown_Sample,20251031_078_pol_pro_Ran_ado_2025_16_Colorado2025.czi,Ran_ado,552.92,15236.0,5463.0,29,31,100.18,0.957,20251031_078_pol_pro_Ran_ado_2025_16_Colorado2025_x014848_y005120
Unknown_Sample,20251031_078_pol_pro_Ran_ado_2025_16_Colorado2025.czi,Ran_ado,262.03,15480.0,5188.0,15,29,77.56,0.898,20251031_078_pol_pro_Ran_ado_2025_16_Colorado2025_x014848_y005120
Unknown_Sample,20251031_078_pol_pro_Ran_ado_2025_16_Colorado2025.czi,Ran_ado,466.35,15529.0,5626.0,28,27,91.94,0.956,20251031_078_pol_pro_Ran_ado_2025_16_Colorado2025_x015360_y005120
Unknown_Sample,20251031_078_pol_pro_Ran_ado_2025_16_Colorado2025.czi,Ran_ado,507.52,15486.0,5188.0,29,30,98.18,0.936,20251031_078_pol_pro_Ran_ado_2025_16_Colorado2025_x015360_y005120
Unknown_Sample,20251031_078_pol_pro_Ran_ado_2025_16_Colorado2025.czi,Ran_ado,456.73,15540.0,5188.0,28,27,92.53,0.918,20251031_078_pol_pro_Ran_ado_2025_16_Colorado2025_x015360_y005120
Unknown_Sample,20251031_078_pol_pro_Ran_ado_2025_16_Colorado2025.czi,Ran_ado,444.03,15513.0,5190.0,28,27,93.94,0.91,20251031_078_pol_pro_Ran_ado_2025_16_Colorado2025_x015360_y005120
Unknown_Sample,20251031_078_pol_pro_Ran_ado_2025_16_Colorado2025.czi,Ran_ado,528.3,16379.0,5512.0,29,30,98.18,0.958,20251031_078_pol_pro_Ran_ado_2025_16_Colorado2025_x015872_y005120
Unknown_Sample,20251031_078_pol_pro_Ran_ado_2025_16_Colorado2025.czi,Ran_ado,500.59,16413.0,5721.0,28,30,96.18,0.957,20251031_078_pol_pro_Ran_ado_2025_16_Colorado2025_x015872_y005120
Unknown_Sample,20251031_078_pol_pro_Ran_ado_2025_16_Colorado2025.czi,Ran_ado,501.36,16413.0,5721.0,28,30,96.18,0.956,20251031_078_pol_pro_Ran_ado_2025_16_Colorado2025_x016384_y005120
Unknown_Sample,20251031_078_pol_pro_Ran_ado_2025_16_Colorado2025.czi,Ran_ado,137.75,16388.0,5511.0,10,28,64.97,0.931,20251031_078_pol_pro_Ran_ado_2025_16_Colorado2025_x016384_y005120
Unknown_Sample,20251031_078_pol_pro_Ran_ado_2025_16_Colorado2025.czi,Ran_ado,451.34,16790.0,5282.0,25,28,92.04,0.57,20251031_078_pol_pro_Ran_ado_2025_16_Colorado2025_x016384_y005120
Unknown_Sample,20251031_078_pol_pro_Ran_ado_2025_16_Colorado2025.czi,Ran_ado,1019.27,317.0,5713.0,41,41,135.98,0.953,20251031_078_pol_pro_Ran_ado_2025_16_Colorado2025_x000000_y005632
Unknown_Sample,20251031_078_pol_pro_Ran_ado_2025_16_Colorado2025.czi,Ran_ado,823.81,275.0,6123.0,36,37,121.5,0.946,20251031_078_pol_pro_Ran_ado_2025_16_Colorado2025_x000000_y005632
Unknown_Sample,20251031_078_pol_pro_Ran_ado_2025_16_Colorado2025.czi,Ran_ado,434.8,426.0,5920.0,22,33,90.77,0.919,20251031_078_pol_pro_Ran_ado_2025_16_Colorado2025_x000000_y005632
Unknown_Sample,20251031_078_pol_pro_Ran_ado_2025_16_Colorado2025.czi,Ran_ado,823.42,2110.0,5999.0,36,38,122.91,0.965,20251031_078_pol_pro_Ran_ado_2025_16_Colorado2025_x001536_y005632
Unknown_Sample,20251031_078_pol_pro_Ran_ado_2025_16_Colorado2025.czi,Ran_ado,824.19,2111.0,5999.0,36,38,122.91,0.965,20251031_078_pol_pro_Ran_ado_2025_16_Colorado2025_x002048_y005632
Unknown_Sample,20251031_078_pol_pro_Ran_ado_2025_16_Colorado2025.czi,Ran_ado,742.23,2537.0,5799.0,34,35,115.84,0.962,20251031_078_pol_pro_Ran_ado_2025_16_Colorado2025_x002048_y005632
Unknown_Sample,20251031_078_pol_pro_Ran_ado_2025_16_Colorado2025.czi,Ran_ado,748.78,2448.0,5735.0,34,36,116.08,0.961,20251031_078_pol_pro_Ran_ado_2025_16_Colorado2025_x002048_y005632
Unknown_Sample,20251031_078_pol_pro_Ran_ado_2025_16_Colorado2025.czi,Ran_ado,804.57,2313.0,5731.0,36,37,121.5,0.959,20251031_078_pol_pro_Ran_ado_2025_16_Colorado2025_x002048_y005632
Unknown_Sample,20251031_078_pol_pro_Ran_ado_2025_16_Colorado2025.czi,Ran_ado,818.04,3068.0,6219.0,36,37,120.91,0.96,20251031_078_pol_pro_Ran_ado_2025_16_Colorado2025_x002560_y005632
Unknown_Sample,20251031_078_pol_pro_Ran_ado_2025_16_Colorado2025.czi,Ran_ado,905.76,3108.0,6164.0,38,40,128.57,0.959,20251031_078_pol_pro_Ran_ado_2025_16_Colorado2025_x002560_y005632
Unknown_Sample,20251031_078_pol_pro_Ran_ado_2025_16_Colorado2025.czi,Ran_ado,757.63,3342.0,6076.0,34,36,117.84,0.966,20251031_078_pol_pro_Ran_ado_2025_16_Colorado2025_x003072_y005632
Unknown_Sample,20251031_078_pol_pro_Ran_ado_2025_16_Colorado2025.czi,Ran_ado,903.46,3108.0,6163.0,38,40,128.57,0.959,20251031_078_pol_pro_Ran_ado_2025_16_Colorado2025_x003072_y005632
Unknown_Sample,20251031_078_pol_pro_Ran_ado_2025_16_Colorado2025.czi,Ran_ado,282.04,3078.0,6218.0,14,37,88.04,0.939,20251031_078_pol_pro_Ran_ado_2025_16_Colorado2025_x003072_y005632
Unknown_Sample,20251031_078_pol_pro_Ran_ado_2025_16_Colorado2025.czi,Ran_ado,696.83,3984.0,5668.0,34,34,112.67,0.961,20251031_078_pol_pro_Ran_ado_2025_16_Colorado2025_x003584_y005632
Unknown_Sample,20251031_078_pol_pro_Ran_ado_2025_16_Colorado2025.czi,Ran_ado,670.67,4093.0,6096.0,35,32,110.67,0.96,20251031_078_pol_pro_Ran_ado_2025_16_Colorado2025_x003584_y005632
Unknown_Sample,20251031_078_pol_pro_Ran_ado_2025_16_Colorado2025.czi,Ran_ado,254.72,4103.0,6096.0,15,30,76.63,0.943,20251031_078_pol_pro_Ran_ado_2025_16_Colorado2025_x004096_y005632
Unknown_Sample,20251031_078_pol_pro_Ran_ado_2025_16_Colorado2025.czi,Ran_ado,602.56,6217.0,6056.0,32,31,104.43,0.96,20251031_078_pol_pro_Ran_ado_2025_16_Colorado2025_x005632_y005632
Unknown_Sample,20251031_078_pol_pro_Ran_ado_2025_16_Colorado2025.czi,Ran_ado,400.94,5814.0,5930.0,29,24,89.11,0.945,20251031_078_pol_pro_Ran_ado_2025_16_Colorado2025_x005632_y005632
Unknown_Sample,20251031_078_pol_pro_Ran_ado_2025_16_Colorado2025.czi,Ran_ado,579.86,6666.0,5846.0,31,31,103.01,0.964,20251031_078_pol_pro_Ran_ado_2025_16_Colorado2025_x006144_y005632
Unknown_Sample,20251031_078_pol_pro_Ran_ado_2025_16_Colorado2025.czi,Ran_ado,686.44,6314.0,6054.0,34,33,111.25,0.964,20251031_078_pol_pro_Ran_ado_2025_16_Colorado2025_x006144_y005632
Unknown_Sample,20251031_078_pol_pro_Ran_ado_2025_16_Colorado2025.czi,Ran_ado,602.56,6217.0,6056.0,32,31,104.43,0.96,20251031_078_pol_pro_Ran_ado_2025_16_Colorado2025_x006144_y005632
Unknown_Sample,20251031_078_pol_pro_Ran_ado_2025_16_Colorado2025.czi,Ran_ado,502.52,6668.0,5846.0,26,31,98.28,0.966,20251031_078_pol_pro_Ran_ado_2025_16_Colorado2025_x006656_y005632
Unknown_Sample,20251031_078_pol_pro_Ran_ado_2025_16_Colorado2025.czi,Ran_ado,669.9,7169.0,5867.0,34,32,111.01,0.965,20251031_078_pol_pro_Ran_ado_2025_16_Colorado2025_x006656_y005632
Unknown_Sample,20251031_078_pol_pro_Ran_ado_2025_16_Colorado2025.czi,Ran_ado,521.37,7214.0,6214.0,30,29,97.01,0.957,20251031_078_pol_pro_Ran_ado_2025_16_Colorado2025_x006656_y005632
Unknown_Sample,20251031_078_pol_pro_Ran_ado_2025_16_Colorado2025.czi,Ran_ado,358.61,7176.0,5867.0,19,32,88.63,0.961,20251031_078_pol_pro_Ran_ado_2025_16_Colorado2025_x007168_y005632
Unknown_Sample,20251031_078_pol_pro_Ran_ado_2025_16_Colorado2025.czi,Ran_ado,609.87,7710.0,5925.0,31,34,106.67,0.958,20251031_078_pol_pro_Ran_ado_2025_16_Colorado2025_x007168_y005632
Unknown_Sample,20251031_078_pol_pro_Ran_ado_2025_16_Colorado2025.czi,Ran_ado,523.3,7214.0,6214.0,30,29,97.6,0.957,20251031_078_pol_pro_Ran_ado_2025_16_Colorado2025_x007168_y005632
Unknown_Sample,20251031_078_pol_pro_Ran_ado_2025_16_Colorado2025.czi,Ran_ado,321.29,7743.0,6264.0,33,16,86.38,0.903,20251031_078_pol_pro_Ran_ado_2025_16_Colorado2025_x007168_y005632
Unknown_Sample,20251031_078_pol_pro_Ran_ado_2025_16_Colorado2025.czi,Ran_ado,644.5,8226.0,5749.0,31,34,107.84,0.964,20251031_078_pol_pro_Ran_ado_2025_16_Colorado2025_x007680_y005632
Unknown_Sample,20251031_078_pol_pro_Ran_ado_2025_16_Colorado2025.czi,Ran_ado,595.63,7710.0,5925.0,30,34,105.25,0.958,20251031_078_pol_pro_Ran_ado_2025_16_Colorado2025_x007680_y005632
Unknown_Sample,20251031_078_pol_pro_Ran_ado_2025_16_Colorado2025.czi,Ran_ado,527.53,8036.0,6018.0,28,31,99.36,0.935,20251031_078_pol_pro_Ran_ado_2025_16_Colorado2025_x007680_y005632
Unknown_Sample,20251031_078_pol_pro_Ran_ado_2025_16_Colorado2025.czi,Ran_ado,575.63,8065.0,6013.0,34,29,105.6,0.915,20251031_078_pol_pro_Ran_ado_2025_16_Colorado2025_x007680_y005632
Unknown_Sample,20251031_078_pol_pro_Ran_ado_2025_16_Colorado2025.czi,Ran_ado,320.52,7743.0,6264.0,33,16,86.38,0.903,20251031_078_pol_pro_Ran_ado_2025_16_Colorado2025_x007680_y005632
Unknown_Sample,20251031_078_pol_pro_Ran_ado_2025_16_Colorado2025.czi,Ran_ado,533.3,8043.0,6061.0,30,31,100.43,0.903,20251031_078_pol_pro_Ran_ado_2025_16_Colorado2025_x007680_y005632
Unknown_Sample,20251031_078_pol_pro_Ran_ado_2025_16_Colorado2025.czi,Ran_ado,553.69,8065.0,6042.0,32,33,117.5,0.881,20251031_078_pol_pro_Ran_ado_2025_16_Colorado2025_x007680_y005632
Unknown_Sample,20251031_078_pol_pro_Ran_ado_2025_16_Colorado2025.czi,Ran_ado,645.27,8226.0,5749.0,31,34,107.84,0.964,20251031_078_pol_pro_Ran_ado_2025_16_Colorado2025_x008192_y005632
Unknown_Sample,20251031_078_pol_pro_Ran_ado_2025_16_Colorado2025.czi,Ran_ado,543.3,8781.0,5755.0,30,30,100.77,0.963,20251031_078_pol_pro_Ran_ado_2025_16_Colorado2025_x008192_y005632
Unknown_Sample,20251031_078_pol_pro_Ran_ado_2025_16_Colorado2025.czi,Ran_ado,653.35,8662.0,6189.0,33,32,108.43,0.962,20251031_078_pol_pro_Ran_ado_2025_16_Colorado2025_x008192_y005632
Unknown_Sample,20251031_078_pol_pro_Ran_ado_2025_16_Colorado2025.czi,Ran_ado,545.61,8782.0,5755.0,30,30,100.77,0.962,20251031_078_pol_pro_Ran_ado_2025_16_Colorado2025_x008704_y005632
Unknown_Sample,20251031_078_pol_pro_Ran_ado_2025_16_Colorado2025.czi,Ran_ado,556.0,9119.0,6208.0,30,30,101.36,0.941,20251031_078_pol_pro_Ran_ado_2025_16_Colorado2025_x008704_y005632
Unknown_Sample,20251031_078_pol_pro_Ran_ado_2025_16_Colorado2025.czi,Ran_ado,515.6,9149.0,6214.0,30,29,97.6,0.928,20251031_078_pol_pro_Ran_ado_2025_16_Colorado2025_x008704_y005632
Unknown_Sample,20251031_078_pol_pro_Ran_ado_2025_16_Colorado2025.czi,Ran_ado,486.36,9578.0,6027.0,29,28,94.77,0.961,20251031_078_pol_pro_Ran_ado_2025_16_Colorado2025_x009216_y005632
Unknown_Sample,20251031_078_pol_pro_Ran_ado_2025_16_Colorado2025.czi,Ran_ado,600.25,10064.0,6112.0,31,32,105.6,0.961,20251031_078_pol_pro_Ran_ado_2025_16_Colorado2025_x009728_y005632
Unknown_Sample,20251031_078_pol_pro_Ran_ado_2025_16_Colorado2025.czi,Ran_ado,495.59,10160.0,5989.0,30,27,94.77,0.957,20251031_078_pol_pro_Ran_ado_2025_16_Colorado2025_x009728_y005632
Unknown_Sample,20251031_078_pol_pro_Ran_ado_2025_16_Colorado2025.czi,Ran_ado,457.5,10315.0,6100.0,29,26,92.53,0.957,20251031_078_pol_pro_Ran_ado_2025_16_Colorado2025_x009728_y005632
Unknown_Sample,20251031_078_pol_pro_Ran_ado_2025_16_Colorado2025.czi,Ran_ado,458.27,10315.0,6100.0,29,26,92.53,0.957,20251031_078_pol_pro_Ran_ado_2025_16_Colorado2025_x010240_y005632
Unknown_Sample,20251031_078_pol_pro_Ran_ado_2025_16_Colorado2025.czi,Ran_ado,459.04,11349.0,6023.0,28,27,91.36,0.959,20251031_078_pol_pro_Ran_ado_2025_16_Colorado2025_x010752_y005632
Unknown_Sample,20251031_078_pol_pro_Ran_ado_2025_16_Colorado2025.czi,Ran_ado,518.29,11134.0,6080.0,29,30,98.18,0.946,20251031_078_pol_pro_Ran_ado_2025_16_Colorado2025_x010752_y005632
Unknown_Sample,20251031_078_pol_pro_Ran_ado_2025_16_Colorado2025.czi,Ran_ado,419.79,11161.0,6069.0,26,27,87.36,0.94,20251031_078_pol_pro_Ran_ado_2025_16_Colorado2025_x010752_y005632
Unknown_Sample,20251031_078_pol_pro_Ran_ado_2025_16_Colorado2025.czi,Ran_ado,560.62,11000.0,6142.0,30,31,102.18,0.938,20251031_078_pol_pro_Ran_ado_2025_16_Colorado2025_x010752_y005632
Unknown_Sample,20251031_078_pol_pro_Ran_ado_2025_16_Colorado2025.czi,Ran_ado,549.08,11019.0,6165.0,32,32,108.67,0.902,20251031_078_pol_pro_Ran_ado_2025_16_Colorado2025_x010752_y005632
Unknown_Sample,20251031_078_pol_pro_Ran_ado_2025_16_Colorado2025.czi,Ran_ado,459.04,11349.0,6023.0,28,27,91.36,0.96,20251031_078_pol_pro_Ran_ado_2025_16_Colorado2025_x011264_y005632
Unknown_Sample,20251031_078_pol_pro_Ran_ado_2025_16_Colorado2025.czi,Ran_ado,549.46,11665.0,6027.0,31,29,100.77,0.957,20251031_078_pol_pro_Ran_ado_2025_16_Colorado2025_x011264_y005632
Unknown_Sample,20251031_078_pol_pro_Ran_ado_2025_16_Colorado2025.czi,Ran_ado,275.12,11500.0,5639.0,32,15,81.21,0.946,20251031_078_pol_pro_Ran_ado_2025_16_Colorado2025_x011264_y005632
Unknown_Sample,20251031_078_pol_pro_Ran_ado_2025_16_Colorado2025.czi,Ran_ado,477.51,12220.0,5766.0,29,27,93.36,0.959,20251031_078_pol_pro_Ran_ado_2025_16_Colorado2025_x011776_y005632
Unknown_Sample,20251031_078_pol_pro_Ran_ado_2025_16_Colorado2025.czi,Ran_ado,512.52,11997.0,6152.0,29,29,97.94,0.924,20251031_078_pol_pro_Ran_ado_2025_16_Colorado2025_x011776_y005632
Unknown_Sample,20251031_078_pol_pro_Ran_ado_2025_16_Colorado2025.czi,Ran_ado,514.83,11975.0,6170.0,29,30,97.6,0.91,20251031_078_pol_pro_Ran_ado_2025_16_Colorado2025_x011776_y005632
Unknown_Sample,20251031_078_pol_pro_Ran_ado_2025_16_Colorado2025.czi,Ran_ado,507.52,12686.0,6071.0,28,30,96.18,0.958,20251031_078_pol_pro_Ran_ado_2025_16_Colorado2025_x012288_y005632
Unknown_Sample,20251031_078_pol_pro_Ran_ado_2025_16_Colorado2025.czi,Ran_ado,404.79,12550.0,6229.0,28,24,87.11,0.956,20251031_078_pol_pro_Ran_ado_2025_16_Colorado2025_x012288_y005632
Unknown_Sample,20251031_078_pol_pro_Ran_ado_2025_16_Colorado2025.czi,Ran_ado,530.22,13340.0,5938.0,30,29,98.77,0.959,20251031_078_pol_pro_Ran_ado_2025_16_Colorado2025_x012800_y005632
Unknown_Sample,20251031_078_pol_pro_Ran_ado_2025_16_Colorado2025.czi,Ran_ado,493.28,13151.0,5995.0,30,27,95.94,0.958,20251031_078_pol_pro_Ran_ado_2025_16_Colorado2025_x012800_y005632
Unknown_Sample,20251031_078_pol_pro_Ran_ado_2025_16_Colorado2025.czi,Ran_ado,532.15,13340.0,5938.0,30,29,98.18,0.959,20251031_078_pol_pro_Ran_ado_2025_16_Colorado2025_x013312_y005632
Unknown_Sample,20251031_078_pol_pro_Ran_ado_2025_16_Colorado2025.czi,Ran_ado,530.22,13488.0,5742.0,29,30,97.6,0.959,20251031_078_pol_pro_Ran_ado_2025_16_Colorado2025_x013312_y005632
Unknown_Sample,20251031_078_pol_pro_Ran_ado_2025_16_Colorado2025.czi,Ran_ado,423.25,13661.0,6181.0,26,27,86.77,0.958,20251031_078_pol_pro_Ran_ado_2025_16_Colorado2025_x013312_y005632
Unknown_Sample,20251031_078_pol_pro_Ran_ado_2025_16_Colorado2025.czi,Ran_ado,470.2,14062.0,6019.0,28,27,94.28,0.962,20251031_078_pol_pro_Ran_ado_2025_16_Colorado2025_x013824_y005632
Unknown_Sample,20251031_078_pol_pro_Ran_ado_2025_16_Colorado2025.czi,Ran_ado,557.93,14159.0,5713.0,33,28,100.43,0.94,20251031_078_pol_pro_Ran_ado_2025_16_Colorado2025_x013824_y005632
Unknown_Sample,20251031_078_pol_pro_Ran_ado_2025_16_Colorado2025.czi,Ran_ado,439.03,14129.0,5714.0,27,26,89.7,0.938,20251031_078_pol_pro_Ran_ado_2025_16_Colorado2025_x013824_y005632
Unknown_Sample,20251031_078_pol_pro_Ran_ado_2025_16_Colorado2025.czi,Ran_ado,490.59,14267.0,5668.0,29,28,95.36,0.929,20251031_078_pol_pro_Ran_ado_2025_16_Colorado2025_x013824_y005632
Unknown_Sample,20251031_078_pol_pro_Ran_ado_2025_16_Colorado2025.czi,Ran_ado,484.82,14272.0,5695.0,28,30,95.6,0.925,20251031_078_pol_pro_Ran_ado_2025_16_Colorado2025_x013824_y005632
Unknown_Sample,20251031_078_pol_pro_Ran_ado_2025_16_Colorado2025.czi,Ran_ado,505.98,14499.0,5773.0,29,28,96.53,0.958,20251031_078_pol_pro_Ran_ado_2025_16_Colorado2025_x014336_y005632
Unknown_Sample,20251031_078_pol_pro_Ran_ado_2025_16_Colorado2025.czi,Ran_ado,517.14,14813.0,5898.0,31,28,97.6,0.958,20251031_078_pol_pro_Ran_ado_2025_16_Colorado2025_x014336_y005632
Unknown_Sample,20251031_078_pol_pro_Ran_ado_2025_16_Colorado2025.czi,Ran_ado,465.2,15333.0,6037.0,28,27,92.53,0.958,20251031_078_pol_pro_Ran_ado_2025_16_Colorado2025_x014848_y005632
Unknown_Sample,20251031_078_pol_pro_Ran_ado_2025_16_Colorado2025.czi,Ran_ado,494.44,15181.0,6245.0,31,26,95.36,0.957,20251031_078_pol_pro_Ran_ado_2025_16_Colorado2025_x014848_y005632
Unknown_Sample,20251031_078_pol_pro_Ran_ado_2025_16_Colorado2025.czi,Ran_ado,322.06,15023.0,5915.0,24,22,78.04,0.955,20251031_078_pol_pro_Ran_ado_2025_16_Colorado2025_x014848_y005632
Unknown_Sample,20251031_078_pol_pro_Ran_ado_2025_16_Colorado2025.czi,Ran_ado,501.36,16413.0,5721.0,28,30,96.18,0.957,20251031_078_pol_pro_Ran_ado_2025_16_Colorado2025_x015872_y005632
Unknown_Sample,20251031_078_pol_pro_Ran_ado_2025_16_Colorado2025.czi,Ran_ado,501.36,16413.0,5721.0,28,30,96.18,0.956,20251031_078_pol_pro_Ran_ado_2025_16_Colorado2025_x016384_y005632
Unknown_Sample,20251031_078_pol_pro_Ran_ado_2025_16_Colorado2025.czi,Ran_ado,425.95,16593.0,6018.0,27,25,87.7,0.951,20251031_078_pol_pro_Ran_ado_2025_16_Colorado2025_x016384_y005632
Unknown_Sample,20251031_078_pol_pro_Ran_ado_2025_16_Colorado2025.czi,Ran_ado,471.74,16654.0,5894.0,27,31,96.77,0.922,20251031_078_pol_pro_Ran_ado_2025_16_Colorado2025_x016384_y005632
Unknown_Sample,20251031_078_pol_pro_Ran_ado_2025_16_Colorado2025.czi,Ran_ado,709.14,1130.0,6763.0,34,34,113.84,0.956,20251031_078_pol_pro_Ran_ado_2025_16_Colorado2025_x000512_y006144
Unknown_Sample,20251031_078_pol_pro_Ran_ado_2025_16_Colorado2025.czi,Ran_ado,705.3,1130.0,6763.0,34,34,113.84,0.958,20251031_078_pol_pro_Ran_ado_2025_16_Colorado2025_x001024_y006144
Unknown_Sample,20251031_078_pol_pro_Ran_ado_2025_16_Colorado2025.czi,Ran_ado,828.04,3068.0,6219.0,37,37,121.74,0.959,20251031_078_pol_pro_Ran_ado_2025_16_Colorado2025_x002560_y006144
Unknown_Sample,20251031_078_pol_pro_Ran_ado_2025_16_Colorado2025.czi,Ran_ado,912.31,3108.0,6163.0,38,40,129.15,0.959,20251031_078_pol_pro_Ran_ado_2025_16_Colorado2025_x002560_y006144
Unknown_Sample,20251031_078_pol_pro_Ran_ado_2025_16_Colorado2025.czi,Ran_ado,636.04,2980.0,6651.0,33,33,109.84,0.956,20251031_078_pol_pro_Ran_ado_2025_16_Colorado2025_x002560_y006144
Unknown_Sample,20251031_078_pol_pro_Ran_ado_2025_16_Colorado2025.czi,Ran_ado,913.84,3108.0,6163.0,38,40,129.15,0.958,20251031_078_pol_pro_Ran_ado_2025_16_Colorado2025_x003072_y006144
Unknown_Sample,20251031_078_pol_pro_Ran_ado_2025_16_Colorado2025.czi,Ran_ado,282.04,3078.0,6218.0,14,37,88.04,0.938,20251031_078_pol_pro_Ran_ado_2025_16_Colorado2025_x003072_y006144
Unknown_Sample,20251031_078_pol_pro_Ran_ado_2025_16_Colorado2025.czi,Ran_ado,702.99,5289.0,6671.0,34,34,112.67,0.963,20251031_078_pol_pro_Ran_ado_2025_16_Colorado2025_x005120_y006144
Unknown_Sample,20251031_078_pol_pro_Ran_ado_2025_16_Colorado2025.czi,Ran_ado,565.62,7247.0,6345.0,30,31,102.77,0.958,20251031_078_pol_pro_Ran_ado_2025_16_Colorado2025_x006656_y006144
Unknown_Sample,20251031_078_pol_pro_Ran_ado_2025_16_Colorado2025.czi,Ran_ado,523.3,7214.0,6214.0,30,29,97.6,0.958,20251031_078_pol_pro_Ran_ado_2025_16_Colorado2025_x006656_y006144
Unknown_Sample,20251031_078_pol_pro_Ran_ado_2025_16_Colorado2025.czi,Ran_ado,511.75,6973.0,6401.0,31,27,97.94,0.935,20251031_078_pol_pro_Ran_ado_2025_16_Colorado2025_x006656_y006144
Unknown_Sample,20251031_078_pol_pro_Ran_ado_2025_16_Colorado2025.czi,Ran_ado,534.07,7002.0,6406.0,28,32,101.6,0.933,20251031_078_pol_pro_Ran_ado_2025_16_Colorado2025_x006656_y006144
Unknown_Sample,20251031_078_pol_pro_Ran_ado_2025_16_Colorado2025.czi,Ran_ado,562.93,7515.0,6288.0,30,31,102.18,0.964,20251031_078_pol_pro_Ran_ado_2025_16_Colorado2025_x007168_y006144
Unknown_Sample,20251031_078_pol_pro_Ran_ado_2025_16_Colorado2025.czi,Ran_ado,685.29,7744.0,6271.0,34,33,111.84,0.963,20251031_078_pol_pro_Ran_ado_2025_16_Colorado2025_x007168_y006144
Unknown_Sample,20251031_078_pol_pro_Ran_ado_2025_16_Colorado2025.czi,Ran_ado,565.62,7247.0,6345.0,30,31,102.77,0.958,20251031_078_pol_pro_Ran_ado_2025_16_Colorado2025_x007168_y006144
Unknown_Sample,20251031_078_pol_pro_Ran_ado_2025_16_Colorado2025.czi,Ran_ado,523.3,7214.0,6214.0,30,29,97.6,0.958,20251031_078_pol_pro_Ran_ado_2025_16_Colorado2025_x007168_y006144
Unknown_Sample,20251031_078_pol_pro_Ran_ado_2025_16_Colorado2025.czi,Ran_ado,685.29,7744.0,6271.0,34,33,111.84,0.964,20251031_078_pol_pro_Ran_ado_2025_16_Colorado2025_x007680_y006144
Unknown_Sample,20251031_078_pol_pro_Ran_ado_2025_16_Colorado2025.czi,Ran_ado,627.57,7893.0,6737.0,33,31,107.01,0.958,20251031_078_pol_pro_Ran_ado_2025_16_Colorado2025_x007680_y006144
Unknown_Sample,20251031_078_pol_pro_Ran_ado_2025_16_Colorado2025.czi,Ran_ado,653.35,8662.0,6189.0,33,32,108.43,0.962,20251031_078_pol_pro_Ran_ado_2025_16_Colorado2025_x008192_y006144
Unknown_Sample,20251031_078_pol_pro_Ran_ado_2025_16_Colorado2025.czi,Ran_ado,622.57,9035.0,6751.0,33,31,106.43,0.964,20251031_078_pol_pro_Ran_ado_2025_16_Colorado2025_x008704_y006144
Unknown_Sample,20251031_078_pol_pro_Ran_ado_2025_16_Colorado2025.czi,Ran_ado,646.04,9015.0,6521.0,33,32,107.84,0.963,20251031_078_pol_pro_Ran_ado_2025_16_Colorado2025_x008704_y006144
Unknown_Sample,20251031_078_pol_pro_Ran_ado_2025_16_Colorado2025.czi,Ran_ado,460.96,9295.0,6433.0,27,28,91.94,0.961,20251031_078_pol_pro_Ran_ado_2025_16_Colorado2025_x008704_y006144
Unknown_Sample,20251031_078_pol_pro_Ran_ado_2025_16_Colorado2025.czi,Ran_ado,556.0,9119.0,6208.0,30,30,101.36,0.941,20251031_078_pol_pro_Ran_ado_2025_16_Colorado2025_x008704_y006144
Unknown_Sample,20251031_078_pol_pro_Ran_ado_2025_16_Colorado2025.czi,Ran_ado,514.83,9149.0,6214.0,30,29,97.6,0.928,20251031_078_pol_pro_Ran_ado_2025_16_Colorado2025_x008704_y006144
Unknown_Sample,20251031_078_pol_pro_Ran_ado_2025_16_Colorado2025.czi,Ran_ado,586.01,9568.0,6572.0,30,32,104.18,0.963,20251031_078_pol_pro_Ran_ado_2025_16_Colorado2025_x009216_y006144
Unknown_Sample,20251031_078_pol_pro_Ran_ado_2025_16_Colorado2025.czi,Ran_ado,459.81,9295.0,6433.0,27,28,91.36,0.961,20251031_078_pol_pro_Ran_ado_2025_16_Colorado2025_x009216_y006144
Unknown_Sample,20251031_078_pol_pro_Ran_ado_2025_16_Colorado2025.czi,Ran_ado,332.83,9537.0,6775.0,31,17,84.38,0.917,20251031_078_pol_pro_Ran_ado_2025_16_Colorado2025_x009216_y006144
Unknown_Sample,20251031_078_pol_pro_Ran_ado_2025_16_Colorado2025.czi,Ran_ado,499.82,10187.0,6512.0,28,29,95.36,0.956,20251031_078_pol_pro_Ran_ado_2025_16_Colorado2025_x009728_y006144
Unknown_Sample,20251031_078_pol_pro_Ran_ado_2025_16_Colorado2025.czi,Ran_ado,503.29,10833.0,6772.0,32,24,99.8,0.941,20251031_078_pol_pro_Ran_ado_2025_16_Colorado2025_x010240_y006144
Unknown_Sample,20251031_078_pol_pro_Ran_ado_2025_16_Colorado2025.czi,Ran_ado,502.52,10833.0,6772.0,32,24,99.8,0.941,20251031_078_pol_pro_Ran_ado_2025_16_Colorado2025_x010752_y006144
Unknown_Sample,20251031_078_pol_pro_Ran_ado_2025_16_Colorado2025.czi,Ran_ado,541.77,11020.0,6165.0,32,30,100.08,0.896,20251031_078_pol_pro_Ran_ado_2025_16_Colorado2025_x010752_y006144
Unknown_Sample,20251031_078_pol_pro_Ran_ado_2025_16_Colorado2025.czi,Ran_ado,235.87,11000.0,6150.0,29,14,74.38,0.881,20251031_078_pol_pro_Ran_ado_2025_16_Colorado2025_x010752_y006144
Unknown_Sample,20251031_078_pol_pro_Ran_ado_2025_16_Colorado2025.czi,Ran_ado,510.21,11442.0,6487.0,29,29,96.77,0.957,20251031_078_pol_pro_Ran_ado_2025_16_Colorado2025_x011264_y006144
Unknown_Sample,20251031_078_pol_pro_Ran_ado_2025_16_Colorado2025.czi,Ran_ado,273.19,11732.0,6544.0,21,24,74.28,0.697,20251031_078_pol_pro_Ran_ado_2025_16_Colorado2025_x011264_y006144
Unknown_Sample,20251031_078_pol_pro_Ran_ado_2025_16_Colorado2025.czi,Ran_ado,505.98,12232.0,6610.0,28,30,96.18,0.958,20251031_078_pol_pro_Ran_ado_2025_16_Colorado2025_x011776_y006144
Unknown_Sample,20251031_078_pol_pro_Ran_ado_2025_16_Colorado2025.czi,Ran_ado,425.56,11997.0,6155.0,29,23,91.8,0.906,20251031_078_pol_pro_Ran_ado_2025_16_Colorado2025_x011776_y006144
Unknown_Sample,20251031_078_pol_pro_Ran_ado_2025_16_Colorado2025.czi,Ran_ado,509.06,11975.0,6170.0,29,30,97.01,0.897,20251031_078_pol_pro_Ran_ado_2025_16_Colorado2025_x011776_y006144
Unknown_Sample,20251031_078_pol_pro_Ran_ado_2025_16_Colorado2025.czi,Ran_ado,477.12,12897.0,6474.0,30,26,93.94,0.957,20251031_078_pol_pro_Ran_ado_2025_16_Colorado2025_x012288_y006144
Unknown_Sample,20251031_078_pol_pro_Ran_ado_2025_16_Colorado2025.czi,Ran_ado,400.55,12549.0,6229.0,28,24,86.53,0.956,20251031_078_pol_pro_Ran_ado_2025_16_Colorado2025_x012288_y006144
Unknown_Sample,20251031_078_pol_pro_Ran_ado_2025_16_Colorado2025.czi,Ran_ado,472.89,12610.0,6359.0,26,30,93.36,0.94,20251031_078_pol_pro_Ran_ado_2025_16_Colorado2025_x012288_y006144
Unknown_Sample,20251031_078_pol_pro_Ran_ado_2025_16_Colorado2025.czi,Ran_ado,464.43,12615.0,6331.0,27,29,93.36,0.932,20251031_078_pol_pro_Ran_ado_2025_16_Colorado2025_x012288_y006144
Unknown_Sample,20251031_078_pol_pro_Ran_ado_2025_16_Colorado2025.czi,Ran_ado,530.22,13036.0,6320.0,31,28,98.77,0.961,20251031_078_pol_pro_Ran_ado_2025_16_Colorado2025_x012800_y006144
Unknown_Sample,20251031_078_pol_pro_Ran_ado_2025_16_Colorado2025.czi,Ran_ado,520.6,12956.0,6298.0,30,29,97.01,0.959,20251031_078_pol_pro_Ran_ado_2025_16_Colorado2025_x012800_y006144
Unknown_Sample,20251031_078_pol_pro_Ran_ado_2025_16_Colorado2025.czi,Ran_ado,478.28,13315.0,6526.0,29,27,93.36,0.958,20251031_078_pol_pro_Ran_ado_2025_16_Colorado2025_x012800_y006144
Unknown_Sample,20251031_078_pol_pro_Ran_ado_2025_16_Colorado2025.czi,Ran_ado,477.12,12897.0,6474.0,30,26,93.94,0.957,20251031_078_pol_pro_Ran_ado_2025_16_Colorado2025_x012800_y006144
Unknown_Sample,20251031_078_pol_pro_Ran_ado_2025_16_Colorado2025.czi,Ran_ado,423.25,13661.0,6181.0,26,27,86.77,0.958,20251031_078_pol_pro_Ran_ado_2025_16_Colorado2025_x013312_y006144
Unknown_Sample,20251031_078_pol_pro_Ran_ado_2025_16_Colorado2025.czi,Ran_ado,462.89,13502.0,6278.0,26,30,92.18,0.958,20251031_078_pol_pro_Ran_ado_2025_16_Colorado2025_x013312_y006144
Unknown_Sample,20251031_078_pol_pro_Ran_ado_2025_16_Colorado2025.czi,Ran_ado,472.89,13933.0,6758.0,29,27,94.53,0.955,20251031_078_pol_pro_Ran_ado_2025_16_Colorado2025_x013312_y006144
Unknown_Sample,20251031_078_pol_pro_Ran_ado_2025_16_Colorado2025.czi,Ran_ado,291.66,13320.0,6526.0,18,27,77.8,0.953,20251031_078_pol_pro_Ran_ado_2025_16_Colorado2025_x013312_y006144
Unknown_Sample,20251031_078_pol_pro_Ran_ado_2025_16_Colorado2025.czi,Ran_ado,185.08,13446.0,6778.0,30,11,70.38,0.871,20251031_078_pol_pro_Ran_ado_2025_16_Colorado2025_x013312_y006144
Unknown_Sample,20251031_078_pol_pro_Ran_ado_2025_16_Colorado2025.czi,Ran_ado,475.97,13933.0,6758.0,30,27,95.36,0.958,20251031_078_pol_pro_Ran_ado_2025_16_Colorado2025_x013824_y006144
Unknown_Sample,20251031_078_pol_pro_Ran_ado_2025_16_Colorado2025.czi,Ran_ado,531.76,14815.0,6714.0,31,29,98.43,0.957,20251031_078_pol_pro_Ran_ado_2025_16_Colorado2025_x014336_y006144
Unknown_Sample,20251031_078_pol_pro_Ran_ado_2025_16_Colorado2025.czi,Ran_ado,502.9,15181.0,6245.0,31,27,96.18,0.958,20251031_078_pol_pro_Ran_ado_2025_16_Colorado2025_x014848_y006144
Unknown_Sample,20251031_078_pol_pro_Ran_ado_2025_16_Colorado2025.czi,Ran_ado,448.65,16477.0,6452.0,28,26,92.28,0.957,20251031_078_pol_pro_Ran_ado_2025_16_Colorado2025_x015872_y006144
Unknown_Sample,20251031_078_pol_pro_Ran_ado_2025_16_Colorado2025.czi,Ran_ado,447.5,16477.0,6452.0,28,26,91.7,0.957,20251031_078_pol_pro_Ran_ado_2025_16_Colorado2025_x016384_y006144
Unknown_Sample,20251031_078_pol_pro_Ran_ado_2025_16_Colorado2025.czi,Ran_ado,532.92,16566.0,6299.0,30,29,99.36,0.936,20251031_078_pol_pro_Ran_ado_2025_16_Colorado2025_x016384_y006144
Unknown_Sample,20251031_078_pol_pro_Ran_ado_2025_16_Colorado2025.czi,Ran_ado,467.5,16593.0,6293.0,29,30,97.01,0.919,20251031_078_pol_pro_Ran_ado_2025_16_Colorado2025_x016384_y006144
Unknown_Sample,20251031_078_pol_pro_Ran_ado_2025_16_Colorado2025.czi,Ran_ado,816.88,439.0,6873.0,36,38,122.33,0.95,20251031_078_pol_pro_Ran_ado_2025_16_Colorado2025_x000000_y006656
Unknown_Sample,20251031_078_pol_pro_Ran_ado_2025_16_Colorado2025.czi,Ran_ado,699.91,1130.0,6763.0,34,34,112.67,0.961,20251031_078_pol_pro_Ran_ado_2025_16_Colorado2025_x000512_y006656
Unknown_Sample,20251031_078_pol_pro_Ran_ado_2025_16_Colorado2025.czi,Ran_ado,699.91,1130.0,6763.0,34,34,112.67,0.962,20251031_078_pol_pro_Ran_ado_2025_16_Colorado2025_x001024_y006656
Unknown_Sample,20251031_078_pol_pro_Ran_ado_2025_16_Colorado2025.czi,Ran_ado,1003.88,1530.0,6803.0,41,41,135.98,0.952,20251031_078_pol_pro_Ran_ado_2025_16_Colorado2025_x001024_y006656
Unknown_Sample,20251031_078_pol_pro_Ran_ado_2025_16_Colorado2025.czi,Ran_ado,313.98,1542.0,6803.0,15,39,92.28,0.936,20251031_078_pol_pro_Ran_ado_2025_16_Colorado2025_x001536_y006656
Unknown_Sample,20251031_078_pol_pro_Ran_ado_2025_16_Colorado2025.czi,Ran_ado,189.69,2981.0,6661.0,29,13,70.04,0.926,20251031_078_pol_pro_Ran_ado_2025_16_Colorado2025_x002560_y006656
Unknown_Sample,20251031_078_pol_pro_Ran_ado_2025_16_Colorado2025.czi,Ran_ado,695.29,5289.0,6672.0,34,33,113.01,0.968,20251031_078_pol_pro_Ran_ado_2025_16_Colorado2025_x005120_y006656
Unknown_Sample,20251031_078_pol_pro_Ran_ado_2025_16_Colorado2025.czi,Ran_ado,525.22,6928.0,6986.0,29,29,98.53,0.959,20251031_078_pol_pro_Ran_ado_2025_16_Colorado2025_x006656_y006656
Unknown_Sample,20251031_078_pol_pro_Ran_ado_2025_16_Colorado2025.czi,Ran_ado,433.26,7680.0,7284.0,29,23,92.97,0.939,20251031_078_pol_pro_Ran_ado_2025_16_Colorado2025_x007168_y006656
Unknown_Sample,20251031_078_pol_pro_Ran_ado_2025_16_Colorado2025.czi,Ran_ado,357.84,7321.0,7287.0,32,18,87.8,0.916,20251031_078_pol_pro_Ran_ado_2025_16_Colorado2025_x007168_y006656
Unknown_Sample,20251031_078_pol_pro_Ran_ado_2025_16_Colorado2025.czi,Ran_ado,653.35,7894.0,6737.0,34,32,109.25,0.955,20251031_078_pol_pro_Ran_ado_2025_16_Colorado2025_x007680_y006656
Unknown_Sample,20251031_078_pol_pro_Ran_ado_2025_16_Colorado2025.czi,Ran_ado,207.01,7687.0,7285.0,15,23,67.31,0.928,20251031_078_pol_pro_Ran_ado_2025_16_Colorado2025_x007680_y006656
Unknown_Sample,20251031_078_pol_pro_Ran_ado_2025_16_Colorado2025.czi,Ran_ado,629.88,8860.0,6828.0,33,32,109.01,0.965,20251031_078_pol_pro_Ran_ado_2025_16_Colorado2025_x008704_y006656
Unknown_Sample,20251031_078_pol_pro_Ran_ado_2025_16_Colorado2025.czi,Ran_ado,622.18,9035.0,6751.0,33,31,105.84,0.964,20251031_078_pol_pro_Ran_ado_2025_16_Colorado2025_x008704_y006656
Unknown_Sample,20251031_078_pol_pro_Ran_ado_2025_16_Colorado2025.czi,Ran_ado,507.91,9331.0,7233.0,25,32,100.63,0.946,20251031_078_pol_pro_Ran_ado_2025_16_Colorado2025_x008704_y006656
Unknown_Sample,20251031_078_pol_pro_Ran_ado_2025_16_Colorado2025.czi,Ran_ado,544.46,9474.0,7226.0,30,30,101.36,0.964,20251031_078_pol_pro_Ran_ado_2025_16_Colorado2025_x009216_y006656
Unknown_Sample,20251031_078_pol_pro_Ran_ado_2025_16_Colorado2025.czi,Ran_ado,592.56,9537.0,6781.0,31,31,102.43,0.962,20251031_078_pol_pro_Ran_ado_2025_16_Colorado2025_x009216_y006656
Unknown_Sample,20251031_078_pol_pro_Ran_ado_2025_16_Colorado2025.czi,Ran_ado,589.86,9333.0,7233.0,31,32,103.84,0.96,20251031_078_pol_pro_Ran_ado_2025_16_Colorado2025_x009216_y006656
Unknown_Sample,20251031_078_pol_pro_Ran_ado_2025_16_Colorado2025.czi,Ran_ado,444.8,10173.0,7102.0,28,25,90.28,0.96,20251031_078_pol_pro_Ran_ado_2025_16_Colorado2025_x009728_y006656
Unknown_Sample,20251031_078_pol_pro_Ran_ado_2025_16_Colorado2025.czi,Ran_ado,593.33,10506.0,7055.0,31,31,103.6,0.963,20251031_078_pol_pro_Ran_ado_2025_16_Colorado2025_x010240_y006656
Unknown_Sample,20251031_078_pol_pro_Ran_ado_2025_16_Colorado2025.czi,Ran_ado,630.65,10832.0,6774.0,32,32,107.01,0.962,20251031_078_pol_pro_Ran_ado_2025_16_Colorado2025_x010240_y006656
Unknown_Sample,20251031_078_pol_pro_Ran_ado_2025_16_Colorado2025.czi,Ran_ado,508.29,10828.0,6845.0,28,31,99.36,0.961,20251031_078_pol_pro_Ran_ado_2025_16_Colorado2025_x010240_y006656
Unknown_Sample,20251031_078_pol_pro_Ran_ado_2025_16_Colorado2025.czi,Ran_ado,112.74,10786.0,7129.0,14,14,46.73,0.869,20251031_078_pol_pro_Ran_ado_2025_16_Colorado2025_x010240_y006656
Unknown_Sample,20251031_078_pol_pro_Ran_ado_2025_16_Colorado2025.czi,Ran_ado,630.65,10832.0,6774.0,32,32,107.01,0.962,20251031_078_pol_pro_Ran_ado_2025_16_Colorado2025_x010752_y006656
Unknown_Sample,20251031_078_pol_pro_Ran_ado_2025_16_Colorado2025.czi,Ran_ado,509.06,10828.0,6845.0,28,31,99.36,0.961,20251031_078_pol_pro_Ran_ado_2025_16_Colorado2025_x010752_y006656
Unknown_Sample,20251031_078_pol_pro_Ran_ado_2025_16_Colorado2025.czi,Ran_ado,113.51,10786.0,7129.0,14,14,46.73,0.845,20251031_078_pol_pro_Ran_ado_2025_16_Colorado2025_x010752_y006656
Unknown_Sample,20251031_078_pol_pro_Ran_ado_2025_16_Colorado2025.czi,Ran_ado,580.24,11443.0,6956.0,31,31,103.6,0.94,20251031_078_pol_pro_Ran_ado_2025_16_Colorado2025_x011264_y006656
Unknown_Sample,20251031_078_pol_pro_Ran_ado_2025_16_Colorado2025.czi,Ran_ado,566.39,11457.0,6981.0,34,30,104.08,0.914,20251031_078_pol_pro_Ran_ado_2025_16_Colorado2025_x011264_y006656
Unknown_Sample,20251031_078_pol_pro_Ran_ado_2025_16_Colorado2025.czi,Ran_ado,478.28,12185.0,7112.0,28,28,94.53,0.963,20251031_078_pol_pro_Ran_ado_2025_16_Colorado2025_x011776_y006656
Unknown_Sample,20251031_078_pol_pro_Ran_ado_2025_16_Colorado2025.czi,Ran_ado,487.51,12852.0,7191.0,30,27,95.36,0.935,20251031_078_pol_pro_Ran_ado_2025_16_Colorado2025_x012288_y006656
Unknown_Sample,20251031_078_pol_pro_Ran_ado_2025_16_Colorado2025.czi,Ran_ado,484.43,12881.0,7185.0,30,27,96.18,0.924,20251031_078_pol_pro_Ran_ado_2025_16_Colorado2025_x012288_y006656
Unknown_Sample,20251031_078_pol_pro_Ran_ado_2025_16_Colorado2025.czi,Ran_ado,527.91,12956.0,7254.0,29,30,98.77,0.957,20251031_078_pol_pro_Ran_ado_2025_16_Colorado2025_x012800_y006656
Unknown_Sample,20251031_078_pol_pro_Ran_ado_2025_16_Colorado2025.czi,Ran_ado,486.74,12852.0,7191.0,30,27,95.36,0.934,20251031_078_pol_pro_Ran_ado_2025_16_Colorado2025_x012800_y006656
Unknown_Sample,20251031_078_pol_pro_Ran_ado_2025_16_Colorado2025.czi,Ran_ado,484.43,12881.0,7185.0,30,27,96.18,0.924,20251031_078_pol_pro_Ran_ado_2025_16_Colorado2025_x012800_y006656
Unknown_Sample,20251031_078_pol_pro_Ran_ado_2025_16_Colorado2025.czi,Ran_ado,561.0,13851.0,7230.0,30,31,101.6,0.964,20251031_078_pol_pro_Ran_ado_2025_16_Colorado2025_x013312_y006656
Unknown_Sample,20251031_078_pol_pro_Ran_ado_2025_16_Colorado2025.czi,Ran_ado,572.16,13445.0,6787.0,31,30,102.18,0.962,20251031_078_pol_pro_Ran_ado_2025_16_Colorado2025_x013312_y006656
Unknown_Sample,20251031_078_pol_pro_Ran_ado_2025_16_Colorado2025.czi,Ran_ado,543.3,13486.0,6839.0,30,30,99.6,0.96,20251031_078_pol_pro_Ran_ado_2025_16_Colorado2025_x013312_y006656
Unknown_Sample,20251031_078_pol_pro_Ran_ado_2025_16_Colorado2025.czi,Ran_ado,469.43,13933.0,6758.0,29,27,93.94,0.956,20251031_078_pol_pro_Ran_ado_2025_16_Colorado2025_x013312_y006656
Unknown_Sample,20251031_078_pol_pro_Ran_ado_2025_16_Colorado2025.czi,Ran_ado,561.0,13851.0,7230.0,30,31,101.6,0.964,20251031_078_pol_pro_Ran_ado_2025_16_Colorado2025_x013824_y006656
Unknown_Sample,20251031_078_pol_pro_Ran_ado_2025_16_Colorado2025.czi,Ran_ado,526.37,14132.0,7145.0,30,28,97.94,0.963,20251031_078_pol_pro_Ran_ado_2025_16_Colorado2025_x013824_y006656
Unknown_Sample,20251031_078_pol_pro_Ran_ado_2025_16_Colorado2025.czi,Ran_ado,470.97,13933.0,6758.0,30,27,94.77,0.96,20251031_078_pol_pro_Ran_ado_2025_16_Colorado2025_x013824_y006656
Unknown_Sample,20251031_078_pol_pro_Ran_ado_2025_16_Colorado2025.czi,Ran_ado,503.29,14577.0,6890.0,27,30,95.94,0.959,20251031_078_pol_pro_Ran_ado_2025_16_Colorado2025_x014336_y006656
Unknown_Sample,20251031_078_pol_pro_Ran_ado_2025_16_Colorado2025.czi,Ran_ado,507.52,14766.0,7034.0,30,28,97.36,0.958,20251031_078_pol_pro_Ran_ado_2025_16_Colorado2025_x014336_y006656
Unknown_Sample,20251031_078_pol_pro_Ran_ado_2025_16_Colorado2025.czi,Ran_ado,530.99,14815.0,6713.0,31,28,97.6,0.957,20251031_078_pol_pro_Ran_ado_2025_16_Colorado2025_x014336_y006656
Unknown_Sample,20251031_078_pol_pro_Ran_ado_2025_16_Colorado2025.czi,Ran_ado,501.75,14581.0,7255.0,30,28,96.77,0.957,20251031_078_pol_pro_Ran_ado_2025_16_Colorado2025_x014336_y006656
Unknown_Sample,20251031_078_pol_pro_Ran_ado_2025_16_Colorado2025.czi,Ran_ado,332.83,14966.0,6807.0,19,27,81.56,0.922,20251031_078_pol_pro_Ran_ado_2025_16_Colorado2025_x014336_y006656
Unknown_Sample,20251031_078_pol_pro_Ran_ado_2025_16_Colorado2025.czi,Ran_ado,506.75,15339.0,7094.0,28,30,95.01,0.959,20251031_078_pol_pro_Ran_ado_2025_16_Colorado2025_x014848_y006656
Unknown_Sample,20251031_078_pol_pro_Ran_ado_2025_16_Colorado2025.czi,Ran_ado,491.36,14970.0,6806.0,30,27,95.36,0.959,20251031_078_pol_pro_Ran_ado_2025_16_Colorado2025_x014848_y006656
Unknown_Sample,20251031_078_pol_pro_Ran_ado_2025_16_Colorado2025.czi,Ran_ado,511.75,15455.0,7091.0,29,29,95.6,0.956,20251031_078_pol_pro_Ran_ado_2025_16_Colorado2025_x014848_y006656
Unknown_Sample,20251031_078_pol_pro_Ran_ado_2025_16_Colorado2025.czi,Ran_ado,487.9,15594.0,7033.0,31,27,96.77,0.959,20251031_078_pol_pro_Ran_ado_2025_16_Colorado2025_x015360_y006656
Unknown_Sample,20251031_078_pol_pro_Ran_ado_2025_16_Colorado2025.czi,Ran_ado,511.75,15455.0,7091.0,29,29,95.6,0.956,20251031_078_pol_pro_Ran_ado_2025_16_Colorado2025_x015360_y006656
Unknown_Sample,20251031_078_pol_pro_Ran_ado_2025_16_Colorado2025.czi,Ran_ado,449.42,16027.0,7062.0,27,29,91.6,0.953,20251031_078_pol_pro_Ran_ado_2025_16_Colorado2025_x015872_y006656
Unknown_Sample,20251031_078_pol_pro_Ran_ado_2025_16_Colorado2025.czi,Ran_ado,572.55,16307.0,7063.0,32,30,102.43,0.953,20251031_078_pol_pro_Ran_ado_2025_16_Colorado2025_x015872_y006656
Unknown_Sample,20251031_078_pol_pro_Ran_ado_2025_16_Colorado2025.czi,Ran_ado,1056.98,691.0,7326.0,42,42,138.81,0.955,20251031_078_pol_pro_Ran_ado_2025_16_Colorado2025_x000512_y007168
Unknown_Sample,20251031_078_pol_pro_Ran_ado_2025_16_Colorado2025.czi,Ran_ado,1008.12,1732.0,7649.0,41,42,136.23,0.936,20251031_078_pol_pro_Ran_ado_2025_16_Colorado2025_x001536_y007168
Unknown_Sample,20251031_078_pol_pro_Ran_ado_2025_16_Colorado2025.czi,Ran_ado,709.53,2317.0,7370.0,36,33,114.08,0.94,20251031_078_pol_pro_Ran_ado_2025_16_Colorado2025_x002048_y007168
Unknown_Sample,20251031_078_pol_pro_Ran_ado_2025_16_Colorado2025.czi,Ran_ado,779.56,2307.0,7400.0,38,36,120.57,0.91,20251031_078_pol_pro_Ran_ado_2025_16_Colorado2025_x002048_y007168
Unknown_Sample,20251031_078_pol_pro_Ran_ado_2025_16_Colorado2025.czi,Ran_ado,738.77,3754.0,7713.0,34,35,115.25,0.963,20251031_078_pol_pro_Ran_ado_2025_16_Colorado2025_x003584_y007168
Unknown_Sample,20251031_078_pol_pro_Ran_ado_2025_16_Colorado2025.czi,Ran_ado,925.77,5258.0,7475.0,39,40,129.4,0.961,20251031_078_pol_pro_Ran_ado_2025_16_Colorado2025_x005120_y007168
Unknown_Sample,20251031_078_pol_pro_Ran_ado_2025_16_Colorado2025.czi,Ran_ado,626.42,7321.0,7293.0,32,32,106.43,0.962,20251031_078_pol_pro_Ran_ado_2025_16_Colorado2025_x007168_y007168
Unknown_Sample,20251031_078_pol_pro_Ran_ado_2025_16_Colorado2025.czi,Ran_ado,524.45,7680.0,7286.0,29,29,98.53,0.96,20251031_078_pol_pro_Ran_ado_2025_16_Colorado2025_x007168_y007168
Unknown_Sample,20251031_078_pol_pro_Ran_ado_2025_16_Colorado2025.czi,Ran_ado,566.39,7710.0,7784.0,30,30,100.77,0.958,20251031_078_pol_pro_Ran_ado_2025_16_Colorado2025_x007168_y007168
Unknown_Sample,20251031_078_pol_pro_Ran_ado_2025_16_Colorado2025.czi,Ran_ado,564.47,7710.0,7784.0,30,30,101.36,0.958,20251031_078_pol_pro_Ran_ado_2025_16_Colorado2025_x007680_y007168
Unknown_Sample,20251031_078_pol_pro_Ran_ado_2025_16_Colorado2025.czi,Ran_ado,252.41,7687.0,7287.0,15,29,75.8,0.947,20251031_078_pol_pro_Ran_ado_2025_16_Colorado2025_x007680_y007168
Unknown_Sample,20251031_078_pol_pro_Ran_ado_2025_16_Colorado2025.czi,Ran_ado,637.58,8992.0,7350.0,34,32,108.67,0.96,20251031_078_pol_pro_Ran_ado_2025_16_Colorado2025_x008704_y007168
Unknown_Sample,20251031_078_pol_pro_Ran_ado_2025_16_Colorado2025.czi,Ran_ado,508.67,9331.0,7233.0,25,32,100.63,0.946,20251031_078_pol_pro_Ran_ado_2025_16_Colorado2025_x008704_y007168
Unknown_Sample,20251031_078_pol_pro_Ran_ado_2025_16_Colorado2025.czi,Ran_ado,545.23,9474.0,7226.0,30,30,101.36,0.963,20251031_078_pol_pro_Ran_ado_2025_16_Colorado2025_x009216_y007168
Unknown_Sample,20251031_078_pol_pro_Ran_ado_2025_16_Colorado2025.czi,Ran_ado,590.63,9333.0,7233.0,31,32,103.84,0.96,20251031_078_pol_pro_Ran_ado_2025_16_Colorado2025_x009216_y007168
Unknown_Sample,20251031_078_pol_pro_Ran_ado_2025_16_Colorado2025.czi,Ran_ado,574.09,11199.0,7402.0,31,31,102.43,0.959,20251031_078_pol_pro_Ran_ado_2025_16_Colorado2025_x010752_y007168
Unknown_Sample,20251031_078_pol_pro_Ran_ado_2025_16_Colorado2025.czi,Ran_ado,575.63,11583.0,7498.0,31,31,103.6,0.957,20251031_078_pol_pro_Ran_ado_2025_16_Colorado2025_x011264_y007168
Unknown_Sample,20251031_078_pol_pro_Ran_ado_2025_16_Colorado2025.czi,Ran_ado,462.12,12622.0,7541.0,27,27,92.87,0.961,20251031_078_pol_pro_Ran_ado_2025_16_Colorado2025_x012288_y007168
Unknown_Sample,20251031_078_pol_pro_Ran_ado_2025_16_Colorado2025.czi,Ran_ado,487.51,12852.0,7191.0,30,27,95.36,0.937,20251031_078_pol_pro_Ran_ado_2025_16_Colorado2025_x012288_y007168
Unknown_Sample,20251031_078_pol_pro_Ran_ado_2025_16_Colorado2025.czi,Ran_ado,492.13,12881.0,7185.0,31,28,98.18,0.927,20251031_078_pol_pro_Ran_ado_2025_16_Colorado2025_x012288_y007168
Unknown_Sample,20251031_078_pol_pro_Ran_ado_2025_16_Colorado2025.czi,Ran_ado,527.14,13283.0,7403.0,30,29,98.77,0.962,20251031_078_pol_pro_Ran_ado_2025_16_Colorado2025_x012800_y007168
Unknown_Sample,20251031_078_pol_pro_Ran_ado_2025_16_Colorado2025.czi,Ran_ado,529.07,12956.0,7254.0,29,30,98.18,0.958,20251031_078_pol_pro_Ran_ado_2025_16_Colorado2025_x012800_y007168
Unknown_Sample,20251031_078_pol_pro_Ran_ado_2025_16_Colorado2025.czi,Ran_ado,504.83,13304.0,7674.0,29,28,95.94,0.955,20251031_078_pol_pro_Ran_ado_2025_16_Colorado2025_x012800_y007168
Unknown_Sample,20251031_078_pol_pro_Ran_ado_2025_16_Colorado2025.czi,Ran_ado,486.74,12852.0,7191.0,30,27,95.36,0.937,20251031_078_pol_pro_Ran_ado_2025_16_Colorado2025_x012800_y007168
Unknown_Sample,20251031_078_pol_pro_Ran_ado_2025_16_Colorado2025.czi,Ran_ado,490.98,12881.0,7185.0,31,28,97.6,0.926,20251031_078_pol_pro_Ran_ado_2025_16_Colorado2025_x012800_y007168
Unknown_Sample,20251031_078_pol_pro_Ran_ado_2025_16_Colorado2025.czi,Ran_ado,577.93,13724.0,7404.0,31,30,103.94,0.965,20251031_078_pol_pro_Ran_ado_2025_16_Colorado2025_x013312_y007168
Unknown_Sample,20251031_078_pol_pro_Ran_ado_2025_16_Colorado2025.czi,Ran_ado,561.0,13851.0,7230.0,30,31,101.6,0.964,20251031_078_pol_pro_Ran_ado_2025_16_Colorado2025_x013312_y007168
Unknown_Sample,20251031_078_pol_pro_Ran_ado_2025_16_Colorado2025.czi,Ran_ado,423.64,13854.0,7483.0,27,26,88.53,0.958,20251031_078_pol_pro_Ran_ado_2025_16_Colorado2025_x013312_y007168
Unknown_Sample,20251031_078_pol_pro_Ran_ado_2025_16_Colorado2025.czi,Ran_ado,561.0,13851.0,7230.0,30,31,101.6,0.964,20251031_078_pol_pro_Ran_ado_2025_16_Colorado2025_x013824_y007168
Unknown_Sample,20251031_078_pol_pro_Ran_ado_2025_16_Colorado2025.czi,Ran_ado,506.75,14011.0,7408.0,31,27,97.36,0.963,20251031_078_pol_pro_Ran_ado_2025_16_Colorado2025_x013824_y007168
Unknown_Sample,20251031_078_pol_pro_Ran_ado_2025_16_Colorado2025.czi,Ran_ado,423.64,13854.0,7483.0,27,26,88.53,0.958,20251031_078_pol_pro_Ran_ado_2025_16_Colorado2025_x013824_y007168
Unknown_Sample,20251031_078_pol_pro_Ran_ado_2025_16_Colorado2025.czi,Ran_ado,541.38,14096.0,7772.0,31,28,100.53,0.957,20251031_078_pol_pro_Ran_ado_2025_16_Colorado2025_x013824_y007168
Unknown_Sample,20251031_078_pol_pro_Ran_ado_2025_16_Colorado2025.czi,Ran_ado,506.75,14883.0,7305.0,30,28,96.18,0.96,20251031_078_pol_pro_Ran_ado_2025_16_Colorado2025_x014336_y007168
Unknown_Sample,20251031_078_pol_pro_Ran_ado_2025_16_Colorado2025.czi,Ran_ado,500.98,14581.0,7255.0,30,28,96.77,0.958,20251031_078_pol_pro_Ran_ado_2025_16_Colorado2025_x014336_y007168
Unknown_Sample,20251031_078_pol_pro_Ran_ado_2025_16_Colorado2025.czi,Ran_ado,506.75,14883.0,7305.0,30,28,96.18,0.96,20251031_078_pol_pro_Ran_ado_2025_16_Colorado2025_x014848_y007168
Unknown_Sample,20251031_078_pol_pro_Ran_ado_2025_16_Colorado2025.czi,Ran_ado,470.97,15107.0,7629.0,28,27,93.11,0.957,20251031_078_pol_pro_Ran_ado_2025_16_Colorado2025_x014848_y007168
Unknown_Sample,20251031_078_pol_pro_Ran_ado_2025_16_Colorado2025.czi,Ran_ado,495.21,15475.0,7592.0,25,30,98.38,0.944,20251031_078_pol_pro_Ran_ado_2025_16_Colorado2025_x014848_y007168
Unknown_Sample,20251031_078_pol_pro_Ran_ado_2025_16_Colorado2025.czi,Ran_ado,429.8,15476.0,7481.0,23,29,92.38,0.934,20251031_078_pol_pro_Ran_ado_2025_16_Colorado2025_x014848_y007168
Unknown_Sample,20251031_078_pol_pro_Ran_ado_2025_16_Colorado2025.czi,Ran_ado,550.62,15476.0,7592.0,29,30,99.36,0.959,20251031_078_pol_pro_Ran_ado_2025_16_Colorado2025_x015360_y007168
Unknown_Sample,20251031_078_pol_pro_Ran_ado_2025_16_Colorado2025.czi,Ran_ado,500.21,15478.0,7481.0,29,29,95.6,0.958,20251031_078_pol_pro_Ran_ado_2025_16_Colorado2025_x015360_y007168
Unknown_Sample,20251031_078_pol_pro_Ran_ado_2025_16_Colorado2025.czi,Ran_ado,475.58,16275.0,7355.0,28,28,92.77,0.944,20251031_078_pol_pro_Ran_ado_2025_16_Colorado2025_x015872_y007168
Unknown_Sample,20251031_078_pol_pro_Ran_ado_2025_16_Colorado2025.czi,Ran_ado,466.73,16343.0,7686.0,29,28,94.18,0.912,20251031_078_pol_pro_Ran_ado_2025_16_Colorado2025_x015872_y007168
Unknown_Sample,20251031_078_pol_pro_Ran_ado_2025_16_Colorado2025.czi,Ran_ado,529.84,16336.0,7717.0,31,29,99.01,0.899,20251031_078_pol_pro_Ran_ado_2025_16_Colorado2025_x015872_y007168
Unknown_Sample,20251031_078_pol_pro_Ran_ado_2025_16_Colorado2025.czi,Ran_ado,452.11,16317.0,7696.0,27,27,92.87,0.894,20251031_078_pol_pro_Ran_ado_2025_16_Colorado2025_x015872_y007168
Unknown_Sample,20251031_078_pol_pro_Ran_ado_2025_16_Colorado2025.czi,Ran_ado,823.04,1203.0,8074.0,36,39,124.33,0.921,20251031_078_pol_pro_Ran_ado_2025_16_Colorado2025_x001024_y007680
Unknown_Sample,20251031_078_pol_pro_Ran_ado_2025_16_Colorado2025.czi,Ran_ado,726.07,2968.0,8289.0,35,35,115.5,0.956,20251031_078_pol_pro_Ran_ado_2025_16_Colorado2025_x002560_y007680
Unknown_Sample,20251031_078_pol_pro_Ran_ado_2025_16_Colorado2025.czi,Ran_ado,738.77,3754.0,7713.0,34,35,115.25,0.963,20251031_078_pol_pro_Ran_ado_2025_16_Colorado2025_x003584_y007680
Unknown_Sample,20251031_078_pol_pro_Ran_ado_2025_16_Colorado2025.czi,Ran_ado,768.01,4578.0,7839.0,35,36,118.08,0.965,20251031_078_pol_pro_Ran_ado_2025_16_Colorado2025_x004096_y007680
Unknown_Sample,20251031_078_pol_pro_Ran_ado_2025_16_Colorado2025.czi,Ran_ado,804.95,4266.0,8278.0,36,38,120.57,0.958,20251031_078_pol_pro_Ran_ado_2025_16_Colorado2025_x004096_y007680
Unknown_Sample,20251031_078_pol_pro_Ran_ado_2025_16_Colorado2025.czi,Ran_ado,645.27,5422.0,8277.0,32,33,107.84,0.96,20251031_078_pol_pro_Ran_ado_2025_16_Colorado2025_x005120_y007680
Unknown_Sample,20251031_078_pol_pro_Ran_ado_2025_16_Colorado2025.czi,Ran_ado,562.93,7710.0,7783.0,30,30,101.36,0.959,20251031_078_pol_pro_Ran_ado_2025_16_Colorado2025_x007168_y007680
Unknown_Sample,20251031_078_pol_pro_Ran_ado_2025_16_Colorado2025.czi,Ran_ado,563.7,7710.0,7784.0,30,30,101.36,0.959,20251031_078_pol_pro_Ran_ado_2025_16_Colorado2025_x007680_y007680
Unknown_Sample,20251031_078_pol_pro_Ran_ado_2025_16_Colorado2025.czi,Ran_ado,567.93,9545.0,8009.0,32,30,103.6,0.96,20251031_078_pol_pro_Ran_ado_2025_16_Colorado2025_x009216_y007680
Unknown_Sample,20251031_078_pol_pro_Ran_ado_2025_16_Colorado2025.czi,Ran_ado,630.26,10138.0,7964.0,33,32,108.43,0.961,20251031_078_pol_pro_Ran_ado_2025_16_Colorado2025_x009728_y007680
Unknown_Sample,20251031_078_pol_pro_Ran_ado_2025_16_Colorado2025.czi,Ran_ado,543.69,10227.0,7911.0,30,31,101.01,0.954,20251031_078_pol_pro_Ran_ado_2025_16_Colorado2025_x009728_y007680
Unknown_Sample,20251031_078_pol_pro_Ran_ado_2025_16_Colorado2025.czi,Ran_ado,546.77,9867.0,8150.0,31,29,101.36,0.933,20251031_078_pol_pro_Ran_ado_2025_16_Colorado2025_x009728_y007680
Unknown_Sample,20251031_078_pol_pro_Ran_ado_2025_16_Colorado2025.czi,Ran_ado,588.32,9895.0,8160.0,32,32,104.67,0.925,20251031_078_pol_pro_Ran_ado_2025_16_Colorado2025_x009728_y007680
Unknown_Sample,20251031_078_pol_pro_Ran_ado_2025_16_Colorado2025.czi,Ran_ado,552.54,11092.0,7989.0,30,30,99.6,0.963,20251031_078_pol_pro_Ran_ado_2025_16_Colorado2025_x010752_y007680
Unknown_Sample,20251031_078_pol_pro_Ran_ado_2025_16_Colorado2025.czi,Ran_ado,600.64,11253.0,8038.0,32,31,105.01,0.96,20251031_078_pol_pro_Ran_ado_2025_16_Colorado2025_x010752_y007680
Unknown_Sample,20251031_078_pol_pro_Ran_ado_2025_16_Colorado2025.czi,Ran_ado,495.98,13246.0,7955.0,27,30,95.36,0.96,20251031_078_pol_pro_Ran_ado_2025_16_Colorado2025_x012800_y007680
Unknown_Sample,20251031_078_pol_pro_Ran_ado_2025_16_Colorado2025.czi,Ran_ado,466.35,13353.0,7823.0,28,27,91.94,0.959,20251031_078_pol_pro_Ran_ado_2025_16_Colorado2025_x012800_y007680
Unknown_Sample,20251031_078_pol_pro_Ran_ado_2025_16_Colorado2025.czi,Ran_ado,550.62,13737.0,7824.0,30,30,99.01,0.963,20251031_078_pol_pro_Ran_ado_2025_16_Colorado2025_x013312_y007680
Unknown_Sample,20251031_078_pol_pro_Ran_ado_2025_16_Colorado2025.czi,Ran_ado,516.37,13524.0,7932.0,29,29,97.94,0.961,20251031_078_pol_pro_Ran_ado_2025_16_Colorado2025_x013312_y007680
Unknown_Sample,20251031_078_pol_pro_Ran_ado_2025_16_Colorado2025.czi,Ran_ado,466.35,13353.0,7823.0,28,27,91.94,0.959,20251031_078_pol_pro_Ran_ado_2025_16_Colorado2025_x013312_y007680
Unknown_Sample,20251031_078_pol_pro_Ran_ado_2025_16_Colorado2025.czi,Ran_ado,541.38,14096.0,7772.0,31,28,100.53,0.957,20251031_078_pol_pro_Ran_ado_2025_16_Colorado2025_x013824_y007680
Unknown_Sample,20251031_078_pol_pro_Ran_ado_2025_16_Colorado2025.czi,Ran_ado,465.2,14692.0,7911.0,28,27,92.53,0.956,20251031_078_pol_pro_Ran_ado_2025_16_Colorado2025_x014336_y007680
Unknown_Sample,20251031_078_pol_pro_Ran_ado_2025_16_Colorado2025.czi,Ran_ado,592.94,15005.0,8055.0,30,32,105.36,0.961,20251031_078_pol_pro_Ran_ado_2025_16_Colorado2025_x014848_y007680
Unknown_Sample,20251031_078_pol_pro_Ran_ado_2025_16_Colorado2025.czi,Ran_ado,571.39,15666.0,7905.0,30,31,103.36,0.962,20251031_078_pol_pro_Ran_ado_2025_16_Colorado2025_x015360_y007680
Unknown_Sample,20251031_078_pol_pro_Ran_ado_2025_16_Colorado2025.czi,Ran_ado,535.61,16329.0,7993.0,32,28,100.77,0.959,20251031_078_pol_pro_Ran_ado_2025_16_Colorado2025_x015872_y007680
Unknown_Sample,20251031_078_pol_pro_Ran_ado_2025_16_Colorado2025.czi,Ran_ado,419.79,16330.0,7857.0,26,27,87.36,0.949,20251031_078_pol_pro_Ran_ado_2025_16_Colorado2025_x015872_y007680
Unknown_Sample,20251031_078_pol_pro_Ran_ado_2025_16_Colorado2025.czi,Ran_ado,364.0,16343.0,7689.0,29,21,86.63,0.91,20251031_078_pol_pro_Ran_ado_2025_16_Colorado2025_x015872_y007680
Unknown_Sample,20251031_078_pol_pro_Ran_ado_2025_16_Colorado2025.czi,Ran_ado,446.34,16317.0,7696.0,27,27,91.11,0.902,20251031_078_pol_pro_Ran_ado_2025_16_Colorado2025_x015872_y007680
Unknown_Sample,20251031_078_pol_pro_Ran_ado_2025_16_Colorado2025.czi,Ran_ado,527.53,16336.0,7717.0,31,29,99.01,0.898,20251031_078_pol_pro_Ran_ado_2025_16_Colorado2025_x015872_y007680
Unknown_Sample,20251031_078_pol_pro_Ran_ado_2025_16_Colorado2025.czi,Ran_ado,484.82,16754.0,7955.0,30,27,94.77,0.951,20251031_078_pol_pro_Ran_ado_2025_16_Colorado2025_x016384_y007680
Unknown_Sample,20251031_078_pol_pro_Ran_ado_2025_16_Colorado2025.czi,Ran_ado,118.9,16871.0,7969.0,14,14,47.9,0.902,20251031_078_pol_pro_Ran_ado_2025_16_Colorado2025_x016384_y007680
Unknown_Sample,20251031_078_pol_pro_Ran_ado_2025_16_Colorado2025.czi,Ran_ado,837.27,2889.0,8424.0,36,38,122.91,0.963,20251031_078_pol_pro_Ran_ado_2025_16_Colorado2025_x002560_y008192
Unknown_Sample,20251031_078_pol_pro_Ran_ado_2025_16_Colorado2025.czi,Ran_ado,721.46,2968.0,8289.0,35,35,115.5,0.956,20251031_078_pol_pro_Ran_ado_2025_16_Colorado2025_x002560_y008192
Unknown_Sample,20251031_078_pol_pro_Ran_ado_2025_16_Colorado2025.czi,Ran_ado,727.23,3824.0,8610.0,36,33,116.43,0.953,20251031_078_pol_pro_Ran_ado_2025_16_Colorado2025_x003584_y008192
Unknown_Sample,20251031_078_pol_pro_Ran_ado_2025_16_Colorado2025.czi,Ran_ado,781.48,3822.0,8578.0,38,34,120.67,0.935,20251031_078_pol_pro_Ran_ado_2025_16_Colorado2025_x003584_y008192
Unknown_Sample,20251031_078_pol_pro_Ran_ado_2025_16_Colorado2025.czi,Ran_ado,804.95,4266.0,8278.0,36,38,120.57,0.959,20251031_078_pol_pro_Ran_ado_2025_16_Colorado2025_x004096_y008192
Unknown_Sample,20251031_078_pol_pro_Ran_ado_2025_16_Colorado2025.czi,Ran_ado,728.0,5183.0,8811.0,33,36,116.43,0.959,20251031_078_pol_pro_Ran_ado_2025_16_Colorado2025_x004608_y008192
Unknown_Sample,20251031_078_pol_pro_Ran_ado_2025_16_Colorado2025.czi,Ran_ado,652.58,5422.0,8277.0,32,33,108.43,0.959,20251031_078_pol_pro_Ran_ado_2025_16_Colorado2025_x005120_y008192
Unknown_Sample,20251031_078_pol_pro_Ran_ado_2025_16_Colorado2025.czi,Ran_ado,733.77,5183.0,8811.0,33,36,117.01,0.954,20251031_078_pol_pro_Ran_ado_2025_16_Colorado2025_x005120_y008192
Unknown_Sample,20251031_078_pol_pro_Ran_ado_2025_16_Colorado2025.czi,Ran_ado,719.92,6043.0,8661.0,34,35,115.84,0.961,20251031_078_pol_pro_Ran_ado_2025_16_Colorado2025_x005632_y008192
Unknown_Sample,20251031_078_pol_pro_Ran_ado_2025_16_Colorado2025.czi,Ran_ado,517.91,7187.0,8684.0,31,27,97.94,0.955,20251031_078_pol_pro_Ran_ado_2025_16_Colorado2025_x006656_y008192
Unknown_Sample,20251031_078_pol_pro_Ran_ado_2025_16_Colorado2025.czi,Ran_ado,518.29,7187.0,8684.0,31,27,98.53,0.955,20251031_078_pol_pro_Ran_ado_2025_16_Colorado2025_x007168_y008192
Unknown_Sample,20251031_078_pol_pro_Ran_ado_2025_16_Colorado2025.czi,Ran_ado,662.97,8288.0,8680.0,34,33,110.67,0.958,20251031_078_pol_pro_Ran_ado_2025_16_Colorado2025_x007680_y008192
Unknown_Sample,20251031_078_pol_pro_Ran_ado_2025_16_Colorado2025.czi,Ran_ado,643.73,8288.0,8680.0,33,32,107.84,0.96,20251031_078_pol_pro_Ran_ado_2025_16_Colorado2025_x008192_y008192
Unknown_Sample,20251031_078_pol_pro_Ran_ado_2025_16_Colorado2025.czi,Ran_ado,571.78,8723.0,8519.0,30,32,101.25,0.955,20251031_078_pol_pro_Ran_ado_2025_16_Colorado2025_x008192_y008192
Unknown_Sample,20251031_078_pol_pro_Ran_ado_2025_16_Colorado2025.czi,Ran_ado,560.62,8839.0,8365.0,31,30,101.01,0.96,20251031_078_pol_pro_Ran_ado_2025_16_Colorado2025_x008704_y008192
Unknown_Sample,20251031_078_pol_pro_Ran_ado_2025_16_Colorado2025.czi,Ran_ado,569.47,8723.0,8519.0,30,32,102.43,0.954,20251031_078_pol_pro_Ran_ado_2025_16_Colorado2025_x008704_y008192
Unknown_Sample,20251031_078_pol_pro_Ran_ado_2025_16_Colorado2025.czi,Ran_ado,558.7,9977.0,8621.0,31,29,100.77,0.96,20251031_078_pol_pro_Ran_ado_2025_16_Colorado2025_x009728_y008192
Unknown_Sample,20251031_078_pol_pro_Ran_ado_2025_16_Colorado2025.czi,Ran_ado,519.06,10328.0,8721.0,30,28,98.53,0.952,20251031_078_pol_pro_Ran_ado_2025_16_Colorado2025_x009728_y008192
Unknown_Sample,20251031_078_pol_pro_Ran_ado_2025_16_Colorado2025.czi,Ran_ado,545.61,10629.0,8589.0,30,31,101.6,0.963,20251031_078_pol_pro_Ran_ado_2025_16_Colorado2025_x010240_y008192
Unknown_Sample,20251031_078_pol_pro_Ran_ado_2025_16_Colorado2025.czi,Ran_ado,578.32,10646.0,8787.0,31,31,104.18,0.962,20251031_078_pol_pro_Ran_ado_2025_16_Colorado2025_x010240_y008192
Unknown_Sample,20251031_078_pol_pro_Ran_ado_2025_16_Colorado2025.czi,Ran_ado,602.95,10720.0,8489.0,31,32,105.01,0.96,20251031_078_pol_pro_Ran_ado_2025_16_Colorado2025_x010240_y008192
Unknown_Sample,20251031_078_pol_pro_Ran_ado_2025_16_Colorado2025.czi,Ran_ado,620.26,10742.0,8711.0,33,30,106.77,0.959,20251031_078_pol_pro_Ran_ado_2025_16_Colorado2025_x010240_y008192
Unknown_Sample,20251031_078_pol_pro_Ran_ado_2025_16_Colorado2025.czi,Ran_ado,519.06,10328.0,8721.0,30,28,98.53,0.952,20251031_078_pol_pro_Ran_ado_2025_16_Colorado2025_x010240_y008192
Unknown_Sample,20251031_078_pol_pro_Ran_ado_2025_16_Colorado2025.czi,Ran_ado,556.39,11301.0,8646.0,32,30,102.43,0.931,20251031_078_pol_pro_Ran_ado_2025_16_Colorado2025_x010752_y008192
Unknown_Sample,20251031_078_pol_pro_Ran_ado_2025_16_Colorado2025.czi,Ran_ado,594.48,11329.0,8634.0,32,32,107.01,0.93,20251031_078_pol_pro_Ran_ado_2025_16_Colorado2025_x010752_y008192
Unknown_Sample,20251031_078_pol_pro_Ran_ado_2025_16_Colorado2025.czi,Ran_ado,559.85,11839.0,8394.0,29,31,101.36,0.962,20251031_078_pol_pro_Ran_ado_2025_16_Colorado2025_x011264_y008192
Unknown_Sample,20251031_078_pol_pro_Ran_ado_2025_16_Colorado2025.czi,Ran_ado,592.56,11444.0,8755.0,33,30,103.25,0.962,20251031_078_pol_pro_Ran_ado_2025_16_Colorado2025_x011264_y008192
Unknown_Sample,20251031_078_pol_pro_Ran_ado_2025_16_Colorado2025.czi,Ran_ado,556.39,11301.0,8646.0,32,30,102.43,0.932,20251031_078_pol_pro_Ran_ado_2025_16_Colorado2025_x011264_y008192
Unknown_Sample,20251031_078_pol_pro_Ran_ado_2025_16_Colorado2025.czi,Ran_ado,594.48,11329.0,8634.0,32,32,107.01,0.931,20251031_078_pol_pro_Ran_ado_2025_16_Colorado2025_x011264_y008192
Unknown_Sample,20251031_078_pol_pro_Ran_ado_2025_16_Colorado2025.czi,Ran_ado,559.85,11839.0,8394.0,29,31,101.36,0.962,20251031_078_pol_pro_Ran_ado_2025_16_Colorado2025_x011776_y008192
Unknown_Sample,20251031_078_pol_pro_Ran_ado_2025_16_Colorado2025.czi,Ran_ado,519.45,11955.0,8758.0,30,29,98.77,0.961,20251031_078_pol_pro_Ran_ado_2025_16_Colorado2025_x011776_y008192
Unknown_Sample,20251031_078_pol_pro_Ran_ado_2025_16_Colorado2025.czi,Ran_ado,334.37,12189.0,8511.0,22,26,79.7,0.951,20251031_078_pol_pro_Ran_ado_2025_16_Colorado2025_x011776_y008192
Unknown_Sample,20251031_078_pol_pro_Ran_ado_2025_16_Colorado2025.czi,Ran_ado,542.15,13152.0,8451.0,30,30,100.18,0.958,20251031_078_pol_pro_Ran_ado_2025_16_Colorado2025_x012800_y008192
Unknown_Sample,20251031_078_pol_pro_Ran_ado_2025_16_Colorado2025.czi,Ran_ado,466.73,13048.0,8410.0,29,27,91.01,0.954,20251031_078_pol_pro_Ran_ado_2025_16_Colorado2025_x012800_y008192
Unknown_Sample,20251031_078_pol_pro_Ran_ado_2025_16_Colorado2025.czi,Ran_ado,514.83,13454.0,8427.0,31,27,97.94,0.96,20251031_078_pol_pro_Ran_ado_2025_16_Colorado2025_x013312_y008192
Unknown_Sample,20251031_078_pol_pro_Ran_ado_2025_16_Colorado2025.czi,Ran_ado,551.39,13897.0,8531.0,31,29,101.36,0.936,20251031_078_pol_pro_Ran_ado_2025_16_Colorado2025_x013312_y008192
Unknown_Sample,20251031_078_pol_pro_Ran_ado_2025_16_Colorado2025.czi,Ran_ado,512.91,13576.0,8502.0,28,30,97.36,0.927,20251031_078_pol_pro_Ran_ado_2025_16_Colorado2025_x013312_y008192
Unknown_Sample,20251031_078_pol_pro_Ran_ado_2025_16_Colorado2025.czi,Ran_ado,484.82,13885.0,8557.0,28,30,95.6,0.926,20251031_078_pol_pro_Ran_ado_2025_16_Colorado2025_x013312_y008192
Unknown_Sample,20251031_078_pol_pro_Ran_ado_2025_16_Colorado2025.czi,Ran_ado,505.6,13601.0,8494.0,29,32,99.25,0.921,20251031_078_pol_pro_Ran_ado_2025_16_Colorado2025_x013312_y008192
Unknown_Sample,20251031_078_pol_pro_Ran_ado_2025_16_Colorado2025.czi,Ran_ado,552.15,13897.0,8531.0,31,29,101.36,0.935,20251031_078_pol_pro_Ran_ado_2025_16_Colorado2025_x013824_y008192
Unknown_Sample,20251031_078_pol_pro_Ran_ado_2025_16_Colorado2025.czi,Ran_ado,486.36,13885.0,8557.0,28,30,95.6,0.926,20251031_078_pol_pro_Ran_ado_2025_16_Colorado2025_x013824_y008192
Unknown_Sample,20251031_078_pol_pro_Ran_ado_2025_16_Colorado2025.czi,Ran_ado,538.69,14748.0,8580.0,30,29,98.77,0.962,20251031_078_pol_pro_Ran_ado_2025_16_Colorado2025_x014336_y008192
Unknown_Sample,20251031_078_pol_pro_Ran_ado_2025_16_Colorado2025.czi,Ran_ado,429.41,14638.0,8818.0,27,26,90.28,0.941,20251031_078_pol_pro_Ran_ado_2025_16_Colorado2025_x014336_y008192
Unknown_Sample,20251031_078_pol_pro_Ran_ado_2025_16_Colorado2025.czi,Ran_ado,423.25,14740.0,8388.0,28,25,87.94,0.924,20251031_078_pol_pro_Ran_ado_2025_16_Colorado2025_x014336_y008192
Unknown_Sample,20251031_078_pol_pro_Ran_ado_2025_16_Colorado2025.czi,Ran_ado,514.45,14762.0,8405.0,28,33,97.5,0.913,20251031_078_pol_pro_Ran_ado_2025_16_Colorado2025_x014336_y008192
Unknown_Sample,20251031_078_pol_pro_Ran_ado_2025_16_Colorado2025.czi,Ran_ado,487.51,16235.0,8570.0,27,30,96.53,0.957,20251031_078_pol_pro_Ran_ado_2025_16_Colorado2025_x015872_y008192
Unknown_Sample,20251031_078_pol_pro_Ran_ado_2025_16_Colorado2025.czi,Ran_ado,489.44,404.0,8861.0,23,35,100.28,0.878,20251031_078_pol_pro_Ran_ado_2025_16_Colorado2025_x000000_y008704
Unknown_Sample,20251031_078_pol_pro_Ran_ado_2025_16_Colorado2025.czi,Ran_ado,917.31,1091.0,9145.0,39,40,131.4,0.948,20251031_078_pol_pro_Ran_ado_2025_16_Colorado2025_x000512_y008704
Unknown_Sample,20251031_078_pol_pro_Ran_ado_2025_16_Colorado2025.czi,Ran_ado,422.1,671.0,9335.0,42,18,102.53,0.901,20251031_078_pol_pro_Ran_ado_2025_16_Colorado2025_x000512_y008704
Unknown_Sample,20251031_078_pol_pro_Ran_ado_2025_16_Colorado2025.czi,Ran_ado,828.04,1224.0,8910.0,37,38,123.74,0.958,20251031_078_pol_pro_Ran_ado_2025_16_Colorado2025_x001024_y008704
Unknown_Sample,20251031_078_pol_pro_Ran_ado_2025_16_Colorado2025.czi,Ran_ado,944.24,1431.0,8907.0,40,40,131.4,0.958,20251031_078_pol_pro_Ran_ado_2025_16_Colorado2025_x001024_y008704
Unknown_Sample,20251031_078_pol_pro_Ran_ado_2025_16_Colorado2025.czi,Ran_ado,915.0,1091.0,9145.0,39,40,131.4,0.948,20251031_078_pol_pro_Ran_ado_2025_16_Colorado2025_x001024_y008704
Unknown_Sample,20251031_078_pol_pro_Ran_ado_2025_16_Colorado2025.czi,Ran_ado,911.92,3621.0,9321.0,39,40,129.4,0.96,20251031_078_pol_pro_Ran_ado_2025_16_Colorado2025_x003072_y008704
Unknown_Sample,20251031_078_pol_pro_Ran_ado_2025_16_Colorado2025.czi,Ran_ado,888.06,3490.0,9088.0,37,40,127.74,0.956,20251031_078_pol_pro_Ran_ado_2025_16_Colorado2025_x003072_y008704
Unknown_Sample,20251031_078_pol_pro_Ran_ado_2025_16_Colorado2025.czi,Ran_ado,911.92,3621.0,9321.0,39,40,129.4,0.959,20251031_078_pol_pro_Ran_ado_2025_16_Colorado2025_x003584_y008704
Unknown_Sample,20251031_078_pol_pro_Ran_ado_2025_16_Colorado2025.czi,Ran_ado,966.17,4384.0,8849.0,40,41,132.81,0.958,20251031_078_pol_pro_Ran_ado_2025_16_Colorado2025_x004096_y008704
Unknown_Sample,20251031_078_pol_pro_Ran_ado_2025_16_Colorado2025.czi,Ran_ado,733.0,5184.0,8811.0,34,36,116.67,0.962,20251031_078_pol_pro_Ran_ado_2025_16_Colorado2025_x004608_y008704
Unknown_Sample,20251031_078_pol_pro_Ran_ado_2025_16_Colorado2025.czi,Ran_ado,730.31,5184.0,8811.0,34,36,116.08,0.962,20251031_078_pol_pro_Ran_ado_2025_16_Colorado2025_x005120_y008704
Unknown_Sample,20251031_078_pol_pro_Ran_ado_2025_16_Colorado2025.czi,Ran_ado,836.5,5317.0,9178.0,36,38,124.08,0.945,20251031_078_pol_pro_Ran_ado_2025_16_Colorado2025_x005120_y008704
Unknown_Sample,20251031_078_pol_pro_Ran_ado_2025_16_Colorado2025.czi,Ran_ado,751.08,5318.0,9144.0,36,34,118.08,0.942,20251031_078_pol_pro_Ran_ado_2025_16_Colorado2025_x005120_y008704
Unknown_Sample,20251031_078_pol_pro_Ran_ado_2025_16_Colorado2025.czi,Ran_ado,749.93,7489.0,9311.0,35,36,116.33,0.957,20251031_078_pol_pro_Ran_ado_2025_16_Colorado2025_x007168_y008704
Unknown_Sample,20251031_078_pol_pro_Ran_ado_2025_16_Colorado2025.czi,Ran_ado,383.24,7891.0,9067.0,24,26,85.11,0.914,20251031_078_pol_pro_Ran_ado_2025_16_Colorado2025_x007680_y008704
Unknown_Sample,20251031_078_pol_pro_Ran_ado_2025_16_Colorado2025.czi,Ran_ado,628.34,8531.0,8928.0,32,32,105.84,0.96,20251031_078_pol_pro_Ran_ado_2025_16_Colorado2025_x008192_y008704
Unknown_Sample,20251031_078_pol_pro_Ran_ado_2025_16_Colorado2025.czi,Ran_ado,519.45,10328.0,8721.0,30,28,99.11,0.953,20251031_078_pol_pro_Ran_ado_2025_16_Colorado2025_x009728_y008704
Unknown_Sample,20251031_078_pol_pro_Ran_ado_2025_16_Colorado2025.czi,Ran_ado,580.24,10646.0,8787.0,31,31,103.6,0.962,20251031_078_pol_pro_Ran_ado_2025_16_Colorado2025_x010240_y008704
Unknown_Sample,20251031_078_pol_pro_Ran_ado_2025_16_Colorado2025.czi,Ran_ado,574.09,10410.0,8926.0,31,31,103.6,0.959,20251031_078_pol_pro_Ran_ado_2025_16_Colorado2025_x010240_y008704
Unknown_Sample,20251031_078_pol_pro_Ran_ado_2025_16_Colorado2025.czi,Ran_ado,473.66,10742.0,8714.0,33,23,98.04,0.959,20251031_078_pol_pro_Ran_ado_2025_16_Colorado2025_x010240_y008704
Unknown_Sample,20251031_078_pol_pro_Ran_ado_2025_16_Colorado2025.czi,Ran_ado,518.29,10328.0,8721.0,30,28,98.53,0.952,20251031_078_pol_pro_Ran_ado_2025_16_Colorado2025_x010240_y008704
Unknown_Sample,20251031_078_pol_pro_Ran_ado_2025_16_Colorado2025.czi,Ran_ado,592.56,11444.0,8755.0,33,30,103.25,0.962,20251031_078_pol_pro_Ran_ado_2025_16_Colorado2025_x011264_y008704
Unknown_Sample,20251031_078_pol_pro_Ran_ado_2025_16_Colorado2025.czi,Ran_ado,498.29,11415.0,9194.0,29,28,95.36,0.955,20251031_078_pol_pro_Ran_ado_2025_16_Colorado2025_x011264_y008704
Unknown_Sample,20251031_078_pol_pro_Ran_ado_2025_16_Colorado2025.czi,Ran_ado,292.05,11895.0,8846.0,17,27,77.56,0.907,20251031_078_pol_pro_Ran_ado_2025_16_Colorado2025_x011264_y008704
Unknown_Sample,20251031_078_pol_pro_Ran_ado_2025_16_Colorado2025.czi,Ran_ado,519.45,11955.0,8758.0,30,29,98.77,0.961,20251031_078_pol_pro_Ran_ado_2025_16_Colorado2025_x011776_y008704
Unknown_Sample,20251031_078_pol_pro_Ran_ado_2025_16_Colorado2025.czi,Ran_ado,470.58,11900.0,8846.0,29,27,92.18,0.952,20251031_078_pol_pro_Ran_ado_2025_16_Colorado2025_x011776_y008704
Unknown_Sample,20251031_078_pol_pro_Ran_ado_2025_16_Colorado2025.czi,Ran_ado,564.85,13863.0,9246.0,31,30,101.6,0.961,20251031_078_pol_pro_Ran_ado_2025_16_Colorado2025_x013312_y008704
Unknown_Sample,20251031_078_pol_pro_Ran_ado_2025_16_Colorado2025.czi,Ran_ado,544.46,13926.0,8964.0,28,32,99.01,0.961,20251031_078_pol_pro_Ran_ado_2025_16_Colorado2025_x013312_y008704
Unknown_Sample,20251031_078_pol_pro_Ran_ado_2025_16_Colorado2025.czi,Ran_ado,535.22,13996.0,9112.0,32,28,99.01,0.962,20251031_078_pol_pro_Ran_ado_2025_16_Colorado2025_x013824_y008704
Unknown_Sample,20251031_078_pol_pro_Ran_ado_2025_16_Colorado2025.czi,Ran_ado,544.46,13926.0,8964.0,28,32,99.01,0.961,20251031_078_pol_pro_Ran_ado_2025_16_Colorado2025_x013824_y008704
Unknown_Sample,20251031_078_pol_pro_Ran_ado_2025_16_Colorado2025.czi,Ran_ado,564.85,13863.0,9246.0,31,30,101.6,0.961,20251031_078_pol_pro_Ran_ado_2025_16_Colorado2025_x013824_y008704
Unknown_Sample,20251031_078_pol_pro_Ran_ado_2025_16_Colorado2025.czi,Ran_ado,599.1,14068.0,9318.0,32,32,104.67,0.96,20251031_078_pol_pro_Ran_ado_2025_16_Colorado2025_x013824_y008704
Unknown_Sample,20251031_078_pol_pro_Ran_ado_2025_16_Colorado2025.czi,Ran_ado,779.94,14820.0,8971.0,37,34,118.67,0.95,20251031_078_pol_pro_Ran_ado_2025_16_Colorado2025_x014336_y008704
Unknown_Sample,20251031_078_pol_pro_Ran_ado_2025_16_Colorado2025.czi,Ran_ado,555.62,14583.0,8837.0,30,30,100.77,0.947,20251031_078_pol_pro_Ran_ado_2025_16_Colorado2025_x014336_y008704
Unknown_Sample,20251031_078_pol_pro_Ran_ado_2025_16_Colorado2025.czi,Ran_ado,444.8,14638.0,8818.0,27,26,90.28,0.932,20251031_078_pol_pro_Ran_ado_2025_16_Colorado2025_x014336_y008704
Unknown_Sample,20251031_078_pol_pro_Ran_ado_2025_16_Colorado2025.czi,Ran_ado,521.37,15152.0,9217.0,30,28,97.36,0.962,20251031_078_pol_pro_Ran_ado_2025_16_Colorado2025_x014848_y008704
Unknown_Sample,20251031_078_pol_pro_Ran_ado_2025_16_Colorado2025.czi,Ran_ado,478.66,15821.0,8866.0,27,29,92.77,0.955,20251031_078_pol_pro_Ran_ado_2025_16_Colorado2025_x015360_y008704
Unknown_Sample,20251031_078_pol_pro_Ran_ado_2025_16_Colorado2025.czi,Ran_ado,427.49,15669.0,9315.0,26,27,89.7,0.952,20251031_078_pol_pro_Ran_ado_2025_16_Colorado2025_x015360_y008704
Unknown_Sample,20251031_078_pol_pro_Ran_ado_2025_16_Colorado2025.czi,Ran_ado,519.45,16541.0,8970.0,28,30,97.94,0.959,20251031_078_pol_pro_Ran_ado_2025_16_Colorado2025_x016384_y008704
Unknown_Sample,20251031_078_pol_pro_Ran_ado_2025_16_Colorado2025.czi,Ran_ado,512.14,16943.0,9076.0,30,27,96.53,0.935,20251031_078_pol_pro_Ran_ado_2025_16_Colorado2025_x016384_y008704
Unknown_Sample,20251031_078_pol_pro_Ran_ado_2025_16_Colorado2025.czi,Ran_ado,493.67,16944.0,9076.0,30,27,95.36,0.931,20251031_078_pol_pro_Ran_ado_2025_16_Colorado2025_x016896_y008704
Unknown_Sample,20251031_078_pol_pro_Ran_ado_2025_16_Colorado2025.czi,Ran_ado,1070.45,671.0,9346.0,42,43,137.88,0.958,20251031_078_pol_pro_Ran_ado_2025_16_Colorado2025_x000512_y009216
Unknown_Sample,20251031_078_pol_pro_Ran_ado_2025_16_Colorado2025.czi,Ran_ado,489.05,1223.0,9648.0,25,34,98.18,0.958,20251031_078_pol_pro_Ran_ado_2025_16_Colorado2025_x001024_y009216
Unknown_Sample,20251031_078_pol_pro_Ran_ado_2025_16_Colorado2025.czi,Ran_ado,956.94,1522.0,9456.0,39,41,133.15,0.955,20251031_078_pol_pro_Ran_ado_2025_16_Colorado2025_x001024_y009216
Unknown_Sample,20251031_078_pol_pro_Ran_ado_2025_16_Colorado2025.czi,Ran_ado,705.3,2067.0,9370.0,33,36,114.67,0.954,20251031_078_pol_pro_Ran_ado_2025_16_Colorado2025_x001536_y009216
Unknown_Sample,20251031_078_pol_pro_Ran_ado_2025_16_Colorado2025.czi,Ran_ado,708.76,2067.0,9370.0,33,36,115.25,0.954,20251031_078_pol_pro_Ran_ado_2025_16_Colorado2025_x002048_y009216
Unknown_Sample,20251031_078_pol_pro_Ran_ado_2025_16_Colorado2025.czi,Ran_ado,583.71,3461.0,9803.0,31,32,103.84,0.962,20251031_078_pol_pro_Ran_ado_2025_16_Colorado2025_x003072_y009216
Unknown_Sample,20251031_078_pol_pro_Ran_ado_2025_16_Colorado2025.czi,Ran_ado,903.07,3621.0,9321.0,39,39,127.98,0.962,20251031_078_pol_pro_Ran_ado_2025_16_Colorado2025_x003072_y009216
Unknown_Sample,20251031_078_pol_pro_Ran_ado_2025_16_Colorado2025.czi,Ran_ado,706.45,3313.0,9762.0,34,34,113.25,0.958,20251031_078_pol_pro_Ran_ado_2025_16_Colorado2025_x003072_y009216
Unknown_Sample,20251031_078_pol_pro_Ran_ado_2025_16_Colorado2025.czi,Ran_ado,734.15,3982.0,9466.0,34,36,116.08,0.962,20251031_078_pol_pro_Ran_ado_2025_16_Colorado2025_x003584_y009216
Unknown_Sample,20251031_078_pol_pro_Ran_ado_2025_16_Colorado2025.czi,Ran_ado,903.07,3621.0,9321.0,39,39,127.98,0.962,20251031_078_pol_pro_Ran_ado_2025_16_Colorado2025_x003584_y009216
Unknown_Sample,20251031_078_pol_pro_Ran_ado_2025_16_Colorado2025.czi,Ran_ado,582.17,4470.0,9842.0,33,27,106.04,0.947,20251031_078_pol_pro_Ran_ado_2025_16_Colorado2025_x004096_y009216
Unknown_Sample,20251031_078_pol_pro_Ran_ado_2025_16_Colorado2025.czi,Ran_ado,646.81,5011.0,9531.0,32,33,109.01,0.965,20251031_078_pol_pro_Ran_ado_2025_16_Colorado2025_x004608_y009216
Unknown_Sample,20251031_078_pol_pro_Ran_ado_2025_16_Colorado2025.czi,Ran_ado,694.52,6196.0,9820.0,33,35,112.67,0.963,20251031_078_pol_pro_Ran_ado_2025_16_Colorado2025_x005632_y009216
Unknown_Sample,20251031_078_pol_pro_Ran_ado_2025_16_Colorado2025.czi,Ran_ado,694.52,6196.0,9820.0,33,35,112.67,0.962,20251031_078_pol_pro_Ran_ado_2025_16_Colorado2025_x006144_y009216
Unknown_Sample,20251031_078_pol_pro_Ran_ado_2025_16_Colorado2025.czi,Ran_ado,748.39,7489.0,9311.0,35,36,116.33,0.959,20251031_078_pol_pro_Ran_ado_2025_16_Colorado2025_x007168_y009216
Unknown_Sample,20251031_078_pol_pro_Ran_ado_2025_16_Colorado2025.czi,Ran_ado,683.36,8018.0,9501.0,33,34,112.43,0.965,20251031_078_pol_pro_Ran_ado_2025_16_Colorado2025_x007680_y009216
Unknown_Sample,20251031_078_pol_pro_Ran_ado_2025_16_Colorado2025.czi,Ran_ado,728.38,8665.0,9494.0,34,35,114.67,0.959,20251031_078_pol_pro_Ran_ado_2025_16_Colorado2025_x008192_y009216
Unknown_Sample,20251031_078_pol_pro_Ran_ado_2025_16_Colorado2025.czi,Ran_ado,601.79,10089.0,9794.0,33,31,106.43,0.929,20251031_078_pol_pro_Ran_ado_2025_16_Colorado2025_x009728_y009216
Unknown_Sample,20251031_078_pol_pro_Ran_ado_2025_16_Colorado2025.czi,Ran_ado,610.26,10086.0,9764.0,32,31,105.6,0.925,20251031_078_pol_pro_Ran_ado_2025_16_Colorado2025_x009728_y009216
Unknown_Sample,20251031_078_pol_pro_Ran_ado_2025_16_Colorado2025.czi,Ran_ado,640.27,11822.0,9440.0,33,32,108.43,0.963,20251031_078_pol_pro_Ran_ado_2025_16_Colorado2025_x011264_y009216
Unknown_Sample,20251031_078_pol_pro_Ran_ado_2025_16_Colorado2025.czi,Ran_ado,529.07,11477.0,9393.0,30,29,99.36,0.961,20251031_078_pol_pro_Ran_ado_2025_16_Colorado2025_x011264_y009216
Unknown_Sample,20251031_078_pol_pro_Ran_ado_2025_16_Colorado2025.czi,Ran_ado,248.95,11485.0,9849.0,30,14,76.38,0.886,20251031_078_pol_pro_Ran_ado_2025_16_Colorado2025_x011264_y009216
Unknown_Sample,20251031_078_pol_pro_Ran_ado_2025_16_Colorado2025.czi,Ran_ado,641.04,11822.0,9440.0,33,32,108.43,0.963,20251031_078_pol_pro_Ran_ado_2025_16_Colorado2025_x011776_y009216
Unknown_Sample,20251031_078_pol_pro_Ran_ado_2025_16_Colorado2025.czi,Ran_ado,561.77,12772.0,9660.0,32,29,101.6,0.96,20251031_078_pol_pro_Ran_ado_2025_16_Colorado2025_x012288_y009216
Unknown_Sample,20251031_078_pol_pro_Ran_ado_2025_16_Colorado2025.czi,Ran_ado,491.74,13032.0,9775.0,31,26,94.77,0.954,20251031_078_pol_pro_Ran_ado_2025_16_Colorado2025_x012800_y009216
Unknown_Sample,20251031_078_pol_pro_Ran_ado_2025_16_Colorado2025.czi,Ran_ado,482.13,12953.0,9752.0,28,30,95.01,0.929,20251031_078_pol_pro_Ran_ado_2025_16_Colorado2025_x012800_y009216
Unknown_Sample,20251031_078_pol_pro_Ran_ado_2025_16_Colorado2025.czi,Ran_ado,454.81,12962.0,9727.0,29,27,92.77,0.922,20251031_078_pol_pro_Ran_ado_2025_16_Colorado2025_x012800_y009216
Unknown_Sample,20251031_078_pol_pro_Ran_ado_2025_16_Colorado2025.czi,Ran_ado,564.85,13863.0,9246.0,31,30,101.6,0.961,20251031_078_pol_pro_Ran_ado_2025_16_Colorado2025_x013312_y009216
Unknown_Sample,20251031_078_pol_pro_Ran_ado_2025_16_Colorado2025.czi,Ran_ado,565.62,13553.0,9839.0,32,29,102.77,0.955,20251031_078_pol_pro_Ran_ado_2025_16_Colorado2025_x013312_y009216
Unknown_Sample,20251031_078_pol_pro_Ran_ado_2025_16_Colorado2025.czi,Ran_ado,600.64,14068.0,9318.0,32,32,104.67,0.962,20251031_078_pol_pro_Ran_ado_2025_16_Colorado2025_x013824_y009216
Unknown_Sample,20251031_078_pol_pro_Ran_ado_2025_16_Colorado2025.czi,Ran_ado,564.85,13863.0,9246.0,31,30,101.6,0.961,20251031_078_pol_pro_Ran_ado_2025_16_Colorado2025_x013824_y009216
Unknown_Sample,20251031_078_pol_pro_Ran_ado_2025_16_Colorado2025.czi,Ran_ado,521.76,14799.0,9452.0,28,30,97.94,0.962,20251031_078_pol_pro_Ran_ado_2025_16_Colorado2025_x014336_y009216
Unknown_Sample,20251031_078_pol_pro_Ran_ado_2025_16_Colorado2025.czi,Ran_ado,562.16,14872.0,9426.0,30,31,102.18,0.959,20251031_078_pol_pro_Ran_ado_2025_16_Colorado2025_x014336_y009216
Unknown_Sample,20251031_078_pol_pro_Ran_ado_2025_16_Colorado2025.czi,Ran_ado,562.93,14872.0,9426.0,30,31,102.18,0.958,20251031_078_pol_pro_Ran_ado_2025_16_Colorado2025_x014848_y009216
Unknown_Sample,20251031_078_pol_pro_Ran_ado_2025_16_Colorado2025.czi,Ran_ado,255.49,15151.0,9223.0,30,15,77.8,0.949,20251031_078_pol_pro_Ran_ado_2025_16_Colorado2025_x014848_y009216
Unknown_Sample,20251031_078_pol_pro_Ran_ado_2025_16_Colorado2025.czi,Ran_ado,475.2,15785.0,9737.0,29,27,93.36,0.957,20251031_078_pol_pro_Ran_ado_2025_16_Colorado2025_x015360_y009216
Unknown_Sample,20251031_078_pol_pro_Ran_ado_2025_16_Colorado2025.czi,Ran_ado,425.95,15669.0,9315.0,26,27,89.7,0.954,20251031_078_pol_pro_Ran_ado_2025_16_Colorado2025_x015360_y009216
Unknown_Sample,20251031_078_pol_pro_Ran_ado_2025_16_Colorado2025.czi,Ran_ado,554.46,16369.0,9476.0,30,32,101.84,0.959,20251031_078_pol_pro_Ran_ado_2025_16_Colorado2025_x015872_y009216
Unknown_Sample,20251031_078_pol_pro_Ran_ado_2025_16_Colorado2025.czi,Ran_ado,542.92,16312.0,9386.0,29,31,101.36,0.958,20251031_078_pol_pro_Ran_ado_2025_16_Colorado2025_x015872_y009216
Unknown_Sample,20251031_078_pol_pro_Ran_ado_2025_16_Colorado2025.czi,Ran_ado,524.45,16828.0,9533.0,29,31,100.18,0.959,20251031_078_pol_pro_Ran_ado_2025_16_Colorado2025_x016384_y009216
Unknown_Sample,20251031_078_pol_pro_Ran_ado_2025_16_Colorado2025.czi,Ran_ado,1084.69,1364.0,10344.0,42,44,141.64,0.94,20251031_078_pol_pro_Ran_ado_2025_16_Colorado2025_x001024_y009728
Unknown_Sample,20251031_078_pol_pro_Ran_ado_2025_16_Colorado2025.czi,Ran_ado,747.62,2580.0,9983.0,35,36,118.67,0.957,20251031_078_pol_pro_Ran_ado_2025_16_Colorado2025_x002048_y009728
Unknown_Sample,20251031_078_pol_pro_Ran_ado_2025_16_Colorado2025.czi,Ran_ado,748.78,2580.0,9983.0,35,36,118.08,0.958,20251031_078_pol_pro_Ran_ado_2025_16_Colorado2025_x002560_y009728
Unknown_Sample,20251031_078_pol_pro_Ran_ado_2025_16_Colorado2025.czi,Ran_ado,583.71,3461.0,9803.0,31,32,103.84,0.963,20251031_078_pol_pro_Ran_ado_2025_16_Colorado2025_x003072_y009728
Unknown_Sample,20251031_078_pol_pro_Ran_ado_2025_16_Colorado2025.czi,Ran_ado,707.22,3313.0,9762.0,34,34,113.25,0.958,20251031_078_pol_pro_Ran_ado_2025_16_Colorado2025_x003072_y009728
Unknown_Sample,20251031_078_pol_pro_Ran_ado_2025_16_Colorado2025.czi,Ran_ado,899.22,4540.0,9959.0,38,39,127.15,0.962,20251031_078_pol_pro_Ran_ado_2025_16_Colorado2025_x004096_y009728
Unknown_Sample,20251031_078_pol_pro_Ran_ado_2025_16_Colorado2025.czi,Ran_ado,690.29,4470.0,9845.0,33,34,112.43,0.959,20251031_078_pol_pro_Ran_ado_2025_16_Colorado2025_x004096_y009728
Unknown_Sample,20251031_078_pol_pro_Ran_ado_2025_16_Colorado2025.czi,Ran_ado,583.71,4511.0,9927.0,31,31,103.01,0.958,20251031_078_pol_pro_Ran_ado_2025_16_Colorado2025_x004096_y009728
Unknown_Sample,20251031_078_pol_pro_Ran_ado_2025_16_Colorado2025.czi,Ran_ado,693.37,4815.0,10243.0,34,35,115.25,0.964,20251031_078_pol_pro_Ran_ado_2025_16_Colorado2025_x004608_y009728
Unknown_Sample,20251031_078_pol_pro_Ran_ado_2025_16_Colorado2025.czi,Ran_ado,935.78,4901.0,10275.0,39,40,131.74,0.958,20251031_078_pol_pro_Ran_ado_2025_16_Colorado2025_x004608_y009728
Unknown_Sample,20251031_078_pol_pro_Ran_ado_2025_16_Colorado2025.czi,Ran_ado,787.25,5539.0,10278.0,36,36,121.25,0.957,20251031_078_pol_pro_Ran_ado_2025_16_Colorado2025_x005120_y009728
Unknown_Sample,20251031_078_pol_pro_Ran_ado_2025_16_Colorado2025.czi,Ran_ado,546.0,5353.0,10246.0,30,30,100.18,0.955,20251031_078_pol_pro_Ran_ado_2025_16_Colorado2025_x005120_y009728
Unknown_Sample,20251031_078_pol_pro_Ran_ado_2025_16_Colorado2025.czi,Ran_ado,718.76,6016.0,10112.0,34,35,115.25,0.964,20251031_078_pol_pro_Ran_ado_2025_16_Colorado2025_x005632_y009728
Unknown_Sample,20251031_078_pol_pro_Ran_ado_2025_16_Colorado2025.czi,Ran_ado,693.75,6196.0,9820.0,33,35,112.67,0.964,20251031_078_pol_pro_Ran_ado_2025_16_Colorado2025_x005632_y009728
Unknown_Sample,20251031_078_pol_pro_Ran_ado_2025_16_Colorado2025.czi,Ran_ado,813.42,5792.0,10084.0,36,37,123.25,0.962,20251031_078_pol_pro_Ran_ado_2025_16_Colorado2025_x005632_y009728
Unknown_Sample,20251031_078_pol_pro_Ran_ado_2025_16_Colorado2025.czi,Ran_ado,626.03,6061.0,10260.0,31,34,106.67,0.96,20251031_078_pol_pro_Ran_ado_2025_16_Colorado2025_x005632_y009728
Unknown_Sample,20251031_078_pol_pro_Ran_ado_2025_16_Colorado2025.czi,Ran_ado,695.68,6196.0,9820.0,33,35,112.08,0.963,20251031_078_pol_pro_Ran_ado_2025_16_Colorado2025_x006144_y009728
Unknown_Sample,20251031_078_pol_pro_Ran_ado_2025_16_Colorado2025.czi,Ran_ado,682.98,7760.0,10239.0,33,34,111.84,0.958,20251031_078_pol_pro_Ran_ado_2025_16_Colorado2025_x007168_y009728
Unknown_Sample,20251031_078_pol_pro_Ran_ado_2025_16_Colorado2025.czi,Ran_ado,682.59,7760.0,10239.0,33,34,111.25,0.958,20251031_078_pol_pro_Ran_ado_2025_16_Colorado2025_x007680_y009728
Unknown_Sample,20251031_078_pol_pro_Ran_ado_2025_16_Colorado2025.czi,Ran_ado,768.01,8594.0,10166.0,35,36,116.91,0.961,20251031_078_pol_pro_Ran_ado_2025_16_Colorado2025_x008192_y009728
Unknown_Sample,20251031_078_pol_pro_Ran_ado_2025_16_Colorado2025.czi,Ran_ado,622.95,9298.0,9903.0,34,30,105.84,0.96,20251031_078_pol_pro_Ran_ado_2025_16_Colorado2025_x008704_y009728
Unknown_Sample,20251031_078_pol_pro_Ran_ado_2025_16_Colorado2025.czi,Ran_ado,705.68,9045.0,10176.0,34,34,113.25,0.959,20251031_078_pol_pro_Ran_ado_2025_16_Colorado2025_x008704_y009728
Unknown_Sample,20251031_078_pol_pro_Ran_ado_2025_16_Colorado2025.czi,Ran_ado,596.02,9327.0,9879.0,32,31,103.84,0.951,20251031_078_pol_pro_Ran_ado_2025_16_Colorado2025_x008704_y009728
Unknown_Sample,20251031_078_pol_pro_Ran_ado_2025_16_Colorado2025.czi,Ran_ado,623.72,9298.0,9903.0,34,30,105.84,0.96,20251031_078_pol_pro_Ran_ado_2025_16_Colorado2025_x009216_y009728
Unknown_Sample,20251031_078_pol_pro_Ran_ado_2025_16_Colorado2025.czi,Ran_ado,594.1,9327.0,9879.0,32,31,103.25,0.955,20251031_078_pol_pro_Ran_ado_2025_16_Colorado2025_x009216_y009728
Unknown_Sample,20251031_078_pol_pro_Ran_ado_2025_16_Colorado2025.czi,Ran_ado,596.02,9939.0,10308.0,31,32,105.01,0.964,20251031_078_pol_pro_Ran_ado_2025_16_Colorado2025_x009728_y009728
Unknown_Sample,20251031_078_pol_pro_Ran_ado_2025_16_Colorado2025.czi,Ran_ado,601.79,10089.0,9794.0,33,31,106.43,0.929,20251031_078_pol_pro_Ran_ado_2025_16_Colorado2025_x009728_y009728
Unknown_Sample,20251031_078_pol_pro_Ran_ado_2025_16_Colorado2025.czi,Ran_ado,617.18,10086.0,9764.0,33,31,106.43,0.925,20251031_078_pol_pro_Ran_ado_2025_16_Colorado2025_x009728_y009728
Unknown_Sample,20251031_078_pol_pro_Ran_ado_2025_16_Colorado2025.czi,Ran_ado,709.53,10736.0,10081.0,35,33,114.43,0.961,20251031_078_pol_pro_Ran_ado_2025_16_Colorado2025_x010240_y009728
Unknown_Sample,20251031_078_pol_pro_Ran_ado_2025_16_Colorado2025.czi,Ran_ado,497.9,11313.0,10063.0,29,29,95.6,0.956,20251031_078_pol_pro_Ran_ado_2025_16_Colorado2025_x010752_y009728
Unknown_Sample,20251031_078_pol_pro_Ran_ado_2025_16_Colorado2025.czi,Ran_ado,539.84,11725.0,10036.0,31,29,100.18,0.959,20251031_078_pol_pro_Ran_ado_2025_16_Colorado2025_x011264_y009728
Unknown_Sample,20251031_078_pol_pro_Ran_ado_2025_16_Colorado2025.czi,Ran_ado,614.49,11834.0,10136.0,32,32,107.01,0.958,20251031_078_pol_pro_Ran_ado_2025_16_Colorado2025_x011264_y009728
Unknown_Sample,20251031_078_pol_pro_Ran_ado_2025_16_Colorado2025.czi,Ran_ado,576.4,11484.0,9856.0,31,30,101.6,0.958,20251031_078_pol_pro_Ran_ado_2025_16_Colorado2025_x011264_y009728
Unknown_Sample,20251031_078_pol_pro_Ran_ado_2025_16_Colorado2025.czi,Ran_ado,496.36,11313.0,10063.0,29,29,95.6,0.956,20251031_078_pol_pro_Ran_ado_2025_16_Colorado2025_x011264_y009728
Unknown_Sample,20251031_078_pol_pro_Ran_ado_2025_16_Colorado2025.czi,Ran_ado,525.61,12350.0,10009.0,31,28,98.77,0.96,20251031_078_pol_pro_Ran_ado_2025_16_Colorado2025_x011776_y009728
Unknown_Sample,20251031_078_pol_pro_Ran_ado_2025_16_Colorado2025.czi,Ran_ado,615.26,11834.0,10136.0,32,32,107.01,0.958,20251031_078_pol_pro_Ran_ado_2025_16_Colorado2025_x011776_y009728
Unknown_Sample,20251031_078_pol_pro_Ran_ado_2025_16_Colorado2025.czi,Ran_ado,525.22,12350.0,10009.0,31,28,98.18,0.96,20251031_078_pol_pro_Ran_ado_2025_16_Colorado2025_x012288_y009728
Unknown_Sample,20251031_078_pol_pro_Ran_ado_2025_16_Colorado2025.czi,Ran_ado,515.6,12567.0,10145.0,30,28,96.77,0.957,20251031_078_pol_pro_Ran_ado_2025_16_Colorado2025_x012288_y009728
Unknown_Sample,20251031_078_pol_pro_Ran_ado_2025_16_Colorado2025.czi,Ran_ado,491.74,13032.0,9775.0,31,26,94.77,0.954,20251031_078_pol_pro_Ran_ado_2025_16_Colorado2025_x012800_y009728
Unknown_Sample,20251031_078_pol_pro_Ran_ado_2025_16_Colorado2025.czi,Ran_ado,466.35,12953.0,9753.0,28,29,94.77,0.922,20251031_078_pol_pro_Ran_ado_2025_16_Colorado2025_x012800_y009728
Unknown_Sample,20251031_078_pol_pro_Ran_ado_2025_16_Colorado2025.czi,Ran_ado,207.01,12962.0,9734.0,28,13,70.97,0.895,20251031_078_pol_pro_Ran_ado_2025_16_Colorado2025_x012800_y009728
Unknown_Sample,20251031_078_pol_pro_Ran_ado_2025_16_Colorado2025.czi,Ran_ado,598.33,13538.0,10138.0,32,31,105.01,0.963,20251031_078_pol_pro_Ran_ado_2025_16_Colorado2025_x013312_y009728
Unknown_Sample,20251031_078_pol_pro_Ran_ado_2025_16_Colorado2025.czi,Ran_ado,566.01,13553.0,9839.0,32,29,102.18,0.961,20251031_078_pol_pro_Ran_ado_2025_16_Colorado2025_x013312_y009728
Unknown_Sample,20251031_078_pol_pro_Ran_ado_2025_16_Colorado2025.czi,Ran_ado,472.12,14413.0,10045.0,27,28,92.53,0.957,20251031_078_pol_pro_Ran_ado_2025_16_Colorado2025_x013824_y009728
Unknown_Sample,20251031_078_pol_pro_Ran_ado_2025_16_Colorado2025.czi,Ran_ado,252.41,14350.0,10330.0,23,19,70.63,0.89,20251031_078_pol_pro_Ran_ado_2025_16_Colorado2025_x013824_y009728
Unknown_Sample,20251031_078_pol_pro_Ran_ado_2025_16_Colorado2025.czi,Ran_ado,321.29,14365.0,10346.0,26,23,78.18,0.882,20251031_078_pol_pro_Ran_ado_2025_16_Colorado2025_x013824_y009728
Unknown_Sample,20251031_078_pol_pro_Ran_ado_2025_16_Colorado2025.czi,Ran_ado,472.12,14413.0,10045.0,27,28,92.53,0.956,20251031_078_pol_pro_Ran_ado_2025_16_Colorado2025_x014336_y009728
Unknown_Sample,20251031_078_pol_pro_Ran_ado_2025_16_Colorado2025.czi,Ran_ado,243.18,14350.0,10331.0,23,18,69.8,0.886,20251031_078_pol_pro_Ran_ado_2025_16_Colorado2025_x014336_y009728
Unknown_Sample,20251031_078_pol_pro_Ran_ado_2025_16_Colorado2025.czi,Ran_ado,321.29,14365.0,10346.0,26,23,78.18,0.885,20251031_078_pol_pro_Ran_ado_2025_16_Colorado2025_x014336_y009728
Unknown_Sample,20251031_078_pol_pro_Ran_ado_2025_16_Colorado2025.czi,Ran_ado,521.37,15042.0,9953.0,26,32,98.53,0.959,20251031_078_pol_pro_Ran_ado_2025_16_Colorado2025_x014848_y009728
Unknown_Sample,20251031_078_pol_pro_Ran_ado_2025_16_Colorado2025.czi,Ran_ado,417.1,15785.0,9739.0,29,23,89.46,0.956,20251031_078_pol_pro_Ran_ado_2025_16_Colorado2025_x015360_y009728
Unknown_Sample,20251031_078_pol_pro_Ran_ado_2025_16_Colorado2025.czi,Ran_ado,495.98,16341.0,9940.0,28,29,95.36,0.96,20251031_078_pol_pro_Ran_ado_2025_16_Colorado2025_x015872_y009728
Unknown_Sample,20251031_078_pol_pro_Ran_ado_2025_16_Colorado2025.czi,Ran_ado,471.74,16269.0,9984.0,28,27,94.28,0.958,20251031_078_pol_pro_Ran_ado_2025_16_Colorado2025_x015872_y009728
Unknown_Sample,20251031_078_pol_pro_Ran_ado_2025_16_Colorado2025.czi,Ran_ado,541.77,17317.0,10162.0,28,31,98.77,0.818,20251031_078_pol_pro_Ran_ado_2025_16_Colorado2025_x016896_y009728
Unknown_Sample,20251031_078_pol_pro_Ran_ado_2025_16_Colorado2025.czi,Ran_ado,772.63,1091.0,10866.0,42,30,125.94,0.931,20251031_078_pol_pro_Ran_ado_2025_16_Colorado2025_x000512_y010240
Unknown_Sample,20251031_078_pol_pro_Ran_ado_2025_16_Colorado2025.czi,Ran_ado,1082.76,1364.0,10343.0,42,44,142.23,0.952,20251031_078_pol_pro_Ran_ado_2025_16_Colorado2025_x001024_y010240
Unknown_Sample,20251031_078_pol_pro_Ran_ado_2025_16_Colorado2025.czi,Ran_ado,772.63,1091.0,10866.0,42,30,125.94,0.931,20251031_078_pol_pro_Ran_ado_2025_16_Colorado2025_x001024_y010240
Unknown_Sample,20251031_078_pol_pro_Ran_ado_2025_16_Colorado2025.czi,Ran_ado,779.56,1272.0,10866.0,43,29,127.11,0.93,20251031_078_pol_pro_Ran_ado_2025_16_Colorado2025_x001024_y010240
Unknown_Sample,20251031_078_pol_pro_Ran_ado_2025_16_Colorado2025.czi,Ran_ado,818.8,2373.0,10469.0,36,37,123.25,0.961,20251031_078_pol_pro_Ran_ado_2025_16_Colorado2025_x002048_y010240
Unknown_Sample,20251031_078_pol_pro_Ran_ado_2025_16_Colorado2025.czi,Ran_ado,814.96,2185.0,10475.0,36,37,120.91,0.958,20251031_078_pol_pro_Ran_ado_2025_16_Colorado2025_x002048_y010240
Unknown_Sample,20251031_078_pol_pro_Ran_ado_2025_16_Colorado2025.czi,Ran_ado,588.32,3186.0,10798.0,28,33,108.04,0.942,20251031_078_pol_pro_Ran_ado_2025_16_Colorado2025_x002560_y010240
Unknown_Sample,20251031_078_pol_pro_Ran_ado_2025_16_Colorado2025.czi,Ran_ado,635.27,3187.0,10797.0,32,33,109.01,0.956,20251031_078_pol_pro_Ran_ado_2025_16_Colorado2025_x003072_y010240
Unknown_Sample,20251031_078_pol_pro_Ran_ado_2025_16_Colorado2025.czi,Ran_ado,524.45,4069.0,10528.0,29,30,99.36,0.95,20251031_078_pol_pro_Ran_ado_2025_16_Colorado2025_x003584_y010240
Unknown_Sample,20251031_078_pol_pro_Ran_ado_2025_16_Colorado2025.czi,Ran_ado,824.96,4583.0,10620.0,36,37,122.08,0.96,20251031_078_pol_pro_Ran_ado_2025_16_Colorado2025_x004096_y010240
Unknown_Sample,20251031_078_pol_pro_Ran_ado_2025_16_Colorado2025.czi,Ran_ado,863.05,4745.0,10753.0,37,39,125.15,0.959,20251031_078_pol_pro_Ran_ado_2025_16_Colorado2025_x004608_y010240
Unknown_Sample,20251031_078_pol_pro_Ran_ado_2025_16_Colorado2025.czi,Ran_ado,937.32,4901.0,10275.0,39,40,131.74,0.958,20251031_078_pol_pro_Ran_ado_2025_16_Colorado2025_x004608_y010240
Unknown_Sample,20251031_078_pol_pro_Ran_ado_2025_16_Colorado2025.czi,Ran_ado,424.41,4816.0,10248.0,34,22,96.87,0.958,20251031_078_pol_pro_Ran_ado_2025_16_Colorado2025_x004608_y010240
Unknown_Sample,20251031_078_pol_pro_Ran_ado_2025_16_Colorado2025.czi,Ran_ado,789.95,5539.0,10278.0,36,36,120.67,0.956,20251031_078_pol_pro_Ran_ado_2025_16_Colorado2025_x005120_y010240
Unknown_Sample,20251031_078_pol_pro_Ran_ado_2025_16_Colorado2025.czi,Ran_ado,392.09,5353.0,10249.0,30,21,89.21,0.95,20251031_078_pol_pro_Ran_ado_2025_16_Colorado2025_x005120_y010240
Unknown_Sample,20251031_078_pol_pro_Ran_ado_2025_16_Colorado2025.czi,Ran_ado,628.73,6061.0,10260.0,31,34,106.08,0.96,20251031_078_pol_pro_Ran_ado_2025_16_Colorado2025_x005632_y010240
Unknown_Sample,20251031_078_pol_pro_Ran_ado_2025_16_Colorado2025.czi,Ran_ado,885.37,6807.0,10541.0,38,39,127.15,0.965,20251031_078_pol_pro_Ran_ado_2025_16_Colorado2025_x006656_y010240
Unknown_Sample,20251031_078_pol_pro_Ran_ado_2025_16_Colorado2025.czi,Ran_ado,298.59,7760.0,10247.0,33,16,83.46,0.945,20251031_078_pol_pro_Ran_ado_2025_16_Colorado2025_x007168_y010240
Unknown_Sample,20251031_078_pol_pro_Ran_ado_2025_16_Colorado2025.czi,Ran_ado,831.12,7902.0,10486.0,37,37,122.91,0.959,20251031_078_pol_pro_Ran_ado_2025_16_Colorado2025_x007680_y010240
Unknown_Sample,20251031_078_pol_pro_Ran_ado_2025_16_Colorado2025.czi,Ran_ado,297.82,7760.0,10247.0,33,16,83.46,0.946,20251031_078_pol_pro_Ran_ado_2025_16_Colorado2025_x007680_y010240
Unknown_Sample,20251031_078_pol_pro_Ran_ado_2025_16_Colorado2025.czi,Ran_ado,782.25,8728.0,10831.0,36,36,119.5,0.96,20251031_078_pol_pro_Ran_ado_2025_16_Colorado2025_x008192_y010240
Unknown_Sample,20251031_078_pol_pro_Ran_ado_2025_16_Colorado2025.czi,Ran_ado,783.02,8728.0,10831.0,36,36,119.5,0.96,20251031_078_pol_pro_Ran_ado_2025_16_Colorado2025_x008704_y010240
Unknown_Sample,20251031_078_pol_pro_Ran_ado_2025_16_Colorado2025.czi,Ran_ado,634.5,8999.0,10820.0,32,32,107.01,0.959,20251031_078_pol_pro_Ran_ado_2025_16_Colorado2025_x008704_y010240
Unknown_Sample,20251031_078_pol_pro_Ran_ado_2025_16_Colorado2025.czi,Ran_ado,596.02,9939.0,10308.0,31,32,105.01,0.964,20251031_078_pol_pro_Ran_ado_2025_16_Colorado2025_x009728_y010240
Unknown_Sample,20251031_078_pol_pro_Ran_ado_2025_16_Colorado2025.czi,Ran_ado,618.34,12048.0,10386.0,33,31,105.84,0.962,20251031_078_pol_pro_Ran_ado_2025_16_Colorado2025_x011776_y010240
Unknown_Sample,20251031_078_pol_pro_Ran_ado_2025_16_Colorado2025.czi,Ran_ado,293.58,13335.0,10395.0,26,19,76.04,0.944,20251031_078_pol_pro_Ran_ado_2025_16_Colorado2025_x012800_y010240
Unknown_Sample,20251031_078_pol_pro_Ran_ado_2025_16_Colorado2025.czi,Ran_ado,284.35,13432.0,10716.0,15,30,79.56,0.903,20251031_078_pol_pro_Ran_ado_2025_16_Colorado2025_x012800_y010240
Unknown_Sample,20251031_078_pol_pro_Ran_ado_2025_16_Colorado2025.czi,Ran_ado,283.97,13102.0,10801.0,19,29,77.94,0.865,20251031_078_pol_pro_Ran_ado_2025_16_Colorado2025_x012800_y010240
Unknown_Sample,20251031_078_pol_pro_Ran_ado_2025_16_Colorado2025.czi,Ran_ado,610.26,13439.0,10716.0,33,30,105.6,0.96,20251031_078_pol_pro_Ran_ado_2025_16_Colorado2025_x013312_y010240
Unknown_Sample,20251031_078_pol_pro_Ran_ado_2025_16_Colorado2025.czi,Ran_ado,293.58,13335.0,10395.0,26,19,76.04,0.946,20251031_078_pol_pro_Ran_ado_2025_16_Colorado2025_x013312_y010240
Unknown_Sample,20251031_078_pol_pro_Ran_ado_2025_16_Colorado2025.czi,Ran_ado,559.47,14023.0,10427.0,30,32,102.43,0.961,20251031_078_pol_pro_Ran_ado_2025_16_Colorado2025_x013824_y010240
Unknown_Sample,20251031_078_pol_pro_Ran_ado_2025_16_Colorado2025.czi,Ran_ado,218.94,14457.0,10533.0,13,28,71.56,0.895,20251031_078_pol_pro_Ran_ado_2025_16_Colorado2025_x013824_y010240
Unknown_Sample,20251031_078_pol_pro_Ran_ado_2025_16_Colorado2025.czi,Ran_ado,252.41,14350.0,10330.0,23,19,70.63,0.891,20251031_078_pol_pro_Ran_ado_2025_16_Colorado2025_x013824_y010240
Unknown_Sample,20251031_078_pol_pro_Ran_ado_2025_16_Colorado2025.czi,Ran_ado,327.83,14365.0,10346.0,26,23,79.94,0.881,20251031_078_pol_pro_Ran_ado_2025_16_Colorado2025_x013824_y010240
Unknown_Sample,20251031_078_pol_pro_Ran_ado_2025_16_Colorado2025.czi,Ran_ado,472.51,14464.0,10533.0,28,27,91.94,0.96,20251031_078_pol_pro_Ran_ado_2025_16_Colorado2025_x014336_y010240
Unknown_Sample,20251031_078_pol_pro_Ran_ado_2025_16_Colorado2025.czi,Ran_ado,487.51,14725.0,10809.0,28,28,94.53,0.958,20251031_078_pol_pro_Ran_ado_2025_16_Colorado2025_x014336_y010240
Unknown_Sample,20251031_078_pol_pro_Ran_ado_2025_16_Colorado2025.czi,Ran_ado,327.83,14365.0,10346.0,26,23,79.94,0.885,20251031_078_pol_pro_Ran_ado_2025_16_Colorado2025_x014336_y010240
Unknown_Sample,20251031_078_pol_pro_Ran_ado_2025_16_Colorado2025.czi,Ran_ado,254.34,14350.0,10331.0,23,19,71.21,0.884,20251031_078_pol_pro_Ran_ado_2025_16_Colorado2025_x014336_y010240
Unknown_Sample,20251031_078_pol_pro_Ran_ado_2025_16_Colorado2025.czi,Ran_ado,514.83,15168.0,10779.0,29,29,97.94,0.933,20251031_078_pol_pro_Ran_ado_2025_16_Colorado2025_x014848_y010240
Unknown_Sample,20251031_078_pol_pro_Ran_ado_2025_16_Colorado2025.czi,Ran_ado,455.96,15178.0,10806.0,28,29,93.01,0.905,20251031_078_pol_pro_Ran_ado_2025_16_Colorado2025_x014848_y010240
Unknown_Sample,20251031_078_pol_pro_Ran_ado_2025_16_Colorado2025.czi,Ran_ado,507.52,16012.0,10381.0,29,28,96.53,0.956,20251031_078_pol_pro_Ran_ado_2025_16_Colorado2025_x015872_y010240
Unknown_Sample,20251031_078_pol_pro_Ran_ado_2025_16_Colorado2025.czi,Ran_ado,492.9,16404.0,10813.0,27,30,95.36,0.948,20251031_078_pol_pro_Ran_ado_2025_16_Colorado2025_x015872_y010240
Unknown_Sample,20251031_078_pol_pro_Ran_ado_2025_16_Colorado2025.czi,Ran_ado,494.05,16404.0,10813.0,27,30,94.77,0.942,20251031_078_pol_pro_Ran_ado_2025_16_Colorado2025_x016384_y010240
Unknown_Sample,20251031_078_pol_pro_Ran_ado_2025_16_Colorado2025.czi,Ran_ado,1025.05,1091.0,10870.0,42,42,138.23,0.95,20251031_078_pol_pro_Ran_ado_2025_16_Colorado2025_x000512_y010752
Unknown_Sample,20251031_078_pol_pro_Ran_ado_2025_16_Colorado2025.czi,Ran_ado,394.01,1229.0,11253.0,25,27,84.77,0.954,20251031_078_pol_pro_Ran_ado_2025_16_Colorado2025_x001024_y010752
Unknown_Sample,20251031_078_pol_pro_Ran_ado_2025_16_Colorado2025.czi,Ran_ado,1078.53,1272.0,10871.0,43,43,141.64,0.951,20251031_078_pol_pro_Ran_ado_2025_16_Colorado2025_x001024_y010752
Unknown_Sample,20251031_078_pol_pro_Ran_ado_2025_16_Colorado2025.czi,Ran_ado,1024.28,1091.0,10870.0,42,42,138.23,0.95,20251031_078_pol_pro_Ran_ado_2025_16_Colorado2025_x001024_y010752
Unknown_Sample,20251031_078_pol_pro_Ran_ado_2025_16_Colorado2025.czi,Ran_ado,943.86,2961.0,11104.0,39,40,131.15,0.962,20251031_078_pol_pro_Ran_ado_2025_16_Colorado2025_x002560_y010752
Unknown_Sample,20251031_078_pol_pro_Ran_ado_2025_16_Colorado2025.czi,Ran_ado,755.32,2899.0,11251.0,34,37,117.5,0.96,20251031_078_pol_pro_Ran_ado_2025_16_Colorado2025_x002560_y010752
Unknown_Sample,20251031_078_pol_pro_Ran_ado_2025_16_Colorado2025.czi,Ran_ado,588.32,3186.0,10798.0,28,33,108.04,0.943,20251031_078_pol_pro_Ran_ado_2025_16_Colorado2025_x002560_y010752
Unknown_Sample,20251031_078_pol_pro_Ran_ado_2025_16_Colorado2025.czi,Ran_ado,878.45,3288.0,11323.0,38,38,126.33,0.956,20251031_078_pol_pro_Ran_ado_2025_16_Colorado2025_x003072_y010752
Unknown_Sample,20251031_078_pol_pro_Ran_ado_2025_16_Colorado2025.czi,Ran_ado,635.27,3187.0,10797.0,32,33,109.01,0.956,20251031_078_pol_pro_Ran_ado_2025_16_Colorado2025_x003072_y010752
Unknown_Sample,20251031_078_pol_pro_Ran_ado_2025_16_Colorado2025.czi,Ran_ado,445.96,4745.0,10761.0,37,21,99.7,0.953,20251031_078_pol_pro_Ran_ado_2025_16_Colorado2025_x004608_y010752
Unknown_Sample,20251031_078_pol_pro_Ran_ado_2025_16_Colorado2025.czi,Ran_ado,721.46,5716.0,11223.0,35,34,114.67,0.961,20251031_078_pol_pro_Ran_ado_2025_16_Colorado2025_x005120_y010752
Unknown_Sample,20251031_078_pol_pro_Ran_ado_2025_16_Colorado2025.czi,Ran_ado,721.07,5716.0,11223.0,35,34,114.08,0.962,20251031_078_pol_pro_Ran_ado_2025_16_Colorado2025_x005632_y010752
Unknown_Sample,20251031_078_pol_pro_Ran_ado_2025_16_Colorado2025.czi,Ran_ado,657.58,5798.0,11268.0,32,34,111.01,0.961,20251031_078_pol_pro_Ran_ado_2025_16_Colorado2025_x005632_y010752
Unknown_Sample,20251031_078_pol_pro_Ran_ado_2025_16_Colorado2025.czi,Ran_ado,742.62,6116.0,11003.0,35,36,116.91,0.96,20251031_078_pol_pro_Ran_ado_2025_16_Colorado2025_x005632_y010752
Unknown_Sample,20251031_078_pol_pro_Ran_ado_2025_16_Colorado2025.czi,Ran_ado,654.51,6667.0,10985.0,32,33,109.01,0.962,20251031_078_pol_pro_Ran_ado_2025_16_Colorado2025_x006144_y010752
Unknown_Sample,20251031_078_pol_pro_Ran_ado_2025_16_Colorado2025.czi,Ran_ado,572.93,6668.0,10985.0,27,33,104.87,0.962,20251031_078_pol_pro_Ran_ado_2025_16_Colorado2025_x006656_y010752
Unknown_Sample,20251031_078_pol_pro_Ran_ado_2025_16_Colorado2025.czi,Ran_ado,782.25,8728.0,10831.0,36,36,119.5,0.961,20251031_078_pol_pro_Ran_ado_2025_16_Colorado2025_x008192_y010752
Unknown_Sample,20251031_078_pol_pro_Ran_ado_2025_16_Colorado2025.czi,Ran_ado,626.03,8479.0,11092.0,32,32,107.01,0.959,20251031_078_pol_pro_Ran_ado_2025_16_Colorado2025_x008192_y010752
Unknown_Sample,20251031_078_pol_pro_Ran_ado_2025_16_Colorado2025.czi,Ran_ado,783.02,8728.0,10831.0,36,36,119.5,0.96,20251031_078_pol_pro_Ran_ado_2025_16_Colorado2025_x008704_y010752
Unknown_Sample,20251031_078_pol_pro_Ran_ado_2025_16_Colorado2025.czi,Ran_ado,634.5,8999.0,10820.0,32,32,107.01,0.959,20251031_078_pol_pro_Ran_ado_2025_16_Colorado2025_x008704_y010752
Unknown_Sample,20251031_078_pol_pro_Ran_ado_2025_16_Colorado2025.czi,Ran_ado,616.41,9411.0,11275.0,30,33,106.77,0.961,20251031_078_pol_pro_Ran_ado_2025_16_Colorado2025_x009216_y010752
Unknown_Sample,20251031_078_pol_pro_Ran_ado_2025_16_Colorado2025.czi,Ran_ado,706.07,10339.0,11142.0,35,33,115.01,0.939,20251031_078_pol_pro_Ran_ado_2025_16_Colorado2025_x009728_y010752
Unknown_Sample,20251031_078_pol_pro_Ran_ado_2025_16_Colorado2025.czi,Ran_ado,731.85,10351.0,11175.0,33,38,120.43,0.919,20251031_078_pol_pro_Ran_ado_2025_16_Colorado2025_x009728_y010752
Unknown_Sample,20251031_078_pol_pro_Ran_ado_2025_16_Colorado2025.czi,Ran_ado,709.91,10339.0,11142.0,35,33,115.01,0.94,20251031_078_pol_pro_Ran_ado_2025_16_Colorado2025_x010240_y010752
Unknown_Sample,20251031_078_pol_pro_Ran_ado_2025_16_Colorado2025.czi,Ran_ado,732.23,10351.0,11175.0,35,38,122.67,0.929,20251031_078_pol_pro_Ran_ado_2025_16_Colorado2025_x010240_y010752
Unknown_Sample,20251031_078_pol_pro_Ran_ado_2025_16_Colorado2025.czi,Ran_ado,284.73,13102.0,10801.0,19,29,77.94,0.863,20251031_078_pol_pro_Ran_ado_2025_16_Colorado2025_x012800_y010752
Unknown_Sample,20251031_078_pol_pro_Ran_ado_2025_16_Colorado2025.czi,Ran_ado,603.33,13626.0,10907.0,32,31,104.43,0.964,20251031_078_pol_pro_Ran_ado_2025_16_Colorado2025_x013312_y010752
Unknown_Sample,20251031_078_pol_pro_Ran_ado_2025_16_Colorado2025.czi,Ran_ado,487.51,14725.0,10809.0,28,28,94.53,0.958,20251031_078_pol_pro_Ran_ado_2025_16_Colorado2025_x014336_y010752
Unknown_Sample,20251031_078_pol_pro_Ran_ado_2025_16_Colorado2025.czi,Ran_ado,514.45,15168.0,10779.0,29,29,97.36,0.934,20251031_078_pol_pro_Ran_ado_2025_16_Colorado2025_x014848_y010752
Unknown_Sample,20251031_078_pol_pro_Ran_ado_2025_16_Colorado2025.czi,Ran_ado,455.96,15178.0,10806.0,28,29,93.01,0.905,20251031_078_pol_pro_Ran_ado_2025_16_Colorado2025_x014848_y010752
Unknown_Sample,20251031_078_pol_pro_Ran_ado_2025_16_Colorado2025.czi,Ran_ado,492.9,16404.0,10813.0,27,30,95.36,0.947,20251031_078_pol_pro_Ran_ado_2025_16_Colorado2025_x015872_y010752
Unknown_Sample,20251031_078_pol_pro_Ran_ado_2025_16_Colorado2025.czi,Ran_ado,581.4,16931.0,11136.0,33,29,103.01,0.955,20251031_078_pol_pro_Ran_ado_2025_16_Colorado2025_x016384_y010752
Unknown_Sample,20251031_078_pol_pro_Ran_ado_2025_16_Colorado2025.czi,Ran_ado,497.13,16404.0,10813.0,27,30,95.94,0.943,20251031_078_pol_pro_Ran_ado_2025_16_Colorado2025_x016384_y010752
Unknown_Sample,20251031_078_pol_pro_Ran_ado_2025_16_Colorado2025.czi,Ran_ado,557.16,16931.0,11136.0,32,28,101.94,0.944,20251031_078_pol_pro_Ran_ado_2025_16_Colorado2025_x016896_y010752
Unknown_Sample,20251031_078_pol_pro_Ran_ado_2025_16_Colorado2025.czi,Ran_ado,879.21,3288.0,11323.0,38,38,126.33,0.956,20251031_078_pol_pro_Ran_ado_2025_16_Colorado2025_x003072_y011264
Unknown_Sample,20251031_078_pol_pro_Ran_ado_2025_16_Colorado2025.czi,Ran_ado,595.63,3697.0,11721.0,29,33,104.77,0.952,20251031_078_pol_pro_Ran_ado_2025_16_Colorado2025_x003072_y011264
Unknown_Sample,20251031_078_pol_pro_Ran_ado_2025_16_Colorado2025.czi,Ran_ado,680.29,4131.0,11526.0,33,34,112.43,0.963,20251031_078_pol_pro_Ran_ado_2025_16_Colorado2025_x003584_y011264
Unknown_Sample,20251031_078_pol_pro_Ran_ado_2025_16_Colorado2025.czi,Ran_ado,609.87,3697.0,11721.0,31,33,104.67,0.96,20251031_078_pol_pro_Ran_ado_2025_16_Colorado2025_x003584_y011264
Unknown_Sample,20251031_078_pol_pro_Ran_ado_2025_16_Colorado2025.czi,Ran_ado,680.29,4131.0,11526.0,33,34,112.43,0.963,20251031_078_pol_pro_Ran_ado_2025_16_Colorado2025_x004096_y011264
Unknown_Sample,20251031_078_pol_pro_Ran_ado_2025_16_Colorado2025.czi,Ran_ado,692.98,4398.0,11610.0,34,34,115.01,0.933,20251031_078_pol_pro_Ran_ado_2025_16_Colorado2025_x004096_y011264
Unknown_Sample,20251031_078_pol_pro_Ran_ado_2025_16_Colorado2025.czi,Ran_ado,598.33,4400.0,11580.0,33,30,108.18,0.925,20251031_078_pol_pro_Ran_ado_2025_16_Colorado2025_x004096_y011264
Unknown_Sample,20251031_078_pol_pro_Ran_ado_2025_16_Colorado2025.czi,Ran_ado,758.39,5548.0,11654.0,34,37,118.67,0.961,20251031_078_pol_pro_Ran_ado_2025_16_Colorado2025_x005120_y011264
Unknown_Sample,20251031_078_pol_pro_Ran_ado_2025_16_Colorado2025.czi,Ran_ado,408.63,5798.0,11273.0,32,21,92.63,0.956,20251031_078_pol_pro_Ran_ado_2025_16_Colorado2025_x005632_y011264
Unknown_Sample,20251031_078_pol_pro_Ran_ado_2025_16_Colorado2025.czi,Ran_ado,623.72,7302.0,11889.0,32,30,107.7,0.95,20251031_078_pol_pro_Ran_ado_2025_16_Colorado2025_x007168_y011264
Unknown_Sample,20251031_078_pol_pro_Ran_ado_2025_16_Colorado2025.czi,Ran_ado,510.98,7385.0,11893.0,38,21,105.8,0.924,20251031_078_pol_pro_Ran_ado_2025_16_Colorado2025_x007168_y011264
Unknown_Sample,20251031_078_pol_pro_Ran_ado_2025_16_Colorado2025.czi,Ran_ado,528.68,9411.0,11277.0,30,27,100.63,0.963,20251031_078_pol_pro_Ran_ado_2025_16_Colorado2025_x009216_y011264
Unknown_Sample,20251031_078_pol_pro_Ran_ado_2025_16_Colorado2025.czi,Ran_ado,701.83,9520.0,11438.0,34,34,113.25,0.96,20251031_078_pol_pro_Ran_ado_2025_16_Colorado2025_x009216_y011264
Unknown_Sample,20251031_078_pol_pro_Ran_ado_2025_16_Colorado2025.czi,Ran_ado,789.56,11090.0,11865.0,36,37,120.91,0.952,20251031_078_pol_pro_Ran_ado_2025_16_Colorado2025_x010752_y011264
Unknown_Sample,20251031_078_pol_pro_Ran_ado_2025_16_Colorado2025.czi,Ran_ado,552.92,11453.0,11849.0,30,31,101.01,0.955,20251031_078_pol_pro_Ran_ado_2025_16_Colorado2025_x011264_y011264
Unknown_Sample,20251031_078_pol_pro_Ran_ado_2025_16_Colorado2025.czi,Ran_ado,689.14,12242.0,11746.0,33,34,111.84,0.96,20251031_078_pol_pro_Ran_ado_2025_16_Colorado2025_x011776_y011264
Unknown_Sample,20251031_078_pol_pro_Ran_ado_2025_16_Colorado2025.czi,Ran_ado,667.2,13156.0,11683.0,33,34,113.6,0.963,20251031_078_pol_pro_Ran_ado_2025_16_Colorado2025_x012800_y011264
Unknown_Sample,20251031_078_pol_pro_Ran_ado_2025_16_Colorado2025.czi,Ran_ado,495.98,13587.0,11583.0,31,27,95.01,0.959,20251031_078_pol_pro_Ran_ado_2025_16_Colorado2025_x013312_y011264
Unknown_Sample,20251031_078_pol_pro_Ran_ado_2025_16_Colorado2025.czi,Ran_ado,542.92,15311.0,11545.0,30,30,100.18,0.924,20251031_078_pol_pro_Ran_ado_2025_16_Colorado2025_x014848_y011264
Unknown_Sample,20251031_078_pol_pro_Ran_ado_2025_16_Colorado2025.czi,Ran_ado,560.62,15339.0,11536.0,32,30,103.01,0.919,20251031_078_pol_pro_Ran_ado_2025_16_Colorado2025_x014848_y011264
Unknown_Sample,20251031_078_pol_pro_Ran_ado_2025_16_Colorado2025.czi,Ran_ado,1018.12,1832.0,12266.0,41,41,135.4,0.961,20251031_078_pol_pro_Ran_ado_2025_16_Colorado2025_x001536_y011776
Unknown_Sample,20251031_078_pol_pro_Ran_ado_2025_16_Colorado2025.czi,Ran_ado,794.56,3781.0,12318.0,35,37,120.67,0.957,20251031_078_pol_pro_Ran_ado_2025_16_Colorado2025_x003584_y011776
Unknown_Sample,20251031_078_pol_pro_Ran_ado_2025_16_Colorado2025.czi,Ran_ado,631.42,4236.0,12398.0,31,33,109.36,0.954,20251031_078_pol_pro_Ran_ado_2025_16_Colorado2025_x004096_y011776
Unknown_Sample,20251031_078_pol_pro_Ran_ado_2025_16_Colorado2025.czi,Ran_ado,594.48,7079.0,12029.0,31,31,105.36,0.955,20251031_078_pol_pro_Ran_ado_2025_16_Colorado2025_x006656_y011776
Unknown_Sample,20251031_078_pol_pro_Ran_ado_2025_16_Colorado2025.czi,Ran_ado,820.73,7257.0,12342.0,36,37,121.5,0.953,20251031_078_pol_pro_Ran_ado_2025_16_Colorado2025_x006656_y011776
Unknown_Sample,20251031_078_pol_pro_Ran_ado_2025_16_Colorado2025.czi,Ran_ado,700.68,6938.0,12049.0,34,34,113.84,0.952,20251031_078_pol_pro_Ran_ado_2025_16_Colorado2025_x006656_y011776
Unknown_Sample,20251031_078_pol_pro_Ran_ado_2025_16_Colorado2025.czi,Ran_ado,666.43,7302.0,11890.0,32,34,109.25,0.962,20251031_078_pol_pro_Ran_ado_2025_16_Colorado2025_x007168_y011776
Unknown_Sample,20251031_078_pol_pro_Ran_ado_2025_16_Colorado2025.czi,Ran_ado,788.02,7257.0,12342.0,36,36,118.91,0.959,20251031_078_pol_pro_Ran_ado_2025_16_Colorado2025_x007168_y011776
Unknown_Sample,20251031_078_pol_pro_Ran_ado_2025_16_Colorado2025.czi,Ran_ado,825.35,7385.0,11899.0,37,37,123.5,0.954,20251031_078_pol_pro_Ran_ado_2025_16_Colorado2025_x007168_y011776
Unknown_Sample,20251031_078_pol_pro_Ran_ado_2025_16_Colorado2025.czi,Ran_ado,611.79,8716.0,12270.0,32,32,106.43,0.96,20251031_078_pol_pro_Ran_ado_2025_16_Colorado2025_x008192_y011776
Unknown_Sample,20251031_078_pol_pro_Ran_ado_2025_16_Colorado2025.czi,Ran_ado,570.24,8717.0,12270.0,29,32,103.94,0.964,20251031_078_pol_pro_Ran_ado_2025_16_Colorado2025_x008704_y011776
Unknown_Sample,20251031_078_pol_pro_Ran_ado_2025_16_Colorado2025.czi,Ran_ado,789.95,11090.0,11865.0,36,37,120.33,0.952,20251031_078_pol_pro_Ran_ado_2025_16_Colorado2025_x010752_y011776
Unknown_Sample,20251031_078_pol_pro_Ran_ado_2025_16_Colorado2025.czi,Ran_ado,551.0,11453.0,11849.0,30,31,101.6,0.957,20251031_078_pol_pro_Ran_ado_2025_16_Colorado2025_x011264_y011776
Unknown_Sample,20251031_078_pol_pro_Ran_ado_2025_16_Colorado2025.czi,Ran_ado,617.95,14331.0,11994.0,33,31,106.43,0.959,20251031_078_pol_pro_Ran_ado_2025_16_Colorado2025_x013824_y011776
Unknown_Sample,20251031_078_pol_pro_Ran_ado_2025_16_Colorado2025.czi,Ran_ado,170.46,14341.0,11993.0,12,28,67.21,0.942,20251031_078_pol_pro_Ran_ado_2025_16_Colorado2025_x014336_y011776
Unknown_Sample,20251031_078_pol_pro_Ran_ado_2025_16_Colorado2025.czi,Ran_ado,549.46,15338.0,12271.0,29,31,99.6,0.963,20251031_078_pol_pro_Ran_ado_2025_16_Colorado2025_x014848_y011776
Unknown_Sample,20251031_078_pol_pro_Ran_ado_2025_16_Colorado2025.czi,Ran_ado,621.41,17180.0,11995.0,33,31,107.01,0.658,20251031_078_pol_pro_Ran_ado_2025_16_Colorado2025_x016896_y011776
Unknown_Sample,20251031_078_pol_pro_Ran_ado_2025_16_Colorado2025.czi,Ran_ado,547.54,17151.0,12001.0,31,29,102.53,0.502,20251031_078_pol_pro_Ran_ado_2025_16_Colorado2025_x016896_y011776
Unknown_Sample,20251031_078_pol_pro_Ran_ado_2025_16_Colorado2025.czi,Ran_ado,795.33,3781.0,12318.0,35,37,120.67,0.957,20251031_078_pol_pro_Ran_ado_2025_16_Colorado2025_x003584_y012288
Unknown_Sample,20251031_078_pol_pro_Ran_ado_2025_16_Colorado2025.czi,Ran_ado,626.03,4236.0,12398.0,31,33,105.84,0.961,20251031_078_pol_pro_Ran_ado_2025_16_Colorado2025_x004096_y012288
Unknown_Sample,20251031_078_pol_pro_Ran_ado_2025_16_Colorado2025.czi,Ran_ado,700.68,4300.0,12658.0,34,34,112.67,0.953,20251031_078_pol_pro_Ran_ado_2025_16_Colorado2025_x004096_y012288
Unknown_Sample,20251031_078_pol_pro_Ran_ado_2025_16_Colorado2025.czi,Ran_ado,804.18,5056.0,12721.0,36,37,120.91,0.951,20251031_078_pol_pro_Ran_ado_2025_16_Colorado2025_x004608_y012288
Unknown_Sample,20251031_078_pol_pro_Ran_ado_2025_16_Colorado2025.czi,Ran_ado,696.06,6091.0,12716.0,33,35,113.84,0.965,20251031_078_pol_pro_Ran_ado_2025_16_Colorado2025_x005632_y012288
Unknown_Sample,20251031_078_pol_pro_Ran_ado_2025_16_Colorado2025.czi,Ran_ado,812.26,6045.0,12775.0,37,36,122.67,0.955,20251031_078_pol_pro_Ran_ado_2025_16_Colorado2025_x005632_y012288
Unknown_Sample,20251031_078_pol_pro_Ran_ado_2025_16_Colorado2025.czi,Ran_ado,819.96,7257.0,12342.0,36,37,121.5,0.954,20251031_078_pol_pro_Ran_ado_2025_16_Colorado2025_x006656_y012288
Unknown_Sample,20251031_078_pol_pro_Ran_ado_2025_16_Colorado2025.czi,Ran_ado,799.18,7153.0,12496.0,36,37,120.33,0.944,20251031_078_pol_pro_Ran_ado_2025_16_Colorado2025_x006656_y012288
Unknown_Sample,20251031_078_pol_pro_Ran_ado_2025_16_Colorado2025.czi,Ran_ado,789.18,7257.0,12342.0,36,36,119.5,0.959,20251031_078_pol_pro_Ran_ado_2025_16_Colorado2025_x007168_y012288
Unknown_Sample,20251031_078_pol_pro_Ran_ado_2025_16_Colorado2025.czi,Ran_ado,707.22,7383.0,12888.0,34,35,112.91,0.958,20251031_078_pol_pro_Ran_ado_2025_16_Colorado2025_x007168_y012288
Unknown_Sample,20251031_078_pol_pro_Ran_ado_2025_16_Colorado2025.czi,Ran_ado,672.97,7549.0,12914.0,36,29,114.87,0.926,20251031_078_pol_pro_Ran_ado_2025_16_Colorado2025_x007168_y012288
Unknown_Sample,20251031_078_pol_pro_Ran_ado_2025_16_Colorado2025.czi,Ran_ado,767.63,8991.0,12806.0,34,37,119.84,0.958,20251031_078_pol_pro_Ran_ado_2025_16_Colorado2025_x008704_y012288
Unknown_Sample,20251031_078_pol_pro_Ran_ado_2025_16_Colorado2025.czi,Ran_ado,760.32,9729.0,12672.0,35,35,117.25,0.962,20251031_078_pol_pro_Ran_ado_2025_16_Colorado2025_x009216_y012288
Unknown_Sample,20251031_078_pol_pro_Ran_ado_2025_16_Colorado2025.czi,Ran_ado,230.1,9389.0,12921.0,31,13,76.97,0.882,20251031_078_pol_pro_Ran_ado_2025_16_Colorado2025_x009216_y012288
Unknown_Sample,20251031_078_pol_pro_Ran_ado_2025_16_Colorado2025.czi,Ran_ado,704.14,10040.0,12515.0,34,34,113.25,0.961,20251031_078_pol_pro_Ran_ado_2025_16_Colorado2025_x009728_y012288
Unknown_Sample,20251031_078_pol_pro_Ran_ado_2025_16_Colorado2025.czi,Ran_ado,406.32,9737.0,12673.0,19,35,94.63,0.958,20251031_078_pol_pro_Ran_ado_2025_16_Colorado2025_x009728_y012288
Unknown_Sample,20251031_078_pol_pro_Ran_ado_2025_16_Colorado2025.czi,Ran_ado,667.2,10925.0,12765.0,33,34,110.08,0.96,20251031_078_pol_pro_Ran_ado_2025_16_Colorado2025_x010752_y012288
Unknown_Sample,20251031_078_pol_pro_Ran_ado_2025_16_Colorado2025.czi,Ran_ado,585.63,12779.0,12732.0,30,31,103.94,0.955,20251031_078_pol_pro_Ran_ado_2025_16_Colorado2025_x012288_y012288
Unknown_Sample,20251031_078_pol_pro_Ran_ado_2025_16_Colorado2025.czi,Ran_ado,701.06,12637.0,12831.0,34,34,113.25,0.954,20251031_078_pol_pro_Ran_ado_2025_16_Colorado2025_x012288_y012288
Unknown_Sample,20251031_078_pol_pro_Ran_ado_2025_16_Colorado2025.czi,Ran_ado,688.75,13345.0,12617.0,34,33,112.43,0.963,20251031_078_pol_pro_Ran_ado_2025_16_Colorado2025_x012800_y012288
Unknown_Sample,20251031_078_pol_pro_Ran_ado_2025_16_Colorado2025.czi,Ran_ado,406.71,13046.0,12587.0,25,26,86.87,0.952,20251031_078_pol_pro_Ran_ado_2025_16_Colorado2025_x012800_y012288
Unknown_Sample,20251031_078_pol_pro_Ran_ado_2025_16_Colorado2025.czi,Ran_ado,688.75,13345.0,12617.0,34,33,112.43,0.962,20251031_078_pol_pro_Ran_ado_2025_16_Colorado2025_x013312_y012288
Unknown_Sample,20251031_078_pol_pro_Ran_ado_2025_16_Colorado2025.czi,Ran_ado,643.73,15393.0,12810.0,33,32,107.84,0.959,20251031_078_pol_pro_Ran_ado_2025_16_Colorado2025_x014848_y012288
Unknown_Sample,20251031_078_pol_pro_Ran_ado_2025_16_Colorado2025.czi,Ran_ado,641.04,15393.0,12810.0,33,32,108.43,0.96,20251031_078_pol_pro_Ran_ado_2025_16_Colorado2025_x015360_y012288
Unknown_Sample,20251031_078_pol_pro_Ran_ado_2025_16_Colorado2025.czi,Ran_ado,649.12,16031.0,12586.0,33,32,109.01,0.958,20251031_078_pol_pro_Ran_ado_2025_16_Colorado2025_x015872_y012288
Unknown_Sample,20251031_078_pol_pro_Ran_ado_2025_16_Colorado2025.czi,Ran_ado,535.99,16401.0,12851.0,28,31,99.36,0.958,20251031_078_pol_pro_Ran_ado_2025_16_Colorado2025_x015872_y012288
Unknown_Sample,20251031_078_pol_pro_Ran_ado_2025_16_Colorado2025.czi,Ran_ado,544.46,16401.0,12851.0,29,31,100.18,0.952,20251031_078_pol_pro_Ran_ado_2025_16_Colorado2025_x016384_y012288
Unknown_Sample,20251031_078_pol_pro_Ran_ado_2025_16_Colorado2025.czi,Ran_ado,321.67,16587.0,12876.0,20,26,78.63,0.682,20251031_078_pol_pro_Ran_ado_2025_16_Colorado2025_x016384_y012288
Unknown_Sample,20251031_078_pol_pro_Ran_ado_2025_16_Colorado2025.czi,Ran_ado,862.28,3480.0,13319.0,36,39,125.5,0.962,20251031_078_pol_pro_Ran_ado_2025_16_Colorado2025_x003072_y012800
Unknown_Sample,20251031_078_pol_pro_Ran_ado_2025_16_Colorado2025.czi,Ran_ado,720.3,4146.0,13247.0,34,35,112.91,0.958,20251031_078_pol_pro_Ran_ado_2025_16_Colorado2025_x003584_y012800
Unknown_Sample,20251031_078_pol_pro_Ran_ado_2025_16_Colorado2025.czi,Ran_ado,822.65,4473.0,13354.0,37,37,124.08,0.961,20251031_078_pol_pro_Ran_ado_2025_16_Colorado2025_x004096_y012800
Unknown_Sample,20251031_078_pol_pro_Ran_ado_2025_16_Colorado2025.czi,Ran_ado,738.39,4146.0,13247.0,35,35,115.5,0.957,20251031_078_pol_pro_Ran_ado_2025_16_Colorado2025_x004096_y012800
Unknown_Sample,20251031_078_pol_pro_Ran_ado_2025_16_Colorado2025.czi,Ran_ado,915.0,4247.0,13247.0,39,39,128.57,0.921,20251031_078_pol_pro_Ran_ado_2025_16_Colorado2025_x004096_y012800
Unknown_Sample,20251031_078_pol_pro_Ran_ado_2025_16_Colorado2025.czi,Ran_ado,661.43,4862.0,13213.0,33,33,109.84,0.953,20251031_078_pol_pro_Ran_ado_2025_16_Colorado2025_x004608_y012800
Unknown_Sample,20251031_078_pol_pro_Ran_ado_2025_16_Colorado2025.czi,Ran_ado,519.83,6126.0,13271.0,29,30,98.18,0.956,20251031_078_pol_pro_Ran_ado_2025_16_Colorado2025_x005632_y012800
Unknown_Sample,20251031_078_pol_pro_Ran_ado_2025_16_Colorado2025.czi,Ran_ado,748.78,7100.0,13051.0,35,36,118.08,0.959,20251031_078_pol_pro_Ran_ado_2025_16_Colorado2025_x006656_y012800
Unknown_Sample,20251031_078_pol_pro_Ran_ado_2025_16_Colorado2025.czi,Ran_ado,706.45,7383.0,12888.0,34,35,112.91,0.958,20251031_078_pol_pro_Ran_ado_2025_16_Colorado2025_x007168_y012800
Unknown_Sample,20251031_078_pol_pro_Ran_ado_2025_16_Colorado2025.czi,Ran_ado,810.72,7549.0,12916.0,36,37,121.5,0.956,20251031_078_pol_pro_Ran_ado_2025_16_Colorado2025_x007168_y012800
Unknown_Sample,20251031_078_pol_pro_Ran_ado_2025_16_Colorado2025.czi,Ran_ado,535.61,8991.0,12811.0,34,25,103.46,0.958,20251031_078_pol_pro_Ran_ado_2025_16_Colorado2025_x008704_y012800
Unknown_Sample,20251031_078_pol_pro_Ran_ado_2025_16_Colorado2025.czi,Ran_ado,846.89,8943.0,12945.0,37,39,125.15,0.957,20251031_078_pol_pro_Ran_ado_2025_16_Colorado2025_x008704_y012800
Unknown_Sample,20251031_078_pol_pro_Ran_ado_2025_16_Colorado2025.czi,Ran_ado,673.36,9389.0,12931.0,33,34,112.43,0.963,20251031_078_pol_pro_Ran_ado_2025_16_Colorado2025_x009216_y012800
Unknown_Sample,20251031_078_pol_pro_Ran_ado_2025_16_Colorado2025.czi,Ran_ado,770.32,9823.0,13119.0,36,35,118.08,0.961,20251031_078_pol_pro_Ran_ado_2025_16_Colorado2025_x009216_y012800
Unknown_Sample,20251031_078_pol_pro_Ran_ado_2025_16_Colorado2025.czi,Ran_ado,772.25,9823.0,13119.0,36,35,118.67,0.962,20251031_078_pol_pro_Ran_ado_2025_16_Colorado2025_x009728_y012800
Unknown_Sample,20251031_078_pol_pro_Ran_ado_2025_16_Colorado2025.czi,Ran_ado,687.6,12637.0,12831.0,34,34,112.67,0.96,20251031_078_pol_pro_Ran_ado_2025_16_Colorado2025_x012288_y012800
Unknown_Sample,20251031_078_pol_pro_Ran_ado_2025_16_Colorado2025.czi,Ran_ado,719.53,13118.0,13330.0,34,35,114.08,0.963,20251031_078_pol_pro_Ran_ado_2025_16_Colorado2025_x012800_y012800
Unknown_Sample,20251031_078_pol_pro_Ran_ado_2025_16_Colorado2025.czi,Ran_ado,537.53,13167.0,13092.0,30,29,98.18,0.958,20251031_078_pol_pro_Ran_ado_2025_16_Colorado2025_x012800_y012800
Unknown_Sample,20251031_078_pol_pro_Ran_ado_2025_16_Colorado2025.czi,Ran_ado,682.59,14472.0,13293.0,34,34,112.08,0.963,20251031_078_pol_pro_Ran_ado_2025_16_Colorado2025_x014336_y012800
Unknown_Sample,20251031_078_pol_pro_Ran_ado_2025_16_Colorado2025.czi,Ran_ado,539.84,14712.0,13314.0,30,30,99.01,0.956,20251031_078_pol_pro_Ran_ado_2025_16_Colorado2025_x014336_y012800
Unknown_Sample,20251031_078_pol_pro_Ran_ado_2025_16_Colorado2025.czi,Ran_ado,562.93,15121.0,13332.0,31,30,101.01,0.963,20251031_078_pol_pro_Ran_ado_2025_16_Colorado2025_x014848_y012800
Unknown_Sample,20251031_078_pol_pro_Ran_ado_2025_16_Colorado2025.czi,Ran_ado,544.84,15393.0,12812.0,33,26,102.28,0.962,20251031_078_pol_pro_Ran_ado_2025_16_Colorado2025_x014848_y012800
Unknown_Sample,20251031_078_pol_pro_Ran_ado_2025_16_Colorado2025.czi,Ran_ado,768.78,15233.0,13249.0,36,35,119.25,0.961,20251031_078_pol_pro_Ran_ado_2025_16_Colorado2025_x014848_y012800
Unknown_Sample,20251031_078_pol_pro_Ran_ado_2025_16_Colorado2025.czi,Ran_ado,690.67,15441.0,13309.0,35,33,112.67,0.961,20251031_078_pol_pro_Ran_ado_2025_16_Colorado2025_x014848_y012800
Unknown_Sample,20251031_078_pol_pro_Ran_ado_2025_16_Colorado2025.czi,Ran_ado,545.61,15393.0,12812.0,33,26,102.28,0.962,20251031_078_pol_pro_Ran_ado_2025_16_Colorado2025_x015360_y012800
Unknown_Sample,20251031_078_pol_pro_Ran_ado_2025_16_Colorado2025.czi,Ran_ado,691.06,15441.0,13309.0,35,33,113.25,0.96,20251031_078_pol_pro_Ran_ado_2025_16_Colorado2025_x015360_y012800
Unknown_Sample,20251031_078_pol_pro_Ran_ado_2025_16_Colorado2025.czi,Ran_ado,541.38,16401.0,12851.0,29,31,100.18,0.954,20251031_078_pol_pro_Ran_ado_2025_16_Colorado2025_x015872_y012800
Unknown_Sample,20251031_078_pol_pro_Ran_ado_2025_16_Colorado2025.czi,Ran_ado,466.73,16489.0,13336.0,26,29,92.53,0.952,20251031_078_pol_pro_Ran_ado_2025_16_Colorado2025_x015872_y012800
Unknown_Sample,20251031_078_pol_pro_Ran_ado_2025_16_Colorado2025.czi,Ran_ado,634.5,16134.0,13251.0,33,33,108.67,0.931,20251031_078_pol_pro_Ran_ado_2025_16_Colorado2025_x015872_y012800
Unknown_Sample,20251031_078_pol_pro_Ran_ado_2025_16_Colorado2025.czi,Ran_ado,546.0,16147.0,13223.0,31,29,99.01,0.931,20251031_078_pol_pro_Ran_ado_2025_16_Colorado2025_x015872_y012800
Unknown_Sample,20251031_078_pol_pro_Ran_ado_2025_16_Colorado2025.czi,Ran_ado,537.53,16402.0,12851.0,28,31,99.36,0.951,20251031_078_pol_pro_Ran_ado_2025_16_Colorado2025_x016384_y012800
Unknown_Sample,20251031_078_pol_pro_Ran_ado_2025_16_Colorado2025.czi,Ran_ado,468.27,16489.0,13336.0,26,29,92.53,0.95,20251031_078_pol_pro_Ran_ado_2025_16_Colorado2025_x016384_y012800
Unknown_Sample,20251031_078_pol_pro_Ran_ado_2025_16_Colorado2025.czi,Ran_ado,1119.32,17445.0,13315.0,44,42,142.81,0.84,20251031_078_pol_pro_Ran_ado_2025_16_Colorado2025_x016896_y012800
Unknown_Sample,20251031_078_pol_pro_Ran_ado_2025_16_Colorado2025.czi,Ran_ado,1113.16,17445.0,13315.0,44,42,141.64,0.888,20251031_078_pol_pro_Ran_ado_2025_16_Colorado2025_x017408_y012800
Unknown_Sample,20251031_078_pol_pro_Ran_ado_2025_16_Colorado2025.czi,Ran_ado,177.0,17443.0,13246.0,17,17,58.14,0.753,20251031_078_pol_pro_Ran_ado_2025_16_Colorado2025_x017408_y012800
Unknown_Sample,20251031_078_pol_pro_Ran_ado_2025_16_Colorado2025.czi,Ran_ado,581.4,1852.0,13940.0,38,24,110.04,0.927,20251031_078_pol_pro_Ran_ado_2025_16_Colorado2025_x001536_y013312
Unknown_Sample,20251031_078_pol_pro_Ran_ado_2025_16_Colorado2025.czi,Ran_ado,605.64,3480.0,13324.0,36,27,110.28,0.966,20251031_078_pol_pro_Ran_ado_2025_16_Colorado2025_x003072_y013312
Unknown_Sample,20251031_078_pol_pro_Ran_ado_2025_16_Colorado2025.czi,Ran_ado,821.88,4473.0,13354.0,37,37,124.08,0.961,20251031_078_pol_pro_Ran_ado_2025_16_Colorado2025_x004096_y013312
Unknown_Sample,20251031_078_pol_pro_Ran_ado_2025_16_Colorado2025.czi,Ran_ado,972.72,4564.0,13711.0,39,42,132.23,0.96,20251031_078_pol_pro_Ran_ado_2025_16_Colorado2025_x004096_y013312
Unknown_Sample,20251031_078_pol_pro_Ran_ado_2025_16_Colorado2025.czi,Ran_ado,775.33,6017.0,13753.0,36,36,119.5,0.951,20251031_078_pol_pro_Ran_ado_2025_16_Colorado2025_x005632_y013312
Unknown_Sample,20251031_078_pol_pro_Ran_ado_2025_16_Colorado2025.czi,Ran_ado,597.94,6557.0,13491.0,30,33,105.6,0.961,20251031_078_pol_pro_Ran_ado_2025_16_Colorado2025_x006144_y013312
Unknown_Sample,20251031_078_pol_pro_Ran_ado_2025_16_Colorado2025.czi,Ran_ado,644.12,8272.0,13692.0,33,33,109.25,0.96,20251031_078_pol_pro_Ran_ado_2025_16_Colorado2025_x007680_y013312
Unknown_Sample,20251031_078_pol_pro_Ran_ado_2025_16_Colorado2025.czi,Ran_ado,708.76,8023.0,13798.0,34,34,114.43,0.955,20251031_078_pol_pro_Ran_ado_2025_16_Colorado2025_x007680_y013312
Unknown_Sample,20251031_078_pol_pro_Ran_ado_2025_16_Colorado2025.czi,Ran_ado,644.89,8272.0,13692.0,33,33,109.25,0.96,20251031_078_pol_pro_Ran_ado_2025_16_Colorado2025_x008192_y013312
Unknown_Sample,20251031_078_pol_pro_Ran_ado_2025_16_Colorado2025.czi,Ran_ado,797.64,10620.0,13632.0,37,35,119.5,0.959,20251031_078_pol_pro_Ran_ado_2025_16_Colorado2025_x010240_y013312
Unknown_Sample,20251031_078_pol_pro_Ran_ado_2025_16_Colorado2025.czi,Ran_ado,714.53,11096.0,13567.0,33,36,113.5,0.958,20251031_078_pol_pro_Ran_ado_2025_16_Colorado2025_x010752_y013312
Unknown_Sample,20251031_078_pol_pro_Ran_ado_2025_16_Colorado2025.czi,Ran_ado,552.54,13419.0,13629.0,31,30,100.43,0.963,20251031_078_pol_pro_Ran_ado_2025_16_Colorado2025_x012800_y013312
Unknown_Sample,20251031_078_pol_pro_Ran_ado_2025_16_Colorado2025.czi,Ran_ado,728.38,13118.0,13330.0,34,35,114.67,0.962,20251031_078_pol_pro_Ran_ado_2025_16_Colorado2025_x012800_y013312
Unknown_Sample,20251031_078_pol_pro_Ran_ado_2025_16_Colorado2025.czi,Ran_ado,550.62,13419.0,13629.0,31,29,100.18,0.964,20251031_078_pol_pro_Ran_ado_2025_16_Colorado2025_x013312_y013312
Unknown_Sample,20251031_078_pol_pro_Ran_ado_2025_16_Colorado2025.czi,Ran_ado,664.89,14862.0,13541.0,32,34,110.43,0.96,20251031_078_pol_pro_Ran_ado_2025_16_Colorado2025_x014336_y013312
Unknown_Sample,20251031_078_pol_pro_Ran_ado_2025_16_Colorado2025.czi,Ran_ado,311.28,14712.0,13320.0,30,18,82.04,0.95,20251031_078_pol_pro_Ran_ado_2025_16_Colorado2025_x014336_y013312
Unknown_Sample,20251031_078_pol_pro_Ran_ado_2025_16_Colorado2025.czi,Ran_ado,624.49,14862.0,13541.0,30,33,107.36,0.964,20251031_078_pol_pro_Ran_ado_2025_16_Colorado2025_x014848_y013312
Unknown_Sample,20251031_078_pol_pro_Ran_ado_2025_16_Colorado2025.czi,Ran_ado,562.16,15121.0,13332.0,31,30,101.01,0.963,20251031_078_pol_pro_Ran_ado_2025_16_Colorado2025_x014848_y013312
Unknown_Sample,20251031_078_pol_pro_Ran_ado_2025_16_Colorado2025.czi,Ran_ado,546.77,15242.0,13644.0,31,30,102.18,0.963,20251031_078_pol_pro_Ran_ado_2025_16_Colorado2025_x014848_y013312
Unknown_Sample,20251031_078_pol_pro_Ran_ado_2025_16_Colorado2025.czi,Ran_ado,546.77,15344.0,13551.0,29,30,100.53,0.96,20251031_078_pol_pro_Ran_ado_2025_16_Colorado2025_x014848_y013312
Unknown_Sample,20251031_078_pol_pro_Ran_ado_2025_16_Colorado2025.czi,Ran_ado,544.46,15073.0,13904.0,30,30,101.36,0.959,20251031_078_pol_pro_Ran_ado_2025_16_Colorado2025_x014848_y013312
Unknown_Sample,20251031_078_pol_pro_Ran_ado_2025_16_Colorado2025.czi,Ran_ado,231.64,15441.0,13318.0,34,13,79.46,0.939,20251031_078_pol_pro_Ran_ado_2025_16_Colorado2025_x014848_y013312
Unknown_Sample,20251031_078_pol_pro_Ran_ado_2025_16_Colorado2025.czi,Ran_ado,238.95,15441.0,13318.0,34,14,80.87,0.94,20251031_078_pol_pro_Ran_ado_2025_16_Colorado2025_x015360_y013312
Unknown_Sample,20251031_078_pol_pro_Ran_ado_2025_16_Colorado2025.czi,Ran_ado,469.04,16489.0,13336.0,26,29,92.53,0.952,20251031_078_pol_pro_Ran_ado_2025_16_Colorado2025_x015872_y013312
Unknown_Sample,20251031_078_pol_pro_Ran_ado_2025_16_Colorado2025.czi,Ran_ado,577.17,16417.0,13844.0,32,30,103.6,0.949,20251031_078_pol_pro_Ran_ado_2025_16_Colorado2025_x015872_y013312
Unknown_Sample,20251031_078_pol_pro_Ran_ado_2025_16_Colorado2025.czi,Ran_ado,567.16,16424.0,13813.0,31,31,102.43,0.943,20251031_078_pol_pro_Ran_ado_2025_16_Colorado2025_x015872_y013312
Unknown_Sample,20251031_078_pol_pro_Ran_ado_2025_16_Colorado2025.czi,Ran_ado,589.09,16830.0,13451.0,32,30,103.01,0.962,20251031_078_pol_pro_Ran_ado_2025_16_Colorado2025_x016384_y013312
Unknown_Sample,20251031_078_pol_pro_Ran_ado_2025_16_Colorado2025.czi,Ran_ado,604.1,16806.0,13760.0,33,30,105.6,0.961,20251031_078_pol_pro_Ran_ado_2025_16_Colorado2025_x016384_y013312
Unknown_Sample,20251031_078_pol_pro_Ran_ado_2025_16_Colorado2025.czi,Ran_ado,467.5,16489.0,13336.0,26,29,92.53,0.952,20251031_078_pol_pro_Ran_ado_2025_16_Colorado2025_x016384_y013312
Unknown_Sample,20251031_078_pol_pro_Ran_ado_2025_16_Colorado2025.czi,Ran_ado,577.17,16417.0,13844.0,32,30,103.6,0.949,20251031_078_pol_pro_Ran_ado_2025_16_Colorado2025_x016384_y013312
Unknown_Sample,20251031_078_pol_pro_Ran_ado_2025_16_Colorado2025.czi,Ran_ado,567.93,16424.0,13813.0,31,31,102.43,0.943,20251031_078_pol_pro_Ran_ado_2025_16_Colorado2025_x016384_y013312
Unknown_Sample,20251031_078_pol_pro_Ran_ado_2025_16_Colorado2025.czi,Ran_ado,685.67,17174.0,13723.0,33,33,111.6,0.959,20251031_078_pol_pro_Ran_ado_2025_16_Colorado2025_x016896_y013312
Unknown_Sample,20251031_078_pol_pro_Ran_ado_2025_16_Colorado2025.czi,Ran_ado,619.49,17444.0,13323.0,41,25,115.11,0.798,20251031_078_pol_pro_Ran_ado_2025_16_Colorado2025_x016896_y013312
Unknown_Sample,20251031_078_pol_pro_Ran_ado_2025_16_Colorado2025.czi,Ran_ado,259.34,17450.0,13564.0,22,19,70.97,0.605,20251031_078_pol_pro_Ran_ado_2025_16_Colorado2025_x016896_y013312
Unknown_Sample,20251031_078_pol_pro_Ran_ado_2025_16_Colorado2025.czi,Ran_ado,614.1,17444.0,13323.0,41,25,115.11,0.868,20251031_078_pol_pro_Ran_ado_2025_16_Colorado2025_x017408_y013312
Unknown_Sample,20251031_078_pol_pro_Ran_ado_2025_16_Colorado2025.czi,Ran_ado,270.5,17450.0,13564.0,22,20,72.38,0.791,20251031_078_pol_pro_Ran_ado_2025_16_Colorado2025_x017408_y013312
Unknown_Sample,20251031_078_pol_pro_Ran_ado_2025_16_Colorado2025.czi,Ran_ado,933.85,1852.0,13947.0,38,40,131.5,0.952,20251031_078_pol_pro_Ran_ado_2025_16_Colorado2025_x001536_y013824
Unknown_Sample,20251031_078_pol_pro_Ran_ado_2025_16_Colorado2025.czi,Ran_ado,847.28,2696.0,14108.0,37,38,123.74,0.956,20251031_078_pol_pro_Ran_ado_2025_16_Colorado2025_x002560_y013824
Unknown_Sample,20251031_078_pol_pro_Ran_ado_2025_16_Colorado2025.czi,Ran_ado,825.35,3689.0,14003.0,36,38,123.5,0.952,20251031_078_pol_pro_Ran_ado_2025_16_Colorado2025_x003072_y013824
Unknown_Sample,20251031_078_pol_pro_Ran_ado_2025_16_Colorado2025.czi,Ran_ado,681.82,3307.0,14156.0,33,36,111.74,0.937,20251031_078_pol_pro_Ran_ado_2025_16_Colorado2025_x003072_y013824
Unknown_Sample,20251031_078_pol_pro_Ran_ado_2025_16_Colorado2025.czi,Ran_ado,784.17,3337.0,14141.0,39,36,122.57,0.926,20251031_078_pol_pro_Ran_ado_2025_16_Colorado2025_x003072_y013824
Unknown_Sample,20251031_078_pol_pro_Ran_ado_2025_16_Colorado2025.czi,Ran_ado,824.19,3689.0,14003.0,36,38,122.91,0.954,20251031_078_pol_pro_Ran_ado_2025_16_Colorado2025_x003584_y013824
Unknown_Sample,20251031_078_pol_pro_Ran_ado_2025_16_Colorado2025.czi,Ran_ado,985.03,3867.0,14236.0,40,42,136.23,0.936,20251031_078_pol_pro_Ran_ado_2025_16_Colorado2025_x003584_y013824
Unknown_Sample,20251031_078_pol_pro_Ran_ado_2025_16_Colorado2025.czi,Ran_ado,791.49,3904.0,14180.0,36,37,120.33,0.936,20251031_078_pol_pro_Ran_ado_2025_16_Colorado2025_x003584_y013824
Unknown_Sample,20251031_078_pol_pro_Ran_ado_2025_16_Colorado2025.czi,Ran_ado,951.17,4355.0,14004.0,39,41,131.4,0.959,20251031_078_pol_pro_Ran_ado_2025_16_Colorado2025_x004096_y013824
Unknown_Sample,20251031_078_pol_pro_Ran_ado_2025_16_Colorado2025.czi,Ran_ado,750.31,4926.0,14172.0,35,36,118.08,0.956,20251031_078_pol_pro_Ran_ado_2025_16_Colorado2025_x004608_y013824
Unknown_Sample,20251031_078_pol_pro_Ran_ado_2025_16_Colorado2025.czi,Ran_ado,905.38,4854.0,14145.0,39,40,127.64,0.954,20251031_078_pol_pro_Ran_ado_2025_16_Colorado2025_x004608_y013824
Unknown_Sample,20251031_078_pol_pro_Ran_ado_2025_16_Colorado2025.czi,Ran_ado,649.89,5568.0,13981.0,33,33,109.84,0.954,20251031_078_pol_pro_Ran_ado_2025_16_Colorado2025_x005120_y013824
Unknown_Sample,20251031_078_pol_pro_Ran_ado_2025_16_Colorado2025.czi,Ran_ado,793.79,6026.0,14320.0,35,37,119.5,0.961,20251031_078_pol_pro_Ran_ado_2025_16_Colorado2025_x005632_y013824
Unknown_Sample,20251031_078_pol_pro_Ran_ado_2025_16_Colorado2025.czi,Ran_ado,901.53,6222.0,14393.0,38,41,127.64,0.959,20251031_078_pol_pro_Ran_ado_2025_16_Colorado2025_x005632_y013824
Unknown_Sample,20251031_078_pol_pro_Ran_ado_2025_16_Colorado2025.czi,Ran_ado,996.19,5946.0,14432.0,40,41,136.33,0.957,20251031_078_pol_pro_Ran_ado_2025_16_Colorado2025_x005632_y013824
Unknown_Sample,20251031_078_pol_pro_Ran_ado_2025_16_Colorado2025.czi,Ran_ado,903.07,6222.0,14393.0,38,41,127.64,0.959,20251031_078_pol_pro_Ran_ado_2025_16_Colorado2025_x006144_y013824
Unknown_Sample,20251031_078_pol_pro_Ran_ado_2025_16_Colorado2025.czi,Ran_ado,860.36,7252.0,14287.0,38,38,124.57,0.954,20251031_078_pol_pro_Ran_ado_2025_16_Colorado2025_x006656_y013824
Unknown_Sample,20251031_078_pol_pro_Ran_ado_2025_16_Colorado2025.czi,Ran_ado,861.13,7252.0,14287.0,38,38,124.57,0.954,20251031_078_pol_pro_Ran_ado_2025_16_Colorado2025_x007168_y013824
Unknown_Sample,20251031_078_pol_pro_Ran_ado_2025_16_Colorado2025.czi,Ran_ado,701.06,8000.0,14099.0,33,34,112.43,0.959,20251031_078_pol_pro_Ran_ado_2025_16_Colorado2025_x007680_y013824
Unknown_Sample,20251031_078_pol_pro_Ran_ado_2025_16_Colorado2025.czi,Ran_ado,794.56,9212.0,14395.0,36,36,120.67,0.957,20251031_078_pol_pro_Ran_ado_2025_16_Colorado2025_x008704_y013824
Unknown_Sample,20251031_078_pol_pro_Ran_ado_2025_16_Colorado2025.czi,Ran_ado,268.19,9222.0,14396.0,14,35,85.21,0.943,20251031_078_pol_pro_Ran_ado_2025_16_Colorado2025_x009216_y013824
Unknown_Sample,20251031_078_pol_pro_Ran_ado_2025_16_Colorado2025.czi,Ran_ado,554.46,9694.0,14451.0,34,25,105.21,0.931,20251031_078_pol_pro_Ran_ado_2025_16_Colorado2025_x009216_y013824
Unknown_Sample,20251031_078_pol_pro_Ran_ado_2025_16_Colorado2025.czi,Ran_ado,760.32,9893.0,14099.0,35,35,118.43,0.952,20251031_078_pol_pro_Ran_ado_2025_16_Colorado2025_x009728_y013824
Unknown_Sample,20251031_078_pol_pro_Ran_ado_2025_16_Colorado2025.czi,Ran_ado,779.56,11127.0,14169.0,36,36,120.08,0.955,20251031_078_pol_pro_Ran_ado_2025_16_Colorado2025_x010752_y013824
Unknown_Sample,20251031_078_pol_pro_Ran_ado_2025_16_Colorado2025.czi,Ran_ado,749.16,11495.0,14267.0,36,35,117.5,0.964,20251031_078_pol_pro_Ran_ado_2025_16_Colorado2025_x011264_y013824
Unknown_Sample,20251031_078_pol_pro_Ran_ado_2025_16_Colorado2025.czi,Ran_ado,646.42,13660.0,14275.0,34,32,109.25,0.963,20251031_078_pol_pro_Ran_ado_2025_16_Colorado2025_x013312_y013824
Unknown_Sample,20251031_078_pol_pro_Ran_ado_2025_16_Colorado2025.czi,Ran_ado,630.65,14564.0,14251.0,33,31,108.18,0.964,20251031_078_pol_pro_Ran_ado_2025_16_Colorado2025_x014336_y013824
Unknown_Sample,20251031_078_pol_pro_Ran_ado_2025_16_Colorado2025.czi,Ran_ado,556.39,15073.0,13904.0,30,31,102.77,0.959,20251031_078_pol_pro_Ran_ado_2025_16_Colorado2025_x014848_y013824
Unknown_Sample,20251031_078_pol_pro_Ran_ado_2025_16_Colorado2025.czi,Ran_ado,578.32,16417.0,13844.0,33,30,103.84,0.933,20251031_078_pol_pro_Ran_ado_2025_16_Colorado2025_x015872_y013824
Unknown_Sample,20251031_078_pol_pro_Ran_ado_2025_16_Colorado2025.czi,Ran_ado,558.31,16614.0,13989.0,30,32,103.01,0.961,20251031_078_pol_pro_Ran_ado_2025_16_Colorado2025_x016384_y013824
Unknown_Sample,20251031_078_pol_pro_Ran_ado_2025_16_Colorado2025.czi,Ran_ado,578.32,16417.0,13844.0,33,30,103.84,0.934,20251031_078_pol_pro_Ran_ado_2025_16_Colorado2025_x016384_y013824
Unknown_Sample,20251031_078_pol_pro_Ran_ado_2025_16_Colorado2025.czi,Ran_ado,1131.63,1805.0,14515.0,44,43,143.64,0.955,20251031_078_pol_pro_Ran_ado_2025_16_Colorado2025_x001536_y014336
Unknown_Sample,20251031_078_pol_pro_Ran_ado_2025_16_Colorado2025.czi,Ran_ado,1154.33,3425.0,14605.0,44,44,143.88,0.96,20251031_078_pol_pro_Ran_ado_2025_16_Colorado2025_x003072_y014336
Unknown_Sample,20251031_078_pol_pro_Ran_ado_2025_16_Colorado2025.czi,Ran_ado,750.7,3744.0,14597.0,35,36,117.5,0.958,20251031_078_pol_pro_Ran_ado_2025_16_Colorado2025_x003584_y014336
Unknown_Sample,20251031_078_pol_pro_Ran_ado_2025_16_Colorado2025.czi,Ran_ado,727.23,4823.0,14801.0,34,35,114.08,0.965,20251031_078_pol_pro_Ran_ado_2025_16_Colorado2025_x004608_y014336
Unknown_Sample,20251031_078_pol_pro_Ran_ado_2025_16_Colorado2025.czi,Ran_ado,364.77,5752.0,14811.0,16,39,95.46,0.895,20251031_078_pol_pro_Ran_ado_2025_16_Colorado2025_x005120_y014336
Unknown_Sample,20251031_078_pol_pro_Ran_ado_2025_16_Colorado2025.czi,Ran_ado,814.57,6133.0,14524.0,36,37,120.33,0.959,20251031_078_pol_pro_Ran_ado_2025_16_Colorado2025_x005632_y014336
Unknown_Sample,20251031_078_pol_pro_Ran_ado_2025_16_Colorado2025.czi,Ran_ado,901.53,6222.0,14393.0,38,41,127.64,0.958,20251031_078_pol_pro_Ran_ado_2025_16_Colorado2025_x005632_y014336
Unknown_Sample,20251031_078_pol_pro_Ran_ado_2025_16_Colorado2025.czi,Ran_ado,994.65,5946.0,14432.0,40,41,136.33,0.957,20251031_078_pol_pro_Ran_ado_2025_16_Colorado2025_x005632_y014336
Unknown_Sample,20251031_078_pol_pro_Ran_ado_2025_16_Colorado2025.czi,Ran_ado,946.94,6204.0,14660.0,39,41,131.98,0.956,20251031_078_pol_pro_Ran_ado_2025_16_Colorado2025_x005632_y014336
Unknown_Sample,20251031_078_pol_pro_Ran_ado_2025_16_Colorado2025.czi,Ran_ado,946.55,5762.0,14813.0,40,42,135.4,0.949,20251031_078_pol_pro_Ran_ado_2025_16_Colorado2025_x005632_y014336
Unknown_Sample,20251031_078_pol_pro_Ran_ado_2025_16_Colorado2025.czi,Ran_ado,998.88,6562.0,14719.0,40,42,135.4,0.962,20251031_078_pol_pro_Ran_ado_2025_16_Colorado2025_x006144_y014336
Unknown_Sample,20251031_078_pol_pro_Ran_ado_2025_16_Colorado2025.czi,Ran_ado,903.07,6222.0,14393.0,38,41,127.64,0.958,20251031_078_pol_pro_Ran_ado_2025_16_Colorado2025_x006144_y014336
Unknown_Sample,20251031_078_pol_pro_Ran_ado_2025_16_Colorado2025.czi,Ran_ado,946.94,6204.0,14660.0,39,41,131.98,0.956,20251031_078_pol_pro_Ran_ado_2025_16_Colorado2025_x006144_y014336
Unknown_Sample,20251031_078_pol_pro_Ran_ado_2025_16_Colorado2025.czi,Ran_ado,744.93,9249.0,14913.0,35,35,117.25,0.959,20251031_078_pol_pro_Ran_ado_2025_16_Colorado2025_x008704_y014336
Unknown_Sample,20251031_078_pol_pro_Ran_ado_2025_16_Colorado2025.czi,Ran_ado,793.41,9212.0,14395.0,36,36,120.08,0.957,20251031_078_pol_pro_Ran_ado_2025_16_Colorado2025_x008704_y014336
Unknown_Sample,20251031_078_pol_pro_Ran_ado_2025_16_Colorado2025.czi,Ran_ado,690.67,9430.0,14859.0,33,34,113.01,0.962,20251031_078_pol_pro_Ran_ado_2025_16_Colorado2025_x009216_y014336
Unknown_Sample,20251031_078_pol_pro_Ran_ado_2025_16_Colorado2025.czi,Ran_ado,690.67,9694.0,14454.0,34,34,112.67,0.959,20251031_078_pol_pro_Ran_ado_2025_16_Colorado2025_x009216_y014336
Unknown_Sample,20251031_078_pol_pro_Ran_ado_2025_16_Colorado2025.czi,Ran_ado,744.16,9249.0,14913.0,35,35,117.25,0.959,20251031_078_pol_pro_Ran_ado_2025_16_Colorado2025_x009216_y014336
Unknown_Sample,20251031_078_pol_pro_Ran_ado_2025_16_Colorado2025.czi,Ran_ado,722.61,9625.0,14846.0,34,35,115.25,0.954,20251031_078_pol_pro_Ran_ado_2025_16_Colorado2025_x009216_y014336
Unknown_Sample,20251031_078_pol_pro_Ran_ado_2025_16_Colorado2025.czi,Ran_ado,268.19,9222.0,14396.0,14,35,85.21,0.943,20251031_078_pol_pro_Ran_ado_2025_16_Colorado2025_x009216_y014336
Unknown_Sample,20251031_078_pol_pro_Ran_ado_2025_16_Colorado2025.czi,Ran_ado,548.31,16918.0,14884.0,30,30,101.36,0.593,20251031_078_pol_pro_Ran_ado_2025_16_Colorado2025_x016384_y014336
Unknown_Sample,20251031_078_pol_pro_Ran_ado_2025_16_Colorado2025.czi,Ran_ado,537.15,16918.0,14883.0,30,29,99.94,0.667,20251031_078_pol_pro_Ran_ado_2025_16_Colorado2025_x016896_y014336
Unknown_Sample,20251031_078_pol_pro_Ran_ado_2025_16_Colorado2025.czi,Ran_ado,873.06,2445.0,15310.0,38,39,127.15,0.955,20251031_078_pol_pro_Ran_ado_2025_16_Colorado2025_x002048_y014848
Unknown_Sample,20251031_078_pol_pro_Ran_ado_2025_16_Colorado2025.czi,Ran_ado,1234.36,2563.0,15219.0,45,45,149.05,0.939,20251031_078_pol_pro_Ran_ado_2025_16_Colorado2025_x002048_y014848
Unknown_Sample,20251031_078_pol_pro_Ran_ado_2025_16_Colorado2025.czi,Ran_ado,925.39,3220.0,15047.0,38,40,129.15,0.956,20251031_078_pol_pro_Ran_ado_2025_16_Colorado2025_x003072_y014848
Unknown_Sample,20251031_078_pol_pro_Ran_ado_2025_16_Colorado2025.czi,Ran_ado,853.43,6538.0,15250.0,36,39,123.74,0.956,20251031_078_pol_pro_Ran_ado_2025_16_Colorado2025_x006144_y014848
Unknown_Sample,20251031_078_pol_pro_Ran_ado_2025_16_Colorado2025.czi,Ran_ado,744.93,9249.0,14913.0,35,35,117.25,0.959,20251031_078_pol_pro_Ran_ado_2025_16_Colorado2025_x008704_y014848
Unknown_Sample,20251031_078_pol_pro_Ran_ado_2025_16_Colorado2025.czi,Ran_ado,612.18,9430.0,14861.0,33,29,108.87,0.966,20251031_078_pol_pro_Ran_ado_2025_16_Colorado2025_x009216_y014848
Unknown_Sample,20251031_078_pol_pro_Ran_ado_2025_16_Colorado2025.czi,Ran_ado,744.93,9249.0,14913.0,35,35,117.25,0.959,20251031_078_pol_pro_Ran_ado_2025_16_Colorado2025_x009216_y014848
Unknown_Sample,20251031_078_pol_pro_Ran_ado_2025_16_Colorado2025.czi,Ran_ado,285.5,9626.0,14855.0,34,16,85.46,0.916,20251031_078_pol_pro_Ran_ado_2025_16_Colorado2025_x009216_y014848
Unknown_Sample,20251031_078_pol_pro_Ran_ado_2025_16_Colorado2025.czi,Ran_ado,765.71,10739.0,15367.0,35,36,119.25,0.956,20251031_078_pol_pro_Ran_ado_2025_16_Colorado2025_x010240_y014848
Unknown_Sample,20251031_078_pol_pro_Ran_ado_2025_16_Colorado2025.czi,Ran_ado,800.34,11180.0,15267.0,36,37,120.91,0.907,20251031_078_pol_pro_Ran_ado_2025_16_Colorado2025_x010752_y014848
Unknown_Sample,20251031_078_pol_pro_Ran_ado_2025_16_Colorado2025.czi,Ran_ado,827.27,11667.0,15220.0,37,38,122.57,0.956,20251031_078_pol_pro_Ran_ado_2025_16_Colorado2025_x011264_y014848
Unknown_Sample,20251031_078_pol_pro_Ran_ado_2025_16_Colorado2025.czi,Ran_ado,622.95,11883.0,15261.0,33,33,108.67,0.953,20251031_078_pol_pro_Ran_ado_2025_16_Colorado2025_x011264_y014848
Unknown_Sample,20251031_078_pol_pro_Ran_ado_2025_16_Colorado2025.czi,Ran_ado,617.57,11883.0,15261.0,33,33,108.67,0.957,20251031_078_pol_pro_Ran_ado_2025_16_Colorado2025_x011776_y014848
Unknown_Sample,20251031_078_pol_pro_Ran_ado_2025_16_Colorado2025.czi,Ran_ado,808.42,12859.0,15293.0,37,36,121.5,0.957,20251031_078_pol_pro_Ran_ado_2025_16_Colorado2025_x012288_y014848
Unknown_Sample,20251031_078_pol_pro_Ran_ado_2025_16_Colorado2025.czi,Ran_ado,809.19,12859.0,15293.0,37,36,121.5,0.957,20251031_078_pol_pro_Ran_ado_2025_16_Colorado2025_x012800_y014848
Unknown_Sample,20251031_078_pol_pro_Ran_ado_2025_16_Colorado2025.czi,Ran_ado,689.52,13570.0,15073.0,35,33,112.08,0.958,20251031_078_pol_pro_Ran_ado_2025_16_Colorado2025_x013312_y014848
Unknown_Sample,20251031_078_pol_pro_Ran_ado_2025_16_Colorado2025.czi,Ran_ado,536.38,16918.0,14883.0,30,29,99.94,0.732,20251031_078_pol_pro_Ran_ado_2025_16_Colorado2025_x016896_y014848
Unknown_Sample,20251031_078_pol_pro_Ran_ado_2025_16_Colorado2025.czi,Ran_ado,925.39,1946.0,15659.0,39,39,130.33,0.949,20251031_078_pol_pro_Ran_ado_2025_16_Colorado2025_x001536_y015360
Unknown_Sample,20251031_078_pol_pro_Ran_ado_2025_16_Colorado2025.czi,Ran_ado,976.18,3247.0,15688.0,39,42,133.98,0.963,20251031_078_pol_pro_Ran_ado_2025_16_Colorado2025_x003072_y015360
Unknown_Sample,20251031_078_pol_pro_Ran_ado_2025_16_Colorado2025.czi,Ran_ado,702.99,3623.0,15574.0,34,34,113.84,0.962,20251031_078_pol_pro_Ran_ado_2025_16_Colorado2025_x003072_y015360
Unknown_Sample,20251031_078_pol_pro_Ran_ado_2025_16_Colorado2025.czi,Ran_ado,702.99,3623.0,15574.0,34,34,113.84,0.962,20251031_078_pol_pro_Ran_ado_2025_16_Colorado2025_x003584_y015360
Unknown_Sample,20251031_078_pol_pro_Ran_ado_2025_16_Colorado2025.czi,Ran_ado,702.6,5943.0,15985.0,36,30,117.46,0.934,20251031_078_pol_pro_Ran_ado_2025_16_Colorado2025_x005632_y015360
Unknown_Sample,20251031_078_pol_pro_Ran_ado_2025_16_Colorado2025.czi,Ran_ado,850.36,7259.0,15791.0,37,39,123.4,0.959,20251031_078_pol_pro_Ran_ado_2025_16_Colorado2025_x006656_y015360
Unknown_Sample,20251031_078_pol_pro_Ran_ado_2025_16_Colorado2025.czi,Ran_ado,1150.1,6945.0,15962.0,43,45,150.33,0.907,20251031_078_pol_pro_Ran_ado_2025_16_Colorado2025_x006656_y015360
Unknown_Sample,20251031_078_pol_pro_Ran_ado_2025_16_Colorado2025.czi,Ran_ado,811.88,7365.0,15673.0,36,38,121.74,0.962,20251031_078_pol_pro_Ran_ado_2025_16_Colorado2025_x007168_y015360
Unknown_Sample,20251031_078_pol_pro_Ran_ado_2025_16_Colorado2025.czi,Ran_ado,849.2,7259.0,15791.0,37,39,122.81,0.959,20251031_078_pol_pro_Ran_ado_2025_16_Colorado2025_x007168_y015360
Unknown_Sample,20251031_078_pol_pro_Ran_ado_2025_16_Colorado2025.czi,Ran_ado,638.34,7463.0,15877.0,32,33,109.01,0.957,20251031_078_pol_pro_Ran_ado_2025_16_Colorado2025_x007168_y015360
Unknown_Sample,20251031_078_pol_pro_Ran_ado_2025_16_Colorado2025.czi,Ran_ado,653.35,7475.0,15702.0,32,34,109.25,0.956,20251031_078_pol_pro_Ran_ado_2025_16_Colorado2025_x007168_y015360
Unknown_Sample,20251031_078_pol_pro_Ran_ado_2025_16_Colorado2025.czi,Ran_ado,729.15,7731.0,15978.0,35,35,115.5,0.954,20251031_078_pol_pro_Ran_ado_2025_16_Colorado2025_x007168_y015360
Unknown_Sample,20251031_078_pol_pro_Ran_ado_2025_16_Colorado2025.czi,Ran_ado,730.69,7731.0,15978.0,35,35,115.5,0.953,20251031_078_pol_pro_Ran_ado_2025_16_Colorado2025_x007680_y015360
Unknown_Sample,20251031_078_pol_pro_Ran_ado_2025_16_Colorado2025.czi,Ran_ado,911.92,8534.0,15838.0,39,40,129.4,0.956,20251031_078_pol_pro_Ran_ado_2025_16_Colorado2025_x008192_y015360
Unknown_Sample,20251031_078_pol_pro_Ran_ado_2025_16_Colorado2025.czi,Ran_ado,950.4,9195.0,15819.0,40,40,131.4,0.96,20251031_078_pol_pro_Ran_ado_2025_16_Colorado2025_x008704_y015360
Unknown_Sample,20251031_078_pol_pro_Ran_ado_2025_16_Colorado2025.czi,Ran_ado,829.58,10095.0,15553.0,36,37,123.25,0.963,20251031_078_pol_pro_Ran_ado_2025_16_Colorado2025_x009728_y015360
Unknown_Sample,20251031_078_pol_pro_Ran_ado_2025_16_Colorado2025.czi,Ran_ado,548.69,10739.0,15371.0,35,25,106.63,0.953,20251031_078_pol_pro_Ran_ado_2025_16_Colorado2025_x010240_y015360
Unknown_Sample,20251031_078_pol_pro_Ran_ado_2025_16_Colorado2025.czi,Ran_ado,513.29,10976.0,15819.0,33,26,97.6,0.955,20251031_078_pol_pro_Ran_ado_2025_16_Colorado2025_x010752_y015360
Unknown_Sample,20251031_078_pol_pro_Ran_ado_2025_16_Colorado2025.czi,Ran_ado,602.56,11504.0,15757.0,32,30,104.77,0.958,20251031_078_pol_pro_Ran_ado_2025_16_Colorado2025_x011264_y015360
Unknown_Sample,20251031_078_pol_pro_Ran_ado_2025_16_Colorado2025.czi,Ran_ado,829.58,4037.0,16392.0,37,38,122.57,0.959,20251031_078_pol_pro_Ran_ado_2025_16_Colorado2025_x003584_y015872
Unknown_Sample,20251031_078_pol_pro_Ran_ado_2025_16_Colorado2025.czi,Ran_ado,1074.3,4247.0,16202.0,44,41,140.23,0.954,20251031_078_pol_pro_Ran_ado_2025_16_Colorado2025_x004096_y015872
Unknown_Sample,20251031_078_pol_pro_Ran_ado_2025_16_Colorado2025.czi,Ran_ado,1068.52,5212.0,16378.0,44,41,140.81,0.953,20251031_078_pol_pro_Ran_ado_2025_16_Colorado2025_x004608_y015872
Unknown_Sample,20251031_078_pol_pro_Ran_ado_2025_16_Colorado2025.czi,Ran_ado,922.69,5008.0,16298.0,38,41,130.57,0.951,20251031_078_pol_pro_Ran_ado_2025_16_Colorado2025_x004608_y015872
Unknown_Sample,20251031_078_pol_pro_Ran_ado_2025_16_Colorado2025.czi,Ran_ado,1069.68,5212.0,16378.0,44,41,141.4,0.953,20251031_078_pol_pro_Ran_ado_2025_16_Colorado2025_x005120_y015872
Unknown_Sample,20251031_078_pol_pro_Ran_ado_2025_16_Colorado2025.czi,Ran_ado,845.74,5943.0,15988.0,36,39,124.91,0.956,20251031_078_pol_pro_Ran_ado_2025_16_Colorado2025_x005632_y015872
Unknown_Sample,20251031_078_pol_pro_Ran_ado_2025_16_Colorado2025.czi,Ran_ado,931.16,6907.0,16111.0,39,39,130.91,0.957,20251031_078_pol_pro_Ran_ado_2025_16_Colorado2025_x006656_y015872
Unknown_Sample,20251031_078_pol_pro_Ran_ado_2025_16_Colorado2025.czi,Ran_ado,821.5,6819.0,16182.0,37,36,122.67,0.954,20251031_078_pol_pro_Ran_ado_2025_16_Colorado2025_x006656_y015872
Unknown_Sample,20251031_078_pol_pro_Ran_ado_2025_16_Colorado2025.czi,Ran_ado,1152.02,6945.0,15962.0,43,45,149.74,0.916,20251031_078_pol_pro_Ran_ado_2025_16_Colorado2025_x006656_y015872
Unknown_Sample,20251031_078_pol_pro_Ran_ado_2025_16_Colorado2025.czi,Ran_ado,434.41,7463.0,15882.0,32,22,95.21,0.957,20251031_078_pol_pro_Ran_ado_2025_16_Colorado2025_x007168_y015872
Unknown_Sample,20251031_078_pol_pro_Ran_ado_2025_16_Colorado2025.czi,Ran_ado,725.69,7731.0,15978.0,35,35,116.08,0.957,20251031_078_pol_pro_Ran_ado_2025_16_Colorado2025_x007168_y015872
Unknown_Sample,20251031_078_pol_pro_Ran_ado_2025_16_Colorado2025.czi,Ran_ado,725.69,7731.0,15978.0,35,35,116.08,0.957,20251031_078_pol_pro_Ran_ado_2025_16_Colorado2025_x007680_y015872
Unknown_Sample,20251031_078_pol_pro_Ran_ado_2025_16_Colorado2025.czi,Ran_ado,1009.27,8875.0,16219.0,43,40,144.33,0.718,20251031_078_pol_pro_Ran_ado_2025_16_Colorado2025_x008704_y015872
Unknown_Sample,20251031_078_pol_pro_Ran_ado_2025_16_Colorado2025.czi,Ran_ado,768.01,10856.0,16402.0,36,35,118.08,0.96,20251031_078_pol_pro_Ran_ado_2025_16_Colorado2025_x010240_y015872
Unknown_Sample,20251031_078_pol_pro_Ran_ado_2025_16_Colorado2025.czi,Ran_ado,751.08,10537.0,16132.0,35,36,116.91,0.959,20251031_078_pol_pro_Ran_ado_2025_16_Colorado2025_x010240_y015872
Unknown_Sample,20251031_078_pol_pro_Ran_ado_2025_16_Colorado2025.czi,Ran_ado,769.94,10856.0,16402.0,36,35,118.67,0.96,20251031_078_pol_pro_Ran_ado_2025_16_Colorado2025_x010752_y015872
Unknown_Sample,20251031_078_pol_pro_Ran_ado_2025_16_Colorado2025.czi,Ran_ado,99.66,14865.0,16352.0,12,14,43.9,0.706,20251031_078_pol_pro_Ran_ado_2025_16_Colorado2025_x014336_y015872
Unknown_Sample,20251031_078_pol_pro_Ran_ado_2025_16_Colorado2025.czi,Ran_ado,100.43,14865.0,16352.0,12,14,43.9,0.792,20251031_078_pol_pro_Ran_ado_2025_16_Colorado2025_x014848_y015872
Unknown_Sample,20251031_078_pol_pro_Ran_ado_2025_16_Colorado2025.czi,Ran_ado,475.58,17655.0,16375.0,29,26,95.46,0.556,20251031_078_pol_pro_Ran_ado_2025_16_Colorado2025_x017408_y015872
Unknown_Sample,20251031_078_pol_pro_Ran_ado_2025_16_Colorado2025.czi,Ran_ado,613.72,4037.0,16396.0,37,27,111.7,0.958,20251031_078_pol_pro_Ran_ado_2025_16_Colorado2025_x003584_y016384
Unknown_Sample,20251031_078_pol_pro_Ran_ado_2025_16_Colorado2025.czi,Ran_ado,954.25,5132.0,16625.0,39,41,132.57,0.955,20251031_078_pol_pro_Ran_ado_2025_16_Colorado2025_x004608_y016384
Unknown_Sample,20251031_078_pol_pro_Ran_ado_2025_16_Colorado2025.czi,Ran_ado,315.9,5212.0,16391.0,40,15,94.87,0.871,20251031_078_pol_pro_Ran_ado_2025_16_Colorado2025_x004608_y016384
Unknown_Sample,20251031_078_pol_pro_Ran_ado_2025_16_Colorado2025.czi,Ran_ado,811.88,5134.0,16625.0,32,41,125.6,0.965,20251031_078_pol_pro_Ran_ado_2025_16_Colorado2025_x005120_y016384
Unknown_Sample,20251031_078_pol_pro_Ran_ado_2025_16_Colorado2025.czi,Ran_ado,958.09,5394.0,16742.0,38,43,132.23,0.951,20251031_078_pol_pro_Ran_ado_2025_16_Colorado2025_x005120_y016384
Unknown_Sample,20251031_078_pol_pro_Ran_ado_2025_16_Colorado2025.czi,Ran_ado,315.52,5212.0,16391.0,39,15,93.46,0.846,20251031_078_pol_pro_Ran_ado_2025_16_Colorado2025_x005120_y016384
Unknown_Sample,20251031_078_pol_pro_Ran_ado_2025_16_Colorado2025.czi,Ran_ado,612.18,5833.0,16671.0,32,32,105.84,0.955,20251031_078_pol_pro_Ran_ado_2025_16_Colorado2025_x005632_y016384
Unknown_Sample,20251031_078_pol_pro_Ran_ado_2025_16_Colorado2025.czi,Ran_ado,497.9,6698.0,16833.0,29,29,96.77,0.956,20251031_078_pol_pro_Ran_ado_2025_16_Colorado2025_x006144_y016384
Unknown_Sample,20251031_078_pol_pro_Ran_ado_2025_16_Colorado2025.czi,Ran_ado,499.06,6698.0,16833.0,29,29,97.36,0.954,20251031_078_pol_pro_Ran_ado_2025_16_Colorado2025_x006656_y016384
Unknown_Sample,20251031_078_pol_pro_Ran_ado_2025_16_Colorado2025.czi,Ran_ado,851.51,7669.0,16580.0,36,39,124.33,0.954,20251031_078_pol_pro_Ran_ado_2025_16_Colorado2025_x007168_y016384
Unknown_Sample,20251031_078_pol_pro_Ran_ado_2025_16_Colorado2025.czi,Ran_ado,959.25,7554.0,16531.0,41,39,133.15,0.951,20251031_078_pol_pro_Ran_ado_2025_16_Colorado2025_x007168_y016384
Unknown_Sample,20251031_078_pol_pro_Ran_ado_2025_16_Colorado2025.czi,Ran_ado,822.27,9230.0,16921.0,36,38,123.5,0.959,20251031_078_pol_pro_Ran_ado_2025_16_Colorado2025_x008704_y016384
Unknown_Sample,20251031_078_pol_pro_Ran_ado_2025_16_Colorado2025.czi,Ran_ado,660.66,9244.0,16686.0,35,32,110.67,0.947,20251031_078_pol_pro_Ran_ado_2025_16_Colorado2025_x008704_y016384
Unknown_Sample,20251031_078_pol_pro_Ran_ado_2025_16_Colorado2025.czi,Ran_ado,773.4,9231.0,16922.0,33,38,120.43,0.963,20251031_078_pol_pro_Ran_ado_2025_16_Colorado2025_x009216_y016384
Unknown_Sample,20251031_078_pol_pro_Ran_ado_2025_16_Colorado2025.czi,Ran_ado,661.43,9244.0,16686.0,35,32,110.67,0.946,20251031_078_pol_pro_Ran_ado_2025_16_Colorado2025_x009216_y016384
Unknown_Sample,20251031_078_pol_pro_Ran_ado_2025_16_Colorado2025.czi,Ran_ado,773.79,10856.0,16402.0,36,35,119.84,0.962,20251031_078_pol_pro_Ran_ado_2025_16_Colorado2025_x010240_y016384
Unknown_Sample,20251031_078_pol_pro_Ran_ado_2025_16_Colorado2025.czi,Ran_ado,797.64,10483.0,16759.0,36,37,120.33,0.956,20251031_078_pol_pro_Ran_ado_2025_16_Colorado2025_x010240_y016384
Unknown_Sample,20251031_078_pol_pro_Ran_ado_2025_16_Colorado2025.czi,Ran_ado,775.33,10856.0,16401.0,36,35,119.84,0.963,20251031_078_pol_pro_Ran_ado_2025_16_Colorado2025_x010752_y016384
Unknown_Sample,20251031_078_pol_pro_Ran_ado_2025_16_Colorado2025.czi,Ran_ado,822.65,9230.0,16921.0,36,38,122.91,0.959,20251031_078_pol_pro_Ran_ado_2025_16_Colorado2025_x008704_y016896
Unknown_Sample,20251031_078_pol_pro_Ran_ado_2025_16_Colorado2025.czi,Ran_ado,773.4,9231.0,16922.0,33,38,120.43,0.963,20251031_078_pol_pro_Ran_ado_2025_16_Colorado2025_x009216_y016896
Unknown_Sample,20251031_078_pol_pro_Ran_ado_2025_16_Colorado2025.czi,Ran_ado,733.0,9948.0,17098.0,34,35,117.01,0.96,20251031_078_pol_pro_Ran_ado_2025_16_Colorado2025_x009728_y016896
