Sample_ID,CZI_File,Species,Area_um2,Centroid_X,Centroid_Y,Width_px,Height_px,Perimeter_px,Confidence,Tile
Unknown_Sample,20251031_073_pol_pro_Ran_ado_2025_11_Colorado2025.czi,Ran_ado,587.55,12121.0,513.0,30,32,104.18,0.926,20251031_073_pol_pro_Ran_ado_2025_11_Colorado2025_x011776_y000000
Unknown_Sample,20251031_073_pol_pro_Ran_ado_2025_11_Colorado2025.czi,Ran_ado,671.05,13649.0,552.0,34,32,110.43,0.948,20251031_073_pol_pro_Ran_ado_2025_11_Colorado2025_x013312_y000000
Unknown_Sample,20251031_073_pol_pro_Ran_ado_2025_11_Colorado2025.czi,Ran_ado,522.14,11809.0,1005.0,26,33,98.18,0.938,20251031_073_pol_pro_Ran_ado_2025_11_Colorado2025_x011264_y000512
Unknown_Sample,20251031_073_pol_pro_Ran_ado_2025_11_Colorado2025.czi,Ran_ado,535.22,11809.0,1005.0,26,33,99.36,0.926,20251031_073_pol_pro_Ran_ado_2025_11_Colorado2025_x011776_y000512
Unknown_Sample,20251031_073_pol_pro_Ran_ado_2025_11_Colorado2025.czi,Ran_ado,290.89,12121.0,520.0,29,17,79.8,0.922,20251031_073_pol_pro_Ran_ado_2025_11_Colorado2025_x011776_y000512
Unknown_Sample,20251031_073_pol_pro_Ran_ado_2025_11_Colorado2025.czi,Ran_ado,422.1,12694.0,813.0,27,26,88.53,0.939,20251031_073_pol_pro_Ran_ado_2025_11_Colorado2025_x012288_y000512
Unknown_Sample,20251031_073_pol_pro_Ran_ado_2025_11_Colorado2025.czi,Ran_ado,630.65,13065.0,880.0,30,35,107.84,0.928,20251031_073_pol_pro_Ran_ado_2025_11_Colorado2025_x012800_y000512
Unknown_Sample,20251031_073_pol_pro_Ran_ado_2025_11_Colorado2025.czi,Ran_ado,619.49,13649.0,553.0,33,31,107.6,0.956,20251031_073_pol_pro_Ran_ado_2025_11_Colorado2025_x013312_y000512
Unknown_Sample,20251031_073_pol_pro_Ran_ado_2025_11_Colorado2025.czi,Ran_ado,561.0,6429.0,1622.0,31,30,102.77,0.914,20251031_073_pol_pro_Ran_ado_2025_11_Colorado2025_x006144_y001024
Unknown_Sample,20251031_073_pol_pro_Ran_ado_2025_11_Colorado2025.czi,Ran_ado,652.58,11299.0,1212.0,31,36,110.08,0.918,20251031_073_pol_pro_Ran_ado_2025_11_Colorado2025_x010752_y001024
Unknown_Sample,20251031_073_pol_pro_Ran_ado_2025_11_Colorado2025.czi,Ran_ado,433.26,11142.0,1316.0,29,26,90.77,0.909,20251031_073_pol_pro_Ran_ado_2025_11_Colorado2025_x010752_y001024
Unknown_Sample,20251031_073_pol_pro_Ran_ado_2025_11_Colorado2025.czi,Ran_ado,655.66,11299.0,1212.0,31,36,110.08,0.911,20251031_073_pol_pro_Ran_ado_2025_11_Colorado2025_x011264_y001024
Unknown_Sample,20251031_073_pol_pro_Ran_ado_2025_11_Colorado2025.czi,Ran_ado,589.09,4667.0,2138.0,30,32,104.18,0.957,20251031_073_pol_pro_Ran_ado_2025_11_Colorado2025_x004096_y001536
Unknown_Sample,20251031_073_pol_pro_Ran_ado_2025_11_Colorado2025.czi,Ran_ado,523.68,4504.0,1791.0,27,32,98.18,0.939,20251031_073_pol_pro_Ran_ado_2025_11_Colorado2025_x004096_y001536
Unknown_Sample,20251031_073_pol_pro_Ran_ado_2025_11_Colorado2025.czi,Ran_ado,588.71,4667.0,2138.0,30,32,104.77,0.954,20251031_073_pol_pro_Ran_ado_2025_11_Colorado2025_x004608_y001536
Unknown_Sample,20251031_073_pol_pro_Ran_ado_2025_11_Colorado2025.czi,Ran_ado,530.22,4898.0,2058.0,28,32,99.6,0.944,20251031_073_pol_pro_Ran_ado_2025_11_Colorado2025_x004608_y001536
Unknown_Sample,20251031_073_pol_pro_Ran_ado_2025_11_Colorado2025.czi,Ran_ado,597.17,6300.0,2072.0,30,33,104.43,0.961,20251031_073_pol_pro_Ran_ado_2025_11_Colorado2025_x006144_y001536
Unknown_Sample,20251031_073_pol_pro_Ran_ado_2025_11_Colorado2025.czi,Ran_ado,530.99,6429.0,1621.0,30,29,99.94,0.916,20251031_073_pol_pro_Ran_ado_2025_11_Colorado2025_x006144_y001536
Unknown_Sample,20251031_073_pol_pro_Ran_ado_2025_11_Colorado2025.czi,Ran_ado,594.48,8903.0,1890.0,32,32,104.67,0.959,20251031_073_pol_pro_Ran_ado_2025_11_Colorado2025_x008704_y001536
Unknown_Sample,20251031_073_pol_pro_Ran_ado_2025_11_Colorado2025.czi,Ran_ado,475.97,11682.0,1947.0,29,28,93.01,0.957,20251031_073_pol_pro_Ran_ado_2025_11_Colorado2025_x011264_y001536
Unknown_Sample,20251031_073_pol_pro_Ran_ado_2025_11_Colorado2025.czi,Ran_ado,543.69,12183.0,1933.0,32,28,100.18,0.958,20251031_073_pol_pro_Ran_ado_2025_11_Colorado2025_x011776_y001536
Unknown_Sample,20251031_073_pol_pro_Ran_ado_2025_11_Colorado2025.czi,Ran_ado,487.13,3009.0,2449.0,28,29,94.77,0.962,20251031_073_pol_pro_Ran_ado_2025_11_Colorado2025_x002560_y002048
Unknown_Sample,20251031_073_pol_pro_Ran_ado_2025_11_Colorado2025.czi,Ran_ado,597.17,3083.0,2661.0,34,30,106.43,0.961,20251031_073_pol_pro_Ran_ado_2025_11_Colorado2025_x002560_y002048
Unknown_Sample,20251031_073_pol_pro_Ran_ado_2025_11_Colorado2025.czi,Ran_ado,536.76,2960.0,2617.0,29,30,99.36,0.959,20251031_073_pol_pro_Ran_ado_2025_11_Colorado2025_x002560_y002048
Unknown_Sample,20251031_073_pol_pro_Ran_ado_2025_11_Colorado2025.czi,Ran_ado,531.38,3085.0,2661.0,29,30,101.7,0.961,20251031_073_pol_pro_Ran_ado_2025_11_Colorado2025_x003072_y002048
Unknown_Sample,20251031_073_pol_pro_Ran_ado_2025_11_Colorado2025.czi,Ran_ado,584.09,4667.0,2138.0,30,32,103.6,0.958,20251031_073_pol_pro_Ran_ado_2025_11_Colorado2025_x004096_y002048
Unknown_Sample,20251031_073_pol_pro_Ran_ado_2025_11_Colorado2025.czi,Ran_ado,526.76,4425.0,2272.0,28,30,98.53,0.957,20251031_073_pol_pro_Ran_ado_2025_11_Colorado2025_x004096_y002048
Unknown_Sample,20251031_073_pol_pro_Ran_ado_2025_11_Colorado2025.czi,Ran_ado,584.86,4667.0,2138.0,30,32,103.6,0.954,20251031_073_pol_pro_Ran_ado_2025_11_Colorado2025_x004608_y002048
Unknown_Sample,20251031_073_pol_pro_Ran_ado_2025_11_Colorado2025.czi,Ran_ado,440.18,4898.0,2060.0,28,26,92.28,0.953,20251031_073_pol_pro_Ran_ado_2025_11_Colorado2025_x004608_y002048
Unknown_Sample,20251031_073_pol_pro_Ran_ado_2025_11_Colorado2025.czi,Ran_ado,516.76,5421.0,2532.0,30,28,98.53,0.96,20251031_073_pol_pro_Ran_ado_2025_11_Colorado2025_x005120_y002048
Unknown_Sample,20251031_073_pol_pro_Ran_ado_2025_11_Colorado2025.czi,Ran_ado,482.89,5554.0,2262.0,29,28,95.36,0.956,20251031_073_pol_pro_Ran_ado_2025_11_Colorado2025_x005120_y002048
Unknown_Sample,20251031_073_pol_pro_Ran_ado_2025_11_Colorado2025.czi,Ran_ado,485.2,6025.0,2319.0,26,31,94.18,0.956,20251031_073_pol_pro_Ran_ado_2025_11_Colorado2025_x005632_y002048
Unknown_Sample,20251031_073_pol_pro_Ran_ado_2025_11_Colorado2025.czi,Ran_ado,597.94,6300.0,2072.0,30,33,104.43,0.961,20251031_073_pol_pro_Ran_ado_2025_11_Colorado2025_x006144_y002048
Unknown_Sample,20251031_073_pol_pro_Ran_ado_2025_11_Colorado2025.czi,Ran_ado,489.82,9289.0,2197.0,27,28,94.87,0.96,20251031_073_pol_pro_Ran_ado_2025_11_Colorado2025_x008704_y002048
Unknown_Sample,20251031_073_pol_pro_Ran_ado_2025_11_Colorado2025.czi,Ran_ado,492.9,9411.0,2342.0,29,28,94.18,0.961,20251031_073_pol_pro_Ran_ado_2025_11_Colorado2025_x009216_y002048
Unknown_Sample,20251031_073_pol_pro_Ran_ado_2025_11_Colorado2025.czi,Ran_ado,489.82,9289.0,2197.0,27,28,94.87,0.96,20251031_073_pol_pro_Ran_ado_2025_11_Colorado2025_x009216_y002048
Unknown_Sample,20251031_073_pol_pro_Ran_ado_2025_11_Colorado2025.czi,Ran_ado,582.17,9906.0,2610.0,31,32,105.01,0.964,20251031_073_pol_pro_Ran_ado_2025_11_Colorado2025_x009728_y002048
Unknown_Sample,20251031_073_pol_pro_Ran_ado_2025_11_Colorado2025.czi,Ran_ado,472.51,12755.0,2466.0,28,27,93.11,0.956,20251031_073_pol_pro_Ran_ado_2025_11_Colorado2025_x012288_y002048
Unknown_Sample,20251031_073_pol_pro_Ran_ado_2025_11_Colorado2025.czi,Ran_ado,554.85,13269.0,2364.0,33,29,101.25,0.957,20251031_073_pol_pro_Ran_ado_2025_11_Colorado2025_x012800_y002048
Unknown_Sample,20251031_073_pol_pro_Ran_ado_2025_11_Colorado2025.czi,Ran_ado,471.74,16051.0,2539.0,28,28,92.77,0.949,20251031_073_pol_pro_Ran_ado_2025_11_Colorado2025_x015872_y002048
Unknown_Sample,20251031_073_pol_pro_Ran_ado_2025_11_Colorado2025.czi,Ran_ado,500.21,2599.0,2958.0,31,26,95.94,0.955,20251031_073_pol_pro_Ran_ado_2025_11_Colorado2025_x002048_y002560
Unknown_Sample,20251031_073_pol_pro_Ran_ado_2025_11_Colorado2025.czi,Ran_ado,595.25,3083.0,2661.0,34,29,106.18,0.961,20251031_073_pol_pro_Ran_ado_2025_11_Colorado2025_x002560_y002560
Unknown_Sample,20251031_073_pol_pro_Ran_ado_2025_11_Colorado2025.czi,Ran_ado,536.76,2960.0,2617.0,29,30,99.36,0.959,20251031_073_pol_pro_Ran_ado_2025_11_Colorado2025_x002560_y002560
Unknown_Sample,20251031_073_pol_pro_Ran_ado_2025_11_Colorado2025.czi,Ran_ado,500.21,2599.0,2958.0,31,26,95.94,0.955,20251031_073_pol_pro_Ran_ado_2025_11_Colorado2025_x002560_y002560
Unknown_Sample,20251031_073_pol_pro_Ran_ado_2025_11_Colorado2025.czi,Ran_ado,541.38,2791.0,2735.0,33,29,101.84,0.954,20251031_073_pol_pro_Ran_ado_2025_11_Colorado2025_x002560_y002560
Unknown_Sample,20251031_073_pol_pro_Ran_ado_2025_11_Colorado2025.czi,Ran_ado,526.76,3085.0,2661.0,29,29,100.87,0.962,20251031_073_pol_pro_Ran_ado_2025_11_Colorado2025_x003072_y002560
Unknown_Sample,20251031_073_pol_pro_Ran_ado_2025_11_Colorado2025.czi,Ran_ado,504.83,3439.0,2853.0,28,30,97.94,0.958,20251031_073_pol_pro_Ran_ado_2025_11_Colorado2025_x003072_y002560
Unknown_Sample,20251031_073_pol_pro_Ran_ado_2025_11_Colorado2025.czi,Ran_ado,675.67,4092.0,3048.0,32,36,113.25,0.963,20251031_073_pol_pro_Ran_ado_2025_11_Colorado2025_x003584_y002560
Unknown_Sample,20251031_073_pol_pro_Ran_ado_2025_11_Colorado2025.czi,Ran_ado,469.04,4698.0,2959.0,29,28,94.18,0.952,20251031_073_pol_pro_Ran_ado_2025_11_Colorado2025_x004096_y002560
Unknown_Sample,20251031_073_pol_pro_Ran_ado_2025_11_Colorado2025.czi,Ran_ado,232.02,4102.0,3047.0,13,35,82.04,0.93,20251031_073_pol_pro_Ran_ado_2025_11_Colorado2025_x004096_y002560
Unknown_Sample,20251031_073_pol_pro_Ran_ado_2025_11_Colorado2025.czi,Ran_ado,469.81,4698.0,2959.0,29,28,94.18,0.951,20251031_073_pol_pro_Ran_ado_2025_11_Colorado2025_x004608_y002560
Unknown_Sample,20251031_073_pol_pro_Ran_ado_2025_11_Colorado2025.czi,Ran_ado,556.0,8984.0,3092.0,29,32,101.01,0.96,20251031_073_pol_pro_Ran_ado_2025_11_Colorado2025_x008704_y002560
Unknown_Sample,20251031_073_pol_pro_Ran_ado_2025_11_Colorado2025.czi,Ran_ado,444.8,9201.0,2998.0,27,27,89.94,0.958,20251031_073_pol_pro_Ran_ado_2025_11_Colorado2025_x008704_y002560
Unknown_Sample,20251031_073_pol_pro_Ran_ado_2025_11_Colorado2025.czi,Ran_ado,290.51,9469.0,2899.0,19,28,80.04,0.889,20251031_073_pol_pro_Ran_ado_2025_11_Colorado2025_x009216_y002560
Unknown_Sample,20251031_073_pol_pro_Ran_ado_2025_11_Colorado2025.czi,Ran_ado,581.01,9906.0,2610.0,31,32,104.43,0.965,20251031_073_pol_pro_Ran_ado_2025_11_Colorado2025_x009728_y002560
Unknown_Sample,20251031_073_pol_pro_Ran_ado_2025_11_Colorado2025.czi,Ran_ado,507.14,9937.0,2874.0,30,28,97.94,0.957,20251031_073_pol_pro_Ran_ado_2025_11_Colorado2025_x009728_y002560
Unknown_Sample,20251031_073_pol_pro_Ran_ado_2025_11_Colorado2025.czi,Ran_ado,432.49,10376.0,3186.0,28,25,90.28,0.943,20251031_073_pol_pro_Ran_ado_2025_11_Colorado2025_x010240_y002560
Unknown_Sample,20251031_073_pol_pro_Ran_ado_2025_11_Colorado2025.czi,Ran_ado,584.09,11044.0,2775.0,35,28,104.43,0.96,20251031_073_pol_pro_Ran_ado_2025_11_Colorado2025_x010752_y002560
Unknown_Sample,20251031_073_pol_pro_Ran_ado_2025_11_Colorado2025.czi,Ran_ado,499.44,11744.0,2889.0,27,31,96.77,0.958,20251031_073_pol_pro_Ran_ado_2025_11_Colorado2025_x011264_y002560
Unknown_Sample,20251031_073_pol_pro_Ran_ado_2025_11_Colorado2025.czi,Ran_ado,521.76,12877.0,2694.0,30,29,98.77,0.956,20251031_073_pol_pro_Ran_ado_2025_11_Colorado2025_x012288_y002560
Unknown_Sample,20251031_073_pol_pro_Ran_ado_2025_11_Colorado2025.czi,Ran_ado,500.59,13332.0,2913.0,28,29,96.53,0.96,20251031_073_pol_pro_Ran_ado_2025_11_Colorado2025_x012800_y002560
Unknown_Sample,20251031_073_pol_pro_Ran_ado_2025_11_Colorado2025.czi,Ran_ado,405.55,13240.0,2998.0,26,26,88.28,0.958,20251031_073_pol_pro_Ran_ado_2025_11_Colorado2025_x012800_y002560
Unknown_Sample,20251031_073_pol_pro_Ran_ado_2025_11_Colorado2025.czi,Ran_ado,519.45,12877.0,2694.0,30,29,98.77,0.956,20251031_073_pol_pro_Ran_ado_2025_11_Colorado2025_x012800_y002560
Unknown_Sample,20251031_073_pol_pro_Ran_ado_2025_11_Colorado2025.czi,Ran_ado,571.78,13102.0,3145.0,31,31,103.6,0.956,20251031_073_pol_pro_Ran_ado_2025_11_Colorado2025_x012800_y002560
Unknown_Sample,20251031_073_pol_pro_Ran_ado_2025_11_Colorado2025.czi,Ran_ado,475.2,13180.0,3042.0,30,27,94.18,0.955,20251031_073_pol_pro_Ran_ado_2025_11_Colorado2025_x012800_y002560
Unknown_Sample,20251031_073_pol_pro_Ran_ado_2025_11_Colorado2025.czi,Ran_ado,500.59,13332.0,2913.0,28,29,96.53,0.96,20251031_073_pol_pro_Ran_ado_2025_11_Colorado2025_x013312_y002560
Unknown_Sample,20251031_073_pol_pro_Ran_ado_2025_11_Colorado2025.czi,Ran_ado,474.43,13606.0,2997.0,26,31,93.01,0.957,20251031_073_pol_pro_Ran_ado_2025_11_Colorado2025_x013312_y002560
Unknown_Sample,20251031_073_pol_pro_Ran_ado_2025_11_Colorado2025.czi,Ran_ado,528.3,13933.0,3012.0,30,28,98.53,0.954,20251031_073_pol_pro_Ran_ado_2025_11_Colorado2025_x013312_y002560
Unknown_Sample,20251031_073_pol_pro_Ran_ado_2025_11_Colorado2025.czi,Ran_ado,418.25,13610.0,2852.0,28,25,88.53,0.952,20251031_073_pol_pro_Ran_ado_2025_11_Colorado2025_x013312_y002560
Unknown_Sample,20251031_073_pol_pro_Ran_ado_2025_11_Colorado2025.czi,Ran_ado,525.22,13933.0,3012.0,30,28,98.53,0.959,20251031_073_pol_pro_Ran_ado_2025_11_Colorado2025_x013824_y002560
Unknown_Sample,20251031_073_pol_pro_Ran_ado_2025_11_Colorado2025.czi,Ran_ado,549.08,14890.0,2988.0,30,30,99.01,0.961,20251031_073_pol_pro_Ran_ado_2025_11_Colorado2025_x014336_y002560
Unknown_Sample,20251031_073_pol_pro_Ran_ado_2025_11_Colorado2025.czi,Ran_ado,549.08,14890.0,2988.0,30,30,99.01,0.961,20251031_073_pol_pro_Ran_ado_2025_11_Colorado2025_x014848_y002560
Unknown_Sample,20251031_073_pol_pro_Ran_ado_2025_11_Colorado2025.czi,Ran_ado,509.06,15615.0,3136.0,29,29,96.18,0.951,20251031_073_pol_pro_Ran_ado_2025_11_Colorado2025_x015360_y002560
Unknown_Sample,20251031_073_pol_pro_Ran_ado_2025_11_Colorado2025.czi,Ran_ado,518.29,2965.0,3295.0,30,28,98.53,0.956,20251031_073_pol_pro_Ran_ado_2025_11_Colorado2025_x002560_y003072
Unknown_Sample,20251031_073_pol_pro_Ran_ado_2025_11_Colorado2025.czi,Ran_ado,554.46,5082.0,3243.0,29,32,101.01,0.962,20251031_073_pol_pro_Ran_ado_2025_11_Colorado2025_x004608_y003072
Unknown_Sample,20251031_073_pol_pro_Ran_ado_2025_11_Colorado2025.czi,Ran_ado,67.72,5380.0,3321.0,11,10,36.83,0.884,20251031_073_pol_pro_Ran_ado_2025_11_Colorado2025_x005120_y003072
Unknown_Sample,20251031_073_pol_pro_Ran_ado_2025_11_Colorado2025.czi,Ran_ado,499.44,6877.0,3300.0,28,29,95.94,0.959,20251031_073_pol_pro_Ran_ado_2025_11_Colorado2025_x006656_y003072
Unknown_Sample,20251031_073_pol_pro_Ran_ado_2025_11_Colorado2025.czi,Ran_ado,547.92,7484.0,3299.0,33,28,101.6,0.959,20251031_073_pol_pro_Ran_ado_2025_11_Colorado2025_x007168_y003072
Unknown_Sample,20251031_073_pol_pro_Ran_ado_2025_11_Colorado2025.czi,Ran_ado,504.44,7400.0,3329.0,27,31,98.53,0.958,20251031_073_pol_pro_Ran_ado_2025_11_Colorado2025_x007168_y003072
Unknown_Sample,20251031_073_pol_pro_Ran_ado_2025_11_Colorado2025.czi,Ran_ado,308.21,7799.0,3387.0,18,29,82.38,0.913,20251031_073_pol_pro_Ran_ado_2025_11_Colorado2025_x007168_y003072
Unknown_Sample,20251031_073_pol_pro_Ran_ado_2025_11_Colorado2025.czi,Ran_ado,544.46,7804.0,3387.0,30,31,101.01,0.962,20251031_073_pol_pro_Ran_ado_2025_11_Colorado2025_x007680_y003072
Unknown_Sample,20251031_073_pol_pro_Ran_ado_2025_11_Colorado2025.czi,Ran_ado,422.87,8660.0,3529.0,29,25,88.18,0.946,20251031_073_pol_pro_Ran_ado_2025_11_Colorado2025_x008192_y003072
Unknown_Sample,20251031_073_pol_pro_Ran_ado_2025_11_Colorado2025.czi,Ran_ado,556.39,8984.0,3092.0,29,32,101.6,0.96,20251031_073_pol_pro_Ran_ado_2025_11_Colorado2025_x008704_y003072
Unknown_Sample,20251031_073_pol_pro_Ran_ado_2025_11_Colorado2025.czi,Ran_ado,558.7,9490.0,3540.0,33,28,100.43,0.957,20251031_073_pol_pro_Ran_ado_2025_11_Colorado2025_x009216_y003072
Unknown_Sample,20251031_073_pol_pro_Ran_ado_2025_11_Colorado2025.czi,Ran_ado,436.34,10376.0,3187.0,28,27,89.6,0.954,20251031_073_pol_pro_Ran_ado_2025_11_Colorado2025_x010240_y003072
Unknown_Sample,20251031_073_pol_pro_Ran_ado_2025_11_Colorado2025.czi,Ran_ado,473.28,12029.0,3457.0,29,28,95.94,0.958,20251031_073_pol_pro_Ran_ado_2025_11_Colorado2025_x011776_y003072
Unknown_Sample,20251031_073_pol_pro_Ran_ado_2025_11_Colorado2025.czi,Ran_ado,573.32,13102.0,3145.0,31,31,103.6,0.956,20251031_073_pol_pro_Ran_ado_2025_11_Colorado2025_x012800_y003072
Unknown_Sample,20251031_073_pol_pro_Ran_ado_2025_11_Colorado2025.czi,Ran_ado,492.51,13356.0,3627.0,27,30,94.77,0.956,20251031_073_pol_pro_Ran_ado_2025_11_Colorado2025_x012800_y003072
Unknown_Sample,20251031_073_pol_pro_Ran_ado_2025_11_Colorado2025.czi,Ran_ado,542.92,13689.0,3392.0,29,30,100.53,0.96,20251031_073_pol_pro_Ran_ado_2025_11_Colorado2025_x013312_y003072
Unknown_Sample,20251031_073_pol_pro_Ran_ado_2025_11_Colorado2025.czi,Ran_ado,490.59,13356.0,3627.0,27,30,95.36,0.955,20251031_073_pol_pro_Ran_ado_2025_11_Colorado2025_x013312_y003072
Unknown_Sample,20251031_073_pol_pro_Ran_ado_2025_11_Colorado2025.czi,Ran_ado,545.61,13668.0,3340.0,33,29,102.43,0.947,20251031_073_pol_pro_Ran_ado_2025_11_Colorado2025_x013312_y003072
Unknown_Sample,20251031_073_pol_pro_Ran_ado_2025_11_Colorado2025.czi,Ran_ado,497.9,13636.0,3344.0,28,29,94.77,0.943,20251031_073_pol_pro_Ran_ado_2025_11_Colorado2025_x013312_y003072
Unknown_Sample,20251031_073_pol_pro_Ran_ado_2025_11_Colorado2025.czi,Ran_ado,504.83,15416.0,3548.0,29,28,94.77,0.951,20251031_073_pol_pro_Ran_ado_2025_11_Colorado2025_x014848_y003072
Unknown_Sample,20251031_073_pol_pro_Ran_ado_2025_11_Colorado2025.czi,Ran_ado,509.06,15615.0,3136.0,29,29,96.18,0.951,20251031_073_pol_pro_Ran_ado_2025_11_Colorado2025_x015360_y003072
Unknown_Sample,20251031_073_pol_pro_Ran_ado_2025_11_Colorado2025.czi,Ran_ado,504.83,15416.0,3548.0,29,28,94.77,0.95,20251031_073_pol_pro_Ran_ado_2025_11_Colorado2025_x015360_y003072
Unknown_Sample,20251031_073_pol_pro_Ran_ado_2025_11_Colorado2025.czi,Ran_ado,647.58,2301.0,4026.0,33,33,108.67,0.965,20251031_073_pol_pro_Ran_ado_2025_11_Colorado2025_x002048_y003584
Unknown_Sample,20251031_073_pol_pro_Ran_ado_2025_11_Colorado2025.czi,Ran_ado,487.51,2508.0,4096.0,28,29,95.36,0.956,20251031_073_pol_pro_Ran_ado_2025_11_Colorado2025_x002048_y003584
Unknown_Sample,20251031_073_pol_pro_Ran_ado_2025_11_Colorado2025.czi,Ran_ado,507.52,4026.0,3954.0,30,28,98.53,0.96,20251031_073_pol_pro_Ran_ado_2025_11_Colorado2025_x003584_y003584
Unknown_Sample,20251031_073_pol_pro_Ran_ado_2025_11_Colorado2025.czi,Ran_ado,529.07,5324.0,4148.0,29,29,97.36,0.961,20251031_073_pol_pro_Ran_ado_2025_11_Colorado2025_x005120_y003584
Unknown_Sample,20251031_073_pol_pro_Ran_ado_2025_11_Colorado2025.czi,Ran_ado,307.05,6776.0,4017.0,16,32,84.97,0.898,20251031_073_pol_pro_Ran_ado_2025_11_Colorado2025_x006144_y003584
Unknown_Sample,20251031_073_pol_pro_Ran_ado_2025_11_Colorado2025.czi,Ran_ado,586.78,6782.0,4016.0,31,32,106.18,0.96,20251031_073_pol_pro_Ran_ado_2025_11_Colorado2025_x006656_y003584
Unknown_Sample,20251031_073_pol_pro_Ran_ado_2025_11_Colorado2025.czi,Ran_ado,519.06,7439.0,3798.0,31,28,98.18,0.957,20251031_073_pol_pro_Ran_ado_2025_11_Colorado2025_x007168_y003584
Unknown_Sample,20251031_073_pol_pro_Ran_ado_2025_11_Colorado2025.czi,Ran_ado,517.52,9265.0,3920.0,28,30,98.53,0.961,20251031_073_pol_pro_Ran_ado_2025_11_Colorado2025_x008704_y003584
Unknown_Sample,20251031_073_pol_pro_Ran_ado_2025_11_Colorado2025.czi,Ran_ado,477.51,8926.0,3817.0,30,27,94.18,0.956,20251031_073_pol_pro_Ran_ado_2025_11_Colorado2025_x008704_y003584
Unknown_Sample,20251031_073_pol_pro_Ran_ado_2025_11_Colorado2025.czi,Ran_ado,517.52,9265.0,3920.0,28,30,98.53,0.962,20251031_073_pol_pro_Ran_ado_2025_11_Colorado2025_x009216_y003584
Unknown_Sample,20251031_073_pol_pro_Ran_ado_2025_11_Colorado2025.czi,Ran_ado,499.82,9386.0,3802.0,31,27,97.36,0.96,20251031_073_pol_pro_Ran_ado_2025_11_Colorado2025_x009216_y003584
Unknown_Sample,20251031_073_pol_pro_Ran_ado_2025_11_Colorado2025.czi,Ran_ado,442.88,9393.0,3987.0,26,28,90.53,0.959,20251031_073_pol_pro_Ran_ado_2025_11_Colorado2025_x009216_y003584
Unknown_Sample,20251031_073_pol_pro_Ran_ado_2025_11_Colorado2025.czi,Ran_ado,513.29,9544.0,4081.0,28,29,97.11,0.959,20251031_073_pol_pro_Ran_ado_2025_11_Colorado2025_x009216_y003584
Unknown_Sample,20251031_073_pol_pro_Ran_ado_2025_11_Colorado2025.czi,Ran_ado,175.07,11131.0,4218.0,27,11,66.73,0.901,20251031_073_pol_pro_Ran_ado_2025_11_Colorado2025_x010752_y003584
Unknown_Sample,20251031_073_pol_pro_Ran_ado_2025_11_Colorado2025.czi,Ran_ado,558.31,11492.0,4126.0,31,30,102.18,0.958,20251031_073_pol_pro_Ran_ado_2025_11_Colorado2025_x011264_y003584
Unknown_Sample,20251031_073_pol_pro_Ran_ado_2025_11_Colorado2025.czi,Ran_ado,580.63,13386.0,4201.0,32,30,104.18,0.964,20251031_073_pol_pro_Ran_ado_2025_11_Colorado2025_x012800_y003584
Unknown_Sample,20251031_073_pol_pro_Ran_ado_2025_11_Colorado2025.czi,Ran_ado,412.48,13156.0,3991.0,26,26,88.28,0.96,20251031_073_pol_pro_Ran_ado_2025_11_Colorado2025_x012800_y003584
Unknown_Sample,20251031_073_pol_pro_Ran_ado_2025_11_Colorado2025.czi,Ran_ado,492.51,13356.0,3627.0,27,30,94.77,0.955,20251031_073_pol_pro_Ran_ado_2025_11_Colorado2025_x012800_y003584
Unknown_Sample,20251031_073_pol_pro_Ran_ado_2025_11_Colorado2025.czi,Ran_ado,580.63,13386.0,4201.0,32,30,104.18,0.964,20251031_073_pol_pro_Ran_ado_2025_11_Colorado2025_x013312_y003584
Unknown_Sample,20251031_073_pol_pro_Ran_ado_2025_11_Colorado2025.czi,Ran_ado,495.59,13809.0,3771.0,28,30,95.6,0.959,20251031_073_pol_pro_Ran_ado_2025_11_Colorado2025_x013312_y003584
Unknown_Sample,20251031_073_pol_pro_Ran_ado_2025_11_Colorado2025.czi,Ran_ado,490.59,13356.0,3627.0,27,30,95.36,0.954,20251031_073_pol_pro_Ran_ado_2025_11_Colorado2025_x013312_y003584
Unknown_Sample,20251031_073_pol_pro_Ran_ado_2025_11_Colorado2025.czi,Ran_ado,217.78,13945.0,4014.0,13,28,72.14,0.886,20251031_073_pol_pro_Ran_ado_2025_11_Colorado2025_x013312_y003584
Unknown_Sample,20251031_073_pol_pro_Ran_ado_2025_11_Colorado2025.czi,Ran_ado,477.51,13951.0,4015.0,28,28,94.53,0.956,20251031_073_pol_pro_Ran_ado_2025_11_Colorado2025_x013824_y003584
Unknown_Sample,20251031_073_pol_pro_Ran_ado_2025_11_Colorado2025.czi,Ran_ado,497.9,15443.0,4049.0,30,27,94.77,0.956,20251031_073_pol_pro_Ran_ado_2025_11_Colorado2025_x014848_y003584
Unknown_Sample,20251031_073_pol_pro_Ran_ado_2025_11_Colorado2025.czi,Ran_ado,497.9,15443.0,4049.0,30,27,94.77,0.956,20251031_073_pol_pro_Ran_ado_2025_11_Colorado2025_x015360_y003584
Unknown_Sample,20251031_073_pol_pro_Ran_ado_2025_11_Colorado2025.czi,Ran_ado,530.61,16198.0,3737.0,29,30,99.36,0.954,20251031_073_pol_pro_Ran_ado_2025_11_Colorado2025_x015872_y003584
Unknown_Sample,20251031_073_pol_pro_Ran_ado_2025_11_Colorado2025.czi,Ran_ado,601.02,2139.0,4583.0,33,29,105.94,0.949,20251031_073_pol_pro_Ran_ado_2025_11_Colorado2025_x001536_y004096
Unknown_Sample,20251031_073_pol_pro_Ran_ado_2025_11_Colorado2025.czi,Ran_ado,546.38,2583.0,4693.0,30,30,99.6,0.96,20251031_073_pol_pro_Ran_ado_2025_11_Colorado2025_x002048_y004096
Unknown_Sample,20251031_073_pol_pro_Ran_ado_2025_11_Colorado2025.czi,Ran_ado,583.71,2139.0,4583.0,33,29,105.36,0.957,20251031_073_pol_pro_Ran_ado_2025_11_Colorado2025_x002048_y004096
Unknown_Sample,20251031_073_pol_pro_Ran_ado_2025_11_Colorado2025.czi,Ran_ado,241.64,2508.0,4103.0,28,15,73.8,0.945,20251031_073_pol_pro_Ran_ado_2025_11_Colorado2025_x002048_y004096
Unknown_Sample,20251031_073_pol_pro_Ran_ado_2025_11_Colorado2025.czi,Ran_ado,546.0,2583.0,4693.0,30,30,101.36,0.959,20251031_073_pol_pro_Ran_ado_2025_11_Colorado2025_x002560_y004096
Unknown_Sample,20251031_073_pol_pro_Ran_ado_2025_11_Colorado2025.czi,Ran_ado,465.58,2850.0,4494.0,26,29,93.11,0.952,20251031_073_pol_pro_Ran_ado_2025_11_Colorado2025_x002560_y004096
Unknown_Sample,20251031_073_pol_pro_Ran_ado_2025_11_Colorado2025.czi,Ran_ado,529.07,5324.0,4148.0,29,29,97.36,0.961,20251031_073_pol_pro_Ran_ado_2025_11_Colorado2025_x005120_y004096
Unknown_Sample,20251031_073_pol_pro_Ran_ado_2025_11_Colorado2025.czi,Ran_ado,541.38,7123.0,4519.0,32,28,100.18,0.962,20251031_073_pol_pro_Ran_ado_2025_11_Colorado2025_x006656_y004096
Unknown_Sample,20251031_073_pol_pro_Ran_ado_2025_11_Colorado2025.czi,Ran_ado,537.92,7386.0,4605.0,29,31,99.6,0.947,20251031_073_pol_pro_Ran_ado_2025_11_Colorado2025_x007168_y004096
Unknown_Sample,20251031_073_pol_pro_Ran_ado_2025_11_Colorado2025.czi,Ran_ado,553.69,7361.0,4625.0,34,28,101.84,0.937,20251031_073_pol_pro_Ran_ado_2025_11_Colorado2025_x007168_y004096
Unknown_Sample,20251031_073_pol_pro_Ran_ado_2025_11_Colorado2025.czi,Ran_ado,538.3,8005.0,4248.0,31,29,99.01,0.959,20251031_073_pol_pro_Ran_ado_2025_11_Colorado2025_x007680_y004096
Unknown_Sample,20251031_073_pol_pro_Ran_ado_2025_11_Colorado2025.czi,Ran_ado,504.44,8110.0,4677.0,30,28,97.36,0.958,20251031_073_pol_pro_Ran_ado_2025_11_Colorado2025_x007680_y004096
Unknown_Sample,20251031_073_pol_pro_Ran_ado_2025_11_Colorado2025.czi,Ran_ado,516.37,8529.0,4357.0,29,29,96.77,0.959,20251031_073_pol_pro_Ran_ado_2025_11_Colorado2025_x008192_y004096
Unknown_Sample,20251031_073_pol_pro_Ran_ado_2025_11_Colorado2025.czi,Ran_ado,558.7,8638.0,4396.0,31,31,102.43,0.952,20251031_073_pol_pro_Ran_ado_2025_11_Colorado2025_x008192_y004096
Unknown_Sample,20251031_073_pol_pro_Ran_ado_2025_11_Colorado2025.czi,Ran_ado,559.08,9200.0,4310.0,31,30,99.84,0.959,20251031_073_pol_pro_Ran_ado_2025_11_Colorado2025_x008704_y004096
Unknown_Sample,20251031_073_pol_pro_Ran_ado_2025_11_Colorado2025.czi,Ran_ado,395.94,9466.0,4656.0,26,25,85.7,0.955,20251031_073_pol_pro_Ran_ado_2025_11_Colorado2025_x009216_y004096
Unknown_Sample,20251031_073_pol_pro_Ran_ado_2025_11_Colorado2025.czi,Ran_ado,498.67,11131.0,4226.0,29,29,96.77,0.96,20251031_073_pol_pro_Ran_ado_2025_11_Colorado2025_x010752_y004096
Unknown_Sample,20251031_073_pol_pro_Ran_ado_2025_11_Colorado2025.czi,Ran_ado,494.82,11241.0,4430.0,28,29,95.94,0.959,20251031_073_pol_pro_Ran_ado_2025_11_Colorado2025_x010752_y004096
Unknown_Sample,20251031_073_pol_pro_Ran_ado_2025_11_Colorado2025.czi,Ran_ado,127.75,11078.0,4731.0,24,10,56.97,0.872,20251031_073_pol_pro_Ran_ado_2025_11_Colorado2025_x010752_y004096
Unknown_Sample,20251031_073_pol_pro_Ran_ado_2025_11_Colorado2025.czi,Ran_ado,558.31,11492.0,4126.0,31,30,102.18,0.959,20251031_073_pol_pro_Ran_ado_2025_11_Colorado2025_x011264_y004096
Unknown_Sample,20251031_073_pol_pro_Ran_ado_2025_11_Colorado2025.czi,Ran_ado,521.76,11471.0,4377.0,30,29,97.6,0.957,20251031_073_pol_pro_Ran_ado_2025_11_Colorado2025_x011264_y004096
Unknown_Sample,20251031_073_pol_pro_Ran_ado_2025_11_Colorado2025.czi,Ran_ado,526.37,12431.0,4265.0,32,28,97.25,0.957,20251031_073_pol_pro_Ran_ado_2025_11_Colorado2025_x012288_y004096
Unknown_Sample,20251031_073_pol_pro_Ran_ado_2025_11_Colorado2025.czi,Ran_ado,576.78,13386.0,4201.0,32,29,103.36,0.963,20251031_073_pol_pro_Ran_ado_2025_11_Colorado2025_x012800_y004096
Unknown_Sample,20251031_073_pol_pro_Ran_ado_2025_11_Colorado2025.czi,Ran_ado,544.46,13401.0,4581.0,30,29,99.36,0.959,20251031_073_pol_pro_Ran_ado_2025_11_Colorado2025_x012800_y004096
Unknown_Sample,20251031_073_pol_pro_Ran_ado_2025_11_Colorado2025.czi,Ran_ado,514.83,13332.0,4272.0,29,29,96.77,0.958,20251031_073_pol_pro_Ran_ado_2025_11_Colorado2025_x012800_y004096
Unknown_Sample,20251031_073_pol_pro_Ran_ado_2025_11_Colorado2025.czi,Ran_ado,576.78,13386.0,4201.0,32,29,103.36,0.963,20251031_073_pol_pro_Ran_ado_2025_11_Colorado2025_x013312_y004096
Unknown_Sample,20251031_073_pol_pro_Ran_ado_2025_11_Colorado2025.czi,Ran_ado,544.46,13401.0,4581.0,30,29,99.36,0.959,20251031_073_pol_pro_Ran_ado_2025_11_Colorado2025_x013312_y004096
Unknown_Sample,20251031_073_pol_pro_Ran_ado_2025_11_Colorado2025.czi,Ran_ado,514.83,13332.0,4272.0,29,29,96.77,0.958,20251031_073_pol_pro_Ran_ado_2025_11_Colorado2025_x013312_y004096
Unknown_Sample,20251031_073_pol_pro_Ran_ado_2025_11_Colorado2025.czi,Ran_ado,469.43,13691.0,4245.0,28,28,93.94,0.956,20251031_073_pol_pro_Ran_ado_2025_11_Colorado2025_x013312_y004096
Unknown_Sample,20251031_073_pol_pro_Ran_ado_2025_11_Colorado2025.czi,Ran_ado,512.52,14447.0,4368.0,28,31,97.6,0.947,20251031_073_pol_pro_Ran_ado_2025_11_Colorado2025_x013824_y004096
Unknown_Sample,20251031_073_pol_pro_Ran_ado_2025_11_Colorado2025.czi,Ran_ado,511.75,14447.0,4368.0,28,31,97.6,0.951,20251031_073_pol_pro_Ran_ado_2025_11_Colorado2025_x014336_y004096
Unknown_Sample,20251031_073_pol_pro_Ran_ado_2025_11_Colorado2025.czi,Ran_ado,556.0,16324.0,4442.0,30,30,100.18,0.957,20251031_073_pol_pro_Ran_ado_2025_11_Colorado2025_x015872_y004096
Unknown_Sample,20251031_073_pol_pro_Ran_ado_2025_11_Colorado2025.czi,Ran_ado,543.3,2583.0,4693.0,30,30,99.6,0.96,20251031_073_pol_pro_Ran_ado_2025_11_Colorado2025_x002048_y004608
Unknown_Sample,20251031_073_pol_pro_Ran_ado_2025_11_Colorado2025.czi,Ran_ado,536.38,2374.0,4907.0,31,29,99.6,0.959,20251031_073_pol_pro_Ran_ado_2025_11_Colorado2025_x002048_y004608
Unknown_Sample,20251031_073_pol_pro_Ran_ado_2025_11_Colorado2025.czi,Ran_ado,489.44,2937.0,5132.0,27,30,94.77,0.96,20251031_073_pol_pro_Ran_ado_2025_11_Colorado2025_x002560_y004608
Unknown_Sample,20251031_073_pol_pro_Ran_ado_2025_11_Colorado2025.czi,Ran_ado,546.0,2583.0,4693.0,30,30,101.36,0.96,20251031_073_pol_pro_Ran_ado_2025_11_Colorado2025_x002560_y004608
Unknown_Sample,20251031_073_pol_pro_Ran_ado_2025_11_Colorado2025.czi,Ran_ado,500.21,3864.0,4986.0,30,26,95.11,0.958,20251031_073_pol_pro_Ran_ado_2025_11_Colorado2025_x003584_y004608
Unknown_Sample,20251031_073_pol_pro_Ran_ado_2025_11_Colorado2025.czi,Ran_ado,547.15,5540.0,4909.0,30,31,100.43,0.96,20251031_073_pol_pro_Ran_ado_2025_11_Colorado2025_x005120_y004608
Unknown_Sample,20251031_073_pol_pro_Ran_ado_2025_11_Colorado2025.czi,Ran_ado,478.28,5983.0,4815.0,32,25,94.18,0.958,20251031_073_pol_pro_Ran_ado_2025_11_Colorado2025_x005632_y004608
Unknown_Sample,20251031_073_pol_pro_Ran_ado_2025_11_Colorado2025.czi,Ran_ado,496.36,7147.0,5034.0,27,30,97.11,0.957,20251031_073_pol_pro_Ran_ado_2025_11_Colorado2025_x006656_y004608
Unknown_Sample,20251031_073_pol_pro_Ran_ado_2025_11_Colorado2025.czi,Ran_ado,536.76,7361.0,4625.0,33,28,101.01,0.924,20251031_073_pol_pro_Ran_ado_2025_11_Colorado2025_x007168_y004608
Unknown_Sample,20251031_073_pol_pro_Ran_ado_2025_11_Colorado2025.czi,Ran_ado,208.93,7385.0,4614.0,30,13,73.21,0.902,20251031_073_pol_pro_Ran_ado_2025_11_Colorado2025_x007168_y004608
Unknown_Sample,20251031_073_pol_pro_Ran_ado_2025_11_Colorado2025.czi,Ran_ado,504.44,8110.0,4677.0,30,28,97.36,0.959,20251031_073_pol_pro_Ran_ado_2025_11_Colorado2025_x007680_y004608
Unknown_Sample,20251031_073_pol_pro_Ran_ado_2025_11_Colorado2025.czi,Ran_ado,460.96,8187.0,4770.0,27,28,91.94,0.956,20251031_073_pol_pro_Ran_ado_2025_11_Colorado2025_x007680_y004608
Unknown_Sample,20251031_073_pol_pro_Ran_ado_2025_11_Colorado2025.czi,Ran_ado,579.47,7921.0,5177.0,30,33,104.43,0.955,20251031_073_pol_pro_Ran_ado_2025_11_Colorado2025_x007680_y004608
Unknown_Sample,20251031_073_pol_pro_Ran_ado_2025_11_Colorado2025.czi,Ran_ado,461.73,8873.0,4758.0,28,27,93.11,0.96,20251031_073_pol_pro_Ran_ado_2025_11_Colorado2025_x008704_y004608
Unknown_Sample,20251031_073_pol_pro_Ran_ado_2025_11_Colorado2025.czi,Ran_ado,507.52,9176.0,4805.0,30,28,96.18,0.96,20251031_073_pol_pro_Ran_ado_2025_11_Colorado2025_x008704_y004608
Unknown_Sample,20251031_073_pol_pro_Ran_ado_2025_11_Colorado2025.czi,Ran_ado,395.94,9466.0,4656.0,26,25,85.7,0.956,20251031_073_pol_pro_Ran_ado_2025_11_Colorado2025_x009216_y004608
Unknown_Sample,20251031_073_pol_pro_Ran_ado_2025_11_Colorado2025.czi,Ran_ado,611.41,10259.0,4868.0,35,30,107.84,0.96,20251031_073_pol_pro_Ran_ado_2025_11_Colorado2025_x009728_y004608
Unknown_Sample,20251031_073_pol_pro_Ran_ado_2025_11_Colorado2025.czi,Ran_ado,613.33,10259.0,4868.0,35,30,108.43,0.959,20251031_073_pol_pro_Ran_ado_2025_11_Colorado2025_x010240_y004608
Unknown_Sample,20251031_073_pol_pro_Ran_ado_2025_11_Colorado2025.czi,Ran_ado,525.22,11078.0,4741.0,28,32,99.01,0.955,20251031_073_pol_pro_Ran_ado_2025_11_Colorado2025_x010752_y004608
Unknown_Sample,20251031_073_pol_pro_Ran_ado_2025_11_Colorado2025.czi,Ran_ado,500.59,12758.0,4924.0,30,28,96.18,0.959,20251031_073_pol_pro_Ran_ado_2025_11_Colorado2025_x012288_y004608
Unknown_Sample,20251031_073_pol_pro_Ran_ado_2025_11_Colorado2025.czi,Ran_ado,492.13,12475.0,5013.0,28,30,93.84,0.959,20251031_073_pol_pro_Ran_ado_2025_11_Colorado2025_x012288_y004608
Unknown_Sample,20251031_073_pol_pro_Ran_ado_2025_11_Colorado2025.czi,Ran_ado,610.26,13257.0,5032.0,34,30,106.43,0.957,20251031_073_pol_pro_Ran_ado_2025_11_Colorado2025_x012800_y004608
Unknown_Sample,20251031_073_pol_pro_Ran_ado_2025_11_Colorado2025.czi,Ran_ado,544.46,14700.0,4884.0,28,31,101.7,0.959,20251031_073_pol_pro_Ran_ado_2025_11_Colorado2025_x014336_y004608
Unknown_Sample,20251031_073_pol_pro_Ran_ado_2025_11_Colorado2025.czi,Ran_ado,454.81,2938.0,5133.0,27,27,92.28,0.962,20251031_073_pol_pro_Ran_ado_2025_11_Colorado2025_x002560_y005120
Unknown_Sample,20251031_073_pol_pro_Ran_ado_2025_11_Colorado2025.czi,Ran_ado,573.7,7650.0,5657.0,31,30,103.36,0.962,20251031_073_pol_pro_Ran_ado_2025_11_Colorado2025_x007168_y005120
Unknown_Sample,20251031_073_pol_pro_Ran_ado_2025_11_Colorado2025.czi,Ran_ado,462.89,8209.0,5608.0,27,28,92.53,0.958,20251031_073_pol_pro_Ran_ado_2025_11_Colorado2025_x007680_y005120
Unknown_Sample,20251031_073_pol_pro_Ran_ado_2025_11_Colorado2025.czi,Ran_ado,579.47,7921.0,5177.0,30,33,104.43,0.955,20251031_073_pol_pro_Ran_ado_2025_11_Colorado2025_x007680_y005120
Unknown_Sample,20251031_073_pol_pro_Ran_ado_2025_11_Colorado2025.czi,Ran_ado,604.87,8636.0,5600.0,34,29,106.77,0.958,20251031_073_pol_pro_Ran_ado_2025_11_Colorado2025_x008192_y005120
Unknown_Sample,20251031_073_pol_pro_Ran_ado_2025_11_Colorado2025.czi,Ran_ado,464.04,8209.0,5608.0,27,28,93.11,0.955,20251031_073_pol_pro_Ran_ado_2025_11_Colorado2025_x008192_y005120
Unknown_Sample,20251031_073_pol_pro_Ran_ado_2025_11_Colorado2025.czi,Ran_ado,511.37,8796.0,5405.0,29,30,98.18,0.947,20251031_073_pol_pro_Ran_ado_2025_11_Colorado2025_x008192_y005120
Unknown_Sample,20251031_073_pol_pro_Ran_ado_2025_11_Colorado2025.czi,Ran_ado,512.14,8796.0,5405.0,29,30,98.18,0.948,20251031_073_pol_pro_Ran_ado_2025_11_Colorado2025_x008704_y005120
Unknown_Sample,20251031_073_pol_pro_Ran_ado_2025_11_Colorado2025.czi,Ran_ado,513.29,9411.0,5725.0,28,29,97.11,0.957,20251031_073_pol_pro_Ran_ado_2025_11_Colorado2025_x009216_y005120
Unknown_Sample,20251031_073_pol_pro_Ran_ado_2025_11_Colorado2025.czi,Ran_ado,539.84,10316.0,5622.0,29,31,100.18,0.958,20251031_073_pol_pro_Ran_ado_2025_11_Colorado2025_x009728_y005120
Unknown_Sample,20251031_073_pol_pro_Ran_ado_2025_11_Colorado2025.czi,Ran_ado,540.61,10316.0,5622.0,29,31,100.18,0.957,20251031_073_pol_pro_Ran_ado_2025_11_Colorado2025_x010240_y005120
Unknown_Sample,20251031_073_pol_pro_Ran_ado_2025_11_Colorado2025.czi,Ran_ado,522.14,13273.0,5257.0,32,27,98.18,0.958,20251031_073_pol_pro_Ran_ado_2025_11_Colorado2025_x012800_y005120
Unknown_Sample,20251031_073_pol_pro_Ran_ado_2025_11_Colorado2025.czi,Ran_ado,500.21,13627.0,5377.0,28,29,95.94,0.958,20251031_073_pol_pro_Ran_ado_2025_11_Colorado2025_x013312_y005120
Unknown_Sample,20251031_073_pol_pro_Ran_ado_2025_11_Colorado2025.czi,Ran_ado,568.7,14378.0,5640.0,31,30,101.6,0.954,20251031_073_pol_pro_Ran_ado_2025_11_Colorado2025_x013824_y005120
Unknown_Sample,20251031_073_pol_pro_Ran_ado_2025_11_Colorado2025.czi,Ran_ado,568.7,14378.0,5640.0,31,30,101.6,0.954,20251031_073_pol_pro_Ran_ado_2025_11_Colorado2025_x014336_y005120
Unknown_Sample,20251031_073_pol_pro_Ran_ado_2025_11_Colorado2025.czi,Ran_ado,467.5,14830.0,5604.0,28,27,93.7,0.951,20251031_073_pol_pro_Ran_ado_2025_11_Colorado2025_x014336_y005120
Unknown_Sample,20251031_073_pol_pro_Ran_ado_2025_11_Colorado2025.czi,Ran_ado,539.84,15173.0,5436.0,30,30,101.36,0.954,20251031_073_pol_pro_Ran_ado_2025_11_Colorado2025_x014848_y005120
Unknown_Sample,20251031_073_pol_pro_Ran_ado_2025_11_Colorado2025.czi,Ran_ado,588.71,15470.0,5527.0,31,31,104.77,0.951,20251031_073_pol_pro_Ran_ado_2025_11_Colorado2025_x014848_y005120
Unknown_Sample,20251031_073_pol_pro_Ran_ado_2025_11_Colorado2025.czi,Ran_ado,588.71,15470.0,5528.0,31,31,104.77,0.959,20251031_073_pol_pro_Ran_ado_2025_11_Colorado2025_x015360_y005120
Unknown_Sample,20251031_073_pol_pro_Ran_ado_2025_11_Colorado2025.czi,Ran_ado,568.32,16965.0,5406.0,31,30,102.18,0.952,20251031_073_pol_pro_Ran_ado_2025_11_Colorado2025_x016384_y005120
Unknown_Sample,20251031_073_pol_pro_Ran_ado_2025_11_Colorado2025.czi,Ran_ado,568.32,16965.0,5406.0,31,30,102.18,0.951,20251031_073_pol_pro_Ran_ado_2025_11_Colorado2025_x016896_y005120
Unknown_Sample,20251031_073_pol_pro_Ran_ado_2025_11_Colorado2025.czi,Ran_ado,445.19,2882.0,5855.0,28,27,91.36,0.955,20251031_073_pol_pro_Ran_ado_2025_11_Colorado2025_x002560_y005632
Unknown_Sample,20251031_073_pol_pro_Ran_ado_2025_11_Colorado2025.czi,Ran_ado,365.92,4277.0,6140.0,26,23,82.87,0.949,20251031_073_pol_pro_Ran_ado_2025_11_Colorado2025_x004096_y005632
Unknown_Sample,20251031_073_pol_pro_Ran_ado_2025_11_Colorado2025.czi,Ran_ado,480.97,5070.0,6120.0,27,29,93.94,0.959,20251031_073_pol_pro_Ran_ado_2025_11_Colorado2025_x004608_y005632
Unknown_Sample,20251031_073_pol_pro_Ran_ado_2025_11_Colorado2025.czi,Ran_ado,450.19,6063.0,6258.0,27,27,92.28,0.946,20251031_073_pol_pro_Ran_ado_2025_11_Colorado2025_x005632_y005632
Unknown_Sample,20251031_073_pol_pro_Ran_ado_2025_11_Colorado2025.czi,Ran_ado,500.21,6546.0,6111.0,29,28,95.94,0.959,20251031_073_pol_pro_Ran_ado_2025_11_Colorado2025_x006144_y005632
Unknown_Sample,20251031_073_pol_pro_Ran_ado_2025_11_Colorado2025.czi,Ran_ado,527.14,6695.0,5970.0,29,30,98.77,0.956,20251031_073_pol_pro_Ran_ado_2025_11_Colorado2025_x006144_y005632
Unknown_Sample,20251031_073_pol_pro_Ran_ado_2025_11_Colorado2025.czi,Ran_ado,528.68,6695.0,5970.0,29,30,98.77,0.956,20251031_073_pol_pro_Ran_ado_2025_11_Colorado2025_x006656_y005632
Unknown_Sample,20251031_073_pol_pro_Ran_ado_2025_11_Colorado2025.czi,Ran_ado,573.7,7650.0,5657.0,31,30,103.36,0.962,20251031_073_pol_pro_Ran_ado_2025_11_Colorado2025_x007168_y005632
Unknown_Sample,20251031_073_pol_pro_Ran_ado_2025_11_Colorado2025.czi,Ran_ado,569.47,8222.0,5961.0,32,29,102.77,0.961,20251031_073_pol_pro_Ran_ado_2025_11_Colorado2025_x007680_y005632
Unknown_Sample,20251031_073_pol_pro_Ran_ado_2025_11_Colorado2025.czi,Ran_ado,569.47,8222.0,5961.0,32,29,102.77,0.961,20251031_073_pol_pro_Ran_ado_2025_11_Colorado2025_x008192_y005632
Unknown_Sample,20251031_073_pol_pro_Ran_ado_2025_11_Colorado2025.czi,Ran_ado,467.5,9034.0,6036.0,29,28,93.01,0.958,20251031_073_pol_pro_Ran_ado_2025_11_Colorado2025_x008704_y005632
Unknown_Sample,20251031_073_pol_pro_Ran_ado_2025_11_Colorado2025.czi,Ran_ado,512.52,9411.0,5725.0,28,29,97.11,0.957,20251031_073_pol_pro_Ran_ado_2025_11_Colorado2025_x009216_y005632
Unknown_Sample,20251031_073_pol_pro_Ran_ado_2025_11_Colorado2025.czi,Ran_ado,320.13,11683.0,6153.0,23,23,78.63,0.935,20251031_073_pol_pro_Ran_ado_2025_11_Colorado2025_x011264_y005632
Unknown_Sample,20251031_073_pol_pro_Ran_ado_2025_11_Colorado2025.czi,Ran_ado,571.78,12730.0,6139.0,30,31,102.77,0.911,20251031_073_pol_pro_Ran_ado_2025_11_Colorado2025_x012288_y005632
Unknown_Sample,20251031_073_pol_pro_Ran_ado_2025_11_Colorado2025.czi,Ran_ado,93.5,12979.0,6126.0,14,11,43.07,0.868,20251031_073_pol_pro_Ran_ado_2025_11_Colorado2025_x012800_y005632
Unknown_Sample,20251031_073_pol_pro_Ran_ado_2025_11_Colorado2025.czi,Ran_ado,450.19,14378.0,5643.0,31,23,94.63,0.953,20251031_073_pol_pro_Ran_ado_2025_11_Colorado2025_x013824_y005632
Unknown_Sample,20251031_073_pol_pro_Ran_ado_2025_11_Colorado2025.czi,Ran_ado,584.86,14890.0,6141.0,32,31,104.43,0.961,20251031_073_pol_pro_Ran_ado_2025_11_Colorado2025_x014336_y005632
Unknown_Sample,20251031_073_pol_pro_Ran_ado_2025_11_Colorado2025.czi,Ran_ado,450.19,14378.0,5643.0,31,23,94.63,0.953,20251031_073_pol_pro_Ran_ado_2025_11_Colorado2025_x014336_y005632
Unknown_Sample,20251031_073_pol_pro_Ran_ado_2025_11_Colorado2025.czi,Ran_ado,584.86,14890.0,6141.0,32,31,104.43,0.96,20251031_073_pol_pro_Ran_ado_2025_11_Colorado2025_x014848_y005632
Unknown_Sample,20251031_073_pol_pro_Ran_ado_2025_11_Colorado2025.czi,Ran_ado,594.86,15311.0,6066.0,32,31,103.25,0.959,20251031_073_pol_pro_Ran_ado_2025_11_Colorado2025_x014848_y005632
Unknown_Sample,20251031_073_pol_pro_Ran_ado_2025_11_Colorado2025.czi,Ran_ado,569.85,15925.0,6036.0,29,32,102.18,0.958,20251031_073_pol_pro_Ran_ado_2025_11_Colorado2025_x015360_y005632
Unknown_Sample,20251031_073_pol_pro_Ran_ado_2025_11_Colorado2025.czi,Ran_ado,569.85,15925.0,6036.0,29,32,102.18,0.959,20251031_073_pol_pro_Ran_ado_2025_11_Colorado2025_x015872_y005632
Unknown_Sample,20251031_073_pol_pro_Ran_ado_2025_11_Colorado2025.czi,Ran_ado,502.52,3905.0,6584.0,27,31,97.94,0.957,20251031_073_pol_pro_Ran_ado_2025_11_Colorado2025_x003584_y006144
Unknown_Sample,20251031_073_pol_pro_Ran_ado_2025_11_Colorado2025.czi,Ran_ado,518.68,5356.0,6367.0,31,28,97.6,0.962,20251031_073_pol_pro_Ran_ado_2025_11_Colorado2025_x005120_y006144
Unknown_Sample,20251031_073_pol_pro_Ran_ado_2025_11_Colorado2025.czi,Ran_ado,457.5,6063.0,6258.0,27,29,92.18,0.959,20251031_073_pol_pro_Ran_ado_2025_11_Colorado2025_x005632_y006144
Unknown_Sample,20251031_073_pol_pro_Ran_ado_2025_11_Colorado2025.czi,Ran_ado,483.66,6391.0,6606.0,29,28,94.18,0.959,20251031_073_pol_pro_Ran_ado_2025_11_Colorado2025_x006144_y006144
Unknown_Sample,20251031_073_pol_pro_Ran_ado_2025_11_Colorado2025.czi,Ran_ado,445.96,6493.0,6535.0,26,29,90.18,0.955,20251031_073_pol_pro_Ran_ado_2025_11_Colorado2025_x006144_y006144
Unknown_Sample,20251031_073_pol_pro_Ran_ado_2025_11_Colorado2025.czi,Ran_ado,531.38,7487.0,6541.0,30,29,98.18,0.958,20251031_073_pol_pro_Ran_ado_2025_11_Colorado2025_x007168_y006144
Unknown_Sample,20251031_073_pol_pro_Ran_ado_2025_11_Colorado2025.czi,Ran_ado,533.3,7709.0,6539.0,31,28,99.94,0.958,20251031_073_pol_pro_Ran_ado_2025_11_Colorado2025_x007168_y006144
Unknown_Sample,20251031_073_pol_pro_Ran_ado_2025_11_Colorado2025.czi,Ran_ado,534.07,7709.0,6539.0,31,28,99.94,0.957,20251031_073_pol_pro_Ran_ado_2025_11_Colorado2025_x007680_y006144
Unknown_Sample,20251031_073_pol_pro_Ran_ado_2025_11_Colorado2025.czi,Ran_ado,517.91,8403.0,6309.0,28,31,98.77,0.96,20251031_073_pol_pro_Ran_ado_2025_11_Colorado2025_x008192_y006144
Unknown_Sample,20251031_073_pol_pro_Ran_ado_2025_11_Colorado2025.czi,Ran_ado,541.38,8594.0,6729.0,32,29,99.84,0.957,20251031_073_pol_pro_Ran_ado_2025_11_Colorado2025_x008192_y006144
Unknown_Sample,20251031_073_pol_pro_Ran_ado_2025_11_Colorado2025.czi,Ran_ado,435.57,8353.0,6726.0,26,28,89.94,0.954,20251031_073_pol_pro_Ran_ado_2025_11_Colorado2025_x008192_y006144
Unknown_Sample,20251031_073_pol_pro_Ran_ado_2025_11_Colorado2025.czi,Ran_ado,540.23,8928.0,6639.0,30,30,100.77,0.957,20251031_073_pol_pro_Ran_ado_2025_11_Colorado2025_x008704_y006144
Unknown_Sample,20251031_073_pol_pro_Ran_ado_2025_11_Colorado2025.czi,Ran_ado,534.84,9074.0,6336.0,29,30,99.94,0.954,20251031_073_pol_pro_Ran_ado_2025_11_Colorado2025_x008704_y006144
Unknown_Sample,20251031_073_pol_pro_Ran_ado_2025_11_Colorado2025.czi,Ran_ado,528.68,9326.0,6358.0,32,28,100.77,0.952,20251031_073_pol_pro_Ran_ado_2025_11_Colorado2025_x008704_y006144
Unknown_Sample,20251031_073_pol_pro_Ran_ado_2025_11_Colorado2025.czi,Ran_ado,530.61,9326.0,6358.0,32,28,100.18,0.952,20251031_073_pol_pro_Ran_ado_2025_11_Colorado2025_x009216_y006144
Unknown_Sample,20251031_073_pol_pro_Ran_ado_2025_11_Colorado2025.czi,Ran_ado,622.18,9643.0,6431.0,33,31,108.18,0.925,20251031_073_pol_pro_Ran_ado_2025_11_Colorado2025_x009216_y006144
Unknown_Sample,20251031_073_pol_pro_Ran_ado_2025_11_Colorado2025.czi,Ran_ado,540.23,9996.0,6448.0,29,31,99.6,0.959,20251031_073_pol_pro_Ran_ado_2025_11_Colorado2025_x009728_y006144
Unknown_Sample,20251031_073_pol_pro_Ran_ado_2025_11_Colorado2025.czi,Ran_ado,198.54,11039.0,6777.0,28,12,70.14,0.886,20251031_073_pol_pro_Ran_ado_2025_11_Colorado2025_x010752_y006144
Unknown_Sample,20251031_073_pol_pro_Ran_ado_2025_11_Colorado2025.czi,Ran_ado,283.2,11682.0,6154.0,22,21,74.97,0.945,20251031_073_pol_pro_Ran_ado_2025_11_Colorado2025_x011264_y006144
Unknown_Sample,20251031_073_pol_pro_Ran_ado_2025_11_Colorado2025.czi,Ran_ado,534.84,13393.0,6561.0,28,31,98.77,0.957,20251031_073_pol_pro_Ran_ado_2025_11_Colorado2025_x012800_y006144
Unknown_Sample,20251031_073_pol_pro_Ran_ado_2025_11_Colorado2025.czi,Ran_ado,534.84,13393.0,6561.0,28,31,98.77,0.956,20251031_073_pol_pro_Ran_ado_2025_11_Colorado2025_x013312_y006144
Unknown_Sample,20251031_073_pol_pro_Ran_ado_2025_11_Colorado2025.czi,Ran_ado,467.5,14148.0,6476.0,29,27,92.18,0.951,20251031_073_pol_pro_Ran_ado_2025_11_Colorado2025_x013824_y006144
Unknown_Sample,20251031_073_pol_pro_Ran_ado_2025_11_Colorado2025.czi,Ran_ado,394.4,14269.0,6683.0,30,23,87.36,0.947,20251031_073_pol_pro_Ran_ado_2025_11_Colorado2025_x013824_y006144
Unknown_Sample,20251031_073_pol_pro_Ran_ado_2025_11_Colorado2025.czi,Ran_ado,194.31,14892.0,6150.0,31,13,74.04,0.941,20251031_073_pol_pro_Ran_ado_2025_11_Colorado2025_x014336_y006144
Unknown_Sample,20251031_073_pol_pro_Ran_ado_2025_11_Colorado2025.czi,Ran_ado,194.31,14892.0,6150.0,31,13,74.04,0.94,20251031_073_pol_pro_Ran_ado_2025_11_Colorado2025_x014848_y006144
Unknown_Sample,20251031_073_pol_pro_Ran_ado_2025_11_Colorado2025.czi,Ran_ado,484.43,4637.0,7064.0,30,27,95.36,0.96,20251031_073_pol_pro_Ran_ado_2025_11_Colorado2025_x004096_y006656
Unknown_Sample,20251031_073_pol_pro_Ran_ado_2025_11_Colorado2025.czi,Ran_ado,359.0,4298.0,6791.0,24,25,81.7,0.94,20251031_073_pol_pro_Ran_ado_2025_11_Colorado2025_x004096_y006656
Unknown_Sample,20251031_073_pol_pro_Ran_ado_2025_11_Colorado2025.czi,Ran_ado,305.13,4727.0,7191.0,16,30,81.56,0.906,20251031_073_pol_pro_Ran_ado_2025_11_Colorado2025_x004096_y006656
Unknown_Sample,20251031_073_pol_pro_Ran_ado_2025_11_Colorado2025.czi,Ran_ado,484.43,4637.0,7064.0,30,27,95.36,0.96,20251031_073_pol_pro_Ran_ado_2025_11_Colorado2025_x004608_y006656
Unknown_Sample,20251031_073_pol_pro_Ran_ado_2025_11_Colorado2025.czi,Ran_ado,488.67,4732.0,7191.0,27,30,95.94,0.959,20251031_073_pol_pro_Ran_ado_2025_11_Colorado2025_x004608_y006656
Unknown_Sample,20251031_073_pol_pro_Ran_ado_2025_11_Colorado2025.czi,Ran_ado,455.96,5676.0,6922.0,30,25,92.53,0.954,20251031_073_pol_pro_Ran_ado_2025_11_Colorado2025_x005120_y006656
Unknown_Sample,20251031_073_pol_pro_Ran_ado_2025_11_Colorado2025.czi,Ran_ado,455.19,5676.0,6922.0,30,25,92.53,0.953,20251031_073_pol_pro_Ran_ado_2025_11_Colorado2025_x005632_y006656
Unknown_Sample,20251031_073_pol_pro_Ran_ado_2025_11_Colorado2025.czi,Ran_ado,495.98,6715.0,6853.0,27,29,95.7,0.962,20251031_073_pol_pro_Ran_ado_2025_11_Colorado2025_x006144_y006656
Unknown_Sample,20251031_073_pol_pro_Ran_ado_2025_11_Colorado2025.czi,Ran_ado,508.67,6715.0,6853.0,28,29,97.11,0.961,20251031_073_pol_pro_Ran_ado_2025_11_Colorado2025_x006656_y006656
Unknown_Sample,20251031_073_pol_pro_Ran_ado_2025_11_Colorado2025.czi,Ran_ado,155.83,6836.0,7291.0,30,10,69.56,0.859,20251031_073_pol_pro_Ran_ado_2025_11_Colorado2025_x006656_y006656
Unknown_Sample,20251031_073_pol_pro_Ran_ado_2025_11_Colorado2025.czi,Ran_ado,255.49,7799.0,6895.0,17,25,74.14,0.914,20251031_073_pol_pro_Ran_ado_2025_11_Colorado2025_x007168_y006656
Unknown_Sample,20251031_073_pol_pro_Ran_ado_2025_11_Colorado2025.czi,Ran_ado,624.11,8120.0,6946.0,33,33,108.08,0.959,20251031_073_pol_pro_Ran_ado_2025_11_Colorado2025_x007680_y006656
Unknown_Sample,20251031_073_pol_pro_Ran_ado_2025_11_Colorado2025.czi,Ran_ado,610.64,8300.0,7142.0,32,32,105.84,0.958,20251031_073_pol_pro_Ran_ado_2025_11_Colorado2025_x007680_y006656
Unknown_Sample,20251031_073_pol_pro_Ran_ado_2025_11_Colorado2025.czi,Ran_ado,405.55,7803.0,6895.0,28,25,87.94,0.955,20251031_073_pol_pro_Ran_ado_2025_11_Colorado2025_x007680_y006656
Unknown_Sample,20251031_073_pol_pro_Ran_ado_2025_11_Colorado2025.czi,Ran_ado,525.22,8081.0,7279.0,28,31,100.53,0.954,20251031_073_pol_pro_Ran_ado_2025_11_Colorado2025_x007680_y006656
Unknown_Sample,20251031_073_pol_pro_Ran_ado_2025_11_Colorado2025.czi,Ran_ado,612.18,8300.0,7142.0,32,32,107.01,0.962,20251031_073_pol_pro_Ran_ado_2025_11_Colorado2025_x008192_y006656
Unknown_Sample,20251031_073_pol_pro_Ran_ado_2025_11_Colorado2025.czi,Ran_ado,543.3,8594.0,6729.0,32,29,100.43,0.956,20251031_073_pol_pro_Ran_ado_2025_11_Colorado2025_x008192_y006656
Unknown_Sample,20251031_073_pol_pro_Ran_ado_2025_11_Colorado2025.czi,Ran_ado,435.57,8353.0,6726.0,26,28,89.94,0.954,20251031_073_pol_pro_Ran_ado_2025_11_Colorado2025_x008192_y006656
Unknown_Sample,20251031_073_pol_pro_Ran_ado_2025_11_Colorado2025.czi,Ran_ado,562.54,9356.0,6974.0,30,30,103.94,0.939,20251031_073_pol_pro_Ran_ado_2025_11_Colorado2025_x009216_y006656
Unknown_Sample,20251031_073_pol_pro_Ran_ado_2025_11_Colorado2025.czi,Ran_ado,526.37,10397.0,6833.0,31,29,99.6,0.957,20251031_073_pol_pro_Ran_ado_2025_11_Colorado2025_x010240_y006656
Unknown_Sample,20251031_073_pol_pro_Ran_ado_2025_11_Colorado2025.czi,Ran_ado,559.47,11368.0,7049.0,31,31,102.43,0.958,20251031_073_pol_pro_Ran_ado_2025_11_Colorado2025_x010752_y006656
Unknown_Sample,20251031_073_pol_pro_Ran_ado_2025_11_Colorado2025.czi,Ran_ado,494.44,11038.0,6785.0,29,28,95.36,0.956,20251031_073_pol_pro_Ran_ado_2025_11_Colorado2025_x010752_y006656
Unknown_Sample,20251031_073_pol_pro_Ran_ado_2025_11_Colorado2025.czi,Ran_ado,534.84,10945.0,6851.0,28,31,98.77,0.933,20251031_073_pol_pro_Ran_ado_2025_11_Colorado2025_x010752_y006656
Unknown_Sample,20251031_073_pol_pro_Ran_ado_2025_11_Colorado2025.czi,Ran_ado,550.23,10925.0,6876.0,30,30,101.94,0.931,20251031_073_pol_pro_Ran_ado_2025_11_Colorado2025_x010752_y006656
Unknown_Sample,20251031_073_pol_pro_Ran_ado_2025_11_Colorado2025.czi,Ran_ado,561.39,11368.0,7049.0,32,31,103.84,0.959,20251031_073_pol_pro_Ran_ado_2025_11_Colorado2025_x011264_y006656
Unknown_Sample,20251031_073_pol_pro_Ran_ado_2025_11_Colorado2025.czi,Ran_ado,504.44,11802.0,6791.0,29,31,96.67,0.953,20251031_073_pol_pro_Ran_ado_2025_11_Colorado2025_x011264_y006656
Unknown_Sample,20251031_073_pol_pro_Ran_ado_2025_11_Colorado2025.czi,Ran_ado,773.79,11583.0,6921.0,35,37,123.01,0.908,20251031_073_pol_pro_Ran_ado_2025_11_Colorado2025_x011264_y006656
Unknown_Sample,20251031_073_pol_pro_Ran_ado_2025_11_Colorado2025.czi,Ran_ado,514.06,12336.0,6841.0,28,30,97.94,0.957,20251031_073_pol_pro_Ran_ado_2025_11_Colorado2025_x011776_y006656
Unknown_Sample,20251031_073_pol_pro_Ran_ado_2025_11_Colorado2025.czi,Ran_ado,504.44,11802.0,6791.0,29,31,96.67,0.952,20251031_073_pol_pro_Ran_ado_2025_11_Colorado2025_x011776_y006656
Unknown_Sample,20251031_073_pol_pro_Ran_ado_2025_11_Colorado2025.czi,Ran_ado,569.47,12458.0,7177.0,32,29,102.77,0.963,20251031_073_pol_pro_Ran_ado_2025_11_Colorado2025_x012288_y006656
Unknown_Sample,20251031_073_pol_pro_Ran_ado_2025_11_Colorado2025.czi,Ran_ado,551.39,12901.0,7205.0,29,33,101.84,0.959,20251031_073_pol_pro_Ran_ado_2025_11_Colorado2025_x012288_y006656
Unknown_Sample,20251031_073_pol_pro_Ran_ado_2025_11_Colorado2025.czi,Ran_ado,513.29,12336.0,6841.0,28,30,97.94,0.957,20251031_073_pol_pro_Ran_ado_2025_11_Colorado2025_x012288_y006656
Unknown_Sample,20251031_073_pol_pro_Ran_ado_2025_11_Colorado2025.czi,Ran_ado,554.08,12901.0,7205.0,29,33,102.43,0.959,20251031_073_pol_pro_Ran_ado_2025_11_Colorado2025_x012800_y006656
Unknown_Sample,20251031_073_pol_pro_Ran_ado_2025_11_Colorado2025.czi,Ran_ado,529.84,13650.0,6880.0,31,29,99.01,0.959,20251031_073_pol_pro_Ran_ado_2025_11_Colorado2025_x013312_y006656
Unknown_Sample,20251031_073_pol_pro_Ran_ado_2025_11_Colorado2025.czi,Ran_ado,500.21,14366.0,7163.0,30,28,96.77,0.956,20251031_073_pol_pro_Ran_ado_2025_11_Colorado2025_x013824_y006656
Unknown_Sample,20251031_073_pol_pro_Ran_ado_2025_11_Colorado2025.czi,Ran_ado,395.94,14269.0,6683.0,30,23,87.36,0.946,20251031_073_pol_pro_Ran_ado_2025_11_Colorado2025_x013824_y006656
Unknown_Sample,20251031_073_pol_pro_Ran_ado_2025_11_Colorado2025.czi,Ran_ado,501.75,14366.0,7163.0,30,28,96.77,0.955,20251031_073_pol_pro_Ran_ado_2025_11_Colorado2025_x014336_y006656
Unknown_Sample,20251031_073_pol_pro_Ran_ado_2025_11_Colorado2025.czi,Ran_ado,465.58,15398.0,7152.0,27,28,93.11,0.957,20251031_073_pol_pro_Ran_ado_2025_11_Colorado2025_x014848_y006656
Unknown_Sample,20251031_073_pol_pro_Ran_ado_2025_11_Colorado2025.czi,Ran_ado,488.67,15420.0,6985.0,30,27,93.6,0.956,20251031_073_pol_pro_Ran_ado_2025_11_Colorado2025_x014848_y006656
Unknown_Sample,20251031_073_pol_pro_Ran_ado_2025_11_Colorado2025.czi,Ran_ado,468.66,15398.0,7152.0,27,28,93.11,0.956,20251031_073_pol_pro_Ran_ado_2025_11_Colorado2025_x015360_y006656
Unknown_Sample,20251031_073_pol_pro_Ran_ado_2025_11_Colorado2025.czi,Ran_ado,488.67,15420.0,6985.0,30,27,93.6,0.956,20251031_073_pol_pro_Ran_ado_2025_11_Colorado2025_x015360_y006656
Unknown_Sample,20251031_073_pol_pro_Ran_ado_2025_11_Colorado2025.czi,Ran_ado,591.79,16616.0,6868.0,30,32,103.6,0.959,20251031_073_pol_pro_Ran_ado_2025_11_Colorado2025_x016384_y006656
Unknown_Sample,20251031_073_pol_pro_Ran_ado_2025_11_Colorado2025.czi,Ran_ado,492.51,2695.0,7414.0,31,26,95.94,0.95,20251031_073_pol_pro_Ran_ado_2025_11_Colorado2025_x002560_y007168
Unknown_Sample,20251031_073_pol_pro_Ran_ado_2025_11_Colorado2025.czi,Ran_ado,525.61,3270.0,7431.0,29,30,98.77,0.958,20251031_073_pol_pro_Ran_ado_2025_11_Colorado2025_x003072_y007168
Unknown_Sample,20251031_073_pol_pro_Ran_ado_2025_11_Colorado2025.czi,Ran_ado,536.76,4160.0,7662.0,30,30,100.18,0.951,20251031_073_pol_pro_Ran_ado_2025_11_Colorado2025_x003584_y007168
Unknown_Sample,20251031_073_pol_pro_Ran_ado_2025_11_Colorado2025.czi,Ran_ado,536.76,4160.0,7662.0,30,30,100.18,0.95,20251031_073_pol_pro_Ran_ado_2025_11_Colorado2025_x004096_y007168
Unknown_Sample,20251031_073_pol_pro_Ran_ado_2025_11_Colorado2025.czi,Ran_ado,305.51,4727.0,7191.0,16,30,82.14,0.906,20251031_073_pol_pro_Ran_ado_2025_11_Colorado2025_x004096_y007168
Unknown_Sample,20251031_073_pol_pro_Ran_ado_2025_11_Colorado2025.czi,Ran_ado,488.67,4732.0,7191.0,27,30,95.94,0.96,20251031_073_pol_pro_Ran_ado_2025_11_Colorado2025_x004608_y007168
Unknown_Sample,20251031_073_pol_pro_Ran_ado_2025_11_Colorado2025.czi,Ran_ado,491.36,5591.0,7438.0,29,28,96.53,0.957,20251031_073_pol_pro_Ran_ado_2025_11_Colorado2025_x005120_y007168
Unknown_Sample,20251031_073_pol_pro_Ran_ado_2025_11_Colorado2025.czi,Ran_ado,516.76,6254.0,7543.0,29,29,98.53,0.951,20251031_073_pol_pro_Ran_ado_2025_11_Colorado2025_x005632_y007168
Unknown_Sample,20251031_073_pol_pro_Ran_ado_2025_11_Colorado2025.czi,Ran_ado,512.14,6254.0,7543.0,29,29,98.53,0.955,20251031_073_pol_pro_Ran_ado_2025_11_Colorado2025_x006144_y007168
Unknown_Sample,20251031_073_pol_pro_Ran_ado_2025_11_Colorado2025.czi,Ran_ado,532.15,6956.0,7640.0,31,28,100.53,0.96,20251031_073_pol_pro_Ran_ado_2025_11_Colorado2025_x006656_y007168
Unknown_Sample,20251031_073_pol_pro_Ran_ado_2025_11_Colorado2025.czi,Ran_ado,534.84,6835.0,7299.0,34,27,101.6,0.956,20251031_073_pol_pro_Ran_ado_2025_11_Colorado2025_x006656_y007168
Unknown_Sample,20251031_073_pol_pro_Ran_ado_2025_11_Colorado2025.czi,Ran_ado,520.22,7734.0,7536.0,33,28,99.25,0.609,20251031_073_pol_pro_Ran_ado_2025_11_Colorado2025_x007168_y007168
Unknown_Sample,20251031_073_pol_pro_Ran_ado_2025_11_Colorado2025.czi,Ran_ado,525.61,8081.0,7279.0,28,31,98.77,0.96,20251031_073_pol_pro_Ran_ado_2025_11_Colorado2025_x007680_y007168
Unknown_Sample,20251031_073_pol_pro_Ran_ado_2025_11_Colorado2025.czi,Ran_ado,520.99,7734.0,7536.0,33,28,99.25,0.595,20251031_073_pol_pro_Ran_ado_2025_11_Colorado2025_x007680_y007168
Unknown_Sample,20251031_073_pol_pro_Ran_ado_2025_11_Colorado2025.czi,Ran_ado,539.46,9635.0,7417.0,30,30,100.77,0.963,20251031_073_pol_pro_Ran_ado_2025_11_Colorado2025_x009216_y007168
Unknown_Sample,20251031_073_pol_pro_Ran_ado_2025_11_Colorado2025.czi,Ran_ado,548.31,9662.0,7779.0,30,30,101.36,0.959,20251031_073_pol_pro_Ran_ado_2025_11_Colorado2025_x009216_y007168
Unknown_Sample,20251031_073_pol_pro_Ran_ado_2025_11_Colorado2025.czi,Ran_ado,494.82,11151.0,7407.0,29,28,95.94,0.956,20251031_073_pol_pro_Ran_ado_2025_11_Colorado2025_x010752_y007168
Unknown_Sample,20251031_073_pol_pro_Ran_ado_2025_11_Colorado2025.czi,Ran_ado,498.29,11364.0,7682.0,29,29,96.18,0.953,20251031_073_pol_pro_Ran_ado_2025_11_Colorado2025_x010752_y007168
Unknown_Sample,20251031_073_pol_pro_Ran_ado_2025_11_Colorado2025.czi,Ran_ado,498.29,11364.0,7682.0,29,29,96.18,0.953,20251031_073_pol_pro_Ran_ado_2025_11_Colorado2025_x011264_y007168
Unknown_Sample,20251031_073_pol_pro_Ran_ado_2025_11_Colorado2025.czi,Ran_ado,474.43,12220.0,7393.0,26,31,95.36,0.956,20251031_073_pol_pro_Ran_ado_2025_11_Colorado2025_x011776_y007168
Unknown_Sample,20251031_073_pol_pro_Ran_ado_2025_11_Colorado2025.czi,Ran_ado,483.28,12458.0,7179.0,32,24,97.46,0.963,20251031_073_pol_pro_Ran_ado_2025_11_Colorado2025_x012288_y007168
Unknown_Sample,20251031_073_pol_pro_Ran_ado_2025_11_Colorado2025.czi,Ran_ado,551.39,12901.0,7205.0,29,33,101.84,0.96,20251031_073_pol_pro_Ran_ado_2025_11_Colorado2025_x012288_y007168
Unknown_Sample,20251031_073_pol_pro_Ran_ado_2025_11_Colorado2025.czi,Ran_ado,473.66,12552.0,7450.0,29,26,92.53,0.956,20251031_073_pol_pro_Ran_ado_2025_11_Colorado2025_x012288_y007168
Unknown_Sample,20251031_073_pol_pro_Ran_ado_2025_11_Colorado2025.czi,Ran_ado,549.85,12901.0,7205.0,29,33,101.84,0.958,20251031_073_pol_pro_Ran_ado_2025_11_Colorado2025_x012800_y007168
Unknown_Sample,20251031_073_pol_pro_Ran_ado_2025_11_Colorado2025.czi,Ran_ado,473.66,13223.0,7387.0,26,31,93.01,0.957,20251031_073_pol_pro_Ran_ado_2025_11_Colorado2025_x012800_y007168
Unknown_Sample,20251031_073_pol_pro_Ran_ado_2025_11_Colorado2025.czi,Ran_ado,499.44,12960.0,7332.0,30,28,96.77,0.954,20251031_073_pol_pro_Ran_ado_2025_11_Colorado2025_x012800_y007168
Unknown_Sample,20251031_073_pol_pro_Ran_ado_2025_11_Colorado2025.czi,Ran_ado,360.92,13211.0,7420.0,24,25,82.28,0.947,20251031_073_pol_pro_Ran_ado_2025_11_Colorado2025_x012800_y007168
Unknown_Sample,20251031_073_pol_pro_Ran_ado_2025_11_Colorado2025.czi,Ran_ado,526.76,14108.0,7425.0,29,30,99.36,0.958,20251031_073_pol_pro_Ran_ado_2025_11_Colorado2025_x013824_y007168
Unknown_Sample,20251031_073_pol_pro_Ran_ado_2025_11_Colorado2025.czi,Ran_ado,532.15,14895.0,7662.0,31,29,97.84,0.956,20251031_073_pol_pro_Ran_ado_2025_11_Colorado2025_x014336_y007168
Unknown_Sample,20251031_073_pol_pro_Ran_ado_2025_11_Colorado2025.czi,Ran_ado,532.15,14895.0,7662.0,31,29,97.84,0.955,20251031_073_pol_pro_Ran_ado_2025_11_Colorado2025_x014848_y007168
Unknown_Sample,20251031_073_pol_pro_Ran_ado_2025_11_Colorado2025.czi,Ran_ado,438.65,15695.0,7484.0,27,26,90.28,0.95,20251031_073_pol_pro_Ran_ado_2025_11_Colorado2025_x015360_y007168
Unknown_Sample,20251031_073_pol_pro_Ran_ado_2025_11_Colorado2025.czi,Ran_ado,545.23,2540.0,8128.0,30,30,99.01,0.956,20251031_073_pol_pro_Ran_ado_2025_11_Colorado2025_x002048_y007680
Unknown_Sample,20251031_073_pol_pro_Ran_ado_2025_11_Colorado2025.czi,Ran_ado,532.15,2862.0,8192.0,31,29,99.01,0.931,20251031_073_pol_pro_Ran_ado_2025_11_Colorado2025_x002560_y007680
Unknown_Sample,20251031_073_pol_pro_Ran_ado_2025_11_Colorado2025.czi,Ran_ado,545.61,3248.0,8132.0,29,31,101.94,0.959,20251031_073_pol_pro_Ran_ado_2025_11_Colorado2025_x003072_y007680
Unknown_Sample,20251031_073_pol_pro_Ran_ado_2025_11_Colorado2025.czi,Ran_ado,588.32,4398.0,8264.0,31,31,104.18,0.958,20251031_073_pol_pro_Ran_ado_2025_11_Colorado2025_x004096_y007680
Unknown_Sample,20251031_073_pol_pro_Ran_ado_2025_11_Colorado2025.czi,Ran_ado,526.37,5222.0,8099.0,29,30,97.6,0.961,20251031_073_pol_pro_Ran_ado_2025_11_Colorado2025_x004608_y007680
Unknown_Sample,20251031_073_pol_pro_Ran_ado_2025_11_Colorado2025.czi,Ran_ado,524.45,4922.0,8191.0,30,29,98.18,0.96,20251031_073_pol_pro_Ran_ado_2025_11_Colorado2025_x004608_y007680
Unknown_Sample,20251031_073_pol_pro_Ran_ado_2025_11_Colorado2025.czi,Ran_ado,534.07,4794.0,7980.0,31,28,101.11,0.959,20251031_073_pol_pro_Ran_ado_2025_11_Colorado2025_x004608_y007680
Unknown_Sample,20251031_073_pol_pro_Ran_ado_2025_11_Colorado2025.czi,Ran_ado,526.37,5222.0,8099.0,29,30,97.6,0.961,20251031_073_pol_pro_Ran_ado_2025_11_Colorado2025_x005120_y007680
Unknown_Sample,20251031_073_pol_pro_Ran_ado_2025_11_Colorado2025.czi,Ran_ado,477.51,5591.0,7841.0,28,28,93.36,0.955,20251031_073_pol_pro_Ran_ado_2025_11_Colorado2025_x005120_y007680
Unknown_Sample,20251031_073_pol_pro_Ran_ado_2025_11_Colorado2025.czi,Ran_ado,577.93,6477.0,8256.0,31,31,103.6,0.958,20251031_073_pol_pro_Ran_ado_2025_11_Colorado2025_x006144_y007680
Unknown_Sample,20251031_073_pol_pro_Ran_ado_2025_11_Colorado2025.czi,Ran_ado,498.29,6431.0,7896.0,28,30,96.18,0.956,20251031_073_pol_pro_Ran_ado_2025_11_Colorado2025_x006144_y007680
Unknown_Sample,20251031_073_pol_pro_Ran_ado_2025_11_Colorado2025.czi,Ran_ado,579.47,7404.0,7943.0,34,29,103.25,0.956,20251031_073_pol_pro_Ran_ado_2025_11_Colorado2025_x007168_y007680
Unknown_Sample,20251031_073_pol_pro_Ran_ado_2025_11_Colorado2025.czi,Ran_ado,588.71,8290.0,8017.0,31,32,105.6,0.962,20251031_073_pol_pro_Ran_ado_2025_11_Colorado2025_x007680_y007680
Unknown_Sample,20251031_073_pol_pro_Ran_ado_2025_11_Colorado2025.czi,Ran_ado,554.46,8006.0,8185.0,30,32,101.84,0.957,20251031_073_pol_pro_Ran_ado_2025_11_Colorado2025_x007680_y007680
Unknown_Sample,20251031_073_pol_pro_Ran_ado_2025_11_Colorado2025.czi,Ran_ado,235.1,7990.0,8312.0,27,14,72.73,0.9,20251031_073_pol_pro_Ran_ado_2025_11_Colorado2025_x007680_y007680
Unknown_Sample,20251031_073_pol_pro_Ran_ado_2025_11_Colorado2025.czi,Ran_ado,589.48,8290.0,8017.0,31,32,105.6,0.962,20251031_073_pol_pro_Ran_ado_2025_11_Colorado2025_x008192_y007680
Unknown_Sample,20251031_073_pol_pro_Ran_ado_2025_11_Colorado2025.czi,Ran_ado,538.69,8535.0,8294.0,30,30,99.6,0.958,20251031_073_pol_pro_Ran_ado_2025_11_Colorado2025_x008192_y007680
Unknown_Sample,20251031_073_pol_pro_Ran_ado_2025_11_Colorado2025.czi,Ran_ado,546.38,9662.0,7779.0,30,30,100.77,0.96,20251031_073_pol_pro_Ran_ado_2025_11_Colorado2025_x009216_y007680
Unknown_Sample,20251031_073_pol_pro_Ran_ado_2025_11_Colorado2025.czi,Ran_ado,454.42,9888.0,8154.0,29,26,91.36,0.956,20251031_073_pol_pro_Ran_ado_2025_11_Colorado2025_x009728_y007680
Unknown_Sample,20251031_073_pol_pro_Ran_ado_2025_11_Colorado2025.czi,Ran_ado,509.83,11060.0,8298.0,30,28,96.18,0.96,20251031_073_pol_pro_Ran_ado_2025_11_Colorado2025_x010752_y007680
Unknown_Sample,20251031_073_pol_pro_Ran_ado_2025_11_Colorado2025.czi,Ran_ado,499.44,11364.0,8051.0,30,27,95.94,0.957,20251031_073_pol_pro_Ran_ado_2025_11_Colorado2025_x010752_y007680
Unknown_Sample,20251031_073_pol_pro_Ran_ado_2025_11_Colorado2025.czi,Ran_ado,274.73,11364.0,7687.0,28,17,76.63,0.949,20251031_073_pol_pro_Ran_ado_2025_11_Colorado2025_x010752_y007680
Unknown_Sample,20251031_073_pol_pro_Ran_ado_2025_11_Colorado2025.czi,Ran_ado,498.29,11364.0,8051.0,30,27,95.36,0.958,20251031_073_pol_pro_Ran_ado_2025_11_Colorado2025_x011264_y007680
Unknown_Sample,20251031_073_pol_pro_Ran_ado_2025_11_Colorado2025.czi,Ran_ado,524.07,11577.0,8139.0,31,29,97.25,0.955,20251031_073_pol_pro_Ran_ado_2025_11_Colorado2025_x011264_y007680
Unknown_Sample,20251031_073_pol_pro_Ran_ado_2025_11_Colorado2025.czi,Ran_ado,275.12,11364.0,7687.0,28,17,77.21,0.95,20251031_073_pol_pro_Ran_ado_2025_11_Colorado2025_x011264_y007680
Unknown_Sample,20251031_073_pol_pro_Ran_ado_2025_11_Colorado2025.czi,Ran_ado,209.7,12377.0,8313.0,27,13,69.56,0.894,20251031_073_pol_pro_Ran_ado_2025_11_Colorado2025_x011776_y007680
Unknown_Sample,20251031_073_pol_pro_Ran_ado_2025_11_Colorado2025.czi,Ran_ado,207.78,12377.0,8313.0,27,13,70.14,0.896,20251031_073_pol_pro_Ran_ado_2025_11_Colorado2025_x012288_y007680
Unknown_Sample,20251031_073_pol_pro_Ran_ado_2025_11_Colorado2025.czi,Ran_ado,374.39,13430.0,7828.0,20,30,88.38,0.924,20251031_073_pol_pro_Ran_ado_2025_11_Colorado2025_x012800_y007680
Unknown_Sample,20251031_073_pol_pro_Ran_ado_2025_11_Colorado2025.czi,Ran_ado,520.99,13433.0,7828.0,29,30,98.77,0.962,20251031_073_pol_pro_Ran_ado_2025_11_Colorado2025_x013312_y007680
Unknown_Sample,20251031_073_pol_pro_Ran_ado_2025_11_Colorado2025.czi,Ran_ado,466.73,13446.0,8063.0,26,30,92.18,0.956,20251031_073_pol_pro_Ran_ado_2025_11_Colorado2025_x013312_y007680
Unknown_Sample,20251031_073_pol_pro_Ran_ado_2025_11_Colorado2025.czi,Ran_ado,546.0,14144.0,8135.0,29,31,99.01,0.958,20251031_073_pol_pro_Ran_ado_2025_11_Colorado2025_x013824_y007680
Unknown_Sample,20251031_073_pol_pro_Ran_ado_2025_11_Colorado2025.czi,Ran_ado,469.43,15858.0,7885.0,28,28,92.77,0.952,20251031_073_pol_pro_Ran_ado_2025_11_Colorado2025_x015360_y007680
Unknown_Sample,20251031_073_pol_pro_Ran_ado_2025_11_Colorado2025.czi,Ran_ado,257.42,15535.0,8313.0,30,14,77.56,0.89,20251031_073_pol_pro_Ran_ado_2025_11_Colorado2025_x015360_y007680
Unknown_Sample,20251031_073_pol_pro_Ran_ado_2025_11_Colorado2025.czi,Ran_ado,256.65,2862.0,8199.0,31,15,78.04,0.909,20251031_073_pol_pro_Ran_ado_2025_11_Colorado2025_x002560_y008192
Unknown_Sample,20251031_073_pol_pro_Ran_ado_2025_11_Colorado2025.czi,Ran_ado,528.3,4156.0,8769.0,30,28,98.53,0.957,20251031_073_pol_pro_Ran_ado_2025_11_Colorado2025_x003584_y008192
Unknown_Sample,20251031_073_pol_pro_Ran_ado_2025_11_Colorado2025.czi,Ran_ado,588.32,4398.0,8264.0,31,31,104.18,0.958,20251031_073_pol_pro_Ran_ado_2025_11_Colorado2025_x004096_y008192
Unknown_Sample,20251031_073_pol_pro_Ran_ado_2025_11_Colorado2025.czi,Ran_ado,528.3,4156.0,8769.0,30,28,98.53,0.956,20251031_073_pol_pro_Ran_ado_2025_11_Colorado2025_x004096_y008192
Unknown_Sample,20251031_073_pol_pro_Ran_ado_2025_11_Colorado2025.czi,Ran_ado,328.98,5106.0,8750.0,24,23,78.87,0.95,20251031_073_pol_pro_Ran_ado_2025_11_Colorado2025_x004608_y008192
Unknown_Sample,20251031_073_pol_pro_Ran_ado_2025_11_Colorado2025.czi,Ran_ado,233.94,4921.0,8198.0,30,14,75.8,0.94,20251031_073_pol_pro_Ran_ado_2025_11_Colorado2025_x004608_y008192
Unknown_Sample,20251031_073_pol_pro_Ran_ado_2025_11_Colorado2025.czi,Ran_ado,520.99,6432.0,8550.0,31,29,98.43,0.959,20251031_073_pol_pro_Ran_ado_2025_11_Colorado2025_x006144_y008192
Unknown_Sample,20251031_073_pol_pro_Ran_ado_2025_11_Colorado2025.czi,Ran_ado,577.93,6477.0,8256.0,31,31,103.6,0.959,20251031_073_pol_pro_Ran_ado_2025_11_Colorado2025_x006144_y008192
Unknown_Sample,20251031_073_pol_pro_Ran_ado_2025_11_Colorado2025.czi,Ran_ado,578.7,6866.0,8472.0,30,32,103.6,0.962,20251031_073_pol_pro_Ran_ado_2025_11_Colorado2025_x006656_y008192
Unknown_Sample,20251031_073_pol_pro_Ran_ado_2025_11_Colorado2025.czi,Ran_ado,458.27,7990.0,8318.0,27,28,91.36,0.96,20251031_073_pol_pro_Ran_ado_2025_11_Colorado2025_x007680_y008192
Unknown_Sample,20251031_073_pol_pro_Ran_ado_2025_11_Colorado2025.czi,Ran_ado,537.53,8535.0,8294.0,30,30,100.18,0.958,20251031_073_pol_pro_Ran_ado_2025_11_Colorado2025_x008192_y008192
Unknown_Sample,20251031_073_pol_pro_Ran_ado_2025_11_Colorado2025.czi,Ran_ado,541.77,9178.0,8593.0,30,30,99.6,0.941,20251031_073_pol_pro_Ran_ado_2025_11_Colorado2025_x008704_y008192
Unknown_Sample,20251031_073_pol_pro_Ran_ado_2025_11_Colorado2025.czi,Ran_ado,438.65,9208.0,8569.0,30,26,90.43,0.929,20251031_073_pol_pro_Ran_ado_2025_11_Colorado2025_x008704_y008192
Unknown_Sample,20251031_073_pol_pro_Ran_ado_2025_11_Colorado2025.czi,Ran_ado,562.54,9311.0,8443.0,33,30,103.25,0.918,20251031_073_pol_pro_Ran_ado_2025_11_Colorado2025_x008704_y008192
Unknown_Sample,20251031_073_pol_pro_Ran_ado_2025_11_Colorado2025.czi,Ran_ado,581.4,9311.0,8443.0,33,30,103.84,0.919,20251031_073_pol_pro_Ran_ado_2025_11_Colorado2025_x009216_y008192
Unknown_Sample,20251031_073_pol_pro_Ran_ado_2025_11_Colorado2025.czi,Ran_ado,509.06,11060.0,8298.0,30,28,96.18,0.96,20251031_073_pol_pro_Ran_ado_2025_11_Colorado2025_x010752_y008192
Unknown_Sample,20251031_073_pol_pro_Ran_ado_2025_11_Colorado2025.czi,Ran_ado,343.61,11276.0,8416.0,22,27,80.53,0.934,20251031_073_pol_pro_Ran_ado_2025_11_Colorado2025_x010752_y008192
Unknown_Sample,20251031_073_pol_pro_Ran_ado_2025_11_Colorado2025.czi,Ran_ado,517.14,11783.0,8819.0,32,25,98.28,0.949,20251031_073_pol_pro_Ran_ado_2025_11_Colorado2025_x011264_y008192
Unknown_Sample,20251031_073_pol_pro_Ran_ado_2025_11_Colorado2025.czi,Ran_ado,353.23,11276.0,8416.0,22,27,81.11,0.898,20251031_073_pol_pro_Ran_ado_2025_11_Colorado2025_x011264_y008192
Unknown_Sample,20251031_073_pol_pro_Ran_ado_2025_11_Colorado2025.czi,Ran_ado,537.92,12376.0,8321.0,29,30,99.94,0.96,20251031_073_pol_pro_Ran_ado_2025_11_Colorado2025_x011776_y008192
Unknown_Sample,20251031_073_pol_pro_Ran_ado_2025_11_Colorado2025.czi,Ran_ado,375.16,11787.0,8819.0,23,25,85.56,0.951,20251031_073_pol_pro_Ran_ado_2025_11_Colorado2025_x011776_y008192
Unknown_Sample,20251031_073_pol_pro_Ran_ado_2025_11_Colorado2025.czi,Ran_ado,534.45,12376.0,8321.0,29,30,99.36,0.96,20251031_073_pol_pro_Ran_ado_2025_11_Colorado2025_x012288_y008192
Unknown_Sample,20251031_073_pol_pro_Ran_ado_2025_11_Colorado2025.czi,Ran_ado,601.02,12604.0,8651.0,32,31,104.43,0.959,20251031_073_pol_pro_Ran_ado_2025_11_Colorado2025_x012288_y008192
Unknown_Sample,20251031_073_pol_pro_Ran_ado_2025_11_Colorado2025.czi,Ran_ado,512.52,12485.0,8548.0,29,31,97.25,0.959,20251031_073_pol_pro_Ran_ado_2025_11_Colorado2025_x012288_y008192
Unknown_Sample,20251031_073_pol_pro_Ran_ado_2025_11_Colorado2025.czi,Ran_ado,487.9,12618.0,8431.0,28,29,94.77,0.955,20251031_073_pol_pro_Ran_ado_2025_11_Colorado2025_x012288_y008192
Unknown_Sample,20251031_073_pol_pro_Ran_ado_2025_11_Colorado2025.czi,Ran_ado,599.1,14769.0,8413.0,32,31,105.01,0.964,20251031_073_pol_pro_Ran_ado_2025_11_Colorado2025_x014336_y008192
Unknown_Sample,20251031_073_pol_pro_Ran_ado_2025_11_Colorado2025.czi,Ran_ado,485.97,14911.0,8487.0,28,30,95.01,0.957,20251031_073_pol_pro_Ran_ado_2025_11_Colorado2025_x014336_y008192
Unknown_Sample,20251031_073_pol_pro_Ran_ado_2025_11_Colorado2025.czi,Ran_ado,485.97,14911.0,8487.0,28,30,95.01,0.957,20251031_073_pol_pro_Ran_ado_2025_11_Colorado2025_x014848_y008192
Unknown_Sample,20251031_073_pol_pro_Ran_ado_2025_11_Colorado2025.czi,Ran_ado,461.73,15141.0,8787.0,27,28,91.94,0.953,20251031_073_pol_pro_Ran_ado_2025_11_Colorado2025_x014848_y008192
Unknown_Sample,20251031_073_pol_pro_Ran_ado_2025_11_Colorado2025.czi,Ran_ado,608.72,15650.0,8442.0,32,31,105.6,0.959,20251031_073_pol_pro_Ran_ado_2025_11_Colorado2025_x015360_y008192
Unknown_Sample,20251031_073_pol_pro_Ran_ado_2025_11_Colorado2025.czi,Ran_ado,494.44,15535.0,8318.0,30,27,96.53,0.958,20251031_073_pol_pro_Ran_ado_2025_11_Colorado2025_x015360_y008192
Unknown_Sample,20251031_073_pol_pro_Ran_ado_2025_11_Colorado2025.czi,Ran_ado,528.3,4156.0,8769.0,30,28,98.53,0.957,20251031_073_pol_pro_Ran_ado_2025_11_Colorado2025_x003584_y008704
Unknown_Sample,20251031_073_pol_pro_Ran_ado_2025_11_Colorado2025.czi,Ran_ado,528.3,4156.0,8769.0,30,28,98.53,0.956,20251031_073_pol_pro_Ran_ado_2025_11_Colorado2025_x004096_y008704
Unknown_Sample,20251031_073_pol_pro_Ran_ado_2025_11_Colorado2025.czi,Ran_ado,330.14,5106.0,8750.0,24,23,79.46,0.948,20251031_073_pol_pro_Ran_ado_2025_11_Colorado2025_x004608_y008704
Unknown_Sample,20251031_073_pol_pro_Ran_ado_2025_11_Colorado2025.czi,Ran_ado,564.47,5373.0,8939.0,33,28,102.18,0.959,20251031_073_pol_pro_Ran_ado_2025_11_Colorado2025_x005120_y008704
Unknown_Sample,20251031_073_pol_pro_Ran_ado_2025_11_Colorado2025.czi,Ran_ado,477.12,6528.0,9029.0,28,29,95.94,0.959,20251031_073_pol_pro_Ran_ado_2025_11_Colorado2025_x006144_y008704
Unknown_Sample,20251031_073_pol_pro_Ran_ado_2025_11_Colorado2025.czi,Ran_ado,529.07,6399.0,9035.0,30,29,98.18,0.959,20251031_073_pol_pro_Ran_ado_2025_11_Colorado2025_x006144_y008704
Unknown_Sample,20251031_073_pol_pro_Ran_ado_2025_11_Colorado2025.czi,Ran_ado,310.9,6775.0,8870.0,18,28,79.8,0.912,20251031_073_pol_pro_Ran_ado_2025_11_Colorado2025_x006144_y008704
Unknown_Sample,20251031_073_pol_pro_Ran_ado_2025_11_Colorado2025.czi,Ran_ado,507.14,6780.0,8869.0,30,28,95.6,0.96,20251031_073_pol_pro_Ran_ado_2025_11_Colorado2025_x006656_y008704
Unknown_Sample,20251031_073_pol_pro_Ran_ado_2025_11_Colorado2025.czi,Ran_ado,541.77,7245.0,9024.0,31,29,99.6,0.957,20251031_073_pol_pro_Ran_ado_2025_11_Colorado2025_x006656_y008704
Unknown_Sample,20251031_073_pol_pro_Ran_ado_2025_11_Colorado2025.czi,Ran_ado,492.13,7428.0,9033.0,30,27,94.18,0.958,20251031_073_pol_pro_Ran_ado_2025_11_Colorado2025_x007168_y008704
Unknown_Sample,20251031_073_pol_pro_Ran_ado_2025_11_Colorado2025.czi,Ran_ado,542.15,7245.0,9024.0,31,29,100.18,0.957,20251031_073_pol_pro_Ran_ado_2025_11_Colorado2025_x007168_y008704
Unknown_Sample,20251031_073_pol_pro_Ran_ado_2025_11_Colorado2025.czi,Ran_ado,571.01,9283.0,9162.0,30,31,102.77,0.948,20251031_073_pol_pro_Ran_ado_2025_11_Colorado2025_x008704_y008704
Unknown_Sample,20251031_073_pol_pro_Ran_ado_2025_11_Colorado2025.czi,Ran_ado,573.32,9283.0,9162.0,30,31,102.77,0.946,20251031_073_pol_pro_Ran_ado_2025_11_Colorado2025_x009216_y008704
Unknown_Sample,20251031_073_pol_pro_Ran_ado_2025_11_Colorado2025.czi,Ran_ado,541.0,11783.0,8819.0,32,28,98.43,0.959,20251031_073_pol_pro_Ran_ado_2025_11_Colorado2025_x011264_y008704
Unknown_Sample,20251031_073_pol_pro_Ran_ado_2025_11_Colorado2025.czi,Ran_ado,401.32,11786.0,8820.0,23,28,88.04,0.96,20251031_073_pol_pro_Ran_ado_2025_11_Colorado2025_x011776_y008704
Unknown_Sample,20251031_073_pol_pro_Ran_ado_2025_11_Colorado2025.czi,Ran_ado,461.73,15141.0,8787.0,27,28,91.94,0.954,20251031_073_pol_pro_Ran_ado_2025_11_Colorado2025_x014848_y008704
Unknown_Sample,20251031_073_pol_pro_Ran_ado_2025_11_Colorado2025.czi,Ran_ado,557.93,15583.0,9213.0,31,30,101.6,0.956,20251031_073_pol_pro_Ran_ado_2025_11_Colorado2025_x015360_y008704
Unknown_Sample,20251031_073_pol_pro_Ran_ado_2025_11_Colorado2025.czi,Ran_ado,522.14,5268.0,9572.0,31,28,97.01,0.958,20251031_073_pol_pro_Ran_ado_2025_11_Colorado2025_x005120_y009216
Unknown_Sample,20251031_073_pol_pro_Ran_ado_2025_11_Colorado2025.czi,Ran_ado,541.0,6612.0,9626.0,30,30,100.77,0.96,20251031_073_pol_pro_Ran_ado_2025_11_Colorado2025_x006144_y009216
Unknown_Sample,20251031_073_pol_pro_Ran_ado_2025_11_Colorado2025.czi,Ran_ado,499.44,7445.0,9540.0,29,28,97.11,0.961,20251031_073_pol_pro_Ran_ado_2025_11_Colorado2025_x007168_y009216
Unknown_Sample,20251031_073_pol_pro_Ran_ado_2025_11_Colorado2025.czi,Ran_ado,498.29,8050.0,9722.0,28,29,96.53,0.957,20251031_073_pol_pro_Ran_ado_2025_11_Colorado2025_x007680_y009216
Unknown_Sample,20251031_073_pol_pro_Ran_ado_2025_11_Colorado2025.czi,Ran_ado,415.94,8171.0,9812.0,26,26,87.7,0.952,20251031_073_pol_pro_Ran_ado_2025_11_Colorado2025_x007680_y009216
Unknown_Sample,20251031_073_pol_pro_Ran_ado_2025_11_Colorado2025.czi,Ran_ado,524.84,8901.0,9753.0,28,31,98.77,0.951,20251031_073_pol_pro_Ran_ado_2025_11_Colorado2025_x008704_y009216
Unknown_Sample,20251031_073_pol_pro_Ran_ado_2025_11_Colorado2025.czi,Ran_ado,508.29,11075.0,9349.0,29,28,96.53,0.947,20251031_073_pol_pro_Ran_ado_2025_11_Colorado2025_x010752_y009216
Unknown_Sample,20251031_073_pol_pro_Ran_ado_2025_11_Colorado2025.czi,Ran_ado,422.1,12098.0,9710.0,28,26,88.18,0.953,20251031_073_pol_pro_Ran_ado_2025_11_Colorado2025_x011776_y009216
Unknown_Sample,20251031_073_pol_pro_Ran_ado_2025_11_Colorado2025.czi,Ran_ado,502.9,13480.0,9392.0,28,29,96.53,0.96,20251031_073_pol_pro_Ran_ado_2025_11_Colorado2025_x013312_y009216
Unknown_Sample,20251031_073_pol_pro_Ran_ado_2025_11_Colorado2025.czi,Ran_ado,458.27,13680.0,9395.0,25,30,91.36,0.958,20251031_073_pol_pro_Ran_ado_2025_11_Colorado2025_x013312_y009216
Unknown_Sample,20251031_073_pol_pro_Ran_ado_2025_11_Colorado2025.czi,Ran_ado,566.78,14403.0,9450.0,30,32,103.01,0.958,20251031_073_pol_pro_Ran_ado_2025_11_Colorado2025_x013824_y009216
Unknown_Sample,20251031_073_pol_pro_Ran_ado_2025_11_Colorado2025.czi,Ran_ado,567.55,14403.0,9450.0,30,32,103.01,0.958,20251031_073_pol_pro_Ran_ado_2025_11_Colorado2025_x014336_y009216
Unknown_Sample,20251031_073_pol_pro_Ran_ado_2025_11_Colorado2025.czi,Ran_ado,576.78,15099.0,9758.0,32,30,104.18,0.958,20251031_073_pol_pro_Ran_ado_2025_11_Colorado2025_x014848_y009216
Unknown_Sample,20251031_073_pol_pro_Ran_ado_2025_11_Colorado2025.czi,Ran_ado,551.77,15774.0,9810.0,31,30,101.6,0.952,20251031_073_pol_pro_Ran_ado_2025_11_Colorado2025_x015360_y009216
Unknown_Sample,20251031_073_pol_pro_Ran_ado_2025_11_Colorado2025.czi,Ran_ado,207.01,15583.0,9221.0,31,13,74.63,0.935,20251031_073_pol_pro_Ran_ado_2025_11_Colorado2025_x015360_y009216
Unknown_Sample,20251031_073_pol_pro_Ran_ado_2025_11_Colorado2025.czi,Ran_ado,587.55,16346.0,9635.0,30,32,104.18,0.963,20251031_073_pol_pro_Ran_ado_2025_11_Colorado2025_x015872_y009216
Unknown_Sample,20251031_073_pol_pro_Ran_ado_2025_11_Colorado2025.czi,Ran_ado,556.39,16197.0,9740.0,31,30,100.43,0.956,20251031_073_pol_pro_Ran_ado_2025_11_Colorado2025_x015872_y009216
Unknown_Sample,20251031_073_pol_pro_Ran_ado_2025_11_Colorado2025.czi,Ran_ado,392.09,16963.0,9803.0,25,26,85.7,0.946,20251031_073_pol_pro_Ran_ado_2025_11_Colorado2025_x016384_y009216
Unknown_Sample,20251031_073_pol_pro_Ran_ado_2025_11_Colorado2025.czi,Ran_ado,392.86,16963.0,9803.0,25,26,85.7,0.944,20251031_073_pol_pro_Ran_ado_2025_11_Colorado2025_x016896_y009216
Unknown_Sample,20251031_073_pol_pro_Ran_ado_2025_11_Colorado2025.czi,Ran_ado,374.77,3096.0,10004.0,22,28,84.28,0.905,20251031_073_pol_pro_Ran_ado_2025_11_Colorado2025_x002560_y009728
Unknown_Sample,20251031_073_pol_pro_Ran_ado_2025_11_Colorado2025.czi,Ran_ado,389.39,3097.0,10003.0,23,27,84.28,0.873,20251031_073_pol_pro_Ran_ado_2025_11_Colorado2025_x003072_y009728
Unknown_Sample,20251031_073_pol_pro_Ran_ado_2025_11_Colorado2025.czi,Ran_ado,485.2,5509.0,9981.0,29,27,95.7,0.961,20251031_073_pol_pro_Ran_ado_2025_11_Colorado2025_x005120_y009728
Unknown_Sample,20251031_073_pol_pro_Ran_ado_2025_11_Colorado2025.czi,Ran_ado,558.7,5695.0,10344.0,32,29,100.43,0.959,20251031_073_pol_pro_Ran_ado_2025_11_Colorado2025_x005120_y009728
Unknown_Sample,20251031_073_pol_pro_Ran_ado_2025_11_Colorado2025.czi,Ran_ado,560.23,5695.0,10344.0,32,29,100.43,0.958,20251031_073_pol_pro_Ran_ado_2025_11_Colorado2025_x005632_y009728
Unknown_Sample,20251031_073_pol_pro_Ran_ado_2025_11_Colorado2025.czi,Ran_ado,584.48,6701.0,10095.0,31,31,105.36,0.959,20251031_073_pol_pro_Ran_ado_2025_11_Colorado2025_x006144_y009728
Unknown_Sample,20251031_073_pol_pro_Ran_ado_2025_11_Colorado2025.czi,Ran_ado,520.6,6719.0,10039.0,28,31,99.36,0.958,20251031_073_pol_pro_Ran_ado_2025_11_Colorado2025_x006144_y009728
Unknown_Sample,20251031_073_pol_pro_Ran_ado_2025_11_Colorado2025.czi,Ran_ado,547.15,6511.0,10058.0,30,29,98.77,0.957,20251031_073_pol_pro_Ran_ado_2025_11_Colorado2025_x006144_y009728
Unknown_Sample,20251031_073_pol_pro_Ran_ado_2025_11_Colorado2025.czi,Ran_ado,520.22,6937.0,10025.0,30,28,99.11,0.959,20251031_073_pol_pro_Ran_ado_2025_11_Colorado2025_x006656_y009728
Unknown_Sample,20251031_073_pol_pro_Ran_ado_2025_11_Colorado2025.czi,Ran_ado,584.09,6701.0,10095.0,31,31,104.77,0.958,20251031_073_pol_pro_Ran_ado_2025_11_Colorado2025_x006656_y009728
Unknown_Sample,20251031_073_pol_pro_Ran_ado_2025_11_Colorado2025.czi,Ran_ado,520.6,6719.0,10039.0,28,31,99.36,0.957,20251031_073_pol_pro_Ran_ado_2025_11_Colorado2025_x006656_y009728
Unknown_Sample,20251031_073_pol_pro_Ran_ado_2025_11_Colorado2025.czi,Ran_ado,575.24,7978.0,10141.0,31,30,103.36,0.963,20251031_073_pol_pro_Ran_ado_2025_11_Colorado2025_x007680_y009728
Unknown_Sample,20251031_073_pol_pro_Ran_ado_2025_11_Colorado2025.czi,Ran_ado,507.52,8194.0,10151.0,30,28,97.36,0.96,20251031_073_pol_pro_Ran_ado_2025_11_Colorado2025_x007680_y009728
Unknown_Sample,20251031_073_pol_pro_Ran_ado_2025_11_Colorado2025.czi,Ran_ado,421.33,8171.0,9812.0,26,27,88.53,0.953,20251031_073_pol_pro_Ran_ado_2025_11_Colorado2025_x007680_y009728
Unknown_Sample,20251031_073_pol_pro_Ran_ado_2025_11_Colorado2025.czi,Ran_ado,253.18,8312.0,9872.0,14,29,76.14,0.893,20251031_073_pol_pro_Ran_ado_2025_11_Colorado2025_x007680_y009728
Unknown_Sample,20251031_073_pol_pro_Ran_ado_2025_11_Colorado2025.czi,Ran_ado,526.76,8319.0,9872.0,30,29,98.18,0.958,20251031_073_pol_pro_Ran_ado_2025_11_Colorado2025_x008192_y009728
Unknown_Sample,20251031_073_pol_pro_Ran_ado_2025_11_Colorado2025.czi,Ran_ado,548.31,8657.0,10347.0,32,30,101.84,0.954,20251031_073_pol_pro_Ran_ado_2025_11_Colorado2025_x008192_y009728
Unknown_Sample,20251031_073_pol_pro_Ran_ado_2025_11_Colorado2025.czi,Ran_ado,293.2,8199.0,10152.0,17,29,79.8,0.95,20251031_073_pol_pro_Ran_ado_2025_11_Colorado2025_x008192_y009728
Unknown_Sample,20251031_073_pol_pro_Ran_ado_2025_11_Colorado2025.czi,Ran_ado,524.84,8901.0,9753.0,28,31,98.77,0.951,20251031_073_pol_pro_Ran_ado_2025_11_Colorado2025_x008704_y009728
Unknown_Sample,20251031_073_pol_pro_Ran_ado_2025_11_Colorado2025.czi,Ran_ado,625.65,9668.0,9947.0,33,31,107.6,0.956,20251031_073_pol_pro_Ran_ado_2025_11_Colorado2025_x009216_y009728
Unknown_Sample,20251031_073_pol_pro_Ran_ado_2025_11_Colorado2025.czi,Ran_ado,465.58,10319.0,10357.0,34,22,98.63,0.89,20251031_073_pol_pro_Ran_ado_2025_11_Colorado2025_x009728_y009728
Unknown_Sample,20251031_073_pol_pro_Ran_ado_2025_11_Colorado2025.czi,Ran_ado,466.35,10319.0,10357.0,34,22,98.63,0.906,20251031_073_pol_pro_Ran_ado_2025_11_Colorado2025_x010240_y009728
Unknown_Sample,20251031_073_pol_pro_Ran_ado_2025_11_Colorado2025.czi,Ran_ado,391.32,10869.0,10290.0,21,29,88.38,0.893,20251031_073_pol_pro_Ran_ado_2025_11_Colorado2025_x010240_y009728
Unknown_Sample,20251031_073_pol_pro_Ran_ado_2025_11_Colorado2025.czi,Ran_ado,561.39,10874.0,10291.0,33,28,101.01,0.942,20251031_073_pol_pro_Ran_ado_2025_11_Colorado2025_x010752_y009728
Unknown_Sample,20251031_073_pol_pro_Ran_ado_2025_11_Colorado2025.czi,Ran_ado,470.97,11976.0,10149.0,27,30,93.6,0.957,20251031_073_pol_pro_Ran_ado_2025_11_Colorado2025_x011776_y009728
Unknown_Sample,20251031_073_pol_pro_Ran_ado_2025_11_Colorado2025.czi,Ran_ado,602.95,13055.0,9908.0,30,34,105.84,0.95,20251031_073_pol_pro_Ran_ado_2025_11_Colorado2025_x012800_y009728
Unknown_Sample,20251031_073_pol_pro_Ran_ado_2025_11_Colorado2025.czi,Ran_ado,472.89,14684.0,10198.0,27,29,92.18,0.955,20251031_073_pol_pro_Ran_ado_2025_11_Colorado2025_x014336_y009728
Unknown_Sample,20251031_073_pol_pro_Ran_ado_2025_11_Colorado2025.czi,Ran_ado,576.78,15099.0,9758.0,32,30,104.18,0.958,20251031_073_pol_pro_Ran_ado_2025_11_Colorado2025_x014848_y009728
Unknown_Sample,20251031_073_pol_pro_Ran_ado_2025_11_Colorado2025.czi,Ran_ado,551.77,15774.0,9810.0,31,30,101.6,0.952,20251031_073_pol_pro_Ran_ado_2025_11_Colorado2025_x015360_y009728
Unknown_Sample,20251031_073_pol_pro_Ran_ado_2025_11_Colorado2025.czi,Ran_ado,534.07,16197.0,9741.0,31,29,100.77,0.961,20251031_073_pol_pro_Ran_ado_2025_11_Colorado2025_x015872_y009728
Unknown_Sample,20251031_073_pol_pro_Ran_ado_2025_11_Colorado2025.czi,Ran_ado,392.09,16963.0,9803.0,25,26,85.7,0.946,20251031_073_pol_pro_Ran_ado_2025_11_Colorado2025_x016384_y009728
Unknown_Sample,20251031_073_pol_pro_Ran_ado_2025_11_Colorado2025.czi,Ran_ado,392.86,16963.0,9803.0,25,26,85.7,0.945,20251031_073_pol_pro_Ran_ado_2025_11_Colorado2025_x016896_y009728
Unknown_Sample,20251031_073_pol_pro_Ran_ado_2025_11_Colorado2025.czi,Ran_ado,447.11,4663.0,10721.0,28,26,91.11,0.957,20251031_073_pol_pro_Ran_ado_2025_11_Colorado2025_x004096_y010240
Unknown_Sample,20251031_073_pol_pro_Ran_ado_2025_11_Colorado2025.czi,Ran_ado,538.69,5118.0,10715.0,30,29,99.94,0.96,20251031_073_pol_pro_Ran_ado_2025_11_Colorado2025_x004608_y010240
Unknown_Sample,20251031_073_pol_pro_Ran_ado_2025_11_Colorado2025.czi,Ran_ado,459.81,4663.0,10720.0,28,27,92.53,0.956,20251031_073_pol_pro_Ran_ado_2025_11_Colorado2025_x004608_y010240
Unknown_Sample,20251031_073_pol_pro_Ran_ado_2025_11_Colorado2025.czi,Ran_ado,557.16,5695.0,10344.0,32,29,100.43,0.958,20251031_073_pol_pro_Ran_ado_2025_11_Colorado2025_x005120_y010240
Unknown_Sample,20251031_073_pol_pro_Ran_ado_2025_11_Colorado2025.czi,Ran_ado,217.01,5126.0,10715.0,13,29,72.97,0.939,20251031_073_pol_pro_Ran_ado_2025_11_Colorado2025_x005120_y010240
Unknown_Sample,20251031_073_pol_pro_Ran_ado_2025_11_Colorado2025.czi,Ran_ado,557.93,5695.0,10344.0,32,29,100.43,0.958,20251031_073_pol_pro_Ran_ado_2025_11_Colorado2025_x005632_y010240
Unknown_Sample,20251031_073_pol_pro_Ran_ado_2025_11_Colorado2025.czi,Ran_ado,536.76,6586.0,10516.0,31,29,99.01,0.962,20251031_073_pol_pro_Ran_ado_2025_11_Colorado2025_x006144_y010240
Unknown_Sample,20251031_073_pol_pro_Ran_ado_2025_11_Colorado2025.czi,Ran_ado,506.75,6938.0,10564.0,28,30,97.36,0.962,20251031_073_pol_pro_Ran_ado_2025_11_Colorado2025_x006656_y010240
Unknown_Sample,20251031_073_pol_pro_Ran_ado_2025_11_Colorado2025.czi,Ran_ado,542.15,6800.0,10609.0,31,29,100.18,0.961,20251031_073_pol_pro_Ran_ado_2025_11_Colorado2025_x006656_y010240
Unknown_Sample,20251031_073_pol_pro_Ran_ado_2025_11_Colorado2025.czi,Ran_ado,548.31,8657.0,10347.0,32,30,101.84,0.954,20251031_073_pol_pro_Ran_ado_2025_11_Colorado2025_x008192_y010240
Unknown_Sample,20251031_073_pol_pro_Ran_ado_2025_11_Colorado2025.czi,Ran_ado,514.83,8983.0,10480.0,30,29,97.6,0.957,20251031_073_pol_pro_Ran_ado_2025_11_Colorado2025_x008704_y010240
Unknown_Sample,20251031_073_pol_pro_Ran_ado_2025_11_Colorado2025.czi,Ran_ado,475.2,9757.0,10771.0,28,28,94.53,0.956,20251031_073_pol_pro_Ran_ado_2025_11_Colorado2025_x009216_y010240
Unknown_Sample,20251031_073_pol_pro_Ran_ado_2025_11_Colorado2025.czi,Ran_ado,389.78,9438.0,10869.0,30,21,90.38,0.929,20251031_073_pol_pro_Ran_ado_2025_11_Colorado2025_x009216_y010240
Unknown_Sample,20251031_073_pol_pro_Ran_ado_2025_11_Colorado2025.czi,Ran_ado,474.43,9757.0,10771.0,28,28,94.53,0.956,20251031_073_pol_pro_Ran_ado_2025_11_Colorado2025_x009728_y010240
Unknown_Sample,20251031_073_pol_pro_Ran_ado_2025_11_Colorado2025.czi,Ran_ado,663.36,10319.0,10361.0,33,33,111.6,0.948,20251031_073_pol_pro_Ran_ado_2025_11_Colorado2025_x009728_y010240
Unknown_Sample,20251031_073_pol_pro_Ran_ado_2025_11_Colorado2025.czi,Ran_ado,679.13,10319.0,10361.0,33,34,113.01,0.948,20251031_073_pol_pro_Ran_ado_2025_11_Colorado2025_x010240_y010240
Unknown_Sample,20251031_073_pol_pro_Ran_ado_2025_11_Colorado2025.czi,Ran_ado,380.93,10869.0,10291.0,21,28,86.97,0.894,20251031_073_pol_pro_Ran_ado_2025_11_Colorado2025_x010240_y010240
Unknown_Sample,20251031_073_pol_pro_Ran_ado_2025_11_Colorado2025.czi,Ran_ado,559.85,10874.0,10291.0,33,28,101.01,0.942,20251031_073_pol_pro_Ran_ado_2025_11_Colorado2025_x010752_y010240
Unknown_Sample,20251031_073_pol_pro_Ran_ado_2025_11_Colorado2025.czi,Ran_ado,499.44,11456.0,10401.0,27,31,96.77,0.958,20251031_073_pol_pro_Ran_ado_2025_11_Colorado2025_x011264_y010240
Unknown_Sample,20251031_073_pol_pro_Ran_ado_2025_11_Colorado2025.czi,Ran_ado,485.97,11625.0,10663.0,30,28,96.18,0.958,20251031_073_pol_pro_Ran_ado_2025_11_Colorado2025_x011264_y010240
Unknown_Sample,20251031_073_pol_pro_Ran_ado_2025_11_Colorado2025.czi,Ran_ado,185.08,13729.0,10873.0,25,12,65.9,0.887,20251031_073_pol_pro_Ran_ado_2025_11_Colorado2025_x013312_y010240
Unknown_Sample,20251031_073_pol_pro_Ran_ado_2025_11_Colorado2025.czi,Ran_ado,581.01,3214.0,11359.0,30,32,103.6,0.958,20251031_073_pol_pro_Ran_ado_2025_11_Colorado2025_x003072_y010752
Unknown_Sample,20251031_073_pol_pro_Ran_ado_2025_11_Colorado2025.czi,Ran_ado,538.3,5154.0,11108.0,29,31,99.01,0.963,20251031_073_pol_pro_Ran_ado_2025_11_Colorado2025_x004608_y010752
Unknown_Sample,20251031_073_pol_pro_Ran_ado_2025_11_Colorado2025.czi,Ran_ado,522.91,5193.0,11176.0,31,28,98.18,0.961,20251031_073_pol_pro_Ran_ado_2025_11_Colorado2025_x004608_y010752
Unknown_Sample,20251031_073_pol_pro_Ran_ado_2025_11_Colorado2025.czi,Ran_ado,538.3,5154.0,11108.0,29,31,99.01,0.963,20251031_073_pol_pro_Ran_ado_2025_11_Colorado2025_x005120_y010752
Unknown_Sample,20251031_073_pol_pro_Ran_ado_2025_11_Colorado2025.czi,Ran_ado,522.91,5193.0,11176.0,31,28,98.18,0.96,20251031_073_pol_pro_Ran_ado_2025_11_Colorado2025_x005120_y010752
Unknown_Sample,20251031_073_pol_pro_Ran_ado_2025_11_Colorado2025.czi,Ran_ado,559.47,5698.0,11036.0,32,29,101.6,0.957,20251031_073_pol_pro_Ran_ado_2025_11_Colorado2025_x005120_y010752
Unknown_Sample,20251031_073_pol_pro_Ran_ado_2025_11_Colorado2025.czi,Ran_ado,559.47,5698.0,11036.0,32,29,101.6,0.957,20251031_073_pol_pro_Ran_ado_2025_11_Colorado2025_x005632_y010752
Unknown_Sample,20251031_073_pol_pro_Ran_ado_2025_11_Colorado2025.czi,Ran_ado,559.08,7650.0,11113.0,31,30,102.18,0.959,20251031_073_pol_pro_Ran_ado_2025_11_Colorado2025_x007168_y010752
Unknown_Sample,20251031_073_pol_pro_Ran_ado_2025_11_Colorado2025.czi,Ran_ado,507.14,8203.0,11291.0,32,27,96.43,0.957,20251031_073_pol_pro_Ran_ado_2025_11_Colorado2025_x007680_y010752
Unknown_Sample,20251031_073_pol_pro_Ran_ado_2025_11_Colorado2025.czi,Ran_ado,449.8,8204.0,11291.0,27,27,91.7,0.961,20251031_073_pol_pro_Ran_ado_2025_11_Colorado2025_x008192_y010752
Unknown_Sample,20251031_073_pol_pro_Ran_ado_2025_11_Colorado2025.czi,Ran_ado,439.03,8669.0,11240.0,29,25,91.7,0.953,20251031_073_pol_pro_Ran_ado_2025_11_Colorado2025_x008192_y010752
Unknown_Sample,20251031_073_pol_pro_Ran_ado_2025_11_Colorado2025.czi,Ran_ado,556.0,9258.0,11011.0,29,32,101.01,0.961,20251031_073_pol_pro_Ran_ado_2025_11_Colorado2025_x008704_y010752
Unknown_Sample,20251031_073_pol_pro_Ran_ado_2025_11_Colorado2025.czi,Ran_ado,536.76,8897.0,10964.0,30,29,99.36,0.959,20251031_073_pol_pro_Ran_ado_2025_11_Colorado2025_x008704_y010752
Unknown_Sample,20251031_073_pol_pro_Ran_ado_2025_11_Colorado2025.czi,Ran_ado,556.0,9258.0,11011.0,29,32,101.01,0.96,20251031_073_pol_pro_Ran_ado_2025_11_Colorado2025_x009216_y010752
Unknown_Sample,20251031_073_pol_pro_Ran_ado_2025_11_Colorado2025.czi,Ran_ado,479.43,9757.0,10771.0,28,28,93.94,0.958,20251031_073_pol_pro_Ran_ado_2025_11_Colorado2025_x009216_y010752
Unknown_Sample,20251031_073_pol_pro_Ran_ado_2025_11_Colorado2025.czi,Ran_ado,552.92,9438.0,10873.0,30,31,102.18,0.954,20251031_073_pol_pro_Ran_ado_2025_11_Colorado2025_x009216_y010752
Unknown_Sample,20251031_073_pol_pro_Ran_ado_2025_11_Colorado2025.czi,Ran_ado,479.43,9757.0,10771.0,28,28,93.94,0.958,20251031_073_pol_pro_Ran_ado_2025_11_Colorado2025_x009728_y010752
Unknown_Sample,20251031_073_pol_pro_Ran_ado_2025_11_Colorado2025.czi,Ran_ado,591.02,12287.0,10952.0,32,32,105.25,0.954,20251031_073_pol_pro_Ran_ado_2025_11_Colorado2025_x011776_y010752
Unknown_Sample,20251031_073_pol_pro_Ran_ado_2025_11_Colorado2025.czi,Ran_ado,438.65,12839.0,11239.0,28,26,91.11,0.959,20251031_073_pol_pro_Ran_ado_2025_11_Colorado2025_x012288_y010752
Unknown_Sample,20251031_073_pol_pro_Ran_ado_2025_11_Colorado2025.czi,Ran_ado,277.42,12295.0,10952.0,15,32,81.21,0.944,20251031_073_pol_pro_Ran_ado_2025_11_Colorado2025_x012288_y010752
Unknown_Sample,20251031_073_pol_pro_Ran_ado_2025_11_Colorado2025.czi,Ran_ado,470.58,13217.0,11329.0,28,27,92.53,0.956,20251031_073_pol_pro_Ran_ado_2025_11_Colorado2025_x012800_y010752
Unknown_Sample,20251031_073_pol_pro_Ran_ado_2025_11_Colorado2025.czi,Ran_ado,437.88,12839.0,11239.0,28,26,91.11,0.956,20251031_073_pol_pro_Ran_ado_2025_11_Colorado2025_x012800_y010752
Unknown_Sample,20251031_073_pol_pro_Ran_ado_2025_11_Colorado2025.czi,Ran_ado,539.46,12962.0,11001.0,31,29,99.6,0.952,20251031_073_pol_pro_Ran_ado_2025_11_Colorado2025_x012800_y010752
Unknown_Sample,20251031_073_pol_pro_Ran_ado_2025_11_Colorado2025.czi,Ran_ado,434.8,13407.0,11024.0,27,27,89.94,0.951,20251031_073_pol_pro_Ran_ado_2025_11_Colorado2025_x012800_y010752
Unknown_Sample,20251031_073_pol_pro_Ran_ado_2025_11_Colorado2025.czi,Ran_ado,515.22,13663.0,11299.0,30,28,98.53,0.957,20251031_073_pol_pro_Ran_ado_2025_11_Colorado2025_x013312_y010752
Unknown_Sample,20251031_073_pol_pro_Ran_ado_2025_11_Colorado2025.czi,Ran_ado,434.8,13407.0,11024.0,27,27,89.94,0.951,20251031_073_pol_pro_Ran_ado_2025_11_Colorado2025_x013312_y010752
Unknown_Sample,20251031_073_pol_pro_Ran_ado_2025_11_Colorado2025.czi,Ran_ado,394.01,13729.0,10879.0,26,25,85.11,0.95,20251031_073_pol_pro_Ran_ado_2025_11_Colorado2025_x013312_y010752
Unknown_Sample,20251031_073_pol_pro_Ran_ado_2025_11_Colorado2025.czi,Ran_ado,550.62,13983.0,11044.0,32,28,101.36,0.956,20251031_073_pol_pro_Ran_ado_2025_11_Colorado2025_x013824_y010752
Unknown_Sample,20251031_073_pol_pro_Ran_ado_2025_11_Colorado2025.czi,Ran_ado,580.24,3214.0,11359.0,30,32,103.6,0.959,20251031_073_pol_pro_Ran_ado_2025_11_Colorado2025_x003072_y011264
Unknown_Sample,20251031_073_pol_pro_Ran_ado_2025_11_Colorado2025.czi,Ran_ado,475.2,5709.0,11622.0,28,28,93.36,0.958,20251031_073_pol_pro_Ran_ado_2025_11_Colorado2025_x005120_y011264
Unknown_Sample,20251031_073_pol_pro_Ran_ado_2025_11_Colorado2025.czi,Ran_ado,475.2,5709.0,11622.0,28,28,93.36,0.958,20251031_073_pol_pro_Ran_ado_2025_11_Colorado2025_x005632_y011264
Unknown_Sample,20251031_073_pol_pro_Ran_ado_2025_11_Colorado2025.czi,Ran_ado,537.53,5984.0,11762.0,33,27,99.01,0.957,20251031_073_pol_pro_Ran_ado_2025_11_Colorado2025_x005632_y011264
Unknown_Sample,20251031_073_pol_pro_Ran_ado_2025_11_Colorado2025.czi,Ran_ado,520.6,7238.0,11722.0,29,29,97.36,0.956,20251031_073_pol_pro_Ran_ado_2025_11_Colorado2025_x006656_y011264
Unknown_Sample,20251031_073_pol_pro_Ran_ado_2025_11_Colorado2025.czi,Ran_ado,519.06,7238.0,11722.0,29,29,97.36,0.956,20251031_073_pol_pro_Ran_ado_2025_11_Colorado2025_x007168_y011264
Unknown_Sample,20251031_073_pol_pro_Ran_ado_2025_11_Colorado2025.czi,Ran_ado,476.35,7888.0,11793.0,27,30,93.6,0.96,20251031_073_pol_pro_Ran_ado_2025_11_Colorado2025_x007680_y011264
Unknown_Sample,20251031_073_pol_pro_Ran_ado_2025_11_Colorado2025.czi,Ran_ado,507.91,8203.0,11291.0,32,27,96.43,0.957,20251031_073_pol_pro_Ran_ado_2025_11_Colorado2025_x007680_y011264
Unknown_Sample,20251031_073_pol_pro_Ran_ado_2025_11_Colorado2025.czi,Ran_ado,450.19,8204.0,11291.0,27,27,92.28,0.961,20251031_073_pol_pro_Ran_ado_2025_11_Colorado2025_x008192_y011264
Unknown_Sample,20251031_073_pol_pro_Ran_ado_2025_11_Colorado2025.czi,Ran_ado,524.84,9170.0,11873.0,31,28,98.77,0.956,20251031_073_pol_pro_Ran_ado_2025_11_Colorado2025_x008704_y011264
Unknown_Sample,20251031_073_pol_pro_Ran_ado_2025_11_Colorado2025.czi,Ran_ado,444.8,9569.0,11653.0,27,27,89.94,0.958,20251031_073_pol_pro_Ran_ado_2025_11_Colorado2025_x009216_y011264
Unknown_Sample,20251031_073_pol_pro_Ran_ado_2025_11_Colorado2025.czi,Ran_ado,457.11,10202.0,11775.0,28,28,91.6,0.954,20251031_073_pol_pro_Ran_ado_2025_11_Colorado2025_x009728_y011264
Unknown_Sample,20251031_073_pol_pro_Ran_ado_2025_11_Colorado2025.czi,Ran_ado,419.79,11754.0,11435.0,26,27,87.36,0.949,20251031_073_pol_pro_Ran_ado_2025_11_Colorado2025_x011264_y011264
Unknown_Sample,20251031_073_pol_pro_Ran_ado_2025_11_Colorado2025.czi,Ran_ado,547.15,13401.0,11458.0,29,32,100.43,0.961,20251031_073_pol_pro_Ran_ado_2025_11_Colorado2025_x012800_y011264
Unknown_Sample,20251031_073_pol_pro_Ran_ado_2025_11_Colorado2025.czi,Ran_ado,469.43,13217.0,11329.0,28,27,91.94,0.957,20251031_073_pol_pro_Ran_ado_2025_11_Colorado2025_x012800_y011264
Unknown_Sample,20251031_073_pol_pro_Ran_ado_2025_11_Colorado2025.czi,Ran_ado,547.92,13401.0,11458.0,29,32,100.43,0.961,20251031_073_pol_pro_Ran_ado_2025_11_Colorado2025_x013312_y011264
Unknown_Sample,20251031_073_pol_pro_Ran_ado_2025_11_Colorado2025.czi,Ran_ado,515.22,13663.0,11299.0,30,28,98.53,0.957,20251031_073_pol_pro_Ran_ado_2025_11_Colorado2025_x013312_y011264
Unknown_Sample,20251031_073_pol_pro_Ran_ado_2025_11_Colorado2025.czi,Ran_ado,531.76,14657.0,11848.0,31,29,99.6,0.954,20251031_073_pol_pro_Ran_ado_2025_11_Colorado2025_x014336_y011264
Unknown_Sample,20251031_073_pol_pro_Ran_ado_2025_11_Colorado2025.czi,Ran_ado,534.84,15296.0,11424.0,29,30,98.77,0.954,20251031_073_pol_pro_Ran_ado_2025_11_Colorado2025_x014848_y011264
Unknown_Sample,20251031_073_pol_pro_Ran_ado_2025_11_Colorado2025.czi,Ran_ado,546.77,6384.0,12320.0,29,30,100.53,0.959,20251031_073_pol_pro_Ran_ado_2025_11_Colorado2025_x006144_y011776
Unknown_Sample,20251031_073_pol_pro_Ran_ado_2025_11_Colorado2025.czi,Ran_ado,504.06,7695.0,12142.0,30,28,96.77,0.958,20251031_073_pol_pro_Ran_ado_2025_11_Colorado2025_x007168_y011776
Unknown_Sample,20251031_073_pol_pro_Ran_ado_2025_11_Colorado2025.czi,Ran_ado,584.48,8046.0,12273.0,31,31,104.18,0.961,20251031_073_pol_pro_Ran_ado_2025_11_Colorado2025_x007680_y011776
Unknown_Sample,20251031_073_pol_pro_Ran_ado_2025_11_Colorado2025.czi,Ran_ado,477.51,7888.0,11793.0,27,30,94.18,0.961,20251031_073_pol_pro_Ran_ado_2025_11_Colorado2025_x007680_y011776
Unknown_Sample,20251031_073_pol_pro_Ran_ado_2025_11_Colorado2025.czi,Ran_ado,577.93,7828.0,12188.0,29,33,103.6,0.96,20251031_073_pol_pro_Ran_ado_2025_11_Colorado2025_x007680_y011776
Unknown_Sample,20251031_073_pol_pro_Ran_ado_2025_11_Colorado2025.czi,Ran_ado,508.29,7695.0,12142.0,30,28,97.36,0.956,20251031_073_pol_pro_Ran_ado_2025_11_Colorado2025_x007680_y011776
Unknown_Sample,20251031_073_pol_pro_Ran_ado_2025_11_Colorado2025.czi,Ran_ado,523.3,9170.0,11873.0,31,28,98.77,0.957,20251031_073_pol_pro_Ran_ado_2025_11_Colorado2025_x008704_y011776
Unknown_Sample,20251031_073_pol_pro_Ran_ado_2025_11_Colorado2025.czi,Ran_ado,551.77,8959.0,12174.0,29,32,101.6,0.955,20251031_073_pol_pro_Ran_ado_2025_11_Colorado2025_x008704_y011776
Unknown_Sample,20251031_073_pol_pro_Ran_ado_2025_11_Colorado2025.czi,Ran_ado,480.2,10209.0,11923.0,28,29,95.94,0.947,20251031_073_pol_pro_Ran_ado_2025_11_Colorado2025_x009728_y011776
Unknown_Sample,20251031_073_pol_pro_Ran_ado_2025_11_Colorado2025.czi,Ran_ado,194.7,10202.0,11782.0,27,13,68.97,0.946,20251031_073_pol_pro_Ran_ado_2025_11_Colorado2025_x009728_y011776
Unknown_Sample,20251031_073_pol_pro_Ran_ado_2025_11_Colorado2025.czi,Ran_ado,529.84,11342.0,12212.0,31,28,98.18,0.953,20251031_073_pol_pro_Ran_ado_2025_11_Colorado2025_x010752_y011776
Unknown_Sample,20251031_073_pol_pro_Ran_ado_2025_11_Colorado2025.czi,Ran_ado,441.34,11244.0,11936.0,29,25,90.53,0.952,20251031_073_pol_pro_Ran_ado_2025_11_Colorado2025_x010752_y011776
Unknown_Sample,20251031_073_pol_pro_Ran_ado_2025_11_Colorado2025.czi,Ran_ado,533.3,11342.0,12212.0,31,28,97.6,0.951,20251031_073_pol_pro_Ran_ado_2025_11_Colorado2025_x011264_y011776
Unknown_Sample,20251031_073_pol_pro_Ran_ado_2025_11_Colorado2025.czi,Ran_ado,920.39,12757.0,12393.0,39,40,130.57,0.957,20251031_073_pol_pro_Ran_ado_2025_11_Colorado2025_x012288_y011776
Unknown_Sample,20251031_073_pol_pro_Ran_ado_2025_11_Colorado2025.czi,Ran_ado,658.35,13558.0,12152.0,31,35,109.84,0.958,20251031_073_pol_pro_Ran_ado_2025_11_Colorado2025_x013312_y011776
Unknown_Sample,20251031_073_pol_pro_Ran_ado_2025_11_Colorado2025.czi,Ran_ado,531.76,14657.0,11848.0,31,29,99.6,0.955,20251031_073_pol_pro_Ran_ado_2025_11_Colorado2025_x014336_y011776
Unknown_Sample,20251031_073_pol_pro_Ran_ado_2025_11_Colorado2025.czi,Ran_ado,708.37,16454.0,12279.0,34,34,113.84,0.957,20251031_073_pol_pro_Ran_ado_2025_11_Colorado2025_x015872_y011776
Unknown_Sample,20251031_073_pol_pro_Ran_ado_2025_11_Colorado2025.czi,Ran_ado,551.39,16499.0,12087.0,26,32,104.38,0.943,20251031_073_pol_pro_Ran_ado_2025_11_Colorado2025_x015872_y011776
Unknown_Sample,20251031_073_pol_pro_Ran_ado_2025_11_Colorado2025.czi,Ran_ado,706.83,16454.0,12279.0,34,34,113.84,0.957,20251031_073_pol_pro_Ran_ado_2025_11_Colorado2025_x016384_y011776
Unknown_Sample,20251031_073_pol_pro_Ran_ado_2025_11_Colorado2025.czi,Ran_ado,669.51,16501.0,12087.0,34,32,110.43,0.957,20251031_073_pol_pro_Ran_ado_2025_11_Colorado2025_x016384_y011776
Unknown_Sample,20251031_073_pol_pro_Ran_ado_2025_11_Colorado2025.czi,Ran_ado,592.56,4053.0,12732.0,31,32,104.43,0.962,20251031_073_pol_pro_Ran_ado_2025_11_Colorado2025_x003584_y012288
Unknown_Sample,20251031_073_pol_pro_Ran_ado_2025_11_Colorado2025.czi,Ran_ado,496.75,4411.0,12591.0,30,27,96.53,0.959,20251031_073_pol_pro_Ran_ado_2025_11_Colorado2025_x004096_y012288
Unknown_Sample,20251031_073_pol_pro_Ran_ado_2025_11_Colorado2025.czi,Ran_ado,546.77,6384.0,12320.0,29,30,100.53,0.959,20251031_073_pol_pro_Ran_ado_2025_11_Colorado2025_x006144_y012288
Unknown_Sample,20251031_073_pol_pro_Ran_ado_2025_11_Colorado2025.czi,Ran_ado,446.73,6771.0,12519.0,26,27,93.21,0.943,20251031_073_pol_pro_Ran_ado_2025_11_Colorado2025_x006144_y012288
Unknown_Sample,20251031_073_pol_pro_Ran_ado_2025_11_Colorado2025.czi,Ran_ado,503.29,6772.0,12518.0,30,28,95.6,0.958,20251031_073_pol_pro_Ran_ado_2025_11_Colorado2025_x006656_y012288
Unknown_Sample,20251031_073_pol_pro_Ran_ado_2025_11_Colorado2025.czi,Ran_ado,406.32,7272.0,12526.0,27,25,87.11,0.954,20251031_073_pol_pro_Ran_ado_2025_11_Colorado2025_x006656_y012288
Unknown_Sample,20251031_073_pol_pro_Ran_ado_2025_11_Colorado2025.czi,Ran_ado,588.71,7616.0,12891.0,30,32,103.6,0.96,20251031_073_pol_pro_Ran_ado_2025_11_Colorado2025_x007168_y012288
Unknown_Sample,20251031_073_pol_pro_Ran_ado_2025_11_Colorado2025.czi,Ran_ado,406.32,7272.0,12526.0,27,25,87.11,0.953,20251031_073_pol_pro_Ran_ado_2025_11_Colorado2025_x007168_y012288
Unknown_Sample,20251031_073_pol_pro_Ran_ado_2025_11_Colorado2025.czi,Ran_ado,200.47,7801.0,12620.0,12,28,70.73,0.888,20251031_073_pol_pro_Ran_ado_2025_11_Colorado2025_x007168_y012288
Unknown_Sample,20251031_073_pol_pro_Ran_ado_2025_11_Colorado2025.czi,Ran_ado,552.15,7810.0,12620.0,31,29,101.36,0.963,20251031_073_pol_pro_Ran_ado_2025_11_Colorado2025_x007680_y012288
Unknown_Sample,20251031_073_pol_pro_Ran_ado_2025_11_Colorado2025.czi,Ran_ado,503.29,8586.0,12484.0,30,28,96.77,0.96,20251031_073_pol_pro_Ran_ado_2025_11_Colorado2025_x008192_y012288
Unknown_Sample,20251031_073_pol_pro_Ran_ado_2025_11_Colorado2025.czi,Ran_ado,211.24,9060.0,12921.0,29,12,72.73,0.896,20251031_073_pol_pro_Ran_ado_2025_11_Colorado2025_x008704_y012288
Unknown_Sample,20251031_073_pol_pro_Ran_ado_2025_11_Colorado2025.czi,Ran_ado,565.62,9599.0,12908.0,29,31,101.94,0.956,20251031_073_pol_pro_Ran_ado_2025_11_Colorado2025_x009216_y012288
Unknown_Sample,20251031_073_pol_pro_Ran_ado_2025_11_Colorado2025.czi,Ran_ado,532.53,11438.0,12531.0,29,30,98.77,0.958,20251031_073_pol_pro_Ran_ado_2025_11_Colorado2025_x011264_y012288
Unknown_Sample,20251031_073_pol_pro_Ran_ado_2025_11_Colorado2025.czi,Ran_ado,519.45,11845.0,12769.0,28,30,99.11,0.957,20251031_073_pol_pro_Ran_ado_2025_11_Colorado2025_x011264_y012288
Unknown_Sample,20251031_073_pol_pro_Ran_ado_2025_11_Colorado2025.czi,Ran_ado,495.59,11780.0,12435.0,29,28,97.11,0.956,20251031_073_pol_pro_Ran_ado_2025_11_Colorado2025_x011264_y012288
Unknown_Sample,20251031_073_pol_pro_Ran_ado_2025_11_Colorado2025.czi,Ran_ado,316.67,11785.0,12435.0,19,28,82.38,0.957,20251031_073_pol_pro_Ran_ado_2025_11_Colorado2025_x011776_y012288
Unknown_Sample,20251031_073_pol_pro_Ran_ado_2025_11_Colorado2025.czi,Ran_ado,519.06,11845.0,12769.0,28,30,98.53,0.957,20251031_073_pol_pro_Ran_ado_2025_11_Colorado2025_x011776_y012288
Unknown_Sample,20251031_073_pol_pro_Ran_ado_2025_11_Colorado2025.czi,Ran_ado,917.69,12757.0,12393.0,39,40,129.98,0.959,20251031_073_pol_pro_Ran_ado_2025_11_Colorado2025_x012288_y012288
Unknown_Sample,20251031_073_pol_pro_Ran_ado_2025_11_Colorado2025.czi,Ran_ado,449.8,13928.0,12623.0,29,25,91.7,0.957,20251031_073_pol_pro_Ran_ado_2025_11_Colorado2025_x013312_y012288
Unknown_Sample,20251031_073_pol_pro_Ran_ado_2025_11_Colorado2025.czi,Ran_ado,438.26,13929.0,12623.0,28,25,90.87,0.957,20251031_073_pol_pro_Ran_ado_2025_11_Colorado2025_x013824_y012288
Unknown_Sample,20251031_073_pol_pro_Ran_ado_2025_11_Colorado2025.czi,Ran_ado,536.38,13988.0,12663.0,30,29,98.77,0.956,20251031_073_pol_pro_Ran_ado_2025_11_Colorado2025_x013824_y012288
Unknown_Sample,20251031_073_pol_pro_Ran_ado_2025_11_Colorado2025.czi,Ran_ado,602.18,3117.0,13017.0,32,31,105.01,0.954,20251031_073_pol_pro_Ran_ado_2025_11_Colorado2025_x002560_y012800
Unknown_Sample,20251031_073_pol_pro_Ran_ado_2025_11_Colorado2025.czi,Ran_ado,592.56,3117.0,13017.0,32,30,104.77,0.957,20251031_073_pol_pro_Ran_ado_2025_11_Colorado2025_x003072_y012800
Unknown_Sample,20251031_073_pol_pro_Ran_ado_2025_11_Colorado2025.czi,Ran_ado,576.78,3872.0,13003.0,32,31,103.84,0.96,20251031_073_pol_pro_Ran_ado_2025_11_Colorado2025_x003584_y012800
Unknown_Sample,20251031_073_pol_pro_Ran_ado_2025_11_Colorado2025.czi,Ran_ado,550.62,4352.0,13355.0,31,29,101.36,0.957,20251031_073_pol_pro_Ran_ado_2025_11_Colorado2025_x004096_y012800
Unknown_Sample,20251031_073_pol_pro_Ran_ado_2025_11_Colorado2025.czi,Ran_ado,573.32,5079.0,13077.0,32,30,102.43,0.96,20251031_073_pol_pro_Ran_ado_2025_11_Colorado2025_x004608_y012800
Unknown_Sample,20251031_073_pol_pro_Ran_ado_2025_11_Colorado2025.czi,Ran_ado,479.43,5890.0,13055.0,29,28,93.6,0.955,20251031_073_pol_pro_Ran_ado_2025_11_Colorado2025_x005632_y012800
Unknown_Sample,20251031_073_pol_pro_Ran_ado_2025_11_Colorado2025.czi,Ran_ado,530.99,6351.0,13383.0,31,28,97.6,0.96,20251031_073_pol_pro_Ran_ado_2025_11_Colorado2025_x006144_y012800
Unknown_Sample,20251031_073_pol_pro_Ran_ado_2025_11_Colorado2025.czi,Ran_ado,588.32,7616.0,12891.0,30,32,103.01,0.96,20251031_073_pol_pro_Ran_ado_2025_11_Colorado2025_x007168_y012800
Unknown_Sample,20251031_073_pol_pro_Ran_ado_2025_11_Colorado2025.czi,Ran_ado,340.53,8281.0,12943.0,23,24,80.04,0.944,20251031_073_pol_pro_Ran_ado_2025_11_Colorado2025_x007680_y012800
Unknown_Sample,20251031_073_pol_pro_Ran_ado_2025_11_Colorado2025.czi,Ran_ado,508.29,8796.0,13137.0,31,27,97.36,0.949,20251031_073_pol_pro_Ran_ado_2025_11_Colorado2025_x008192_y012800
Unknown_Sample,20251031_073_pol_pro_Ran_ado_2025_11_Colorado2025.czi,Ran_ado,343.61,8281.0,12943.0,23,24,80.04,0.942,20251031_073_pol_pro_Ran_ado_2025_11_Colorado2025_x008192_y012800
Unknown_Sample,20251031_073_pol_pro_Ran_ado_2025_11_Colorado2025.czi,Ran_ado,492.51,9060.0,12928.0,29,27,95.11,0.962,20251031_073_pol_pro_Ran_ado_2025_11_Colorado2025_x008704_y012800
Unknown_Sample,20251031_073_pol_pro_Ran_ado_2025_11_Colorado2025.czi,Ran_ado,509.06,8796.0,13137.0,31,27,97.36,0.95,20251031_073_pol_pro_Ran_ado_2025_11_Colorado2025_x008704_y012800
Unknown_Sample,20251031_073_pol_pro_Ran_ado_2025_11_Colorado2025.czi,Ran_ado,558.7,9599.0,12908.0,29,31,101.94,0.96,20251031_073_pol_pro_Ran_ado_2025_11_Colorado2025_x009216_y012800
Unknown_Sample,20251031_073_pol_pro_Ran_ado_2025_11_Colorado2025.czi,Ran_ado,520.6,14433.0,13094.0,30,30,99.01,0.947,20251031_073_pol_pro_Ran_ado_2025_11_Colorado2025_x013824_y012800
Unknown_Sample,20251031_073_pol_pro_Ran_ado_2025_11_Colorado2025.czi,Ran_ado,537.15,14940.0,13151.0,28,32,99.6,0.953,20251031_073_pol_pro_Ran_ado_2025_11_Colorado2025_x014336_y012800
Unknown_Sample,20251031_073_pol_pro_Ran_ado_2025_11_Colorado2025.czi,Ran_ado,521.76,14433.0,13094.0,30,30,98.43,0.946,20251031_073_pol_pro_Ran_ado_2025_11_Colorado2025_x014336_y012800
Unknown_Sample,20251031_073_pol_pro_Ran_ado_2025_11_Colorado2025.czi,Ran_ado,445.96,14776.0,13026.0,28,26,90.53,0.942,20251031_073_pol_pro_Ran_ado_2025_11_Colorado2025_x014336_y012800
Unknown_Sample,20251031_073_pol_pro_Ran_ado_2025_11_Colorado2025.czi,Ran_ado,629.11,15373.0,13322.0,33,32,106.67,0.958,20251031_073_pol_pro_Ran_ado_2025_11_Colorado2025_x014848_y012800
Unknown_Sample,20251031_073_pol_pro_Ran_ado_2025_11_Colorado2025.czi,Ran_ado,537.15,14940.0,13151.0,28,32,99.6,0.953,20251031_073_pol_pro_Ran_ado_2025_11_Colorado2025_x014848_y012800
Unknown_Sample,20251031_073_pol_pro_Ran_ado_2025_11_Colorado2025.czi,Ran_ado,596.4,15374.0,13323.0,30,32,104.77,0.959,20251031_073_pol_pro_Ran_ado_2025_11_Colorado2025_x015360_y012800
Unknown_Sample,20251031_073_pol_pro_Ran_ado_2025_11_Colorado2025.czi,Ran_ado,552.54,3089.0,13848.0,30,30,100.77,0.953,20251031_073_pol_pro_Ran_ado_2025_11_Colorado2025_x002560_y013312
Unknown_Sample,20251031_073_pol_pro_Ran_ado_2025_11_Colorado2025.czi,Ran_ado,544.07,3089.0,13848.0,30,30,99.6,0.955,20251031_073_pol_pro_Ran_ado_2025_11_Colorado2025_x003072_y013312
Unknown_Sample,20251031_073_pol_pro_Ran_ado_2025_11_Colorado2025.czi,Ran_ado,546.77,3748.0,13685.0,29,30,100.53,0.963,20251031_073_pol_pro_Ran_ado_2025_11_Colorado2025_x003584_y013312
Unknown_Sample,20251031_073_pol_pro_Ran_ado_2025_11_Colorado2025.czi,Ran_ado,550.62,4352.0,13355.0,31,29,101.36,0.957,20251031_073_pol_pro_Ran_ado_2025_11_Colorado2025_x004096_y013312
Unknown_Sample,20251031_073_pol_pro_Ran_ado_2025_11_Colorado2025.czi,Ran_ado,597.94,5424.0,13643.0,33,30,104.43,0.961,20251031_073_pol_pro_Ran_ado_2025_11_Colorado2025_x005120_y013312
Unknown_Sample,20251031_073_pol_pro_Ran_ado_2025_11_Colorado2025.czi,Ran_ado,609.49,6470.0,13484.0,31,32,106.77,0.964,20251031_073_pol_pro_Ran_ado_2025_11_Colorado2025_x006144_y013312
Unknown_Sample,20251031_073_pol_pro_Ran_ado_2025_11_Colorado2025.czi,Ran_ado,529.07,6351.0,13383.0,31,28,98.18,0.96,20251031_073_pol_pro_Ran_ado_2025_11_Colorado2025_x006144_y013312
Unknown_Sample,20251031_073_pol_pro_Ran_ado_2025_11_Colorado2025.czi,Ran_ado,563.7,8792.0,13478.0,31,30,101.01,0.957,20251031_073_pol_pro_Ran_ado_2025_11_Colorado2025_x008192_y013312
Unknown_Sample,20251031_073_pol_pro_Ran_ado_2025_11_Colorado2025.czi,Ran_ado,516.37,8424.0,13859.0,30,28,97.94,0.954,20251031_073_pol_pro_Ran_ado_2025_11_Colorado2025_x008192_y013312
Unknown_Sample,20251031_073_pol_pro_Ran_ado_2025_11_Colorado2025.czi,Ran_ado,559.47,9003.0,13832.0,32,29,102.77,0.961,20251031_073_pol_pro_Ran_ado_2025_11_Colorado2025_x008704_y013312
Unknown_Sample,20251031_073_pol_pro_Ran_ado_2025_11_Colorado2025.czi,Ran_ado,563.7,8792.0,13478.0,31,30,101.01,0.957,20251031_073_pol_pro_Ran_ado_2025_11_Colorado2025_x008704_y013312
Unknown_Sample,20251031_073_pol_pro_Ran_ado_2025_11_Colorado2025.czi,Ran_ado,523.3,9122.0,13873.0,30,29,98.77,0.956,20251031_073_pol_pro_Ran_ado_2025_11_Colorado2025_x008704_y013312
Unknown_Sample,20251031_073_pol_pro_Ran_ado_2025_11_Colorado2025.czi,Ran_ado,520.99,10710.0,13570.0,31,28,98.77,0.957,20251031_073_pol_pro_Ran_ado_2025_11_Colorado2025_x010240_y013312
Unknown_Sample,20251031_073_pol_pro_Ran_ado_2025_11_Colorado2025.czi,Ran_ado,520.6,11292.0,13693.0,31,27,97.36,0.957,20251031_073_pol_pro_Ran_ado_2025_11_Colorado2025_x010752_y013312
Unknown_Sample,20251031_073_pol_pro_Ran_ado_2025_11_Colorado2025.czi,Ran_ado,524.07,11292.0,13693.0,31,27,97.94,0.954,20251031_073_pol_pro_Ran_ado_2025_11_Colorado2025_x011264_y013312
Unknown_Sample,20251031_073_pol_pro_Ran_ado_2025_11_Colorado2025.czi,Ran_ado,523.3,11763.0,13841.0,31,29,98.43,0.953,20251031_073_pol_pro_Ran_ado_2025_11_Colorado2025_x011264_y013312
Unknown_Sample,20251031_073_pol_pro_Ran_ado_2025_11_Colorado2025.czi,Ran_ado,577.17,12527.0,13871.0,29,33,102.43,0.954,20251031_073_pol_pro_Ran_ado_2025_11_Colorado2025_x012288_y013312
Unknown_Sample,20251031_073_pol_pro_Ran_ado_2025_11_Colorado2025.czi,Ran_ado,494.82,13508.0,13823.0,27,30,95.94,0.953,20251031_073_pol_pro_Ran_ado_2025_11_Colorado2025_x013312_y013312
Unknown_Sample,20251031_073_pol_pro_Ran_ado_2025_11_Colorado2025.czi,Ran_ado,525.99,13729.0,13547.0,31,28,99.36,0.949,20251031_073_pol_pro_Ran_ado_2025_11_Colorado2025_x013312_y013312
Unknown_Sample,20251031_073_pol_pro_Ran_ado_2025_11_Colorado2025.czi,Ran_ado,669.13,14076.0,13713.0,34,32,111.01,0.948,20251031_073_pol_pro_Ran_ado_2025_11_Colorado2025_x013824_y013312
Unknown_Sample,20251031_073_pol_pro_Ran_ado_2025_11_Colorado2025.czi,Ran_ado,551.39,15373.0,13324.0,33,27,102.53,0.96,20251031_073_pol_pro_Ran_ado_2025_11_Colorado2025_x014848_y013312
Unknown_Sample,20251031_073_pol_pro_Ran_ado_2025_11_Colorado2025.czi,Ran_ado,517.14,15374.0,13325.0,30,27,99.46,0.96,20251031_073_pol_pro_Ran_ado_2025_11_Colorado2025_x015360_y013312
Unknown_Sample,20251031_073_pol_pro_Ran_ado_2025_11_Colorado2025.czi,Ran_ado,562.54,3089.0,13848.0,30,30,100.77,0.951,20251031_073_pol_pro_Ran_ado_2025_11_Colorado2025_x002560_y013824
Unknown_Sample,20251031_073_pol_pro_Ran_ado_2025_11_Colorado2025.czi,Ran_ado,541.0,3089.0,13848.0,30,30,100.77,0.955,20251031_073_pol_pro_Ran_ado_2025_11_Colorado2025_x003072_y013824
Unknown_Sample,20251031_073_pol_pro_Ran_ado_2025_11_Colorado2025.czi,Ran_ado,619.88,4537.0,14062.0,30,34,107.01,0.955,20251031_073_pol_pro_Ran_ado_2025_11_Colorado2025_x004096_y013824
Unknown_Sample,20251031_073_pol_pro_Ran_ado_2025_11_Colorado2025.czi,Ran_ado,549.08,5213.0,14065.0,30,30,100.18,0.957,20251031_073_pol_pro_Ran_ado_2025_11_Colorado2025_x004608_y013824
Unknown_Sample,20251031_073_pol_pro_Ran_ado_2025_11_Colorado2025.czi,Ran_ado,549.08,5213.0,14065.0,30,30,100.18,0.957,20251031_073_pol_pro_Ran_ado_2025_11_Colorado2025_x005120_y013824
Unknown_Sample,20251031_073_pol_pro_Ran_ado_2025_11_Colorado2025.czi,Ran_ado,504.06,7074.0,14267.0,29,29,96.77,0.959,20251031_073_pol_pro_Ran_ado_2025_11_Colorado2025_x006656_y013824
Unknown_Sample,20251031_073_pol_pro_Ran_ado_2025_11_Colorado2025.czi,Ran_ado,518.29,7582.0,14344.0,29,29,97.36,0.959,20251031_073_pol_pro_Ran_ado_2025_11_Colorado2025_x007168_y013824
Unknown_Sample,20251031_073_pol_pro_Ran_ado_2025_11_Colorado2025.czi,Ran_ado,561.39,7687.0,14216.0,32,28,100.18,0.959,20251031_073_pol_pro_Ran_ado_2025_11_Colorado2025_x007168_y013824
Unknown_Sample,20251031_073_pol_pro_Ran_ado_2025_11_Colorado2025.czi,Ran_ado,412.1,7691.0,14217.0,23,28,89.21,0.96,20251031_073_pol_pro_Ran_ado_2025_11_Colorado2025_x007680_y013824
Unknown_Sample,20251031_073_pol_pro_Ran_ado_2025_11_Colorado2025.czi,Ran_ado,516.37,8424.0,13859.0,30,28,97.94,0.954,20251031_073_pol_pro_Ran_ado_2025_11_Colorado2025_x008192_y013824
Unknown_Sample,20251031_073_pol_pro_Ran_ado_2025_11_Colorado2025.czi,Ran_ado,451.73,9004.0,13835.0,32,23,95.46,0.96,20251031_073_pol_pro_Ran_ado_2025_11_Colorado2025_x008704_y013824
Unknown_Sample,20251031_073_pol_pro_Ran_ado_2025_11_Colorado2025.czi,Ran_ado,522.53,9122.0,13873.0,30,29,98.77,0.956,20251031_073_pol_pro_Ran_ado_2025_11_Colorado2025_x008704_y013824
Unknown_Sample,20251031_073_pol_pro_Ran_ado_2025_11_Colorado2025.czi,Ran_ado,500.59,10004.0,14004.0,28,29,96.53,0.953,20251031_073_pol_pro_Ran_ado_2025_11_Colorado2025_x009728_y013824
Unknown_Sample,20251031_073_pol_pro_Ran_ado_2025_11_Colorado2025.czi,Ran_ado,201.24,10361.0,14024.0,12,28,70.73,0.884,20251031_073_pol_pro_Ran_ado_2025_11_Colorado2025_x009728_y013824
Unknown_Sample,20251031_073_pol_pro_Ran_ado_2025_11_Colorado2025.czi,Ran_ado,504.44,10369.0,14025.0,28,30,97.36,0.957,20251031_073_pol_pro_Ran_ado_2025_11_Colorado2025_x010240_y013824
Unknown_Sample,20251031_073_pol_pro_Ran_ado_2025_11_Colorado2025.czi,Ran_ado,524.84,10796.0,14085.0,31,28,98.77,0.954,20251031_073_pol_pro_Ran_ado_2025_11_Colorado2025_x010240_y013824
Unknown_Sample,20251031_073_pol_pro_Ran_ado_2025_11_Colorado2025.czi,Ran_ado,499.82,10700.0,14047.0,28,29,95.36,0.95,20251031_073_pol_pro_Ran_ado_2025_11_Colorado2025_x010240_y013824
Unknown_Sample,20251031_073_pol_pro_Ran_ado_2025_11_Colorado2025.czi,Ran_ado,517.14,10796.0,14084.0,30,28,97.94,0.953,20251031_073_pol_pro_Ran_ado_2025_11_Colorado2025_x010752_y013824
Unknown_Sample,20251031_073_pol_pro_Ran_ado_2025_11_Colorado2025.czi,Ran_ado,534.84,11763.0,13841.0,32,29,100.43,0.953,20251031_073_pol_pro_Ran_ado_2025_11_Colorado2025_x011264_y013824
Unknown_Sample,20251031_073_pol_pro_Ran_ado_2025_11_Colorado2025.czi,Ran_ado,576.4,12527.0,13871.0,29,33,102.43,0.954,20251031_073_pol_pro_Ran_ado_2025_11_Colorado2025_x012288_y013824
Unknown_Sample,20251031_073_pol_pro_Ran_ado_2025_11_Colorado2025.czi,Ran_ado,531.76,12685.0,13958.0,30,30,98.43,0.951,20251031_073_pol_pro_Ran_ado_2025_11_Colorado2025_x012288_y013824
Unknown_Sample,20251031_073_pol_pro_Ran_ado_2025_11_Colorado2025.czi,Ran_ado,519.45,12520.0,14149.0,30,29,96.43,0.945,20251031_073_pol_pro_Ran_ado_2025_11_Colorado2025_x012288_y013824
Unknown_Sample,20251031_073_pol_pro_Ran_ado_2025_11_Colorado2025.czi,Ran_ado,223.94,13509.0,13830.0,27,15,71.8,0.945,20251031_073_pol_pro_Ran_ado_2025_11_Colorado2025_x013312_y013824
Unknown_Sample,20251031_073_pol_pro_Ran_ado_2025_11_Colorado2025.czi,Ran_ado,549.46,14837.0,14295.0,29,31,99.6,0.949,20251031_073_pol_pro_Ran_ado_2025_11_Colorado2025_x014336_y013824
Unknown_Sample,20251031_073_pol_pro_Ran_ado_2025_11_Colorado2025.czi,Ran_ado,551.0,5023.0,14689.0,31,30,101.6,0.959,20251031_073_pol_pro_Ran_ado_2025_11_Colorado2025_x004608_y014336
Unknown_Sample,20251031_073_pol_pro_Ran_ado_2025_11_Colorado2025.czi,Ran_ado,622.57,5963.0,14711.0,35,30,106.08,0.958,20251031_073_pol_pro_Ran_ado_2025_11_Colorado2025_x005632_y014336
Unknown_Sample,20251031_073_pol_pro_Ran_ado_2025_11_Colorado2025.czi,Ran_ado,556.0,6408.0,14826.0,31,30,101.01,0.96,20251031_073_pol_pro_Ran_ado_2025_11_Colorado2025_x006144_y014336
Unknown_Sample,20251031_073_pol_pro_Ran_ado_2025_11_Colorado2025.czi,Ran_ado,569.85,6749.0,14958.0,31,30,102.18,0.954,20251031_073_pol_pro_Ran_ado_2025_11_Colorado2025_x006144_y014336
Unknown_Sample,20251031_073_pol_pro_Ran_ado_2025_11_Colorado2025.czi,Ran_ado,569.85,6749.0,14958.0,31,30,102.18,0.954,20251031_073_pol_pro_Ran_ado_2025_11_Colorado2025_x006656_y014336
Unknown_Sample,20251031_073_pol_pro_Ran_ado_2025_11_Colorado2025.czi,Ran_ado,414.4,7582.0,14346.0,29,23,90.04,0.956,20251031_073_pol_pro_Ran_ado_2025_11_Colorado2025_x007168_y014336
Unknown_Sample,20251031_073_pol_pro_Ran_ado_2025_11_Colorado2025.czi,Ran_ado,452.11,8614.0,14924.0,27,28,91.36,0.951,20251031_073_pol_pro_Ran_ado_2025_11_Colorado2025_x008192_y014336
Unknown_Sample,20251031_073_pol_pro_Ran_ado_2025_11_Colorado2025.czi,Ran_ado,302.43,9540.0,14520.0,23,22,75.46,0.942,20251031_073_pol_pro_Ran_ado_2025_11_Colorado2025_x009216_y014336
Unknown_Sample,20251031_073_pol_pro_Ran_ado_2025_11_Colorado2025.czi,Ran_ado,606.02,12968.0,14817.0,33,31,105.84,0.951,20251031_073_pol_pro_Ran_ado_2025_11_Colorado2025_x012800_y014336
Unknown_Sample,20251031_073_pol_pro_Ran_ado_2025_11_Colorado2025.czi,Ran_ado,485.2,4951.0,15306.0,28,28,94.53,0.957,20251031_073_pol_pro_Ran_ado_2025_11_Colorado2025_x004608_y014848
Unknown_Sample,20251031_073_pol_pro_Ran_ado_2025_11_Colorado2025.czi,Ran_ado,571.01,6749.0,14958.0,31,31,102.43,0.958,20251031_073_pol_pro_Ran_ado_2025_11_Colorado2025_x006144_y014848
Unknown_Sample,20251031_073_pol_pro_Ran_ado_2025_11_Colorado2025.czi,Ran_ado,571.39,6749.0,14958.0,31,31,103.01,0.959,20251031_073_pol_pro_Ran_ado_2025_11_Colorado2025_x006656_y014848
Unknown_Sample,20251031_073_pol_pro_Ran_ado_2025_11_Colorado2025.czi,Ran_ado,452.11,8614.0,14924.0,27,28,91.36,0.95,20251031_073_pol_pro_Ran_ado_2025_11_Colorado2025_x008192_y014848
Unknown_Sample,20251031_073_pol_pro_Ran_ado_2025_11_Colorado2025.czi,Ran_ado,602.18,9056.0,15154.0,30,33,105.01,0.95,20251031_073_pol_pro_Ran_ado_2025_11_Colorado2025_x008704_y014848
Unknown_Sample,20251031_073_pol_pro_Ran_ado_2025_11_Colorado2025.czi,Ran_ado,520.22,11916.0,15176.0,30,29,97.6,0.95,20251031_073_pol_pro_Ran_ado_2025_11_Colorado2025_x011776_y014848
Unknown_Sample,20251031_073_pol_pro_Ran_ado_2025_11_Colorado2025.czi,Ran_ado,507.91,14556.0,15230.0,28,29,97.11,0.927,20251031_073_pol_pro_Ran_ado_2025_11_Colorado2025_x014336_y014848
Unknown_Sample,20251031_073_pol_pro_Ran_ado_2025_11_Colorado2025.czi,Ran_ado,599.87,4559.0,15963.0,32,31,105.01,0.96,20251031_073_pol_pro_Ran_ado_2025_11_Colorado2025_x004096_y015360
Unknown_Sample,20251031_073_pol_pro_Ran_ado_2025_11_Colorado2025.czi,Ran_ado,510.98,8167.0,15847.0,29,29,96.77,0.957,20251031_073_pol_pro_Ran_ado_2025_11_Colorado2025_x007680_y015360
Unknown_Sample,20251031_073_pol_pro_Ran_ado_2025_11_Colorado2025.czi,Ran_ado,439.42,10738.0,15523.0,28,26,88.77,0.944,20251031_073_pol_pro_Ran_ado_2025_11_Colorado2025_x010240_y015360
Unknown_Sample,20251031_073_pol_pro_Ran_ado_2025_11_Colorado2025.czi,Ran_ado,510.21,13840.0,15986.0,30,27,97.11,0.933,20251031_073_pol_pro_Ran_ado_2025_11_Colorado2025_x013312_y015360
Unknown_Sample,20251031_073_pol_pro_Ran_ado_2025_11_Colorado2025.czi,Ran_ado,514.45,13840.0,15986.0,30,27,97.7,0.928,20251031_073_pol_pro_Ran_ado_2025_11_Colorado2025_x013824_y015360
Unknown_Sample,20251031_073_pol_pro_Ran_ado_2025_11_Colorado2025.czi,Ran_ado,649.12,4706.0,16299.0,33,32,110.18,0.964,20251031_073_pol_pro_Ran_ado_2025_11_Colorado2025_x004096_y015872
Unknown_Sample,20251031_073_pol_pro_Ran_ado_2025_11_Colorado2025.czi,Ran_ado,599.1,4559.0,15963.0,32,31,103.84,0.961,20251031_073_pol_pro_Ran_ado_2025_11_Colorado2025_x004096_y015872
Unknown_Sample,20251031_073_pol_pro_Ran_ado_2025_11_Colorado2025.czi,Ran_ado,649.12,4706.0,16299.0,33,32,110.18,0.964,20251031_073_pol_pro_Ran_ado_2025_11_Colorado2025_x004608_y015872
Unknown_Sample,20251031_073_pol_pro_Ran_ado_2025_11_Colorado2025.czi,Ran_ado,516.76,13840.0,15986.0,30,29,97.01,0.945,20251031_073_pol_pro_Ran_ado_2025_11_Colorado2025_x013312_y015872
Unknown_Sample,20251031_073_pol_pro_Ran_ado_2025_11_Colorado2025.czi,Ran_ado,520.22,13840.0,15986.0,30,29,97.6,0.941,20251031_073_pol_pro_Ran_ado_2025_11_Colorado2025_x013824_y015872
Unknown_Sample,20251031_073_pol_pro_Ran_ado_2025_11_Colorado2025.czi,Ran_ado,660.28,5383.0,16665.0,32,33,110.77,0.967,20251031_073_pol_pro_Ran_ado_2025_11_Colorado2025_x005120_y016384
Unknown_Sample,20251031_073_pol_pro_Ran_ado_2025_11_Colorado2025.czi,Ran_ado,544.84,6199.0,16929.0,31,28,99.94,0.96,20251031_073_pol_pro_Ran_ado_2025_11_Colorado2025_x005632_y016384
Unknown_Sample,20251031_073_pol_pro_Ran_ado_2025_11_Colorado2025.czi,Ran_ado,545.61,6199.0,16929.0,31,28,99.94,0.96,20251031_073_pol_pro_Ran_ado_2025_11_Colorado2025_x006144_y016384
Unknown_Sample,20251031_073_pol_pro_Ran_ado_2025_11_Colorado2025.czi,Ran_ado,534.45,9413.0,16925.0,28,31,99.36,0.954,20251031_073_pol_pro_Ran_ado_2025_11_Colorado2025_x009216_y016384
Unknown_Sample,20251031_073_pol_pro_Ran_ado_2025_11_Colorado2025.czi,Ran_ado,507.52,10144.0,16636.0,29,29,95.01,0.941,20251031_073_pol_pro_Ran_ado_2025_11_Colorado2025_x009728_y016384
Unknown_Sample,20251031_073_pol_pro_Ran_ado_2025_11_Colorado2025.czi,Ran_ado,544.84,6199.0,16929.0,31,28,99.94,0.96,20251031_073_pol_pro_Ran_ado_2025_11_Colorado2025_x005632_y016896
Unknown_Sample,20251031_073_pol_pro_Ran_ado_2025_11_Colorado2025.czi,Ran_ado,601.79,6608.0,17037.0,32,31,105.6,0.962,20251031_073_pol_pro_Ran_ado_2025_11_Colorado2025_x006144_y016896
Unknown_Sample,20251031_073_pol_pro_Ran_ado_2025_11_Colorado2025.czi,Ran_ado,556.39,6199.0,16929.0,31,29,100.77,0.96,20251031_073_pol_pro_Ran_ado_2025_11_Colorado2025_x006144_y016896
Unknown_Sample,20251031_073_pol_pro_Ran_ado_2025_11_Colorado2025.czi,Ran_ado,574.86,6912.0,17293.0,32,30,102.43,0.961,20251031_073_pol_pro_Ran_ado_2025_11_Colorado2025_x006656_y016896
Unknown_Sample,20251031_073_pol_pro_Ran_ado_2025_11_Colorado2025.czi,Ran_ado,521.37,7229.0,17519.0,30,29,98.18,0.948,20251031_073_pol_pro_Ran_ado_2025_11_Colorado2025_x006656_y016896
Unknown_Sample,20251031_073_pol_pro_Ran_ado_2025_11_Colorado2025.czi,Ran_ado,522.14,7229.0,17519.0,30,29,98.18,0.947,20251031_073_pol_pro_Ran_ado_2025_11_Colorado2025_x007168_y016896
Unknown_Sample,20251031_073_pol_pro_Ran_ado_2025_11_Colorado2025.czi,Ran_ado,686.83,9289.0,17439.0,33,35,112.67,0.952,20251031_073_pol_pro_Ran_ado_2025_11_Colorado2025_x008704_y016896
Unknown_Sample,20251031_073_pol_pro_Ran_ado_2025_11_Colorado2025.czi,Ran_ado,537.92,9413.0,16925.0,29,31,99.6,0.954,20251031_073_pol_pro_Ran_ado_2025_11_Colorado2025_x009216_y016896
Unknown_Sample,20251031_073_pol_pro_Ran_ado_2025_11_Colorado2025.czi,Ran_ado,686.06,9289.0,17439.0,33,35,111.5,0.952,20251031_073_pol_pro_Ran_ado_2025_11_Colorado2025_x009216_y016896
Unknown_Sample,20251031_073_pol_pro_Ran_ado_2025_11_Colorado2025.czi,Ran_ado,507.14,10786.0,17350.0,28,30,96.77,0.949,20251031_073_pol_pro_Ran_ado_2025_11_Colorado2025_x010240_y016896
Unknown_Sample,20251031_073_pol_pro_Ran_ado_2025_11_Colorado2025.czi,Ran_ado,467.5,11364.0,17408.0,27,28,91.36,0.952,20251031_073_pol_pro_Ran_ado_2025_11_Colorado2025_x010752_y016896
Unknown_Sample,20251031_073_pol_pro_Ran_ado_2025_11_Colorado2025.czi,Ran_ado,506.37,10786.0,17350.0,28,30,96.77,0.948,20251031_073_pol_pro_Ran_ado_2025_11_Colorado2025_x010752_y016896
Unknown_Sample,20251031_073_pol_pro_Ran_ado_2025_11_Colorado2025.czi,Ran_ado,468.27,11364.0,17408.0,27,28,92.53,0.944,20251031_073_pol_pro_Ran_ado_2025_11_Colorado2025_x011264_y016896
Unknown_Sample,20251031_073_pol_pro_Ran_ado_2025_11_Colorado2025.czi,Ran_ado,547.15,6729.0,17770.0,33,27,100.77,0.952,20251031_073_pol_pro_Ran_ado_2025_11_Colorado2025_x006144_y017408
Unknown_Sample,20251031_073_pol_pro_Ran_ado_2025_11_Colorado2025.czi,Ran_ado,525.22,7229.0,17519.0,30,30,99.01,0.951,20251031_073_pol_pro_Ran_ado_2025_11_Colorado2025_x006656_y017408
Unknown_Sample,20251031_073_pol_pro_Ran_ado_2025_11_Colorado2025.czi,Ran_ado,547.92,6729.0,17770.0,33,27,100.77,0.95,20251031_073_pol_pro_Ran_ado_2025_11_Colorado2025_x006656_y017408
Unknown_Sample,20251031_073_pol_pro_Ran_ado_2025_11_Colorado2025.czi,Ran_ado,524.45,7229.0,17519.0,30,30,99.01,0.95,20251031_073_pol_pro_Ran_ado_2025_11_Colorado2025_x007168_y017408
Unknown_Sample,20251031_073_pol_pro_Ran_ado_2025_11_Colorado2025.czi,Ran_ado,691.06,9289.0,17439.0,33,35,113.25,0.951,20251031_073_pol_pro_Ran_ado_2025_11_Colorado2025_x008704_y017408
Unknown_Sample,20251031_073_pol_pro_Ran_ado_2025_11_Colorado2025.czi,Ran_ado,686.44,9289.0,17439.0,33,35,112.08,0.951,20251031_073_pol_pro_Ran_ado_2025_11_Colorado2025_x009216_y017408
Unknown_Sample,20251031_073_pol_pro_Ran_ado_2025_11_Colorado2025.czi,Ran_ado,245.87,11364.0,17415.0,29,15,75.21,0.914,20251031_073_pol_pro_Ran_ado_2025_11_Colorado2025_x010752_y017408
Unknown_Sample,20251031_073_pol_pro_Ran_ado_2025_11_Colorado2025.czi,Ran_ado,246.64,11364.0,17415.0,29,15,75.21,0.913,20251031_073_pol_pro_Ran_ado_2025_11_Colorado2025_x011264_y017408
Unknown_Sample,20251031_073_pol_pro_Ran_ado_2025_11_Colorado2025.czi,Ran_ado,211.24,3749.0,18128.0,23,16,65.21,0.689,20251031_073_pol_pro_Ran_ado_2025_11_Colorado2025_x003584_y017920
