Sample_ID,CZI_File,Species,Area_um2,Centroid_X,Centroid_Y,Width_px,Height_px,Perimeter_px,Confidence,Tile
Unknown_Sample,20251031_068_pol_pro_Ran_ado_2025_6_Colorado2025.czi,Ran_ado,586.01,15194.0,1438.0,31,31,104.18,0.962,20251031_068_pol_pro_Ran_ado_2025_6_Colorado2025_x014848_y001024
Unknown_Sample,20251031_068_pol_pro_Ran_ado_2025_6_Colorado2025.czi,Ran_ado,337.45,15277.0,1406.0,27,21,80.87,0.945,20251031_068_pol_pro_Ran_ado_2025_6_Colorado2025_x014848_y001024
Unknown_Sample,20251031_068_pol_pro_Ran_ado_2025_6_Colorado2025.czi,Ran_ado,462.5,15740.0,1242.0,27,28,93.11,0.939,20251031_068_pol_pro_Ran_ado_2025_6_Colorado2025_x015360_y001024
Unknown_Sample,20251031_068_pol_pro_Ran_ado_2025_6_Colorado2025.czi,Ran_ado,362.07,17337.0,1295.0,23,27,83.7,0.942,20251031_068_pol_pro_Ran_ado_2025_6_Colorado2025_x016896_y001024
Unknown_Sample,20251031_068_pol_pro_Ran_ado_2025_6_Colorado2025.czi,Ran_ado,745.7,11886.0,2040.0,33,36,116.43,0.954,20251031_068_pol_pro_Ran_ado_2025_6_Colorado2025_x011264_y001536
Unknown_Sample,20251031_068_pol_pro_Ran_ado_2025_6_Colorado2025.czi,Ran_ado,739.93,11886.0,2040.0,33,36,115.84,0.964,20251031_068_pol_pro_Ran_ado_2025_6_Colorado2025_x011776_y001536
Unknown_Sample,20251031_068_pol_pro_Ran_ado_2025_6_Colorado2025.czi,Ran_ado,804.18,12558.0,1862.0,37,36,122.08,0.962,20251031_068_pol_pro_Ran_ado_2025_6_Colorado2025_x012288_y001536
Unknown_Sample,20251031_068_pol_pro_Ran_ado_2025_6_Colorado2025.czi,Ran_ado,327.06,13248.0,1702.0,24,23,77.11,0.947,20251031_068_pol_pro_Ran_ado_2025_6_Colorado2025_x012800_y001536
Unknown_Sample,20251031_068_pol_pro_Ran_ado_2025_6_Colorado2025.czi,Ran_ado,361.31,13189.0,1711.0,22,27,82.87,0.937,20251031_068_pol_pro_Ran_ado_2025_6_Colorado2025_x012800_y001536
Unknown_Sample,20251031_068_pol_pro_Ran_ado_2025_6_Colorado2025.czi,Ran_ado,400.55,13444.0,1986.0,26,25,86.87,0.953,20251031_068_pol_pro_Ran_ado_2025_6_Colorado2025_x013312_y001536
Unknown_Sample,20251031_068_pol_pro_Ran_ado_2025_6_Colorado2025.czi,Ran_ado,410.17,14787.0,2121.0,25,27,88.28,0.952,20251031_068_pol_pro_Ran_ado_2025_6_Colorado2025_x014336_y001536
Unknown_Sample,20251031_068_pol_pro_Ran_ado_2025_6_Colorado2025.czi,Ran_ado,243.95,14812.0,1838.0,27,15,72.97,0.847,20251031_068_pol_pro_Ran_ado_2025_6_Colorado2025_x014336_y001536
Unknown_Sample,20251031_068_pol_pro_Ran_ado_2025_6_Colorado2025.czi,Ran_ado,401.32,16613.0,1721.0,24,27,86.87,0.942,20251031_068_pol_pro_Ran_ado_2025_6_Colorado2025_x016384_y001536
Unknown_Sample,20251031_068_pol_pro_Ran_ado_2025_6_Colorado2025.czi,Ran_ado,481.74,8670.0,2289.0,26,30,93.94,0.948,20251031_068_pol_pro_Ran_ado_2025_6_Colorado2025_x008192_y002048
Unknown_Sample,20251031_068_pol_pro_Ran_ado_2025_6_Colorado2025.czi,Ran_ado,571.01,8951.0,2651.0,29,33,102.43,0.959,20251031_068_pol_pro_Ran_ado_2025_6_Colorado2025_x008704_y002048
Unknown_Sample,20251031_068_pol_pro_Ran_ado_2025_6_Colorado2025.czi,Ran_ado,619.88,9560.0,2341.0,29,35,107.01,0.945,20251031_068_pol_pro_Ran_ado_2025_6_Colorado2025_x009216_y002048
Unknown_Sample,20251031_068_pol_pro_Ran_ado_2025_6_Colorado2025.czi,Ran_ado,610.64,10622.0,2213.0,31,32,106.18,0.959,20251031_068_pol_pro_Ran_ado_2025_6_Colorado2025_x010240_y002048
Unknown_Sample,20251031_068_pol_pro_Ran_ado_2025_6_Colorado2025.czi,Ran_ado,452.5,10668.0,2337.0,25,31,95.11,0.948,20251031_068_pol_pro_Ran_ado_2025_6_Colorado2025_x010240_y002048
Unknown_Sample,20251031_068_pol_pro_Ran_ado_2025_6_Colorado2025.czi,Ran_ado,305.9,10798.0,2506.0,27,19,78.04,0.833,20251031_068_pol_pro_Ran_ado_2025_6_Colorado2025_x010240_y002048
Unknown_Sample,20251031_068_pol_pro_Ran_ado_2025_6_Colorado2025.czi,Ran_ado,307.82,10798.0,2506.0,27,19,78.63,0.829,20251031_068_pol_pro_Ran_ado_2025_6_Colorado2025_x010752_y002048
Unknown_Sample,20251031_068_pol_pro_Ran_ado_2025_6_Colorado2025.czi,Ran_ado,716.07,11792.0,2212.0,32,37,114.67,0.959,20251031_068_pol_pro_Ran_ado_2025_6_Colorado2025_x011264_y002048
Unknown_Sample,20251031_068_pol_pro_Ran_ado_2025_6_Colorado2025.czi,Ran_ado,155.07,11886.0,2053.0,29,11,67.21,0.936,20251031_068_pol_pro_Ran_ado_2025_6_Colorado2025_x011264_y002048
Unknown_Sample,20251031_068_pol_pro_Ran_ado_2025_6_Colorado2025.czi,Ran_ado,720.69,11792.0,2212.0,32,37,115.84,0.957,20251031_068_pol_pro_Ran_ado_2025_6_Colorado2025_x011776_y002048
Unknown_Sample,20251031_068_pol_pro_Ran_ado_2025_6_Colorado2025.czi,Ran_ado,155.07,11886.0,2053.0,29,11,67.21,0.938,20251031_068_pol_pro_Ran_ado_2025_6_Colorado2025_x011776_y002048
Unknown_Sample,20251031_068_pol_pro_Ran_ado_2025_6_Colorado2025.czi,Ran_ado,726.07,12835.0,2407.0,33,36,114.67,0.961,20251031_068_pol_pro_Ran_ado_2025_6_Colorado2025_x012288_y002048
Unknown_Sample,20251031_068_pol_pro_Ran_ado_2025_6_Colorado2025.czi,Ran_ado,504.44,12687.0,2217.0,33,29,104.18,0.944,20251031_068_pol_pro_Ran_ado_2025_6_Colorado2025_x012288_y002048
Unknown_Sample,20251031_068_pol_pro_Ran_ado_2025_6_Colorado2025.czi,Ran_ado,726.07,12835.0,2407.0,33,36,114.67,0.961,20251031_068_pol_pro_Ran_ado_2025_6_Colorado2025_x012800_y002048
Unknown_Sample,20251031_068_pol_pro_Ran_ado_2025_6_Colorado2025.czi,Ran_ado,531.76,13162.0,2558.0,27,34,100.43,0.954,20251031_068_pol_pro_Ran_ado_2025_6_Colorado2025_x012800_y002048
Unknown_Sample,20251031_068_pol_pro_Ran_ado_2025_6_Colorado2025.czi,Ran_ado,602.18,13727.0,2336.0,30,34,105.84,0.96,20251031_068_pol_pro_Ran_ado_2025_6_Colorado2025_x013312_y002048
Unknown_Sample,20251031_068_pol_pro_Ran_ado_2025_6_Colorado2025.czi,Ran_ado,529.45,14390.0,2600.0,30,31,100.43,0.954,20251031_068_pol_pro_Ran_ado_2025_6_Colorado2025_x013824_y002048
Unknown_Sample,20251031_068_pol_pro_Ran_ado_2025_6_Colorado2025.czi,Ran_ado,529.84,14390.0,2600.0,30,31,101.01,0.953,20251031_068_pol_pro_Ran_ado_2025_6_Colorado2025_x014336_y002048
Unknown_Sample,20251031_068_pol_pro_Ran_ado_2025_6_Colorado2025.czi,Ran_ado,400.55,14787.0,2120.0,25,26,86.87,0.953,20251031_068_pol_pro_Ran_ado_2025_6_Colorado2025_x014336_y002048
Unknown_Sample,20251031_068_pol_pro_Ran_ado_2025_6_Colorado2025.czi,Ran_ado,522.53,16050.0,2446.0,29,31,98.43,0.957,20251031_068_pol_pro_Ran_ado_2025_6_Colorado2025_x015872_y002048
Unknown_Sample,20251031_068_pol_pro_Ran_ado_2025_6_Colorado2025.czi,Ran_ado,450.57,16484.0,2424.0,27,28,92.53,0.952,20251031_068_pol_pro_Ran_ado_2025_6_Colorado2025_x015872_y002048
Unknown_Sample,20251031_068_pol_pro_Ran_ado_2025_6_Colorado2025.czi,Ran_ado,450.57,16484.0,2424.0,27,28,92.53,0.952,20251031_068_pol_pro_Ran_ado_2025_6_Colorado2025_x016384_y002048
Unknown_Sample,20251031_068_pol_pro_Ran_ado_2025_6_Colorado2025.czi,Ran_ado,366.31,2742.0,3181.0,23,29,83.6,0.94,20251031_068_pol_pro_Ran_ado_2025_6_Colorado2025_x002560_y002560
Unknown_Sample,20251031_068_pol_pro_Ran_ado_2025_6_Colorado2025.czi,Ran_ado,651.81,4822.0,2905.0,32,33,108.43,0.953,20251031_068_pol_pro_Ran_ado_2025_6_Colorado2025_x004608_y002560
Unknown_Sample,20251031_068_pol_pro_Ran_ado_2025_6_Colorado2025.czi,Ran_ado,434.41,5325.0,3150.0,28,26,91.7,0.956,20251031_068_pol_pro_Ran_ado_2025_6_Colorado2025_x005120_y002560
Unknown_Sample,20251031_068_pol_pro_Ran_ado_2025_6_Colorado2025.czi,Ran_ado,420.95,5679.0,3129.0,28,25,87.94,0.951,20251031_068_pol_pro_Ran_ado_2025_6_Colorado2025_x005120_y002560
Unknown_Sample,20251031_068_pol_pro_Ran_ado_2025_6_Colorado2025.czi,Ran_ado,56.95,5278.0,2876.0,10,10,33.66,0.691,20251031_068_pol_pro_Ran_ado_2025_6_Colorado2025_x005120_y002560
Unknown_Sample,20251031_068_pol_pro_Ran_ado_2025_6_Colorado2025.czi,Ran_ado,755.7,6187.0,3150.0,32,40,118.91,0.962,20251031_068_pol_pro_Ran_ado_2025_6_Colorado2025_x005632_y002560
Unknown_Sample,20251031_068_pol_pro_Ran_ado_2025_6_Colorado2025.czi,Ran_ado,420.95,5679.0,3129.0,28,25,87.94,0.951,20251031_068_pol_pro_Ran_ado_2025_6_Colorado2025_x005632_y002560
Unknown_Sample,20251031_068_pol_pro_Ran_ado_2025_6_Colorado2025.czi,Ran_ado,758.39,6187.0,3150.0,32,40,119.5,0.961,20251031_068_pol_pro_Ran_ado_2025_6_Colorado2025_x006144_y002560
Unknown_Sample,20251031_068_pol_pro_Ran_ado_2025_6_Colorado2025.czi,Ran_ado,604.48,6757.0,2982.0,28,36,105.84,0.958,20251031_068_pol_pro_Ran_ado_2025_6_Colorado2025_x006144_y002560
Unknown_Sample,20251031_068_pol_pro_Ran_ado_2025_6_Colorado2025.czi,Ran_ado,567.16,6627.0,2828.0,28,33,102.77,0.957,20251031_068_pol_pro_Ran_ado_2025_6_Colorado2025_x006144_y002560
Unknown_Sample,20251031_068_pol_pro_Ran_ado_2025_6_Colorado2025.czi,Ran_ado,606.41,6757.0,2982.0,28,36,106.43,0.957,20251031_068_pol_pro_Ran_ado_2025_6_Colorado2025_x006656_y002560
Unknown_Sample,20251031_068_pol_pro_Ran_ado_2025_6_Colorado2025.czi,Ran_ado,551.77,7785.0,3087.0,30,30,100.77,0.957,20251031_068_pol_pro_Ran_ado_2025_6_Colorado2025_x007168_y002560
Unknown_Sample,20251031_068_pol_pro_Ran_ado_2025_6_Colorado2025.czi,Ran_ado,239.72,7364.0,2931.0,20,23,69.7,0.858,20251031_068_pol_pro_Ran_ado_2025_6_Colorado2025_x007168_y002560
Unknown_Sample,20251031_068_pol_pro_Ran_ado_2025_6_Colorado2025.czi,Ran_ado,549.46,7785.0,3087.0,30,30,100.77,0.958,20251031_068_pol_pro_Ran_ado_2025_6_Colorado2025_x007680_y002560
Unknown_Sample,20251031_068_pol_pro_Ran_ado_2025_6_Colorado2025.czi,Ran_ado,483.66,8140.0,3120.0,26,30,95.7,0.953,20251031_068_pol_pro_Ran_ado_2025_6_Colorado2025_x007680_y002560
Unknown_Sample,20251031_068_pol_pro_Ran_ado_2025_6_Colorado2025.czi,Ran_ado,592.56,8739.0,2901.0,32,32,105.25,0.961,20251031_068_pol_pro_Ran_ado_2025_6_Colorado2025_x008192_y002560
Unknown_Sample,20251031_068_pol_pro_Ran_ado_2025_6_Colorado2025.czi,Ran_ado,592.56,8739.0,2901.0,32,32,105.25,0.96,20251031_068_pol_pro_Ran_ado_2025_6_Colorado2025_x008704_y002560
Unknown_Sample,20251031_068_pol_pro_Ran_ado_2025_6_Colorado2025.czi,Ran_ado,572.16,8951.0,2651.0,29,33,103.01,0.96,20251031_068_pol_pro_Ran_ado_2025_6_Colorado2025_x008704_y002560
Unknown_Sample,20251031_068_pol_pro_Ran_ado_2025_6_Colorado2025.czi,Ran_ado,394.4,9482.0,2760.0,25,26,85.7,0.957,20251031_068_pol_pro_Ran_ado_2025_6_Colorado2025_x009216_y002560
Unknown_Sample,20251031_068_pol_pro_Ran_ado_2025_6_Colorado2025.czi,Ran_ado,352.46,9433.0,2851.0,24,24,82.63,0.952,20251031_068_pol_pro_Ran_ado_2025_6_Colorado2025_x009216_y002560
Unknown_Sample,20251031_068_pol_pro_Ran_ado_2025_6_Colorado2025.czi,Ran_ado,663.36,9983.0,2952.0,32,35,111.25,0.961,20251031_068_pol_pro_Ran_ado_2025_6_Colorado2025_x009728_y002560
Unknown_Sample,20251031_068_pol_pro_Ran_ado_2025_6_Colorado2025.czi,Ran_ado,779.56,10447.0,2957.0,35,36,119.25,0.964,20251031_068_pol_pro_Ran_ado_2025_6_Colorado2025_x010240_y002560
Unknown_Sample,20251031_068_pol_pro_Ran_ado_2025_6_Colorado2025.czi,Ran_ado,599.48,11186.0,2707.0,30,33,104.43,0.965,20251031_068_pol_pro_Ran_ado_2025_6_Colorado2025_x010752_y002560
Unknown_Sample,20251031_068_pol_pro_Ran_ado_2025_6_Colorado2025.czi,Ran_ado,442.11,11687.0,2714.0,27,27,90.53,0.956,20251031_068_pol_pro_Ran_ado_2025_6_Colorado2025_x011264_y002560
Unknown_Sample,20251031_068_pol_pro_Ran_ado_2025_6_Colorado2025.czi,Ran_ado,725.69,12052.0,2701.0,34,36,116.08,0.965,20251031_068_pol_pro_Ran_ado_2025_6_Colorado2025_x011776_y002560
Unknown_Sample,20251031_068_pol_pro_Ran_ado_2025_6_Colorado2025.czi,Ran_ado,477.51,12001.0,3189.0,35,22,100.04,0.932,20251031_068_pol_pro_Ran_ado_2025_6_Colorado2025_x011776_y002560
Unknown_Sample,20251031_068_pol_pro_Ran_ado_2025_6_Colorado2025.czi,Ran_ado,305.51,12535.0,3192.0,32,16,83.8,0.898,20251031_068_pol_pro_Ran_ado_2025_6_Colorado2025_x012288_y002560
Unknown_Sample,20251031_068_pol_pro_Ran_ado_2025_6_Colorado2025.czi,Ran_ado,768.01,12958.0,2950.0,35,36,118.08,0.961,20251031_068_pol_pro_Ran_ado_2025_6_Colorado2025_x012800_y002560
Unknown_Sample,20251031_068_pol_pro_Ran_ado_2025_6_Colorado2025.czi,Ran_ado,202.39,13160.0,2567.0,25,15,67.8,0.933,20251031_068_pol_pro_Ran_ado_2025_6_Colorado2025_x012800_y002560
Unknown_Sample,20251031_068_pol_pro_Ran_ado_2025_6_Colorado2025.czi,Ran_ado,724.15,14258.0,2745.0,33,35,114.43,0.963,20251031_068_pol_pro_Ran_ado_2025_6_Colorado2025_x013824_y002560
Unknown_Sample,20251031_068_pol_pro_Ran_ado_2025_6_Colorado2025.czi,Ran_ado,586.4,14390.0,2899.0,31,32,104.43,0.961,20251031_068_pol_pro_Ran_ado_2025_6_Colorado2025_x013824_y002560
Unknown_Sample,20251031_068_pol_pro_Ran_ado_2025_6_Colorado2025.czi,Ran_ado,528.3,14390.0,2600.0,30,31,101.01,0.954,20251031_068_pol_pro_Ran_ado_2025_6_Colorado2025_x013824_y002560
Unknown_Sample,20251031_068_pol_pro_Ran_ado_2025_6_Colorado2025.czi,Ran_ado,585.63,14390.0,2899.0,31,32,104.43,0.96,20251031_068_pol_pro_Ran_ado_2025_6_Colorado2025_x014336_y002560
Unknown_Sample,20251031_068_pol_pro_Ran_ado_2025_6_Colorado2025.czi,Ran_ado,529.84,14390.0,2600.0,30,31,101.01,0.953,20251031_068_pol_pro_Ran_ado_2025_6_Colorado2025_x014336_y002560
Unknown_Sample,20251031_068_pol_pro_Ran_ado_2025_6_Colorado2025.czi,Ran_ado,751.08,15411.0,2887.0,34,37,118.08,0.964,20251031_068_pol_pro_Ran_ado_2025_6_Colorado2025_x014848_y002560
Unknown_Sample,20251031_068_pol_pro_Ran_ado_2025_6_Colorado2025.czi,Ran_ado,470.58,15173.0,2910.0,28,28,94.53,0.958,20251031_068_pol_pro_Ran_ado_2025_6_Colorado2025_x014848_y002560
Unknown_Sample,20251031_068_pol_pro_Ran_ado_2025_6_Colorado2025.czi,Ran_ado,340.91,15370.0,3171.0,18,30,83.8,0.928,20251031_068_pol_pro_Ran_ado_2025_6_Colorado2025_x014848_y002560
Unknown_Sample,20251031_068_pol_pro_Ran_ado_2025_6_Colorado2025.czi,Ran_ado,752.62,15411.0,2887.0,34,37,118.08,0.964,20251031_068_pol_pro_Ran_ado_2025_6_Colorado2025_x015360_y002560
Unknown_Sample,20251031_068_pol_pro_Ran_ado_2025_6_Colorado2025.czi,Ran_ado,359.38,15370.0,3171.0,18,31,85.8,0.885,20251031_068_pol_pro_Ran_ado_2025_6_Colorado2025_x015360_y002560
Unknown_Sample,20251031_068_pol_pro_Ran_ado_2025_6_Colorado2025.czi,Ran_ado,578.32,1115.0,3489.0,30,32,103.01,0.95,20251031_068_pol_pro_Ran_ado_2025_6_Colorado2025_x000512_y003072
Unknown_Sample,20251031_068_pol_pro_Ran_ado_2025_6_Colorado2025.czi,Ran_ado,570.62,944.0,3392.0,31,29,101.36,0.897,20251031_068_pol_pro_Ran_ado_2025_6_Colorado2025_x000512_y003072
Unknown_Sample,20251031_068_pol_pro_Ran_ado_2025_6_Colorado2025.czi,Ran_ado,532.92,1115.0,3489.0,29,31,97.84,0.958,20251031_068_pol_pro_Ran_ado_2025_6_Colorado2025_x001024_y003072
Unknown_Sample,20251031_068_pol_pro_Ran_ado_2025_6_Colorado2025.czi,Ran_ado,427.87,1200.0,3639.0,27,27,89.94,0.953,20251031_068_pol_pro_Ran_ado_2025_6_Colorado2025_x001024_y003072
Unknown_Sample,20251031_068_pol_pro_Ran_ado_2025_6_Colorado2025.czi,Ran_ado,545.61,1306.0,3610.0,32,30,101.25,0.949,20251031_068_pol_pro_Ran_ado_2025_6_Colorado2025_x001024_y003072
Unknown_Sample,20251031_068_pol_pro_Ran_ado_2025_6_Colorado2025.czi,Ran_ado,247.41,1201.0,3540.0,24,18,71.21,0.925,20251031_068_pol_pro_Ran_ado_2025_6_Colorado2025_x001024_y003072
Unknown_Sample,20251031_068_pol_pro_Ran_ado_2025_6_Colorado2025.czi,Ran_ado,309.36,1520.0,3678.0,18,28,78.63,0.872,20251031_068_pol_pro_Ran_ado_2025_6_Colorado2025_x001024_y003072
Unknown_Sample,20251031_068_pol_pro_Ran_ado_2025_6_Colorado2025.czi,Ran_ado,152.76,2155.0,3269.0,16,16,53.56,0.943,20251031_068_pol_pro_Ran_ado_2025_6_Colorado2025_x001536_y003072
Unknown_Sample,20251031_068_pol_pro_Ran_ado_2025_6_Colorado2025.czi,Ran_ado,409.79,1975.0,3283.0,24,29,88.53,0.941,20251031_068_pol_pro_Ran_ado_2025_6_Colorado2025_x001536_y003072
Unknown_Sample,20251031_068_pol_pro_Ran_ado_2025_6_Colorado2025.czi,Ran_ado,123.9,2096.0,3280.0,14,14,48.49,0.937,20251031_068_pol_pro_Ran_ado_2025_6_Colorado2025_x001536_y003072
Unknown_Sample,20251031_068_pol_pro_Ran_ado_2025_6_Colorado2025.czi,Ran_ado,152.37,2170.0,3205.0,10,26,62.14,0.867,20251031_068_pol_pro_Ran_ado_2025_6_Colorado2025_x001536_y003072
Unknown_Sample,20251031_068_pol_pro_Ran_ado_2025_6_Colorado2025.czi,Ran_ado,510.21,2371.0,3502.0,31,27,99.11,0.945,20251031_068_pol_pro_Ran_ado_2025_6_Colorado2025_x002048_y003072
Unknown_Sample,20251031_068_pol_pro_Ran_ado_2025_6_Colorado2025.czi,Ran_ado,447.11,2178.0,3206.0,28,28,91.6,0.945,20251031_068_pol_pro_Ran_ado_2025_6_Colorado2025_x002048_y003072
Unknown_Sample,20251031_068_pol_pro_Ran_ado_2025_6_Colorado2025.czi,Ran_ado,499.82,2323.0,3518.0,24,34,98.53,0.944,20251031_068_pol_pro_Ran_ado_2025_6_Colorado2025_x002048_y003072
Unknown_Sample,20251031_068_pol_pro_Ran_ado_2025_6_Colorado2025.czi,Ran_ado,151.99,2155.0,3269.0,16,16,53.56,0.942,20251031_068_pol_pro_Ran_ado_2025_6_Colorado2025_x002048_y003072
Unknown_Sample,20251031_068_pol_pro_Ran_ado_2025_6_Colorado2025.czi,Ran_ado,342.07,2425.0,3683.0,25,24,79.36,0.94,20251031_068_pol_pro_Ran_ado_2025_6_Colorado2025_x002048_y003072
Unknown_Sample,20251031_068_pol_pro_Ran_ado_2025_6_Colorado2025.czi,Ran_ado,125.82,2096.0,3280.0,14,14,49.07,0.938,20251031_068_pol_pro_Ran_ado_2025_6_Colorado2025_x002048_y003072
Unknown_Sample,20251031_068_pol_pro_Ran_ado_2025_6_Colorado2025.czi,Ran_ado,572.55,2601.0,3354.0,30,30,104.28,0.917,20251031_068_pol_pro_Ran_ado_2025_6_Colorado2025_x002048_y003072
Unknown_Sample,20251031_068_pol_pro_Ran_ado_2025_6_Colorado2025.czi,Ran_ado,483.66,2952.0,3208.0,27,29,95.7,0.956,20251031_068_pol_pro_Ran_ado_2025_6_Colorado2025_x002560_y003072
Unknown_Sample,20251031_068_pol_pro_Ran_ado_2025_6_Colorado2025.czi,Ran_ado,476.35,3026.0,3380.0,26,30,92.77,0.95,20251031_068_pol_pro_Ran_ado_2025_6_Colorado2025_x002560_y003072
Unknown_Sample,20251031_068_pol_pro_Ran_ado_2025_6_Colorado2025.czi,Ran_ado,365.15,2742.0,3181.0,23,29,84.18,0.949,20251031_068_pol_pro_Ran_ado_2025_6_Colorado2025_x002560_y003072
Unknown_Sample,20251031_068_pol_pro_Ran_ado_2025_6_Colorado2025.czi,Ran_ado,557.93,2601.0,3354.0,30,30,103.11,0.94,20251031_068_pol_pro_Ran_ado_2025_6_Colorado2025_x002560_y003072
Unknown_Sample,20251031_068_pol_pro_Ran_ado_2025_6_Colorado2025.czi,Ran_ado,449.8,3187.0,3299.0,25,27,93.56,0.842,20251031_068_pol_pro_Ran_ado_2025_6_Colorado2025_x002560_y003072
Unknown_Sample,20251031_068_pol_pro_Ran_ado_2025_6_Colorado2025.czi,Ran_ado,592.56,3189.0,3298.0,32,30,104.77,0.873,20251031_068_pol_pro_Ran_ado_2025_6_Colorado2025_x003072_y003072
Unknown_Sample,20251031_068_pol_pro_Ran_ado_2025_6_Colorado2025.czi,Ran_ado,632.57,4800.0,3414.0,31,34,107.25,0.955,20251031_068_pol_pro_Ran_ado_2025_6_Colorado2025_x004608_y003072
Unknown_Sample,20251031_068_pol_pro_Ran_ado_2025_6_Colorado2025.czi,Ran_ado,425.95,4840.0,3621.0,26,27,88.53,0.951,20251031_068_pol_pro_Ran_ado_2025_6_Colorado2025_x004608_y003072
Unknown_Sample,20251031_068_pol_pro_Ran_ado_2025_6_Colorado2025.czi,Ran_ado,434.41,5325.0,3150.0,28,26,91.7,0.957,20251031_068_pol_pro_Ran_ado_2025_6_Colorado2025_x005120_y003072
Unknown_Sample,20251031_068_pol_pro_Ran_ado_2025_6_Colorado2025.czi,Ran_ado,420.95,5679.0,3129.0,28,25,87.94,0.951,20251031_068_pol_pro_Ran_ado_2025_6_Colorado2025_x005120_y003072
Unknown_Sample,20251031_068_pol_pro_Ran_ado_2025_6_Colorado2025.czi,Ran_ado,755.7,6187.0,3150.0,32,40,118.91,0.962,20251031_068_pol_pro_Ran_ado_2025_6_Colorado2025_x005632_y003072
Unknown_Sample,20251031_068_pol_pro_Ran_ado_2025_6_Colorado2025.czi,Ran_ado,639.11,5962.0,3578.0,32,33,107.84,0.958,20251031_068_pol_pro_Ran_ado_2025_6_Colorado2025_x005632_y003072
Unknown_Sample,20251031_068_pol_pro_Ran_ado_2025_6_Colorado2025.czi,Ran_ado,525.99,5934.0,3205.0,30,30,97.84,0.955,20251031_068_pol_pro_Ran_ado_2025_6_Colorado2025_x005632_y003072
Unknown_Sample,20251031_068_pol_pro_Ran_ado_2025_6_Colorado2025.czi,Ran_ado,420.95,5679.0,3129.0,28,25,87.94,0.951,20251031_068_pol_pro_Ran_ado_2025_6_Colorado2025_x005632_y003072
Unknown_Sample,20251031_068_pol_pro_Ran_ado_2025_6_Colorado2025.czi,Ran_ado,297.43,5885.0,3555.0,23,22,77.21,0.941,20251031_068_pol_pro_Ran_ado_2025_6_Colorado2025_x005632_y003072
Unknown_Sample,20251031_068_pol_pro_Ran_ado_2025_6_Colorado2025.czi,Ran_ado,410.17,5840.0,3701.0,29,22,89.8,0.938,20251031_068_pol_pro_Ran_ado_2025_6_Colorado2025_x005632_y003072
Unknown_Sample,20251031_068_pol_pro_Ran_ado_2025_6_Colorado2025.czi,Ran_ado,234.33,6032.0,3485.0,22,19,68.04,0.733,20251031_068_pol_pro_Ran_ado_2025_6_Colorado2025_x005632_y003072
Unknown_Sample,20251031_068_pol_pro_Ran_ado_2025_6_Colorado2025.czi,Ran_ado,757.63,6187.0,3150.0,32,40,119.5,0.962,20251031_068_pol_pro_Ran_ado_2025_6_Colorado2025_x006144_y003072
Unknown_Sample,20251031_068_pol_pro_Ran_ado_2025_6_Colorado2025.czi,Ran_ado,556.0,7785.0,3087.0,30,30,101.36,0.958,20251031_068_pol_pro_Ran_ado_2025_6_Colorado2025_x007168_y003072
Unknown_Sample,20251031_068_pol_pro_Ran_ado_2025_6_Colorado2025.czi,Ran_ado,606.41,7333.0,3577.0,32,32,105.25,0.958,20251031_068_pol_pro_Ran_ado_2025_6_Colorado2025_x007168_y003072
Unknown_Sample,20251031_068_pol_pro_Ran_ado_2025_6_Colorado2025.czi,Ran_ado,596.4,7757.0,3428.0,30,33,105.6,0.957,20251031_068_pol_pro_Ran_ado_2025_6_Colorado2025_x007168_y003072
Unknown_Sample,20251031_068_pol_pro_Ran_ado_2025_6_Colorado2025.czi,Ran_ado,552.54,7739.0,3601.0,29,31,99.6,0.953,20251031_068_pol_pro_Ran_ado_2025_6_Colorado2025_x007168_y003072
Unknown_Sample,20251031_068_pol_pro_Ran_ado_2025_6_Colorado2025.czi,Ran_ado,596.4,7757.0,3428.0,30,33,105.6,0.958,20251031_068_pol_pro_Ran_ado_2025_6_Colorado2025_x007680_y003072
Unknown_Sample,20251031_068_pol_pro_Ran_ado_2025_6_Colorado2025.czi,Ran_ado,552.92,7785.0,3087.0,30,30,101.36,0.958,20251031_068_pol_pro_Ran_ado_2025_6_Colorado2025_x007680_y003072
Unknown_Sample,20251031_068_pol_pro_Ran_ado_2025_6_Colorado2025.czi,Ran_ado,492.13,7965.0,3552.0,30,26,94.53,0.954,20251031_068_pol_pro_Ran_ado_2025_6_Colorado2025_x007680_y003072
Unknown_Sample,20251031_068_pol_pro_Ran_ado_2025_6_Colorado2025.czi,Ran_ado,483.66,8140.0,3120.0,26,30,95.7,0.954,20251031_068_pol_pro_Ran_ado_2025_6_Colorado2025_x007680_y003072
Unknown_Sample,20251031_068_pol_pro_Ran_ado_2025_6_Colorado2025.czi,Ran_ado,552.54,7739.0,3601.0,29,31,99.6,0.953,20251031_068_pol_pro_Ran_ado_2025_6_Colorado2025_x007680_y003072
Unknown_Sample,20251031_068_pol_pro_Ran_ado_2025_6_Colorado2025.czi,Ran_ado,360.92,8206.0,3294.0,26,24,84.28,0.939,20251031_068_pol_pro_Ran_ado_2025_6_Colorado2025_x007680_y003072
Unknown_Sample,20251031_068_pol_pro_Ran_ado_2025_6_Colorado2025.czi,Ran_ado,666.05,8698.0,3670.0,31,36,110.67,0.964,20251031_068_pol_pro_Ran_ado_2025_6_Colorado2025_x008192_y003072
Unknown_Sample,20251031_068_pol_pro_Ran_ado_2025_6_Colorado2025.czi,Ran_ado,637.19,8425.0,3231.0,30,35,109.6,0.962,20251031_068_pol_pro_Ran_ado_2025_6_Colorado2025_x008192_y003072
Unknown_Sample,20251031_068_pol_pro_Ran_ado_2025_6_Colorado2025.czi,Ran_ado,541.77,8472.0,3678.0,29,31,99.6,0.959,20251031_068_pol_pro_Ran_ado_2025_6_Colorado2025_x008192_y003072
Unknown_Sample,20251031_068_pol_pro_Ran_ado_2025_6_Colorado2025.czi,Ran_ado,352.84,8206.0,3294.0,25,24,82.87,0.94,20251031_068_pol_pro_Ran_ado_2025_6_Colorado2025_x008192_y003072
Unknown_Sample,20251031_068_pol_pro_Ran_ado_2025_6_Colorado2025.czi,Ran_ado,794.18,9136.0,3346.0,34,39,119.74,0.962,20251031_068_pol_pro_Ran_ado_2025_6_Colorado2025_x008704_y003072
Unknown_Sample,20251031_068_pol_pro_Ran_ado_2025_6_Colorado2025.czi,Ran_ado,543.3,9331.0,3429.0,25,34,103.46,0.941,20251031_068_pol_pro_Ran_ado_2025_6_Colorado2025_x008704_y003072
Unknown_Sample,20251031_068_pol_pro_Ran_ado_2025_6_Colorado2025.czi,Ran_ado,153.91,8708.0,3670.0,10,32,71.8,0.924,20251031_068_pol_pro_Ran_ado_2025_6_Colorado2025_x008704_y003072
Unknown_Sample,20251031_068_pol_pro_Ran_ado_2025_6_Colorado2025.czi,Ran_ado,741.85,9439.0,3415.0,33,37,117.25,0.965,20251031_068_pol_pro_Ran_ado_2025_6_Colorado2025_x009216_y003072
Unknown_Sample,20251031_068_pol_pro_Ran_ado_2025_6_Colorado2025.czi,Ran_ado,622.57,9333.0,3429.0,30,34,107.6,0.963,20251031_068_pol_pro_Ran_ado_2025_6_Colorado2025_x009216_y003072
Unknown_Sample,20251031_068_pol_pro_Ran_ado_2025_6_Colorado2025.czi,Ran_ado,367.46,9508.0,3201.0,27,24,84.53,0.948,20251031_068_pol_pro_Ran_ado_2025_6_Colorado2025_x009216_y003072
Unknown_Sample,20251031_068_pol_pro_Ran_ado_2025_6_Colorado2025.czi,Ran_ado,607.95,9864.0,3307.0,27,37,107.6,0.961,20251031_068_pol_pro_Ran_ado_2025_6_Colorado2025_x009728_y003072
Unknown_Sample,20251031_068_pol_pro_Ran_ado_2025_6_Colorado2025.czi,Ran_ado,433.26,10271.0,3378.0,26,31,92.43,0.949,20251031_068_pol_pro_Ran_ado_2025_6_Colorado2025_x009728_y003072
Unknown_Sample,20251031_068_pol_pro_Ran_ado_2025_6_Colorado2025.czi,Ran_ado,367.08,10219.0,3702.0,31,19,88.97,0.923,20251031_068_pol_pro_Ran_ado_2025_6_Colorado2025_x009728_y003072
Unknown_Sample,20251031_068_pol_pro_Ran_ado_2025_6_Colorado2025.czi,Ran_ado,434.03,10271.0,3378.0,26,31,92.43,0.947,20251031_068_pol_pro_Ran_ado_2025_6_Colorado2025_x010240_y003072
Unknown_Sample,20251031_068_pol_pro_Ran_ado_2025_6_Colorado2025.czi,Ran_ado,564.47,11572.0,3277.0,31,30,103.36,0.958,20251031_068_pol_pro_Ran_ado_2025_6_Colorado2025_x011264_y003072
Unknown_Sample,20251031_068_pol_pro_Ran_ado_2025_6_Colorado2025.czi,Ran_ado,780.71,12000.0,3195.0,35,37,119.5,0.963,20251031_068_pol_pro_Ran_ado_2025_6_Colorado2025_x011776_y003072
Unknown_Sample,20251031_068_pol_pro_Ran_ado_2025_6_Colorado2025.czi,Ran_ado,761.09,12534.0,3201.0,34,36,119.6,0.968,20251031_068_pol_pro_Ran_ado_2025_6_Colorado2025_x012288_y003072
Unknown_Sample,20251031_068_pol_pro_Ran_ado_2025_6_Colorado2025.czi,Ran_ado,522.14,12591.0,3452.0,29,31,99.01,0.958,20251031_068_pol_pro_Ran_ado_2025_6_Colorado2025_x012288_y003072
Unknown_Sample,20251031_068_pol_pro_Ran_ado_2025_6_Colorado2025.czi,Ran_ado,734.92,12999.0,3456.0,34,37,116.91,0.962,20251031_068_pol_pro_Ran_ado_2025_6_Colorado2025_x012800_y003072
Unknown_Sample,20251031_068_pol_pro_Ran_ado_2025_6_Colorado2025.czi,Ran_ado,333.6,14242.0,3638.0,20,30,81.36,0.901,20251031_068_pol_pro_Ran_ado_2025_6_Colorado2025_x013824_y003072
Unknown_Sample,20251031_068_pol_pro_Ran_ado_2025_6_Colorado2025.czi,Ran_ado,520.99,14802.0,3368.0,28,30,97.94,0.954,20251031_068_pol_pro_Ran_ado_2025_6_Colorado2025_x014336_y003072
Unknown_Sample,20251031_068_pol_pro_Ran_ado_2025_6_Colorado2025.czi,Ran_ado,61.18,14844.0,3553.0,10,11,35.07,0.821,20251031_068_pol_pro_Ran_ado_2025_6_Colorado2025_x014336_y003072
Unknown_Sample,20251031_068_pol_pro_Ran_ado_2025_6_Colorado2025.czi,Ran_ado,623.34,15471.0,3686.0,31,32,110.28,0.948,20251031_068_pol_pro_Ran_ado_2025_6_Colorado2025_x014848_y003072
Unknown_Sample,20251031_068_pol_pro_Ran_ado_2025_6_Colorado2025.czi,Ran_ado,340.91,15370.0,3171.0,18,30,83.8,0.929,20251031_068_pol_pro_Ran_ado_2025_6_Colorado2025_x014848_y003072
Unknown_Sample,20251031_068_pol_pro_Ran_ado_2025_6_Colorado2025.czi,Ran_ado,634.11,15472.0,3686.0,33,32,109.6,0.96,20251031_068_pol_pro_Ran_ado_2025_6_Colorado2025_x015360_y003072
Unknown_Sample,20251031_068_pol_pro_Ran_ado_2025_6_Colorado2025.czi,Ran_ado,477.51,15974.0,3687.0,30,29,95.84,0.954,20251031_068_pol_pro_Ran_ado_2025_6_Colorado2025_x015360_y003072
Unknown_Sample,20251031_068_pol_pro_Ran_ado_2025_6_Colorado2025.czi,Ran_ado,358.61,15370.0,3171.0,18,31,85.8,0.877,20251031_068_pol_pro_Ran_ado_2025_6_Colorado2025_x015360_y003072
Unknown_Sample,20251031_068_pol_pro_Ran_ado_2025_6_Colorado2025.czi,Ran_ado,477.51,15974.0,3687.0,30,29,95.84,0.947,20251031_068_pol_pro_Ran_ado_2025_6_Colorado2025_x015872_y003072
Unknown_Sample,20251031_068_pol_pro_Ran_ado_2025_6_Colorado2025.czi,Ran_ado,367.08,16272.0,3298.0,28,21,84.63,0.942,20251031_068_pol_pro_Ran_ado_2025_6_Colorado2025_x015872_y003072
Unknown_Sample,20251031_068_pol_pro_Ran_ado_2025_6_Colorado2025.czi,Ran_ado,381.31,950.0,4074.0,25,25,87.21,0.87,20251031_068_pol_pro_Ran_ado_2025_6_Colorado2025_x000512_y003584
Unknown_Sample,20251031_068_pol_pro_Ran_ado_2025_6_Colorado2025.czi,Ran_ado,442.11,1200.0,3639.0,28,27,91.36,0.952,20251031_068_pol_pro_Ran_ado_2025_6_Colorado2025_x001024_y003584
Unknown_Sample,20251031_068_pol_pro_Ran_ado_2025_6_Colorado2025.czi,Ran_ado,559.47,1306.0,3610.0,33,30,102.08,0.948,20251031_068_pol_pro_Ran_ado_2025_6_Colorado2025_x001024_y003584
Unknown_Sample,20251031_068_pol_pro_Ran_ado_2025_6_Colorado2025.czi,Ran_ado,549.08,1606.0,4042.0,37,23,104.87,0.94,20251031_068_pol_pro_Ran_ado_2025_6_Colorado2025_x001024_y003584
Unknown_Sample,20251031_068_pol_pro_Ran_ado_2025_6_Colorado2025.czi,Ran_ado,333.6,1520.0,3678.0,19,28,81.21,0.827,20251031_068_pol_pro_Ran_ado_2025_6_Colorado2025_x001024_y003584
Unknown_Sample,20251031_068_pol_pro_Ran_ado_2025_6_Colorado2025.czi,Ran_ado,505.6,1972.0,3925.0,32,26,97.94,0.951,20251031_068_pol_pro_Ran_ado_2025_6_Colorado2025_x001536_y003584
Unknown_Sample,20251031_068_pol_pro_Ran_ado_2025_6_Colorado2025.czi,Ran_ado,498.67,1876.0,3756.0,29,28,97.11,0.946,20251031_068_pol_pro_Ran_ado_2025_6_Colorado2025_x001536_y003584
Unknown_Sample,20251031_068_pol_pro_Ran_ado_2025_6_Colorado2025.czi,Ran_ado,551.39,1606.0,4042.0,37,23,106.04,0.938,20251031_068_pol_pro_Ran_ado_2025_6_Colorado2025_x001536_y003584
Unknown_Sample,20251031_068_pol_pro_Ran_ado_2025_6_Colorado2025.czi,Ran_ado,524.07,2642.0,3870.0,29,30,98.77,0.957,20251031_068_pol_pro_Ran_ado_2025_6_Colorado2025_x002048_y003584
Unknown_Sample,20251031_068_pol_pro_Ran_ado_2025_6_Colorado2025.czi,Ran_ado,510.6,2351.0,3821.0,28,31,99.36,0.945,20251031_068_pol_pro_Ran_ado_2025_6_Colorado2025_x002048_y003584
Unknown_Sample,20251031_068_pol_pro_Ran_ado_2025_6_Colorado2025.czi,Ran_ado,335.14,2425.0,3683.0,25,24,79.36,0.943,20251031_068_pol_pro_Ran_ado_2025_6_Colorado2025_x002048_y003584
Unknown_Sample,20251031_068_pol_pro_Ran_ado_2025_6_Colorado2025.czi,Ran_ado,597.17,3084.0,3969.0,31,32,104.43,0.958,20251031_068_pol_pro_Ran_ado_2025_6_Colorado2025_x002560_y003584
Unknown_Sample,20251031_068_pol_pro_Ran_ado_2025_6_Colorado2025.czi,Ran_ado,525.61,2642.0,3870.0,29,30,98.77,0.957,20251031_068_pol_pro_Ran_ado_2025_6_Colorado2025_x002560_y003584
Unknown_Sample,20251031_068_pol_pro_Ran_ado_2025_6_Colorado2025.czi,Ran_ado,492.13,3166.0,3814.0,31,28,95.84,0.95,20251031_068_pol_pro_Ran_ado_2025_6_Colorado2025_x002560_y003584
Unknown_Sample,20251031_068_pol_pro_Ran_ado_2025_6_Colorado2025.czi,Ran_ado,368.23,3107.0,3903.0,24,26,83.7,0.948,20251031_068_pol_pro_Ran_ado_2025_6_Colorado2025_x002560_y003584
Unknown_Sample,20251031_068_pol_pro_Ran_ado_2025_6_Colorado2025.czi,Ran_ado,379.77,3042.0,4098.0,26,25,84.53,0.932,20251031_068_pol_pro_Ran_ado_2025_6_Colorado2025_x002560_y003584
Unknown_Sample,20251031_068_pol_pro_Ran_ado_2025_6_Colorado2025.czi,Ran_ado,556.0,3085.0,3969.0,28,32,102.53,0.962,20251031_068_pol_pro_Ran_ado_2025_6_Colorado2025_x003072_y003584
Unknown_Sample,20251031_068_pol_pro_Ran_ado_2025_6_Colorado2025.czi,Ran_ado,492.13,3166.0,3814.0,31,28,95.84,0.95,20251031_068_pol_pro_Ran_ado_2025_6_Colorado2025_x003072_y003584
Unknown_Sample,20251031_068_pol_pro_Ran_ado_2025_6_Colorado2025.czi,Ran_ado,369.0,3107.0,3903.0,24,26,83.7,0.948,20251031_068_pol_pro_Ran_ado_2025_6_Colorado2025_x003072_y003584
Unknown_Sample,20251031_068_pol_pro_Ran_ado_2025_6_Colorado2025.czi,Ran_ado,562.54,3807.0,3970.0,29,31,101.94,0.951,20251031_068_pol_pro_Ran_ado_2025_6_Colorado2025_x003584_y003584
Unknown_Sample,20251031_068_pol_pro_Ran_ado_2025_6_Colorado2025.czi,Ran_ado,390.93,4043.0,3887.0,29,23,87.11,0.948,20251031_068_pol_pro_Ran_ado_2025_6_Colorado2025_x003584_y003584
Unknown_Sample,20251031_068_pol_pro_Ran_ado_2025_6_Colorado2025.czi,Ran_ado,572.93,4669.0,3969.0,30,34,104.67,0.956,20251031_068_pol_pro_Ran_ado_2025_6_Colorado2025_x004096_y003584
Unknown_Sample,20251031_068_pol_pro_Ran_ado_2025_6_Colorado2025.czi,Ran_ado,594.1,5188.0,4159.0,28,35,104.43,0.959,20251031_068_pol_pro_Ran_ado_2025_6_Colorado2025_x004608_y003584
Unknown_Sample,20251031_068_pol_pro_Ran_ado_2025_6_Colorado2025.czi,Ran_ado,572.93,4669.0,3969.0,30,34,104.67,0.956,20251031_068_pol_pro_Ran_ado_2025_6_Colorado2025_x004608_y003584
Unknown_Sample,20251031_068_pol_pro_Ran_ado_2025_6_Colorado2025.czi,Ran_ado,425.95,4840.0,3621.0,26,27,88.53,0.951,20251031_068_pol_pro_Ran_ado_2025_6_Colorado2025_x004608_y003584
Unknown_Sample,20251031_068_pol_pro_Ran_ado_2025_6_Colorado2025.czi,Ran_ado,668.74,5188.0,4158.0,30,37,111.25,0.946,20251031_068_pol_pro_Ran_ado_2025_6_Colorado2025_x005120_y003584
Unknown_Sample,20251031_068_pol_pro_Ran_ado_2025_6_Colorado2025.czi,Ran_ado,576.78,5840.0,3705.0,30,32,101.84,0.959,20251031_068_pol_pro_Ran_ado_2025_6_Colorado2025_x005632_y003584
Unknown_Sample,20251031_068_pol_pro_Ran_ado_2025_6_Colorado2025.czi,Ran_ado,669.51,5784.0,3869.0,33,33,109.25,0.954,20251031_068_pol_pro_Ran_ado_2025_6_Colorado2025_x005632_y003584
Unknown_Sample,20251031_068_pol_pro_Ran_ado_2025_6_Colorado2025.czi,Ran_ado,151.22,5962.0,3588.0,29,10,66.38,0.94,20251031_068_pol_pro_Ran_ado_2025_6_Colorado2025_x005632_y003584
Unknown_Sample,20251031_068_pol_pro_Ran_ado_2025_6_Colorado2025.czi,Ran_ado,583.32,6658.0,4067.0,30,32,103.6,0.966,20251031_068_pol_pro_Ran_ado_2025_6_Colorado2025_x006144_y003584
Unknown_Sample,20251031_068_pol_pro_Ran_ado_2025_6_Colorado2025.czi,Ran_ado,631.42,6887.0,4009.0,30,34,108.18,0.963,20251031_068_pol_pro_Ran_ado_2025_6_Colorado2025_x006656_y003584
Unknown_Sample,20251031_068_pol_pro_Ran_ado_2025_6_Colorado2025.czi,Ran_ado,323.6,6664.0,4067.0,17,32,85.21,0.958,20251031_068_pol_pro_Ran_ado_2025_6_Colorado2025_x006656_y003584
Unknown_Sample,20251031_068_pol_pro_Ran_ado_2025_6_Colorado2025.czi,Ran_ado,606.79,7727.0,4133.0,31,32,106.18,0.96,20251031_068_pol_pro_Ran_ado_2025_6_Colorado2025_x007168_y003584
Unknown_Sample,20251031_068_pol_pro_Ran_ado_2025_6_Colorado2025.czi,Ran_ado,539.84,7368.0,3881.0,28,32,99.01,0.96,20251031_068_pol_pro_Ran_ado_2025_6_Colorado2025_x007168_y003584
Unknown_Sample,20251031_068_pol_pro_Ran_ado_2025_6_Colorado2025.czi,Ran_ado,536.76,7681.0,4121.0,32,28,100.18,0.96,20251031_068_pol_pro_Ran_ado_2025_6_Colorado2025_x007168_y003584
Unknown_Sample,20251031_068_pol_pro_Ran_ado_2025_6_Colorado2025.czi,Ran_ado,524.84,7628.0,4136.0,29,29,97.94,0.96,20251031_068_pol_pro_Ran_ado_2025_6_Colorado2025_x007168_y003584
Unknown_Sample,20251031_068_pol_pro_Ran_ado_2025_6_Colorado2025.czi,Ran_ado,487.51,7685.0,3936.0,27,30,94.18,0.959,20251031_068_pol_pro_Ran_ado_2025_6_Colorado2025_x007168_y003584
Unknown_Sample,20251031_068_pol_pro_Ran_ado_2025_6_Colorado2025.czi,Ran_ado,538.3,7739.0,3601.0,28,31,99.36,0.959,20251031_068_pol_pro_Ran_ado_2025_6_Colorado2025_x007168_y003584
Unknown_Sample,20251031_068_pol_pro_Ran_ado_2025_6_Colorado2025.czi,Ran_ado,525.22,7781.0,3863.0,31,29,99.01,0.958,20251031_068_pol_pro_Ran_ado_2025_6_Colorado2025_x007168_y003584
Unknown_Sample,20251031_068_pol_pro_Ran_ado_2025_6_Colorado2025.czi,Ran_ado,441.34,7705.0,4086.0,25,30,91.36,0.95,20251031_068_pol_pro_Ran_ado_2025_6_Colorado2025_x007168_y003584
Unknown_Sample,20251031_068_pol_pro_Ran_ado_2025_6_Colorado2025.czi,Ran_ado,442.11,7547.0,4212.0,29,24,92.04,0.942,20251031_068_pol_pro_Ran_ado_2025_6_Colorado2025_x007168_y003584
Unknown_Sample,20251031_068_pol_pro_Ran_ado_2025_6_Colorado2025.czi,Ran_ado,780.71,8238.0,3720.0,34,37,118.67,0.967,20251031_068_pol_pro_Ran_ado_2025_6_Colorado2025_x007680_y003584
Unknown_Sample,20251031_068_pol_pro_Ran_ado_2025_6_Colorado2025.czi,Ran_ado,780.33,8061.0,4071.0,34,39,119.74,0.965,20251031_068_pol_pro_Ran_ado_2025_6_Colorado2025_x007680_y003584
Unknown_Sample,20251031_068_pol_pro_Ran_ado_2025_6_Colorado2025.czi,Ran_ado,611.79,8283.0,4150.0,31,33,105.25,0.963,20251031_068_pol_pro_Ran_ado_2025_6_Colorado2025_x007680_y003584
Unknown_Sample,20251031_068_pol_pro_Ran_ado_2025_6_Colorado2025.czi,Ran_ado,365.15,8183.0,4066.0,23,25,82.04,0.96,20251031_068_pol_pro_Ran_ado_2025_6_Colorado2025_x007680_y003584
Unknown_Sample,20251031_068_pol_pro_Ran_ado_2025_6_Colorado2025.czi,Ran_ado,608.33,7727.0,4133.0,31,32,106.18,0.96,20251031_068_pol_pro_Ran_ado_2025_6_Colorado2025_x007680_y003584
Unknown_Sample,20251031_068_pol_pro_Ran_ado_2025_6_Colorado2025.czi,Ran_ado,524.45,7781.0,3863.0,31,29,99.01,0.958,20251031_068_pol_pro_Ran_ado_2025_6_Colorado2025_x007680_y003584
Unknown_Sample,20251031_068_pol_pro_Ran_ado_2025_6_Colorado2025.czi,Ran_ado,538.69,7739.0,3601.0,28,31,99.94,0.957,20251031_068_pol_pro_Ran_ado_2025_6_Colorado2025_x007680_y003584
Unknown_Sample,20251031_068_pol_pro_Ran_ado_2025_6_Colorado2025.czi,Ran_ado,349.38,7689.0,3936.0,19,30,84.63,0.956,20251031_068_pol_pro_Ran_ado_2025_6_Colorado2025_x007680_y003584
Unknown_Sample,20251031_068_pol_pro_Ran_ado_2025_6_Colorado2025.czi,Ran_ado,278.96,7687.0,4121.0,17,28,78.38,0.955,20251031_068_pol_pro_Ran_ado_2025_6_Colorado2025_x007680_y003584
Unknown_Sample,20251031_068_pol_pro_Ran_ado_2025_6_Colorado2025.czi,Ran_ado,442.11,7705.0,4086.0,25,30,91.36,0.951,20251031_068_pol_pro_Ran_ado_2025_6_Colorado2025_x007680_y003584
Unknown_Sample,20251031_068_pol_pro_Ran_ado_2025_6_Colorado2025.czi,Ran_ado,568.7,7923.0,4210.0,32,27,104.63,0.95,20251031_068_pol_pro_Ran_ado_2025_6_Colorado2025_x007680_y003584
Unknown_Sample,20251031_068_pol_pro_Ran_ado_2025_6_Colorado2025.czi,Ran_ado,780.71,8238.0,3720.0,34,37,118.67,0.967,20251031_068_pol_pro_Ran_ado_2025_6_Colorado2025_x008192_y003584
Unknown_Sample,20251031_068_pol_pro_Ran_ado_2025_6_Colorado2025.czi,Ran_ado,664.89,8698.0,3670.0,31,36,110.08,0.965,20251031_068_pol_pro_Ran_ado_2025_6_Colorado2025_x008192_y003584
Unknown_Sample,20251031_068_pol_pro_Ran_ado_2025_6_Colorado2025.czi,Ran_ado,612.56,8283.0,4150.0,31,33,105.25,0.964,20251031_068_pol_pro_Ran_ado_2025_6_Colorado2025_x008192_y003584
Unknown_Sample,20251031_068_pol_pro_Ran_ado_2025_6_Colorado2025.czi,Ran_ado,729.15,8781.0,3774.0,31,39,117.84,0.963,20251031_068_pol_pro_Ran_ado_2025_6_Colorado2025_x008192_y003584
Unknown_Sample,20251031_068_pol_pro_Ran_ado_2025_6_Colorado2025.czi,Ran_ado,541.0,8472.0,3678.0,29,31,99.6,0.959,20251031_068_pol_pro_Ran_ado_2025_6_Colorado2025_x008192_y003584
Unknown_Sample,20251031_068_pol_pro_Ran_ado_2025_6_Colorado2025.czi,Ran_ado,728.38,8899.0,3855.0,32,37,115.84,0.966,20251031_068_pol_pro_Ran_ado_2025_6_Colorado2025_x008704_y003584
Unknown_Sample,20251031_068_pol_pro_Ran_ado_2025_6_Colorado2025.czi,Ran_ado,729.15,8781.0,3774.0,31,39,117.84,0.963,20251031_068_pol_pro_Ran_ado_2025_6_Colorado2025_x008704_y003584
Unknown_Sample,20251031_068_pol_pro_Ran_ado_2025_6_Colorado2025.czi,Ran_ado,153.91,8708.0,3670.0,10,32,71.8,0.925,20251031_068_pol_pro_Ran_ado_2025_6_Colorado2025_x008704_y003584
Unknown_Sample,20251031_068_pol_pro_Ran_ado_2025_6_Colorado2025.czi,Ran_ado,562.93,9689.0,4104.0,28,33,104.53,0.959,20251031_068_pol_pro_Ran_ado_2025_6_Colorado2025_x009216_y003584
Unknown_Sample,20251031_068_pol_pro_Ran_ado_2025_6_Colorado2025.czi,Ran_ado,427.87,9613.0,3808.0,25,28,89.11,0.957,20251031_068_pol_pro_Ran_ado_2025_6_Colorado2025_x009216_y003584
Unknown_Sample,20251031_068_pol_pro_Ran_ado_2025_6_Colorado2025.czi,Ran_ado,716.07,9960.0,3883.0,34,35,115.84,0.965,20251031_068_pol_pro_Ran_ado_2025_6_Colorado2025_x009728_y003584
Unknown_Sample,20251031_068_pol_pro_Ran_ado_2025_6_Colorado2025.czi,Ran_ado,674.51,10218.0,3709.0,32,35,111.84,0.964,20251031_068_pol_pro_Ran_ado_2025_6_Colorado2025_x009728_y003584
Unknown_Sample,20251031_068_pol_pro_Ran_ado_2025_6_Colorado2025.czi,Ran_ado,681.44,10265.0,3945.0,31,36,111.84,0.962,20251031_068_pol_pro_Ran_ado_2025_6_Colorado2025_x009728_y003584
Unknown_Sample,20251031_068_pol_pro_Ran_ado_2025_6_Colorado2025.czi,Ran_ado,325.52,9872.0,4216.0,33,16,86.97,0.906,20251031_068_pol_pro_Ran_ado_2025_6_Colorado2025_x009728_y003584
Unknown_Sample,20251031_068_pol_pro_Ran_ado_2025_6_Colorado2025.czi,Ran_ado,682.21,10265.0,3945.0,31,36,111.84,0.961,20251031_068_pol_pro_Ran_ado_2025_6_Colorado2025_x010240_y003584
Unknown_Sample,20251031_068_pol_pro_Ran_ado_2025_6_Colorado2025.czi,Ran_ado,482.51,10737.0,3900.0,27,30,93.6,0.959,20251031_068_pol_pro_Ran_ado_2025_6_Colorado2025_x010240_y003584
Unknown_Sample,20251031_068_pol_pro_Ran_ado_2025_6_Colorado2025.czi,Ran_ado,719.15,11041.0,3818.0,34,35,113.5,0.965,20251031_068_pol_pro_Ran_ado_2025_6_Colorado2025_x010752_y003584
Unknown_Sample,20251031_068_pol_pro_Ran_ado_2025_6_Colorado2025.czi,Ran_ado,773.02,11325.0,3965.0,35,36,119.84,0.964,20251031_068_pol_pro_Ran_ado_2025_6_Colorado2025_x010752_y003584
Unknown_Sample,20251031_068_pol_pro_Ran_ado_2025_6_Colorado2025.czi,Ran_ado,727.23,10950.0,3856.0,32,38,117.25,0.962,20251031_068_pol_pro_Ran_ado_2025_6_Colorado2025_x010752_y003584
Unknown_Sample,20251031_068_pol_pro_Ran_ado_2025_6_Colorado2025.czi,Ran_ado,892.68,11034.0,4205.0,39,36,129.6,0.957,20251031_068_pol_pro_Ran_ado_2025_6_Colorado2025_x010752_y003584
Unknown_Sample,20251031_068_pol_pro_Ran_ado_2025_6_Colorado2025.czi,Ran_ado,770.71,11325.0,3965.0,35,36,119.84,0.964,20251031_068_pol_pro_Ran_ado_2025_6_Colorado2025_x011264_y003584
Unknown_Sample,20251031_068_pol_pro_Ran_ado_2025_6_Colorado2025.czi,Ran_ado,721.46,11574.0,3973.0,34,35,113.5,0.962,20251031_068_pol_pro_Ran_ado_2025_6_Colorado2025_x011264_y003584
Unknown_Sample,20251031_068_pol_pro_Ran_ado_2025_6_Colorado2025.czi,Ran_ado,630.65,12792.0,4067.0,33,32,107.84,0.962,20251031_068_pol_pro_Ran_ado_2025_6_Colorado2025_x012288_y003584
Unknown_Sample,20251031_068_pol_pro_Ran_ado_2025_6_Colorado2025.czi,Ran_ado,612.18,12663.0,4110.0,35,29,108.18,0.962,20251031_068_pol_pro_Ran_ado_2025_6_Colorado2025_x012288_y003584
Unknown_Sample,20251031_068_pol_pro_Ran_ado_2025_6_Colorado2025.czi,Ran_ado,615.64,13389.0,3951.0,35,30,108.43,0.889,20251031_068_pol_pro_Ran_ado_2025_6_Colorado2025_x012800_y003584
Unknown_Sample,20251031_068_pol_pro_Ran_ado_2025_6_Colorado2025.czi,Ran_ado,614.1,13389.0,3951.0,35,30,108.43,0.891,20251031_068_pol_pro_Ran_ado_2025_6_Colorado2025_x013312_y003584
Unknown_Sample,20251031_068_pol_pro_Ran_ado_2025_6_Colorado2025.czi,Ran_ado,475.58,14264.0,4186.0,31,26,94.77,0.95,20251031_068_pol_pro_Ran_ado_2025_6_Colorado2025_x013824_y003584
Unknown_Sample,20251031_068_pol_pro_Ran_ado_2025_6_Colorado2025.czi,Ran_ado,333.99,14242.0,3638.0,20,30,81.94,0.899,20251031_068_pol_pro_Ran_ado_2025_6_Colorado2025_x013824_y003584
Unknown_Sample,20251031_068_pol_pro_Ran_ado_2025_6_Colorado2025.czi,Ran_ado,702.6,15359.0,4064.0,32,36,113.25,0.965,20251031_068_pol_pro_Ran_ado_2025_6_Colorado2025_x014848_y003584
Unknown_Sample,20251031_068_pol_pro_Ran_ado_2025_6_Colorado2025.czi,Ran_ado,573.32,15284.0,4071.0,34,28,104.77,0.961,20251031_068_pol_pro_Ran_ado_2025_6_Colorado2025_x014848_y003584
Unknown_Sample,20251031_068_pol_pro_Ran_ado_2025_6_Colorado2025.czi,Ran_ado,581.4,15342.0,4133.0,31,32,103.84,0.958,20251031_068_pol_pro_Ran_ado_2025_6_Colorado2025_x014848_y003584
Unknown_Sample,20251031_068_pol_pro_Ran_ado_2025_6_Colorado2025.czi,Ran_ado,421.33,15179.0,3950.0,27,25,87.7,0.958,20251031_068_pol_pro_Ran_ado_2025_6_Colorado2025_x014848_y003584
Unknown_Sample,20251031_068_pol_pro_Ran_ado_2025_6_Colorado2025.czi,Ran_ado,358.61,15199.0,3887.0,26,23,81.11,0.958,20251031_068_pol_pro_Ran_ado_2025_6_Colorado2025_x014848_y003584
Unknown_Sample,20251031_068_pol_pro_Ran_ado_2025_6_Colorado2025.czi,Ran_ado,622.18,15471.0,3686.0,31,32,109.7,0.949,20251031_068_pol_pro_Ran_ado_2025_6_Colorado2025_x014848_y003584
Unknown_Sample,20251031_068_pol_pro_Ran_ado_2025_6_Colorado2025.czi,Ran_ado,438.26,15476.0,4195.0,23,30,92.04,0.942,20251031_068_pol_pro_Ran_ado_2025_6_Colorado2025_x014848_y003584
Unknown_Sample,20251031_068_pol_pro_Ran_ado_2025_6_Colorado2025.czi,Ran_ado,634.11,15472.0,3686.0,33,32,109.6,0.96,20251031_068_pol_pro_Ran_ado_2025_6_Colorado2025_x015360_y003584
Unknown_Sample,20251031_068_pol_pro_Ran_ado_2025_6_Colorado2025.czi,Ran_ado,514.45,15478.0,4195.0,30,30,96.67,0.956,20251031_068_pol_pro_Ran_ado_2025_6_Colorado2025_x015360_y003584
Unknown_Sample,20251031_068_pol_pro_Ran_ado_2025_6_Colorado2025.czi,Ran_ado,475.97,15974.0,3687.0,30,29,95.84,0.953,20251031_068_pol_pro_Ran_ado_2025_6_Colorado2025_x015360_y003584
Unknown_Sample,20251031_068_pol_pro_Ran_ado_2025_6_Colorado2025.czi,Ran_ado,306.67,15367.0,4064.0,15,36,88.04,0.945,20251031_068_pol_pro_Ran_ado_2025_6_Colorado2025_x015360_y003584
Unknown_Sample,20251031_068_pol_pro_Ran_ado_2025_6_Colorado2025.czi,Ran_ado,475.97,15974.0,3687.0,30,29,95.84,0.954,20251031_068_pol_pro_Ran_ado_2025_6_Colorado2025_x015872_y003584
Unknown_Sample,20251031_068_pol_pro_Ran_ado_2025_6_Colorado2025.czi,Ran_ado,642.58,16808.0,4056.0,34,31,110.77,0.961,20251031_068_pol_pro_Ran_ado_2025_6_Colorado2025_x016384_y003584
Unknown_Sample,20251031_068_pol_pro_Ran_ado_2025_6_Colorado2025.czi,Ran_ado,428.26,16591.0,3923.0,24,29,89.7,0.956,20251031_068_pol_pro_Ran_ado_2025_6_Colorado2025_x016384_y003584
Unknown_Sample,20251031_068_pol_pro_Ran_ado_2025_6_Colorado2025.czi,Ran_ado,376.31,16577.0,3989.0,24,27,82.77,0.954,20251031_068_pol_pro_Ran_ado_2025_6_Colorado2025_x016384_y003584
Unknown_Sample,20251031_068_pol_pro_Ran_ado_2025_6_Colorado2025.czi,Ran_ado,306.28,16801.0,3728.0,17,29,78.63,0.874,20251031_068_pol_pro_Ran_ado_2025_6_Colorado2025_x016384_y003584
Unknown_Sample,20251031_068_pol_pro_Ran_ado_2025_6_Colorado2025.czi,Ran_ado,369.39,1076.0,4507.0,29,22,83.94,0.924,20251031_068_pol_pro_Ran_ado_2025_6_Colorado2025_x000512_y004096
Unknown_Sample,20251031_068_pol_pro_Ran_ado_2025_6_Colorado2025.czi,Ran_ado,512.91,1275.0,4340.0,31,27,98.53,0.954,20251031_068_pol_pro_Ran_ado_2025_6_Colorado2025_x001024_y004096
Unknown_Sample,20251031_068_pol_pro_Ran_ado_2025_6_Colorado2025.czi,Ran_ado,465.2,1168.0,4542.0,24,33,94.18,0.953,20251031_068_pol_pro_Ran_ado_2025_6_Colorado2025_x001024_y004096
Unknown_Sample,20251031_068_pol_pro_Ran_ado_2025_6_Colorado2025.czi,Ran_ado,375.93,1076.0,4508.0,30,22,85.36,0.945,20251031_068_pol_pro_Ran_ado_2025_6_Colorado2025_x001024_y004096
Unknown_Sample,20251031_068_pol_pro_Ran_ado_2025_6_Colorado2025.czi,Ran_ado,476.74,1652.0,4719.0,23,31,98.73,0.927,20251031_068_pol_pro_Ran_ado_2025_6_Colorado2025_x001024_y004096
Unknown_Sample,20251031_068_pol_pro_Ran_ado_2025_6_Colorado2025.czi,Ran_ado,342.84,1758.0,4563.0,25,23,78.53,0.944,20251031_068_pol_pro_Ran_ado_2025_6_Colorado2025_x001536_y004096
Unknown_Sample,20251031_068_pol_pro_Ran_ado_2025_6_Colorado2025.czi,Ran_ado,564.47,1654.0,4720.0,30,31,104.53,0.939,20251031_068_pol_pro_Ran_ado_2025_6_Colorado2025_x001536_y004096
Unknown_Sample,20251031_068_pol_pro_Ran_ado_2025_6_Colorado2025.czi,Ran_ado,682.98,2958.0,4441.0,36,31,111.84,0.962,20251031_068_pol_pro_Ran_ado_2025_6_Colorado2025_x002560_y004096
Unknown_Sample,20251031_068_pol_pro_Ran_ado_2025_6_Colorado2025.czi,Ran_ado,204.7,3043.0,4102.0,26,15,68.63,0.922,20251031_068_pol_pro_Ran_ado_2025_6_Colorado2025_x002560_y004096
Unknown_Sample,20251031_068_pol_pro_Ran_ado_2025_6_Colorado2025.czi,Ran_ado,368.62,3417.0,4637.0,24,26,81.94,0.949,20251031_068_pol_pro_Ran_ado_2025_6_Colorado2025_x003072_y004096
Unknown_Sample,20251031_068_pol_pro_Ran_ado_2025_6_Colorado2025.czi,Ran_ado,611.03,4713.0,4459.0,31,34,104.91,0.951,20251031_068_pol_pro_Ran_ado_2025_6_Colorado2025_x004096_y004096
Unknown_Sample,20251031_068_pol_pro_Ran_ado_2025_6_Colorado2025.czi,Ran_ado,564.85,4658.0,4374.0,28,33,102.77,0.948,20251031_068_pol_pro_Ran_ado_2025_6_Colorado2025_x004096_y004096
Unknown_Sample,20251031_068_pol_pro_Ran_ado_2025_6_Colorado2025.czi,Ran_ado,611.79,4713.0,4459.0,31,34,104.91,0.954,20251031_068_pol_pro_Ran_ado_2025_6_Colorado2025_x004608_y004096
Unknown_Sample,20251031_068_pol_pro_Ran_ado_2025_6_Colorado2025.czi,Ran_ado,668.74,5188.0,4158.0,30,37,111.25,0.947,20251031_068_pol_pro_Ran_ado_2025_6_Colorado2025_x004608_y004096
Unknown_Sample,20251031_068_pol_pro_Ran_ado_2025_6_Colorado2025.czi,Ran_ado,564.85,4658.0,4374.0,28,33,102.77,0.947,20251031_068_pol_pro_Ran_ado_2025_6_Colorado2025_x004608_y004096
Unknown_Sample,20251031_068_pol_pro_Ran_ado_2025_6_Colorado2025.czi,Ran_ado,572.16,4975.0,4290.0,32,30,103.01,0.946,20251031_068_pol_pro_Ran_ado_2025_6_Colorado2025_x004608_y004096
Unknown_Sample,20251031_068_pol_pro_Ran_ado_2025_6_Colorado2025.czi,Ran_ado,669.51,5638.0,4516.0,35,31,110.43,0.955,20251031_068_pol_pro_Ran_ado_2025_6_Colorado2025_x005120_y004096
Unknown_Sample,20251031_068_pol_pro_Ran_ado_2025_6_Colorado2025.czi,Ran_ado,668.74,5188.0,4158.0,30,37,111.25,0.948,20251031_068_pol_pro_Ran_ado_2025_6_Colorado2025_x005120_y004096
Unknown_Sample,20251031_068_pol_pro_Ran_ado_2025_6_Colorado2025.czi,Ran_ado,686.44,6216.0,4280.0,33,35,113.25,0.958,20251031_068_pol_pro_Ran_ado_2025_6_Colorado2025_x005632_y004096
Unknown_Sample,20251031_068_pol_pro_Ran_ado_2025_6_Colorado2025.czi,Ran_ado,698.75,5957.0,4593.0,33,34,112.43,0.951,20251031_068_pol_pro_Ran_ado_2025_6_Colorado2025_x005632_y004096
Unknown_Sample,20251031_068_pol_pro_Ran_ado_2025_6_Colorado2025.czi,Ran_ado,471.74,5643.0,4515.0,24,32,97.46,0.95,20251031_068_pol_pro_Ran_ado_2025_6_Colorado2025_x005632_y004096
Unknown_Sample,20251031_068_pol_pro_Ran_ado_2025_6_Colorado2025.czi,Ran_ado,586.78,6100.0,4322.0,28,34,105.36,0.948,20251031_068_pol_pro_Ran_ado_2025_6_Colorado2025_x005632_y004096
Unknown_Sample,20251031_068_pol_pro_Ran_ado_2025_6_Colorado2025.czi,Ran_ado,727.61,6629.0,4704.0,32,36,116.18,0.965,20251031_068_pol_pro_Ran_ado_2025_6_Colorado2025_x006144_y004096
Unknown_Sample,20251031_068_pol_pro_Ran_ado_2025_6_Colorado2025.czi,Ran_ado,579.47,6525.0,4556.0,32,30,104.77,0.964,20251031_068_pol_pro_Ran_ado_2025_6_Colorado2025_x006144_y004096
Unknown_Sample,20251031_068_pol_pro_Ran_ado_2025_6_Colorado2025.czi,Ran_ado,669.51,6216.0,4280.0,33,34,111.25,0.962,20251031_068_pol_pro_Ran_ado_2025_6_Colorado2025_x006144_y004096
Unknown_Sample,20251031_068_pol_pro_Ran_ado_2025_6_Colorado2025.czi,Ran_ado,536.76,7681.0,4121.0,32,28,100.18,0.961,20251031_068_pol_pro_Ran_ado_2025_6_Colorado2025_x007168_y004096
Unknown_Sample,20251031_068_pol_pro_Ran_ado_2025_6_Colorado2025.czi,Ran_ado,607.56,7727.0,4133.0,31,32,106.18,0.961,20251031_068_pol_pro_Ran_ado_2025_6_Colorado2025_x007168_y004096
Unknown_Sample,20251031_068_pol_pro_Ran_ado_2025_6_Colorado2025.czi,Ran_ado,515.22,7547.0,4214.0,29,30,97.01,0.96,20251031_068_pol_pro_Ran_ado_2025_6_Colorado2025_x007168_y004096
Unknown_Sample,20251031_068_pol_pro_Ran_ado_2025_6_Colorado2025.czi,Ran_ado,524.84,7628.0,4136.0,29,29,97.94,0.96,20251031_068_pol_pro_Ran_ado_2025_6_Colorado2025_x007168_y004096
Unknown_Sample,20251031_068_pol_pro_Ran_ado_2025_6_Colorado2025.czi,Ran_ado,788.79,7320.0,4342.0,35,40,121.4,0.957,20251031_068_pol_pro_Ran_ado_2025_6_Colorado2025_x007168_y004096
Unknown_Sample,20251031_068_pol_pro_Ran_ado_2025_6_Colorado2025.czi,Ran_ado,724.15,7443.0,4327.0,34,37,115.74,0.956,20251031_068_pol_pro_Ran_ado_2025_6_Colorado2025_x007168_y004096
Unknown_Sample,20251031_068_pol_pro_Ran_ado_2025_6_Colorado2025.czi,Ran_ado,612.56,8283.0,4150.0,31,33,105.25,0.965,20251031_068_pol_pro_Ran_ado_2025_6_Colorado2025_x007680_y004096
Unknown_Sample,20251031_068_pol_pro_Ran_ado_2025_6_Colorado2025.czi,Ran_ado,713.38,7922.0,4213.0,33,35,112.08,0.964,20251031_068_pol_pro_Ran_ado_2025_6_Colorado2025_x007680_y004096
Unknown_Sample,20251031_068_pol_pro_Ran_ado_2025_6_Colorado2025.czi,Ran_ado,689.9,8135.0,4584.0,34,34,112.67,0.962,20251031_068_pol_pro_Ran_ado_2025_6_Colorado2025_x007680_y004096
Unknown_Sample,20251031_068_pol_pro_Ran_ado_2025_6_Colorado2025.czi,Ran_ado,608.33,7727.0,4133.0,31,32,106.18,0.961,20251031_068_pol_pro_Ran_ado_2025_6_Colorado2025_x007680_y004096
Unknown_Sample,20251031_068_pol_pro_Ran_ado_2025_6_Colorado2025.czi,Ran_ado,278.96,7687.0,4121.0,17,28,78.38,0.956,20251031_068_pol_pro_Ran_ado_2025_6_Colorado2025_x007680_y004096
Unknown_Sample,20251031_068_pol_pro_Ran_ado_2025_6_Colorado2025.czi,Ran_ado,611.79,8283.0,4150.0,31,33,105.25,0.964,20251031_068_pol_pro_Ran_ado_2025_6_Colorado2025_x008192_y004096
Unknown_Sample,20251031_068_pol_pro_Ran_ado_2025_6_Colorado2025.czi,Ran_ado,692.98,8480.0,4287.0,31,37,112.67,0.964,20251031_068_pol_pro_Ran_ado_2025_6_Colorado2025_x008192_y004096
Unknown_Sample,20251031_068_pol_pro_Ran_ado_2025_6_Colorado2025.czi,Ran_ado,761.47,8531.0,4632.0,35,36,118.67,0.963,20251031_068_pol_pro_Ran_ado_2025_6_Colorado2025_x008192_y004096
Unknown_Sample,20251031_068_pol_pro_Ran_ado_2025_6_Colorado2025.czi,Ran_ado,610.64,8393.0,4253.0,30,35,106.67,0.963,20251031_068_pol_pro_Ran_ado_2025_6_Colorado2025_x008192_y004096
Unknown_Sample,20251031_068_pol_pro_Ran_ado_2025_6_Colorado2025.czi,Ran_ado,823.81,9507.0,4362.0,35,40,123.15,0.964,20251031_068_pol_pro_Ran_ado_2025_6_Colorado2025_x009216_y004096
Unknown_Sample,20251031_068_pol_pro_Ran_ado_2025_6_Colorado2025.czi,Ran_ado,431.33,9689.0,4107.0,28,24,93.56,0.961,20251031_068_pol_pro_Ran_ado_2025_6_Colorado2025_x009216_y004096
Unknown_Sample,20251031_068_pol_pro_Ran_ado_2025_6_Colorado2025.czi,Ran_ado,491.36,9704.0,4618.0,30,27,95.36,0.957,20251031_068_pol_pro_Ran_ado_2025_6_Colorado2025_x009216_y004096
Unknown_Sample,20251031_068_pol_pro_Ran_ado_2025_6_Colorado2025.czi,Ran_ado,397.47,9450.0,4381.0,27,24,86.87,0.954,20251031_068_pol_pro_Ran_ado_2025_6_Colorado2025_x009216_y004096
Unknown_Sample,20251031_068_pol_pro_Ran_ado_2025_6_Colorado2025.czi,Ran_ado,747.62,9878.0,4678.0,33,37,117.84,0.967,20251031_068_pol_pro_Ran_ado_2025_6_Colorado2025_x009728_y004096
Unknown_Sample,20251031_068_pol_pro_Ran_ado_2025_6_Colorado2025.czi,Ran_ado,733.38,9872.0,4224.0,33,36,117.6,0.965,20251031_068_pol_pro_Ran_ado_2025_6_Colorado2025_x009728_y004096
Unknown_Sample,20251031_068_pol_pro_Ran_ado_2025_6_Colorado2025.czi,Ran_ado,759.55,10180.0,4460.0,35,36,118.08,0.964,20251031_068_pol_pro_Ran_ado_2025_6_Colorado2025_x009728_y004096
Unknown_Sample,20251031_068_pol_pro_Ran_ado_2025_6_Colorado2025.czi,Ran_ado,797.64,10350.0,4612.0,34,37,123.36,0.956,20251031_068_pol_pro_Ran_ado_2025_6_Colorado2025_x009728_y004096
Unknown_Sample,20251031_068_pol_pro_Ran_ado_2025_6_Colorado2025.czi,Ran_ado,333.6,10199.0,4344.0,24,23,77.7,0.954,20251031_068_pol_pro_Ran_ado_2025_6_Colorado2025_x009728_y004096
Unknown_Sample,20251031_068_pol_pro_Ran_ado_2025_6_Colorado2025.czi,Ran_ado,787.25,10670.0,4494.0,34,39,120.91,0.967,20251031_068_pol_pro_Ran_ado_2025_6_Colorado2025_x010240_y004096
Unknown_Sample,20251031_068_pol_pro_Ran_ado_2025_6_Colorado2025.czi,Ran_ado,813.03,10351.0,4612.0,36,37,122.67,0.964,20251031_068_pol_pro_Ran_ado_2025_6_Colorado2025_x010240_y004096
Unknown_Sample,20251031_068_pol_pro_Ran_ado_2025_6_Colorado2025.czi,Ran_ado,746.08,10842.0,4696.0,34,36,116.67,0.963,20251031_068_pol_pro_Ran_ado_2025_6_Colorado2025_x010240_y004096
Unknown_Sample,20251031_068_pol_pro_Ran_ado_2025_6_Colorado2025.czi,Ran_ado,626.03,10384.0,4265.0,32,33,107.84,0.961,20251031_068_pol_pro_Ran_ado_2025_6_Colorado2025_x010240_y004096
Unknown_Sample,20251031_068_pol_pro_Ran_ado_2025_6_Colorado2025.czi,Ran_ado,828.42,11139.0,4656.0,35,39,123.5,0.964,20251031_068_pol_pro_Ran_ado_2025_6_Colorado2025_x010752_y004096
Unknown_Sample,20251031_068_pol_pro_Ran_ado_2025_6_Colorado2025.czi,Ran_ado,792.26,11160.0,4343.0,35,38,121.5,0.964,20251031_068_pol_pro_Ran_ado_2025_6_Colorado2025_x010752_y004096
Unknown_Sample,20251031_068_pol_pro_Ran_ado_2025_6_Colorado2025.czi,Ran_ado,746.08,10842.0,4696.0,34,36,116.67,0.963,20251031_068_pol_pro_Ran_ado_2025_6_Colorado2025_x010752_y004096
Unknown_Sample,20251031_068_pol_pro_Ran_ado_2025_6_Colorado2025.czi,Ran_ado,589.48,11106.0,4422.0,29,33,104.77,0.963,20251031_068_pol_pro_Ran_ado_2025_6_Colorado2025_x010752_y004096
Unknown_Sample,20251031_068_pol_pro_Ran_ado_2025_6_Colorado2025.czi,Ran_ado,921.54,11034.0,4205.0,39,39,130.33,0.963,20251031_068_pol_pro_Ran_ado_2025_6_Colorado2025_x010752_y004096
Unknown_Sample,20251031_068_pol_pro_Ran_ado_2025_6_Colorado2025.czi,Ran_ado,732.23,11213.0,4317.0,33,37,115.5,0.961,20251031_068_pol_pro_Ran_ado_2025_6_Colorado2025_x010752_y004096
Unknown_Sample,20251031_068_pol_pro_Ran_ado_2025_6_Colorado2025.czi,Ran_ado,576.01,11634.0,4597.0,32,29,102.18,0.962,20251031_068_pol_pro_Ran_ado_2025_6_Colorado2025_x011264_y004096
Unknown_Sample,20251031_068_pol_pro_Ran_ado_2025_6_Colorado2025.czi,Ran_ado,994.65,11485.0,4591.0,41,45,141.64,0.95,20251031_068_pol_pro_Ran_ado_2025_6_Colorado2025_x011264_y004096
Unknown_Sample,20251031_068_pol_pro_Ran_ado_2025_6_Colorado2025.czi,Ran_ado,673.74,12084.0,4444.0,32,37,114.67,0.959,20251031_068_pol_pro_Ran_ado_2025_6_Colorado2025_x011776_y004096
Unknown_Sample,20251031_068_pol_pro_Ran_ado_2025_6_Colorado2025.czi,Ran_ado,815.73,12535.0,4670.0,37,37,122.91,0.966,20251031_068_pol_pro_Ran_ado_2025_6_Colorado2025_x012288_y004096
Unknown_Sample,20251031_068_pol_pro_Ran_ado_2025_6_Colorado2025.czi,Ran_ado,911.54,12788.0,4639.0,38,39,128.33,0.964,20251031_068_pol_pro_Ran_ado_2025_6_Colorado2025_x012288_y004096
Unknown_Sample,20251031_068_pol_pro_Ran_ado_2025_6_Colorado2025.czi,Ran_ado,607.56,12663.0,4111.0,35,28,107.36,0.96,20251031_068_pol_pro_Ran_ado_2025_6_Colorado2025_x012288_y004096
Unknown_Sample,20251031_068_pol_pro_Ran_ado_2025_6_Colorado2025.czi,Ran_ado,606.02,12631.0,4722.0,33,29,108.87,0.943,20251031_068_pol_pro_Ran_ado_2025_6_Colorado2025_x012288_y004096
Unknown_Sample,20251031_068_pol_pro_Ran_ado_2025_6_Colorado2025.czi,Ran_ado,557.54,13364.0,4725.0,40,23,110.87,0.925,20251031_068_pol_pro_Ran_ado_2025_6_Colorado2025_x012800_y004096
Unknown_Sample,20251031_068_pol_pro_Ran_ado_2025_6_Colorado2025.czi,Ran_ado,221.63,13320.0,4730.0,36,11,82.97,0.884,20251031_068_pol_pro_Ran_ado_2025_6_Colorado2025_x012800_y004096
Unknown_Sample,20251031_068_pol_pro_Ran_ado_2025_6_Colorado2025.czi,Ran_ado,558.31,13364.0,4725.0,40,23,110.87,0.924,20251031_068_pol_pro_Ran_ado_2025_6_Colorado2025_x013312_y004096
Unknown_Sample,20251031_068_pol_pro_Ran_ado_2025_6_Colorado2025.czi,Ran_ado,171.23,13324.0,4730.0,27,11,67.9,0.898,20251031_068_pol_pro_Ran_ado_2025_6_Colorado2025_x013312_y004096
Unknown_Sample,20251031_068_pol_pro_Ran_ado_2025_6_Colorado2025.czi,Ran_ado,474.81,14264.0,4185.0,31,26,94.77,0.95,20251031_068_pol_pro_Ran_ado_2025_6_Colorado2025_x013824_y004096
Unknown_Sample,20251031_068_pol_pro_Ran_ado_2025_6_Colorado2025.czi,Ran_ado,581.4,15342.0,4133.0,31,32,103.84,0.957,20251031_068_pol_pro_Ran_ado_2025_6_Colorado2025_x014848_y004096
Unknown_Sample,20251031_068_pol_pro_Ran_ado_2025_6_Colorado2025.czi,Ran_ado,437.49,15476.0,4195.0,23,30,92.04,0.942,20251031_068_pol_pro_Ran_ado_2025_6_Colorado2025_x014848_y004096
Unknown_Sample,20251031_068_pol_pro_Ran_ado_2025_6_Colorado2025.czi,Ran_ado,514.45,15478.0,4195.0,30,30,96.67,0.957,20251031_068_pol_pro_Ran_ado_2025_6_Colorado2025_x015360_y004096
Unknown_Sample,20251031_068_pol_pro_Ran_ado_2025_6_Colorado2025.czi,Ran_ado,417.48,15895.0,4618.0,26,28,89.36,0.948,20251031_068_pol_pro_Ran_ado_2025_6_Colorado2025_x015360_y004096
Unknown_Sample,20251031_068_pol_pro_Ran_ado_2025_6_Colorado2025.czi,Ran_ado,416.71,15895.0,4618.0,26,28,89.36,0.948,20251031_068_pol_pro_Ran_ado_2025_6_Colorado2025_x015872_y004096
Unknown_Sample,20251031_068_pol_pro_Ran_ado_2025_6_Colorado2025.czi,Ran_ado,498.29,1652.0,4720.0,23,33,99.21,0.928,20251031_068_pol_pro_Ran_ado_2025_6_Colorado2025_x001024_y004608
Unknown_Sample,20251031_068_pol_pro_Ran_ado_2025_6_Colorado2025.czi,Ran_ado,471.74,2102.0,5190.0,29,28,92.43,0.956,20251031_068_pol_pro_Ran_ado_2025_6_Colorado2025_x001536_y004608
Unknown_Sample,20251031_068_pol_pro_Ran_ado_2025_6_Colorado2025.czi,Ran_ado,582.94,1654.0,4720.0,30,33,105.01,0.951,20251031_068_pol_pro_Ran_ado_2025_6_Colorado2025_x001536_y004608
Unknown_Sample,20251031_068_pol_pro_Ran_ado_2025_6_Colorado2025.czi,Ran_ado,364.77,1885.0,4775.0,28,22,84.28,0.948,20251031_068_pol_pro_Ran_ado_2025_6_Colorado2025_x001536_y004608
Unknown_Sample,20251031_068_pol_pro_Ran_ado_2025_6_Colorado2025.czi,Ran_ado,367.85,2019.0,5137.0,23,27,84.28,0.946,20251031_068_pol_pro_Ran_ado_2025_6_Colorado2025_x001536_y004608
Unknown_Sample,20251031_068_pol_pro_Ran_ado_2025_6_Colorado2025.czi,Ran_ado,489.82,1676.0,5121.0,37,24,101.01,0.93,20251031_068_pol_pro_Ran_ado_2025_6_Colorado2025_x001536_y004608
Unknown_Sample,20251031_068_pol_pro_Ran_ado_2025_6_Colorado2025.czi,Ran_ado,344.38,1787.0,5172.0,22,27,80.53,0.827,20251031_068_pol_pro_Ran_ado_2025_6_Colorado2025_x001536_y004608
Unknown_Sample,20251031_068_pol_pro_Ran_ado_2025_6_Colorado2025.czi,Ran_ado,478.66,2102.0,5190.0,29,28,93.6,0.95,20251031_068_pol_pro_Ran_ado_2025_6_Colorado2025_x002048_y004608
Unknown_Sample,20251031_068_pol_pro_Ran_ado_2025_6_Colorado2025.czi,Ran_ado,566.01,3477.0,4883.0,28,34,104.18,0.96,20251031_068_pol_pro_Ran_ado_2025_6_Colorado2025_x003072_y004608
Unknown_Sample,20251031_068_pol_pro_Ran_ado_2025_6_Colorado2025.czi,Ran_ado,367.46,3417.0,4637.0,24,26,82.53,0.95,20251031_068_pol_pro_Ran_ado_2025_6_Colorado2025_x003072_y004608
Unknown_Sample,20251031_068_pol_pro_Ran_ado_2025_6_Colorado2025.czi,Ran_ado,541.77,4435.0,5120.0,29,30,99.94,0.96,20251031_068_pol_pro_Ran_ado_2025_6_Colorado2025_x004096_y004608
Unknown_Sample,20251031_068_pol_pro_Ran_ado_2025_6_Colorado2025.czi,Ran_ado,392.47,4537.0,4907.0,28,23,86.28,0.95,20251031_068_pol_pro_Ran_ado_2025_6_Colorado2025_x004096_y004608
Unknown_Sample,20251031_068_pol_pro_Ran_ado_2025_6_Colorado2025.czi,Ran_ado,415.94,4594.0,5192.0,23,30,89.7,0.946,20251031_068_pol_pro_Ran_ado_2025_6_Colorado2025_x004096_y004608
Unknown_Sample,20251031_068_pol_pro_Ran_ado_2025_6_Colorado2025.czi,Ran_ado,248.18,4729.0,4847.0,13,32,79.56,0.881,20251031_068_pol_pro_Ran_ado_2025_6_Colorado2025_x004096_y004608
Unknown_Sample,20251031_068_pol_pro_Ran_ado_2025_6_Colorado2025.czi,Ran_ado,732.23,4783.0,4957.0,33,38,117.5,0.964,20251031_068_pol_pro_Ran_ado_2025_6_Colorado2025_x004608_y004608
Unknown_Sample,20251031_068_pol_pro_Ran_ado_2025_6_Colorado2025.czi,Ran_ado,599.87,4980.0,5177.0,36,28,107.01,0.961,20251031_068_pol_pro_Ran_ado_2025_6_Colorado2025_x004608_y004608
Unknown_Sample,20251031_068_pol_pro_Ran_ado_2025_6_Colorado2025.czi,Ran_ado,686.44,4738.0,4846.0,33,34,112.43,0.957,20251031_068_pol_pro_Ran_ado_2025_6_Colorado2025_x004608_y004608
Unknown_Sample,20251031_068_pol_pro_Ran_ado_2025_6_Colorado2025.czi,Ran_ado,521.76,5215.0,4846.0,27,33,98.43,0.956,20251031_068_pol_pro_Ran_ado_2025_6_Colorado2025_x004608_y004608
Unknown_Sample,20251031_068_pol_pro_Ran_ado_2025_6_Colorado2025.czi,Ran_ado,618.72,5345.0,4891.0,30,35,107.25,0.963,20251031_068_pol_pro_Ran_ado_2025_6_Colorado2025_x005120_y004608
Unknown_Sample,20251031_068_pol_pro_Ran_ado_2025_6_Colorado2025.czi,Ran_ado,482.13,5671.0,4874.0,27,29,94.53,0.955,20251031_068_pol_pro_Ran_ado_2025_6_Colorado2025_x005120_y004608
Unknown_Sample,20251031_068_pol_pro_Ran_ado_2025_6_Colorado2025.czi,Ran_ado,521.37,5215.0,4846.0,27,33,97.84,0.953,20251031_068_pol_pro_Ran_ado_2025_6_Colorado2025_x005120_y004608
Unknown_Sample,20251031_068_pol_pro_Ran_ado_2025_6_Colorado2025.czi,Ran_ado,404.79,5508.0,5111.0,24,28,88.28,0.953,20251031_068_pol_pro_Ran_ado_2025_6_Colorado2025_x005120_y004608
Unknown_Sample,20251031_068_pol_pro_Ran_ado_2025_6_Colorado2025.czi,Ran_ado,363.23,5697.0,5026.0,26,24,84.28,0.941,20251031_068_pol_pro_Ran_ado_2025_6_Colorado2025_x005120_y004608
Unknown_Sample,20251031_068_pol_pro_Ran_ado_2025_6_Colorado2025.czi,Ran_ado,681.05,5896.0,5059.0,34,34,112.08,0.96,20251031_068_pol_pro_Ran_ado_2025_6_Colorado2025_x005632_y004608
Unknown_Sample,20251031_068_pol_pro_Ran_ado_2025_6_Colorado2025.czi,Ran_ado,632.19,6209.0,4932.0,34,31,109.01,0.957,20251031_068_pol_pro_Ran_ado_2025_6_Colorado2025_x005632_y004608
Unknown_Sample,20251031_068_pol_pro_Ran_ado_2025_6_Colorado2025.czi,Ran_ado,482.13,5671.0,4874.0,27,29,94.53,0.954,20251031_068_pol_pro_Ran_ado_2025_6_Colorado2025_x005632_y004608
Unknown_Sample,20251031_068_pol_pro_Ran_ado_2025_6_Colorado2025.czi,Ran_ado,610.64,5767.0,4754.0,30,34,107.01,0.949,20251031_068_pol_pro_Ran_ado_2025_6_Colorado2025_x005632_y004608
Unknown_Sample,20251031_068_pol_pro_Ran_ado_2025_6_Colorado2025.czi,Ran_ado,458.65,5877.0,4759.0,27,28,91.94,0.948,20251031_068_pol_pro_Ran_ado_2025_6_Colorado2025_x005632_y004608
Unknown_Sample,20251031_068_pol_pro_Ran_ado_2025_6_Colorado2025.czi,Ran_ado,392.86,5815.0,5105.0,31,20,88.04,0.946,20251031_068_pol_pro_Ran_ado_2025_6_Colorado2025_x005632_y004608
Unknown_Sample,20251031_068_pol_pro_Ran_ado_2025_6_Colorado2025.czi,Ran_ado,362.84,5697.0,5026.0,26,24,83.7,0.941,20251031_068_pol_pro_Ran_ado_2025_6_Colorado2025_x005632_y004608
Unknown_Sample,20251031_068_pol_pro_Ran_ado_2025_6_Colorado2025.czi,Ran_ado,725.69,6629.0,4704.0,32,36,115.6,0.965,20251031_068_pol_pro_Ran_ado_2025_6_Colorado2025_x006144_y004608
Unknown_Sample,20251031_068_pol_pro_Ran_ado_2025_6_Colorado2025.czi,Ran_ado,786.87,6652.0,4939.0,37,35,119.5,0.962,20251031_068_pol_pro_Ran_ado_2025_6_Colorado2025_x006144_y004608
Unknown_Sample,20251031_068_pol_pro_Ran_ado_2025_6_Colorado2025.czi,Ran_ado,578.7,6613.0,5028.0,27,35,105.94,0.959,20251031_068_pol_pro_Ran_ado_2025_6_Colorado2025_x006144_y004608
Unknown_Sample,20251031_068_pol_pro_Ran_ado_2025_6_Colorado2025.czi,Ran_ado,516.76,6312.0,4799.0,28,31,99.36,0.958,20251031_068_pol_pro_Ran_ado_2025_6_Colorado2025_x006144_y004608
Unknown_Sample,20251031_068_pol_pro_Ran_ado_2025_6_Colorado2025.czi,Ran_ado,634.88,6209.0,4932.0,34,31,108.43,0.957,20251031_068_pol_pro_Ran_ado_2025_6_Colorado2025_x006144_y004608
Unknown_Sample,20251031_068_pol_pro_Ran_ado_2025_6_Colorado2025.czi,Ran_ado,437.88,6766.0,4907.0,28,27,89.6,0.95,20251031_068_pol_pro_Ran_ado_2025_6_Colorado2025_x006144_y004608
Unknown_Sample,20251031_068_pol_pro_Ran_ado_2025_6_Colorado2025.czi,Ran_ado,376.31,6744.0,4940.0,27,24,85.11,0.948,20251031_068_pol_pro_Ran_ado_2025_6_Colorado2025_x006144_y004608
Unknown_Sample,20251031_068_pol_pro_Ran_ado_2025_6_Colorado2025.czi,Ran_ado,676.82,7046.0,5219.0,34,32,112.18,0.965,20251031_068_pol_pro_Ran_ado_2025_6_Colorado2025_x006656_y004608
Unknown_Sample,20251031_068_pol_pro_Ran_ado_2025_6_Colorado2025.czi,Ran_ado,631.42,7023.0,5017.0,30,35,109.01,0.964,20251031_068_pol_pro_Ran_ado_2025_6_Colorado2025_x006656_y004608
Unknown_Sample,20251031_068_pol_pro_Ran_ado_2025_6_Colorado2025.czi,Ran_ado,619.49,6884.0,4874.0,29,34,105.6,0.962,20251031_068_pol_pro_Ran_ado_2025_6_Colorado2025_x006656_y004608
Unknown_Sample,20251031_068_pol_pro_Ran_ado_2025_6_Colorado2025.czi,Ran_ado,823.04,7189.0,5045.0,39,35,123.5,0.961,20251031_068_pol_pro_Ran_ado_2025_6_Colorado2025_x006656_y004608
Unknown_Sample,20251031_068_pol_pro_Ran_ado_2025_6_Colorado2025.czi,Ran_ado,435.18,6766.0,4907.0,28,27,89.01,0.954,20251031_068_pol_pro_Ran_ado_2025_6_Colorado2025_x006656_y004608
Unknown_Sample,20251031_068_pol_pro_Ran_ado_2025_6_Colorado2025.czi,Ran_ado,378.24,6744.0,4940.0,27,24,85.7,0.947,20251031_068_pol_pro_Ran_ado_2025_6_Colorado2025_x006656_y004608
Unknown_Sample,20251031_068_pol_pro_Ran_ado_2025_6_Colorado2025.czi,Ran_ado,276.27,6663.0,4939.0,15,32,80.63,0.945,20251031_068_pol_pro_Ran_ado_2025_6_Colorado2025_x006656_y004608
Unknown_Sample,20251031_068_pol_pro_Ran_ado_2025_6_Colorado2025.czi,Ran_ado,318.98,7044.0,4896.0,22,25,77.7,0.945,20251031_068_pol_pro_Ran_ado_2025_6_Colorado2025_x006656_y004608
Unknown_Sample,20251031_068_pol_pro_Ran_ado_2025_6_Colorado2025.czi,Ran_ado,826.12,7189.0,5045.0,39,35,123.5,0.959,20251031_068_pol_pro_Ran_ado_2025_6_Colorado2025_x007168_y004608
Unknown_Sample,20251031_068_pol_pro_Ran_ado_2025_6_Colorado2025.czi,Ran_ado,571.01,8268.0,4777.0,27,35,103.6,0.961,20251031_068_pol_pro_Ran_ado_2025_6_Colorado2025_x007680_y004608
Unknown_Sample,20251031_068_pol_pro_Ran_ado_2025_6_Colorado2025.czi,Ran_ado,542.15,7988.0,4951.0,29,31,100.18,0.96,20251031_068_pol_pro_Ran_ado_2025_6_Colorado2025_x007680_y004608
Unknown_Sample,20251031_068_pol_pro_Ran_ado_2025_6_Colorado2025.czi,Ran_ado,560.23,7965.0,4814.0,28,33,101.6,0.96,20251031_068_pol_pro_Ran_ado_2025_6_Colorado2025_x007680_y004608
Unknown_Sample,20251031_068_pol_pro_Ran_ado_2025_6_Colorado2025.czi,Ran_ado,736.85,8793.0,4856.0,34,35,115.84,0.965,20251031_068_pol_pro_Ran_ado_2025_6_Colorado2025_x008192_y004608
Unknown_Sample,20251031_068_pol_pro_Ran_ado_2025_6_Colorado2025.czi,Ran_ado,759.16,8531.0,4632.0,35,36,118.67,0.963,20251031_068_pol_pro_Ran_ado_2025_6_Colorado2025_x008192_y004608
Unknown_Sample,20251031_068_pol_pro_Ran_ado_2025_6_Colorado2025.czi,Ran_ado,741.46,8482.0,4845.0,34,35,115.84,0.961,20251031_068_pol_pro_Ran_ado_2025_6_Colorado2025_x008192_y004608
Unknown_Sample,20251031_068_pol_pro_Ran_ado_2025_6_Colorado2025.czi,Ran_ado,673.74,8551.0,5112.0,32,35,111.84,0.961,20251031_068_pol_pro_Ran_ado_2025_6_Colorado2025_x008192_y004608
Unknown_Sample,20251031_068_pol_pro_Ran_ado_2025_6_Colorado2025.czi,Ran_ado,667.59,8750.0,4819.0,31,36,111.84,0.96,20251031_068_pol_pro_Ran_ado_2025_6_Colorado2025_x008192_y004608
Unknown_Sample,20251031_068_pol_pro_Ran_ado_2025_6_Colorado2025.czi,Ran_ado,569.85,8268.0,4777.0,27,35,103.01,0.96,20251031_068_pol_pro_Ran_ado_2025_6_Colorado2025_x008192_y004608
Unknown_Sample,20251031_068_pol_pro_Ran_ado_2025_6_Colorado2025.czi,Ran_ado,763.4,8492.0,4795.0,35,36,119.25,0.96,20251031_068_pol_pro_Ran_ado_2025_6_Colorado2025_x008192_y004608
Unknown_Sample,20251031_068_pol_pro_Ran_ado_2025_6_Colorado2025.czi,Ran_ado,737.62,8793.0,4856.0,34,35,115.84,0.965,20251031_068_pol_pro_Ran_ado_2025_6_Colorado2025_x008704_y004608
Unknown_Sample,20251031_068_pol_pro_Ran_ado_2025_6_Colorado2025.czi,Ran_ado,774.56,9243.0,5000.0,34,37,119.84,0.964,20251031_068_pol_pro_Ran_ado_2025_6_Colorado2025_x008704_y004608
Unknown_Sample,20251031_068_pol_pro_Ran_ado_2025_6_Colorado2025.czi,Ran_ado,669.13,8750.0,4819.0,31,36,111.84,0.96,20251031_068_pol_pro_Ran_ado_2025_6_Colorado2025_x008704_y004608
Unknown_Sample,20251031_068_pol_pro_Ran_ado_2025_6_Colorado2025.czi,Ran_ado,991.95,9655.0,4809.0,38,43,134.57,0.966,20251031_068_pol_pro_Ran_ado_2025_6_Colorado2025_x009216_y004608
Unknown_Sample,20251031_068_pol_pro_Ran_ado_2025_6_Colorado2025.czi,Ran_ado,687.98,9419.0,5158.0,32,36,113.25,0.966,20251031_068_pol_pro_Ran_ado_2025_6_Colorado2025_x009216_y004608
Unknown_Sample,20251031_068_pol_pro_Ran_ado_2025_6_Colorado2025.czi,Ran_ado,774.56,9243.0,5000.0,34,37,119.84,0.964,20251031_068_pol_pro_Ran_ado_2025_6_Colorado2025_x009216_y004608
Unknown_Sample,20251031_068_pol_pro_Ran_ado_2025_6_Colorado2025.czi,Ran_ado,754.93,9481.0,4983.0,35,36,118.08,0.962,20251031_068_pol_pro_Ran_ado_2025_6_Colorado2025_x009216_y004608
Unknown_Sample,20251031_068_pol_pro_Ran_ado_2025_6_Colorado2025.czi,Ran_ado,446.34,9703.0,4619.0,30,24,93.46,0.961,20251031_068_pol_pro_Ran_ado_2025_6_Colorado2025_x009216_y004608
Unknown_Sample,20251031_068_pol_pro_Ran_ado_2025_6_Colorado2025.czi,Ran_ado,580.63,9694.0,4893.0,29,33,104.18,0.961,20251031_068_pol_pro_Ran_ado_2025_6_Colorado2025_x009216_y004608
Unknown_Sample,20251031_068_pol_pro_Ran_ado_2025_6_Colorado2025.czi,Ran_ado,585.25,9665.0,4956.0,29,35,105.84,0.96,20251031_068_pol_pro_Ran_ado_2025_6_Colorado2025_x009216_y004608
Unknown_Sample,20251031_068_pol_pro_Ran_ado_2025_6_Colorado2025.czi,Ran_ado,746.08,9878.0,4678.0,33,37,117.84,0.969,20251031_068_pol_pro_Ran_ado_2025_6_Colorado2025_x009728_y004608
Unknown_Sample,20251031_068_pol_pro_Ran_ado_2025_6_Colorado2025.czi,Ran_ado,715.3,10078.0,5137.0,33,35,113.84,0.966,20251031_068_pol_pro_Ran_ado_2025_6_Colorado2025_x009728_y004608
Unknown_Sample,20251031_068_pol_pro_Ran_ado_2025_6_Colorado2025.czi,Ran_ado,916.54,10201.0,4794.0,36,41,128.91,0.964,20251031_068_pol_pro_Ran_ado_2025_6_Colorado2025_x009728_y004608
Unknown_Sample,20251031_068_pol_pro_Ran_ado_2025_6_Colorado2025.czi,Ran_ado,663.74,10027.0,4964.0,31,35,109.84,0.964,20251031_068_pol_pro_Ran_ado_2025_6_Colorado2025_x009728_y004608
Unknown_Sample,20251031_068_pol_pro_Ran_ado_2025_6_Colorado2025.czi,Ran_ado,577.17,9971.0,4806.0,29,33,103.6,0.963,20251031_068_pol_pro_Ran_ado_2025_6_Colorado2025_x009728_y004608
Unknown_Sample,20251031_068_pol_pro_Ran_ado_2025_6_Colorado2025.czi,Ran_ado,831.89,9880.0,5014.0,35,39,124.08,0.963,20251031_068_pol_pro_Ran_ado_2025_6_Colorado2025_x009728_y004608
Unknown_Sample,20251031_068_pol_pro_Ran_ado_2025_6_Colorado2025.czi,Ran_ado,492.13,10350.0,4618.0,34,23,101.21,0.951,20251031_068_pol_pro_Ran_ado_2025_6_Colorado2025_x009728_y004608
Unknown_Sample,20251031_068_pol_pro_Ran_ado_2025_6_Colorado2025.czi,Ran_ado,746.85,10842.0,4696.0,34,36,116.67,0.964,20251031_068_pol_pro_Ran_ado_2025_6_Colorado2025_x010240_y004608
Unknown_Sample,20251031_068_pol_pro_Ran_ado_2025_6_Colorado2025.czi,Ran_ado,687.21,10527.0,5181.0,32,35,112.43,0.963,20251031_068_pol_pro_Ran_ado_2025_6_Colorado2025_x010240_y004608
Unknown_Sample,20251031_068_pol_pro_Ran_ado_2025_6_Colorado2025.czi,Ran_ado,661.05,10726.0,5220.0,32,34,110.43,0.962,20251031_068_pol_pro_Ran_ado_2025_6_Colorado2025_x010240_y004608
Unknown_Sample,20251031_068_pol_pro_Ran_ado_2025_6_Colorado2025.czi,Ran_ado,636.81,10445.0,5015.0,31,35,109.84,0.962,20251031_068_pol_pro_Ran_ado_2025_6_Colorado2025_x010240_y004608
Unknown_Sample,20251031_068_pol_pro_Ran_ado_2025_6_Colorado2025.czi,Ran_ado,559.85,10410.0,5048.0,29,32,101.01,0.96,20251031_068_pol_pro_Ran_ado_2025_6_Colorado2025_x010240_y004608
Unknown_Sample,20251031_068_pol_pro_Ran_ado_2025_6_Colorado2025.czi,Ran_ado,549.46,10566.0,5199.0,27,35,102.43,0.96,20251031_068_pol_pro_Ran_ado_2025_6_Colorado2025_x010240_y004608
Unknown_Sample,20251031_068_pol_pro_Ran_ado_2025_6_Colorado2025.czi,Ran_ado,501.36,10350.0,4618.0,36,23,104.04,0.957,20251031_068_pol_pro_Ran_ado_2025_6_Colorado2025_x010240_y004608
Unknown_Sample,20251031_068_pol_pro_Ran_ado_2025_6_Colorado2025.czi,Ran_ado,452.88,10765.0,5025.0,27,28,92.53,0.956,20251031_068_pol_pro_Ran_ado_2025_6_Colorado2025_x010240_y004608
Unknown_Sample,20251031_068_pol_pro_Ran_ado_2025_6_Colorado2025.czi,Ran_ado,369.77,10530.0,4747.0,28,23,85.7,0.947,20251031_068_pol_pro_Ran_ado_2025_6_Colorado2025_x010240_y004608
Unknown_Sample,20251031_068_pol_pro_Ran_ado_2025_6_Colorado2025.czi,Ran_ado,829.19,11139.0,4656.0,35,39,123.5,0.964,20251031_068_pol_pro_Ran_ado_2025_6_Colorado2025_x010752_y004608
Unknown_Sample,20251031_068_pol_pro_Ran_ado_2025_6_Colorado2025.czi,Ran_ado,746.85,10842.0,4696.0,34,36,116.67,0.963,20251031_068_pol_pro_Ran_ado_2025_6_Colorado2025_x010752_y004608
Unknown_Sample,20251031_068_pol_pro_Ran_ado_2025_6_Colorado2025.czi,Ran_ado,932.7,11300.0,4961.0,38,41,130.57,0.96,20251031_068_pol_pro_Ran_ado_2025_6_Colorado2025_x010752_y004608
Unknown_Sample,20251031_068_pol_pro_Ran_ado_2025_6_Colorado2025.czi,Ran_ado,450.57,10765.0,5025.0,26,28,91.7,0.955,20251031_068_pol_pro_Ran_ado_2025_6_Colorado2025_x010752_y004608
Unknown_Sample,20251031_068_pol_pro_Ran_ado_2025_6_Colorado2025.czi,Ran_ado,933.47,11300.0,4961.0,38,41,130.57,0.96,20251031_068_pol_pro_Ran_ado_2025_6_Colorado2025_x011264_y004608
Unknown_Sample,20251031_068_pol_pro_Ran_ado_2025_6_Colorado2025.czi,Ran_ado,917.69,12232.0,5091.0,38,41,131.15,0.968,20251031_068_pol_pro_Ran_ado_2025_6_Colorado2025_x011776_y004608
Unknown_Sample,20251031_068_pol_pro_Ran_ado_2025_6_Colorado2025.czi,Ran_ado,992.34,12041.0,4780.0,41,41,135.98,0.966,20251031_068_pol_pro_Ran_ado_2025_6_Colorado2025_x011776_y004608
Unknown_Sample,20251031_068_pol_pro_Ran_ado_2025_6_Colorado2025.czi,Ran_ado,941.93,12240.0,5211.0,38,42,131.4,0.963,20251031_068_pol_pro_Ran_ado_2025_6_Colorado2025_x011776_y004608
Unknown_Sample,20251031_068_pol_pro_Ran_ado_2025_6_Colorado2025.czi,Ran_ado,662.97,12082.0,4992.0,32,35,113.01,0.961,20251031_068_pol_pro_Ran_ado_2025_6_Colorado2025_x011776_y004608
Unknown_Sample,20251031_068_pol_pro_Ran_ado_2025_6_Colorado2025.czi,Ran_ado,369.77,11997.0,5020.0,23,27,83.7,0.949,20251031_068_pol_pro_Ran_ado_2025_6_Colorado2025_x011776_y004608
Unknown_Sample,20251031_068_pol_pro_Ran_ado_2025_6_Colorado2025.czi,Ran_ado,118.13,11945.0,5135.0,15,13,47.9,0.926,20251031_068_pol_pro_Ran_ado_2025_6_Colorado2025_x011776_y004608
Unknown_Sample,20251031_068_pol_pro_Ran_ado_2025_6_Colorado2025.czi,Ran_ado,240.1,12407.0,5149.0,17,24,70.97,0.896,20251031_068_pol_pro_Ran_ado_2025_6_Colorado2025_x011776_y004608
Unknown_Sample,20251031_068_pol_pro_Ran_ado_2025_6_Colorado2025.czi,Ran_ado,817.27,12535.0,4670.0,37,37,122.91,0.966,20251031_068_pol_pro_Ran_ado_2025_6_Colorado2025_x012288_y004608
Unknown_Sample,20251031_068_pol_pro_Ran_ado_2025_6_Colorado2025.czi,Ran_ado,912.31,12788.0,4639.0,38,39,128.33,0.964,20251031_068_pol_pro_Ran_ado_2025_6_Colorado2025_x012288_y004608
Unknown_Sample,20251031_068_pol_pro_Ran_ado_2025_6_Colorado2025.czi,Ran_ado,711.45,12631.0,4724.0,33,36,114.67,0.959,20251031_068_pol_pro_Ran_ado_2025_6_Colorado2025_x012288_y004608
Unknown_Sample,20251031_068_pol_pro_Ran_ado_2025_6_Colorado2025.czi,Ran_ado,469.04,12414.0,5148.0,33,24,95.36,0.952,20251031_068_pol_pro_Ran_ado_2025_6_Colorado2025_x012288_y004608
Unknown_Sample,20251031_068_pol_pro_Ran_ado_2025_6_Colorado2025.czi,Ran_ado,762.63,13184.0,4991.0,35,36,118.08,0.965,20251031_068_pol_pro_Ran_ado_2025_6_Colorado2025_x012800_y004608
Unknown_Sample,20251031_068_pol_pro_Ran_ado_2025_6_Colorado2025.czi,Ran_ado,955.4,13322.0,4742.0,40,39,131.15,0.961,20251031_068_pol_pro_Ran_ado_2025_6_Colorado2025_x012800_y004608
Unknown_Sample,20251031_068_pol_pro_Ran_ado_2025_6_Colorado2025.czi,Ran_ado,956.94,13365.0,4732.0,40,40,133.15,0.96,20251031_068_pol_pro_Ran_ado_2025_6_Colorado2025_x012800_y004608
Unknown_Sample,20251031_068_pol_pro_Ran_ado_2025_6_Colorado2025.czi,Ran_ado,430.18,13230.0,5238.0,34,20,95.8,0.931,20251031_068_pol_pro_Ran_ado_2025_6_Colorado2025_x012800_y004608
Unknown_Sample,20251031_068_pol_pro_Ran_ado_2025_6_Colorado2025.czi,Ran_ado,739.16,13326.0,4743.0,30,39,120.53,0.967,20251031_068_pol_pro_Ran_ado_2025_6_Colorado2025_x013312_y004608
Unknown_Sample,20251031_068_pol_pro_Ran_ado_2025_6_Colorado2025.czi,Ran_ado,952.71,13773.0,4982.0,38,41,131.74,0.966,20251031_068_pol_pro_Ran_ado_2025_6_Colorado2025_x013312_y004608
Unknown_Sample,20251031_068_pol_pro_Ran_ado_2025_6_Colorado2025.czi,Ran_ado,700.29,13897.0,5056.0,36,34,115.74,0.961,20251031_068_pol_pro_Ran_ado_2025_6_Colorado2025_x013312_y004608
Unknown_Sample,20251031_068_pol_pro_Ran_ado_2025_6_Colorado2025.czi,Ran_ado,958.48,13365.0,4732.0,40,40,133.15,0.96,20251031_068_pol_pro_Ran_ado_2025_6_Colorado2025_x013312_y004608
Unknown_Sample,20251031_068_pol_pro_Ran_ado_2025_6_Colorado2025.czi,Ran_ado,904.23,13905.0,5229.0,41,37,132.08,0.953,20251031_068_pol_pro_Ran_ado_2025_6_Colorado2025_x013312_y004608
Unknown_Sample,20251031_068_pol_pro_Ran_ado_2025_6_Colorado2025.czi,Ran_ado,701.06,13897.0,5056.0,36,34,115.74,0.961,20251031_068_pol_pro_Ran_ado_2025_6_Colorado2025_x013824_y004608
Unknown_Sample,20251031_068_pol_pro_Ran_ado_2025_6_Colorado2025.czi,Ran_ado,905.38,13905.0,5229.0,41,37,132.67,0.953,20251031_068_pol_pro_Ran_ado_2025_6_Colorado2025_x013824_y004608
Unknown_Sample,20251031_068_pol_pro_Ran_ado_2025_6_Colorado2025.czi,Ran_ado,387.09,15895.0,4619.0,26,25,87.46,0.95,20251031_068_pol_pro_Ran_ado_2025_6_Colorado2025_x015360_y004608
Unknown_Sample,20251031_068_pol_pro_Ran_ado_2025_6_Colorado2025.czi,Ran_ado,386.32,15895.0,4619.0,26,25,87.46,0.951,20251031_068_pol_pro_Ran_ado_2025_6_Colorado2025_x015872_y004608
Unknown_Sample,20251031_068_pol_pro_Ran_ado_2025_6_Colorado2025.czi,Ran_ado,496.36,1550.0,5377.0,31,27,97.94,0.928,20251031_068_pol_pro_Ran_ado_2025_6_Colorado2025_x001024_y005120
Unknown_Sample,20251031_068_pol_pro_Ran_ado_2025_6_Colorado2025.czi,Ran_ado,497.13,1568.0,5401.0,29,31,97.25,0.909,20251031_068_pol_pro_Ran_ado_2025_6_Colorado2025_x001024_y005120
Unknown_Sample,20251031_068_pol_pro_Ran_ado_2025_6_Colorado2025.czi,Ran_ado,471.74,2102.0,5190.0,29,28,92.43,0.956,20251031_068_pol_pro_Ran_ado_2025_6_Colorado2025_x001536_y005120
Unknown_Sample,20251031_068_pol_pro_Ran_ado_2025_6_Colorado2025.czi,Ran_ado,368.23,2019.0,5137.0,23,27,84.87,0.947,20251031_068_pol_pro_Ran_ado_2025_6_Colorado2025_x001536_y005120
Unknown_Sample,20251031_068_pol_pro_Ran_ado_2025_6_Colorado2025.czi,Ran_ado,489.82,1550.0,5377.0,30,27,96.53,0.928,20251031_068_pol_pro_Ran_ado_2025_6_Colorado2025_x001536_y005120
Unknown_Sample,20251031_068_pol_pro_Ran_ado_2025_6_Colorado2025.czi,Ran_ado,485.97,1736.0,5724.0,29,28,94.18,0.912,20251031_068_pol_pro_Ran_ado_2025_6_Colorado2025_x001536_y005120
Unknown_Sample,20251031_068_pol_pro_Ran_ado_2025_6_Colorado2025.czi,Ran_ado,493.67,1568.0,5401.0,29,31,96.67,0.9,20251031_068_pol_pro_Ran_ado_2025_6_Colorado2025_x001536_y005120
Unknown_Sample,20251031_068_pol_pro_Ran_ado_2025_6_Colorado2025.czi,Ran_ado,257.8,1674.0,5126.0,35,13,84.97,0.89,20251031_068_pol_pro_Ran_ado_2025_6_Colorado2025_x001536_y005120
Unknown_Sample,20251031_068_pol_pro_Ran_ado_2025_6_Colorado2025.czi,Ran_ado,344.38,1787.0,5172.0,22,27,80.53,0.824,20251031_068_pol_pro_Ran_ado_2025_6_Colorado2025_x001536_y005120
Unknown_Sample,20251031_068_pol_pro_Ran_ado_2025_6_Colorado2025.czi,Ran_ado,474.43,2102.0,5190.0,29,28,93.01,0.954,20251031_068_pol_pro_Ran_ado_2025_6_Colorado2025_x002048_y005120
Unknown_Sample,20251031_068_pol_pro_Ran_ado_2025_6_Colorado2025.czi,Ran_ado,482.51,2298.0,5522.0,33,25,96.77,0.951,20251031_068_pol_pro_Ran_ado_2025_6_Colorado2025_x002048_y005120
Unknown_Sample,20251031_068_pol_pro_Ran_ado_2025_6_Colorado2025.czi,Ran_ado,575.24,2668.0,5540.0,35,28,105.01,0.95,20251031_068_pol_pro_Ran_ado_2025_6_Colorado2025_x002048_y005120
Unknown_Sample,20251031_068_pol_pro_Ran_ado_2025_6_Colorado2025.czi,Ran_ado,331.29,2271.0,5477.0,24,24,79.7,0.945,20251031_068_pol_pro_Ran_ado_2025_6_Colorado2025_x002048_y005120
Unknown_Sample,20251031_068_pol_pro_Ran_ado_2025_6_Colorado2025.czi,Ran_ado,574.09,2668.0,5540.0,35,28,103.25,0.959,20251031_068_pol_pro_Ran_ado_2025_6_Colorado2025_x002560_y005120
Unknown_Sample,20251031_068_pol_pro_Ran_ado_2025_6_Colorado2025.czi,Ran_ado,512.91,2707.0,5621.0,27,31,98.53,0.948,20251031_068_pol_pro_Ran_ado_2025_6_Colorado2025_x002560_y005120
Unknown_Sample,20251031_068_pol_pro_Ran_ado_2025_6_Colorado2025.czi,Ran_ado,436.72,3309.0,5748.0,32,22,91.7,0.933,20251031_068_pol_pro_Ran_ado_2025_6_Colorado2025_x003072_y005120
Unknown_Sample,20251031_068_pol_pro_Ran_ado_2025_6_Colorado2025.czi,Ran_ado,604.87,3964.0,5577.0,32,31,105.6,0.959,20251031_068_pol_pro_Ran_ado_2025_6_Colorado2025_x003584_y005120
Unknown_Sample,20251031_068_pol_pro_Ran_ado_2025_6_Colorado2025.czi,Ran_ado,517.52,4189.0,5535.0,33,26,98.18,0.957,20251031_068_pol_pro_Ran_ado_2025_6_Colorado2025_x003584_y005120
Unknown_Sample,20251031_068_pol_pro_Ran_ado_2025_6_Colorado2025.czi,Ran_ado,516.76,4189.0,5535.0,33,26,98.18,0.958,20251031_068_pol_pro_Ran_ado_2025_6_Colorado2025_x004096_y005120
Unknown_Sample,20251031_068_pol_pro_Ran_ado_2025_6_Colorado2025.czi,Ran_ado,551.0,4406.0,5311.0,32,28,101.94,0.958,20251031_068_pol_pro_Ran_ado_2025_6_Colorado2025_x004096_y005120
Unknown_Sample,20251031_068_pol_pro_Ran_ado_2025_6_Colorado2025.czi,Ran_ado,265.5,4435.0,5127.0,29,15,76.97,0.955,20251031_068_pol_pro_Ran_ado_2025_6_Colorado2025_x004096_y005120
Unknown_Sample,20251031_068_pol_pro_Ran_ado_2025_6_Colorado2025.czi,Ran_ado,415.94,4594.0,5192.0,23,30,89.7,0.946,20251031_068_pol_pro_Ran_ado_2025_6_Colorado2025_x004096_y005120
Unknown_Sample,20251031_068_pol_pro_Ran_ado_2025_6_Colorado2025.czi,Ran_ado,600.64,4980.0,5177.0,36,28,107.01,0.961,20251031_068_pol_pro_Ran_ado_2025_6_Colorado2025_x004608_y005120
Unknown_Sample,20251031_068_pol_pro_Ran_ado_2025_6_Colorado2025.czi,Ran_ado,582.94,5026.0,5544.0,29,35,104.67,0.961,20251031_068_pol_pro_Ran_ado_2025_6_Colorado2025_x004608_y005120
Unknown_Sample,20251031_068_pol_pro_Ran_ado_2025_6_Colorado2025.czi,Ran_ado,458.65,5149.0,5481.0,27,29,92.77,0.953,20251031_068_pol_pro_Ran_ado_2025_6_Colorado2025_x004608_y005120
Unknown_Sample,20251031_068_pol_pro_Ran_ado_2025_6_Colorado2025.czi,Ran_ado,680.29,5489.0,5597.0,34,34,110.91,0.96,20251031_068_pol_pro_Ran_ado_2025_6_Colorado2025_x005120_y005120
Unknown_Sample,20251031_068_pol_pro_Ran_ado_2025_6_Colorado2025.czi,Ran_ado,477.89,5149.0,5481.0,27,30,93.6,0.946,20251031_068_pol_pro_Ran_ado_2025_6_Colorado2025_x005120_y005120
Unknown_Sample,20251031_068_pol_pro_Ran_ado_2025_6_Colorado2025.czi,Ran_ado,702.22,6139.0,5685.0,32,35,115.36,0.966,20251031_068_pol_pro_Ran_ado_2025_6_Colorado2025_x005632_y005120
Unknown_Sample,20251031_068_pol_pro_Ran_ado_2025_6_Colorado2025.czi,Ran_ado,659.89,5884.0,5653.0,31,35,109.84,0.963,20251031_068_pol_pro_Ran_ado_2025_6_Colorado2025_x005632_y005120
Unknown_Sample,20251031_068_pol_pro_Ran_ado_2025_6_Colorado2025.czi,Ran_ado,666.82,6115.0,5357.0,33,35,111.5,0.96,20251031_068_pol_pro_Ran_ado_2025_6_Colorado2025_x005632_y005120
Unknown_Sample,20251031_068_pol_pro_Ran_ado_2025_6_Colorado2025.czi,Ran_ado,553.69,6211.0,5566.0,28,32,101.36,0.958,20251031_068_pol_pro_Ran_ado_2025_6_Colorado2025_x005632_y005120
Unknown_Sample,20251031_068_pol_pro_Ran_ado_2025_6_Colorado2025.czi,Ran_ado,452.11,5822.0,5400.0,30,25,92.53,0.953,20251031_068_pol_pro_Ran_ado_2025_6_Colorado2025_x005632_y005120
Unknown_Sample,20251031_068_pol_pro_Ran_ado_2025_6_Colorado2025.czi,Ran_ado,345.91,6022.0,5750.0,29,19,84.38,0.922,20251031_068_pol_pro_Ran_ado_2025_6_Colorado2025_x005632_y005120
Unknown_Sample,20251031_068_pol_pro_Ran_ado_2025_6_Colorado2025.czi,Ran_ado,851.13,6650.0,5489.0,38,37,124.91,0.963,20251031_068_pol_pro_Ran_ado_2025_6_Colorado2025_x006144_y005120
Unknown_Sample,20251031_068_pol_pro_Ran_ado_2025_6_Colorado2025.czi,Ran_ado,553.69,6211.0,5566.0,28,32,101.36,0.957,20251031_068_pol_pro_Ran_ado_2025_6_Colorado2025_x006144_y005120
Unknown_Sample,20251031_068_pol_pro_Ran_ado_2025_6_Colorado2025.czi,Ran_ado,619.88,6411.0,5531.0,36,30,107.5,0.957,20251031_068_pol_pro_Ran_ado_2025_6_Colorado2025_x006144_y005120
Unknown_Sample,20251031_068_pol_pro_Ran_ado_2025_6_Colorado2025.czi,Ran_ado,207.01,6149.0,5684.0,12,34,78.63,0.94,20251031_068_pol_pro_Ran_ado_2025_6_Colorado2025_x006144_y005120
Unknown_Sample,20251031_068_pol_pro_Ran_ado_2025_6_Colorado2025.czi,Ran_ado,677.59,7046.0,5219.0,34,32,112.18,0.966,20251031_068_pol_pro_Ran_ado_2025_6_Colorado2025_x006656_y005120
Unknown_Sample,20251031_068_pol_pro_Ran_ado_2025_6_Colorado2025.czi,Ran_ado,722.23,7043.0,5700.0,35,35,117.84,0.96,20251031_068_pol_pro_Ran_ado_2025_6_Colorado2025_x006656_y005120
Unknown_Sample,20251031_068_pol_pro_Ran_ado_2025_6_Colorado2025.czi,Ran_ado,557.54,6877.0,5503.0,29,32,102.18,0.958,20251031_068_pol_pro_Ran_ado_2025_6_Colorado2025_x006656_y005120
Unknown_Sample,20251031_068_pol_pro_Ran_ado_2025_6_Colorado2025.czi,Ran_ado,451.73,6943.0,5450.0,27,29,91.6,0.944,20251031_068_pol_pro_Ran_ado_2025_6_Colorado2025_x006656_y005120
Unknown_Sample,20251031_068_pol_pro_Ran_ado_2025_6_Colorado2025.czi,Ran_ado,231.25,6661.0,5488.0,13,34,80.04,0.934,20251031_068_pol_pro_Ran_ado_2025_6_Colorado2025_x006656_y005120
Unknown_Sample,20251031_068_pol_pro_Ran_ado_2025_6_Colorado2025.czi,Ran_ado,278.58,6963.0,5428.0,23,21,72.28,0.918,20251031_068_pol_pro_Ran_ado_2025_6_Colorado2025_x006656_y005120
Unknown_Sample,20251031_068_pol_pro_Ran_ado_2025_6_Colorado2025.czi,Ran_ado,700.29,7453.0,5300.0,35,33,113.25,0.967,20251031_068_pol_pro_Ran_ado_2025_6_Colorado2025_x007168_y005120
Unknown_Sample,20251031_068_pol_pro_Ran_ado_2025_6_Colorado2025.czi,Ran_ado,601.02,7692.0,5671.0,32,31,105.6,0.961,20251031_068_pol_pro_Ran_ado_2025_6_Colorado2025_x007168_y005120
Unknown_Sample,20251031_068_pol_pro_Ran_ado_2025_6_Colorado2025.czi,Ran_ado,735.31,7308.0,5620.0,34,36,115.5,0.96,20251031_068_pol_pro_Ran_ado_2025_6_Colorado2025_x007168_y005120
Unknown_Sample,20251031_068_pol_pro_Ran_ado_2025_6_Colorado2025.czi,Ran_ado,514.06,7736.0,5283.0,32,26,97.94,0.955,20251031_068_pol_pro_Ran_ado_2025_6_Colorado2025_x007168_y005120
Unknown_Sample,20251031_068_pol_pro_Ran_ado_2025_6_Colorado2025.czi,Ran_ado,759.55,7941.0,5588.0,35,35,118.43,0.965,20251031_068_pol_pro_Ran_ado_2025_6_Colorado2025_x007680_y005120
Unknown_Sample,20251031_068_pol_pro_Ran_ado_2025_6_Colorado2025.czi,Ran_ado,559.85,7693.0,5671.0,29,31,103.7,0.964,20251031_068_pol_pro_Ran_ado_2025_6_Colorado2025_x007680_y005120
Unknown_Sample,20251031_068_pol_pro_Ran_ado_2025_6_Colorado2025.czi,Ran_ado,768.01,8138.0,5448.0,35,36,118.08,0.964,20251031_068_pol_pro_Ran_ado_2025_6_Colorado2025_x007680_y005120
Unknown_Sample,20251031_068_pol_pro_Ran_ado_2025_6_Colorado2025.czi,Ran_ado,753.01,8177.0,5691.0,36,36,119.5,0.96,20251031_068_pol_pro_Ran_ado_2025_6_Colorado2025_x007680_y005120
Unknown_Sample,20251031_068_pol_pro_Ran_ado_2025_6_Colorado2025.czi,Ran_ado,514.06,7736.0,5283.0,32,26,97.94,0.955,20251031_068_pol_pro_Ran_ado_2025_6_Colorado2025_x007680_y005120
Unknown_Sample,20251031_068_pol_pro_Ran_ado_2025_6_Colorado2025.czi,Ran_ado,750.31,8340.0,5636.0,33,38,118.08,0.963,20251031_068_pol_pro_Ran_ado_2025_6_Colorado2025_x008192_y005120
Unknown_Sample,20251031_068_pol_pro_Ran_ado_2025_6_Colorado2025.czi,Ran_ado,515.6,8754.0,5374.0,27,32,98.77,0.958,20251031_068_pol_pro_Ran_ado_2025_6_Colorado2025_x008192_y005120
Unknown_Sample,20251031_068_pol_pro_Ran_ado_2025_6_Colorado2025.czi,Ran_ado,370.92,8717.0,5389.0,26,25,83.94,0.944,20251031_068_pol_pro_Ran_ado_2025_6_Colorado2025_x008192_y005120
Unknown_Sample,20251031_068_pol_pro_Ran_ado_2025_6_Colorado2025.czi,Ran_ado,133.9,8550.0,5124.0,29,10,65.8,0.934,20251031_068_pol_pro_Ran_ado_2025_6_Colorado2025_x008192_y005120
Unknown_Sample,20251031_068_pol_pro_Ran_ado_2025_6_Colorado2025.czi,Ran_ado,516.37,8754.0,5374.0,27,32,98.77,0.957,20251031_068_pol_pro_Ran_ado_2025_6_Colorado2025_x008704_y005120
Unknown_Sample,20251031_068_pol_pro_Ran_ado_2025_6_Colorado2025.czi,Ran_ado,375.93,8717.0,5389.0,26,25,84.53,0.942,20251031_068_pol_pro_Ran_ado_2025_6_Colorado2025_x008704_y005120
Unknown_Sample,20251031_068_pol_pro_Ran_ado_2025_6_Colorado2025.czi,Ran_ado,640.27,9436.0,5534.0,31,34,109.6,0.966,20251031_068_pol_pro_Ran_ado_2025_6_Colorado2025_x009216_y005120
Unknown_Sample,20251031_068_pol_pro_Ran_ado_2025_6_Colorado2025.czi,Ran_ado,701.83,9419.0,5157.0,32,37,114.08,0.966,20251031_068_pol_pro_Ran_ado_2025_6_Colorado2025_x009216_y005120
Unknown_Sample,20251031_068_pol_pro_Ran_ado_2025_6_Colorado2025.czi,Ran_ado,721.07,10078.0,5137.0,33,36,115.25,0.966,20251031_068_pol_pro_Ran_ado_2025_6_Colorado2025_x009728_y005120
Unknown_Sample,20251031_068_pol_pro_Ran_ado_2025_6_Colorado2025.czi,Ran_ado,635.65,9994.0,5560.0,33,32,108.43,0.96,20251031_068_pol_pro_Ran_ado_2025_6_Colorado2025_x009728_y005120
Unknown_Sample,20251031_068_pol_pro_Ran_ado_2025_6_Colorado2025.czi,Ran_ado,687.98,10527.0,5181.0,32,35,112.43,0.963,20251031_068_pol_pro_Ran_ado_2025_6_Colorado2025_x010240_y005120
Unknown_Sample,20251031_068_pol_pro_Ran_ado_2025_6_Colorado2025.czi,Ran_ado,659.51,10726.0,5220.0,32,34,110.43,0.963,20251031_068_pol_pro_Ran_ado_2025_6_Colorado2025_x010240_y005120
Unknown_Sample,20251031_068_pol_pro_Ran_ado_2025_6_Colorado2025.czi,Ran_ado,899.61,10561.0,5550.0,38,40,129.74,0.961,20251031_068_pol_pro_Ran_ado_2025_6_Colorado2025_x010240_y005120
Unknown_Sample,20251031_068_pol_pro_Ran_ado_2025_6_Colorado2025.czi,Ran_ado,703.76,10785.0,5539.0,32,37,115.84,0.961,20251031_068_pol_pro_Ran_ado_2025_6_Colorado2025_x010240_y005120
Unknown_Sample,20251031_068_pol_pro_Ran_ado_2025_6_Colorado2025.czi,Ran_ado,550.23,10566.0,5199.0,27,35,102.43,0.96,20251031_068_pol_pro_Ran_ado_2025_6_Colorado2025_x010240_y005120
Unknown_Sample,20251031_068_pol_pro_Ran_ado_2025_6_Colorado2025.czi,Ran_ado,452.11,10868.0,5405.0,23,31,94.04,0.938,20251031_068_pol_pro_Ran_ado_2025_6_Colorado2025_x010240_y005120
Unknown_Sample,20251031_068_pol_pro_Ran_ado_2025_6_Colorado2025.czi,Ran_ado,748.39,11341.0,5614.0,35,36,117.5,0.963,20251031_068_pol_pro_Ran_ado_2025_6_Colorado2025_x010752_y005120
Unknown_Sample,20251031_068_pol_pro_Ran_ado_2025_6_Colorado2025.czi,Ran_ado,703.76,10785.0,5539.0,32,37,115.84,0.961,20251031_068_pol_pro_Ran_ado_2025_6_Colorado2025_x010752_y005120
Unknown_Sample,20251031_068_pol_pro_Ran_ado_2025_6_Colorado2025.czi,Ran_ado,502.52,10869.0,5405.0,27,31,95.6,0.959,20251031_068_pol_pro_Ran_ado_2025_6_Colorado2025_x010752_y005120
Unknown_Sample,20251031_068_pol_pro_Ran_ado_2025_6_Colorado2025.czi,Ran_ado,457.88,10941.0,5749.0,34,22,98.63,0.931,20251031_068_pol_pro_Ran_ado_2025_6_Colorado2025_x010752_y005120
Unknown_Sample,20251031_068_pol_pro_Ran_ado_2025_6_Colorado2025.czi,Ran_ado,748.39,11341.0,5614.0,35,36,117.5,0.963,20251031_068_pol_pro_Ran_ado_2025_6_Colorado2025_x011264_y005120
Unknown_Sample,20251031_068_pol_pro_Ran_ado_2025_6_Colorado2025.czi,Ran_ado,612.18,11891.0,5460.0,27,36,113.21,0.948,20251031_068_pol_pro_Ran_ado_2025_6_Colorado2025_x011264_y005120
Unknown_Sample,20251031_068_pol_pro_Ran_ado_2025_6_Colorado2025.czi,Ran_ado,800.72,11895.0,5459.0,37,36,121.5,0.965,20251031_068_pol_pro_Ran_ado_2025_6_Colorado2025_x011776_y005120
Unknown_Sample,20251031_068_pol_pro_Ran_ado_2025_6_Colorado2025.czi,Ran_ado,941.16,12240.0,5211.0,38,42,131.4,0.963,20251031_068_pol_pro_Ran_ado_2025_6_Colorado2025_x011776_y005120
Unknown_Sample,20251031_068_pol_pro_Ran_ado_2025_6_Colorado2025.czi,Ran_ado,688.75,12244.0,5365.0,34,33,112.43,0.962,20251031_068_pol_pro_Ran_ado_2025_6_Colorado2025_x011776_y005120
Unknown_Sample,20251031_068_pol_pro_Ran_ado_2025_6_Colorado2025.czi,Ran_ado,584.48,12074.0,5605.0,29,34,105.01,0.961,20251031_068_pol_pro_Ran_ado_2025_6_Colorado2025_x011776_y005120
Unknown_Sample,20251031_068_pol_pro_Ran_ado_2025_6_Colorado2025.czi,Ran_ado,454.81,11958.0,5485.0,29,26,91.94,0.954,20251031_068_pol_pro_Ran_ado_2025_6_Colorado2025_x011776_y005120
Unknown_Sample,20251031_068_pol_pro_Ran_ado_2025_6_Colorado2025.czi,Ran_ado,119.28,11945.0,5135.0,15,13,48.49,0.93,20251031_068_pol_pro_Ran_ado_2025_6_Colorado2025_x011776_y005120
Unknown_Sample,20251031_068_pol_pro_Ran_ado_2025_6_Colorado2025.czi,Ran_ado,239.33,12407.0,5149.0,17,24,70.97,0.897,20251031_068_pol_pro_Ran_ado_2025_6_Colorado2025_x011776_y005120
Unknown_Sample,20251031_068_pol_pro_Ran_ado_2025_6_Colorado2025.czi,Ran_ado,762.24,12559.0,5381.0,35,35,119.01,0.964,20251031_068_pol_pro_Ran_ado_2025_6_Colorado2025_x012288_y005120
Unknown_Sample,20251031_068_pol_pro_Ran_ado_2025_6_Colorado2025.czi,Ran_ado,805.72,12554.0,5468.0,36,38,122.91,0.962,20251031_068_pol_pro_Ran_ado_2025_6_Colorado2025_x012288_y005120
Unknown_Sample,20251031_068_pol_pro_Ran_ado_2025_6_Colorado2025.czi,Ran_ado,434.03,12734.0,5332.0,26,28,89.94,0.958,20251031_068_pol_pro_Ran_ado_2025_6_Colorado2025_x012288_y005120
Unknown_Sample,20251031_068_pol_pro_Ran_ado_2025_6_Colorado2025.czi,Ran_ado,468.27,12414.0,5148.0,33,24,95.36,0.953,20251031_068_pol_pro_Ran_ado_2025_6_Colorado2025_x012288_y005120
Unknown_Sample,20251031_068_pol_pro_Ran_ado_2025_6_Colorado2025.czi,Ran_ado,717.99,12792.0,5405.0,36,35,118.91,0.904,20251031_068_pol_pro_Ran_ado_2025_6_Colorado2025_x012288_y005120
Unknown_Sample,20251031_068_pol_pro_Ran_ado_2025_6_Colorado2025.czi,Ran_ado,689.52,13229.0,5243.0,34,33,112.43,0.965,20251031_068_pol_pro_Ran_ado_2025_6_Colorado2025_x012800_y005120
Unknown_Sample,20251031_068_pol_pro_Ran_ado_2025_6_Colorado2025.czi,Ran_ado,728.0,13231.0,5678.0,36,34,116.08,0.964,20251031_068_pol_pro_Ran_ado_2025_6_Colorado2025_x012800_y005120
Unknown_Sample,20251031_068_pol_pro_Ran_ado_2025_6_Colorado2025.czi,Ran_ado,769.17,12973.0,5596.0,35,36,118.67,0.962,20251031_068_pol_pro_Ran_ado_2025_6_Colorado2025_x012800_y005120
Unknown_Sample,20251031_068_pol_pro_Ran_ado_2025_6_Colorado2025.czi,Ran_ado,521.37,13326.0,5744.0,32,28,100.18,0.95,20251031_068_pol_pro_Ran_ado_2025_6_Colorado2025_x012800_y005120
Unknown_Sample,20251031_068_pol_pro_Ran_ado_2025_6_Colorado2025.czi,Ran_ado,865.75,13628.0,5643.0,37,39,124.57,0.962,20251031_068_pol_pro_Ran_ado_2025_6_Colorado2025_x013312_y005120
Unknown_Sample,20251031_068_pol_pro_Ran_ado_2025_6_Colorado2025.czi,Ran_ado,931.16,13905.0,5230.0,42,39,132.23,0.96,20251031_068_pol_pro_Ran_ado_2025_6_Colorado2025_x013312_y005120
Unknown_Sample,20251031_068_pol_pro_Ran_ado_2025_6_Colorado2025.czi,Ran_ado,513.29,13326.0,5744.0,31,28,98.77,0.95,20251031_068_pol_pro_Ran_ado_2025_6_Colorado2025_x013312_y005120
Unknown_Sample,20251031_068_pol_pro_Ran_ado_2025_6_Colorado2025.czi,Ran_ado,350.15,13942.0,5395.0,19,29,83.8,0.924,20251031_068_pol_pro_Ran_ado_2025_6_Colorado2025_x013312_y005120
Unknown_Sample,20251031_068_pol_pro_Ran_ado_2025_6_Colorado2025.czi,Ran_ado,103.12,13818.0,5748.0,13,13,44.49,0.911,20251031_068_pol_pro_Ran_ado_2025_6_Colorado2025_x013312_y005120
Unknown_Sample,20251031_068_pol_pro_Ran_ado_2025_6_Colorado2025.czi,Ran_ado,190.08,13946.0,5461.0,11,29,71.31,0.882,20251031_068_pol_pro_Ran_ado_2025_6_Colorado2025_x013312_y005120
Unknown_Sample,20251031_068_pol_pro_Ran_ado_2025_6_Colorado2025.czi,Ran_ado,621.8,13956.0,5461.0,33,32,108.43,0.964,20251031_068_pol_pro_Ran_ado_2025_6_Colorado2025_x013824_y005120
Unknown_Sample,20251031_068_pol_pro_Ran_ado_2025_6_Colorado2025.czi,Ran_ado,641.81,14031.0,5739.0,34,32,110.43,0.963,20251031_068_pol_pro_Ran_ado_2025_6_Colorado2025_x013824_y005120
Unknown_Sample,20251031_068_pol_pro_Ran_ado_2025_6_Colorado2025.czi,Ran_ado,931.93,13905.0,5230.0,42,39,132.23,0.96,20251031_068_pol_pro_Ran_ado_2025_6_Colorado2025_x013824_y005120
Unknown_Sample,20251031_068_pol_pro_Ran_ado_2025_6_Colorado2025.czi,Ran_ado,445.96,13945.0,5394.0,27,28,91.36,0.956,20251031_068_pol_pro_Ran_ado_2025_6_Colorado2025_x013824_y005120
Unknown_Sample,20251031_068_pol_pro_Ran_ado_2025_6_Colorado2025.czi,Ran_ado,758.78,14558.0,5682.0,34,38,120.08,0.962,20251031_068_pol_pro_Ran_ado_2025_6_Colorado2025_x014336_y005120
Unknown_Sample,20251031_068_pol_pro_Ran_ado_2025_6_Colorado2025.czi,Ran_ado,566.78,14478.0,5684.0,31,31,103.01,0.961,20251031_068_pol_pro_Ran_ado_2025_6_Colorado2025_x014336_y005120
Unknown_Sample,20251031_068_pol_pro_Ran_ado_2025_6_Colorado2025.czi,Ran_ado,373.62,15537.0,5413.0,28,24,84.18,0.941,20251031_068_pol_pro_Ran_ado_2025_6_Colorado2025_x015360_y005120
Unknown_Sample,20251031_068_pol_pro_Ran_ado_2025_6_Colorado2025.czi,Ran_ado,401.32,15613.0,5496.0,30,25,89.01,0.855,20251031_068_pol_pro_Ran_ado_2025_6_Colorado2025_x015360_y005120
Unknown_Sample,20251031_068_pol_pro_Ran_ado_2025_6_Colorado2025.czi,Ran_ado,178.54,16506.0,5316.0,11,27,67.31,0.895,20251031_068_pol_pro_Ran_ado_2025_6_Colorado2025_x015872_y005120
Unknown_Sample,20251031_068_pol_pro_Ran_ado_2025_6_Colorado2025.czi,Ran_ado,415.56,16513.0,5314.0,28,27,90.77,0.949,20251031_068_pol_pro_Ran_ado_2025_6_Colorado2025_x016384_y005120
Unknown_Sample,20251031_068_pol_pro_Ran_ado_2025_6_Colorado2025.czi,Ran_ado,207.78,1436.0,6264.0,22,16,66.14,0.848,20251031_068_pol_pro_Ran_ado_2025_6_Colorado2025_x001024_y005632
Unknown_Sample,20251031_068_pol_pro_Ran_ado_2025_6_Colorado2025.czi,Ran_ado,501.75,1668.0,6214.0,29,29,96.77,0.955,20251031_068_pol_pro_Ran_ado_2025_6_Colorado2025_x001536_y005632
Unknown_Sample,20251031_068_pol_pro_Ran_ado_2025_6_Colorado2025.czi,Ran_ado,485.97,1736.0,5724.0,29,28,94.18,0.915,20251031_068_pol_pro_Ran_ado_2025_6_Colorado2025_x001536_y005632
Unknown_Sample,20251031_068_pol_pro_Ran_ado_2025_6_Colorado2025.czi,Ran_ado,468.66,2339.0,5826.0,29,27,92.77,0.953,20251031_068_pol_pro_Ran_ado_2025_6_Colorado2025_x002048_y005632
Unknown_Sample,20251031_068_pol_pro_Ran_ado_2025_6_Colorado2025.czi,Ran_ado,424.41,2801.0,5806.0,25,28,88.53,0.956,20251031_068_pol_pro_Ran_ado_2025_6_Colorado2025_x002560_y005632
Unknown_Sample,20251031_068_pol_pro_Ran_ado_2025_6_Colorado2025.czi,Ran_ado,422.1,3171.0,5916.0,26,29,90.18,0.949,20251031_068_pol_pro_Ran_ado_2025_6_Colorado2025_x002560_y005632
Unknown_Sample,20251031_068_pol_pro_Ran_ado_2025_6_Colorado2025.czi,Ran_ado,639.11,3448.0,6126.0,34,31,109.01,0.964,20251031_068_pol_pro_Ran_ado_2025_6_Colorado2025_x003072_y005632
Unknown_Sample,20251031_068_pol_pro_Ran_ado_2025_6_Colorado2025.czi,Ran_ado,640.65,3334.0,6066.0,37,29,108.67,0.961,20251031_068_pol_pro_Ran_ado_2025_6_Colorado2025_x003072_y005632
Unknown_Sample,20251031_068_pol_pro_Ran_ado_2025_6_Colorado2025.czi,Ran_ado,424.02,3464.0,6186.0,26,27,89.11,0.957,20251031_068_pol_pro_Ran_ado_2025_6_Colorado2025_x003072_y005632
Unknown_Sample,20251031_068_pol_pro_Ran_ado_2025_6_Colorado2025.czi,Ran_ado,421.72,3171.0,5916.0,26,29,89.6,0.949,20251031_068_pol_pro_Ran_ado_2025_6_Colorado2025_x003072_y005632
Unknown_Sample,20251031_068_pol_pro_Ran_ado_2025_6_Colorado2025.czi,Ran_ado,432.1,3309.0,5748.0,32,22,90.53,0.943,20251031_068_pol_pro_Ran_ado_2025_6_Colorado2025_x003072_y005632
Unknown_Sample,20251031_068_pol_pro_Ran_ado_2025_6_Colorado2025.czi,Ran_ado,481.36,4238.0,6198.0,30,27,95.36,0.96,20251031_068_pol_pro_Ran_ado_2025_6_Colorado2025_x004096_y005632
Unknown_Sample,20251031_068_pol_pro_Ran_ado_2025_6_Colorado2025.czi,Ran_ado,97.73,4343.0,5989.0,14,12,43.31,0.832,20251031_068_pol_pro_Ran_ado_2025_6_Colorado2025_x004096_y005632
Unknown_Sample,20251031_068_pol_pro_Ran_ado_2025_6_Colorado2025.czi,Ran_ado,616.41,4775.0,5932.0,35,29,106.43,0.963,20251031_068_pol_pro_Ran_ado_2025_6_Colorado2025_x004608_y005632
Unknown_Sample,20251031_068_pol_pro_Ran_ado_2025_6_Colorado2025.czi,Ran_ado,599.48,5068.0,5852.0,31,33,106.43,0.963,20251031_068_pol_pro_Ran_ado_2025_6_Colorado2025_x004608_y005632
Unknown_Sample,20251031_068_pol_pro_Ran_ado_2025_6_Colorado2025.czi,Ran_ado,577.17,4849.0,5945.0,31,31,103.6,0.959,20251031_068_pol_pro_Ran_ado_2025_6_Colorado2025_x004608_y005632
Unknown_Sample,20251031_068_pol_pro_Ran_ado_2025_6_Colorado2025.czi,Ran_ado,472.51,5204.0,5844.0,26,32,95.6,0.951,20251031_068_pol_pro_Ran_ado_2025_6_Colorado2025_x004608_y005632
Unknown_Sample,20251031_068_pol_pro_Ran_ado_2025_6_Colorado2025.czi,Ran_ado,405.17,4748.0,6260.0,28,24,90.04,0.929,20251031_068_pol_pro_Ran_ado_2025_6_Colorado2025_x004608_y005632
Unknown_Sample,20251031_068_pol_pro_Ran_ado_2025_6_Colorado2025.czi,Ran_ado,530.22,5401.0,5996.0,26,33,99.94,0.959,20251031_068_pol_pro_Ran_ado_2025_6_Colorado2025_x005120_y005632
Unknown_Sample,20251031_068_pol_pro_Ran_ado_2025_6_Colorado2025.czi,Ran_ado,472.89,5204.0,5844.0,26,32,96.18,0.951,20251031_068_pol_pro_Ran_ado_2025_6_Colorado2025_x005120_y005632
Unknown_Sample,20251031_068_pol_pro_Ran_ado_2025_6_Colorado2025.czi,Ran_ado,702.22,6139.0,5685.0,32,35,115.36,0.966,20251031_068_pol_pro_Ran_ado_2025_6_Colorado2025_x005632_y005632
Unknown_Sample,20251031_068_pol_pro_Ran_ado_2025_6_Colorado2025.czi,Ran_ado,571.01,6022.0,5756.0,29,32,102.77,0.963,20251031_068_pol_pro_Ran_ado_2025_6_Colorado2025_x005632_y005632
Unknown_Sample,20251031_068_pol_pro_Ran_ado_2025_6_Colorado2025.czi,Ran_ado,659.89,5884.0,5653.0,31,35,109.84,0.963,20251031_068_pol_pro_Ran_ado_2025_6_Colorado2025_x005632_y005632
Unknown_Sample,20251031_068_pol_pro_Ran_ado_2025_6_Colorado2025.czi,Ran_ado,587.94,6038.0,6181.0,32,32,105.25,0.956,20251031_068_pol_pro_Ran_ado_2025_6_Colorado2025_x005632_y005632
Unknown_Sample,20251031_068_pol_pro_Ran_ado_2025_6_Colorado2025.czi,Ran_ado,567.93,6259.0,6244.0,26,34,105.46,0.941,20251031_068_pol_pro_Ran_ado_2025_6_Colorado2025_x005632_y005632
Unknown_Sample,20251031_068_pol_pro_Ran_ado_2025_6_Colorado2025.czi,Ran_ado,838.43,6514.0,6198.0,36,39,124.33,0.965,20251031_068_pol_pro_Ran_ado_2025_6_Colorado2025_x006144_y005632
Unknown_Sample,20251031_068_pol_pro_Ran_ado_2025_6_Colorado2025.czi,Ran_ado,644.89,6426.0,6141.0,33,33,109.25,0.964,20251031_068_pol_pro_Ran_ado_2025_6_Colorado2025_x006144_y005632
Unknown_Sample,20251031_068_pol_pro_Ran_ado_2025_6_Colorado2025.czi,Ran_ado,636.81,6470.0,5793.0,31,34,107.84,0.963,20251031_068_pol_pro_Ran_ado_2025_6_Colorado2025_x006144_y005632
Unknown_Sample,20251031_068_pol_pro_Ran_ado_2025_6_Colorado2025.czi,Ran_ado,709.14,6703.0,6196.0,34,35,114.67,0.963,20251031_068_pol_pro_Ran_ado_2025_6_Colorado2025_x006144_y005632
Unknown_Sample,20251031_068_pol_pro_Ran_ado_2025_6_Colorado2025.czi,Ran_ado,628.73,6427.0,6016.0,32,33,107.25,0.962,20251031_068_pol_pro_Ran_ado_2025_6_Colorado2025_x006144_y005632
Unknown_Sample,20251031_068_pol_pro_Ran_ado_2025_6_Colorado2025.czi,Ran_ado,647.58,6406.0,5971.0,31,35,111.01,0.961,20251031_068_pol_pro_Ran_ado_2025_6_Colorado2025_x006144_y005632
Unknown_Sample,20251031_068_pol_pro_Ran_ado_2025_6_Colorado2025.czi,Ran_ado,668.36,6261.0,6245.0,33,34,111.84,0.961,20251031_068_pol_pro_Ran_ado_2025_6_Colorado2025_x006144_y005632
Unknown_Sample,20251031_068_pol_pro_Ran_ado_2025_6_Colorado2025.czi,Ran_ado,577.55,6388.0,5841.0,32,30,104.18,0.96,20251031_068_pol_pro_Ran_ado_2025_6_Colorado2025_x006144_y005632
Unknown_Sample,20251031_068_pol_pro_Ran_ado_2025_6_Colorado2025.czi,Ran_ado,206.24,6149.0,5684.0,12,34,78.63,0.941,20251031_068_pol_pro_Ran_ado_2025_6_Colorado2025_x006144_y005632
Unknown_Sample,20251031_068_pol_pro_Ran_ado_2025_6_Colorado2025.czi,Ran_ado,712.61,6703.0,6196.0,34,35,115.25,0.963,20251031_068_pol_pro_Ran_ado_2025_6_Colorado2025_x006656_y005632
Unknown_Sample,20251031_068_pol_pro_Ran_ado_2025_6_Colorado2025.czi,Ran_ado,722.23,7043.0,5700.0,35,35,117.84,0.961,20251031_068_pol_pro_Ran_ado_2025_6_Colorado2025_x006656_y005632
Unknown_Sample,20251031_068_pol_pro_Ran_ado_2025_6_Colorado2025.czi,Ran_ado,682.21,7208.0,6107.0,40,31,115.15,0.954,20251031_068_pol_pro_Ran_ado_2025_6_Colorado2025_x006656_y005632
Unknown_Sample,20251031_068_pol_pro_Ran_ado_2025_6_Colorado2025.czi,Ran_ado,448.65,7216.0,5842.0,29,26,93.11,0.949,20251031_068_pol_pro_Ran_ado_2025_6_Colorado2025_x006656_y005632
Unknown_Sample,20251031_068_pol_pro_Ran_ado_2025_6_Colorado2025.czi,Ran_ado,601.79,7692.0,5671.0,32,31,105.6,0.961,20251031_068_pol_pro_Ran_ado_2025_6_Colorado2025_x007168_y005632
Unknown_Sample,20251031_068_pol_pro_Ran_ado_2025_6_Colorado2025.czi,Ran_ado,683.75,7208.0,6107.0,40,31,115.15,0.954,20251031_068_pol_pro_Ran_ado_2025_6_Colorado2025_x007168_y005632
Unknown_Sample,20251031_068_pol_pro_Ran_ado_2025_6_Colorado2025.czi,Ran_ado,448.65,7216.0,5842.0,29,26,93.11,0.948,20251031_068_pol_pro_Ran_ado_2025_6_Colorado2025_x007168_y005632
Unknown_Sample,20251031_068_pol_pro_Ran_ado_2025_6_Colorado2025.czi,Ran_ado,561.77,7693.0,5671.0,29,31,104.28,0.964,20251031_068_pol_pro_Ran_ado_2025_6_Colorado2025_x007680_y005632
Unknown_Sample,20251031_068_pol_pro_Ran_ado_2025_6_Colorado2025.czi,Ran_ado,753.01,8177.0,5691.0,36,36,119.5,0.96,20251031_068_pol_pro_Ran_ado_2025_6_Colorado2025_x007680_y005632
Unknown_Sample,20251031_068_pol_pro_Ran_ado_2025_6_Colorado2025.czi,Ran_ado,225.09,8068.0,6265.0,28,12,74.24,0.897,20251031_068_pol_pro_Ran_ado_2025_6_Colorado2025_x007680_y005632
Unknown_Sample,20251031_068_pol_pro_Ran_ado_2025_6_Colorado2025.czi,Ran_ado,536.76,8663.0,6000.0,33,27,101.36,0.961,20251031_068_pol_pro_Ran_ado_2025_6_Colorado2025_x008192_y005632
Unknown_Sample,20251031_068_pol_pro_Ran_ado_2025_6_Colorado2025.czi,Ran_ado,896.14,8801.0,6144.0,38,41,131.15,0.958,20251031_068_pol_pro_Ran_ado_2025_6_Colorado2025_x008192_y005632
Unknown_Sample,20251031_068_pol_pro_Ran_ado_2025_6_Colorado2025.czi,Ran_ado,463.27,8339.0,5642.0,33,24,98.28,0.957,20251031_068_pol_pro_Ran_ado_2025_6_Colorado2025_x008192_y005632
Unknown_Sample,20251031_068_pol_pro_Ran_ado_2025_6_Colorado2025.czi,Ran_ado,817.27,8894.0,5770.0,36,39,123.74,0.961,20251031_068_pol_pro_Ran_ado_2025_6_Colorado2025_x008704_y005632
Unknown_Sample,20251031_068_pol_pro_Ran_ado_2025_6_Colorado2025.czi,Ran_ado,895.38,8801.0,6144.0,38,41,131.15,0.959,20251031_068_pol_pro_Ran_ado_2025_6_Colorado2025_x008704_y005632
Unknown_Sample,20251031_068_pol_pro_Ran_ado_2025_6_Colorado2025.czi,Ran_ado,562.54,9751.0,6228.0,29,32,101.6,0.96,20251031_068_pol_pro_Ran_ado_2025_6_Colorado2025_x009216_y005632
Unknown_Sample,20251031_068_pol_pro_Ran_ado_2025_6_Colorado2025.czi,Ran_ado,626.8,9918.0,5775.0,31,35,109.84,0.96,20251031_068_pol_pro_Ran_ado_2025_6_Colorado2025_x009728_y005632
Unknown_Sample,20251031_068_pol_pro_Ran_ado_2025_6_Colorado2025.czi,Ran_ado,563.31,9751.0,6228.0,29,32,101.6,0.96,20251031_068_pol_pro_Ran_ado_2025_6_Colorado2025_x009728_y005632
Unknown_Sample,20251031_068_pol_pro_Ran_ado_2025_6_Colorado2025.czi,Ran_ado,836.89,10838.0,5875.0,35,40,123.15,0.963,20251031_068_pol_pro_Ran_ado_2025_6_Colorado2025_x010240_y005632
Unknown_Sample,20251031_068_pol_pro_Ran_ado_2025_6_Colorado2025.czi,Ran_ado,408.63,10528.0,5885.0,26,28,91.11,0.951,20251031_068_pol_pro_Ran_ado_2025_6_Colorado2025_x010240_y005632
Unknown_Sample,20251031_068_pol_pro_Ran_ado_2025_6_Colorado2025.czi,Ran_ado,652.97,11098.0,5827.0,31,34,111.36,0.965,20251031_068_pol_pro_Ran_ado_2025_6_Colorado2025_x010752_y005632
Unknown_Sample,20251031_068_pol_pro_Ran_ado_2025_6_Colorado2025.czi,Ran_ado,825.73,10838.0,5875.0,35,39,121.74,0.963,20251031_068_pol_pro_Ran_ado_2025_6_Colorado2025_x010752_y005632
Unknown_Sample,20251031_068_pol_pro_Ran_ado_2025_6_Colorado2025.czi,Ran_ado,876.52,10979.0,6076.0,38,38,126.91,0.963,20251031_068_pol_pro_Ran_ado_2025_6_Colorado2025_x010752_y005632
Unknown_Sample,20251031_068_pol_pro_Ran_ado_2025_6_Colorado2025.czi,Ran_ado,737.23,11085.0,6107.0,35,36,116.91,0.961,20251031_068_pol_pro_Ran_ado_2025_6_Colorado2025_x010752_y005632
Unknown_Sample,20251031_068_pol_pro_Ran_ado_2025_6_Colorado2025.czi,Ran_ado,759.93,10941.0,5755.0,35,36,118.67,0.959,20251031_068_pol_pro_Ran_ado_2025_6_Colorado2025_x010752_y005632
Unknown_Sample,20251031_068_pol_pro_Ran_ado_2025_6_Colorado2025.czi,Ran_ado,590.63,11815.0,6225.0,32,32,104.67,0.957,20251031_068_pol_pro_Ran_ado_2025_6_Colorado2025_x011264_y005632
Unknown_Sample,20251031_068_pol_pro_Ran_ado_2025_6_Colorado2025.czi,Ran_ado,745.7,12380.0,5806.0,35,34,116.43,0.962,20251031_068_pol_pro_Ran_ado_2025_6_Colorado2025_x011776_y005632
Unknown_Sample,20251031_068_pol_pro_Ran_ado_2025_6_Colorado2025.czi,Ran_ado,590.63,11815.0,6225.0,32,32,104.67,0.957,20251031_068_pol_pro_Ran_ado_2025_6_Colorado2025_x011776_y005632
Unknown_Sample,20251031_068_pol_pro_Ran_ado_2025_6_Colorado2025.czi,Ran_ado,669.51,12694.0,5994.0,34,32,110.43,0.968,20251031_068_pol_pro_Ran_ado_2025_6_Colorado2025_x012288_y005632
Unknown_Sample,20251031_068_pol_pro_Ran_ado_2025_6_Colorado2025.czi,Ran_ado,834.97,12749.0,6159.0,38,36,122.91,0.964,20251031_068_pol_pro_Ran_ado_2025_6_Colorado2025_x012288_y005632
Unknown_Sample,20251031_068_pol_pro_Ran_ado_2025_6_Colorado2025.czi,Ran_ado,745.7,12380.0,5806.0,35,34,116.43,0.962,20251031_068_pol_pro_Ran_ado_2025_6_Colorado2025_x012288_y005632
Unknown_Sample,20251031_068_pol_pro_Ran_ado_2025_6_Colorado2025.czi,Ran_ado,551.0,12898.0,6185.0,32,30,102.43,0.958,20251031_068_pol_pro_Ran_ado_2025_6_Colorado2025_x012288_y005632
Unknown_Sample,20251031_068_pol_pro_Ran_ado_2025_6_Colorado2025.czi,Ran_ado,705.68,12948.0,6093.0,34,34,115.6,0.965,20251031_068_pol_pro_Ran_ado_2025_6_Colorado2025_x012800_y005632
Unknown_Sample,20251031_068_pol_pro_Ran_ado_2025_6_Colorado2025.czi,Ran_ado,728.0,13231.0,5678.0,36,34,116.08,0.964,20251031_068_pol_pro_Ran_ado_2025_6_Colorado2025_x012800_y005632
Unknown_Sample,20251031_068_pol_pro_Ran_ado_2025_6_Colorado2025.czi,Ran_ado,551.0,12898.0,6185.0,32,30,102.43,0.957,20251031_068_pol_pro_Ran_ado_2025_6_Colorado2025_x012800_y005632
Unknown_Sample,20251031_068_pol_pro_Ran_ado_2025_6_Colorado2025.czi,Ran_ado,544.07,13050.0,5810.0,30,30,100.77,0.957,20251031_068_pol_pro_Ran_ado_2025_6_Colorado2025_x012800_y005632
Unknown_Sample,20251031_068_pol_pro_Ran_ado_2025_6_Colorado2025.czi,Ran_ado,520.6,13326.0,5744.0,32,28,100.18,0.955,20251031_068_pol_pro_Ran_ado_2025_6_Colorado2025_x012800_y005632
Unknown_Sample,20251031_068_pol_pro_Ran_ado_2025_6_Colorado2025.czi,Ran_ado,722.61,13628.0,5646.0,37,31,116.77,0.967,20251031_068_pol_pro_Ran_ado_2025_6_Colorado2025_x013312_y005632
Unknown_Sample,20251031_068_pol_pro_Ran_ado_2025_6_Colorado2025.czi,Ran_ado,708.37,13529.0,6096.0,36,33,114.67,0.963,20251031_068_pol_pro_Ran_ado_2025_6_Colorado2025_x013312_y005632
Unknown_Sample,20251031_068_pol_pro_Ran_ado_2025_6_Colorado2025.czi,Ran_ado,927.7,13476.0,6024.0,39,39,130.33,0.959,20251031_068_pol_pro_Ran_ado_2025_6_Colorado2025_x013312_y005632
Unknown_Sample,20251031_068_pol_pro_Ran_ado_2025_6_Colorado2025.czi,Ran_ado,522.14,13326.0,5744.0,32,28,101.36,0.957,20251031_068_pol_pro_Ran_ado_2025_6_Colorado2025_x013312_y005632
Unknown_Sample,20251031_068_pol_pro_Ran_ado_2025_6_Colorado2025.czi,Ran_ado,110.82,13818.0,5748.0,13,14,46.49,0.878,20251031_068_pol_pro_Ran_ado_2025_6_Colorado2025_x013312_y005632
Unknown_Sample,20251031_068_pol_pro_Ran_ado_2025_6_Colorado2025.czi,Ran_ado,641.42,14031.0,5739.0,34,32,109.84,0.964,20251031_068_pol_pro_Ran_ado_2025_6_Colorado2025_x013824_y005632
Unknown_Sample,20251031_068_pol_pro_Ran_ado_2025_6_Colorado2025.czi,Ran_ado,835.35,14066.0,5986.0,38,36,125.84,0.962,20251031_068_pol_pro_Ran_ado_2025_6_Colorado2025_x013824_y005632
Unknown_Sample,20251031_068_pol_pro_Ran_ado_2025_6_Colorado2025.czi,Ran_ado,851.13,14298.0,6221.0,38,37,126.08,0.961,20251031_068_pol_pro_Ran_ado_2025_6_Colorado2025_x013824_y005632
Unknown_Sample,20251031_068_pol_pro_Ran_ado_2025_6_Colorado2025.czi,Ran_ado,682.98,14045.0,5909.0,36,32,112.67,0.961,20251031_068_pol_pro_Ran_ado_2025_6_Colorado2025_x013824_y005632
Unknown_Sample,20251031_068_pol_pro_Ran_ado_2025_6_Colorado2025.czi,Ran_ado,666.43,14109.0,5786.0,33,33,111.6,0.959,20251031_068_pol_pro_Ran_ado_2025_6_Colorado2025_x013824_y005632
Unknown_Sample,20251031_068_pol_pro_Ran_ado_2025_6_Colorado2025.czi,Ran_ado,758.78,14558.0,5682.0,34,38,120.08,0.962,20251031_068_pol_pro_Ran_ado_2025_6_Colorado2025_x014336_y005632
Unknown_Sample,20251031_068_pol_pro_Ran_ado_2025_6_Colorado2025.czi,Ran_ado,567.93,14478.0,5684.0,31,31,103.6,0.961,20251031_068_pol_pro_Ran_ado_2025_6_Colorado2025_x014336_y005632
Unknown_Sample,20251031_068_pol_pro_Ran_ado_2025_6_Colorado2025.czi,Ran_ado,505.98,14841.0,5798.0,31,28,99.36,0.957,20251031_068_pol_pro_Ran_ado_2025_6_Colorado2025_x014336_y005632
Unknown_Sample,20251031_068_pol_pro_Ran_ado_2025_6_Colorado2025.czi,Ran_ado,470.58,16450.0,5959.0,28,28,94.53,0.959,20251031_068_pol_pro_Ran_ado_2025_6_Colorado2025_x015872_y005632
Unknown_Sample,20251031_068_pol_pro_Ran_ado_2025_6_Colorado2025.czi,Ran_ado,470.58,16450.0,5959.0,28,28,94.53,0.958,20251031_068_pol_pro_Ran_ado_2025_6_Colorado2025_x016384_y005632
Unknown_Sample,20251031_068_pol_pro_Ran_ado_2025_6_Colorado2025.czi,Ran_ado,322.44,16803.0,6113.0,23,25,80.28,0.936,20251031_068_pol_pro_Ran_ado_2025_6_Colorado2025_x016384_y005632
Unknown_Sample,20251031_068_pol_pro_Ran_ado_2025_6_Colorado2025.czi,Ran_ado,357.07,17348.0,5910.0,23,25,81.46,0.954,20251031_068_pol_pro_Ran_ado_2025_6_Colorado2025_x016896_y005632
Unknown_Sample,20251031_068_pol_pro_Ran_ado_2025_6_Colorado2025.czi,Ran_ado,596.02,1381.0,6481.0,33,31,105.84,0.941,20251031_068_pol_pro_Ran_ado_2025_6_Colorado2025_x001024_y006144
Unknown_Sample,20251031_068_pol_pro_Ran_ado_2025_6_Colorado2025.czi,Ran_ado,348.61,1435.0,6269.0,22,29,83.94,0.926,20251031_068_pol_pro_Ran_ado_2025_6_Colorado2025_x001024_y006144
Unknown_Sample,20251031_068_pol_pro_Ran_ado_2025_6_Colorado2025.czi,Ran_ado,176.61,1657.0,6374.0,14,23,62.38,0.892,20251031_068_pol_pro_Ran_ado_2025_6_Colorado2025_x001024_y006144
Unknown_Sample,20251031_068_pol_pro_Ran_ado_2025_6_Colorado2025.czi,Ran_ado,501.75,1668.0,6214.0,29,29,96.77,0.957,20251031_068_pol_pro_Ran_ado_2025_6_Colorado2025_x001536_y006144
Unknown_Sample,20251031_068_pol_pro_Ran_ado_2025_6_Colorado2025.czi,Ran_ado,345.91,1662.0,6374.0,24,25,81.7,0.942,20251031_068_pol_pro_Ran_ado_2025_6_Colorado2025_x001536_y006144
Unknown_Sample,20251031_068_pol_pro_Ran_ado_2025_6_Colorado2025.czi,Ran_ado,268.57,1954.0,6477.0,21,22,71.46,0.934,20251031_068_pol_pro_Ran_ado_2025_6_Colorado2025_x001536_y006144
Unknown_Sample,20251031_068_pol_pro_Ran_ado_2025_6_Colorado2025.czi,Ran_ado,428.64,1737.0,6627.0,30,24,89.94,0.931,20251031_068_pol_pro_Ran_ado_2025_6_Colorado2025_x001536_y006144
Unknown_Sample,20251031_068_pol_pro_Ran_ado_2025_6_Colorado2025.czi,Ran_ado,602.95,2499.0,6322.0,30,33,106.18,0.959,20251031_068_pol_pro_Ran_ado_2025_6_Colorado2025_x002048_y006144
Unknown_Sample,20251031_068_pol_pro_Ran_ado_2025_6_Colorado2025.czi,Ran_ado,596.4,2409.0,6584.0,33,31,105.25,0.953,20251031_068_pol_pro_Ran_ado_2025_6_Colorado2025_x002048_y006144
Unknown_Sample,20251031_068_pol_pro_Ran_ado_2025_6_Colorado2025.czi,Ran_ado,478.28,3094.0,6301.0,26,32,95.01,0.957,20251031_068_pol_pro_Ran_ado_2025_6_Colorado2025_x002560_y006144
Unknown_Sample,20251031_068_pol_pro_Ran_ado_2025_6_Colorado2025.czi,Ran_ado,425.18,2953.0,6371.0,25,28,89.7,0.953,20251031_068_pol_pro_Ran_ado_2025_6_Colorado2025_x002560_y006144
Unknown_Sample,20251031_068_pol_pro_Ran_ado_2025_6_Colorado2025.czi,Ran_ado,574.86,3656.0,6496.0,31,30,102.77,0.959,20251031_068_pol_pro_Ran_ado_2025_6_Colorado2025_x003072_y006144
Unknown_Sample,20251031_068_pol_pro_Ran_ado_2025_6_Colorado2025.czi,Ran_ado,478.66,3094.0,6301.0,26,32,95.6,0.957,20251031_068_pol_pro_Ran_ado_2025_6_Colorado2025_x003072_y006144
Unknown_Sample,20251031_068_pol_pro_Ran_ado_2025_6_Colorado2025.czi,Ran_ado,425.18,3464.0,6186.0,26,27,89.7,0.957,20251031_068_pol_pro_Ran_ado_2025_6_Colorado2025_x003072_y006144
Unknown_Sample,20251031_068_pol_pro_Ran_ado_2025_6_Colorado2025.czi,Ran_ado,300.9,3527.0,6775.0,28,18,80.97,0.911,20251031_068_pol_pro_Ran_ado_2025_6_Colorado2025_x003072_y006144
Unknown_Sample,20251031_068_pol_pro_Ran_ado_2025_6_Colorado2025.czi,Ran_ado,575.63,3656.0,6496.0,31,30,102.77,0.959,20251031_068_pol_pro_Ran_ado_2025_6_Colorado2025_x003584_y006144
Unknown_Sample,20251031_068_pol_pro_Ran_ado_2025_6_Colorado2025.czi,Ran_ado,400.55,4065.0,6522.0,27,25,86.53,0.951,20251031_068_pol_pro_Ran_ado_2025_6_Colorado2025_x003584_y006144
Unknown_Sample,20251031_068_pol_pro_Ran_ado_2025_6_Colorado2025.czi,Ran_ado,380.16,3906.0,6642.0,23,28,86.28,0.94,20251031_068_pol_pro_Ran_ado_2025_6_Colorado2025_x003584_y006144
Unknown_Sample,20251031_068_pol_pro_Ran_ado_2025_6_Colorado2025.czi,Ran_ado,623.34,4259.0,6504.0,30,35,107.25,0.96,20251031_068_pol_pro_Ran_ado_2025_6_Colorado2025_x004096_y006144
Unknown_Sample,20251031_068_pol_pro_Ran_ado_2025_6_Colorado2025.czi,Ran_ado,480.97,4238.0,6198.0,30,27,95.94,0.96,20251031_068_pol_pro_Ran_ado_2025_6_Colorado2025_x004096_y006144
Unknown_Sample,20251031_068_pol_pro_Ran_ado_2025_6_Colorado2025.czi,Ran_ado,619.11,4576.0,6745.0,32,32,105.84,0.959,20251031_068_pol_pro_Ran_ado_2025_6_Colorado2025_x004096_y006144
Unknown_Sample,20251031_068_pol_pro_Ran_ado_2025_6_Colorado2025.czi,Ran_ado,494.05,4445.0,6559.0,28,30,95.6,0.954,20251031_068_pol_pro_Ran_ado_2025_6_Colorado2025_x004096_y006144
Unknown_Sample,20251031_068_pol_pro_Ran_ado_2025_6_Colorado2025.czi,Ran_ado,633.34,4795.0,6678.0,32,33,108.43,0.961,20251031_068_pol_pro_Ran_ado_2025_6_Colorado2025_x004608_y006144
Unknown_Sample,20251031_068_pol_pro_Ran_ado_2025_6_Colorado2025.czi,Ran_ado,492.51,4802.0,6761.0,30,27,94.77,0.959,20251031_068_pol_pro_Ran_ado_2025_6_Colorado2025_x004608_y006144
Unknown_Sample,20251031_068_pol_pro_Ran_ado_2025_6_Colorado2025.czi,Ran_ado,538.69,4748.0,6264.0,28,33,102.77,0.958,20251031_068_pol_pro_Ran_ado_2025_6_Colorado2025_x004608_y006144
Unknown_Sample,20251031_068_pol_pro_Ran_ado_2025_6_Colorado2025.czi,Ran_ado,500.98,5139.0,6688.0,27,31,97.94,0.953,20251031_068_pol_pro_Ran_ado_2025_6_Colorado2025_x004608_y006144
Unknown_Sample,20251031_068_pol_pro_Ran_ado_2025_6_Colorado2025.czi,Ran_ado,744.54,5695.0,6764.0,33,38,118.67,0.954,20251031_068_pol_pro_Ran_ado_2025_6_Colorado2025_x005120_y006144
Unknown_Sample,20251031_068_pol_pro_Ran_ado_2025_6_Colorado2025.czi,Ran_ado,503.67,5139.0,6688.0,27,31,97.36,0.952,20251031_068_pol_pro_Ran_ado_2025_6_Colorado2025_x005120_y006144
Unknown_Sample,20251031_068_pol_pro_Ran_ado_2025_6_Colorado2025.czi,Ran_ado,388.24,5654.0,6773.0,28,22,88.38,0.943,20251031_068_pol_pro_Ran_ado_2025_6_Colorado2025_x005120_y006144
Unknown_Sample,20251031_068_pol_pro_Ran_ado_2025_6_Colorado2025.czi,Ran_ado,682.21,5884.0,6382.0,33,34,113.01,0.964,20251031_068_pol_pro_Ran_ado_2025_6_Colorado2025_x005632_y006144
Unknown_Sample,20251031_068_pol_pro_Ran_ado_2025_6_Colorado2025.czi,Ran_ado,681.44,5967.0,6727.0,31,36,111.84,0.962,20251031_068_pol_pro_Ran_ado_2025_6_Colorado2025_x005632_y006144
Unknown_Sample,20251031_068_pol_pro_Ran_ado_2025_6_Colorado2025.czi,Ran_ado,565.62,5822.0,6414.0,32,29,102.77,0.961,20251031_068_pol_pro_Ran_ado_2025_6_Colorado2025_x005632_y006144
Unknown_Sample,20251031_068_pol_pro_Ran_ado_2025_6_Colorado2025.czi,Ran_ado,587.17,6038.0,6181.0,32,32,105.25,0.956,20251031_068_pol_pro_Ran_ado_2025_6_Colorado2025_x005632_y006144
Unknown_Sample,20251031_068_pol_pro_Ran_ado_2025_6_Colorado2025.czi,Ran_ado,747.24,5695.0,6764.0,33,38,118.08,0.954,20251031_068_pol_pro_Ran_ado_2025_6_Colorado2025_x005632_y006144
Unknown_Sample,20251031_068_pol_pro_Ran_ado_2025_6_Colorado2025.czi,Ran_ado,384.01,6151.0,6740.0,26,24,86.63,0.952,20251031_068_pol_pro_Ran_ado_2025_6_Colorado2025_x005632_y006144
Unknown_Sample,20251031_068_pol_pro_Ran_ado_2025_6_Colorado2025.czi,Ran_ado,568.7,6259.0,6244.0,26,34,105.46,0.943,20251031_068_pol_pro_Ran_ado_2025_6_Colorado2025_x005632_y006144
Unknown_Sample,20251031_068_pol_pro_Ran_ado_2025_6_Colorado2025.czi,Ran_ado,389.01,5654.0,6773.0,28,22,88.38,0.931,20251031_068_pol_pro_Ran_ado_2025_6_Colorado2025_x005632_y006144
Unknown_Sample,20251031_068_pol_pro_Ran_ado_2025_6_Colorado2025.czi,Ran_ado,838.81,6514.0,6198.0,36,39,124.91,0.965,20251031_068_pol_pro_Ran_ado_2025_6_Colorado2025_x006144_y006144
Unknown_Sample,20251031_068_pol_pro_Ran_ado_2025_6_Colorado2025.czi,Ran_ado,710.3,6703.0,6196.0,34,35,115.25,0.963,20251031_068_pol_pro_Ran_ado_2025_6_Colorado2025_x006144_y006144
Unknown_Sample,20251031_068_pol_pro_Ran_ado_2025_6_Colorado2025.czi,Ran_ado,670.28,6261.0,6245.0,33,34,112.43,0.962,20251031_068_pol_pro_Ran_ado_2025_6_Colorado2025_x006144_y006144
Unknown_Sample,20251031_068_pol_pro_Ran_ado_2025_6_Colorado2025.czi,Ran_ado,697.6,6680.0,6700.0,33,36,112.33,0.961,20251031_068_pol_pro_Ran_ado_2025_6_Colorado2025_x006144_y006144
Unknown_Sample,20251031_068_pol_pro_Ran_ado_2025_6_Colorado2025.czi,Ran_ado,301.28,6153.0,6739.0,20,24,78.73,0.959,20251031_068_pol_pro_Ran_ado_2025_6_Colorado2025_x006144_y006144
Unknown_Sample,20251031_068_pol_pro_Ran_ado_2025_6_Colorado2025.czi,Ran_ado,242.02,6426.0,6150.0,32,14,79.21,0.948,20251031_068_pol_pro_Ran_ado_2025_6_Colorado2025_x006144_y006144
Unknown_Sample,20251031_068_pol_pro_Ran_ado_2025_6_Colorado2025.czi,Ran_ado,710.3,6703.0,6196.0,34,35,115.25,0.963,20251031_068_pol_pro_Ran_ado_2025_6_Colorado2025_x006656_y006144
Unknown_Sample,20251031_068_pol_pro_Ran_ado_2025_6_Colorado2025.czi,Ran_ado,758.78,7243.0,6318.0,37,33,117.25,0.962,20251031_068_pol_pro_Ran_ado_2025_6_Colorado2025_x006656_y006144
Unknown_Sample,20251031_068_pol_pro_Ran_ado_2025_6_Colorado2025.czi,Ran_ado,697.6,6680.0,6700.0,33,36,112.33,0.961,20251031_068_pol_pro_Ran_ado_2025_6_Colorado2025_x006656_y006144
Unknown_Sample,20251031_068_pol_pro_Ran_ado_2025_6_Colorado2025.czi,Ran_ado,562.16,6849.0,6764.0,29,32,102.18,0.958,20251031_068_pol_pro_Ran_ado_2025_6_Colorado2025_x006656_y006144
Unknown_Sample,20251031_068_pol_pro_Ran_ado_2025_6_Colorado2025.czi,Ran_ado,530.99,7015.0,6448.0,31,29,100.77,0.957,20251031_068_pol_pro_Ran_ado_2025_6_Colorado2025_x006656_y006144
Unknown_Sample,20251031_068_pol_pro_Ran_ado_2025_6_Colorado2025.czi,Ran_ado,739.16,7226.0,6644.0,35,35,115.5,0.954,20251031_068_pol_pro_Ran_ado_2025_6_Colorado2025_x006656_y006144
Unknown_Sample,20251031_068_pol_pro_Ran_ado_2025_6_Colorado2025.czi,Ran_ado,437.11,7258.0,6446.0,26,30,92.77,0.95,20251031_068_pol_pro_Ran_ado_2025_6_Colorado2025_x006656_y006144
Unknown_Sample,20251031_068_pol_pro_Ran_ado_2025_6_Colorado2025.czi,Ran_ado,535.99,7752.0,6354.0,30,30,99.01,0.964,20251031_068_pol_pro_Ran_ado_2025_6_Colorado2025_x007168_y006144
Unknown_Sample,20251031_068_pol_pro_Ran_ado_2025_6_Colorado2025.czi,Ran_ado,760.32,7243.0,6318.0,37,33,117.25,0.962,20251031_068_pol_pro_Ran_ado_2025_6_Colorado2025_x007168_y006144
Unknown_Sample,20251031_068_pol_pro_Ran_ado_2025_6_Colorado2025.czi,Ran_ado,496.75,7694.0,6319.0,32,25,96.53,0.96,20251031_068_pol_pro_Ran_ado_2025_6_Colorado2025_x007168_y006144
Unknown_Sample,20251031_068_pol_pro_Ran_ado_2025_6_Colorado2025.czi,Ran_ado,711.84,7673.0,6684.0,37,33,116.08,0.959,20251031_068_pol_pro_Ran_ado_2025_6_Colorado2025_x007168_y006144
Unknown_Sample,20251031_068_pol_pro_Ran_ado_2025_6_Colorado2025.czi,Ran_ado,745.31,7226.0,6644.0,35,36,116.33,0.953,20251031_068_pol_pro_Ran_ado_2025_6_Colorado2025_x007168_y006144
Unknown_Sample,20251031_068_pol_pro_Ran_ado_2025_6_Colorado2025.czi,Ran_ado,437.11,7258.0,6446.0,26,30,92.77,0.95,20251031_068_pol_pro_Ran_ado_2025_6_Colorado2025_x007168_y006144
Unknown_Sample,20251031_068_pol_pro_Ran_ado_2025_6_Colorado2025.czi,Ran_ado,537.53,7752.0,6354.0,30,30,99.01,0.964,20251031_068_pol_pro_Ran_ado_2025_6_Colorado2025_x007680_y006144
Unknown_Sample,20251031_068_pol_pro_Ran_ado_2025_6_Colorado2025.czi,Ran_ado,488.28,7695.0,6319.0,31,25,95.7,0.962,20251031_068_pol_pro_Ran_ado_2025_6_Colorado2025_x007680_y006144
Unknown_Sample,20251031_068_pol_pro_Ran_ado_2025_6_Colorado2025.czi,Ran_ado,765.32,8241.0,6742.0,37,34,118.67,0.962,20251031_068_pol_pro_Ran_ado_2025_6_Colorado2025_x007680_y006144
Unknown_Sample,20251031_068_pol_pro_Ran_ado_2025_6_Colorado2025.czi,Ran_ado,372.08,8068.0,6269.0,27,24,85.7,0.955,20251031_068_pol_pro_Ran_ado_2025_6_Colorado2025_x007680_y006144
Unknown_Sample,20251031_068_pol_pro_Ran_ado_2025_6_Colorado2025.czi,Ran_ado,170.84,7685.0,6682.0,13,29,69.46,0.933,20251031_068_pol_pro_Ran_ado_2025_6_Colorado2025_x007680_y006144
Unknown_Sample,20251031_068_pol_pro_Ran_ado_2025_6_Colorado2025.czi,Ran_ado,380.16,8114.0,6775.0,35,18,92.63,0.926,20251031_068_pol_pro_Ran_ado_2025_6_Colorado2025_x007680_y006144
Unknown_Sample,20251031_068_pol_pro_Ran_ado_2025_6_Colorado2025.czi,Ran_ado,816.11,8770.0,6543.0,36,38,122.33,0.962,20251031_068_pol_pro_Ran_ado_2025_6_Colorado2025_x008192_y006144
Unknown_Sample,20251031_068_pol_pro_Ran_ado_2025_6_Colorado2025.czi,Ran_ado,644.5,8736.0,6488.0,33,34,111.84,0.962,20251031_068_pol_pro_Ran_ado_2025_6_Colorado2025_x008192_y006144
Unknown_Sample,20251031_068_pol_pro_Ran_ado_2025_6_Colorado2025.czi,Ran_ado,780.33,8615.0,6325.0,38,35,120.91,0.961,20251031_068_pol_pro_Ran_ado_2025_6_Colorado2025_x008192_y006144
Unknown_Sample,20251031_068_pol_pro_Ran_ado_2025_6_Colorado2025.czi,Ran_ado,766.09,8241.0,6742.0,37,34,118.67,0.961,20251031_068_pol_pro_Ran_ado_2025_6_Colorado2025_x008192_y006144
Unknown_Sample,20251031_068_pol_pro_Ran_ado_2025_6_Colorado2025.czi,Ran_ado,511.75,8734.0,6430.0,30,28,96.77,0.959,20251031_068_pol_pro_Ran_ado_2025_6_Colorado2025_x008192_y006144
Unknown_Sample,20251031_068_pol_pro_Ran_ado_2025_6_Colorado2025.czi,Ran_ado,433.26,8799.0,6153.0,36,22,99.11,0.954,20251031_068_pol_pro_Ran_ado_2025_6_Colorado2025_x008192_y006144
Unknown_Sample,20251031_068_pol_pro_Ran_ado_2025_6_Colorado2025.czi,Ran_ado,1026.97,9219.0,6605.0,40,42,135.98,0.966,20251031_068_pol_pro_Ran_ado_2025_6_Colorado2025_x008704_y006144
Unknown_Sample,20251031_068_pol_pro_Ran_ado_2025_6_Colorado2025.czi,Ran_ado,818.04,8770.0,6543.0,36,38,122.91,0.963,20251031_068_pol_pro_Ran_ado_2025_6_Colorado2025_x008704_y006144
Unknown_Sample,20251031_068_pol_pro_Ran_ado_2025_6_Colorado2025.czi,Ran_ado,807.65,9308.0,6695.0,36,37,121.5,0.963,20251031_068_pol_pro_Ran_ado_2025_6_Colorado2025_x008704_y006144
Unknown_Sample,20251031_068_pol_pro_Ran_ado_2025_6_Colorado2025.czi,Ran_ado,645.66,8736.0,6488.0,33,34,111.25,0.962,20251031_068_pol_pro_Ran_ado_2025_6_Colorado2025_x008704_y006144
Unknown_Sample,20251031_068_pol_pro_Ran_ado_2025_6_Colorado2025.czi,Ran_ado,516.37,8734.0,6430.0,31,28,97.6,0.959,20251031_068_pol_pro_Ran_ado_2025_6_Colorado2025_x008704_y006144
Unknown_Sample,20251031_068_pol_pro_Ran_ado_2025_6_Colorado2025.czi,Ran_ado,832.66,9225.0,6347.0,37,38,123.74,0.957,20251031_068_pol_pro_Ran_ado_2025_6_Colorado2025_x008704_y006144
Unknown_Sample,20251031_068_pol_pro_Ran_ado_2025_6_Colorado2025.czi,Ran_ado,432.87,8799.0,6153.0,36,22,98.53,0.954,20251031_068_pol_pro_Ran_ado_2025_6_Colorado2025_x008704_y006144
Unknown_Sample,20251031_068_pol_pro_Ran_ado_2025_6_Colorado2025.czi,Ran_ado,656.81,9228.0,6346.0,28,38,115.7,0.965,20251031_068_pol_pro_Ran_ado_2025_6_Colorado2025_x009216_y006144
Unknown_Sample,20251031_068_pol_pro_Ran_ado_2025_6_Colorado2025.czi,Ran_ado,630.26,9398.0,6490.0,31,33,107.6,0.963,20251031_068_pol_pro_Ran_ado_2025_6_Colorado2025_x009216_y006144
Unknown_Sample,20251031_068_pol_pro_Ran_ado_2025_6_Colorado2025.czi,Ran_ado,804.95,9308.0,6695.0,36,37,120.91,0.963,20251031_068_pol_pro_Ran_ado_2025_6_Colorado2025_x009216_y006144
Unknown_Sample,20251031_068_pol_pro_Ran_ado_2025_6_Colorado2025.czi,Ran_ado,583.32,9226.0,6605.0,23,42,113.11,0.962,20251031_068_pol_pro_Ran_ado_2025_6_Colorado2025_x009216_y006144
Unknown_Sample,20251031_068_pol_pro_Ran_ado_2025_6_Colorado2025.czi,Ran_ado,936.16,9593.0,6349.0,39,39,131.5,0.957,20251031_068_pol_pro_Ran_ado_2025_6_Colorado2025_x009216_y006144
Unknown_Sample,20251031_068_pol_pro_Ran_ado_2025_6_Colorado2025.czi,Ran_ado,605.64,9751.0,6228.0,31,33,105.25,0.956,20251031_068_pol_pro_Ran_ado_2025_6_Colorado2025_x009216_y006144
Unknown_Sample,20251031_068_pol_pro_Ran_ado_2025_6_Colorado2025.czi,Ran_ado,564.08,9751.0,6228.0,29,32,101.6,0.96,20251031_068_pol_pro_Ran_ado_2025_6_Colorado2025_x009728_y006144
Unknown_Sample,20251031_068_pol_pro_Ran_ado_2025_6_Colorado2025.czi,Ran_ado,635.65,10677.0,6484.0,32,34,109.25,0.962,20251031_068_pol_pro_Ran_ado_2025_6_Colorado2025_x010240_y006144
Unknown_Sample,20251031_068_pol_pro_Ran_ado_2025_6_Colorado2025.czi,Ran_ado,666.43,10529.0,6423.0,33,33,109.25,0.961,20251031_068_pol_pro_Ran_ado_2025_6_Colorado2025_x010240_y006144
Unknown_Sample,20251031_068_pol_pro_Ran_ado_2025_6_Colorado2025.czi,Ran_ado,942.7,10511.0,6531.0,43,37,132.57,0.96,20251031_068_pol_pro_Ran_ado_2025_6_Colorado2025_x010240_y006144
Unknown_Sample,20251031_068_pol_pro_Ran_ado_2025_6_Colorado2025.czi,Ran_ado,915.0,10651.0,6291.0,38,40,129.74,0.958,20251031_068_pol_pro_Ran_ado_2025_6_Colorado2025_x010240_y006144
Unknown_Sample,20251031_068_pol_pro_Ran_ado_2025_6_Colorado2025.czi,Ran_ado,535.61,10707.0,6772.0,35,25,106.63,0.924,20251031_068_pol_pro_Ran_ado_2025_6_Colorado2025_x010240_y006144
Unknown_Sample,20251031_068_pol_pro_Ran_ado_2025_6_Colorado2025.czi,Ran_ado,866.9,11191.0,6744.0,39,37,125.15,0.965,20251031_068_pol_pro_Ran_ado_2025_6_Colorado2025_x010752_y006144
Unknown_Sample,20251031_068_pol_pro_Ran_ado_2025_6_Colorado2025.czi,Ran_ado,940.78,11111.0,6324.0,40,39,132.33,0.965,20251031_068_pol_pro_Ran_ado_2025_6_Colorado2025_x010752_y006144
Unknown_Sample,20251031_068_pol_pro_Ran_ado_2025_6_Colorado2025.czi,Ran_ado,686.83,11352.0,6309.0,35,33,112.67,0.963,20251031_068_pol_pro_Ran_ado_2025_6_Colorado2025_x010752_y006144
Unknown_Sample,20251031_068_pol_pro_Ran_ado_2025_6_Colorado2025.czi,Ran_ado,604.87,11364.0,6540.0,31,32,106.77,0.962,20251031_068_pol_pro_Ran_ado_2025_6_Colorado2025_x010752_y006144
Unknown_Sample,20251031_068_pol_pro_Ran_ado_2025_6_Colorado2025.czi,Ran_ado,660.28,11298.0,6405.0,34,32,109.25,0.962,20251031_068_pol_pro_Ran_ado_2025_6_Colorado2025_x010752_y006144
Unknown_Sample,20251031_068_pol_pro_Ran_ado_2025_6_Colorado2025.czi,Ran_ado,898.07,10948.0,6450.0,40,40,129.05,0.96,20251031_068_pol_pro_Ran_ado_2025_6_Colorado2025_x010752_y006144
Unknown_Sample,20251031_068_pol_pro_Ran_ado_2025_6_Colorado2025.czi,Ran_ado,687.6,11352.0,6309.0,35,33,112.67,0.963,20251031_068_pol_pro_Ran_ado_2025_6_Colorado2025_x011264_y006144
Unknown_Sample,20251031_068_pol_pro_Ran_ado_2025_6_Colorado2025.czi,Ran_ado,660.28,11298.0,6405.0,34,32,109.25,0.961,20251031_068_pol_pro_Ran_ado_2025_6_Colorado2025_x011264_y006144
Unknown_Sample,20251031_068_pol_pro_Ran_ado_2025_6_Colorado2025.czi,Ran_ado,605.64,11364.0,6540.0,31,32,106.77,0.961,20251031_068_pol_pro_Ran_ado_2025_6_Colorado2025_x011264_y006144
Unknown_Sample,20251031_068_pol_pro_Ran_ado_2025_6_Colorado2025.czi,Ran_ado,590.63,11815.0,6225.0,32,32,104.67,0.958,20251031_068_pol_pro_Ran_ado_2025_6_Colorado2025_x011264_y006144
Unknown_Sample,20251031_068_pol_pro_Ran_ado_2025_6_Colorado2025.czi,Ran_ado,834.2,11977.0,6345.0,36,39,124.91,0.964,20251031_068_pol_pro_Ran_ado_2025_6_Colorado2025_x011776_y006144
Unknown_Sample,20251031_068_pol_pro_Ran_ado_2025_6_Colorado2025.czi,Ran_ado,758.01,11962.0,6558.0,37,35,120.08,0.961,20251031_068_pol_pro_Ran_ado_2025_6_Colorado2025_x011776_y006144
Unknown_Sample,20251031_068_pol_pro_Ran_ado_2025_6_Colorado2025.czi,Ran_ado,590.63,11815.0,6225.0,32,32,104.67,0.958,20251031_068_pol_pro_Ran_ado_2025_6_Colorado2025_x011776_y006144
Unknown_Sample,20251031_068_pol_pro_Ran_ado_2025_6_Colorado2025.czi,Ran_ado,656.04,12400.0,6348.0,31,33,112.87,0.944,20251031_068_pol_pro_Ran_ado_2025_6_Colorado2025_x011776_y006144
Unknown_Sample,20251031_068_pol_pro_Ran_ado_2025_6_Colorado2025.czi,Ran_ado,806.11,12749.0,6160.0,38,34,121.84,0.968,20251031_068_pol_pro_Ran_ado_2025_6_Colorado2025_x012288_y006144
Unknown_Sample,20251031_068_pol_pro_Ran_ado_2025_6_Colorado2025.czi,Ran_ado,728.38,12798.0,6651.0,36,33,114.67,0.967,20251031_068_pol_pro_Ran_ado_2025_6_Colorado2025_x012288_y006144
Unknown_Sample,20251031_068_pol_pro_Ran_ado_2025_6_Colorado2025.czi,Ran_ado,752.62,12403.0,6347.0,38,33,118.08,0.96,20251031_068_pol_pro_Ran_ado_2025_6_Colorado2025_x012288_y006144
Unknown_Sample,20251031_068_pol_pro_Ran_ado_2025_6_Colorado2025.czi,Ran_ado,551.0,12898.0,6185.0,32,30,102.43,0.958,20251031_068_pol_pro_Ran_ado_2025_6_Colorado2025_x012288_y006144
Unknown_Sample,20251031_068_pol_pro_Ran_ado_2025_6_Colorado2025.czi,Ran_ado,276.65,12921.0,6609.0,14,35,84.04,0.886,20251031_068_pol_pro_Ran_ado_2025_6_Colorado2025_x012288_y006144
Unknown_Sample,20251031_068_pol_pro_Ran_ado_2025_6_Colorado2025.czi,Ran_ado,917.69,12933.0,6608.0,40,38,127.98,0.964,20251031_068_pol_pro_Ran_ado_2025_6_Colorado2025_x012800_y006144
Unknown_Sample,20251031_068_pol_pro_Ran_ado_2025_6_Colorado2025.czi,Ran_ado,587.94,13130.0,6321.0,33,30,105.6,0.96,20251031_068_pol_pro_Ran_ado_2025_6_Colorado2025_x012800_y006144
Unknown_Sample,20251031_068_pol_pro_Ran_ado_2025_6_Colorado2025.czi,Ran_ado,551.0,12898.0,6185.0,32,30,102.43,0.958,20251031_068_pol_pro_Ran_ado_2025_6_Colorado2025_x012800_y006144
Unknown_Sample,20251031_068_pol_pro_Ran_ado_2025_6_Colorado2025.czi,Ran_ado,285.12,12807.0,6650.0,16,31,81.21,0.954,20251031_068_pol_pro_Ran_ado_2025_6_Colorado2025_x012800_y006144
Unknown_Sample,20251031_068_pol_pro_Ran_ado_2025_6_Colorado2025.czi,Ran_ado,968.87,13473.0,6697.0,41,39,132.57,0.961,20251031_068_pol_pro_Ran_ado_2025_6_Colorado2025_x013312_y006144
Unknown_Sample,20251031_068_pol_pro_Ran_ado_2025_6_Colorado2025.czi,Ran_ado,687.21,13715.0,6733.0,36,32,113.25,0.957,20251031_068_pol_pro_Ran_ado_2025_6_Colorado2025_x013312_y006144
Unknown_Sample,20251031_068_pol_pro_Ran_ado_2025_6_Colorado2025.czi,Ran_ado,737.62,14285.0,6361.0,33,36,115.84,0.966,20251031_068_pol_pro_Ran_ado_2025_6_Colorado2025_x013824_y006144
Unknown_Sample,20251031_068_pol_pro_Ran_ado_2025_6_Colorado2025.czi,Ran_ado,709.53,14231.0,6646.0,35,34,115.25,0.963,20251031_068_pol_pro_Ran_ado_2025_6_Colorado2025_x013824_y006144
Unknown_Sample,20251031_068_pol_pro_Ran_ado_2025_6_Colorado2025.czi,Ran_ado,850.36,14298.0,6221.0,38,37,126.08,0.962,20251031_068_pol_pro_Ran_ado_2025_6_Colorado2025_x013824_y006144
Unknown_Sample,20251031_068_pol_pro_Ran_ado_2025_6_Colorado2025.czi,Ran_ado,599.87,13978.0,6440.0,32,30,105.36,0.961,20251031_068_pol_pro_Ran_ado_2025_6_Colorado2025_x013824_y006144
Unknown_Sample,20251031_068_pol_pro_Ran_ado_2025_6_Colorado2025.czi,Ran_ado,480.97,14088.0,6386.0,27,31,94.43,0.958,20251031_068_pol_pro_Ran_ado_2025_6_Colorado2025_x013824_y006144
Unknown_Sample,20251031_068_pol_pro_Ran_ado_2025_6_Colorado2025.czi,Ran_ado,833.43,14035.0,6576.0,38,36,122.91,0.958,20251031_068_pol_pro_Ran_ado_2025_6_Colorado2025_x013824_y006144
Unknown_Sample,20251031_068_pol_pro_Ran_ado_2025_6_Colorado2025.czi,Ran_ado,581.78,13985.0,6610.0,32,30,103.6,0.957,20251031_068_pol_pro_Ran_ado_2025_6_Colorado2025_x013824_y006144
Unknown_Sample,20251031_068_pol_pro_Ran_ado_2025_6_Colorado2025.czi,Ran_ado,437.49,1521.0,7173.0,25,29,90.53,0.929,20251031_068_pol_pro_Ran_ado_2025_6_Colorado2025_x001024_y006656
Unknown_Sample,20251031_068_pol_pro_Ran_ado_2025_6_Colorado2025.czi,Ran_ado,467.12,1778.0,7112.0,34,25,96.43,0.938,20251031_068_pol_pro_Ran_ado_2025_6_Colorado2025_x001536_y006656
Unknown_Sample,20251031_068_pol_pro_Ran_ado_2025_6_Colorado2025.czi,Ran_ado,505.21,2844.0,7025.0,31,27,96.18,0.96,20251031_068_pol_pro_Ran_ado_2025_6_Colorado2025_x002560_y006656
Unknown_Sample,20251031_068_pol_pro_Ran_ado_2025_6_Colorado2025.czi,Ran_ado,562.93,3077.0,7107.0,28,35,105.01,0.957,20251031_068_pol_pro_Ran_ado_2025_6_Colorado2025_x002560_y006656
Unknown_Sample,20251031_068_pol_pro_Ran_ado_2025_6_Colorado2025.czi,Ran_ado,507.52,2948.0,6882.0,29,29,97.36,0.955,20251031_068_pol_pro_Ran_ado_2025_6_Colorado2025_x002560_y006656
Unknown_Sample,20251031_068_pol_pro_Ran_ado_2025_6_Colorado2025.czi,Ran_ado,542.92,3339.0,7236.0,29,32,99.84,0.962,20251031_068_pol_pro_Ran_ado_2025_6_Colorado2025_x003072_y006656
Unknown_Sample,20251031_068_pol_pro_Ran_ado_2025_6_Colorado2025.czi,Ran_ado,671.82,3598.0,7137.0,36,31,111.25,0.961,20251031_068_pol_pro_Ran_ado_2025_6_Colorado2025_x003072_y006656
Unknown_Sample,20251031_068_pol_pro_Ran_ado_2025_6_Colorado2025.czi,Ran_ado,600.64,3508.0,6854.0,33,31,105.84,0.96,20251031_068_pol_pro_Ran_ado_2025_6_Colorado2025_x003072_y006656
Unknown_Sample,20251031_068_pol_pro_Ran_ado_2025_6_Colorado2025.czi,Ran_ado,502.52,3222.0,7124.0,29,30,97.6,0.956,20251031_068_pol_pro_Ran_ado_2025_6_Colorado2025_x003072_y006656
Unknown_Sample,20251031_068_pol_pro_Ran_ado_2025_6_Colorado2025.czi,Ran_ado,454.04,3276.0,7107.0,28,27,93.11,0.956,20251031_068_pol_pro_Ran_ado_2025_6_Colorado2025_x003072_y006656
Unknown_Sample,20251031_068_pol_pro_Ran_ado_2025_6_Colorado2025.czi,Ran_ado,470.2,3527.0,6779.0,28,29,93.6,0.953,20251031_068_pol_pro_Ran_ado_2025_6_Colorado2025_x003072_y006656
Unknown_Sample,20251031_068_pol_pro_Ran_ado_2025_6_Colorado2025.czi,Ran_ado,383.62,3080.0,7106.0,19,35,94.04,0.953,20251031_068_pol_pro_Ran_ado_2025_6_Colorado2025_x003072_y006656
Unknown_Sample,20251031_068_pol_pro_Ran_ado_2025_6_Colorado2025.czi,Ran_ado,637.58,3599.0,7137.0,33,31,109.36,0.964,20251031_068_pol_pro_Ran_ado_2025_6_Colorado2025_x003584_y006656
Unknown_Sample,20251031_068_pol_pro_Ran_ado_2025_6_Colorado2025.czi,Ran_ado,584.48,3870.0,7229.0,34,29,103.84,0.96,20251031_068_pol_pro_Ran_ado_2025_6_Colorado2025_x003584_y006656
Unknown_Sample,20251031_068_pol_pro_Ran_ado_2025_6_Colorado2025.czi,Ran_ado,605.64,4191.0,7237.0,31,32,105.6,0.959,20251031_068_pol_pro_Ran_ado_2025_6_Colorado2025_x003584_y006656
Unknown_Sample,20251031_068_pol_pro_Ran_ado_2025_6_Colorado2025.czi,Ran_ado,585.63,3873.0,6795.0,35,29,104.08,0.959,20251031_068_pol_pro_Ran_ado_2025_6_Colorado2025_x003584_y006656
Unknown_Sample,20251031_068_pol_pro_Ran_ado_2025_6_Colorado2025.czi,Ran_ado,549.46,3725.0,7134.0,27,34,100.43,0.958,20251031_068_pol_pro_Ran_ado_2025_6_Colorado2025_x003584_y006656
Unknown_Sample,20251031_068_pol_pro_Ran_ado_2025_6_Colorado2025.czi,Ran_ado,521.37,3993.0,7174.0,33,26,99.36,0.957,20251031_068_pol_pro_Ran_ado_2025_6_Colorado2025_x003584_y006656
Unknown_Sample,20251031_068_pol_pro_Ran_ado_2025_6_Colorado2025.czi,Ran_ado,376.31,3812.0,6883.0,23,29,84.77,0.939,20251031_068_pol_pro_Ran_ado_2025_6_Colorado2025_x003584_y006656
Unknown_Sample,20251031_068_pol_pro_Ran_ado_2025_6_Colorado2025.czi,Ran_ado,636.04,3842.0,7131.0,33,34,114.18,0.936,20251031_068_pol_pro_Ran_ado_2025_6_Colorado2025_x003584_y006656
Unknown_Sample,20251031_068_pol_pro_Ran_ado_2025_6_Colorado2025.czi,Ran_ado,546.77,3861.0,7154.0,30,36,128.67,0.891,20251031_068_pol_pro_Ran_ado_2025_6_Colorado2025_x003584_y006656
Unknown_Sample,20251031_068_pol_pro_Ran_ado_2025_6_Colorado2025.czi,Ran_ado,233.56,4218.0,7278.0,11,36,83.56,0.865,20251031_068_pol_pro_Ran_ado_2025_6_Colorado2025_x003584_y006656
Unknown_Sample,20251031_068_pol_pro_Ran_ado_2025_6_Colorado2025.czi,Ran_ado,605.64,4191.0,7237.0,31,32,105.6,0.96,20251031_068_pol_pro_Ran_ado_2025_6_Colorado2025_x004096_y006656
Unknown_Sample,20251031_068_pol_pro_Ran_ado_2025_6_Colorado2025.czi,Ran_ado,617.95,4576.0,6745.0,32,32,106.43,0.959,20251031_068_pol_pro_Ran_ado_2025_6_Colorado2025_x004096_y006656
Unknown_Sample,20251031_068_pol_pro_Ran_ado_2025_6_Colorado2025.czi,Ran_ado,448.26,4274.0,6828.0,26,27,90.87,0.959,20251031_068_pol_pro_Ran_ado_2025_6_Colorado2025_x004096_y006656
Unknown_Sample,20251031_068_pol_pro_Ran_ado_2025_6_Colorado2025.czi,Ran_ado,644.89,4226.0,7278.0,29,36,111.94,0.954,20251031_068_pol_pro_Ran_ado_2025_6_Colorado2025_x004096_y006656
Unknown_Sample,20251031_068_pol_pro_Ran_ado_2025_6_Colorado2025.czi,Ran_ado,626.42,4843.0,6973.0,32,32,106.43,0.964,20251031_068_pol_pro_Ran_ado_2025_6_Colorado2025_x004608_y006656
Unknown_Sample,20251031_068_pol_pro_Ran_ado_2025_6_Colorado2025.czi,Ran_ado,633.34,4795.0,6678.0,32,33,108.43,0.961,20251031_068_pol_pro_Ran_ado_2025_6_Colorado2025_x004608_y006656
Unknown_Sample,20251031_068_pol_pro_Ran_ado_2025_6_Colorado2025.czi,Ran_ado,491.74,4802.0,6761.0,30,27,94.77,0.96,20251031_068_pol_pro_Ran_ado_2025_6_Colorado2025_x004608_y006656
Unknown_Sample,20251031_068_pol_pro_Ran_ado_2025_6_Colorado2025.czi,Ran_ado,579.86,5161.0,7274.0,32,31,103.84,0.959,20251031_068_pol_pro_Ran_ado_2025_6_Colorado2025_x004608_y006656
Unknown_Sample,20251031_068_pol_pro_Ran_ado_2025_6_Colorado2025.czi,Ran_ado,507.52,5087.0,7106.0,27,31,98.53,0.959,20251031_068_pol_pro_Ran_ado_2025_6_Colorado2025_x004608_y006656
Unknown_Sample,20251031_068_pol_pro_Ran_ado_2025_6_Colorado2025.czi,Ran_ado,631.8,5066.0,7191.0,32,31,109.11,0.958,20251031_068_pol_pro_Ran_ado_2025_6_Colorado2025_x004608_y006656
Unknown_Sample,20251031_068_pol_pro_Ran_ado_2025_6_Colorado2025.czi,Ran_ado,708.37,5143.0,6853.0,36,34,114.33,0.958,20251031_068_pol_pro_Ran_ado_2025_6_Colorado2025_x004608_y006656
Unknown_Sample,20251031_068_pol_pro_Ran_ado_2025_6_Colorado2025.czi,Ran_ado,444.42,5126.0,7025.0,23,33,93.36,0.955,20251031_068_pol_pro_Ran_ado_2025_6_Colorado2025_x004608_y006656
Unknown_Sample,20251031_068_pol_pro_Ran_ado_2025_6_Colorado2025.czi,Ran_ado,502.52,5139.0,6688.0,27,31,97.94,0.953,20251031_068_pol_pro_Ran_ado_2025_6_Colorado2025_x004608_y006656
Unknown_Sample,20251031_068_pol_pro_Ran_ado_2025_6_Colorado2025.czi,Ran_ado,338.99,5235.0,7276.0,23,23,81.56,0.915,20251031_068_pol_pro_Ran_ado_2025_6_Colorado2025_x004608_y006656
Unknown_Sample,20251031_068_pol_pro_Ran_ado_2025_6_Colorado2025.czi,Ran_ado,580.24,5517.0,6844.0,31,31,103.6,0.964,20251031_068_pol_pro_Ran_ado_2025_6_Colorado2025_x005120_y006656
Unknown_Sample,20251031_068_pol_pro_Ran_ado_2025_6_Colorado2025.czi,Ran_ado,726.46,5257.0,6841.0,36,33,115.25,0.961,20251031_068_pol_pro_Ran_ado_2025_6_Colorado2025_x005120_y006656
Unknown_Sample,20251031_068_pol_pro_Ran_ado_2025_6_Colorado2025.czi,Ran_ado,561.0,5293.0,7239.0,31,30,101.6,0.96,20251031_068_pol_pro_Ran_ado_2025_6_Colorado2025_x005120_y006656
Unknown_Sample,20251031_068_pol_pro_Ran_ado_2025_6_Colorado2025.czi,Ran_ado,579.09,5161.0,7274.0,32,31,103.84,0.96,20251031_068_pol_pro_Ran_ado_2025_6_Colorado2025_x005120_y006656
Unknown_Sample,20251031_068_pol_pro_Ran_ado_2025_6_Colorado2025.czi,Ran_ado,739.16,5695.0,6764.0,33,38,116.33,0.959,20251031_068_pol_pro_Ran_ado_2025_6_Colorado2025_x005120_y006656
Unknown_Sample,20251031_068_pol_pro_Ran_ado_2025_6_Colorado2025.czi,Ran_ado,710.3,5143.0,6853.0,36,34,114.91,0.957,20251031_068_pol_pro_Ran_ado_2025_6_Colorado2025_x005120_y006656
Unknown_Sample,20251031_068_pol_pro_Ran_ado_2025_6_Colorado2025.czi,Ran_ado,541.38,5654.0,6777.0,28,32,100.18,0.957,20251031_068_pol_pro_Ran_ado_2025_6_Colorado2025_x005120_y006656
Unknown_Sample,20251031_068_pol_pro_Ran_ado_2025_6_Colorado2025.czi,Ran_ado,503.67,5139.0,6688.0,27,31,97.36,0.953,20251031_068_pol_pro_Ran_ado_2025_6_Colorado2025_x005120_y006656
Unknown_Sample,20251031_068_pol_pro_Ran_ado_2025_6_Colorado2025.czi,Ran_ado,345.91,5128.0,7026.0,18,33,88.04,0.951,20251031_068_pol_pro_Ran_ado_2025_6_Colorado2025_x005120_y006656
Unknown_Sample,20251031_068_pol_pro_Ran_ado_2025_6_Colorado2025.czi,Ran_ado,347.45,5235.0,7275.0,23,24,81.21,0.936,20251031_068_pol_pro_Ran_ado_2025_6_Colorado2025_x005120_y006656
Unknown_Sample,20251031_068_pol_pro_Ran_ado_2025_6_Colorado2025.czi,Ran_ado,669.13,5968.0,6727.0,30,36,111.01,0.962,20251031_068_pol_pro_Ran_ado_2025_6_Colorado2025_x005632_y006656
Unknown_Sample,20251031_068_pol_pro_Ran_ado_2025_6_Colorado2025.czi,Ran_ado,740.7,5695.0,6764.0,33,38,116.33,0.96,20251031_068_pol_pro_Ran_ado_2025_6_Colorado2025_x005632_y006656
Unknown_Sample,20251031_068_pol_pro_Ran_ado_2025_6_Colorado2025.czi,Ran_ado,542.15,5654.0,6777.0,28,32,100.18,0.957,20251031_068_pol_pro_Ran_ado_2025_6_Colorado2025_x005632_y006656
Unknown_Sample,20251031_068_pol_pro_Ran_ado_2025_6_Colorado2025.czi,Ran_ado,384.01,6151.0,6740.0,26,24,86.63,0.952,20251031_068_pol_pro_Ran_ado_2025_6_Colorado2025_x005632_y006656
Unknown_Sample,20251031_068_pol_pro_Ran_ado_2025_6_Colorado2025.czi,Ran_ado,697.6,6680.0,6700.0,33,36,112.33,0.961,20251031_068_pol_pro_Ran_ado_2025_6_Colorado2025_x006144_y006656
Unknown_Sample,20251031_068_pol_pro_Ran_ado_2025_6_Colorado2025.czi,Ran_ado,542.15,6375.0,7124.0,29,31,99.01,0.961,20251031_068_pol_pro_Ran_ado_2025_6_Colorado2025_x006144_y006656
Unknown_Sample,20251031_068_pol_pro_Ran_ado_2025_6_Colorado2025.czi,Ran_ado,301.28,6153.0,6739.0,20,24,78.73,0.959,20251031_068_pol_pro_Ran_ado_2025_6_Colorado2025_x006144_y006656
Unknown_Sample,20251031_068_pol_pro_Ran_ado_2025_6_Colorado2025.czi,Ran_ado,430.18,6751.0,7000.0,26,27,89.11,0.956,20251031_068_pol_pro_Ran_ado_2025_6_Colorado2025_x006144_y006656
Unknown_Sample,20251031_068_pol_pro_Ran_ado_2025_6_Colorado2025.czi,Ran_ado,680.29,7071.0,7153.0,32,35,111.25,0.964,20251031_068_pol_pro_Ran_ado_2025_6_Colorado2025_x006656_y006656
Unknown_Sample,20251031_068_pol_pro_Ran_ado_2025_6_Colorado2025.czi,Ran_ado,706.45,6864.0,7183.0,33,35,114.43,0.964,20251031_068_pol_pro_Ran_ado_2025_6_Colorado2025_x006656_y006656
Unknown_Sample,20251031_068_pol_pro_Ran_ado_2025_6_Colorado2025.czi,Ran_ado,845.35,7266.0,6819.0,33,43,127.5,0.964,20251031_068_pol_pro_Ran_ado_2025_6_Colorado2025_x006656_y006656
Unknown_Sample,20251031_068_pol_pro_Ran_ado_2025_6_Colorado2025.czi,Ran_ado,707.99,6816.0,7040.0,35,34,117.6,0.962,20251031_068_pol_pro_Ran_ado_2025_6_Colorado2025_x006656_y006656
Unknown_Sample,20251031_068_pol_pro_Ran_ado_2025_6_Colorado2025.czi,Ran_ado,742.62,7029.0,6891.0,35,35,116.08,0.962,20251031_068_pol_pro_Ran_ado_2025_6_Colorado2025_x006656_y006656
Unknown_Sample,20251031_068_pol_pro_Ran_ado_2025_6_Colorado2025.czi,Ran_ado,561.39,6849.0,6764.0,29,32,101.01,0.962,20251031_068_pol_pro_Ran_ado_2025_6_Colorado2025_x006656_y006656
Unknown_Sample,20251031_068_pol_pro_Ran_ado_2025_6_Colorado2025.czi,Ran_ado,697.6,6680.0,6700.0,33,36,112.33,0.961,20251031_068_pol_pro_Ran_ado_2025_6_Colorado2025_x006656_y006656
Unknown_Sample,20251031_068_pol_pro_Ran_ado_2025_6_Colorado2025.czi,Ran_ado,684.52,6904.0,7027.0,31,36,114.18,0.961,20251031_068_pol_pro_Ran_ado_2025_6_Colorado2025_x006656_y006656
Unknown_Sample,20251031_068_pol_pro_Ran_ado_2025_6_Colorado2025.czi,Ran_ado,728.77,7029.0,7133.0,34,36,116.08,0.96,20251031_068_pol_pro_Ran_ado_2025_6_Colorado2025_x006656_y006656
Unknown_Sample,20251031_068_pol_pro_Ran_ado_2025_6_Colorado2025.czi,Ran_ado,788.41,7021.0,6942.0,36,35,124.18,0.957,20251031_068_pol_pro_Ran_ado_2025_6_Colorado2025_x006656_y006656
Unknown_Sample,20251031_068_pol_pro_Ran_ado_2025_6_Colorado2025.czi,Ran_ado,429.41,6751.0,7000.0,26,27,89.11,0.957,20251031_068_pol_pro_Ran_ado_2025_6_Colorado2025_x006656_y006656
Unknown_Sample,20251031_068_pol_pro_Ran_ado_2025_6_Colorado2025.czi,Ran_ado,561.39,7199.0,6863.0,31,31,100.67,0.956,20251031_068_pol_pro_Ran_ado_2025_6_Colorado2025_x006656_y006656
Unknown_Sample,20251031_068_pol_pro_Ran_ado_2025_6_Colorado2025.czi,Ran_ado,843.82,7266.0,6819.0,33,43,127.5,0.964,20251031_068_pol_pro_Ran_ado_2025_6_Colorado2025_x007168_y006656
Unknown_Sample,20251031_068_pol_pro_Ran_ado_2025_6_Colorado2025.czi,Ran_ado,708.76,7531.0,6803.0,35,34,115.25,0.963,20251031_068_pol_pro_Ran_ado_2025_6_Colorado2025_x007168_y006656
Unknown_Sample,20251031_068_pol_pro_Ran_ado_2025_6_Colorado2025.czi,Ran_ado,711.84,7673.0,6684.0,37,33,116.08,0.959,20251031_068_pol_pro_Ran_ado_2025_6_Colorado2025_x007168_y006656
Unknown_Sample,20251031_068_pol_pro_Ran_ado_2025_6_Colorado2025.czi,Ran_ado,527.14,7685.0,7037.0,28,31,99.94,0.958,20251031_068_pol_pro_Ran_ado_2025_6_Colorado2025_x007168_y006656
Unknown_Sample,20251031_068_pol_pro_Ran_ado_2025_6_Colorado2025.czi,Ran_ado,561.39,7199.0,6863.0,31,31,100.67,0.956,20251031_068_pol_pro_Ran_ado_2025_6_Colorado2025_x007168_y006656
Unknown_Sample,20251031_068_pol_pro_Ran_ado_2025_6_Colorado2025.czi,Ran_ado,834.97,8113.0,6784.0,35,40,123.74,0.964,20251031_068_pol_pro_Ran_ado_2025_6_Colorado2025_x007680_y006656
Unknown_Sample,20251031_068_pol_pro_Ran_ado_2025_6_Colorado2025.czi,Ran_ado,766.09,8241.0,6742.0,37,34,118.67,0.962,20251031_068_pol_pro_Ran_ado_2025_6_Colorado2025_x007680_y006656
Unknown_Sample,20251031_068_pol_pro_Ran_ado_2025_6_Colorado2025.czi,Ran_ado,616.41,8153.0,7211.0,34,30,106.43,0.961,20251031_068_pol_pro_Ran_ado_2025_6_Colorado2025_x007680_y006656
Unknown_Sample,20251031_068_pol_pro_Ran_ado_2025_6_Colorado2025.czi,Ran_ado,358.23,7689.0,7038.0,19,31,87.21,0.96,20251031_068_pol_pro_Ran_ado_2025_6_Colorado2025_x007680_y006656
Unknown_Sample,20251031_068_pol_pro_Ran_ado_2025_6_Colorado2025.czi,Ran_ado,571.39,8294.0,7199.0,30,32,103.01,0.959,20251031_068_pol_pro_Ran_ado_2025_6_Colorado2025_x007680_y006656
Unknown_Sample,20251031_068_pol_pro_Ran_ado_2025_6_Colorado2025.czi,Ran_ado,170.84,7685.0,6682.0,13,29,69.46,0.933,20251031_068_pol_pro_Ran_ado_2025_6_Colorado2025_x007680_y006656
Unknown_Sample,20251031_068_pol_pro_Ran_ado_2025_6_Colorado2025.czi,Ran_ado,766.09,8241.0,6742.0,37,34,118.67,0.961,20251031_068_pol_pro_Ran_ado_2025_6_Colorado2025_x008192_y006656
Unknown_Sample,20251031_068_pol_pro_Ran_ado_2025_6_Colorado2025.czi,Ran_ado,568.7,8294.0,7199.0,30,32,102.43,0.959,20251031_068_pol_pro_Ran_ado_2025_6_Colorado2025_x008192_y006656
Unknown_Sample,20251031_068_pol_pro_Ran_ado_2025_6_Colorado2025.czi,Ran_ado,389.78,8354.0,7260.0,26,25,86.87,0.941,20251031_068_pol_pro_Ran_ado_2025_6_Colorado2025_x008192_y006656
Unknown_Sample,20251031_068_pol_pro_Ran_ado_2025_6_Colorado2025.czi,Ran_ado,927.7,9223.0,6811.0,39,39,129.15,0.965,20251031_068_pol_pro_Ran_ado_2025_6_Colorado2025_x008704_y006656
Unknown_Sample,20251031_068_pol_pro_Ran_ado_2025_6_Colorado2025.czi,Ran_ado,807.65,9308.0,6695.0,36,37,121.5,0.962,20251031_068_pol_pro_Ran_ado_2025_6_Colorado2025_x008704_y006656
Unknown_Sample,20251031_068_pol_pro_Ran_ado_2025_6_Colorado2025.czi,Ran_ado,975.02,9815.0,6972.0,40,39,131.74,0.963,20251031_068_pol_pro_Ran_ado_2025_6_Colorado2025_x009216_y006656
Unknown_Sample,20251031_068_pol_pro_Ran_ado_2025_6_Colorado2025.czi,Ran_ado,657.2,9228.0,6811.0,27,39,115.11,0.962,20251031_068_pol_pro_Ran_ado_2025_6_Colorado2025_x009216_y006656
Unknown_Sample,20251031_068_pol_pro_Ran_ado_2025_6_Colorado2025.czi,Ran_ado,805.34,9308.0,6695.0,36,37,121.5,0.962,20251031_068_pol_pro_Ran_ado_2025_6_Colorado2025_x009216_y006656
Unknown_Sample,20251031_068_pol_pro_Ran_ado_2025_6_Colorado2025.czi,Ran_ado,584.86,9375.0,7279.0,32,30,103.6,0.953,20251031_068_pol_pro_Ran_ado_2025_6_Colorado2025_x009216_y006656
Unknown_Sample,20251031_068_pol_pro_Ran_ado_2025_6_Colorado2025.czi,Ran_ado,975.02,9815.0,6972.0,40,39,131.74,0.964,20251031_068_pol_pro_Ran_ado_2025_6_Colorado2025_x009728_y006656
Unknown_Sample,20251031_068_pol_pro_Ran_ado_2025_6_Colorado2025.czi,Ran_ado,896.53,10098.0,6852.0,38,39,127.74,0.962,20251031_068_pol_pro_Ran_ado_2025_6_Colorado2025_x009728_y006656
Unknown_Sample,20251031_068_pol_pro_Ran_ado_2025_6_Colorado2025.czi,Ran_ado,544.84,10678.0,7092.0,30,31,101.6,0.957,20251031_068_pol_pro_Ran_ado_2025_6_Colorado2025_x010240_y006656
Unknown_Sample,20251031_068_pol_pro_Ran_ado_2025_6_Colorado2025.czi,Ran_ado,540.61,10867.0,6905.0,26,33,102.87,0.942,20251031_068_pol_pro_Ran_ado_2025_6_Colorado2025_x010240_y006656
Unknown_Sample,20251031_068_pol_pro_Ran_ado_2025_6_Colorado2025.czi,Ran_ado,720.3,10706.0,6776.0,36,37,118.57,0.94,20251031_068_pol_pro_Ran_ado_2025_6_Colorado2025_x010240_y006656
Unknown_Sample,20251031_068_pol_pro_Ran_ado_2025_6_Colorado2025.czi,Ran_ado,863.44,11191.0,6744.0,39,37,124.57,0.967,20251031_068_pol_pro_Ran_ado_2025_6_Colorado2025_x010752_y006656
Unknown_Sample,20251031_068_pol_pro_Ran_ado_2025_6_Colorado2025.czi,Ran_ado,666.43,11364.0,7154.0,33,33,110.43,0.966,20251031_068_pol_pro_Ran_ado_2025_6_Colorado2025_x010752_y006656
Unknown_Sample,20251031_068_pol_pro_Ran_ado_2025_6_Colorado2025.czi,Ran_ado,620.64,10869.0,6905.0,32,32,105.84,0.962,20251031_068_pol_pro_Ran_ado_2025_6_Colorado2025_x010752_y006656
Unknown_Sample,20251031_068_pol_pro_Ran_ado_2025_6_Colorado2025.czi,Ran_ado,740.31,11139.0,6813.0,37,33,117.25,0.96,20251031_068_pol_pro_Ran_ado_2025_6_Colorado2025_x010752_y006656
Unknown_Sample,20251031_068_pol_pro_Ran_ado_2025_6_Colorado2025.czi,Ran_ado,508.29,11378.0,7112.0,27,30,98.87,0.946,20251031_068_pol_pro_Ran_ado_2025_6_Colorado2025_x010752_y006656
Unknown_Sample,20251031_068_pol_pro_Ran_ado_2025_6_Colorado2025.czi,Ran_ado,806.49,11822.0,6976.0,36,36,121.25,0.966,20251031_068_pol_pro_Ran_ado_2025_6_Colorado2025_x011264_y006656
Unknown_Sample,20251031_068_pol_pro_Ran_ado_2025_6_Colorado2025.czi,Ran_ado,665.66,11364.0,7154.0,33,33,110.43,0.966,20251031_068_pol_pro_Ran_ado_2025_6_Colorado2025_x011264_y006656
Unknown_Sample,20251031_068_pol_pro_Ran_ado_2025_6_Colorado2025.czi,Ran_ado,575.24,11380.0,7112.0,32,30,104.18,0.96,20251031_068_pol_pro_Ran_ado_2025_6_Colorado2025_x011264_y006656
Unknown_Sample,20251031_068_pol_pro_Ran_ado_2025_6_Colorado2025.czi,Ran_ado,741.08,11602.0,6960.0,37,35,117.74,0.96,20251031_068_pol_pro_Ran_ado_2025_6_Colorado2025_x011264_y006656
Unknown_Sample,20251031_068_pol_pro_Ran_ado_2025_6_Colorado2025.czi,Ran_ado,807.26,11822.0,6976.0,36,36,121.25,0.966,20251031_068_pol_pro_Ran_ado_2025_6_Colorado2025_x011776_y006656
Unknown_Sample,20251031_068_pol_pro_Ran_ado_2025_6_Colorado2025.czi,Ran_ado,791.87,12372.0,7009.0,36,36,122.43,0.966,20251031_068_pol_pro_Ran_ado_2025_6_Colorado2025_x011776_y006656
Unknown_Sample,20251031_068_pol_pro_Ran_ado_2025_6_Colorado2025.czi,Ran_ado,541.0,12112.0,7283.0,33,26,103.46,0.945,20251031_068_pol_pro_Ran_ado_2025_6_Colorado2025_x011776_y006656
Unknown_Sample,20251031_068_pol_pro_Ran_ado_2025_6_Colorado2025.czi,Ran_ado,792.64,12372.0,7009.0,36,36,122.43,0.966,20251031_068_pol_pro_Ran_ado_2025_6_Colorado2025_x012288_y006656
Unknown_Sample,20251031_068_pol_pro_Ran_ado_2025_6_Colorado2025.czi,Ran_ado,610.26,12630.0,7112.0,32,31,106.77,0.963,20251031_068_pol_pro_Ran_ado_2025_6_Colorado2025_x012288_y006656
Unknown_Sample,20251031_068_pol_pro_Ran_ado_2025_6_Colorado2025.czi,Ran_ado,848.05,12731.0,6843.0,37,38,123.74,0.961,20251031_068_pol_pro_Ran_ado_2025_6_Colorado2025_x012288_y006656
Unknown_Sample,20251031_068_pol_pro_Ran_ado_2025_6_Colorado2025.czi,Ran_ado,619.88,12816.0,7007.0,33,31,107.01,0.96,20251031_068_pol_pro_Ran_ado_2025_6_Colorado2025_x012288_y006656
Unknown_Sample,20251031_068_pol_pro_Ran_ado_2025_6_Colorado2025.czi,Ran_ado,204.7,12797.0,6661.0,33,12,76.63,0.932,20251031_068_pol_pro_Ran_ado_2025_6_Colorado2025_x012288_y006656
Unknown_Sample,20251031_068_pol_pro_Ran_ado_2025_6_Colorado2025.czi,Ran_ado,771.09,13403.0,6863.0,36,35,120.43,0.96,20251031_068_pol_pro_Ran_ado_2025_6_Colorado2025_x012800_y006656
Unknown_Sample,20251031_068_pol_pro_Ran_ado_2025_6_Colorado2025.czi,Ran_ado,616.41,12816.0,7007.0,32,31,105.6,0.957,20251031_068_pol_pro_Ran_ado_2025_6_Colorado2025_x012800_y006656
Unknown_Sample,20251031_068_pol_pro_Ran_ado_2025_6_Colorado2025.czi,Ran_ado,593.71,12996.0,6899.0,36,28,105.84,0.951,20251031_068_pol_pro_Ran_ado_2025_6_Colorado2025_x012800_y006656
Unknown_Sample,20251031_068_pol_pro_Ran_ado_2025_6_Colorado2025.czi,Ran_ado,70.03,12806.0,6660.0,14,11,41.31,0.924,20251031_068_pol_pro_Ran_ado_2025_6_Colorado2025_x012800_y006656
Unknown_Sample,20251031_068_pol_pro_Ran_ado_2025_6_Colorado2025.czi,Ran_ado,966.94,13473.0,6697.0,41,39,133.15,0.961,20251031_068_pol_pro_Ran_ado_2025_6_Colorado2025_x013312_y006656
Unknown_Sample,20251031_068_pol_pro_Ran_ado_2025_6_Colorado2025.czi,Ran_ado,772.63,13403.0,6863.0,36,35,120.43,0.96,20251031_068_pol_pro_Ran_ado_2025_6_Colorado2025_x013312_y006656
Unknown_Sample,20251031_068_pol_pro_Ran_ado_2025_6_Colorado2025.czi,Ran_ado,687.98,13715.0,6733.0,36,32,113.25,0.958,20251031_068_pol_pro_Ran_ado_2025_6_Colorado2025_x013312_y006656
Unknown_Sample,20251031_068_pol_pro_Ran_ado_2025_6_Colorado2025.czi,Ran_ado,1066.6,14343.0,6933.0,41,43,139.4,0.968,20251031_068_pol_pro_Ran_ado_2025_6_Colorado2025_x013824_y006656
Unknown_Sample,20251031_068_pol_pro_Ran_ado_2025_6_Colorado2025.czi,Ran_ado,991.18,14022.0,7029.0,38,43,136.91,0.965,20251031_068_pol_pro_Ran_ado_2025_6_Colorado2025_x013824_y006656
Unknown_Sample,20251031_068_pol_pro_Ran_ado_2025_6_Colorado2025.czi,Ran_ado,740.7,14348.0,6932.0,28,43,125.7,0.96,20251031_068_pol_pro_Ran_ado_2025_6_Colorado2025_x014336_y006656
Unknown_Sample,20251031_068_pol_pro_Ran_ado_2025_6_Colorado2025.czi,Ran_ado,745.31,15033.0,7134.0,33,37,115.5,0.964,20251031_068_pol_pro_Ran_ado_2025_6_Colorado2025_x014848_y006656
Unknown_Sample,20251031_068_pol_pro_Ran_ado_2025_6_Colorado2025.czi,Ran_ado,600.64,15246.0,7220.0,33,31,104.67,0.962,20251031_068_pol_pro_Ran_ado_2025_6_Colorado2025_x014848_y006656
Unknown_Sample,20251031_068_pol_pro_Ran_ado_2025_6_Colorado2025.czi,Ran_ado,613.33,15281.0,7248.0,33,30,105.6,0.962,20251031_068_pol_pro_Ran_ado_2025_6_Colorado2025_x014848_y006656
Unknown_Sample,20251031_068_pol_pro_Ran_ado_2025_6_Colorado2025.czi,Ran_ado,417.48,15409.0,6904.0,33,21,90.53,0.938,20251031_068_pol_pro_Ran_ado_2025_6_Colorado2025_x014848_y006656
Unknown_Sample,20251031_068_pol_pro_Ran_ado_2025_6_Colorado2025.czi,Ran_ado,417.48,15409.0,6904.0,33,21,90.53,0.937,20251031_068_pol_pro_Ran_ado_2025_6_Colorado2025_x015360_y006656
Unknown_Sample,20251031_068_pol_pro_Ran_ado_2025_6_Colorado2025.czi,Ran_ado,418.64,16666.0,6978.0,27,26,89.11,0.952,20251031_068_pol_pro_Ran_ado_2025_6_Colorado2025_x016384_y006656
Unknown_Sample,20251031_068_pol_pro_Ran_ado_2025_6_Colorado2025.czi,Ran_ado,303.59,1521.0,7177.0,25,20,78.38,0.924,20251031_068_pol_pro_Ran_ado_2025_6_Colorado2025_x001024_y007168
Unknown_Sample,20251031_068_pol_pro_Ran_ado_2025_6_Colorado2025.czi,Ran_ado,622.57,1789.0,7705.0,31,34,107.25,0.958,20251031_068_pol_pro_Ran_ado_2025_6_Colorado2025_x001536_y007168
Unknown_Sample,20251031_068_pol_pro_Ran_ado_2025_6_Colorado2025.czi,Ran_ado,388.62,1891.0,7467.0,27,24,85.11,0.951,20251031_068_pol_pro_Ran_ado_2025_6_Colorado2025_x001536_y007168
Unknown_Sample,20251031_068_pol_pro_Ran_ado_2025_6_Colorado2025.czi,Ran_ado,542.54,2730.0,7385.0,33,26,101.11,0.96,20251031_068_pol_pro_Ran_ado_2025_6_Colorado2025_x002560_y007168
Unknown_Sample,20251031_068_pol_pro_Ran_ado_2025_6_Colorado2025.czi,Ran_ado,569.08,2891.0,7681.0,34,30,104.67,0.956,20251031_068_pol_pro_Ran_ado_2025_6_Colorado2025_x002560_y007168
Unknown_Sample,20251031_068_pol_pro_Ran_ado_2025_6_Colorado2025.czi,Ran_ado,450.96,2707.0,7323.0,24,30,92.28,0.954,20251031_068_pol_pro_Ran_ado_2025_6_Colorado2025_x002560_y007168
Unknown_Sample,20251031_068_pol_pro_Ran_ado_2025_6_Colorado2025.czi,Ran_ado,546.38,3339.0,7236.0,29,32,100.43,0.962,20251031_068_pol_pro_Ran_ado_2025_6_Colorado2025_x003072_y007168
Unknown_Sample,20251031_068_pol_pro_Ran_ado_2025_6_Colorado2025.czi,Ran_ado,385.16,3433.0,7663.0,26,24,84.87,0.951,20251031_068_pol_pro_Ran_ado_2025_6_Colorado2025_x003072_y007168
Unknown_Sample,20251031_068_pol_pro_Ran_ado_2025_6_Colorado2025.czi,Ran_ado,169.3,3507.0,7801.0,22,12,61.66,0.884,20251031_068_pol_pro_Ran_ado_2025_6_Colorado2025_x003072_y007168
Unknown_Sample,20251031_068_pol_pro_Ran_ado_2025_6_Colorado2025.czi,Ran_ado,674.13,3925.0,7404.0,36,31,113.6,0.965,20251031_068_pol_pro_Ran_ado_2025_6_Colorado2025_x003584_y007168
Unknown_Sample,20251031_068_pol_pro_Ran_ado_2025_6_Colorado2025.czi,Ran_ado,621.41,3759.0,7783.0,32,33,109.01,0.961,20251031_068_pol_pro_Ran_ado_2025_6_Colorado2025_x003584_y007168
Unknown_Sample,20251031_068_pol_pro_Ran_ado_2025_6_Colorado2025.czi,Ran_ado,584.48,3870.0,7229.0,34,29,103.84,0.961,20251031_068_pol_pro_Ran_ado_2025_6_Colorado2025_x003584_y007168
Unknown_Sample,20251031_068_pol_pro_Ran_ado_2025_6_Colorado2025.czi,Ran_ado,605.64,4191.0,7237.0,31,32,105.6,0.959,20251031_068_pol_pro_Ran_ado_2025_6_Colorado2025_x003584_y007168
Unknown_Sample,20251031_068_pol_pro_Ran_ado_2025_6_Colorado2025.czi,Ran_ado,383.24,3993.0,7177.0,33,19,91.8,0.958,20251031_068_pol_pro_Ran_ado_2025_6_Colorado2025_x003584_y007168
Unknown_Sample,20251031_068_pol_pro_Ran_ado_2025_6_Colorado2025.czi,Ran_ado,624.11,3900.0,7775.0,35,31,109.25,0.956,20251031_068_pol_pro_Ran_ado_2025_6_Colorado2025_x003584_y007168
Unknown_Sample,20251031_068_pol_pro_Ran_ado_2025_6_Colorado2025.czi,Ran_ado,241.26,4218.0,7278.0,11,39,87.21,0.865,20251031_068_pol_pro_Ran_ado_2025_6_Colorado2025_x003584_y007168
Unknown_Sample,20251031_068_pol_pro_Ran_ado_2025_6_Colorado2025.czi,Ran_ado,686.06,4226.0,7279.0,29,40,114.67,0.963,20251031_068_pol_pro_Ran_ado_2025_6_Colorado2025_x004096_y007168
Unknown_Sample,20251031_068_pol_pro_Ran_ado_2025_6_Colorado2025.czi,Ran_ado,543.3,4427.0,7635.0,31,28,98.77,0.961,20251031_068_pol_pro_Ran_ado_2025_6_Colorado2025_x004096_y007168
Unknown_Sample,20251031_068_pol_pro_Ran_ado_2025_6_Colorado2025.czi,Ran_ado,605.64,4191.0,7237.0,31,32,105.6,0.96,20251031_068_pol_pro_Ran_ado_2025_6_Colorado2025_x004096_y007168
Unknown_Sample,20251031_068_pol_pro_Ran_ado_2025_6_Colorado2025.czi,Ran_ado,530.22,4485.0,7744.0,28,30,97.94,0.959,20251031_068_pol_pro_Ran_ado_2025_6_Colorado2025_x004096_y007168
Unknown_Sample,20251031_068_pol_pro_Ran_ado_2025_6_Colorado2025.czi,Ran_ado,711.07,4892.0,7580.0,36,33,115.25,0.963,20251031_068_pol_pro_Ran_ado_2025_6_Colorado2025_x004608_y007168
Unknown_Sample,20251031_068_pol_pro_Ran_ado_2025_6_Colorado2025.czi,Ran_ado,576.4,5161.0,7274.0,32,31,104.43,0.96,20251031_068_pol_pro_Ran_ado_2025_6_Colorado2025_x004608_y007168
Unknown_Sample,20251031_068_pol_pro_Ran_ado_2025_6_Colorado2025.czi,Ran_ado,641.81,5066.0,7191.0,33,31,109.94,0.958,20251031_068_pol_pro_Ran_ado_2025_6_Colorado2025_x004608_y007168
Unknown_Sample,20251031_068_pol_pro_Ran_ado_2025_6_Colorado2025.czi,Ran_ado,547.54,4903.0,7669.0,32,29,101.01,0.954,20251031_068_pol_pro_Ran_ado_2025_6_Colorado2025_x004608_y007168
Unknown_Sample,20251031_068_pol_pro_Ran_ado_2025_6_Colorado2025.czi,Ran_ado,338.22,5235.0,7276.0,23,23,81.56,0.916,20251031_068_pol_pro_Ran_ado_2025_6_Colorado2025_x004608_y007168
Unknown_Sample,20251031_068_pol_pro_Ran_ado_2025_6_Colorado2025.czi,Ran_ado,499.44,5467.0,7550.0,31,27,96.77,0.961,20251031_068_pol_pro_Ran_ado_2025_6_Colorado2025_x005120_y007168
Unknown_Sample,20251031_068_pol_pro_Ran_ado_2025_6_Colorado2025.czi,Ran_ado,574.86,5161.0,7274.0,32,31,104.43,0.96,20251031_068_pol_pro_Ran_ado_2025_6_Colorado2025_x005120_y007168
Unknown_Sample,20251031_068_pol_pro_Ran_ado_2025_6_Colorado2025.czi,Ran_ado,561.0,5293.0,7239.0,31,30,101.6,0.96,20251031_068_pol_pro_Ran_ado_2025_6_Colorado2025_x005120_y007168
Unknown_Sample,20251031_068_pol_pro_Ran_ado_2025_6_Colorado2025.czi,Ran_ado,750.31,5739.0,7525.0,32,39,118.08,0.957,20251031_068_pol_pro_Ran_ado_2025_6_Colorado2025_x005120_y007168
Unknown_Sample,20251031_068_pol_pro_Ran_ado_2025_6_Colorado2025.czi,Ran_ado,379.77,5696.0,7783.0,24,27,84.53,0.953,20251031_068_pol_pro_Ran_ado_2025_6_Colorado2025_x005120_y007168
Unknown_Sample,20251031_068_pol_pro_Ran_ado_2025_6_Colorado2025.czi,Ran_ado,363.23,5270.0,7345.0,25,24,82.28,0.953,20251031_068_pol_pro_Ran_ado_2025_6_Colorado2025_x005120_y007168
Unknown_Sample,20251031_068_pol_pro_Ran_ado_2025_6_Colorado2025.czi,Ran_ado,346.68,5235.0,7275.0,23,24,81.21,0.938,20251031_068_pol_pro_Ran_ado_2025_6_Colorado2025_x005120_y007168
Unknown_Sample,20251031_068_pol_pro_Ran_ado_2025_6_Colorado2025.czi,Ran_ado,749.55,5739.0,7525.0,32,39,118.08,0.96,20251031_068_pol_pro_Ran_ado_2025_6_Colorado2025_x005632_y007168
Unknown_Sample,20251031_068_pol_pro_Ran_ado_2025_6_Colorado2025.czi,Ran_ado,666.82,5766.0,7767.0,32,34,109.84,0.96,20251031_068_pol_pro_Ran_ado_2025_6_Colorado2025_x005632_y007168
Unknown_Sample,20251031_068_pol_pro_Ran_ado_2025_6_Colorado2025.czi,Ran_ado,563.31,5859.0,7770.0,29,33,102.43,0.959,20251031_068_pol_pro_Ran_ado_2025_6_Colorado2025_x005632_y007168
Unknown_Sample,20251031_068_pol_pro_Ran_ado_2025_6_Colorado2025.czi,Ran_ado,379.01,5696.0,7783.0,24,27,84.53,0.954,20251031_068_pol_pro_Ran_ado_2025_6_Colorado2025_x005632_y007168
Unknown_Sample,20251031_068_pol_pro_Ran_ado_2025_6_Colorado2025.czi,Ran_ado,344.38,5909.0,7641.0,26,24,81.36,0.941,20251031_068_pol_pro_Ran_ado_2025_6_Colorado2025_x005632_y007168
Unknown_Sample,20251031_068_pol_pro_Ran_ado_2025_6_Colorado2025.czi,Ran_ado,573.7,6652.0,7499.0,31,31,101.84,0.964,20251031_068_pol_pro_Ran_ado_2025_6_Colorado2025_x006144_y007168
Unknown_Sample,20251031_068_pol_pro_Ran_ado_2025_6_Colorado2025.czi,Ran_ado,681.44,6864.0,7184.0,33,33,112.18,0.971,20251031_068_pol_pro_Ran_ado_2025_6_Colorado2025_x006656_y007168
Unknown_Sample,20251031_068_pol_pro_Ran_ado_2025_6_Colorado2025.czi,Ran_ado,706.83,6920.0,7349.0,35,33,116.18,0.965,20251031_068_pol_pro_Ran_ado_2025_6_Colorado2025_x006656_y007168
Unknown_Sample,20251031_068_pol_pro_Ran_ado_2025_6_Colorado2025.czi,Ran_ado,387.85,7187.0,7507.0,25,26,86.28,0.953,20251031_068_pol_pro_Ran_ado_2025_6_Colorado2025_x006656_y007168
Unknown_Sample,20251031_068_pol_pro_Ran_ado_2025_6_Colorado2025.czi,Ran_ado,180.46,6661.0,7498.0,12,29,69.21,0.946,20251031_068_pol_pro_Ran_ado_2025_6_Colorado2025_x006656_y007168
Unknown_Sample,20251031_068_pol_pro_Ran_ado_2025_6_Colorado2025.czi,Ran_ado,350.92,7019.0,7346.0,22,26,80.28,0.921,20251031_068_pol_pro_Ran_ado_2025_6_Colorado2025_x006656_y007168
Unknown_Sample,20251031_068_pol_pro_Ran_ado_2025_6_Colorado2025.czi,Ran_ado,632.57,7700.0,7475.0,33,32,108.43,0.965,20251031_068_pol_pro_Ran_ado_2025_6_Colorado2025_x007168_y007168
Unknown_Sample,20251031_068_pol_pro_Ran_ado_2025_6_Colorado2025.czi,Ran_ado,797.64,7564.0,7656.0,38,36,122.33,0.963,20251031_068_pol_pro_Ran_ado_2025_6_Colorado2025_x007168_y007168
Unknown_Sample,20251031_068_pol_pro_Ran_ado_2025_6_Colorado2025.czi,Ran_ado,620.64,7680.0,7382.0,32,32,107.01,0.963,20251031_068_pol_pro_Ran_ado_2025_6_Colorado2025_x007168_y007168
Unknown_Sample,20251031_068_pol_pro_Ran_ado_2025_6_Colorado2025.czi,Ran_ado,463.66,7593.0,7573.0,27,29,92.18,0.956,20251031_068_pol_pro_Ran_ado_2025_6_Colorado2025_x007168_y007168
Unknown_Sample,20251031_068_pol_pro_Ran_ado_2025_6_Colorado2025.czi,Ran_ado,388.62,7187.0,7507.0,25,26,86.28,0.951,20251031_068_pol_pro_Ran_ado_2025_6_Colorado2025_x007168_y007168
Unknown_Sample,20251031_068_pol_pro_Ran_ado_2025_6_Colorado2025.czi,Ran_ado,734.15,7826.0,7449.0,33,36,115.25,0.965,20251031_068_pol_pro_Ran_ado_2025_6_Colorado2025_x007680_y007168
Unknown_Sample,20251031_068_pol_pro_Ran_ado_2025_6_Colorado2025.czi,Ran_ado,617.18,7700.0,7475.0,33,31,107.6,0.964,20251031_068_pol_pro_Ran_ado_2025_6_Colorado2025_x007680_y007168
Unknown_Sample,20251031_068_pol_pro_Ran_ado_2025_6_Colorado2025.czi,Ran_ado,843.82,7963.0,7605.0,37,37,124.67,0.962,20251031_068_pol_pro_Ran_ado_2025_6_Colorado2025_x007680_y007168
Unknown_Sample,20251031_068_pol_pro_Ran_ado_2025_6_Colorado2025.czi,Ran_ado,616.41,8153.0,7211.0,34,30,106.43,0.961,20251031_068_pol_pro_Ran_ado_2025_6_Colorado2025_x007680_y007168
Unknown_Sample,20251031_068_pol_pro_Ran_ado_2025_6_Colorado2025.czi,Ran_ado,571.39,8294.0,7199.0,30,32,103.01,0.958,20251031_068_pol_pro_Ran_ado_2025_6_Colorado2025_x007680_y007168
Unknown_Sample,20251031_068_pol_pro_Ran_ado_2025_6_Colorado2025.czi,Ran_ado,448.65,7817.0,7554.0,27,27,91.11,0.958,20251031_068_pol_pro_Ran_ado_2025_6_Colorado2025_x007680_y007168
Unknown_Sample,20251031_068_pol_pro_Ran_ado_2025_6_Colorado2025.czi,Ran_ado,290.89,7687.0,7381.0,16,32,83.8,0.952,20251031_068_pol_pro_Ran_ado_2025_6_Colorado2025_x007680_y007168
Unknown_Sample,20251031_068_pol_pro_Ran_ado_2025_6_Colorado2025.czi,Ran_ado,619.88,8401.0,7487.0,35,29,108.18,0.964,20251031_068_pol_pro_Ran_ado_2025_6_Colorado2025_x008192_y007168
Unknown_Sample,20251031_068_pol_pro_Ran_ado_2025_6_Colorado2025.czi,Ran_ado,683.75,8383.0,7761.0,35,32,111.84,0.963,20251031_068_pol_pro_Ran_ado_2025_6_Colorado2025_x008192_y007168
Unknown_Sample,20251031_068_pol_pro_Ran_ado_2025_6_Colorado2025.czi,Ran_ado,565.62,8294.0,7199.0,30,32,102.43,0.959,20251031_068_pol_pro_Ran_ado_2025_6_Colorado2025_x008192_y007168
Unknown_Sample,20251031_068_pol_pro_Ran_ado_2025_6_Colorado2025.czi,Ran_ado,389.01,8354.0,7260.0,26,25,86.87,0.942,20251031_068_pol_pro_Ran_ado_2025_6_Colorado2025_x008192_y007168
Unknown_Sample,20251031_068_pol_pro_Ran_ado_2025_6_Colorado2025.czi,Ran_ado,896.53,9575.0,7644.0,41,36,128.91,0.962,20251031_068_pol_pro_Ran_ado_2025_6_Colorado2025_x009216_y007168
Unknown_Sample,20251031_068_pol_pro_Ran_ado_2025_6_Colorado2025.czi,Ran_ado,580.63,9375.0,7279.0,32,30,103.01,0.96,20251031_068_pol_pro_Ran_ado_2025_6_Colorado2025_x009216_y007168
Unknown_Sample,20251031_068_pol_pro_Ran_ado_2025_6_Colorado2025.czi,Ran_ado,513.29,9621.0,7472.0,30,31,99.25,0.954,20251031_068_pol_pro_Ran_ado_2025_6_Colorado2025_x009216_y007168
Unknown_Sample,20251031_068_pol_pro_Ran_ado_2025_6_Colorado2025.czi,Ran_ado,645.66,10195.0,7338.0,34,31,108.43,0.963,20251031_068_pol_pro_Ran_ado_2025_6_Colorado2025_x009728_y007168
Unknown_Sample,20251031_068_pol_pro_Ran_ado_2025_6_Colorado2025.czi,Ran_ado,388.62,10337.0,7400.0,26,28,87.6,0.904,20251031_068_pol_pro_Ran_ado_2025_6_Colorado2025_x009728_y007168
Unknown_Sample,20251031_068_pol_pro_Ran_ado_2025_6_Colorado2025.czi,Ran_ado,807.65,10607.0,7421.0,37,36,121.5,0.967,20251031_068_pol_pro_Ran_ado_2025_6_Colorado2025_x010240_y007168
Unknown_Sample,20251031_068_pol_pro_Ran_ado_2025_6_Colorado2025.czi,Ran_ado,717.61,10376.0,7368.0,37,33,115.5,0.95,20251031_068_pol_pro_Ran_ado_2025_6_Colorado2025_x010240_y007168
Unknown_Sample,20251031_068_pol_pro_Ran_ado_2025_6_Colorado2025.czi,Ran_ado,1030.82,10415.0,7370.0,41,44,138.47,0.938,20251031_068_pol_pro_Ran_ado_2025_6_Colorado2025_x010240_y007168
Unknown_Sample,20251031_068_pol_pro_Ran_ado_2025_6_Colorado2025.czi,Ran_ado,390.55,10337.0,7400.0,26,28,88.18,0.908,20251031_068_pol_pro_Ran_ado_2025_6_Colorado2025_x010240_y007168
Unknown_Sample,20251031_068_pol_pro_Ran_ado_2025_6_Colorado2025.czi,Ran_ado,679.52,11045.0,7739.0,37,31,112.08,0.964,20251031_068_pol_pro_Ran_ado_2025_6_Colorado2025_x010752_y007168
Unknown_Sample,20251031_068_pol_pro_Ran_ado_2025_6_Colorado2025.czi,Ran_ado,519.83,11064.0,7553.0,29,29,97.36,0.957,20251031_068_pol_pro_Ran_ado_2025_6_Colorado2025_x010752_y007168
Unknown_Sample,20251031_068_pol_pro_Ran_ado_2025_6_Colorado2025.czi,Ran_ado,517.91,11556.0,7326.0,29,30,99.94,0.959,20251031_068_pol_pro_Ran_ado_2025_6_Colorado2025_x011264_y007168
Unknown_Sample,20251031_068_pol_pro_Ran_ado_2025_6_Colorado2025.czi,Ran_ado,683.75,12112.0,7286.0,33,34,111.84,0.964,20251031_068_pol_pro_Ran_ado_2025_6_Colorado2025_x011776_y007168
Unknown_Sample,20251031_068_pol_pro_Ran_ado_2025_6_Colorado2025.czi,Ran_ado,879.6,12252.0,7570.0,42,35,127.74,0.962,20251031_068_pol_pro_Ran_ado_2025_6_Colorado2025_x011776_y007168
Unknown_Sample,20251031_068_pol_pro_Ran_ado_2025_6_Colorado2025.czi,Ran_ado,478.66,12401.0,7590.0,27,29,95.11,0.947,20251031_068_pol_pro_Ran_ado_2025_6_Colorado2025_x011776_y007168
Unknown_Sample,20251031_068_pol_pro_Ran_ado_2025_6_Colorado2025.czi,Ran_ado,341.3,12408.0,7315.0,15,38,93.21,0.898,20251031_068_pol_pro_Ran_ado_2025_6_Colorado2025_x011776_y007168
Unknown_Sample,20251031_068_pol_pro_Ran_ado_2025_6_Colorado2025.czi,Ran_ado,912.69,12418.0,7314.0,38,40,129.74,0.965,20251031_068_pol_pro_Ran_ado_2025_6_Colorado2025_x012288_y007168
Unknown_Sample,20251031_068_pol_pro_Ran_ado_2025_6_Colorado2025.czi,Ran_ado,795.33,12471.0,7505.0,39,34,121.5,0.965,20251031_068_pol_pro_Ran_ado_2025_6_Colorado2025_x012288_y007168
Unknown_Sample,20251031_068_pol_pro_Ran_ado_2025_6_Colorado2025.czi,Ran_ado,860.36,12877.0,7616.0,42,34,126.91,0.961,20251031_068_pol_pro_Ran_ado_2025_6_Colorado2025_x012288_y007168
Unknown_Sample,20251031_068_pol_pro_Ran_ado_2025_6_Colorado2025.czi,Ran_ado,509.44,12402.0,7590.0,31,29,98.43,0.958,20251031_068_pol_pro_Ran_ado_2025_6_Colorado2025_x012288_y007168
Unknown_Sample,20251031_068_pol_pro_Ran_ado_2025_6_Colorado2025.czi,Ran_ado,666.43,12866.0,7664.0,35,32,110.08,0.957,20251031_068_pol_pro_Ran_ado_2025_6_Colorado2025_x012288_y007168
Unknown_Sample,20251031_068_pol_pro_Ran_ado_2025_6_Colorado2025.czi,Ran_ado,859.59,12877.0,7616.0,42,34,126.91,0.961,20251031_068_pol_pro_Ran_ado_2025_6_Colorado2025_x012800_y007168
Unknown_Sample,20251031_068_pol_pro_Ran_ado_2025_6_Colorado2025.czi,Ran_ado,502.13,13328.0,7512.0,27,31,97.36,0.96,20251031_068_pol_pro_Ran_ado_2025_6_Colorado2025_x012800_y007168
Unknown_Sample,20251031_068_pol_pro_Ran_ado_2025_6_Colorado2025.czi,Ran_ado,666.43,12866.0,7664.0,35,32,110.08,0.957,20251031_068_pol_pro_Ran_ado_2025_6_Colorado2025_x012800_y007168
Unknown_Sample,20251031_068_pol_pro_Ran_ado_2025_6_Colorado2025.czi,Ran_ado,524.07,13595.0,7400.0,32,28,99.6,0.961,20251031_068_pol_pro_Ran_ado_2025_6_Colorado2025_x013312_y007168
Unknown_Sample,20251031_068_pol_pro_Ran_ado_2025_6_Colorado2025.czi,Ran_ado,645.66,13600.0,7579.0,36,30,109.25,0.959,20251031_068_pol_pro_Ran_ado_2025_6_Colorado2025_x013312_y007168
Unknown_Sample,20251031_068_pol_pro_Ran_ado_2025_6_Colorado2025.czi,Ran_ado,502.9,13328.0,7512.0,27,31,98.53,0.958,20251031_068_pol_pro_Ran_ado_2025_6_Colorado2025_x013312_y007168
Unknown_Sample,20251031_068_pol_pro_Ran_ado_2025_6_Colorado2025.czi,Ran_ado,831.5,14081.0,7625.0,35,40,124.33,0.962,20251031_068_pol_pro_Ran_ado_2025_6_Colorado2025_x013824_y007168
Unknown_Sample,20251031_068_pol_pro_Ran_ado_2025_6_Colorado2025.czi,Ran_ado,686.06,14329.0,7693.0,32,35,113.01,0.959,20251031_068_pol_pro_Ran_ado_2025_6_Colorado2025_x013824_y007168
Unknown_Sample,20251031_068_pol_pro_Ran_ado_2025_6_Colorado2025.czi,Ran_ado,602.18,15246.0,7220.0,33,31,104.67,0.963,20251031_068_pol_pro_Ran_ado_2025_6_Colorado2025_x014848_y007168
Unknown_Sample,20251031_068_pol_pro_Ran_ado_2025_6_Colorado2025.czi,Ran_ado,614.87,15281.0,7248.0,33,30,105.6,0.961,20251031_068_pol_pro_Ran_ado_2025_6_Colorado2025_x014848_y007168
Unknown_Sample,20251031_068_pol_pro_Ran_ado_2025_6_Colorado2025.czi,Ran_ado,754.93,15468.0,7669.0,36,34,118.43,0.956,20251031_068_pol_pro_Ran_ado_2025_6_Colorado2025_x014848_y007168
Unknown_Sample,20251031_068_pol_pro_Ran_ado_2025_6_Colorado2025.czi,Ran_ado,198.93,15481.0,7713.0,13,26,67.56,0.882,20251031_068_pol_pro_Ran_ado_2025_6_Colorado2025_x014848_y007168
Unknown_Sample,20251031_068_pol_pro_Ran_ado_2025_6_Colorado2025.czi,Ran_ado,602.18,15491.0,7712.0,34,29,105.01,0.962,20251031_068_pol_pro_Ran_ado_2025_6_Colorado2025_x015360_y007168
Unknown_Sample,20251031_068_pol_pro_Ran_ado_2025_6_Colorado2025.czi,Ran_ado,753.01,15468.0,7669.0,36,34,117.84,0.962,20251031_068_pol_pro_Ran_ado_2025_6_Colorado2025_x015360_y007168
Unknown_Sample,20251031_068_pol_pro_Ran_ado_2025_6_Colorado2025.czi,Ran_ado,687.98,15646.0,7614.0,32,35,113.6,0.961,20251031_068_pol_pro_Ran_ado_2025_6_Colorado2025_x015360_y007168
Unknown_Sample,20251031_068_pol_pro_Ran_ado_2025_6_Colorado2025.czi,Ran_ado,263.57,1453.0,7975.0,20,22,70.04,0.892,20251031_068_pol_pro_Ran_ado_2025_6_Colorado2025_x001024_y007680
Unknown_Sample,20251031_068_pol_pro_Ran_ado_2025_6_Colorado2025.czi,Ran_ado,622.57,1789.0,7705.0,31,34,107.25,0.958,20251031_068_pol_pro_Ran_ado_2025_6_Colorado2025_x001536_y007680
Unknown_Sample,20251031_068_pol_pro_Ran_ado_2025_6_Colorado2025.czi,Ran_ado,400.55,1824.0,8091.0,27,27,90.53,0.945,20251031_068_pol_pro_Ran_ado_2025_6_Colorado2025_x001536_y007680
Unknown_Sample,20251031_068_pol_pro_Ran_ado_2025_6_Colorado2025.czi,Ran_ado,529.84,2483.0,7815.0,30,29,99.36,0.96,20251031_068_pol_pro_Ran_ado_2025_6_Colorado2025_x002048_y007680
Unknown_Sample,20251031_068_pol_pro_Ran_ado_2025_6_Colorado2025.czi,Ran_ado,409.79,2593.0,8215.0,29,23,88.87,0.953,20251031_068_pol_pro_Ran_ado_2025_6_Colorado2025_x002048_y007680
Unknown_Sample,20251031_068_pol_pro_Ran_ado_2025_6_Colorado2025.czi,Ran_ado,589.86,3168.0,7871.0,30,32,104.18,0.959,20251031_068_pol_pro_Ran_ado_2025_6_Colorado2025_x002560_y007680
Unknown_Sample,20251031_068_pol_pro_Ran_ado_2025_6_Colorado2025.czi,Ran_ado,412.1,2593.0,8215.0,29,23,88.87,0.952,20251031_068_pol_pro_Ran_ado_2025_6_Colorado2025_x002560_y007680
Unknown_Sample,20251031_068_pol_pro_Ran_ado_2025_6_Colorado2025.czi,Ran_ado,297.05,2891.0,7687.0,34,17,86.28,0.939,20251031_068_pol_pro_Ran_ado_2025_6_Colorado2025_x002560_y007680
Unknown_Sample,20251031_068_pol_pro_Ran_ado_2025_6_Colorado2025.czi,Ran_ado,372.46,3415.0,8263.0,24,25,82.28,0.961,20251031_068_pol_pro_Ran_ado_2025_6_Colorado2025_x003072_y007680
Unknown_Sample,20251031_068_pol_pro_Ran_ado_2025_6_Colorado2025.czi,Ran_ado,589.86,3168.0,7871.0,30,32,104.18,0.958,20251031_068_pol_pro_Ran_ado_2025_6_Colorado2025_x003072_y007680
Unknown_Sample,20251031_068_pol_pro_Ran_ado_2025_6_Colorado2025.czi,Ran_ado,227.02,3507.0,7803.0,23,18,68.63,0.932,20251031_068_pol_pro_Ran_ado_2025_6_Colorado2025_x003072_y007680
Unknown_Sample,20251031_068_pol_pro_Ran_ado_2025_6_Colorado2025.czi,Ran_ado,619.11,3759.0,7783.0,32,32,108.18,0.96,20251031_068_pol_pro_Ran_ado_2025_6_Colorado2025_x003584_y007680
Unknown_Sample,20251031_068_pol_pro_Ran_ado_2025_6_Colorado2025.czi,Ran_ado,600.25,3975.0,7952.0,33,29,105.94,0.96,20251031_068_pol_pro_Ran_ado_2025_6_Colorado2025_x003584_y007680
Unknown_Sample,20251031_068_pol_pro_Ran_ado_2025_6_Colorado2025.czi,Ran_ado,572.55,3962.0,8286.0,31,30,103.94,0.959,20251031_068_pol_pro_Ran_ado_2025_6_Colorado2025_x003584_y007680
Unknown_Sample,20251031_068_pol_pro_Ran_ado_2025_6_Colorado2025.czi,Ran_ado,623.34,3900.0,7775.0,35,31,109.25,0.956,20251031_068_pol_pro_Ran_ado_2025_6_Colorado2025_x003584_y007680
Unknown_Sample,20251031_068_pol_pro_Ran_ado_2025_6_Colorado2025.czi,Ran_ado,429.03,3818.0,7843.0,26,27,88.53,0.952,20251031_068_pol_pro_Ran_ado_2025_6_Colorado2025_x003584_y007680
Unknown_Sample,20251031_068_pol_pro_Ran_ado_2025_6_Colorado2025.czi,Ran_ado,472.12,3940.0,7974.0,29,27,95.7,0.947,20251031_068_pol_pro_Ran_ado_2025_6_Colorado2025_x003584_y007680
Unknown_Sample,20251031_068_pol_pro_Ran_ado_2025_6_Colorado2025.czi,Ran_ado,547.15,4379.0,7870.0,31,29,99.6,0.961,20251031_068_pol_pro_Ran_ado_2025_6_Colorado2025_x004096_y007680
Unknown_Sample,20251031_068_pol_pro_Ran_ado_2025_6_Colorado2025.czi,Ran_ado,530.22,4485.0,7744.0,28,30,97.94,0.959,20251031_068_pol_pro_Ran_ado_2025_6_Colorado2025_x004096_y007680
Unknown_Sample,20251031_068_pol_pro_Ran_ado_2025_6_Colorado2025.czi,Ran_ado,587.55,5177.0,8104.0,33,29,104.18,0.958,20251031_068_pol_pro_Ran_ado_2025_6_Colorado2025_x004608_y007680
Unknown_Sample,20251031_068_pol_pro_Ran_ado_2025_6_Colorado2025.czi,Ran_ado,768.78,5220.0,7967.0,37,35,120.08,0.949,20251031_068_pol_pro_Ran_ado_2025_6_Colorado2025_x004608_y007680
Unknown_Sample,20251031_068_pol_pro_Ran_ado_2025_6_Colorado2025.czi,Ran_ado,421.33,5232.0,7999.0,26,26,88.87,0.918,20251031_068_pol_pro_Ran_ado_2025_6_Colorado2025_x004608_y007680
Unknown_Sample,20251031_068_pol_pro_Ran_ado_2025_6_Colorado2025.czi,Ran_ado,738.39,5687.0,8190.0,34,36,115.5,0.962,20251031_068_pol_pro_Ran_ado_2025_6_Colorado2025_x005120_y007680
Unknown_Sample,20251031_068_pol_pro_Ran_ado_2025_6_Colorado2025.czi,Ran_ado,608.72,5569.0,8116.0,33,33,109.25,0.96,20251031_068_pol_pro_Ran_ado_2025_6_Colorado2025_x005120_y007680
Unknown_Sample,20251031_068_pol_pro_Ran_ado_2025_6_Colorado2025.czi,Ran_ado,586.78,5177.0,8104.0,33,29,104.18,0.958,20251031_068_pol_pro_Ran_ado_2025_6_Colorado2025_x005120_y007680
Unknown_Sample,20251031_068_pol_pro_Ran_ado_2025_6_Colorado2025.czi,Ran_ado,379.77,5696.0,7783.0,24,27,84.53,0.953,20251031_068_pol_pro_Ran_ado_2025_6_Colorado2025_x005120_y007680
Unknown_Sample,20251031_068_pol_pro_Ran_ado_2025_6_Colorado2025.czi,Ran_ado,750.31,5220.0,7967.0,37,35,122.91,0.945,20251031_068_pol_pro_Ran_ado_2025_6_Colorado2025_x005120_y007680
Unknown_Sample,20251031_068_pol_pro_Ran_ado_2025_6_Colorado2025.czi,Ran_ado,427.1,5232.0,7998.0,26,28,93.11,0.913,20251031_068_pol_pro_Ran_ado_2025_6_Colorado2025_x005120_y007680
Unknown_Sample,20251031_068_pol_pro_Ran_ado_2025_6_Colorado2025.czi,Ran_ado,683.36,6034.0,8155.0,37,31,112.08,0.962,20251031_068_pol_pro_Ran_ado_2025_6_Colorado2025_x005632_y007680
Unknown_Sample,20251031_068_pol_pro_Ran_ado_2025_6_Colorado2025.czi,Ran_ado,723.0,5687.0,8191.0,33,36,114.67,0.962,20251031_068_pol_pro_Ran_ado_2025_6_Colorado2025_x005632_y007680
Unknown_Sample,20251031_068_pol_pro_Ran_ado_2025_6_Colorado2025.czi,Ran_ado,765.32,6226.0,8053.0,34,38,119.5,0.961,20251031_068_pol_pro_Ran_ado_2025_6_Colorado2025_x005632_y007680
Unknown_Sample,20251031_068_pol_pro_Ran_ado_2025_6_Colorado2025.czi,Ran_ado,619.11,5844.0,8151.0,31,33,107.01,0.961,20251031_068_pol_pro_Ran_ado_2025_6_Colorado2025_x005632_y007680
Unknown_Sample,20251031_068_pol_pro_Ran_ado_2025_6_Colorado2025.czi,Ran_ado,667.2,5766.0,7767.0,32,34,110.43,0.96,20251031_068_pol_pro_Ran_ado_2025_6_Colorado2025_x005632_y007680
Unknown_Sample,20251031_068_pol_pro_Ran_ado_2025_6_Colorado2025.czi,Ran_ado,712.22,5984.0,8028.0,32,37,115.84,0.96,20251031_068_pol_pro_Ran_ado_2025_6_Colorado2025_x005632_y007680
Unknown_Sample,20251031_068_pol_pro_Ran_ado_2025_6_Colorado2025.czi,Ran_ado,564.08,5859.0,7770.0,29,33,102.43,0.959,20251031_068_pol_pro_Ran_ado_2025_6_Colorado2025_x005632_y007680
Unknown_Sample,20251031_068_pol_pro_Ran_ado_2025_6_Colorado2025.czi,Ran_ado,460.58,5871.0,8088.0,27,30,93.01,0.956,20251031_068_pol_pro_Ran_ado_2025_6_Colorado2025_x005632_y007680
Unknown_Sample,20251031_068_pol_pro_Ran_ado_2025_6_Colorado2025.czi,Ran_ado,379.77,5696.0,7783.0,24,27,84.53,0.954,20251031_068_pol_pro_Ran_ado_2025_6_Colorado2025_x005632_y007680
Unknown_Sample,20251031_068_pol_pro_Ran_ado_2025_6_Colorado2025.czi,Ran_ado,339.76,5847.0,7811.0,24,24,79.7,0.95,20251031_068_pol_pro_Ran_ado_2025_6_Colorado2025_x005632_y007680
Unknown_Sample,20251031_068_pol_pro_Ran_ado_2025_6_Colorado2025.czi,Ran_ado,429.41,5785.0,8158.0,27,29,90.43,0.947,20251031_068_pol_pro_Ran_ado_2025_6_Colorado2025_x005632_y007680
Unknown_Sample,20251031_068_pol_pro_Ran_ado_2025_6_Colorado2025.czi,Ran_ado,811.49,6413.0,7850.0,35,38,121.5,0.965,20251031_068_pol_pro_Ran_ado_2025_6_Colorado2025_x006144_y007680
Unknown_Sample,20251031_068_pol_pro_Ran_ado_2025_6_Colorado2025.czi,Ran_ado,765.32,6226.0,8053.0,34,38,119.5,0.962,20251031_068_pol_pro_Ran_ado_2025_6_Colorado2025_x006144_y007680
Unknown_Sample,20251031_068_pol_pro_Ran_ado_2025_6_Colorado2025.czi,Ran_ado,604.87,6941.0,8029.0,30,33,105.6,0.963,20251031_068_pol_pro_Ran_ado_2025_6_Colorado2025_x006656_y007680
Unknown_Sample,20251031_068_pol_pro_Ran_ado_2025_6_Colorado2025.czi,Ran_ado,469.43,7001.0,8120.0,28,27,93.11,0.962,20251031_068_pol_pro_Ran_ado_2025_6_Colorado2025_x006656_y007680
Unknown_Sample,20251031_068_pol_pro_Ran_ado_2025_6_Colorado2025.czi,Ran_ado,753.01,7184.0,8044.0,32,39,117.5,0.959,20251031_068_pol_pro_Ran_ado_2025_6_Colorado2025_x006656_y007680
Unknown_Sample,20251031_068_pol_pro_Ran_ado_2025_6_Colorado2025.czi,Ran_ado,549.85,7183.0,8278.0,29,32,101.01,0.955,20251031_068_pol_pro_Ran_ado_2025_6_Colorado2025_x006656_y007680
Unknown_Sample,20251031_068_pol_pro_Ran_ado_2025_6_Colorado2025.czi,Ran_ado,619.11,7090.0,8257.0,33,33,108.67,0.935,20251031_068_pol_pro_Ran_ado_2025_6_Colorado2025_x006656_y007680
Unknown_Sample,20251031_068_pol_pro_Ran_ado_2025_6_Colorado2025.czi,Ran_ado,717.99,7125.0,8265.0,36,33,114.08,0.923,20251031_068_pol_pro_Ran_ado_2025_6_Colorado2025_x006656_y007680
Unknown_Sample,20251031_068_pol_pro_Ran_ado_2025_6_Colorado2025.czi,Ran_ado,743.77,7184.0,8044.0,31,39,117.84,0.957,20251031_068_pol_pro_Ran_ado_2025_6_Colorado2025_x007168_y007680
Unknown_Sample,20251031_068_pol_pro_Ran_ado_2025_6_Colorado2025.czi,Ran_ado,558.31,7183.0,8278.0,29,32,102.18,0.952,20251031_068_pol_pro_Ran_ado_2025_6_Colorado2025_x007168_y007680
Unknown_Sample,20251031_068_pol_pro_Ran_ado_2025_6_Colorado2025.czi,Ran_ado,722.23,7977.0,8061.0,35,34,114.67,0.967,20251031_068_pol_pro_Ran_ado_2025_6_Colorado2025_x007680_y007680
Unknown_Sample,20251031_068_pol_pro_Ran_ado_2025_6_Colorado2025.czi,Ran_ado,818.04,8048.0,8119.0,37,36,124.43,0.964,20251031_068_pol_pro_Ran_ado_2025_6_Colorado2025_x007680_y007680
Unknown_Sample,20251031_068_pol_pro_Ran_ado_2025_6_Colorado2025.czi,Ran_ado,588.71,7890.0,7832.0,31,32,104.43,0.963,20251031_068_pol_pro_Ran_ado_2025_6_Colorado2025_x007680_y007680
Unknown_Sample,20251031_068_pol_pro_Ran_ado_2025_6_Colorado2025.czi,Ran_ado,684.52,8383.0,7760.0,35,32,111.84,0.963,20251031_068_pol_pro_Ran_ado_2025_6_Colorado2025_x008192_y007680
Unknown_Sample,20251031_068_pol_pro_Ran_ado_2025_6_Colorado2025.czi,Ran_ado,554.85,8578.0,8288.0,32,28,100.77,0.959,20251031_068_pol_pro_Ran_ado_2025_6_Colorado2025_x008192_y007680
Unknown_Sample,20251031_068_pol_pro_Ran_ado_2025_6_Colorado2025.czi,Ran_ado,592.17,8820.0,7838.0,24,38,110.04,0.932,20251031_068_pol_pro_Ran_ado_2025_6_Colorado2025_x008192_y007680
Unknown_Sample,20251031_068_pol_pro_Ran_ado_2025_6_Colorado2025.czi,Ran_ado,738.77,9013.0,8030.0,35,34,115.25,0.966,20251031_068_pol_pro_Ran_ado_2025_6_Colorado2025_x008704_y007680
Unknown_Sample,20251031_068_pol_pro_Ran_ado_2025_6_Colorado2025.czi,Ran_ado,763.01,8934.0,7896.0,37,34,117.5,0.964,20251031_068_pol_pro_Ran_ado_2025_6_Colorado2025_x008704_y007680
Unknown_Sample,20251031_068_pol_pro_Ran_ado_2025_6_Colorado2025.czi,Ran_ado,972.33,8827.0,7837.0,40,39,132.33,0.955,20251031_068_pol_pro_Ran_ado_2025_6_Colorado2025_x008704_y007680
Unknown_Sample,20251031_068_pol_pro_Ran_ado_2025_6_Colorado2025.czi,Ran_ado,812.26,9699.0,8206.0,37,37,122.33,0.962,20251031_068_pol_pro_Ran_ado_2025_6_Colorado2025_x009216_y007680
Unknown_Sample,20251031_068_pol_pro_Ran_ado_2025_6_Colorado2025.czi,Ran_ado,722.23,10234.0,7928.0,36,34,115.5,0.958,20251031_068_pol_pro_Ran_ado_2025_6_Colorado2025_x009728_y007680
Unknown_Sample,20251031_068_pol_pro_Ran_ado_2025_6_Colorado2025.czi,Ran_ado,784.94,10087.0,7881.0,38,35,119.74,0.951,20251031_068_pol_pro_Ran_ado_2025_6_Colorado2025_x009728_y007680
Unknown_Sample,20251031_068_pol_pro_Ran_ado_2025_6_Colorado2025.czi,Ran_ado,392.09,10249.0,8003.0,24,27,86.87,0.948,20251031_068_pol_pro_Ran_ado_2025_6_Colorado2025_x009728_y007680
Unknown_Sample,20251031_068_pol_pro_Ran_ado_2025_6_Colorado2025.czi,Ran_ado,483.28,10070.0,7909.0,28,29,94.77,0.931,20251031_068_pol_pro_Ran_ado_2025_6_Colorado2025_x009728_y007680
Unknown_Sample,20251031_068_pol_pro_Ran_ado_2025_6_Colorado2025.czi,Ran_ado,719.15,10845.0,7947.0,35,34,115.84,0.964,20251031_068_pol_pro_Ran_ado_2025_6_Colorado2025_x010240_y007680
Unknown_Sample,20251031_068_pol_pro_Ran_ado_2025_6_Colorado2025.czi,Ran_ado,721.07,10696.0,7958.0,37,32,115.25,0.963,20251031_068_pol_pro_Ran_ado_2025_6_Colorado2025_x010240_y007680
Unknown_Sample,20251031_068_pol_pro_Ran_ado_2025_6_Colorado2025.czi,Ran_ado,591.4,10850.0,8039.0,33,30,103.84,0.958,20251031_068_pol_pro_Ran_ado_2025_6_Colorado2025_x010240_y007680
Unknown_Sample,20251031_068_pol_pro_Ran_ado_2025_6_Colorado2025.czi,Ran_ado,351.69,10250.0,8003.0,21,27,83.8,0.952,20251031_068_pol_pro_Ran_ado_2025_6_Colorado2025_x010240_y007680
Unknown_Sample,20251031_068_pol_pro_Ran_ado_2025_6_Colorado2025.czi,Ran_ado,203.16,10246.0,7929.0,13,32,75.46,0.935,20251031_068_pol_pro_Ran_ado_2025_6_Colorado2025_x010240_y007680
Unknown_Sample,20251031_068_pol_pro_Ran_ado_2025_6_Colorado2025.czi,Ran_ado,181.61,10875.0,8062.0,10,33,74.97,0.845,20251031_068_pol_pro_Ran_ado_2025_6_Colorado2025_x010240_y007680
Unknown_Sample,20251031_068_pol_pro_Ran_ado_2025_6_Colorado2025.czi,Ran_ado,719.15,10845.0,7947.0,35,34,115.84,0.965,20251031_068_pol_pro_Ran_ado_2025_6_Colorado2025_x010752_y007680
Unknown_Sample,20251031_068_pol_pro_Ran_ado_2025_6_Colorado2025.czi,Ran_ado,680.29,11045.0,7739.0,37,31,112.08,0.965,20251031_068_pol_pro_Ran_ado_2025_6_Colorado2025_x010752_y007680
Unknown_Sample,20251031_068_pol_pro_Ran_ado_2025_6_Colorado2025.czi,Ran_ado,730.31,10885.0,8061.0,33,37,116.08,0.96,20251031_068_pol_pro_Ran_ado_2025_6_Colorado2025_x010752_y007680
Unknown_Sample,20251031_068_pol_pro_Ran_ado_2025_6_Colorado2025.czi,Ran_ado,591.4,10850.0,8039.0,33,30,103.84,0.959,20251031_068_pol_pro_Ran_ado_2025_6_Colorado2025_x010752_y007680
Unknown_Sample,20251031_068_pol_pro_Ran_ado_2025_6_Colorado2025.czi,Ran_ado,408.63,11130.0,7913.0,30,23,89.11,0.954,20251031_068_pol_pro_Ran_ado_2025_6_Colorado2025_x010752_y007680
Unknown_Sample,20251031_068_pol_pro_Ran_ado_2025_6_Colorado2025.czi,Ran_ado,537.53,11879.0,8079.0,32,28,100.18,0.955,20251031_068_pol_pro_Ran_ado_2025_6_Colorado2025_x011264_y007680
Unknown_Sample,20251031_068_pol_pro_Ran_ado_2025_6_Colorado2025.czi,Ran_ado,482.13,11871.0,7907.0,29,27,94.53,0.953,20251031_068_pol_pro_Ran_ado_2025_6_Colorado2025_x011264_y007680
Unknown_Sample,20251031_068_pol_pro_Ran_ado_2025_6_Colorado2025.czi,Ran_ado,306.67,11408.0,8312.0,32,16,84.38,0.904,20251031_068_pol_pro_Ran_ado_2025_6_Colorado2025_x011264_y007680
Unknown_Sample,20251031_068_pol_pro_Ran_ado_2025_6_Colorado2025.czi,Ran_ado,878.45,12283.0,7978.0,38,39,127.15,0.959,20251031_068_pol_pro_Ran_ado_2025_6_Colorado2025_x011776_y007680
Unknown_Sample,20251031_068_pol_pro_Ran_ado_2025_6_Colorado2025.czi,Ran_ado,537.15,11879.0,8079.0,32,28,99.6,0.955,20251031_068_pol_pro_Ran_ado_2025_6_Colorado2025_x011776_y007680
Unknown_Sample,20251031_068_pol_pro_Ran_ado_2025_6_Colorado2025.czi,Ran_ado,481.36,11871.0,7907.0,29,27,94.53,0.954,20251031_068_pol_pro_Ran_ado_2025_6_Colorado2025_x011776_y007680
Unknown_Sample,20251031_068_pol_pro_Ran_ado_2025_6_Colorado2025.czi,Ran_ado,510.6,12019.0,8104.0,31,27,99.7,0.919,20251031_068_pol_pro_Ran_ado_2025_6_Colorado2025_x011776_y007680
Unknown_Sample,20251031_068_pol_pro_Ran_ado_2025_6_Colorado2025.czi,Ran_ado,505.21,12020.0,8081.0,32,26,100.53,0.913,20251031_068_pol_pro_Ran_ado_2025_6_Colorado2025_x011776_y007680
Unknown_Sample,20251031_068_pol_pro_Ran_ado_2025_6_Colorado2025.czi,Ran_ado,957.32,12632.0,7887.0,41,38,134.08,0.964,20251031_068_pol_pro_Ran_ado_2025_6_Colorado2025_x012288_y007680
Unknown_Sample,20251031_068_pol_pro_Ran_ado_2025_6_Colorado2025.czi,Ran_ado,258.19,12294.0,7979.0,13,38,86.87,0.935,20251031_068_pol_pro_Ran_ado_2025_6_Colorado2025_x012288_y007680
Unknown_Sample,20251031_068_pol_pro_Ran_ado_2025_6_Colorado2025.czi,Ran_ado,888.06,13312.0,8255.0,37,40,127.74,0.967,20251031_068_pol_pro_Ran_ado_2025_6_Colorado2025_x012800_y007680
Unknown_Sample,20251031_068_pol_pro_Ran_ado_2025_6_Colorado2025.czi,Ran_ado,758.78,13415.0,8200.0,33,37,117.25,0.965,20251031_068_pol_pro_Ran_ado_2025_6_Colorado2025_x012800_y007680
Unknown_Sample,20251031_068_pol_pro_Ran_ado_2025_6_Colorado2025.czi,Ran_ado,810.72,13195.0,8132.0,35,38,121.5,0.962,20251031_068_pol_pro_Ran_ado_2025_6_Colorado2025_x012800_y007680
Unknown_Sample,20251031_068_pol_pro_Ran_ado_2025_6_Colorado2025.czi,Ran_ado,711.84,13066.0,8286.0,37,31,115.6,0.959,20251031_068_pol_pro_Ran_ado_2025_6_Colorado2025_x012800_y007680
Unknown_Sample,20251031_068_pol_pro_Ran_ado_2025_6_Colorado2025.czi,Ran_ado,291.66,13059.0,8175.0,28,18,76.28,0.924,20251031_068_pol_pro_Ran_ado_2025_6_Colorado2025_x012800_y007680
Unknown_Sample,20251031_068_pol_pro_Ran_ado_2025_6_Colorado2025.czi,Ran_ado,755.32,13415.0,8200.0,33,37,117.84,0.966,20251031_068_pol_pro_Ran_ado_2025_6_Colorado2025_x013312_y007680
Unknown_Sample,20251031_068_pol_pro_Ran_ado_2025_6_Colorado2025.czi,Ran_ado,730.31,13586.0,8181.0,34,35,115.25,0.965,20251031_068_pol_pro_Ran_ado_2025_6_Colorado2025_x013312_y007680
Unknown_Sample,20251031_068_pol_pro_Ran_ado_2025_6_Colorado2025.czi,Ran_ado,434.41,13320.0,8255.0,19,39,100.87,0.958,20251031_068_pol_pro_Ran_ado_2025_6_Colorado2025_x013312_y007680
Unknown_Sample,20251031_068_pol_pro_Ran_ado_2025_6_Colorado2025.czi,Ran_ado,757.24,14189.0,7991.0,35,35,117.25,0.967,20251031_068_pol_pro_Ran_ado_2025_6_Colorado2025_x013824_y007680
Unknown_Sample,20251031_068_pol_pro_Ran_ado_2025_6_Colorado2025.czi,Ran_ado,634.5,14329.0,7695.0,32,31,109.7,0.966,20251031_068_pol_pro_Ran_ado_2025_6_Colorado2025_x013824_y007680
Unknown_Sample,20251031_068_pol_pro_Ran_ado_2025_6_Colorado2025.czi,Ran_ado,982.33,14083.0,8006.0,37,45,134.81,0.963,20251031_068_pol_pro_Ran_ado_2025_6_Colorado2025_x013824_y007680
Unknown_Sample,20251031_068_pol_pro_Ran_ado_2025_6_Colorado2025.czi,Ran_ado,746.08,14813.0,8050.0,37,33,117.84,0.967,20251031_068_pol_pro_Ran_ado_2025_6_Colorado2025_x014336_y007680
Unknown_Sample,20251031_068_pol_pro_Ran_ado_2025_6_Colorado2025.czi,Ran_ado,765.32,14745.0,8041.0,35,35,119.01,0.962,20251031_068_pol_pro_Ran_ado_2025_6_Colorado2025_x014336_y007680
Unknown_Sample,20251031_068_pol_pro_Ran_ado_2025_6_Colorado2025.czi,Ran_ado,881.91,14529.0,7886.0,40,37,127.74,0.961,20251031_068_pol_pro_Ran_ado_2025_6_Colorado2025_x014336_y007680
Unknown_Sample,20251031_068_pol_pro_Ran_ado_2025_6_Colorado2025.czi,Ran_ado,861.13,14858.0,7869.0,40,36,126.91,0.96,20251031_068_pol_pro_Ran_ado_2025_6_Colorado2025_x014336_y007680
Unknown_Sample,20251031_068_pol_pro_Ran_ado_2025_6_Colorado2025.czi,Ran_ado,677.21,14862.0,7869.0,31,35,115.11,0.966,20251031_068_pol_pro_Ran_ado_2025_6_Colorado2025_x014848_y007680
Unknown_Sample,20251031_068_pol_pro_Ran_ado_2025_6_Colorado2025.czi,Ran_ado,902.3,15239.0,7953.0,43,35,130.33,0.964,20251031_068_pol_pro_Ran_ado_2025_6_Colorado2025_x014848_y007680
Unknown_Sample,20251031_068_pol_pro_Ran_ado_2025_6_Colorado2025.czi,Ran_ado,198.93,15481.0,7713.0,13,26,67.56,0.885,20251031_068_pol_pro_Ran_ado_2025_6_Colorado2025_x014848_y007680
Unknown_Sample,20251031_068_pol_pro_Ran_ado_2025_6_Colorado2025.czi,Ran_ado,745.7,15592.0,8248.0,37,34,118.08,0.966,20251031_068_pol_pro_Ran_ado_2025_6_Colorado2025_x015360_y007680
Unknown_Sample,20251031_068_pol_pro_Ran_ado_2025_6_Colorado2025.czi,Ran_ado,602.18,15491.0,7712.0,34,29,105.01,0.961,20251031_068_pol_pro_Ran_ado_2025_6_Colorado2025_x015360_y007680
Unknown_Sample,20251031_068_pol_pro_Ran_ado_2025_6_Colorado2025.czi,Ran_ado,499.06,1834.0,8567.0,32,26,98.53,0.938,20251031_068_pol_pro_Ran_ado_2025_6_Colorado2025_x001536_y008192
Unknown_Sample,20251031_068_pol_pro_Ran_ado_2025_6_Colorado2025.czi,Ran_ado,524.07,2615.0,8806.0,28,32,99.6,0.956,20251031_068_pol_pro_Ran_ado_2025_6_Colorado2025_x002048_y008192
Unknown_Sample,20251031_068_pol_pro_Ran_ado_2025_6_Colorado2025.czi,Ran_ado,409.79,2593.0,8215.0,29,23,88.87,0.953,20251031_068_pol_pro_Ran_ado_2025_6_Colorado2025_x002048_y008192
Unknown_Sample,20251031_068_pol_pro_Ran_ado_2025_6_Colorado2025.czi,Ran_ado,373.23,2676.0,8699.0,24,24,86.14,0.932,20251031_068_pol_pro_Ran_ado_2025_6_Colorado2025_x002048_y008192
Unknown_Sample,20251031_068_pol_pro_Ran_ado_2025_6_Colorado2025.czi,Ran_ado,478.66,2807.0,8809.0,26,30,95.11,0.958,20251031_068_pol_pro_Ran_ado_2025_6_Colorado2025_x002560_y008192
Unknown_Sample,20251031_068_pol_pro_Ran_ado_2025_6_Colorado2025.czi,Ran_ado,486.74,3120.0,8770.0,27,30,95.36,0.956,20251031_068_pol_pro_Ran_ado_2025_6_Colorado2025_x002560_y008192
Unknown_Sample,20251031_068_pol_pro_Ran_ado_2025_6_Colorado2025.czi,Ran_ado,524.07,2615.0,8806.0,28,32,99.6,0.956,20251031_068_pol_pro_Ran_ado_2025_6_Colorado2025_x002560_y008192
Unknown_Sample,20251031_068_pol_pro_Ran_ado_2025_6_Colorado2025.czi,Ran_ado,500.98,2680.0,8699.0,34,24,99.11,0.954,20251031_068_pol_pro_Ran_ado_2025_6_Colorado2025_x002560_y008192
Unknown_Sample,20251031_068_pol_pro_Ran_ado_2025_6_Colorado2025.czi,Ran_ado,411.33,2593.0,8215.0,29,23,88.87,0.953,20251031_068_pol_pro_Ran_ado_2025_6_Colorado2025_x002560_y008192
Unknown_Sample,20251031_068_pol_pro_Ran_ado_2025_6_Colorado2025.czi,Ran_ado,372.46,3415.0,8263.0,24,25,82.28,0.961,20251031_068_pol_pro_Ran_ado_2025_6_Colorado2025_x003072_y008192
Unknown_Sample,20251031_068_pol_pro_Ran_ado_2025_6_Colorado2025.czi,Ran_ado,415.56,3672.0,8330.0,26,26,88.28,0.957,20251031_068_pol_pro_Ran_ado_2025_6_Colorado2025_x003072_y008192
Unknown_Sample,20251031_068_pol_pro_Ran_ado_2025_6_Colorado2025.czi,Ran_ado,473.66,3120.0,8770.0,26,30,94.53,0.954,20251031_068_pol_pro_Ran_ado_2025_6_Colorado2025_x003072_y008192
Unknown_Sample,20251031_068_pol_pro_Ran_ado_2025_6_Colorado2025.czi,Ran_ado,286.66,3502.0,8324.0,24,24,77.36,0.834,20251031_068_pol_pro_Ran_ado_2025_6_Colorado2025_x003072_y008192
Unknown_Sample,20251031_068_pol_pro_Ran_ado_2025_6_Colorado2025.czi,Ran_ado,592.17,4034.0,8337.0,32,31,105.01,0.96,20251031_068_pol_pro_Ran_ado_2025_6_Colorado2025_x003584_y008192
Unknown_Sample,20251031_068_pol_pro_Ran_ado_2025_6_Colorado2025.czi,Ran_ado,572.55,3962.0,8286.0,31,30,103.94,0.96,20251031_068_pol_pro_Ran_ado_2025_6_Colorado2025_x003584_y008192
Unknown_Sample,20251031_068_pol_pro_Ran_ado_2025_6_Colorado2025.czi,Ran_ado,557.93,4168.0,8535.0,35,27,103.6,0.959,20251031_068_pol_pro_Ran_ado_2025_6_Colorado2025_x003584_y008192
Unknown_Sample,20251031_068_pol_pro_Ran_ado_2025_6_Colorado2025.czi,Ran_ado,567.16,4168.0,8373.0,31,32,103.25,0.958,20251031_068_pol_pro_Ran_ado_2025_6_Colorado2025_x003584_y008192
Unknown_Sample,20251031_068_pol_pro_Ran_ado_2025_6_Colorado2025.czi,Ran_ado,415.56,3672.0,8330.0,26,26,88.28,0.957,20251031_068_pol_pro_Ran_ado_2025_6_Colorado2025_x003584_y008192
Unknown_Sample,20251031_068_pol_pro_Ran_ado_2025_6_Colorado2025.czi,Ran_ado,482.51,3864.0,8669.0,32,26,94.43,0.956,20251031_068_pol_pro_Ran_ado_2025_6_Colorado2025_x003584_y008192
Unknown_Sample,20251031_068_pol_pro_Ran_ado_2025_6_Colorado2025.czi,Ran_ado,512.52,4483.0,8776.0,29,29,96.77,0.963,20251031_068_pol_pro_Ran_ado_2025_6_Colorado2025_x004096_y008192
Unknown_Sample,20251031_068_pol_pro_Ran_ado_2025_6_Colorado2025.czi,Ran_ado,576.4,4439.0,8614.0,32,30,103.6,0.962,20251031_068_pol_pro_Ran_ado_2025_6_Colorado2025_x004096_y008192
Unknown_Sample,20251031_068_pol_pro_Ran_ado_2025_6_Colorado2025.czi,Ran_ado,556.77,4233.0,8415.0,34,28,103.01,0.96,20251031_068_pol_pro_Ran_ado_2025_6_Colorado2025_x004096_y008192
Unknown_Sample,20251031_068_pol_pro_Ran_ado_2025_6_Colorado2025.czi,Ran_ado,558.7,4168.0,8535.0,35,27,103.6,0.959,20251031_068_pol_pro_Ran_ado_2025_6_Colorado2025_x004096_y008192
Unknown_Sample,20251031_068_pol_pro_Ran_ado_2025_6_Colorado2025.czi,Ran_ado,632.57,4518.0,8468.0,31,34,107.25,0.959,20251031_068_pol_pro_Ran_ado_2025_6_Colorado2025_x004096_y008192
Unknown_Sample,20251031_068_pol_pro_Ran_ado_2025_6_Colorado2025.czi,Ran_ado,477.51,4305.0,8420.0,26,31,94.18,0.959,20251031_068_pol_pro_Ran_ado_2025_6_Colorado2025_x004096_y008192
Unknown_Sample,20251031_068_pol_pro_Ran_ado_2025_6_Colorado2025.czi,Ran_ado,567.16,4168.0,8373.0,31,32,103.25,0.959,20251031_068_pol_pro_Ran_ado_2025_6_Colorado2025_x004096_y008192
Unknown_Sample,20251031_068_pol_pro_Ran_ado_2025_6_Colorado2025.czi,Ran_ado,544.07,4343.0,8541.0,27,33,100.77,0.958,20251031_068_pol_pro_Ran_ado_2025_6_Colorado2025_x004096_y008192
Unknown_Sample,20251031_068_pol_pro_Ran_ado_2025_6_Colorado2025.czi,Ran_ado,705.3,4434.0,8717.0,37,32,114.67,0.956,20251031_068_pol_pro_Ran_ado_2025_6_Colorado2025_x004096_y008192
Unknown_Sample,20251031_068_pol_pro_Ran_ado_2025_6_Colorado2025.czi,Ran_ado,188.93,4460.0,8826.0,31,11,72.38,0.873,20251031_068_pol_pro_Ran_ado_2025_6_Colorado2025_x004096_y008192
Unknown_Sample,20251031_068_pol_pro_Ran_ado_2025_6_Colorado2025.czi,Ran_ado,607.18,4805.0,8601.0,32,32,106.43,0.961,20251031_068_pol_pro_Ran_ado_2025_6_Colorado2025_x004608_y008192
Unknown_Sample,20251031_068_pol_pro_Ran_ado_2025_6_Colorado2025.czi,Ran_ado,436.72,4902.0,8530.0,25,29,89.36,0.959,20251031_068_pol_pro_Ran_ado_2025_6_Colorado2025_x004608_y008192
Unknown_Sample,20251031_068_pol_pro_Ran_ado_2025_6_Colorado2025.czi,Ran_ado,389.78,5198.0,8807.0,25,25,83.7,0.956,20251031_068_pol_pro_Ran_ado_2025_6_Colorado2025_x004608_y008192
Unknown_Sample,20251031_068_pol_pro_Ran_ado_2025_6_Colorado2025.czi,Ran_ado,561.77,4863.0,8482.0,30,33,103.25,0.954,20251031_068_pol_pro_Ran_ado_2025_6_Colorado2025_x004608_y008192
Unknown_Sample,20251031_068_pol_pro_Ran_ado_2025_6_Colorado2025.czi,Ran_ado,379.01,5009.0,8597.0,26,25,84.53,0.949,20251031_068_pol_pro_Ran_ado_2025_6_Colorado2025_x004608_y008192
Unknown_Sample,20251031_068_pol_pro_Ran_ado_2025_6_Colorado2025.czi,Ran_ado,332.06,4794.0,8513.0,26,23,81.7,0.944,20251031_068_pol_pro_Ran_ado_2025_6_Colorado2025_x004608_y008192
Unknown_Sample,20251031_068_pol_pro_Ran_ado_2025_6_Colorado2025.czi,Ran_ado,567.93,5505.0,8701.0,32,30,102.43,0.962,20251031_068_pol_pro_Ran_ado_2025_6_Colorado2025_x005120_y008192
Unknown_Sample,20251031_068_pol_pro_Ran_ado_2025_6_Colorado2025.czi,Ran_ado,387.85,5198.0,8807.0,25,25,84.28,0.956,20251031_068_pol_pro_Ran_ado_2025_6_Colorado2025_x005120_y008192
Unknown_Sample,20251031_068_pol_pro_Ran_ado_2025_6_Colorado2025.czi,Ran_ado,410.17,5471.0,8775.0,30,24,88.77,0.955,20251031_068_pol_pro_Ran_ado_2025_6_Colorado2025_x005120_y008192
Unknown_Sample,20251031_068_pol_pro_Ran_ado_2025_6_Colorado2025.czi,Ran_ado,493.28,5324.0,8452.0,32,27,97.6,0.954,20251031_068_pol_pro_Ran_ado_2025_6_Colorado2025_x005120_y008192
Unknown_Sample,20251031_068_pol_pro_Ran_ado_2025_6_Colorado2025.czi,Ran_ado,703.76,5257.0,8407.0,33,36,117.01,0.954,20251031_068_pol_pro_Ran_ado_2025_6_Colorado2025_x005120_y008192
Unknown_Sample,20251031_068_pol_pro_Ran_ado_2025_6_Colorado2025.czi,Ran_ado,311.67,5688.0,8199.0,33,17,85.46,0.95,20251031_068_pol_pro_Ran_ado_2025_6_Colorado2025_x005120_y008192
Unknown_Sample,20251031_068_pol_pro_Ran_ado_2025_6_Colorado2025.czi,Ran_ado,630.65,6086.0,8397.0,36,30,108.67,0.962,20251031_068_pol_pro_Ran_ado_2025_6_Colorado2025_x005632_y008192
Unknown_Sample,20251031_068_pol_pro_Ran_ado_2025_6_Colorado2025.czi,Ran_ado,567.16,6033.0,8643.0,33,29,102.43,0.956,20251031_068_pol_pro_Ran_ado_2025_6_Colorado2025_x005632_y008192
Unknown_Sample,20251031_068_pol_pro_Ran_ado_2025_6_Colorado2025.czi,Ran_ado,776.86,6042.0,8772.0,35,38,121.5,0.954,20251031_068_pol_pro_Ran_ado_2025_6_Colorado2025_x005632_y008192
Unknown_Sample,20251031_068_pol_pro_Ran_ado_2025_6_Colorado2025.czi,Ran_ado,313.21,5688.0,8199.0,33,17,85.46,0.949,20251031_068_pol_pro_Ran_ado_2025_6_Colorado2025_x005632_y008192
Unknown_Sample,20251031_068_pol_pro_Ran_ado_2025_6_Colorado2025.czi,Ran_ado,649.89,6727.0,8642.0,34,31,110.18,0.963,20251031_068_pol_pro_Ran_ado_2025_6_Colorado2025_x006144_y008192
Unknown_Sample,20251031_068_pol_pro_Ran_ado_2025_6_Colorado2025.czi,Ran_ado,453.65,6529.0,8822.0,38,20,102.04,0.927,20251031_068_pol_pro_Ran_ado_2025_6_Colorado2025_x006144_y008192
Unknown_Sample,20251031_068_pol_pro_Ran_ado_2025_6_Colorado2025.czi,Ran_ado,698.37,6835.0,8486.0,32,37,113.5,0.966,20251031_068_pol_pro_Ran_ado_2025_6_Colorado2025_x006656_y008192
Unknown_Sample,20251031_068_pol_pro_Ran_ado_2025_6_Colorado2025.czi,Ran_ado,667.59,7068.0,8408.0,31,35,109.84,0.964,20251031_068_pol_pro_Ran_ado_2025_6_Colorado2025_x006656_y008192
Unknown_Sample,20251031_068_pol_pro_Ran_ado_2025_6_Colorado2025.czi,Ran_ado,649.5,6728.0,8642.0,34,31,110.77,0.963,20251031_068_pol_pro_Ran_ado_2025_6_Colorado2025_x006656_y008192
Unknown_Sample,20251031_068_pol_pro_Ran_ado_2025_6_Colorado2025.czi,Ran_ado,550.62,7183.0,8278.0,29,32,101.01,0.956,20251031_068_pol_pro_Ran_ado_2025_6_Colorado2025_x006656_y008192
Unknown_Sample,20251031_068_pol_pro_Ran_ado_2025_6_Colorado2025.czi,Ran_ado,387.09,6812.0,8415.0,28,24,87.11,0.95,20251031_068_pol_pro_Ran_ado_2025_6_Colorado2025_x006656_y008192
Unknown_Sample,20251031_068_pol_pro_Ran_ado_2025_6_Colorado2025.czi,Ran_ado,619.11,7090.0,8257.0,33,33,108.67,0.936,20251031_068_pol_pro_Ran_ado_2025_6_Colorado2025_x006656_y008192
Unknown_Sample,20251031_068_pol_pro_Ran_ado_2025_6_Colorado2025.czi,Ran_ado,717.22,7125.0,8265.0,36,33,114.08,0.924,20251031_068_pol_pro_Ran_ado_2025_6_Colorado2025_x006656_y008192
Unknown_Sample,20251031_068_pol_pro_Ran_ado_2025_6_Colorado2025.czi,Ran_ado,736.46,7324.0,8632.0,35,36,116.91,0.961,20251031_068_pol_pro_Ran_ado_2025_6_Colorado2025_x007168_y008192
Unknown_Sample,20251031_068_pol_pro_Ran_ado_2025_6_Colorado2025.czi,Ran_ado,455.58,7665.0,8619.0,27,28,91.94,0.958,20251031_068_pol_pro_Ran_ado_2025_6_Colorado2025_x007168_y008192
Unknown_Sample,20251031_068_pol_pro_Ran_ado_2025_6_Colorado2025.czi,Ran_ado,525.22,7327.0,8555.0,30,29,99.36,0.956,20251031_068_pol_pro_Ran_ado_2025_6_Colorado2025_x007168_y008192
Unknown_Sample,20251031_068_pol_pro_Ran_ado_2025_6_Colorado2025.czi,Ran_ado,558.31,7183.0,8278.0,29,32,102.18,0.953,20251031_068_pol_pro_Ran_ado_2025_6_Colorado2025_x007168_y008192
Unknown_Sample,20251031_068_pol_pro_Ran_ado_2025_6_Colorado2025.czi,Ran_ado,705.68,8040.0,8623.0,35,33,115.6,0.964,20251031_068_pol_pro_Ran_ado_2025_6_Colorado2025_x007680_y008192
Unknown_Sample,20251031_068_pol_pro_Ran_ado_2025_6_Colorado2025.czi,Ran_ado,631.03,8194.0,8602.0,33,33,108.08,0.961,20251031_068_pol_pro_Ran_ado_2025_6_Colorado2025_x007680_y008192
Unknown_Sample,20251031_068_pol_pro_Ran_ado_2025_6_Colorado2025.czi,Ran_ado,633.34,8168.0,8800.0,33,33,108.08,0.96,20251031_068_pol_pro_Ran_ado_2025_6_Colorado2025_x007680_y008192
Unknown_Sample,20251031_068_pol_pro_Ran_ado_2025_6_Colorado2025.czi,Ran_ado,691.44,8422.0,8600.0,34,33,113.01,0.967,20251031_068_pol_pro_Ran_ado_2025_6_Colorado2025_x008192_y008192
Unknown_Sample,20251031_068_pol_pro_Ran_ado_2025_6_Colorado2025.czi,Ran_ado,554.85,8578.0,8288.0,32,28,100.77,0.959,20251031_068_pol_pro_Ran_ado_2025_6_Colorado2025_x008192_y008192
Unknown_Sample,20251031_068_pol_pro_Ran_ado_2025_6_Colorado2025.czi,Ran_ado,343.99,8200.0,8603.0,19,33,88.28,0.956,20251031_068_pol_pro_Ran_ado_2025_6_Colorado2025_x008192_y008192
Unknown_Sample,20251031_068_pol_pro_Ran_ado_2025_6_Colorado2025.czi,Ran_ado,667.59,9211.0,8645.0,31,35,109.84,0.964,20251031_068_pol_pro_Ran_ado_2025_6_Colorado2025_x008704_y008192
Unknown_Sample,20251031_068_pol_pro_Ran_ado_2025_6_Colorado2025.czi,Ran_ado,683.75,9231.0,8562.0,35,36,115.15,0.957,20251031_068_pol_pro_Ran_ado_2025_6_Colorado2025_x008704_y008192
Unknown_Sample,20251031_068_pol_pro_Ran_ado_2025_6_Colorado2025.czi,Ran_ado,751.85,9699.0,8207.0,37,33,118.43,0.966,20251031_068_pol_pro_Ran_ado_2025_6_Colorado2025_x009216_y008192
Unknown_Sample,20251031_068_pol_pro_Ran_ado_2025_6_Colorado2025.czi,Ran_ado,680.29,9231.0,8562.0,34,36,113.74,0.958,20251031_068_pol_pro_Ran_ado_2025_6_Colorado2025_x009216_y008192
Unknown_Sample,20251031_068_pol_pro_Ran_ado_2025_6_Colorado2025.czi,Ran_ado,650.66,9837.0,8519.0,32,33,107.84,0.955,20251031_068_pol_pro_Ran_ado_2025_6_Colorado2025_x009216_y008192
Unknown_Sample,20251031_068_pol_pro_Ran_ado_2025_6_Colorado2025.czi,Ran_ado,186.62,9221.0,8646.0,11,34,76.04,0.937,20251031_068_pol_pro_Ran_ado_2025_6_Colorado2025_x009216_y008192
Unknown_Sample,20251031_068_pol_pro_Ran_ado_2025_6_Colorado2025.czi,Ran_ado,652.2,9837.0,8519.0,33,33,108.67,0.963,20251031_068_pol_pro_Ran_ado_2025_6_Colorado2025_x009728_y008192
Unknown_Sample,20251031_068_pol_pro_Ran_ado_2025_6_Colorado2025.czi,Ran_ado,644.89,9917.0,8664.0,35,30,108.43,0.959,20251031_068_pol_pro_Ran_ado_2025_6_Colorado2025_x009728_y008192
Unknown_Sample,20251031_068_pol_pro_Ran_ado_2025_6_Colorado2025.czi,Ran_ado,934.24,10659.0,8530.0,40,38,128.57,0.965,20251031_068_pol_pro_Ran_ado_2025_6_Colorado2025_x010240_y008192
Unknown_Sample,20251031_068_pol_pro_Ran_ado_2025_6_Colorado2025.czi,Ran_ado,834.97,11113.0,8376.0,38,36,125.25,0.963,20251031_068_pol_pro_Ran_ado_2025_6_Colorado2025_x010752_y008192
Unknown_Sample,20251031_068_pol_pro_Ran_ado_2025_6_Colorado2025.czi,Ran_ado,851.9,11257.0,8812.0,37,38,127.25,0.956,20251031_068_pol_pro_Ran_ado_2025_6_Colorado2025_x010752_y008192
Unknown_Sample,20251031_068_pol_pro_Ran_ado_2025_6_Colorado2025.czi,Ran_ado,179.69,11156.0,8826.0,32,10,72.38,0.866,20251031_068_pol_pro_Ran_ado_2025_6_Colorado2025_x010752_y008192
Unknown_Sample,20251031_068_pol_pro_Ran_ado_2025_6_Colorado2025.czi,Ran_ado,384.78,11532.0,8415.0,25,26,85.11,0.952,20251031_068_pol_pro_Ran_ado_2025_6_Colorado2025_x011264_y008192
Unknown_Sample,20251031_068_pol_pro_Ran_ado_2025_6_Colorado2025.czi,Ran_ado,493.28,11408.0,8316.0,32,26,96.77,0.95,20251031_068_pol_pro_Ran_ado_2025_6_Colorado2025_x011264_y008192
Unknown_Sample,20251031_068_pol_pro_Ran_ado_2025_6_Colorado2025.czi,Ran_ado,212.01,11269.0,8813.0,12,35,80.04,0.928,20251031_068_pol_pro_Ran_ado_2025_6_Colorado2025_x011264_y008192
Unknown_Sample,20251031_068_pol_pro_Ran_ado_2025_6_Colorado2025.czi,Ran_ado,388.24,12251.0,8462.0,26,25,84.53,0.955,20251031_068_pol_pro_Ran_ado_2025_6_Colorado2025_x011776_y008192
Unknown_Sample,20251031_068_pol_pro_Ran_ado_2025_6_Colorado2025.czi,Ran_ado,795.72,12840.0,8413.0,37,35,120.08,0.965,20251031_068_pol_pro_Ran_ado_2025_6_Colorado2025_x012288_y008192
Unknown_Sample,20251031_068_pol_pro_Ran_ado_2025_6_Colorado2025.czi,Ran_ado,615.26,12576.0,8803.0,31,33,107.01,0.962,20251031_068_pol_pro_Ran_ado_2025_6_Colorado2025_x012288_y008192
Unknown_Sample,20251031_068_pol_pro_Ran_ado_2025_6_Colorado2025.czi,Ran_ado,491.36,12711.0,8740.0,29,28,95.36,0.954,20251031_068_pol_pro_Ran_ado_2025_6_Colorado2025_x012288_y008192
Unknown_Sample,20251031_068_pol_pro_Ran_ado_2025_6_Colorado2025.czi,Ran_ado,888.06,13312.0,8255.0,37,40,127.74,0.965,20251031_068_pol_pro_Ran_ado_2025_6_Colorado2025_x012800_y008192
Unknown_Sample,20251031_068_pol_pro_Ran_ado_2025_6_Colorado2025.czi,Ran_ado,794.56,12840.0,8413.0,37,35,120.67,0.965,20251031_068_pol_pro_Ran_ado_2025_6_Colorado2025_x012800_y008192
Unknown_Sample,20251031_068_pol_pro_Ran_ado_2025_6_Colorado2025.czi,Ran_ado,569.08,13415.0,8204.0,33,27,104.87,0.965,20251031_068_pol_pro_Ran_ado_2025_6_Colorado2025_x012800_y008192
Unknown_Sample,20251031_068_pol_pro_Ran_ado_2025_6_Colorado2025.czi,Ran_ado,780.33,13019.0,8616.0,36,35,118.08,0.962,20251031_068_pol_pro_Ran_ado_2025_6_Colorado2025_x012800_y008192
Unknown_Sample,20251031_068_pol_pro_Ran_ado_2025_6_Colorado2025.czi,Ran_ado,744.54,13099.0,8479.0,35,35,117.84,0.959,20251031_068_pol_pro_Ran_ado_2025_6_Colorado2025_x012800_y008192
Unknown_Sample,20251031_068_pol_pro_Ran_ado_2025_6_Colorado2025.czi,Ran_ado,711.84,13066.0,8286.0,37,31,115.6,0.958,20251031_068_pol_pro_Ran_ado_2025_6_Colorado2025_x012800_y008192
Unknown_Sample,20251031_068_pol_pro_Ran_ado_2025_6_Colorado2025.czi,Ran_ado,414.4,13158.0,8532.0,24,27,86.87,0.953,20251031_068_pol_pro_Ran_ado_2025_6_Colorado2025_x012800_y008192
Unknown_Sample,20251031_068_pol_pro_Ran_ado_2025_6_Colorado2025.czi,Ran_ado,568.32,13415.0,8204.0,33,27,104.87,0.966,20251031_068_pol_pro_Ran_ado_2025_6_Colorado2025_x013312_y008192
Unknown_Sample,20251031_068_pol_pro_Ran_ado_2025_6_Colorado2025.czi,Ran_ado,563.31,13732.0,8508.0,31,30,101.6,0.965,20251031_068_pol_pro_Ran_ado_2025_6_Colorado2025_x013312_y008192
Unknown_Sample,20251031_068_pol_pro_Ran_ado_2025_6_Colorado2025.czi,Ran_ado,607.95,13799.0,8801.0,31,33,105.25,0.962,20251031_068_pol_pro_Ran_ado_2025_6_Colorado2025_x013312_y008192
Unknown_Sample,20251031_068_pol_pro_Ran_ado_2025_6_Colorado2025.czi,Ran_ado,626.42,13815.0,8690.0,30,34,107.6,0.961,20251031_068_pol_pro_Ran_ado_2025_6_Colorado2025_x013312_y008192
Unknown_Sample,20251031_068_pol_pro_Ran_ado_2025_6_Colorado2025.czi,Ran_ado,434.41,13320.0,8255.0,19,39,100.87,0.958,20251031_068_pol_pro_Ran_ado_2025_6_Colorado2025_x013312_y008192
Unknown_Sample,20251031_068_pol_pro_Ran_ado_2025_6_Colorado2025.czi,Ran_ado,693.37,13970.0,8439.0,34,33,111.25,0.964,20251031_068_pol_pro_Ran_ado_2025_6_Colorado2025_x013824_y008192
Unknown_Sample,20251031_068_pol_pro_Ran_ado_2025_6_Colorado2025.czi,Ran_ado,683.75,13990.0,8601.0,34,33,111.84,0.963,20251031_068_pol_pro_Ran_ado_2025_6_Colorado2025_x013824_y008192
Unknown_Sample,20251031_068_pol_pro_Ran_ado_2025_6_Colorado2025.czi,Ran_ado,843.05,13974.0,8398.0,41,34,124.33,0.962,20251031_068_pol_pro_Ran_ado_2025_6_Colorado2025_x013824_y008192
Unknown_Sample,20251031_068_pol_pro_Ran_ado_2025_6_Colorado2025.czi,Ran_ado,407.09,14327.0,8534.0,34,22,91.6,0.947,20251031_068_pol_pro_Ran_ado_2025_6_Colorado2025_x013824_y008192
Unknown_Sample,20251031_068_pol_pro_Ran_ado_2025_6_Colorado2025.czi,Ran_ado,148.52,14244.0,8827.0,28,10,64.97,0.86,20251031_068_pol_pro_Ran_ado_2025_6_Colorado2025_x013824_y008192
Unknown_Sample,20251031_068_pol_pro_Ran_ado_2025_6_Colorado2025.czi,Ran_ado,867.29,14581.0,8504.0,43,35,128.57,0.963,20251031_068_pol_pro_Ran_ado_2025_6_Colorado2025_x014336_y008192
Unknown_Sample,20251031_068_pol_pro_Ran_ado_2025_6_Colorado2025.czi,Ran_ado,624.11,14942.0,8414.0,34,30,107.6,0.962,20251031_068_pol_pro_Ran_ado_2025_6_Colorado2025_x014336_y008192
Unknown_Sample,20251031_068_pol_pro_Ran_ado_2025_6_Colorado2025.czi,Ran_ado,77.34,14340.0,8531.0,10,17,43.56,0.836,20251031_068_pol_pro_Ran_ado_2025_6_Colorado2025_x014336_y008192
Unknown_Sample,20251031_068_pol_pro_Ran_ado_2025_6_Colorado2025.czi,Ran_ado,868.06,15015.0,8747.0,40,35,126.08,0.963,20251031_068_pol_pro_Ran_ado_2025_6_Colorado2025_x014848_y008192
Unknown_Sample,20251031_068_pol_pro_Ran_ado_2025_6_Colorado2025.czi,Ran_ado,624.88,14942.0,8414.0,34,30,107.6,0.962,20251031_068_pol_pro_Ran_ado_2025_6_Colorado2025_x014848_y008192
Unknown_Sample,20251031_068_pol_pro_Ran_ado_2025_6_Colorado2025.czi,Ran_ado,745.7,15592.0,8248.0,37,34,118.08,0.966,20251031_068_pol_pro_Ran_ado_2025_6_Colorado2025_x015360_y008192
Unknown_Sample,20251031_068_pol_pro_Ran_ado_2025_6_Colorado2025.czi,Ran_ado,555.23,16570.0,8409.0,30,31,102.18,0.964,20251031_068_pol_pro_Ran_ado_2025_6_Colorado2025_x016384_y008192
Unknown_Sample,20251031_068_pol_pro_Ran_ado_2025_6_Colorado2025.czi,Ran_ado,520.99,16794.0,8717.0,32,27,98.77,0.96,20251031_068_pol_pro_Ran_ado_2025_6_Colorado2025_x016384_y008192
Unknown_Sample,20251031_068_pol_pro_Ran_ado_2025_6_Colorado2025.czi,Ran_ado,430.18,17798.0,8750.0,26,28,91.11,0.956,20251031_068_pol_pro_Ran_ado_2025_6_Colorado2025_x017408_y008192
Unknown_Sample,20251031_068_pol_pro_Ran_ado_2025_6_Colorado2025.czi,Ran_ado,569.08,1843.0,9088.0,31,30,101.01,0.943,20251031_068_pol_pro_Ran_ado_2025_6_Colorado2025_x001536_y008704
Unknown_Sample,20251031_068_pol_pro_Ran_ado_2025_6_Colorado2025.czi,Ran_ado,723.38,1994.0,9260.0,38,33,119.25,0.918,20251031_068_pol_pro_Ran_ado_2025_6_Colorado2025_x001536_y008704
Unknown_Sample,20251031_068_pol_pro_Ran_ado_2025_6_Colorado2025.czi,Ran_ado,459.81,2029.0,9264.0,32,23,94.87,0.912,20251031_068_pol_pro_Ran_ado_2025_6_Colorado2025_x001536_y008704
Unknown_Sample,20251031_068_pol_pro_Ran_ado_2025_6_Colorado2025.czi,Ran_ado,524.07,2615.0,8806.0,28,32,99.6,0.956,20251031_068_pol_pro_Ran_ado_2025_6_Colorado2025_x002048_y008704
Unknown_Sample,20251031_068_pol_pro_Ran_ado_2025_6_Colorado2025.czi,Ran_ado,78.49,2636.0,9011.0,12,11,39.66,0.707,20251031_068_pol_pro_Ran_ado_2025_6_Colorado2025_x002048_y008704
Unknown_Sample,20251031_068_pol_pro_Ran_ado_2025_6_Colorado2025.czi,Ran_ado,707.99,3053.0,9075.0,37,32,115.25,0.965,20251031_068_pol_pro_Ran_ado_2025_6_Colorado2025_x002560_y008704
Unknown_Sample,20251031_068_pol_pro_Ran_ado_2025_6_Colorado2025.czi,Ran_ado,477.89,2807.0,8809.0,26,30,95.11,0.958,20251031_068_pol_pro_Ran_ado_2025_6_Colorado2025_x002560_y008704
Unknown_Sample,20251031_068_pol_pro_Ran_ado_2025_6_Colorado2025.czi,Ran_ado,486.74,3120.0,8770.0,27,30,95.36,0.956,20251031_068_pol_pro_Ran_ado_2025_6_Colorado2025_x002560_y008704
Unknown_Sample,20251031_068_pol_pro_Ran_ado_2025_6_Colorado2025.czi,Ran_ado,524.07,2615.0,8806.0,28,32,99.6,0.956,20251031_068_pol_pro_Ran_ado_2025_6_Colorado2025_x002560_y008704
Unknown_Sample,20251031_068_pol_pro_Ran_ado_2025_6_Colorado2025.czi,Ran_ado,446.73,2719.0,8989.0,29,26,91.36,0.954,20251031_068_pol_pro_Ran_ado_2025_6_Colorado2025_x002560_y008704
Unknown_Sample,20251031_068_pol_pro_Ran_ado_2025_6_Colorado2025.czi,Ran_ado,392.86,2864.0,8897.0,23,30,87.36,0.95,20251031_068_pol_pro_Ran_ado_2025_6_Colorado2025_x002560_y008704
Unknown_Sample,20251031_068_pol_pro_Ran_ado_2025_6_Colorado2025.czi,Ran_ado,78.49,2636.0,9011.0,12,11,39.66,0.798,20251031_068_pol_pro_Ran_ado_2025_6_Colorado2025_x002560_y008704
Unknown_Sample,20251031_068_pol_pro_Ran_ado_2025_6_Colorado2025.czi,Ran_ado,571.39,3590.0,9231.0,32,30,103.01,0.957,20251031_068_pol_pro_Ran_ado_2025_6_Colorado2025_x003072_y008704
Unknown_Sample,20251031_068_pol_pro_Ran_ado_2025_6_Colorado2025.czi,Ran_ado,504.83,3274.0,9116.0,30,28,97.94,0.956,20251031_068_pol_pro_Ran_ado_2025_6_Colorado2025_x003072_y008704
Unknown_Sample,20251031_068_pol_pro_Ran_ado_2025_6_Colorado2025.czi,Ran_ado,494.44,3120.0,8770.0,27,31,96.18,0.955,20251031_068_pol_pro_Ran_ado_2025_6_Colorado2025_x003072_y008704
Unknown_Sample,20251031_068_pol_pro_Ran_ado_2025_6_Colorado2025.czi,Ran_ado,425.18,4088.0,9282.0,25,29,89.36,0.957,20251031_068_pol_pro_Ran_ado_2025_6_Colorado2025_x003584_y008704
Unknown_Sample,20251031_068_pol_pro_Ran_ado_2025_6_Colorado2025.czi,Ran_ado,403.63,4114.0,9155.0,26,25,86.87,0.955,20251031_068_pol_pro_Ran_ado_2025_6_Colorado2025_x003584_y008704
Unknown_Sample,20251031_068_pol_pro_Ran_ado_2025_6_Colorado2025.czi,Ran_ado,406.32,3594.0,9230.0,23,29,90.63,0.951,20251031_068_pol_pro_Ran_ado_2025_6_Colorado2025_x003584_y008704
Unknown_Sample,20251031_068_pol_pro_Ran_ado_2025_6_Colorado2025.czi,Ran_ado,375.93,4084.0,9004.0,29,24,86.18,0.947,20251031_068_pol_pro_Ran_ado_2025_6_Colorado2025_x003584_y008704
Unknown_Sample,20251031_068_pol_pro_Ran_ado_2025_6_Colorado2025.czi,Ran_ado,675.67,4434.0,8718.0,37,30,113.6,0.961,20251031_068_pol_pro_Ran_ado_2025_6_Colorado2025_x004096_y008704
Unknown_Sample,20251031_068_pol_pro_Ran_ado_2025_6_Colorado2025.czi,Ran_ado,617.95,4569.0,9072.0,30,34,107.6,0.961,20251031_068_pol_pro_Ran_ado_2025_6_Colorado2025_x004096_y008704
Unknown_Sample,20251031_068_pol_pro_Ran_ado_2025_6_Colorado2025.czi,Ran_ado,665.66,4458.0,8836.0,35,33,112.08,0.96,20251031_068_pol_pro_Ran_ado_2025_6_Colorado2025_x004096_y008704
Unknown_Sample,20251031_068_pol_pro_Ran_ado_2025_6_Colorado2025.czi,Ran_ado,512.52,4293.0,9009.0,31,27,97.94,0.96,20251031_068_pol_pro_Ran_ado_2025_6_Colorado2025_x004096_y008704
Unknown_Sample,20251031_068_pol_pro_Ran_ado_2025_6_Colorado2025.czi,Ran_ado,650.27,4237.0,8883.0,36,30,110.43,0.959,20251031_068_pol_pro_Ran_ado_2025_6_Colorado2025_x004096_y008704
Unknown_Sample,20251031_068_pol_pro_Ran_ado_2025_6_Colorado2025.czi,Ran_ado,504.83,4483.0,8776.0,29,28,95.94,0.957,20251031_068_pol_pro_Ran_ado_2025_6_Colorado2025_x004096_y008704
Unknown_Sample,20251031_068_pol_pro_Ran_ado_2025_6_Colorado2025.czi,Ran_ado,410.94,4114.0,9155.0,26,26,87.11,0.953,20251031_068_pol_pro_Ran_ado_2025_6_Colorado2025_x004096_y008704
Unknown_Sample,20251031_068_pol_pro_Ran_ado_2025_6_Colorado2025.czi,Ran_ado,631.03,5134.0,9287.0,33,31,106.43,0.964,20251031_068_pol_pro_Ran_ado_2025_6_Colorado2025_x004608_y008704
Unknown_Sample,20251031_068_pol_pro_Ran_ado_2025_6_Colorado2025.czi,Ran_ado,551.0,5118.0,9048.0,31,29,100.77,0.96,20251031_068_pol_pro_Ran_ado_2025_6_Colorado2025_x004608_y008704
Unknown_Sample,20251031_068_pol_pro_Ran_ado_2025_6_Colorado2025.czi,Ran_ado,669.13,5115.0,8933.0,36,31,111.84,0.959,20251031_068_pol_pro_Ran_ado_2025_6_Colorado2025_x004608_y008704
Unknown_Sample,20251031_068_pol_pro_Ran_ado_2025_6_Colorado2025.czi,Ran_ado,379.77,5198.0,8807.0,25,24,82.87,0.956,20251031_068_pol_pro_Ran_ado_2025_6_Colorado2025_x004608_y008704
Unknown_Sample,20251031_068_pol_pro_Ran_ado_2025_6_Colorado2025.czi,Ran_ado,641.04,5135.0,9287.0,31,33,108.77,0.961,20251031_068_pol_pro_Ran_ado_2025_6_Colorado2025_x005120_y008704
Unknown_Sample,20251031_068_pol_pro_Ran_ado_2025_6_Colorado2025.czi,Ran_ado,649.5,5379.0,9032.0,32,34,110.43,0.959,20251031_068_pol_pro_Ran_ado_2025_6_Colorado2025_x005120_y008704
Unknown_Sample,20251031_068_pol_pro_Ran_ado_2025_6_Colorado2025.czi,Ran_ado,379.77,5198.0,8807.0,25,24,82.87,0.956,20251031_068_pol_pro_Ran_ado_2025_6_Colorado2025_x005120_y008704
Unknown_Sample,20251031_068_pol_pro_Ran_ado_2025_6_Colorado2025.czi,Ran_ado,412.48,5471.0,8775.0,30,24,88.77,0.955,20251031_068_pol_pro_Ran_ado_2025_6_Colorado2025_x005120_y008704
Unknown_Sample,20251031_068_pol_pro_Ran_ado_2025_6_Colorado2025.czi,Ran_ado,486.74,5473.0,9110.0,31,26,95.36,0.954,20251031_068_pol_pro_Ran_ado_2025_6_Colorado2025_x005120_y008704
Unknown_Sample,20251031_068_pol_pro_Ran_ado_2025_6_Colorado2025.czi,Ran_ado,203.93,5505.0,8709.0,32,13,75.46,0.944,20251031_068_pol_pro_Ran_ado_2025_6_Colorado2025_x005120_y008704
Unknown_Sample,20251031_068_pol_pro_Ran_ado_2025_6_Colorado2025.czi,Ran_ado,220.86,5126.0,8933.0,14,29,72.63,0.939,20251031_068_pol_pro_Ran_ado_2025_6_Colorado2025_x005120_y008704
Unknown_Sample,20251031_068_pol_pro_Ran_ado_2025_6_Colorado2025.czi,Ran_ado,233.56,5126.0,9049.0,14,29,74.38,0.936,20251031_068_pol_pro_Ran_ado_2025_6_Colorado2025_x005120_y008704
Unknown_Sample,20251031_068_pol_pro_Ran_ado_2025_6_Colorado2025.czi,Ran_ado,488.28,5598.0,8971.0,33,28,98.67,0.915,20251031_068_pol_pro_Ran_ado_2025_6_Colorado2025_x005120_y008704
Unknown_Sample,20251031_068_pol_pro_Ran_ado_2025_6_Colorado2025.czi,Ran_ado,542.54,5804.0,9143.0,30,29,98.77,0.956,20251031_068_pol_pro_Ran_ado_2025_6_Colorado2025_x005632_y008704
Unknown_Sample,20251031_068_pol_pro_Ran_ado_2025_6_Colorado2025.czi,Ran_ado,779.17,6042.0,8772.0,35,38,121.5,0.954,20251031_068_pol_pro_Ran_ado_2025_6_Colorado2025_x005632_y008704
Unknown_Sample,20251031_068_pol_pro_Ran_ado_2025_6_Colorado2025.czi,Ran_ado,512.52,5799.0,9084.0,29,29,95.6,0.953,20251031_068_pol_pro_Ran_ado_2025_6_Colorado2025_x005632_y008704
Unknown_Sample,20251031_068_pol_pro_Ran_ado_2025_6_Colorado2025.czi,Ran_ado,529.45,6251.0,9141.0,34,26,100.77,0.949,20251031_068_pol_pro_Ran_ado_2025_6_Colorado2025_x005632_y008704
Unknown_Sample,20251031_068_pol_pro_Ran_ado_2025_6_Colorado2025.czi,Ran_ado,724.92,6529.0,8827.0,38,33,118.08,0.962,20251031_068_pol_pro_Ran_ado_2025_6_Colorado2025_x006144_y008704
Unknown_Sample,20251031_068_pol_pro_Ran_ado_2025_6_Colorado2025.czi,Ran_ado,527.14,6251.0,9141.0,33,26,99.94,0.954,20251031_068_pol_pro_Ran_ado_2025_6_Colorado2025_x006144_y008704
Unknown_Sample,20251031_068_pol_pro_Ran_ado_2025_6_Colorado2025.czi,Ran_ado,632.57,8168.0,8800.0,33,33,108.08,0.96,20251031_068_pol_pro_Ran_ado_2025_6_Colorado2025_x007680_y008704
Unknown_Sample,20251031_068_pol_pro_Ran_ado_2025_6_Colorado2025.czi,Ran_ado,800.72,8531.0,9249.0,35,39,122.33,0.961,20251031_068_pol_pro_Ran_ado_2025_6_Colorado2025_x008192_y008704
Unknown_Sample,20251031_068_pol_pro_Ran_ado_2025_6_Colorado2025.czi,Ran_ado,738.0,8509.0,9166.0,32,38,116.08,0.961,20251031_068_pol_pro_Ran_ado_2025_6_Colorado2025_x008192_y008704
Unknown_Sample,20251031_068_pol_pro_Ran_ado_2025_6_Colorado2025.czi,Ran_ado,640.65,8686.0,9270.0,36,30,108.67,0.96,20251031_068_pol_pro_Ran_ado_2025_6_Colorado2025_x008192_y008704
Unknown_Sample,20251031_068_pol_pro_Ran_ado_2025_6_Colorado2025.czi,Ran_ado,741.85,9230.0,9085.0,35,34,116.43,0.965,20251031_068_pol_pro_Ran_ado_2025_6_Colorado2025_x008704_y008704
Unknown_Sample,20251031_068_pol_pro_Ran_ado_2025_6_Colorado2025.czi,Ran_ado,749.93,9038.0,9173.0,35,35,116.67,0.964,20251031_068_pol_pro_Ran_ado_2025_6_Colorado2025_x008704_y008704
Unknown_Sample,20251031_068_pol_pro_Ran_ado_2025_6_Colorado2025.czi,Ran_ado,483.66,8856.0,9274.0,27,31,95.01,0.958,20251031_068_pol_pro_Ran_ado_2025_6_Colorado2025_x008704_y008704
Unknown_Sample,20251031_068_pol_pro_Ran_ado_2025_6_Colorado2025.czi,Ran_ado,323.21,8987.0,9334.0,27,19,82.14,0.916,20251031_068_pol_pro_Ran_ado_2025_6_Colorado2025_x008704_y008704
Unknown_Sample,20251031_068_pol_pro_Ran_ado_2025_6_Colorado2025.czi,Ran_ado,714.92,9231.0,9085.0,33,34,115.94,0.966,20251031_068_pol_pro_Ran_ado_2025_6_Colorado2025_x009216_y008704
Unknown_Sample,20251031_068_pol_pro_Ran_ado_2025_6_Colorado2025.czi,Ran_ado,869.21,9889.0,9013.0,41,35,126.33,0.963,20251031_068_pol_pro_Ran_ado_2025_6_Colorado2025_x009728_y008704
Unknown_Sample,20251031_068_pol_pro_Ran_ado_2025_6_Colorado2025.czi,Ran_ado,571.39,10294.0,9332.0,39,23,110.04,0.934,20251031_068_pol_pro_Ran_ado_2025_6_Colorado2025_x009728_y008704
Unknown_Sample,20251031_068_pol_pro_Ran_ado_2025_6_Colorado2025.czi,Ran_ado,764.17,10395.0,9298.0,35,36,118.08,0.963,20251031_068_pol_pro_Ran_ado_2025_6_Colorado2025_x010240_y008704
Unknown_Sample,20251031_068_pol_pro_Ran_ado_2025_6_Colorado2025.czi,Ran_ado,492.9,10467.0,9011.0,28,30,96.18,0.96,20251031_068_pol_pro_Ran_ado_2025_6_Colorado2025_x010240_y008704
Unknown_Sample,20251031_068_pol_pro_Ran_ado_2025_6_Colorado2025.czi,Ran_ado,484.43,10718.0,8935.0,31,26,96.53,0.956,20251031_068_pol_pro_Ran_ado_2025_6_Colorado2025_x010240_y008704
Unknown_Sample,20251031_068_pol_pro_Ran_ado_2025_6_Colorado2025.czi,Ran_ado,571.39,10294.0,9332.0,39,23,110.04,0.934,20251031_068_pol_pro_Ran_ado_2025_6_Colorado2025_x010240_y008704
Unknown_Sample,20251031_068_pol_pro_Ran_ado_2025_6_Colorado2025.czi,Ran_ado,849.2,11257.0,8812.0,37,39,125.15,0.964,20251031_068_pol_pro_Ran_ado_2025_6_Colorado2025_x010752_y008704
Unknown_Sample,20251031_068_pol_pro_Ran_ado_2025_6_Colorado2025.czi,Ran_ado,847.66,11156.0,8839.0,38,37,123.15,0.963,20251031_068_pol_pro_Ran_ado_2025_6_Colorado2025_x010752_y008704
Unknown_Sample,20251031_068_pol_pro_Ran_ado_2025_6_Colorado2025.czi,Ran_ado,818.8,10994.0,9184.0,38,37,122.57,0.962,20251031_068_pol_pro_Ran_ado_2025_6_Colorado2025_x010752_y008704
Unknown_Sample,20251031_068_pol_pro_Ran_ado_2025_6_Colorado2025.czi,Ran_ado,896.14,10898.0,9236.0,39,38,127.15,0.962,20251031_068_pol_pro_Ran_ado_2025_6_Colorado2025_x010752_y008704
Unknown_Sample,20251031_068_pol_pro_Ran_ado_2025_6_Colorado2025.czi,Ran_ado,896.53,11263.0,9012.0,40,38,128.57,0.962,20251031_068_pol_pro_Ran_ado_2025_6_Colorado2025_x010752_y008704
Unknown_Sample,20251031_068_pol_pro_Ran_ado_2025_6_Colorado2025.czi,Ran_ado,411.71,11249.0,9300.0,25,29,92.28,0.942,20251031_068_pol_pro_Ran_ado_2025_6_Colorado2025_x010752_y008704
Unknown_Sample,20251031_068_pol_pro_Ran_ado_2025_6_Colorado2025.czi,Ran_ado,747.24,11710.0,8927.0,34,36,117.25,0.963,20251031_068_pol_pro_Ran_ado_2025_6_Colorado2025_x011264_y008704
Unknown_Sample,20251031_068_pol_pro_Ran_ado_2025_6_Colorado2025.czi,Ran_ado,406.32,11272.0,9010.0,19,37,97.46,0.95,20251031_068_pol_pro_Ran_ado_2025_6_Colorado2025_x011264_y008704
Unknown_Sample,20251031_068_pol_pro_Ran_ado_2025_6_Colorado2025.czi,Ran_ado,213.17,11269.0,8813.0,12,37,82.28,0.935,20251031_068_pol_pro_Ran_ado_2025_6_Colorado2025_x011264_y008704
Unknown_Sample,20251031_068_pol_pro_Ran_ado_2025_6_Colorado2025.czi,Ran_ado,836.12,12371.0,9067.0,32,44,126.33,0.966,20251031_068_pol_pro_Ran_ado_2025_6_Colorado2025_x011776_y008704
Unknown_Sample,20251031_068_pol_pro_Ran_ado_2025_6_Colorado2025.czi,Ran_ado,665.66,12371.0,9277.0,32,33,110.77,0.964,20251031_068_pol_pro_Ran_ado_2025_6_Colorado2025_x011776_y008704
Unknown_Sample,20251031_068_pol_pro_Ran_ado_2025_6_Colorado2025.czi,Ran_ado,837.27,12371.0,9067.0,32,44,125.74,0.966,20251031_068_pol_pro_Ran_ado_2025_6_Colorado2025_x012288_y008704
Unknown_Sample,20251031_068_pol_pro_Ran_ado_2025_6_Colorado2025.czi,Ran_ado,666.43,12371.0,9277.0,32,33,110.77,0.964,20251031_068_pol_pro_Ran_ado_2025_6_Colorado2025_x012288_y008704
Unknown_Sample,20251031_068_pol_pro_Ran_ado_2025_6_Colorado2025.czi,Ran_ado,937.32,12676.0,8943.0,37,42,130.57,0.963,20251031_068_pol_pro_Ran_ado_2025_6_Colorado2025_x012288_y008704
Unknown_Sample,20251031_068_pol_pro_Ran_ado_2025_6_Colorado2025.czi,Ran_ado,613.72,12576.0,8803.0,31,33,107.01,0.962,20251031_068_pol_pro_Ran_ado_2025_6_Colorado2025_x012288_y008704
Unknown_Sample,20251031_068_pol_pro_Ran_ado_2025_6_Colorado2025.czi,Ran_ado,489.44,12711.0,8740.0,29,28,94.77,0.954,20251031_068_pol_pro_Ran_ado_2025_6_Colorado2025_x012288_y008704
Unknown_Sample,20251031_068_pol_pro_Ran_ado_2025_6_Colorado2025.czi,Ran_ado,849.2,13006.0,8992.0,37,37,124.67,0.97,20251031_068_pol_pro_Ran_ado_2025_6_Colorado2025_x012800_y008704
Unknown_Sample,20251031_068_pol_pro_Ran_ado_2025_6_Colorado2025.czi,Ran_ado,651.04,13121.0,8876.0,33,33,109.25,0.962,20251031_068_pol_pro_Ran_ado_2025_6_Colorado2025_x012800_y008704
Unknown_Sample,20251031_068_pol_pro_Ran_ado_2025_6_Colorado2025.czi,Ran_ado,853.05,13315.0,9123.0,37,38,124.33,0.962,20251031_068_pol_pro_Ran_ado_2025_6_Colorado2025_x012800_y008704
Unknown_Sample,20251031_068_pol_pro_Ran_ado_2025_6_Colorado2025.czi,Ran_ado,739.16,13011.0,8919.0,35,34,117.01,0.96,20251031_068_pol_pro_Ran_ado_2025_6_Colorado2025_x012800_y008704
Unknown_Sample,20251031_068_pol_pro_Ran_ado_2025_6_Colorado2025.czi,Ran_ado,607.95,13799.0,8801.0,31,33,105.25,0.962,20251031_068_pol_pro_Ran_ado_2025_6_Colorado2025_x013312_y008704
Unknown_Sample,20251031_068_pol_pro_Ran_ado_2025_6_Colorado2025.czi,Ran_ado,757.24,13682.0,9172.0,38,33,118.08,0.962,20251031_068_pol_pro_Ran_ado_2025_6_Colorado2025_x013312_y008704
Unknown_Sample,20251031_068_pol_pro_Ran_ado_2025_6_Colorado2025.czi,Ran_ado,868.44,13760.0,8973.0,42,34,126.33,0.96,20251031_068_pol_pro_Ran_ado_2025_6_Colorado2025_x013312_y008704
Unknown_Sample,20251031_068_pol_pro_Ran_ado_2025_6_Colorado2025.czi,Ran_ado,505.21,13322.0,9123.0,22,38,104.87,0.958,20251031_068_pol_pro_Ran_ado_2025_6_Colorado2025_x013312_y008704
Unknown_Sample,20251031_068_pol_pro_Ran_ado_2025_6_Colorado2025.czi,Ran_ado,656.43,14245.0,8838.0,32,35,110.08,0.961,20251031_068_pol_pro_Ran_ado_2025_6_Colorado2025_x013824_y008704
Unknown_Sample,20251031_068_pol_pro_Ran_ado_2025_6_Colorado2025.czi,Ran_ado,468.66,14326.0,9017.0,28,28,92.77,0.958,20251031_068_pol_pro_Ran_ado_2025_6_Colorado2025_x013824_y008704
Unknown_Sample,20251031_068_pol_pro_Ran_ado_2025_6_Colorado2025.czi,Ran_ado,653.35,14950.0,9026.0,33,34,111.25,0.964,20251031_068_pol_pro_Ran_ado_2025_6_Colorado2025_x014336_y008704
Unknown_Sample,20251031_068_pol_pro_Ran_ado_2025_6_Colorado2025.czi,Ran_ado,877.29,14612.0,9235.0,37,39,132.08,0.96,20251031_068_pol_pro_Ran_ado_2025_6_Colorado2025_x014336_y008704
Unknown_Sample,20251031_068_pol_pro_Ran_ado_2025_6_Colorado2025.czi,Ran_ado,458.65,14787.0,9129.0,28,27,91.94,0.957,20251031_068_pol_pro_Ran_ado_2025_6_Colorado2025_x014336_y008704
Unknown_Sample,20251031_068_pol_pro_Ran_ado_2025_6_Colorado2025.czi,Ran_ado,652.2,14950.0,9026.0,33,34,110.67,0.964,20251031_068_pol_pro_Ran_ado_2025_6_Colorado2025_x014848_y008704
Unknown_Sample,20251031_068_pol_pro_Ran_ado_2025_6_Colorado2025.czi,Ran_ado,868.06,15015.0,8747.0,40,35,126.08,0.963,20251031_068_pol_pro_Ran_ado_2025_6_Colorado2025_x014848_y008704
Unknown_Sample,20251031_068_pol_pro_Ran_ado_2025_6_Colorado2025.czi,Ran_ado,677.21,15936.0,8962.0,32,35,111.25,0.956,20251031_068_pol_pro_Ran_ado_2025_6_Colorado2025_x015360_y008704
Unknown_Sample,20251031_068_pol_pro_Ran_ado_2025_6_Colorado2025.czi,Ran_ado,479.82,15613.0,9130.0,29,27,94.53,0.955,20251031_068_pol_pro_Ran_ado_2025_6_Colorado2025_x015360_y008704
Unknown_Sample,20251031_068_pol_pro_Ran_ado_2025_6_Colorado2025.czi,Ran_ado,677.21,15936.0,8962.0,32,35,111.25,0.956,20251031_068_pol_pro_Ran_ado_2025_6_Colorado2025_x015872_y008704
Unknown_Sample,20251031_068_pol_pro_Ran_ado_2025_6_Colorado2025.czi,Ran_ado,602.18,16852.0,8836.0,35,29,105.84,0.96,20251031_068_pol_pro_Ran_ado_2025_6_Colorado2025_x016384_y008704
Unknown_Sample,20251031_068_pol_pro_Ran_ado_2025_6_Colorado2025.czi,Ran_ado,526.37,16794.0,8717.0,32,27,98.77,0.957,20251031_068_pol_pro_Ran_ado_2025_6_Colorado2025_x016384_y008704
Unknown_Sample,20251031_068_pol_pro_Ran_ado_2025_6_Colorado2025.czi,Ran_ado,426.72,17798.0,8749.0,25,28,89.7,0.957,20251031_068_pol_pro_Ran_ado_2025_6_Colorado2025_x017408_y008704
Unknown_Sample,20251031_068_pol_pro_Ran_ado_2025_6_Colorado2025.czi,Ran_ado,434.41,17974.0,8923.0,26,28,90.53,0.949,20251031_068_pol_pro_Ran_ado_2025_6_Colorado2025_x017408_y008704
Unknown_Sample,20251031_068_pol_pro_Ran_ado_2025_6_Colorado2025.czi,Ran_ado,642.96,18436.0,9131.0,31,34,110.18,0.945,20251031_068_pol_pro_Ran_ado_2025_6_Colorado2025_x017920_y008704
Unknown_Sample,20251031_068_pol_pro_Ran_ado_2025_6_Colorado2025.czi,Ran_ado,452.5,17974.0,8923.0,27,29,92.77,0.941,20251031_068_pol_pro_Ran_ado_2025_6_Colorado2025_x017920_y008704
Unknown_Sample,20251031_068_pol_pro_Ran_ado_2025_6_Colorado2025.czi,Ran_ado,381.7,18441.0,9132.0,19,32,89.8,0.946,20251031_068_pol_pro_Ran_ado_2025_6_Colorado2025_x018432_y008704
Unknown_Sample,20251031_068_pol_pro_Ran_ado_2025_6_Colorado2025.czi,Ran_ado,727.61,1994.0,9260.0,38,33,118.67,0.917,20251031_068_pol_pro_Ran_ado_2025_6_Colorado2025_x001536_y009216
Unknown_Sample,20251031_068_pol_pro_Ran_ado_2025_6_Colorado2025.czi,Ran_ado,466.73,2029.0,9264.0,33,23,94.53,0.911,20251031_068_pol_pro_Ran_ado_2025_6_Colorado2025_x001536_y009216
Unknown_Sample,20251031_068_pol_pro_Ran_ado_2025_6_Colorado2025.czi,Ran_ado,470.2,3176.0,9539.0,27,29,92.77,0.952,20251031_068_pol_pro_Ran_ado_2025_6_Colorado2025_x002560_y009216
Unknown_Sample,20251031_068_pol_pro_Ran_ado_2025_6_Colorado2025.czi,Ran_ado,577.55,3590.0,9231.0,32,30,104.18,0.958,20251031_068_pol_pro_Ran_ado_2025_6_Colorado2025_x003072_y009216
Unknown_Sample,20251031_068_pol_pro_Ran_ado_2025_6_Colorado2025.czi,Ran_ado,572.93,3248.0,9655.0,27,36,105.01,0.957,20251031_068_pol_pro_Ran_ado_2025_6_Colorado2025_x003072_y009216
Unknown_Sample,20251031_068_pol_pro_Ran_ado_2025_6_Colorado2025.czi,Ran_ado,468.66,3176.0,9539.0,27,29,92.77,0.953,20251031_068_pol_pro_Ran_ado_2025_6_Colorado2025_x003072_y009216
Unknown_Sample,20251031_068_pol_pro_Ran_ado_2025_6_Colorado2025.czi,Ran_ado,565.62,3425.0,9510.0,30,32,103.6,0.952,20251031_068_pol_pro_Ran_ado_2025_6_Colorado2025_x003072_y009216
Unknown_Sample,20251031_068_pol_pro_Ran_ado_2025_6_Colorado2025.czi,Ran_ado,642.58,3409.0,9420.0,37,30,111.25,0.95,20251031_068_pol_pro_Ran_ado_2025_6_Colorado2025_x003072_y009216
Unknown_Sample,20251031_068_pol_pro_Ran_ado_2025_6_Colorado2025.czi,Ran_ado,587.55,4164.0,9616.0,31,31,104.18,0.958,20251031_068_pol_pro_Ran_ado_2025_6_Colorado2025_x003584_y009216
Unknown_Sample,20251031_068_pol_pro_Ran_ado_2025_6_Colorado2025.czi,Ran_ado,425.18,4088.0,9282.0,25,29,89.36,0.958,20251031_068_pol_pro_Ran_ado_2025_6_Colorado2025_x003584_y009216
Unknown_Sample,20251031_068_pol_pro_Ran_ado_2025_6_Colorado2025.czi,Ran_ado,440.95,4115.0,9592.0,29,26,91.94,0.957,20251031_068_pol_pro_Ran_ado_2025_6_Colorado2025_x003584_y009216
Unknown_Sample,20251031_068_pol_pro_Ran_ado_2025_6_Colorado2025.czi,Ran_ado,400.17,3594.0,9230.0,22,29,89.8,0.955,20251031_068_pol_pro_Ran_ado_2025_6_Colorado2025_x003584_y009216
Unknown_Sample,20251031_068_pol_pro_Ran_ado_2025_6_Colorado2025.czi,Ran_ado,455.58,3737.0,9481.0,29,26,93.11,0.946,20251031_068_pol_pro_Ran_ado_2025_6_Colorado2025_x003584_y009216
Unknown_Sample,20251031_068_pol_pro_Ran_ado_2025_6_Colorado2025.czi,Ran_ado,675.28,3944.0,9547.0,34,33,117.01,0.92,20251031_068_pol_pro_Ran_ado_2025_6_Colorado2025_x003584_y009216
Unknown_Sample,20251031_068_pol_pro_Ran_ado_2025_6_Colorado2025.czi,Ran_ado,590.63,4164.0,9616.0,31,31,104.18,0.957,20251031_068_pol_pro_Ran_ado_2025_6_Colorado2025_x004096_y009216
Unknown_Sample,20251031_068_pol_pro_Ran_ado_2025_6_Colorado2025.czi,Ran_ado,454.42,4115.0,9591.0,29,27,93.36,0.955,20251031_068_pol_pro_Ran_ado_2025_6_Colorado2025_x004096_y009216
Unknown_Sample,20251031_068_pol_pro_Ran_ado_2025_6_Colorado2025.czi,Ran_ado,507.52,4666.0,9551.0,33,26,98.18,0.939,20251031_068_pol_pro_Ran_ado_2025_6_Colorado2025_x004096_y009216
Unknown_Sample,20251031_068_pol_pro_Ran_ado_2025_6_Colorado2025.czi,Ran_ado,373.23,4637.0,9552.0,24,26,84.28,0.915,20251031_068_pol_pro_Ran_ado_2025_6_Colorado2025_x004096_y009216
Unknown_Sample,20251031_068_pol_pro_Ran_ado_2025_6_Colorado2025.czi,Ran_ado,660.28,5134.0,9287.0,33,32,110.77,0.96,20251031_068_pol_pro_Ran_ado_2025_6_Colorado2025_x004608_y009216
Unknown_Sample,20251031_068_pol_pro_Ran_ado_2025_6_Colorado2025.czi,Ran_ado,656.43,5064.0,9581.0,32,33,108.43,0.943,20251031_068_pol_pro_Ran_ado_2025_6_Colorado2025_x004608_y009216
Unknown_Sample,20251031_068_pol_pro_Ran_ado_2025_6_Colorado2025.czi,Ran_ado,487.9,4666.0,9552.0,33,25,96.77,0.942,20251031_068_pol_pro_Ran_ado_2025_6_Colorado2025_x004608_y009216
Unknown_Sample,20251031_068_pol_pro_Ran_ado_2025_6_Colorado2025.czi,Ran_ado,621.41,4826.0,9457.0,31,33,107.01,0.936,20251031_068_pol_pro_Ran_ado_2025_6_Colorado2025_x004608_y009216
Unknown_Sample,20251031_068_pol_pro_Ran_ado_2025_6_Colorado2025.czi,Ran_ado,563.7,4824.0,9426.0,30,30,102.53,0.928,20251031_068_pol_pro_Ran_ado_2025_6_Colorado2025_x004608_y009216
Unknown_Sample,20251031_068_pol_pro_Ran_ado_2025_6_Colorado2025.czi,Ran_ado,369.0,4637.0,9552.0,24,26,84.87,0.917,20251031_068_pol_pro_Ran_ado_2025_6_Colorado2025_x004608_y009216
Unknown_Sample,20251031_068_pol_pro_Ran_ado_2025_6_Colorado2025.czi,Ran_ado,639.5,5135.0,9287.0,31,33,108.77,0.965,20251031_068_pol_pro_Ran_ado_2025_6_Colorado2025_x005120_y009216
Unknown_Sample,20251031_068_pol_pro_Ran_ado_2025_6_Colorado2025.czi,Ran_ado,628.34,7453.0,9757.0,35,30,106.67,0.959,20251031_068_pol_pro_Ran_ado_2025_6_Colorado2025_x007168_y009216
Unknown_Sample,20251031_068_pol_pro_Ran_ado_2025_6_Colorado2025.czi,Ran_ado,597.17,7397.0,9492.0,33,31,105.25,0.958,20251031_068_pol_pro_Ran_ado_2025_6_Colorado2025_x007168_y009216
Unknown_Sample,20251031_068_pol_pro_Ran_ado_2025_6_Colorado2025.czi,Ran_ado,803.8,8531.0,9249.0,35,39,122.33,0.961,20251031_068_pol_pro_Ran_ado_2025_6_Colorado2025_x008192_y009216
Unknown_Sample,20251031_068_pol_pro_Ran_ado_2025_6_Colorado2025.czi,Ran_ado,639.88,8686.0,9270.0,36,30,108.67,0.96,20251031_068_pol_pro_Ran_ado_2025_6_Colorado2025_x008192_y009216
Unknown_Sample,20251031_068_pol_pro_Ran_ado_2025_6_Colorado2025.czi,Ran_ado,484.43,8856.0,9274.0,27,31,95.01,0.958,20251031_068_pol_pro_Ran_ado_2025_6_Colorado2025_x008704_y009216
Unknown_Sample,20251031_068_pol_pro_Ran_ado_2025_6_Colorado2025.czi,Ran_ado,574.86,9165.0,9794.0,31,33,105.25,0.955,20251031_068_pol_pro_Ran_ado_2025_6_Colorado2025_x008704_y009216
Unknown_Sample,20251031_068_pol_pro_Ran_ado_2025_6_Colorado2025.czi,Ran_ado,444.03,8987.0,9337.0,27,27,91.11,0.953,20251031_068_pol_pro_Ran_ado_2025_6_Colorado2025_x008704_y009216
Unknown_Sample,20251031_068_pol_pro_Ran_ado_2025_6_Colorado2025.czi,Ran_ado,716.07,9719.0,9525.0,37,33,115.5,0.966,20251031_068_pol_pro_Ran_ado_2025_6_Colorado2025_x009216_y009216
Unknown_Sample,20251031_068_pol_pro_Ran_ado_2025_6_Colorado2025.czi,Ran_ado,844.97,10293.0,9337.0,39,35,124.08,0.965,20251031_068_pol_pro_Ran_ado_2025_6_Colorado2025_x009728_y009216
Unknown_Sample,20251031_068_pol_pro_Ran_ado_2025_6_Colorado2025.czi,Ran_ado,776.48,10216.0,9767.0,36,35,119.25,0.963,20251031_068_pol_pro_Ran_ado_2025_6_Colorado2025_x009728_y009216
Unknown_Sample,20251031_068_pol_pro_Ran_ado_2025_6_Colorado2025.czi,Ran_ado,970.02,10226.0,9493.0,42,38,134.33,0.963,20251031_068_pol_pro_Ran_ado_2025_6_Colorado2025_x009728_y009216
Unknown_Sample,20251031_068_pol_pro_Ran_ado_2025_6_Colorado2025.czi,Ran_ado,604.48,9885.0,9380.0,35,28,107.36,0.961,20251031_068_pol_pro_Ran_ado_2025_6_Colorado2025_x009728_y009216
Unknown_Sample,20251031_068_pol_pro_Ran_ado_2025_6_Colorado2025.czi,Ran_ado,675.28,9958.0,9413.0,31,36,113.01,0.96,20251031_068_pol_pro_Ran_ado_2025_6_Colorado2025_x009728_y009216
Unknown_Sample,20251031_068_pol_pro_Ran_ado_2025_6_Colorado2025.czi,Ran_ado,678.36,10064.0,9734.0,33,33,111.01,0.959,20251031_068_pol_pro_Ran_ado_2025_6_Colorado2025_x009728_y009216
Unknown_Sample,20251031_068_pol_pro_Ran_ado_2025_6_Colorado2025.czi,Ran_ado,408.63,10308.0,9382.0,32,21,91.46,0.95,20251031_068_pol_pro_Ran_ado_2025_6_Colorado2025_x009728_y009216
Unknown_Sample,20251031_068_pol_pro_Ran_ado_2025_6_Colorado2025.czi,Ran_ado,477.51,10356.0,9409.0,24,31,97.21,0.94,20251031_068_pol_pro_Ran_ado_2025_6_Colorado2025_x009728_y009216
Unknown_Sample,20251031_068_pol_pro_Ran_ado_2025_6_Colorado2025.czi,Ran_ado,131.98,9732.0,9524.0,10,28,63.21,0.935,20251031_068_pol_pro_Ran_ado_2025_6_Colorado2025_x009728_y009216
Unknown_Sample,20251031_068_pol_pro_Ran_ado_2025_6_Colorado2025.czi,Ran_ado,755.32,10382.0,9777.0,35,36,117.5,0.966,20251031_068_pol_pro_Ran_ado_2025_6_Colorado2025_x010240_y009216
Unknown_Sample,20251031_068_pol_pro_Ran_ado_2025_6_Colorado2025.czi,Ran_ado,845.74,10293.0,9337.0,39,35,124.08,0.964,20251031_068_pol_pro_Ran_ado_2025_6_Colorado2025_x010240_y009216
Unknown_Sample,20251031_068_pol_pro_Ran_ado_2025_6_Colorado2025.czi,Ran_ado,828.81,10837.0,9417.0,36,39,122.57,0.964,20251031_068_pol_pro_Ran_ado_2025_6_Colorado2025_x010240_y009216
Unknown_Sample,20251031_068_pol_pro_Ran_ado_2025_6_Colorado2025.czi,Ran_ado,766.48,10395.0,9298.0,35,36,118.08,0.963,20251031_068_pol_pro_Ran_ado_2025_6_Colorado2025_x010240_y009216
Unknown_Sample,20251031_068_pol_pro_Ran_ado_2025_6_Colorado2025.czi,Ran_ado,622.95,10359.0,9409.0,33,31,107.01,0.963,20251031_068_pol_pro_Ran_ado_2025_6_Colorado2025_x010240_y009216
Unknown_Sample,20251031_068_pol_pro_Ran_ado_2025_6_Colorado2025.czi,Ran_ado,805.72,10673.0,9823.0,36,37,120.91,0.961,20251031_068_pol_pro_Ran_ado_2025_6_Colorado2025_x010240_y009216
Unknown_Sample,20251031_068_pol_pro_Ran_ado_2025_6_Colorado2025.czi,Ran_ado,408.63,10308.0,9382.0,32,21,91.46,0.95,20251031_068_pol_pro_Ran_ado_2025_6_Colorado2025_x010240_y009216
Unknown_Sample,20251031_068_pol_pro_Ran_ado_2025_6_Colorado2025.czi,Ran_ado,826.5,10837.0,9417.0,36,39,122.57,0.964,20251031_068_pol_pro_Ran_ado_2025_6_Colorado2025_x010752_y009216
Unknown_Sample,20251031_068_pol_pro_Ran_ado_2025_6_Colorado2025.czi,Ran_ado,928.47,10895.0,9750.0,37,43,131.98,0.964,20251031_068_pol_pro_Ran_ado_2025_6_Colorado2025_x010752_y009216
Unknown_Sample,20251031_068_pol_pro_Ran_ado_2025_6_Colorado2025.czi,Ran_ado,903.46,10898.0,9236.0,39,38,127.74,0.963,20251031_068_pol_pro_Ran_ado_2025_6_Colorado2025_x010752_y009216
Unknown_Sample,20251031_068_pol_pro_Ran_ado_2025_6_Colorado2025.czi,Ran_ado,411.71,11249.0,9300.0,25,29,92.28,0.942,20251031_068_pol_pro_Ran_ado_2025_6_Colorado2025_x010752_y009216
Unknown_Sample,20251031_068_pol_pro_Ran_ado_2025_6_Colorado2025.czi,Ran_ado,689.52,11734.0,9733.0,34,33,111.25,0.961,20251031_068_pol_pro_Ran_ado_2025_6_Colorado2025_x011264_y009216
Unknown_Sample,20251031_068_pol_pro_Ran_ado_2025_6_Colorado2025.czi,Ran_ado,776.09,11858.0,9794.0,36,36,119.5,0.96,20251031_068_pol_pro_Ran_ado_2025_6_Colorado2025_x011264_y009216
Unknown_Sample,20251031_068_pol_pro_Ran_ado_2025_6_Colorado2025.czi,Ran_ado,889.99,11605.0,9708.0,36,42,129.15,0.959,20251031_068_pol_pro_Ran_ado_2025_6_Colorado2025_x011264_y009216
Unknown_Sample,20251031_068_pol_pro_Ran_ado_2025_6_Colorado2025.czi,Ran_ado,494.44,11528.0,9782.0,29,28,95.36,0.958,20251031_068_pol_pro_Ran_ado_2025_6_Colorado2025_x011264_y009216
Unknown_Sample,20251031_068_pol_pro_Ran_ado_2025_6_Colorado2025.czi,Ran_ado,502.13,11894.0,9371.0,20,40,106.87,0.913,20251031_068_pol_pro_Ran_ado_2025_6_Colorado2025_x011264_y009216
Unknown_Sample,20251031_068_pol_pro_Ran_ado_2025_6_Colorado2025.czi,Ran_ado,427.1,11894.0,9408.0,19,38,100.63,0.9,20251031_068_pol_pro_Ran_ado_2025_6_Colorado2025_x011264_y009216
Unknown_Sample,20251031_068_pol_pro_Ran_ado_2025_6_Colorado2025.czi,Ran_ado,666.43,12371.0,9277.0,32,33,110.77,0.964,20251031_068_pol_pro_Ran_ado_2025_6_Colorado2025_x011776_y009216
Unknown_Sample,20251031_068_pol_pro_Ran_ado_2025_6_Colorado2025.czi,Ran_ado,777.25,11858.0,9794.0,36,36,118.91,0.96,20251031_068_pol_pro_Ran_ado_2025_6_Colorado2025_x011776_y009216
Unknown_Sample,20251031_068_pol_pro_Ran_ado_2025_6_Colorado2025.czi,Ran_ado,931.16,11904.0,9409.0,39,39,130.91,0.955,20251031_068_pol_pro_Ran_ado_2025_6_Colorado2025_x011776_y009216
Unknown_Sample,20251031_068_pol_pro_Ran_ado_2025_6_Colorado2025.czi,Ran_ado,925.39,11901.0,9371.0,38,40,129.15,0.947,20251031_068_pol_pro_Ran_ado_2025_6_Colorado2025_x011776_y009216
Unknown_Sample,20251031_068_pol_pro_Ran_ado_2025_6_Colorado2025.czi,Ran_ado,842.66,12672.0,9620.0,35,39,124.08,0.965,20251031_068_pol_pro_Ran_ado_2025_6_Colorado2025_x012288_y009216
Unknown_Sample,20251031_068_pol_pro_Ran_ado_2025_6_Colorado2025.czi,Ran_ado,666.43,12371.0,9277.0,32,33,110.77,0.964,20251031_068_pol_pro_Ran_ado_2025_6_Colorado2025_x012288_y009216
Unknown_Sample,20251031_068_pol_pro_Ran_ado_2025_6_Colorado2025.czi,Ran_ado,633.34,12712.0,9800.0,30,35,108.43,0.96,20251031_068_pol_pro_Ran_ado_2025_6_Colorado2025_x012288_y009216
Unknown_Sample,20251031_068_pol_pro_Ran_ado_2025_6_Colorado2025.czi,Ran_ado,824.19,13293.0,9668.0,39,35,122.91,0.961,20251031_068_pol_pro_Ran_ado_2025_6_Colorado2025_x012800_y009216
Unknown_Sample,20251031_068_pol_pro_Ran_ado_2025_6_Colorado2025.czi,Ran_ado,594.86,13017.0,9744.0,33,31,105.25,0.951,20251031_068_pol_pro_Ran_ado_2025_6_Colorado2025_x012800_y009216
Unknown_Sample,20251031_068_pol_pro_Ran_ado_2025_6_Colorado2025.czi,Ran_ado,457.5,13310.0,9786.0,29,28,93.01,0.947,20251031_068_pol_pro_Ran_ado_2025_6_Colorado2025_x012800_y009216
Unknown_Sample,20251031_068_pol_pro_Ran_ado_2025_6_Colorado2025.czi,Ran_ado,419.02,13427.0,9370.0,26,26,90.04,0.941,20251031_068_pol_pro_Ran_ado_2025_6_Colorado2025_x012800_y009216
Unknown_Sample,20251031_068_pol_pro_Ran_ado_2025_6_Colorado2025.czi,Ran_ado,285.89,12981.0,9600.0,25,21,74.53,0.879,20251031_068_pol_pro_Ran_ado_2025_6_Colorado2025_x012800_y009216
Unknown_Sample,20251031_068_pol_pro_Ran_ado_2025_6_Colorado2025.czi,Ran_ado,397.09,12994.0,9585.0,30,25,89.6,0.871,20251031_068_pol_pro_Ran_ado_2025_6_Colorado2025_x012800_y009216
Unknown_Sample,20251031_068_pol_pro_Ran_ado_2025_6_Colorado2025.czi,Ran_ado,448.26,13428.0,9370.0,29,26,90.18,0.955,20251031_068_pol_pro_Ran_ado_2025_6_Colorado2025_x013312_y009216
Unknown_Sample,20251031_068_pol_pro_Ran_ado_2025_6_Colorado2025.czi,Ran_ado,189.31,13317.0,9784.0,13,28,69.8,0.938,20251031_068_pol_pro_Ran_ado_2025_6_Colorado2025_x013312_y009216
Unknown_Sample,20251031_068_pol_pro_Ran_ado_2025_6_Colorado2025.czi,Ran_ado,901.53,14110.0,9553.0,38,38,128.67,0.966,20251031_068_pol_pro_Ran_ado_2025_6_Colorado2025_x013824_y009216
Unknown_Sample,20251031_068_pol_pro_Ran_ado_2025_6_Colorado2025.czi,Ran_ado,723.77,14568.0,9372.0,39,31,115.5,0.962,20251031_068_pol_pro_Ran_ado_2025_6_Colorado2025_x014336_y009216
Unknown_Sample,20251031_068_pol_pro_Ran_ado_2025_6_Colorado2025.czi,Ran_ado,881.52,14612.0,9235.0,37,39,132.67,0.958,20251031_068_pol_pro_Ran_ado_2025_6_Colorado2025_x014336_y009216
Unknown_Sample,20251031_068_pol_pro_Ran_ado_2025_6_Colorado2025.czi,Ran_ado,758.39,15713.0,9684.0,32,39,118.67,0.962,20251031_068_pol_pro_Ran_ado_2025_6_Colorado2025_x015360_y009216
Unknown_Sample,20251031_068_pol_pro_Ran_ado_2025_6_Colorado2025.czi,Ran_ado,656.04,15664.0,9832.0,33,33,109.84,0.959,20251031_068_pol_pro_Ran_ado_2025_6_Colorado2025_x015360_y009216
Unknown_Sample,20251031_068_pol_pro_Ran_ado_2025_6_Colorado2025.czi,Ran_ado,619.88,16119.0,9543.0,29,37,108.67,0.957,20251031_068_pol_pro_Ran_ado_2025_6_Colorado2025_x015872_y009216
Unknown_Sample,20251031_068_pol_pro_Ran_ado_2025_6_Colorado2025.czi,Ran_ado,408.25,16632.0,9407.0,29,24,88.53,0.958,20251031_068_pol_pro_Ran_ado_2025_6_Colorado2025_x016384_y009216
Unknown_Sample,20251031_068_pol_pro_Ran_ado_2025_6_Colorado2025.czi,Ran_ado,409.4,16921.0,9365.0,29,23,88.28,0.953,20251031_068_pol_pro_Ran_ado_2025_6_Colorado2025_x016384_y009216
Unknown_Sample,20251031_068_pol_pro_Ran_ado_2025_6_Colorado2025.czi,Ran_ado,409.4,16921.0,9365.0,29,23,88.28,0.952,20251031_068_pol_pro_Ran_ado_2025_6_Colorado2025_x016896_y009216
Unknown_Sample,20251031_068_pol_pro_Ran_ado_2025_6_Colorado2025.czi,Ran_ado,516.37,18313.0,9472.0,31,28,98.77,0.915,20251031_068_pol_pro_Ran_ado_2025_6_Colorado2025_x017920_y009216
Unknown_Sample,20251031_068_pol_pro_Ran_ado_2025_6_Colorado2025.czi,Ran_ado,498.29,3062.0,10132.0,32,27,97.01,0.953,20251031_068_pol_pro_Ran_ado_2025_6_Colorado2025_x002560_y009728
Unknown_Sample,20251031_068_pol_pro_Ran_ado_2025_6_Colorado2025.czi,Ran_ado,532.53,2957.0,10116.0,33,28,99.25,0.952,20251031_068_pol_pro_Ran_ado_2025_6_Colorado2025_x002560_y009728
Unknown_Sample,20251031_068_pol_pro_Ran_ado_2025_6_Colorado2025.czi,Ran_ado,654.12,3013.0,10082.0,31,34,110.77,0.95,20251031_068_pol_pro_Ran_ado_2025_6_Colorado2025_x002560_y009728
Unknown_Sample,20251031_068_pol_pro_Ran_ado_2025_6_Colorado2025.czi,Ran_ado,458.27,2754.0,10113.0,33,24,96.53,0.904,20251031_068_pol_pro_Ran_ado_2025_6_Colorado2025_x002560_y009728
Unknown_Sample,20251031_068_pol_pro_Ran_ado_2025_6_Colorado2025.czi,Ran_ado,492.13,2727.0,10119.0,27,30,96.53,0.897,20251031_068_pol_pro_Ran_ado_2025_6_Colorado2025_x002560_y009728
Unknown_Sample,20251031_068_pol_pro_Ran_ado_2025_6_Colorado2025.czi,Ran_ado,543.3,3604.0,10014.0,31,31,102.43,0.954,20251031_068_pol_pro_Ran_ado_2025_6_Colorado2025_x003072_y009728
Unknown_Sample,20251031_068_pol_pro_Ran_ado_2025_6_Colorado2025.czi,Ran_ado,616.8,4176.0,10115.0,31,32,105.01,0.96,20251031_068_pol_pro_Ran_ado_2025_6_Colorado2025_x003584_y009728
Unknown_Sample,20251031_068_pol_pro_Ran_ado_2025_6_Colorado2025.czi,Ran_ado,532.53,3604.0,10014.0,31,30,101.6,0.954,20251031_068_pol_pro_Ran_ado_2025_6_Colorado2025_x003584_y009728
Unknown_Sample,20251031_068_pol_pro_Ran_ado_2025_6_Colorado2025.czi,Ran_ado,464.04,4109.0,10168.0,32,25,94.77,0.952,20251031_068_pol_pro_Ran_ado_2025_6_Colorado2025_x003584_y009728
Unknown_Sample,20251031_068_pol_pro_Ran_ado_2025_6_Colorado2025.czi,Ran_ado,277.04,3762.0,9946.0,28,17,78.97,0.946,20251031_068_pol_pro_Ran_ado_2025_6_Colorado2025_x003584_y009728
Unknown_Sample,20251031_068_pol_pro_Ran_ado_2025_6_Colorado2025.czi,Ran_ado,597.17,3905.0,10037.0,33,31,105.25,0.945,20251031_068_pol_pro_Ran_ado_2025_6_Colorado2025_x003584_y009728
Unknown_Sample,20251031_068_pol_pro_Ran_ado_2025_6_Colorado2025.czi,Ran_ado,491.74,3875.0,10024.0,29,29,95.6,0.942,20251031_068_pol_pro_Ran_ado_2025_6_Colorado2025_x003584_y009728
Unknown_Sample,20251031_068_pol_pro_Ran_ado_2025_6_Colorado2025.czi,Ran_ado,616.03,4176.0,10115.0,31,32,105.01,0.959,20251031_068_pol_pro_Ran_ado_2025_6_Colorado2025_x004096_y009728
Unknown_Sample,20251031_068_pol_pro_Ran_ado_2025_6_Colorado2025.czi,Ran_ado,657.58,4358.0,10266.0,33,34,110.67,0.959,20251031_068_pol_pro_Ran_ado_2025_6_Colorado2025_x004096_y009728
Unknown_Sample,20251031_068_pol_pro_Ran_ado_2025_6_Colorado2025.czi,Ran_ado,508.67,4402.0,10155.0,29,30,97.6,0.958,20251031_068_pol_pro_Ran_ado_2025_6_Colorado2025_x004096_y009728
Unknown_Sample,20251031_068_pol_pro_Ran_ado_2025_6_Colorado2025.czi,Ran_ado,445.57,4110.0,10168.0,30,25,91.94,0.955,20251031_068_pol_pro_Ran_ado_2025_6_Colorado2025_x004096_y009728
Unknown_Sample,20251031_068_pol_pro_Ran_ado_2025_6_Colorado2025.czi,Ran_ado,569.85,4639.0,10202.0,35,27,104.18,0.953,20251031_068_pol_pro_Ran_ado_2025_6_Colorado2025_x004096_y009728
Unknown_Sample,20251031_068_pol_pro_Ran_ado_2025_6_Colorado2025.czi,Ran_ado,614.87,4346.0,10198.0,36,30,109.25,0.951,20251031_068_pol_pro_Ran_ado_2025_6_Colorado2025_x004096_y009728
Unknown_Sample,20251031_068_pol_pro_Ran_ado_2025_6_Colorado2025.czi,Ran_ado,327.83,4606.0,10201.0,26,22,79.11,0.947,20251031_068_pol_pro_Ran_ado_2025_6_Colorado2025_x004096_y009728
Unknown_Sample,20251031_068_pol_pro_Ran_ado_2025_6_Colorado2025.czi,Ran_ado,725.3,5068.0,10315.0,35,34,115.84,0.961,20251031_068_pol_pro_Ran_ado_2025_6_Colorado2025_x004608_y009728
Unknown_Sample,20251031_068_pol_pro_Ran_ado_2025_6_Colorado2025.czi,Ran_ado,509.44,4971.0,10192.0,30,27,95.94,0.961,20251031_068_pol_pro_Ran_ado_2025_6_Colorado2025_x004608_y009728
Unknown_Sample,20251031_068_pol_pro_Ran_ado_2025_6_Colorado2025.czi,Ran_ado,656.04,4782.0,10349.0,31,35,112.18,0.95,20251031_068_pol_pro_Ran_ado_2025_6_Colorado2025_x004608_y009728
Unknown_Sample,20251031_068_pol_pro_Ran_ado_2025_6_Colorado2025.czi,Ran_ado,568.32,4639.0,10202.0,35,27,104.18,0.948,20251031_068_pol_pro_Ran_ado_2025_6_Colorado2025_x004608_y009728
Unknown_Sample,20251031_068_pol_pro_Ran_ado_2025_6_Colorado2025.czi,Ran_ado,626.42,5182.0,10132.0,37,32,117.74,0.939,20251031_068_pol_pro_Ran_ado_2025_6_Colorado2025_x004608_y009728
Unknown_Sample,20251031_068_pol_pro_Ran_ado_2025_6_Colorado2025.czi,Ran_ado,116.2,4613.0,10202.0,11,20,52.14,0.92,20251031_068_pol_pro_Ran_ado_2025_6_Colorado2025_x004608_y009728
Unknown_Sample,20251031_068_pol_pro_Ran_ado_2025_6_Colorado2025.czi,Ran_ado,657.58,5210.0,10151.0,34,34,117.84,0.913,20251031_068_pol_pro_Ran_ado_2025_6_Colorado2025_x004608_y009728
Unknown_Sample,20251031_068_pol_pro_Ran_ado_2025_6_Colorado2025.czi,Ran_ado,668.74,5635.0,10101.0,32,34,110.43,0.963,20251031_068_pol_pro_Ran_ado_2025_6_Colorado2025_x005120_y009728
Unknown_Sample,20251031_068_pol_pro_Ran_ado_2025_6_Colorado2025.czi,Ran_ado,815.73,5713.0,10147.0,36,38,121.74,0.96,20251031_068_pol_pro_Ran_ado_2025_6_Colorado2025_x005120_y009728
Unknown_Sample,20251031_068_pol_pro_Ran_ado_2025_6_Colorado2025.czi,Ran_ado,626.42,5182.0,10132.0,37,32,117.74,0.938,20251031_068_pol_pro_Ran_ado_2025_6_Colorado2025_x005120_y009728
Unknown_Sample,20251031_068_pol_pro_Ran_ado_2025_6_Colorado2025.czi,Ran_ado,658.35,5210.0,10151.0,34,34,117.84,0.913,20251031_068_pol_pro_Ran_ado_2025_6_Colorado2025_x005120_y009728
Unknown_Sample,20251031_068_pol_pro_Ran_ado_2025_6_Colorado2025.czi,Ran_ado,738.39,5877.0,10133.0,37,32,117.01,0.962,20251031_068_pol_pro_Ran_ado_2025_6_Colorado2025_x005632_y009728
Unknown_Sample,20251031_068_pol_pro_Ran_ado_2025_6_Colorado2025.czi,Ran_ado,815.73,5713.0,10147.0,36,38,121.74,0.96,20251031_068_pol_pro_Ran_ado_2025_6_Colorado2025_x005632_y009728
Unknown_Sample,20251031_068_pol_pro_Ran_ado_2025_6_Colorado2025.czi,Ran_ado,393.63,5641.0,10102.0,19,34,92.04,0.956,20251031_068_pol_pro_Ran_ado_2025_6_Colorado2025_x005632_y009728
Unknown_Sample,20251031_068_pol_pro_Ran_ado_2025_6_Colorado2025.czi,Ran_ado,479.05,6041.0,10310.0,29,29,96.18,0.953,20251031_068_pol_pro_Ran_ado_2025_6_Colorado2025_x005632_y009728
Unknown_Sample,20251031_068_pol_pro_Ran_ado_2025_6_Colorado2025.czi,Ran_ado,814.19,5910.0,10350.0,40,35,126.08,0.952,20251031_068_pol_pro_Ran_ado_2025_6_Colorado2025_x005632_y009728
Unknown_Sample,20251031_068_pol_pro_Ran_ado_2025_6_Colorado2025.czi,Ran_ado,762.24,6254.0,10128.0,34,36,120.18,0.944,20251031_068_pol_pro_Ran_ado_2025_6_Colorado2025_x005632_y009728
Unknown_Sample,20251031_068_pol_pro_Ran_ado_2025_6_Colorado2025.czi,Ran_ado,769.17,6254.0,10128.0,35,36,118.67,0.955,20251031_068_pol_pro_Ran_ado_2025_6_Colorado2025_x006144_y009728
Unknown_Sample,20251031_068_pol_pro_Ran_ado_2025_6_Colorado2025.czi,Ran_ado,723.38,7553.0,9875.0,34,35,114.08,0.963,20251031_068_pol_pro_Ran_ado_2025_6_Colorado2025_x007168_y009728
Unknown_Sample,20251031_068_pol_pro_Ran_ado_2025_6_Colorado2025.czi,Ran_ado,617.95,7453.0,9756.0,35,29,107.6,0.96,20251031_068_pol_pro_Ran_ado_2025_6_Colorado2025_x007168_y009728
Unknown_Sample,20251031_068_pol_pro_Ran_ado_2025_6_Colorado2025.czi,Ran_ado,856.9,7387.0,9908.0,37,40,125.98,0.955,20251031_068_pol_pro_Ran_ado_2025_6_Colorado2025_x007168_y009728
Unknown_Sample,20251031_068_pol_pro_Ran_ado_2025_6_Colorado2025.czi,Ran_ado,451.34,7611.0,9958.0,29,25,90.53,0.948,20251031_068_pol_pro_Ran_ado_2025_6_Colorado2025_x007168_y009728
Unknown_Sample,20251031_068_pol_pro_Ran_ado_2025_6_Colorado2025.czi,Ran_ado,875.37,9307.0,10059.0,37,39,126.33,0.964,20251031_068_pol_pro_Ran_ado_2025_6_Colorado2025_x008704_y009728
Unknown_Sample,20251031_068_pol_pro_Ran_ado_2025_6_Colorado2025.czi,Ran_ado,715.3,8993.0,9941.0,35,34,114.67,0.963,20251031_068_pol_pro_Ran_ado_2025_6_Colorado2025_x008704_y009728
Unknown_Sample,20251031_068_pol_pro_Ran_ado_2025_6_Colorado2025.czi,Ran_ado,574.47,9165.0,9794.0,31,33,104.67,0.954,20251031_068_pol_pro_Ran_ado_2025_6_Colorado2025_x008704_y009728
Unknown_Sample,20251031_068_pol_pro_Ran_ado_2025_6_Colorado2025.czi,Ran_ado,876.14,9306.0,10059.0,37,39,126.33,0.964,20251031_068_pol_pro_Ran_ado_2025_6_Colorado2025_x009216_y009728
Unknown_Sample,20251031_068_pol_pro_Ran_ado_2025_6_Colorado2025.czi,Ran_ado,986.18,9501.0,10214.0,40,40,134.33,0.962,20251031_068_pol_pro_Ran_ado_2025_6_Colorado2025_x009216_y009728
Unknown_Sample,20251031_068_pol_pro_Ran_ado_2025_6_Colorado2025.czi,Ran_ado,908.46,10304.0,10043.0,39,38,128.33,0.963,20251031_068_pol_pro_Ran_ado_2025_6_Colorado2025_x009728_y009728
Unknown_Sample,20251031_068_pol_pro_Ran_ado_2025_6_Colorado2025.czi,Ran_ado,779.17,10215.0,9767.0,36,35,119.84,0.961,20251031_068_pol_pro_Ran_ado_2025_6_Colorado2025_x009728_y009728
Unknown_Sample,20251031_068_pol_pro_Ran_ado_2025_6_Colorado2025.czi,Ran_ado,782.25,9891.0,9958.0,35,36,121.01,0.961,20251031_068_pol_pro_Ran_ado_2025_6_Colorado2025_x009728_y009728
Unknown_Sample,20251031_068_pol_pro_Ran_ado_2025_6_Colorado2025.czi,Ran_ado,489.44,10064.0,9739.0,33,23,99.8,0.959,20251031_068_pol_pro_Ran_ado_2025_6_Colorado2025_x009728_y009728
Unknown_Sample,20251031_068_pol_pro_Ran_ado_2025_6_Colorado2025.czi,Ran_ado,844.2,10316.0,10338.0,38,37,126.08,0.959,20251031_068_pol_pro_Ran_ado_2025_6_Colorado2025_x009728_y009728
Unknown_Sample,20251031_068_pol_pro_Ran_ado_2025_6_Colorado2025.czi,Ran_ado,581.78,9978.0,9956.0,32,30,102.43,0.954,20251031_068_pol_pro_Ran_ado_2025_6_Colorado2025_x009728_y009728
Unknown_Sample,20251031_068_pol_pro_Ran_ado_2025_6_Colorado2025.czi,Ran_ado,755.32,10382.0,9777.0,35,36,117.5,0.965,20251031_068_pol_pro_Ran_ado_2025_6_Colorado2025_x010240_y009728
Unknown_Sample,20251031_068_pol_pro_Ran_ado_2025_6_Colorado2025.czi,Ran_ado,728.77,10627.0,10064.0,34,36,117.25,0.964,20251031_068_pol_pro_Ran_ado_2025_6_Colorado2025_x010240_y009728
Unknown_Sample,20251031_068_pol_pro_Ran_ado_2025_6_Colorado2025.czi,Ran_ado,904.61,10304.0,10043.0,39,38,128.33,0.963,20251031_068_pol_pro_Ran_ado_2025_6_Colorado2025_x010240_y009728
Unknown_Sample,20251031_068_pol_pro_Ran_ado_2025_6_Colorado2025.czi,Ran_ado,805.34,10673.0,9823.0,36,37,120.33,0.961,20251031_068_pol_pro_Ran_ado_2025_6_Colorado2025_x010240_y009728
Unknown_Sample,20251031_068_pol_pro_Ran_ado_2025_6_Colorado2025.czi,Ran_ado,848.05,10316.0,10338.0,38,37,126.08,0.959,20251031_068_pol_pro_Ran_ado_2025_6_Colorado2025_x010240_y009728
Unknown_Sample,20251031_068_pol_pro_Ran_ado_2025_6_Colorado2025.czi,Ran_ado,510.21,10714.0,10174.0,28,32,98.43,0.957,20251031_068_pol_pro_Ran_ado_2025_6_Colorado2025_x010240_y009728
Unknown_Sample,20251031_068_pol_pro_Ran_ado_2025_6_Colorado2025.czi,Ran_ado,741.85,11299.0,10011.0,32,38,116.08,0.964,20251031_068_pol_pro_Ran_ado_2025_6_Colorado2025_x010752_y009728
Unknown_Sample,20251031_068_pol_pro_Ran_ado_2025_6_Colorado2025.czi,Ran_ado,929.62,10895.0,9750.0,37,43,132.57,0.963,20251031_068_pol_pro_Ran_ado_2025_6_Colorado2025_x010752_y009728
Unknown_Sample,20251031_068_pol_pro_Ran_ado_2025_6_Colorado2025.czi,Ran_ado,390.55,11379.0,9909.0,23,28,85.7,0.938,20251031_068_pol_pro_Ran_ado_2025_6_Colorado2025_x010752_y009728
Unknown_Sample,20251031_068_pol_pro_Ran_ado_2025_6_Colorado2025.czi,Ran_ado,741.85,11299.0,10011.0,32,38,116.08,0.964,20251031_068_pol_pro_Ran_ado_2025_6_Colorado2025_x011264_y009728
Unknown_Sample,20251031_068_pol_pro_Ran_ado_2025_6_Colorado2025.czi,Ran_ado,755.7,11585.0,10137.0,37,34,118.08,0.962,20251031_068_pol_pro_Ran_ado_2025_6_Colorado2025_x011264_y009728
Unknown_Sample,20251031_068_pol_pro_Ran_ado_2025_6_Colorado2025.czi,Ran_ado,777.25,11858.0,9794.0,36,36,118.91,0.96,20251031_068_pol_pro_Ran_ado_2025_6_Colorado2025_x011264_y009728
Unknown_Sample,20251031_068_pol_pro_Ran_ado_2025_6_Colorado2025.czi,Ran_ado,493.67,11528.0,9782.0,29,28,95.36,0.958,20251031_068_pol_pro_Ran_ado_2025_6_Colorado2025_x011264_y009728
Unknown_Sample,20251031_068_pol_pro_Ran_ado_2025_6_Colorado2025.czi,Ran_ado,455.96,11734.0,9738.0,34,22,96.87,0.954,20251031_068_pol_pro_Ran_ado_2025_6_Colorado2025_x011264_y009728
Unknown_Sample,20251031_068_pol_pro_Ran_ado_2025_6_Colorado2025.czi,Ran_ado,456.73,11519.0,9877.0,29,26,92.53,0.954,20251031_068_pol_pro_Ran_ado_2025_6_Colorado2025_x011264_y009728
Unknown_Sample,20251031_068_pol_pro_Ran_ado_2025_6_Colorado2025.czi,Ran_ado,518.29,11612.0,10109.0,29,30,97.01,0.951,20251031_068_pol_pro_Ran_ado_2025_6_Colorado2025_x011264_y009728
Unknown_Sample,20251031_068_pol_pro_Ran_ado_2025_6_Colorado2025.czi,Ran_ado,390.93,11379.0,9909.0,23,28,85.11,0.95,20251031_068_pol_pro_Ran_ado_2025_6_Colorado2025_x011264_y009728
Unknown_Sample,20251031_068_pol_pro_Ran_ado_2025_6_Colorado2025.czi,Ran_ado,318.98,11897.0,10055.0,14,39,93.21,0.894,20251031_068_pol_pro_Ran_ado_2025_6_Colorado2025_x011264_y009728
Unknown_Sample,20251031_068_pol_pro_Ran_ado_2025_6_Colorado2025.czi,Ran_ado,836.89,11906.0,10055.0,35,40,124.33,0.966,20251031_068_pol_pro_Ran_ado_2025_6_Colorado2025_x011776_y009728
Unknown_Sample,20251031_068_pol_pro_Ran_ado_2025_6_Colorado2025.czi,Ran_ado,777.25,11858.0,9794.0,36,36,118.91,0.96,20251031_068_pol_pro_Ran_ado_2025_6_Colorado2025_x011776_y009728
Unknown_Sample,20251031_068_pol_pro_Ran_ado_2025_6_Colorado2025.czi,Ran_ado,892.3,12636.0,9875.0,38,38,127.5,0.96,20251031_068_pol_pro_Ran_ado_2025_6_Colorado2025_x012288_y009728
Unknown_Sample,20251031_068_pol_pro_Ran_ado_2025_6_Colorado2025.czi,Ran_ado,633.34,12712.0,9800.0,30,35,108.43,0.96,20251031_068_pol_pro_Ran_ado_2025_6_Colorado2025_x012288_y009728
Unknown_Sample,20251031_068_pol_pro_Ran_ado_2025_6_Colorado2025.czi,Ran_ado,786.87,13369.0,9891.0,37,36,120.33,0.958,20251031_068_pol_pro_Ran_ado_2025_6_Colorado2025_x012800_y009728
Unknown_Sample,20251031_068_pol_pro_Ran_ado_2025_6_Colorado2025.czi,Ran_ado,455.19,13310.0,9786.0,29,28,93.01,0.949,20251031_068_pol_pro_Ran_ado_2025_6_Colorado2025_x012800_y009728
Unknown_Sample,20251031_068_pol_pro_Ran_ado_2025_6_Colorado2025.czi,Ran_ado,608.33,13017.0,9744.0,33,31,105.84,0.948,20251031_068_pol_pro_Ran_ado_2025_6_Colorado2025_x012800_y009728
Unknown_Sample,20251031_068_pol_pro_Ran_ado_2025_6_Colorado2025.czi,Ran_ado,378.24,12950.0,10104.0,28,24,86.53,0.921,20251031_068_pol_pro_Ran_ado_2025_6_Colorado2025_x012800_y009728
Unknown_Sample,20251031_068_pol_pro_Ran_ado_2025_6_Colorado2025.czi,Ran_ado,549.46,13488.0,10173.0,30,29,101.11,0.962,20251031_068_pol_pro_Ran_ado_2025_6_Colorado2025_x013312_y009728
Unknown_Sample,20251031_068_pol_pro_Ran_ado_2025_6_Colorado2025.czi,Ran_ado,789.18,13369.0,9891.0,37,36,120.33,0.958,20251031_068_pol_pro_Ran_ado_2025_6_Colorado2025_x013312_y009728
Unknown_Sample,20251031_068_pol_pro_Ran_ado_2025_6_Colorado2025.czi,Ran_ado,189.31,13317.0,9784.0,13,28,69.8,0.941,20251031_068_pol_pro_Ran_ado_2025_6_Colorado2025_x013312_y009728
Unknown_Sample,20251031_068_pol_pro_Ran_ado_2025_6_Colorado2025.czi,Ran_ado,791.87,14273.0,10195.0,34,40,120.57,0.963,20251031_068_pol_pro_Ran_ado_2025_6_Colorado2025_x013824_y009728
Unknown_Sample,20251031_068_pol_pro_Ran_ado_2025_6_Colorado2025.czi,Ran_ado,629.11,14201.0,10210.0,34,31,107.84,0.962,20251031_068_pol_pro_Ran_ado_2025_6_Colorado2025_x013824_y009728
Unknown_Sample,20251031_068_pol_pro_Ran_ado_2025_6_Colorado2025.czi,Ran_ado,741.08,14555.0,9996.0,32,37,116.43,0.964,20251031_068_pol_pro_Ran_ado_2025_6_Colorado2025_x014336_y009728
Unknown_Sample,20251031_068_pol_pro_Ran_ado_2025_6_Colorado2025.czi,Ran_ado,459.04,14880.0,10187.0,23,32,92.53,0.959,20251031_068_pol_pro_Ran_ado_2025_6_Colorado2025_x014336_y009728
Unknown_Sample,20251031_068_pol_pro_Ran_ado_2025_6_Colorado2025.czi,Ran_ado,821.88,15232.0,10328.0,41,33,124.08,0.963,20251031_068_pol_pro_Ran_ado_2025_6_Colorado2025_x014848_y009728
Unknown_Sample,20251031_068_pol_pro_Ran_ado_2025_6_Colorado2025.czi,Ran_ado,459.04,14880.0,10187.0,23,32,92.53,0.959,20251031_068_pol_pro_Ran_ado_2025_6_Colorado2025_x014848_y009728
Unknown_Sample,20251031_068_pol_pro_Ran_ado_2025_6_Colorado2025.czi,Ran_ado,499.06,15174.0,10128.0,32,27,98.18,0.956,20251031_068_pol_pro_Ran_ado_2025_6_Colorado2025_x014848_y009728
Unknown_Sample,20251031_068_pol_pro_Ran_ado_2025_6_Colorado2025.czi,Ran_ado,380.16,15320.0,10075.0,25,27,87.11,0.937,20251031_068_pol_pro_Ran_ado_2025_6_Colorado2025_x014848_y009728
Unknown_Sample,20251031_068_pol_pro_Ran_ado_2025_6_Colorado2025.czi,Ran_ado,746.08,15424.0,10062.0,37,34,117.5,0.935,20251031_068_pol_pro_Ran_ado_2025_6_Colorado2025_x014848_y009728
Unknown_Sample,20251031_068_pol_pro_Ran_ado_2025_6_Colorado2025.czi,Ran_ado,673.36,15392.0,10070.0,32,36,112.08,0.934,20251031_068_pol_pro_Ran_ado_2025_6_Colorado2025_x014848_y009728
Unknown_Sample,20251031_068_pol_pro_Ran_ado_2025_6_Colorado2025.czi,Ran_ado,661.43,15664.0,9832.0,34,33,110.67,0.96,20251031_068_pol_pro_Ran_ado_2025_6_Colorado2025_x015360_y009728
Unknown_Sample,20251031_068_pol_pro_Ran_ado_2025_6_Colorado2025.czi,Ran_ado,748.78,15424.0,10062.0,37,34,118.08,0.935,20251031_068_pol_pro_Ran_ado_2025_6_Colorado2025_x015360_y009728
Unknown_Sample,20251031_068_pol_pro_Ran_ado_2025_6_Colorado2025.czi,Ran_ado,673.36,15392.0,10070.0,32,36,112.08,0.933,20251031_068_pol_pro_Ran_ado_2025_6_Colorado2025_x015360_y009728
Unknown_Sample,20251031_068_pol_pro_Ran_ado_2025_6_Colorado2025.czi,Ran_ado,783.41,16574.0,10136.0,35,37,118.91,0.965,20251031_068_pol_pro_Ran_ado_2025_6_Colorado2025_x016384_y009728
Unknown_Sample,20251031_068_pol_pro_Ran_ado_2025_6_Colorado2025.czi,Ran_ado,342.07,16627.0,10004.0,22,26,79.7,0.944,20251031_068_pol_pro_Ran_ado_2025_6_Colorado2025_x016384_y009728
Unknown_Sample,20251031_068_pol_pro_Ran_ado_2025_6_Colorado2025.czi,Ran_ado,432.1,2117.0,10561.0,28,25,90.87,0.932,20251031_068_pol_pro_Ran_ado_2025_6_Colorado2025_x001536_y010240
Unknown_Sample,20251031_068_pol_pro_Ran_ado_2025_6_Colorado2025.czi,Ran_ado,578.7,1908.0,10525.0,34,28,103.6,0.909,20251031_068_pol_pro_Ran_ado_2025_6_Colorado2025_x001536_y010240
Unknown_Sample,20251031_068_pol_pro_Ran_ado_2025_6_Colorado2025.czi,Ran_ado,307.44,1934.0,10477.0,25,23,78.53,0.519,20251031_068_pol_pro_Ran_ado_2025_6_Colorado2025_x001536_y010240
Unknown_Sample,20251031_068_pol_pro_Ran_ado_2025_6_Colorado2025.czi,Ran_ado,428.64,2117.0,10561.0,28,25,90.28,0.934,20251031_068_pol_pro_Ran_ado_2025_6_Colorado2025_x002048_y010240
Unknown_Sample,20251031_068_pol_pro_Ran_ado_2025_6_Colorado2025.czi,Ran_ado,512.14,2924.0,10492.0,28,31,97.01,0.957,20251031_068_pol_pro_Ran_ado_2025_6_Colorado2025_x002560_y010240
Unknown_Sample,20251031_068_pol_pro_Ran_ado_2025_6_Colorado2025.czi,Ran_ado,446.34,3020.0,10777.0,29,27,92.77,0.938,20251031_068_pol_pro_Ran_ado_2025_6_Colorado2025_x002560_y010240
Unknown_Sample,20251031_068_pol_pro_Ran_ado_2025_6_Colorado2025.czi,Ran_ado,635.65,3844.0,10716.0,30,36,109.25,0.97,20251031_068_pol_pro_Ran_ado_2025_6_Colorado2025_x003584_y010240
Unknown_Sample,20251031_068_pol_pro_Ran_ado_2025_6_Colorado2025.czi,Ran_ado,642.19,4358.0,10266.0,33,34,109.5,0.959,20251031_068_pol_pro_Ran_ado_2025_6_Colorado2025_x004096_y010240
Unknown_Sample,20251031_068_pol_pro_Ran_ado_2025_6_Colorado2025.czi,Ran_ado,414.4,4311.0,10475.0,23,30,88.53,0.955,20251031_068_pol_pro_Ran_ado_2025_6_Colorado2025_x004096_y010240
Unknown_Sample,20251031_068_pol_pro_Ran_ado_2025_6_Colorado2025.czi,Ran_ado,690.67,5069.0,10315.0,34,33,113.01,0.966,20251031_068_pol_pro_Ran_ado_2025_6_Colorado2025_x004608_y010240
Unknown_Sample,20251031_068_pol_pro_Ran_ado_2025_6_Colorado2025.czi,Ran_ado,632.57,4781.0,10349.0,30,35,109.6,0.962,20251031_068_pol_pro_Ran_ado_2025_6_Colorado2025_x004608_y010240
Unknown_Sample,20251031_068_pol_pro_Ran_ado_2025_6_Colorado2025.czi,Ran_ado,377.08,5186.0,10829.0,23,27,84.28,0.946,20251031_068_pol_pro_Ran_ado_2025_6_Colorado2025_x004608_y010240
Unknown_Sample,20251031_068_pol_pro_Ran_ado_2025_6_Colorado2025.czi,Ran_ado,701.83,5464.0,10851.0,37,32,116.43,0.965,20251031_068_pol_pro_Ran_ado_2025_6_Colorado2025_x005120_y010240
Unknown_Sample,20251031_068_pol_pro_Ran_ado_2025_6_Colorado2025.czi,Ran_ado,549.46,5717.0,10687.0,30,30,100.77,0.963,20251031_068_pol_pro_Ran_ado_2025_6_Colorado2025_x005120_y010240
Unknown_Sample,20251031_068_pol_pro_Ran_ado_2025_6_Colorado2025.czi,Ran_ado,569.85,5281.0,10798.0,33,29,104.18,0.96,20251031_068_pol_pro_Ran_ado_2025_6_Colorado2025_x005120_y010240
Unknown_Sample,20251031_068_pol_pro_Ran_ado_2025_6_Colorado2025.czi,Ran_ado,603.33,5446.0,10390.0,35,29,106.43,0.958,20251031_068_pol_pro_Ran_ado_2025_6_Colorado2025_x005120_y010240
Unknown_Sample,20251031_068_pol_pro_Ran_ado_2025_6_Colorado2025.czi,Ran_ado,531.76,5520.0,10867.0,33,25,102.63,0.949,20251031_068_pol_pro_Ran_ado_2025_6_Colorado2025_x005120_y010240
Unknown_Sample,20251031_068_pol_pro_Ran_ado_2025_6_Colorado2025.czi,Ran_ado,460.58,5360.0,10540.0,30,25,93.7,0.948,20251031_068_pol_pro_Ran_ado_2025_6_Colorado2025_x005120_y010240
Unknown_Sample,20251031_068_pol_pro_Ran_ado_2025_6_Colorado2025.czi,Ran_ado,377.08,5186.0,10829.0,23,27,84.28,0.946,20251031_068_pol_pro_Ran_ado_2025_6_Colorado2025_x005120_y010240
Unknown_Sample,20251031_068_pol_pro_Ran_ado_2025_6_Colorado2025.czi,Ran_ado,797.26,5910.0,10350.0,40,35,121.4,0.963,20251031_068_pol_pro_Ran_ado_2025_6_Colorado2025_x005632_y010240
Unknown_Sample,20251031_068_pol_pro_Ran_ado_2025_6_Colorado2025.czi,Ran_ado,551.77,5717.0,10687.0,30,30,100.77,0.962,20251031_068_pol_pro_Ran_ado_2025_6_Colorado2025_x005632_y010240
Unknown_Sample,20251031_068_pol_pro_Ran_ado_2025_6_Colorado2025.czi,Ran_ado,469.81,6041.0,10310.0,29,28,94.18,0.953,20251031_068_pol_pro_Ran_ado_2025_6_Colorado2025_x005632_y010240
Unknown_Sample,20251031_068_pol_pro_Ran_ado_2025_6_Colorado2025.czi,Ran_ado,629.11,6425.0,10629.0,30,34,109.36,0.961,20251031_068_pol_pro_Ran_ado_2025_6_Colorado2025_x006144_y010240
Unknown_Sample,20251031_068_pol_pro_Ran_ado_2025_6_Colorado2025.czi,Ran_ado,623.34,6278.0,10729.0,33,31,106.43,0.96,20251031_068_pol_pro_Ran_ado_2025_6_Colorado2025_x006144_y010240
Unknown_Sample,20251031_068_pol_pro_Ran_ado_2025_6_Colorado2025.czi,Ran_ado,803.41,6514.0,10492.0,36,39,121.4,0.956,20251031_068_pol_pro_Ran_ado_2025_6_Colorado2025_x006144_y010240
Unknown_Sample,20251031_068_pol_pro_Ran_ado_2025_6_Colorado2025.czi,Ran_ado,577.17,6526.0,10742.0,34,29,104.43,0.942,20251031_068_pol_pro_Ran_ado_2025_6_Colorado2025_x006144_y010240
Unknown_Sample,20251031_068_pol_pro_Ran_ado_2025_6_Colorado2025.czi,Ran_ado,1085.46,8922.0,10590.0,37,51,159.64,0.893,20251031_068_pol_pro_Ran_ado_2025_6_Colorado2025_x008704_y010240
Unknown_Sample,20251031_068_pol_pro_Ran_ado_2025_6_Colorado2025.czi,Ran_ado,937.32,9641.0,10547.0,41,38,131.74,0.963,20251031_068_pol_pro_Ran_ado_2025_6_Colorado2025_x009216_y010240
Unknown_Sample,20251031_068_pol_pro_Ran_ado_2025_6_Colorado2025.czi,Ran_ado,392.47,9756.0,10488.0,26,25,85.11,0.955,20251031_068_pol_pro_Ran_ado_2025_6_Colorado2025_x009216_y010240
Unknown_Sample,20251031_068_pol_pro_Ran_ado_2025_6_Colorado2025.czi,Ran_ado,607.18,9645.0,10863.0,33,31,106.43,0.928,20251031_068_pol_pro_Ran_ado_2025_6_Colorado2025_x009216_y010240
Unknown_Sample,20251031_068_pol_pro_Ran_ado_2025_6_Colorado2025.czi,Ran_ado,842.66,10316.0,10338.0,38,37,126.08,0.959,20251031_068_pol_pro_Ran_ado_2025_6_Colorado2025_x009728_y010240
Unknown_Sample,20251031_068_pol_pro_Ran_ado_2025_6_Colorado2025.czi,Ran_ado,507.14,10137.0,10467.0,29,28,95.94,0.958,20251031_068_pol_pro_Ran_ado_2025_6_Colorado2025_x009728_y010240
Unknown_Sample,20251031_068_pol_pro_Ran_ado_2025_6_Colorado2025.czi,Ran_ado,392.47,9756.0,10488.0,26,25,85.11,0.954,20251031_068_pol_pro_Ran_ado_2025_6_Colorado2025_x009728_y010240
Unknown_Sample,20251031_068_pol_pro_Ran_ado_2025_6_Colorado2025.czi,Ran_ado,844.2,10316.0,10338.0,38,37,126.08,0.959,20251031_068_pol_pro_Ran_ado_2025_6_Colorado2025_x010240_y010240
Unknown_Sample,20251031_068_pol_pro_Ran_ado_2025_6_Colorado2025.czi,Ran_ado,933.47,10785.0,10641.0,40,39,130.57,0.959,20251031_068_pol_pro_Ran_ado_2025_6_Colorado2025_x010240_y010240
Unknown_Sample,20251031_068_pol_pro_Ran_ado_2025_6_Colorado2025.czi,Ran_ado,839.58,10957.0,10627.0,36,38,122.91,0.963,20251031_068_pol_pro_Ran_ado_2025_6_Colorado2025_x010752_y010240
Unknown_Sample,20251031_068_pol_pro_Ran_ado_2025_6_Colorado2025.czi,Ran_ado,535.22,10904.0,10506.0,32,28,100.18,0.961,20251031_068_pol_pro_Ran_ado_2025_6_Colorado2025_x010752_y010240
Unknown_Sample,20251031_068_pol_pro_Ran_ado_2025_6_Colorado2025.czi,Ran_ado,933.08,10785.0,10641.0,40,39,129.98,0.959,20251031_068_pol_pro_Ran_ado_2025_6_Colorado2025_x010752_y010240
Unknown_Sample,20251031_068_pol_pro_Ran_ado_2025_6_Colorado2025.czi,Ran_ado,803.41,11629.0,10774.0,36,36,121.25,0.966,20251031_068_pol_pro_Ran_ado_2025_6_Colorado2025_x011264_y010240
Unknown_Sample,20251031_068_pol_pro_Ran_ado_2025_6_Colorado2025.czi,Ran_ado,831.12,12112.0,10725.0,38,35,123.25,0.966,20251031_068_pol_pro_Ran_ado_2025_6_Colorado2025_x011776_y010240
Unknown_Sample,20251031_068_pol_pro_Ran_ado_2025_6_Colorado2025.czi,Ran_ado,707.99,12203.0,10434.0,35,33,113.25,0.965,20251031_068_pol_pro_Ran_ado_2025_6_Colorado2025_x011776_y010240
Unknown_Sample,20251031_068_pol_pro_Ran_ado_2025_6_Colorado2025.czi,Ran_ado,754.93,12319.0,10532.0,35,38,118.57,0.96,20251031_068_pol_pro_Ran_ado_2025_6_Colorado2025_x011776_y010240
Unknown_Sample,20251031_068_pol_pro_Ran_ado_2025_6_Colorado2025.czi,Ran_ado,811.49,11923.0,10838.0,38,39,127.15,0.947,20251031_068_pol_pro_Ran_ado_2025_6_Colorado2025_x011776_y010240
Unknown_Sample,20251031_068_pol_pro_Ran_ado_2025_6_Colorado2025.czi,Ran_ado,873.06,12457.0,10543.0,38,37,125.5,0.966,20251031_068_pol_pro_Ran_ado_2025_6_Colorado2025_x012288_y010240
Unknown_Sample,20251031_068_pol_pro_Ran_ado_2025_6_Colorado2025.czi,Ran_ado,878.83,12847.0,10824.0,39,36,126.08,0.966,20251031_068_pol_pro_Ran_ado_2025_6_Colorado2025_x012288_y010240
Unknown_Sample,20251031_068_pol_pro_Ran_ado_2025_6_Colorado2025.czi,Ran_ado,528.3,12649.0,10454.0,29,30,98.18,0.963,20251031_068_pol_pro_Ran_ado_2025_6_Colorado2025_x012288_y010240
Unknown_Sample,20251031_068_pol_pro_Ran_ado_2025_6_Colorado2025.czi,Ran_ado,858.44,12761.0,10710.0,38,39,127.15,0.962,20251031_068_pol_pro_Ran_ado_2025_6_Colorado2025_x012288_y010240
Unknown_Sample,20251031_068_pol_pro_Ran_ado_2025_6_Colorado2025.czi,Ran_ado,756.09,12319.0,10532.0,35,38,119.15,0.961,20251031_068_pol_pro_Ran_ado_2025_6_Colorado2025_x012288_y010240
Unknown_Sample,20251031_068_pol_pro_Ran_ado_2025_6_Colorado2025.czi,Ran_ado,879.6,12847.0,10824.0,39,36,126.08,0.965,20251031_068_pol_pro_Ran_ado_2025_6_Colorado2025_x012800_y010240
Unknown_Sample,20251031_068_pol_pro_Ran_ado_2025_6_Colorado2025.czi,Ran_ado,611.79,13125.0,10405.0,28,36,108.77,0.955,20251031_068_pol_pro_Ran_ado_2025_6_Colorado2025_x012800_y010240
Unknown_Sample,20251031_068_pol_pro_Ran_ado_2025_6_Colorado2025.czi,Ran_ado,903.46,13640.0,10462.0,37,41,128.57,0.966,20251031_068_pol_pro_Ran_ado_2025_6_Colorado2025_x013312_y010240
Unknown_Sample,20251031_068_pol_pro_Ran_ado_2025_6_Colorado2025.czi,Ran_ado,741.46,14099.0,10620.0,34,38,120.67,0.955,20251031_068_pol_pro_Ran_ado_2025_6_Colorado2025_x013824_y010240
Unknown_Sample,20251031_068_pol_pro_Ran_ado_2025_6_Colorado2025.czi,Ran_ado,642.19,14878.0,10663.0,33,31,107.01,0.964,20251031_068_pol_pro_Ran_ado_2025_6_Colorado2025_x014336_y010240
Unknown_Sample,20251031_068_pol_pro_Ran_ado_2025_6_Colorado2025.czi,Ran_ado,912.69,15375.0,10550.0,36,42,129.74,0.967,20251031_068_pol_pro_Ran_ado_2025_6_Colorado2025_x014848_y010240
Unknown_Sample,20251031_068_pol_pro_Ran_ado_2025_6_Colorado2025.czi,Ran_ado,642.19,14878.0,10663.0,33,31,107.01,0.964,20251031_068_pol_pro_Ran_ado_2025_6_Colorado2025_x014848_y010240
Unknown_Sample,20251031_068_pol_pro_Ran_ado_2025_6_Colorado2025.czi,Ran_ado,821.11,15232.0,10328.0,41,33,124.08,0.964,20251031_068_pol_pro_Ran_ado_2025_6_Colorado2025_x014848_y010240
Unknown_Sample,20251031_068_pol_pro_Ran_ado_2025_6_Colorado2025.czi,Ran_ado,700.68,15405.0,10847.0,29,38,114.18,0.962,20251031_068_pol_pro_Ran_ado_2025_6_Colorado2025_x014848_y010240
Unknown_Sample,20251031_068_pol_pro_Ran_ado_2025_6_Colorado2025.czi,Ran_ado,698.37,15467.0,10512.0,34,33,115.36,0.957,20251031_068_pol_pro_Ran_ado_2025_6_Colorado2025_x014848_y010240
Unknown_Sample,20251031_068_pol_pro_Ran_ado_2025_6_Colorado2025.czi,Ran_ado,647.58,15000.0,10615.0,35,31,111.84,0.952,20251031_068_pol_pro_Ran_ado_2025_6_Colorado2025_x014848_y010240
Unknown_Sample,20251031_068_pol_pro_Ran_ado_2025_6_Colorado2025.czi,Ran_ado,861.13,15376.0,10550.0,33,42,127.25,0.969,20251031_068_pol_pro_Ran_ado_2025_6_Colorado2025_x015360_y010240
Unknown_Sample,20251031_068_pol_pro_Ran_ado_2025_6_Colorado2025.czi,Ran_ado,700.68,15405.0,10847.0,29,38,114.18,0.961,20251031_068_pol_pro_Ran_ado_2025_6_Colorado2025_x015360_y010240
Unknown_Sample,20251031_068_pol_pro_Ran_ado_2025_6_Colorado2025.czi,Ran_ado,694.14,15467.0,10512.0,34,33,114.77,0.961,20251031_068_pol_pro_Ran_ado_2025_6_Colorado2025_x015360_y010240
Unknown_Sample,20251031_068_pol_pro_Ran_ado_2025_6_Colorado2025.czi,Ran_ado,768.01,15610.0,10807.0,34,37,118.08,0.96,20251031_068_pol_pro_Ran_ado_2025_6_Colorado2025_x015360_y010240
Unknown_Sample,20251031_068_pol_pro_Ran_ado_2025_6_Colorado2025.czi,Ran_ado,517.14,15558.0,10796.0,31,28,98.77,0.958,20251031_068_pol_pro_Ran_ado_2025_6_Colorado2025_x015360_y010240
Unknown_Sample,20251031_068_pol_pro_Ran_ado_2025_6_Colorado2025.czi,Ran_ado,481.36,15526.0,10528.0,28,28,94.53,0.957,20251031_068_pol_pro_Ran_ado_2025_6_Colorado2025_x015360_y010240
Unknown_Sample,20251031_068_pol_pro_Ran_ado_2025_6_Colorado2025.czi,Ran_ado,339.76,16921.0,10472.0,26,23,80.53,0.953,20251031_068_pol_pro_Ran_ado_2025_6_Colorado2025_x016384_y010240
Unknown_Sample,20251031_068_pol_pro_Ran_ado_2025_6_Colorado2025.czi,Ran_ado,338.22,16921.0,10472.0,26,23,80.53,0.955,20251031_068_pol_pro_Ran_ado_2025_6_Colorado2025_x016896_y010240
Unknown_Sample,20251031_068_pol_pro_Ran_ado_2025_6_Colorado2025.czi,Ran_ado,395.17,17110.0,10444.0,24,27,85.7,0.954,20251031_068_pol_pro_Ran_ado_2025_6_Colorado2025_x016896_y010240
Unknown_Sample,20251031_068_pol_pro_Ran_ado_2025_6_Colorado2025.czi,Ran_ado,295.51,17618.0,10835.0,21,25,76.28,0.933,20251031_068_pol_pro_Ran_ado_2025_6_Colorado2025_x017408_y010240
Unknown_Sample,20251031_068_pol_pro_Ran_ado_2025_6_Colorado2025.czi,Ran_ado,506.37,2192.0,11071.0,33,28,100.43,0.933,20251031_068_pol_pro_Ran_ado_2025_6_Colorado2025_x002048_y010752
Unknown_Sample,20251031_068_pol_pro_Ran_ado_2025_6_Colorado2025.czi,Ran_ado,460.96,3020.0,10778.0,30,27,93.6,0.938,20251031_068_pol_pro_Ran_ado_2025_6_Colorado2025_x002560_y010752
Unknown_Sample,20251031_068_pol_pro_Ran_ado_2025_6_Colorado2025.czi,Ran_ado,656.04,3523.0,11105.0,30,37,110.67,0.959,20251031_068_pol_pro_Ran_ado_2025_6_Colorado2025_x003072_y010752
Unknown_Sample,20251031_068_pol_pro_Ran_ado_2025_6_Colorado2025.czi,Ran_ado,541.0,3365.0,11269.0,29,31,100.77,0.953,20251031_068_pol_pro_Ran_ado_2025_6_Colorado2025_x003072_y010752
Unknown_Sample,20251031_068_pol_pro_Ran_ado_2025_6_Colorado2025.czi,Ran_ado,638.73,3864.0,11268.0,30,36,109.25,0.956,20251031_068_pol_pro_Ran_ado_2025_6_Colorado2025_x003584_y010752
Unknown_Sample,20251031_068_pol_pro_Ran_ado_2025_6_Colorado2025.czi,Ran_ado,458.65,4127.0,11309.0,30,26,93.94,0.956,20251031_068_pol_pro_Ran_ado_2025_6_Colorado2025_x003584_y010752
Unknown_Sample,20251031_068_pol_pro_Ran_ado_2025_6_Colorado2025.czi,Ran_ado,542.15,4626.0,11100.0,30,29,99.36,0.964,20251031_068_pol_pro_Ran_ado_2025_6_Colorado2025_x004096_y010752
Unknown_Sample,20251031_068_pol_pro_Ran_ado_2025_6_Colorado2025.czi,Ran_ado,509.83,4516.0,11131.0,30,28,97.36,0.959,20251031_068_pol_pro_Ran_ado_2025_6_Colorado2025_x004096_y010752
Unknown_Sample,20251031_068_pol_pro_Ran_ado_2025_6_Colorado2025.czi,Ran_ado,460.19,4127.0,11309.0,30,26,93.94,0.956,20251031_068_pol_pro_Ran_ado_2025_6_Colorado2025_x004096_y010752
Unknown_Sample,20251031_068_pol_pro_Ran_ado_2025_6_Colorado2025.czi,Ran_ado,656.81,5164.0,11150.0,32,35,109.5,0.963,20251031_068_pol_pro_Ran_ado_2025_6_Colorado2025_x004608_y010752
Unknown_Sample,20251031_068_pol_pro_Ran_ado_2025_6_Colorado2025.czi,Ran_ado,542.54,4626.0,11100.0,30,29,99.94,0.962,20251031_068_pol_pro_Ran_ado_2025_6_Colorado2025_x004608_y010752
Unknown_Sample,20251031_068_pol_pro_Ran_ado_2025_6_Colorado2025.czi,Ran_ado,377.08,5186.0,10829.0,23,27,84.28,0.946,20251031_068_pol_pro_Ran_ado_2025_6_Colorado2025_x004608_y010752
Unknown_Sample,20251031_068_pol_pro_Ran_ado_2025_6_Colorado2025.czi,Ran_ado,317.06,4739.0,11323.0,18,30,82.63,0.935,20251031_068_pol_pro_Ran_ado_2025_6_Colorado2025_x004608_y010752
Unknown_Sample,20251031_068_pol_pro_Ran_ado_2025_6_Colorado2025.czi,Ran_ado,699.91,5464.0,10851.0,37,32,115.84,0.965,20251031_068_pol_pro_Ran_ado_2025_6_Colorado2025_x005120_y010752
Unknown_Sample,20251031_068_pol_pro_Ran_ado_2025_6_Colorado2025.czi,Ran_ado,592.56,5520.0,10868.0,33,30,106.77,0.964,20251031_068_pol_pro_Ran_ado_2025_6_Colorado2025_x005120_y010752
Unknown_Sample,20251031_068_pol_pro_Ran_ado_2025_6_Colorado2025.czi,Ran_ado,658.35,5164.0,11150.0,32,35,109.5,0.962,20251031_068_pol_pro_Ran_ado_2025_6_Colorado2025_x005120_y010752
Unknown_Sample,20251031_068_pol_pro_Ran_ado_2025_6_Colorado2025.czi,Ran_ado,569.85,5281.0,10798.0,33,29,104.18,0.96,20251031_068_pol_pro_Ran_ado_2025_6_Colorado2025_x005120_y010752
Unknown_Sample,20251031_068_pol_pro_Ran_ado_2025_6_Colorado2025.czi,Ran_ado,540.23,5639.0,11180.0,32,28,99.6,0.958,20251031_068_pol_pro_Ran_ado_2025_6_Colorado2025_x005120_y010752
Unknown_Sample,20251031_068_pol_pro_Ran_ado_2025_6_Colorado2025.czi,Ran_ado,377.08,5186.0,10829.0,23,27,84.28,0.946,20251031_068_pol_pro_Ran_ado_2025_6_Colorado2025_x005120_y010752
Unknown_Sample,20251031_068_pol_pro_Ran_ado_2025_6_Colorado2025.czi,Ran_ado,719.53,6219.0,11103.0,32,38,116.08,0.967,20251031_068_pol_pro_Ran_ado_2025_6_Colorado2025_x005632_y010752
Unknown_Sample,20251031_068_pol_pro_Ran_ado_2025_6_Colorado2025.czi,Ran_ado,405.94,5643.0,11180.0,23,28,88.04,0.963,20251031_068_pol_pro_Ran_ado_2025_6_Colorado2025_x005632_y010752
Unknown_Sample,20251031_068_pol_pro_Ran_ado_2025_6_Colorado2025.czi,Ran_ado,689.9,5878.0,11360.0,31,37,113.84,0.963,20251031_068_pol_pro_Ran_ado_2025_6_Colorado2025_x005632_y010752
Unknown_Sample,20251031_068_pol_pro_Ran_ado_2025_6_Colorado2025.czi,Ran_ado,537.53,6076.0,10929.0,29,31,101.01,0.951,20251031_068_pol_pro_Ran_ado_2025_6_Colorado2025_x005632_y010752
Unknown_Sample,20251031_068_pol_pro_Ran_ado_2025_6_Colorado2025.czi,Ran_ado,432.1,6013.0,11216.0,25,30,91.36,0.947,20251031_068_pol_pro_Ran_ado_2025_6_Colorado2025_x005632_y010752
Unknown_Sample,20251031_068_pol_pro_Ran_ado_2025_6_Colorado2025.czi,Ran_ado,317.83,6079.0,10955.0,23,26,82.28,0.878,20251031_068_pol_pro_Ran_ado_2025_6_Colorado2025_x005632_y010752
Unknown_Sample,20251031_068_pol_pro_Ran_ado_2025_6_Colorado2025.czi,Ran_ado,721.07,6219.0,11103.0,32,38,116.08,0.966,20251031_068_pol_pro_Ran_ado_2025_6_Colorado2025_x006144_y010752
Unknown_Sample,20251031_068_pol_pro_Ran_ado_2025_6_Colorado2025.czi,Ran_ado,432.87,6770.0,10924.0,26,27,90.87,0.925,20251031_068_pol_pro_Ran_ado_2025_6_Colorado2025_x006144_y010752
Unknown_Sample,20251031_068_pol_pro_Ran_ado_2025_6_Colorado2025.czi,Ran_ado,419.79,6774.0,11366.0,19,34,94.38,0.92,20251031_068_pol_pro_Ran_ado_2025_6_Colorado2025_x006144_y010752
Unknown_Sample,20251031_068_pol_pro_Ran_ado_2025_6_Colorado2025.czi,Ran_ado,701.45,7114.0,10907.0,34,34,112.67,0.963,20251031_068_pol_pro_Ran_ado_2025_6_Colorado2025_x006656_y010752
Unknown_Sample,20251031_068_pol_pro_Ran_ado_2025_6_Colorado2025.czi,Ran_ado,770.71,7260.0,11238.0,37,34,119.84,0.961,20251031_068_pol_pro_Ran_ado_2025_6_Colorado2025_x006656_y010752
Unknown_Sample,20251031_068_pol_pro_Ran_ado_2025_6_Colorado2025.czi,Ran_ado,700.68,6780.0,11366.0,34,34,113.84,0.96,20251031_068_pol_pro_Ran_ado_2025_6_Colorado2025_x006656_y010752
Unknown_Sample,20251031_068_pol_pro_Ran_ado_2025_6_Colorado2025.czi,Ran_ado,608.33,6815.0,11058.0,34,29,106.18,0.96,20251031_068_pol_pro_Ran_ado_2025_6_Colorado2025_x006656_y010752
Unknown_Sample,20251031_068_pol_pro_Ran_ado_2025_6_Colorado2025.czi,Ran_ado,519.83,6773.0,10924.0,34,27,98.67,0.942,20251031_068_pol_pro_Ran_ado_2025_6_Colorado2025_x006656_y010752
Unknown_Sample,20251031_068_pol_pro_Ran_ado_2025_6_Colorado2025.czi,Ran_ado,400.55,7286.0,11306.0,20,31,91.56,0.934,20251031_068_pol_pro_Ran_ado_2025_6_Colorado2025_x006656_y010752
Unknown_Sample,20251031_068_pol_pro_Ran_ado_2025_6_Colorado2025.czi,Ran_ado,576.01,7290.0,11306.0,31,31,103.01,0.964,20251031_068_pol_pro_Ran_ado_2025_6_Colorado2025_x007168_y010752
Unknown_Sample,20251031_068_pol_pro_Ran_ado_2025_6_Colorado2025.czi,Ran_ado,656.04,7671.0,11021.0,34,32,109.84,0.96,20251031_068_pol_pro_Ran_ado_2025_6_Colorado2025_x007168_y010752
Unknown_Sample,20251031_068_pol_pro_Ran_ado_2025_6_Colorado2025.czi,Ran_ado,778.02,7260.0,11238.0,38,34,121.25,0.96,20251031_068_pol_pro_Ran_ado_2025_6_Colorado2025_x007168_y010752
Unknown_Sample,20251031_068_pol_pro_Ran_ado_2025_6_Colorado2025.czi,Ran_ado,325.91,7800.0,11111.0,16,35,88.04,0.898,20251031_068_pol_pro_Ran_ado_2025_6_Colorado2025_x007168_y010752
Unknown_Sample,20251031_068_pol_pro_Ran_ado_2025_6_Colorado2025.czi,Ran_ado,611.03,8122.0,11262.0,33,30,106.77,0.963,20251031_068_pol_pro_Ran_ado_2025_6_Colorado2025_x007680_y010752
Unknown_Sample,20251031_068_pol_pro_Ran_ado_2025_6_Colorado2025.czi,Ran_ado,892.68,7811.0,11111.0,40,37,127.74,0.963,20251031_068_pol_pro_Ran_ado_2025_6_Colorado2025_x007680_y010752
Unknown_Sample,20251031_068_pol_pro_Ran_ado_2025_6_Colorado2025.czi,Ran_ado,315.52,8167.0,11151.0,25,22,78.28,0.947,20251031_068_pol_pro_Ran_ado_2025_6_Colorado2025_x007680_y010752
Unknown_Sample,20251031_068_pol_pro_Ran_ado_2025_6_Colorado2025.czi,Ran_ado,618.72,9645.0,10864.0,33,33,106.91,0.946,20251031_068_pol_pro_Ran_ado_2025_6_Colorado2025_x009216_y010752
Unknown_Sample,20251031_068_pol_pro_Ran_ado_2025_6_Colorado2025.czi,Ran_ado,389.78,10265.0,11310.0,24,27,84.53,0.95,20251031_068_pol_pro_Ran_ado_2025_6_Colorado2025_x009728_y010752
Unknown_Sample,20251031_068_pol_pro_Ran_ado_2025_6_Colorado2025.czi,Ran_ado,653.35,10821.0,11180.0,33,32,110.77,0.969,20251031_068_pol_pro_Ran_ado_2025_6_Colorado2025_x010240_y010752
Unknown_Sample,20251031_068_pol_pro_Ran_ado_2025_6_Colorado2025.czi,Ran_ado,965.79,10796.0,10894.0,41,39,133.74,0.964,20251031_068_pol_pro_Ran_ado_2025_6_Colorado2025_x010240_y010752
Unknown_Sample,20251031_068_pol_pro_Ran_ado_2025_6_Colorado2025.czi,Ran_ado,636.04,10468.0,11289.0,32,31,109.7,0.964,20251031_068_pol_pro_Ran_ado_2025_6_Colorado2025_x010240_y010752
Unknown_Sample,20251031_068_pol_pro_Ran_ado_2025_6_Colorado2025.czi,Ran_ado,389.78,10265.0,11310.0,24,27,84.53,0.95,20251031_068_pol_pro_Ran_ado_2025_6_Colorado2025_x010240_y010752
Unknown_Sample,20251031_068_pol_pro_Ran_ado_2025_6_Colorado2025.czi,Ran_ado,649.12,10821.0,11180.0,33,32,110.18,0.969,20251031_068_pol_pro_Ran_ado_2025_6_Colorado2025_x010752_y010752
Unknown_Sample,20251031_068_pol_pro_Ran_ado_2025_6_Colorado2025.czi,Ran_ado,844.97,11055.0,11069.0,37,38,124.91,0.967,20251031_068_pol_pro_Ran_ado_2025_6_Colorado2025_x010752_y010752
Unknown_Sample,20251031_068_pol_pro_Ran_ado_2025_6_Colorado2025.czi,Ran_ado,962.33,10796.0,10894.0,41,39,133.15,0.965,20251031_068_pol_pro_Ran_ado_2025_6_Colorado2025_x010752_y010752
Unknown_Sample,20251031_068_pol_pro_Ran_ado_2025_6_Colorado2025.czi,Ran_ado,508.29,10932.0,10961.0,30,28,97.36,0.954,20251031_068_pol_pro_Ran_ado_2025_6_Colorado2025_x010752_y010752
Unknown_Sample,20251031_068_pol_pro_Ran_ado_2025_6_Colorado2025.czi,Ran_ado,128.13,11010.0,11103.0,15,15,49.56,0.932,20251031_068_pol_pro_Ran_ado_2025_6_Colorado2025_x010752_y010752
Unknown_Sample,20251031_068_pol_pro_Ran_ado_2025_6_Colorado2025.czi,Ran_ado,805.72,11629.0,10774.0,36,36,121.25,0.965,20251031_068_pol_pro_Ran_ado_2025_6_Colorado2025_x011264_y010752
Unknown_Sample,20251031_068_pol_pro_Ran_ado_2025_6_Colorado2025.czi,Ran_ado,781.87,11658.0,11288.0,37,35,121.25,0.964,20251031_068_pol_pro_Ran_ado_2025_6_Colorado2025_x011264_y010752
Unknown_Sample,20251031_068_pol_pro_Ran_ado_2025_6_Colorado2025.czi,Ran_ado,253.57,11445.0,11385.0,32,13,79.56,0.882,20251031_068_pol_pro_Ran_ado_2025_6_Colorado2025_x011264_y010752
Unknown_Sample,20251031_068_pol_pro_Ran_ado_2025_6_Colorado2025.czi,Ran_ado,421.33,12214.0,11193.0,24,29,89.7,0.953,20251031_068_pol_pro_Ran_ado_2025_6_Colorado2025_x011776_y010752
Unknown_Sample,20251031_068_pol_pro_Ran_ado_2025_6_Colorado2025.czi,Ran_ado,811.49,11923.0,10838.0,38,39,127.15,0.947,20251031_068_pol_pro_Ran_ado_2025_6_Colorado2025_x011776_y010752
Unknown_Sample,20251031_068_pol_pro_Ran_ado_2025_6_Colorado2025.czi,Ran_ado,878.83,12847.0,10824.0,39,36,126.08,0.966,20251031_068_pol_pro_Ran_ado_2025_6_Colorado2025_x012288_y010752
Unknown_Sample,20251031_068_pol_pro_Ran_ado_2025_6_Colorado2025.czi,Ran_ado,891.14,12433.0,11125.0,41,36,126.57,0.963,20251031_068_pol_pro_Ran_ado_2025_6_Colorado2025_x012288_y010752
Unknown_Sample,20251031_068_pol_pro_Ran_ado_2025_6_Colorado2025.czi,Ran_ado,878.83,12847.0,10824.0,39,36,126.08,0.965,20251031_068_pol_pro_Ran_ado_2025_6_Colorado2025_x012800_y010752
Unknown_Sample,20251031_068_pol_pro_Ran_ado_2025_6_Colorado2025.czi,Ran_ado,743.77,13319.0,11219.0,36,35,117.5,0.962,20251031_068_pol_pro_Ran_ado_2025_6_Colorado2025_x012800_y010752
Unknown_Sample,20251031_068_pol_pro_Ran_ado_2025_6_Colorado2025.czi,Ran_ado,325.14,13322.0,11383.0,30,18,84.38,0.917,20251031_068_pol_pro_Ran_ado_2025_6_Colorado2025_x012800_y010752
Unknown_Sample,20251031_068_pol_pro_Ran_ado_2025_6_Colorado2025.czi,Ran_ado,551.0,13323.0,11219.0,26,35,106.28,0.962,20251031_068_pol_pro_Ran_ado_2025_6_Colorado2025_x013312_y010752
Unknown_Sample,20251031_068_pol_pro_Ran_ado_2025_6_Colorado2025.czi,Ran_ado,826.89,13901.0,10923.0,35,39,121.15,0.961,20251031_068_pol_pro_Ran_ado_2025_6_Colorado2025_x013312_y010752
Unknown_Sample,20251031_068_pol_pro_Ran_ado_2025_6_Colorado2025.czi,Ran_ado,280.5,13323.0,11383.0,25,18,76.73,0.93,20251031_068_pol_pro_Ran_ado_2025_6_Colorado2025_x013312_y010752
Unknown_Sample,20251031_068_pol_pro_Ran_ado_2025_6_Colorado2025.czi,Ran_ado,604.48,14064.0,11186.0,29,33,105.36,0.965,20251031_068_pol_pro_Ran_ado_2025_6_Colorado2025_x013824_y010752
Unknown_Sample,20251031_068_pol_pro_Ran_ado_2025_6_Colorado2025.czi,Ran_ado,911.92,14010.0,11302.0,38,39,130.08,0.963,20251031_068_pol_pro_Ran_ado_2025_6_Colorado2025_x013824_y010752
Unknown_Sample,20251031_068_pol_pro_Ran_ado_2025_6_Colorado2025.czi,Ran_ado,826.89,13901.0,10923.0,35,39,121.15,0.962,20251031_068_pol_pro_Ran_ado_2025_6_Colorado2025_x013824_y010752
Unknown_Sample,20251031_068_pol_pro_Ran_ado_2025_6_Colorado2025.czi,Ran_ado,706.83,14782.0,11304.0,38,32,115.5,0.964,20251031_068_pol_pro_Ran_ado_2025_6_Colorado2025_x014336_y010752
Unknown_Sample,20251031_068_pol_pro_Ran_ado_2025_6_Colorado2025.czi,Ran_ado,702.22,15405.0,10847.0,30,38,115.01,0.962,20251031_068_pol_pro_Ran_ado_2025_6_Colorado2025_x014848_y010752
Unknown_Sample,20251031_068_pol_pro_Ran_ado_2025_6_Colorado2025.czi,Ran_ado,323.21,15078.0,11383.0,29,18,82.97,0.921,20251031_068_pol_pro_Ran_ado_2025_6_Colorado2025_x014848_y010752
Unknown_Sample,20251031_068_pol_pro_Ran_ado_2025_6_Colorado2025.czi,Ran_ado,702.22,15405.0,10847.0,30,38,115.01,0.962,20251031_068_pol_pro_Ran_ado_2025_6_Colorado2025_x015360_y010752
Unknown_Sample,20251031_068_pol_pro_Ran_ado_2025_6_Colorado2025.czi,Ran_ado,771.86,15610.0,10807.0,35,37,118.91,0.96,20251031_068_pol_pro_Ran_ado_2025_6_Colorado2025_x015360_y010752
Unknown_Sample,20251031_068_pol_pro_Ran_ado_2025_6_Colorado2025.czi,Ran_ado,632.19,15635.0,10911.0,32,33,106.67,0.958,20251031_068_pol_pro_Ran_ado_2025_6_Colorado2025_x015360_y010752
Unknown_Sample,20251031_068_pol_pro_Ran_ado_2025_6_Colorado2025.czi,Ran_ado,519.83,15558.0,10795.0,31,28,99.36,0.957,20251031_068_pol_pro_Ran_ado_2025_6_Colorado2025_x015360_y010752
Unknown_Sample,20251031_068_pol_pro_Ran_ado_2025_6_Colorado2025.czi,Ran_ado,596.4,16011.0,11305.0,31,31,105.94,0.962,20251031_068_pol_pro_Ran_ado_2025_6_Colorado2025_x015872_y010752
Unknown_Sample,20251031_068_pol_pro_Ran_ado_2025_6_Colorado2025.czi,Ran_ado,716.45,16898.0,11370.0,37,34,115.74,0.957,20251031_068_pol_pro_Ran_ado_2025_6_Colorado2025_x016384_y010752
Unknown_Sample,20251031_068_pol_pro_Ran_ado_2025_6_Colorado2025.czi,Ran_ado,405.55,16905.0,11371.0,21,34,94.28,0.958,20251031_068_pol_pro_Ran_ado_2025_6_Colorado2025_x016896_y010752
Unknown_Sample,20251031_068_pol_pro_Ran_ado_2025_6_Colorado2025.czi,Ran_ado,294.74,17618.0,10835.0,21,25,76.28,0.933,20251031_068_pol_pro_Ran_ado_2025_6_Colorado2025_x017408_y010752
Unknown_Sample,20251031_068_pol_pro_Ran_ado_2025_6_Colorado2025.czi,Ran_ado,249.72,2109.0,11718.0,23,18,69.21,0.686,20251031_068_pol_pro_Ran_ado_2025_6_Colorado2025_x001536_y011264
Unknown_Sample,20251031_068_pol_pro_Ran_ado_2025_6_Colorado2025.czi,Ran_ado,507.52,2583.0,11547.0,31,28,97.01,0.936,20251031_068_pol_pro_Ran_ado_2025_6_Colorado2025_x002048_y011264
Unknown_Sample,20251031_068_pol_pro_Ran_ado_2025_6_Colorado2025.czi,Ran_ado,260.11,2109.0,11718.0,23,19,70.63,0.73,20251031_068_pol_pro_Ran_ado_2025_6_Colorado2025_x002048_y011264
Unknown_Sample,20251031_068_pol_pro_Ran_ado_2025_6_Colorado2025.czi,Ran_ado,534.84,2582.0,11547.0,32,28,99.6,0.931,20251031_068_pol_pro_Ran_ado_2025_6_Colorado2025_x002560_y011264
Unknown_Sample,20251031_068_pol_pro_Ran_ado_2025_6_Colorado2025.czi,Ran_ado,367.85,3365.0,11273.0,29,21,86.63,0.96,20251031_068_pol_pro_Ran_ado_2025_6_Colorado2025_x003072_y011264
Unknown_Sample,20251031_068_pol_pro_Ran_ado_2025_6_Colorado2025.czi,Ran_ado,646.04,3478.0,11454.0,31,34,109.01,0.958,20251031_068_pol_pro_Ran_ado_2025_6_Colorado2025_x003072_y011264
Unknown_Sample,20251031_068_pol_pro_Ran_ado_2025_6_Colorado2025.czi,Ran_ado,614.1,3523.0,11495.0,33,32,106.08,0.956,20251031_068_pol_pro_Ran_ado_2025_6_Colorado2025_x003072_y011264
Unknown_Sample,20251031_068_pol_pro_Ran_ado_2025_6_Colorado2025.czi,Ran_ado,522.91,4151.0,11678.0,26,35,99.84,0.958,20251031_068_pol_pro_Ran_ado_2025_6_Colorado2025_x003584_y011264
Unknown_Sample,20251031_068_pol_pro_Ran_ado_2025_6_Colorado2025.czi,Ran_ado,397.47,3865.0,11274.0,30,22,90.04,0.958,20251031_068_pol_pro_Ran_ado_2025_6_Colorado2025_x003584_y011264
Unknown_Sample,20251031_068_pol_pro_Ran_ado_2025_6_Colorado2025.czi,Ran_ado,458.65,4127.0,11309.0,30,26,93.94,0.956,20251031_068_pol_pro_Ran_ado_2025_6_Colorado2025_x003584_y011264
Unknown_Sample,20251031_068_pol_pro_Ran_ado_2025_6_Colorado2025.czi,Ran_ado,461.35,4214.0,11714.0,20,36,100.38,0.937,20251031_068_pol_pro_Ran_ado_2025_6_Colorado2025_x003584_y011264
Unknown_Sample,20251031_068_pol_pro_Ran_ado_2025_6_Colorado2025.czi,Ran_ado,609.49,4217.0,11714.0,28,36,106.43,0.965,20251031_068_pol_pro_Ran_ado_2025_6_Colorado2025_x004096_y011264
Unknown_Sample,20251031_068_pol_pro_Ran_ado_2025_6_Colorado2025.czi,Ran_ado,637.58,4682.0,11600.0,32,33,107.84,0.96,20251031_068_pol_pro_Ran_ado_2025_6_Colorado2025_x004096_y011264
Unknown_Sample,20251031_068_pol_pro_Ran_ado_2025_6_Colorado2025.czi,Ran_ado,524.45,4151.0,11678.0,26,35,99.84,0.958,20251031_068_pol_pro_Ran_ado_2025_6_Colorado2025_x004096_y011264
Unknown_Sample,20251031_068_pol_pro_Ran_ado_2025_6_Colorado2025.czi,Ran_ado,460.19,4127.0,11309.0,30,26,93.94,0.956,20251031_068_pol_pro_Ran_ado_2025_6_Colorado2025_x004096_y011264
Unknown_Sample,20251031_068_pol_pro_Ran_ado_2025_6_Colorado2025.czi,Ran_ado,637.58,4682.0,11600.0,32,33,107.84,0.96,20251031_068_pol_pro_Ran_ado_2025_6_Colorado2025_x004608_y011264
Unknown_Sample,20251031_068_pol_pro_Ran_ado_2025_6_Colorado2025.czi,Ran_ado,335.53,5107.0,11807.0,20,28,80.28,0.946,20251031_068_pol_pro_Ran_ado_2025_6_Colorado2025_x004608_y011264
Unknown_Sample,20251031_068_pol_pro_Ran_ado_2025_6_Colorado2025.czi,Ran_ado,317.44,4739.0,11323.0,18,30,83.21,0.935,20251031_068_pol_pro_Ran_ado_2025_6_Colorado2025_x004608_y011264
Unknown_Sample,20251031_068_pol_pro_Ran_ado_2025_6_Colorado2025.czi,Ran_ado,569.47,5611.0,11666.0,30,32,102.43,0.962,20251031_068_pol_pro_Ran_ado_2025_6_Colorado2025_x005120_y011264
Unknown_Sample,20251031_068_pol_pro_Ran_ado_2025_6_Colorado2025.czi,Ran_ado,599.48,5479.0,11852.0,30,33,104.43,0.96,20251031_068_pol_pro_Ran_ado_2025_6_Colorado2025_x005120_y011264
Unknown_Sample,20251031_068_pol_pro_Ran_ado_2025_6_Colorado2025.czi,Ran_ado,688.75,5291.0,11589.0,38,31,115.25,0.955,20251031_068_pol_pro_Ran_ado_2025_6_Colorado2025_x005120_y011264
Unknown_Sample,20251031_068_pol_pro_Ran_ado_2025_6_Colorado2025.czi,Ran_ado,696.45,5878.0,11360.0,31,38,114.08,0.964,20251031_068_pol_pro_Ran_ado_2025_6_Colorado2025_x005632_y011264
Unknown_Sample,20251031_068_pol_pro_Ran_ado_2025_6_Colorado2025.czi,Ran_ado,580.24,6027.0,11789.0,34,28,104.77,0.963,20251031_068_pol_pro_Ran_ado_2025_6_Colorado2025_x005632_y011264
Unknown_Sample,20251031_068_pol_pro_Ran_ado_2025_6_Colorado2025.czi,Ran_ado,539.84,6007.0,11886.0,30,30,99.01,0.954,20251031_068_pol_pro_Ran_ado_2025_6_Colorado2025_x005632_y011264
Unknown_Sample,20251031_068_pol_pro_Ran_ado_2025_6_Colorado2025.czi,Ran_ado,571.39,6257.0,11411.0,30,32,105.36,0.945,20251031_068_pol_pro_Ran_ado_2025_6_Colorado2025_x005632_y011264
Unknown_Sample,20251031_068_pol_pro_Ran_ado_2025_6_Colorado2025.czi,Ran_ado,879.6,6435.0,11803.0,38,38,126.91,0.964,20251031_068_pol_pro_Ran_ado_2025_6_Colorado2025_x006144_y011264
Unknown_Sample,20251031_068_pol_pro_Ran_ado_2025_6_Colorado2025.czi,Ran_ado,588.32,6257.0,11411.0,32,32,105.84,0.957,20251031_068_pol_pro_Ran_ado_2025_6_Colorado2025_x006144_y011264
Unknown_Sample,20251031_068_pol_pro_Ran_ado_2025_6_Colorado2025.czi,Ran_ado,419.79,6774.0,11366.0,19,34,94.38,0.92,20251031_068_pol_pro_Ran_ado_2025_6_Colorado2025_x006144_y011264
Unknown_Sample,20251031_068_pol_pro_Ran_ado_2025_6_Colorado2025.czi,Ran_ado,703.76,6780.0,11366.0,34,34,113.84,0.961,20251031_068_pol_pro_Ran_ado_2025_6_Colorado2025_x006656_y011264
Unknown_Sample,20251031_068_pol_pro_Ran_ado_2025_6_Colorado2025.czi,Ran_ado,414.79,7255.0,11728.0,24,31,90.77,0.957,20251031_068_pol_pro_Ran_ado_2025_6_Colorado2025_x006656_y011264
Unknown_Sample,20251031_068_pol_pro_Ran_ado_2025_6_Colorado2025.czi,Ran_ado,400.55,7286.0,11306.0,20,31,91.56,0.931,20251031_068_pol_pro_Ran_ado_2025_6_Colorado2025_x006656_y011264
Unknown_Sample,20251031_068_pol_pro_Ran_ado_2025_6_Colorado2025.czi,Ran_ado,572.16,7290.0,11306.0,31,31,103.01,0.964,20251031_068_pol_pro_Ran_ado_2025_6_Colorado2025_x007168_y011264
Unknown_Sample,20251031_068_pol_pro_Ran_ado_2025_6_Colorado2025.czi,Ran_ado,545.61,7763.0,11593.0,33,28,100.43,0.957,20251031_068_pol_pro_Ran_ado_2025_6_Colorado2025_x007168_y011264
Unknown_Sample,20251031_068_pol_pro_Ran_ado_2025_6_Colorado2025.czi,Ran_ado,414.79,7255.0,11728.0,24,31,90.77,0.956,20251031_068_pol_pro_Ran_ado_2025_6_Colorado2025_x007168_y011264
Unknown_Sample,20251031_068_pol_pro_Ran_ado_2025_6_Colorado2025.czi,Ran_ado,642.19,7746.0,11890.0,36,28,111.7,0.947,20251031_068_pol_pro_Ran_ado_2025_6_Colorado2025_x007168_y011264
Unknown_Sample,20251031_068_pol_pro_Ran_ado_2025_6_Colorado2025.czi,Ran_ado,759.55,7976.0,11621.0,33,38,119.25,0.963,20251031_068_pol_pro_Ran_ado_2025_6_Colorado2025_x007680_y011264
Unknown_Sample,20251031_068_pol_pro_Ran_ado_2025_6_Colorado2025.czi,Ran_ado,544.84,7763.0,11593.0,33,28,100.43,0.956,20251031_068_pol_pro_Ran_ado_2025_6_Colorado2025_x007680_y011264
Unknown_Sample,20251031_068_pol_pro_Ran_ado_2025_6_Colorado2025.czi,Ran_ado,587.55,8112.0,11645.0,30,33,105.01,0.956,20251031_068_pol_pro_Ran_ado_2025_6_Colorado2025_x007680_y011264
Unknown_Sample,20251031_068_pol_pro_Ran_ado_2025_6_Colorado2025.czi,Ran_ado,500.98,7846.0,11768.0,30,29,98.77,0.95,20251031_068_pol_pro_Ran_ado_2025_6_Colorado2025_x007680_y011264
Unknown_Sample,20251031_068_pol_pro_Ran_ado_2025_6_Colorado2025.czi,Ran_ado,243.56,8123.0,11270.0,32,14,79.21,0.949,20251031_068_pol_pro_Ran_ado_2025_6_Colorado2025_x007680_y011264
Unknown_Sample,20251031_068_pol_pro_Ran_ado_2025_6_Colorado2025.czi,Ran_ado,642.19,7746.0,11890.0,36,28,111.7,0.946,20251031_068_pol_pro_Ran_ado_2025_6_Colorado2025_x007680_y011264
Unknown_Sample,20251031_068_pol_pro_Ran_ado_2025_6_Colorado2025.czi,Ran_ado,691.83,8528.0,11733.0,34,34,114.43,0.962,20251031_068_pol_pro_Ran_ado_2025_6_Colorado2025_x008192_y011264
Unknown_Sample,20251031_068_pol_pro_Ran_ado_2025_6_Colorado2025.czi,Ran_ado,444.42,9027.0,11552.0,25,29,90.53,0.954,20251031_068_pol_pro_Ran_ado_2025_6_Colorado2025_x008704_y011264
Unknown_Sample,20251031_068_pol_pro_Ran_ado_2025_6_Colorado2025.czi,Ran_ado,746.85,9836.0,11644.0,37,33,117.84,0.956,20251031_068_pol_pro_Ran_ado_2025_6_Colorado2025_x009216_y011264
Unknown_Sample,20251031_068_pol_pro_Ran_ado_2025_6_Colorado2025.czi,Ran_ado,649.5,9807.0,11829.0,31,36,110.08,0.948,20251031_068_pol_pro_Ran_ado_2025_6_Colorado2025_x009216_y011264
Unknown_Sample,20251031_068_pol_pro_Ran_ado_2025_6_Colorado2025.czi,Ran_ado,558.31,9564.0,11891.0,35,25,106.04,0.945,20251031_068_pol_pro_Ran_ado_2025_6_Colorado2025_x009216_y011264
Unknown_Sample,20251031_068_pol_pro_Ran_ado_2025_6_Colorado2025.czi,Ran_ado,735.69,9836.0,11644.0,36,33,116.43,0.963,20251031_068_pol_pro_Ran_ado_2025_6_Colorado2025_x009728_y011264
Unknown_Sample,20251031_068_pol_pro_Ran_ado_2025_6_Colorado2025.czi,Ran_ado,469.81,10052.0,11473.0,30,26,93.36,0.959,20251031_068_pol_pro_Ran_ado_2025_6_Colorado2025_x009728_y011264
Unknown_Sample,20251031_068_pol_pro_Ran_ado_2025_6_Colorado2025.czi,Ran_ado,389.78,10265.0,11310.0,24,27,84.53,0.95,20251031_068_pol_pro_Ran_ado_2025_6_Colorado2025_x009728_y011264
Unknown_Sample,20251031_068_pol_pro_Ran_ado_2025_6_Colorado2025.czi,Ran_ado,649.5,9807.0,11829.0,31,36,110.08,0.947,20251031_068_pol_pro_Ran_ado_2025_6_Colorado2025_x009728_y011264
Unknown_Sample,20251031_068_pol_pro_Ran_ado_2025_6_Colorado2025.czi,Ran_ado,636.04,10468.0,11289.0,32,31,109.7,0.964,20251031_068_pol_pro_Ran_ado_2025_6_Colorado2025_x010240_y011264
Unknown_Sample,20251031_068_pol_pro_Ran_ado_2025_6_Colorado2025.czi,Ran_ado,563.31,10783.0,11581.0,32,30,103.6,0.961,20251031_068_pol_pro_Ran_ado_2025_6_Colorado2025_x010240_y011264
Unknown_Sample,20251031_068_pol_pro_Ran_ado_2025_6_Colorado2025.czi,Ran_ado,585.63,10542.0,11401.0,29,34,104.43,0.961,20251031_068_pol_pro_Ran_ado_2025_6_Colorado2025_x010240_y011264
Unknown_Sample,20251031_068_pol_pro_Ran_ado_2025_6_Colorado2025.czi,Ran_ado,389.78,10265.0,11310.0,24,27,84.53,0.95,20251031_068_pol_pro_Ran_ado_2025_6_Colorado2025_x010240_y011264
Unknown_Sample,20251031_068_pol_pro_Ran_ado_2025_6_Colorado2025.czi,Ran_ado,758.39,11216.0,11682.0,34,37,117.5,0.965,20251031_068_pol_pro_Ran_ado_2025_6_Colorado2025_x010752_y011264
Unknown_Sample,20251031_068_pol_pro_Ran_ado_2025_6_Colorado2025.czi,Ran_ado,843.43,11312.0,11772.0,38,37,126.08,0.964,20251031_068_pol_pro_Ran_ado_2025_6_Colorado2025_x010752_y011264
Unknown_Sample,20251031_068_pol_pro_Ran_ado_2025_6_Colorado2025.czi,Ran_ado,563.31,10783.0,11581.0,32,30,103.6,0.961,20251031_068_pol_pro_Ran_ado_2025_6_Colorado2025_x010752_y011264
Unknown_Sample,20251031_068_pol_pro_Ran_ado_2025_6_Colorado2025.czi,Ran_ado,797.26,11658.0,11287.0,37,36,122.08,0.965,20251031_068_pol_pro_Ran_ado_2025_6_Colorado2025_x011264_y011264
Unknown_Sample,20251031_068_pol_pro_Ran_ado_2025_6_Colorado2025.czi,Ran_ado,841.51,11312.0,11772.0,38,37,125.5,0.964,20251031_068_pol_pro_Ran_ado_2025_6_Colorado2025_x011264_y011264
Unknown_Sample,20251031_068_pol_pro_Ran_ado_2025_6_Colorado2025.czi,Ran_ado,828.04,11500.0,11667.0,36,38,121.74,0.962,20251031_068_pol_pro_Ran_ado_2025_6_Colorado2025_x011264_y011264
Unknown_Sample,20251031_068_pol_pro_Ran_ado_2025_6_Colorado2025.czi,Ran_ado,1083.53,11415.0,11787.0,45,39,140.57,0.957,20251031_068_pol_pro_Ran_ado_2025_6_Colorado2025_x011264_y011264
Unknown_Sample,20251031_068_pol_pro_Ran_ado_2025_6_Colorado2025.czi,Ran_ado,448.26,11445.0,11389.0,32,24,92.18,0.955,20251031_068_pol_pro_Ran_ado_2025_6_Colorado2025_x011264_y011264
Unknown_Sample,20251031_068_pol_pro_Ran_ado_2025_6_Colorado2025.czi,Ran_ado,636.81,12001.0,11538.0,30,35,107.84,0.962,20251031_068_pol_pro_Ran_ado_2025_6_Colorado2025_x011776_y011264
Unknown_Sample,20251031_068_pol_pro_Ran_ado_2025_6_Colorado2025.czi,Ran_ado,587.17,12142.0,11809.0,32,31,104.43,0.959,20251031_068_pol_pro_Ran_ado_2025_6_Colorado2025_x011776_y011264
Unknown_Sample,20251031_068_pol_pro_Ran_ado_2025_6_Colorado2025.czi,Ran_ado,915.0,11991.0,11869.0,38,40,128.57,0.949,20251031_068_pol_pro_Ran_ado_2025_6_Colorado2025_x011776_y011264
Unknown_Sample,20251031_068_pol_pro_Ran_ado_2025_6_Colorado2025.czi,Ran_ado,387.09,12258.0,11427.0,25,26,86.28,0.946,20251031_068_pol_pro_Ran_ado_2025_6_Colorado2025_x011776_y011264
Unknown_Sample,20251031_068_pol_pro_Ran_ado_2025_6_Colorado2025.czi,Ran_ado,659.89,12027.0,11863.0,36,32,111.5,0.933,20251031_068_pol_pro_Ran_ado_2025_6_Colorado2025_x011776_y011264
Unknown_Sample,20251031_068_pol_pro_Ran_ado_2025_6_Colorado2025.czi,Ran_ado,778.02,12842.0,11703.0,33,38,118.08,0.965,20251031_068_pol_pro_Ran_ado_2025_6_Colorado2025_x012288_y011264
Unknown_Sample,20251031_068_pol_pro_Ran_ado_2025_6_Colorado2025.czi,Ran_ado,784.17,12913.0,11821.0,29,42,125.11,0.95,20251031_068_pol_pro_Ran_ado_2025_6_Colorado2025_x012288_y011264
Unknown_Sample,20251031_068_pol_pro_Ran_ado_2025_6_Colorado2025.czi,Ran_ado,777.25,12842.0,11703.0,33,38,118.08,0.965,20251031_068_pol_pro_Ran_ado_2025_6_Colorado2025_x012800_y011264
Unknown_Sample,20251031_068_pol_pro_Ran_ado_2025_6_Colorado2025.czi,Ran_ado,914.23,12916.0,11821.0,36,42,129.74,0.964,20251031_068_pol_pro_Ran_ado_2025_6_Colorado2025_x012800_y011264
Unknown_Sample,20251031_068_pol_pro_Ran_ado_2025_6_Colorado2025.czi,Ran_ado,812.65,12970.0,11818.0,38,35,122.08,0.963,20251031_068_pol_pro_Ran_ado_2025_6_Colorado2025_x012800_y011264
Unknown_Sample,20251031_068_pol_pro_Ran_ado_2025_6_Colorado2025.czi,Ran_ado,595.63,13321.0,11389.0,30,33,104.43,0.963,20251031_068_pol_pro_Ran_ado_2025_6_Colorado2025_x012800_y011264
Unknown_Sample,20251031_068_pol_pro_Ran_ado_2025_6_Colorado2025.czi,Ran_ado,511.37,13323.0,11389.0,25,33,99.7,0.965,20251031_068_pol_pro_Ran_ado_2025_6_Colorado2025_x013312_y011264
Unknown_Sample,20251031_068_pol_pro_Ran_ado_2025_6_Colorado2025.czi,Ran_ado,715.68,13461.0,11877.0,32,37,115.25,0.964,20251031_068_pol_pro_Ran_ado_2025_6_Colorado2025_x013312_y011264
Unknown_Sample,20251031_068_pol_pro_Ran_ado_2025_6_Colorado2025.czi,Ran_ado,655.66,13932.0,11454.0,31,36,108.91,0.962,20251031_068_pol_pro_Ran_ado_2025_6_Colorado2025_x013312_y011264
Unknown_Sample,20251031_068_pol_pro_Ran_ado_2025_6_Colorado2025.czi,Ran_ado,768.01,14289.0,11577.0,38,34,118.91,0.965,20251031_068_pol_pro_Ran_ado_2025_6_Colorado2025_x013824_y011264
Unknown_Sample,20251031_068_pol_pro_Ran_ado_2025_6_Colorado2025.czi,Ran_ado,655.66,13932.0,11454.0,31,36,108.91,0.964,20251031_068_pol_pro_Ran_ado_2025_6_Colorado2025_x013824_y011264
Unknown_Sample,20251031_068_pol_pro_Ran_ado_2025_6_Colorado2025.czi,Ran_ado,911.54,14010.0,11302.0,38,39,129.5,0.963,20251031_068_pol_pro_Ran_ado_2025_6_Colorado2025_x013824_y011264
Unknown_Sample,20251031_068_pol_pro_Ran_ado_2025_6_Colorado2025.czi,Ran_ado,532.92,13981.0,11802.0,29,31,100.18,0.962,20251031_068_pol_pro_Ran_ado_2025_6_Colorado2025_x013824_y011264
Unknown_Sample,20251031_068_pol_pro_Ran_ado_2025_6_Colorado2025.czi,Ran_ado,837.66,14447.0,11722.0,33,40,126.18,0.952,20251031_068_pol_pro_Ran_ado_2025_6_Colorado2025_x013824_y011264
Unknown_Sample,20251031_068_pol_pro_Ran_ado_2025_6_Colorado2025.czi,Ran_ado,515.6,14317.0,11892.0,33,24,101.8,0.938,20251031_068_pol_pro_Ran_ado_2025_6_Colorado2025_x013824_y011264
Unknown_Sample,20251031_068_pol_pro_Ran_ado_2025_6_Colorado2025.czi,Ran_ado,878.06,14448.0,11722.0,36,40,126.91,0.964,20251031_068_pol_pro_Ran_ado_2025_6_Colorado2025_x014336_y011264
Unknown_Sample,20251031_068_pol_pro_Ran_ado_2025_6_Colorado2025.czi,Ran_ado,708.37,14782.0,11304.0,38,32,115.5,0.964,20251031_068_pol_pro_Ran_ado_2025_6_Colorado2025_x014336_y011264
Unknown_Sample,20251031_068_pol_pro_Ran_ado_2025_6_Colorado2025.czi,Ran_ado,447.11,15078.0,11386.0,29,26,91.94,0.957,20251031_068_pol_pro_Ran_ado_2025_6_Colorado2025_x014848_y011264
Unknown_Sample,20251031_068_pol_pro_Ran_ado_2025_6_Colorado2025.czi,Ran_ado,596.02,16011.0,11305.0,31,31,105.36,0.963,20251031_068_pol_pro_Ran_ado_2025_6_Colorado2025_x015872_y011264
Unknown_Sample,20251031_068_pol_pro_Ran_ado_2025_6_Colorado2025.czi,Ran_ado,650.66,16031.0,11468.0,34,32,109.84,0.962,20251031_068_pol_pro_Ran_ado_2025_6_Colorado2025_x015872_y011264
Unknown_Sample,20251031_068_pol_pro_Ran_ado_2025_6_Colorado2025.czi,Ran_ado,411.71,16461.0,11726.0,28,25,90.28,0.953,20251031_068_pol_pro_Ran_ado_2025_6_Colorado2025_x015872_y011264
Unknown_Sample,20251031_068_pol_pro_Ran_ado_2025_6_Colorado2025.czi,Ran_ado,716.45,16898.0,11370.0,37,34,115.74,0.958,20251031_068_pol_pro_Ran_ado_2025_6_Colorado2025_x016384_y011264
Unknown_Sample,20251031_068_pol_pro_Ran_ado_2025_6_Colorado2025.czi,Ran_ado,411.71,16461.0,11726.0,28,25,90.28,0.953,20251031_068_pol_pro_Ran_ado_2025_6_Colorado2025_x016384_y011264
Unknown_Sample,20251031_068_pol_pro_Ran_ado_2025_6_Colorado2025.czi,Ran_ado,395.94,16905.0,11371.0,21,33,92.87,0.959,20251031_068_pol_pro_Ran_ado_2025_6_Colorado2025_x016896_y011264
Unknown_Sample,20251031_068_pol_pro_Ran_ado_2025_6_Colorado2025.czi,Ran_ado,320.13,17606.0,11571.0,23,25,77.94,0.915,20251031_068_pol_pro_Ran_ado_2025_6_Colorado2025_x017408_y011264
Unknown_Sample,20251031_068_pol_pro_Ran_ado_2025_6_Colorado2025.czi,Ran_ado,528.68,2370.0,12286.0,30,30,100.77,0.944,20251031_068_pol_pro_Ran_ado_2025_6_Colorado2025_x002048_y011776
Unknown_Sample,20251031_068_pol_pro_Ran_ado_2025_6_Colorado2025.czi,Ran_ado,554.08,2239.0,11952.0,30,31,101.6,0.939,20251031_068_pol_pro_Ran_ado_2025_6_Colorado2025_x002048_y011776
Unknown_Sample,20251031_068_pol_pro_Ran_ado_2025_6_Colorado2025.czi,Ran_ado,381.7,2471.0,12096.0,30,22,85.94,0.933,20251031_068_pol_pro_Ran_ado_2025_6_Colorado2025_x002048_y011776
Unknown_Sample,20251031_068_pol_pro_Ran_ado_2025_6_Colorado2025.czi,Ran_ado,487.9,2898.0,11969.0,32,28,100.77,0.947,20251031_068_pol_pro_Ran_ado_2025_6_Colorado2025_x002560_y011776
Unknown_Sample,20251031_068_pol_pro_Ran_ado_2025_6_Colorado2025.czi,Ran_ado,417.48,3102.0,12114.0,30,24,89.36,0.941,20251031_068_pol_pro_Ran_ado_2025_6_Colorado2025_x002560_y011776
Unknown_Sample,20251031_068_pol_pro_Ran_ado_2025_6_Colorado2025.czi,Ran_ado,558.31,3206.0,12292.0,31,29,101.36,0.963,20251031_068_pol_pro_Ran_ado_2025_6_Colorado2025_x003072_y011776
Unknown_Sample,20251031_068_pol_pro_Ran_ado_2025_6_Colorado2025.czi,Ran_ado,517.91,3417.0,12261.0,28,29,98.28,0.96,20251031_068_pol_pro_Ran_ado_2025_6_Colorado2025_x003072_y011776
Unknown_Sample,20251031_068_pol_pro_Ran_ado_2025_6_Colorado2025.czi,Ran_ado,529.84,3673.0,12385.0,31,29,99.01,0.952,20251031_068_pol_pro_Ran_ado_2025_6_Colorado2025_x003072_y011776
Unknown_Sample,20251031_068_pol_pro_Ran_ado_2025_6_Colorado2025.czi,Ran_ado,411.71,3103.0,12114.0,30,24,88.77,0.941,20251031_068_pol_pro_Ran_ado_2025_6_Colorado2025_x003072_y011776
Unknown_Sample,20251031_068_pol_pro_Ran_ado_2025_6_Colorado2025.czi,Ran_ado,572.16,3849.0,11920.0,30,33,102.67,0.958,20251031_068_pol_pro_Ran_ado_2025_6_Colorado2025_x003584_y011776
Unknown_Sample,20251031_068_pol_pro_Ran_ado_2025_6_Colorado2025.czi,Ran_ado,530.61,3673.0,12385.0,31,29,99.01,0.951,20251031_068_pol_pro_Ran_ado_2025_6_Colorado2025_x003584_y011776
Unknown_Sample,20251031_068_pol_pro_Ran_ado_2025_6_Colorado2025.czi,Ran_ado,626.8,4289.0,12045.0,28,36,108.18,0.962,20251031_068_pol_pro_Ran_ado_2025_6_Colorado2025_x004096_y011776
Unknown_Sample,20251031_068_pol_pro_Ran_ado_2025_6_Colorado2025.czi,Ran_ado,430.57,4322.0,12394.0,26,27,88.53,0.957,20251031_068_pol_pro_Ran_ado_2025_6_Colorado2025_x004096_y011776
Unknown_Sample,20251031_068_pol_pro_Ran_ado_2025_6_Colorado2025.czi,Ran_ado,651.04,4559.0,12333.0,31,36,111.25,0.956,20251031_068_pol_pro_Ran_ado_2025_6_Colorado2025_x004096_y011776
Unknown_Sample,20251031_068_pol_pro_Ran_ado_2025_6_Colorado2025.czi,Ran_ado,661.05,5151.0,12400.0,36,30,111.6,0.953,20251031_068_pol_pro_Ran_ado_2025_6_Colorado2025_x004608_y011776
Unknown_Sample,20251031_068_pol_pro_Ran_ado_2025_6_Colorado2025.czi,Ran_ado,336.29,5107.0,11807.0,20,28,80.28,0.946,20251031_068_pol_pro_Ran_ado_2025_6_Colorado2025_x004608_y011776
Unknown_Sample,20251031_068_pol_pro_Ran_ado_2025_6_Colorado2025.czi,Ran_ado,644.89,5442.0,12336.0,33,33,108.08,0.961,20251031_068_pol_pro_Ran_ado_2025_6_Colorado2025_x005120_y011776
Unknown_Sample,20251031_068_pol_pro_Ran_ado_2025_6_Colorado2025.czi,Ran_ado,551.0,5611.0,11998.0,32,29,100.43,0.961,20251031_068_pol_pro_Ran_ado_2025_6_Colorado2025_x005120_y011776
Unknown_Sample,20251031_068_pol_pro_Ran_ado_2025_6_Colorado2025.czi,Ran_ado,598.71,5479.0,11852.0,30,33,104.43,0.96,20251031_068_pol_pro_Ran_ado_2025_6_Colorado2025_x005120_y011776
Unknown_Sample,20251031_068_pol_pro_Ran_ado_2025_6_Colorado2025.czi,Ran_ado,661.05,5151.0,12400.0,36,30,111.6,0.953,20251031_068_pol_pro_Ran_ado_2025_6_Colorado2025_x005120_y011776
Unknown_Sample,20251031_068_pol_pro_Ran_ado_2025_6_Colorado2025.czi,Ran_ado,573.32,6027.0,11789.0,34,27,103.94,0.965,20251031_068_pol_pro_Ran_ado_2025_6_Colorado2025_x005632_y011776
Unknown_Sample,20251031_068_pol_pro_Ran_ado_2025_6_Colorado2025.czi,Ran_ado,525.22,6196.0,11942.0,29,30,98.18,0.959,20251031_068_pol_pro_Ran_ado_2025_6_Colorado2025_x005632_y011776
Unknown_Sample,20251031_068_pol_pro_Ran_ado_2025_6_Colorado2025.czi,Ran_ado,536.38,6007.0,11886.0,30,30,98.43,0.958,20251031_068_pol_pro_Ran_ado_2025_6_Colorado2025_x005632_y011776
Unknown_Sample,20251031_068_pol_pro_Ran_ado_2025_6_Colorado2025.czi,Ran_ado,475.97,6116.0,12207.0,28,30,95.01,0.951,20251031_068_pol_pro_Ran_ado_2025_6_Colorado2025_x005632_y011776
Unknown_Sample,20251031_068_pol_pro_Ran_ado_2025_6_Colorado2025.czi,Ran_ado,456.73,5796.0,12034.0,26,29,93.7,0.95,20251031_068_pol_pro_Ran_ado_2025_6_Colorado2025_x005632_y011776
Unknown_Sample,20251031_068_pol_pro_Ran_ado_2025_6_Colorado2025.czi,Ran_ado,616.8,6348.0,12133.0,33,31,107.01,0.964,20251031_068_pol_pro_Ran_ado_2025_6_Colorado2025_x006144_y011776
Unknown_Sample,20251031_068_pol_pro_Ran_ado_2025_6_Colorado2025.czi,Ran_ado,880.37,6435.0,11803.0,38,38,126.91,0.964,20251031_068_pol_pro_Ran_ado_2025_6_Colorado2025_x006144_y011776
Unknown_Sample,20251031_068_pol_pro_Ran_ado_2025_6_Colorado2025.czi,Ran_ado,616.03,6472.0,12023.0,32,32,107.01,0.961,20251031_068_pol_pro_Ran_ado_2025_6_Colorado2025_x006144_y011776
Unknown_Sample,20251031_068_pol_pro_Ran_ado_2025_6_Colorado2025.czi,Ran_ado,525.22,6196.0,11942.0,29,30,98.18,0.959,20251031_068_pol_pro_Ran_ado_2025_6_Colorado2025_x006144_y011776
Unknown_Sample,20251031_068_pol_pro_Ran_ado_2025_6_Colorado2025.czi,Ran_ado,605.64,6758.0,12093.0,33,32,106.08,0.958,20251031_068_pol_pro_Ran_ado_2025_6_Colorado2025_x006144_y011776
Unknown_Sample,20251031_068_pol_pro_Ran_ado_2025_6_Colorado2025.czi,Ran_ado,402.48,6645.0,12363.0,28,24,87.11,0.949,20251031_068_pol_pro_Ran_ado_2025_6_Colorado2025_x006144_y011776
Unknown_Sample,20251031_068_pol_pro_Ran_ado_2025_6_Colorado2025.czi,Ran_ado,285.5,6512.0,12263.0,23,22,74.28,0.946,20251031_068_pol_pro_Ran_ado_2025_6_Colorado2025_x006144_y011776
Unknown_Sample,20251031_068_pol_pro_Ran_ado_2025_6_Colorado2025.czi,Ran_ado,100.04,6336.0,12092.0,12,14,44.49,0.94,20251031_068_pol_pro_Ran_ado_2025_6_Colorado2025_x006144_y011776
Unknown_Sample,20251031_068_pol_pro_Ran_ado_2025_6_Colorado2025.czi,Ran_ado,606.79,6758.0,12093.0,33,32,106.67,0.958,20251031_068_pol_pro_Ran_ado_2025_6_Colorado2025_x006656_y011776
Unknown_Sample,20251031_068_pol_pro_Ran_ado_2025_6_Colorado2025.czi,Ran_ado,611.03,7181.0,12199.0,31,34,107.25,0.956,20251031_068_pol_pro_Ran_ado_2025_6_Colorado2025_x006656_y011776
Unknown_Sample,20251031_068_pol_pro_Ran_ado_2025_6_Colorado2025.czi,Ran_ado,715.68,7398.0,11940.0,33,36,115.25,0.962,20251031_068_pol_pro_Ran_ado_2025_6_Colorado2025_x007168_y011776
Unknown_Sample,20251031_068_pol_pro_Ran_ado_2025_6_Colorado2025.czi,Ran_ado,833.81,7421.0,12339.0,36,40,125.15,0.961,20251031_068_pol_pro_Ran_ado_2025_6_Colorado2025_x007168_y011776
Unknown_Sample,20251031_068_pol_pro_Ran_ado_2025_6_Colorado2025.czi,Ran_ado,766.48,7747.0,11893.0,36,36,117.74,0.96,20251031_068_pol_pro_Ran_ado_2025_6_Colorado2025_x007168_y011776
Unknown_Sample,20251031_068_pol_pro_Ran_ado_2025_6_Colorado2025.czi,Ran_ado,581.4,7182.0,12199.0,29,34,106.18,0.959,20251031_068_pol_pro_Ran_ado_2025_6_Colorado2025_x007168_y011776
Unknown_Sample,20251031_068_pol_pro_Ran_ado_2025_6_Colorado2025.czi,Ran_ado,772.25,7669.0,12071.0,39,34,121.5,0.955,20251031_068_pol_pro_Ran_ado_2025_6_Colorado2025_x007168_y011776
Unknown_Sample,20251031_068_pol_pro_Ran_ado_2025_6_Colorado2025.czi,Ran_ado,789.56,7926.0,11984.0,34,38,120.08,0.966,20251031_068_pol_pro_Ran_ado_2025_6_Colorado2025_x007680_y011776
Unknown_Sample,20251031_068_pol_pro_Ran_ado_2025_6_Colorado2025.czi,Ran_ado,741.46,8241.0,12196.0,33,37,116.67,0.964,20251031_068_pol_pro_Ran_ado_2025_6_Colorado2025_x007680_y011776
Unknown_Sample,20251031_068_pol_pro_Ran_ado_2025_6_Colorado2025.czi,Ran_ado,763.78,7747.0,11893.0,36,36,117.15,0.96,20251031_068_pol_pro_Ran_ado_2025_6_Colorado2025_x007680_y011776
Unknown_Sample,20251031_068_pol_pro_Ran_ado_2025_6_Colorado2025.czi,Ran_ado,604.48,8094.0,11949.0,32,31,105.01,0.96,20251031_068_pol_pro_Ran_ado_2025_6_Colorado2025_x007680_y011776
Unknown_Sample,20251031_068_pol_pro_Ran_ado_2025_6_Colorado2025.czi,Ran_ado,594.48,7981.0,12122.0,32,30,104.18,0.96,20251031_068_pol_pro_Ran_ado_2025_6_Colorado2025_x007680_y011776
Unknown_Sample,20251031_068_pol_pro_Ran_ado_2025_6_Colorado2025.czi,Ran_ado,487.51,7854.0,12114.0,31,26,95.36,0.957,20251031_068_pol_pro_Ran_ado_2025_6_Colorado2025_x007680_y011776
Unknown_Sample,20251031_068_pol_pro_Ran_ado_2025_6_Colorado2025.czi,Ran_ado,809.95,8202.0,12287.0,38,37,123.15,0.956,20251031_068_pol_pro_Ran_ado_2025_6_Colorado2025_x007680_y011776
Unknown_Sample,20251031_068_pol_pro_Ran_ado_2025_6_Colorado2025.czi,Ran_ado,487.51,7886.0,12319.0,28,30,96.18,0.955,20251031_068_pol_pro_Ran_ado_2025_6_Colorado2025_x007680_y011776
Unknown_Sample,20251031_068_pol_pro_Ran_ado_2025_6_Colorado2025.czi,Ran_ado,118.13,7684.0,12069.0,10,25,59.56,0.936,20251031_068_pol_pro_Ran_ado_2025_6_Colorado2025_x007680_y011776
Unknown_Sample,20251031_068_pol_pro_Ran_ado_2025_6_Colorado2025.czi,Ran_ado,742.23,8241.0,12196.0,33,37,116.67,0.963,20251031_068_pol_pro_Ran_ado_2025_6_Colorado2025_x008192_y011776
Unknown_Sample,20251031_068_pol_pro_Ran_ado_2025_6_Colorado2025.czi,Ran_ado,661.05,8205.0,12287.0,28,37,111.94,0.959,20251031_068_pol_pro_Ran_ado_2025_6_Colorado2025_x008192_y011776
Unknown_Sample,20251031_068_pol_pro_Ran_ado_2025_6_Colorado2025.czi,Ran_ado,650.27,9827.0,12137.0,33,32,107.25,0.962,20251031_068_pol_pro_Ran_ado_2025_6_Colorado2025_x009216_y011776
Unknown_Sample,20251031_068_pol_pro_Ran_ado_2025_6_Colorado2025.czi,Ran_ado,512.91,9420.0,12245.0,29,29,97.36,0.962,20251031_068_pol_pro_Ran_ado_2025_6_Colorado2025_x009216_y011776
Unknown_Sample,20251031_068_pol_pro_Ran_ado_2025_6_Colorado2025.czi,Ran_ado,649.89,9686.0,11959.0,33,31,108.18,0.961,20251031_068_pol_pro_Ran_ado_2025_6_Colorado2025_x009216_y011776
Unknown_Sample,20251031_068_pol_pro_Ran_ado_2025_6_Colorado2025.czi,Ran_ado,644.5,9564.0,11893.0,35,31,109.84,0.961,20251031_068_pol_pro_Ran_ado_2025_6_Colorado2025_x009216_y011776
Unknown_Sample,20251031_068_pol_pro_Ran_ado_2025_6_Colorado2025.czi,Ran_ado,385.93,9418.0,12368.0,26,25,85.7,0.954,20251031_068_pol_pro_Ran_ado_2025_6_Colorado2025_x009216_y011776
Unknown_Sample,20251031_068_pol_pro_Ran_ado_2025_6_Colorado2025.czi,Ran_ado,649.5,9807.0,11829.0,31,36,110.08,0.948,20251031_068_pol_pro_Ran_ado_2025_6_Colorado2025_x009216_y011776
Unknown_Sample,20251031_068_pol_pro_Ran_ado_2025_6_Colorado2025.czi,Ran_ado,376.7,9419.0,12407.0,33,18,90.38,0.918,20251031_068_pol_pro_Ran_ado_2025_6_Colorado2025_x009216_y011776
Unknown_Sample,20251031_068_pol_pro_Ran_ado_2025_6_Colorado2025.czi,Ran_ado,650.27,9827.0,12137.0,33,32,107.25,0.963,20251031_068_pol_pro_Ran_ado_2025_6_Colorado2025_x009728_y011776
Unknown_Sample,20251031_068_pol_pro_Ran_ado_2025_6_Colorado2025.czi,Ran_ado,673.36,10055.0,12393.0,34,33,111.25,0.961,20251031_068_pol_pro_Ran_ado_2025_6_Colorado2025_x009728_y011776
Unknown_Sample,20251031_068_pol_pro_Ran_ado_2025_6_Colorado2025.czi,Ran_ado,603.71,10272.0,12193.0,28,36,107.01,0.96,20251031_068_pol_pro_Ran_ado_2025_6_Colorado2025_x009728_y011776
Unknown_Sample,20251031_068_pol_pro_Ran_ado_2025_6_Colorado2025.czi,Ran_ado,566.39,9871.0,12282.0,31,31,102.43,0.959,20251031_068_pol_pro_Ran_ado_2025_6_Colorado2025_x009728_y011776
Unknown_Sample,20251031_068_pol_pro_Ran_ado_2025_6_Colorado2025.czi,Ran_ado,649.5,9807.0,11829.0,31,36,110.08,0.947,20251031_068_pol_pro_Ran_ado_2025_6_Colorado2025_x009728_y011776
Unknown_Sample,20251031_068_pol_pro_Ran_ado_2025_6_Colorado2025.czi,Ran_ado,766.09,10418.0,11929.0,35,36,117.5,0.965,20251031_068_pol_pro_Ran_ado_2025_6_Colorado2025_x010240_y011776
Unknown_Sample,20251031_068_pol_pro_Ran_ado_2025_6_Colorado2025.czi,Ran_ado,821.11,10681.0,12106.0,38,36,122.91,0.965,20251031_068_pol_pro_Ran_ado_2025_6_Colorado2025_x010240_y011776
Unknown_Sample,20251031_068_pol_pro_Ran_ado_2025_6_Colorado2025.czi,Ran_ado,801.49,10453.0,12184.0,37,36,122.67,0.964,20251031_068_pol_pro_Ran_ado_2025_6_Colorado2025_x010240_y011776
Unknown_Sample,20251031_068_pol_pro_Ran_ado_2025_6_Colorado2025.czi,Ran_ado,867.29,10833.0,12238.0,37,39,126.91,0.962,20251031_068_pol_pro_Ran_ado_2025_6_Colorado2025_x010240_y011776
Unknown_Sample,20251031_068_pol_pro_Ran_ado_2025_6_Colorado2025.czi,Ran_ado,603.33,10272.0,12193.0,28,36,106.43,0.96,20251031_068_pol_pro_Ran_ado_2025_6_Colorado2025_x010240_y011776
Unknown_Sample,20251031_068_pol_pro_Ran_ado_2025_6_Colorado2025.czi,Ran_ado,796.87,11347.0,12277.0,38,34,120.67,0.962,20251031_068_pol_pro_Ran_ado_2025_6_Colorado2025_x010752_y011776
Unknown_Sample,20251031_068_pol_pro_Ran_ado_2025_6_Colorado2025.czi,Ran_ado,871.52,10833.0,12238.0,37,39,126.33,0.962,20251031_068_pol_pro_Ran_ado_2025_6_Colorado2025_x010752_y011776
Unknown_Sample,20251031_068_pol_pro_Ran_ado_2025_6_Colorado2025.czi,Ran_ado,278.58,11312.0,11782.0,36,15,87.46,0.938,20251031_068_pol_pro_Ran_ado_2025_6_Colorado2025_x010752_y011776
Unknown_Sample,20251031_068_pol_pro_Ran_ado_2025_6_Colorado2025.czi,Ran_ado,802.26,11586.0,12089.0,34,39,120.33,0.962,20251031_068_pol_pro_Ran_ado_2025_6_Colorado2025_x011264_y011776
Unknown_Sample,20251031_068_pol_pro_Ran_ado_2025_6_Colorado2025.czi,Ran_ado,796.87,11347.0,12277.0,38,34,120.67,0.961,20251031_068_pol_pro_Ran_ado_2025_6_Colorado2025_x011264_y011776
Unknown_Sample,20251031_068_pol_pro_Ran_ado_2025_6_Colorado2025.czi,Ran_ado,898.45,11416.0,11790.0,45,31,133.36,0.961,20251031_068_pol_pro_Ran_ado_2025_6_Colorado2025_x011264_y011776
Unknown_Sample,20251031_068_pol_pro_Ran_ado_2025_6_Colorado2025.czi,Ran_ado,278.58,11312.0,11782.0,36,15,87.46,0.938,20251031_068_pol_pro_Ran_ado_2025_6_Colorado2025_x011264_y011776
Unknown_Sample,20251031_068_pol_pro_Ran_ado_2025_6_Colorado2025.czi,Ran_ado,939.62,12287.0,12141.0,42,38,132.57,0.964,20251031_068_pol_pro_Ran_ado_2025_6_Colorado2025_x011776_y011776
Unknown_Sample,20251031_068_pol_pro_Ran_ado_2025_6_Colorado2025.czi,Ran_ado,571.78,12002.0,11972.0,31,32,103.25,0.961,20251031_068_pol_pro_Ran_ado_2025_6_Colorado2025_x011776_y011776
Unknown_Sample,20251031_068_pol_pro_Ran_ado_2025_6_Colorado2025.czi,Ran_ado,771.09,12333.0,12125.0,37,34,118.08,0.96,20251031_068_pol_pro_Ran_ado_2025_6_Colorado2025_x011776_y011776
Unknown_Sample,20251031_068_pol_pro_Ran_ado_2025_6_Colorado2025.czi,Ran_ado,586.01,12142.0,11809.0,32,31,103.84,0.959,20251031_068_pol_pro_Ran_ado_2025_6_Colorado2025_x011776_y011776
Unknown_Sample,20251031_068_pol_pro_Ran_ado_2025_6_Colorado2025.czi,Ran_ado,461.73,12343.0,12057.0,29,29,95.6,0.952,20251031_068_pol_pro_Ran_ado_2025_6_Colorado2025_x011776_y011776
Unknown_Sample,20251031_068_pol_pro_Ran_ado_2025_6_Colorado2025.czi,Ran_ado,914.23,11991.0,11869.0,38,40,128.57,0.949,20251031_068_pol_pro_Ran_ado_2025_6_Colorado2025_x011776_y011776
Unknown_Sample,20251031_068_pol_pro_Ran_ado_2025_6_Colorado2025.czi,Ran_ado,658.35,12027.0,11863.0,36,32,111.5,0.933,20251031_068_pol_pro_Ran_ado_2025_6_Colorado2025_x011776_y011776
Unknown_Sample,20251031_068_pol_pro_Ran_ado_2025_6_Colorado2025.czi,Ran_ado,771.09,12333.0,12125.0,37,34,118.08,0.959,20251031_068_pol_pro_Ran_ado_2025_6_Colorado2025_x012288_y011776
Unknown_Sample,20251031_068_pol_pro_Ran_ado_2025_6_Colorado2025.czi,Ran_ado,416.71,12297.0,12141.0,20,37,98.87,0.956,20251031_068_pol_pro_Ran_ado_2025_6_Colorado2025_x012288_y011776
Unknown_Sample,20251031_068_pol_pro_Ran_ado_2025_6_Colorado2025.czi,Ran_ado,461.73,12343.0,12057.0,29,29,95.6,0.951,20251031_068_pol_pro_Ran_ado_2025_6_Colorado2025_x012288_y011776
Unknown_Sample,20251031_068_pol_pro_Ran_ado_2025_6_Colorado2025.czi,Ran_ado,784.17,12913.0,11821.0,29,42,125.11,0.95,20251031_068_pol_pro_Ran_ado_2025_6_Colorado2025_x012288_y011776
Unknown_Sample,20251031_068_pol_pro_Ran_ado_2025_6_Colorado2025.czi,Ran_ado,914.23,12916.0,11821.0,36,42,129.74,0.964,20251031_068_pol_pro_Ran_ado_2025_6_Colorado2025_x012800_y011776
Unknown_Sample,20251031_068_pol_pro_Ran_ado_2025_6_Colorado2025.czi,Ran_ado,813.42,12970.0,11818.0,38,35,122.08,0.963,20251031_068_pol_pro_Ran_ado_2025_6_Colorado2025_x012800_y011776
Unknown_Sample,20251031_068_pol_pro_Ran_ado_2025_6_Colorado2025.czi,Ran_ado,561.0,13289.0,11971.0,30,31,102.77,0.963,20251031_068_pol_pro_Ran_ado_2025_6_Colorado2025_x012800_y011776
Unknown_Sample,20251031_068_pol_pro_Ran_ado_2025_6_Colorado2025.czi,Ran_ado,891.14,13404.0,12237.0,37,39,126.91,0.961,20251031_068_pol_pro_Ran_ado_2025_6_Colorado2025_x012800_y011776
Unknown_Sample,20251031_068_pol_pro_Ran_ado_2025_6_Colorado2025.czi,Ran_ado,965.4,13290.0,12377.0,39,42,133.98,0.959,20251031_068_pol_pro_Ran_ado_2025_6_Colorado2025_x012800_y011776
Unknown_Sample,20251031_068_pol_pro_Ran_ado_2025_6_Colorado2025.czi,Ran_ado,817.27,13670.0,11942.0,35,39,122.91,0.966,20251031_068_pol_pro_Ran_ado_2025_6_Colorado2025_x013312_y011776
Unknown_Sample,20251031_068_pol_pro_Ran_ado_2025_6_Colorado2025.czi,Ran_ado,714.15,13461.0,11877.0,32,37,115.25,0.965,20251031_068_pol_pro_Ran_ado_2025_6_Colorado2025_x013312_y011776
Unknown_Sample,20251031_068_pol_pro_Ran_ado_2025_6_Colorado2025.czi,Ran_ado,687.98,13659.0,12372.0,31,37,110.91,0.964,20251031_068_pol_pro_Ran_ado_2025_6_Colorado2025_x013312_y011776
Unknown_Sample,20251031_068_pol_pro_Ran_ado_2025_6_Colorado2025.czi,Ran_ado,891.14,13404.0,12237.0,37,39,126.91,0.961,20251031_068_pol_pro_Ran_ado_2025_6_Colorado2025_x013312_y011776
Unknown_Sample,20251031_068_pol_pro_Ran_ado_2025_6_Colorado2025.czi,Ran_ado,754.93,14317.0,11897.0,33,37,117.25,0.963,20251031_068_pol_pro_Ran_ado_2025_6_Colorado2025_x013824_y011776
Unknown_Sample,20251031_068_pol_pro_Ran_ado_2025_6_Colorado2025.czi,Ran_ado,532.92,13981.0,11802.0,29,31,100.18,0.962,20251031_068_pol_pro_Ran_ado_2025_6_Colorado2025_x013824_y011776
Unknown_Sample,20251031_068_pol_pro_Ran_ado_2025_6_Colorado2025.czi,Ran_ado,414.02,14331.0,12249.0,28,26,87.6,0.949,20251031_068_pol_pro_Ran_ado_2025_6_Colorado2025_x013824_y011776
Unknown_Sample,20251031_068_pol_pro_Ran_ado_2025_6_Colorado2025.czi,Ran_ado,996.96,14785.0,11924.0,40,43,135.64,0.965,20251031_068_pol_pro_Ran_ado_2025_6_Colorado2025_x014336_y011776
Unknown_Sample,20251031_068_pol_pro_Ran_ado_2025_6_Colorado2025.czi,Ran_ado,460.19,15454.0,12238.0,29,27,91.6,0.954,20251031_068_pol_pro_Ran_ado_2025_6_Colorado2025_x014848_y011776
Unknown_Sample,20251031_068_pol_pro_Ran_ado_2025_6_Colorado2025.czi,Ran_ado,460.19,15454.0,12238.0,29,27,91.6,0.954,20251031_068_pol_pro_Ran_ado_2025_6_Colorado2025_x015360_y011776
Unknown_Sample,20251031_068_pol_pro_Ran_ado_2025_6_Colorado2025.czi,Ran_ado,606.02,2636.0,12865.0,33,30,105.01,0.956,20251031_068_pol_pro_Ran_ado_2025_6_Colorado2025_x002048_y012288
Unknown_Sample,20251031_068_pol_pro_Ran_ado_2025_6_Colorado2025.czi,Ran_ado,203.55,2368.0,12294.0,29,13,72.38,0.91,20251031_068_pol_pro_Ran_ado_2025_6_Colorado2025_x002048_y012288
Unknown_Sample,20251031_068_pol_pro_Ran_ado_2025_6_Colorado2025.czi,Ran_ado,599.1,2636.0,12865.0,33,30,103.84,0.958,20251031_068_pol_pro_Ran_ado_2025_6_Colorado2025_x002560_y012288
Unknown_Sample,20251031_068_pol_pro_Ran_ado_2025_6_Colorado2025.czi,Ran_ado,507.14,3149.0,12472.0,29,29,97.94,0.957,20251031_068_pol_pro_Ran_ado_2025_6_Colorado2025_x002560_y012288
Unknown_Sample,20251031_068_pol_pro_Ran_ado_2025_6_Colorado2025.czi,Ran_ado,489.82,2972.0,12645.0,26,31,96.53,0.954,20251031_068_pol_pro_Ran_ado_2025_6_Colorado2025_x002560_y012288
Unknown_Sample,20251031_068_pol_pro_Ran_ado_2025_6_Colorado2025.czi,Ran_ado,507.14,3149.0,12472.0,29,29,97.94,0.957,20251031_068_pol_pro_Ran_ado_2025_6_Colorado2025_x003072_y012288
Unknown_Sample,20251031_068_pol_pro_Ran_ado_2025_6_Colorado2025.czi,Ran_ado,367.46,3597.0,12553.0,24,25,81.7,0.957,20251031_068_pol_pro_Ran_ado_2025_6_Colorado2025_x003072_y012288
Unknown_Sample,20251031_068_pol_pro_Ran_ado_2025_6_Colorado2025.czi,Ran_ado,353.61,3206.0,12296.0,31,19,87.21,0.956,20251031_068_pol_pro_Ran_ado_2025_6_Colorado2025_x003072_y012288
Unknown_Sample,20251031_068_pol_pro_Ran_ado_2025_6_Colorado2025.czi,Ran_ado,402.48,3374.0,12500.0,28,24,87.11,0.953,20251031_068_pol_pro_Ran_ado_2025_6_Colorado2025_x003072_y012288
Unknown_Sample,20251031_068_pol_pro_Ran_ado_2025_6_Colorado2025.czi,Ran_ado,529.84,3673.0,12385.0,31,29,99.01,0.953,20251031_068_pol_pro_Ran_ado_2025_6_Colorado2025_x003072_y012288
Unknown_Sample,20251031_068_pol_pro_Ran_ado_2025_6_Colorado2025.czi,Ran_ado,321.67,3644.0,12774.0,22,25,78.28,0.948,20251031_068_pol_pro_Ran_ado_2025_6_Colorado2025_x003072_y012288
Unknown_Sample,20251031_068_pol_pro_Ran_ado_2025_6_Colorado2025.czi,Ran_ado,527.14,3915.0,12637.0,29,32,99.25,0.963,20251031_068_pol_pro_Ran_ado_2025_6_Colorado2025_x003584_y012288
Unknown_Sample,20251031_068_pol_pro_Ran_ado_2025_6_Colorado2025.czi,Ran_ado,695.68,3880.0,12602.0,37,32,115.25,0.962,20251031_068_pol_pro_Ran_ado_2025_6_Colorado2025_x003584_y012288
Unknown_Sample,20251031_068_pol_pro_Ran_ado_2025_6_Colorado2025.czi,Ran_ado,548.69,4203.0,12878.0,27,33,100.77,0.959,20251031_068_pol_pro_Ran_ado_2025_6_Colorado2025_x003584_y012288
Unknown_Sample,20251031_068_pol_pro_Ran_ado_2025_6_Colorado2025.czi,Ran_ado,513.29,3810.0,12520.0,31,29,98.43,0.959,20251031_068_pol_pro_Ran_ado_2025_6_Colorado2025_x003584_y012288
Unknown_Sample,20251031_068_pol_pro_Ran_ado_2025_6_Colorado2025.czi,Ran_ado,368.62,3597.0,12553.0,24,25,82.28,0.954,20251031_068_pol_pro_Ran_ado_2025_6_Colorado2025_x003584_y012288
Unknown_Sample,20251031_068_pol_pro_Ran_ado_2025_6_Colorado2025.czi,Ran_ado,529.84,3673.0,12385.0,31,29,99.01,0.953,20251031_068_pol_pro_Ran_ado_2025_6_Colorado2025_x003584_y012288
Unknown_Sample,20251031_068_pol_pro_Ran_ado_2025_6_Colorado2025.czi,Ran_ado,321.67,3644.0,12774.0,22,25,78.28,0.948,20251031_068_pol_pro_Ran_ado_2025_6_Colorado2025_x003584_y012288
Unknown_Sample,20251031_068_pol_pro_Ran_ado_2025_6_Colorado2025.czi,Ran_ado,652.2,4490.0,12859.0,35,31,109.84,0.961,20251031_068_pol_pro_Ran_ado_2025_6_Colorado2025_x004096_y012288
Unknown_Sample,20251031_068_pol_pro_Ran_ado_2025_6_Colorado2025.czi,Ran_ado,576.01,4240.0,12757.0,34,29,106.18,0.96,20251031_068_pol_pro_Ran_ado_2025_6_Colorado2025_x004096_y012288
Unknown_Sample,20251031_068_pol_pro_Ran_ado_2025_6_Colorado2025.czi,Ran_ado,546.38,4203.0,12878.0,27,33,100.77,0.96,20251031_068_pol_pro_Ran_ado_2025_6_Colorado2025_x004096_y012288
Unknown_Sample,20251031_068_pol_pro_Ran_ado_2025_6_Colorado2025.czi,Ran_ado,429.03,4322.0,12394.0,26,27,88.53,0.957,20251031_068_pol_pro_Ran_ado_2025_6_Colorado2025_x004096_y012288
Unknown_Sample,20251031_068_pol_pro_Ran_ado_2025_6_Colorado2025.czi,Ran_ado,649.89,4559.0,12333.0,31,36,111.84,0.956,20251031_068_pol_pro_Ran_ado_2025_6_Colorado2025_x004096_y012288
Unknown_Sample,20251031_068_pol_pro_Ran_ado_2025_6_Colorado2025.czi,Ran_ado,359.0,4718.0,12482.0,23,25,83.21,0.952,20251031_068_pol_pro_Ran_ado_2025_6_Colorado2025_x004096_y012288
Unknown_Sample,20251031_068_pol_pro_Ran_ado_2025_6_Colorado2025.czi,Ran_ado,310.51,4359.0,12711.0,25,20,77.21,0.932,20251031_068_pol_pro_Ran_ado_2025_6_Colorado2025_x004096_y012288
Unknown_Sample,20251031_068_pol_pro_Ran_ado_2025_6_Colorado2025.czi,Ran_ado,402.86,4724.0,12914.0,23,26,89.9,0.919,20251031_068_pol_pro_Ran_ado_2025_6_Colorado2025_x004096_y012288
Unknown_Sample,20251031_068_pol_pro_Ran_ado_2025_6_Colorado2025.czi,Ran_ado,662.2,5151.0,12400.0,36,31,110.67,0.961,20251031_068_pol_pro_Ran_ado_2025_6_Colorado2025_x004608_y012288
Unknown_Sample,20251031_068_pol_pro_Ran_ado_2025_6_Colorado2025.czi,Ran_ado,360.92,4718.0,12482.0,23,25,82.63,0.952,20251031_068_pol_pro_Ran_ado_2025_6_Colorado2025_x004608_y012288
Unknown_Sample,20251031_068_pol_pro_Ran_ado_2025_6_Colorado2025.czi,Ran_ado,517.91,4727.0,12914.0,31,26,99.46,0.944,20251031_068_pol_pro_Ran_ado_2025_6_Colorado2025_x004608_y012288
Unknown_Sample,20251031_068_pol_pro_Ran_ado_2025_6_Colorado2025.czi,Ran_ado,574.09,5332.0,12847.0,31,30,102.77,0.963,20251031_068_pol_pro_Ran_ado_2025_6_Colorado2025_x005120_y012288
Unknown_Sample,20251031_068_pol_pro_Ran_ado_2025_6_Colorado2025.czi,Ran_ado,644.89,5442.0,12336.0,33,33,108.08,0.962,20251031_068_pol_pro_Ran_ado_2025_6_Colorado2025_x005120_y012288
Unknown_Sample,20251031_068_pol_pro_Ran_ado_2025_6_Colorado2025.czi,Ran_ado,662.2,5151.0,12400.0,36,31,110.67,0.961,20251031_068_pol_pro_Ran_ado_2025_6_Colorado2025_x005120_y012288
Unknown_Sample,20251031_068_pol_pro_Ran_ado_2025_6_Colorado2025.czi,Ran_ado,643.73,5427.0,12826.0,35,33,111.5,0.958,20251031_068_pol_pro_Ran_ado_2025_6_Colorado2025_x005120_y012288
Unknown_Sample,20251031_068_pol_pro_Ran_ado_2025_6_Colorado2025.czi,Ran_ado,344.76,5292.0,12751.0,23,24,80.63,0.949,20251031_068_pol_pro_Ran_ado_2025_6_Colorado2025_x005120_y012288
Unknown_Sample,20251031_068_pol_pro_Ran_ado_2025_6_Colorado2025.czi,Ran_ado,559.47,5779.0,12730.0,33,29,104.77,0.963,20251031_068_pol_pro_Ran_ado_2025_6_Colorado2025_x005632_y012288
Unknown_Sample,20251031_068_pol_pro_Ran_ado_2025_6_Colorado2025.czi,Ran_ado,623.72,6120.0,12504.0,28,37,109.01,0.96,20251031_068_pol_pro_Ran_ado_2025_6_Colorado2025_x005632_y012288
Unknown_Sample,20251031_068_pol_pro_Ran_ado_2025_6_Colorado2025.czi,Ran_ado,563.7,5983.0,12719.0,32,30,103.01,0.959,20251031_068_pol_pro_Ran_ado_2025_6_Colorado2025_x005632_y012288
Unknown_Sample,20251031_068_pol_pro_Ran_ado_2025_6_Colorado2025.czi,Ran_ado,402.48,6645.0,12363.0,28,24,87.11,0.95,20251031_068_pol_pro_Ran_ado_2025_6_Colorado2025_x006144_y012288
Unknown_Sample,20251031_068_pol_pro_Ran_ado_2025_6_Colorado2025.czi,Ran_ado,766.86,7039.0,12670.0,33,38,119.84,0.963,20251031_068_pol_pro_Ran_ado_2025_6_Colorado2025_x006656_y012288
Unknown_Sample,20251031_068_pol_pro_Ran_ado_2025_6_Colorado2025.czi,Ran_ado,833.04,7421.0,12339.0,36,40,125.15,0.96,20251031_068_pol_pro_Ran_ado_2025_6_Colorado2025_x007168_y012288
Unknown_Sample,20251031_068_pol_pro_Ran_ado_2025_6_Colorado2025.czi,Ran_ado,595.25,7435.0,12583.0,33,30,106.18,0.96,20251031_068_pol_pro_Ran_ado_2025_6_Colorado2025_x007168_y012288
Unknown_Sample,20251031_068_pol_pro_Ran_ado_2025_6_Colorado2025.czi,Ran_ado,549.46,7679.0,12553.0,30,32,102.43,0.951,20251031_068_pol_pro_Ran_ado_2025_6_Colorado2025_x007168_y012288
Unknown_Sample,20251031_068_pol_pro_Ran_ado_2025_6_Colorado2025.czi,Ran_ado,320.9,7690.0,12910.0,19,29,81.46,0.931,20251031_068_pol_pro_Ran_ado_2025_6_Colorado2025_x007168_y012288
Unknown_Sample,20251031_068_pol_pro_Ran_ado_2025_6_Colorado2025.czi,Ran_ado,719.92,8207.0,12610.0,34,36,115.5,0.966,20251031_068_pol_pro_Ran_ado_2025_6_Colorado2025_x007680_y012288
Unknown_Sample,20251031_068_pol_pro_Ran_ado_2025_6_Colorado2025.czi,Ran_ado,580.63,8277.0,12700.0,30,31,103.36,0.962,20251031_068_pol_pro_Ran_ado_2025_6_Colorado2025_x007680_y012288
Unknown_Sample,20251031_068_pol_pro_Ran_ado_2025_6_Colorado2025.czi,Ran_ado,514.45,8283.0,12902.0,31,28,97.01,0.957,20251031_068_pol_pro_Ran_ado_2025_6_Colorado2025_x007680_y012288
Unknown_Sample,20251031_068_pol_pro_Ran_ado_2025_6_Colorado2025.czi,Ran_ado,488.28,7886.0,12319.0,28,30,96.18,0.954,20251031_068_pol_pro_Ran_ado_2025_6_Colorado2025_x007680_y012288
Unknown_Sample,20251031_068_pol_pro_Ran_ado_2025_6_Colorado2025.czi,Ran_ado,360.92,8202.0,12295.0,38,18,95.11,0.939,20251031_068_pol_pro_Ran_ado_2025_6_Colorado2025_x007680_y012288
Unknown_Sample,20251031_068_pol_pro_Ran_ado_2025_6_Colorado2025.czi,Ran_ado,223.56,7686.0,12551.0,13,29,73.56,0.936,20251031_068_pol_pro_Ran_ado_2025_6_Colorado2025_x007680_y012288
Unknown_Sample,20251031_068_pol_pro_Ran_ado_2025_6_Colorado2025.czi,Ran_ado,154.68,8307.0,12922.0,24,11,61.31,0.863,20251031_068_pol_pro_Ran_ado_2025_6_Colorado2025_x007680_y012288
Unknown_Sample,20251031_068_pol_pro_Ran_ado_2025_6_Colorado2025.czi,Ran_ado,325.91,7689.0,12909.0,19,29,82.04,0.789,20251031_068_pol_pro_Ran_ado_2025_6_Colorado2025_x007680_y012288
Unknown_Sample,20251031_068_pol_pro_Ran_ado_2025_6_Colorado2025.czi,Ran_ado,709.14,8207.0,12610.0,33,36,114.67,0.968,20251031_068_pol_pro_Ran_ado_2025_6_Colorado2025_x008192_y012288
Unknown_Sample,20251031_068_pol_pro_Ran_ado_2025_6_Colorado2025.czi,Ran_ado,580.63,8277.0,12700.0,30,31,103.36,0.963,20251031_068_pol_pro_Ran_ado_2025_6_Colorado2025_x008192_y012288
Unknown_Sample,20251031_068_pol_pro_Ran_ado_2025_6_Colorado2025.czi,Ran_ado,784.17,8547.0,12739.0,37,35,118.91,0.962,20251031_068_pol_pro_Ran_ado_2025_6_Colorado2025_x008192_y012288
Unknown_Sample,20251031_068_pol_pro_Ran_ado_2025_6_Colorado2025.czi,Ran_ado,672.2,8761.0,12554.0,32,36,111.5,0.959,20251031_068_pol_pro_Ran_ado_2025_6_Colorado2025_x008192_y012288
Unknown_Sample,20251031_068_pol_pro_Ran_ado_2025_6_Colorado2025.czi,Ran_ado,514.45,8283.0,12902.0,31,28,97.01,0.957,20251031_068_pol_pro_Ran_ado_2025_6_Colorado2025_x008192_y012288
Unknown_Sample,20251031_068_pol_pro_Ran_ado_2025_6_Colorado2025.czi,Ran_ado,297.82,8205.0,12296.0,28,18,79.8,0.948,20251031_068_pol_pro_Ran_ado_2025_6_Colorado2025_x008192_y012288
Unknown_Sample,20251031_068_pol_pro_Ran_ado_2025_6_Colorado2025.czi,Ran_ado,158.53,8306.0,12922.0,25,11,62.14,0.879,20251031_068_pol_pro_Ran_ado_2025_6_Colorado2025_x008192_y012288
Unknown_Sample,20251031_068_pol_pro_Ran_ado_2025_6_Colorado2025.czi,Ran_ado,784.94,9006.0,12616.0,35,37,120.08,0.965,20251031_068_pol_pro_Ran_ado_2025_6_Colorado2025_x008704_y012288
Unknown_Sample,20251031_068_pol_pro_Ran_ado_2025_6_Colorado2025.czi,Ran_ado,672.2,8761.0,12554.0,32,36,111.5,0.959,20251031_068_pol_pro_Ran_ado_2025_6_Colorado2025_x008704_y012288
Unknown_Sample,20251031_068_pol_pro_Ran_ado_2025_6_Colorado2025.czi,Ran_ado,345.53,9093.0,12676.0,27,25,84.77,0.937,20251031_068_pol_pro_Ran_ado_2025_6_Colorado2025_x008704_y012288
Unknown_Sample,20251031_068_pol_pro_Ran_ado_2025_6_Colorado2025.czi,Ran_ado,681.82,9419.0,12413.0,33,34,111.25,0.965,20251031_068_pol_pro_Ran_ado_2025_6_Colorado2025_x009216_y012288
Unknown_Sample,20251031_068_pol_pro_Ran_ado_2025_6_Colorado2025.czi,Ran_ado,751.85,9508.0,12857.0,35,35,117.25,0.965,20251031_068_pol_pro_Ran_ado_2025_6_Colorado2025_x009216_y012288
Unknown_Sample,20251031_068_pol_pro_Ran_ado_2025_6_Colorado2025.czi,Ran_ado,672.97,9710.0,12823.0,33,34,111.84,0.961,20251031_068_pol_pro_Ran_ado_2025_6_Colorado2025_x009216_y012288
Unknown_Sample,20251031_068_pol_pro_Ran_ado_2025_6_Colorado2025.czi,Ran_ado,385.93,9418.0,12368.0,26,25,85.7,0.954,20251031_068_pol_pro_Ran_ado_2025_6_Colorado2025_x009216_y012288
Unknown_Sample,20251031_068_pol_pro_Ran_ado_2025_6_Colorado2025.czi,Ran_ado,834.2,10331.0,12641.0,38,36,122.91,0.964,20251031_068_pol_pro_Ran_ado_2025_6_Colorado2025_x009728_y012288
Unknown_Sample,20251031_068_pol_pro_Ran_ado_2025_6_Colorado2025.czi,Ran_ado,672.59,10055.0,12393.0,34,33,111.25,0.962,20251031_068_pol_pro_Ran_ado_2025_6_Colorado2025_x009728_y012288
Unknown_Sample,20251031_068_pol_pro_Ran_ado_2025_6_Colorado2025.czi,Ran_ado,116.97,9873.0,12292.0,27,10,61.8,0.935,20251031_068_pol_pro_Ran_ado_2025_6_Colorado2025_x009728_y012288
Unknown_Sample,20251031_068_pol_pro_Ran_ado_2025_6_Colorado2025.czi,Ran_ado,835.35,10331.0,12641.0,38,36,123.5,0.965,20251031_068_pol_pro_Ran_ado_2025_6_Colorado2025_x010240_y012288
Unknown_Sample,20251031_068_pol_pro_Ran_ado_2025_6_Colorado2025.czi,Ran_ado,676.82,10376.0,12624.0,33,34,111.84,0.962,20251031_068_pol_pro_Ran_ado_2025_6_Colorado2025_x010240_y012288
Unknown_Sample,20251031_068_pol_pro_Ran_ado_2025_6_Colorado2025.czi,Ran_ado,711.84,10794.0,12544.0,32,36,115.6,0.961,20251031_068_pol_pro_Ran_ado_2025_6_Colorado2025_x010240_y012288
Unknown_Sample,20251031_068_pol_pro_Ran_ado_2025_6_Colorado2025.czi,Ran_ado,711.84,10794.0,12544.0,32,36,115.6,0.96,20251031_068_pol_pro_Ran_ado_2025_6_Colorado2025_x010752_y012288
Unknown_Sample,20251031_068_pol_pro_Ran_ado_2025_6_Colorado2025.czi,Ran_ado,431.33,11347.0,12627.0,25,29,90.53,0.951,20251031_068_pol_pro_Ran_ado_2025_6_Colorado2025_x010752_y012288
Unknown_Sample,20251031_068_pol_pro_Ran_ado_2025_6_Colorado2025.czi,Ran_ado,931.16,11761.0,12761.0,40,39,130.57,0.96,20251031_068_pol_pro_Ran_ado_2025_6_Colorado2025_x011264_y012288
Unknown_Sample,20251031_068_pol_pro_Ran_ado_2025_6_Colorado2025.czi,Ran_ado,787.25,11883.0,12540.0,36,36,120.08,0.96,20251031_068_pol_pro_Ran_ado_2025_6_Colorado2025_x011264_y012288
Unknown_Sample,20251031_068_pol_pro_Ran_ado_2025_6_Colorado2025.czi,Ran_ado,432.1,11348.0,12627.0,25,29,90.53,0.952,20251031_068_pol_pro_Ran_ado_2025_6_Colorado2025_x011264_y012288
Unknown_Sample,20251031_068_pol_pro_Ran_ado_2025_6_Colorado2025.czi,Ran_ado,784.56,11883.0,12540.0,36,36,119.5,0.964,20251031_068_pol_pro_Ran_ado_2025_6_Colorado2025_x011776_y012288
Unknown_Sample,20251031_068_pol_pro_Ran_ado_2025_6_Colorado2025.czi,Ran_ado,716.45,12223.0,12500.0,33,35,115.6,0.963,20251031_068_pol_pro_Ran_ado_2025_6_Colorado2025_x011776_y012288
Unknown_Sample,20251031_068_pol_pro_Ran_ado_2025_6_Colorado2025.czi,Ran_ado,610.26,12137.0,12533.0,33,31,106.43,0.962,20251031_068_pol_pro_Ran_ado_2025_6_Colorado2025_x011776_y012288
Unknown_Sample,20251031_068_pol_pro_Ran_ado_2025_6_Colorado2025.czi,Ran_ado,892.3,12442.0,12766.0,38,39,128.33,0.964,20251031_068_pol_pro_Ran_ado_2025_6_Colorado2025_x012288_y012288
Unknown_Sample,20251031_068_pol_pro_Ran_ado_2025_6_Colorado2025.czi,Ran_ado,798.8,13145.0,12572.0,35,38,120.91,0.962,20251031_068_pol_pro_Ran_ado_2025_6_Colorado2025_x012800_y012288
Unknown_Sample,20251031_068_pol_pro_Ran_ado_2025_6_Colorado2025.czi,Ran_ado,783.79,13085.0,12861.0,34,38,120.67,0.962,20251031_068_pol_pro_Ran_ado_2025_6_Colorado2025_x012800_y012288
Unknown_Sample,20251031_068_pol_pro_Ran_ado_2025_6_Colorado2025.czi,Ran_ado,966.94,13290.0,12377.0,39,42,133.98,0.96,20251031_068_pol_pro_Ran_ado_2025_6_Colorado2025_x012800_y012288
Unknown_Sample,20251031_068_pol_pro_Ran_ado_2025_6_Colorado2025.czi,Ran_ado,920.77,13855.0,12668.0,37,42,131.15,0.966,20251031_068_pol_pro_Ran_ado_2025_6_Colorado2025_x013312_y012288
Unknown_Sample,20251031_068_pol_pro_Ran_ado_2025_6_Colorado2025.czi,Ran_ado,687.98,13659.0,12372.0,31,37,110.91,0.964,20251031_068_pol_pro_Ran_ado_2025_6_Colorado2025_x013312_y012288
Unknown_Sample,20251031_068_pol_pro_Ran_ado_2025_6_Colorado2025.czi,Ran_ado,922.31,13855.0,12668.0,37,42,131.15,0.966,20251031_068_pol_pro_Ran_ado_2025_6_Colorado2025_x013824_y012288
Unknown_Sample,20251031_068_pol_pro_Ran_ado_2025_6_Colorado2025.czi,Ran_ado,664.51,14272.0,12864.0,33,33,111.01,0.962,20251031_068_pol_pro_Ran_ado_2025_6_Colorado2025_x013824_y012288
Unknown_Sample,20251031_068_pol_pro_Ran_ado_2025_6_Colorado2025.czi,Ran_ado,508.67,14373.0,12681.0,30,28,97.94,0.96,20251031_068_pol_pro_Ran_ado_2025_6_Colorado2025_x013824_y012288
Unknown_Sample,20251031_068_pol_pro_Ran_ado_2025_6_Colorado2025.czi,Ran_ado,457.5,14269.0,12721.0,28,27,91.36,0.953,20251031_068_pol_pro_Ran_ado_2025_6_Colorado2025_x013824_y012288
Unknown_Sample,20251031_068_pol_pro_Ran_ado_2025_6_Colorado2025.czi,Ran_ado,417.48,14297.0,12710.0,25,30,90.18,0.943,20251031_068_pol_pro_Ran_ado_2025_6_Colorado2025_x013824_y012288
Unknown_Sample,20251031_068_pol_pro_Ran_ado_2025_6_Colorado2025.czi,Ran_ado,814.19,14479.0,12881.0,37,37,124.08,0.964,20251031_068_pol_pro_Ran_ado_2025_6_Colorado2025_x014336_y012288
Unknown_Sample,20251031_068_pol_pro_Ran_ado_2025_6_Colorado2025.czi,Ran_ado,859.21,14473.0,12717.0,37,38,125.5,0.96,20251031_068_pol_pro_Ran_ado_2025_6_Colorado2025_x014336_y012288
Unknown_Sample,20251031_068_pol_pro_Ran_ado_2025_6_Colorado2025.czi,Ran_ado,508.67,14373.0,12681.0,30,28,97.94,0.96,20251031_068_pol_pro_Ran_ado_2025_6_Colorado2025_x014336_y012288
Unknown_Sample,20251031_068_pol_pro_Ran_ado_2025_6_Colorado2025.czi,Ran_ado,379.77,14909.0,12809.0,29,23,86.53,0.946,20251031_068_pol_pro_Ran_ado_2025_6_Colorado2025_x014336_y012288
Unknown_Sample,20251031_068_pol_pro_Ran_ado_2025_6_Colorado2025.czi,Ran_ado,772.25,15126.0,12603.0,37,35,119.5,0.966,20251031_068_pol_pro_Ran_ado_2025_6_Colorado2025_x014848_y012288
Unknown_Sample,20251031_068_pol_pro_Ran_ado_2025_6_Colorado2025.czi,Ran_ado,600.64,15071.0,12840.0,32,32,105.84,0.958,20251031_068_pol_pro_Ran_ado_2025_6_Colorado2025_x014848_y012288
Unknown_Sample,20251031_068_pol_pro_Ran_ado_2025_6_Colorado2025.czi,Ran_ado,379.77,14909.0,12809.0,29,23,86.53,0.946,20251031_068_pol_pro_Ran_ado_2025_6_Colorado2025_x014848_y012288
Unknown_Sample,20251031_068_pol_pro_Ran_ado_2025_6_Colorado2025.czi,Ran_ado,379.39,16552.0,12919.0,35,18,93.8,0.915,20251031_068_pol_pro_Ran_ado_2025_6_Colorado2025_x016384_y012288
Unknown_Sample,20251031_068_pol_pro_Ran_ado_2025_6_Colorado2025.czi,Ran_ado,603.71,17189.0,12555.0,29,34,105.01,0.958,20251031_068_pol_pro_Ran_ado_2025_6_Colorado2025_x016896_y012288
Unknown_Sample,20251031_068_pol_pro_Ran_ado_2025_6_Colorado2025.czi,Ran_ado,318.21,18121.0,12583.0,22,25,78.87,0.925,20251031_068_pol_pro_Ran_ado_2025_6_Colorado2025_x017920_y012288
Unknown_Sample,20251031_068_pol_pro_Ran_ado_2025_6_Colorado2025.czi,Ran_ado,638.34,2636.0,12865.0,34,31,109.01,0.953,20251031_068_pol_pro_Ran_ado_2025_6_Colorado2025_x002048_y012800
Unknown_Sample,20251031_068_pol_pro_Ran_ado_2025_6_Colorado2025.czi,Ran_ado,593.33,2556.0,13006.0,33,30,104.43,0.946,20251031_068_pol_pro_Ran_ado_2025_6_Colorado2025_x002048_y012800
Unknown_Sample,20251031_068_pol_pro_Ran_ado_2025_6_Colorado2025.czi,Ran_ado,617.95,2348.0,13032.0,32,32,105.25,0.933,20251031_068_pol_pro_Ran_ado_2025_6_Colorado2025_x002048_y012800
Unknown_Sample,20251031_068_pol_pro_Ran_ado_2025_6_Colorado2025.czi,Ran_ado,496.75,2286.0,13000.0,28,29,95.36,0.926,20251031_068_pol_pro_Ran_ado_2025_6_Colorado2025_x002048_y012800
Unknown_Sample,20251031_068_pol_pro_Ran_ado_2025_6_Colorado2025.czi,Ran_ado,599.1,2636.0,12865.0,33,30,103.84,0.959,20251031_068_pol_pro_Ran_ado_2025_6_Colorado2025_x002560_y012800
Unknown_Sample,20251031_068_pol_pro_Ran_ado_2025_6_Colorado2025.czi,Ran_ado,494.82,2824.0,13156.0,29,28,97.11,0.947,20251031_068_pol_pro_Ran_ado_2025_6_Colorado2025_x002560_y012800
Unknown_Sample,20251031_068_pol_pro_Ran_ado_2025_6_Colorado2025.czi,Ran_ado,404.02,2876.0,13092.0,28,26,88.77,0.946,20251031_068_pol_pro_Ran_ado_2025_6_Colorado2025_x002560_y012800
Unknown_Sample,20251031_068_pol_pro_Ran_ado_2025_6_Colorado2025.czi,Ran_ado,166.99,2565.0,13006.0,13,26,64.63,0.934,20251031_068_pol_pro_Ran_ado_2025_6_Colorado2025_x002560_y012800
Unknown_Sample,20251031_068_pol_pro_Ran_ado_2025_6_Colorado2025.czi,Ran_ado,546.0,3632.0,13416.0,29,31,100.18,0.962,20251031_068_pol_pro_Ran_ado_2025_6_Colorado2025_x003072_y012800
Unknown_Sample,20251031_068_pol_pro_Ran_ado_2025_6_Colorado2025.czi,Ran_ado,515.99,3660.0,13141.0,32,27,99.36,0.958,20251031_068_pol_pro_Ran_ado_2025_6_Colorado2025_x003072_y012800
Unknown_Sample,20251031_068_pol_pro_Ran_ado_2025_6_Colorado2025.czi,Ran_ado,490.98,3317.0,13417.0,27,29,93.94,0.956,20251031_068_pol_pro_Ran_ado_2025_6_Colorado2025_x003072_y012800
Unknown_Sample,20251031_068_pol_pro_Ran_ado_2025_6_Colorado2025.czi,Ran_ado,546.0,3632.0,13416.0,29,31,100.18,0.961,20251031_068_pol_pro_Ran_ado_2025_6_Colorado2025_x003584_y012800
Unknown_Sample,20251031_068_pol_pro_Ran_ado_2025_6_Colorado2025.czi,Ran_ado,548.69,4203.0,12878.0,27,33,100.77,0.96,20251031_068_pol_pro_Ran_ado_2025_6_Colorado2025_x003584_y012800
Unknown_Sample,20251031_068_pol_pro_Ran_ado_2025_6_Colorado2025.czi,Ran_ado,515.99,3660.0,13141.0,32,27,99.36,0.958,20251031_068_pol_pro_Ran_ado_2025_6_Colorado2025_x003584_y012800
Unknown_Sample,20251031_068_pol_pro_Ran_ado_2025_6_Colorado2025.czi,Ran_ado,543.3,3927.0,13039.0,31,29,99.6,0.958,20251031_068_pol_pro_Ran_ado_2025_6_Colorado2025_x003584_y012800
Unknown_Sample,20251031_068_pol_pro_Ran_ado_2025_6_Colorado2025.czi,Ran_ado,365.54,3820.0,13389.0,25,26,82.77,0.949,20251031_068_pol_pro_Ran_ado_2025_6_Colorado2025_x003584_y012800
Unknown_Sample,20251031_068_pol_pro_Ran_ado_2025_6_Colorado2025.czi,Ran_ado,431.72,3982.0,13260.0,33,23,92.77,0.942,20251031_068_pol_pro_Ran_ado_2025_6_Colorado2025_x003584_y012800
Unknown_Sample,20251031_068_pol_pro_Ran_ado_2025_6_Colorado2025.czi,Ran_ado,648.73,4490.0,12859.0,34,31,108.43,0.962,20251031_068_pol_pro_Ran_ado_2025_6_Colorado2025_x004096_y012800
Unknown_Sample,20251031_068_pol_pro_Ran_ado_2025_6_Colorado2025.czi,Ran_ado,550.23,4647.0,13049.0,31,29,100.77,0.961,20251031_068_pol_pro_Ran_ado_2025_6_Colorado2025_x004096_y012800
Unknown_Sample,20251031_068_pol_pro_Ran_ado_2025_6_Colorado2025.czi,Ran_ado,559.47,4203.0,12878.0,28,33,101.6,0.96,20251031_068_pol_pro_Ran_ado_2025_6_Colorado2025_x004096_y012800
Unknown_Sample,20251031_068_pol_pro_Ran_ado_2025_6_Colorado2025.czi,Ran_ado,653.74,4674.0,12999.0,32,34,112.18,0.959,20251031_068_pol_pro_Ran_ado_2025_6_Colorado2025_x004096_y012800
Unknown_Sample,20251031_068_pol_pro_Ran_ado_2025_6_Colorado2025.czi,Ran_ado,548.69,4592.0,12983.0,31,32,103.25,0.951,20251031_068_pol_pro_Ran_ado_2025_6_Colorado2025_x004096_y012800
Unknown_Sample,20251031_068_pol_pro_Ran_ado_2025_6_Colorado2025.czi,Ran_ado,412.87,4724.0,12915.0,23,28,90.38,0.937,20251031_068_pol_pro_Ran_ado_2025_6_Colorado2025_x004096_y012800
Unknown_Sample,20251031_068_pol_pro_Ran_ado_2025_6_Colorado2025.czi,Ran_ado,600.64,4927.0,13272.0,33,29,105.36,0.964,20251031_068_pol_pro_Ran_ado_2025_6_Colorado2025_x004608_y012800
Unknown_Sample,20251031_068_pol_pro_Ran_ado_2025_6_Colorado2025.czi,Ran_ado,648.73,5149.0,13378.0,33,32,109.6,0.964,20251031_068_pol_pro_Ran_ado_2025_6_Colorado2025_x004608_y012800
Unknown_Sample,20251031_068_pol_pro_Ran_ado_2025_6_Colorado2025.czi,Ran_ado,646.42,4807.0,12978.0,38,29,111.25,0.962,20251031_068_pol_pro_Ran_ado_2025_6_Colorado2025_x004608_y012800
Unknown_Sample,20251031_068_pol_pro_Ran_ado_2025_6_Colorado2025.czi,Ran_ado,550.23,4647.0,13049.0,31,29,100.77,0.961,20251031_068_pol_pro_Ran_ado_2025_6_Colorado2025_x004608_y012800
Unknown_Sample,20251031_068_pol_pro_Ran_ado_2025_6_Colorado2025.czi,Ran_ado,665.28,4673.0,12999.0,33,34,113.01,0.959,20251031_068_pol_pro_Ran_ado_2025_6_Colorado2025_x004608_y012800
Unknown_Sample,20251031_068_pol_pro_Ran_ado_2025_6_Colorado2025.czi,Ran_ado,514.06,4727.0,12914.0,30,28,97.94,0.959,20251031_068_pol_pro_Ran_ado_2025_6_Colorado2025_x004608_y012800
Unknown_Sample,20251031_068_pol_pro_Ran_ado_2025_6_Colorado2025.czi,Ran_ado,516.76,5046.0,13316.0,35,26,99.84,0.953,20251031_068_pol_pro_Ran_ado_2025_6_Colorado2025_x004608_y012800
Unknown_Sample,20251031_068_pol_pro_Ran_ado_2025_6_Colorado2025.czi,Ran_ado,445.96,5203.0,12993.0,24,31,92.53,0.952,20251031_068_pol_pro_Ran_ado_2025_6_Colorado2025_x004608_y012800
Unknown_Sample,20251031_068_pol_pro_Ran_ado_2025_6_Colorado2025.czi,Ran_ado,648.73,5149.0,13378.0,33,32,109.6,0.964,20251031_068_pol_pro_Ran_ado_2025_6_Colorado2025_x005120_y012800
Unknown_Sample,20251031_068_pol_pro_Ran_ado_2025_6_Colorado2025.czi,Ran_ado,574.86,5332.0,12847.0,31,30,102.77,0.963,20251031_068_pol_pro_Ran_ado_2025_6_Colorado2025_x005120_y012800
Unknown_Sample,20251031_068_pol_pro_Ran_ado_2025_6_Colorado2025.czi,Ran_ado,678.36,5675.0,13374.0,34,33,111.84,0.96,20251031_068_pol_pro_Ran_ado_2025_6_Colorado2025_x005120_y012800
Unknown_Sample,20251031_068_pol_pro_Ran_ado_2025_6_Colorado2025.czi,Ran_ado,644.5,5427.0,12826.0,35,33,111.5,0.958,20251031_068_pol_pro_Ran_ado_2025_6_Colorado2025_x005120_y012800
Unknown_Sample,20251031_068_pol_pro_Ran_ado_2025_6_Colorado2025.czi,Ran_ado,607.56,5273.0,13328.0,32,30,105.36,0.958,20251031_068_pol_pro_Ran_ado_2025_6_Colorado2025_x005120_y012800
Unknown_Sample,20251031_068_pol_pro_Ran_ado_2025_6_Colorado2025.czi,Ran_ado,445.19,5203.0,12993.0,24,31,92.53,0.951,20251031_068_pol_pro_Ran_ado_2025_6_Colorado2025_x005120_y012800
Unknown_Sample,20251031_068_pol_pro_Ran_ado_2025_6_Colorado2025.czi,Ran_ado,309.36,5506.0,13432.0,34,15,86.97,0.901,20251031_068_pol_pro_Ran_ado_2025_6_Colorado2025_x005120_y012800
Unknown_Sample,20251031_068_pol_pro_Ran_ado_2025_6_Colorado2025.czi,Ran_ado,652.97,6183.0,13285.0,29,38,111.84,0.964,20251031_068_pol_pro_Ran_ado_2025_6_Colorado2025_x005632_y012800
Unknown_Sample,20251031_068_pol_pro_Ran_ado_2025_6_Colorado2025.czi,Ran_ado,680.67,5675.0,13374.0,34,33,111.84,0.959,20251031_068_pol_pro_Ran_ado_2025_6_Colorado2025_x005632_y012800
Unknown_Sample,20251031_068_pol_pro_Ran_ado_2025_6_Colorado2025.czi,Ran_ado,471.74,5931.0,13070.0,28,28,95.11,0.957,20251031_068_pol_pro_Ran_ado_2025_6_Colorado2025_x005632_y012800
Unknown_Sample,20251031_068_pol_pro_Ran_ado_2025_6_Colorado2025.czi,Ran_ado,602.95,6184.0,13323.0,34,30,105.84,0.955,20251031_068_pol_pro_Ran_ado_2025_6_Colorado2025_x005632_y012800
Unknown_Sample,20251031_068_pol_pro_Ran_ado_2025_6_Colorado2025.czi,Ran_ado,799.95,6544.0,13080.0,37,35,121.84,0.967,20251031_068_pol_pro_Ran_ado_2025_6_Colorado2025_x006144_y012800
Unknown_Sample,20251031_068_pol_pro_Ran_ado_2025_6_Colorado2025.czi,Ran_ado,906.92,6637.0,13267.0,37,40,129.5,0.966,20251031_068_pol_pro_Ran_ado_2025_6_Colorado2025_x006144_y012800
Unknown_Sample,20251031_068_pol_pro_Ran_ado_2025_6_Colorado2025.czi,Ran_ado,652.97,6183.0,13285.0,29,38,111.84,0.965,20251031_068_pol_pro_Ran_ado_2025_6_Colorado2025_x006144_y012800
Unknown_Sample,20251031_068_pol_pro_Ran_ado_2025_6_Colorado2025.czi,Ran_ado,535.22,6348.0,13194.0,32,29,98.67,0.963,20251031_068_pol_pro_Ran_ado_2025_6_Colorado2025_x006144_y012800
Unknown_Sample,20251031_068_pol_pro_Ran_ado_2025_6_Colorado2025.czi,Ran_ado,644.89,6440.0,13168.0,32,34,110.43,0.961,20251031_068_pol_pro_Ran_ado_2025_6_Colorado2025_x006144_y012800
Unknown_Sample,20251031_068_pol_pro_Ran_ado_2025_6_Colorado2025.czi,Ran_ado,602.95,6184.0,13323.0,34,30,105.84,0.955,20251031_068_pol_pro_Ran_ado_2025_6_Colorado2025_x006144_y012800
Unknown_Sample,20251031_068_pol_pro_Ran_ado_2025_6_Colorado2025.czi,Ran_ado,554.85,7214.0,13408.0,32,29,101.6,0.959,20251031_068_pol_pro_Ran_ado_2025_6_Colorado2025_x006656_y012800
Unknown_Sample,20251031_068_pol_pro_Ran_ado_2025_6_Colorado2025.czi,Ran_ado,534.07,6871.0,12940.0,31,28,98.77,0.958,20251031_068_pol_pro_Ran_ado_2025_6_Colorado2025_x006656_y012800
Unknown_Sample,20251031_068_pol_pro_Ran_ado_2025_6_Colorado2025.czi,Ran_ado,413.25,7088.0,12933.0,29,25,88.77,0.937,20251031_068_pol_pro_Ran_ado_2025_6_Colorado2025_x006656_y012800
Unknown_Sample,20251031_068_pol_pro_Ran_ado_2025_6_Colorado2025.czi,Ran_ado,548.31,7723.0,13256.0,31,29,101.36,0.963,20251031_068_pol_pro_Ran_ado_2025_6_Colorado2025_x007168_y012800
Unknown_Sample,20251031_068_pol_pro_Ran_ado_2025_6_Colorado2025.czi,Ran_ado,554.85,7214.0,13408.0,32,29,101.6,0.959,20251031_068_pol_pro_Ran_ado_2025_6_Colorado2025_x007168_y012800
Unknown_Sample,20251031_068_pol_pro_Ran_ado_2025_6_Colorado2025.czi,Ran_ado,314.36,7690.0,12909.0,19,28,80.04,0.94,20251031_068_pol_pro_Ran_ado_2025_6_Colorado2025_x007168_y012800
Unknown_Sample,20251031_068_pol_pro_Ran_ado_2025_6_Colorado2025.czi,Ran_ado,548.31,7723.0,13256.0,31,29,101.36,0.962,20251031_068_pol_pro_Ran_ado_2025_6_Colorado2025_x007680_y012800
Unknown_Sample,20251031_068_pol_pro_Ran_ado_2025_6_Colorado2025.czi,Ran_ado,514.45,8283.0,12902.0,31,28,97.01,0.957,20251031_068_pol_pro_Ran_ado_2025_6_Colorado2025_x007680_y012800
Unknown_Sample,20251031_068_pol_pro_Ran_ado_2025_6_Colorado2025.czi,Ran_ado,550.62,8307.0,12933.0,25,35,102.53,0.944,20251031_068_pol_pro_Ran_ado_2025_6_Colorado2025_x007680_y012800
Unknown_Sample,20251031_068_pol_pro_Ran_ado_2025_6_Colorado2025.czi,Ran_ado,320.13,7689.0,12909.0,19,28,80.63,0.8,20251031_068_pol_pro_Ran_ado_2025_6_Colorado2025_x007680_y012800
Unknown_Sample,20251031_068_pol_pro_Ran_ado_2025_6_Colorado2025.czi,Ran_ado,591.79,8308.0,12933.0,29,35,105.25,0.962,20251031_068_pol_pro_Ran_ado_2025_6_Colorado2025_x008192_y012800
Unknown_Sample,20251031_068_pol_pro_Ran_ado_2025_6_Colorado2025.czi,Ran_ado,637.96,8776.0,13023.0,33,33,109.25,0.96,20251031_068_pol_pro_Ran_ado_2025_6_Colorado2025_x008192_y012800
Unknown_Sample,20251031_068_pol_pro_Ran_ado_2025_6_Colorado2025.czi,Ran_ado,654.89,8528.0,13232.0,32,34,109.25,0.958,20251031_068_pol_pro_Ran_ado_2025_6_Colorado2025_x008192_y012800
Unknown_Sample,20251031_068_pol_pro_Ran_ado_2025_6_Colorado2025.czi,Ran_ado,514.45,8283.0,12902.0,31,28,97.01,0.958,20251031_068_pol_pro_Ran_ado_2025_6_Colorado2025_x008192_y012800
Unknown_Sample,20251031_068_pol_pro_Ran_ado_2025_6_Colorado2025.czi,Ran_ado,777.25,9262.0,13163.0,34,38,120.08,0.963,20251031_068_pol_pro_Ran_ado_2025_6_Colorado2025_x008704_y012800
Unknown_Sample,20251031_068_pol_pro_Ran_ado_2025_6_Colorado2025.czi,Ran_ado,692.6,8948.0,13171.0,33,35,113.25,0.962,20251031_068_pol_pro_Ran_ado_2025_6_Colorado2025_x008704_y012800
Unknown_Sample,20251031_068_pol_pro_Ran_ado_2025_6_Colorado2025.czi,Ran_ado,637.96,8776.0,13023.0,33,33,109.25,0.96,20251031_068_pol_pro_Ran_ado_2025_6_Colorado2025_x008704_y012800
Unknown_Sample,20251031_068_pol_pro_Ran_ado_2025_6_Colorado2025.czi,Ran_ado,751.85,9508.0,12857.0,35,35,117.25,0.965,20251031_068_pol_pro_Ran_ado_2025_6_Colorado2025_x009216_y012800
Unknown_Sample,20251031_068_pol_pro_Ran_ado_2025_6_Colorado2025.czi,Ran_ado,872.67,9356.0,13310.0,38,37,126.08,0.964,20251031_068_pol_pro_Ran_ado_2025_6_Colorado2025_x009216_y012800
Unknown_Sample,20251031_068_pol_pro_Ran_ado_2025_6_Colorado2025.czi,Ran_ado,777.25,9262.0,13163.0,34,38,120.08,0.963,20251031_068_pol_pro_Ran_ado_2025_6_Colorado2025_x009216_y012800
Unknown_Sample,20251031_068_pol_pro_Ran_ado_2025_6_Colorado2025.czi,Ran_ado,736.08,9622.0,13136.0,35,34,117.01,0.962,20251031_068_pol_pro_Ran_ado_2025_6_Colorado2025_x009216_y012800
Unknown_Sample,20251031_068_pol_pro_Ran_ado_2025_6_Colorado2025.czi,Ran_ado,673.36,9710.0,12823.0,33,34,111.25,0.961,20251031_068_pol_pro_Ran_ado_2025_6_Colorado2025_x009216_y012800
Unknown_Sample,20251031_068_pol_pro_Ran_ado_2025_6_Colorado2025.czi,Ran_ado,479.05,9664.0,13429.0,34,22,100.38,0.938,20251031_068_pol_pro_Ran_ado_2025_6_Colorado2025_x009216_y012800
Unknown_Sample,20251031_068_pol_pro_Ran_ado_2025_6_Colorado2025.czi,Ran_ado,715.68,10248.0,13363.0,34,34,115.6,0.965,20251031_068_pol_pro_Ran_ado_2025_6_Colorado2025_x009728_y012800
Unknown_Sample,20251031_068_pol_pro_Ran_ado_2025_6_Colorado2025.czi,Ran_ado,815.73,10166.0,13237.0,35,39,121.74,0.962,20251031_068_pol_pro_Ran_ado_2025_6_Colorado2025_x009728_y012800
Unknown_Sample,20251031_068_pol_pro_Ran_ado_2025_6_Colorado2025.czi,Ran_ado,818.42,10345.0,12994.0,34,40,123.5,0.961,20251031_068_pol_pro_Ran_ado_2025_6_Colorado2025_x009728_y012800
Unknown_Sample,20251031_068_pol_pro_Ran_ado_2025_6_Colorado2025.czi,Ran_ado,654.89,10030.0,13028.0,36,31,111.25,0.958,20251031_068_pol_pro_Ran_ado_2025_6_Colorado2025_x009728_y012800
Unknown_Sample,20251031_068_pol_pro_Ran_ado_2025_6_Colorado2025.czi,Ran_ado,502.9,10005.0,13112.0,28,29,95.36,0.954,20251031_068_pol_pro_Ran_ado_2025_6_Colorado2025_x009728_y012800
Unknown_Sample,20251031_068_pol_pro_Ran_ado_2025_6_Colorado2025.czi,Ran_ado,465.58,10132.0,13015.0,29,28,92.43,0.95,20251031_068_pol_pro_Ran_ado_2025_6_Colorado2025_x009728_y012800
Unknown_Sample,20251031_068_pol_pro_Ran_ado_2025_6_Colorado2025.czi,Ran_ado,604.1,10355.0,12944.0,25,37,109.46,0.947,20251031_068_pol_pro_Ran_ado_2025_6_Colorado2025_x009728_y012800
Unknown_Sample,20251031_068_pol_pro_Ran_ado_2025_6_Colorado2025.czi,Ran_ado,826.12,10423.0,13086.0,37,37,123.5,0.967,20251031_068_pol_pro_Ran_ado_2025_6_Colorado2025_x010240_y012800
Unknown_Sample,20251031_068_pol_pro_Ran_ado_2025_6_Colorado2025.czi,Ran_ado,544.84,10252.0,13362.0,25,34,104.63,0.965,20251031_068_pol_pro_Ran_ado_2025_6_Colorado2025_x010240_y012800
Unknown_Sample,20251031_068_pol_pro_Ran_ado_2025_6_Colorado2025.czi,Ran_ado,750.31,10358.0,12944.0,33,37,117.25,0.964,20251031_068_pol_pro_Ran_ado_2025_6_Colorado2025_x010240_y012800
Unknown_Sample,20251031_068_pol_pro_Ran_ado_2025_6_Colorado2025.czi,Ran_ado,816.11,10345.0,12994.0,34,40,123.5,0.961,20251031_068_pol_pro_Ran_ado_2025_6_Colorado2025_x010240_y012800
Unknown_Sample,20251031_068_pol_pro_Ran_ado_2025_6_Colorado2025.czi,Ran_ado,749.16,10703.0,13032.0,40,32,118.33,0.959,20251031_068_pol_pro_Ran_ado_2025_6_Colorado2025_x010240_y012800
Unknown_Sample,20251031_068_pol_pro_Ran_ado_2025_6_Colorado2025.czi,Ran_ado,814.57,11538.0,13265.0,39,35,122.33,0.963,20251031_068_pol_pro_Ran_ado_2025_6_Colorado2025_x011264_y012800
Unknown_Sample,20251031_068_pol_pro_Ran_ado_2025_6_Colorado2025.czi,Ran_ado,968.1,11920.0,12945.0,37,43,132.57,0.962,20251031_068_pol_pro_Ran_ado_2025_6_Colorado2025_x011776_y012800
Unknown_Sample,20251031_068_pol_pro_Ran_ado_2025_6_Colorado2025.czi,Ran_ado,842.28,12591.0,13028.0,36,39,124.33,0.965,20251031_068_pol_pro_Ran_ado_2025_6_Colorado2025_x012288_y012800
Unknown_Sample,20251031_068_pol_pro_Ran_ado_2025_6_Colorado2025.czi,Ran_ado,642.19,12450.0,13166.0,35,30,110.18,0.962,20251031_068_pol_pro_Ran_ado_2025_6_Colorado2025_x012288_y012800
Unknown_Sample,20251031_068_pol_pro_Ran_ado_2025_6_Colorado2025.czi,Ran_ado,751.47,12434.0,13275.0,36,35,117.5,0.962,20251031_068_pol_pro_Ran_ado_2025_6_Colorado2025_x012288_y012800
Unknown_Sample,20251031_068_pol_pro_Ran_ado_2025_6_Colorado2025.czi,Ran_ado,607.18,12528.0,13059.0,30,34,106.43,0.959,20251031_068_pol_pro_Ran_ado_2025_6_Colorado2025_x012288_y012800
Unknown_Sample,20251031_068_pol_pro_Ran_ado_2025_6_Colorado2025.czi,Ran_ado,783.79,13085.0,12861.0,34,38,120.67,0.962,20251031_068_pol_pro_Ran_ado_2025_6_Colorado2025_x012800_y012800
Unknown_Sample,20251031_068_pol_pro_Ran_ado_2025_6_Colorado2025.czi,Ran_ado,694.14,13819.0,13097.0,32,35,113.6,0.969,20251031_068_pol_pro_Ran_ado_2025_6_Colorado2025_x013312_y012800
Unknown_Sample,20251031_068_pol_pro_Ran_ado_2025_6_Colorado2025.czi,Ran_ado,980.41,13574.0,13144.0,39,42,134.57,0.966,20251031_068_pol_pro_Ran_ado_2025_6_Colorado2025_x013312_y012800
Unknown_Sample,20251031_068_pol_pro_Ran_ado_2025_6_Colorado2025.czi,Ran_ado,711.07,13488.0,12987.0,34,35,116.43,0.963,20251031_068_pol_pro_Ran_ado_2025_6_Colorado2025_x013312_y012800
Unknown_Sample,20251031_068_pol_pro_Ran_ado_2025_6_Colorado2025.czi,Ran_ado,779.94,13788.0,13419.0,35,36,119.84,0.959,20251031_068_pol_pro_Ran_ado_2025_6_Colorado2025_x013312_y012800
Unknown_Sample,20251031_068_pol_pro_Ran_ado_2025_6_Colorado2025.czi,Ran_ado,692.6,13707.0,12973.0,32,36,113.25,0.954,20251031_068_pol_pro_Ran_ado_2025_6_Colorado2025_x013312_y012800
Unknown_Sample,20251031_068_pol_pro_Ran_ado_2025_6_Colorado2025.czi,Ran_ado,841.12,13681.0,13035.0,37,39,125.74,0.913,20251031_068_pol_pro_Ran_ado_2025_6_Colorado2025_x013312_y012800
Unknown_Sample,20251031_068_pol_pro_Ran_ado_2025_6_Colorado2025.czi,Ran_ado,885.76,13706.0,13012.0,41,42,150.71,0.906,20251031_068_pol_pro_Ran_ado_2025_6_Colorado2025_x013312_y012800
Unknown_Sample,20251031_068_pol_pro_Ran_ado_2025_6_Colorado2025.czi,Ran_ado,665.28,14272.0,12864.0,33,33,111.01,0.963,20251031_068_pol_pro_Ran_ado_2025_6_Colorado2025_x013824_y012800
Unknown_Sample,20251031_068_pol_pro_Ran_ado_2025_6_Colorado2025.czi,Ran_ado,206.63,13829.0,13097.0,11,34,78.38,0.94,20251031_068_pol_pro_Ran_ado_2025_6_Colorado2025_x013824_y012800
Unknown_Sample,20251031_068_pol_pro_Ran_ado_2025_6_Colorado2025.czi,Ran_ado,816.11,14479.0,12881.0,37,37,123.5,0.965,20251031_068_pol_pro_Ran_ado_2025_6_Colorado2025_x014336_y012800
Unknown_Sample,20251031_068_pol_pro_Ran_ado_2025_6_Colorado2025.czi,Ran_ado,555.23,14640.0,13197.0,30,30,102.53,0.959,20251031_068_pol_pro_Ran_ado_2025_6_Colorado2025_x014336_y012800
Unknown_Sample,20251031_068_pol_pro_Ran_ado_2025_6_Colorado2025.czi,Ran_ado,353.23,14909.0,12809.0,29,21,84.28,0.952,20251031_068_pol_pro_Ran_ado_2025_6_Colorado2025_x014336_y012800
Unknown_Sample,20251031_068_pol_pro_Ran_ado_2025_6_Colorado2025.czi,Ran_ado,682.98,15067.0,13128.0,31,37,112.67,0.965,20251031_068_pol_pro_Ran_ado_2025_6_Colorado2025_x014848_y012800
Unknown_Sample,20251031_068_pol_pro_Ran_ado_2025_6_Colorado2025.czi,Ran_ado,600.64,15071.0,12840.0,32,32,105.84,0.958,20251031_068_pol_pro_Ran_ado_2025_6_Colorado2025_x014848_y012800
Unknown_Sample,20251031_068_pol_pro_Ran_ado_2025_6_Colorado2025.czi,Ran_ado,431.33,15260.0,13152.0,28,27,92.53,0.955,20251031_068_pol_pro_Ran_ado_2025_6_Colorado2025_x014848_y012800
Unknown_Sample,20251031_068_pol_pro_Ran_ado_2025_6_Colorado2025.czi,Ran_ado,353.99,14909.0,12809.0,29,21,85.46,0.951,20251031_068_pol_pro_Ran_ado_2025_6_Colorado2025_x014848_y012800
Unknown_Sample,20251031_068_pol_pro_Ran_ado_2025_6_Colorado2025.czi,Ran_ado,903.46,16553.0,12929.0,37,40,128.91,0.963,20251031_068_pol_pro_Ran_ado_2025_6_Colorado2025_x016384_y012800
Unknown_Sample,20251031_068_pol_pro_Ran_ado_2025_6_Colorado2025.czi,Ran_ado,534.45,16823.0,13086.0,28,32,99.01,0.957,20251031_068_pol_pro_Ran_ado_2025_6_Colorado2025_x016384_y012800
Unknown_Sample,20251031_068_pol_pro_Ran_ado_2025_6_Colorado2025.czi,Ran_ado,393.63,2904.0,13801.0,25,28,88.53,0.945,20251031_068_pol_pro_Ran_ado_2025_6_Colorado2025_x002560_y013312
Unknown_Sample,20251031_068_pol_pro_Ran_ado_2025_6_Colorado2025.czi,Ran_ado,561.77,3632.0,13416.0,30,31,102.77,0.956,20251031_068_pol_pro_Ran_ado_2025_6_Colorado2025_x003072_y013312
Unknown_Sample,20251031_068_pol_pro_Ran_ado_2025_6_Colorado2025.czi,Ran_ado,490.98,3317.0,13417.0,27,29,93.94,0.954,20251031_068_pol_pro_Ran_ado_2025_6_Colorado2025_x003072_y013312
Unknown_Sample,20251031_068_pol_pro_Ran_ado_2025_6_Colorado2025.czi,Ran_ado,564.47,3632.0,13416.0,30,31,102.18,0.954,20251031_068_pol_pro_Ran_ado_2025_6_Colorado2025_x003584_y013312
Unknown_Sample,20251031_068_pol_pro_Ran_ado_2025_6_Colorado2025.czi,Ran_ado,530.61,3727.0,13720.0,34,26,99.01,0.952,20251031_068_pol_pro_Ran_ado_2025_6_Colorado2025_x003584_y013312
Unknown_Sample,20251031_068_pol_pro_Ran_ado_2025_6_Colorado2025.czi,Ran_ado,689.9,4145.0,13927.0,35,32,111.84,0.95,20251031_068_pol_pro_Ran_ado_2025_6_Colorado2025_x003584_y013312
Unknown_Sample,20251031_068_pol_pro_Ran_ado_2025_6_Colorado2025.czi,Ran_ado,377.85,3820.0,13389.0,25,26,83.94,0.944,20251031_068_pol_pro_Ran_ado_2025_6_Colorado2025_x003584_y013312
Unknown_Sample,20251031_068_pol_pro_Ran_ado_2025_6_Colorado2025.czi,Ran_ado,551.39,4660.0,13753.0,33,27,101.36,0.963,20251031_068_pol_pro_Ran_ado_2025_6_Colorado2025_x004096_y013312
Unknown_Sample,20251031_068_pol_pro_Ran_ado_2025_6_Colorado2025.czi,Ran_ado,733.38,4713.0,13895.0,36,34,116.08,0.96,20251031_068_pol_pro_Ran_ado_2025_6_Colorado2025_x004096_y013312
Unknown_Sample,20251031_068_pol_pro_Ran_ado_2025_6_Colorado2025.czi,Ran_ado,529.07,4405.0,13576.0,30,29,98.18,0.96,20251031_068_pol_pro_Ran_ado_2025_6_Colorado2025_x004096_y013312
Unknown_Sample,20251031_068_pol_pro_Ran_ado_2025_6_Colorado2025.czi,Ran_ado,548.31,4355.0,13925.0,31,29,102.53,0.959,20251031_068_pol_pro_Ran_ado_2025_6_Colorado2025_x004096_y013312
Unknown_Sample,20251031_068_pol_pro_Ran_ado_2025_6_Colorado2025.czi,Ran_ado,684.52,4145.0,13927.0,35,32,111.84,0.954,20251031_068_pol_pro_Ran_ado_2025_6_Colorado2025_x004096_y013312
Unknown_Sample,20251031_068_pol_pro_Ran_ado_2025_6_Colorado2025.czi,Ran_ado,350.92,4631.0,13942.0,28,20,83.8,0.931,20251031_068_pol_pro_Ran_ado_2025_6_Colorado2025_x004096_y013312
Unknown_Sample,20251031_068_pol_pro_Ran_ado_2025_6_Colorado2025.czi,Ran_ado,648.73,5149.0,13378.0,33,32,109.6,0.964,20251031_068_pol_pro_Ran_ado_2025_6_Colorado2025_x004608_y013312
Unknown_Sample,20251031_068_pol_pro_Ran_ado_2025_6_Colorado2025.czi,Ran_ado,731.85,4713.0,13895.0,36,34,116.08,0.963,20251031_068_pol_pro_Ran_ado_2025_6_Colorado2025_x004608_y013312
Unknown_Sample,20251031_068_pol_pro_Ran_ado_2025_6_Colorado2025.czi,Ran_ado,552.15,4660.0,13753.0,33,27,101.36,0.963,20251031_068_pol_pro_Ran_ado_2025_6_Colorado2025_x004608_y013312
Unknown_Sample,20251031_068_pol_pro_Ran_ado_2025_6_Colorado2025.czi,Ran_ado,569.08,5104.0,13755.0,29,34,103.84,0.959,20251031_068_pol_pro_Ran_ado_2025_6_Colorado2025_x004608_y013312
Unknown_Sample,20251031_068_pol_pro_Ran_ado_2025_6_Colorado2025.czi,Ran_ado,350.53,5047.0,13320.0,35,18,90.87,0.951,20251031_068_pol_pro_Ran_ado_2025_6_Colorado2025_x004608_y013312
Unknown_Sample,20251031_068_pol_pro_Ran_ado_2025_6_Colorado2025.czi,Ran_ado,350.15,4631.0,13942.0,28,20,83.8,0.942,20251031_068_pol_pro_Ran_ado_2025_6_Colorado2025_x004608_y013312
Unknown_Sample,20251031_068_pol_pro_Ran_ado_2025_6_Colorado2025.czi,Ran_ado,648.73,5149.0,13378.0,33,32,109.6,0.964,20251031_068_pol_pro_Ran_ado_2025_6_Colorado2025_x005120_y013312
Unknown_Sample,20251031_068_pol_pro_Ran_ado_2025_6_Colorado2025.czi,Ran_ado,693.75,5506.0,13440.0,36,32,112.67,0.963,20251031_068_pol_pro_Ran_ado_2025_6_Colorado2025_x005120_y013312
Unknown_Sample,20251031_068_pol_pro_Ran_ado_2025_6_Colorado2025.czi,Ran_ado,556.77,5427.0,13618.0,31,30,102.18,0.963,20251031_068_pol_pro_Ran_ado_2025_6_Colorado2025_x005120_y013312
Unknown_Sample,20251031_068_pol_pro_Ran_ado_2025_6_Colorado2025.czi,Ran_ado,677.59,5675.0,13374.0,34,33,111.84,0.96,20251031_068_pol_pro_Ran_ado_2025_6_Colorado2025_x005120_y013312
Unknown_Sample,20251031_068_pol_pro_Ran_ado_2025_6_Colorado2025.czi,Ran_ado,617.57,5479.0,13759.0,34,31,106.67,0.958,20251031_068_pol_pro_Ran_ado_2025_6_Colorado2025_x005120_y013312
Unknown_Sample,20251031_068_pol_pro_Ran_ado_2025_6_Colorado2025.czi,Ran_ado,610.26,5273.0,13328.0,32,30,105.94,0.956,20251031_068_pol_pro_Ran_ado_2025_6_Colorado2025_x005120_y013312
Unknown_Sample,20251031_068_pol_pro_Ran_ado_2025_6_Colorado2025.czi,Ran_ado,431.72,5730.0,13739.0,26,26,89.46,0.955,20251031_068_pol_pro_Ran_ado_2025_6_Colorado2025_x005120_y013312
Unknown_Sample,20251031_068_pol_pro_Ran_ado_2025_6_Colorado2025.czi,Ran_ado,382.47,5747.0,13481.0,25,25,85.46,0.939,20251031_068_pol_pro_Ran_ado_2025_6_Colorado2025_x005120_y013312
Unknown_Sample,20251031_068_pol_pro_Ran_ado_2025_6_Colorado2025.czi,Ran_ado,627.57,6179.0,13874.0,30,34,108.18,0.964,20251031_068_pol_pro_Ran_ado_2025_6_Colorado2025_x005632_y013312
Unknown_Sample,20251031_068_pol_pro_Ran_ado_2025_6_Colorado2025.czi,Ran_ado,542.92,6185.0,13324.0,34,26,102.53,0.964,20251031_068_pol_pro_Ran_ado_2025_6_Colorado2025_x005632_y013312
Unknown_Sample,20251031_068_pol_pro_Ran_ado_2025_6_Colorado2025.czi,Ran_ado,677.59,5675.0,13374.0,34,33,111.84,0.96,20251031_068_pol_pro_Ran_ado_2025_6_Colorado2025_x005632_y013312
Unknown_Sample,20251031_068_pol_pro_Ran_ado_2025_6_Colorado2025.czi,Ran_ado,432.49,5730.0,13739.0,26,26,89.46,0.955,20251031_068_pol_pro_Ran_ado_2025_6_Colorado2025_x005632_y013312
Unknown_Sample,20251031_068_pol_pro_Ran_ado_2025_6_Colorado2025.czi,Ran_ado,592.17,6043.0,13526.0,30,33,106.18,0.955,20251031_068_pol_pro_Ran_ado_2025_6_Colorado2025_x005632_y013312
Unknown_Sample,20251031_068_pol_pro_Ran_ado_2025_6_Colorado2025.czi,Ran_ado,377.85,5747.0,13481.0,27,24,83.94,0.949,20251031_068_pol_pro_Ran_ado_2025_6_Colorado2025_x005632_y013312
Unknown_Sample,20251031_068_pol_pro_Ran_ado_2025_6_Colorado2025.czi,Ran_ado,627.57,6179.0,13874.0,30,34,108.18,0.964,20251031_068_pol_pro_Ran_ado_2025_6_Colorado2025_x006144_y013312
Unknown_Sample,20251031_068_pol_pro_Ran_ado_2025_6_Colorado2025.czi,Ran_ado,543.3,6185.0,13324.0,34,26,103.11,0.964,20251031_068_pol_pro_Ran_ado_2025_6_Colorado2025_x006144_y013312
Unknown_Sample,20251031_068_pol_pro_Ran_ado_2025_6_Colorado2025.czi,Ran_ado,715.3,6458.0,13931.0,35,34,115.84,0.96,20251031_068_pol_pro_Ran_ado_2025_6_Colorado2025_x006144_y013312
Unknown_Sample,20251031_068_pol_pro_Ran_ado_2025_6_Colorado2025.czi,Ran_ado,714.15,6929.0,13821.0,34,34,114.43,0.963,20251031_068_pol_pro_Ran_ado_2025_6_Colorado2025_x006656_y013312
Unknown_Sample,20251031_068_pol_pro_Ran_ado_2025_6_Colorado2025.czi,Ran_ado,552.54,7214.0,13408.0,32,29,101.6,0.96,20251031_068_pol_pro_Ran_ado_2025_6_Colorado2025_x006656_y013312
Unknown_Sample,20251031_068_pol_pro_Ran_ado_2025_6_Colorado2025.czi,Ran_ado,450.57,7134.0,13525.0,31,24,92.53,0.951,20251031_068_pol_pro_Ran_ado_2025_6_Colorado2025_x006656_y013312
Unknown_Sample,20251031_068_pol_pro_Ran_ado_2025_6_Colorado2025.czi,Ran_ado,702.6,7572.0,13565.0,33,35,113.25,0.965,20251031_068_pol_pro_Ran_ado_2025_6_Colorado2025_x007168_y013312
Unknown_Sample,20251031_068_pol_pro_Ran_ado_2025_6_Colorado2025.czi,Ran_ado,624.88,7506.0,13611.0,34,30,107.6,0.961,20251031_068_pol_pro_Ran_ado_2025_6_Colorado2025_x007168_y013312
Unknown_Sample,20251031_068_pol_pro_Ran_ado_2025_6_Colorado2025.czi,Ran_ado,553.31,7214.0,13408.0,32,29,101.6,0.959,20251031_068_pol_pro_Ran_ado_2025_6_Colorado2025_x007168_y013312
Unknown_Sample,20251031_068_pol_pro_Ran_ado_2025_6_Colorado2025.czi,Ran_ado,754.93,7932.0,13578.0,35,36,119.25,0.964,20251031_068_pol_pro_Ran_ado_2025_6_Colorado2025_x007680_y013312
Unknown_Sample,20251031_068_pol_pro_Ran_ado_2025_6_Colorado2025.czi,Ran_ado,647.96,8230.0,13533.0,33,32,109.6,0.961,20251031_068_pol_pro_Ran_ado_2025_6_Colorado2025_x007680_y013312
Unknown_Sample,20251031_068_pol_pro_Ran_ado_2025_6_Colorado2025.czi,Ran_ado,669.9,8683.0,13458.0,33,33,109.84,0.965,20251031_068_pol_pro_Ran_ado_2025_6_Colorado2025_x008192_y013312
Unknown_Sample,20251031_068_pol_pro_Ran_ado_2025_6_Colorado2025.czi,Ran_ado,646.81,8230.0,13533.0,33,32,109.01,0.96,20251031_068_pol_pro_Ran_ado_2025_6_Colorado2025_x008192_y013312
Unknown_Sample,20251031_068_pol_pro_Ran_ado_2025_6_Colorado2025.czi,Ran_ado,669.9,8633.0,13795.0,32,35,110.67,0.96,20251031_068_pol_pro_Ran_ado_2025_6_Colorado2025_x008192_y013312
Unknown_Sample,20251031_068_pol_pro_Ran_ado_2025_6_Colorado2025.czi,Ran_ado,573.7,8843.0,13715.0,29,33,103.01,0.96,20251031_068_pol_pro_Ran_ado_2025_6_Colorado2025_x008704_y013312
Unknown_Sample,20251031_068_pol_pro_Ran_ado_2025_6_Colorado2025.czi,Ran_ado,782.25,9506.0,13839.0,34,37,118.67,0.964,20251031_068_pol_pro_Ran_ado_2025_6_Colorado2025_x009216_y013312
Unknown_Sample,20251031_068_pol_pro_Ran_ado_2025_6_Colorado2025.czi,Ran_ado,636.81,9664.0,13432.0,34,31,107.84,0.963,20251031_068_pol_pro_Ran_ado_2025_6_Colorado2025_x009216_y013312
Unknown_Sample,20251031_068_pol_pro_Ran_ado_2025_6_Colorado2025.czi,Ran_ado,367.08,9356.0,13319.0,38,17,95.46,0.946,20251031_068_pol_pro_Ran_ado_2025_6_Colorado2025_x009216_y013312
Unknown_Sample,20251031_068_pol_pro_Ran_ado_2025_6_Colorado2025.czi,Ran_ado,771.48,9881.0,13630.0,37,35,119.5,0.965,20251031_068_pol_pro_Ran_ado_2025_6_Colorado2025_x009728_y013312
Unknown_Sample,20251031_068_pol_pro_Ran_ado_2025_6_Colorado2025.czi,Ran_ado,715.68,10248.0,13363.0,34,34,115.6,0.965,20251031_068_pol_pro_Ran_ado_2025_6_Colorado2025_x009728_y013312
Unknown_Sample,20251031_068_pol_pro_Ran_ado_2025_6_Colorado2025.czi,Ran_ado,866.13,10267.0,13811.0,39,37,126.33,0.958,20251031_068_pol_pro_Ran_ado_2025_6_Colorado2025_x009728_y013312
Unknown_Sample,20251031_068_pol_pro_Ran_ado_2025_6_Colorado2025.czi,Ran_ado,418.64,10200.0,13760.0,24,29,89.11,0.952,20251031_068_pol_pro_Ran_ado_2025_6_Colorado2025_x009728_y013312
Unknown_Sample,20251031_068_pol_pro_Ran_ado_2025_6_Colorado2025.czi,Ran_ado,544.84,10252.0,13362.0,25,34,104.63,0.965,20251031_068_pol_pro_Ran_ado_2025_6_Colorado2025_x010240_y013312
Unknown_Sample,20251031_068_pol_pro_Ran_ado_2025_6_Colorado2025.czi,Ran_ado,1028.12,10777.0,13491.0,43,40,138.57,0.963,20251031_068_pol_pro_Ran_ado_2025_6_Colorado2025_x010240_y013312
Unknown_Sample,20251031_068_pol_pro_Ran_ado_2025_6_Colorado2025.czi,Ran_ado,487.13,10797.0,13560.0,26,31,94.77,0.958,20251031_068_pol_pro_Ran_ado_2025_6_Colorado2025_x010240_y013312
Unknown_Sample,20251031_068_pol_pro_Ran_ado_2025_6_Colorado2025.czi,Ran_ado,868.06,10267.0,13811.0,39,37,126.91,0.958,20251031_068_pol_pro_Ran_ado_2025_6_Colorado2025_x010240_y013312
Unknown_Sample,20251031_068_pol_pro_Ran_ado_2025_6_Colorado2025.czi,Ran_ado,215.47,10596.0,13945.0,28,13,72.14,0.89,20251031_068_pol_pro_Ran_ado_2025_6_Colorado2025_x010240_y013312
Unknown_Sample,20251031_068_pol_pro_Ran_ado_2025_6_Colorado2025.czi,Ran_ado,703.76,11327.0,13499.0,36,32,113.84,0.967,20251031_068_pol_pro_Ran_ado_2025_6_Colorado2025_x010752_y013312
Unknown_Sample,20251031_068_pol_pro_Ran_ado_2025_6_Colorado2025.czi,Ran_ado,624.88,10987.0,13563.0,32,32,106.43,0.967,20251031_068_pol_pro_Ran_ado_2025_6_Colorado2025_x010752_y013312
Unknown_Sample,20251031_068_pol_pro_Ran_ado_2025_6_Colorado2025.czi,Ran_ado,1028.12,10777.0,13491.0,43,40,138.57,0.963,20251031_068_pol_pro_Ran_ado_2025_6_Colorado2025_x010752_y013312
Unknown_Sample,20251031_068_pol_pro_Ran_ado_2025_6_Colorado2025.czi,Ran_ado,487.13,10797.0,13560.0,26,31,94.77,0.957,20251031_068_pol_pro_Ran_ado_2025_6_Colorado2025_x010752_y013312
Unknown_Sample,20251031_068_pol_pro_Ran_ado_2025_6_Colorado2025.czi,Ran_ado,703.76,11327.0,13499.0,36,32,113.84,0.967,20251031_068_pol_pro_Ran_ado_2025_6_Colorado2025_x011264_y013312
Unknown_Sample,20251031_068_pol_pro_Ran_ado_2025_6_Colorado2025.czi,Ran_ado,686.06,11407.0,13916.0,32,35,113.01,0.961,20251031_068_pol_pro_Ran_ado_2025_6_Colorado2025_x011264_y013312
Unknown_Sample,20251031_068_pol_pro_Ran_ado_2025_6_Colorado2025.czi,Ran_ado,457.88,11418.0,13834.0,30,25,93.11,0.956,20251031_068_pol_pro_Ran_ado_2025_6_Colorado2025_x011264_y013312
Unknown_Sample,20251031_068_pol_pro_Ran_ado_2025_6_Colorado2025.czi,Ran_ado,779.17,11988.0,13528.0,36,35,118.67,0.963,20251031_068_pol_pro_Ran_ado_2025_6_Colorado2025_x011776_y013312
Unknown_Sample,20251031_068_pol_pro_Ran_ado_2025_6_Colorado2025.czi,Ran_ado,864.21,12363.0,13557.0,37,39,126.91,0.962,20251031_068_pol_pro_Ran_ado_2025_6_Colorado2025_x011776_y013312
Unknown_Sample,20251031_068_pol_pro_Ran_ado_2025_6_Colorado2025.czi,Ran_ado,603.33,12160.0,13520.0,33,30,106.77,0.961,20251031_068_pol_pro_Ran_ado_2025_6_Colorado2025_x011776_y013312
Unknown_Sample,20251031_068_pol_pro_Ran_ado_2025_6_Colorado2025.czi,Ran_ado,490.98,12225.0,13862.0,30,27,94.77,0.958,20251031_068_pol_pro_Ran_ado_2025_6_Colorado2025_x011776_y013312
Unknown_Sample,20251031_068_pol_pro_Ran_ado_2025_6_Colorado2025.czi,Ran_ado,839.2,12713.0,13720.0,36,37,123.84,0.967,20251031_068_pol_pro_Ran_ado_2025_6_Colorado2025_x012288_y013312
Unknown_Sample,20251031_068_pol_pro_Ran_ado_2025_6_Colorado2025.czi,Ran_ado,864.21,12363.0,13557.0,37,39,126.91,0.962,20251031_068_pol_pro_Ran_ado_2025_6_Colorado2025_x012288_y013312
Unknown_Sample,20251031_068_pol_pro_Ran_ado_2025_6_Colorado2025.czi,Ran_ado,698.37,13359.0,13857.0,33,35,113.84,0.965,20251031_068_pol_pro_Ran_ado_2025_6_Colorado2025_x012800_y013312
Unknown_Sample,20251031_068_pol_pro_Ran_ado_2025_6_Colorado2025.czi,Ran_ado,699.14,13137.0,13778.0,34,34,112.67,0.965,20251031_068_pol_pro_Ran_ado_2025_6_Colorado2025_x012800_y013312
Unknown_Sample,20251031_068_pol_pro_Ran_ado_2025_6_Colorado2025.czi,Ran_ado,852.67,13396.0,13458.0,36,39,126.08,0.964,20251031_068_pol_pro_Ran_ado_2025_6_Colorado2025_x012800_y013312
Unknown_Sample,20251031_068_pol_pro_Ran_ado_2025_6_Colorado2025.czi,Ran_ado,753.78,13014.0,13740.0,35,35,117.84,0.963,20251031_068_pol_pro_Ran_ado_2025_6_Colorado2025_x012800_y013312
Unknown_Sample,20251031_068_pol_pro_Ran_ado_2025_6_Colorado2025.czi,Ran_ado,702.99,13090.0,13744.0,33,35,115.01,0.962,20251031_068_pol_pro_Ran_ado_2025_6_Colorado2025_x012800_y013312
Unknown_Sample,20251031_068_pol_pro_Ran_ado_2025_6_Colorado2025.czi,Ran_ado,821.88,13053.0,13723.0,34,40,122.91,0.959,20251031_068_pol_pro_Ran_ado_2025_6_Colorado2025_x012800_y013312
Unknown_Sample,20251031_068_pol_pro_Ran_ado_2025_6_Colorado2025.czi,Ran_ado,701.83,13359.0,13857.0,33,36,115.25,0.965,20251031_068_pol_pro_Ran_ado_2025_6_Colorado2025_x013312_y013312
Unknown_Sample,20251031_068_pol_pro_Ran_ado_2025_6_Colorado2025.czi,Ran_ado,777.25,13788.0,13419.0,35,36,119.25,0.964,20251031_068_pol_pro_Ran_ado_2025_6_Colorado2025_x013312_y013312
Unknown_Sample,20251031_068_pol_pro_Ran_ado_2025_6_Colorado2025.czi,Ran_ado,854.2,13396.0,13458.0,36,39,126.08,0.964,20251031_068_pol_pro_Ran_ado_2025_6_Colorado2025_x013312_y013312
Unknown_Sample,20251031_068_pol_pro_Ran_ado_2025_6_Colorado2025.czi,Ran_ado,557.93,15819.0,13840.0,29,31,101.94,0.961,20251031_068_pol_pro_Ran_ado_2025_6_Colorado2025_x015360_y013312
Unknown_Sample,20251031_068_pol_pro_Ran_ado_2025_6_Colorado2025.czi,Ran_ado,352.46,15941.0,13862.0,22,29,83.94,0.944,20251031_068_pol_pro_Ran_ado_2025_6_Colorado2025_x015360_y013312
Unknown_Sample,20251031_068_pol_pro_Ran_ado_2025_6_Colorado2025.czi,Ran_ado,352.46,15941.0,13862.0,22,29,83.94,0.945,20251031_068_pol_pro_Ran_ado_2025_6_Colorado2025_x015872_y013312
Unknown_Sample,20251031_068_pol_pro_Ran_ado_2025_6_Colorado2025.czi,Ran_ado,568.32,16310.0,13551.0,29,35,105.84,0.903,20251031_068_pol_pro_Ran_ado_2025_6_Colorado2025_x015872_y013312
Unknown_Sample,20251031_068_pol_pro_Ran_ado_2025_6_Colorado2025.czi,Ran_ado,354.76,18417.0,13830.0,27,21,82.63,0.935,20251031_068_pol_pro_Ran_ado_2025_6_Colorado2025_x017920_y013312
Unknown_Sample,20251031_068_pol_pro_Ran_ado_2025_6_Colorado2025.czi,Ran_ado,266.65,2679.0,14276.0,16,25,75.07,0.872,20251031_068_pol_pro_Ran_ado_2025_6_Colorado2025_x002048_y013824
Unknown_Sample,20251031_068_pol_pro_Ran_ado_2025_6_Colorado2025.czi,Ran_ado,419.02,2682.0,14277.0,27,26,88.53,0.937,20251031_068_pol_pro_Ran_ado_2025_6_Colorado2025_x002560_y013824
Unknown_Sample,20251031_068_pol_pro_Ran_ado_2025_6_Colorado2025.czi,Ran_ado,458.65,2912.0,14188.0,30,25,91.94,0.937,20251031_068_pol_pro_Ran_ado_2025_6_Colorado2025_x002560_y013824
Unknown_Sample,20251031_068_pol_pro_Ran_ado_2025_6_Colorado2025.czi,Ran_ado,610.64,3547.0,14228.0,30,35,109.01,0.957,20251031_068_pol_pro_Ran_ado_2025_6_Colorado2025_x003072_y013824
Unknown_Sample,20251031_068_pol_pro_Ran_ado_2025_6_Colorado2025.czi,Ran_ado,659.89,4182.0,13981.0,33,32,110.18,0.961,20251031_068_pol_pro_Ran_ado_2025_6_Colorado2025_x003584_y013824
Unknown_Sample,20251031_068_pol_pro_Ran_ado_2025_6_Colorado2025.czi,Ran_ado,680.29,4145.0,13927.0,35,32,112.43,0.956,20251031_068_pol_pro_Ran_ado_2025_6_Colorado2025_x003584_y013824
Unknown_Sample,20251031_068_pol_pro_Ran_ado_2025_6_Colorado2025.czi,Ran_ado,470.2,3991.0,14163.0,31,25,95.11,0.948,20251031_068_pol_pro_Ran_ado_2025_6_Colorado2025_x003584_y013824
Unknown_Sample,20251031_068_pol_pro_Ran_ado_2025_6_Colorado2025.czi,Ran_ado,578.7,3956.0,13984.0,29,32,105.11,0.941,20251031_068_pol_pro_Ran_ado_2025_6_Colorado2025_x003584_y013824
Unknown_Sample,20251031_068_pol_pro_Ran_ado_2025_6_Colorado2025.czi,Ran_ado,299.74,3848.0,14202.0,21,23,75.21,0.925,20251031_068_pol_pro_Ran_ado_2025_6_Colorado2025_x003584_y013824
Unknown_Sample,20251031_068_pol_pro_Ran_ado_2025_6_Colorado2025.czi,Ran_ado,653.35,4182.0,13981.0,33,32,109.6,0.961,20251031_068_pol_pro_Ran_ado_2025_6_Colorado2025_x004096_y013824
Unknown_Sample,20251031_068_pol_pro_Ran_ado_2025_6_Colorado2025.czi,Ran_ado,733.38,4713.0,13895.0,36,34,116.08,0.96,20251031_068_pol_pro_Ran_ado_2025_6_Colorado2025_x004096_y013824
Unknown_Sample,20251031_068_pol_pro_Ran_ado_2025_6_Colorado2025.czi,Ran_ado,498.29,4630.0,13945.0,28,30,96.18,0.96,20251031_068_pol_pro_Ran_ado_2025_6_Colorado2025_x004096_y013824
Unknown_Sample,20251031_068_pol_pro_Ran_ado_2025_6_Colorado2025.czi,Ran_ado,548.31,4355.0,13925.0,31,29,102.53,0.959,20251031_068_pol_pro_Ran_ado_2025_6_Colorado2025_x004096_y013824
Unknown_Sample,20251031_068_pol_pro_Ran_ado_2025_6_Colorado2025.czi,Ran_ado,676.44,4145.0,13927.0,35,32,112.43,0.956,20251031_068_pol_pro_Ran_ado_2025_6_Colorado2025_x004096_y013824
Unknown_Sample,20251031_068_pol_pro_Ran_ado_2025_6_Colorado2025.czi,Ran_ado,613.72,4233.0,14198.0,32,33,107.84,0.955,20251031_068_pol_pro_Ran_ado_2025_6_Colorado2025_x004096_y013824
Unknown_Sample,20251031_068_pol_pro_Ran_ado_2025_6_Colorado2025.czi,Ran_ado,486.74,4844.0,14272.0,29,27,94.53,0.963,20251031_068_pol_pro_Ran_ado_2025_6_Colorado2025_x004608_y013824
Unknown_Sample,20251031_068_pol_pro_Ran_ado_2025_6_Colorado2025.czi,Ran_ado,732.61,4713.0,13895.0,36,34,116.08,0.963,20251031_068_pol_pro_Ran_ado_2025_6_Colorado2025_x004608_y013824
Unknown_Sample,20251031_068_pol_pro_Ran_ado_2025_6_Colorado2025.czi,Ran_ado,593.33,5117.0,14243.0,31,31,104.77,0.963,20251031_068_pol_pro_Ran_ado_2025_6_Colorado2025_x004608_y013824
Unknown_Sample,20251031_068_pol_pro_Ran_ado_2025_6_Colorado2025.czi,Ran_ado,724.92,5182.0,13981.0,36,34,116.08,0.962,20251031_068_pol_pro_Ran_ado_2025_6_Colorado2025_x004608_y013824
Unknown_Sample,20251031_068_pol_pro_Ran_ado_2025_6_Colorado2025.czi,Ran_ado,497.52,4630.0,13945.0,28,30,96.18,0.96,20251031_068_pol_pro_Ran_ado_2025_6_Colorado2025_x004608_y013824
Unknown_Sample,20251031_068_pol_pro_Ran_ado_2025_6_Colorado2025.czi,Ran_ado,461.73,5079.0,13958.0,29,25,92.28,0.96,20251031_068_pol_pro_Ran_ado_2025_6_Colorado2025_x004608_y013824
Unknown_Sample,20251031_068_pol_pro_Ran_ado_2025_6_Colorado2025.czi,Ran_ado,461.73,5016.0,13978.0,28,28,93.94,0.958,20251031_068_pol_pro_Ran_ado_2025_6_Colorado2025_x004608_y013824
Unknown_Sample,20251031_068_pol_pro_Ran_ado_2025_6_Colorado2025.czi,Ran_ado,711.07,5462.0,14211.0,33,35,115.6,0.964,20251031_068_pol_pro_Ran_ado_2025_6_Colorado2025_x005120_y013824
Unknown_Sample,20251031_068_pol_pro_Ran_ado_2025_6_Colorado2025.czi,Ran_ado,729.54,5182.0,13981.0,36,34,116.08,0.962,20251031_068_pol_pro_Ran_ado_2025_6_Colorado2025_x005120_y013824
Unknown_Sample,20251031_068_pol_pro_Ran_ado_2025_6_Colorado2025.czi,Ran_ado,478.66,5613.0,13983.0,30,28,94.43,0.958,20251031_068_pol_pro_Ran_ado_2025_6_Colorado2025_x005120_y013824
Unknown_Sample,20251031_068_pol_pro_Ran_ado_2025_6_Colorado2025.czi,Ran_ado,221.25,5126.0,14242.0,13,31,76.38,0.946,20251031_068_pol_pro_Ran_ado_2025_6_Colorado2025_x005120_y013824
Unknown_Sample,20251031_068_pol_pro_Ran_ado_2025_6_Colorado2025.czi,Ran_ado,628.73,6179.0,13874.0,30,34,107.6,0.965,20251031_068_pol_pro_Ran_ado_2025_6_Colorado2025_x005632_y013824
Unknown_Sample,20251031_068_pol_pro_Ran_ado_2025_6_Colorado2025.czi,Ran_ado,713.76,6184.0,14229.0,33,35,115.01,0.964,20251031_068_pol_pro_Ran_ado_2025_6_Colorado2025_x005632_y013824
Unknown_Sample,20251031_068_pol_pro_Ran_ado_2025_6_Colorado2025.czi,Ran_ado,566.39,6246.0,14090.0,31,30,102.77,0.96,20251031_068_pol_pro_Ran_ado_2025_6_Colorado2025_x005632_y013824
Unknown_Sample,20251031_068_pol_pro_Ran_ado_2025_6_Colorado2025.czi,Ran_ado,644.5,5839.0,14015.0,35,32,110.67,0.958,20251031_068_pol_pro_Ran_ado_2025_6_Colorado2025_x005632_y013824
Unknown_Sample,20251031_068_pol_pro_Ran_ado_2025_6_Colorado2025.czi,Ran_ado,627.57,6179.0,13874.0,30,34,108.18,0.964,20251031_068_pol_pro_Ran_ado_2025_6_Colorado2025_x006144_y013824
Unknown_Sample,20251031_068_pol_pro_Ran_ado_2025_6_Colorado2025.czi,Ran_ado,713.38,6184.0,14229.0,33,35,114.43,0.963,20251031_068_pol_pro_Ran_ado_2025_6_Colorado2025_x006144_y013824
Unknown_Sample,20251031_068_pol_pro_Ran_ado_2025_6_Colorado2025.czi,Ran_ado,665.28,6573.0,14377.0,32,34,109.84,0.963,20251031_068_pol_pro_Ran_ado_2025_6_Colorado2025_x006144_y013824
Unknown_Sample,20251031_068_pol_pro_Ran_ado_2025_6_Colorado2025.czi,Ran_ado,709.53,6458.0,13931.0,35,34,115.25,0.962,20251031_068_pol_pro_Ran_ado_2025_6_Colorado2025_x006144_y013824
Unknown_Sample,20251031_068_pol_pro_Ran_ado_2025_6_Colorado2025.czi,Ran_ado,566.39,6246.0,14090.0,31,30,102.77,0.961,20251031_068_pol_pro_Ran_ado_2025_6_Colorado2025_x006144_y013824
Unknown_Sample,20251031_068_pol_pro_Ran_ado_2025_6_Colorado2025.czi,Ran_ado,649.5,6389.0,14069.0,33,33,110.43,0.96,20251031_068_pol_pro_Ran_ado_2025_6_Colorado2025_x006144_y013824
Unknown_Sample,20251031_068_pol_pro_Ran_ado_2025_6_Colorado2025.czi,Ran_ado,429.41,6427.0,14219.0,33,21,92.28,0.945,20251031_068_pol_pro_Ran_ado_2025_6_Colorado2025_x006144_y013824
Unknown_Sample,20251031_068_pol_pro_Ran_ado_2025_6_Colorado2025.czi,Ran_ado,730.69,7199.0,14423.0,31,39,116.67,0.961,20251031_068_pol_pro_Ran_ado_2025_6_Colorado2025_x006656_y013824
Unknown_Sample,20251031_068_pol_pro_Ran_ado_2025_6_Colorado2025.czi,Ran_ado,264.73,6930.0,13830.0,34,14,82.63,0.951,20251031_068_pol_pro_Ran_ado_2025_6_Colorado2025_x006656_y013824
Unknown_Sample,20251031_068_pol_pro_Ran_ado_2025_6_Colorado2025.czi,Ran_ado,746.47,7199.0,14423.0,31,40,118.08,0.953,20251031_068_pol_pro_Ran_ado_2025_6_Colorado2025_x007168_y013824
Unknown_Sample,20251031_068_pol_pro_Ran_ado_2025_6_Colorado2025.czi,Ran_ado,485.2,7732.0,14408.0,28,28,97.7,0.943,20251031_068_pol_pro_Ran_ado_2025_6_Colorado2025_x007168_y013824
Unknown_Sample,20251031_068_pol_pro_Ran_ado_2025_6_Colorado2025.czi,Ran_ado,459.04,7820.0,14284.0,26,29,92.53,0.957,20251031_068_pol_pro_Ran_ado_2025_6_Colorado2025_x007680_y013824
Unknown_Sample,20251031_068_pol_pro_Ran_ado_2025_6_Colorado2025.czi,Ran_ado,472.51,7731.0,14408.0,28,28,95.94,0.951,20251031_068_pol_pro_Ran_ado_2025_6_Colorado2025_x007680_y013824
Unknown_Sample,20251031_068_pol_pro_Ran_ado_2025_6_Colorado2025.czi,Ran_ado,710.68,9285.0,14207.0,34,34,113.84,0.964,20251031_068_pol_pro_Ran_ado_2025_6_Colorado2025_x008704_y013824
Unknown_Sample,20251031_068_pol_pro_Ran_ado_2025_6_Colorado2025.czi,Ran_ado,983.49,9225.0,14416.0,40,42,135.4,0.962,20251031_068_pol_pro_Ran_ado_2025_6_Colorado2025_x008704_y013824
Unknown_Sample,20251031_068_pol_pro_Ran_ado_2025_6_Colorado2025.czi,Ran_ado,752.62,9506.0,13840.0,34,35,117.6,0.969,20251031_068_pol_pro_Ran_ado_2025_6_Colorado2025_x009216_y013824
Unknown_Sample,20251031_068_pol_pro_Ran_ado_2025_6_Colorado2025.czi,Ran_ado,748.39,9229.0,14417.0,29,42,123.36,0.965,20251031_068_pol_pro_Ran_ado_2025_6_Colorado2025_x009216_y013824
Unknown_Sample,20251031_068_pol_pro_Ran_ado_2025_6_Colorado2025.czi,Ran_ado,709.53,9285.0,14207.0,34,34,114.43,0.964,20251031_068_pol_pro_Ran_ado_2025_6_Colorado2025_x009216_y013824
Unknown_Sample,20251031_068_pol_pro_Ran_ado_2025_6_Colorado2025.czi,Ran_ado,605.25,9360.0,14133.0,33,31,107.01,0.959,20251031_068_pol_pro_Ran_ado_2025_6_Colorado2025_x009216_y013824
Unknown_Sample,20251031_068_pol_pro_Ran_ado_2025_6_Colorado2025.czi,Ran_ado,761.86,9892.0,14356.0,34,37,116.91,0.963,20251031_068_pol_pro_Ran_ado_2025_6_Colorado2025_x009728_y013824
Unknown_Sample,20251031_068_pol_pro_Ran_ado_2025_6_Colorado2025.czi,Ran_ado,942.7,10271.0,14414.0,41,39,131.4,0.962,20251031_068_pol_pro_Ran_ado_2025_6_Colorado2025_x009728_y013824
Unknown_Sample,20251031_068_pol_pro_Ran_ado_2025_6_Colorado2025.czi,Ran_ado,1001.19,10002.0,14278.0,40,44,141.74,0.929,20251031_068_pol_pro_Ran_ado_2025_6_Colorado2025_x009728_y013824
Unknown_Sample,20251031_068_pol_pro_Ran_ado_2025_6_Colorado2025.czi,Ran_ado,912.31,10701.0,14420.0,37,40,129.5,0.965,20251031_068_pol_pro_Ran_ado_2025_6_Colorado2025_x010240_y013824
Unknown_Sample,20251031_068_pol_pro_Ran_ado_2025_6_Colorado2025.czi,Ran_ado,934.24,10271.0,14413.0,41,39,130.23,0.963,20251031_068_pol_pro_Ran_ado_2025_6_Colorado2025_x010240_y013824
Unknown_Sample,20251031_068_pol_pro_Ran_ado_2025_6_Colorado2025.czi,Ran_ado,480.59,10596.0,13952.0,28,29,97.7,0.956,20251031_068_pol_pro_Ran_ado_2025_6_Colorado2025_x010240_y013824
Unknown_Sample,20251031_068_pol_pro_Ran_ado_2025_6_Colorado2025.czi,Ran_ado,719.53,11277.0,14434.0,33,36,115.25,0.963,20251031_068_pol_pro_Ran_ado_2025_6_Colorado2025_x010752_y013824
Unknown_Sample,20251031_068_pol_pro_Ran_ado_2025_6_Colorado2025.czi,Ran_ado,675.67,11278.0,14434.0,30,36,113.94,0.968,20251031_068_pol_pro_Ran_ado_2025_6_Colorado2025_x011264_y013824
Unknown_Sample,20251031_068_pol_pro_Ran_ado_2025_6_Colorado2025.czi,Ran_ado,686.06,11407.0,13916.0,32,35,113.01,0.962,20251031_068_pol_pro_Ran_ado_2025_6_Colorado2025_x011264_y013824
Unknown_Sample,20251031_068_pol_pro_Ran_ado_2025_6_Colorado2025.czi,Ran_ado,846.89,11515.0,14283.0,35,42,125.98,0.962,20251031_068_pol_pro_Ran_ado_2025_6_Colorado2025_x011264_y013824
Unknown_Sample,20251031_068_pol_pro_Ran_ado_2025_6_Colorado2025.czi,Ran_ado,432.87,11418.0,13835.0,30,23,90.87,0.961,20251031_068_pol_pro_Ran_ado_2025_6_Colorado2025_x011264_y013824
Unknown_Sample,20251031_068_pol_pro_Ran_ado_2025_6_Colorado2025.czi,Ran_ado,806.49,12176.0,14281.0,35,38,124.43,0.965,20251031_068_pol_pro_Ran_ado_2025_6_Colorado2025_x011776_y013824
Unknown_Sample,20251031_068_pol_pro_Ran_ado_2025_6_Colorado2025.czi,Ran_ado,788.41,11968.0,14074.0,36,36,120.67,0.963,20251031_068_pol_pro_Ran_ado_2025_6_Colorado2025_x011776_y013824
Unknown_Sample,20251031_068_pol_pro_Ran_ado_2025_6_Colorado2025.czi,Ran_ado,961.17,12252.0,14407.0,38,43,133.4,0.963,20251031_068_pol_pro_Ran_ado_2025_6_Colorado2025_x011776_y013824
Unknown_Sample,20251031_068_pol_pro_Ran_ado_2025_6_Colorado2025.czi,Ran_ado,716.84,12337.0,14071.0,32,38,115.5,0.962,20251031_068_pol_pro_Ran_ado_2025_6_Colorado2025_x011776_y013824
Unknown_Sample,20251031_068_pol_pro_Ran_ado_2025_6_Colorado2025.czi,Ran_ado,716.07,12039.0,14403.0,31,37,113.84,0.962,20251031_068_pol_pro_Ran_ado_2025_6_Colorado2025_x011776_y013824
Unknown_Sample,20251031_068_pol_pro_Ran_ado_2025_6_Colorado2025.czi,Ran_ado,490.98,12225.0,13862.0,30,27,94.77,0.957,20251031_068_pol_pro_Ran_ado_2025_6_Colorado2025_x011776_y013824
Unknown_Sample,20251031_068_pol_pro_Ran_ado_2025_6_Colorado2025.czi,Ran_ado,901.92,12596.0,14007.0,38,39,128.91,0.965,20251031_068_pol_pro_Ran_ado_2025_6_Colorado2025_x012288_y013824
Unknown_Sample,20251031_068_pol_pro_Ran_ado_2025_6_Colorado2025.czi,Ran_ado,881.91,12681.0,14382.0,36,39,126.08,0.965,20251031_068_pol_pro_Ran_ado_2025_6_Colorado2025_x012288_y013824
Unknown_Sample,20251031_068_pol_pro_Ran_ado_2025_6_Colorado2025.czi,Ran_ado,716.07,12337.0,14071.0,32,38,115.5,0.962,20251031_068_pol_pro_Ran_ado_2025_6_Colorado2025_x012288_y013824
Unknown_Sample,20251031_068_pol_pro_Ran_ado_2025_6_Colorado2025.czi,Ran_ado,576.01,12663.0,14298.0,30,32,103.01,0.958,20251031_068_pol_pro_Ran_ado_2025_6_Colorado2025_x012288_y013824
Unknown_Sample,20251031_068_pol_pro_Ran_ado_2025_6_Colorado2025.czi,Ran_ado,588.71,12913.0,14096.0,28,33,106.28,0.95,20251031_068_pol_pro_Ran_ado_2025_6_Colorado2025_x012288_y013824
Unknown_Sample,20251031_068_pol_pro_Ran_ado_2025_6_Colorado2025.czi,Ran_ado,530.99,12631.0,14450.0,31,27,101.46,0.942,20251031_068_pol_pro_Ran_ado_2025_6_Colorado2025_x012288_y013824
Unknown_Sample,20251031_068_pol_pro_Ran_ado_2025_6_Colorado2025.czi,Ran_ado,700.68,13359.0,13857.0,33,36,114.67,0.966,20251031_068_pol_pro_Ran_ado_2025_6_Colorado2025_x012800_y013824
Unknown_Sample,20251031_068_pol_pro_Ran_ado_2025_6_Colorado2025.czi,Ran_ado,628.73,12914.0,14096.0,31,33,106.43,0.963,20251031_068_pol_pro_Ran_ado_2025_6_Colorado2025_x012800_y013824
Unknown_Sample,20251031_068_pol_pro_Ran_ado_2025_6_Colorado2025.czi,Ran_ado,544.07,13125.0,13981.0,28,32,100.77,0.96,20251031_068_pol_pro_Ran_ado_2025_6_Colorado2025_x012800_y013824
Unknown_Sample,20251031_068_pol_pro_Ran_ado_2025_6_Colorado2025.czi,Ran_ado,702.99,13359.0,13857.0,33,36,115.84,0.965,20251031_068_pol_pro_Ran_ado_2025_6_Colorado2025_x013312_y013824
Unknown_Sample,20251031_068_pol_pro_Ran_ado_2025_6_Colorado2025.czi,Ran_ado,644.89,13921.0,14159.0,30,36,110.43,0.962,20251031_068_pol_pro_Ran_ado_2025_6_Colorado2025_x013312_y013824
Unknown_Sample,20251031_068_pol_pro_Ran_ado_2025_6_Colorado2025.czi,Ran_ado,429.41,13773.0,14170.0,26,28,91.11,0.95,20251031_068_pol_pro_Ran_ado_2025_6_Colorado2025_x013312_y013824
Unknown_Sample,20251031_068_pol_pro_Ran_ado_2025_6_Colorado2025.czi,Ran_ado,646.42,13921.0,14159.0,30,36,110.43,0.962,20251031_068_pol_pro_Ran_ado_2025_6_Colorado2025_x013824_y013824
Unknown_Sample,20251031_068_pol_pro_Ran_ado_2025_6_Colorado2025.czi,Ran_ado,873.06,15194.0,14170.0,38,41,128.81,0.956,20251031_068_pol_pro_Ran_ado_2025_6_Colorado2025_x014848_y013824
Unknown_Sample,20251031_068_pol_pro_Ran_ado_2025_6_Colorado2025.czi,Ran_ado,562.54,15819.0,13840.0,29,31,103.11,0.959,20251031_068_pol_pro_Ran_ado_2025_6_Colorado2025_x015360_y013824
Unknown_Sample,20251031_068_pol_pro_Ran_ado_2025_6_Colorado2025.czi,Ran_ado,352.46,15941.0,13862.0,22,29,83.94,0.945,20251031_068_pol_pro_Ran_ado_2025_6_Colorado2025_x015360_y013824
Unknown_Sample,20251031_068_pol_pro_Ran_ado_2025_6_Colorado2025.czi,Ran_ado,510.98,16114.0,14364.0,28,30,96.77,0.961,20251031_068_pol_pro_Ran_ado_2025_6_Colorado2025_x015872_y013824
Unknown_Sample,20251031_068_pol_pro_Ran_ado_2025_6_Colorado2025.czi,Ran_ado,352.46,15941.0,13862.0,22,29,83.94,0.945,20251031_068_pol_pro_Ran_ado_2025_6_Colorado2025_x015872_y013824
Unknown_Sample,20251031_068_pol_pro_Ran_ado_2025_6_Colorado2025.czi,Ran_ado,474.43,16856.0,14193.0,29,28,94.18,0.95,20251031_068_pol_pro_Ran_ado_2025_6_Colorado2025_x016384_y013824
Unknown_Sample,20251031_068_pol_pro_Ran_ado_2025_6_Colorado2025.czi,Ran_ado,302.82,18417.0,13832.0,27,18,78.38,0.932,20251031_068_pol_pro_Ran_ado_2025_6_Colorado2025_x017920_y013824
Unknown_Sample,20251031_068_pol_pro_Ran_ado_2025_6_Colorado2025.czi,Ran_ado,376.7,19099.0,14152.0,27,23,84.87,0.611,20251031_068_pol_pro_Ran_ado_2025_6_Colorado2025_x018944_y013824
Unknown_Sample,20251031_068_pol_pro_Ran_ado_2025_6_Colorado2025.czi,Ran_ado,479.82,3052.0,14569.0,30,26,94.53,0.951,20251031_068_pol_pro_Ran_ado_2025_6_Colorado2025_x002560_y014336
Unknown_Sample,20251031_068_pol_pro_Ran_ado_2025_6_Colorado2025.czi,Ran_ado,510.98,3574.0,14699.0,25,32,97.11,0.965,20251031_068_pol_pro_Ran_ado_2025_6_Colorado2025_x003072_y014336
Unknown_Sample,20251031_068_pol_pro_Ran_ado_2025_6_Colorado2025.czi,Ran_ado,514.45,3555.0,14538.0,29,30,98.18,0.955,20251031_068_pol_pro_Ran_ado_2025_6_Colorado2025_x003072_y014336
Unknown_Sample,20251031_068_pol_pro_Ran_ado_2025_6_Colorado2025.czi,Ran_ado,524.45,3794.0,14512.0,31,30,102.18,0.954,20251031_068_pol_pro_Ran_ado_2025_6_Colorado2025_x003584_y014336
Unknown_Sample,20251031_068_pol_pro_Ran_ado_2025_6_Colorado2025.czi,Ran_ado,549.08,4300.0,14635.0,33,28,102.18,0.958,20251031_068_pol_pro_Ran_ado_2025_6_Colorado2025_x004096_y014336
Unknown_Sample,20251031_068_pol_pro_Ran_ado_2025_6_Colorado2025.czi,Ran_ado,559.85,4603.0,14952.0,29,32,102.18,0.958,20251031_068_pol_pro_Ran_ado_2025_6_Colorado2025_x004096_y014336
Unknown_Sample,20251031_068_pol_pro_Ran_ado_2025_6_Colorado2025.czi,Ran_ado,656.43,5222.0,14703.0,29,37,111.6,0.964,20251031_068_pol_pro_Ran_ado_2025_6_Colorado2025_x004608_y014336
Unknown_Sample,20251031_068_pol_pro_Ran_ado_2025_6_Colorado2025.czi,Ran_ado,576.01,4983.0,14472.0,32,29,105.7,0.96,20251031_068_pol_pro_Ran_ado_2025_6_Colorado2025_x004608_y014336
Unknown_Sample,20251031_068_pol_pro_Ran_ado_2025_6_Colorado2025.czi,Ran_ado,574.47,4862.0,14814.0,27,36,102.67,0.959,20251031_068_pol_pro_Ran_ado_2025_6_Colorado2025_x004608_y014336
Unknown_Sample,20251031_068_pol_pro_Ran_ado_2025_6_Colorado2025.czi,Ran_ado,296.28,4897.0,14694.0,27,20,77.11,0.94,20251031_068_pol_pro_Ran_ado_2025_6_Colorado2025_x004608_y014336
Unknown_Sample,20251031_068_pol_pro_Ran_ado_2025_6_Colorado2025.czi,Ran_ado,149.29,4612.0,14950.0,10,30,68.97,0.93,20251031_068_pol_pro_Ran_ado_2025_6_Colorado2025_x004608_y014336
Unknown_Sample,20251031_068_pol_pro_Ran_ado_2025_6_Colorado2025.czi,Ran_ado,191.23,5160.0,14968.0,23,15,64.38,0.882,20251031_068_pol_pro_Ran_ado_2025_6_Colorado2025_x004608_y014336
Unknown_Sample,20251031_068_pol_pro_Ran_ado_2025_6_Colorado2025.czi,Ran_ado,564.85,5363.0,14564.0,31,30,102.77,0.966,20251031_068_pol_pro_Ran_ado_2025_6_Colorado2025_x005120_y014336
Unknown_Sample,20251031_068_pol_pro_Ran_ado_2025_6_Colorado2025.czi,Ran_ado,695.68,5324.0,14910.0,33,35,113.25,0.964,20251031_068_pol_pro_Ran_ado_2025_6_Colorado2025_x005120_y014336
Unknown_Sample,20251031_068_pol_pro_Ran_ado_2025_6_Colorado2025.czi,Ran_ado,657.2,5222.0,14703.0,29,37,111.6,0.964,20251031_068_pol_pro_Ran_ado_2025_6_Colorado2025_x005120_y014336
Unknown_Sample,20251031_068_pol_pro_Ran_ado_2025_6_Colorado2025.czi,Ran_ado,621.03,5529.0,14699.0,30,36,106.91,0.962,20251031_068_pol_pro_Ran_ado_2025_6_Colorado2025_x005120_y014336
Unknown_Sample,20251031_068_pol_pro_Ran_ado_2025_6_Colorado2025.czi,Ran_ado,619.11,5416.0,14617.0,29,36,106.67,0.961,20251031_068_pol_pro_Ran_ado_2025_6_Colorado2025_x005120_y014336
Unknown_Sample,20251031_068_pol_pro_Ran_ado_2025_6_Colorado2025.czi,Ran_ado,192.0,5160.0,14968.0,23,15,64.38,0.879,20251031_068_pol_pro_Ran_ado_2025_6_Colorado2025_x005120_y014336
Unknown_Sample,20251031_068_pol_pro_Ran_ado_2025_6_Colorado2025.czi,Ran_ado,385.16,6007.0,14908.0,26,25,84.53,0.955,20251031_068_pol_pro_Ran_ado_2025_6_Colorado2025_x005632_y014336
Unknown_Sample,20251031_068_pol_pro_Ran_ado_2025_6_Colorado2025.czi,Ran_ado,665.28,6573.0,14377.0,32,34,109.84,0.963,20251031_068_pol_pro_Ran_ado_2025_6_Colorado2025_x006144_y014336
Unknown_Sample,20251031_068_pol_pro_Ran_ado_2025_6_Colorado2025.czi,Ran_ado,417.48,6371.0,14703.0,28,25,88.53,0.958,20251031_068_pol_pro_Ran_ado_2025_6_Colorado2025_x006144_y014336
Unknown_Sample,20251031_068_pol_pro_Ran_ado_2025_6_Colorado2025.czi,Ran_ado,186.23,6778.0,14546.0,11,30,70.97,0.884,20251031_068_pol_pro_Ran_ado_2025_6_Colorado2025_x006144_y014336
Unknown_Sample,20251031_068_pol_pro_Ran_ado_2025_6_Colorado2025.czi,Ran_ado,734.92,6790.0,14545.0,36,33,115.25,0.962,20251031_068_pol_pro_Ran_ado_2025_6_Colorado2025_x006656_y014336
Unknown_Sample,20251031_068_pol_pro_Ran_ado_2025_6_Colorado2025.czi,Ran_ado,730.69,7199.0,14423.0,31,39,116.67,0.961,20251031_068_pol_pro_Ran_ado_2025_6_Colorado2025_x006656_y014336
Unknown_Sample,20251031_068_pol_pro_Ran_ado_2025_6_Colorado2025.czi,Ran_ado,673.74,7159.0,14588.0,35,33,111.5,0.954,20251031_068_pol_pro_Ran_ado_2025_6_Colorado2025_x006656_y014336
Unknown_Sample,20251031_068_pol_pro_Ran_ado_2025_6_Colorado2025.czi,Ran_ado,604.1,7495.0,14807.0,30,33,105.6,0.961,20251031_068_pol_pro_Ran_ado_2025_6_Colorado2025_x007168_y014336
Unknown_Sample,20251031_068_pol_pro_Ran_ado_2025_6_Colorado2025.czi,Ran_ado,533.69,7670.0,14895.0,29,30,98.18,0.961,20251031_068_pol_pro_Ran_ado_2025_6_Colorado2025_x007168_y014336
Unknown_Sample,20251031_068_pol_pro_Ran_ado_2025_6_Colorado2025.czi,Ran_ado,739.54,7199.0,14423.0,31,40,116.91,0.958,20251031_068_pol_pro_Ran_ado_2025_6_Colorado2025_x007168_y014336
Unknown_Sample,20251031_068_pol_pro_Ran_ado_2025_6_Colorado2025.czi,Ran_ado,500.98,7381.0,14832.0,32,26,97.94,0.955,20251031_068_pol_pro_Ran_ado_2025_6_Colorado2025_x007168_y014336
Unknown_Sample,20251031_068_pol_pro_Ran_ado_2025_6_Colorado2025.czi,Ran_ado,499.82,7731.0,14408.0,29,28,98.53,0.943,20251031_068_pol_pro_Ran_ado_2025_6_Colorado2025_x007168_y014336
Unknown_Sample,20251031_068_pol_pro_Ran_ado_2025_6_Colorado2025.czi,Ran_ado,125.05,7172.0,14590.0,10,28,63.21,0.934,20251031_068_pol_pro_Ran_ado_2025_6_Colorado2025_x007168_y014336
Unknown_Sample,20251031_068_pol_pro_Ran_ado_2025_6_Colorado2025.czi,Ran_ado,472.51,7731.0,14408.0,28,28,95.94,0.955,20251031_068_pol_pro_Ran_ado_2025_6_Colorado2025_x007680_y014336
Unknown_Sample,20251031_068_pol_pro_Ran_ado_2025_6_Colorado2025.czi,Ran_ado,452.5,7912.0,14525.0,25,31,92.77,0.955,20251031_068_pol_pro_Ran_ado_2025_6_Colorado2025_x007680_y014336
Unknown_Sample,20251031_068_pol_pro_Ran_ado_2025_6_Colorado2025.czi,Ran_ado,707.6,8797.0,14726.0,34,35,113.5,0.964,20251031_068_pol_pro_Ran_ado_2025_6_Colorado2025_x008192_y014336
Unknown_Sample,20251031_068_pol_pro_Ran_ado_2025_6_Colorado2025.czi,Ran_ado,622.18,8325.0,14527.0,32,32,107.01,0.957,20251031_068_pol_pro_Ran_ado_2025_6_Colorado2025_x008192_y014336
Unknown_Sample,20251031_068_pol_pro_Ran_ado_2025_6_Colorado2025.czi,Ran_ado,278.19,8427.0,14886.0,27,17,74.04,0.944,20251031_068_pol_pro_Ran_ado_2025_6_Colorado2025_x008192_y014336
Unknown_Sample,20251031_068_pol_pro_Ran_ado_2025_6_Colorado2025.czi,Ran_ado,335.91,8824.0,14676.0,16,34,88.38,0.909,20251031_068_pol_pro_Ran_ado_2025_6_Colorado2025_x008192_y014336
Unknown_Sample,20251031_068_pol_pro_Ran_ado_2025_6_Colorado2025.czi,Ran_ado,705.3,8797.0,14726.0,34,35,113.5,0.964,20251031_068_pol_pro_Ran_ado_2025_6_Colorado2025_x008704_y014336
Unknown_Sample,20251031_068_pol_pro_Ran_ado_2025_6_Colorado2025.czi,Ran_ado,683.75,8998.0,14686.0,33,33,111.01,0.963,20251031_068_pol_pro_Ran_ado_2025_6_Colorado2025_x008704_y014336
Unknown_Sample,20251031_068_pol_pro_Ran_ado_2025_6_Colorado2025.czi,Ran_ado,984.26,9225.0,14416.0,40,42,135.4,0.962,20251031_068_pol_pro_Ran_ado_2025_6_Colorado2025_x008704_y014336
Unknown_Sample,20251031_068_pol_pro_Ran_ado_2025_6_Colorado2025.czi,Ran_ado,700.29,8831.0,14677.0,33,35,115.6,0.962,20251031_068_pol_pro_Ran_ado_2025_6_Colorado2025_x008704_y014336
Unknown_Sample,20251031_068_pol_pro_Ran_ado_2025_6_Colorado2025.czi,Ran_ado,527.53,9305.0,14952.0,28,30,98.53,0.962,20251031_068_pol_pro_Ran_ado_2025_6_Colorado2025_x008704_y014336
Unknown_Sample,20251031_068_pol_pro_Ran_ado_2025_6_Colorado2025.czi,Ran_ado,702.22,9413.0,14867.0,33,34,113.01,0.967,20251031_068_pol_pro_Ran_ado_2025_6_Colorado2025_x009216_y014336
Unknown_Sample,20251031_068_pol_pro_Ran_ado_2025_6_Colorado2025.czi,Ran_ado,748.39,9229.0,14417.0,29,42,123.36,0.965,20251031_068_pol_pro_Ran_ado_2025_6_Colorado2025_x009216_y014336
Unknown_Sample,20251031_068_pol_pro_Ran_ado_2025_6_Colorado2025.czi,Ran_ado,528.3,9305.0,14952.0,28,30,98.53,0.962,20251031_068_pol_pro_Ran_ado_2025_6_Colorado2025_x009216_y014336
Unknown_Sample,20251031_068_pol_pro_Ran_ado_2025_6_Colorado2025.czi,Ran_ado,688.75,9443.0,14642.0,33,35,114.43,0.954,20251031_068_pol_pro_Ran_ado_2025_6_Colorado2025_x009216_y014336
Unknown_Sample,20251031_068_pol_pro_Ran_ado_2025_6_Colorado2025.czi,Ran_ado,749.93,9892.0,14356.0,33,37,117.84,0.965,20251031_068_pol_pro_Ran_ado_2025_6_Colorado2025_x009728_y014336
Unknown_Sample,20251031_068_pol_pro_Ran_ado_2025_6_Colorado2025.czi,Ran_ado,921.93,10271.0,14413.0,40,39,129.4,0.964,20251031_068_pol_pro_Ran_ado_2025_6_Colorado2025_x009728_y014336
Unknown_Sample,20251031_068_pol_pro_Ran_ado_2025_6_Colorado2025.czi,Ran_ado,910.38,10701.0,14420.0,37,40,128.91,0.965,20251031_068_pol_pro_Ran_ado_2025_6_Colorado2025_x010240_y014336
Unknown_Sample,20251031_068_pol_pro_Ran_ado_2025_6_Colorado2025.czi,Ran_ado,748.39,10705.0,14581.0,35,36,118.67,0.965,20251031_068_pol_pro_Ran_ado_2025_6_Colorado2025_x010240_y014336
Unknown_Sample,20251031_068_pol_pro_Ran_ado_2025_6_Colorado2025.czi,Ran_ado,933.47,10271.0,14413.0,41,39,130.23,0.964,20251031_068_pol_pro_Ran_ado_2025_6_Colorado2025_x010240_y014336
Unknown_Sample,20251031_068_pol_pro_Ran_ado_2025_6_Colorado2025.czi,Ran_ado,753.01,10415.0,14563.0,36,36,117.15,0.963,20251031_068_pol_pro_Ran_ado_2025_6_Colorado2025_x010240_y014336
Unknown_Sample,20251031_068_pol_pro_Ran_ado_2025_6_Colorado2025.czi,Ran_ado,716.45,11277.0,14434.0,33,36,115.25,0.963,20251031_068_pol_pro_Ran_ado_2025_6_Colorado2025_x010752_y014336
Unknown_Sample,20251031_068_pol_pro_Ran_ado_2025_6_Colorado2025.czi,Ran_ado,508.67,11112.0,14901.0,29,30,98.77,0.94,20251031_068_pol_pro_Ran_ado_2025_6_Colorado2025_x010752_y014336
Unknown_Sample,20251031_068_pol_pro_Ran_ado_2025_6_Colorado2025.czi,Ran_ado,674.9,11278.0,14434.0,30,36,113.94,0.968,20251031_068_pol_pro_Ran_ado_2025_6_Colorado2025_x011264_y014336
Unknown_Sample,20251031_068_pol_pro_Ran_ado_2025_6_Colorado2025.czi,Ran_ado,818.8,11442.0,14749.0,35,39,124.08,0.962,20251031_068_pol_pro_Ran_ado_2025_6_Colorado2025_x011264_y014336
Unknown_Sample,20251031_068_pol_pro_Ran_ado_2025_6_Colorado2025.czi,Ran_ado,407.48,11680.0,14965.0,30,21,90.38,0.935,20251031_068_pol_pro_Ran_ado_2025_6_Colorado2025_x011264_y014336
Unknown_Sample,20251031_068_pol_pro_Ran_ado_2025_6_Colorado2025.czi,Ran_ado,961.94,12252.0,14407.0,38,43,133.4,0.963,20251031_068_pol_pro_Ran_ado_2025_6_Colorado2025_x011776_y014336
Unknown_Sample,20251031_068_pol_pro_Ran_ado_2025_6_Colorado2025.czi,Ran_ado,717.99,12039.0,14403.0,31,37,114.43,0.962,20251031_068_pol_pro_Ran_ado_2025_6_Colorado2025_x011776_y014336
Unknown_Sample,20251031_068_pol_pro_Ran_ado_2025_6_Colorado2025.czi,Ran_ado,881.91,12681.0,14382.0,36,39,126.08,0.965,20251031_068_pol_pro_Ran_ado_2025_6_Colorado2025_x012288_y014336
Unknown_Sample,20251031_068_pol_pro_Ran_ado_2025_6_Colorado2025.czi,Ran_ado,545.23,12631.0,14450.0,31,29,101.36,0.953,20251031_068_pol_pro_Ran_ado_2025_6_Colorado2025_x012288_y014336
Unknown_Sample,20251031_068_pol_pro_Ran_ado_2025_6_Colorado2025.czi,Ran_ado,452.11,13138.0,14849.0,28,27,91.36,0.956,20251031_068_pol_pro_Ran_ado_2025_6_Colorado2025_x012800_y014336
Unknown_Sample,20251031_068_pol_pro_Ran_ado_2025_6_Colorado2025.czi,Ran_ado,511.75,13071.0,14775.0,29,30,97.6,0.956,20251031_068_pol_pro_Ran_ado_2025_6_Colorado2025_x012800_y014336
Unknown_Sample,20251031_068_pol_pro_Ran_ado_2025_6_Colorado2025.czi,Ran_ado,371.31,13065.0,14967.0,35,18,92.04,0.908,20251031_068_pol_pro_Ran_ado_2025_6_Colorado2025_x012800_y014336
Unknown_Sample,20251031_068_pol_pro_Ran_ado_2025_6_Colorado2025.czi,Ran_ado,707.99,13834.0,14737.0,34,34,115.6,0.956,20251031_068_pol_pro_Ran_ado_2025_6_Colorado2025_x013312_y014336
Unknown_Sample,20251031_068_pol_pro_Ran_ado_2025_6_Colorado2025.czi,Ran_ado,843.05,14053.0,14639.0,36,39,124.33,0.968,20251031_068_pol_pro_Ran_ado_2025_6_Colorado2025_x013824_y014336
Unknown_Sample,20251031_068_pol_pro_Ran_ado_2025_6_Colorado2025.czi,Ran_ado,578.7,13836.0,14737.0,27,34,107.46,0.966,20251031_068_pol_pro_Ran_ado_2025_6_Colorado2025_x013824_y014336
Unknown_Sample,20251031_068_pol_pro_Ran_ado_2025_6_Colorado2025.czi,Ran_ado,556.77,15323.0,14891.0,29,32,102.18,0.962,20251031_068_pol_pro_Ran_ado_2025_6_Colorado2025_x014848_y014336
Unknown_Sample,20251031_068_pol_pro_Ran_ado_2025_6_Colorado2025.czi,Ran_ado,475.2,15467.0,14600.0,28,29,93.01,0.954,20251031_068_pol_pro_Ran_ado_2025_6_Colorado2025_x014848_y014336
Unknown_Sample,20251031_068_pol_pro_Ran_ado_2025_6_Colorado2025.czi,Ran_ado,471.74,15467.0,14600.0,28,29,93.6,0.955,20251031_068_pol_pro_Ran_ado_2025_6_Colorado2025_x015360_y014336
Unknown_Sample,20251031_068_pol_pro_Ran_ado_2025_6_Colorado2025.czi,Ran_ado,689.52,15516.0,14953.0,35,37,115.4,0.943,20251031_068_pol_pro_Ran_ado_2025_6_Colorado2025_x015360_y014336
Unknown_Sample,20251031_068_pol_pro_Ran_ado_2025_6_Colorado2025.czi,Ran_ado,510.98,16114.0,14364.0,28,30,96.77,0.961,20251031_068_pol_pro_Ran_ado_2025_6_Colorado2025_x015872_y014336
Unknown_Sample,20251031_068_pol_pro_Ran_ado_2025_6_Colorado2025.czi,Ran_ado,272.04,3155.0,15063.0,32,15,81.21,0.936,20251031_068_pol_pro_Ran_ado_2025_6_Colorado2025_x002560_y014848
Unknown_Sample,20251031_068_pol_pro_Ran_ado_2025_6_Colorado2025.czi,Ran_ado,340.91,2840.0,15152.0,21,27,81.46,0.933,20251031_068_pol_pro_Ran_ado_2025_6_Colorado2025_x002560_y014848
Unknown_Sample,20251031_068_pol_pro_Ran_ado_2025_6_Colorado2025.czi,Ran_ado,272.81,3155.0,15063.0,32,15,81.21,0.936,20251031_068_pol_pro_Ran_ado_2025_6_Colorado2025_x003072_y014848
Unknown_Sample,20251031_068_pol_pro_Ran_ado_2025_6_Colorado2025.czi,Ran_ado,717.22,3742.0,15257.0,36,34,117.25,0.962,20251031_068_pol_pro_Ran_ado_2025_6_Colorado2025_x003584_y014848
Unknown_Sample,20251031_068_pol_pro_Ran_ado_2025_6_Colorado2025.czi,Ran_ado,564.85,4196.0,15372.0,30,31,102.77,0.958,20251031_068_pol_pro_Ran_ado_2025_6_Colorado2025_x003584_y014848
Unknown_Sample,20251031_068_pol_pro_Ran_ado_2025_6_Colorado2025.czi,Ran_ado,602.18,4173.0,15469.0,31,31,107.7,0.953,20251031_068_pol_pro_Ran_ado_2025_6_Colorado2025_x003584_y014848
Unknown_Sample,20251031_068_pol_pro_Ran_ado_2025_6_Colorado2025.czi,Ran_ado,459.04,4063.0,15164.0,29,27,94.53,0.951,20251031_068_pol_pro_Ran_ado_2025_6_Colorado2025_x003584_y014848
Unknown_Sample,20251031_068_pol_pro_Ran_ado_2025_6_Colorado2025.czi,Ran_ado,565.24,4196.0,15372.0,30,31,103.36,0.959,20251031_068_pol_pro_Ran_ado_2025_6_Colorado2025_x004096_y014848
Unknown_Sample,20251031_068_pol_pro_Ran_ado_2025_6_Colorado2025.czi,Ran_ado,560.23,4603.0,14952.0,29,32,102.77,0.958,20251031_068_pol_pro_Ran_ado_2025_6_Colorado2025_x004096_y014848
Unknown_Sample,20251031_068_pol_pro_Ran_ado_2025_6_Colorado2025.czi,Ran_ado,601.41,4173.0,15469.0,31,31,107.7,0.953,20251031_068_pol_pro_Ran_ado_2025_6_Colorado2025_x004096_y014848
Unknown_Sample,20251031_068_pol_pro_Ran_ado_2025_6_Colorado2025.czi,Ran_ado,283.58,4653.0,15479.0,28,17,81.56,0.887,20251031_068_pol_pro_Ran_ado_2025_6_Colorado2025_x004096_y014848
Unknown_Sample,20251031_068_pol_pro_Ran_ado_2025_6_Colorado2025.czi,Ran_ado,615.64,4863.0,15109.0,31,35,106.91,0.962,20251031_068_pol_pro_Ran_ado_2025_6_Colorado2025_x004608_y014848
Unknown_Sample,20251031_068_pol_pro_Ran_ado_2025_6_Colorado2025.czi,Ran_ado,652.58,5115.0,15270.0,34,32,110.43,0.961,20251031_068_pol_pro_Ran_ado_2025_6_Colorado2025_x004608_y014848
Unknown_Sample,20251031_068_pol_pro_Ran_ado_2025_6_Colorado2025.czi,Ran_ado,330.91,5159.0,14973.0,24,25,79.94,0.938,20251031_068_pol_pro_Ran_ado_2025_6_Colorado2025_x004608_y014848
Unknown_Sample,20251031_068_pol_pro_Ran_ado_2025_6_Colorado2025.czi,Ran_ado,148.91,4612.0,14950.0,10,29,67.56,0.931,20251031_068_pol_pro_Ran_ado_2025_6_Colorado2025_x004608_y014848
Unknown_Sample,20251031_068_pol_pro_Ran_ado_2025_6_Colorado2025.czi,Ran_ado,283.58,4653.0,15479.0,28,17,81.56,0.886,20251031_068_pol_pro_Ran_ado_2025_6_Colorado2025_x004608_y014848
Unknown_Sample,20251031_068_pol_pro_Ran_ado_2025_6_Colorado2025.czi,Ran_ado,695.68,5324.0,14910.0,33,35,113.25,0.964,20251031_068_pol_pro_Ran_ado_2025_6_Colorado2025_x005120_y014848
Unknown_Sample,20251031_068_pol_pro_Ran_ado_2025_6_Colorado2025.czi,Ran_ado,509.06,5636.0,15406.0,30,28,97.36,0.957,20251031_068_pol_pro_Ran_ado_2025_6_Colorado2025_x005120_y014848
Unknown_Sample,20251031_068_pol_pro_Ran_ado_2025_6_Colorado2025.czi,Ran_ado,403.63,5498.0,15223.0,25,27,86.53,0.95,20251031_068_pol_pro_Ran_ado_2025_6_Colorado2025_x005120_y014848
Unknown_Sample,20251031_068_pol_pro_Ran_ado_2025_6_Colorado2025.czi,Ran_ado,186.62,5125.0,15269.0,13,28,69.21,0.938,20251031_068_pol_pro_Ran_ado_2025_6_Colorado2025_x005120_y014848
Unknown_Sample,20251031_068_pol_pro_Ran_ado_2025_6_Colorado2025.czi,Ran_ado,331.68,5159.0,14973.0,24,25,79.94,0.937,20251031_068_pol_pro_Ran_ado_2025_6_Colorado2025_x005120_y014848
Unknown_Sample,20251031_068_pol_pro_Ran_ado_2025_6_Colorado2025.czi,Ran_ado,642.96,6253.0,15396.0,32,34,108.67,0.959,20251031_068_pol_pro_Ran_ado_2025_6_Colorado2025_x005632_y014848
Unknown_Sample,20251031_068_pol_pro_Ran_ado_2025_6_Colorado2025.czi,Ran_ado,384.39,6007.0,14908.0,26,25,84.53,0.956,20251031_068_pol_pro_Ran_ado_2025_6_Colorado2025_x005632_y014848
Unknown_Sample,20251031_068_pol_pro_Ran_ado_2025_6_Colorado2025.czi,Ran_ado,330.52,5641.0,15407.0,19,28,82.38,0.954,20251031_068_pol_pro_Ran_ado_2025_6_Colorado2025_x005632_y014848
Unknown_Sample,20251031_068_pol_pro_Ran_ado_2025_6_Colorado2025.czi,Ran_ado,640.27,6253.0,15396.0,32,34,109.25,0.964,20251031_068_pol_pro_Ran_ado_2025_6_Colorado2025_x006144_y014848
Unknown_Sample,20251031_068_pol_pro_Ran_ado_2025_6_Colorado2025.czi,Ran_ado,315.52,6627.0,15477.0,24,20,79.31,0.929,20251031_068_pol_pro_Ran_ado_2025_6_Colorado2025_x006144_y014848
Unknown_Sample,20251031_068_pol_pro_Ran_ado_2025_6_Colorado2025.czi,Ran_ado,718.38,7193.0,15360.0,32,36,115.01,0.96,20251031_068_pol_pro_Ran_ado_2025_6_Colorado2025_x006656_y014848
Unknown_Sample,20251031_068_pol_pro_Ran_ado_2025_6_Colorado2025.czi,Ran_ado,663.74,7382.0,15049.0,33,33,111.01,0.964,20251031_068_pol_pro_Ran_ado_2025_6_Colorado2025_x007168_y014848
Unknown_Sample,20251031_068_pol_pro_Ran_ado_2025_6_Colorado2025.czi,Ran_ado,717.22,7193.0,15360.0,32,36,114.43,0.962,20251031_068_pol_pro_Ran_ado_2025_6_Colorado2025_x007168_y014848
Unknown_Sample,20251031_068_pol_pro_Ran_ado_2025_6_Colorado2025.czi,Ran_ado,533.69,7670.0,14895.0,29,30,98.18,0.961,20251031_068_pol_pro_Ran_ado_2025_6_Colorado2025_x007168_y014848
Unknown_Sample,20251031_068_pol_pro_Ran_ado_2025_6_Colorado2025.czi,Ran_ado,593.33,7317.0,15399.0,29,34,104.43,0.961,20251031_068_pol_pro_Ran_ado_2025_6_Colorado2025_x007168_y014848
Unknown_Sample,20251031_068_pol_pro_Ran_ado_2025_6_Colorado2025.czi,Ran_ado,672.59,7408.0,15342.0,33,34,110.08,0.96,20251031_068_pol_pro_Ran_ado_2025_6_Colorado2025_x007168_y014848
Unknown_Sample,20251031_068_pol_pro_Ran_ado_2025_6_Colorado2025.czi,Ran_ado,439.8,7323.0,15322.0,29,25,91.7,0.954,20251031_068_pol_pro_Ran_ado_2025_6_Colorado2025_x007168_y014848
Unknown_Sample,20251031_068_pol_pro_Ran_ado_2025_6_Colorado2025.czi,Ran_ado,744.54,8142.0,15307.0,33,37,116.67,0.966,20251031_068_pol_pro_Ran_ado_2025_6_Colorado2025_x007680_y014848
Unknown_Sample,20251031_068_pol_pro_Ran_ado_2025_6_Colorado2025.czi,Ran_ado,280.12,8427.0,14886.0,27,17,74.63,0.943,20251031_068_pol_pro_Ran_ado_2025_6_Colorado2025_x008192_y014848
Unknown_Sample,20251031_068_pol_pro_Ran_ado_2025_6_Colorado2025.czi,Ran_ado,526.37,9305.0,14952.0,28,30,99.11,0.961,20251031_068_pol_pro_Ran_ado_2025_6_Colorado2025_x008704_y014848
Unknown_Sample,20251031_068_pol_pro_Ran_ado_2025_6_Colorado2025.czi,Ran_ado,702.6,9413.0,14867.0,33,34,113.6,0.967,20251031_068_pol_pro_Ran_ado_2025_6_Colorado2025_x009216_y014848
Unknown_Sample,20251031_068_pol_pro_Ran_ado_2025_6_Colorado2025.czi,Ran_ado,526.37,9305.0,14952.0,28,30,99.11,0.961,20251031_068_pol_pro_Ran_ado_2025_6_Colorado2025_x009216_y014848
Unknown_Sample,20251031_068_pol_pro_Ran_ado_2025_6_Colorado2025.czi,Ran_ado,644.5,10827.0,15058.0,31,34,109.01,0.967,20251031_068_pol_pro_Ran_ado_2025_6_Colorado2025_x010240_y014848
Unknown_Sample,20251031_068_pol_pro_Ran_ado_2025_6_Colorado2025.czi,Ran_ado,660.28,10430.0,15074.0,33,33,109.25,0.964,20251031_068_pol_pro_Ran_ado_2025_6_Colorado2025_x010240_y014848
Unknown_Sample,20251031_068_pol_pro_Ran_ado_2025_6_Colorado2025.czi,Ran_ado,412.87,10725.0,15357.0,25,27,86.53,0.954,20251031_068_pol_pro_Ran_ado_2025_6_Colorado2025_x010240_y014848
Unknown_Sample,20251031_068_pol_pro_Ran_ado_2025_6_Colorado2025.czi,Ran_ado,646.42,10827.0,15058.0,31,34,108.43,0.966,20251031_068_pol_pro_Ran_ado_2025_6_Colorado2025_x010752_y014848
Unknown_Sample,20251031_068_pol_pro_Ran_ado_2025_6_Colorado2025.czi,Ran_ado,509.06,11112.0,14901.0,29,30,100.18,0.94,20251031_068_pol_pro_Ran_ado_2025_6_Colorado2025_x010752_y014848
Unknown_Sample,20251031_068_pol_pro_Ran_ado_2025_6_Colorado2025.czi,Ran_ado,379.39,11315.0,15213.0,30,21,86.28,0.935,20251031_068_pol_pro_Ran_ado_2025_6_Colorado2025_x010752_y014848
Unknown_Sample,20251031_068_pol_pro_Ran_ado_2025_6_Colorado2025.czi,Ran_ado,637.19,11680.0,14971.0,30,35,107.25,0.959,20251031_068_pol_pro_Ran_ado_2025_6_Colorado2025_x011264_y014848
Unknown_Sample,20251031_068_pol_pro_Ran_ado_2025_6_Colorado2025.czi,Ran_ado,377.85,11315.0,15213.0,30,21,86.28,0.935,20251031_068_pol_pro_Ran_ado_2025_6_Colorado2025_x011264_y014848
Unknown_Sample,20251031_068_pol_pro_Ran_ado_2025_6_Colorado2025.czi,Ran_ado,868.44,13065.0,14977.0,36,38,127.01,0.965,20251031_068_pol_pro_Ran_ado_2025_6_Colorado2025_x012800_y014848
Unknown_Sample,20251031_068_pol_pro_Ran_ado_2025_6_Colorado2025.czi,Ran_ado,240.49,13139.0,14855.0,28,15,73.21,0.954,20251031_068_pol_pro_Ran_ado_2025_6_Colorado2025_x012800_y014848
Unknown_Sample,20251031_068_pol_pro_Ran_ado_2025_6_Colorado2025.czi,Ran_ado,556.77,15323.0,14891.0,29,32,102.18,0.963,20251031_068_pol_pro_Ran_ado_2025_6_Colorado2025_x014848_y014848
Unknown_Sample,20251031_068_pol_pro_Ran_ado_2025_6_Colorado2025.czi,Ran_ado,690.29,15516.0,14953.0,36,36,115.4,0.944,20251031_068_pol_pro_Ran_ado_2025_6_Colorado2025_x015360_y014848
Unknown_Sample,20251031_068_pol_pro_Ran_ado_2025_6_Colorado2025.czi,Ran_ado,458.27,16122.0,15192.0,29,26,92.53,0.957,20251031_068_pol_pro_Ran_ado_2025_6_Colorado2025_x015872_y014848
Unknown_Sample,20251031_068_pol_pro_Ran_ado_2025_6_Colorado2025.czi,Ran_ado,415.94,16375.0,15214.0,24,29,88.53,0.957,20251031_068_pol_pro_Ran_ado_2025_6_Colorado2025_x015872_y014848
Unknown_Sample,20251031_068_pol_pro_Ran_ado_2025_6_Colorado2025.czi,Ran_ado,529.45,3238.0,15531.0,31,30,100.43,0.956,20251031_068_pol_pro_Ran_ado_2025_6_Colorado2025_x003072_y015360
Unknown_Sample,20251031_068_pol_pro_Ran_ado_2025_6_Colorado2025.czi,Ran_ado,397.86,3576.0,15930.0,25,26,86.28,0.955,20251031_068_pol_pro_Ran_ado_2025_6_Colorado2025_x003072_y015360
Unknown_Sample,20251031_068_pol_pro_Ran_ado_2025_6_Colorado2025.czi,Ran_ado,419.41,3389.0,15824.0,28,27,90.77,0.946,20251031_068_pol_pro_Ran_ado_2025_6_Colorado2025_x003072_y015360
Unknown_Sample,20251031_068_pol_pro_Ran_ado_2025_6_Colorado2025.czi,Ran_ado,262.8,3396.0,15945.0,26,18,74.04,0.939,20251031_068_pol_pro_Ran_ado_2025_6_Colorado2025_x003072_y015360
Unknown_Sample,20251031_068_pol_pro_Ran_ado_2025_6_Colorado2025.czi,Ran_ado,522.91,4196.0,15373.0,30,28,100.87,0.962,20251031_068_pol_pro_Ran_ado_2025_6_Colorado2025_x003584_y015360
Unknown_Sample,20251031_068_pol_pro_Ran_ado_2025_6_Colorado2025.czi,Ran_ado,595.63,4173.0,15469.0,31,31,107.11,0.958,20251031_068_pol_pro_Ran_ado_2025_6_Colorado2025_x003584_y015360
Unknown_Sample,20251031_068_pol_pro_Ran_ado_2025_6_Colorado2025.czi,Ran_ado,546.77,3862.0,15768.0,27,35,101.84,0.954,20251031_068_pol_pro_Ran_ado_2025_6_Colorado2025_x003584_y015360
Unknown_Sample,20251031_068_pol_pro_Ran_ado_2025_6_Colorado2025.czi,Ran_ado,326.68,4214.0,15762.0,19,28,82.38,0.921,20251031_068_pol_pro_Ran_ado_2025_6_Colorado2025_x003584_y015360
Unknown_Sample,20251031_068_pol_pro_Ran_ado_2025_6_Colorado2025.czi,Ran_ado,522.91,4196.0,15373.0,30,28,100.87,0.962,20251031_068_pol_pro_Ran_ado_2025_6_Colorado2025_x004096_y015360
Unknown_Sample,20251031_068_pol_pro_Ran_ado_2025_6_Colorado2025.czi,Ran_ado,503.67,4219.0,15762.0,30,28,96.18,0.96,20251031_068_pol_pro_Ran_ado_2025_6_Colorado2025_x004096_y015360
Unknown_Sample,20251031_068_pol_pro_Ran_ado_2025_6_Colorado2025.czi,Ran_ado,594.86,4173.0,15469.0,31,31,107.11,0.958,20251031_068_pol_pro_Ran_ado_2025_6_Colorado2025_x004096_y015360
Unknown_Sample,20251031_068_pol_pro_Ran_ado_2025_6_Colorado2025.czi,Ran_ado,384.01,4315.0,15490.0,26,26,84.77,0.948,20251031_068_pol_pro_Ran_ado_2025_6_Colorado2025_x004096_y015360
Unknown_Sample,20251031_068_pol_pro_Ran_ado_2025_6_Colorado2025.czi,Ran_ado,456.35,4654.0,15484.0,27,28,93.94,0.946,20251031_068_pol_pro_Ran_ado_2025_6_Colorado2025_x004096_y015360
Unknown_Sample,20251031_068_pol_pro_Ran_ado_2025_6_Colorado2025.czi,Ran_ado,550.23,4436.0,15544.0,29,32,101.6,0.945,20251031_068_pol_pro_Ran_ado_2025_6_Colorado2025_x004096_y015360
Unknown_Sample,20251031_068_pol_pro_Ran_ado_2025_6_Colorado2025.czi,Ran_ado,456.35,4654.0,15484.0,27,28,93.94,0.946,20251031_068_pol_pro_Ran_ado_2025_6_Colorado2025_x004608_y015360
Unknown_Sample,20251031_068_pol_pro_Ran_ado_2025_6_Colorado2025.czi,Ran_ado,249.34,4771.0,15656.0,23,21,72.28,0.777,20251031_068_pol_pro_Ran_ado_2025_6_Colorado2025_x004608_y015360
Unknown_Sample,20251031_068_pol_pro_Ran_ado_2025_6_Colorado2025.czi,Ran_ado,694.91,5734.0,15801.0,34,33,111.25,0.965,20251031_068_pol_pro_Ran_ado_2025_6_Colorado2025_x005120_y015360
Unknown_Sample,20251031_068_pol_pro_Ran_ado_2025_6_Colorado2025.czi,Ran_ado,454.04,5280.0,15598.0,30,25,91.94,0.959,20251031_068_pol_pro_Ran_ado_2025_6_Colorado2025_x005120_y015360
Unknown_Sample,20251031_068_pol_pro_Ran_ado_2025_6_Colorado2025.czi,Ran_ado,448.65,5573.0,15807.0,31,24,91.94,0.958,20251031_068_pol_pro_Ran_ado_2025_6_Colorado2025_x005120_y015360
Unknown_Sample,20251031_068_pol_pro_Ran_ado_2025_6_Colorado2025.czi,Ran_ado,529.45,5277.0,15514.0,31,29,98.43,0.958,20251031_068_pol_pro_Ran_ado_2025_6_Colorado2025_x005120_y015360
Unknown_Sample,20251031_068_pol_pro_Ran_ado_2025_6_Colorado2025.czi,Ran_ado,506.75,5636.0,15406.0,30,28,97.36,0.957,20251031_068_pol_pro_Ran_ado_2025_6_Colorado2025_x005120_y015360
Unknown_Sample,20251031_068_pol_pro_Ran_ado_2025_6_Colorado2025.czi,Ran_ado,232.41,5754.0,15632.0,12,35,81.8,0.874,20251031_068_pol_pro_Ran_ado_2025_6_Colorado2025_x005120_y015360
Unknown_Sample,20251031_068_pol_pro_Ran_ado_2025_6_Colorado2025.czi,Ran_ado,695.29,5734.0,15801.0,34,33,111.84,0.965,20251031_068_pol_pro_Ran_ado_2025_6_Colorado2025_x005632_y015360
Unknown_Sample,20251031_068_pol_pro_Ran_ado_2025_6_Colorado2025.czi,Ran_ado,554.85,5963.0,15820.0,30,30,100.77,0.964,20251031_068_pol_pro_Ran_ado_2025_6_Colorado2025_x005632_y015360
Unknown_Sample,20251031_068_pol_pro_Ran_ado_2025_6_Colorado2025.czi,Ran_ado,716.07,5972.0,15518.0,33,36,115.84,0.964,20251031_068_pol_pro_Ran_ado_2025_6_Colorado2025_x005632_y015360
Unknown_Sample,20251031_068_pol_pro_Ran_ado_2025_6_Colorado2025.czi,Ran_ado,639.5,5762.0,15631.0,31,36,110.08,0.961,20251031_068_pol_pro_Ran_ado_2025_6_Colorado2025_x005632_y015360
Unknown_Sample,20251031_068_pol_pro_Ran_ado_2025_6_Colorado2025.czi,Ran_ado,642.96,6253.0,15396.0,32,34,108.67,0.959,20251031_068_pol_pro_Ran_ado_2025_6_Colorado2025_x005632_y015360
Unknown_Sample,20251031_068_pol_pro_Ran_ado_2025_6_Colorado2025.czi,Ran_ado,328.6,5641.0,15407.0,19,28,81.8,0.955,20251031_068_pol_pro_Ran_ado_2025_6_Colorado2025_x005632_y015360
Unknown_Sample,20251031_068_pol_pro_Ran_ado_2025_6_Colorado2025.czi,Ran_ado,639.11,6253.0,15396.0,32,34,108.67,0.964,20251031_068_pol_pro_Ran_ado_2025_6_Colorado2025_x006144_y015360
Unknown_Sample,20251031_068_pol_pro_Ran_ado_2025_6_Colorado2025.czi,Ran_ado,766.09,6620.0,15721.0,36,35,118.67,0.963,20251031_068_pol_pro_Ran_ado_2025_6_Colorado2025_x006144_y015360
Unknown_Sample,20251031_068_pol_pro_Ran_ado_2025_6_Colorado2025.czi,Ran_ado,527.53,6705.0,15756.0,30,29,99.36,0.962,20251031_068_pol_pro_Ran_ado_2025_6_Colorado2025_x006144_y015360
Unknown_Sample,20251031_068_pol_pro_Ran_ado_2025_6_Colorado2025.czi,Ran_ado,375.93,6627.0,15479.0,24,26,83.7,0.957,20251031_068_pol_pro_Ran_ado_2025_6_Colorado2025_x006144_y015360
Unknown_Sample,20251031_068_pol_pro_Ran_ado_2025_6_Colorado2025.czi,Ran_ado,339.37,6293.0,15754.0,28,23,83.94,0.944,20251031_068_pol_pro_Ran_ado_2025_6_Colorado2025_x006144_y015360
Unknown_Sample,20251031_068_pol_pro_Ran_ado_2025_6_Colorado2025.czi,Ran_ado,678.75,7251.0,15577.0,32,35,112.43,0.967,20251031_068_pol_pro_Ran_ado_2025_6_Colorado2025_x006656_y015360
Unknown_Sample,20251031_068_pol_pro_Ran_ado_2025_6_Colorado2025.czi,Ran_ado,534.45,7059.0,15916.0,29,30,99.36,0.962,20251031_068_pol_pro_Ran_ado_2025_6_Colorado2025_x006656_y015360
Unknown_Sample,20251031_068_pol_pro_Ran_ado_2025_6_Colorado2025.czi,Ran_ado,713.76,7182.0,15973.0,34,35,113.5,0.961,20251031_068_pol_pro_Ran_ado_2025_6_Colorado2025_x006656_y015360
Unknown_Sample,20251031_068_pol_pro_Ran_ado_2025_6_Colorado2025.czi,Ran_ado,527.53,6705.0,15756.0,30,29,99.36,0.961,20251031_068_pol_pro_Ran_ado_2025_6_Colorado2025_x006656_y015360
Unknown_Sample,20251031_068_pol_pro_Ran_ado_2025_6_Colorado2025.czi,Ran_ado,429.03,7084.0,15512.0,26,28,89.36,0.954,20251031_068_pol_pro_Ran_ado_2025_6_Colorado2025_x006656_y015360
Unknown_Sample,20251031_068_pol_pro_Ran_ado_2025_6_Colorado2025.czi,Ran_ado,338.22,7192.0,15368.0,32,18,86.04,0.95,20251031_068_pol_pro_Ran_ado_2025_6_Colorado2025_x006656_y015360
Unknown_Sample,20251031_068_pol_pro_Ran_ado_2025_6_Colorado2025.czi,Ran_ado,286.66,7088.0,15830.0,21,23,74.04,0.832,20251031_068_pol_pro_Ran_ado_2025_6_Colorado2025_x006656_y015360
Unknown_Sample,20251031_068_pol_pro_Ran_ado_2025_6_Colorado2025.czi,Ran_ado,665.66,7642.0,15627.0,32,34,110.43,0.967,20251031_068_pol_pro_Ran_ado_2025_6_Colorado2025_x007168_y015360
Unknown_Sample,20251031_068_pol_pro_Ran_ado_2025_6_Colorado2025.czi,Ran_ado,691.83,7251.0,15577.0,32,36,113.25,0.967,20251031_068_pol_pro_Ran_ado_2025_6_Colorado2025_x007168_y015360
Unknown_Sample,20251031_068_pol_pro_Ran_ado_2025_6_Colorado2025.czi,Ran_ado,679.13,7683.0,15611.0,32,36,111.5,0.963,20251031_068_pol_pro_Ran_ado_2025_6_Colorado2025_x007168_y015360
Unknown_Sample,20251031_068_pol_pro_Ran_ado_2025_6_Colorado2025.czi,Ran_ado,674.9,7183.0,15973.0,31,35,111.6,0.963,20251031_068_pol_pro_Ran_ado_2025_6_Colorado2025_x007168_y015360
Unknown_Sample,20251031_068_pol_pro_Ran_ado_2025_6_Colorado2025.czi,Ran_ado,594.1,7317.0,15399.0,29,34,104.43,0.961,20251031_068_pol_pro_Ran_ado_2025_6_Colorado2025_x007168_y015360
Unknown_Sample,20251031_068_pol_pro_Ran_ado_2025_6_Colorado2025.czi,Ran_ado,338.22,7192.0,15368.0,32,18,86.04,0.95,20251031_068_pol_pro_Ran_ado_2025_6_Colorado2025_x007168_y015360
Unknown_Sample,20251031_068_pol_pro_Ran_ado_2025_6_Colorado2025.czi,Ran_ado,636.81,7915.0,15704.0,30,35,109.01,0.965,20251031_068_pol_pro_Ran_ado_2025_6_Colorado2025_x007680_y015360
Unknown_Sample,20251031_068_pol_pro_Ran_ado_2025_6_Colorado2025.czi,Ran_ado,393.63,7688.0,15611.0,19,36,94.87,0.955,20251031_068_pol_pro_Ran_ado_2025_6_Colorado2025_x007680_y015360
Unknown_Sample,20251031_068_pol_pro_Ran_ado_2025_6_Colorado2025.czi,Ran_ado,619.88,9260.0,15833.0,29,34,107.36,0.963,20251031_068_pol_pro_Ran_ado_2025_6_Colorado2025_x008704_y015360
Unknown_Sample,20251031_068_pol_pro_Ran_ado_2025_6_Colorado2025.czi,Ran_ado,701.06,9140.0,15944.0,34,34,113.25,0.962,20251031_068_pol_pro_Ran_ado_2025_6_Colorado2025_x008704_y015360
Unknown_Sample,20251031_068_pol_pro_Ran_ado_2025_6_Colorado2025.czi,Ran_ado,621.8,9260.0,15833.0,29,34,106.77,0.962,20251031_068_pol_pro_Ran_ado_2025_6_Colorado2025_x009216_y015360
Unknown_Sample,20251031_068_pol_pro_Ran_ado_2025_6_Colorado2025.czi,Ran_ado,409.02,9846.0,15888.0,20,33,93.21,0.929,20251031_068_pol_pro_Ran_ado_2025_6_Colorado2025_x009216_y015360
Unknown_Sample,20251031_068_pol_pro_Ran_ado_2025_6_Colorado2025.czi,Ran_ado,814.96,9854.0,15888.0,40,34,121.74,0.963,20251031_068_pol_pro_Ran_ado_2025_6_Colorado2025_x009728_y015360
Unknown_Sample,20251031_068_pol_pro_Ran_ado_2025_6_Colorado2025.czi,Ran_ado,803.03,10423.0,15572.0,39,35,122.33,0.964,20251031_068_pol_pro_Ran_ado_2025_6_Colorado2025_x010240_y015360
Unknown_Sample,20251031_068_pol_pro_Ran_ado_2025_6_Colorado2025.czi,Ran_ado,136.98,10724.0,15365.0,25,11,60.97,0.941,20251031_068_pol_pro_Ran_ado_2025_6_Colorado2025_x010240_y015360
Unknown_Sample,20251031_068_pol_pro_Ran_ado_2025_6_Colorado2025.czi,Ran_ado,672.2,11737.0,15681.0,32,34,111.01,0.962,20251031_068_pol_pro_Ran_ado_2025_6_Colorado2025_x011264_y015360
Unknown_Sample,20251031_068_pol_pro_Ran_ado_2025_6_Colorado2025.czi,Ran_ado,779.94,14254.0,15822.0,33,38,118.67,0.963,20251031_068_pol_pro_Ran_ado_2025_6_Colorado2025_x013824_y015360
Unknown_Sample,20251031_068_pol_pro_Ran_ado_2025_6_Colorado2025.czi,Ran_ado,383.62,14307.0,15704.0,26,25,84.53,0.952,20251031_068_pol_pro_Ran_ado_2025_6_Colorado2025_x013824_y015360
Unknown_Sample,20251031_068_pol_pro_Ran_ado_2025_6_Colorado2025.czi,Ran_ado,114.28,13959.0,15957.0,14,14,47.9,0.919,20251031_068_pol_pro_Ran_ado_2025_6_Colorado2025_x013824_y015360
Unknown_Sample,20251031_068_pol_pro_Ran_ado_2025_6_Colorado2025.czi,Ran_ado,464.04,15934.0,15530.0,27,29,92.77,0.954,20251031_068_pol_pro_Ran_ado_2025_6_Colorado2025_x015360_y015360
Unknown_Sample,20251031_068_pol_pro_Ran_ado_2025_6_Colorado2025.czi,Ran_ado,464.81,15934.0,15530.0,27,29,92.77,0.954,20251031_068_pol_pro_Ran_ado_2025_6_Colorado2025_x015872_y015360
Unknown_Sample,20251031_068_pol_pro_Ran_ado_2025_6_Colorado2025.czi,Ran_ado,397.86,3576.0,15930.0,25,26,86.28,0.956,20251031_068_pol_pro_Ran_ado_2025_6_Colorado2025_x003072_y015872
Unknown_Sample,20251031_068_pol_pro_Ran_ado_2025_6_Colorado2025.czi,Ran_ado,285.5,3693.0,16143.0,21,22,73.8,0.954,20251031_068_pol_pro_Ran_ado_2025_6_Colorado2025_x003072_y015872
Unknown_Sample,20251031_068_pol_pro_Ran_ado_2025_6_Colorado2025.czi,Ran_ado,462.89,3412.0,16087.0,29,27,94.53,0.952,20251031_068_pol_pro_Ran_ado_2025_6_Colorado2025_x003072_y015872
Unknown_Sample,20251031_068_pol_pro_Ran_ado_2025_6_Colorado2025.czi,Ran_ado,262.8,3396.0,15945.0,26,18,74.04,0.938,20251031_068_pol_pro_Ran_ado_2025_6_Colorado2025_x003072_y015872
Unknown_Sample,20251031_068_pol_pro_Ran_ado_2025_6_Colorado2025.czi,Ran_ado,287.04,3693.0,16143.0,22,22,74.63,0.953,20251031_068_pol_pro_Ran_ado_2025_6_Colorado2025_x003584_y015872
Unknown_Sample,20251031_068_pol_pro_Ran_ado_2025_6_Colorado2025.czi,Ran_ado,699.52,4429.0,16398.0,37,32,112.91,0.959,20251031_068_pol_pro_Ran_ado_2025_6_Colorado2025_x004096_y015872
Unknown_Sample,20251031_068_pol_pro_Ran_ado_2025_6_Colorado2025.czi,Ran_ado,618.72,5202.0,16463.0,35,31,106.91,0.958,20251031_068_pol_pro_Ran_ado_2025_6_Colorado2025_x004608_y015872
Unknown_Sample,20251031_068_pol_pro_Ran_ado_2025_6_Colorado2025.czi,Ran_ado,590.63,4986.0,16251.0,33,32,106.67,0.957,20251031_068_pol_pro_Ran_ado_2025_6_Colorado2025_x004608_y015872
Unknown_Sample,20251031_068_pol_pro_Ran_ado_2025_6_Colorado2025.czi,Ran_ado,468.27,5024.0,16100.0,28,27,93.7,0.956,20251031_068_pol_pro_Ran_ado_2025_6_Colorado2025_x004608_y015872
Unknown_Sample,20251031_068_pol_pro_Ran_ado_2025_6_Colorado2025.czi,Ran_ado,618.72,5202.0,16463.0,35,31,106.91,0.958,20251031_068_pol_pro_Ran_ado_2025_6_Colorado2025_x005120_y015872
Unknown_Sample,20251031_068_pol_pro_Ran_ado_2025_6_Colorado2025.czi,Ran_ado,300.51,5307.0,16003.0,28,18,78.04,0.94,20251031_068_pol_pro_Ran_ado_2025_6_Colorado2025_x005120_y015872
Unknown_Sample,20251031_068_pol_pro_Ran_ado_2025_6_Colorado2025.czi,Ran_ado,303.2,5750.0,16084.0,19,26,78.97,0.912,20251031_068_pol_pro_Ran_ado_2025_6_Colorado2025_x005120_y015872
Unknown_Sample,20251031_068_pol_pro_Ran_ado_2025_6_Colorado2025.czi,Ran_ado,507.91,5756.0,16084.0,31,27,97.94,0.95,20251031_068_pol_pro_Ran_ado_2025_6_Colorado2025_x005632_y015872
Unknown_Sample,20251031_068_pol_pro_Ran_ado_2025_6_Colorado2025.czi,Ran_ado,574.47,6286.0,16497.0,30,29,105.21,0.952,20251031_068_pol_pro_Ran_ado_2025_6_Colorado2025_x006144_y015872
Unknown_Sample,20251031_068_pol_pro_Ran_ado_2025_6_Colorado2025.czi,Ran_ado,552.54,6658.0,16246.0,29,32,101.6,0.939,20251031_068_pol_pro_Ran_ado_2025_6_Colorado2025_x006144_y015872
Unknown_Sample,20251031_068_pol_pro_Ran_ado_2025_6_Colorado2025.czi,Ran_ado,534.45,7059.0,15916.0,29,30,99.36,0.963,20251031_068_pol_pro_Ran_ado_2025_6_Colorado2025_x006656_y015872
Unknown_Sample,20251031_068_pol_pro_Ran_ado_2025_6_Colorado2025.czi,Ran_ado,700.68,6922.0,16265.0,33,35,113.84,0.963,20251031_068_pol_pro_Ran_ado_2025_6_Colorado2025_x006656_y015872
Unknown_Sample,20251031_068_pol_pro_Ran_ado_2025_6_Colorado2025.czi,Ran_ado,711.84,7182.0,15973.0,34,35,112.91,0.961,20251031_068_pol_pro_Ran_ado_2025_6_Colorado2025_x006656_y015872
Unknown_Sample,20251031_068_pol_pro_Ran_ado_2025_6_Colorado2025.czi,Ran_ado,305.9,6663.0,16245.0,16,32,85.56,0.933,20251031_068_pol_pro_Ran_ado_2025_6_Colorado2025_x006656_y015872
Unknown_Sample,20251031_068_pol_pro_Ran_ado_2025_6_Colorado2025.czi,Ran_ado,690.29,7183.0,15973.0,32,35,113.6,0.964,20251031_068_pol_pro_Ran_ado_2025_6_Colorado2025_x007168_y015872
Unknown_Sample,20251031_068_pol_pro_Ran_ado_2025_6_Colorado2025.czi,Ran_ado,607.18,7471.0,16080.0,29,35,105.25,0.961,20251031_068_pol_pro_Ran_ado_2025_6_Colorado2025_x007168_y015872
Unknown_Sample,20251031_068_pol_pro_Ran_ado_2025_6_Colorado2025.czi,Ran_ado,550.23,7439.0,16106.0,27,34,102.77,0.961,20251031_068_pol_pro_Ran_ado_2025_6_Colorado2025_x007168_y015872
Unknown_Sample,20251031_068_pol_pro_Ran_ado_2025_6_Colorado2025.czi,Ran_ado,614.1,7581.0,16371.0,30,35,108.43,0.96,20251031_068_pol_pro_Ran_ado_2025_6_Colorado2025_x007168_y015872
Unknown_Sample,20251031_068_pol_pro_Ran_ado_2025_6_Colorado2025.czi,Ran_ado,412.1,8215.0,16489.0,27,25,87.7,0.95,20251031_068_pol_pro_Ran_ado_2025_6_Colorado2025_x007680_y015872
Unknown_Sample,20251031_068_pol_pro_Ran_ado_2025_6_Colorado2025.czi,Ran_ado,850.74,8457.0,16395.0,37,39,125.15,0.963,20251031_068_pol_pro_Ran_ado_2025_6_Colorado2025_x008192_y015872
Unknown_Sample,20251031_068_pol_pro_Ran_ado_2025_6_Colorado2025.czi,Ran_ado,677.59,8415.0,16208.0,34,33,111.84,0.963,20251031_068_pol_pro_Ran_ado_2025_6_Colorado2025_x008192_y015872
Unknown_Sample,20251031_068_pol_pro_Ran_ado_2025_6_Colorado2025.czi,Ran_ado,412.1,8215.0,16489.0,27,25,87.7,0.952,20251031_068_pol_pro_Ran_ado_2025_6_Colorado2025_x008192_y015872
Unknown_Sample,20251031_068_pol_pro_Ran_ado_2025_6_Colorado2025.czi,Ran_ado,325.52,8332.0,16263.0,23,25,79.11,0.942,20251031_068_pol_pro_Ran_ado_2025_6_Colorado2025_x008192_y015872
Unknown_Sample,20251031_068_pol_pro_Ran_ado_2025_6_Colorado2025.czi,Ran_ado,288.58,8614.0,16091.0,20,23,73.8,0.767,20251031_068_pol_pro_Ran_ado_2025_6_Colorado2025_x008192_y015872
Unknown_Sample,20251031_068_pol_pro_Ran_ado_2025_6_Colorado2025.czi,Ran_ado,701.06,9140.0,15944.0,34,34,113.25,0.963,20251031_068_pol_pro_Ran_ado_2025_6_Colorado2025_x008704_y015872
Unknown_Sample,20251031_068_pol_pro_Ran_ado_2025_6_Colorado2025.czi,Ran_ado,470.97,9100.0,16304.0,30,28,96.77,0.952,20251031_068_pol_pro_Ran_ado_2025_6_Colorado2025_x008704_y015872
Unknown_Sample,20251031_068_pol_pro_Ran_ado_2025_6_Colorado2025.czi,Ran_ado,180.46,8946.0,16505.0,24,12,63.9,0.867,20251031_068_pol_pro_Ran_ado_2025_6_Colorado2025_x008704_y015872
Unknown_Sample,20251031_068_pol_pro_Ran_ado_2025_6_Colorado2025.czi,Ran_ado,455.96,9472.0,16250.0,28,28,93.36,0.956,20251031_068_pol_pro_Ran_ado_2025_6_Colorado2025_x009216_y015872
Unknown_Sample,20251031_068_pol_pro_Ran_ado_2025_6_Colorado2025.czi,Ran_ado,415.17,9846.0,15888.0,20,34,95.21,0.928,20251031_068_pol_pro_Ran_ado_2025_6_Colorado2025_x009216_y015872
Unknown_Sample,20251031_068_pol_pro_Ran_ado_2025_6_Colorado2025.czi,Ran_ado,821.88,9854.0,15888.0,40,34,122.91,0.962,20251031_068_pol_pro_Ran_ado_2025_6_Colorado2025_x009728_y015872
Unknown_Sample,20251031_068_pol_pro_Ran_ado_2025_6_Colorado2025.czi,Ran_ado,451.73,10173.0,16253.0,29,26,91.94,0.957,20251031_068_pol_pro_Ran_ado_2025_6_Colorado2025_x009728_y015872
Unknown_Sample,20251031_068_pol_pro_Ran_ado_2025_6_Colorado2025.czi,Ran_ado,199.7,11465.0,16022.0,19,19,62.04,0.937,20251031_068_pol_pro_Ran_ado_2025_6_Colorado2025_x011264_y015872
Unknown_Sample,20251031_068_pol_pro_Ran_ado_2025_6_Colorado2025.czi,Ran_ado,472.89,12091.0,16360.0,25,30,93.7,0.956,20251031_068_pol_pro_Ran_ado_2025_6_Colorado2025_x011776_y015872
Unknown_Sample,20251031_068_pol_pro_Ran_ado_2025_6_Colorado2025.czi,Ran_ado,624.88,12383.0,16140.0,30,34,106.43,0.942,20251031_068_pol_pro_Ran_ado_2025_6_Colorado2025_x011776_y015872
Unknown_Sample,20251031_068_pol_pro_Ran_ado_2025_6_Colorado2025.czi,Ran_ado,361.31,12408.0,16145.0,17,40,97.7,0.856,20251031_068_pol_pro_Ran_ado_2025_6_Colorado2025_x011776_y015872
Unknown_Sample,20251031_068_pol_pro_Ran_ado_2025_6_Colorado2025.czi,Ran_ado,658.74,12384.0,16140.0,33,34,108.91,0.943,20251031_068_pol_pro_Ran_ado_2025_6_Colorado2025_x012288_y015872
Unknown_Sample,20251031_068_pol_pro_Ran_ado_2025_6_Colorado2025.czi,Ran_ado,420.95,12468.0,16499.0,27,24,89.8,0.937,20251031_068_pol_pro_Ran_ado_2025_6_Colorado2025_x012288_y015872
Unknown_Sample,20251031_068_pol_pro_Ran_ado_2025_6_Colorado2025.czi,Ran_ado,774.17,12416.0,16146.0,34,40,120.57,0.936,20251031_068_pol_pro_Ran_ado_2025_6_Colorado2025_x012288_y015872
Unknown_Sample,20251031_068_pol_pro_Ran_ado_2025_6_Colorado2025.czi,Ran_ado,737.23,14308.0,16180.0,35,35,117.25,0.959,20251031_068_pol_pro_Ran_ado_2025_6_Colorado2025_x013824_y015872
Unknown_Sample,20251031_068_pol_pro_Ran_ado_2025_6_Colorado2025.czi,Ran_ado,113.51,13958.0,15957.0,14,14,47.9,0.921,20251031_068_pol_pro_Ran_ado_2025_6_Colorado2025_x013824_y015872
Unknown_Sample,20251031_068_pol_pro_Ran_ado_2025_6_Colorado2025.czi,Ran_ado,687.21,3475.0,16594.0,35,33,114.43,0.962,20251031_068_pol_pro_Ran_ado_2025_6_Colorado2025_x003072_y016384
Unknown_Sample,20251031_068_pol_pro_Ran_ado_2025_6_Colorado2025.czi,Ran_ado,319.36,3999.0,16932.0,28,21,78.77,0.935,20251031_068_pol_pro_Ran_ado_2025_6_Colorado2025_x003584_y016384
Unknown_Sample,20251031_068_pol_pro_Ran_ado_2025_6_Colorado2025.czi,Ran_ado,692.98,4429.0,16398.0,37,31,115.01,0.96,20251031_068_pol_pro_Ran_ado_2025_6_Colorado2025_x004096_y016384
Unknown_Sample,20251031_068_pol_pro_Ran_ado_2025_6_Colorado2025.czi,Ran_ado,482.13,4500.0,16782.0,30,26,92.18,0.958,20251031_068_pol_pro_Ran_ado_2025_6_Colorado2025_x004096_y016384
Unknown_Sample,20251031_068_pol_pro_Ran_ado_2025_6_Colorado2025.czi,Ran_ado,642.96,4818.0,16682.0,31,34,109.01,0.965,20251031_068_pol_pro_Ran_ado_2025_6_Colorado2025_x004608_y016384
Unknown_Sample,20251031_068_pol_pro_Ran_ado_2025_6_Colorado2025.czi,Ran_ado,619.49,5202.0,16463.0,35,31,106.91,0.958,20251031_068_pol_pro_Ran_ado_2025_6_Colorado2025_x004608_y016384
Unknown_Sample,20251031_068_pol_pro_Ran_ado_2025_6_Colorado2025.czi,Ran_ado,643.73,5114.0,17009.0,33,30,110.87,0.953,20251031_068_pol_pro_Ran_ado_2025_6_Colorado2025_x004608_y016384
Unknown_Sample,20251031_068_pol_pro_Ran_ado_2025_6_Colorado2025.czi,Ran_ado,336.29,5197.0,16604.0,20,26,79.8,0.944,20251031_068_pol_pro_Ran_ado_2025_6_Colorado2025_x004608_y016384
Unknown_Sample,20251031_068_pol_pro_Ran_ado_2025_6_Colorado2025.czi,Ran_ado,619.49,5202.0,16463.0,35,31,106.91,0.958,20251031_068_pol_pro_Ran_ado_2025_6_Colorado2025_x005120_y016384
Unknown_Sample,20251031_068_pol_pro_Ran_ado_2025_6_Colorado2025.czi,Ran_ado,341.3,5197.0,16604.0,20,27,81.21,0.943,20251031_068_pol_pro_Ran_ado_2025_6_Colorado2025_x005120_y016384
Unknown_Sample,20251031_068_pol_pro_Ran_ado_2025_6_Colorado2025.czi,Ran_ado,181.23,5125.0,17010.0,11,29,70.73,0.937,20251031_068_pol_pro_Ran_ado_2025_6_Colorado2025_x005120_y016384
Unknown_Sample,20251031_068_pol_pro_Ran_ado_2025_6_Colorado2025.czi,Ran_ado,629.49,6285.0,16498.0,30,33,107.94,0.966,20251031_068_pol_pro_Ran_ado_2025_6_Colorado2025_x006144_y016384
Unknown_Sample,20251031_068_pol_pro_Ran_ado_2025_6_Colorado2025.czi,Ran_ado,545.23,6640.0,16773.0,29,31,101.36,0.963,20251031_068_pol_pro_Ran_ado_2025_6_Colorado2025_x006144_y016384
Unknown_Sample,20251031_068_pol_pro_Ran_ado_2025_6_Colorado2025.czi,Ran_ado,445.96,6679.0,16559.0,25,29,92.87,0.96,20251031_068_pol_pro_Ran_ado_2025_6_Colorado2025_x006144_y016384
Unknown_Sample,20251031_068_pol_pro_Ran_ado_2025_6_Colorado2025.czi,Ran_ado,597.94,7146.0,16620.0,31,32,105.6,0.966,20251031_068_pol_pro_Ran_ado_2025_6_Colorado2025_x006656_y016384
Unknown_Sample,20251031_068_pol_pro_Ran_ado_2025_6_Colorado2025.czi,Ran_ado,738.77,6869.0,16679.0,35,36,119.25,0.963,20251031_068_pol_pro_Ran_ado_2025_6_Colorado2025_x006656_y016384
Unknown_Sample,20251031_068_pol_pro_Ran_ado_2025_6_Colorado2025.czi,Ran_ado,451.34,6679.0,16559.0,25,29,91.7,0.958,20251031_068_pol_pro_Ran_ado_2025_6_Colorado2025_x006656_y016384
Unknown_Sample,20251031_068_pol_pro_Ran_ado_2025_6_Colorado2025.czi,Ran_ado,412.1,8215.0,16489.0,27,25,87.7,0.951,20251031_068_pol_pro_Ran_ado_2025_6_Colorado2025_x007680_y016384
Unknown_Sample,20251031_068_pol_pro_Ran_ado_2025_6_Colorado2025.czi,Ran_ado,714.53,8457.0,16398.0,37,31,117.36,0.971,20251031_068_pol_pro_Ran_ado_2025_6_Colorado2025_x008192_y016384
Unknown_Sample,20251031_068_pol_pro_Ran_ado_2025_6_Colorado2025.czi,Ran_ado,469.81,8475.0,16706.0,25,31,93.36,0.957,20251031_068_pol_pro_Ran_ado_2025_6_Colorado2025_x008192_y016384
Unknown_Sample,20251031_068_pol_pro_Ran_ado_2025_6_Colorado2025.czi,Ran_ado,435.57,8689.0,16735.0,28,25,90.28,0.953,20251031_068_pol_pro_Ran_ado_2025_6_Colorado2025_x008192_y016384
Unknown_Sample,20251031_068_pol_pro_Ran_ado_2025_6_Colorado2025.czi,Ran_ado,412.87,8215.0,16489.0,27,25,87.7,0.951,20251031_068_pol_pro_Ran_ado_2025_6_Colorado2025_x008192_y016384
Unknown_Sample,20251031_068_pol_pro_Ran_ado_2025_6_Colorado2025.czi,Ran_ado,339.76,8947.0,16510.0,24,23,78.87,0.948,20251031_068_pol_pro_Ran_ado_2025_6_Colorado2025_x008704_y016384
Unknown_Sample,20251031_068_pol_pro_Ran_ado_2025_6_Colorado2025.czi,Ran_ado,599.1,9789.0,16846.0,30,33,103.84,0.961,20251031_068_pol_pro_Ran_ado_2025_6_Colorado2025_x009216_y016384
Unknown_Sample,20251031_068_pol_pro_Ran_ado_2025_6_Colorado2025.czi,Ran_ado,425.18,9775.0,16712.0,23,31,91.7,0.954,20251031_068_pol_pro_Ran_ado_2025_6_Colorado2025_x009216_y016384
Unknown_Sample,20251031_068_pol_pro_Ran_ado_2025_6_Colorado2025.czi,Ran_ado,490.59,9844.0,16590.0,25,34,101.7,0.932,20251031_068_pol_pro_Ran_ado_2025_6_Colorado2025_x009216_y016384
Unknown_Sample,20251031_068_pol_pro_Ran_ado_2025_6_Colorado2025.czi,Ran_ado,614.1,9789.0,16846.0,31,33,105.25,0.961,20251031_068_pol_pro_Ran_ado_2025_6_Colorado2025_x009728_y016384
Unknown_Sample,20251031_068_pol_pro_Ran_ado_2025_6_Colorado2025.czi,Ran_ado,842.66,9852.0,16590.0,43,34,126.57,0.961,20251031_068_pol_pro_Ran_ado_2025_6_Colorado2025_x009728_y016384
Unknown_Sample,20251031_068_pol_pro_Ran_ado_2025_6_Colorado2025.czi,Ran_ado,425.18,9775.0,16712.0,23,31,91.7,0.954,20251031_068_pol_pro_Ran_ado_2025_6_Colorado2025_x009728_y016384
Unknown_Sample,20251031_068_pol_pro_Ran_ado_2025_6_Colorado2025.czi,Ran_ado,569.08,9881.0,16955.0,30,32,101.84,0.947,20251031_068_pol_pro_Ran_ado_2025_6_Colorado2025_x009728_y016384
Unknown_Sample,20251031_068_pol_pro_Ran_ado_2025_6_Colorado2025.czi,Ran_ado,456.35,10969.0,17003.0,27,27,91.11,0.961,20251031_068_pol_pro_Ran_ado_2025_6_Colorado2025_x010752_y016384
Unknown_Sample,20251031_068_pol_pro_Ran_ado_2025_6_Colorado2025.czi,Ran_ado,465.96,11175.0,16773.0,26,31,93.01,0.956,20251031_068_pol_pro_Ran_ado_2025_6_Colorado2025_x010752_y016384
Unknown_Sample,20251031_068_pol_pro_Ran_ado_2025_6_Colorado2025.czi,Ran_ado,520.6,12372.0,16631.0,31,28,98.18,0.961,20251031_068_pol_pro_Ran_ado_2025_6_Colorado2025_x011776_y016384
Unknown_Sample,20251031_068_pol_pro_Ran_ado_2025_6_Colorado2025.czi,Ran_ado,520.6,12372.0,16631.0,31,28,98.18,0.961,20251031_068_pol_pro_Ran_ado_2025_6_Colorado2025_x012288_y016384
Unknown_Sample,20251031_068_pol_pro_Ran_ado_2025_6_Colorado2025.czi,Ran_ado,486.36,12468.0,16501.0,27,31,95.6,0.956,20251031_068_pol_pro_Ran_ado_2025_6_Colorado2025_x012288_y016384
Unknown_Sample,20251031_068_pol_pro_Ran_ado_2025_6_Colorado2025.czi,Ran_ado,486.36,14083.0,16623.0,26,30,95.11,0.954,20251031_068_pol_pro_Ran_ado_2025_6_Colorado2025_x013824_y016384
Unknown_Sample,20251031_068_pol_pro_Ran_ado_2025_6_Colorado2025.czi,Ran_ado,404.4,15137.0,16715.0,32,25,91.84,0.94,20251031_068_pol_pro_Ran_ado_2025_6_Colorado2025_x014848_y016384
Unknown_Sample,20251031_068_pol_pro_Ran_ado_2025_6_Colorado2025.czi,Ran_ado,402.09,3054.0,17353.0,31,22,88.53,0.922,20251031_068_pol_pro_Ran_ado_2025_6_Colorado2025_x002560_y016896
Unknown_Sample,20251031_068_pol_pro_Ran_ado_2025_6_Colorado2025.czi,Ran_ado,362.46,3476.0,17339.0,26,24,83.11,0.943,20251031_068_pol_pro_Ran_ado_2025_6_Colorado2025_x003072_y016896
Unknown_Sample,20251031_068_pol_pro_Ran_ado_2025_6_Colorado2025.czi,Ran_ado,217.4,3276.0,17345.0,20,18,64.38,0.93,20251031_068_pol_pro_Ran_ado_2025_6_Colorado2025_x003072_y016896
Unknown_Sample,20251031_068_pol_pro_Ran_ado_2025_6_Colorado2025.czi,Ran_ado,321.29,3999.0,16932.0,28,21,79.36,0.935,20251031_068_pol_pro_Ran_ado_2025_6_Colorado2025_x003584_y016896
Unknown_Sample,20251031_068_pol_pro_Ran_ado_2025_6_Colorado2025.czi,Ran_ado,646.42,4413.0,17461.0,31,34,110.77,0.962,20251031_068_pol_pro_Ran_ado_2025_6_Colorado2025_x004096_y016896
Unknown_Sample,20251031_068_pol_pro_Ran_ado_2025_6_Colorado2025.czi,Ran_ado,443.26,4591.0,17442.0,27,27,89.94,0.955,20251031_068_pol_pro_Ran_ado_2025_6_Colorado2025_x004096_y016896
Unknown_Sample,20251031_068_pol_pro_Ran_ado_2025_6_Colorado2025.czi,Ran_ado,425.18,4511.0,17243.0,29,24,88.53,0.95,20251031_068_pol_pro_Ran_ado_2025_6_Colorado2025_x004096_y016896
Unknown_Sample,20251031_068_pol_pro_Ran_ado_2025_6_Colorado2025.czi,Ran_ado,454.81,4397.0,17388.0,31,25,95.11,0.948,20251031_068_pol_pro_Ran_ado_2025_6_Colorado2025_x004096_y016896
Unknown_Sample,20251031_068_pol_pro_Ran_ado_2025_6_Colorado2025.czi,Ran_ado,748.01,5045.0,17263.0,34,36,117.25,0.965,20251031_068_pol_pro_Ran_ado_2025_6_Colorado2025_x004608_y016896
Unknown_Sample,20251031_068_pol_pro_Ran_ado_2025_6_Colorado2025.czi,Ran_ado,699.14,5115.0,17010.0,33,35,113.84,0.963,20251031_068_pol_pro_Ran_ado_2025_6_Colorado2025_x004608_y016896
Unknown_Sample,20251031_068_pol_pro_Ran_ado_2025_6_Colorado2025.czi,Ran_ado,590.63,5142.0,17142.0,32,32,107.01,0.961,20251031_068_pol_pro_Ran_ado_2025_6_Colorado2025_x004608_y016896
Unknown_Sample,20251031_068_pol_pro_Ran_ado_2025_6_Colorado2025.czi,Ran_ado,580.24,4879.0,17311.0,29,34,104.43,0.96,20251031_068_pol_pro_Ran_ado_2025_6_Colorado2025_x004608_y016896
Unknown_Sample,20251031_068_pol_pro_Ran_ado_2025_6_Colorado2025.czi,Ran_ado,406.71,4956.0,17449.0,29,23,86.53,0.95,20251031_068_pol_pro_Ran_ado_2025_6_Colorado2025_x004608_y016896
Unknown_Sample,20251031_068_pol_pro_Ran_ado_2025_6_Colorado2025.czi,Ran_ado,589.86,5142.0,17142.0,31,32,105.01,0.957,20251031_068_pol_pro_Ran_ado_2025_6_Colorado2025_x005120_y016896
Unknown_Sample,20251031_068_pol_pro_Ran_ado_2025_6_Colorado2025.czi,Ran_ado,477.12,5417.0,17306.0,32,26,95.6,0.944,20251031_068_pol_pro_Ran_ado_2025_6_Colorado2025_x005120_y016896
Unknown_Sample,20251031_068_pol_pro_Ran_ado_2025_6_Colorado2025.czi,Ran_ado,194.31,5125.0,17011.0,11,33,76.38,0.944,20251031_068_pol_pro_Ran_ado_2025_6_Colorado2025_x005120_y016896
Unknown_Sample,20251031_068_pol_pro_Ran_ado_2025_6_Colorado2025.czi,Ran_ado,566.78,6433.0,17205.0,28,34,103.01,0.96,20251031_068_pol_pro_Ran_ado_2025_6_Colorado2025_x006144_y016896
Unknown_Sample,20251031_068_pol_pro_Ran_ado_2025_6_Colorado2025.czi,Ran_ado,462.12,6857.0,17095.0,28,27,92.53,0.958,20251031_068_pol_pro_Ran_ado_2025_6_Colorado2025_x006656_y016896
Unknown_Sample,20251031_068_pol_pro_Ran_ado_2025_6_Colorado2025.czi,Ran_ado,414.79,7286.0,17278.0,21,32,92.63,0.928,20251031_068_pol_pro_Ran_ado_2025_6_Colorado2025_x006656_y016896
Unknown_Sample,20251031_068_pol_pro_Ran_ado_2025_6_Colorado2025.czi,Ran_ado,591.4,7289.0,17278.0,31,32,103.84,0.959,20251031_068_pol_pro_Ran_ado_2025_6_Colorado2025_x007168_y016896
Unknown_Sample,20251031_068_pol_pro_Ran_ado_2025_6_Colorado2025.czi,Ran_ado,361.69,8621.0,17099.0,25,23,81.46,0.948,20251031_068_pol_pro_Ran_ado_2025_6_Colorado2025_x008192_y016896
Unknown_Sample,20251031_068_pol_pro_Ran_ado_2025_6_Colorado2025.czi,Ran_ado,625.26,9029.0,17486.0,31,33,109.36,0.962,20251031_068_pol_pro_Ran_ado_2025_6_Colorado2025_x008704_y016896
Unknown_Sample,20251031_068_pol_pro_Ran_ado_2025_6_Colorado2025.czi,Ran_ado,569.85,9881.0,16955.0,30,32,101.84,0.946,20251031_068_pol_pro_Ran_ado_2025_6_Colorado2025_x009728_y016896
Unknown_Sample,20251031_068_pol_pro_Ran_ado_2025_6_Colorado2025.czi,Ran_ado,882.29,10458.0,17054.0,37,40,125.98,0.961,20251031_068_pol_pro_Ran_ado_2025_6_Colorado2025_x010240_y016896
Unknown_Sample,20251031_068_pol_pro_Ran_ado_2025_6_Colorado2025.czi,Ran_ado,488.28,10481.0,17524.0,33,24,101.21,0.924,20251031_068_pol_pro_Ran_ado_2025_6_Colorado2025_x010240_y016896
Unknown_Sample,20251031_068_pol_pro_Ran_ado_2025_6_Colorado2025.czi,Ran_ado,320.52,10817.0,17528.0,36,15,89.21,0.899,20251031_068_pol_pro_Ran_ado_2025_6_Colorado2025_x010240_y016896
Unknown_Sample,20251031_068_pol_pro_Ran_ado_2025_6_Colorado2025.czi,Ran_ado,459.04,10969.0,17003.0,27,27,91.7,0.961,20251031_068_pol_pro_Ran_ado_2025_6_Colorado2025_x010752_y016896
Unknown_Sample,20251031_068_pol_pro_Ran_ado_2025_6_Colorado2025.czi,Ran_ado,320.52,10817.0,17528.0,36,15,89.21,0.898,20251031_068_pol_pro_Ran_ado_2025_6_Colorado2025_x010752_y016896
Unknown_Sample,20251031_068_pol_pro_Ran_ado_2025_6_Colorado2025.czi,Ran_ado,388.62,12903.0,17202.0,27,27,88.77,0.928,20251031_068_pol_pro_Ran_ado_2025_6_Colorado2025_x012288_y016896
Unknown_Sample,20251031_068_pol_pro_Ran_ado_2025_6_Colorado2025.czi,Ran_ado,389.78,12903.0,17202.0,27,27,88.18,0.929,20251031_068_pol_pro_Ran_ado_2025_6_Colorado2025_x012800_y016896
Unknown_Sample,20251031_068_pol_pro_Ran_ado_2025_6_Colorado2025.czi,Ran_ado,482.51,13606.0,17312.0,27,29,95.11,0.954,20251031_068_pol_pro_Ran_ado_2025_6_Colorado2025_x013312_y016896
Unknown_Sample,20251031_068_pol_pro_Ran_ado_2025_6_Colorado2025.czi,Ran_ado,527.91,14024.0,17516.0,29,29,97.94,0.956,20251031_068_pol_pro_Ran_ado_2025_6_Colorado2025_x013824_y016896
Unknown_Sample,20251031_068_pol_pro_Ran_ado_2025_6_Colorado2025.czi,Ran_ado,505.21,14152.0,17423.0,30,28,96.18,0.949,20251031_068_pol_pro_Ran_ado_2025_6_Colorado2025_x013824_y016896
Unknown_Sample,20251031_068_pol_pro_Ran_ado_2025_6_Colorado2025.czi,Ran_ado,86.57,18778.0,17103.0,12,13,41.9,0.923,20251031_068_pol_pro_Ran_ado_2025_6_Colorado2025_x018432_y016896
Unknown_Sample,20251031_068_pol_pro_Ran_ado_2025_6_Colorado2025.czi,Ran_ado,623.72,2927.0,17599.0,31,32,106.18,0.933,20251031_068_pol_pro_Ran_ado_2025_6_Colorado2025_x002560_y017408
Unknown_Sample,20251031_068_pol_pro_Ran_ado_2025_6_Colorado2025.czi,Ran_ado,723.38,3661.0,17841.0,36,33,126.08,0.91,20251031_068_pol_pro_Ran_ado_2025_6_Colorado2025_x003072_y017408
Unknown_Sample,20251031_068_pol_pro_Ran_ado_2025_6_Colorado2025.czi,Ran_ado,457.88,3815.0,17695.0,28,27,91.94,0.956,20251031_068_pol_pro_Ran_ado_2025_6_Colorado2025_x003584_y017408
Unknown_Sample,20251031_068_pol_pro_Ran_ado_2025_6_Colorado2025.czi,Ran_ado,417.1,3931.0,17803.0,25,27,88.28,0.951,20251031_068_pol_pro_Ran_ado_2025_6_Colorado2025_x003584_y017408
Unknown_Sample,20251031_068_pol_pro_Ran_ado_2025_6_Colorado2025.czi,Ran_ado,682.21,3662.0,17841.0,34,33,125.84,0.917,20251031_068_pol_pro_Ran_ado_2025_6_Colorado2025_x003584_y017408
Unknown_Sample,20251031_068_pol_pro_Ran_ado_2025_6_Colorado2025.czi,Ran_ado,646.42,4413.0,17461.0,31,34,110.77,0.962,20251031_068_pol_pro_Ran_ado_2025_6_Colorado2025_x004096_y017408
Unknown_Sample,20251031_068_pol_pro_Ran_ado_2025_6_Colorado2025.czi,Ran_ado,443.26,4591.0,17442.0,27,27,89.94,0.955,20251031_068_pol_pro_Ran_ado_2025_6_Colorado2025_x004096_y017408
Unknown_Sample,20251031_068_pol_pro_Ran_ado_2025_6_Colorado2025.czi,Ran_ado,210.86,4260.0,18042.0,30,11,74.49,0.873,20251031_068_pol_pro_Ran_ado_2025_6_Colorado2025_x004096_y017408
Unknown_Sample,20251031_068_pol_pro_Ran_ado_2025_6_Colorado2025.czi,Ran_ado,416.33,4956.0,17449.0,30,23,87.94,0.95,20251031_068_pol_pro_Ran_ado_2025_6_Colorado2025_x004608_y017408
Unknown_Sample,20251031_068_pol_pro_Ran_ado_2025_6_Colorado2025.czi,Ran_ado,340.14,5330.0,17749.0,26,22,80.28,0.939,20251031_068_pol_pro_Ran_ado_2025_6_Colorado2025_x005120_y017408
Unknown_Sample,20251031_068_pol_pro_Ran_ado_2025_6_Colorado2025.czi,Ran_ado,429.03,6117.0,17879.0,31,25,91.01,0.954,20251031_068_pol_pro_Ran_ado_2025_6_Colorado2025_x005632_y017408
Unknown_Sample,20251031_068_pol_pro_Ran_ado_2025_6_Colorado2025.czi,Ran_ado,400.55,6595.0,17928.0,25,29,91.7,0.925,20251031_068_pol_pro_Ran_ado_2025_6_Colorado2025_x006144_y017408
Unknown_Sample,20251031_068_pol_pro_Ran_ado_2025_6_Colorado2025.czi,Ran_ado,332.83,6888.0,17966.0,23,24,81.21,0.921,20251031_068_pol_pro_Ran_ado_2025_6_Colorado2025_x006656_y017408
Unknown_Sample,20251031_068_pol_pro_Ran_ado_2025_6_Colorado2025.czi,Ran_ado,681.05,8230.0,17788.0,33,35,113.25,0.957,20251031_068_pol_pro_Ran_ado_2025_6_Colorado2025_x007680_y017408
Unknown_Sample,20251031_068_pol_pro_Ran_ado_2025_6_Colorado2025.czi,Ran_ado,681.05,8230.0,17788.0,33,35,113.25,0.958,20251031_068_pol_pro_Ran_ado_2025_6_Colorado2025_x008192_y017408
Unknown_Sample,20251031_068_pol_pro_Ran_ado_2025_6_Colorado2025.czi,Ran_ado,526.76,8562.0,18033.0,28,29,101.21,0.941,20251031_068_pol_pro_Ran_ado_2025_6_Colorado2025_x008192_y017408
Unknown_Sample,20251031_068_pol_pro_Ran_ado_2025_6_Colorado2025.czi,Ran_ado,624.88,9029.0,17486.0,31,33,108.77,0.962,20251031_068_pol_pro_Ran_ado_2025_6_Colorado2025_x008704_y017408
Unknown_Sample,20251031_068_pol_pro_Ran_ado_2025_6_Colorado2025.czi,Ran_ado,468.66,8960.0,17546.0,28,28,93.94,0.957,20251031_068_pol_pro_Ran_ado_2025_6_Colorado2025_x008704_y017408
Unknown_Sample,20251031_068_pol_pro_Ran_ado_2025_6_Colorado2025.czi,Ran_ado,554.85,9010.0,17702.0,32,29,102.77,0.944,20251031_068_pol_pro_Ran_ado_2025_6_Colorado2025_x008704_y017408
Unknown_Sample,20251031_068_pol_pro_Ran_ado_2025_6_Colorado2025.czi,Ran_ado,453.65,8925.0,18008.0,29,27,92.18,0.941,20251031_068_pol_pro_Ran_ado_2025_6_Colorado2025_x008704_y017408
Unknown_Sample,20251031_068_pol_pro_Ran_ado_2025_6_Colorado2025.czi,Ran_ado,556.39,9037.0,17713.0,29,33,101.25,0.93,20251031_068_pol_pro_Ran_ado_2025_6_Colorado2025_x008704_y017408
Unknown_Sample,20251031_068_pol_pro_Ran_ado_2025_6_Colorado2025.czi,Ran_ado,679.13,9513.0,17942.0,32,37,114.67,0.961,20251031_068_pol_pro_Ran_ado_2025_6_Colorado2025_x009216_y017408
Unknown_Sample,20251031_068_pol_pro_Ran_ado_2025_6_Colorado2025.czi,Ran_ado,443.26,9806.0,17792.0,25,30,91.94,0.945,20251031_068_pol_pro_Ran_ado_2025_6_Colorado2025_x009216_y017408
Unknown_Sample,20251031_068_pol_pro_Ran_ado_2025_6_Colorado2025.czi,Ran_ado,443.26,9806.0,17792.0,25,30,91.94,0.945,20251031_068_pol_pro_Ran_ado_2025_6_Colorado2025_x009728_y017408
Unknown_Sample,20251031_068_pol_pro_Ran_ado_2025_6_Colorado2025.czi,Ran_ado,372.85,10260.0,17895.0,23,28,84.53,0.937,20251031_068_pol_pro_Ran_ado_2025_6_Colorado2025_x009728_y017408
Unknown_Sample,20251031_068_pol_pro_Ran_ado_2025_6_Colorado2025.czi,Ran_ado,325.52,10107.0,17748.0,27,21,80.28,0.931,20251031_068_pol_pro_Ran_ado_2025_6_Colorado2025_x009728_y017408
Unknown_Sample,20251031_068_pol_pro_Ran_ado_2025_6_Colorado2025.czi,Ran_ado,674.13,10481.0,17528.0,34,35,112.91,0.956,20251031_068_pol_pro_Ran_ado_2025_6_Colorado2025_x010240_y017408
Unknown_Sample,20251031_068_pol_pro_Ran_ado_2025_6_Colorado2025.czi,Ran_ado,579.86,10818.0,17533.0,35,27,104.18,0.954,20251031_068_pol_pro_Ran_ado_2025_6_Colorado2025_x010240_y017408
Unknown_Sample,20251031_068_pol_pro_Ran_ado_2025_6_Colorado2025.czi,Ran_ado,373.62,10260.0,17895.0,23,28,84.53,0.937,20251031_068_pol_pro_Ran_ado_2025_6_Colorado2025_x010240_y017408
Unknown_Sample,20251031_068_pol_pro_Ran_ado_2025_6_Colorado2025.czi,Ran_ado,560.62,10391.0,17652.0,30,34,103.5,0.93,20251031_068_pol_pro_Ran_ado_2025_6_Colorado2025_x010240_y017408
Unknown_Sample,20251031_068_pol_pro_Ran_ado_2025_6_Colorado2025.czi,Ran_ado,674.51,11340.0,17933.0,34,33,111.84,0.961,20251031_068_pol_pro_Ran_ado_2025_6_Colorado2025_x010752_y017408
Unknown_Sample,20251031_068_pol_pro_Ran_ado_2025_6_Colorado2025.czi,Ran_ado,580.63,10818.0,17533.0,35,27,104.18,0.954,20251031_068_pol_pro_Ran_ado_2025_6_Colorado2025_x010752_y017408
Unknown_Sample,20251031_068_pol_pro_Ran_ado_2025_6_Colorado2025.czi,Ran_ado,671.05,11340.0,17933.0,34,33,111.25,0.96,20251031_068_pol_pro_Ran_ado_2025_6_Colorado2025_x011264_y017408
Unknown_Sample,20251031_068_pol_pro_Ran_ado_2025_6_Colorado2025.czi,Ran_ado,634.11,11515.0,18003.0,33,32,110.77,0.954,20251031_068_pol_pro_Ran_ado_2025_6_Colorado2025_x011264_y017408
Unknown_Sample,20251031_068_pol_pro_Ran_ado_2025_6_Colorado2025.czi,Ran_ado,641.04,12160.0,17786.0,37,29,109.25,0.962,20251031_068_pol_pro_Ran_ado_2025_6_Colorado2025_x011776_y017408
Unknown_Sample,20251031_068_pol_pro_Ran_ado_2025_6_Colorado2025.czi,Ran_ado,1274.0,12501.0,17820.0,43,49,152.47,0.964,20251031_068_pol_pro_Ran_ado_2025_6_Colorado2025_x012288_y017408
Unknown_Sample,20251031_068_pol_pro_Ran_ado_2025_6_Colorado2025.czi,Ran_ado,439.03,13222.0,17985.0,31,25,91.01,0.944,20251031_068_pol_pro_Ran_ado_2025_6_Colorado2025_x012800_y017408
Unknown_Sample,20251031_068_pol_pro_Ran_ado_2025_6_Colorado2025.czi,Ran_ado,529.45,14024.0,17516.0,29,29,97.94,0.957,20251031_068_pol_pro_Ran_ado_2025_6_Colorado2025_x013824_y017408
Unknown_Sample,20251031_068_pol_pro_Ran_ado_2025_6_Colorado2025.czi,Ran_ado,499.06,14152.0,17423.0,29,28,96.53,0.948,20251031_068_pol_pro_Ran_ado_2025_6_Colorado2025_x013824_y017408
Unknown_Sample,20251031_068_pol_pro_Ran_ado_2025_6_Colorado2025.czi,Ran_ado,427.1,3869.0,18541.0,28,26,88.77,0.947,20251031_068_pol_pro_Ran_ado_2025_6_Colorado2025_x003584_y017920
Unknown_Sample,20251031_068_pol_pro_Ran_ado_2025_6_Colorado2025.czi,Ran_ado,324.75,4057.0,18397.0,25,23,79.11,0.936,20251031_068_pol_pro_Ran_ado_2025_6_Colorado2025_x003584_y017920
Unknown_Sample,20251031_068_pol_pro_Ran_ado_2025_6_Colorado2025.czi,Ran_ado,251.26,4211.0,18519.0,25,17,73.56,0.853,20251031_068_pol_pro_Ran_ado_2025_6_Colorado2025_x003584_y017920
Unknown_Sample,20251031_068_pol_pro_Ran_ado_2025_6_Colorado2025.czi,Ran_ado,285.89,4126.0,18341.0,18,28,78.04,0.784,20251031_068_pol_pro_Ran_ado_2025_6_Colorado2025_x003584_y017920
Unknown_Sample,20251031_068_pol_pro_Ran_ado_2025_6_Colorado2025.czi,Ran_ado,596.4,4259.0,18051.0,30,32,105.94,0.956,20251031_068_pol_pro_Ran_ado_2025_6_Colorado2025_x004096_y017920
Unknown_Sample,20251031_068_pol_pro_Ran_ado_2025_6_Colorado2025.czi,Ran_ado,592.56,4719.0,18142.0,30,32,104.77,0.956,20251031_068_pol_pro_Ran_ado_2025_6_Colorado2025_x004096_y017920
Unknown_Sample,20251031_068_pol_pro_Ran_ado_2025_6_Colorado2025.czi,Ran_ado,358.23,4721.0,18453.0,24,27,84.53,0.93,20251031_068_pol_pro_Ran_ado_2025_6_Colorado2025_x004096_y017920
Unknown_Sample,20251031_068_pol_pro_Ran_ado_2025_6_Colorado2025.czi,Ran_ado,291.28,4126.0,18341.0,18,29,78.87,0.712,20251031_068_pol_pro_Ran_ado_2025_6_Colorado2025_x004096_y017920
Unknown_Sample,20251031_068_pol_pro_Ran_ado_2025_6_Colorado2025.czi,Ran_ado,591.4,4719.0,18142.0,30,32,104.18,0.961,20251031_068_pol_pro_Ran_ado_2025_6_Colorado2025_x004608_y017920
Unknown_Sample,20251031_068_pol_pro_Ran_ado_2025_6_Colorado2025.czi,Ran_ado,549.46,5168.0,18237.0,32,30,102.43,0.958,20251031_068_pol_pro_Ran_ado_2025_6_Colorado2025_x004608_y017920
Unknown_Sample,20251031_068_pol_pro_Ran_ado_2025_6_Colorado2025.czi,Ran_ado,363.23,4749.0,18504.0,26,25,83.94,0.944,20251031_068_pol_pro_Ran_ado_2025_6_Colorado2025_x004608_y017920
Unknown_Sample,20251031_068_pol_pro_Ran_ado_2025_6_Colorado2025.czi,Ran_ado,370.16,4721.0,18454.0,27,28,88.43,0.933,20251031_068_pol_pro_Ran_ado_2025_6_Colorado2025_x004608_y017920
Unknown_Sample,20251031_068_pol_pro_Ran_ado_2025_6_Colorado2025.czi,Ran_ado,546.77,5168.0,18237.0,31,30,101.01,0.958,20251031_068_pol_pro_Ran_ado_2025_6_Colorado2025_x005120_y017920
Unknown_Sample,20251031_068_pol_pro_Ran_ado_2025_6_Colorado2025.czi,Ran_ado,295.12,5396.0,18349.0,22,24,76.87,0.924,20251031_068_pol_pro_Ran_ado_2025_6_Colorado2025_x005120_y017920
Unknown_Sample,20251031_068_pol_pro_Ran_ado_2025_6_Colorado2025.czi,Ran_ado,264.34,6266.0,18541.0,12,38,89.56,0.859,20251031_068_pol_pro_Ran_ado_2025_6_Colorado2025_x005632_y017920
Unknown_Sample,20251031_068_pol_pro_Ran_ado_2025_6_Colorado2025.czi,Ran_ado,803.41,6275.0,18539.0,32,40,123.6,0.955,20251031_068_pol_pro_Ran_ado_2025_6_Colorado2025_x006144_y017920
Unknown_Sample,20251031_068_pol_pro_Ran_ado_2025_6_Colorado2025.czi,Ran_ado,315.13,6594.0,17930.0,24,24,83.21,0.869,20251031_068_pol_pro_Ran_ado_2025_6_Colorado2025_x006144_y017920
Unknown_Sample,20251031_068_pol_pro_Ran_ado_2025_6_Colorado2025.czi,Ran_ado,332.83,6888.0,17966.0,23,24,81.21,0.92,20251031_068_pol_pro_Ran_ado_2025_6_Colorado2025_x006656_y017920
Unknown_Sample,20251031_068_pol_pro_Ran_ado_2025_6_Colorado2025.czi,Ran_ado,451.73,7790.0,18270.0,29,26,93.11,0.94,20251031_068_pol_pro_Ran_ado_2025_6_Colorado2025_x007168_y017920
Unknown_Sample,20251031_068_pol_pro_Ran_ado_2025_6_Colorado2025.czi,Ran_ado,458.65,7743.0,18348.0,28,27,93.11,0.935,20251031_068_pol_pro_Ran_ado_2025_6_Colorado2025_x007168_y017920
Unknown_Sample,20251031_068_pol_pro_Ran_ado_2025_6_Colorado2025.czi,Ran_ado,477.12,7925.0,18311.0,28,28,95.11,0.953,20251031_068_pol_pro_Ran_ado_2025_6_Colorado2025_x007680_y017920
Unknown_Sample,20251031_068_pol_pro_Ran_ado_2025_6_Colorado2025.czi,Ran_ado,451.73,7790.0,18270.0,30,26,92.77,0.952,20251031_068_pol_pro_Ran_ado_2025_6_Colorado2025_x007680_y017920
Unknown_Sample,20251031_068_pol_pro_Ran_ado_2025_6_Colorado2025.czi,Ran_ado,399.4,8077.0,18408.0,23,29,85.94,0.947,20251031_068_pol_pro_Ran_ado_2025_6_Colorado2025_x007680_y017920
Unknown_Sample,20251031_068_pol_pro_Ran_ado_2025_6_Colorado2025.czi,Ran_ado,450.57,7743.0,18348.0,28,27,92.53,0.943,20251031_068_pol_pro_Ran_ado_2025_6_Colorado2025_x007680_y017920
Unknown_Sample,20251031_068_pol_pro_Ran_ado_2025_6_Colorado2025.czi,Ran_ado,563.7,8561.0,18034.0,28,33,103.36,0.953,20251031_068_pol_pro_Ran_ado_2025_6_Colorado2025_x008192_y017920
Unknown_Sample,20251031_068_pol_pro_Ran_ado_2025_6_Colorado2025.czi,Ran_ado,343.99,8338.0,18394.0,22,26,81.46,0.911,20251031_068_pol_pro_Ran_ado_2025_6_Colorado2025_x008192_y017920
Unknown_Sample,20251031_068_pol_pro_Ran_ado_2025_6_Colorado2025.czi,Ran_ado,680.29,9091.0,18457.0,32,35,111.25,0.964,20251031_068_pol_pro_Ran_ado_2025_6_Colorado2025_x008704_y017920
Unknown_Sample,20251031_068_pol_pro_Ran_ado_2025_6_Colorado2025.czi,Ran_ado,454.42,8925.0,18008.0,29,27,92.18,0.941,20251031_068_pol_pro_Ran_ado_2025_6_Colorado2025_x008704_y017920
Unknown_Sample,20251031_068_pol_pro_Ran_ado_2025_6_Colorado2025.czi,Ran_ado,683.75,9513.0,17942.0,32,37,114.67,0.96,20251031_068_pol_pro_Ran_ado_2025_6_Colorado2025_x009216_y017920
Unknown_Sample,20251031_068_pol_pro_Ran_ado_2025_6_Colorado2025.czi,Ran_ado,485.2,9354.0,18362.0,28,29,94.18,0.943,20251031_068_pol_pro_Ran_ado_2025_6_Colorado2025_x009216_y017920
Unknown_Sample,20251031_068_pol_pro_Ran_ado_2025_6_Colorado2025.czi,Ran_ado,257.03,9461.0,18553.0,33,13,80.97,0.817,20251031_068_pol_pro_Ran_ado_2025_6_Colorado2025_x009216_y017920
Unknown_Sample,20251031_068_pol_pro_Ran_ado_2025_6_Colorado2025.czi,Ran_ado,432.49,10458.0,18214.0,28,27,91.94,0.945,20251031_068_pol_pro_Ran_ado_2025_6_Colorado2025_x010240_y017920
Unknown_Sample,20251031_068_pol_pro_Ran_ado_2025_6_Colorado2025.czi,Ran_ado,547.15,10655.0,18301.0,30,30,99.6,0.937,20251031_068_pol_pro_Ran_ado_2025_6_Colorado2025_x010240_y017920
Unknown_Sample,20251031_068_pol_pro_Ran_ado_2025_6_Colorado2025.czi,Ran_ado,624.88,11340.0,17934.0,34,30,108.77,0.966,20251031_068_pol_pro_Ran_ado_2025_6_Colorado2025_x010752_y017920
Unknown_Sample,20251031_068_pol_pro_Ran_ado_2025_6_Colorado2025.czi,Ran_ado,621.41,11340.0,17934.0,34,30,108.18,0.966,20251031_068_pol_pro_Ran_ado_2025_6_Colorado2025_x011264_y017920
Unknown_Sample,20251031_068_pol_pro_Ran_ado_2025_6_Colorado2025.czi,Ran_ado,634.88,11515.0,18003.0,33,32,110.77,0.955,20251031_068_pol_pro_Ran_ado_2025_6_Colorado2025_x011264_y017920
Unknown_Sample,20251031_068_pol_pro_Ran_ado_2025_6_Colorado2025.czi,Ran_ado,414.79,12256.0,18116.0,25,29,88.77,0.952,20251031_068_pol_pro_Ran_ado_2025_6_Colorado2025_x011776_y017920
Unknown_Sample,20251031_068_pol_pro_Ran_ado_2025_6_Colorado2025.czi,Ran_ado,579.09,12320.0,18218.0,25,37,107.36,0.907,20251031_068_pol_pro_Ran_ado_2025_6_Colorado2025_x011776_y017920
Unknown_Sample,20251031_068_pol_pro_Ran_ado_2025_6_Colorado2025.czi,Ran_ado,616.41,12320.0,18218.0,27,37,110.77,0.805,20251031_068_pol_pro_Ran_ado_2025_6_Colorado2025_x012288_y017920
Unknown_Sample,20251031_068_pol_pro_Ran_ado_2025_6_Colorado2025.czi,Ran_ado,431.72,13222.0,17985.0,30,25,90.77,0.937,20251031_068_pol_pro_Ran_ado_2025_6_Colorado2025_x012800_y017920
Unknown_Sample,20251031_068_pol_pro_Ran_ado_2025_6_Colorado2025.czi,Ran_ado,475.2,3424.0,18668.0,28,28,93.36,0.942,20251031_068_pol_pro_Ran_ado_2025_6_Colorado2025_x003072_y018432
Unknown_Sample,20251031_068_pol_pro_Ran_ado_2025_6_Colorado2025.czi,Ran_ado,459.81,3617.0,18773.0,30,27,94.18,0.942,20251031_068_pol_pro_Ran_ado_2025_6_Colorado2025_x003072_y018432
Unknown_Sample,20251031_068_pol_pro_Ran_ado_2025_6_Colorado2025.czi,Ran_ado,542.92,3311.0,18765.0,34,27,102.18,0.94,20251031_068_pol_pro_Ran_ado_2025_6_Colorado2025_x003072_y018432
Unknown_Sample,20251031_068_pol_pro_Ran_ado_2025_6_Colorado2025.czi,Ran_ado,414.02,3869.0,18541.0,27,26,87.94,0.951,20251031_068_pol_pro_Ran_ado_2025_6_Colorado2025_x003584_y018432
Unknown_Sample,20251031_068_pol_pro_Ran_ado_2025_6_Colorado2025.czi,Ran_ado,426.33,3770.0,18853.0,28,26,91.11,0.949,20251031_068_pol_pro_Ran_ado_2025_6_Colorado2025_x003584_y018432
Unknown_Sample,20251031_068_pol_pro_Ran_ado_2025_6_Colorado2025.czi,Ran_ado,440.57,3617.0,18773.0,29,26,91.36,0.948,20251031_068_pol_pro_Ran_ado_2025_6_Colorado2025_x003584_y018432
Unknown_Sample,20251031_068_pol_pro_Ran_ado_2025_6_Colorado2025.czi,Ran_ado,250.49,4211.0,18519.0,25,17,73.56,0.853,20251031_068_pol_pro_Ran_ado_2025_6_Colorado2025_x003584_y018432
Unknown_Sample,20251031_068_pol_pro_Ran_ado_2025_6_Colorado2025.czi,Ran_ado,577.17,4716.0,18713.0,30,32,103.6,0.956,20251031_068_pol_pro_Ran_ado_2025_6_Colorado2025_x004096_y018432
Unknown_Sample,20251031_068_pol_pro_Ran_ado_2025_6_Colorado2025.czi,Ran_ado,479.05,4575.0,18893.0,32,27,95.84,0.939,20251031_068_pol_pro_Ran_ado_2025_6_Colorado2025_x004096_y018432
Unknown_Sample,20251031_068_pol_pro_Ran_ado_2025_6_Colorado2025.czi,Ran_ado,359.77,4721.0,18453.0,24,27,84.53,0.931,20251031_068_pol_pro_Ran_ado_2025_6_Colorado2025_x004096_y018432
Unknown_Sample,20251031_068_pol_pro_Ran_ado_2025_6_Colorado2025.czi,Ran_ado,584.48,4716.0,18713.0,30,32,104.18,0.955,20251031_068_pol_pro_Ran_ado_2025_6_Colorado2025_x004608_y018432
Unknown_Sample,20251031_068_pol_pro_Ran_ado_2025_6_Colorado2025.czi,Ran_ado,363.23,4749.0,18504.0,26,25,83.94,0.945,20251031_068_pol_pro_Ran_ado_2025_6_Colorado2025_x004608_y018432
Unknown_Sample,20251031_068_pol_pro_Ran_ado_2025_6_Colorado2025.czi,Ran_ado,368.23,4721.0,18454.0,27,28,87.84,0.933,20251031_068_pol_pro_Ran_ado_2025_6_Colorado2025_x004608_y018432
Unknown_Sample,20251031_068_pol_pro_Ran_ado_2025_6_Colorado2025.czi,Ran_ado,269.73,6266.0,18541.0,12,42,94.04,0.869,20251031_068_pol_pro_Ran_ado_2025_6_Colorado2025_x005632_y018432
Unknown_Sample,20251031_068_pol_pro_Ran_ado_2025_6_Colorado2025.czi,Ran_ado,833.81,6275.0,18540.0,32,44,125.15,0.96,20251031_068_pol_pro_Ran_ado_2025_6_Colorado2025_x006144_y018432
Unknown_Sample,20251031_068_pol_pro_Ran_ado_2025_6_Colorado2025.czi,Ran_ado,389.01,6881.0,18771.0,23,31,87.01,0.934,20251031_068_pol_pro_Ran_ado_2025_6_Colorado2025_x006656_y018432
Unknown_Sample,20251031_068_pol_pro_Ran_ado_2025_6_Colorado2025.czi,Ran_ado,604.48,7957.0,18729.0,30,33,106.18,0.956,20251031_068_pol_pro_Ran_ado_2025_6_Colorado2025_x007680_y018432
Unknown_Sample,20251031_068_pol_pro_Ran_ado_2025_6_Colorado2025.czi,Ran_ado,320.9,7828.0,18675.0,21,26,79.46,0.842,20251031_068_pol_pro_Ran_ado_2025_6_Colorado2025_x007680_y018432
Unknown_Sample,20251031_068_pol_pro_Ran_ado_2025_6_Colorado2025.czi,Ran_ado,683.75,9091.0,18457.0,32,35,110.67,0.964,20251031_068_pol_pro_Ran_ado_2025_6_Colorado2025_x008704_y018432
Unknown_Sample,20251031_068_pol_pro_Ran_ado_2025_6_Colorado2025.czi,Ran_ado,470.97,9462.0,18558.0,33,23,96.28,0.8,20251031_068_pol_pro_Ran_ado_2025_6_Colorado2025_x009216_y018432
Unknown_Sample,20251031_068_pol_pro_Ran_ado_2025_6_Colorado2025.czi,Ran_ado,431.33,5477.0,19102.0,29,24,90.87,0.94,20251031_068_pol_pro_Ran_ado_2025_6_Colorado2025_x005120_y018944
