Sample_ID,CZI_File,Species,Area_um2,Centroid_X,Centroid_Y,Width_px,Height_px,Perimeter_px,Confidence,Tile
Unknown_Sample,20251031_081_pol_pro_Ran_ado_2025_19_Colorado2025.czi,Ran_ado,146.22,6778.0,1316.0,10,26,62.14,0.84,20251031_081_pol_pro_Ran_ado_2025_19_Colorado2025_x006144_y001024
Unknown_Sample,20251031_081_pol_pro_Ran_ado_2025_19_Colorado2025.czi,Ran_ado,505.21,6787.0,1316.0,28,30,96.18,0.937,20251031_081_pol_pro_Ran_ado_2025_19_Colorado2025_x006656_y001024
Unknown_Sample,20251031_081_pol_pro_Ran_ado_2025_19_Colorado2025.czi,Ran_ado,334.37,8306.0,1387.0,25,22,80.04,0.907,20251031_081_pol_pro_Ran_ado_2025_19_Colorado2025_x007680_y001024
Unknown_Sample,20251031_081_pol_pro_Ran_ado_2025_19_Colorado2025.czi,Ran_ado,352.07,8307.0,1387.0,26,23,80.53,0.918,20251031_081_pol_pro_Ran_ado_2025_19_Colorado2025_x008192_y001024
Unknown_Sample,20251031_081_pol_pro_Ran_ado_2025_19_Colorado2025.czi,Ran_ado,415.56,13712.0,1447.0,25,28,89.11,0.949,20251031_081_pol_pro_Ran_ado_2025_19_Colorado2025_x013312_y001024
Unknown_Sample,20251031_081_pol_pro_Ran_ado_2025_19_Colorado2025.czi,Ran_ado,425.18,14430.0,1543.0,26,27,88.53,0.954,20251031_081_pol_pro_Ran_ado_2025_19_Colorado2025_x013824_y001024
Unknown_Sample,20251031_081_pol_pro_Ran_ado_2025_19_Colorado2025.czi,Ran_ado,425.18,14430.0,1543.0,26,27,88.53,0.953,20251031_081_pol_pro_Ran_ado_2025_19_Colorado2025_x014336_y001024
Unknown_Sample,20251031_081_pol_pro_Ran_ado_2025_19_Colorado2025.czi,Ran_ado,286.66,6049.0,2060.0,22,21,73.21,0.918,20251031_081_pol_pro_Ran_ado_2025_19_Colorado2025_x005632_y001536
Unknown_Sample,20251031_081_pol_pro_Ran_ado_2025_19_Colorado2025.czi,Ran_ado,353.61,7141.0,2111.0,24,25,81.7,0.942,20251031_081_pol_pro_Ran_ado_2025_19_Colorado2025_x006656_y001536
Unknown_Sample,20251031_081_pol_pro_Ran_ado_2025_19_Colorado2025.czi,Ran_ado,257.03,7226.0,2102.0,17,27,74.63,0.911,20251031_081_pol_pro_Ran_ado_2025_19_Colorado2025_x006656_y001536
Unknown_Sample,20251031_081_pol_pro_Ran_ado_2025_19_Colorado2025.czi,Ran_ado,257.8,7226.0,2102.0,17,27,74.63,0.906,20251031_081_pol_pro_Ran_ado_2025_19_Colorado2025_x007168_y001536
Unknown_Sample,20251031_081_pol_pro_Ran_ado_2025_19_Colorado2025.czi,Ran_ado,315.52,8191.0,1846.0,21,24,76.63,0.919,20251031_081_pol_pro_Ran_ado_2025_19_Colorado2025_x007680_y001536
Unknown_Sample,20251031_081_pol_pro_Ran_ado_2025_19_Colorado2025.czi,Ran_ado,859.59,8778.0,2121.0,38,37,124.91,0.954,20251031_081_pol_pro_Ran_ado_2025_19_Colorado2025_x008192_y001536
Unknown_Sample,20251031_081_pol_pro_Ran_ado_2025_19_Colorado2025.czi,Ran_ado,143.52,8197.0,1846.0,11,24,59.56,0.885,20251031_081_pol_pro_Ran_ado_2025_19_Colorado2025_x008192_y001536
Unknown_Sample,20251031_081_pol_pro_Ran_ado_2025_19_Colorado2025.czi,Ran_ado,856.51,8778.0,2121.0,38,37,124.91,0.955,20251031_081_pol_pro_Ran_ado_2025_19_Colorado2025_x008704_y001536
Unknown_Sample,20251031_081_pol_pro_Ran_ado_2025_19_Colorado2025.czi,Ran_ado,461.35,9175.0,2166.0,37,21,100.87,0.918,20251031_081_pol_pro_Ran_ado_2025_19_Colorado2025_x008704_y001536
Unknown_Sample,20251031_081_pol_pro_Ran_ado_2025_19_Colorado2025.czi,Ran_ado,249.72,9692.0,2169.0,33,13,80.38,0.88,20251031_081_pol_pro_Ran_ado_2025_19_Colorado2025_x009216_y001536
Unknown_Sample,20251031_081_pol_pro_Ran_ado_2025_19_Colorado2025.czi,Ran_ado,471.74,10844.0,1962.0,30,27,95.94,0.921,20251031_081_pol_pro_Ran_ado_2025_19_Colorado2025_x010240_y001536
Unknown_Sample,20251031_081_pol_pro_Ran_ado_2025_19_Colorado2025.czi,Ran_ado,921.54,11195.0,2113.0,39,39,130.33,0.953,20251031_081_pol_pro_Ran_ado_2025_19_Colorado2025_x010752_y001536
Unknown_Sample,20251031_081_pol_pro_Ran_ado_2025_19_Colorado2025.czi,Ran_ado,442.49,11154.0,1809.0,27,27,89.94,0.951,20251031_081_pol_pro_Ran_ado_2025_19_Colorado2025_x010752_y001536
Unknown_Sample,20251031_081_pol_pro_Ran_ado_2025_19_Colorado2025.czi,Ran_ado,469.43,10844.0,1962.0,30,27,96.77,0.923,20251031_081_pol_pro_Ran_ado_2025_19_Colorado2025_x010752_y001536
Unknown_Sample,20251031_081_pol_pro_Ran_ado_2025_19_Colorado2025.czi,Ran_ado,735.31,12258.0,2080.0,36,34,115.5,0.948,20251031_081_pol_pro_Ran_ado_2025_19_Colorado2025_x011776_y001536
Unknown_Sample,20251031_081_pol_pro_Ran_ado_2025_19_Colorado2025.czi,Ran_ado,756.86,12601.0,2105.0,34,37,119.84,0.954,20251031_081_pol_pro_Ran_ado_2025_19_Colorado2025_x012288_y001536
Unknown_Sample,20251031_081_pol_pro_Ran_ado_2025_19_Colorado2025.czi,Ran_ado,437.88,12695.0,2130.0,27,28,90.77,0.947,20251031_081_pol_pro_Ran_ado_2025_19_Colorado2025_x012288_y001536
Unknown_Sample,20251031_081_pol_pro_Ran_ado_2025_19_Colorado2025.czi,Ran_ado,333.99,14430.0,1545.0,26,21,81.8,0.956,20251031_081_pol_pro_Ran_ado_2025_19_Colorado2025_x013824_y001536
Unknown_Sample,20251031_081_pol_pro_Ran_ado_2025_19_Colorado2025.czi,Ran_ado,333.99,14430.0,1545.0,26,21,81.8,0.956,20251031_081_pol_pro_Ran_ado_2025_19_Colorado2025_x014336_y001536
Unknown_Sample,20251031_081_pol_pro_Ran_ado_2025_19_Colorado2025.czi,Ran_ado,315.9,15479.0,2065.0,18,28,81.56,0.905,20251031_081_pol_pro_Ran_ado_2025_19_Colorado2025_x014848_y001536
Unknown_Sample,20251031_081_pol_pro_Ran_ado_2025_19_Colorado2025.czi,Ran_ado,504.83,15483.0,2065.0,29,28,95.94,0.954,20251031_081_pol_pro_Ran_ado_2025_19_Colorado2025_x015360_y001536
Unknown_Sample,20251031_081_pol_pro_Ran_ado_2025_19_Colorado2025.czi,Ran_ado,420.56,15910.0,1958.0,32,23,91.36,0.951,20251031_081_pol_pro_Ran_ado_2025_19_Colorado2025_x015360_y001536
Unknown_Sample,20251031_081_pol_pro_Ran_ado_2025_19_Colorado2025.czi,Ran_ado,421.33,15910.0,1958.0,32,23,91.36,0.95,20251031_081_pol_pro_Ran_ado_2025_19_Colorado2025_x015872_y001536
Unknown_Sample,20251031_081_pol_pro_Ran_ado_2025_19_Colorado2025.czi,Ran_ado,348.22,16813.0,1973.0,22,26,82.04,0.947,20251031_081_pol_pro_Ran_ado_2025_19_Colorado2025_x016384_y001536
Unknown_Sample,20251031_081_pol_pro_Ran_ado_2025_19_Colorado2025.czi,Ran_ado,440.95,921.0,2493.0,27,26,89.11,0.942,20251031_081_pol_pro_Ran_ado_2025_19_Colorado2025_x000512_y002048
Unknown_Sample,20251031_081_pol_pro_Ran_ado_2025_19_Colorado2025.czi,Ran_ado,293.97,2408.0,2491.0,21,23,73.46,0.94,20251031_081_pol_pro_Ran_ado_2025_19_Colorado2025_x002048_y002048
Unknown_Sample,20251031_081_pol_pro_Ran_ado_2025_19_Colorado2025.czi,Ran_ado,459.04,3081.0,2298.0,27,28,91.36,0.952,20251031_081_pol_pro_Ran_ado_2025_19_Colorado2025_x002560_y002048
Unknown_Sample,20251031_081_pol_pro_Ran_ado_2025_19_Colorado2025.czi,Ran_ado,405.17,3083.0,2298.0,23,28,88.04,0.956,20251031_081_pol_pro_Ran_ado_2025_19_Colorado2025_x003072_y002048
Unknown_Sample,20251031_081_pol_pro_Ran_ado_2025_19_Colorado2025.czi,Ran_ado,286.66,6049.0,2060.0,22,21,73.21,0.918,20251031_081_pol_pro_Ran_ado_2025_19_Colorado2025_x005632_y002048
Unknown_Sample,20251031_081_pol_pro_Ran_ado_2025_19_Colorado2025.czi,Ran_ado,778.02,6715.0,2553.0,34,38,120.08,0.945,20251031_081_pol_pro_Ran_ado_2025_19_Colorado2025_x006144_y002048
Unknown_Sample,20251031_081_pol_pro_Ran_ado_2025_19_Colorado2025.czi,Ran_ado,757.63,6714.0,2553.0,33,37,119.01,0.945,20251031_081_pol_pro_Ran_ado_2025_19_Colorado2025_x006656_y002048
Unknown_Sample,20251031_081_pol_pro_Ran_ado_2025_19_Colorado2025.czi,Ran_ado,353.99,7141.0,2111.0,24,25,82.28,0.942,20251031_081_pol_pro_Ran_ado_2025_19_Colorado2025_x006656_y002048
Unknown_Sample,20251031_081_pol_pro_Ran_ado_2025_19_Colorado2025.czi,Ran_ado,257.03,7226.0,2102.0,17,27,74.63,0.911,20251031_081_pol_pro_Ran_ado_2025_19_Colorado2025_x006656_y002048
Unknown_Sample,20251031_081_pol_pro_Ran_ado_2025_19_Colorado2025.czi,Ran_ado,353.23,7620.0,2636.0,25,25,81.94,0.947,20251031_081_pol_pro_Ran_ado_2025_19_Colorado2025_x007168_y002048
Unknown_Sample,20251031_081_pol_pro_Ran_ado_2025_19_Colorado2025.czi,Ran_ado,258.19,7226.0,2102.0,17,27,75.21,0.907,20251031_081_pol_pro_Ran_ado_2025_19_Colorado2025_x007168_y002048
Unknown_Sample,20251031_081_pol_pro_Ran_ado_2025_19_Colorado2025.czi,Ran_ado,704.14,7900.0,2577.0,32,37,114.08,0.967,20251031_081_pol_pro_Ran_ado_2025_19_Colorado2025_x007680_y002048
Unknown_Sample,20251031_081_pol_pro_Ran_ado_2025_19_Colorado2025.czi,Ran_ado,369.77,8030.0,2653.0,24,28,85.36,0.952,20251031_081_pol_pro_Ran_ado_2025_19_Colorado2025_x007680_y002048
Unknown_Sample,20251031_081_pol_pro_Ran_ado_2025_19_Colorado2025.czi,Ran_ado,771.09,8422.0,2634.0,36,35,118.08,0.964,20251031_081_pol_pro_Ran_ado_2025_19_Colorado2025_x008192_y002048
Unknown_Sample,20251031_081_pol_pro_Ran_ado_2025_19_Colorado2025.czi,Ran_ado,747.62,8746.0,2392.0,34,36,116.67,0.96,20251031_081_pol_pro_Ran_ado_2025_19_Colorado2025_x008192_y002048
Unknown_Sample,20251031_081_pol_pro_Ran_ado_2025_19_Colorado2025.czi,Ran_ado,857.28,8778.0,2121.0,38,37,124.91,0.955,20251031_081_pol_pro_Ran_ado_2025_19_Colorado2025_x008192_y002048
Unknown_Sample,20251031_081_pol_pro_Ran_ado_2025_19_Colorado2025.czi,Ran_ado,792.26,9095.0,2315.0,38,35,122.67,0.967,20251031_081_pol_pro_Ran_ado_2025_19_Colorado2025_x008704_y002048
Unknown_Sample,20251031_081_pol_pro_Ran_ado_2025_19_Colorado2025.czi,Ran_ado,718.38,9291.0,2393.0,35,34,114.67,0.962,20251031_081_pol_pro_Ran_ado_2025_19_Colorado2025_x008704_y002048
Unknown_Sample,20251031_081_pol_pro_Ran_ado_2025_19_Colorado2025.czi,Ran_ado,901.53,9175.0,2174.0,38,40,129.15,0.961,20251031_081_pol_pro_Ran_ado_2025_19_Colorado2025_x008704_y002048
Unknown_Sample,20251031_081_pol_pro_Ran_ado_2025_19_Colorado2025.czi,Ran_ado,746.47,8746.0,2392.0,34,36,116.08,0.959,20251031_081_pol_pro_Ran_ado_2025_19_Colorado2025_x008704_y002048
Unknown_Sample,20251031_081_pol_pro_Ran_ado_2025_19_Colorado2025.czi,Ran_ado,810.72,8854.0,2224.0,38,35,120.33,0.959,20251031_081_pol_pro_Ran_ado_2025_19_Colorado2025_x008704_y002048
Unknown_Sample,20251031_081_pol_pro_Ran_ado_2025_19_Colorado2025.czi,Ran_ado,854.97,8778.0,2121.0,38,37,124.91,0.956,20251031_081_pol_pro_Ran_ado_2025_19_Colorado2025_x008704_y002048
Unknown_Sample,20251031_081_pol_pro_Ran_ado_2025_19_Colorado2025.czi,Ran_ado,796.49,9513.0,2449.0,36,37,122.08,0.967,20251031_081_pol_pro_Ran_ado_2025_19_Colorado2025_x009216_y002048
Unknown_Sample,20251031_081_pol_pro_Ran_ado_2025_19_Colorado2025.czi,Ran_ado,706.45,9637.0,2276.0,34,35,114.08,0.964,20251031_081_pol_pro_Ran_ado_2025_19_Colorado2025_x009216_y002048
Unknown_Sample,20251031_081_pol_pro_Ran_ado_2025_19_Colorado2025.czi,Ran_ado,719.15,9291.0,2393.0,35,34,114.67,0.963,20251031_081_pol_pro_Ran_ado_2025_19_Colorado2025_x009216_y002048
Unknown_Sample,20251031_081_pol_pro_Ran_ado_2025_19_Colorado2025.czi,Ran_ado,721.46,9664.0,2312.0,36,33,115.84,0.958,20251031_081_pol_pro_Ran_ado_2025_19_Colorado2025_x009216_y002048
Unknown_Sample,20251031_081_pol_pro_Ran_ado_2025_19_Colorado2025.czi,Ran_ado,827.27,9692.0,2180.0,37,37,122.91,0.958,20251031_081_pol_pro_Ran_ado_2025_19_Colorado2025_x009216_y002048
Unknown_Sample,20251031_081_pol_pro_Ran_ado_2025_19_Colorado2025.czi,Ran_ado,835.35,9987.0,2249.0,37,37,123.5,0.962,20251031_081_pol_pro_Ran_ado_2025_19_Colorado2025_x009728_y002048
Unknown_Sample,20251031_081_pol_pro_Ran_ado_2025_19_Colorado2025.czi,Ran_ado,785.33,10139.0,2573.0,36,37,121.5,0.959,20251031_081_pol_pro_Ran_ado_2025_19_Colorado2025_x009728_y002048
Unknown_Sample,20251031_081_pol_pro_Ran_ado_2025_19_Colorado2025.czi,Ran_ado,817.65,9883.0,2422.0,38,35,121.5,0.958,20251031_081_pol_pro_Ran_ado_2025_19_Colorado2025_x009728_y002048
Unknown_Sample,20251031_081_pol_pro_Ran_ado_2025_19_Colorado2025.czi,Ran_ado,390.16,10106.0,2617.0,25,25,84.28,0.956,20251031_081_pol_pro_Ran_ado_2025_19_Colorado2025_x009728_y002048
Unknown_Sample,20251031_081_pol_pro_Ran_ado_2025_19_Colorado2025.czi,Ran_ado,590.25,10356.0,2515.0,23,40,112.63,0.932,20251031_081_pol_pro_Ran_ado_2025_19_Colorado2025_x009728_y002048
Unknown_Sample,20251031_081_pol_pro_Ran_ado_2025_19_Colorado2025.czi,Ran_ado,817.65,10456.0,2571.0,37,36,121.5,0.964,20251031_081_pol_pro_Ran_ado_2025_19_Colorado2025_x010240_y002048
Unknown_Sample,20251031_081_pol_pro_Ran_ado_2025_19_Colorado2025.czi,Ran_ado,794.95,10660.0,2453.0,36,36,121.25,0.961,20251031_081_pol_pro_Ran_ado_2025_19_Colorado2025_x010240_y002048
Unknown_Sample,20251031_081_pol_pro_Ran_ado_2025_19_Colorado2025.czi,Ran_ado,931.54,10362.0,2515.0,38,40,130.33,0.958,20251031_081_pol_pro_Ran_ado_2025_19_Colorado2025_x010240_y002048
Unknown_Sample,20251031_081_pol_pro_Ran_ado_2025_19_Colorado2025.czi,Ran_ado,731.08,10532.0,2215.0,35,35,116.08,0.958,20251031_081_pol_pro_Ran_ado_2025_19_Colorado2025_x010240_y002048
Unknown_Sample,20251031_081_pol_pro_Ran_ado_2025_19_Colorado2025.czi,Ran_ado,737.23,11342.0,2663.0,34,35,116.43,0.962,20251031_081_pol_pro_Ran_ado_2025_19_Colorado2025_x010752_y002048
Unknown_Sample,20251031_081_pol_pro_Ran_ado_2025_19_Colorado2025.czi,Ran_ado,754.55,10890.0,2394.0,35,35,116.67,0.96,20251031_081_pol_pro_Ran_ado_2025_19_Colorado2025_x010752_y002048
Unknown_Sample,20251031_081_pol_pro_Ran_ado_2025_19_Colorado2025.czi,Ran_ado,805.72,11127.0,2329.0,37,35,121.25,0.959,20251031_081_pol_pro_Ran_ado_2025_19_Colorado2025_x010752_y002048
Unknown_Sample,20251031_081_pol_pro_Ran_ado_2025_19_Colorado2025.czi,Ran_ado,922.31,11195.0,2113.0,39,39,130.33,0.951,20251031_081_pol_pro_Ran_ado_2025_19_Colorado2025_x010752_y002048
Unknown_Sample,20251031_081_pol_pro_Ran_ado_2025_19_Colorado2025.czi,Ran_ado,442.49,11205.0,2212.0,31,24,93.11,0.916,20251031_081_pol_pro_Ran_ado_2025_19_Colorado2025_x010752_y002048
Unknown_Sample,20251031_081_pol_pro_Ran_ado_2025_19_Colorado2025.czi,Ran_ado,738.77,11342.0,2663.0,34,35,116.43,0.962,20251031_081_pol_pro_Ran_ado_2025_19_Colorado2025_x011264_y002048
Unknown_Sample,20251031_081_pol_pro_Ran_ado_2025_19_Colorado2025.czi,Ran_ado,885.37,12096.0,2615.0,38,38,126.33,0.967,20251031_081_pol_pro_Ran_ado_2025_19_Colorado2025_x011776_y002048
Unknown_Sample,20251031_081_pol_pro_Ran_ado_2025_19_Colorado2025.czi,Ran_ado,777.63,12300.0,2208.0,36,36,119.5,0.958,20251031_081_pol_pro_Ran_ado_2025_19_Colorado2025_x011776_y002048
Unknown_Sample,20251031_081_pol_pro_Ran_ado_2025_19_Colorado2025.czi,Ran_ado,733.38,12258.0,2080.0,36,34,114.91,0.948,20251031_081_pol_pro_Ran_ado_2025_19_Colorado2025_x011776_y002048
Unknown_Sample,20251031_081_pol_pro_Ran_ado_2025_19_Colorado2025.czi,Ran_ado,667.59,12302.0,2208.0,30,35,112.53,0.963,20251031_081_pol_pro_Ran_ado_2025_19_Colorado2025_x012288_y002048
Unknown_Sample,20251031_081_pol_pro_Ran_ado_2025_19_Colorado2025.czi,Ran_ado,783.02,12526.0,2539.0,36,36,119.5,0.957,20251031_081_pol_pro_Ran_ado_2025_19_Colorado2025_x012288_y002048
Unknown_Sample,20251031_081_pol_pro_Ran_ado_2025_19_Colorado2025.czi,Ran_ado,854.2,12804.0,2458.0,35,40,123.74,0.956,20251031_081_pol_pro_Ran_ado_2025_19_Colorado2025_x012288_y002048
Unknown_Sample,20251031_081_pol_pro_Ran_ado_2025_19_Colorado2025.czi,Ran_ado,756.86,12601.0,2105.0,34,37,119.84,0.954,20251031_081_pol_pro_Ran_ado_2025_19_Colorado2025_x012288_y002048
Unknown_Sample,20251031_081_pol_pro_Ran_ado_2025_19_Colorado2025.czi,Ran_ado,437.88,12695.0,2130.0,27,28,90.77,0.948,20251031_081_pol_pro_Ran_ado_2025_19_Colorado2025_x012288_y002048
Unknown_Sample,20251031_081_pol_pro_Ran_ado_2025_19_Colorado2025.czi,Ran_ado,343.22,12725.0,2485.0,33,18,89.11,0.886,20251031_081_pol_pro_Ran_ado_2025_19_Colorado2025_x012288_y002048
Unknown_Sample,20251031_081_pol_pro_Ran_ado_2025_19_Colorado2025.czi,Ran_ado,563.31,12810.0,2457.0,22,41,111.46,0.951,20251031_081_pol_pro_Ran_ado_2025_19_Colorado2025_x012800_y002048
Unknown_Sample,20251031_081_pol_pro_Ran_ado_2025_19_Colorado2025.czi,Ran_ado,894.22,13629.0,2549.0,40,37,128.91,0.961,20251031_081_pol_pro_Ran_ado_2025_19_Colorado2025_x013312_y002048
Unknown_Sample,20251031_081_pol_pro_Ran_ado_2025_19_Colorado2025.czi,Ran_ado,490.21,14723.0,2668.0,26,32,96.77,0.948,20251031_081_pol_pro_Ran_ado_2025_19_Colorado2025_x014336_y002048
Unknown_Sample,20251031_081_pol_pro_Ran_ado_2025_19_Colorado2025.czi,Ran_ado,721.84,15215.0,2617.0,34,35,114.08,0.966,20251031_081_pol_pro_Ran_ado_2025_19_Colorado2025_x014848_y002048
Unknown_Sample,20251031_081_pol_pro_Ran_ado_2025_19_Colorado2025.czi,Ran_ado,317.44,15479.0,2065.0,18,28,81.56,0.905,20251031_081_pol_pro_Ran_ado_2025_19_Colorado2025_x014848_y002048
Unknown_Sample,20251031_081_pol_pro_Ran_ado_2025_19_Colorado2025.czi,Ran_ado,505.6,15483.0,2065.0,29,28,95.94,0.953,20251031_081_pol_pro_Ran_ado_2025_19_Colorado2025_x015360_y002048
Unknown_Sample,20251031_081_pol_pro_Ran_ado_2025_19_Colorado2025.czi,Ran_ado,475.97,692.0,2854.0,28,27,93.7,0.849,20251031_081_pol_pro_Ran_ado_2025_19_Colorado2025_x000512_y002560
Unknown_Sample,20251031_081_pol_pro_Ran_ado_2025_19_Colorado2025.czi,Ran_ado,740.31,5610.0,3064.0,33,37,116.08,0.963,20251031_081_pol_pro_Ran_ado_2025_19_Colorado2025_x005120_y002560
Unknown_Sample,20251031_081_pol_pro_Ran_ado_2025_19_Colorado2025.czi,Ran_ado,549.85,5767.0,3038.0,30,30,100.18,0.957,20251031_081_pol_pro_Ran_ado_2025_19_Colorado2025_x005632_y002560
Unknown_Sample,20251031_081_pol_pro_Ran_ado_2025_19_Colorado2025.czi,Ran_ado,676.82,6742.0,2883.0,34,33,110.67,0.969,20251031_081_pol_pro_Ran_ado_2025_19_Colorado2025_x006144_y002560
Unknown_Sample,20251031_081_pol_pro_Ran_ado_2025_19_Colorado2025.czi,Ran_ado,735.69,6609.0,3125.0,36,33,116.43,0.962,20251031_081_pol_pro_Ran_ado_2025_19_Colorado2025_x006144_y002560
Unknown_Sample,20251031_081_pol_pro_Ran_ado_2025_19_Colorado2025.czi,Ran_ado,720.69,6731.0,3100.0,35,34,114.67,0.962,20251031_081_pol_pro_Ran_ado_2025_19_Colorado2025_x006144_y002560
Unknown_Sample,20251031_081_pol_pro_Ran_ado_2025_19_Colorado2025.czi,Ran_ado,204.32,6715.0,2565.0,32,12,75.21,0.914,20251031_081_pol_pro_Ran_ado_2025_19_Colorado2025_x006144_y002560
Unknown_Sample,20251031_081_pol_pro_Ran_ado_2025_19_Colorado2025.czi,Ran_ado,676.82,6742.0,2883.0,34,33,110.67,0.969,20251031_081_pol_pro_Ran_ado_2025_19_Colorado2025_x006656_y002560
Unknown_Sample,20251031_081_pol_pro_Ran_ado_2025_19_Colorado2025.czi,Ran_ado,566.78,7123.0,3144.0,31,30,102.18,0.963,20251031_081_pol_pro_Ran_ado_2025_19_Colorado2025_x006656_y002560
Unknown_Sample,20251031_081_pol_pro_Ran_ado_2025_19_Colorado2025.czi,Ran_ado,720.69,6731.0,3100.0,35,34,114.67,0.963,20251031_081_pol_pro_Ran_ado_2025_19_Colorado2025_x006656_y002560
Unknown_Sample,20251031_081_pol_pro_Ran_ado_2025_19_Colorado2025.czi,Ran_ado,200.47,6715.0,2565.0,32,12,75.21,0.915,20251031_081_pol_pro_Ran_ado_2025_19_Colorado2025_x006656_y002560
Unknown_Sample,20251031_081_pol_pro_Ran_ado_2025_19_Colorado2025.czi,Ran_ado,351.3,7620.0,2636.0,25,25,82.53,0.95,20251031_081_pol_pro_Ran_ado_2025_19_Colorado2025_x007168_y002560
Unknown_Sample,20251031_081_pol_pro_Ran_ado_2025_19_Colorado2025.czi,Ran_ado,697.22,7900.0,2578.0,32,36,114.43,0.967,20251031_081_pol_pro_Ran_ado_2025_19_Colorado2025_x007680_y002560
Unknown_Sample,20251031_081_pol_pro_Ran_ado_2025_19_Colorado2025.czi,Ran_ado,764.55,7983.0,3044.0,37,34,118.67,0.965,20251031_081_pol_pro_Ran_ado_2025_19_Colorado2025_x007680_y002560
Unknown_Sample,20251031_081_pol_pro_Ran_ado_2025_19_Colorado2025.czi,Ran_ado,680.29,7822.0,2975.0,34,33,112.43,0.962,20251031_081_pol_pro_Ran_ado_2025_19_Colorado2025_x007680_y002560
Unknown_Sample,20251031_081_pol_pro_Ran_ado_2025_19_Colorado2025.czi,Ran_ado,781.87,8111.0,3034.0,35,37,120.08,0.962,20251031_081_pol_pro_Ran_ado_2025_19_Colorado2025_x007680_y002560
Unknown_Sample,20251031_081_pol_pro_Ran_ado_2025_19_Colorado2025.czi,Ran_ado,370.54,8030.0,2653.0,24,28,85.36,0.952,20251031_081_pol_pro_Ran_ado_2025_19_Colorado2025_x007680_y002560
Unknown_Sample,20251031_081_pol_pro_Ran_ado_2025_19_Colorado2025.czi,Ran_ado,594.48,8307.0,2981.0,26,35,109.21,0.946,20251031_081_pol_pro_Ran_ado_2025_19_Colorado2025_x007680_y002560
Unknown_Sample,20251031_081_pol_pro_Ran_ado_2025_19_Colorado2025.czi,Ran_ado,770.32,8422.0,2634.0,36,35,118.08,0.964,20251031_081_pol_pro_Ran_ado_2025_19_Colorado2025_x008192_y002560
Unknown_Sample,20251031_081_pol_pro_Ran_ado_2025_19_Colorado2025.czi,Ran_ado,736.08,8310.0,2981.0,34,35,115.84,0.964,20251031_081_pol_pro_Ran_ado_2025_19_Colorado2025_x008192_y002560
Unknown_Sample,20251031_081_pol_pro_Ran_ado_2025_19_Colorado2025.czi,Ran_ado,694.91,8402.0,3003.0,34,33,113.6,0.962,20251031_081_pol_pro_Ran_ado_2025_19_Colorado2025_x008192_y002560
Unknown_Sample,20251031_081_pol_pro_Ran_ado_2025_19_Colorado2025.czi,Ran_ado,494.44,8645.0,2807.0,25,33,99.7,0.954,20251031_081_pol_pro_Ran_ado_2025_19_Colorado2025_x008192_y002560
Unknown_Sample,20251031_081_pol_pro_Ran_ado_2025_19_Colorado2025.czi,Ran_ado,658.35,8946.0,2971.0,32,34,108.67,0.961,20251031_081_pol_pro_Ran_ado_2025_19_Colorado2025_x008704_y002560
Unknown_Sample,20251031_081_pol_pro_Ran_ado_2025_19_Colorado2025.czi,Ran_ado,766.86,9000.0,2901.0,36,36,118.33,0.959,20251031_081_pol_pro_Ran_ado_2025_19_Colorado2025_x008704_y002560
Unknown_Sample,20251031_081_pol_pro_Ran_ado_2025_19_Colorado2025.czi,Ran_ado,704.91,9528.0,2706.0,35,34,115.25,0.963,20251031_081_pol_pro_Ran_ado_2025_19_Colorado2025_x009216_y002560
Unknown_Sample,20251031_081_pol_pro_Ran_ado_2025_19_Colorado2025.czi,Ran_ado,744.16,9374.0,3023.0,36,35,118.08,0.962,20251031_081_pol_pro_Ran_ado_2025_19_Colorado2025_x009216_y002560
Unknown_Sample,20251031_081_pol_pro_Ran_ado_2025_19_Colorado2025.czi,Ran_ado,772.25,9863.0,2958.0,36,35,118.67,0.965,20251031_081_pol_pro_Ran_ado_2025_19_Colorado2025_x009728_y002560
Unknown_Sample,20251031_081_pol_pro_Ran_ado_2025_19_Colorado2025.czi,Ran_ado,709.53,10139.0,2575.0,35,32,115.94,0.961,20251031_081_pol_pro_Ran_ado_2025_19_Colorado2025_x009728_y002560
Unknown_Sample,20251031_081_pol_pro_Ran_ado_2025_19_Colorado2025.czi,Ran_ado,706.83,10100.0,2957.0,37,32,113.5,0.961,20251031_081_pol_pro_Ran_ado_2025_19_Colorado2025_x009728_y002560
Unknown_Sample,20251031_081_pol_pro_Ran_ado_2025_19_Colorado2025.czi,Ran_ado,692.98,10173.0,3031.0,34,34,111.5,0.96,20251031_081_pol_pro_Ran_ado_2025_19_Colorado2025_x009728_y002560
Unknown_Sample,20251031_081_pol_pro_Ran_ado_2025_19_Colorado2025.czi,Ran_ado,450.19,10304.0,3140.0,28,27,91.94,0.956,20251031_081_pol_pro_Ran_ado_2025_19_Colorado2025_x009728_y002560
Unknown_Sample,20251031_081_pol_pro_Ran_ado_2025_19_Colorado2025.czi,Ran_ado,390.16,10106.0,2617.0,25,25,84.28,0.956,20251031_081_pol_pro_Ran_ado_2025_19_Colorado2025_x009728_y002560
Unknown_Sample,20251031_081_pol_pro_Ran_ado_2025_19_Colorado2025.czi,Ran_ado,686.44,10457.0,2573.0,37,29,115.11,0.967,20251031_081_pol_pro_Ran_ado_2025_19_Colorado2025_x010240_y002560
Unknown_Sample,20251031_081_pol_pro_Ran_ado_2025_19_Colorado2025.czi,Ran_ado,728.38,10559.0,2726.0,35,34,115.84,0.961,20251031_081_pol_pro_Ran_ado_2025_19_Colorado2025_x010240_y002560
Unknown_Sample,20251031_081_pol_pro_Ran_ado_2025_19_Colorado2025.czi,Ran_ado,619.88,10807.0,3124.0,32,32,105.84,0.958,20251031_081_pol_pro_Ran_ado_2025_19_Colorado2025_x010240_y002560
Unknown_Sample,20251031_081_pol_pro_Ran_ado_2025_19_Colorado2025.czi,Ran_ado,451.73,10304.0,3140.0,28,27,91.94,0.955,20251031_081_pol_pro_Ran_ado_2025_19_Colorado2025_x010240_y002560
Unknown_Sample,20251031_081_pol_pro_Ran_ado_2025_19_Colorado2025.czi,Ran_ado,740.7,10945.0,3135.0,36,34,116.67,0.963,20251031_081_pol_pro_Ran_ado_2025_19_Colorado2025_x010752_y002560
Unknown_Sample,20251031_081_pol_pro_Ran_ado_2025_19_Colorado2025.czi,Ran_ado,737.23,11342.0,2663.0,34,35,116.43,0.963,20251031_081_pol_pro_Ran_ado_2025_19_Colorado2025_x010752_y002560
Unknown_Sample,20251031_081_pol_pro_Ran_ado_2025_19_Colorado2025.czi,Ran_ado,709.14,11306.0,3121.0,34,34,113.84,0.962,20251031_081_pol_pro_Ran_ado_2025_19_Colorado2025_x010752_y002560
Unknown_Sample,20251031_081_pol_pro_Ran_ado_2025_19_Colorado2025.czi,Ran_ado,753.39,10992.0,3140.0,34,37,119.25,0.962,20251031_081_pol_pro_Ran_ado_2025_19_Colorado2025_x010752_y002560
Unknown_Sample,20251031_081_pol_pro_Ran_ado_2025_19_Colorado2025.czi,Ran_ado,619.88,10807.0,3124.0,32,32,105.84,0.958,20251031_081_pol_pro_Ran_ado_2025_19_Colorado2025_x010752_y002560
Unknown_Sample,20251031_081_pol_pro_Ran_ado_2025_19_Colorado2025.czi,Ran_ado,691.44,11518.0,3131.0,33,34,113.01,0.967,20251031_081_pol_pro_Ran_ado_2025_19_Colorado2025_x011264_y002560
Unknown_Sample,20251031_081_pol_pro_Ran_ado_2025_19_Colorado2025.czi,Ran_ado,710.3,11306.0,3121.0,34,34,114.43,0.963,20251031_081_pol_pro_Ran_ado_2025_19_Colorado2025_x011264_y002560
Unknown_Sample,20251031_081_pol_pro_Ran_ado_2025_19_Colorado2025.czi,Ran_ado,737.23,11342.0,2663.0,34,35,116.43,0.963,20251031_081_pol_pro_Ran_ado_2025_19_Colorado2025_x011264_y002560
Unknown_Sample,20251031_081_pol_pro_Ran_ado_2025_19_Colorado2025.czi,Ran_ado,683.75,11600.0,3089.0,35,33,113.84,0.96,20251031_081_pol_pro_Ran_ado_2025_19_Colorado2025_x011264_y002560
Unknown_Sample,20251031_081_pol_pro_Ran_ado_2025_19_Colorado2025.czi,Ran_ado,721.84,11580.0,3007.0,33,38,116.91,0.959,20251031_081_pol_pro_Ran_ado_2025_19_Colorado2025_x011264_y002560
Unknown_Sample,20251031_081_pol_pro_Ran_ado_2025_19_Colorado2025.czi,Ran_ado,436.72,11408.0,3015.0,28,26,91.7,0.956,20251031_081_pol_pro_Ran_ado_2025_19_Colorado2025_x011264_y002560
Unknown_Sample,20251031_081_pol_pro_Ran_ado_2025_19_Colorado2025.czi,Ran_ado,880.37,12096.0,2615.0,38,38,125.74,0.969,20251031_081_pol_pro_Ran_ado_2025_19_Colorado2025_x011776_y002560
Unknown_Sample,20251031_081_pol_pro_Ran_ado_2025_19_Colorado2025.czi,Ran_ado,792.64,11937.0,3072.0,36,36,120.08,0.964,20251031_081_pol_pro_Ran_ado_2025_19_Colorado2025_x011776_y002560
Unknown_Sample,20251031_081_pol_pro_Ran_ado_2025_19_Colorado2025.czi,Ran_ado,915.0,12213.0,2707.0,37,40,128.91,0.964,20251031_081_pol_pro_Ran_ado_2025_19_Colorado2025_x011776_y002560
Unknown_Sample,20251031_081_pol_pro_Ran_ado_2025_19_Colorado2025.czi,Ran_ado,734.15,12565.0,2908.0,36,34,116.08,0.963,20251031_081_pol_pro_Ran_ado_2025_19_Colorado2025_x012288_y002560
Unknown_Sample,20251031_081_pol_pro_Ran_ado_2025_19_Colorado2025.czi,Ran_ado,699.52,12724.0,3051.0,35,33,113.25,0.963,20251031_081_pol_pro_Ran_ado_2025_19_Colorado2025_x012288_y002560
Unknown_Sample,20251031_081_pol_pro_Ran_ado_2025_19_Colorado2025.czi,Ran_ado,787.25,12522.0,2945.0,37,35,121.25,0.959,20251031_081_pol_pro_Ran_ado_2025_19_Colorado2025_x012288_y002560
Unknown_Sample,20251031_081_pol_pro_Ran_ado_2025_19_Colorado2025.czi,Ran_ado,889.22,13095.0,2752.0,40,37,127.15,0.967,20251031_081_pol_pro_Ran_ado_2025_19_Colorado2025_x012800_y002560
Unknown_Sample,20251031_081_pol_pro_Ran_ado_2025_19_Colorado2025.czi,Ran_ado,686.83,13297.0,2994.0,33,34,111.84,0.962,20251031_081_pol_pro_Ran_ado_2025_19_Colorado2025_x012800_y002560
Unknown_Sample,20251031_081_pol_pro_Ran_ado_2025_19_Colorado2025.czi,Ran_ado,656.81,13828.0,3132.0,31,35,111.01,0.961,20251031_081_pol_pro_Ran_ado_2025_19_Colorado2025_x013312_y002560
Unknown_Sample,20251031_081_pol_pro_Ran_ado_2025_19_Colorado2025.czi,Ran_ado,415.94,13833.0,3133.0,20,35,96.04,0.963,20251031_081_pol_pro_Ran_ado_2025_19_Colorado2025_x013824_y002560
Unknown_Sample,20251031_081_pol_pro_Ran_ado_2025_19_Colorado2025.czi,Ran_ado,749.93,14332.0,3114.0,34,36,117.84,0.962,20251031_081_pol_pro_Ran_ado_2025_19_Colorado2025_x013824_y002560
Unknown_Sample,20251031_081_pol_pro_Ran_ado_2025_19_Colorado2025.czi,Ran_ado,514.45,14289.0,2808.0,28,30,97.36,0.961,20251031_081_pol_pro_Ran_ado_2025_19_Colorado2025_x013824_y002560
Unknown_Sample,20251031_081_pol_pro_Ran_ado_2025_19_Colorado2025.czi,Ran_ado,487.51,14723.0,2668.0,26,31,95.36,0.952,20251031_081_pol_pro_Ran_ado_2025_19_Colorado2025_x014336_y002560
Unknown_Sample,20251031_081_pol_pro_Ran_ado_2025_19_Colorado2025.czi,Ran_ado,743.0,14789.0,3021.0,36,36,118.33,0.941,20251031_081_pol_pro_Ran_ado_2025_19_Colorado2025_x014336_y002560
Unknown_Sample,20251031_081_pol_pro_Ran_ado_2025_19_Colorado2025.czi,Ran_ado,816.11,14753.0,3027.0,34,39,121.5,0.941,20251031_081_pol_pro_Ran_ado_2025_19_Colorado2025_x014336_y002560
Unknown_Sample,20251031_081_pol_pro_Ran_ado_2025_19_Colorado2025.czi,Ran_ado,264.73,14342.0,3114.0,14,34,82.63,0.94,20251031_081_pol_pro_Ran_ado_2025_19_Colorado2025_x014336_y002560
Unknown_Sample,20251031_081_pol_pro_Ran_ado_2025_19_Colorado2025.czi,Ran_ado,721.84,15215.0,2617.0,34,35,114.08,0.966,20251031_081_pol_pro_Ran_ado_2025_19_Colorado2025_x014848_y002560
Unknown_Sample,20251031_081_pol_pro_Ran_ado_2025_19_Colorado2025.czi,Ran_ado,687.6,15031.0,3025.0,33,34,111.84,0.964,20251031_081_pol_pro_Ran_ado_2025_19_Colorado2025_x014848_y002560
Unknown_Sample,20251031_081_pol_pro_Ran_ado_2025_19_Colorado2025.czi,Ran_ado,688.37,15902.0,2779.0,34,33,111.84,0.965,20251031_081_pol_pro_Ran_ado_2025_19_Colorado2025_x015360_y002560
Unknown_Sample,20251031_081_pol_pro_Ran_ado_2025_19_Colorado2025.czi,Ran_ado,270.5,15572.0,3192.0,31,15,79.21,0.902,20251031_081_pol_pro_Ran_ado_2025_19_Colorado2025_x015360_y002560
Unknown_Sample,20251031_081_pol_pro_Ran_ado_2025_19_Colorado2025.czi,Ran_ado,688.37,15902.0,2779.0,34,33,111.84,0.964,20251031_081_pol_pro_Ran_ado_2025_19_Colorado2025_x015872_y002560
Unknown_Sample,20251031_081_pol_pro_Ran_ado_2025_19_Colorado2025.czi,Ran_ado,450.19,16323.0,3146.0,27,30,91.25,0.951,20251031_081_pol_pro_Ran_ado_2025_19_Colorado2025_x015872_y002560
Unknown_Sample,20251031_081_pol_pro_Ran_ado_2025_19_Colorado2025.czi,Ran_ado,788.41,16842.0,3072.0,37,36,121.5,0.962,20251031_081_pol_pro_Ran_ado_2025_19_Colorado2025_x016384_y002560
Unknown_Sample,20251031_081_pol_pro_Ran_ado_2025_19_Colorado2025.czi,Ran_ado,833.81,17356.0,2833.0,36,37,123.84,0.947,20251031_081_pol_pro_Ran_ado_2025_19_Colorado2025_x016896_y002560
Unknown_Sample,20251031_081_pol_pro_Ran_ado_2025_19_Colorado2025.czi,Ran_ado,419.79,940.0,3256.0,28,25,88.53,0.947,20251031_081_pol_pro_Ran_ado_2025_19_Colorado2025_x000512_y003072
Unknown_Sample,20251031_081_pol_pro_Ran_ado_2025_19_Colorado2025.czi,Ran_ado,320.9,1359.0,3613.0,24,22,77.46,0.936,20251031_081_pol_pro_Ran_ado_2025_19_Colorado2025_x001024_y003072
Unknown_Sample,20251031_081_pol_pro_Ran_ado_2025_19_Colorado2025.czi,Ran_ado,250.49,1622.0,3410.0,24,18,70.04,0.892,20251031_081_pol_pro_Ran_ado_2025_19_Colorado2025_x001024_y003072
Unknown_Sample,20251031_081_pol_pro_Ran_ado_2025_19_Colorado2025.czi,Ran_ado,289.35,1401.0,3679.0,23,22,75.46,0.518,20251031_081_pol_pro_Ran_ado_2025_19_Colorado2025_x001024_y003072
Unknown_Sample,20251031_081_pol_pro_Ran_ado_2025_19_Colorado2025.czi,Ran_ado,250.49,1622.0,3410.0,24,18,70.04,0.884,20251031_081_pol_pro_Ran_ado_2025_19_Colorado2025_x001536_y003072
Unknown_Sample,20251031_081_pol_pro_Ran_ado_2025_19_Colorado2025.czi,Ran_ado,622.18,5203.0,3683.0,35,30,106.67,0.96,20251031_081_pol_pro_Ran_ado_2025_19_Colorado2025_x004608_y003072
Unknown_Sample,20251031_081_pol_pro_Ran_ado_2025_19_Colorado2025.czi,Ran_ado,262.8,5241.0,3640.0,14,33,81.21,0.888,20251031_081_pol_pro_Ran_ado_2025_19_Colorado2025_x004608_y003072
Unknown_Sample,20251031_081_pol_pro_Ran_ado_2025_19_Colorado2025.czi,Ran_ado,657.97,5494.0,3412.0,35,31,109.25,0.965,20251031_081_pol_pro_Ran_ado_2025_19_Colorado2025_x005120_y003072
Unknown_Sample,20251031_081_pol_pro_Ran_ado_2025_19_Colorado2025.czi,Ran_ado,751.47,5620.0,3463.0,33,37,116.67,0.963,20251031_081_pol_pro_Ran_ado_2025_19_Colorado2025_x005120_y003072
Unknown_Sample,20251031_081_pol_pro_Ran_ado_2025_19_Colorado2025.czi,Ran_ado,658.74,5350.0,3267.0,33,33,110.43,0.961,20251031_081_pol_pro_Ran_ado_2025_19_Colorado2025_x005120_y003072
Unknown_Sample,20251031_081_pol_pro_Ran_ado_2025_19_Colorado2025.czi,Ran_ado,654.51,5249.0,3640.0,33,33,108.67,0.961,20251031_081_pol_pro_Ran_ado_2025_19_Colorado2025_x005120_y003072
Unknown_Sample,20251031_081_pol_pro_Ran_ado_2025_19_Colorado2025.czi,Ran_ado,739.93,5666.0,3399.0,35,35,117.84,0.961,20251031_081_pol_pro_Ran_ado_2025_19_Colorado2025_x005120_y003072
Unknown_Sample,20251031_081_pol_pro_Ran_ado_2025_19_Colorado2025.czi,Ran_ado,621.41,5203.0,3683.0,35,30,106.67,0.96,20251031_081_pol_pro_Ran_ado_2025_19_Colorado2025_x005120_y003072
Unknown_Sample,20251031_081_pol_pro_Ran_ado_2025_19_Colorado2025.czi,Ran_ado,656.81,5425.0,3498.0,32,33,110.18,0.958,20251031_081_pol_pro_Ran_ado_2025_19_Colorado2025_x005120_y003072
Unknown_Sample,20251031_081_pol_pro_Ran_ado_2025_19_Colorado2025.czi,Ran_ado,161.61,5610.0,3077.0,31,11,70.63,0.951,20251031_081_pol_pro_Ran_ado_2025_19_Colorado2025_x005120_y003072
Unknown_Sample,20251031_081_pol_pro_Ran_ado_2025_19_Colorado2025.czi,Ran_ado,783.41,6057.0,3304.0,34,38,120.08,0.963,20251031_081_pol_pro_Ran_ado_2025_19_Colorado2025_x005632_y003072
Unknown_Sample,20251031_081_pol_pro_Ran_ado_2025_19_Colorado2025.czi,Ran_ado,771.09,6206.0,3642.0,33,39,120.08,0.961,20251031_081_pol_pro_Ran_ado_2025_19_Colorado2025_x005632_y003072
Unknown_Sample,20251031_081_pol_pro_Ran_ado_2025_19_Colorado2025.czi,Ran_ado,743.39,5666.0,3399.0,35,35,118.43,0.96,20251031_081_pol_pro_Ran_ado_2025_19_Colorado2025_x005632_y003072
Unknown_Sample,20251031_081_pol_pro_Ran_ado_2025_19_Colorado2025.czi,Ran_ado,606.02,6499.0,3287.0,32,31,105.01,0.964,20251031_081_pol_pro_Ran_ado_2025_19_Colorado2025_x006144_y003072
Unknown_Sample,20251031_081_pol_pro_Ran_ado_2025_19_Colorado2025.czi,Ran_ado,735.69,6609.0,3125.0,36,33,116.43,0.962,20251031_081_pol_pro_Ran_ado_2025_19_Colorado2025_x006144_y003072
Unknown_Sample,20251031_081_pol_pro_Ran_ado_2025_19_Colorado2025.czi,Ran_ado,721.46,6731.0,3100.0,35,34,114.67,0.962,20251031_081_pol_pro_Ran_ado_2025_19_Colorado2025_x006144_y003072
Unknown_Sample,20251031_081_pol_pro_Ran_ado_2025_19_Colorado2025.czi,Ran_ado,771.09,6206.0,3642.0,33,39,120.08,0.961,20251031_081_pol_pro_Ran_ado_2025_19_Colorado2025_x006144_y003072
Unknown_Sample,20251031_081_pol_pro_Ran_ado_2025_19_Colorado2025.czi,Ran_ado,684.52,6765.0,3430.0,33,34,113.01,0.958,20251031_081_pol_pro_Ran_ado_2025_19_Colorado2025_x006144_y003072
Unknown_Sample,20251031_081_pol_pro_Ran_ado_2025_19_Colorado2025.czi,Ran_ado,685.67,6765.0,3430.0,33,34,112.43,0.963,20251031_081_pol_pro_Ran_ado_2025_19_Colorado2025_x006656_y003072
Unknown_Sample,20251031_081_pol_pro_Ran_ado_2025_19_Colorado2025.czi,Ran_ado,721.84,6731.0,3100.0,35,34,115.25,0.963,20251031_081_pol_pro_Ran_ado_2025_19_Colorado2025_x006656_y003072
Unknown_Sample,20251031_081_pol_pro_Ran_ado_2025_19_Colorado2025.czi,Ran_ado,566.78,7123.0,3144.0,31,30,102.18,0.963,20251031_081_pol_pro_Ran_ado_2025_19_Colorado2025_x006656_y003072
Unknown_Sample,20251031_081_pol_pro_Ran_ado_2025_19_Colorado2025.czi,Ran_ado,639.5,6841.0,3494.0,33,33,108.08,0.96,20251031_081_pol_pro_Ran_ado_2025_19_Colorado2025_x006656_y003072
Unknown_Sample,20251031_081_pol_pro_Ran_ado_2025_19_Colorado2025.czi,Ran_ado,550.23,7104.0,3698.0,31,27,102.63,0.946,20251031_081_pol_pro_Ran_ado_2025_19_Colorado2025_x006656_y003072
Unknown_Sample,20251031_081_pol_pro_Ran_ado_2025_19_Colorado2025.czi,Ran_ado,664.89,7416.0,3338.0,35,32,111.25,0.964,20251031_081_pol_pro_Ran_ado_2025_19_Colorado2025_x007168_y003072
Unknown_Sample,20251031_081_pol_pro_Ran_ado_2025_19_Colorado2025.czi,Ran_ado,616.03,7456.0,3206.0,30,32,107.7,0.962,20251031_081_pol_pro_Ran_ado_2025_19_Colorado2025_x007168_y003072
Unknown_Sample,20251031_081_pol_pro_Ran_ado_2025_19_Colorado2025.czi,Ran_ado,657.58,8115.0,3625.0,32,34,108.67,0.965,20251031_081_pol_pro_Ran_ado_2025_19_Colorado2025_x007680_y003072
Unknown_Sample,20251031_081_pol_pro_Ran_ado_2025_19_Colorado2025.czi,Ran_ado,508.67,8254.0,3562.0,29,30,98.77,0.959,20251031_081_pol_pro_Ran_ado_2025_19_Colorado2025_x007680_y003072
Unknown_Sample,20251031_081_pol_pro_Ran_ado_2025_19_Colorado2025.czi,Ran_ado,636.42,8491.0,3310.0,34,31,109.6,0.963,20251031_081_pol_pro_Ran_ado_2025_19_Colorado2025_x008192_y003072
Unknown_Sample,20251031_081_pol_pro_Ran_ado_2025_19_Colorado2025.czi,Ran_ado,834.58,8750.0,3267.0,39,36,123.15,0.962,20251031_081_pol_pro_Ran_ado_2025_19_Colorado2025_x008192_y003072
Unknown_Sample,20251031_081_pol_pro_Ran_ado_2025_19_Colorado2025.czi,Ran_ado,796.87,8728.0,3222.0,37,35,119.5,0.96,20251031_081_pol_pro_Ran_ado_2025_19_Colorado2025_x008192_y003072
Unknown_Sample,20251031_081_pol_pro_Ran_ado_2025_19_Colorado2025.czi,Ran_ado,510.21,8254.0,3562.0,29,30,98.77,0.959,20251031_081_pol_pro_Ran_ado_2025_19_Colorado2025_x008192_y003072
Unknown_Sample,20251031_081_pol_pro_Ran_ado_2025_19_Colorado2025.czi,Ran_ado,726.46,9186.0,3610.0,34,35,115.25,0.965,20251031_081_pol_pro_Ran_ado_2025_19_Colorado2025_x008704_y003072
Unknown_Sample,20251031_081_pol_pro_Ran_ado_2025_19_Colorado2025.czi,Ran_ado,836.12,8750.0,3267.0,39,36,123.15,0.962,20251031_081_pol_pro_Ran_ado_2025_19_Colorado2025_x008704_y003072
Unknown_Sample,20251031_081_pol_pro_Ran_ado_2025_19_Colorado2025.czi,Ran_ado,620.64,9234.0,3370.0,33,31,107.01,0.961,20251031_081_pol_pro_Ran_ado_2025_19_Colorado2025_x008704_y003072
Unknown_Sample,20251031_081_pol_pro_Ran_ado_2025_19_Colorado2025.czi,Ran_ado,796.1,8728.0,3222.0,37,35,119.5,0.96,20251031_081_pol_pro_Ran_ado_2025_19_Colorado2025_x008704_y003072
Unknown_Sample,20251031_081_pol_pro_Ran_ado_2025_19_Colorado2025.czi,Ran_ado,623.72,9715.0,3600.0,30,35,107.84,0.965,20251031_081_pol_pro_Ran_ado_2025_19_Colorado2025_x009216_y003072
Unknown_Sample,20251031_081_pol_pro_Ran_ado_2025_19_Colorado2025.czi,Ran_ado,662.59,9741.0,3668.0,32,34,109.25,0.963,20251031_081_pol_pro_Ran_ado_2025_19_Colorado2025_x009216_y003072
Unknown_Sample,20251031_081_pol_pro_Ran_ado_2025_19_Colorado2025.czi,Ran_ado,616.03,9234.0,3370.0,33,30,107.36,0.959,20251031_081_pol_pro_Ran_ado_2025_19_Colorado2025_x009216_y003072
Unknown_Sample,20251031_081_pol_pro_Ran_ado_2025_19_Colorado2025.czi,Ran_ado,633.34,9742.0,3668.0,29,35,108.77,0.965,20251031_081_pol_pro_Ran_ado_2025_19_Colorado2025_x009728_y003072
Unknown_Sample,20251031_081_pol_pro_Ran_ado_2025_19_Colorado2025.czi,Ran_ado,712.99,10343.0,3642.0,35,33,115.01,0.963,20251031_081_pol_pro_Ran_ado_2025_19_Colorado2025_x009728_y003072
Unknown_Sample,20251031_081_pol_pro_Ran_ado_2025_19_Colorado2025.czi,Ran_ado,450.19,10304.0,3140.0,28,27,91.94,0.956,20251031_081_pol_pro_Ran_ado_2025_19_Colorado2025_x009728_y003072
Unknown_Sample,20251031_081_pol_pro_Ran_ado_2025_19_Colorado2025.czi,Ran_ado,713.76,10343.0,3642.0,35,33,115.01,0.964,20251031_081_pol_pro_Ran_ado_2025_19_Colorado2025_x010240_y003072
Unknown_Sample,20251031_081_pol_pro_Ran_ado_2025_19_Colorado2025.czi,Ran_ado,620.64,10807.0,3124.0,32,32,105.84,0.959,20251031_081_pol_pro_Ran_ado_2025_19_Colorado2025_x010240_y003072
Unknown_Sample,20251031_081_pol_pro_Ran_ado_2025_19_Colorado2025.czi,Ran_ado,452.11,10304.0,3140.0,28,27,92.53,0.956,20251031_081_pol_pro_Ran_ado_2025_19_Colorado2025_x010240_y003072
Unknown_Sample,20251031_081_pol_pro_Ran_ado_2025_19_Colorado2025.czi,Ran_ado,407.86,10701.0,3702.0,33,20,93.8,0.922,20251031_081_pol_pro_Ran_ado_2025_19_Colorado2025_x010240_y003072
Unknown_Sample,20251031_081_pol_pro_Ran_ado_2025_19_Colorado2025.czi,Ran_ado,751.08,11009.0,3495.0,33,37,117.25,0.965,20251031_081_pol_pro_Ran_ado_2025_19_Colorado2025_x010752_y003072
Unknown_Sample,20251031_081_pol_pro_Ran_ado_2025_19_Colorado2025.czi,Ran_ado,740.7,10945.0,3135.0,36,34,116.67,0.963,20251031_081_pol_pro_Ran_ado_2025_19_Colorado2025_x010752_y003072
Unknown_Sample,20251031_081_pol_pro_Ran_ado_2025_19_Colorado2025.czi,Ran_ado,629.11,11247.0,3588.0,33,31,107.01,0.963,20251031_081_pol_pro_Ran_ado_2025_19_Colorado2025_x010752_y003072
Unknown_Sample,20251031_081_pol_pro_Ran_ado_2025_19_Colorado2025.czi,Ran_ado,707.6,11306.0,3121.0,34,34,112.67,0.962,20251031_081_pol_pro_Ran_ado_2025_19_Colorado2025_x010752_y003072
Unknown_Sample,20251031_081_pol_pro_Ran_ado_2025_19_Colorado2025.czi,Ran_ado,754.55,10992.0,3140.0,34,37,118.67,0.962,20251031_081_pol_pro_Ran_ado_2025_19_Colorado2025_x010752_y003072
Unknown_Sample,20251031_081_pol_pro_Ran_ado_2025_19_Colorado2025.czi,Ran_ado,754.16,11362.0,3486.0,33,38,116.91,0.96,20251031_081_pol_pro_Ran_ado_2025_19_Colorado2025_x010752_y003072
Unknown_Sample,20251031_081_pol_pro_Ran_ado_2025_19_Colorado2025.czi,Ran_ado,649.5,10906.0,3280.0,32,34,110.43,0.959,20251031_081_pol_pro_Ran_ado_2025_19_Colorado2025_x010752_y003072
Unknown_Sample,20251031_081_pol_pro_Ran_ado_2025_19_Colorado2025.czi,Ran_ado,619.88,10807.0,3124.0,32,32,105.84,0.959,20251031_081_pol_pro_Ran_ado_2025_19_Colorado2025_x010752_y003072
Unknown_Sample,20251031_081_pol_pro_Ran_ado_2025_19_Colorado2025.czi,Ran_ado,617.57,11020.0,3345.0,31,33,105.84,0.958,20251031_081_pol_pro_Ran_ado_2025_19_Colorado2025_x010752_y003072
Unknown_Sample,20251031_081_pol_pro_Ran_ado_2025_19_Colorado2025.czi,Ran_ado,690.29,11518.0,3131.0,33,34,112.43,0.966,20251031_081_pol_pro_Ran_ado_2025_19_Colorado2025_x011264_y003072
Unknown_Sample,20251031_081_pol_pro_Ran_ado_2025_19_Colorado2025.czi,Ran_ado,706.83,11306.0,3121.0,34,34,112.67,0.962,20251031_081_pol_pro_Ran_ado_2025_19_Colorado2025_x011264_y003072
Unknown_Sample,20251031_081_pol_pro_Ran_ado_2025_19_Colorado2025.czi,Ran_ado,657.58,11425.0,3551.0,31,35,111.01,0.961,20251031_081_pol_pro_Ran_ado_2025_19_Colorado2025_x011264_y003072
Unknown_Sample,20251031_081_pol_pro_Ran_ado_2025_19_Colorado2025.czi,Ran_ado,618.72,11406.0,3390.0,32,32,107.6,0.96,20251031_081_pol_pro_Ran_ado_2025_19_Colorado2025_x011264_y003072
Unknown_Sample,20251031_081_pol_pro_Ran_ado_2025_19_Colorado2025.czi,Ran_ado,753.39,11362.0,3486.0,33,38,116.91,0.96,20251031_081_pol_pro_Ran_ado_2025_19_Colorado2025_x011264_y003072
Unknown_Sample,20251031_081_pol_pro_Ran_ado_2025_19_Colorado2025.czi,Ran_ado,687.21,11600.0,3089.0,35,33,114.43,0.956,20251031_081_pol_pro_Ran_ado_2025_19_Colorado2025_x011264_y003072
Unknown_Sample,20251031_081_pol_pro_Ran_ado_2025_19_Colorado2025.czi,Ran_ado,667.97,12156.0,3564.0,32,35,112.43,0.964,20251031_081_pol_pro_Ran_ado_2025_19_Colorado2025_x011776_y003072
Unknown_Sample,20251031_081_pol_pro_Ran_ado_2025_19_Colorado2025.czi,Ran_ado,693.37,12151.0,3463.0,34,34,114.43,0.963,20251031_081_pol_pro_Ran_ado_2025_19_Colorado2025_x011776_y003072
Unknown_Sample,20251031_081_pol_pro_Ran_ado_2025_19_Colorado2025.czi,Ran_ado,689.9,12243.0,3537.0,33,34,111.84,0.96,20251031_081_pol_pro_Ran_ado_2025_19_Colorado2025_x011776_y003072
Unknown_Sample,20251031_081_pol_pro_Ran_ado_2025_19_Colorado2025.czi,Ran_ado,377.85,11936.0,3080.0,36,19,94.28,0.953,20251031_081_pol_pro_Ran_ado_2025_19_Colorado2025_x011776_y003072
Unknown_Sample,20251031_081_pol_pro_Ran_ado_2025_19_Colorado2025.czi,Ran_ado,518.29,12402.0,3354.0,27,30,100.04,0.943,20251031_081_pol_pro_Ran_ado_2025_19_Colorado2025_x011776_y003072
Unknown_Sample,20251031_081_pol_pro_Ran_ado_2025_19_Colorado2025.czi,Ran_ado,679.9,12591.0,3578.0,32,35,111.84,0.964,20251031_081_pol_pro_Ran_ado_2025_19_Colorado2025_x012288_y003072
Unknown_Sample,20251031_081_pol_pro_Ran_ado_2025_19_Colorado2025.czi,Ran_ado,596.4,12404.0,3354.0,33,30,106.77,0.961,20251031_081_pol_pro_Ran_ado_2025_19_Colorado2025_x012288_y003072
Unknown_Sample,20251031_081_pol_pro_Ran_ado_2025_19_Colorado2025.czi,Ran_ado,336.29,12653.0,3513.0,20,27,79.46,0.951,20251031_081_pol_pro_Ran_ado_2025_19_Colorado2025_x012288_y003072
Unknown_Sample,20251031_081_pol_pro_Ran_ado_2025_19_Colorado2025.czi,Ran_ado,675.67,13164.0,3657.0,34,32,110.43,0.964,20251031_081_pol_pro_Ran_ado_2025_19_Colorado2025_x012800_y003072
Unknown_Sample,20251031_081_pol_pro_Ran_ado_2025_19_Colorado2025.czi,Ran_ado,736.85,13371.0,3304.0,33,36,115.84,0.961,20251031_081_pol_pro_Ran_ado_2025_19_Colorado2025_x012800_y003072
Unknown_Sample,20251031_081_pol_pro_Ran_ado_2025_19_Colorado2025.czi,Ran_ado,559.47,13194.0,3374.0,31,30,101.6,0.959,20251031_081_pol_pro_Ran_ado_2025_19_Colorado2025_x012800_y003072
Unknown_Sample,20251031_081_pol_pro_Ran_ado_2025_19_Colorado2025.czi,Ran_ado,649.5,13923.0,3310.0,31,34,108.43,0.965,20251031_081_pol_pro_Ran_ado_2025_19_Colorado2025_x013312_y003072
Unknown_Sample,20251031_081_pol_pro_Ran_ado_2025_19_Colorado2025.czi,Ran_ado,770.71,13546.0,3224.0,34,38,118.33,0.964,20251031_081_pol_pro_Ran_ado_2025_19_Colorado2025_x013312_y003072
Unknown_Sample,20251031_081_pol_pro_Ran_ado_2025_19_Colorado2025.czi,Ran_ado,700.29,13789.0,3269.0,33,36,115.25,0.963,20251031_081_pol_pro_Ran_ado_2025_19_Colorado2025_x013312_y003072
Unknown_Sample,20251031_081_pol_pro_Ran_ado_2025_19_Colorado2025.czi,Ran_ado,717.61,13601.0,3240.0,34,35,114.67,0.963,20251031_081_pol_pro_Ran_ado_2025_19_Colorado2025_x013312_y003072
Unknown_Sample,20251031_081_pol_pro_Ran_ado_2025_19_Colorado2025.czi,Ran_ado,655.66,13828.0,3132.0,31,35,110.43,0.961,20251031_081_pol_pro_Ran_ado_2025_19_Colorado2025_x013312_y003072
Unknown_Sample,20251031_081_pol_pro_Ran_ado_2025_19_Colorado2025.czi,Ran_ado,736.85,13371.0,3304.0,33,36,115.84,0.961,20251031_081_pol_pro_Ran_ado_2025_19_Colorado2025_x013312_y003072
Unknown_Sample,20251031_081_pol_pro_Ran_ado_2025_19_Colorado2025.czi,Ran_ado,412.87,13833.0,3133.0,19,35,95.21,0.964,20251031_081_pol_pro_Ran_ado_2025_19_Colorado2025_x013824_y003072
Unknown_Sample,20251031_081_pol_pro_Ran_ado_2025_19_Colorado2025.czi,Ran_ado,655.27,13923.0,3310.0,31,35,109.84,0.963,20251031_081_pol_pro_Ran_ado_2025_19_Colorado2025_x013824_y003072
Unknown_Sample,20251031_081_pol_pro_Ran_ado_2025_19_Colorado2025.czi,Ran_ado,768.01,14123.0,3464.0,35,36,118.08,0.961,20251031_081_pol_pro_Ran_ado_2025_19_Colorado2025_x013824_y003072
Unknown_Sample,20251031_081_pol_pro_Ran_ado_2025_19_Colorado2025.czi,Ran_ado,749.93,14332.0,3114.0,34,36,117.84,0.961,20251031_081_pol_pro_Ran_ado_2025_19_Colorado2025_x013824_y003072
Unknown_Sample,20251031_081_pol_pro_Ran_ado_2025_19_Colorado2025.czi,Ran_ado,676.44,14765.0,3678.0,33,34,111.25,0.959,20251031_081_pol_pro_Ran_ado_2025_19_Colorado2025_x014336_y003072
Unknown_Sample,20251031_081_pol_pro_Ran_ado_2025_19_Colorado2025.czi,Ran_ado,268.57,14342.0,3114.0,14,34,82.63,0.939,20251031_081_pol_pro_Ran_ado_2025_19_Colorado2025_x014336_y003072
Unknown_Sample,20251031_081_pol_pro_Ran_ado_2025_19_Colorado2025.czi,Ran_ado,746.08,15149.0,3443.0,36,35,116.33,0.964,20251031_081_pol_pro_Ran_ado_2025_19_Colorado2025_x014848_y003072
Unknown_Sample,20251031_081_pol_pro_Ran_ado_2025_19_Colorado2025.czi,Ran_ado,665.28,15435.0,3502.0,34,32,111.01,0.962,20251031_081_pol_pro_Ran_ado_2025_19_Colorado2025_x014848_y003072
Unknown_Sample,20251031_081_pol_pro_Ran_ado_2025_19_Colorado2025.czi,Ran_ado,556.77,15001.0,3405.0,31,30,102.18,0.962,20251031_081_pol_pro_Ran_ado_2025_19_Colorado2025_x014848_y003072
Unknown_Sample,20251031_081_pol_pro_Ran_ado_2025_19_Colorado2025.czi,Ran_ado,690.29,15571.0,3201.0,32,35,111.25,0.967,20251031_081_pol_pro_Ran_ado_2025_19_Colorado2025_x015360_y003072
Unknown_Sample,20251031_081_pol_pro_Ran_ado_2025_19_Colorado2025.czi,Ran_ado,665.28,15435.0,3502.0,34,32,111.01,0.962,20251031_081_pol_pro_Ran_ado_2025_19_Colorado2025_x015360_y003072
Unknown_Sample,20251031_081_pol_pro_Ran_ado_2025_19_Colorado2025.czi,Ran_ado,640.27,15510.0,3640.0,33,32,108.43,0.961,20251031_081_pol_pro_Ran_ado_2025_19_Colorado2025_x015360_y003072
Unknown_Sample,20251031_081_pol_pro_Ran_ado_2025_19_Colorado2025.czi,Ran_ado,771.48,15790.0,3372.0,36,36,118.33,0.961,20251031_081_pol_pro_Ran_ado_2025_19_Colorado2025_x015360_y003072
Unknown_Sample,20251031_081_pol_pro_Ran_ado_2025_19_Colorado2025.czi,Ran_ado,716.07,15722.0,3389.0,34,34,113.84,0.959,20251031_081_pol_pro_Ran_ado_2025_19_Colorado2025_x015360_y003072
Unknown_Sample,20251031_081_pol_pro_Ran_ado_2025_19_Colorado2025.czi,Ran_ado,686.06,15866.0,3216.0,34,34,113.84,0.956,20251031_081_pol_pro_Ran_ado_2025_19_Colorado2025_x015360_y003072
Unknown_Sample,20251031_081_pol_pro_Ran_ado_2025_19_Colorado2025.czi,Ran_ado,813.42,16236.0,3617.0,36,37,122.08,0.957,20251031_081_pol_pro_Ran_ado_2025_19_Colorado2025_x015872_y003072
Unknown_Sample,20251031_081_pol_pro_Ran_ado_2025_19_Colorado2025.czi,Ran_ado,595.63,16314.0,3587.0,32,31,105.6,0.951,20251031_081_pol_pro_Ran_ado_2025_19_Colorado2025_x015872_y003072
Unknown_Sample,20251031_081_pol_pro_Ran_ado_2025_19_Colorado2025.czi,Ran_ado,465.58,16323.0,3146.0,27,30,94.77,0.945,20251031_081_pol_pro_Ran_ado_2025_19_Colorado2025_x015872_y003072
Unknown_Sample,20251031_081_pol_pro_Ran_ado_2025_19_Colorado2025.czi,Ran_ado,618.72,16349.0,3598.0,34,30,106.43,0.939,20251031_081_pol_pro_Ran_ado_2025_19_Colorado2025_x015872_y003072
Unknown_Sample,20251031_081_pol_pro_Ran_ado_2025_19_Colorado2025.czi,Ran_ado,195.08,15877.0,3216.0,12,32,74.04,0.923,20251031_081_pol_pro_Ran_ado_2025_19_Colorado2025_x015872_y003072
Unknown_Sample,20251031_081_pol_pro_Ran_ado_2025_19_Colorado2025.czi,Ran_ado,383.62,16841.0,3080.0,37,19,95.7,0.948,20251031_081_pol_pro_Ran_ado_2025_19_Colorado2025_x016384_y003072
Unknown_Sample,20251031_081_pol_pro_Ran_ado_2025_19_Colorado2025.czi,Ran_ado,562.54,16959.0,3531.0,29,32,100.43,0.948,20251031_081_pol_pro_Ran_ado_2025_19_Colorado2025_x016384_y003072
Unknown_Sample,20251031_081_pol_pro_Ran_ado_2025_19_Colorado2025.czi,Ran_ado,514.45,16794.0,3443.0,29,30,98.18,0.947,20251031_081_pol_pro_Ran_ado_2025_19_Colorado2025_x016384_y003072
Unknown_Sample,20251031_081_pol_pro_Ran_ado_2025_19_Colorado2025.czi,Ran_ado,525.61,17011.0,3657.0,25,32,100.63,0.942,20251031_081_pol_pro_Ran_ado_2025_19_Colorado2025_x016384_y003072
Unknown_Sample,20251031_081_pol_pro_Ran_ado_2025_19_Colorado2025.czi,Ran_ado,345.53,16959.0,3565.0,24,24,80.28,0.941,20251031_081_pol_pro_Ran_ado_2025_19_Colorado2025_x016384_y003072
Unknown_Sample,20251031_081_pol_pro_Ran_ado_2025_19_Colorado2025.czi,Ran_ado,755.32,16615.0,3364.0,38,36,123.5,0.937,20251031_081_pol_pro_Ran_ado_2025_19_Colorado2025_x016384_y003072
Unknown_Sample,20251031_081_pol_pro_Ran_ado_2025_19_Colorado2025.czi,Ran_ado,809.19,16612.0,3329.0,37,37,124.33,0.926,20251031_081_pol_pro_Ran_ado_2025_19_Colorado2025_x016384_y003072
Unknown_Sample,20251031_081_pol_pro_Ran_ado_2025_19_Colorado2025.czi,Ran_ado,375.54,17014.0,3352.0,19,32,89.8,0.916,20251031_081_pol_pro_Ran_ado_2025_19_Colorado2025_x016384_y003072
Unknown_Sample,20251031_081_pol_pro_Ran_ado_2025_19_Colorado2025.czi,Ran_ado,637.58,16714.0,3425.0,33,32,109.01,0.902,20251031_081_pol_pro_Ran_ado_2025_19_Colorado2025_x016384_y003072
Unknown_Sample,20251031_081_pol_pro_Ran_ado_2025_19_Colorado2025.czi,Ran_ado,231.25,17017.0,3230.0,13,31,76.38,0.878,20251031_081_pol_pro_Ran_ado_2025_19_Colorado2025_x016384_y003072
Unknown_Sample,20251031_081_pol_pro_Ran_ado_2025_19_Colorado2025.czi,Ran_ado,652.2,17021.0,3351.0,34,31,110.18,0.959,20251031_081_pol_pro_Ran_ado_2025_19_Colorado2025_x016896_y003072
Unknown_Sample,20251031_081_pol_pro_Ran_ado_2025_19_Colorado2025.czi,Ran_ado,644.5,17365.0,3580.0,33,32,107.84,0.958,20251031_081_pol_pro_Ran_ado_2025_19_Colorado2025_x016896_y003072
Unknown_Sample,20251031_081_pol_pro_Ran_ado_2025_19_Colorado2025.czi,Ran_ado,711.07,17027.0,3230.0,36,33,114.08,0.957,20251031_081_pol_pro_Ran_ado_2025_19_Colorado2025_x016896_y003072
Unknown_Sample,20251031_081_pol_pro_Ran_ado_2025_19_Colorado2025.czi,Ran_ado,580.63,17012.0,3657.0,29,32,102.18,0.956,20251031_081_pol_pro_Ran_ado_2025_19_Colorado2025_x016896_y003072
Unknown_Sample,20251031_081_pol_pro_Ran_ado_2025_19_Colorado2025.czi,Ran_ado,562.54,16959.0,3531.0,29,32,100.43,0.947,20251031_081_pol_pro_Ran_ado_2025_19_Colorado2025_x016896_y003072
Unknown_Sample,20251031_081_pol_pro_Ran_ado_2025_19_Colorado2025.czi,Ran_ado,783.41,17324.0,3318.0,38,34,120.08,0.947,20251031_081_pol_pro_Ran_ado_2025_19_Colorado2025_x016896_y003072
Unknown_Sample,20251031_081_pol_pro_Ran_ado_2025_19_Colorado2025.czi,Ran_ado,345.53,16959.0,3565.0,24,24,80.28,0.941,20251031_081_pol_pro_Ran_ado_2025_19_Colorado2025_x016896_y003072
Unknown_Sample,20251031_081_pol_pro_Ran_ado_2025_19_Colorado2025.czi,Ran_ado,594.86,17325.0,3699.0,36,26,108.28,0.941,20251031_081_pol_pro_Ran_ado_2025_19_Colorado2025_x016896_y003072
Unknown_Sample,20251031_081_pol_pro_Ran_ado_2025_19_Colorado2025.czi,Ran_ado,320.9,1359.0,3613.0,24,22,77.46,0.936,20251031_081_pol_pro_Ran_ado_2025_19_Colorado2025_x001024_y003584
Unknown_Sample,20251031_081_pol_pro_Ran_ado_2025_19_Colorado2025.czi,Ran_ado,305.9,2277.0,4145.0,21,25,78.04,0.948,20251031_081_pol_pro_Ran_ado_2025_19_Colorado2025_x002048_y003584
Unknown_Sample,20251031_081_pol_pro_Ran_ado_2025_19_Colorado2025.czi,Ran_ado,470.97,3698.0,3911.0,27,29,97.46,0.93,20251031_081_pol_pro_Ran_ado_2025_19_Colorado2025_x003072_y003584
Unknown_Sample,20251031_081_pol_pro_Ran_ado_2025_19_Colorado2025.czi,Ran_ado,537.15,3700.0,3910.0,33,29,101.25,0.953,20251031_081_pol_pro_Ran_ado_2025_19_Colorado2025_x003584_y003584
Unknown_Sample,20251031_081_pol_pro_Ran_ado_2025_19_Colorado2025.czi,Ran_ado,638.34,4573.0,3748.0,30,35,109.01,0.962,20251031_081_pol_pro_Ran_ado_2025_19_Colorado2025_x004096_y003584
Unknown_Sample,20251031_081_pol_pro_Ran_ado_2025_19_Colorado2025.czi,Ran_ado,633.73,4418.0,4190.0,32,33,107.84,0.962,20251031_081_pol_pro_Ran_ado_2025_19_Colorado2025_x004096_y003584
Unknown_Sample,20251031_081_pol_pro_Ran_ado_2025_19_Colorado2025.czi,Ran_ado,617.95,5050.0,3896.0,33,31,106.43,0.963,20251031_081_pol_pro_Ran_ado_2025_19_Colorado2025_x004608_y003584
Unknown_Sample,20251031_081_pol_pro_Ran_ado_2025_19_Colorado2025.czi,Ran_ado,620.64,5203.0,3682.0,35,30,106.67,0.96,20251031_081_pol_pro_Ran_ado_2025_19_Colorado2025_x004608_y003584
Unknown_Sample,20251031_081_pol_pro_Ran_ado_2025_19_Colorado2025.czi,Ran_ado,262.8,5241.0,3640.0,14,33,81.21,0.888,20251031_081_pol_pro_Ran_ado_2025_19_Colorado2025_x004608_y003584
Unknown_Sample,20251031_081_pol_pro_Ran_ado_2025_19_Colorado2025.czi,Ran_ado,731.46,5429.0,3738.0,35,34,115.84,0.965,20251031_081_pol_pro_Ran_ado_2025_19_Colorado2025_x005120_y003584
Unknown_Sample,20251031_081_pol_pro_Ran_ado_2025_19_Colorado2025.czi,Ran_ado,661.43,5468.0,4100.0,33,33,109.84,0.965,20251031_081_pol_pro_Ran_ado_2025_19_Colorado2025_x005120_y003584
Unknown_Sample,20251031_081_pol_pro_Ran_ado_2025_19_Colorado2025.czi,Ran_ado,676.82,5328.0,3808.0,31,35,109.84,0.964,20251031_081_pol_pro_Ran_ado_2025_19_Colorado2025_x005120_y003584
Unknown_Sample,20251031_081_pol_pro_Ran_ado_2025_19_Colorado2025.czi,Ran_ado,562.93,5316.0,4180.0,29,31,101.36,0.963,20251031_081_pol_pro_Ran_ado_2025_19_Colorado2025_x005120_y003584
Unknown_Sample,20251031_081_pol_pro_Ran_ado_2025_19_Colorado2025.czi,Ran_ado,614.1,5584.0,4134.0,32,32,106.43,0.962,20251031_081_pol_pro_Ran_ado_2025_19_Colorado2025_x005120_y003584
Unknown_Sample,20251031_081_pol_pro_Ran_ado_2025_19_Colorado2025.czi,Ran_ado,654.51,5249.0,3640.0,33,33,108.67,0.961,20251031_081_pol_pro_Ran_ado_2025_19_Colorado2025_x005120_y003584
Unknown_Sample,20251031_081_pol_pro_Ran_ado_2025_19_Colorado2025.czi,Ran_ado,619.49,5203.0,3683.0,35,30,107.25,0.96,20251031_081_pol_pro_Ran_ado_2025_19_Colorado2025_x005120_y003584
Unknown_Sample,20251031_081_pol_pro_Ran_ado_2025_19_Colorado2025.czi,Ran_ado,414.02,5376.0,4213.0,29,23,91.8,0.934,20251031_081_pol_pro_Ran_ado_2025_19_Colorado2025_x005120_y003584
Unknown_Sample,20251031_081_pol_pro_Ran_ado_2025_19_Colorado2025.czi,Ran_ado,579.09,5803.0,4036.0,30,31,104.53,0.966,20251031_081_pol_pro_Ran_ado_2025_19_Colorado2025_x005632_y003584
Unknown_Sample,20251031_081_pol_pro_Ran_ado_2025_19_Colorado2025.czi,Ran_ado,697.22,6150.0,4034.0,34,34,112.08,0.965,20251031_081_pol_pro_Ran_ado_2025_19_Colorado2025_x005632_y003584
Unknown_Sample,20251031_081_pol_pro_Ran_ado_2025_19_Colorado2025.czi,Ran_ado,625.26,5813.0,4170.0,31,33,105.84,0.962,20251031_081_pol_pro_Ran_ado_2025_19_Colorado2025_x005632_y003584
Unknown_Sample,20251031_081_pol_pro_Ran_ado_2025_19_Colorado2025.czi,Ran_ado,771.86,6206.0,3642.0,33,39,120.08,0.961,20251031_081_pol_pro_Ran_ado_2025_19_Colorado2025_x005632_y003584
Unknown_Sample,20251031_081_pol_pro_Ran_ado_2025_19_Colorado2025.czi,Ran_ado,654.89,6279.0,4192.0,34,32,110.43,0.964,20251031_081_pol_pro_Ran_ado_2025_19_Colorado2025_x006144_y003584
Unknown_Sample,20251031_081_pol_pro_Ran_ado_2025_19_Colorado2025.czi,Ran_ado,484.43,6154.0,4034.0,23,34,98.87,0.963,20251031_081_pol_pro_Ran_ado_2025_19_Colorado2025_x006144_y003584
Unknown_Sample,20251031_081_pol_pro_Ran_ado_2025_19_Colorado2025.czi,Ran_ado,768.4,6206.0,3642.0,33,39,119.5,0.961,20251031_081_pol_pro_Ran_ado_2025_19_Colorado2025_x006144_y003584
Unknown_Sample,20251031_081_pol_pro_Ran_ado_2025_19_Colorado2025.czi,Ran_ado,524.45,6301.0,3725.0,28,30,98.53,0.959,20251031_081_pol_pro_Ran_ado_2025_19_Colorado2025_x006144_y003584
Unknown_Sample,20251031_081_pol_pro_Ran_ado_2025_19_Colorado2025.czi,Ran_ado,723.38,6466.0,3865.0,34,35,114.08,0.959,20251031_081_pol_pro_Ran_ado_2025_19_Colorado2025_x006144_y003584
Unknown_Sample,20251031_081_pol_pro_Ran_ado_2025_19_Colorado2025.czi,Ran_ado,368.62,6582.0,3844.0,26,24,81.94,0.954,20251031_081_pol_pro_Ran_ado_2025_19_Colorado2025_x006144_y003584
Unknown_Sample,20251031_081_pol_pro_Ran_ado_2025_19_Colorado2025.czi,Ran_ado,645.66,6982.0,4084.0,32,33,108.43,0.964,20251031_081_pol_pro_Ran_ado_2025_19_Colorado2025_x006656_y003584
Unknown_Sample,20251031_081_pol_pro_Ran_ado_2025_19_Colorado2025.czi,Ran_ado,602.95,7104.0,3699.0,31,31,104.18,0.963,20251031_081_pol_pro_Ran_ado_2025_19_Colorado2025_x006656_y003584
Unknown_Sample,20251031_081_pol_pro_Ran_ado_2025_19_Colorado2025.czi,Ran_ado,642.96,6885.0,4046.0,34,32,108.67,0.962,20251031_081_pol_pro_Ran_ado_2025_19_Colorado2025_x006656_y003584
Unknown_Sample,20251031_081_pol_pro_Ran_ado_2025_19_Colorado2025.czi,Ran_ado,596.02,7667.0,4128.0,32,30,104.18,0.963,20251031_081_pol_pro_Ran_ado_2025_19_Colorado2025_x007168_y003584
Unknown_Sample,20251031_081_pol_pro_Ran_ado_2025_19_Colorado2025.czi,Ran_ado,553.69,7794.0,4176.0,27,31,103.21,0.947,20251031_081_pol_pro_Ran_ado_2025_19_Colorado2025_x007168_y003584
Unknown_Sample,20251031_081_pol_pro_Ran_ado_2025_19_Colorado2025.czi,Ran_ado,687.6,8262.0,3874.0,33,33,112.18,0.967,20251031_081_pol_pro_Ran_ado_2025_19_Colorado2025_x007680_y003584
Unknown_Sample,20251031_081_pol_pro_Ran_ado_2025_19_Colorado2025.czi,Ran_ado,657.2,8115.0,3625.0,32,34,108.08,0.966,20251031_081_pol_pro_Ran_ado_2025_19_Colorado2025_x007680_y003584
Unknown_Sample,20251031_081_pol_pro_Ran_ado_2025_19_Colorado2025.czi,Ran_ado,670.67,8107.0,4003.0,32,34,109.84,0.965,20251031_081_pol_pro_Ran_ado_2025_19_Colorado2025_x007680_y003584
Unknown_Sample,20251031_081_pol_pro_Ran_ado_2025_19_Colorado2025.czi,Ran_ado,579.47,7819.0,3811.0,32,30,102.43,0.965,20251031_081_pol_pro_Ran_ado_2025_19_Colorado2025_x007680_y003584
Unknown_Sample,20251031_081_pol_pro_Ran_ado_2025_19_Colorado2025.czi,Ran_ado,676.05,7847.0,4002.0,32,35,111.84,0.965,20251031_081_pol_pro_Ran_ado_2025_19_Colorado2025_x007680_y003584
Unknown_Sample,20251031_081_pol_pro_Ran_ado_2025_19_Colorado2025.czi,Ran_ado,675.28,7797.0,4176.0,35,32,110.67,0.963,20251031_081_pol_pro_Ran_ado_2025_19_Colorado2025_x007680_y003584
Unknown_Sample,20251031_081_pol_pro_Ran_ado_2025_19_Colorado2025.czi,Ran_ado,644.5,8078.0,3783.0,31,34,110.18,0.962,20251031_081_pol_pro_Ran_ado_2025_19_Colorado2025_x007680_y003584
Unknown_Sample,20251031_081_pol_pro_Ran_ado_2025_19_Colorado2025.czi,Ran_ado,762.63,8037.0,4119.0,32,41,119.74,0.962,20251031_081_pol_pro_Ran_ado_2025_19_Colorado2025_x007680_y003584
Unknown_Sample,20251031_081_pol_pro_Ran_ado_2025_19_Colorado2025.czi,Ran_ado,615.64,7894.0,3862.0,32,31,105.6,0.96,20251031_081_pol_pro_Ran_ado_2025_19_Colorado2025_x007680_y003584
Unknown_Sample,20251031_081_pol_pro_Ran_ado_2025_19_Colorado2025.czi,Ran_ado,385.16,8310.0,3733.0,19,32,91.56,0.927,20251031_081_pol_pro_Ran_ado_2025_19_Colorado2025_x007680_y003584
Unknown_Sample,20251031_081_pol_pro_Ran_ado_2025_19_Colorado2025.czi,Ran_ado,686.83,8262.0,3874.0,33,33,112.18,0.967,20251031_081_pol_pro_Ran_ado_2025_19_Colorado2025_x008192_y003584
Unknown_Sample,20251031_081_pol_pro_Ran_ado_2025_19_Colorado2025.czi,Ran_ado,597.56,8315.0,3732.0,31,32,106.18,0.966,20251031_081_pol_pro_Ran_ado_2025_19_Colorado2025_x008192_y003584
Unknown_Sample,20251031_081_pol_pro_Ran_ado_2025_19_Colorado2025.czi,Ran_ado,685.67,8724.0,3881.0,32,35,112.43,0.965,20251031_081_pol_pro_Ran_ado_2025_19_Colorado2025_x008192_y003584
Unknown_Sample,20251031_081_pol_pro_Ran_ado_2025_19_Colorado2025.czi,Ran_ado,546.38,8678.0,3843.0,29,31,99.6,0.963,20251031_081_pol_pro_Ran_ado_2025_19_Colorado2025_x008192_y003584
Unknown_Sample,20251031_081_pol_pro_Ran_ado_2025_19_Colorado2025.czi,Ran_ado,707.6,8793.0,3745.0,35,33,113.84,0.962,20251031_081_pol_pro_Ran_ado_2025_19_Colorado2025_x008192_y003584
Unknown_Sample,20251031_081_pol_pro_Ran_ado_2025_19_Colorado2025.czi,Ran_ado,635.65,8525.0,4203.0,32,33,108.43,0.96,20251031_081_pol_pro_Ran_ado_2025_19_Colorado2025_x008192_y003584
Unknown_Sample,20251031_081_pol_pro_Ran_ado_2025_19_Colorado2025.czi,Ran_ado,99.27,8824.0,3861.0,14,12,44.49,0.908,20251031_081_pol_pro_Ran_ado_2025_19_Colorado2025_x008192_y003584
Unknown_Sample,20251031_081_pol_pro_Ran_ado_2025_19_Colorado2025.czi,Ran_ado,724.92,9186.0,3610.0,34,34,114.43,0.965,20251031_081_pol_pro_Ran_ado_2025_19_Colorado2025_x008704_y003584
Unknown_Sample,20251031_081_pol_pro_Ran_ado_2025_19_Colorado2025.czi,Ran_ado,686.44,8724.0,3881.0,32,35,112.43,0.964,20251031_081_pol_pro_Ran_ado_2025_19_Colorado2025_x008704_y003584
Unknown_Sample,20251031_081_pol_pro_Ran_ado_2025_19_Colorado2025.czi,Ran_ado,708.37,8793.0,3745.0,35,33,113.84,0.963,20251031_081_pol_pro_Ran_ado_2025_19_Colorado2025_x008704_y003584
Unknown_Sample,20251031_081_pol_pro_Ran_ado_2025_19_Colorado2025.czi,Ran_ado,594.48,8904.0,4185.0,32,31,105.01,0.961,20251031_081_pol_pro_Ran_ado_2025_19_Colorado2025_x008704_y003584
Unknown_Sample,20251031_081_pol_pro_Ran_ado_2025_19_Colorado2025.czi,Ran_ado,642.96,9060.0,3923.0,36,30,108.67,0.961,20251031_081_pol_pro_Ran_ado_2025_19_Colorado2025_x008704_y003584
Unknown_Sample,20251031_081_pol_pro_Ran_ado_2025_19_Colorado2025.czi,Ran_ado,632.96,9130.0,3791.0,34,31,107.84,0.961,20251031_081_pol_pro_Ran_ado_2025_19_Colorado2025_x008704_y003584
Unknown_Sample,20251031_081_pol_pro_Ran_ado_2025_19_Colorado2025.czi,Ran_ado,595.63,8930.0,4024.0,33,30,104.43,0.96,20251031_081_pol_pro_Ran_ado_2025_19_Colorado2025_x008704_y003584
Unknown_Sample,20251031_081_pol_pro_Ran_ado_2025_19_Colorado2025.czi,Ran_ado,93.89,8823.0,3861.0,13,12,42.49,0.929,20251031_081_pol_pro_Ran_ado_2025_19_Colorado2025_x008704_y003584
Unknown_Sample,20251031_081_pol_pro_Ran_ado_2025_19_Colorado2025.czi,Ran_ado,618.72,9715.0,3600.0,30,34,106.43,0.965,20251031_081_pol_pro_Ran_ado_2025_19_Colorado2025_x009216_y003584
Unknown_Sample,20251031_081_pol_pro_Ran_ado_2025_19_Colorado2025.czi,Ran_ado,615.26,9533.0,3867.0,31,32,107.36,0.964,20251031_081_pol_pro_Ran_ado_2025_19_Colorado2025_x009216_y003584
Unknown_Sample,20251031_081_pol_pro_Ran_ado_2025_19_Colorado2025.czi,Ran_ado,698.75,9765.0,3999.0,33,35,114.43,0.964,20251031_081_pol_pro_Ran_ado_2025_19_Colorado2025_x009216_y003584
Unknown_Sample,20251031_081_pol_pro_Ran_ado_2025_19_Colorado2025.czi,Ran_ado,661.82,9741.0,3668.0,32,34,109.25,0.963,20251031_081_pol_pro_Ran_ado_2025_19_Colorado2025_x009216_y003584
Unknown_Sample,20251031_081_pol_pro_Ran_ado_2025_19_Colorado2025.czi,Ran_ado,130.44,9850.0,3908.0,10,23,56.73,0.873,20251031_081_pol_pro_Ran_ado_2025_19_Colorado2025_x009216_y003584
Unknown_Sample,20251031_081_pol_pro_Ran_ado_2025_19_Colorado2025.czi,Ran_ado,629.88,9742.0,3668.0,29,35,108.18,0.966,20251031_081_pol_pro_Ran_ado_2025_19_Colorado2025_x009728_y003584
Unknown_Sample,20251031_081_pol_pro_Ran_ado_2025_19_Colorado2025.czi,Ran_ado,698.75,9765.0,3999.0,33,35,114.43,0.965,20251031_081_pol_pro_Ran_ado_2025_19_Colorado2025_x009728_y003584
Unknown_Sample,20251031_081_pol_pro_Ran_ado_2025_19_Colorado2025.czi,Ran_ado,591.79,10061.0,3931.0,31,31,104.77,0.965,20251031_081_pol_pro_Ran_ado_2025_19_Colorado2025_x009728_y003584
Unknown_Sample,20251031_081_pol_pro_Ran_ado_2025_19_Colorado2025.czi,Ran_ado,712.99,10343.0,3642.0,35,33,115.01,0.964,20251031_081_pol_pro_Ran_ado_2025_19_Colorado2025_x009728_y003584
Unknown_Sample,20251031_081_pol_pro_Ran_ado_2025_19_Colorado2025.czi,Ran_ado,571.01,10292.0,4201.0,31,31,102.43,0.962,20251031_081_pol_pro_Ran_ado_2025_19_Colorado2025_x009728_y003584
Unknown_Sample,20251031_081_pol_pro_Ran_ado_2025_19_Colorado2025.czi,Ran_ado,690.29,10002.0,3935.0,36,32,112.08,0.961,20251031_081_pol_pro_Ran_ado_2025_19_Colorado2025_x009728_y003584
Unknown_Sample,20251031_081_pol_pro_Ran_ado_2025_19_Colorado2025.czi,Ran_ado,402.09,9858.0,3908.0,27,26,87.36,0.953,20251031_081_pol_pro_Ran_ado_2025_19_Colorado2025_x009728_y003584
Unknown_Sample,20251031_081_pol_pro_Ran_ado_2025_19_Colorado2025.czi,Ran_ado,712.99,10343.0,3642.0,35,33,115.01,0.964,20251031_081_pol_pro_Ran_ado_2025_19_Colorado2025_x010240_y003584
Unknown_Sample,20251031_081_pol_pro_Ran_ado_2025_19_Colorado2025.czi,Ran_ado,700.68,10701.0,3708.0,34,35,113.5,0.962,20251031_081_pol_pro_Ran_ado_2025_19_Colorado2025_x010240_y003584
Unknown_Sample,20251031_081_pol_pro_Ran_ado_2025_19_Colorado2025.czi,Ran_ado,571.78,10292.0,4201.0,31,31,102.43,0.961,20251031_081_pol_pro_Ran_ado_2025_19_Colorado2025_x010240_y003584
Unknown_Sample,20251031_081_pol_pro_Ran_ado_2025_19_Colorado2025.czi,Ran_ado,409.4,11247.0,3593.0,33,20,92.63,0.959,20251031_081_pol_pro_Ran_ado_2025_19_Colorado2025_x010752_y003584
Unknown_Sample,20251031_081_pol_pro_Ran_ado_2025_19_Colorado2025.czi,Ran_ado,574.09,11113.0,4074.0,31,30,103.94,0.959,20251031_081_pol_pro_Ran_ado_2025_19_Colorado2025_x010752_y003584
Unknown_Sample,20251031_081_pol_pro_Ran_ado_2025_19_Colorado2025.czi,Ran_ado,616.8,11317.0,3919.0,32,32,107.01,0.959,20251031_081_pol_pro_Ran_ado_2025_19_Colorado2025_x010752_y003584
Unknown_Sample,20251031_081_pol_pro_Ran_ado_2025_19_Colorado2025.czi,Ran_ado,650.66,11462.0,3886.0,31,34,109.01,0.961,20251031_081_pol_pro_Ran_ado_2025_19_Colorado2025_x011264_y003584
Unknown_Sample,20251031_081_pol_pro_Ran_ado_2025_19_Colorado2025.czi,Ran_ado,648.73,11878.0,3962.0,34,31,109.6,0.961,20251031_081_pol_pro_Ran_ado_2025_19_Colorado2025_x011264_y003584
Unknown_Sample,20251031_081_pol_pro_Ran_ado_2025_19_Colorado2025.czi,Ran_ado,616.8,11317.0,3919.0,32,32,107.01,0.959,20251031_081_pol_pro_Ran_ado_2025_19_Colorado2025_x011264_y003584
Unknown_Sample,20251031_081_pol_pro_Ran_ado_2025_19_Colorado2025.czi,Ran_ado,644.12,11883.0,4183.0,34,31,107.25,0.956,20251031_081_pol_pro_Ran_ado_2025_19_Colorado2025_x011264_y003584
Unknown_Sample,20251031_081_pol_pro_Ran_ado_2025_19_Colorado2025.czi,Ran_ado,644.5,11878.0,3962.0,34,31,110.18,0.963,20251031_081_pol_pro_Ran_ado_2025_19_Colorado2025_x011776_y003584
Unknown_Sample,20251031_081_pol_pro_Ran_ado_2025_19_Colorado2025.czi,Ran_ado,626.8,11949.0,3784.0,34,30,108.18,0.96,20251031_081_pol_pro_Ran_ado_2025_19_Colorado2025_x011776_y003584
Unknown_Sample,20251031_081_pol_pro_Ran_ado_2025_19_Colorado2025.czi,Ran_ado,798.8,12289.0,3972.0,35,38,120.91,0.959,20251031_081_pol_pro_Ran_ado_2025_19_Colorado2025_x011776_y003584
Unknown_Sample,20251031_081_pol_pro_Ran_ado_2025_19_Colorado2025.czi,Ran_ado,638.73,11882.0,4183.0,33,31,106.43,0.959,20251031_081_pol_pro_Ran_ado_2025_19_Colorado2025_x011776_y003584
Unknown_Sample,20251031_081_pol_pro_Ran_ado_2025_19_Colorado2025.czi,Ran_ado,677.59,12067.0,4104.0,36,32,112.67,0.958,20251031_081_pol_pro_Ran_ado_2025_19_Colorado2025_x011776_y003584
Unknown_Sample,20251031_081_pol_pro_Ran_ado_2025_19_Colorado2025.czi,Ran_ado,560.23,12223.0,3910.0,31,30,101.6,0.957,20251031_081_pol_pro_Ran_ado_2025_19_Colorado2025_x011776_y003584
Unknown_Sample,20251031_081_pol_pro_Ran_ado_2025_19_Colorado2025.czi,Ran_ado,733.38,12902.0,3721.0,37,33,116.08,0.961,20251031_081_pol_pro_Ran_ado_2025_19_Colorado2025_x012288_y003584
Unknown_Sample,20251031_081_pol_pro_Ran_ado_2025_19_Colorado2025.czi,Ran_ado,636.81,12531.0,3810.0,34,31,107.84,0.959,20251031_081_pol_pro_Ran_ado_2025_19_Colorado2025_x012288_y003584
Unknown_Sample,20251031_081_pol_pro_Ran_ado_2025_19_Colorado2025.czi,Ran_ado,646.42,12501.0,4207.0,32,32,111.11,0.95,20251031_081_pol_pro_Ran_ado_2025_19_Colorado2025_x012288_y003584
Unknown_Sample,20251031_081_pol_pro_Ran_ado_2025_19_Colorado2025.czi,Ran_ado,400.94,12296.0,3973.0,19,37,96.28,0.95,20251031_081_pol_pro_Ran_ado_2025_19_Colorado2025_x012288_y003584
Unknown_Sample,20251031_081_pol_pro_Ran_ado_2025_19_Colorado2025.czi,Ran_ado,184.69,12591.0,3589.0,31,12,71.46,0.94,20251031_081_pol_pro_Ran_ado_2025_19_Colorado2025_x012288_y003584
Unknown_Sample,20251031_081_pol_pro_Ran_ado_2025_19_Colorado2025.czi,Ran_ado,675.67,13164.0,3657.0,34,32,110.43,0.964,20251031_081_pol_pro_Ran_ado_2025_19_Colorado2025_x012800_y003584
Unknown_Sample,20251031_081_pol_pro_Ran_ado_2025_19_Colorado2025.czi,Ran_ado,732.23,12902.0,3721.0,37,33,115.5,0.962,20251031_081_pol_pro_Ran_ado_2025_19_Colorado2025_x012800_y003584
Unknown_Sample,20251031_081_pol_pro_Ran_ado_2025_19_Colorado2025.czi,Ran_ado,577.17,12934.0,4163.0,30,32,102.43,0.959,20251031_081_pol_pro_Ran_ado_2025_19_Colorado2025_x012800_y003584
Unknown_Sample,20251031_081_pol_pro_Ran_ado_2025_19_Colorado2025.czi,Ran_ado,613.72,12968.0,3863.0,34,30,105.84,0.958,20251031_081_pol_pro_Ran_ado_2025_19_Colorado2025_x012800_y003584
Unknown_Sample,20251031_081_pol_pro_Ran_ado_2025_19_Colorado2025.czi,Ran_ado,335.53,13157.0,4214.0,28,19,82.97,0.924,20251031_081_pol_pro_Ran_ado_2025_19_Colorado2025_x012800_y003584
Unknown_Sample,20251031_081_pol_pro_Ran_ado_2025_19_Colorado2025.czi,Ran_ado,686.83,13462.0,3944.0,34,34,111.5,0.963,20251031_081_pol_pro_Ran_ado_2025_19_Colorado2025_x013312_y003584
Unknown_Sample,20251031_081_pol_pro_Ran_ado_2025_19_Colorado2025.czi,Ran_ado,693.37,13704.0,3924.0,33,35,112.08,0.962,20251031_081_pol_pro_Ran_ado_2025_19_Colorado2025_x013312_y003584
Unknown_Sample,20251031_081_pol_pro_Ran_ado_2025_19_Colorado2025.czi,Ran_ado,637.19,13598.0,4007.0,31,35,110.43,0.959,20251031_081_pol_pro_Ran_ado_2025_19_Colorado2025_x013312_y003584
Unknown_Sample,20251031_081_pol_pro_Ran_ado_2025_19_Colorado2025.czi,Ran_ado,641.81,14443.0,4083.0,32,33,107.25,0.965,20251031_081_pol_pro_Ran_ado_2025_19_Colorado2025_x013824_y003584
Unknown_Sample,20251031_081_pol_pro_Ran_ado_2025_19_Colorado2025.czi,Ran_ado,693.37,14367.0,3961.0,33,35,113.25,0.963,20251031_081_pol_pro_Ran_ado_2025_19_Colorado2025_x013824_y003584
Unknown_Sample,20251031_081_pol_pro_Ran_ado_2025_19_Colorado2025.czi,Ran_ado,389.01,14360.0,4119.0,24,27,84.53,0.953,20251031_081_pol_pro_Ran_ado_2025_19_Colorado2025_x013824_y003584
Unknown_Sample,20251031_081_pol_pro_Ran_ado_2025_19_Colorado2025.czi,Ran_ado,627.96,14443.0,4083.0,32,32,105.25,0.965,20251031_081_pol_pro_Ran_ado_2025_19_Colorado2025_x014336_y003584
Unknown_Sample,20251031_081_pol_pro_Ran_ado_2025_19_Colorado2025.czi,Ran_ado,691.83,14367.0,3961.0,33,35,113.25,0.964,20251031_081_pol_pro_Ran_ado_2025_19_Colorado2025_x014336_y003584
Unknown_Sample,20251031_081_pol_pro_Ran_ado_2025_19_Colorado2025.czi,Ran_ado,617.95,14479.0,3986.0,32,32,107.6,0.963,20251031_081_pol_pro_Ran_ado_2025_19_Colorado2025_x014336_y003584
Unknown_Sample,20251031_081_pol_pro_Ran_ado_2025_19_Colorado2025.czi,Ran_ado,642.58,14606.0,4104.0,35,30,108.43,0.962,20251031_081_pol_pro_Ran_ado_2025_19_Colorado2025_x014336_y003584
Unknown_Sample,20251031_081_pol_pro_Ran_ado_2025_19_Colorado2025.czi,Ran_ado,614.87,14758.0,3945.0,32,32,106.43,0.962,20251031_081_pol_pro_Ran_ado_2025_19_Colorado2025_x014336_y003584
Unknown_Sample,20251031_081_pol_pro_Ran_ado_2025_19_Colorado2025.czi,Ran_ado,672.97,14765.0,3678.0,33,34,111.84,0.96,20251031_081_pol_pro_Ran_ado_2025_19_Colorado2025_x014336_y003584
Unknown_Sample,20251031_081_pol_pro_Ran_ado_2025_19_Colorado2025.czi,Ran_ado,388.24,14360.0,4119.0,24,27,84.53,0.953,20251031_081_pol_pro_Ran_ado_2025_19_Colorado2025_x014336_y003584
Unknown_Sample,20251031_081_pol_pro_Ran_ado_2025_19_Colorado2025.czi,Ran_ado,651.81,15399.0,4005.0,32,33,109.6,0.965,20251031_081_pol_pro_Ran_ado_2025_19_Colorado2025_x014848_y003584
Unknown_Sample,20251031_081_pol_pro_Ran_ado_2025_19_Colorado2025.czi,Ran_ado,632.57,15088.0,4020.0,33,32,108.43,0.96,20251031_081_pol_pro_Ran_ado_2025_19_Colorado2025_x014848_y003584
Unknown_Sample,20251031_081_pol_pro_Ran_ado_2025_19_Colorado2025.czi,Ran_ado,754.55,15336.0,3994.0,35,36,118.67,0.959,20251031_081_pol_pro_Ran_ado_2025_19_Colorado2025_x014848_y003584
Unknown_Sample,20251031_081_pol_pro_Ran_ado_2025_19_Colorado2025.czi,Ran_ado,591.79,15438.0,4045.0,30,33,104.43,0.959,20251031_081_pol_pro_Ran_ado_2025_19_Colorado2025_x014848_y003584
Unknown_Sample,20251031_081_pol_pro_Ran_ado_2025_19_Colorado2025.czi,Ran_ado,651.81,15399.0,4005.0,32,33,109.6,0.965,20251031_081_pol_pro_Ran_ado_2025_19_Colorado2025_x015360_y003584
Unknown_Sample,20251031_081_pol_pro_Ran_ado_2025_19_Colorado2025.czi,Ran_ado,576.78,15684.0,3793.0,30,32,103.01,0.962,20251031_081_pol_pro_Ran_ado_2025_19_Colorado2025_x015360_y003584
Unknown_Sample,20251031_081_pol_pro_Ran_ado_2025_19_Colorado2025.czi,Ran_ado,640.27,15510.0,3640.0,33,32,108.43,0.962,20251031_081_pol_pro_Ran_ado_2025_19_Colorado2025_x015360_y003584
Unknown_Sample,20251031_081_pol_pro_Ran_ado_2025_19_Colorado2025.czi,Ran_ado,579.86,15656.0,3972.0,33,29,103.01,0.96,20251031_081_pol_pro_Ran_ado_2025_19_Colorado2025_x015360_y003584
Unknown_Sample,20251031_081_pol_pro_Ran_ado_2025_19_Colorado2025.czi,Ran_ado,592.56,15438.0,4045.0,30,33,104.43,0.958,20251031_081_pol_pro_Ran_ado_2025_19_Colorado2025_x015360_y003584
Unknown_Sample,20251031_081_pol_pro_Ran_ado_2025_19_Colorado2025.czi,Ran_ado,728.0,16144.0,3874.0,37,32,115.25,0.962,20251031_081_pol_pro_Ran_ado_2025_19_Colorado2025_x015872_y003584
Unknown_Sample,20251031_081_pol_pro_Ran_ado_2025_19_Colorado2025.czi,Ran_ado,797.64,16236.0,3617.0,36,37,121.5,0.96,20251031_081_pol_pro_Ran_ado_2025_19_Colorado2025_x015872_y003584
Unknown_Sample,20251031_081_pol_pro_Ran_ado_2025_19_Colorado2025.czi,Ran_ado,608.72,16349.0,3598.0,33,30,105.6,0.948,20251031_081_pol_pro_Ran_ado_2025_19_Colorado2025_x015872_y003584
Unknown_Sample,20251031_081_pol_pro_Ran_ado_2025_19_Colorado2025.czi,Ran_ado,343.22,16314.0,3592.0,31,19,86.63,0.946,20251031_081_pol_pro_Ran_ado_2025_19_Colorado2025_x015872_y003584
Unknown_Sample,20251031_081_pol_pro_Ran_ado_2025_19_Colorado2025.czi,Ran_ado,498.67,16676.0,4013.0,29,27,95.11,0.959,20251031_081_pol_pro_Ran_ado_2025_19_Colorado2025_x016384_y003584
Unknown_Sample,20251031_081_pol_pro_Ran_ado_2025_19_Colorado2025.czi,Ran_ado,525.99,17011.0,3657.0,25,32,101.21,0.942,20251031_081_pol_pro_Ran_ado_2025_19_Colorado2025_x016384_y003584
Unknown_Sample,20251031_081_pol_pro_Ran_ado_2025_19_Colorado2025.czi,Ran_ado,318.21,16706.0,3805.0,27,22,80.53,0.882,20251031_081_pol_pro_Ran_ado_2025_19_Colorado2025_x016384_y003584
Unknown_Sample,20251031_081_pol_pro_Ran_ado_2025_19_Colorado2025.czi,Ran_ado,584.86,17012.0,3657.0,30,32,103.6,0.955,20251031_081_pol_pro_Ran_ado_2025_19_Colorado2025_x016896_y003584
Unknown_Sample,20251031_081_pol_pro_Ran_ado_2025_19_Colorado2025.czi,Ran_ado,703.37,17325.0,3701.0,36,33,114.08,0.953,20251031_081_pol_pro_Ran_ado_2025_19_Colorado2025_x016896_y003584
Unknown_Sample,20251031_081_pol_pro_Ran_ado_2025_19_Colorado2025.czi,Ran_ado,384.78,17162.0,4102.0,27,24,85.11,0.951,20251031_081_pol_pro_Ran_ado_2025_19_Colorado2025_x016896_y003584
Unknown_Sample,20251031_081_pol_pro_Ran_ado_2025_19_Colorado2025.czi,Ran_ado,198.54,17365.0,3589.0,31,12,72.63,0.93,20251031_081_pol_pro_Ran_ado_2025_19_Colorado2025_x016896_y003584
Unknown_Sample,20251031_081_pol_pro_Ran_ado_2025_19_Colorado2025.czi,Ran_ado,265.5,17038.0,4217.0,32,14,79.8,0.889,20251031_081_pol_pro_Ran_ado_2025_19_Colorado2025_x016896_y003584
Unknown_Sample,20251031_081_pol_pro_Ran_ado_2025_19_Colorado2025.czi,Ran_ado,305.51,2277.0,4145.0,21,25,77.46,0.949,20251031_081_pol_pro_Ran_ado_2025_19_Colorado2025_x002048_y004096
Unknown_Sample,20251031_081_pol_pro_Ran_ado_2025_19_Colorado2025.czi,Ran_ado,545.61,3300.0,4465.0,32,28,100.77,0.955,20251031_081_pol_pro_Ran_ado_2025_19_Colorado2025_x003072_y004096
Unknown_Sample,20251031_081_pol_pro_Ran_ado_2025_19_Colorado2025.czi,Ran_ado,589.09,3751.0,4676.0,31,31,104.18,0.957,20251031_081_pol_pro_Ran_ado_2025_19_Colorado2025_x003584_y004096
Unknown_Sample,20251031_081_pol_pro_Ran_ado_2025_19_Colorado2025.czi,Ran_ado,437.88,3785.0,4724.0,30,23,92.63,0.935,20251031_081_pol_pro_Ran_ado_2025_19_Colorado2025_x003584_y004096
Unknown_Sample,20251031_081_pol_pro_Ran_ado_2025_19_Colorado2025.czi,Ran_ado,649.5,4516.0,4275.0,33,33,109.25,0.966,20251031_081_pol_pro_Ran_ado_2025_19_Colorado2025_x004096_y004096
Unknown_Sample,20251031_081_pol_pro_Ran_ado_2025_19_Colorado2025.czi,Ran_ado,632.96,4418.0,4190.0,32,33,107.84,0.962,20251031_081_pol_pro_Ran_ado_2025_19_Colorado2025_x004096_y004096
Unknown_Sample,20251031_081_pol_pro_Ran_ado_2025_19_Colorado2025.czi,Ran_ado,684.13,4528.0,4713.0,36,32,113.25,0.96,20251031_081_pol_pro_Ran_ado_2025_19_Colorado2025_x004096_y004096
Unknown_Sample,20251031_081_pol_pro_Ran_ado_2025_19_Colorado2025.czi,Ran_ado,658.35,4582.0,4653.0,32,35,110.67,0.96,20251031_081_pol_pro_Ran_ado_2025_19_Colorado2025_x004096_y004096
Unknown_Sample,20251031_081_pol_pro_Ran_ado_2025_19_Colorado2025.czi,Ran_ado,612.56,4620.0,4511.0,32,31,106.77,0.959,20251031_081_pol_pro_Ran_ado_2025_19_Colorado2025_x004096_y004096
Unknown_Sample,20251031_081_pol_pro_Ran_ado_2025_19_Colorado2025.czi,Ran_ado,496.36,4609.0,4320.0,33,27,99.6,0.936,20251031_081_pol_pro_Ran_ado_2025_19_Colorado2025_x004096_y004096
Unknown_Sample,20251031_081_pol_pro_Ran_ado_2025_19_Colorado2025.czi,Ran_ado,571.39,4621.0,4510.0,29,31,103.7,0.963,20251031_081_pol_pro_Ran_ado_2025_19_Colorado2025_x004608_y004096
Unknown_Sample,20251031_081_pol_pro_Ran_ado_2025_19_Colorado2025.czi,Ran_ado,263.57,4616.0,4319.0,19,27,76.87,0.938,20251031_081_pol_pro_Ran_ado_2025_19_Colorado2025_x004608_y004096
Unknown_Sample,20251031_081_pol_pro_Ran_ado_2025_19_Colorado2025.czi,Ran_ado,387.09,4929.0,4324.0,25,28,86.77,0.932,20251031_081_pol_pro_Ran_ado_2025_19_Colorado2025_x004608_y004096
Unknown_Sample,20251031_081_pol_pro_Ran_ado_2025_19_Colorado2025.czi,Ran_ado,574.47,5316.0,4180.0,30,31,102.18,0.963,20251031_081_pol_pro_Ran_ado_2025_19_Colorado2025_x005120_y004096
Unknown_Sample,20251031_081_pol_pro_Ran_ado_2025_19_Colorado2025.czi,Ran_ado,614.1,5584.0,4134.0,32,32,106.43,0.962,20251031_081_pol_pro_Ran_ado_2025_19_Colorado2025_x005120_y004096
Unknown_Sample,20251031_081_pol_pro_Ran_ado_2025_19_Colorado2025.czi,Ran_ado,411.33,5469.0,4105.0,33,20,93.21,0.961,20251031_081_pol_pro_Ran_ado_2025_19_Colorado2025_x005120_y004096
Unknown_Sample,20251031_081_pol_pro_Ran_ado_2025_19_Colorado2025.czi,Ran_ado,578.32,5376.0,4217.0,29,33,104.18,0.958,20251031_081_pol_pro_Ran_ado_2025_19_Colorado2025_x005120_y004096
Unknown_Sample,20251031_081_pol_pro_Ran_ado_2025_19_Colorado2025.czi,Ran_ado,496.36,5554.0,4585.0,29,28,94.77,0.953,20251031_081_pol_pro_Ran_ado_2025_19_Colorado2025_x005120_y004096
Unknown_Sample,20251031_081_pol_pro_Ran_ado_2025_19_Colorado2025.czi,Ran_ado,504.06,5747.0,4355.0,26,30,98.63,0.936,20251031_081_pol_pro_Ran_ado_2025_19_Colorado2025_x005120_y004096
Unknown_Sample,20251031_081_pol_pro_Ran_ado_2025_19_Colorado2025.czi,Ran_ado,625.26,5813.0,4170.0,31,33,105.84,0.963,20251031_081_pol_pro_Ran_ado_2025_19_Colorado2025_x005632_y004096
Unknown_Sample,20251031_081_pol_pro_Ran_ado_2025_19_Colorado2025.czi,Ran_ado,646.42,5824.0,4454.0,35,31,110.43,0.961,20251031_081_pol_pro_Ran_ado_2025_19_Colorado2025_x005632_y004096
Unknown_Sample,20251031_081_pol_pro_Ran_ado_2025_19_Colorado2025.czi,Ran_ado,612.18,5749.0,4354.0,33,30,106.18,0.96,20251031_081_pol_pro_Ran_ado_2025_19_Colorado2025_x005632_y004096
Unknown_Sample,20251031_081_pol_pro_Ran_ado_2025_19_Colorado2025.czi,Ran_ado,654.89,6279.0,4192.0,34,32,110.43,0.965,20251031_081_pol_pro_Ran_ado_2025_19_Colorado2025_x006144_y004096
Unknown_Sample,20251031_081_pol_pro_Ran_ado_2025_19_Colorado2025.czi,Ran_ado,691.83,6578.0,4252.0,34,33,112.43,0.962,20251031_081_pol_pro_Ran_ado_2025_19_Colorado2025_x006144_y004096
Unknown_Sample,20251031_081_pol_pro_Ran_ado_2025_19_Colorado2025.czi,Ran_ado,310.51,6776.0,4708.0,15,34,86.38,0.904,20251031_081_pol_pro_Ran_ado_2025_19_Colorado2025_x006144_y004096
Unknown_Sample,20251031_081_pol_pro_Ran_ado_2025_19_Colorado2025.czi,Ran_ado,629.88,6872.0,4427.0,32,33,107.84,0.962,20251031_081_pol_pro_Ran_ado_2025_19_Colorado2025_x006656_y004096
Unknown_Sample,20251031_081_pol_pro_Ran_ado_2025_19_Colorado2025.czi,Ran_ado,655.66,6783.0,4707.0,32,34,110.43,0.96,20251031_081_pol_pro_Ran_ado_2025_19_Colorado2025_x006656_y004096
Unknown_Sample,20251031_081_pol_pro_Ran_ado_2025_19_Colorado2025.czi,Ran_ado,314.75,6818.0,4660.0,21,25,77.46,0.947,20251031_081_pol_pro_Ran_ado_2025_19_Colorado2025_x006656_y004096
Unknown_Sample,20251031_081_pol_pro_Ran_ado_2025_19_Colorado2025.czi,Ran_ado,195.85,6897.0,4729.0,25,13,66.73,0.878,20251031_081_pol_pro_Ran_ado_2025_19_Colorado2025_x006656_y004096
Unknown_Sample,20251031_081_pol_pro_Ran_ado_2025_19_Colorado2025.czi,Ran_ado,596.79,7667.0,4128.0,32,30,104.18,0.963,20251031_081_pol_pro_Ran_ado_2025_19_Colorado2025_x007168_y004096
Unknown_Sample,20251031_081_pol_pro_Ran_ado_2025_19_Colorado2025.czi,Ran_ado,553.69,7794.0,4176.0,27,31,103.21,0.947,20251031_081_pol_pro_Ran_ado_2025_19_Colorado2025_x007168_y004096
Unknown_Sample,20251031_081_pol_pro_Ran_ado_2025_19_Colorado2025.czi,Ran_ado,676.05,7797.0,4176.0,35,32,110.67,0.964,20251031_081_pol_pro_Ran_ado_2025_19_Colorado2025_x007680_y004096
Unknown_Sample,20251031_081_pol_pro_Ran_ado_2025_19_Colorado2025.czi,Ran_ado,764.17,8037.0,4119.0,32,41,120.91,0.962,20251031_081_pol_pro_Ran_ado_2025_19_Colorado2025_x007680_y004096
Unknown_Sample,20251031_081_pol_pro_Ran_ado_2025_19_Colorado2025.czi,Ran_ado,656.81,7836.0,4445.0,34,32,109.84,0.959,20251031_081_pol_pro_Ran_ado_2025_19_Colorado2025_x007680_y004096
Unknown_Sample,20251031_081_pol_pro_Ran_ado_2025_19_Colorado2025.czi,Ran_ado,642.19,8525.0,4203.0,33,32,107.84,0.964,20251031_081_pol_pro_Ran_ado_2025_19_Colorado2025_x008192_y004096
Unknown_Sample,20251031_081_pol_pro_Ran_ado_2025_19_Colorado2025.czi,Ran_ado,610.64,9243.0,4587.0,33,31,107.01,0.964,20251031_081_pol_pro_Ran_ado_2025_19_Colorado2025_x008704_y004096
Unknown_Sample,20251031_081_pol_pro_Ran_ado_2025_19_Colorado2025.czi,Ran_ado,594.1,8904.0,4185.0,32,31,104.43,0.96,20251031_081_pol_pro_Ran_ado_2025_19_Colorado2025_x008704_y004096
Unknown_Sample,20251031_081_pol_pro_Ran_ado_2025_19_Colorado2025.czi,Ran_ado,585.25,9253.0,4238.0,30,32,104.18,0.952,20251031_081_pol_pro_Ran_ado_2025_19_Colorado2025_x008704_y004096
Unknown_Sample,20251031_081_pol_pro_Ran_ado_2025_19_Colorado2025.czi,Ran_ado,610.64,9243.0,4587.0,33,31,107.01,0.964,20251031_081_pol_pro_Ran_ado_2025_19_Colorado2025_x009216_y004096
Unknown_Sample,20251031_081_pol_pro_Ran_ado_2025_19_Colorado2025.czi,Ran_ado,596.02,9659.0,4479.0,30,34,104.67,0.962,20251031_081_pol_pro_Ran_ado_2025_19_Colorado2025_x009216_y004096
Unknown_Sample,20251031_081_pol_pro_Ran_ado_2025_19_Colorado2025.czi,Ran_ado,661.05,9793.0,4432.0,33,34,110.08,0.959,20251031_081_pol_pro_Ran_ado_2025_19_Colorado2025_x009216_y004096
Unknown_Sample,20251031_081_pol_pro_Ran_ado_2025_19_Colorado2025.czi,Ran_ado,585.63,9253.0,4238.0,30,32,104.77,0.952,20251031_081_pol_pro_Ran_ado_2025_19_Colorado2025_x009216_y004096
Unknown_Sample,20251031_081_pol_pro_Ran_ado_2025_19_Colorado2025.czi,Ran_ado,623.72,10181.0,4275.0,33,31,105.84,0.964,20251031_081_pol_pro_Ran_ado_2025_19_Colorado2025_x009728_y004096
Unknown_Sample,20251031_081_pol_pro_Ran_ado_2025_19_Colorado2025.czi,Ran_ado,569.08,10292.0,4201.0,31,31,101.84,0.961,20251031_081_pol_pro_Ran_ado_2025_19_Colorado2025_x009728_y004096
Unknown_Sample,20251031_081_pol_pro_Ran_ado_2025_19_Colorado2025.czi,Ran_ado,602.18,10095.0,4545.0,30,33,105.01,0.961,20251031_081_pol_pro_Ran_ado_2025_19_Colorado2025_x009728_y004096
Unknown_Sample,20251031_081_pol_pro_Ran_ado_2025_19_Colorado2025.czi,Ran_ado,661.82,9793.0,4432.0,33,34,110.08,0.959,20251031_081_pol_pro_Ran_ado_2025_19_Colorado2025_x009728_y004096
Unknown_Sample,20251031_081_pol_pro_Ran_ado_2025_19_Colorado2025.czi,Ran_ado,264.34,10207.0,4729.0,32,14,80.38,0.886,20251031_081_pol_pro_Ran_ado_2025_19_Colorado2025_x009728_y004096
Unknown_Sample,20251031_081_pol_pro_Ran_ado_2025_19_Colorado2025.czi,Ran_ado,571.01,10292.0,4201.0,31,31,102.43,0.961,20251031_081_pol_pro_Ran_ado_2025_19_Colorado2025_x010240_y004096
Unknown_Sample,20251031_081_pol_pro_Ran_ado_2025_19_Colorado2025.czi,Ran_ado,454.42,10435.0,4588.0,27,27,91.7,0.958,20251031_081_pol_pro_Ran_ado_2025_19_Colorado2025_x010240_y004096
Unknown_Sample,20251031_081_pol_pro_Ran_ado_2025_19_Colorado2025.czi,Ran_ado,276.27,10565.0,4649.0,22,21,72.63,0.945,20251031_081_pol_pro_Ran_ado_2025_19_Colorado2025_x010240_y004096
Unknown_Sample,20251031_081_pol_pro_Ran_ado_2025_19_Colorado2025.czi,Ran_ado,571.01,10980.0,4630.0,31,30,103.94,0.963,20251031_081_pol_pro_Ran_ado_2025_19_Colorado2025_x010752_y004096
Unknown_Sample,20251031_081_pol_pro_Ran_ado_2025_19_Colorado2025.czi,Ran_ado,606.41,11331.0,4591.0,32,31,104.43,0.963,20251031_081_pol_pro_Ran_ado_2025_19_Colorado2025_x010752_y004096
Unknown_Sample,20251031_081_pol_pro_Ran_ado_2025_19_Colorado2025.czi,Ran_ado,614.87,10922.0,4330.0,32,32,106.43,0.962,20251031_081_pol_pro_Ran_ado_2025_19_Colorado2025_x010752_y004096
Unknown_Sample,20251031_081_pol_pro_Ran_ado_2025_19_Colorado2025.czi,Ran_ado,547.15,11064.0,4570.0,29,31,100.77,0.961,20251031_081_pol_pro_Ran_ado_2025_19_Colorado2025_x010752_y004096
Unknown_Sample,20251031_081_pol_pro_Ran_ado_2025_19_Colorado2025.czi,Ran_ado,319.36,11203.0,4350.0,23,26,81.11,0.915,20251031_081_pol_pro_Ran_ado_2025_19_Colorado2025_x010752_y004096
Unknown_Sample,20251031_081_pol_pro_Ran_ado_2025_19_Colorado2025.czi,Ran_ado,606.02,11331.0,4591.0,32,31,103.84,0.963,20251031_081_pol_pro_Ran_ado_2025_19_Colorado2025_x011264_y004096
Unknown_Sample,20251031_081_pol_pro_Ran_ado_2025_19_Colorado2025.czi,Ran_ado,597.94,11480.0,4667.0,31,32,104.43,0.962,20251031_081_pol_pro_Ran_ado_2025_19_Colorado2025_x011264_y004096
Unknown_Sample,20251031_081_pol_pro_Ran_ado_2025_19_Colorado2025.czi,Ran_ado,644.12,11883.0,4183.0,34,31,107.25,0.956,20251031_081_pol_pro_Ran_ado_2025_19_Colorado2025_x011264_y004096
Unknown_Sample,20251031_081_pol_pro_Ran_ado_2025_19_Colorado2025.czi,Ran_ado,600.25,12299.0,4657.0,30,33,104.43,0.961,20251031_081_pol_pro_Ran_ado_2025_19_Colorado2025_x011776_y004096
Unknown_Sample,20251031_081_pol_pro_Ran_ado_2025_19_Colorado2025.czi,Ran_ado,566.39,11937.0,4316.0,30,31,101.6,0.96,20251031_081_pol_pro_Ran_ado_2025_19_Colorado2025_x011776_y004096
Unknown_Sample,20251031_081_pol_pro_Ran_ado_2025_19_Colorado2025.czi,Ran_ado,539.84,12067.0,4107.0,36,25,105.7,0.96,20251031_081_pol_pro_Ran_ado_2025_19_Colorado2025_x011776_y004096
Unknown_Sample,20251031_081_pol_pro_Ran_ado_2025_19_Colorado2025.czi,Ran_ado,637.96,11882.0,4183.0,33,31,106.43,0.959,20251031_081_pol_pro_Ran_ado_2025_19_Colorado2025_x011776_y004096
Unknown_Sample,20251031_081_pol_pro_Ran_ado_2025_19_Colorado2025.czi,Ran_ado,384.01,11963.0,4472.0,23,27,84.28,0.951,20251031_081_pol_pro_Ran_ado_2025_19_Colorado2025_x011776_y004096
Unknown_Sample,20251031_081_pol_pro_Ran_ado_2025_19_Colorado2025.czi,Ran_ado,550.23,12300.0,4657.0,27,33,101.94,0.963,20251031_081_pol_pro_Ran_ado_2025_19_Colorado2025_x012288_y004096
Unknown_Sample,20251031_081_pol_pro_Ran_ado_2025_19_Colorado2025.czi,Ran_ado,639.88,12521.0,4555.0,33,32,107.84,0.963,20251031_081_pol_pro_Ran_ado_2025_19_Colorado2025_x012288_y004096
Unknown_Sample,20251031_081_pol_pro_Ran_ado_2025_19_Colorado2025.czi,Ran_ado,684.9,12501.0,4208.0,33,35,112.08,0.96,20251031_081_pol_pro_Ran_ado_2025_19_Colorado2025_x012288_y004096
Unknown_Sample,20251031_081_pol_pro_Ran_ado_2025_19_Colorado2025.czi,Ran_ado,766.86,12435.0,4420.0,36,35,117.5,0.96,20251031_081_pol_pro_Ran_ado_2025_19_Colorado2025_x012288_y004096
Unknown_Sample,20251031_081_pol_pro_Ran_ado_2025_19_Colorado2025.czi,Ran_ado,639.5,13265.0,4411.0,32,34,108.08,0.962,20251031_081_pol_pro_Ran_ado_2025_19_Colorado2025_x012800_y004096
Unknown_Sample,20251031_081_pol_pro_Ran_ado_2025_19_Colorado2025.czi,Ran_ado,551.39,13157.0,4220.0,29,32,102.18,0.961,20251031_081_pol_pro_Ran_ado_2025_19_Colorado2025_x012800_y004096
Unknown_Sample,20251031_081_pol_pro_Ran_ado_2025_19_Colorado2025.czi,Ran_ado,577.17,12934.0,4163.0,30,32,102.43,0.959,20251031_081_pol_pro_Ran_ado_2025_19_Colorado2025_x012800_y004096
Unknown_Sample,20251031_081_pol_pro_Ran_ado_2025_19_Colorado2025.czi,Ran_ado,379.39,13083.0,4533.0,27,24,83.94,0.945,20251031_081_pol_pro_Ran_ado_2025_19_Colorado2025_x012800_y004096
Unknown_Sample,20251031_081_pol_pro_Ran_ado_2025_19_Colorado2025.czi,Ran_ado,539.84,13761.0,4549.0,30,29,99.36,0.962,20251031_081_pol_pro_Ran_ado_2025_19_Colorado2025_x013312_y004096
Unknown_Sample,20251031_081_pol_pro_Ran_ado_2025_19_Colorado2025.czi,Ran_ado,511.37,13449.0,4318.0,29,29,96.18,0.959,20251031_081_pol_pro_Ran_ado_2025_19_Colorado2025_x013312_y004096
Unknown_Sample,20251031_081_pol_pro_Ran_ado_2025_19_Colorado2025.czi,Ran_ado,647.96,14407.0,4536.0,33,33,109.25,0.955,20251031_081_pol_pro_Ran_ado_2025_19_Colorado2025_x013824_y004096
Unknown_Sample,20251031_081_pol_pro_Ran_ado_2025_19_Colorado2025.czi,Ran_ado,394.4,14360.0,4119.0,25,27,85.36,0.953,20251031_081_pol_pro_Ran_ado_2025_19_Colorado2025_x013824_y004096
Unknown_Sample,20251031_081_pol_pro_Ran_ado_2025_19_Colorado2025.czi,Ran_ado,611.41,14417.0,4501.0,31,33,105.84,0.953,20251031_081_pol_pro_Ran_ado_2025_19_Colorado2025_x013824_y004096
Unknown_Sample,20251031_081_pol_pro_Ran_ado_2025_19_Colorado2025.czi,Ran_ado,526.76,14606.0,4107.0,35,24,102.87,0.963,20251031_081_pol_pro_Ran_ado_2025_19_Colorado2025_x014336_y004096
Unknown_Sample,20251031_081_pol_pro_Ran_ado_2025_19_Colorado2025.czi,Ran_ado,648.73,14408.0,4536.0,33,33,109.25,0.955,20251031_081_pol_pro_Ran_ado_2025_19_Colorado2025_x014336_y004096
Unknown_Sample,20251031_081_pol_pro_Ran_ado_2025_19_Colorado2025.czi,Ran_ado,389.01,14360.0,4119.0,24,27,84.53,0.954,20251031_081_pol_pro_Ran_ado_2025_19_Colorado2025_x014336_y004096
Unknown_Sample,20251031_081_pol_pro_Ran_ado_2025_19_Colorado2025.czi,Ran_ado,604.48,14961.0,4702.0,29,32,106.87,0.953,20251031_081_pol_pro_Ran_ado_2025_19_Colorado2025_x014336_y004096
Unknown_Sample,20251031_081_pol_pro_Ran_ado_2025_19_Colorado2025.czi,Ran_ado,611.79,14417.0,4501.0,31,33,106.43,0.953,20251031_081_pol_pro_Ran_ado_2025_19_Colorado2025_x014336_y004096
Unknown_Sample,20251031_081_pol_pro_Ran_ado_2025_19_Colorado2025.czi,Ran_ado,640.27,14962.0,4702.0,33,32,108.43,0.963,20251031_081_pol_pro_Ran_ado_2025_19_Colorado2025_x014848_y004096
Unknown_Sample,20251031_081_pol_pro_Ran_ado_2025_19_Colorado2025.czi,Ran_ado,606.41,15231.0,4312.0,31,32,105.6,0.963,20251031_081_pol_pro_Ran_ado_2025_19_Colorado2025_x014848_y004096
Unknown_Sample,20251031_081_pol_pro_Ran_ado_2025_19_Colorado2025.czi,Ran_ado,659.51,15318.0,4585.0,34,32,110.43,0.962,20251031_081_pol_pro_Ran_ado_2025_19_Colorado2025_x014848_y004096
Unknown_Sample,20251031_081_pol_pro_Ran_ado_2025_19_Colorado2025.czi,Ran_ado,581.78,15734.0,4715.0,31,31,103.6,0.96,20251031_081_pol_pro_Ran_ado_2025_19_Colorado2025_x015360_y004096
Unknown_Sample,20251031_081_pol_pro_Ran_ado_2025_19_Colorado2025.czi,Ran_ado,578.7,15598.0,4238.0,30,31,103.94,0.96,20251031_081_pol_pro_Ran_ado_2025_19_Colorado2025_x015360_y004096
Unknown_Sample,20251031_081_pol_pro_Ran_ado_2025_19_Colorado2025.czi,Ran_ado,195.08,15994.0,4296.0,12,29,71.56,0.885,20251031_081_pol_pro_Ran_ado_2025_19_Colorado2025_x015360_y004096
Unknown_Sample,20251031_081_pol_pro_Ran_ado_2025_19_Colorado2025.czi,Ran_ado,634.5,16003.0,4296.0,33,32,109.01,0.964,20251031_081_pol_pro_Ran_ado_2025_19_Colorado2025_x015872_y004096
Unknown_Sample,20251031_081_pol_pro_Ran_ado_2025_19_Colorado2025.czi,Ran_ado,596.79,16126.0,4485.0,33,29,105.36,0.963,20251031_081_pol_pro_Ran_ado_2025_19_Colorado2025_x015872_y004096
Unknown_Sample,20251031_081_pol_pro_Ran_ado_2025_19_Colorado2025.czi,Ran_ado,674.9,16121.0,4352.0,35,32,111.25,0.957,20251031_081_pol_pro_Ran_ado_2025_19_Colorado2025_x015872_y004096
Unknown_Sample,20251031_081_pol_pro_Ran_ado_2025_19_Colorado2025.czi,Ran_ado,794.95,16615.0,4545.0,35,37,121.25,0.967,20251031_081_pol_pro_Ran_ado_2025_19_Colorado2025_x016384_y004096
Unknown_Sample,20251031_081_pol_pro_Ran_ado_2025_19_Colorado2025.czi,Ran_ado,647.58,16979.0,4556.0,33,33,108.67,0.963,20251031_081_pol_pro_Ran_ado_2025_19_Colorado2025_x016384_y004096
Unknown_Sample,20251031_081_pol_pro_Ran_ado_2025_19_Colorado2025.czi,Ran_ado,728.0,17055.0,4277.0,34,35,114.08,0.963,20251031_081_pol_pro_Ran_ado_2025_19_Colorado2025_x016896_y004096
Unknown_Sample,20251031_081_pol_pro_Ran_ado_2025_19_Colorado2025.czi,Ran_ado,649.12,16979.0,4556.0,33,33,108.67,0.963,20251031_081_pol_pro_Ran_ado_2025_19_Colorado2025_x016896_y004096
Unknown_Sample,20251031_081_pol_pro_Ran_ado_2025_19_Colorado2025.czi,Ran_ado,647.58,17090.0,4260.0,33,32,109.01,0.962,20251031_081_pol_pro_Ran_ado_2025_19_Colorado2025_x016896_y004096
Unknown_Sample,20251031_081_pol_pro_Ran_ado_2025_19_Colorado2025.czi,Ran_ado,623.34,17038.0,4225.0,32,32,106.43,0.962,20251031_081_pol_pro_Ran_ado_2025_19_Colorado2025_x016896_y004096
Unknown_Sample,20251031_081_pol_pro_Ran_ado_2025_19_Colorado2025.czi,Ran_ado,291.66,17161.0,4104.0,27,18,78.97,0.952,20251031_081_pol_pro_Ran_ado_2025_19_Colorado2025_x016896_y004096
Unknown_Sample,20251031_081_pol_pro_Ran_ado_2025_19_Colorado2025.czi,Ran_ado,517.14,17443.0,4346.0,28,30,97.94,0.838,20251031_081_pol_pro_Ran_ado_2025_19_Colorado2025_x016896_y004096
Unknown_Sample,20251031_081_pol_pro_Ran_ado_2025_19_Colorado2025.czi,Ran_ado,498.29,17444.0,4346.0,28,30,97.36,0.832,20251031_081_pol_pro_Ran_ado_2025_19_Colorado2025_x017408_y004096
Unknown_Sample,20251031_081_pol_pro_Ran_ado_2025_19_Colorado2025.czi,Ran_ado,352.07,1550.0,4744.0,23,26,81.7,0.947,20251031_081_pol_pro_Ran_ado_2025_19_Colorado2025_x001024_y004608
Unknown_Sample,20251031_081_pol_pro_Ran_ado_2025_19_Colorado2025.czi,Ran_ado,353.61,1550.0,4744.0,23,26,82.87,0.943,20251031_081_pol_pro_Ran_ado_2025_19_Colorado2025_x001536_y004608
Unknown_Sample,20251031_081_pol_pro_Ran_ado_2025_19_Colorado2025.czi,Ran_ado,586.01,3550.0,4855.0,31,31,104.18,0.961,20251031_081_pol_pro_Ran_ado_2025_19_Colorado2025_x003072_y004608
Unknown_Sample,20251031_081_pol_pro_Ran_ado_2025_19_Colorado2025.czi,Ran_ado,571.39,3785.0,4727.0,30,31,102.18,0.96,20251031_081_pol_pro_Ran_ado_2025_19_Colorado2025_x003584_y004608
Unknown_Sample,20251031_081_pol_pro_Ran_ado_2025_19_Colorado2025.czi,Ran_ado,470.97,3899.0,4888.0,29,27,93.94,0.96,20251031_081_pol_pro_Ran_ado_2025_19_Colorado2025_x003584_y004608
Unknown_Sample,20251031_081_pol_pro_Ran_ado_2025_19_Colorado2025.czi,Ran_ado,490.98,3843.0,5213.0,27,30,95.94,0.959,20251031_081_pol_pro_Ran_ado_2025_19_Colorado2025_x003584_y004608
Unknown_Sample,20251031_081_pol_pro_Ran_ado_2025_19_Colorado2025.czi,Ran_ado,628.73,3942.0,4767.0,33,32,108.43,0.958,20251031_081_pol_pro_Ran_ado_2025_19_Colorado2025_x003584_y004608
Unknown_Sample,20251031_081_pol_pro_Ran_ado_2025_19_Colorado2025.czi,Ran_ado,587.17,3751.0,4676.0,31,31,103.6,0.958,20251031_081_pol_pro_Ran_ado_2025_19_Colorado2025_x003584_y004608
Unknown_Sample,20251031_081_pol_pro_Ran_ado_2025_19_Colorado2025.czi,Ran_ado,682.98,4528.0,4713.0,36,32,112.67,0.961,20251031_081_pol_pro_Ran_ado_2025_19_Colorado2025_x004096_y004608
Unknown_Sample,20251031_081_pol_pro_Ran_ado_2025_19_Colorado2025.czi,Ran_ado,658.35,4582.0,4653.0,32,35,110.67,0.96,20251031_081_pol_pro_Ran_ado_2025_19_Colorado2025_x004096_y004608
Unknown_Sample,20251031_081_pol_pro_Ran_ado_2025_19_Colorado2025.czi,Ran_ado,600.64,4287.0,5010.0,33,30,105.01,0.954,20251031_081_pol_pro_Ran_ado_2025_19_Colorado2025_x004096_y004608
Unknown_Sample,20251031_081_pol_pro_Ran_ado_2025_19_Colorado2025.czi,Ran_ado,604.1,4789.0,4908.0,33,31,105.25,0.963,20251031_081_pol_pro_Ran_ado_2025_19_Colorado2025_x004608_y004608
Unknown_Sample,20251031_081_pol_pro_Ran_ado_2025_19_Colorado2025.czi,Ran_ado,657.2,5210.0,4877.0,33,32,109.6,0.963,20251031_081_pol_pro_Ran_ado_2025_19_Colorado2025_x004608_y004608
Unknown_Sample,20251031_081_pol_pro_Ran_ado_2025_19_Colorado2025.czi,Ran_ado,171.23,5008.0,5242.0,30,10,69.56,0.865,20251031_081_pol_pro_Ran_ado_2025_19_Colorado2025_x004608_y004608
Unknown_Sample,20251031_081_pol_pro_Ran_ado_2025_19_Colorado2025.czi,Ran_ado,657.2,5210.0,4877.0,33,32,109.6,0.963,20251031_081_pol_pro_Ran_ado_2025_19_Colorado2025_x005120_y004608
Unknown_Sample,20251031_081_pol_pro_Ran_ado_2025_19_Colorado2025.czi,Ran_ado,502.9,5443.0,5044.0,27,31,96.18,0.961,20251031_081_pol_pro_Ran_ado_2025_19_Colorado2025_x005120_y004608
Unknown_Sample,20251031_081_pol_pro_Ran_ado_2025_19_Colorado2025.czi,Ran_ado,610.64,5512.0,4830.0,32,31,106.18,0.959,20251031_081_pol_pro_Ran_ado_2025_19_Colorado2025_x005120_y004608
Unknown_Sample,20251031_081_pol_pro_Ran_ado_2025_19_Colorado2025.czi,Ran_ado,575.63,5632.0,5136.0,34,29,105.6,0.952,20251031_081_pol_pro_Ran_ado_2025_19_Colorado2025_x005120_y004608
Unknown_Sample,20251031_081_pol_pro_Ran_ado_2025_19_Colorado2025.czi,Ran_ado,622.57,5897.0,5139.0,33,32,107.25,0.963,20251031_081_pol_pro_Ran_ado_2025_19_Colorado2025_x005632_y004608
Unknown_Sample,20251031_081_pol_pro_Ran_ado_2025_19_Colorado2025.czi,Ran_ado,569.08,5784.0,5027.0,29,33,103.01,0.956,20251031_081_pol_pro_Ran_ado_2025_19_Colorado2025_x005632_y004608
Unknown_Sample,20251031_081_pol_pro_Ran_ado_2025_19_Colorado2025.czi,Ran_ado,269.34,5639.0,5134.0,17,28,77.8,0.949,20251031_081_pol_pro_Ran_ado_2025_19_Colorado2025_x005632_y004608
Unknown_Sample,20251031_081_pol_pro_Ran_ado_2025_19_Colorado2025.czi,Ran_ado,260.88,6093.0,4970.0,23,22,73.11,0.936,20251031_081_pol_pro_Ran_ado_2025_19_Colorado2025_x005632_y004608
Unknown_Sample,20251031_081_pol_pro_Ran_ado_2025_19_Colorado2025.czi,Ran_ado,687.6,6484.0,4906.0,35,37,117.15,0.93,20251031_081_pol_pro_Ran_ado_2025_19_Colorado2025_x006144_y004608
Unknown_Sample,20251031_081_pol_pro_Ran_ado_2025_19_Colorado2025.czi,Ran_ado,310.51,6776.0,4708.0,15,34,86.38,0.906,20251031_081_pol_pro_Ran_ado_2025_19_Colorado2025_x006144_y004608
Unknown_Sample,20251031_081_pol_pro_Ran_ado_2025_19_Colorado2025.czi,Ran_ado,626.03,7065.0,4795.0,33,31,107.01,0.963,20251031_081_pol_pro_Ran_ado_2025_19_Colorado2025_x006656_y004608
Unknown_Sample,20251031_081_pol_pro_Ran_ado_2025_19_Colorado2025.czi,Ran_ado,654.89,6783.0,4707.0,32,34,110.43,0.961,20251031_081_pol_pro_Ran_ado_2025_19_Colorado2025_x006656_y004608
Unknown_Sample,20251031_081_pol_pro_Ran_ado_2025_19_Colorado2025.czi,Ran_ado,397.09,6895.0,4734.0,27,25,87.11,0.956,20251031_081_pol_pro_Ran_ado_2025_19_Colorado2025_x006656_y004608
Unknown_Sample,20251031_081_pol_pro_Ran_ado_2025_19_Colorado2025.czi,Ran_ado,314.75,6818.0,4660.0,21,25,77.46,0.947,20251031_081_pol_pro_Ran_ado_2025_19_Colorado2025_x006656_y004608
Unknown_Sample,20251031_081_pol_pro_Ran_ado_2025_19_Colorado2025.czi,Ran_ado,647.19,7383.0,5097.0,32,33,108.43,0.963,20251031_081_pol_pro_Ran_ado_2025_19_Colorado2025_x007168_y004608
Unknown_Sample,20251031_081_pol_pro_Ran_ado_2025_19_Colorado2025.czi,Ran_ado,553.31,7345.0,5199.0,32,29,100.43,0.96,20251031_081_pol_pro_Ran_ado_2025_19_Colorado2025_x007168_y004608
Unknown_Sample,20251031_081_pol_pro_Ran_ado_2025_19_Colorado2025.czi,Ran_ado,302.05,7337.0,4936.0,25,20,74.87,0.947,20251031_081_pol_pro_Ran_ado_2025_19_Colorado2025_x007168_y004608
Unknown_Sample,20251031_081_pol_pro_Ran_ado_2025_19_Colorado2025.czi,Ran_ado,556.0,8167.0,5219.0,29,31,100.18,0.964,20251031_081_pol_pro_Ran_ado_2025_19_Colorado2025_x007680_y004608
Unknown_Sample,20251031_081_pol_pro_Ran_ado_2025_19_Colorado2025.czi,Ran_ado,436.34,8251.0,5113.0,25,29,89.94,0.956,20251031_081_pol_pro_Ran_ado_2025_19_Colorado2025_x007680_y004608
Unknown_Sample,20251031_081_pol_pro_Ran_ado_2025_19_Colorado2025.czi,Ran_ado,579.09,8472.0,5213.0,33,29,105.36,0.961,20251031_081_pol_pro_Ran_ado_2025_19_Colorado2025_x008192_y004608
Unknown_Sample,20251031_081_pol_pro_Ran_ado_2025_19_Colorado2025.czi,Ran_ado,561.39,8703.0,5064.0,32,29,102.18,0.959,20251031_081_pol_pro_Ran_ado_2025_19_Colorado2025_x008192_y004608
Unknown_Sample,20251031_081_pol_pro_Ran_ado_2025_19_Colorado2025.czi,Ran_ado,436.34,8251.0,5113.0,25,29,89.94,0.955,20251031_081_pol_pro_Ran_ado_2025_19_Colorado2025_x008192_y004608
Unknown_Sample,20251031_081_pol_pro_Ran_ado_2025_19_Colorado2025.czi,Ran_ado,632.96,9278.0,5075.0,31,33,109.36,0.964,20251031_081_pol_pro_Ran_ado_2025_19_Colorado2025_x008704_y004608
Unknown_Sample,20251031_081_pol_pro_Ran_ado_2025_19_Colorado2025.czi,Ran_ado,565.62,9017.0,4957.0,30,32,103.6,0.964,20251031_081_pol_pro_Ran_ado_2025_19_Colorado2025_x008704_y004608
Unknown_Sample,20251031_081_pol_pro_Ran_ado_2025_19_Colorado2025.czi,Ran_ado,566.78,9194.0,4846.0,30,31,103.36,0.962,20251031_081_pol_pro_Ran_ado_2025_19_Colorado2025_x008704_y004608
Unknown_Sample,20251031_081_pol_pro_Ran_ado_2025_19_Colorado2025.czi,Ran_ado,587.55,9322.0,4960.0,32,29,103.36,0.96,20251031_081_pol_pro_Ran_ado_2025_19_Colorado2025_x008704_y004608
Unknown_Sample,20251031_081_pol_pro_Ran_ado_2025_19_Colorado2025.czi,Ran_ado,736.46,9101.0,5069.0,36,33,115.25,0.959,20251031_081_pol_pro_Ran_ado_2025_19_Colorado2025_x008704_y004608
Unknown_Sample,20251031_081_pol_pro_Ran_ado_2025_19_Colorado2025.czi,Ran_ado,236.25,8711.0,5063.0,15,28,73.8,0.942,20251031_081_pol_pro_Ran_ado_2025_19_Colorado2025_x008704_y004608
Unknown_Sample,20251031_081_pol_pro_Ran_ado_2025_19_Colorado2025.czi,Ran_ado,679.52,9532.0,4764.0,33,34,112.43,0.967,20251031_081_pol_pro_Ran_ado_2025_19_Colorado2025_x009216_y004608
Unknown_Sample,20251031_081_pol_pro_Ran_ado_2025_19_Colorado2025.czi,Ran_ado,636.81,9278.0,5075.0,31,33,109.36,0.964,20251031_081_pol_pro_Ran_ado_2025_19_Colorado2025_x009216_y004608
Unknown_Sample,20251031_081_pol_pro_Ran_ado_2025_19_Colorado2025.czi,Ran_ado,598.33,9663.0,4821.0,32,31,103.84,0.963,20251031_081_pol_pro_Ran_ado_2025_19_Colorado2025_x009216_y004608
Unknown_Sample,20251031_081_pol_pro_Ran_ado_2025_19_Colorado2025.czi,Ran_ado,587.55,9322.0,4960.0,32,29,103.36,0.962,20251031_081_pol_pro_Ran_ado_2025_19_Colorado2025_x009216_y004608
Unknown_Sample,20251031_081_pol_pro_Ran_ado_2025_19_Colorado2025.czi,Ran_ado,579.86,9841.0,5125.0,29,31,106.04,0.948,20251031_081_pol_pro_Ran_ado_2025_19_Colorado2025_x009216_y004608
Unknown_Sample,20251031_081_pol_pro_Ran_ado_2025_19_Colorado2025.czi,Ran_ado,410.56,9777.0,5237.0,29,22,91.56,0.938,20251031_081_pol_pro_Ran_ado_2025_19_Colorado2025_x009216_y004608
Unknown_Sample,20251031_081_pol_pro_Ran_ado_2025_19_Colorado2025.czi,Ran_ado,607.95,9935.0,5109.0,31,32,105.6,0.961,20251031_081_pol_pro_Ran_ado_2025_19_Colorado2025_x009728_y004608
Unknown_Sample,20251031_081_pol_pro_Ran_ado_2025_19_Colorado2025.czi,Ran_ado,618.72,10207.0,4736.0,33,31,107.6,0.961,20251031_081_pol_pro_Ran_ado_2025_19_Colorado2025_x009728_y004608
Unknown_Sample,20251031_081_pol_pro_Ran_ado_2025_19_Colorado2025.czi,Ran_ado,654.89,9843.0,5125.0,35,31,110.43,0.96,20251031_081_pol_pro_Ran_ado_2025_19_Colorado2025_x009728_y004608
Unknown_Sample,20251031_081_pol_pro_Ran_ado_2025_19_Colorado2025.czi,Ran_ado,391.7,10021.0,5033.0,26,26,84.77,0.955,20251031_081_pol_pro_Ran_ado_2025_19_Colorado2025_x009728_y004608
Unknown_Sample,20251031_081_pol_pro_Ran_ado_2025_19_Colorado2025.czi,Ran_ado,580.63,10350.0,4762.0,32,31,106.18,0.953,20251031_081_pol_pro_Ran_ado_2025_19_Colorado2025_x009728_y004608
Unknown_Sample,20251031_081_pol_pro_Ran_ado_2025_19_Colorado2025.czi,Ran_ado,410.56,9777.0,5237.0,29,22,91.56,0.937,20251031_081_pol_pro_Ran_ado_2025_19_Colorado2025_x009728_y004608
Unknown_Sample,20251031_081_pol_pro_Ran_ado_2025_19_Colorado2025.czi,Ran_ado,564.85,10842.0,4744.0,31,30,102.77,0.963,20251031_081_pol_pro_Ran_ado_2025_19_Colorado2025_x010240_y004608
Unknown_Sample,20251031_081_pol_pro_Ran_ado_2025_19_Colorado2025.czi,Ran_ado,581.01,10350.0,4762.0,32,31,104.43,0.961,20251031_081_pol_pro_Ran_ado_2025_19_Colorado2025_x010240_y004608
Unknown_Sample,20251031_081_pol_pro_Ran_ado_2025_19_Colorado2025.czi,Ran_ado,504.83,10726.0,4864.0,29,29,96.77,0.961,20251031_081_pol_pro_Ran_ado_2025_19_Colorado2025_x010240_y004608
Unknown_Sample,20251031_081_pol_pro_Ran_ado_2025_19_Colorado2025.czi,Ran_ado,702.99,10730.0,4923.0,34,35,114.67,0.959,20251031_081_pol_pro_Ran_ado_2025_19_Colorado2025_x010240_y004608
Unknown_Sample,20251031_081_pol_pro_Ran_ado_2025_19_Colorado2025.czi,Ran_ado,276.27,10565.0,4649.0,22,21,72.63,0.946,20251031_081_pol_pro_Ran_ado_2025_19_Colorado2025_x010240_y004608
Unknown_Sample,20251031_081_pol_pro_Ran_ado_2025_19_Colorado2025.czi,Ran_ado,667.97,10765.0,4840.0,34,34,112.08,0.942,20251031_081_pol_pro_Ran_ado_2025_19_Colorado2025_x010240_y004608
Unknown_Sample,20251031_081_pol_pro_Ran_ado_2025_19_Colorado2025.czi,Ran_ado,643.73,10754.0,4809.0,34,32,110.67,0.941,20251031_081_pol_pro_Ran_ado_2025_19_Colorado2025_x010240_y004608
Unknown_Sample,20251031_081_pol_pro_Ran_ado_2025_19_Colorado2025.czi,Ran_ado,591.4,10994.0,5149.0,28,35,105.01,0.964,20251031_081_pol_pro_Ran_ado_2025_19_Colorado2025_x010752_y004608
Unknown_Sample,20251031_081_pol_pro_Ran_ado_2025_19_Colorado2025.czi,Ran_ado,564.47,10842.0,4744.0,31,30,102.18,0.963,20251031_081_pol_pro_Ran_ado_2025_19_Colorado2025_x010752_y004608
Unknown_Sample,20251031_081_pol_pro_Ran_ado_2025_19_Colorado2025.czi,Ran_ado,573.32,10980.0,4630.0,31,30,103.94,0.963,20251031_081_pol_pro_Ran_ado_2025_19_Colorado2025_x010752_y004608
Unknown_Sample,20251031_081_pol_pro_Ran_ado_2025_19_Colorado2025.czi,Ran_ado,647.96,11034.0,4969.0,32,33,109.6,0.963,20251031_081_pol_pro_Ran_ado_2025_19_Colorado2025_x010752_y004608
Unknown_Sample,20251031_081_pol_pro_Ran_ado_2025_19_Colorado2025.czi,Ran_ado,634.5,11127.0,5030.0,32,33,106.67,0.961,20251031_081_pol_pro_Ran_ado_2025_19_Colorado2025_x010752_y004608
Unknown_Sample,20251031_081_pol_pro_Ran_ado_2025_19_Colorado2025.czi,Ran_ado,588.71,11092.0,5117.0,32,32,104.08,0.959,20251031_081_pol_pro_Ran_ado_2025_19_Colorado2025_x010752_y004608
Unknown_Sample,20251031_081_pol_pro_Ran_ado_2025_19_Colorado2025.czi,Ran_ado,600.64,10766.0,4840.0,31,32,107.36,0.94,20251031_081_pol_pro_Ran_ado_2025_19_Colorado2025_x010752_y004608
Unknown_Sample,20251031_081_pol_pro_Ran_ado_2025_19_Colorado2025.czi,Ran_ado,377.08,10760.0,4810.0,19,34,91.46,0.933,20251031_081_pol_pro_Ran_ado_2025_19_Colorado2025_x010752_y004608
Unknown_Sample,20251031_081_pol_pro_Ran_ado_2025_19_Colorado2025.czi,Ran_ado,549.08,11379.0,4995.0,25,34,104.04,0.933,20251031_081_pol_pro_Ran_ado_2025_19_Colorado2025_x010752_y004608
Unknown_Sample,20251031_081_pol_pro_Ran_ado_2025_19_Colorado2025.czi,Ran_ado,474.81,11070.0,5237.0,35,21,99.8,0.929,20251031_081_pol_pro_Ran_ado_2025_19_Colorado2025_x010752_y004608
Unknown_Sample,20251031_081_pol_pro_Ran_ado_2025_19_Colorado2025.czi,Ran_ado,671.82,11492.0,5042.0,33,33,110.43,0.966,20251031_081_pol_pro_Ran_ado_2025_19_Colorado2025_x011264_y004608
Unknown_Sample,20251031_081_pol_pro_Ran_ado_2025_19_Colorado2025.czi,Ran_ado,655.27,11502.0,5152.0,33,33,109.84,0.963,20251031_081_pol_pro_Ran_ado_2025_19_Colorado2025_x011264_y004608
Unknown_Sample,20251031_081_pol_pro_Ran_ado_2025_19_Colorado2025.czi,Ran_ado,597.94,11480.0,4667.0,31,32,104.43,0.963,20251031_081_pol_pro_Ran_ado_2025_19_Colorado2025_x011264_y004608
Unknown_Sample,20251031_081_pol_pro_Ran_ado_2025_19_Colorado2025.czi,Ran_ado,621.41,11380.0,4995.0,30,34,108.18,0.961,20251031_081_pol_pro_Ran_ado_2025_19_Colorado2025_x011264_y004608
Unknown_Sample,20251031_081_pol_pro_Ran_ado_2025_19_Colorado2025.czi,Ran_ado,580.24,11884.0,5224.0,31,31,103.6,0.954,20251031_081_pol_pro_Ran_ado_2025_19_Colorado2025_x011264_y004608
Unknown_Sample,20251031_081_pol_pro_Ran_ado_2025_19_Colorado2025.czi,Ran_ado,573.7,12195.0,5062.0,31,31,101.84,0.961,20251031_081_pol_pro_Ran_ado_2025_19_Colorado2025_x011776_y004608
Unknown_Sample,20251031_081_pol_pro_Ran_ado_2025_19_Colorado2025.czi,Ran_ado,629.49,12092.0,4949.0,31,33,107.6,0.961,20251031_081_pol_pro_Ran_ado_2025_19_Colorado2025_x011776_y004608
Unknown_Sample,20251031_081_pol_pro_Ran_ado_2025_19_Colorado2025.czi,Ran_ado,600.25,12299.0,4657.0,30,33,104.43,0.961,20251031_081_pol_pro_Ran_ado_2025_19_Colorado2025_x011776_y004608
Unknown_Sample,20251031_081_pol_pro_Ran_ado_2025_19_Colorado2025.czi,Ran_ado,574.86,11884.0,5224.0,30,31,102.77,0.958,20251031_081_pol_pro_Ran_ado_2025_19_Colorado2025_x011776_y004608
Unknown_Sample,20251031_081_pol_pro_Ran_ado_2025_19_Colorado2025.czi,Ran_ado,619.11,12263.0,5127.0,33,32,105.5,0.956,20251031_081_pol_pro_Ran_ado_2025_19_Colorado2025_x011776_y004608
Unknown_Sample,20251031_081_pol_pro_Ran_ado_2025_19_Colorado2025.czi,Ran_ado,322.06,11954.0,5239.0,29,18,83.56,0.922,20251031_081_pol_pro_Ran_ado_2025_19_Colorado2025_x011776_y004608
Unknown_Sample,20251031_081_pol_pro_Ran_ado_2025_19_Colorado2025.czi,Ran_ado,551.0,12300.0,4657.0,27,33,101.94,0.963,20251031_081_pol_pro_Ran_ado_2025_19_Colorado2025_x012288_y004608
Unknown_Sample,20251031_081_pol_pro_Ran_ado_2025_19_Colorado2025.czi,Ran_ado,585.25,12468.0,5105.0,30,32,101.84,0.962,20251031_081_pol_pro_Ran_ado_2025_19_Colorado2025_x012288_y004608
Unknown_Sample,20251031_081_pol_pro_Ran_ado_2025_19_Colorado2025.czi,Ran_ado,617.95,12616.0,4872.0,32,32,106.43,0.961,20251031_081_pol_pro_Ran_ado_2025_19_Colorado2025_x012288_y004608
Unknown_Sample,20251031_081_pol_pro_Ran_ado_2025_19_Colorado2025.czi,Ran_ado,512.14,12600.0,5197.0,30,28,96.18,0.959,20251031_081_pol_pro_Ran_ado_2025_19_Colorado2025_x012288_y004608
Unknown_Sample,20251031_081_pol_pro_Ran_ado_2025_19_Colorado2025.czi,Ran_ado,567.55,12481.0,5168.0,32,29,102.18,0.959,20251031_081_pol_pro_Ran_ado_2025_19_Colorado2025_x012288_y004608
Unknown_Sample,20251031_081_pol_pro_Ran_ado_2025_19_Colorado2025.czi,Ran_ado,697.6,13254.0,4776.0,36,32,113.84,0.963,20251031_081_pol_pro_Ran_ado_2025_19_Colorado2025_x012800_y004608
Unknown_Sample,20251031_081_pol_pro_Ran_ado_2025_19_Colorado2025.czi,Ran_ado,578.7,12979.0,5192.0,31,31,103.6,0.96,20251031_081_pol_pro_Ran_ado_2025_19_Colorado2025_x012800_y004608
Unknown_Sample,20251031_081_pol_pro_Ran_ado_2025_19_Colorado2025.czi,Ran_ado,625.65,13231.0,5043.0,30,35,107.25,0.959,20251031_081_pol_pro_Ran_ado_2025_19_Colorado2025_x012800_y004608
Unknown_Sample,20251031_081_pol_pro_Ran_ado_2025_19_Colorado2025.czi,Ran_ado,583.32,13144.0,4801.0,30,32,104.77,0.958,20251031_081_pol_pro_Ran_ado_2025_19_Colorado2025_x012800_y004608
Unknown_Sample,20251031_081_pol_pro_Ran_ado_2025_19_Colorado2025.czi,Ran_ado,647.58,13168.0,5066.0,33,32,110.18,0.946,20251031_081_pol_pro_Ran_ado_2025_19_Colorado2025_x012800_y004608
Unknown_Sample,20251031_081_pol_pro_Ran_ado_2025_19_Colorado2025.czi,Ran_ado,592.56,13182.0,5096.0,31,33,106.43,0.917,20251031_081_pol_pro_Ran_ado_2025_19_Colorado2025_x012800_y004608
Unknown_Sample,20251031_081_pol_pro_Ran_ado_2025_19_Colorado2025.czi,Ran_ado,672.97,13655.0,5104.0,33,33,111.01,0.962,20251031_081_pol_pro_Ran_ado_2025_19_Colorado2025_x013312_y004608
Unknown_Sample,20251031_081_pol_pro_Ran_ado_2025_19_Colorado2025.czi,Ran_ado,624.88,13642.0,4996.0,33,32,108.43,0.961,20251031_081_pol_pro_Ran_ado_2025_19_Colorado2025_x013312_y004608
Unknown_Sample,20251031_081_pol_pro_Ran_ado_2025_19_Colorado2025.czi,Ran_ado,533.69,13779.0,4903.0,28,31,99.36,0.96,20251031_081_pol_pro_Ran_ado_2025_19_Colorado2025_x013312_y004608
Unknown_Sample,20251031_081_pol_pro_Ran_ado_2025_19_Colorado2025.czi,Ran_ado,554.08,13577.0,4913.0,30,30,100.77,0.958,20251031_081_pol_pro_Ran_ado_2025_19_Colorado2025_x013312_y004608
Unknown_Sample,20251031_081_pol_pro_Ran_ado_2025_19_Colorado2025.czi,Ran_ado,490.21,14185.0,4997.0,27,31,95.6,0.959,20251031_081_pol_pro_Ran_ado_2025_19_Colorado2025_x013824_y004608
Unknown_Sample,20251031_081_pol_pro_Ran_ado_2025_19_Colorado2025.czi,Ran_ado,636.42,14511.0,5210.0,32,33,108.43,0.961,20251031_081_pol_pro_Ran_ado_2025_19_Colorado2025_x014336_y004608
Unknown_Sample,20251031_081_pol_pro_Ran_ado_2025_19_Colorado2025.czi,Ran_ado,607.56,14769.0,4843.0,32,32,105.84,0.959,20251031_081_pol_pro_Ran_ado_2025_19_Colorado2025_x014336_y004608
Unknown_Sample,20251031_081_pol_pro_Ran_ado_2025_19_Colorado2025.czi,Ran_ado,562.54,14952.0,5126.0,31,30,101.6,0.957,20251031_081_pol_pro_Ran_ado_2025_19_Colorado2025_x014336_y004608
Unknown_Sample,20251031_081_pol_pro_Ran_ado_2025_19_Colorado2025.czi,Ran_ado,545.61,14711.0,5079.0,29,31,99.6,0.956,20251031_081_pol_pro_Ran_ado_2025_19_Colorado2025_x014336_y004608
Unknown_Sample,20251031_081_pol_pro_Ran_ado_2025_19_Colorado2025.czi,Ran_ado,612.18,14961.0,4702.0,29,33,107.7,0.954,20251031_081_pol_pro_Ran_ado_2025_19_Colorado2025_x014336_y004608
Unknown_Sample,20251031_081_pol_pro_Ran_ado_2025_19_Colorado2025.czi,Ran_ado,499.44,14612.0,4938.0,28,30,96.77,0.945,20251031_081_pol_pro_Ran_ado_2025_19_Colorado2025_x014336_y004608
Unknown_Sample,20251031_081_pol_pro_Ran_ado_2025_19_Colorado2025.czi,Ran_ado,176.61,14613.0,4962.0,17,18,57.21,0.915,20251031_081_pol_pro_Ran_ado_2025_19_Colorado2025_x014336_y004608
Unknown_Sample,20251031_081_pol_pro_Ran_ado_2025_19_Colorado2025.czi,Ran_ado,286.27,14762.0,5240.0,29,16,80.14,0.914,20251031_081_pol_pro_Ran_ado_2025_19_Colorado2025_x014336_y004608
Unknown_Sample,20251031_081_pol_pro_Ran_ado_2025_19_Colorado2025.czi,Ran_ado,639.5,14962.0,4702.0,33,32,108.43,0.964,20251031_081_pol_pro_Ran_ado_2025_19_Colorado2025_x014848_y004608
Unknown_Sample,20251031_081_pol_pro_Ran_ado_2025_19_Colorado2025.czi,Ran_ado,551.0,15237.0,4869.0,29,31,100.77,0.961,20251031_081_pol_pro_Ran_ado_2025_19_Colorado2025_x014848_y004608
Unknown_Sample,20251031_081_pol_pro_Ran_ado_2025_19_Colorado2025.czi,Ran_ado,614.1,15431.0,4957.0,31,33,105.25,0.959,20251031_081_pol_pro_Ran_ado_2025_19_Colorado2025_x014848_y004608
Unknown_Sample,20251031_081_pol_pro_Ran_ado_2025_19_Colorado2025.czi,Ran_ado,637.58,15067.0,4904.0,33,31,107.01,0.959,20251031_081_pol_pro_Ran_ado_2025_19_Colorado2025_x014848_y004608
Unknown_Sample,20251031_081_pol_pro_Ran_ado_2025_19_Colorado2025.czi,Ran_ado,562.54,14952.0,5126.0,31,30,101.6,0.959,20251031_081_pol_pro_Ran_ado_2025_19_Colorado2025_x014848_y004608
Unknown_Sample,20251031_081_pol_pro_Ran_ado_2025_19_Colorado2025.czi,Ran_ado,557.93,15263.0,5023.0,31,29,99.6,0.958,20251031_081_pol_pro_Ran_ado_2025_19_Colorado2025_x014848_y004608
Unknown_Sample,20251031_081_pol_pro_Ran_ado_2025_19_Colorado2025.czi,Ran_ado,657.97,15597.0,4890.0,32,34,109.25,0.963,20251031_081_pol_pro_Ran_ado_2025_19_Colorado2025_x015360_y004608
Unknown_Sample,20251031_081_pol_pro_Ran_ado_2025_19_Colorado2025.czi,Ran_ado,579.86,15734.0,4715.0,31,31,103.01,0.961,20251031_081_pol_pro_Ran_ado_2025_19_Colorado2025_x015360_y004608
Unknown_Sample,20251031_081_pol_pro_Ran_ado_2025_19_Colorado2025.czi,Ran_ado,614.1,15431.0,4957.0,31,33,105.25,0.959,20251031_081_pol_pro_Ran_ado_2025_19_Colorado2025_x015360_y004608
Unknown_Sample,20251031_081_pol_pro_Ran_ado_2025_19_Colorado2025.czi,Ran_ado,253.57,15992.0,5018.0,15,28,75.56,0.901,20251031_081_pol_pro_Ran_ado_2025_19_Colorado2025_x015360_y004608
Unknown_Sample,20251031_081_pol_pro_Ran_ado_2025_19_Colorado2025.czi,Ran_ado,614.49,16212.0,4941.0,32,32,107.01,0.966,20251031_081_pol_pro_Ran_ado_2025_19_Colorado2025_x015872_y004608
Unknown_Sample,20251031_081_pol_pro_Ran_ado_2025_19_Colorado2025.czi,Ran_ado,615.26,16312.0,4997.0,33,31,105.84,0.962,20251031_081_pol_pro_Ran_ado_2025_19_Colorado2025_x015872_y004608
Unknown_Sample,20251031_081_pol_pro_Ran_ado_2025_19_Colorado2025.czi,Ran_ado,528.68,15999.0,5018.0,31,28,99.94,0.958,20251031_081_pol_pro_Ran_ado_2025_19_Colorado2025_x015872_y004608
Unknown_Sample,20251031_081_pol_pro_Ran_ado_2025_19_Colorado2025.czi,Ran_ado,286.27,16066.0,4900.0,21,23,73.46,0.945,20251031_081_pol_pro_Ran_ado_2025_19_Colorado2025_x015872_y004608
Unknown_Sample,20251031_081_pol_pro_Ran_ado_2025_19_Colorado2025.czi,Ran_ado,721.84,16783.0,4883.0,33,36,115.25,0.961,20251031_081_pol_pro_Ran_ado_2025_19_Colorado2025_x016384_y004608
Unknown_Sample,20251031_081_pol_pro_Ran_ado_2025_19_Colorado2025.czi,Ran_ado,688.75,17000.0,4849.0,37,31,114.43,0.961,20251031_081_pol_pro_Ran_ado_2025_19_Colorado2025_x016384_y004608
Unknown_Sample,20251031_081_pol_pro_Ran_ado_2025_19_Colorado2025.czi,Ran_ado,687.98,17000.0,4849.0,37,31,114.43,0.962,20251031_081_pol_pro_Ran_ado_2025_19_Colorado2025_x016896_y004608
Unknown_Sample,20251031_081_pol_pro_Ran_ado_2025_19_Colorado2025.czi,Ran_ado,636.42,17204.0,5063.0,31,35,109.25,0.96,20251031_081_pol_pro_Ran_ado_2025_19_Colorado2025_x016896_y004608
Unknown_Sample,20251031_081_pol_pro_Ran_ado_2025_19_Colorado2025.czi,Ran_ado,647.96,17231.0,5025.0,36,30,110.43,0.959,20251031_081_pol_pro_Ran_ado_2025_19_Colorado2025_x016896_y004608
Unknown_Sample,20251031_081_pol_pro_Ran_ado_2025_19_Colorado2025.czi,Ran_ado,331.29,17210.0,4952.0,22,25,78.87,0.95,20251031_081_pol_pro_Ran_ado_2025_19_Colorado2025_x016896_y004608
Unknown_Sample,20251031_081_pol_pro_Ran_ado_2025_19_Colorado2025.czi,Ran_ado,342.84,1565.0,5646.0,25,23,79.7,0.947,20251031_081_pol_pro_Ran_ado_2025_19_Colorado2025_x001024_y005120
Unknown_Sample,20251031_081_pol_pro_Ran_ado_2025_19_Colorado2025.czi,Ran_ado,421.33,1907.0,5631.0,27,26,88.53,0.951,20251031_081_pol_pro_Ran_ado_2025_19_Colorado2025_x001536_y005120
Unknown_Sample,20251031_081_pol_pro_Ran_ado_2025_19_Colorado2025.czi,Ran_ado,342.45,1565.0,5646.0,25,23,79.11,0.946,20251031_081_pol_pro_Ran_ado_2025_19_Colorado2025_x001536_y005120
Unknown_Sample,20251031_081_pol_pro_Ran_ado_2025_19_Colorado2025.czi,Ran_ado,536.76,3474.0,5626.0,30,30,100.18,0.958,20251031_081_pol_pro_Ran_ado_2025_19_Colorado2025_x003072_y005120
Unknown_Sample,20251031_081_pol_pro_Ran_ado_2025_19_Colorado2025.czi,Ran_ado,619.11,3984.0,5348.0,34,30,107.01,0.962,20251031_081_pol_pro_Ran_ado_2025_19_Colorado2025_x003584_y005120
Unknown_Sample,20251031_081_pol_pro_Ran_ado_2025_19_Colorado2025.czi,Ran_ado,490.59,3843.0,5213.0,27,30,95.36,0.96,20251031_081_pol_pro_Ran_ado_2025_19_Colorado2025_x003584_y005120
Unknown_Sample,20251031_081_pol_pro_Ran_ado_2025_19_Colorado2025.czi,Ran_ado,547.54,4195.0,5604.0,30,30,100.18,0.958,20251031_081_pol_pro_Ran_ado_2025_19_Colorado2025_x003584_y005120
Unknown_Sample,20251031_081_pol_pro_Ran_ado_2025_19_Colorado2025.czi,Ran_ado,639.5,3785.0,5612.0,35,31,108.08,0.957,20251031_081_pol_pro_Ran_ado_2025_19_Colorado2025_x003584_y005120
Unknown_Sample,20251031_081_pol_pro_Ran_ado_2025_19_Colorado2025.czi,Ran_ado,457.11,3987.0,5386.0,26,29,91.94,0.953,20251031_081_pol_pro_Ran_ado_2025_19_Colorado2025_x003584_y005120
Unknown_Sample,20251031_081_pol_pro_Ran_ado_2025_19_Colorado2025.czi,Ran_ado,634.11,4616.0,5361.0,34,31,108.43,0.961,20251031_081_pol_pro_Ran_ado_2025_19_Colorado2025_x004096_y005120
Unknown_Sample,20251031_081_pol_pro_Ran_ado_2025_19_Colorado2025.czi,Ran_ado,547.54,4195.0,5604.0,30,30,100.18,0.957,20251031_081_pol_pro_Ran_ado_2025_19_Colorado2025_x004096_y005120
Unknown_Sample,20251031_081_pol_pro_Ran_ado_2025_19_Colorado2025.czi,Ran_ado,534.45,4722.0,5579.0,26,32,100.87,0.946,20251031_081_pol_pro_Ran_ado_2025_19_Colorado2025_x004096_y005120
Unknown_Sample,20251031_081_pol_pro_Ran_ado_2025_19_Colorado2025.czi,Ran_ado,481.36,4619.0,5361.0,25,31,98.04,0.963,20251031_081_pol_pro_Ran_ado_2025_19_Colorado2025_x004608_y005120
Unknown_Sample,20251031_081_pol_pro_Ran_ado_2025_19_Colorado2025.czi,Ran_ado,549.85,5008.0,5251.0,33,28,101.01,0.959,20251031_081_pol_pro_Ran_ado_2025_19_Colorado2025_x004608_y005120
Unknown_Sample,20251031_081_pol_pro_Ran_ado_2025_19_Colorado2025.czi,Ran_ado,547.92,4723.0,5579.0,28,32,100.77,0.959,20251031_081_pol_pro_Ran_ado_2025_19_Colorado2025_x004608_y005120
Unknown_Sample,20251031_081_pol_pro_Ran_ado_2025_19_Colorado2025.czi,Ran_ado,571.01,5157.0,5590.0,31,31,103.6,0.957,20251031_081_pol_pro_Ran_ado_2025_19_Colorado2025_x004608_y005120
Unknown_Sample,20251031_081_pol_pro_Ran_ado_2025_19_Colorado2025.czi,Ran_ado,600.64,5177.0,5560.0,33,30,105.01,0.953,20251031_081_pol_pro_Ran_ado_2025_19_Colorado2025_x004608_y005120
Unknown_Sample,20251031_081_pol_pro_Ran_ado_2025_19_Colorado2025.czi,Ran_ado,571.78,5157.0,5590.0,31,31,103.6,0.957,20251031_081_pol_pro_Ran_ado_2025_19_Colorado2025_x005120_y005120
Unknown_Sample,20251031_081_pol_pro_Ran_ado_2025_19_Colorado2025.czi,Ran_ado,579.86,5632.0,5136.0,34,29,106.18,0.953,20251031_081_pol_pro_Ran_ado_2025_19_Colorado2025_x005120_y005120
Unknown_Sample,20251031_081_pol_pro_Ran_ado_2025_19_Colorado2025.czi,Ran_ado,601.41,5177.0,5560.0,33,30,105.01,0.953,20251031_081_pol_pro_Ran_ado_2025_19_Colorado2025_x005120_y005120
Unknown_Sample,20251031_081_pol_pro_Ran_ado_2025_19_Colorado2025.czi,Ran_ado,624.11,5897.0,5140.0,33,32,107.25,0.963,20251031_081_pol_pro_Ran_ado_2025_19_Colorado2025_x005632_y005120
Unknown_Sample,20251031_081_pol_pro_Ran_ado_2025_19_Colorado2025.czi,Ran_ado,676.05,5821.0,5740.0,33,34,113.01,0.961,20251031_081_pol_pro_Ran_ado_2025_19_Colorado2025_x005632_y005120
Unknown_Sample,20251031_081_pol_pro_Ran_ado_2025_19_Colorado2025.czi,Ran_ado,587.55,5973.0,5493.0,34,29,106.18,0.96,20251031_081_pol_pro_Ran_ado_2025_19_Colorado2025_x005632_y005120
Unknown_Sample,20251031_081_pol_pro_Ran_ado_2025_19_Colorado2025.czi,Ran_ado,565.62,6012.0,5674.0,30,31,101.6,0.959,20251031_081_pol_pro_Ran_ado_2025_19_Colorado2025_x005632_y005120
Unknown_Sample,20251031_081_pol_pro_Ran_ado_2025_19_Colorado2025.czi,Ran_ado,269.34,5639.0,5134.0,17,28,77.8,0.948,20251031_081_pol_pro_Ran_ado_2025_19_Colorado2025_x005632_y005120
Unknown_Sample,20251031_081_pol_pro_Ran_ado_2025_19_Colorado2025.czi,Ran_ado,593.33,6463.0,5347.0,31,31,103.6,0.961,20251031_081_pol_pro_Ran_ado_2025_19_Colorado2025_x006144_y005120
Unknown_Sample,20251031_081_pol_pro_Ran_ado_2025_19_Colorado2025.czi,Ran_ado,566.39,7061.0,5730.0,30,31,101.6,0.962,20251031_081_pol_pro_Ran_ado_2025_19_Colorado2025_x006656_y005120
Unknown_Sample,20251031_081_pol_pro_Ran_ado_2025_19_Colorado2025.czi,Ran_ado,716.45,7676.0,5277.0,34,34,114.43,0.964,20251031_081_pol_pro_Ran_ado_2025_19_Colorado2025_x007168_y005120
Unknown_Sample,20251031_081_pol_pro_Ran_ado_2025_19_Colorado2025.czi,Ran_ado,636.04,7482.0,5265.0,31,34,107.84,0.964,20251031_081_pol_pro_Ran_ado_2025_19_Colorado2025_x007168_y005120
Unknown_Sample,20251031_081_pol_pro_Ran_ado_2025_19_Colorado2025.czi,Ran_ado,571.01,7772.0,5670.0,32,30,103.6,0.961,20251031_081_pol_pro_Ran_ado_2025_19_Colorado2025_x007168_y005120
Unknown_Sample,20251031_081_pol_pro_Ran_ado_2025_19_Colorado2025.czi,Ran_ado,552.15,7344.0,5199.0,32,29,101.01,0.961,20251031_081_pol_pro_Ran_ado_2025_19_Colorado2025_x007168_y005120
Unknown_Sample,20251031_081_pol_pro_Ran_ado_2025_19_Colorado2025.czi,Ran_ado,363.61,7401.0,5751.0,33,18,89.21,0.923,20251031_081_pol_pro_Ran_ado_2025_19_Colorado2025_x007168_y005120
Unknown_Sample,20251031_081_pol_pro_Ran_ado_2025_19_Colorado2025.czi,Ran_ado,554.46,8167.0,5219.0,29,31,100.18,0.964,20251031_081_pol_pro_Ran_ado_2025_19_Colorado2025_x007680_y005120
Unknown_Sample,20251031_081_pol_pro_Ran_ado_2025_19_Colorado2025.czi,Ran_ado,636.04,8293.0,5338.0,32,33,110.18,0.964,20251031_081_pol_pro_Ran_ado_2025_19_Colorado2025_x007680_y005120
Unknown_Sample,20251031_081_pol_pro_Ran_ado_2025_19_Colorado2025.czi,Ran_ado,577.55,8154.0,5688.0,32,30,103.01,0.962,20251031_081_pol_pro_Ran_ado_2025_19_Colorado2025_x007680_y005120
Unknown_Sample,20251031_081_pol_pro_Ran_ado_2025_19_Colorado2025.czi,Ran_ado,627.57,8022.0,5374.0,33,30,108.53,0.961,20251031_081_pol_pro_Ran_ado_2025_19_Colorado2025_x007680_y005120
Unknown_Sample,20251031_081_pol_pro_Ran_ado_2025_19_Colorado2025.czi,Ran_ado,560.62,8061.0,5625.0,33,29,103.01,0.961,20251031_081_pol_pro_Ran_ado_2025_19_Colorado2025_x007680_y005120
Unknown_Sample,20251031_081_pol_pro_Ran_ado_2025_19_Colorado2025.czi,Ran_ado,571.01,7772.0,5670.0,32,30,103.6,0.961,20251031_081_pol_pro_Ran_ado_2025_19_Colorado2025_x007680_y005120
Unknown_Sample,20251031_081_pol_pro_Ran_ado_2025_19_Colorado2025.czi,Ran_ado,250.1,7686.0,5276.0,14,33,81.8,0.941,20251031_081_pol_pro_Ran_ado_2025_19_Colorado2025_x007680_y005120
Unknown_Sample,20251031_081_pol_pro_Ran_ado_2025_19_Colorado2025.czi,Ran_ado,586.4,8466.0,5348.0,30,32,103.6,0.966,20251031_081_pol_pro_Ran_ado_2025_19_Colorado2025_x008192_y005120
Unknown_Sample,20251031_081_pol_pro_Ran_ado_2025_19_Colorado2025.czi,Ran_ado,631.42,8292.0,5338.0,32,33,110.18,0.964,20251031_081_pol_pro_Ran_ado_2025_19_Colorado2025_x008192_y005120
Unknown_Sample,20251031_081_pol_pro_Ran_ado_2025_19_Colorado2025.czi,Ran_ado,529.84,8409.0,5269.0,29,30,100.53,0.963,20251031_081_pol_pro_Ran_ado_2025_19_Colorado2025_x008192_y005120
Unknown_Sample,20251031_081_pol_pro_Ran_ado_2025_19_Colorado2025.czi,Ran_ado,648.35,8689.0,5572.0,35,30,107.84,0.962,20251031_081_pol_pro_Ran_ado_2025_19_Colorado2025_x008192_y005120
Unknown_Sample,20251031_081_pol_pro_Ran_ado_2025_19_Colorado2025.czi,Ran_ado,581.4,8472.0,5213.0,33,29,105.36,0.962,20251031_081_pol_pro_Ran_ado_2025_19_Colorado2025_x008192_y005120
Unknown_Sample,20251031_081_pol_pro_Ran_ado_2025_19_Colorado2025.czi,Ran_ado,566.78,8398.0,5719.0,30,31,101.01,0.96,20251031_081_pol_pro_Ran_ado_2025_19_Colorado2025_x008192_y005120
Unknown_Sample,20251031_081_pol_pro_Ran_ado_2025_19_Colorado2025.czi,Ran_ado,608.33,9150.0,5499.0,32,31,105.01,0.964,20251031_081_pol_pro_Ran_ado_2025_19_Colorado2025_x008704_y005120
Unknown_Sample,20251031_081_pol_pro_Ran_ado_2025_19_Colorado2025.czi,Ran_ado,611.03,8871.0,5722.0,32,31,106.77,0.964,20251031_081_pol_pro_Ran_ado_2025_19_Colorado2025_x008704_y005120
Unknown_Sample,20251031_081_pol_pro_Ran_ado_2025_19_Colorado2025.czi,Ran_ado,579.86,9047.0,5626.0,31,31,103.01,0.961,20251031_081_pol_pro_Ran_ado_2025_19_Colorado2025_x008704_y005120
Unknown_Sample,20251031_081_pol_pro_Ran_ado_2025_19_Colorado2025.czi,Ran_ado,520.6,8982.0,5403.0,28,31,98.18,0.96,20251031_081_pol_pro_Ran_ado_2025_19_Colorado2025_x008704_y005120
Unknown_Sample,20251031_081_pol_pro_Ran_ado_2025_19_Colorado2025.czi,Ran_ado,600.64,9056.0,5671.0,32,31,105.01,0.958,20251031_081_pol_pro_Ran_ado_2025_19_Colorado2025_x008704_y005120
Unknown_Sample,20251031_081_pol_pro_Ran_ado_2025_19_Colorado2025.czi,Ran_ado,261.65,9035.0,5748.0,19,22,70.97,0.923,20251031_081_pol_pro_Ran_ado_2025_19_Colorado2025_x008704_y005120
Unknown_Sample,20251031_081_pol_pro_Ran_ado_2025_19_Colorado2025.czi,Ran_ado,582.17,9762.0,5548.0,31,31,104.18,0.964,20251031_081_pol_pro_Ran_ado_2025_19_Colorado2025_x009216_y005120
Unknown_Sample,20251031_081_pol_pro_Ran_ado_2025_19_Colorado2025.czi,Ran_ado,622.18,9623.0,5377.0,33,31,105.84,0.96,20251031_081_pol_pro_Ran_ado_2025_19_Colorado2025_x009216_y005120
Unknown_Sample,20251031_081_pol_pro_Ran_ado_2025_19_Colorado2025.czi,Ran_ado,574.47,9776.0,5241.0,29,32,103.36,0.96,20251031_081_pol_pro_Ran_ado_2025_19_Colorado2025_x009216_y005120
Unknown_Sample,20251031_081_pol_pro_Ran_ado_2025_19_Colorado2025.czi,Ran_ado,338.22,9348.0,5533.0,26,22,80.87,0.95,20251031_081_pol_pro_Ran_ado_2025_19_Colorado2025_x009216_y005120
Unknown_Sample,20251031_081_pol_pro_Ran_ado_2025_19_Colorado2025.czi,Ran_ado,399.01,9841.0,5130.0,29,21,90.73,0.947,20251031_081_pol_pro_Ran_ado_2025_19_Colorado2025_x009216_y005120
Unknown_Sample,20251031_081_pol_pro_Ran_ado_2025_19_Colorado2025.czi,Ran_ado,287.81,9802.0,5752.0,31,15,82.14,0.908,20251031_081_pol_pro_Ran_ado_2025_19_Colorado2025_x009216_y005120
Unknown_Sample,20251031_081_pol_pro_Ran_ado_2025_19_Colorado2025.czi,Ran_ado,582.17,9762.0,5548.0,31,31,104.18,0.964,20251031_081_pol_pro_Ran_ado_2025_19_Colorado2025_x009728_y005120
Unknown_Sample,20251031_081_pol_pro_Ran_ado_2025_19_Colorado2025.czi,Ran_ado,611.79,10058.0,5338.0,33,31,105.25,0.963,20251031_081_pol_pro_Ran_ado_2025_19_Colorado2025_x009728_y005120
Unknown_Sample,20251031_081_pol_pro_Ran_ado_2025_19_Colorado2025.czi,Ran_ado,509.06,10047.0,5493.0,31,27,96.18,0.96,20251031_081_pol_pro_Ran_ado_2025_19_Colorado2025_x009728_y005120
Unknown_Sample,20251031_081_pol_pro_Ran_ado_2025_19_Colorado2025.czi,Ran_ado,574.47,9776.0,5241.0,29,32,103.36,0.96,20251031_081_pol_pro_Ran_ado_2025_19_Colorado2025_x009728_y005120
Unknown_Sample,20251031_081_pol_pro_Ran_ado_2025_19_Colorado2025.czi,Ran_ado,452.5,9843.0,5129.0,35,21,98.63,0.958,20251031_081_pol_pro_Ran_ado_2025_19_Colorado2025_x009728_y005120
Unknown_Sample,20251031_081_pol_pro_Ran_ado_2025_19_Colorado2025.czi,Ran_ado,637.58,9994.0,5448.0,32,34,109.84,0.953,20251031_081_pol_pro_Ran_ado_2025_19_Colorado2025_x009728_y005120
Unknown_Sample,20251031_081_pol_pro_Ran_ado_2025_19_Colorado2025.czi,Ran_ado,288.2,10269.0,5533.0,20,23,74.38,0.947,20251031_081_pol_pro_Ran_ado_2025_19_Colorado2025_x009728_y005120
Unknown_Sample,20251031_081_pol_pro_Ran_ado_2025_19_Colorado2025.czi,Ran_ado,482.51,9976.0,5474.0,29,27,95.11,0.942,20251031_081_pol_pro_Ran_ado_2025_19_Colorado2025_x009728_y005120
Unknown_Sample,20251031_081_pol_pro_Ran_ado_2025_19_Colorado2025.czi,Ran_ado,287.81,9802.0,5752.0,31,15,82.14,0.908,20251031_081_pol_pro_Ran_ado_2025_19_Colorado2025_x009728_y005120
Unknown_Sample,20251031_081_pol_pro_Ran_ado_2025_19_Colorado2025.czi,Ran_ado,589.09,10780.0,5668.0,30,33,103.84,0.964,20251031_081_pol_pro_Ran_ado_2025_19_Colorado2025_x010240_y005120
Unknown_Sample,20251031_081_pol_pro_Ran_ado_2025_19_Colorado2025.czi,Ran_ado,529.07,10747.0,5484.0,29,30,98.18,0.964,20251031_081_pol_pro_Ran_ado_2025_19_Colorado2025_x010240_y005120
Unknown_Sample,20251031_081_pol_pro_Ran_ado_2025_19_Colorado2025.czi,Ran_ado,596.79,10447.0,5404.0,33,30,105.01,0.963,20251031_081_pol_pro_Ran_ado_2025_19_Colorado2025_x010240_y005120
Unknown_Sample,20251031_081_pol_pro_Ran_ado_2025_19_Colorado2025.czi,Ran_ado,582.55,10640.0,5733.0,30,31,102.77,0.962,20251031_081_pol_pro_Ran_ado_2025_19_Colorado2025_x010240_y005120
Unknown_Sample,20251031_081_pol_pro_Ran_ado_2025_19_Colorado2025.czi,Ran_ado,639.11,10809.0,5326.0,32,33,110.18,0.96,20251031_081_pol_pro_Ran_ado_2025_19_Colorado2025_x010240_y005120
Unknown_Sample,20251031_081_pol_pro_Ran_ado_2025_19_Colorado2025.czi,Ran_ado,288.97,10269.0,5533.0,20,23,74.38,0.946,20251031_081_pol_pro_Ran_ado_2025_19_Colorado2025_x010240_y005120
Unknown_Sample,20251031_081_pol_pro_Ran_ado_2025_19_Colorado2025.czi,Ran_ado,180.85,10874.0,5273.0,11,29,68.97,0.875,20251031_081_pol_pro_Ran_ado_2025_19_Colorado2025_x010240_y005120
Unknown_Sample,20251031_081_pol_pro_Ran_ado_2025_19_Colorado2025.czi,Ran_ado,630.65,11041.0,5451.0,33,31,107.01,0.964,20251031_081_pol_pro_Ran_ado_2025_19_Colorado2025_x010752_y005120
Unknown_Sample,20251031_081_pol_pro_Ran_ado_2025_19_Colorado2025.czi,Ran_ado,590.25,10780.0,5668.0,30,33,104.43,0.964,20251031_081_pol_pro_Ran_ado_2025_19_Colorado2025_x010752_y005120
Unknown_Sample,20251031_081_pol_pro_Ran_ado_2025_19_Colorado2025.czi,Ran_ado,554.08,11237.0,5733.0,32,28,101.94,0.964,20251031_081_pol_pro_Ran_ado_2025_19_Colorado2025_x010752_y005120
Unknown_Sample,20251031_081_pol_pro_Ran_ado_2025_19_Colorado2025.czi,Ran_ado,592.17,10994.0,5149.0,28,35,105.01,0.964,20251031_081_pol_pro_Ran_ado_2025_19_Colorado2025_x010752_y005120
Unknown_Sample,20251031_081_pol_pro_Ran_ado_2025_19_Colorado2025.czi,Ran_ado,602.95,10884.0,5271.0,32,31,105.01,0.962,20251031_081_pol_pro_Ran_ado_2025_19_Colorado2025_x010752_y005120
Unknown_Sample,20251031_081_pol_pro_Ran_ado_2025_19_Colorado2025.czi,Ran_ado,551.0,11130.0,5442.0,29,32,101.6,0.962,20251031_081_pol_pro_Ran_ado_2025_19_Colorado2025_x010752_y005120
Unknown_Sample,20251031_081_pol_pro_Ran_ado_2025_19_Colorado2025.czi,Ran_ado,677.21,11069.0,5241.0,35,32,112.43,0.962,20251031_081_pol_pro_Ran_ado_2025_19_Colorado2025_x010752_y005120
Unknown_Sample,20251031_081_pol_pro_Ran_ado_2025_19_Colorado2025.czi,Ran_ado,554.46,11144.0,5539.0,32,28,101.36,0.961,20251031_081_pol_pro_Ran_ado_2025_19_Colorado2025_x010752_y005120
Unknown_Sample,20251031_081_pol_pro_Ran_ado_2025_19_Colorado2025.czi,Ran_ado,639.88,10809.0,5326.0,32,33,110.18,0.96,20251031_081_pol_pro_Ran_ado_2025_19_Colorado2025_x010752_y005120
Unknown_Sample,20251031_081_pol_pro_Ran_ado_2025_19_Colorado2025.czi,Ran_ado,562.16,11088.0,5573.0,30,31,101.01,0.956,20251031_081_pol_pro_Ran_ado_2025_19_Colorado2025_x010752_y005120
Unknown_Sample,20251031_081_pol_pro_Ran_ado_2025_19_Colorado2025.czi,Ran_ado,595.63,11121.0,5583.0,30,33,105.6,0.95,20251031_081_pol_pro_Ran_ado_2025_19_Colorado2025_x010752_y005120
Unknown_Sample,20251031_081_pol_pro_Ran_ado_2025_19_Colorado2025.czi,Ran_ado,136.98,10756.0,5484.0,10,28,64.97,0.941,20251031_081_pol_pro_Ran_ado_2025_19_Colorado2025_x010752_y005120
Unknown_Sample,20251031_081_pol_pro_Ran_ado_2025_19_Colorado2025.czi,Ran_ado,220.86,11092.0,5126.0,31,14,75.46,0.941,20251031_081_pol_pro_Ran_ado_2025_19_Colorado2025_x010752_y005120
Unknown_Sample,20251031_081_pol_pro_Ran_ado_2025_19_Colorado2025.czi,Ran_ado,670.67,11691.0,5357.0,31,35,109.84,0.964,20251031_081_pol_pro_Ran_ado_2025_19_Colorado2025_x011264_y005120
Unknown_Sample,20251031_081_pol_pro_Ran_ado_2025_19_Colorado2025.czi,Ran_ado,654.51,11502.0,5152.0,33,33,109.84,0.963,20251031_081_pol_pro_Ran_ado_2025_19_Colorado2025_x011264_y005120
Unknown_Sample,20251031_081_pol_pro_Ran_ado_2025_19_Colorado2025.czi,Ran_ado,555.62,11746.0,5714.0,31,29,101.94,0.96,20251031_081_pol_pro_Ran_ado_2025_19_Colorado2025_x011264_y005120
Unknown_Sample,20251031_081_pol_pro_Ran_ado_2025_19_Colorado2025.czi,Ran_ado,592.56,11794.0,5258.0,33,30,106.77,0.96,20251031_081_pol_pro_Ran_ado_2025_19_Colorado2025_x011264_y005120
Unknown_Sample,20251031_081_pol_pro_Ran_ado_2025_19_Colorado2025.czi,Ran_ado,556.39,11707.0,5503.0,29,32,101.6,0.96,20251031_081_pol_pro_Ran_ado_2025_19_Colorado2025_x011264_y005120
Unknown_Sample,20251031_081_pol_pro_Ran_ado_2025_19_Colorado2025.czi,Ran_ado,617.57,11794.0,5311.0,32,32,105.84,0.958,20251031_081_pol_pro_Ran_ado_2025_19_Colorado2025_x011264_y005120
Unknown_Sample,20251031_081_pol_pro_Ran_ado_2025_19_Colorado2025.czi,Ran_ado,594.48,11535.0,5481.0,31,32,103.84,0.958,20251031_081_pol_pro_Ran_ado_2025_19_Colorado2025_x011264_y005120
Unknown_Sample,20251031_081_pol_pro_Ran_ado_2025_19_Colorado2025.czi,Ran_ado,564.08,11641.0,5289.0,30,31,102.77,0.957,20251031_081_pol_pro_Ran_ado_2025_19_Colorado2025_x011264_y005120
Unknown_Sample,20251031_081_pol_pro_Ran_ado_2025_19_Colorado2025.czi,Ran_ado,576.01,11438.0,5334.0,31,31,104.18,0.957,20251031_081_pol_pro_Ran_ado_2025_19_Colorado2025_x011264_y005120
Unknown_Sample,20251031_081_pol_pro_Ran_ado_2025_19_Colorado2025.czi,Ran_ado,578.32,11884.0,5224.0,31,31,104.18,0.954,20251031_081_pol_pro_Ran_ado_2025_19_Colorado2025_x011264_y005120
Unknown_Sample,20251031_081_pol_pro_Ran_ado_2025_19_Colorado2025.czi,Ran_ado,232.41,11673.0,5751.0,22,17,69.31,0.92,20251031_081_pol_pro_Ran_ado_2025_19_Colorado2025_x011264_y005120
Unknown_Sample,20251031_081_pol_pro_Ran_ado_2025_19_Colorado2025.czi,Ran_ado,649.89,12008.0,5524.0,35,31,108.67,0.963,20251031_081_pol_pro_Ran_ado_2025_19_Colorado2025_x011776_y005120
Unknown_Sample,20251031_081_pol_pro_Ran_ado_2025_19_Colorado2025.czi,Ran_ado,576.4,12395.0,5452.0,30,32,102.43,0.962,20251031_081_pol_pro_Ran_ado_2025_19_Colorado2025_x011776_y005120
Unknown_Sample,20251031_081_pol_pro_Ran_ado_2025_19_Colorado2025.czi,Ran_ado,510.6,11954.0,5243.0,29,29,97.36,0.96,20251031_081_pol_pro_Ran_ado_2025_19_Colorado2025_x011776_y005120
Unknown_Sample,20251031_081_pol_pro_Ran_ado_2025_19_Colorado2025.czi,Ran_ado,563.31,12156.0,5541.0,31,31,102.43,0.96,20251031_081_pol_pro_Ran_ado_2025_19_Colorado2025_x011776_y005120
Unknown_Sample,20251031_081_pol_pro_Ran_ado_2025_19_Colorado2025.czi,Ran_ado,595.63,11794.0,5258.0,33,30,106.77,0.959,20251031_081_pol_pro_Ran_ado_2025_19_Colorado2025_x011776_y005120
Unknown_Sample,20251031_081_pol_pro_Ran_ado_2025_19_Colorado2025.czi,Ran_ado,461.35,12263.0,5130.0,33,23,96.87,0.959,20251031_081_pol_pro_Ran_ado_2025_19_Colorado2025_x011776_y005120
Unknown_Sample,20251031_081_pol_pro_Ran_ado_2025_19_Colorado2025.czi,Ran_ado,621.8,11794.0,5311.0,32,32,106.43,0.957,20251031_081_pol_pro_Ran_ado_2025_19_Colorado2025_x011776_y005120
Unknown_Sample,20251031_081_pol_pro_Ran_ado_2025_19_Colorado2025.czi,Ran_ado,574.86,11884.0,5224.0,30,31,102.77,0.956,20251031_081_pol_pro_Ran_ado_2025_19_Colorado2025_x011776_y005120
Unknown_Sample,20251031_081_pol_pro_Ran_ado_2025_19_Colorado2025.czi,Ran_ado,567.93,12395.0,5452.0,29,32,101.6,0.963,20251031_081_pol_pro_Ran_ado_2025_19_Colorado2025_x012288_y005120
Unknown_Sample,20251031_081_pol_pro_Ran_ado_2025_19_Colorado2025.czi,Ran_ado,590.25,12423.0,5555.0,31,31,104.77,0.963,20251031_081_pol_pro_Ran_ado_2025_19_Colorado2025_x012288_y005120
Unknown_Sample,20251031_081_pol_pro_Ran_ado_2025_19_Colorado2025.czi,Ran_ado,556.77,12619.0,5414.0,32,30,101.84,0.963,20251031_081_pol_pro_Ran_ado_2025_19_Colorado2025_x012288_y005120
Unknown_Sample,20251031_081_pol_pro_Ran_ado_2025_19_Colorado2025.czi,Ran_ado,626.8,12618.0,5580.0,33,32,107.84,0.963,20251031_081_pol_pro_Ran_ado_2025_19_Colorado2025_x012288_y005120
Unknown_Sample,20251031_081_pol_pro_Ran_ado_2025_19_Colorado2025.czi,Ran_ado,616.41,12763.0,5626.0,32,32,105.25,0.962,20251031_081_pol_pro_Ran_ado_2025_19_Colorado2025_x012288_y005120
Unknown_Sample,20251031_081_pol_pro_Ran_ado_2025_19_Colorado2025.czi,Ran_ado,537.92,12473.0,5718.0,30,30,100.77,0.962,20251031_081_pol_pro_Ran_ado_2025_19_Colorado2025_x012288_y005120
Unknown_Sample,20251031_081_pol_pro_Ran_ado_2025_19_Colorado2025.czi,Ran_ado,606.02,12441.0,5471.0,32,32,105.84,0.961,20251031_081_pol_pro_Ran_ado_2025_19_Colorado2025_x012288_y005120
Unknown_Sample,20251031_081_pol_pro_Ran_ado_2025_19_Colorado2025.czi,Ran_ado,581.4,12665.0,5580.0,32,30,103.01,0.961,20251031_081_pol_pro_Ran_ado_2025_19_Colorado2025_x012288_y005120
Unknown_Sample,20251031_081_pol_pro_Ran_ado_2025_19_Colorado2025.czi,Ran_ado,567.16,12649.0,5642.0,31,30,102.77,0.961,20251031_081_pol_pro_Ran_ado_2025_19_Colorado2025_x012288_y005120
Unknown_Sample,20251031_081_pol_pro_Ran_ado_2025_19_Colorado2025.czi,Ran_ado,512.91,12600.0,5197.0,30,28,96.18,0.959,20251031_081_pol_pro_Ran_ado_2025_19_Colorado2025_x012288_y005120
Unknown_Sample,20251031_081_pol_pro_Ran_ado_2025_19_Colorado2025.czi,Ran_ado,566.78,12481.0,5168.0,32,29,102.18,0.959,20251031_081_pol_pro_Ran_ado_2025_19_Colorado2025_x012288_y005120
Unknown_Sample,20251031_081_pol_pro_Ran_ado_2025_19_Colorado2025.czi,Ran_ado,564.85,12488.0,5273.0,31,30,101.6,0.958,20251031_081_pol_pro_Ran_ado_2025_19_Colorado2025_x012288_y005120
Unknown_Sample,20251031_081_pol_pro_Ran_ado_2025_19_Colorado2025.czi,Ran_ado,444.42,12749.0,5668.0,25,29,91.7,0.957,20251031_081_pol_pro_Ran_ado_2025_19_Colorado2025_x012288_y005120
Unknown_Sample,20251031_081_pol_pro_Ran_ado_2025_19_Colorado2025.czi,Ran_ado,596.02,13403.0,5493.0,31,31,105.36,0.964,20251031_081_pol_pro_Ran_ado_2025_19_Colorado2025_x012800_y005120
Unknown_Sample,20251031_081_pol_pro_Ran_ado_2025_19_Colorado2025.czi,Ran_ado,558.31,13163.0,5403.0,32,29,101.01,0.961,20251031_081_pol_pro_Ran_ado_2025_19_Colorado2025_x012800_y005120
Unknown_Sample,20251031_081_pol_pro_Ran_ado_2025_19_Colorado2025.czi,Ran_ado,556.39,13281.0,5422.0,31,29,100.77,0.961,20251031_081_pol_pro_Ran_ado_2025_19_Colorado2025_x012800_y005120
Unknown_Sample,20251031_081_pol_pro_Ran_ado_2025_19_Colorado2025.czi,Ran_ado,578.7,12979.0,5192.0,31,31,103.6,0.961,20251031_081_pol_pro_Ran_ado_2025_19_Colorado2025_x012800_y005120
Unknown_Sample,20251031_081_pol_pro_Ran_ado_2025_19_Colorado2025.czi,Ran_ado,572.93,13071.0,5336.0,31,30,102.18,0.96,20251031_081_pol_pro_Ran_ado_2025_19_Colorado2025_x012800_y005120
Unknown_Sample,20251031_081_pol_pro_Ran_ado_2025_19_Colorado2025.czi,Ran_ado,643.73,13086.0,5695.0,33,32,107.84,0.959,20251031_081_pol_pro_Ran_ado_2025_19_Colorado2025_x012800_y005120
Unknown_Sample,20251031_081_pol_pro_Ran_ado_2025_19_Colorado2025.czi,Ran_ado,538.3,13073.0,5264.0,29,31,100.18,0.958,20251031_081_pol_pro_Ran_ado_2025_19_Colorado2025_x012800_y005120
Unknown_Sample,20251031_081_pol_pro_Ran_ado_2025_19_Colorado2025.czi,Ran_ado,596.02,13403.0,5493.0,31,31,105.36,0.964,20251031_081_pol_pro_Ran_ado_2025_19_Colorado2025_x013312_y005120
Unknown_Sample,20251031_081_pol_pro_Ran_ado_2025_19_Colorado2025.czi,Ran_ado,602.18,13588.0,5494.0,30,33,105.01,0.961,20251031_081_pol_pro_Ran_ado_2025_19_Colorado2025_x013312_y005120
Unknown_Sample,20251031_081_pol_pro_Ran_ado_2025_19_Colorado2025.czi,Ran_ado,599.87,13911.0,5657.0,29,34,105.01,0.96,20251031_081_pol_pro_Ran_ado_2025_19_Colorado2025_x013312_y005120
Unknown_Sample,20251031_081_pol_pro_Ran_ado_2025_19_Colorado2025.czi,Ran_ado,572.93,13583.0,5385.0,31,31,103.01,0.959,20251031_081_pol_pro_Ran_ado_2025_19_Colorado2025_x013312_y005120
Unknown_Sample,20251031_081_pol_pro_Ran_ado_2025_19_Colorado2025.czi,Ran_ado,550.62,13662.0,5736.0,30,31,101.01,0.958,20251031_081_pol_pro_Ran_ado_2025_19_Colorado2025_x013312_y005120
Unknown_Sample,20251031_081_pol_pro_Ran_ado_2025_19_Colorado2025.czi,Ran_ado,583.32,14027.0,5637.0,31,31,102.43,0.964,20251031_081_pol_pro_Ran_ado_2025_19_Colorado2025_x013824_y005120
Unknown_Sample,20251031_081_pol_pro_Ran_ado_2025_19_Colorado2025.czi,Ran_ado,657.2,14227.0,5299.0,31,35,109.25,0.963,20251031_081_pol_pro_Ran_ado_2025_19_Colorado2025_x013824_y005120
Unknown_Sample,20251031_081_pol_pro_Ran_ado_2025_19_Colorado2025.czi,Ran_ado,652.58,14425.0,5499.0,35,31,110.43,0.961,20251031_081_pol_pro_Ran_ado_2025_19_Colorado2025_x013824_y005120
Unknown_Sample,20251031_081_pol_pro_Ran_ado_2025_19_Colorado2025.czi,Ran_ado,599.87,13911.0,5657.0,29,34,105.01,0.96,20251031_081_pol_pro_Ran_ado_2025_19_Colorado2025_x013824_y005120
Unknown_Sample,20251031_081_pol_pro_Ran_ado_2025_19_Colorado2025.czi,Ran_ado,651.81,14425.0,5499.0,35,31,110.43,0.962,20251031_081_pol_pro_Ran_ado_2025_19_Colorado2025_x014336_y005120
Unknown_Sample,20251031_081_pol_pro_Ran_ado_2025_19_Colorado2025.czi,Ran_ado,591.79,14762.0,5247.0,29,33,104.77,0.962,20251031_081_pol_pro_Ran_ado_2025_19_Colorado2025_x014336_y005120
Unknown_Sample,20251031_081_pol_pro_Ran_ado_2025_19_Colorado2025.czi,Ran_ado,636.04,14511.0,5210.0,32,33,107.84,0.961,20251031_081_pol_pro_Ran_ado_2025_19_Colorado2025_x014336_y005120
Unknown_Sample,20251031_081_pol_pro_Ran_ado_2025_19_Colorado2025.czi,Ran_ado,414.02,14952.0,5130.0,31,22,92.63,0.954,20251031_081_pol_pro_Ran_ado_2025_19_Colorado2025_x014336_y005120
Unknown_Sample,20251031_081_pol_pro_Ran_ado_2025_19_Colorado2025.czi,Ran_ado,556.0,15322.0,5582.0,29,32,101.01,0.962,20251031_081_pol_pro_Ran_ado_2025_19_Colorado2025_x014848_y005120
Unknown_Sample,20251031_081_pol_pro_Ran_ado_2025_19_Colorado2025.czi,Ran_ado,574.09,15246.0,5473.0,31,31,103.6,0.961,20251031_081_pol_pro_Ran_ado_2025_19_Colorado2025_x014848_y005120
Unknown_Sample,20251031_081_pol_pro_Ran_ado_2025_19_Colorado2025.czi,Ran_ado,648.35,15464.0,5338.0,34,32,108.67,0.96,20251031_081_pol_pro_Ran_ado_2025_19_Colorado2025_x014848_y005120
Unknown_Sample,20251031_081_pol_pro_Ran_ado_2025_19_Colorado2025.czi,Ran_ado,412.87,14952.0,5130.0,31,22,92.04,0.955,20251031_081_pol_pro_Ran_ado_2025_19_Colorado2025_x014848_y005120
Unknown_Sample,20251031_081_pol_pro_Ran_ado_2025_19_Colorado2025.czi,Ran_ado,649.89,15464.0,5338.0,34,32,108.67,0.961,20251031_081_pol_pro_Ran_ado_2025_19_Colorado2025_x015360_y005120
Unknown_Sample,20251031_081_pol_pro_Ran_ado_2025_19_Colorado2025.czi,Ran_ado,646.04,15839.0,5635.0,35,33,110.33,0.96,20251031_081_pol_pro_Ran_ado_2025_19_Colorado2025_x015360_y005120
Unknown_Sample,20251031_081_pol_pro_Ran_ado_2025_19_Colorado2025.czi,Ran_ado,643.73,16653.0,5322.0,32,33,109.01,0.962,20251031_081_pol_pro_Ran_ado_2025_19_Colorado2025_x016384_y005120
Unknown_Sample,20251031_081_pol_pro_Ran_ado_2025_19_Colorado2025.czi,Ran_ado,618.72,16961.0,5708.0,33,31,106.43,0.956,20251031_081_pol_pro_Ran_ado_2025_19_Colorado2025_x016384_y005120
Unknown_Sample,20251031_081_pol_pro_Ran_ado_2025_19_Colorado2025.czi,Ran_ado,607.18,16961.0,5708.0,32,31,105.6,0.958,20251031_081_pol_pro_Ran_ado_2025_19_Colorado2025_x016896_y005120
Unknown_Sample,20251031_081_pol_pro_Ran_ado_2025_19_Colorado2025.czi,Ran_ado,636.42,17046.0,5647.0,35,30,108.43,0.957,20251031_081_pol_pro_Ran_ado_2025_19_Colorado2025_x016896_y005120
Unknown_Sample,20251031_081_pol_pro_Ran_ado_2025_19_Colorado2025.czi,Ran_ado,658.35,17177.0,5463.0,34,32,109.84,0.956,20251031_081_pol_pro_Ran_ado_2025_19_Colorado2025_x016896_y005120
Unknown_Sample,20251031_081_pol_pro_Ran_ado_2025_19_Colorado2025.czi,Ran_ado,565.62,17169.0,5670.0,33,28,102.77,0.953,20251031_081_pol_pro_Ran_ado_2025_19_Colorado2025_x016896_y005120
Unknown_Sample,20251031_081_pol_pro_Ran_ado_2025_19_Colorado2025.czi,Ran_ado,342.84,1565.0,5646.0,25,23,79.7,0.948,20251031_081_pol_pro_Ran_ado_2025_19_Colorado2025_x001024_y005632
Unknown_Sample,20251031_081_pol_pro_Ran_ado_2025_19_Colorado2025.czi,Ran_ado,504.06,1841.0,6206.0,29,29,96.77,0.958,20251031_081_pol_pro_Ran_ado_2025_19_Colorado2025_x001536_y005632
Unknown_Sample,20251031_081_pol_pro_Ran_ado_2025_19_Colorado2025.czi,Ran_ado,342.84,1565.0,5646.0,25,23,79.7,0.947,20251031_081_pol_pro_Ran_ado_2025_19_Colorado2025_x001536_y005632
Unknown_Sample,20251031_081_pol_pro_Ran_ado_2025_19_Colorado2025.czi,Ran_ado,177.0,1908.0,5637.0,28,12,67.8,0.942,20251031_081_pol_pro_Ran_ado_2025_19_Colorado2025_x001536_y005632
Unknown_Sample,20251031_081_pol_pro_Ran_ado_2025_19_Colorado2025.czi,Ran_ado,290.89,2168.0,5835.0,15,30,80.14,0.901,20251031_081_pol_pro_Ran_ado_2025_19_Colorado2025_x001536_y005632
Unknown_Sample,20251031_081_pol_pro_Ran_ado_2025_19_Colorado2025.czi,Ran_ado,562.54,2396.0,6112.0,29,33,102.43,0.956,20251031_081_pol_pro_Ran_ado_2025_19_Colorado2025_x002048_y005632
Unknown_Sample,20251031_081_pol_pro_Ran_ado_2025_19_Colorado2025.czi,Ran_ado,496.36,2583.0,5943.0,28,29,94.77,0.954,20251031_081_pol_pro_Ran_ado_2025_19_Colorado2025_x002048_y005632
Unknown_Sample,20251031_081_pol_pro_Ran_ado_2025_19_Colorado2025.czi,Ran_ado,474.81,2172.0,5835.0,26,30,92.77,0.953,20251031_081_pol_pro_Ran_ado_2025_19_Colorado2025_x002048_y005632
Unknown_Sample,20251031_081_pol_pro_Ran_ado_2025_19_Colorado2025.czi,Ran_ado,238.56,2545.0,5916.0,21,19,67.8,0.937,20251031_081_pol_pro_Ran_ado_2025_19_Colorado2025_x002048_y005632
Unknown_Sample,20251031_081_pol_pro_Ran_ado_2025_19_Colorado2025.czi,Ran_ado,508.29,3102.0,6126.0,31,27,98.53,0.957,20251031_081_pol_pro_Ran_ado_2025_19_Colorado2025_x002560_y005632
Unknown_Sample,20251031_081_pol_pro_Ran_ado_2025_19_Colorado2025.czi,Ran_ado,496.36,2583.0,5943.0,28,29,94.77,0.952,20251031_081_pol_pro_Ran_ado_2025_19_Colorado2025_x002560_y005632
Unknown_Sample,20251031_081_pol_pro_Ran_ado_2025_19_Colorado2025.czi,Ran_ado,186.23,2944.0,5943.0,21,15,59.8,0.891,20251031_081_pol_pro_Ran_ado_2025_19_Colorado2025_x002560_y005632
Unknown_Sample,20251031_081_pol_pro_Ran_ado_2025_19_Colorado2025.czi,Ran_ado,596.79,3443.0,5890.0,31,31,104.18,0.964,20251031_081_pol_pro_Ran_ado_2025_19_Colorado2025_x003072_y005632
Unknown_Sample,20251031_081_pol_pro_Ran_ado_2025_19_Colorado2025.czi,Ran_ado,511.37,3560.0,6238.0,27,32,98.18,0.958,20251031_081_pol_pro_Ran_ado_2025_19_Colorado2025_x003072_y005632
Unknown_Sample,20251031_081_pol_pro_Ran_ado_2025_19_Colorado2025.czi,Ran_ado,547.54,3255.0,5944.0,31,29,100.18,0.957,20251031_081_pol_pro_Ran_ado_2025_19_Colorado2025_x003072_y005632
Unknown_Sample,20251031_081_pol_pro_Ran_ado_2025_19_Colorado2025.czi,Ran_ado,550.62,3383.0,6037.0,29,32,101.01,0.957,20251031_081_pol_pro_Ran_ado_2025_19_Colorado2025_x003072_y005632
Unknown_Sample,20251031_081_pol_pro_Ran_ado_2025_19_Colorado2025.czi,Ran_ado,507.14,3102.0,6126.0,31,27,97.94,0.956,20251031_081_pol_pro_Ran_ado_2025_19_Colorado2025_x003072_y005632
Unknown_Sample,20251031_081_pol_pro_Ran_ado_2025_19_Colorado2025.czi,Ran_ado,516.76,4172.0,6034.0,30,29,97.01,0.957,20251031_081_pol_pro_Ran_ado_2025_19_Colorado2025_x003584_y005632
Unknown_Sample,20251031_081_pol_pro_Ran_ado_2025_19_Colorado2025.czi,Ran_ado,554.46,4577.0,5953.0,30,31,103.36,0.959,20251031_081_pol_pro_Ran_ado_2025_19_Colorado2025_x004096_y005632
Unknown_Sample,20251031_081_pol_pro_Ran_ado_2025_19_Colorado2025.czi,Ran_ado,520.6,4446.0,6183.0,27,31,97.36,0.958,20251031_081_pol_pro_Ran_ado_2025_19_Colorado2025_x004096_y005632
Unknown_Sample,20251031_081_pol_pro_Ran_ado_2025_19_Colorado2025.czi,Ran_ado,516.76,4172.0,6034.0,30,29,97.01,0.957,20251031_081_pol_pro_Ran_ado_2025_19_Colorado2025_x004096_y005632
Unknown_Sample,20251031_081_pol_pro_Ran_ado_2025_19_Colorado2025.czi,Ran_ado,555.23,4840.0,6195.0,29,32,101.01,0.959,20251031_081_pol_pro_Ran_ado_2025_19_Colorado2025_x004608_y005632
Unknown_Sample,20251031_081_pol_pro_Ran_ado_2025_19_Colorado2025.czi,Ran_ado,464.04,5426.0,6069.0,27,29,92.77,0.96,20251031_081_pol_pro_Ran_ado_2025_19_Colorado2025_x005120_y005632
Unknown_Sample,20251031_081_pol_pro_Ran_ado_2025_19_Colorado2025.czi,Ran_ado,534.07,5673.0,6041.0,31,28,99.94,0.958,20251031_081_pol_pro_Ran_ado_2025_19_Colorado2025_x005120_y005632
Unknown_Sample,20251031_081_pol_pro_Ran_ado_2025_19_Colorado2025.czi,Ran_ado,540.23,5978.0,6161.0,31,29,99.6,0.963,20251031_081_pol_pro_Ran_ado_2025_19_Colorado2025_x005632_y005632
Unknown_Sample,20251031_081_pol_pro_Ran_ado_2025_19_Colorado2025.czi,Ran_ado,584.86,5867.0,5942.0,30,32,103.6,0.963,20251031_081_pol_pro_Ran_ado_2025_19_Colorado2025_x005632_y005632
Unknown_Sample,20251031_081_pol_pro_Ran_ado_2025_19_Colorado2025.czi,Ran_ado,692.21,5792.0,6166.0,35,32,114.18,0.963,20251031_081_pol_pro_Ran_ado_2025_19_Colorado2025_x005632_y005632
Unknown_Sample,20251031_081_pol_pro_Ran_ado_2025_19_Colorado2025.czi,Ran_ado,672.97,5821.0,5740.0,33,34,111.84,0.962,20251031_081_pol_pro_Ran_ado_2025_19_Colorado2025_x005632_y005632
Unknown_Sample,20251031_081_pol_pro_Ran_ado_2025_19_Colorado2025.czi,Ran_ado,565.62,6012.0,5674.0,30,31,101.6,0.959,20251031_081_pol_pro_Ran_ado_2025_19_Colorado2025_x005632_y005632
Unknown_Sample,20251031_081_pol_pro_Ran_ado_2025_19_Colorado2025.czi,Ran_ado,532.92,5673.0,6041.0,31,28,100.53,0.958,20251031_081_pol_pro_Ran_ado_2025_19_Colorado2025_x005632_y005632
Unknown_Sample,20251031_081_pol_pro_Ran_ado_2025_19_Colorado2025.czi,Ran_ado,535.61,6618.0,6137.0,30,29,99.94,0.963,20251031_081_pol_pro_Ran_ado_2025_19_Colorado2025_x006144_y005632
Unknown_Sample,20251031_081_pol_pro_Ran_ado_2025_19_Colorado2025.czi,Ran_ado,628.73,6395.0,5783.0,35,30,107.25,0.959,20251031_081_pol_pro_Ran_ado_2025_19_Colorado2025_x006144_y005632
Unknown_Sample,20251031_081_pol_pro_Ran_ado_2025_19_Colorado2025.czi,Ran_ado,580.24,6743.0,6152.0,30,33,105.6,0.957,20251031_081_pol_pro_Ran_ado_2025_19_Colorado2025_x006144_y005632
Unknown_Sample,20251031_081_pol_pro_Ran_ado_2025_19_Colorado2025.czi,Ran_ado,584.48,6492.0,6230.0,29,32,103.36,0.949,20251031_081_pol_pro_Ran_ado_2025_19_Colorado2025_x006144_y005632
Unknown_Sample,20251031_081_pol_pro_Ran_ado_2025_19_Colorado2025.czi,Ran_ado,408.63,6774.0,6166.0,19,34,93.8,0.926,20251031_081_pol_pro_Ran_ado_2025_19_Colorado2025_x006144_y005632
Unknown_Sample,20251031_081_pol_pro_Ran_ado_2025_19_Colorado2025.czi,Ran_ado,535.99,6507.0,6257.0,33,28,104.53,0.896,20251031_081_pol_pro_Ran_ado_2025_19_Colorado2025_x006144_y005632
Unknown_Sample,20251031_081_pol_pro_Ran_ado_2025_19_Colorado2025.czi,Ran_ado,608.72,7244.0,5817.0,32,31,105.6,0.965,20251031_081_pol_pro_Ran_ado_2025_19_Colorado2025_x006656_y005632
Unknown_Sample,20251031_081_pol_pro_Ran_ado_2025_19_Colorado2025.czi,Ran_ado,589.86,7207.0,6148.0,34,29,103.84,0.964,20251031_081_pol_pro_Ran_ado_2025_19_Colorado2025_x006656_y005632
Unknown_Sample,20251031_081_pol_pro_Ran_ado_2025_19_Colorado2025.czi,Ran_ado,598.71,6993.0,6224.0,31,32,105.6,0.963,20251031_081_pol_pro_Ran_ado_2025_19_Colorado2025_x006656_y005632
Unknown_Sample,20251031_081_pol_pro_Ran_ado_2025_19_Colorado2025.czi,Ran_ado,531.76,6814.0,6004.0,30,29,99.94,0.963,20251031_081_pol_pro_Ran_ado_2025_19_Colorado2025_x006656_y005632
Unknown_Sample,20251031_081_pol_pro_Ran_ado_2025_19_Colorado2025.czi,Ran_ado,547.92,6914.0,6087.0,32,28,100.77,0.963,20251031_081_pol_pro_Ran_ado_2025_19_Colorado2025_x006656_y005632
Unknown_Sample,20251031_081_pol_pro_Ran_ado_2025_19_Colorado2025.czi,Ran_ado,566.39,7061.0,5730.0,30,31,101.6,0.962,20251031_081_pol_pro_Ran_ado_2025_19_Colorado2025_x006656_y005632
Unknown_Sample,20251031_081_pol_pro_Ran_ado_2025_19_Colorado2025.czi,Ran_ado,630.26,6779.0,6165.0,31,34,108.43,0.961,20251031_081_pol_pro_Ran_ado_2025_19_Colorado2025_x006656_y005632
Unknown_Sample,20251031_081_pol_pro_Ran_ado_2025_19_Colorado2025.czi,Ran_ado,558.31,7129.0,5994.0,31,30,102.18,0.96,20251031_081_pol_pro_Ran_ado_2025_19_Colorado2025_x006656_y005632
Unknown_Sample,20251031_081_pol_pro_Ran_ado_2025_19_Colorado2025.czi,Ran_ado,469.81,7058.0,6068.0,28,27,93.7,0.96,20251031_081_pol_pro_Ran_ado_2025_19_Colorado2025_x006656_y005632
Unknown_Sample,20251031_081_pol_pro_Ran_ado_2025_19_Colorado2025.czi,Ran_ado,545.23,6824.0,5816.0,30,30,100.18,0.96,20251031_081_pol_pro_Ran_ado_2025_19_Colorado2025_x006656_y005632
Unknown_Sample,20251031_081_pol_pro_Ran_ado_2025_19_Colorado2025.czi,Ran_ado,572.93,7263.0,5770.0,29,32,102.18,0.959,20251031_081_pol_pro_Ran_ado_2025_19_Colorado2025_x006656_y005632
Unknown_Sample,20251031_081_pol_pro_Ran_ado_2025_19_Colorado2025.czi,Ran_ado,580.24,6743.0,6152.0,30,33,105.6,0.957,20251031_081_pol_pro_Ran_ado_2025_19_Colorado2025_x006656_y005632
Unknown_Sample,20251031_081_pol_pro_Ran_ado_2025_19_Colorado2025.czi,Ran_ado,201.24,7290.0,5880.0,12,29,71.56,0.889,20251031_081_pol_pro_Ran_ado_2025_19_Colorado2025_x006656_y005632
Unknown_Sample,20251031_081_pol_pro_Ran_ado_2025_19_Colorado2025.czi,Ran_ado,608.72,7244.0,5817.0,32,31,105.6,0.965,20251031_081_pol_pro_Ran_ado_2025_19_Colorado2025_x007168_y005632
Unknown_Sample,20251031_081_pol_pro_Ran_ado_2025_19_Colorado2025.czi,Ran_ado,589.86,7207.0,6148.0,34,29,103.84,0.964,20251031_081_pol_pro_Ran_ado_2025_19_Colorado2025_x007168_y005632
Unknown_Sample,20251031_081_pol_pro_Ran_ado_2025_19_Colorado2025.czi,Ran_ado,658.74,7300.0,5881.0,34,32,110.43,0.962,20251031_081_pol_pro_Ran_ado_2025_19_Colorado2025_x007168_y005632
Unknown_Sample,20251031_081_pol_pro_Ran_ado_2025_19_Colorado2025.czi,Ran_ado,571.78,7772.0,5670.0,32,30,103.6,0.961,20251031_081_pol_pro_Ran_ado_2025_19_Colorado2025_x007168_y005632
Unknown_Sample,20251031_081_pol_pro_Ran_ado_2025_19_Colorado2025.czi,Ran_ado,575.24,7400.0,5755.0,33,29,101.84,0.96,20251031_081_pol_pro_Ran_ado_2025_19_Colorado2025_x007168_y005632
Unknown_Sample,20251031_081_pol_pro_Ran_ado_2025_19_Colorado2025.czi,Ran_ado,572.93,7263.0,5770.0,29,32,102.18,0.959,20251031_081_pol_pro_Ran_ado_2025_19_Colorado2025_x007168_y005632
Unknown_Sample,20251031_081_pol_pro_Ran_ado_2025_19_Colorado2025.czi,Ran_ado,470.97,7455.0,6040.0,28,28,93.94,0.955,20251031_081_pol_pro_Ran_ado_2025_19_Colorado2025_x007168_y005632
Unknown_Sample,20251031_081_pol_pro_Ran_ado_2025_19_Colorado2025.czi,Ran_ado,558.7,7968.0,5795.0,29,31,100.77,0.962,20251031_081_pol_pro_Ran_ado_2025_19_Colorado2025_x007680_y005632
Unknown_Sample,20251031_081_pol_pro_Ran_ado_2025_19_Colorado2025.czi,Ran_ado,525.99,8214.0,5828.0,29,29,97.36,0.962,20251031_081_pol_pro_Ran_ado_2025_19_Colorado2025_x007680_y005632
Unknown_Sample,20251031_081_pol_pro_Ran_ado_2025_19_Colorado2025.czi,Ran_ado,576.78,8154.0,5688.0,32,30,103.01,0.962,20251031_081_pol_pro_Ran_ado_2025_19_Colorado2025_x007680_y005632
Unknown_Sample,20251031_081_pol_pro_Ran_ado_2025_19_Colorado2025.czi,Ran_ado,544.84,8008.0,6085.0,30,30,100.77,0.961,20251031_081_pol_pro_Ran_ado_2025_19_Colorado2025_x007680_y005632
Unknown_Sample,20251031_081_pol_pro_Ran_ado_2025_19_Colorado2025.czi,Ran_ado,571.01,7772.0,5670.0,32,30,103.6,0.961,20251031_081_pol_pro_Ran_ado_2025_19_Colorado2025_x007680_y005632
Unknown_Sample,20251031_081_pol_pro_Ran_ado_2025_19_Colorado2025.czi,Ran_ado,603.71,8238.0,5899.0,33,30,106.18,0.961,20251031_081_pol_pro_Ran_ado_2025_19_Colorado2025_x007680_y005632
Unknown_Sample,20251031_081_pol_pro_Ran_ado_2025_19_Colorado2025.czi,Ran_ado,384.01,8022.0,6261.0,28,22,87.8,0.936,20251031_081_pol_pro_Ran_ado_2025_19_Colorado2025_x007680_y005632
Unknown_Sample,20251031_081_pol_pro_Ran_ado_2025_19_Colorado2025.czi,Ran_ado,662.59,8473.0,6126.0,32,34,109.25,0.963,20251031_081_pol_pro_Ran_ado_2025_19_Colorado2025_x008192_y005632
Unknown_Sample,20251031_081_pol_pro_Ran_ado_2025_19_Colorado2025.czi,Ran_ado,591.02,8612.0,6130.0,32,31,104.43,0.963,20251031_081_pol_pro_Ran_ado_2025_19_Colorado2025_x008192_y005632
Unknown_Sample,20251031_081_pol_pro_Ran_ado_2025_19_Colorado2025.czi,Ran_ado,526.76,8214.0,5828.0,29,30,98.18,0.962,20251031_081_pol_pro_Ran_ado_2025_19_Colorado2025_x008192_y005632
Unknown_Sample,20251031_081_pol_pro_Ran_ado_2025_19_Colorado2025.czi,Ran_ado,511.37,8454.0,6016.0,29,29,97.36,0.961,20251031_081_pol_pro_Ran_ado_2025_19_Colorado2025_x008192_y005632
Unknown_Sample,20251031_081_pol_pro_Ran_ado_2025_19_Colorado2025.czi,Ran_ado,603.71,8238.0,5899.0,33,30,106.18,0.961,20251031_081_pol_pro_Ran_ado_2025_19_Colorado2025_x008192_y005632
Unknown_Sample,20251031_081_pol_pro_Ran_ado_2025_19_Colorado2025.czi,Ran_ado,566.78,8398.0,5719.0,30,31,101.01,0.96,20251031_081_pol_pro_Ran_ado_2025_19_Colorado2025_x008192_y005632
Unknown_Sample,20251031_081_pol_pro_Ran_ado_2025_19_Colorado2025.czi,Ran_ado,535.99,8406.0,5951.0,31,29,99.01,0.96,20251031_081_pol_pro_Ran_ado_2025_19_Colorado2025_x008192_y005632
Unknown_Sample,20251031_081_pol_pro_Ran_ado_2025_19_Colorado2025.czi,Ran_ado,578.32,8520.0,6002.0,29,32,103.36,0.96,20251031_081_pol_pro_Ran_ado_2025_19_Colorado2025_x008192_y005632
Unknown_Sample,20251031_081_pol_pro_Ran_ado_2025_19_Colorado2025.czi,Ran_ado,534.07,8416.0,6051.0,30,30,98.43,0.956,20251031_081_pol_pro_Ran_ado_2025_19_Colorado2025_x008192_y005632
Unknown_Sample,20251031_081_pol_pro_Ran_ado_2025_19_Colorado2025.czi,Ran_ado,232.41,8825.0,6035.0,14,29,73.8,0.891,20251031_081_pol_pro_Ran_ado_2025_19_Colorado2025_x008192_y005632
Unknown_Sample,20251031_081_pol_pro_Ran_ado_2025_19_Colorado2025.czi,Ran_ado,599.87,9056.0,5671.0,32,31,105.01,0.965,20251031_081_pol_pro_Ran_ado_2025_19_Colorado2025_x008704_y005632
Unknown_Sample,20251031_081_pol_pro_Ran_ado_2025_19_Colorado2025.czi,Ran_ado,611.03,8871.0,5722.0,32,31,106.77,0.965,20251031_081_pol_pro_Ran_ado_2025_19_Colorado2025_x008704_y005632
Unknown_Sample,20251031_081_pol_pro_Ran_ado_2025_19_Colorado2025.czi,Ran_ado,627.96,8834.0,6035.0,34,31,107.25,0.961,20251031_081_pol_pro_Ran_ado_2025_19_Colorado2025_x008704_y005632
Unknown_Sample,20251031_081_pol_pro_Ran_ado_2025_19_Colorado2025.czi,Ran_ado,295.89,9140.0,5908.0,24,21,74.87,0.946,20251031_081_pol_pro_Ran_ado_2025_19_Colorado2025_x008704_y005632
Unknown_Sample,20251031_081_pol_pro_Ran_ado_2025_19_Colorado2025.czi,Ran_ado,150.06,9047.0,5636.0,28,10,64.97,0.94,20251031_081_pol_pro_Ran_ado_2025_19_Colorado2025_x008704_y005632
Unknown_Sample,20251031_081_pol_pro_Ran_ado_2025_19_Colorado2025.czi,Ran_ado,268.57,9035.0,5748.0,19,24,71.46,0.936,20251031_081_pol_pro_Ran_ado_2025_19_Colorado2025_x008704_y005632
Unknown_Sample,20251031_081_pol_pro_Ran_ado_2025_19_Colorado2025.czi,Ran_ado,622.95,9803.0,5759.0,32,32,108.18,0.963,20251031_081_pol_pro_Ran_ado_2025_19_Colorado2025_x009216_y005632
Unknown_Sample,20251031_081_pol_pro_Ran_ado_2025_19_Colorado2025.czi,Ran_ado,583.32,9453.0,6056.0,32,30,103.6,0.959,20251031_081_pol_pro_Ran_ado_2025_19_Colorado2025_x009216_y005632
Unknown_Sample,20251031_081_pol_pro_Ran_ado_2025_19_Colorado2025.czi,Ran_ado,277.42,9490.0,6012.0,23,20,73.21,0.955,20251031_081_pol_pro_Ran_ado_2025_19_Colorado2025_x009216_y005632
Unknown_Sample,20251031_081_pol_pro_Ran_ado_2025_19_Colorado2025.czi,Ran_ado,587.55,9875.0,5968.0,31,31,103.01,0.965,20251031_081_pol_pro_Ran_ado_2025_19_Colorado2025_x009728_y005632
Unknown_Sample,20251031_081_pol_pro_Ran_ado_2025_19_Colorado2025.czi,Ran_ado,622.95,9803.0,5759.0,32,32,108.18,0.964,20251031_081_pol_pro_Ran_ado_2025_19_Colorado2025_x009728_y005632
Unknown_Sample,20251031_081_pol_pro_Ran_ado_2025_19_Colorado2025.czi,Ran_ado,534.45,10026.0,6003.0,29,31,100.18,0.963,20251031_081_pol_pro_Ran_ado_2025_19_Colorado2025_x009728_y005632
Unknown_Sample,20251031_081_pol_pro_Ran_ado_2025_19_Colorado2025.czi,Ran_ado,633.73,10136.0,5767.0,33,32,109.01,0.961,20251031_081_pol_pro_Ran_ado_2025_19_Colorado2025_x009728_y005632
Unknown_Sample,20251031_081_pol_pro_Ran_ado_2025_19_Colorado2025.czi,Ran_ado,583.71,10238.0,6042.0,33,29,105.36,0.961,20251031_081_pol_pro_Ran_ado_2025_19_Colorado2025_x009728_y005632
Unknown_Sample,20251031_081_pol_pro_Ran_ado_2025_19_Colorado2025.czi,Ran_ado,509.06,9877.0,5780.0,29,29,97.36,0.961,20251031_081_pol_pro_Ran_ado_2025_19_Colorado2025_x009728_y005632
Unknown_Sample,20251031_081_pol_pro_Ran_ado_2025_19_Colorado2025.czi,Ran_ado,580.24,10209.0,5973.0,31,31,103.6,0.96,20251031_081_pol_pro_Ran_ado_2025_19_Colorado2025_x009728_y005632
Unknown_Sample,20251031_081_pol_pro_Ran_ado_2025_19_Colorado2025.czi,Ran_ado,572.55,10246.0,5903.0,29,33,103.6,0.96,20251031_081_pol_pro_Ran_ado_2025_19_Colorado2025_x009728_y005632
Unknown_Sample,20251031_081_pol_pro_Ran_ado_2025_19_Colorado2025.czi,Ran_ado,557.93,10132.0,6253.0,30,31,101.6,0.956,20251031_081_pol_pro_Ran_ado_2025_19_Colorado2025_x009728_y005632
Unknown_Sample,20251031_081_pol_pro_Ran_ado_2025_19_Colorado2025.czi,Ran_ado,417.87,10357.0,6020.0,21,30,92.14,0.939,20251031_081_pol_pro_Ran_ado_2025_19_Colorado2025_x009728_y005632
Unknown_Sample,20251031_081_pol_pro_Ran_ado_2025_19_Colorado2025.czi,Ran_ado,397.47,10324.0,6261.0,30,21,90.38,0.937,20251031_081_pol_pro_Ran_ado_2025_19_Colorado2025_x009728_y005632
Unknown_Sample,20251031_081_pol_pro_Ran_ado_2025_19_Colorado2025.czi,Ran_ado,609.49,10580.0,6070.0,29,33,105.94,0.964,20251031_081_pol_pro_Ran_ado_2025_19_Colorado2025_x010240_y005632
Unknown_Sample,20251031_081_pol_pro_Ran_ado_2025_19_Colorado2025.czi,Ran_ado,589.86,10780.0,5668.0,30,33,103.84,0.964,20251031_081_pol_pro_Ran_ado_2025_19_Colorado2025_x010240_y005632
Unknown_Sample,20251031_081_pol_pro_Ran_ado_2025_19_Colorado2025.czi,Ran_ado,643.35,10632.0,5952.0,35,31,109.25,0.964,20251031_081_pol_pro_Ran_ado_2025_19_Colorado2025_x010240_y005632
Unknown_Sample,20251031_081_pol_pro_Ran_ado_2025_19_Colorado2025.czi,Ran_ado,568.32,10361.0,6020.0,30,30,102.53,0.964,20251031_081_pol_pro_Ran_ado_2025_19_Colorado2025_x010240_y005632
Unknown_Sample,20251031_081_pol_pro_Ran_ado_2025_19_Colorado2025.czi,Ran_ado,543.3,10694.0,6069.0,31,28,99.94,0.963,20251031_081_pol_pro_Ran_ado_2025_19_Colorado2025_x010240_y005632
Unknown_Sample,20251031_081_pol_pro_Ran_ado_2025_19_Colorado2025.czi,Ran_ado,588.71,10640.0,5733.0,30,32,103.6,0.962,20251031_081_pol_pro_Ran_ado_2025_19_Colorado2025_x010240_y005632
Unknown_Sample,20251031_081_pol_pro_Ran_ado_2025_19_Colorado2025.czi,Ran_ado,649.12,10411.0,5791.0,34,32,109.84,0.961,20251031_081_pol_pro_Ran_ado_2025_19_Colorado2025_x010240_y005632
Unknown_Sample,20251031_081_pol_pro_Ran_ado_2025_19_Colorado2025.czi,Ran_ado,412.48,10249.0,5903.0,21,33,94.63,0.96,20251031_081_pol_pro_Ran_ado_2025_19_Colorado2025_x010240_y005632
Unknown_Sample,20251031_081_pol_pro_Ran_ado_2025_19_Colorado2025.czi,Ran_ado,504.44,10709.0,6011.0,31,28,97.01,0.96,20251031_081_pol_pro_Ran_ado_2025_19_Colorado2025_x010240_y005632
Unknown_Sample,20251031_081_pol_pro_Ran_ado_2025_19_Colorado2025.czi,Ran_ado,579.09,10696.0,5784.0,29,33,104.18,0.96,20251031_081_pol_pro_Ran_ado_2025_19_Colorado2025_x010240_y005632
Unknown_Sample,20251031_081_pol_pro_Ran_ado_2025_19_Colorado2025.czi,Ran_ado,237.79,10247.0,6042.0,15,29,75.8,0.953,20251031_081_pol_pro_Ran_ado_2025_19_Colorado2025_x010240_y005632
Unknown_Sample,20251031_081_pol_pro_Ran_ado_2025_19_Colorado2025.czi,Ran_ado,397.47,10324.0,6261.0,30,21,90.38,0.936,20251031_081_pol_pro_Ran_ado_2025_19_Colorado2025_x010240_y005632
Unknown_Sample,20251031_081_pol_pro_Ran_ado_2025_19_Colorado2025.czi,Ran_ado,163.15,10874.0,6253.0,10,29,66.97,0.866,20251031_081_pol_pro_Ran_ado_2025_19_Colorado2025_x010240_y005632
Unknown_Sample,20251031_081_pol_pro_Ran_ado_2025_19_Colorado2025.czi,Ran_ado,553.69,11237.0,5733.0,32,28,102.53,0.964,20251031_081_pol_pro_Ran_ado_2025_19_Colorado2025_x010752_y005632
Unknown_Sample,20251031_081_pol_pro_Ran_ado_2025_19_Colorado2025.czi,Ran_ado,589.86,10780.0,5668.0,30,33,103.84,0.964,20251031_081_pol_pro_Ran_ado_2025_19_Colorado2025_x010752_y005632
Unknown_Sample,20251031_081_pol_pro_Ran_ado_2025_19_Colorado2025.czi,Ran_ado,538.69,10925.0,6034.0,29,31,99.6,0.963,20251031_081_pol_pro_Ran_ado_2025_19_Colorado2025_x010752_y005632
Unknown_Sample,20251031_081_pol_pro_Ran_ado_2025_19_Colorado2025.czi,Ran_ado,587.94,11324.0,5969.0,33,29,103.6,0.963,20251031_081_pol_pro_Ran_ado_2025_19_Colorado2025_x010752_y005632
Unknown_Sample,20251031_081_pol_pro_Ran_ado_2025_19_Colorado2025.czi,Ran_ado,477.89,10915.0,5826.0,29,27,95.11,0.961,20251031_081_pol_pro_Ran_ado_2025_19_Colorado2025_x010752_y005632
Unknown_Sample,20251031_081_pol_pro_Ran_ado_2025_19_Colorado2025.czi,Ran_ado,490.21,11036.0,6030.0,29,28,94.77,0.958,20251031_081_pol_pro_Ran_ado_2025_19_Colorado2025_x010752_y005632
Unknown_Sample,20251031_081_pol_pro_Ran_ado_2025_19_Colorado2025.czi,Ran_ado,672.97,10886.0,6253.0,34,33,110.67,0.955,20251031_081_pol_pro_Ran_ado_2025_19_Colorado2025_x010752_y005632
Unknown_Sample,20251031_081_pol_pro_Ran_ado_2025_19_Colorado2025.czi,Ran_ado,587.94,11324.0,5969.0,33,29,103.6,0.963,20251031_081_pol_pro_Ran_ado_2025_19_Colorado2025_x011264_y005632
Unknown_Sample,20251031_081_pol_pro_Ran_ado_2025_19_Colorado2025.czi,Ran_ado,553.69,11637.0,6204.0,29,32,101.01,0.962,20251031_081_pol_pro_Ran_ado_2025_19_Colorado2025_x011264_y005632
Unknown_Sample,20251031_081_pol_pro_Ran_ado_2025_19_Colorado2025.czi,Ran_ado,556.77,11746.0,5714.0,31,29,101.36,0.961,20251031_081_pol_pro_Ran_ado_2025_19_Colorado2025_x011264_y005632
Unknown_Sample,20251031_081_pol_pro_Ran_ado_2025_19_Colorado2025.czi,Ran_ado,581.4,11454.0,5810.0,32,30,103.01,0.958,20251031_081_pol_pro_Ran_ado_2025_19_Colorado2025_x011264_y005632
Unknown_Sample,20251031_081_pol_pro_Ran_ado_2025_19_Colorado2025.czi,Ran_ado,270.5,11673.0,5752.0,22,21,72.04,0.949,20251031_081_pol_pro_Ran_ado_2025_19_Colorado2025_x011264_y005632
Unknown_Sample,20251031_081_pol_pro_Ran_ado_2025_19_Colorado2025.czi,Ran_ado,158.91,11898.0,5959.0,10,27,64.73,0.863,20251031_081_pol_pro_Ran_ado_2025_19_Colorado2025_x011264_y005632
Unknown_Sample,20251031_081_pol_pro_Ran_ado_2025_19_Colorado2025.czi,Ran_ado,575.24,12050.0,6076.0,30,32,104.18,0.964,20251031_081_pol_pro_Ran_ado_2025_19_Colorado2025_x011776_y005632
Unknown_Sample,20251031_081_pol_pro_Ran_ado_2025_19_Colorado2025.czi,Ran_ado,583.32,12131.0,5787.0,30,32,103.6,0.963,20251031_081_pol_pro_Ran_ado_2025_19_Colorado2025_x011776_y005632
Unknown_Sample,20251031_081_pol_pro_Ran_ado_2025_19_Colorado2025.czi,Ran_ado,580.24,12324.0,6169.0,30,32,103.6,0.961,20251031_081_pol_pro_Ran_ado_2025_19_Colorado2025_x011776_y005632
Unknown_Sample,20251031_081_pol_pro_Ran_ado_2025_19_Colorado2025.czi,Ran_ado,584.48,11937.0,6162.0,31,33,104.67,0.96,20251031_081_pol_pro_Ran_ado_2025_19_Colorado2025_x011776_y005632
Unknown_Sample,20251031_081_pol_pro_Ran_ado_2025_19_Colorado2025.czi,Ran_ado,596.4,12137.0,6208.0,31,31,104.77,0.96,20251031_081_pol_pro_Ran_ado_2025_19_Colorado2025_x011776_y005632
Unknown_Sample,20251031_081_pol_pro_Ran_ado_2025_19_Colorado2025.czi,Ran_ado,591.4,11985.0,5978.0,33,30,105.01,0.959,20251031_081_pol_pro_Ran_ado_2025_19_Colorado2025_x011776_y005632
Unknown_Sample,20251031_081_pol_pro_Ran_ado_2025_19_Colorado2025.czi,Ran_ado,641.42,12191.0,6134.0,33,33,108.67,0.958,20251031_081_pol_pro_Ran_ado_2025_19_Colorado2025_x011776_y005632
Unknown_Sample,20251031_081_pol_pro_Ran_ado_2025_19_Colorado2025.czi,Ran_ado,615.64,11909.0,5958.0,33,31,107.6,0.958,20251031_081_pol_pro_Ran_ado_2025_19_Colorado2025_x011776_y005632
Unknown_Sample,20251031_081_pol_pro_Ran_ado_2025_19_Colorado2025.czi,Ran_ado,454.81,12404.0,6249.0,23,31,95.8,0.939,20251031_081_pol_pro_Ran_ado_2025_19_Colorado2025_x011776_y005632
Unknown_Sample,20251031_081_pol_pro_Ran_ado_2025_19_Colorado2025.czi,Ran_ado,637.19,12655.0,5784.0,32,33,108.43,0.962,20251031_081_pol_pro_Ran_ado_2025_19_Colorado2025_x012288_y005632
Unknown_Sample,20251031_081_pol_pro_Ran_ado_2025_19_Colorado2025.czi,Ran_ado,538.69,12473.0,5718.0,30,30,100.77,0.962,20251031_081_pol_pro_Ran_ado_2025_19_Colorado2025_x012288_y005632
Unknown_Sample,20251031_081_pol_pro_Ran_ado_2025_19_Colorado2025.czi,Ran_ado,621.8,12436.0,5879.0,34,31,107.25,0.961,20251031_081_pol_pro_Ran_ado_2025_19_Colorado2025_x012288_y005632
Unknown_Sample,20251031_081_pol_pro_Ran_ado_2025_19_Colorado2025.czi,Ran_ado,580.24,12324.0,6169.0,30,32,103.6,0.961,20251031_081_pol_pro_Ran_ado_2025_19_Colorado2025_x012288_y005632
Unknown_Sample,20251031_081_pol_pro_Ran_ado_2025_19_Colorado2025.czi,Ran_ado,505.21,12649.0,5644.0,31,26,100.04,0.961,20251031_081_pol_pro_Ran_ado_2025_19_Colorado2025_x012288_y005632
Unknown_Sample,20251031_081_pol_pro_Ran_ado_2025_19_Colorado2025.czi,Ran_ado,564.08,12407.0,6249.0,30,31,101.6,0.96,20251031_081_pol_pro_Ran_ado_2025_19_Colorado2025_x012288_y005632
Unknown_Sample,20251031_081_pol_pro_Ran_ado_2025_19_Colorado2025.czi,Ran_ado,412.87,12578.0,6022.0,26,26,86.53,0.96,20251031_081_pol_pro_Ran_ado_2025_19_Colorado2025_x012288_y005632
Unknown_Sample,20251031_081_pol_pro_Ran_ado_2025_19_Colorado2025.czi,Ran_ado,619.11,12536.0,6253.0,30,34,109.36,0.958,20251031_081_pol_pro_Ran_ado_2025_19_Colorado2025_x012288_y005632
Unknown_Sample,20251031_081_pol_pro_Ran_ado_2025_19_Colorado2025.czi,Ran_ado,444.03,12749.0,5668.0,25,29,91.11,0.958,20251031_081_pol_pro_Ran_ado_2025_19_Colorado2025_x012288_y005632
Unknown_Sample,20251031_081_pol_pro_Ran_ado_2025_19_Colorado2025.czi,Ran_ado,141.98,12762.0,5636.0,28,10,64.38,0.941,20251031_081_pol_pro_Ran_ado_2025_19_Colorado2025_x012288_y005632
Unknown_Sample,20251031_081_pol_pro_Ran_ado_2025_19_Colorado2025.czi,Ran_ado,209.32,12921.0,5976.0,12,29,72.14,0.885,20251031_081_pol_pro_Ran_ado_2025_19_Colorado2025_x012288_y005632
Unknown_Sample,20251031_081_pol_pro_Ran_ado_2025_19_Colorado2025.czi,Ran_ado,590.25,12930.0,5977.0,31,31,104.77,0.963,20251031_081_pol_pro_Ran_ado_2025_19_Colorado2025_x012800_y005632
Unknown_Sample,20251031_081_pol_pro_Ran_ado_2025_19_Colorado2025.czi,Ran_ado,634.88,13002.0,6211.0,31,34,109.6,0.963,20251031_081_pol_pro_Ran_ado_2025_19_Colorado2025_x012800_y005632
Unknown_Sample,20251031_081_pol_pro_Ran_ado_2025_19_Colorado2025.czi,Ran_ado,540.61,13338.0,5844.0,29,31,99.01,0.962,20251031_081_pol_pro_Ran_ado_2025_19_Colorado2025_x012800_y005632
Unknown_Sample,20251031_081_pol_pro_Ran_ado_2025_19_Colorado2025.czi,Ran_ado,643.73,13086.0,5695.0,33,32,107.84,0.959,20251031_081_pol_pro_Ran_ado_2025_19_Colorado2025_x012800_y005632
Unknown_Sample,20251031_081_pol_pro_Ran_ado_2025_19_Colorado2025.czi,Ran_ado,628.34,13359.0,5999.0,33,31,107.01,0.958,20251031_081_pol_pro_Ran_ado_2025_19_Colorado2025_x012800_y005632
Unknown_Sample,20251031_081_pol_pro_Ran_ado_2025_19_Colorado2025.czi,Ran_ado,522.14,13020.0,6167.0,29,29,97.36,0.957,20251031_081_pol_pro_Ran_ado_2025_19_Colorado2025_x012800_y005632
Unknown_Sample,20251031_081_pol_pro_Ran_ado_2025_19_Colorado2025.czi,Ran_ado,518.68,13201.0,5972.0,30,28,96.77,0.955,20251031_081_pol_pro_Ran_ado_2025_19_Colorado2025_x012800_y005632
Unknown_Sample,20251031_081_pol_pro_Ran_ado_2025_19_Colorado2025.czi,Ran_ado,260.88,13087.0,5793.0,23,18,69.8,0.938,20251031_081_pol_pro_Ran_ado_2025_19_Colorado2025_x012800_y005632
Unknown_Sample,20251031_081_pol_pro_Ran_ado_2025_19_Colorado2025.czi,Ran_ado,258.57,13432.0,5992.0,15,29,76.97,0.895,20251031_081_pol_pro_Ran_ado_2025_19_Colorado2025_x012800_y005632
Unknown_Sample,20251031_081_pol_pro_Ran_ado_2025_19_Colorado2025.czi,Ran_ado,540.61,13338.0,5844.0,29,31,99.01,0.962,20251031_081_pol_pro_Ran_ado_2025_19_Colorado2025_x013312_y005632
Unknown_Sample,20251031_081_pol_pro_Ran_ado_2025_19_Colorado2025.czi,Ran_ado,626.42,13459.0,6087.0,32,32,106.43,0.961,20251031_081_pol_pro_Ran_ado_2025_19_Colorado2025_x013312_y005632
Unknown_Sample,20251031_081_pol_pro_Ran_ado_2025_19_Colorado2025.czi,Ran_ado,554.08,13823.0,6115.0,28,33,101.6,0.96,20251031_081_pol_pro_Ran_ado_2025_19_Colorado2025_x013312_y005632
Unknown_Sample,20251031_081_pol_pro_Ran_ado_2025_19_Colorado2025.czi,Ran_ado,599.87,13911.0,5657.0,29,34,105.01,0.96,20251031_081_pol_pro_Ran_ado_2025_19_Colorado2025_x013312_y005632
Unknown_Sample,20251031_081_pol_pro_Ran_ado_2025_19_Colorado2025.czi,Ran_ado,628.73,13573.0,5934.0,32,33,107.25,0.959,20251031_081_pol_pro_Ran_ado_2025_19_Colorado2025_x013312_y005632
Unknown_Sample,20251031_081_pol_pro_Ran_ado_2025_19_Colorado2025.czi,Ran_ado,580.24,13440.0,5992.0,32,30,102.43,0.958,20251031_081_pol_pro_Ran_ado_2025_19_Colorado2025_x013312_y005632
Unknown_Sample,20251031_081_pol_pro_Ran_ado_2025_19_Colorado2025.czi,Ran_ado,628.34,13359.0,5999.0,33,31,107.01,0.958,20251031_081_pol_pro_Ran_ado_2025_19_Colorado2025_x013312_y005632
Unknown_Sample,20251031_081_pol_pro_Ran_ado_2025_19_Colorado2025.czi,Ran_ado,551.0,13662.0,5736.0,30,31,100.43,0.957,20251031_081_pol_pro_Ran_ado_2025_19_Colorado2025_x013312_y005632
Unknown_Sample,20251031_081_pol_pro_Ran_ado_2025_19_Colorado2025.czi,Ran_ado,529.45,13492.0,5952.0,28,31,97.6,0.957,20251031_081_pol_pro_Ran_ado_2025_19_Colorado2025_x013312_y005632
Unknown_Sample,20251031_081_pol_pro_Ran_ado_2025_19_Colorado2025.czi,Ran_ado,599.48,13936.0,5946.0,30,32,104.77,0.949,20251031_081_pol_pro_Ran_ado_2025_19_Colorado2025_x013312_y005632
Unknown_Sample,20251031_081_pol_pro_Ran_ado_2025_19_Colorado2025.czi,Ran_ado,505.6,14100.0,5893.0,29,28,95.94,0.961,20251031_081_pol_pro_Ran_ado_2025_19_Colorado2025_x013824_y005632
Unknown_Sample,20251031_081_pol_pro_Ran_ado_2025_19_Colorado2025.czi,Ran_ado,599.1,13911.0,5657.0,29,34,103.84,0.96,20251031_081_pol_pro_Ran_ado_2025_19_Colorado2025_x013824_y005632
Unknown_Sample,20251031_081_pol_pro_Ran_ado_2025_19_Colorado2025.czi,Ran_ado,393.63,14027.0,5641.0,31,21,90.04,0.958,20251031_081_pol_pro_Ran_ado_2025_19_Colorado2025_x013824_y005632
Unknown_Sample,20251031_081_pol_pro_Ran_ado_2025_19_Colorado2025.czi,Ran_ado,601.02,13936.0,5946.0,31,32,104.43,0.957,20251031_081_pol_pro_Ran_ado_2025_19_Colorado2025_x013824_y005632
Unknown_Sample,20251031_081_pol_pro_Ran_ado_2025_19_Colorado2025.czi,Ran_ado,230.1,13830.0,6115.0,13,32,77.8,0.939,20251031_081_pol_pro_Ran_ado_2025_19_Colorado2025_x013824_y005632
Unknown_Sample,20251031_081_pol_pro_Ran_ado_2025_19_Colorado2025.czi,Ran_ado,302.05,14219.0,6264.0,31,16,82.38,0.913,20251031_081_pol_pro_Ran_ado_2025_19_Colorado2025_x013824_y005632
Unknown_Sample,20251031_081_pol_pro_Ran_ado_2025_19_Colorado2025.czi,Ran_ado,159.3,14458.0,6096.0,10,28,66.14,0.859,20251031_081_pol_pro_Ran_ado_2025_19_Colorado2025_x013824_y005632
Unknown_Sample,20251031_081_pol_pro_Ran_ado_2025_19_Colorado2025.czi,Ran_ado,586.78,14883.0,5972.0,33,29,104.18,0.962,20251031_081_pol_pro_Ran_ado_2025_19_Colorado2025_x014336_y005632
Unknown_Sample,20251031_081_pol_pro_Ran_ado_2025_19_Colorado2025.czi,Ran_ado,572.93,14777.0,6172.0,31,30,102.18,0.96,20251031_081_pol_pro_Ran_ado_2025_19_Colorado2025_x014336_y005632
Unknown_Sample,20251031_081_pol_pro_Ran_ado_2025_19_Colorado2025.czi,Ran_ado,589.86,14485.0,5796.0,31,33,104.67,0.959,20251031_081_pol_pro_Ran_ado_2025_19_Colorado2025_x014336_y005632
Unknown_Sample,20251031_081_pol_pro_Ran_ado_2025_19_Colorado2025.czi,Ran_ado,592.56,14660.0,6053.0,32,31,103.25,0.958,20251031_081_pol_pro_Ran_ado_2025_19_Colorado2025_x014336_y005632
Unknown_Sample,20251031_081_pol_pro_Ran_ado_2025_19_Colorado2025.czi,Ran_ado,538.3,14468.0,6095.0,30,29,99.36,0.957,20251031_081_pol_pro_Ran_ado_2025_19_Colorado2025_x014336_y005632
Unknown_Sample,20251031_081_pol_pro_Ran_ado_2025_19_Colorado2025.czi,Ran_ado,617.18,15442.0,6099.0,32,31,105.6,0.964,20251031_081_pol_pro_Ran_ado_2025_19_Colorado2025_x014848_y005632
Unknown_Sample,20251031_081_pol_pro_Ran_ado_2025_19_Colorado2025.czi,Ran_ado,586.78,14883.0,5972.0,33,29,104.18,0.962,20251031_081_pol_pro_Ran_ado_2025_19_Colorado2025_x014848_y005632
Unknown_Sample,20251031_081_pol_pro_Ran_ado_2025_19_Colorado2025.czi,Ran_ado,581.4,15009.0,6046.0,29,33,104.18,0.962,20251031_081_pol_pro_Ran_ado_2025_19_Colorado2025_x014848_y005632
Unknown_Sample,20251031_081_pol_pro_Ran_ado_2025_19_Colorado2025.czi,Ran_ado,488.67,15149.0,6250.0,30,27,94.77,0.958,20251031_081_pol_pro_Ran_ado_2025_19_Colorado2025_x014848_y005632
Unknown_Sample,20251031_081_pol_pro_Ran_ado_2025_19_Colorado2025.czi,Ran_ado,582.17,14983.0,6141.0,29,33,101.84,0.956,20251031_081_pol_pro_Ran_ado_2025_19_Colorado2025_x014848_y005632
Unknown_Sample,20251031_081_pol_pro_Ran_ado_2025_19_Colorado2025.czi,Ran_ado,617.18,15442.0,6099.0,32,31,105.6,0.963,20251031_081_pol_pro_Ran_ado_2025_19_Colorado2025_x015360_y005632
Unknown_Sample,20251031_081_pol_pro_Ran_ado_2025_19_Colorado2025.czi,Ran_ado,518.29,15953.0,6109.0,30,28,98.53,0.959,20251031_081_pol_pro_Ran_ado_2025_19_Colorado2025_x015360_y005632
Unknown_Sample,20251031_081_pol_pro_Ran_ado_2025_19_Colorado2025.czi,Ran_ado,367.46,15839.0,5640.0,34,20,92.87,0.95,20251031_081_pol_pro_Ran_ado_2025_19_Colorado2025_x015360_y005632
Unknown_Sample,20251031_081_pol_pro_Ran_ado_2025_19_Colorado2025.czi,Ran_ado,529.45,15987.0,6217.0,26,31,101.8,0.943,20251031_081_pol_pro_Ran_ado_2025_19_Colorado2025_x015360_y005632
Unknown_Sample,20251031_081_pol_pro_Ran_ado_2025_19_Colorado2025.czi,Ran_ado,542.54,15801.0,6064.0,29,31,102.43,0.919,20251031_081_pol_pro_Ran_ado_2025_19_Colorado2025_x015360_y005632
Unknown_Sample,20251031_081_pol_pro_Ran_ado_2025_19_Colorado2025.czi,Ran_ado,574.09,15777.0,6083.0,31,31,103.6,0.912,20251031_081_pol_pro_Ran_ado_2025_19_Colorado2025_x015360_y005632
Unknown_Sample,20251031_081_pol_pro_Ran_ado_2025_19_Colorado2025.czi,Ran_ado,625.26,16135.0,6102.0,33,32,107.84,0.96,20251031_081_pol_pro_Ran_ado_2025_19_Colorado2025_x015872_y005632
Unknown_Sample,20251031_081_pol_pro_Ran_ado_2025_19_Colorado2025.czi,Ran_ado,518.29,15953.0,6109.0,30,28,98.53,0.959,20251031_081_pol_pro_Ran_ado_2025_19_Colorado2025_x015872_y005632
Unknown_Sample,20251031_081_pol_pro_Ran_ado_2025_19_Colorado2025.czi,Ran_ado,627.57,15989.0,6217.0,33,31,107.01,0.958,20251031_081_pol_pro_Ran_ado_2025_19_Colorado2025_x015872_y005632
Unknown_Sample,20251031_081_pol_pro_Ran_ado_2025_19_Colorado2025.czi,Ran_ado,529.45,16097.0,6193.0,31,28,98.77,0.957,20251031_081_pol_pro_Ran_ado_2025_19_Colorado2025_x015872_y005632
Unknown_Sample,20251031_081_pol_pro_Ran_ado_2025_19_Colorado2025.czi,Ran_ado,631.8,16961.0,5708.0,34,31,107.25,0.958,20251031_081_pol_pro_Ran_ado_2025_19_Colorado2025_x016384_y005632
Unknown_Sample,20251031_081_pol_pro_Ran_ado_2025_19_Colorado2025.czi,Ran_ado,596.79,16905.0,5819.0,31,32,105.01,0.951,20251031_081_pol_pro_Ran_ado_2025_19_Colorado2025_x016384_y005632
Unknown_Sample,20251031_081_pol_pro_Ran_ado_2025_19_Colorado2025.czi,Ran_ado,654.12,17046.0,5647.0,35,31,110.43,0.963,20251031_081_pol_pro_Ran_ado_2025_19_Colorado2025_x016896_y005632
Unknown_Sample,20251031_081_pol_pro_Ran_ado_2025_19_Colorado2025.czi,Ran_ado,500.98,16907.0,5819.0,25,33,100.28,0.962,20251031_081_pol_pro_Ran_ado_2025_19_Colorado2025_x016896_y005632
Unknown_Sample,20251031_081_pol_pro_Ran_ado_2025_19_Colorado2025.czi,Ran_ado,629.49,16961.0,5708.0,34,31,107.25,0.958,20251031_081_pol_pro_Ran_ado_2025_19_Colorado2025_x016896_y005632
Unknown_Sample,20251031_081_pol_pro_Ran_ado_2025_19_Colorado2025.czi,Ran_ado,566.39,17169.0,5670.0,33,28,102.77,0.953,20251031_081_pol_pro_Ran_ado_2025_19_Colorado2025_x016896_y005632
Unknown_Sample,20251031_081_pol_pro_Ran_ado_2025_19_Colorado2025.czi,Ran_ado,543.69,17378.0,5954.0,31,29,101.36,0.938,20251031_081_pol_pro_Ran_ado_2025_19_Colorado2025_x016896_y005632
Unknown_Sample,20251031_081_pol_pro_Ran_ado_2025_19_Colorado2025.czi,Ran_ado,503.29,1841.0,6206.0,29,29,96.77,0.958,20251031_081_pol_pro_Ran_ado_2025_19_Colorado2025_x001536_y006144
Unknown_Sample,20251031_081_pol_pro_Ran_ado_2025_19_Colorado2025.czi,Ran_ado,460.58,2145.0,6339.0,26,29,91.36,0.956,20251031_081_pol_pro_Ran_ado_2025_19_Colorado2025_x001536_y006144
Unknown_Sample,20251031_081_pol_pro_Ran_ado_2025_19_Colorado2025.czi,Ran_ado,546.77,2570.0,6292.0,30,30,99.01,0.96,20251031_081_pol_pro_Ran_ado_2025_19_Colorado2025_x002048_y006144
Unknown_Sample,20251031_081_pol_pro_Ran_ado_2025_19_Colorado2025.czi,Ran_ado,460.58,2145.0,6339.0,26,29,91.36,0.956,20251031_081_pol_pro_Ran_ado_2025_19_Colorado2025_x002048_y006144
Unknown_Sample,20251031_081_pol_pro_Ran_ado_2025_19_Colorado2025.czi,Ran_ado,524.45,2404.0,6735.0,29,29,98.53,0.955,20251031_081_pol_pro_Ran_ado_2025_19_Colorado2025_x002048_y006144
Unknown_Sample,20251031_081_pol_pro_Ran_ado_2025_19_Colorado2025.czi,Ran_ado,474.81,2572.0,6292.0,25,30,94.28,0.963,20251031_081_pol_pro_Ran_ado_2025_19_Colorado2025_x002560_y006144
Unknown_Sample,20251031_081_pol_pro_Ran_ado_2025_19_Colorado2025.czi,Ran_ado,435.95,2872.0,6298.0,28,26,89.36,0.948,20251031_081_pol_pro_Ran_ado_2025_19_Colorado2025_x002560_y006144
Unknown_Sample,20251031_081_pol_pro_Ran_ado_2025_19_Colorado2025.czi,Ran_ado,547.92,3024.0,6552.0,28,33,101.6,0.945,20251031_081_pol_pro_Ran_ado_2025_19_Colorado2025_x002560_y006144
Unknown_Sample,20251031_081_pol_pro_Ran_ado_2025_19_Colorado2025.czi,Ran_ado,512.14,3560.0,6238.0,27,32,98.18,0.959,20251031_081_pol_pro_Ran_ado_2025_19_Colorado2025_x003072_y006144
Unknown_Sample,20251031_081_pol_pro_Ran_ado_2025_19_Colorado2025.czi,Ran_ado,479.43,3479.0,6576.0,32,25,94.77,0.95,20251031_081_pol_pro_Ran_ado_2025_19_Colorado2025_x003072_y006144
Unknown_Sample,20251031_081_pol_pro_Ran_ado_2025_19_Colorado2025.czi,Ran_ado,517.52,4404.0,6445.0,30,29,97.01,0.963,20251031_081_pol_pro_Ran_ado_2025_19_Colorado2025_x004096_y006144
Unknown_Sample,20251031_081_pol_pro_Ran_ado_2025_19_Colorado2025.czi,Ran_ado,520.6,4446.0,6183.0,27,31,97.36,0.958,20251031_081_pol_pro_Ran_ado_2025_19_Colorado2025_x004096_y006144
Unknown_Sample,20251031_081_pol_pro_Ran_ado_2025_19_Colorado2025.czi,Ran_ado,581.78,4353.0,6387.0,33,29,103.6,0.958,20251031_081_pol_pro_Ran_ado_2025_19_Colorado2025_x004096_y006144
Unknown_Sample,20251031_081_pol_pro_Ran_ado_2025_19_Colorado2025.czi,Ran_ado,553.69,4840.0,6195.0,29,32,101.01,0.959,20251031_081_pol_pro_Ran_ado_2025_19_Colorado2025_x004608_y006144
Unknown_Sample,20251031_081_pol_pro_Ran_ado_2025_19_Colorado2025.czi,Ran_ado,481.74,5074.0,6333.0,31,26,94.77,0.958,20251031_081_pol_pro_Ran_ado_2025_19_Colorado2025_x004608_y006144
Unknown_Sample,20251031_081_pol_pro_Ran_ado_2025_19_Colorado2025.czi,Ran_ado,380.93,5228.0,6480.0,25,25,84.28,0.952,20251031_081_pol_pro_Ran_ado_2025_19_Colorado2025_x004608_y006144
Unknown_Sample,20251031_081_pol_pro_Ran_ado_2025_19_Colorado2025.czi,Ran_ado,631.03,5353.0,6298.0,33,31,107.6,0.961,20251031_081_pol_pro_Ran_ado_2025_19_Colorado2025_x005120_y006144
Unknown_Sample,20251031_081_pol_pro_Ran_ado_2025_19_Colorado2025.czi,Ran_ado,518.68,5620.0,6491.0,31,28,98.77,0.956,20251031_081_pol_pro_Ran_ado_2025_19_Colorado2025_x005120_y006144
Unknown_Sample,20251031_081_pol_pro_Ran_ado_2025_19_Colorado2025.czi,Ran_ado,501.75,5509.0,6740.0,28,29,95.94,0.955,20251031_081_pol_pro_Ran_ado_2025_19_Colorado2025_x005120_y006144
Unknown_Sample,20251031_081_pol_pro_Ran_ado_2025_19_Colorado2025.czi,Ran_ado,380.16,5228.0,6480.0,25,25,84.28,0.953,20251031_081_pol_pro_Ran_ado_2025_19_Colorado2025_x005120_y006144
Unknown_Sample,20251031_081_pol_pro_Ran_ado_2025_19_Colorado2025.czi,Ran_ado,487.9,5740.0,6648.0,30,27,93.6,0.951,20251031_081_pol_pro_Ran_ado_2025_19_Colorado2025_x005120_y006144
Unknown_Sample,20251031_081_pol_pro_Ran_ado_2025_19_Colorado2025.czi,Ran_ado,540.61,5978.0,6161.0,31,29,100.18,0.964,20251031_081_pol_pro_Ran_ado_2025_19_Colorado2025_x005632_y006144
Unknown_Sample,20251031_081_pol_pro_Ran_ado_2025_19_Colorado2025.czi,Ran_ado,997.73,6096.0,6746.0,41,40,136.33,0.964,20251031_081_pol_pro_Ran_ado_2025_19_Colorado2025_x005632_y006144
Unknown_Sample,20251031_081_pol_pro_Ran_ado_2025_19_Colorado2025.czi,Ran_ado,546.38,6236.0,6352.0,30,30,100.77,0.963,20251031_081_pol_pro_Ran_ado_2025_19_Colorado2025_x005632_y006144
Unknown_Sample,20251031_081_pol_pro_Ran_ado_2025_19_Colorado2025.czi,Ran_ado,690.67,5792.0,6166.0,35,32,114.18,0.962,20251031_081_pol_pro_Ran_ado_2025_19_Colorado2025_x005632_y006144
Unknown_Sample,20251031_081_pol_pro_Ran_ado_2025_19_Colorado2025.czi,Ran_ado,596.02,5935.0,6448.0,32,31,106.18,0.961,20251031_081_pol_pro_Ran_ado_2025_19_Colorado2025_x005632_y006144
Unknown_Sample,20251031_081_pol_pro_Ran_ado_2025_19_Colorado2025.czi,Ran_ado,556.39,6168.0,6319.0,30,31,100.43,0.961,20251031_081_pol_pro_Ran_ado_2025_19_Colorado2025_x005632_y006144
Unknown_Sample,20251031_081_pol_pro_Ran_ado_2025_19_Colorado2025.czi,Ran_ado,551.77,6007.0,6351.0,31,29,99.6,0.96,20251031_081_pol_pro_Ran_ado_2025_19_Colorado2025_x005632_y006144
Unknown_Sample,20251031_081_pol_pro_Ran_ado_2025_19_Colorado2025.czi,Ran_ado,519.06,5771.0,6350.0,31,28,98.18,0.959,20251031_081_pol_pro_Ran_ado_2025_19_Colorado2025_x005632_y006144
Unknown_Sample,20251031_081_pol_pro_Ran_ado_2025_19_Colorado2025.czi,Ran_ado,440.57,5928.0,6566.0,26,28,90.53,0.958,20251031_081_pol_pro_Ran_ado_2025_19_Colorado2025_x005632_y006144
Unknown_Sample,20251031_081_pol_pro_Ran_ado_2025_19_Colorado2025.czi,Ran_ado,453.27,6030.0,6714.0,27,28,90.77,0.958,20251031_081_pol_pro_Ran_ado_2025_19_Colorado2025_x005632_y006144
Unknown_Sample,20251031_081_pol_pro_Ran_ado_2025_19_Colorado2025.czi,Ran_ado,486.74,5740.0,6648.0,30,27,94.18,0.953,20251031_081_pol_pro_Ran_ado_2025_19_Colorado2025_x005632_y006144
Unknown_Sample,20251031_081_pol_pro_Ran_ado_2025_19_Colorado2025.czi,Ran_ado,527.14,5775.0,6565.0,29,30,97.6,0.952,20251031_081_pol_pro_Ran_ado_2025_19_Colorado2025_x005632_y006144
Unknown_Sample,20251031_081_pol_pro_Ran_ado_2025_19_Colorado2025.czi,Ran_ado,576.78,5919.0,6630.0,32,30,103.01,0.939,20251031_081_pol_pro_Ran_ado_2025_19_Colorado2025_x005632_y006144
Unknown_Sample,20251031_081_pol_pro_Ran_ado_2025_19_Colorado2025.czi,Ran_ado,275.12,5920.0,6657.0,20,24,76.04,0.898,20251031_081_pol_pro_Ran_ado_2025_19_Colorado2025_x005632_y006144
Unknown_Sample,20251031_081_pol_pro_Ran_ado_2025_19_Colorado2025.czi,Ran_ado,579.86,6756.0,6355.0,32,30,103.01,0.966,20251031_081_pol_pro_Ran_ado_2025_19_Colorado2025_x006144_y006144
Unknown_Sample,20251031_081_pol_pro_Ran_ado_2025_19_Colorado2025.czi,Ran_ado,603.33,6595.0,6729.0,32,31,105.6,0.963,20251031_081_pol_pro_Ran_ado_2025_19_Colorado2025_x006144_y006144
Unknown_Sample,20251031_081_pol_pro_Ran_ado_2025_19_Colorado2025.czi,Ran_ado,546.38,6236.0,6352.0,30,30,100.77,0.963,20251031_081_pol_pro_Ran_ado_2025_19_Colorado2025_x006144_y006144
Unknown_Sample,20251031_081_pol_pro_Ran_ado_2025_19_Colorado2025.czi,Ran_ado,578.7,6725.0,6653.0,34,28,104.77,0.962,20251031_081_pol_pro_Ran_ado_2025_19_Colorado2025_x006144_y006144
Unknown_Sample,20251031_081_pol_pro_Ran_ado_2025_19_Colorado2025.czi,Ran_ado,454.04,6593.0,6290.0,28,26,89.94,0.962,20251031_081_pol_pro_Ran_ado_2025_19_Colorado2025_x006144_y006144
Unknown_Sample,20251031_081_pol_pro_Ran_ado_2025_19_Colorado2025.czi,Ran_ado,556.39,6168.0,6319.0,30,31,100.43,0.961,20251031_081_pol_pro_Ran_ado_2025_19_Colorado2025_x006144_y006144
Unknown_Sample,20251031_081_pol_pro_Ran_ado_2025_19_Colorado2025.czi,Ran_ado,584.86,6445.0,6470.0,33,30,104.43,0.961,20251031_081_pol_pro_Ran_ado_2025_19_Colorado2025_x006144_y006144
Unknown_Sample,20251031_081_pol_pro_Ran_ado_2025_19_Colorado2025.czi,Ran_ado,583.71,6383.0,6386.0,31,31,104.18,0.961,20251031_081_pol_pro_Ran_ado_2025_19_Colorado2025_x006144_y006144
Unknown_Sample,20251031_081_pol_pro_Ran_ado_2025_19_Colorado2025.czi,Ran_ado,535.61,6311.0,6493.0,30,29,98.77,0.959,20251031_081_pol_pro_Ran_ado_2025_19_Colorado2025_x006144_y006144
Unknown_Sample,20251031_081_pol_pro_Ran_ado_2025_19_Colorado2025.czi,Ran_ado,452.11,6744.0,6155.0,30,25,96.04,0.957,20251031_081_pol_pro_Ran_ado_2025_19_Colorado2025_x006144_y006144
Unknown_Sample,20251031_081_pol_pro_Ran_ado_2025_19_Colorado2025.czi,Ran_ado,584.48,6492.0,6230.0,29,32,103.36,0.949,20251031_081_pol_pro_Ran_ado_2025_19_Colorado2025_x006144_y006144
Unknown_Sample,20251031_081_pol_pro_Ran_ado_2025_19_Colorado2025.czi,Ran_ado,547.15,6760.0,6618.0,33,28,101.6,0.948,20251031_081_pol_pro_Ran_ado_2025_19_Colorado2025_x006144_y006144
Unknown_Sample,20251031_081_pol_pro_Ran_ado_2025_19_Colorado2025.czi,Ran_ado,407.86,6774.0,6166.0,19,34,93.8,0.929,20251031_081_pol_pro_Ran_ado_2025_19_Colorado2025_x006144_y006144
Unknown_Sample,20251031_081_pol_pro_Ran_ado_2025_19_Colorado2025.czi,Ran_ado,543.69,6507.0,6258.0,33,30,102.67,0.908,20251031_081_pol_pro_Ran_ado_2025_19_Colorado2025_x006144_y006144
Unknown_Sample,20251031_081_pol_pro_Ran_ado_2025_19_Colorado2025.czi,Ran_ado,579.09,6756.0,6355.0,32,30,103.01,0.967,20251031_081_pol_pro_Ran_ado_2025_19_Colorado2025_x006656_y006144
Unknown_Sample,20251031_081_pol_pro_Ran_ado_2025_19_Colorado2025.czi,Ran_ado,598.71,6993.0,6224.0,31,32,105.6,0.963,20251031_081_pol_pro_Ran_ado_2025_19_Colorado2025_x006656_y006144
Unknown_Sample,20251031_081_pol_pro_Ran_ado_2025_19_Colorado2025.czi,Ran_ado,578.7,6725.0,6653.0,34,28,104.77,0.962,20251031_081_pol_pro_Ran_ado_2025_19_Colorado2025_x006656_y006144
Unknown_Sample,20251031_081_pol_pro_Ran_ado_2025_19_Colorado2025.czi,Ran_ado,530.99,6921.0,6374.0,28,31,97.6,0.961,20251031_081_pol_pro_Ran_ado_2025_19_Colorado2025_x006656_y006144
Unknown_Sample,20251031_081_pol_pro_Ran_ado_2025_19_Colorado2025.czi,Ran_ado,632.19,6779.0,6165.0,31,34,109.01,0.96,20251031_081_pol_pro_Ran_ado_2025_19_Colorado2025_x006656_y006144
Unknown_Sample,20251031_081_pol_pro_Ran_ado_2025_19_Colorado2025.czi,Ran_ado,470.2,6951.0,6277.0,27,29,93.94,0.96,20251031_081_pol_pro_Ran_ado_2025_19_Colorado2025_x006656_y006144
Unknown_Sample,20251031_081_pol_pro_Ran_ado_2025_19_Colorado2025.czi,Ran_ado,524.07,6952.0,6740.0,29,29,97.94,0.96,20251031_081_pol_pro_Ran_ado_2025_19_Colorado2025_x006656_y006144
Unknown_Sample,20251031_081_pol_pro_Ran_ado_2025_19_Colorado2025.czi,Ran_ado,530.99,7106.0,6604.0,29,30,98.77,0.959,20251031_081_pol_pro_Ran_ado_2025_19_Colorado2025_x006656_y006144
Unknown_Sample,20251031_081_pol_pro_Ran_ado_2025_19_Colorado2025.czi,Ran_ado,493.67,6821.0,6426.0,29,28,95.36,0.959,20251031_081_pol_pro_Ran_ado_2025_19_Colorado2025_x006656_y006144
Unknown_Sample,20251031_081_pol_pro_Ran_ado_2025_19_Colorado2025.czi,Ran_ado,453.65,6744.0,6155.0,30,25,96.04,0.957,20251031_081_pol_pro_Ran_ado_2025_19_Colorado2025_x006656_y006144
Unknown_Sample,20251031_081_pol_pro_Ran_ado_2025_19_Colorado2025.czi,Ran_ado,383.24,7207.0,6152.0,34,19,91.46,0.957,20251031_081_pol_pro_Ran_ado_2025_19_Colorado2025_x006656_y006144
Unknown_Sample,20251031_081_pol_pro_Ran_ado_2025_19_Colorado2025.czi,Ran_ado,547.15,6760.0,6618.0,33,28,101.6,0.949,20251031_081_pol_pro_Ran_ado_2025_19_Colorado2025_x006656_y006144
Unknown_Sample,20251031_081_pol_pro_Ran_ado_2025_19_Colorado2025.czi,Ran_ado,664.89,7760.0,6316.0,33,33,111.6,0.965,20251031_081_pol_pro_Ran_ado_2025_19_Colorado2025_x007168_y006144
Unknown_Sample,20251031_081_pol_pro_Ran_ado_2025_19_Colorado2025.czi,Ran_ado,596.02,7430.0,6663.0,31,31,104.18,0.961,20251031_081_pol_pro_Ran_ado_2025_19_Colorado2025_x007168_y006144
Unknown_Sample,20251031_081_pol_pro_Ran_ado_2025_19_Colorado2025.czi,Ran_ado,530.99,7642.0,6686.0,30,29,98.77,0.961,20251031_081_pol_pro_Ran_ado_2025_19_Colorado2025_x007168_y006144
Unknown_Sample,20251031_081_pol_pro_Ran_ado_2025_19_Colorado2025.czi,Ran_ado,604.48,7303.0,6468.0,34,29,106.18,0.96,20251031_081_pol_pro_Ran_ado_2025_19_Colorado2025_x007168_y006144
Unknown_Sample,20251031_081_pol_pro_Ran_ado_2025_19_Colorado2025.czi,Ran_ado,593.71,7337.0,6496.0,33,30,103.84,0.958,20251031_081_pol_pro_Ran_ado_2025_19_Colorado2025_x007168_y006144
Unknown_Sample,20251031_081_pol_pro_Ran_ado_2025_19_Colorado2025.czi,Ran_ado,383.24,7207.0,6152.0,34,19,91.46,0.957,20251031_081_pol_pro_Ran_ado_2025_19_Colorado2025_x007168_y006144
Unknown_Sample,20251031_081_pol_pro_Ran_ado_2025_19_Colorado2025.czi,Ran_ado,626.03,7440.0,6768.0,30,33,109.7,0.948,20251031_081_pol_pro_Ran_ado_2025_19_Colorado2025_x007168_y006144
Unknown_Sample,20251031_081_pol_pro_Ran_ado_2025_19_Colorado2025.czi,Ran_ado,664.89,7760.0,6316.0,33,33,111.6,0.965,20251031_081_pol_pro_Ran_ado_2025_19_Colorado2025_x007680_y006144
Unknown_Sample,20251031_081_pol_pro_Ran_ado_2025_19_Colorado2025.czi,Ran_ado,579.47,8022.0,6266.0,28,34,103.6,0.964,20251031_081_pol_pro_Ran_ado_2025_19_Colorado2025_x007680_y006144
Unknown_Sample,20251031_081_pol_pro_Ran_ado_2025_19_Colorado2025.czi,Ran_ado,591.02,7877.0,6306.0,32,31,104.43,0.962,20251031_081_pol_pro_Ran_ado_2025_19_Colorado2025_x007680_y006144
Unknown_Sample,20251031_081_pol_pro_Ran_ado_2025_19_Colorado2025.czi,Ran_ado,536.76,7884.0,6564.0,32,27,100.53,0.96,20251031_081_pol_pro_Ran_ado_2025_19_Colorado2025_x007680_y006144
Unknown_Sample,20251031_081_pol_pro_Ran_ado_2025_19_Colorado2025.czi,Ran_ado,552.54,8255.0,6479.0,29,32,101.6,0.959,20251031_081_pol_pro_Ran_ado_2025_19_Colorado2025_x007680_y006144
Unknown_Sample,20251031_081_pol_pro_Ran_ado_2025_19_Colorado2025.czi,Ran_ado,508.29,8195.0,6719.0,29,29,96.18,0.958,20251031_081_pol_pro_Ran_ado_2025_19_Colorado2025_x007680_y006144
Unknown_Sample,20251031_081_pol_pro_Ran_ado_2025_19_Colorado2025.czi,Ran_ado,573.7,8353.0,6331.0,31,31,101.84,0.963,20251031_081_pol_pro_Ran_ado_2025_19_Colorado2025_x008192_y006144
Unknown_Sample,20251031_081_pol_pro_Ran_ado_2025_19_Colorado2025.czi,Ran_ado,560.62,8404.0,6621.0,32,29,102.18,0.962,20251031_081_pol_pro_Ran_ado_2025_19_Colorado2025_x008192_y006144
Unknown_Sample,20251031_081_pol_pro_Ran_ado_2025_19_Colorado2025.czi,Ran_ado,601.02,8471.0,6353.0,34,30,106.43,0.96,20251031_081_pol_pro_Ran_ado_2025_19_Colorado2025_x008192_y006144
Unknown_Sample,20251031_081_pol_pro_Ran_ado_2025_19_Colorado2025.czi,Ran_ado,583.71,8505.0,6338.0,29,33,104.18,0.96,20251031_081_pol_pro_Ran_ado_2025_19_Colorado2025_x008192_y006144
Unknown_Sample,20251031_081_pol_pro_Ran_ado_2025_19_Colorado2025.czi,Ran_ado,639.88,8607.0,6746.0,35,31,109.84,0.96,20251031_081_pol_pro_Ran_ado_2025_19_Colorado2025_x008192_y006144
Unknown_Sample,20251031_081_pol_pro_Ran_ado_2025_19_Colorado2025.czi,Ran_ado,551.77,8255.0,6479.0,29,32,101.6,0.959,20251031_081_pol_pro_Ran_ado_2025_19_Colorado2025_x008192_y006144
Unknown_Sample,20251031_081_pol_pro_Ran_ado_2025_19_Colorado2025.czi,Ran_ado,518.29,8622.0,6703.0,29,30,97.01,0.957,20251031_081_pol_pro_Ran_ado_2025_19_Colorado2025_x008192_y006144
Unknown_Sample,20251031_081_pol_pro_Ran_ado_2025_19_Colorado2025.czi,Ran_ado,314.75,8200.0,6719.0,18,29,81.8,0.953,20251031_081_pol_pro_Ran_ado_2025_19_Colorado2025_x008192_y006144
Unknown_Sample,20251031_081_pol_pro_Ran_ado_2025_19_Colorado2025.czi,Ran_ado,147.75,8477.0,6778.0,26,10,62.14,0.871,20251031_081_pol_pro_Ran_ado_2025_19_Colorado2025_x008192_y006144
Unknown_Sample,20251031_081_pol_pro_Ran_ado_2025_19_Colorado2025.czi,Ran_ado,600.64,8942.0,6293.0,31,32,106.18,0.959,20251031_081_pol_pro_Ran_ado_2025_19_Colorado2025_x008704_y006144
Unknown_Sample,20251031_081_pol_pro_Ran_ado_2025_19_Colorado2025.czi,Ran_ado,539.46,8863.0,6403.0,31,29,98.43,0.959,20251031_081_pol_pro_Ran_ado_2025_19_Colorado2025_x008704_y006144
Unknown_Sample,20251031_081_pol_pro_Ran_ado_2025_19_Colorado2025.czi,Ran_ado,614.1,9378.0,6457.0,32,32,107.6,0.965,20251031_081_pol_pro_Ran_ado_2025_19_Colorado2025_x009216_y006144
Unknown_Sample,20251031_081_pol_pro_Ran_ado_2025_19_Colorado2025.czi,Ran_ado,582.17,9675.0,6481.0,31,31,103.01,0.964,20251031_081_pol_pro_Ran_ado_2025_19_Colorado2025_x009216_y006144
Unknown_Sample,20251031_081_pol_pro_Ran_ado_2025_19_Colorado2025.czi,Ran_ado,581.4,9511.0,6436.0,31,30,103.36,0.962,20251031_081_pol_pro_Ran_ado_2025_19_Colorado2025_x009216_y006144
Unknown_Sample,20251031_081_pol_pro_Ran_ado_2025_19_Colorado2025.czi,Ran_ado,630.65,9499.0,6734.0,34,31,106.67,0.96,20251031_081_pol_pro_Ran_ado_2025_19_Colorado2025_x009216_y006144
Unknown_Sample,20251031_081_pol_pro_Ran_ado_2025_19_Colorado2025.czi,Ran_ado,285.12,9554.0,6330.0,26,18,74.04,0.947,20251031_081_pol_pro_Ran_ado_2025_19_Colorado2025_x009216_y006144
Unknown_Sample,20251031_081_pol_pro_Ran_ado_2025_19_Colorado2025.czi,Ran_ado,890.37,10023.0,6504.0,38,39,126.57,0.965,20251031_081_pol_pro_Ran_ado_2025_19_Colorado2025_x009728_y006144
Unknown_Sample,20251031_081_pol_pro_Ran_ado_2025_19_Colorado2025.czi,Ran_ado,592.17,10324.0,6266.0,30,32,104.18,0.963,20251031_081_pol_pro_Ran_ado_2025_19_Colorado2025_x009728_y006144
Unknown_Sample,20251031_081_pol_pro_Ran_ado_2025_19_Colorado2025.czi,Ran_ado,572.16,9965.0,6348.0,31,31,103.01,0.962,20251031_081_pol_pro_Ran_ado_2025_19_Colorado2025_x009728_y006144
Unknown_Sample,20251031_081_pol_pro_Ran_ado_2025_19_Colorado2025.czi,Ran_ado,622.57,10204.0,6596.0,30,34,107.6,0.961,20251031_081_pol_pro_Ran_ado_2025_19_Colorado2025_x009728_y006144
Unknown_Sample,20251031_081_pol_pro_Ran_ado_2025_19_Colorado2025.czi,Ran_ado,557.54,9892.0,6425.0,29,32,102.18,0.959,20251031_081_pol_pro_Ran_ado_2025_19_Colorado2025_x009728_y006144
Unknown_Sample,20251031_081_pol_pro_Ran_ado_2025_19_Colorado2025.czi,Ran_ado,556.39,10132.0,6253.0,30,31,101.6,0.959,20251031_081_pol_pro_Ran_ado_2025_19_Colorado2025_x009728_y006144
Unknown_Sample,20251031_081_pol_pro_Ran_ado_2025_19_Colorado2025.czi,Ran_ado,520.6,10136.0,6538.0,28,31,97.01,0.957,20251031_081_pol_pro_Ran_ado_2025_19_Colorado2025_x009728_y006144
Unknown_Sample,20251031_081_pol_pro_Ran_ado_2025_19_Colorado2025.czi,Ran_ado,520.22,10238.0,6497.0,29,30,97.6,0.954,20251031_081_pol_pro_Ran_ado_2025_19_Colorado2025_x009728_y006144
Unknown_Sample,20251031_081_pol_pro_Ran_ado_2025_19_Colorado2025.czi,Ran_ado,530.99,10270.0,6505.0,33,27,99.6,0.94,20251031_081_pol_pro_Ran_ado_2025_19_Colorado2025_x009728_y006144
Unknown_Sample,20251031_081_pol_pro_Ran_ado_2025_19_Colorado2025.czi,Ran_ado,592.17,10324.0,6266.0,30,32,104.18,0.963,20251031_081_pol_pro_Ran_ado_2025_19_Colorado2025_x010240_y006144
Unknown_Sample,20251031_081_pol_pro_Ran_ado_2025_19_Colorado2025.czi,Ran_ado,681.44,10615.0,6696.0,37,31,112.67,0.962,20251031_081_pol_pro_Ran_ado_2025_19_Colorado2025_x010240_y006144
Unknown_Sample,20251031_081_pol_pro_Ran_ado_2025_19_Colorado2025.czi,Ran_ado,549.85,10491.0,6358.0,30,30,100.18,0.962,20251031_081_pol_pro_Ran_ado_2025_19_Colorado2025_x010240_y006144
Unknown_Sample,20251031_081_pol_pro_Ran_ado_2025_19_Colorado2025.czi,Ran_ado,564.47,10441.0,6287.0,30,31,102.18,0.961,20251031_081_pol_pro_Ran_ado_2025_19_Colorado2025_x010240_y006144
Unknown_Sample,20251031_081_pol_pro_Ran_ado_2025_19_Colorado2025.czi,Ran_ado,543.69,10433.0,6561.0,28,32,101.36,0.961,20251031_081_pol_pro_Ran_ado_2025_19_Colorado2025_x010240_y006144
Unknown_Sample,20251031_081_pol_pro_Ran_ado_2025_19_Colorado2025.czi,Ran_ado,529.07,10270.0,6505.0,33,27,99.01,0.928,20251031_081_pol_pro_Ran_ado_2025_19_Colorado2025_x010240_y006144
Unknown_Sample,20251031_081_pol_pro_Ran_ado_2025_19_Colorado2025.czi,Ran_ado,200.85,10246.0,6498.0,13,30,72.63,0.925,20251031_081_pol_pro_Ran_ado_2025_19_Colorado2025_x010240_y006144
Unknown_Sample,20251031_081_pol_pro_Ran_ado_2025_19_Colorado2025.czi,Ran_ado,308.21,10872.0,6295.0,16,31,83.56,0.904,20251031_081_pol_pro_Ran_ado_2025_19_Colorado2025_x010240_y006144
Unknown_Sample,20251031_081_pol_pro_Ran_ado_2025_19_Colorado2025.czi,Ran_ado,160.45,10874.0,6253.0,10,28,65.56,0.87,20251031_081_pol_pro_Ran_ado_2025_19_Colorado2025_x010240_y006144
Unknown_Sample,20251031_081_pol_pro_Ran_ado_2025_19_Colorado2025.czi,Ran_ado,625.65,11259.0,6407.0,33,31,107.6,0.964,20251031_081_pol_pro_Ran_ado_2025_19_Colorado2025_x010752_y006144
Unknown_Sample,20251031_081_pol_pro_Ran_ado_2025_19_Colorado2025.czi,Ran_ado,537.53,10877.0,6295.0,28,31,99.36,0.962,20251031_081_pol_pro_Ran_ado_2025_19_Colorado2025_x010752_y006144
Unknown_Sample,20251031_081_pol_pro_Ran_ado_2025_19_Colorado2025.czi,Ran_ado,593.71,10994.0,6420.0,30,33,105.01,0.962,20251031_081_pol_pro_Ran_ado_2025_19_Colorado2025_x010752_y006144
Unknown_Sample,20251031_081_pol_pro_Ran_ado_2025_19_Colorado2025.czi,Ran_ado,594.1,10887.0,6532.0,33,30,105.6,0.962,20251031_081_pol_pro_Ran_ado_2025_19_Colorado2025_x010752_y006144
Unknown_Sample,20251031_081_pol_pro_Ran_ado_2025_19_Colorado2025.czi,Ran_ado,520.6,11190.0,6652.0,27,31,97.36,0.961,20251031_081_pol_pro_Ran_ado_2025_19_Colorado2025_x010752_y006144
Unknown_Sample,20251031_081_pol_pro_Ran_ado_2025_19_Colorado2025.czi,Ran_ado,574.86,11123.0,6709.0,31,31,102.43,0.961,20251031_081_pol_pro_Ran_ado_2025_19_Colorado2025_x010752_y006144
Unknown_Sample,20251031_081_pol_pro_Ran_ado_2025_19_Colorado2025.czi,Ran_ado,669.13,10885.0,6253.0,34,33,109.5,0.96,20251031_081_pol_pro_Ran_ado_2025_19_Colorado2025_x010752_y006144
Unknown_Sample,20251031_081_pol_pro_Ran_ado_2025_19_Colorado2025.czi,Ran_ado,508.29,11290.0,6490.0,32,27,97.01,0.956,20251031_081_pol_pro_Ran_ado_2025_19_Colorado2025_x010752_y006144
Unknown_Sample,20251031_081_pol_pro_Ran_ado_2025_19_Colorado2025.czi,Ran_ado,660.28,11221.0,6767.0,32,33,110.77,0.955,20251031_081_pol_pro_Ran_ado_2025_19_Colorado2025_x010752_y006144
Unknown_Sample,20251031_081_pol_pro_Ran_ado_2025_19_Colorado2025.czi,Ran_ado,441.72,10998.0,6359.0,25,30,90.77,0.954,20251031_081_pol_pro_Ran_ado_2025_19_Colorado2025_x010752_y006144
Unknown_Sample,20251031_081_pol_pro_Ran_ado_2025_19_Colorado2025.czi,Ran_ado,308.21,11021.0,6750.0,25,21,78.04,0.941,20251031_081_pol_pro_Ran_ado_2025_19_Colorado2025_x010752_y006144
Unknown_Sample,20251031_081_pol_pro_Ran_ado_2025_19_Colorado2025.czi,Ran_ado,554.46,11637.0,6204.0,29,32,101.01,0.961,20251031_081_pol_pro_Ran_ado_2025_19_Colorado2025_x011264_y006144
Unknown_Sample,20251031_081_pol_pro_Ran_ado_2025_19_Colorado2025.czi,Ran_ado,768.01,11540.0,6352.0,38,34,118.91,0.956,20251031_081_pol_pro_Ran_ado_2025_19_Colorado2025_x011264_y006144
Unknown_Sample,20251031_081_pol_pro_Ran_ado_2025_19_Colorado2025.czi,Ran_ado,510.6,11290.0,6490.0,32,27,97.01,0.956,20251031_081_pol_pro_Ran_ado_2025_19_Colorado2025_x011264_y006144
Unknown_Sample,20251031_081_pol_pro_Ran_ado_2025_19_Colorado2025.czi,Ran_ado,549.08,11784.0,6766.0,30,30,100.18,0.955,20251031_081_pol_pro_Ran_ado_2025_19_Colorado2025_x011264_y006144
Unknown_Sample,20251031_081_pol_pro_Ran_ado_2025_19_Colorado2025.czi,Ran_ado,186.62,11269.0,6406.0,12,30,72.38,0.939,20251031_081_pol_pro_Ran_ado_2025_19_Colorado2025_x011264_y006144
Unknown_Sample,20251031_081_pol_pro_Ran_ado_2025_19_Colorado2025.czi,Ran_ado,335.53,11894.0,6695.0,20,26,82.14,0.932,20251031_081_pol_pro_Ran_ado_2025_19_Colorado2025_x011264_y006144
Unknown_Sample,20251031_081_pol_pro_Ran_ado_2025_19_Colorado2025.czi,Ran_ado,538.69,12226.0,6555.0,29,31,98.43,0.964,20251031_081_pol_pro_Ran_ado_2025_19_Colorado2025_x011776_y006144
Unknown_Sample,20251031_081_pol_pro_Ran_ado_2025_19_Colorado2025.czi,Ran_ado,626.8,12160.0,6282.0,30,34,105.84,0.963,20251031_081_pol_pro_Ran_ado_2025_19_Colorado2025_x011776_y006144
Unknown_Sample,20251031_081_pol_pro_Ran_ado_2025_19_Colorado2025.czi,Ran_ado,515.22,12273.0,6485.0,30,28,98.53,0.963,20251031_081_pol_pro_Ran_ado_2025_19_Colorado2025_x011776_y006144
Unknown_Sample,20251031_081_pol_pro_Ran_ado_2025_19_Colorado2025.czi,Ran_ado,580.24,12324.0,6169.0,30,32,103.6,0.961,20251031_081_pol_pro_Ran_ado_2025_19_Colorado2025_x011776_y006144
Unknown_Sample,20251031_081_pol_pro_Ran_ado_2025_19_Colorado2025.czi,Ran_ado,574.47,11937.0,6162.0,31,32,103.84,0.96,20251031_081_pol_pro_Ran_ado_2025_19_Colorado2025_x011776_y006144
Unknown_Sample,20251031_081_pol_pro_Ran_ado_2025_19_Colorado2025.czi,Ran_ado,596.4,12137.0,6208.0,31,31,104.77,0.96,20251031_081_pol_pro_Ran_ado_2025_19_Colorado2025_x011776_y006144
Unknown_Sample,20251031_081_pol_pro_Ran_ado_2025_19_Colorado2025.czi,Ran_ado,558.7,11933.0,6608.0,30,32,101.25,0.959,20251031_081_pol_pro_Ran_ado_2025_19_Colorado2025_x011776_y006144
Unknown_Sample,20251031_081_pol_pro_Ran_ado_2025_19_Colorado2025.czi,Ran_ado,414.79,11896.0,6695.0,26,26,88.28,0.959,20251031_081_pol_pro_Ran_ado_2025_19_Colorado2025_x011776_y006144
Unknown_Sample,20251031_081_pol_pro_Ran_ado_2025_19_Colorado2025.czi,Ran_ado,589.48,12117.0,6389.0,34,29,105.6,0.959,20251031_081_pol_pro_Ran_ado_2025_19_Colorado2025_x011776_y006144
Unknown_Sample,20251031_081_pol_pro_Ran_ado_2025_19_Colorado2025.czi,Ran_ado,427.1,11787.0,6766.0,23,29,91.8,0.958,20251031_081_pol_pro_Ran_ado_2025_19_Colorado2025_x011776_y006144
Unknown_Sample,20251031_081_pol_pro_Ran_ado_2025_19_Colorado2025.czi,Ran_ado,328.98,12047.0,6291.0,23,23,78.04,0.957,20251031_081_pol_pro_Ran_ado_2025_19_Colorado2025_x011776_y006144
Unknown_Sample,20251031_081_pol_pro_Ran_ado_2025_19_Colorado2025.czi,Ran_ado,454.04,12404.0,6249.0,23,31,95.8,0.94,20251031_081_pol_pro_Ran_ado_2025_19_Colorado2025_x011776_y006144
Unknown_Sample,20251031_081_pol_pro_Ran_ado_2025_19_Colorado2025.czi,Ran_ado,196.62,12215.0,6778.0,32,11,74.38,0.882,20251031_081_pol_pro_Ran_ado_2025_19_Colorado2025_x011776_y006144
Unknown_Sample,20251031_081_pol_pro_Ran_ado_2025_19_Colorado2025.czi,Ran_ado,609.1,12536.0,6253.0,30,33,107.36,0.962,20251031_081_pol_pro_Ran_ado_2025_19_Colorado2025_x012288_y006144
Unknown_Sample,20251031_081_pol_pro_Ran_ado_2025_19_Colorado2025.czi,Ran_ado,627.96,12619.0,6596.0,35,31,109.25,0.962,20251031_081_pol_pro_Ran_ado_2025_19_Colorado2025_x012288_y006144
Unknown_Sample,20251031_081_pol_pro_Ran_ado_2025_19_Colorado2025.czi,Ran_ado,617.18,12726.0,6335.0,31,33,107.6,0.962,20251031_081_pol_pro_Ran_ado_2025_19_Colorado2025_x012288_y006144
Unknown_Sample,20251031_081_pol_pro_Ran_ado_2025_19_Colorado2025.czi,Ran_ado,580.24,12324.0,6169.0,30,32,103.6,0.962,20251031_081_pol_pro_Ran_ado_2025_19_Colorado2025_x012288_y006144
Unknown_Sample,20251031_081_pol_pro_Ran_ado_2025_19_Colorado2025.czi,Ran_ado,563.31,12407.0,6249.0,30,31,101.6,0.961,20251031_081_pol_pro_Ran_ado_2025_19_Colorado2025_x012288_y006144
Unknown_Sample,20251031_081_pol_pro_Ran_ado_2025_19_Colorado2025.czi,Ran_ado,608.72,12447.0,6322.0,33,31,106.43,0.954,20251031_081_pol_pro_Ran_ado_2025_19_Colorado2025_x012288_y006144
Unknown_Sample,20251031_081_pol_pro_Ran_ado_2025_19_Colorado2025.czi,Ran_ado,557.54,12518.0,6311.0,31,30,99.84,0.953,20251031_081_pol_pro_Ran_ado_2025_19_Colorado2025_x012288_y006144
Unknown_Sample,20251031_081_pol_pro_Ran_ado_2025_19_Colorado2025.czi,Ran_ado,646.42,12483.0,6317.0,34,32,110.43,0.95,20251031_081_pol_pro_Ran_ado_2025_19_Colorado2025_x012288_y006144
Unknown_Sample,20251031_081_pol_pro_Ran_ado_2025_19_Colorado2025.czi,Ran_ado,611.41,12987.0,6307.0,32,32,107.01,0.963,20251031_081_pol_pro_Ran_ado_2025_19_Colorado2025_x012800_y006144
Unknown_Sample,20251031_081_pol_pro_Ran_ado_2025_19_Colorado2025.czi,Ran_ado,634.5,13002.0,6211.0,31,34,109.01,0.963,20251031_081_pol_pro_Ran_ado_2025_19_Colorado2025_x012800_y006144
Unknown_Sample,20251031_081_pol_pro_Ran_ado_2025_19_Colorado2025.czi,Ran_ado,585.25,12937.0,6340.0,31,31,103.01,0.963,20251031_081_pol_pro_Ran_ado_2025_19_Colorado2025_x012800_y006144
Unknown_Sample,20251031_081_pol_pro_Ran_ado_2025_19_Colorado2025.czi,Ran_ado,571.01,13058.0,6545.0,30,31,102.77,0.961,20251031_081_pol_pro_Ran_ado_2025_19_Colorado2025_x012800_y006144
Unknown_Sample,20251031_081_pol_pro_Ran_ado_2025_19_Colorado2025.czi,Ran_ado,536.38,13195.0,6417.0,30,30,99.6,0.961,20251031_081_pol_pro_Ran_ado_2025_19_Colorado2025_x012800_y006144
Unknown_Sample,20251031_081_pol_pro_Ran_ado_2025_19_Colorado2025.czi,Ran_ado,546.38,13396.0,6699.0,29,31,98.43,0.96,20251031_081_pol_pro_Ran_ado_2025_19_Colorado2025_x012800_y006144
Unknown_Sample,20251031_081_pol_pro_Ran_ado_2025_19_Colorado2025.czi,Ran_ado,550.62,13237.0,6695.0,29,31,101.36,0.96,20251031_081_pol_pro_Ran_ado_2025_19_Colorado2025_x012800_y006144
Unknown_Sample,20251031_081_pol_pro_Ran_ado_2025_19_Colorado2025.czi,Ran_ado,533.69,13020.0,6167.0,29,30,98.18,0.958,20251031_081_pol_pro_Ran_ado_2025_19_Colorado2025_x012800_y006144
Unknown_Sample,20251031_081_pol_pro_Ran_ado_2025_19_Colorado2025.czi,Ran_ado,475.58,13046.0,6760.0,29,27,92.77,0.955,20251031_081_pol_pro_Ran_ado_2025_19_Colorado2025_x012800_y006144
Unknown_Sample,20251031_081_pol_pro_Ran_ado_2025_19_Colorado2025.czi,Ran_ado,546.38,13396.0,6699.0,29,31,98.43,0.961,20251031_081_pol_pro_Ran_ado_2025_19_Colorado2025_x013312_y006144
Unknown_Sample,20251031_081_pol_pro_Ran_ado_2025_19_Colorado2025.czi,Ran_ado,531.76,13451.0,6480.0,28,32,98.43,0.955,20251031_081_pol_pro_Ran_ado_2025_19_Colorado2025_x013312_y006144
Unknown_Sample,20251031_081_pol_pro_Ran_ado_2025_19_Colorado2025.czi,Ran_ado,324.37,13557.0,6776.0,34,17,88.04,0.903,20251031_081_pol_pro_Ran_ado_2025_19_Colorado2025_x013312_y006144
Unknown_Sample,20251031_081_pol_pro_Ran_ado_2025_19_Colorado2025.czi,Ran_ado,590.63,14220.0,6270.0,30,32,104.18,0.961,20251031_081_pol_pro_Ran_ado_2025_19_Colorado2025_x013824_y006144
Unknown_Sample,20251031_081_pol_pro_Ran_ado_2025_19_Colorado2025.czi,Ran_ado,635.65,14178.0,6480.0,33,32,108.43,0.959,20251031_081_pol_pro_Ran_ado_2025_19_Colorado2025_x013824_y006144
Unknown_Sample,20251031_081_pol_pro_Ran_ado_2025_19_Colorado2025.czi,Ran_ado,561.77,14222.0,6511.0,33,28,102.77,0.958,20251031_081_pol_pro_Ran_ado_2025_19_Colorado2025_x013824_y006144
Unknown_Sample,20251031_081_pol_pro_Ran_ado_2025_19_Colorado2025.czi,Ran_ado,297.82,14456.0,6610.0,15,33,84.97,0.897,20251031_081_pol_pro_Ran_ado_2025_19_Colorado2025_x013824_y006144
Unknown_Sample,20251031_081_pol_pro_Ran_ado_2025_19_Colorado2025.czi,Ran_ado,566.78,14563.0,6688.0,30,31,102.18,0.963,20251031_081_pol_pro_Ran_ado_2025_19_Colorado2025_x014336_y006144
Unknown_Sample,20251031_081_pol_pro_Ran_ado_2025_19_Colorado2025.czi,Ran_ado,604.87,14463.0,6610.0,30,33,105.6,0.962,20251031_081_pol_pro_Ran_ado_2025_19_Colorado2025_x014336_y006144
Unknown_Sample,20251031_081_pol_pro_Ran_ado_2025_19_Colorado2025.czi,Ran_ado,572.93,14777.0,6172.0,31,30,102.18,0.96,20251031_081_pol_pro_Ran_ado_2025_19_Colorado2025_x014336_y006144
Unknown_Sample,20251031_081_pol_pro_Ran_ado_2025_19_Colorado2025.czi,Ran_ado,574.86,14501.0,6610.0,31,31,103.6,0.959,20251031_081_pol_pro_Ran_ado_2025_19_Colorado2025_x014336_y006144
Unknown_Sample,20251031_081_pol_pro_Ran_ado_2025_19_Colorado2025.czi,Ran_ado,524.45,14927.0,6443.0,28,31,98.18,0.959,20251031_081_pol_pro_Ran_ado_2025_19_Colorado2025_x014336_y006144
Unknown_Sample,20251031_081_pol_pro_Ran_ado_2025_19_Colorado2025.czi,Ran_ado,461.73,14502.0,6284.0,29,27,92.77,0.956,20251031_081_pol_pro_Ran_ado_2025_19_Colorado2025_x014336_y006144
Unknown_Sample,20251031_081_pol_pro_Ran_ado_2025_19_Colorado2025.czi,Ran_ado,408.63,14662.0,6430.0,27,26,86.77,0.952,20251031_081_pol_pro_Ran_ado_2025_19_Colorado2025_x014336_y006144
Unknown_Sample,20251031_081_pol_pro_Ran_ado_2025_19_Colorado2025.czi,Ran_ado,283.58,14852.0,6707.0,28,19,77.7,0.932,20251031_081_pol_pro_Ran_ado_2025_19_Colorado2025_x014336_y006144
Unknown_Sample,20251031_081_pol_pro_Ran_ado_2025_19_Colorado2025.czi,Ran_ado,645.66,15008.0,6491.0,34,31,108.43,0.964,20251031_081_pol_pro_Ran_ado_2025_19_Colorado2025_x014848_y006144
Unknown_Sample,20251031_081_pol_pro_Ran_ado_2025_19_Colorado2025.czi,Ran_ado,565.62,15458.0,6594.0,30,31,101.6,0.962,20251031_081_pol_pro_Ran_ado_2025_19_Colorado2025_x014848_y006144
Unknown_Sample,20251031_081_pol_pro_Ran_ado_2025_19_Colorado2025.czi,Ran_ado,556.0,15402.0,6478.0,28,33,102.18,0.962,20251031_081_pol_pro_Ran_ado_2025_19_Colorado2025_x014848_y006144
Unknown_Sample,20251031_081_pol_pro_Ran_ado_2025_19_Colorado2025.czi,Ran_ado,515.99,14927.0,6443.0,28,30,97.36,0.959,20251031_081_pol_pro_Ran_ado_2025_19_Colorado2025_x014848_y006144
Unknown_Sample,20251031_081_pol_pro_Ran_ado_2025_19_Colorado2025.czi,Ran_ado,518.29,15414.0,6342.0,30,29,98.18,0.958,20251031_081_pol_pro_Ran_ado_2025_19_Colorado2025_x014848_y006144
Unknown_Sample,20251031_081_pol_pro_Ran_ado_2025_19_Colorado2025.czi,Ran_ado,487.9,15149.0,6250.0,30,27,94.77,0.957,20251031_081_pol_pro_Ran_ado_2025_19_Colorado2025_x014848_y006144
Unknown_Sample,20251031_081_pol_pro_Ran_ado_2025_19_Colorado2025.czi,Ran_ado,191.23,14856.0,6706.0,18,19,63.56,0.942,20251031_081_pol_pro_Ran_ado_2025_19_Colorado2025_x014848_y006144
Unknown_Sample,20251031_081_pol_pro_Ran_ado_2025_19_Colorado2025.czi,Ran_ado,213.55,14983.0,6150.0,29,14,72.04,0.94,20251031_081_pol_pro_Ran_ado_2025_19_Colorado2025_x014848_y006144
Unknown_Sample,20251031_081_pol_pro_Ran_ado_2025_19_Colorado2025.czi,Ran_ado,248.18,15276.0,6777.0,29,14,75.56,0.887,20251031_081_pol_pro_Ran_ado_2025_19_Colorado2025_x014848_y006144
Unknown_Sample,20251031_081_pol_pro_Ran_ado_2025_19_Colorado2025.czi,Ran_ado,566.01,15458.0,6594.0,30,31,102.18,0.963,20251031_081_pol_pro_Ran_ado_2025_19_Colorado2025_x015360_y006144
Unknown_Sample,20251031_081_pol_pro_Ran_ado_2025_19_Colorado2025.czi,Ran_ado,556.77,15402.0,6478.0,28,33,102.18,0.961,20251031_081_pol_pro_Ran_ado_2025_19_Colorado2025_x015360_y006144
Unknown_Sample,20251031_081_pol_pro_Ran_ado_2025_19_Colorado2025.czi,Ran_ado,519.83,15414.0,6342.0,30,29,98.18,0.958,20251031_081_pol_pro_Ran_ado_2025_19_Colorado2025_x015360_y006144
Unknown_Sample,20251031_081_pol_pro_Ran_ado_2025_19_Colorado2025.czi,Ran_ado,390.93,15498.0,6598.0,25,25,84.28,0.956,20251031_081_pol_pro_Ran_ado_2025_19_Colorado2025_x015360_y006144
Unknown_Sample,20251031_081_pol_pro_Ran_ado_2025_19_Colorado2025.czi,Ran_ado,529.45,15987.0,6217.0,26,31,101.8,0.943,20251031_081_pol_pro_Ran_ado_2025_19_Colorado2025_x015360_y006144
Unknown_Sample,20251031_081_pol_pro_Ran_ado_2025_19_Colorado2025.czi,Ran_ado,627.57,15989.0,6217.0,33,31,107.01,0.958,20251031_081_pol_pro_Ran_ado_2025_19_Colorado2025_x015872_y006144
Unknown_Sample,20251031_081_pol_pro_Ran_ado_2025_19_Colorado2025.czi,Ran_ado,527.91,16097.0,6193.0,31,28,98.77,0.957,20251031_081_pol_pro_Ran_ado_2025_19_Colorado2025_x015872_y006144
Unknown_Sample,20251031_081_pol_pro_Ran_ado_2025_19_Colorado2025.czi,Ran_ado,370.16,16160.0,6727.0,27,22,83.46,0.941,20251031_081_pol_pro_Ran_ado_2025_19_Colorado2025_x015872_y006144
Unknown_Sample,20251031_081_pol_pro_Ran_ado_2025_19_Colorado2025.czi,Ran_ado,613.72,16635.0,6455.0,33,31,105.84,0.962,20251031_081_pol_pro_Ran_ado_2025_19_Colorado2025_x016384_y006144
Unknown_Sample,20251031_081_pol_pro_Ran_ado_2025_19_Colorado2025.czi,Ran_ado,580.63,16979.0,6525.0,32,30,103.01,0.955,20251031_081_pol_pro_Ran_ado_2025_19_Colorado2025_x016384_y006144
Unknown_Sample,20251031_081_pol_pro_Ran_ado_2025_19_Colorado2025.czi,Ran_ado,568.32,16970.0,6660.0,28,33,102.18,0.95,20251031_081_pol_pro_Ran_ado_2025_19_Colorado2025_x016384_y006144
Unknown_Sample,20251031_081_pol_pro_Ran_ado_2025_19_Colorado2025.czi,Ran_ado,580.63,16979.0,6525.0,32,30,103.01,0.954,20251031_081_pol_pro_Ran_ado_2025_19_Colorado2025_x016896_y006144
Unknown_Sample,20251031_081_pol_pro_Ran_ado_2025_19_Colorado2025.czi,Ran_ado,568.32,16970.0,6660.0,28,33,102.18,0.949,20251031_081_pol_pro_Ran_ado_2025_19_Colorado2025_x016896_y006144
Unknown_Sample,20251031_081_pol_pro_Ran_ado_2025_19_Colorado2025.czi,Ran_ado,651.43,17278.0,6595.0,34,32,109.84,0.944,20251031_081_pol_pro_Ran_ado_2025_19_Colorado2025_x016896_y006144
Unknown_Sample,20251031_081_pol_pro_Ran_ado_2025_19_Colorado2025.czi,Ran_ado,521.76,17200.0,6451.0,28,31,97.6,0.938,20251031_081_pol_pro_Ran_ado_2025_19_Colorado2025_x016896_y006144
Unknown_Sample,20251031_081_pol_pro_Ran_ado_2025_19_Colorado2025.czi,Ran_ado,513.68,17446.0,6729.0,32,26,98.53,0.924,20251031_081_pol_pro_Ran_ado_2025_19_Colorado2025_x016896_y006144
Unknown_Sample,20251031_081_pol_pro_Ran_ado_2025_19_Colorado2025.czi,Ran_ado,497.13,17446.0,6729.0,31,26,97.11,0.91,20251031_081_pol_pro_Ran_ado_2025_19_Colorado2025_x017408_y006144
Unknown_Sample,20251031_081_pol_pro_Ran_ado_2025_19_Colorado2025.czi,Ran_ado,209.32,470.0,7055.0,20,17,62.97,0.874,20251031_081_pol_pro_Ran_ado_2025_19_Colorado2025_x000000_y006656
Unknown_Sample,20251031_081_pol_pro_Ran_ado_2025_19_Colorado2025.czi,Ran_ado,146.98,1146.0,6806.0,11,24,60.14,0.859,20251031_081_pol_pro_Ran_ado_2025_19_Colorado2025_x000512_y006656
Unknown_Sample,20251031_081_pol_pro_Ran_ado_2025_19_Colorado2025.czi,Ran_ado,457.11,1155.0,6808.0,29,27,91.6,0.942,20251031_081_pol_pro_Ran_ado_2025_19_Colorado2025_x001024_y006656
Unknown_Sample,20251031_081_pol_pro_Ran_ado_2025_19_Colorado2025.czi,Ran_ado,549.85,1959.0,6789.0,29,31,100.18,0.956,20251031_081_pol_pro_Ran_ado_2025_19_Colorado2025_x001536_y006656
Unknown_Sample,20251031_081_pol_pro_Ran_ado_2025_19_Colorado2025.czi,Ran_ado,474.04,2156.0,7203.0,29,27,92.77,0.954,20251031_081_pol_pro_Ran_ado_2025_19_Colorado2025_x001536_y006656
Unknown_Sample,20251031_081_pol_pro_Ran_ado_2025_19_Colorado2025.czi,Ran_ado,494.05,1758.0,6884.0,30,27,95.94,0.952,20251031_081_pol_pro_Ran_ado_2025_19_Colorado2025_x001536_y006656
Unknown_Sample,20251031_081_pol_pro_Ran_ado_2025_19_Colorado2025.czi,Ran_ado,578.32,2363.0,7203.0,33,29,104.18,0.959,20251031_081_pol_pro_Ran_ado_2025_19_Colorado2025_x002048_y006656
Unknown_Sample,20251031_081_pol_pro_Ran_ado_2025_19_Colorado2025.czi,Ran_ado,474.04,2156.0,7203.0,29,27,92.77,0.958,20251031_081_pol_pro_Ran_ado_2025_19_Colorado2025_x002048_y006656
Unknown_Sample,20251031_081_pol_pro_Ran_ado_2025_19_Colorado2025.czi,Ran_ado,529.84,2404.0,6735.0,29,30,99.36,0.956,20251031_081_pol_pro_Ran_ado_2025_19_Colorado2025_x002048_y006656
Unknown_Sample,20251031_081_pol_pro_Ran_ado_2025_19_Colorado2025.czi,Ran_ado,329.75,2562.0,6919.0,25,22,77.7,0.948,20251031_081_pol_pro_Ran_ado_2025_19_Colorado2025_x002048_y006656
Unknown_Sample,20251031_081_pol_pro_Ran_ado_2025_19_Colorado2025.czi,Ran_ado,328.21,2242.0,6988.0,25,21,78.04,0.948,20251031_081_pol_pro_Ran_ado_2025_19_Colorado2025_x002048_y006656
Unknown_Sample,20251031_081_pol_pro_Ran_ado_2025_19_Colorado2025.czi,Ran_ado,281.66,2504.0,7070.0,21,22,72.63,0.945,20251031_081_pol_pro_Ran_ado_2025_19_Colorado2025_x002048_y006656
Unknown_Sample,20251031_081_pol_pro_Ran_ado_2025_19_Colorado2025.czi,Ran_ado,216.24,2423.0,6835.0,16,22,66.14,0.924,20251031_081_pol_pro_Ran_ado_2025_19_Colorado2025_x002048_y006656
Unknown_Sample,20251031_081_pol_pro_Ran_ado_2025_19_Colorado2025.czi,Ran_ado,574.47,2817.0,7263.0,31,31,103.01,0.955,20251031_081_pol_pro_Ran_ado_2025_19_Colorado2025_x002560_y006656
Unknown_Sample,20251031_081_pol_pro_Ran_ado_2025_19_Colorado2025.czi,Ran_ado,195.85,2567.0,6920.0,15,22,63.56,0.949,20251031_081_pol_pro_Ran_ado_2025_19_Colorado2025_x002560_y006656
Unknown_Sample,20251031_081_pol_pro_Ran_ado_2025_19_Colorado2025.czi,Ran_ado,460.58,3066.0,6793.0,26,30,92.18,0.946,20251031_081_pol_pro_Ran_ado_2025_19_Colorado2025_x002560_y006656
Unknown_Sample,20251031_081_pol_pro_Ran_ado_2025_19_Colorado2025.czi,Ran_ado,614.1,3529.0,7148.0,37,28,108.43,0.952,20251031_081_pol_pro_Ran_ado_2025_19_Colorado2025_x003072_y006656
Unknown_Sample,20251031_081_pol_pro_Ran_ado_2025_19_Colorado2025.czi,Ran_ado,391.32,3432.0,6863.0,26,25,84.53,0.948,20251031_081_pol_pro_Ran_ado_2025_19_Colorado2025_x003072_y006656
Unknown_Sample,20251031_081_pol_pro_Ran_ado_2025_19_Colorado2025.czi,Ran_ado,85.81,3705.0,7290.0,13,12,43.07,0.856,20251031_081_pol_pro_Ran_ado_2025_19_Colorado2025_x003072_y006656
Unknown_Sample,20251031_081_pol_pro_Ran_ado_2025_19_Colorado2025.czi,Ran_ado,556.39,4128.0,7158.0,34,28,103.6,0.957,20251031_081_pol_pro_Ran_ado_2025_19_Colorado2025_x003584_y006656
Unknown_Sample,20251031_081_pol_pro_Ran_ado_2025_19_Colorado2025.czi,Ran_ado,543.69,3800.0,7153.0,33,27,101.36,0.955,20251031_081_pol_pro_Ran_ado_2025_19_Colorado2025_x003584_y006656
Unknown_Sample,20251031_081_pol_pro_Ran_ado_2025_19_Colorado2025.czi,Ran_ado,512.52,4045.0,7088.0,28,29,95.94,0.955,20251031_081_pol_pro_Ran_ado_2025_19_Colorado2025_x003584_y006656
Unknown_Sample,20251031_081_pol_pro_Ran_ado_2025_19_Colorado2025.czi,Ran_ado,179.69,3711.0,7290.0,28,12,68.38,0.883,20251031_081_pol_pro_Ran_ado_2025_19_Colorado2025_x003584_y006656
Unknown_Sample,20251031_081_pol_pro_Ran_ado_2025_19_Colorado2025.czi,Ran_ado,595.25,4702.0,7041.0,30,33,105.01,0.959,20251031_081_pol_pro_Ran_ado_2025_19_Colorado2025_x004096_y006656
Unknown_Sample,20251031_081_pol_pro_Ran_ado_2025_19_Colorado2025.czi,Ran_ado,557.16,4128.0,7158.0,34,28,103.6,0.957,20251031_081_pol_pro_Ran_ado_2025_19_Colorado2025_x004096_y006656
Unknown_Sample,20251031_081_pol_pro_Ran_ado_2025_19_Colorado2025.czi,Ran_ado,504.44,4289.0,7196.0,28,29,96.53,0.954,20251031_081_pol_pro_Ran_ado_2025_19_Colorado2025_x004096_y006656
Unknown_Sample,20251031_081_pol_pro_Ran_ado_2025_19_Colorado2025.czi,Ran_ado,599.87,4702.0,7041.0,30,34,105.84,0.959,20251031_081_pol_pro_Ran_ado_2025_19_Colorado2025_x004608_y006656
Unknown_Sample,20251031_081_pol_pro_Ran_ado_2025_19_Colorado2025.czi,Ran_ado,450.19,5168.0,7101.0,27,27,89.94,0.956,20251031_081_pol_pro_Ran_ado_2025_19_Colorado2025_x004608_y006656
Unknown_Sample,20251031_081_pol_pro_Ran_ado_2025_19_Colorado2025.czi,Ran_ado,507.52,4887.0,7280.0,32,26,97.36,0.949,20251031_081_pol_pro_Ran_ado_2025_19_Colorado2025_x004608_y006656
Unknown_Sample,20251031_081_pol_pro_Ran_ado_2025_19_Colorado2025.czi,Ran_ado,327.44,4964.0,7164.0,24,22,78.04,0.949,20251031_081_pol_pro_Ran_ado_2025_19_Colorado2025_x004608_y006656
Unknown_Sample,20251031_081_pol_pro_Ran_ado_2025_19_Colorado2025.czi,Ran_ado,554.08,5459.0,7118.0,29,31,100.77,0.963,20251031_081_pol_pro_Ran_ado_2025_19_Colorado2025_x005120_y006656
Unknown_Sample,20251031_081_pol_pro_Ran_ado_2025_19_Colorado2025.czi,Ran_ado,450.19,5168.0,7101.0,27,27,89.94,0.957,20251031_081_pol_pro_Ran_ado_2025_19_Colorado2025_x005120_y006656
Unknown_Sample,20251031_081_pol_pro_Ran_ado_2025_19_Colorado2025.czi,Ran_ado,502.9,5509.0,6740.0,28,29,96.53,0.957,20251031_081_pol_pro_Ran_ado_2025_19_Colorado2025_x005120_y006656
Unknown_Sample,20251031_081_pol_pro_Ran_ado_2025_19_Colorado2025.czi,Ran_ado,426.72,5516.0,7108.0,28,26,90.53,0.953,20251031_081_pol_pro_Ran_ado_2025_19_Colorado2025_x005120_y006656
Unknown_Sample,20251031_081_pol_pro_Ran_ado_2025_19_Colorado2025.czi,Ran_ado,996.96,6096.0,6746.0,41,40,136.33,0.964,20251031_081_pol_pro_Ran_ado_2025_19_Colorado2025_x005632_y006656
Unknown_Sample,20251031_081_pol_pro_Ran_ado_2025_19_Colorado2025.czi,Ran_ado,562.16,5857.0,7068.0,32,29,102.18,0.96,20251031_081_pol_pro_Ran_ado_2025_19_Colorado2025_x005632_y006656
Unknown_Sample,20251031_081_pol_pro_Ran_ado_2025_19_Colorado2025.czi,Ran_ado,584.86,5938.0,7127.0,31,32,104.43,0.96,20251031_081_pol_pro_Ran_ado_2025_19_Colorado2025_x005632_y006656
Unknown_Sample,20251031_081_pol_pro_Ran_ado_2025_19_Colorado2025.czi,Ran_ado,593.71,6197.0,6977.0,32,31,103.84,0.96,20251031_081_pol_pro_Ran_ado_2025_19_Colorado2025_x005632_y006656
Unknown_Sample,20251031_081_pol_pro_Ran_ado_2025_19_Colorado2025.czi,Ran_ado,577.17,6013.0,6880.0,31,32,103.25,0.957,20251031_081_pol_pro_Ran_ado_2025_19_Colorado2025_x005632_y006656
Unknown_Sample,20251031_081_pol_pro_Ran_ado_2025_19_Colorado2025.czi,Ran_ado,453.27,6030.0,6714.0,27,28,90.77,0.957,20251031_081_pol_pro_Ran_ado_2025_19_Colorado2025_x005632_y006656
Unknown_Sample,20251031_081_pol_pro_Ran_ado_2025_19_Colorado2025.czi,Ran_ado,113.51,6219.0,7016.0,14,14,45.56,0.94,20251031_081_pol_pro_Ran_ado_2025_19_Colorado2025_x005632_y006656
Unknown_Sample,20251031_081_pol_pro_Ran_ado_2025_19_Colorado2025.czi,Ran_ado,138.9,5920.0,6662.0,20,13,56.73,0.936,20251031_081_pol_pro_Ran_ado_2025_19_Colorado2025_x005632_y006656
Unknown_Sample,20251031_081_pol_pro_Ran_ado_2025_19_Colorado2025.czi,Ran_ado,607.95,6595.0,6729.0,32,31,105.6,0.962,20251031_081_pol_pro_Ran_ado_2025_19_Colorado2025_x006144_y006656
Unknown_Sample,20251031_081_pol_pro_Ran_ado_2025_19_Colorado2025.czi,Ran_ado,595.25,6197.0,6977.0,32,31,103.84,0.959,20251031_081_pol_pro_Ran_ado_2025_19_Colorado2025_x006144_y006656
Unknown_Sample,20251031_081_pol_pro_Ran_ado_2025_19_Colorado2025.czi,Ran_ado,500.59,6485.0,6908.0,33,25,96.18,0.947,20251031_081_pol_pro_Ran_ado_2025_19_Colorado2025_x006144_y006656
Unknown_Sample,20251031_081_pol_pro_Ran_ado_2025_19_Colorado2025.czi,Ran_ado,194.31,6723.0,6661.0,31,12,74.38,0.944,20251031_081_pol_pro_Ran_ado_2025_19_Colorado2025_x006144_y006656
Unknown_Sample,20251031_081_pol_pro_Ran_ado_2025_19_Colorado2025.czi,Ran_ado,431.33,6644.0,7285.0,32,21,93.21,0.94,20251031_081_pol_pro_Ran_ado_2025_19_Colorado2025_x006144_y006656
Unknown_Sample,20251031_081_pol_pro_Ran_ado_2025_19_Colorado2025.czi,Ran_ado,115.43,6219.0,7016.0,14,14,46.14,0.937,20251031_081_pol_pro_Ran_ado_2025_19_Colorado2025_x006144_y006656
Unknown_Sample,20251031_081_pol_pro_Ran_ado_2025_19_Colorado2025.czi,Ran_ado,204.32,6713.0,7289.0,27,13,69.56,0.896,20251031_081_pol_pro_Ran_ado_2025_19_Colorado2025_x006144_y006656
Unknown_Sample,20251031_081_pol_pro_Ran_ado_2025_19_Colorado2025.czi,Ran_ado,533.69,7198.0,7098.0,29,31,100.18,0.961,20251031_081_pol_pro_Ran_ado_2025_19_Colorado2025_x006656_y006656
Unknown_Sample,20251031_081_pol_pro_Ran_ado_2025_19_Colorado2025.czi,Ran_ado,551.77,7250.0,7207.0,32,29,101.6,0.96,20251031_081_pol_pro_Ran_ado_2025_19_Colorado2025_x006656_y006656
Unknown_Sample,20251031_081_pol_pro_Ran_ado_2025_19_Colorado2025.czi,Ran_ado,524.07,6952.0,6740.0,29,29,97.94,0.96,20251031_081_pol_pro_Ran_ado_2025_19_Colorado2025_x006656_y006656
Unknown_Sample,20251031_081_pol_pro_Ran_ado_2025_19_Colorado2025.czi,Ran_ado,542.92,6861.0,7099.0,31,30,99.84,0.96,20251031_081_pol_pro_Ran_ado_2025_19_Colorado2025_x006656_y006656
Unknown_Sample,20251031_081_pol_pro_Ran_ado_2025_19_Colorado2025.czi,Ran_ado,536.38,7129.0,7174.0,30,29,98.77,0.958,20251031_081_pol_pro_Ran_ado_2025_19_Colorado2025_x006656_y006656
Unknown_Sample,20251031_081_pol_pro_Ran_ado_2025_19_Colorado2025.czi,Ran_ado,536.76,6901.0,6841.0,32,27,100.53,0.958,20251031_081_pol_pro_Ran_ado_2025_19_Colorado2025_x006656_y006656
Unknown_Sample,20251031_081_pol_pro_Ran_ado_2025_19_Colorado2025.czi,Ran_ado,445.19,7191.0,7045.0,29,26,90.18,0.951,20251031_081_pol_pro_Ran_ado_2025_19_Colorado2025_x006656_y006656
Unknown_Sample,20251031_081_pol_pro_Ran_ado_2025_19_Colorado2025.czi,Ran_ado,192.77,6723.0,6661.0,31,11,72.38,0.945,20251031_081_pol_pro_Ran_ado_2025_19_Colorado2025_x006656_y006656
Unknown_Sample,20251031_081_pol_pro_Ran_ado_2025_19_Colorado2025.czi,Ran_ado,281.27,7262.0,7288.0,31,15,80.38,0.896,20251031_081_pol_pro_Ran_ado_2025_19_Colorado2025_x006656_y006656
Unknown_Sample,20251031_081_pol_pro_Ran_ado_2025_19_Colorado2025.czi,Ran_ado,204.32,6713.0,7289.0,27,13,69.56,0.895,20251031_081_pol_pro_Ran_ado_2025_19_Colorado2025_x006656_y006656
Unknown_Sample,20251031_081_pol_pro_Ran_ado_2025_19_Colorado2025.czi,Ran_ado,238.56,7289.0,6895.0,14,29,74.97,0.89,20251031_081_pol_pro_Ran_ado_2025_19_Colorado2025_x006656_y006656
Unknown_Sample,20251031_081_pol_pro_Ran_ado_2025_19_Colorado2025.czi,Ran_ado,565.24,7758.0,7246.0,30,31,102.18,0.96,20251031_081_pol_pro_Ran_ado_2025_19_Colorado2025_x007168_y006656
Unknown_Sample,20251031_081_pol_pro_Ran_ado_2025_19_Colorado2025.czi,Ran_ado,531.76,7642.0,6686.0,30,29,98.77,0.96,20251031_081_pol_pro_Ran_ado_2025_19_Colorado2025_x007168_y006656
Unknown_Sample,20251031_081_pol_pro_Ran_ado_2025_19_Colorado2025.czi,Ran_ado,443.26,7430.0,6666.0,31,23,94.63,0.959,20251031_081_pol_pro_Ran_ado_2025_19_Colorado2025_x007168_y006656
Unknown_Sample,20251031_081_pol_pro_Ran_ado_2025_19_Colorado2025.czi,Ran_ado,669.51,7440.0,6769.0,30,37,111.25,0.959,20251031_081_pol_pro_Ran_ado_2025_19_Colorado2025_x007168_y006656
Unknown_Sample,20251031_081_pol_pro_Ran_ado_2025_19_Colorado2025.czi,Ran_ado,544.07,7198.0,7098.0,29,31,100.77,0.959,20251031_081_pol_pro_Ran_ado_2025_19_Colorado2025_x007168_y006656
Unknown_Sample,20251031_081_pol_pro_Ran_ado_2025_19_Colorado2025.czi,Ran_ado,517.14,7295.0,6896.0,29,29,96.77,0.958,20251031_081_pol_pro_Ran_ado_2025_19_Colorado2025_x007168_y006656
Unknown_Sample,20251031_081_pol_pro_Ran_ado_2025_19_Colorado2025.czi,Ran_ado,563.7,7250.0,7207.0,32,29,103.36,0.955,20251031_081_pol_pro_Ran_ado_2025_19_Colorado2025_x007168_y006656
Unknown_Sample,20251031_081_pol_pro_Ran_ado_2025_19_Colorado2025.czi,Ran_ado,450.19,7191.0,7045.0,29,26,91.94,0.949,20251031_081_pol_pro_Ran_ado_2025_19_Colorado2025_x007168_y006656
Unknown_Sample,20251031_081_pol_pro_Ran_ado_2025_19_Colorado2025.czi,Ran_ado,248.18,7578.0,7237.0,22,20,70.04,0.94,20251031_081_pol_pro_Ran_ado_2025_19_Colorado2025_x007168_y006656
Unknown_Sample,20251031_081_pol_pro_Ran_ado_2025_19_Colorado2025.czi,Ran_ado,284.35,7262.0,7288.0,31,15,81.56,0.889,20251031_081_pol_pro_Ran_ado_2025_19_Colorado2025_x007168_y006656
Unknown_Sample,20251031_081_pol_pro_Ran_ado_2025_19_Colorado2025.czi,Ran_ado,574.86,7942.0,6868.0,29,33,103.6,0.963,20251031_081_pol_pro_Ran_ado_2025_19_Colorado2025_x007680_y006656
Unknown_Sample,20251031_081_pol_pro_Ran_ado_2025_19_Colorado2025.czi,Ran_ado,703.76,7928.0,7211.0,34,36,114.33,0.962,20251031_081_pol_pro_Ran_ado_2025_19_Colorado2025_x007680_y006656
Unknown_Sample,20251031_081_pol_pro_Ran_ado_2025_19_Colorado2025.czi,Ran_ado,564.85,7758.0,7246.0,30,31,101.6,0.961,20251031_081_pol_pro_Ran_ado_2025_19_Colorado2025_x007680_y006656
Unknown_Sample,20251031_081_pol_pro_Ran_ado_2025_19_Colorado2025.czi,Ran_ado,506.37,7903.0,7248.0,29,29,96.77,0.96,20251031_081_pol_pro_Ran_ado_2025_19_Colorado2025_x007680_y006656
Unknown_Sample,20251031_081_pol_pro_Ran_ado_2025_19_Colorado2025.czi,Ran_ado,507.91,8195.0,6719.0,29,29,95.6,0.958,20251031_081_pol_pro_Ran_ado_2025_19_Colorado2025_x007680_y006656
Unknown_Sample,20251031_081_pol_pro_Ran_ado_2025_19_Colorado2025.czi,Ran_ado,588.71,7931.0,6983.0,31,32,105.6,0.958,20251031_081_pol_pro_Ran_ado_2025_19_Colorado2025_x007680_y006656
Unknown_Sample,20251031_081_pol_pro_Ran_ado_2025_19_Colorado2025.czi,Ran_ado,520.6,8157.0,7281.0,28,29,98.87,0.955,20251031_081_pol_pro_Ran_ado_2025_19_Colorado2025_x007680_y006656
Unknown_Sample,20251031_081_pol_pro_Ran_ado_2025_19_Colorado2025.czi,Ran_ado,303.2,7987.0,7205.0,25,20,76.63,0.953,20251031_081_pol_pro_Ran_ado_2025_19_Colorado2025_x007680_y006656
Unknown_Sample,20251031_081_pol_pro_Ran_ado_2025_19_Colorado2025.czi,Ran_ado,609.87,7956.0,7012.0,32,30,119.78,0.951,20251031_081_pol_pro_Ran_ado_2025_19_Colorado2025_x007680_y006656
Unknown_Sample,20251031_081_pol_pro_Ran_ado_2025_19_Colorado2025.czi,Ran_ado,378.62,8309.0,6830.0,21,29,87.8,0.926,20251031_081_pol_pro_Ran_ado_2025_19_Colorado2025_x007680_y006656
Unknown_Sample,20251031_081_pol_pro_Ran_ado_2025_19_Colorado2025.czi,Ran_ado,551.39,8404.0,6958.0,30,30,100.18,0.961,20251031_081_pol_pro_Ran_ado_2025_19_Colorado2025_x008192_y006656
Unknown_Sample,20251031_081_pol_pro_Ran_ado_2025_19_Colorado2025.czi,Ran_ado,502.13,8445.0,7113.0,27,30,96.53,0.961,20251031_081_pol_pro_Ran_ado_2025_19_Colorado2025_x008192_y006656
Unknown_Sample,20251031_081_pol_pro_Ran_ado_2025_19_Colorado2025.czi,Ran_ado,639.88,8607.0,6746.0,35,31,109.84,0.96,20251031_081_pol_pro_Ran_ado_2025_19_Colorado2025_x008192_y006656
Unknown_Sample,20251031_081_pol_pro_Ran_ado_2025_19_Colorado2025.czi,Ran_ado,541.0,8313.0,6830.0,31,29,99.6,0.959,20251031_081_pol_pro_Ran_ado_2025_19_Colorado2025_x008192_y006656
Unknown_Sample,20251031_081_pol_pro_Ran_ado_2025_19_Colorado2025.czi,Ran_ado,546.0,8468.0,7072.0,29,30,98.18,0.958,20251031_081_pol_pro_Ran_ado_2025_19_Colorado2025_x008192_y006656
Unknown_Sample,20251031_081_pol_pro_Ran_ado_2025_19_Colorado2025.czi,Ran_ado,623.72,8645.0,6808.0,34,30,107.01,0.958,20251031_081_pol_pro_Ran_ado_2025_19_Colorado2025_x008192_y006656
Unknown_Sample,20251031_081_pol_pro_Ran_ado_2025_19_Colorado2025.czi,Ran_ado,517.52,8622.0,6703.0,29,30,97.01,0.957,20251031_081_pol_pro_Ran_ado_2025_19_Colorado2025_x008192_y006656
Unknown_Sample,20251031_081_pol_pro_Ran_ado_2025_19_Colorado2025.czi,Ran_ado,447.88,8476.0,6786.0,27,27,91.11,0.956,20251031_081_pol_pro_Ran_ado_2025_19_Colorado2025_x008192_y006656
Unknown_Sample,20251031_081_pol_pro_Ran_ado_2025_19_Colorado2025.czi,Ran_ado,314.75,8200.0,6719.0,18,29,81.8,0.954,20251031_081_pol_pro_Ran_ado_2025_19_Colorado2025_x008192_y006656
Unknown_Sample,20251031_081_pol_pro_Ran_ado_2025_19_Colorado2025.czi,Ran_ado,630.26,9069.0,7125.0,32,33,107.25,0.962,20251031_081_pol_pro_Ran_ado_2025_19_Colorado2025_x008704_y006656
Unknown_Sample,20251031_081_pol_pro_Ran_ado_2025_19_Colorado2025.czi,Ran_ado,546.77,8862.0,6955.0,31,29,100.18,0.96,20251031_081_pol_pro_Ran_ado_2025_19_Colorado2025_x008704_y006656
Unknown_Sample,20251031_081_pol_pro_Ran_ado_2025_19_Colorado2025.czi,Ran_ado,607.56,9553.0,7142.0,32,31,106.18,0.963,20251031_081_pol_pro_Ran_ado_2025_19_Colorado2025_x009216_y006656
Unknown_Sample,20251031_081_pol_pro_Ran_ado_2025_19_Colorado2025.czi,Ran_ado,591.02,9441.0,7006.0,29,34,104.43,0.962,20251031_081_pol_pro_Ran_ado_2025_19_Colorado2025_x009216_y006656
Unknown_Sample,20251031_081_pol_pro_Ran_ado_2025_19_Colorado2025.czi,Ran_ado,489.44,9411.0,7234.0,30,27,94.77,0.961,20251031_081_pol_pro_Ran_ado_2025_19_Colorado2025_x009216_y006656
Unknown_Sample,20251031_081_pol_pro_Ran_ado_2025_19_Colorado2025.czi,Ran_ado,629.49,9499.0,6734.0,34,31,107.25,0.961,20251031_081_pol_pro_Ran_ado_2025_19_Colorado2025_x009216_y006656
Unknown_Sample,20251031_081_pol_pro_Ran_ado_2025_19_Colorado2025.czi,Ran_ado,553.69,9608.0,6832.0,31,29,101.36,0.96,20251031_081_pol_pro_Ran_ado_2025_19_Colorado2025_x009216_y006656
Unknown_Sample,20251031_081_pol_pro_Ran_ado_2025_19_Colorado2025.czi,Ran_ado,590.63,9632.0,6804.0,30,32,104.18,0.956,20251031_081_pol_pro_Ran_ado_2025_19_Colorado2025_x009216_y006656
Unknown_Sample,20251031_081_pol_pro_Ran_ado_2025_19_Colorado2025.czi,Ran_ado,395.17,9491.0,7090.0,24,28,86.53,0.954,20251031_081_pol_pro_Ran_ado_2025_19_Colorado2025_x009216_y006656
Unknown_Sample,20251031_081_pol_pro_Ran_ado_2025_19_Colorado2025.czi,Ran_ado,623.72,10243.0,7261.0,31,33,107.01,0.965,20251031_081_pol_pro_Ran_ado_2025_19_Colorado2025_x009728_y006656
Unknown_Sample,20251031_081_pol_pro_Ran_ado_2025_19_Colorado2025.czi,Ran_ado,526.37,10238.0,7201.0,31,28,97.6,0.962,20251031_081_pol_pro_Ran_ado_2025_19_Colorado2025_x009728_y006656
Unknown_Sample,20251031_081_pol_pro_Ran_ado_2025_19_Colorado2025.czi,Ran_ado,474.43,10066.0,7032.0,27,28,93.7,0.959,20251031_081_pol_pro_Ran_ado_2025_19_Colorado2025_x009728_y006656
Unknown_Sample,20251031_081_pol_pro_Ran_ado_2025_19_Colorado2025.czi,Ran_ado,569.47,9898.0,7012.0,33,28,101.6,0.959,20251031_081_pol_pro_Ran_ado_2025_19_Colorado2025_x009728_y006656
Unknown_Sample,20251031_081_pol_pro_Ran_ado_2025_19_Colorado2025.czi,Ran_ado,562.54,10176.0,7037.0,31,31,103.6,0.959,20251031_081_pol_pro_Ran_ado_2025_19_Colorado2025_x009728_y006656
Unknown_Sample,20251031_081_pol_pro_Ran_ado_2025_19_Colorado2025.czi,Ran_ado,451.73,9943.0,6826.0,27,28,91.94,0.959,20251031_081_pol_pro_Ran_ado_2025_19_Colorado2025_x009728_y006656
Unknown_Sample,20251031_081_pol_pro_Ran_ado_2025_19_Colorado2025.czi,Ran_ado,678.36,10845.0,7259.0,36,31,110.67,0.967,20251031_081_pol_pro_Ran_ado_2025_19_Colorado2025_x010240_y006656
Unknown_Sample,20251031_081_pol_pro_Ran_ado_2025_19_Colorado2025.czi,Ran_ado,583.71,10748.0,7211.0,31,31,103.01,0.965,20251031_081_pol_pro_Ran_ado_2025_19_Colorado2025_x010240_y006656
Unknown_Sample,20251031_081_pol_pro_Ran_ado_2025_19_Colorado2025.czi,Ran_ado,616.8,10544.0,6861.0,34,30,107.01,0.964,20251031_081_pol_pro_Ran_ado_2025_19_Colorado2025_x010240_y006656
Unknown_Sample,20251031_081_pol_pro_Ran_ado_2025_19_Colorado2025.czi,Ran_ado,681.44,10615.0,6696.0,37,31,112.67,0.962,20251031_081_pol_pro_Ran_ado_2025_19_Colorado2025_x010240_y006656
Unknown_Sample,20251031_081_pol_pro_Ran_ado_2025_19_Colorado2025.czi,Ran_ado,524.84,10540.0,7191.0,29,30,97.6,0.962,20251031_081_pol_pro_Ran_ado_2025_19_Colorado2025_x010240_y006656
Unknown_Sample,20251031_081_pol_pro_Ran_ado_2025_19_Colorado2025.czi,Ran_ado,588.32,10376.0,7070.0,32,31,103.84,0.962,20251031_081_pol_pro_Ran_ado_2025_19_Colorado2025_x010240_y006656
Unknown_Sample,20251031_081_pol_pro_Ran_ado_2025_19_Colorado2025.czi,Ran_ado,539.07,10710.0,6848.0,30,29,100.53,0.961,20251031_081_pol_pro_Ran_ado_2025_19_Colorado2025_x010240_y006656
Unknown_Sample,20251031_081_pol_pro_Ran_ado_2025_19_Colorado2025.czi,Ran_ado,560.62,10467.0,7159.0,30,31,102.18,0.956,20251031_081_pol_pro_Ran_ado_2025_19_Colorado2025_x010240_y006656
Unknown_Sample,20251031_081_pol_pro_Ran_ado_2025_19_Colorado2025.czi,Ran_ado,370.54,10248.0,7262.0,19,33,90.04,0.956,20251031_081_pol_pro_Ran_ado_2025_19_Colorado2025_x010240_y006656
Unknown_Sample,20251031_081_pol_pro_Ran_ado_2025_19_Colorado2025.czi,Ran_ado,598.71,10863.0,6968.0,32,30,105.94,0.95,20251031_081_pol_pro_Ran_ado_2025_19_Colorado2025_x010240_y006656
Unknown_Sample,20251031_081_pol_pro_Ran_ado_2025_19_Colorado2025.czi,Ran_ado,425.56,10439.0,7178.0,27,28,90.77,0.95,20251031_081_pol_pro_Ran_ado_2025_19_Colorado2025_x010240_y006656
Unknown_Sample,20251031_081_pol_pro_Ran_ado_2025_19_Colorado2025.czi,Ran_ado,215.47,10246.0,7201.0,14,28,70.63,0.946,20251031_081_pol_pro_Ran_ado_2025_19_Colorado2025_x010240_y006656
Unknown_Sample,20251031_081_pol_pro_Ran_ado_2025_19_Colorado2025.czi,Ran_ado,677.98,10845.0,7259.0,36,31,110.08,0.967,20251031_081_pol_pro_Ran_ado_2025_19_Colorado2025_x010752_y006656
Unknown_Sample,20251031_081_pol_pro_Ran_ado_2025_19_Colorado2025.czi,Ran_ado,558.31,11093.0,7066.0,30,31,102.18,0.964,20251031_081_pol_pro_Ran_ado_2025_19_Colorado2025_x010752_y006656
Unknown_Sample,20251031_081_pol_pro_Ran_ado_2025_19_Colorado2025.czi,Ran_ado,537.15,11282.0,7149.0,30,30,99.6,0.962,20251031_081_pol_pro_Ran_ado_2025_19_Colorado2025_x010752_y006656
Unknown_Sample,20251031_081_pol_pro_Ran_ado_2025_19_Colorado2025.czi,Ran_ado,675.28,11221.0,6766.0,34,33,110.67,0.962,20251031_081_pol_pro_Ran_ado_2025_19_Colorado2025_x010752_y006656
Unknown_Sample,20251031_081_pol_pro_Ran_ado_2025_19_Colorado2025.czi,Ran_ado,574.86,11123.0,6709.0,31,31,102.43,0.961,20251031_081_pol_pro_Ran_ado_2025_19_Colorado2025_x010752_y006656
Unknown_Sample,20251031_081_pol_pro_Ran_ado_2025_19_Colorado2025.czi,Ran_ado,623.72,10863.0,6968.0,35,30,107.84,0.961,20251031_081_pol_pro_Ran_ado_2025_19_Colorado2025_x010752_y006656
Unknown_Sample,20251031_081_pol_pro_Ran_ado_2025_19_Colorado2025.czi,Ran_ado,548.69,11064.0,7228.0,29,31,99.6,0.96,20251031_081_pol_pro_Ran_ado_2025_19_Colorado2025_x010752_y006656
Unknown_Sample,20251031_081_pol_pro_Ran_ado_2025_19_Colorado2025.czi,Ran_ado,446.73,11147.0,7032.0,24,30,91.7,0.956,20251031_081_pol_pro_Ran_ado_2025_19_Colorado2025_x010752_y006656
Unknown_Sample,20251031_081_pol_pro_Ran_ado_2025_19_Colorado2025.czi,Ran_ado,525.61,10995.0,7278.0,31,28,97.6,0.956,20251031_081_pol_pro_Ran_ado_2025_19_Colorado2025_x010752_y006656
Unknown_Sample,20251031_081_pol_pro_Ran_ado_2025_19_Colorado2025.czi,Ran_ado,163.53,11190.0,6661.0,26,12,64.38,0.947,20251031_081_pol_pro_Ran_ado_2025_19_Colorado2025_x010752_y006656
Unknown_Sample,20251031_081_pol_pro_Ran_ado_2025_19_Colorado2025.czi,Ran_ado,193.16,10757.0,7211.0,12,30,71.8,0.945,20251031_081_pol_pro_Ran_ado_2025_19_Colorado2025_x010752_y006656
Unknown_Sample,20251031_081_pol_pro_Ran_ado_2025_19_Colorado2025.czi,Ran_ado,307.44,11021.0,6750.0,25,21,78.04,0.942,20251031_081_pol_pro_Ran_ado_2025_19_Colorado2025_x010752_y006656
Unknown_Sample,20251031_081_pol_pro_Ran_ado_2025_19_Colorado2025.czi,Ran_ado,553.69,11826.0,6940.0,30,30,100.18,0.963,20251031_081_pol_pro_Ran_ado_2025_19_Colorado2025_x011264_y006656
Unknown_Sample,20251031_081_pol_pro_Ran_ado_2025_19_Colorado2025.czi,Ran_ado,564.08,11836.0,7244.0,30,31,101.6,0.963,20251031_081_pol_pro_Ran_ado_2025_19_Colorado2025_x011264_y006656
Unknown_Sample,20251031_081_pol_pro_Ran_ado_2025_19_Colorado2025.czi,Ran_ado,621.03,11507.0,6799.0,32,31,106.77,0.963,20251031_081_pol_pro_Ran_ado_2025_19_Colorado2025_x011264_y006656
Unknown_Sample,20251031_081_pol_pro_Ran_ado_2025_19_Colorado2025.czi,Ran_ado,537.53,11282.0,7149.0,30,30,100.18,0.961,20251031_081_pol_pro_Ran_ado_2025_19_Colorado2025_x011264_y006656
Unknown_Sample,20251031_081_pol_pro_Ran_ado_2025_19_Colorado2025.czi,Ran_ado,577.55,11536.0,6987.0,29,33,103.01,0.961,20251031_081_pol_pro_Ran_ado_2025_19_Colorado2025_x011264_y006656
Unknown_Sample,20251031_081_pol_pro_Ran_ado_2025_19_Colorado2025.czi,Ran_ado,564.85,11789.0,7207.0,30,32,101.25,0.961,20251031_081_pol_pro_Ran_ado_2025_19_Colorado2025_x011264_y006656
Unknown_Sample,20251031_081_pol_pro_Ran_ado_2025_19_Colorado2025.czi,Ran_ado,599.87,11449.0,7159.0,32,31,105.01,0.961,20251031_081_pol_pro_Ran_ado_2025_19_Colorado2025_x011264_y006656
Unknown_Sample,20251031_081_pol_pro_Ran_ado_2025_19_Colorado2025.czi,Ran_ado,546.0,11784.0,6766.0,30,30,100.18,0.96,20251031_081_pol_pro_Ran_ado_2025_19_Colorado2025_x011264_y006656
Unknown_Sample,20251031_081_pol_pro_Ran_ado_2025_19_Colorado2025.czi,Ran_ado,619.88,11730.0,6815.0,33,31,107.01,0.96,20251031_081_pol_pro_Ran_ado_2025_19_Colorado2025_x011264_y006656
Unknown_Sample,20251031_081_pol_pro_Ran_ado_2025_19_Colorado2025.czi,Ran_ado,594.86,11890.0,6827.0,27,34,108.63,0.952,20251031_081_pol_pro_Ran_ado_2025_19_Colorado2025_x011264_y006656
Unknown_Sample,20251031_081_pol_pro_Ran_ado_2025_19_Colorado2025.czi,Ran_ado,335.53,11894.0,6695.0,20,26,82.14,0.932,20251031_081_pol_pro_Ran_ado_2025_19_Colorado2025_x011264_y006656
Unknown_Sample,20251031_081_pol_pro_Ran_ado_2025_19_Colorado2025.czi,Ran_ado,426.33,11787.0,6766.0,23,29,91.8,0.964,20251031_081_pol_pro_Ran_ado_2025_19_Colorado2025_x011776_y006656
Unknown_Sample,20251031_081_pol_pro_Ran_ado_2025_19_Colorado2025.czi,Ran_ado,553.69,11826.0,6940.0,30,30,100.18,0.963,20251031_081_pol_pro_Ran_ado_2025_19_Colorado2025_x011776_y006656
Unknown_Sample,20251031_081_pol_pro_Ran_ado_2025_19_Colorado2025.czi,Ran_ado,511.75,12173.0,7036.0,29,29,97.94,0.963,20251031_081_pol_pro_Ran_ado_2025_19_Colorado2025_x011776_y006656
Unknown_Sample,20251031_081_pol_pro_Ran_ado_2025_19_Colorado2025.czi,Ran_ado,722.23,11893.0,6827.0,35,34,115.84,0.963,20251031_081_pol_pro_Ran_ado_2025_19_Colorado2025_x011776_y006656
Unknown_Sample,20251031_081_pol_pro_Ran_ado_2025_19_Colorado2025.czi,Ran_ado,569.08,12291.0,6894.0,30,31,102.18,0.963,20251031_081_pol_pro_Ran_ado_2025_19_Colorado2025_x011776_y006656
Unknown_Sample,20251031_081_pol_pro_Ran_ado_2025_19_Colorado2025.czi,Ran_ado,564.47,11836.0,7244.0,30,31,102.18,0.963,20251031_081_pol_pro_Ran_ado_2025_19_Colorado2025_x011776_y006656
Unknown_Sample,20251031_081_pol_pro_Ran_ado_2025_19_Colorado2025.czi,Ran_ado,681.44,12214.0,6788.0,33,35,111.5,0.962,20251031_081_pol_pro_Ran_ado_2025_19_Colorado2025_x011776_y006656
Unknown_Sample,20251031_081_pol_pro_Ran_ado_2025_19_Colorado2025.czi,Ran_ado,644.89,12239.0,7084.0,33,33,109.25,0.96,20251031_081_pol_pro_Ran_ado_2025_19_Colorado2025_x011776_y006656
Unknown_Sample,20251031_081_pol_pro_Ran_ado_2025_19_Colorado2025.czi,Ran_ado,414.02,11896.0,6695.0,26,26,88.28,0.96,20251031_081_pol_pro_Ran_ado_2025_19_Colorado2025_x011776_y006656
Unknown_Sample,20251031_081_pol_pro_Ran_ado_2025_19_Colorado2025.czi,Ran_ado,558.31,11790.0,7207.0,29,32,101.01,0.959,20251031_081_pol_pro_Ran_ado_2025_19_Colorado2025_x011776_y006656
Unknown_Sample,20251031_081_pol_pro_Ran_ado_2025_19_Colorado2025.czi,Ran_ado,306.67,11971.0,7120.0,21,25,78.04,0.944,20251031_081_pol_pro_Ran_ado_2025_19_Colorado2025_x011776_y006656
Unknown_Sample,20251031_081_pol_pro_Ran_ado_2025_19_Colorado2025.czi,Ran_ado,251.64,12114.0,6879.0,26,16,70.63,0.943,20251031_081_pol_pro_Ran_ado_2025_19_Colorado2025_x011776_y006656
Unknown_Sample,20251031_081_pol_pro_Ran_ado_2025_19_Colorado2025.czi,Ran_ado,640.27,12851.0,6913.0,30,35,107.25,0.965,20251031_081_pol_pro_Ran_ado_2025_19_Colorado2025_x012288_y006656
Unknown_Sample,20251031_081_pol_pro_Ran_ado_2025_19_Colorado2025.czi,Ran_ado,638.73,12883.0,7182.0,31,33,107.6,0.963,20251031_081_pol_pro_Ran_ado_2025_19_Colorado2025_x012288_y006656
Unknown_Sample,20251031_081_pol_pro_Ran_ado_2025_19_Colorado2025.czi,Ran_ado,537.92,12666.0,6862.0,29,31,99.6,0.963,20251031_081_pol_pro_Ran_ado_2025_19_Colorado2025_x012288_y006656
Unknown_Sample,20251031_081_pol_pro_Ran_ado_2025_19_Colorado2025.czi,Ran_ado,604.48,12811.0,6850.0,32,30,105.36,0.961,20251031_081_pol_pro_Ran_ado_2025_19_Colorado2025_x012288_y006656
Unknown_Sample,20251031_081_pol_pro_Ran_ado_2025_19_Colorado2025.czi,Ran_ado,603.33,12507.0,6953.0,30,33,105.6,0.961,20251031_081_pol_pro_Ran_ado_2025_19_Colorado2025_x012288_y006656
Unknown_Sample,20251031_081_pol_pro_Ran_ado_2025_19_Colorado2025.czi,Ran_ado,546.0,12668.0,7265.0,30,30,100.18,0.96,20251031_081_pol_pro_Ran_ado_2025_19_Colorado2025_x012288_y006656
Unknown_Sample,20251031_081_pol_pro_Ran_ado_2025_19_Colorado2025.czi,Ran_ado,522.53,12729.0,6982.0,31,29,99.6,0.96,20251031_081_pol_pro_Ran_ado_2025_19_Colorado2025_x012288_y006656
Unknown_Sample,20251031_081_pol_pro_Ran_ado_2025_19_Colorado2025.czi,Ran_ado,571.39,12813.0,7008.0,30,31,103.36,0.958,20251031_081_pol_pro_Ran_ado_2025_19_Colorado2025_x012288_y006656
Unknown_Sample,20251031_081_pol_pro_Ran_ado_2025_19_Colorado2025.czi,Ran_ado,351.3,12296.0,6894.0,19,31,86.04,0.954,20251031_081_pol_pro_Ran_ado_2025_19_Colorado2025_x012288_y006656
Unknown_Sample,20251031_081_pol_pro_Ran_ado_2025_19_Colorado2025.czi,Ran_ado,640.27,12851.0,6913.0,30,35,107.25,0.965,20251031_081_pol_pro_Ran_ado_2025_19_Colorado2025_x012800_y006656
Unknown_Sample,20251031_081_pol_pro_Ran_ado_2025_19_Colorado2025.czi,Ran_ado,525.99,12813.0,6850.0,28,30,100.87,0.965,20251031_081_pol_pro_Ran_ado_2025_19_Colorado2025_x012800_y006656
Unknown_Sample,20251031_081_pol_pro_Ran_ado_2025_19_Colorado2025.czi,Ran_ado,639.11,12883.0,7182.0,31,33,108.18,0.963,20251031_081_pol_pro_Ran_ado_2025_19_Colorado2025_x012800_y006656
Unknown_Sample,20251031_081_pol_pro_Ran_ado_2025_19_Colorado2025.czi,Ran_ado,659.12,13082.0,7086.0,32,34,108.67,0.962,20251031_081_pol_pro_Ran_ado_2025_19_Colorado2025_x012800_y006656
Unknown_Sample,20251031_081_pol_pro_Ran_ado_2025_19_Colorado2025.czi,Ran_ado,546.38,13396.0,6699.0,29,31,98.43,0.961,20251031_081_pol_pro_Ran_ado_2025_19_Colorado2025_x012800_y006656
Unknown_Sample,20251031_081_pol_pro_Ran_ado_2025_19_Colorado2025.czi,Ran_ado,550.62,13237.0,6695.0,29,31,101.36,0.961,20251031_081_pol_pro_Ran_ado_2025_19_Colorado2025_x012800_y006656
Unknown_Sample,20251031_081_pol_pro_Ran_ado_2025_19_Colorado2025.czi,Ran_ado,562.93,12814.0,7008.0,29,31,102.53,0.96,20251031_081_pol_pro_Ran_ado_2025_19_Colorado2025_x012800_y006656
Unknown_Sample,20251031_081_pol_pro_Ran_ado_2025_19_Colorado2025.czi,Ran_ado,574.09,13255.0,7061.0,30,32,101.25,0.959,20251031_081_pol_pro_Ran_ado_2025_19_Colorado2025_x012800_y006656
Unknown_Sample,20251031_081_pol_pro_Ran_ado_2025_19_Colorado2025.czi,Ran_ado,487.13,13046.0,6760.0,30,27,94.77,0.956,20251031_081_pol_pro_Ran_ado_2025_19_Colorado2025_x012800_y006656
Unknown_Sample,20251031_081_pol_pro_Ran_ado_2025_19_Colorado2025.czi,Ran_ado,471.35,13151.0,7181.0,26,31,94.18,0.955,20251031_081_pol_pro_Ran_ado_2025_19_Colorado2025_x012800_y006656
Unknown_Sample,20251031_081_pol_pro_Ran_ado_2025_19_Colorado2025.czi,Ran_ado,204.32,13381.0,7289.0,28,12,70.73,0.896,20251031_081_pol_pro_Ran_ado_2025_19_Colorado2025_x012800_y006656
Unknown_Sample,20251031_081_pol_pro_Ran_ado_2025_19_Colorado2025.czi,Ran_ado,594.48,13655.0,7265.0,29,33,104.18,0.961,20251031_081_pol_pro_Ran_ado_2025_19_Colorado2025_x013312_y006656
Unknown_Sample,20251031_081_pol_pro_Ran_ado_2025_19_Colorado2025.czi,Ran_ado,546.38,13396.0,6699.0,29,31,98.43,0.961,20251031_081_pol_pro_Ran_ado_2025_19_Colorado2025_x013312_y006656
Unknown_Sample,20251031_081_pol_pro_Ran_ado_2025_19_Colorado2025.czi,Ran_ado,572.55,13516.0,7023.0,29,32,102.77,0.96,20251031_081_pol_pro_Ran_ado_2025_19_Colorado2025_x013312_y006656
Unknown_Sample,20251031_081_pol_pro_Ran_ado_2025_19_Colorado2025.czi,Ran_ado,520.22,13495.0,7168.0,28,30,96.77,0.959,20251031_081_pol_pro_Ran_ado_2025_19_Colorado2025_x013312_y006656
Unknown_Sample,20251031_081_pol_pro_Ran_ado_2025_19_Colorado2025.czi,Ran_ado,720.3,13556.0,6784.0,35,35,116.08,0.958,20251031_081_pol_pro_Ran_ado_2025_19_Colorado2025_x013312_y006656
Unknown_Sample,20251031_081_pol_pro_Ran_ado_2025_19_Colorado2025.czi,Ran_ado,490.98,13806.0,7219.0,28,29,94.77,0.944,20251031_081_pol_pro_Ran_ado_2025_19_Colorado2025_x013312_y006656
Unknown_Sample,20251031_081_pol_pro_Ran_ado_2025_19_Colorado2025.czi,Ran_ado,487.9,13787.0,7243.0,28,30,95.6,0.916,20251031_081_pol_pro_Ran_ado_2025_19_Colorado2025_x013312_y006656
Unknown_Sample,20251031_081_pol_pro_Ran_ado_2025_19_Colorado2025.czi,Ran_ado,204.32,13381.0,7289.0,28,12,70.73,0.897,20251031_081_pol_pro_Ran_ado_2025_19_Colorado2025_x013312_y006656
Unknown_Sample,20251031_081_pol_pro_Ran_ado_2025_19_Colorado2025.czi,Ran_ado,656.04,14066.0,6821.0,33,33,109.84,0.963,20251031_081_pol_pro_Ran_ado_2025_19_Colorado2025_x013824_y006656
Unknown_Sample,20251031_081_pol_pro_Ran_ado_2025_19_Colorado2025.czi,Ran_ado,669.9,14124.0,6845.0,35,32,110.67,0.958,20251031_081_pol_pro_Ran_ado_2025_19_Colorado2025_x013824_y006656
Unknown_Sample,20251031_081_pol_pro_Ran_ado_2025_19_Colorado2025.czi,Ran_ado,630.26,14021.0,6985.0,32,33,107.25,0.951,20251031_081_pol_pro_Ran_ado_2025_19_Colorado2025_x013824_y006656
Unknown_Sample,20251031_081_pol_pro_Ran_ado_2025_19_Colorado2025.czi,Ran_ado,534.07,14010.0,7283.0,32,26,102.63,0.946,20251031_081_pol_pro_Ran_ado_2025_19_Colorado2025_x013824_y006656
Unknown_Sample,20251031_081_pol_pro_Ran_ado_2025_19_Colorado2025.czi,Ran_ado,637.96,14055.0,6993.0,32,33,108.43,0.945,20251031_081_pol_pro_Ran_ado_2025_19_Colorado2025_x013824_y006656
Unknown_Sample,20251031_081_pol_pro_Ran_ado_2025_19_Colorado2025.czi,Ran_ado,566.78,14563.0,6688.0,30,31,102.18,0.963,20251031_081_pol_pro_Ran_ado_2025_19_Colorado2025_x014336_y006656
Unknown_Sample,20251031_081_pol_pro_Ran_ado_2025_19_Colorado2025.czi,Ran_ado,586.78,14813.0,7012.0,32,30,104.18,0.961,20251031_081_pol_pro_Ran_ado_2025_19_Colorado2025_x014336_y006656
Unknown_Sample,20251031_081_pol_pro_Ran_ado_2025_19_Colorado2025.czi,Ran_ado,570.62,14821.0,7184.0,29,33,103.01,0.956,20251031_081_pol_pro_Ran_ado_2025_19_Colorado2025_x014336_y006656
Unknown_Sample,20251031_081_pol_pro_Ran_ado_2025_19_Colorado2025.czi,Ran_ado,629.11,14952.0,7255.0,31,33,107.01,0.955,20251031_081_pol_pro_Ran_ado_2025_19_Colorado2025_x014336_y006656
Unknown_Sample,20251031_081_pol_pro_Ran_ado_2025_19_Colorado2025.czi,Ran_ado,541.77,14705.0,7065.0,32,28,100.77,0.955,20251031_081_pol_pro_Ran_ado_2025_19_Colorado2025_x014336_y006656
Unknown_Sample,20251031_081_pol_pro_Ran_ado_2025_19_Colorado2025.czi,Ran_ado,541.0,14961.0,7132.0,29,29,100.28,0.942,20251031_081_pol_pro_Ran_ado_2025_19_Colorado2025_x014336_y006656
Unknown_Sample,20251031_081_pol_pro_Ran_ado_2025_19_Colorado2025.czi,Ran_ado,281.27,14852.0,6707.0,27,19,76.87,0.932,20251031_081_pol_pro_Ran_ado_2025_19_Colorado2025_x014336_y006656
Unknown_Sample,20251031_081_pol_pro_Ran_ado_2025_19_Colorado2025.czi,Ran_ado,586.4,15307.0,7068.0,32,30,103.6,0.963,20251031_081_pol_pro_Ran_ado_2025_19_Colorado2025_x014848_y006656
Unknown_Sample,20251031_081_pol_pro_Ran_ado_2025_19_Colorado2025.czi,Ran_ado,627.19,15272.0,6819.0,32,32,106.43,0.961,20251031_081_pol_pro_Ran_ado_2025_19_Colorado2025_x014848_y006656
Unknown_Sample,20251031_081_pol_pro_Ran_ado_2025_19_Colorado2025.czi,Ran_ado,578.7,15001.0,7256.0,32,30,103.6,0.957,20251031_081_pol_pro_Ran_ado_2025_19_Colorado2025_x014848_y006656
Unknown_Sample,20251031_081_pol_pro_Ran_ado_2025_19_Colorado2025.czi,Ran_ado,629.11,14952.0,7255.0,31,33,107.01,0.957,20251031_081_pol_pro_Ran_ado_2025_19_Colorado2025_x014848_y006656
Unknown_Sample,20251031_081_pol_pro_Ran_ado_2025_19_Colorado2025.czi,Ran_ado,570.24,15352.0,7004.0,29,33,102.43,0.956,20251031_081_pol_pro_Ran_ado_2025_19_Colorado2025_x014848_y006656
Unknown_Sample,20251031_081_pol_pro_Ran_ado_2025_19_Colorado2025.czi,Ran_ado,571.01,15317.0,7165.0,31,31,103.6,0.956,20251031_081_pol_pro_Ran_ado_2025_19_Colorado2025_x014848_y006656
Unknown_Sample,20251031_081_pol_pro_Ran_ado_2025_19_Colorado2025.czi,Ran_ado,569.85,14962.0,7132.0,32,29,101.01,0.955,20251031_081_pol_pro_Ran_ado_2025_19_Colorado2025_x014848_y006656
Unknown_Sample,20251031_081_pol_pro_Ran_ado_2025_19_Colorado2025.czi,Ran_ado,535.99,15276.0,6783.0,30,29,99.36,0.952,20251031_081_pol_pro_Ran_ado_2025_19_Colorado2025_x014848_y006656
Unknown_Sample,20251031_081_pol_pro_Ran_ado_2025_19_Colorado2025.czi,Ran_ado,312.82,15111.0,6890.0,22,24,76.87,0.947,20251031_081_pol_pro_Ran_ado_2025_19_Colorado2025_x014848_y006656
Unknown_Sample,20251031_081_pol_pro_Ran_ado_2025_19_Colorado2025.czi,Ran_ado,191.23,14856.0,6706.0,18,19,63.56,0.942,20251031_081_pol_pro_Ran_ado_2025_19_Colorado2025_x014848_y006656
Unknown_Sample,20251031_081_pol_pro_Ran_ado_2025_19_Colorado2025.czi,Ran_ado,601.02,15727.0,7199.0,32,31,104.43,0.959,20251031_081_pol_pro_Ran_ado_2025_19_Colorado2025_x015360_y006656
Unknown_Sample,20251031_081_pol_pro_Ran_ado_2025_19_Colorado2025.czi,Ran_ado,550.23,15936.0,7280.0,29,29,101.46,0.952,20251031_081_pol_pro_Ran_ado_2025_19_Colorado2025_x015360_y006656
Unknown_Sample,20251031_081_pol_pro_Ran_ado_2025_19_Colorado2025.czi,Ran_ado,397.86,15769.0,7285.0,29,22,89.8,0.933,20251031_081_pol_pro_Ran_ado_2025_19_Colorado2025_x015360_y006656
Unknown_Sample,20251031_081_pol_pro_Ran_ado_2025_19_Colorado2025.czi,Ran_ado,663.74,16110.0,7199.0,33,33,109.84,0.963,20251031_081_pol_pro_Ran_ado_2025_19_Colorado2025_x015872_y006656
Unknown_Sample,20251031_081_pol_pro_Ran_ado_2025_19_Colorado2025.czi,Ran_ado,550.23,15936.0,7280.0,29,29,101.46,0.952,20251031_081_pol_pro_Ran_ado_2025_19_Colorado2025_x015872_y006656
Unknown_Sample,20251031_081_pol_pro_Ran_ado_2025_19_Colorado2025.czi,Ran_ado,376.31,16160.0,6727.0,28,22,84.28,0.941,20251031_081_pol_pro_Ran_ado_2025_19_Colorado2025_x015872_y006656
Unknown_Sample,20251031_081_pol_pro_Ran_ado_2025_19_Colorado2025.czi,Ran_ado,549.46,16981.0,6923.0,32,28,99.6,0.949,20251031_081_pol_pro_Ran_ado_2025_19_Colorado2025_x016384_y006656
Unknown_Sample,20251031_081_pol_pro_Ran_ado_2025_19_Colorado2025.czi,Ran_ado,363.61,16970.0,6665.0,28,21,85.21,0.944,20251031_081_pol_pro_Ran_ado_2025_19_Colorado2025_x016384_y006656
Unknown_Sample,20251031_081_pol_pro_Ran_ado_2025_19_Colorado2025.czi,Ran_ado,546.38,16979.0,7048.0,29,30,99.94,0.942,20251031_081_pol_pro_Ran_ado_2025_19_Colorado2025_x016384_y006656
Unknown_Sample,20251031_081_pol_pro_Ran_ado_2025_19_Colorado2025.czi,Ran_ado,549.46,16981.0,6923.0,32,28,99.6,0.949,20251031_081_pol_pro_Ran_ado_2025_19_Colorado2025_x016896_y006656
Unknown_Sample,20251031_081_pol_pro_Ran_ado_2025_19_Colorado2025.czi,Ran_ado,363.61,16970.0,6665.0,28,21,85.21,0.943,20251031_081_pol_pro_Ran_ado_2025_19_Colorado2025_x016896_y006656
Unknown_Sample,20251031_081_pol_pro_Ran_ado_2025_19_Colorado2025.czi,Ran_ado,616.8,17265.0,7212.0,35,30,106.67,0.942,20251031_081_pol_pro_Ran_ado_2025_19_Colorado2025_x016896_y006656
Unknown_Sample,20251031_081_pol_pro_Ran_ado_2025_19_Colorado2025.czi,Ran_ado,546.0,16979.0,7048.0,29,30,99.36,0.942,20251031_081_pol_pro_Ran_ado_2025_19_Colorado2025_x016896_y006656
Unknown_Sample,20251031_081_pol_pro_Ran_ado_2025_19_Colorado2025.czi,Ran_ado,530.22,17359.0,7243.0,29,30,97.6,0.935,20251031_081_pol_pro_Ran_ado_2025_19_Colorado2025_x016896_y006656
Unknown_Sample,20251031_081_pol_pro_Ran_ado_2025_19_Colorado2025.czi,Ran_ado,496.75,17446.0,6729.0,31,26,96.53,0.917,20251031_081_pol_pro_Ran_ado_2025_19_Colorado2025_x016896_y006656
Unknown_Sample,20251031_081_pol_pro_Ran_ado_2025_19_Colorado2025.czi,Ran_ado,486.36,17446.0,6729.0,31,26,94.77,0.909,20251031_081_pol_pro_Ran_ado_2025_19_Colorado2025_x017408_y006656
Unknown_Sample,20251031_081_pol_pro_Ran_ado_2025_19_Colorado2025.czi,Ran_ado,450.57,1158.0,7626.0,27,28,91.36,0.943,20251031_081_pol_pro_Ran_ado_2025_19_Colorado2025_x001024_y007168
Unknown_Sample,20251031_081_pol_pro_Ran_ado_2025_19_Colorado2025.czi,Ran_ado,431.33,2050.0,7343.0,27,26,89.7,0.956,20251031_081_pol_pro_Ran_ado_2025_19_Colorado2025_x001536_y007168
Unknown_Sample,20251031_081_pol_pro_Ran_ado_2025_19_Colorado2025.czi,Ran_ado,474.04,2156.0,7203.0,29,27,92.77,0.954,20251031_081_pol_pro_Ran_ado_2025_19_Colorado2025_x001536_y007168
Unknown_Sample,20251031_081_pol_pro_Ran_ado_2025_19_Colorado2025.czi,Ran_ado,449.03,2108.0,7690.0,27,27,90.53,0.948,20251031_081_pol_pro_Ran_ado_2025_19_Colorado2025_x001536_y007168
Unknown_Sample,20251031_081_pol_pro_Ran_ado_2025_19_Colorado2025.czi,Ran_ado,614.1,2197.0,7426.0,29,34,105.6,0.961,20251031_081_pol_pro_Ran_ado_2025_19_Colorado2025_x002048_y007168
Unknown_Sample,20251031_081_pol_pro_Ran_ado_2025_19_Colorado2025.czi,Ran_ado,579.86,2363.0,7203.0,33,29,104.18,0.959,20251031_081_pol_pro_Ran_ado_2025_19_Colorado2025_x002048_y007168
Unknown_Sample,20251031_081_pol_pro_Ran_ado_2025_19_Colorado2025.czi,Ran_ado,474.04,2156.0,7203.0,29,27,92.77,0.958,20251031_081_pol_pro_Ran_ado_2025_19_Colorado2025_x002048_y007168
Unknown_Sample,20251031_081_pol_pro_Ran_ado_2025_19_Colorado2025.czi,Ran_ado,511.37,2273.0,7597.0,27,32,97.01,0.955,20251031_081_pol_pro_Ran_ado_2025_19_Colorado2025_x002048_y007168
Unknown_Sample,20251031_081_pol_pro_Ran_ado_2025_19_Colorado2025.czi,Ran_ado,489.82,2527.0,7413.0,31,26,96.53,0.953,20251031_081_pol_pro_Ran_ado_2025_19_Colorado2025_x002048_y007168
Unknown_Sample,20251031_081_pol_pro_Ran_ado_2025_19_Colorado2025.czi,Ran_ado,467.12,2440.0,7748.0,28,27,91.94,0.951,20251031_081_pol_pro_Ran_ado_2025_19_Colorado2025_x002048_y007168
Unknown_Sample,20251031_081_pol_pro_Ran_ado_2025_19_Colorado2025.czi,Ran_ado,248.18,2055.0,7343.0,16,26,73.56,0.95,20251031_081_pol_pro_Ran_ado_2025_19_Colorado2025_x002048_y007168
Unknown_Sample,20251031_081_pol_pro_Ran_ado_2025_19_Colorado2025.czi,Ran_ado,449.03,2108.0,7690.0,27,27,90.53,0.948,20251031_081_pol_pro_Ran_ado_2025_19_Colorado2025_x002048_y007168
Unknown_Sample,20251031_081_pol_pro_Ran_ado_2025_19_Colorado2025.czi,Ran_ado,463.27,2312.0,7353.0,28,28,93.94,0.937,20251031_081_pol_pro_Ran_ado_2025_19_Colorado2025_x002048_y007168
Unknown_Sample,20251031_081_pol_pro_Ran_ado_2025_19_Colorado2025.czi,Ran_ado,309.75,2287.0,7348.0,24,22,74.53,0.922,20251031_081_pol_pro_Ran_ado_2025_19_Colorado2025_x002048_y007168
Unknown_Sample,20251031_081_pol_pro_Ran_ado_2025_19_Colorado2025.czi,Ran_ado,544.84,3138.0,7338.0,29,31,100.77,0.961,20251031_081_pol_pro_Ran_ado_2025_19_Colorado2025_x002560_y007168
Unknown_Sample,20251031_081_pol_pro_Ran_ado_2025_19_Colorado2025.czi,Ran_ado,503.29,3039.0,7447.0,28,30,95.6,0.958,20251031_081_pol_pro_Ran_ado_2025_19_Colorado2025_x002560_y007168
Unknown_Sample,20251031_081_pol_pro_Ran_ado_2025_19_Colorado2025.czi,Ran_ado,575.24,2817.0,7263.0,31,31,103.01,0.955,20251031_081_pol_pro_Ran_ado_2025_19_Colorado2025_x002560_y007168
Unknown_Sample,20251031_081_pol_pro_Ran_ado_2025_19_Colorado2025.czi,Ran_ado,503.29,2798.0,7502.0,29,29,95.6,0.955,20251031_081_pol_pro_Ran_ado_2025_19_Colorado2025_x002560_y007168
Unknown_Sample,20251031_081_pol_pro_Ran_ado_2025_19_Colorado2025.czi,Ran_ado,485.59,3041.0,7371.0,29,28,94.77,0.953,20251031_081_pol_pro_Ran_ado_2025_19_Colorado2025_x002560_y007168
Unknown_Sample,20251031_081_pol_pro_Ran_ado_2025_19_Colorado2025.czi,Ran_ado,522.14,3185.0,7501.0,28,31,99.36,0.949,20251031_081_pol_pro_Ran_ado_2025_19_Colorado2025_x002560_y007168
Unknown_Sample,20251031_081_pol_pro_Ran_ado_2025_19_Colorado2025.czi,Ran_ado,293.2,3068.0,7515.0,20,25,75.46,0.93,20251031_081_pol_pro_Ran_ado_2025_19_Colorado2025_x002560_y007168
Unknown_Sample,20251031_081_pol_pro_Ran_ado_2025_19_Colorado2025.czi,Ran_ado,557.93,3380.0,7401.0,31,30,100.43,0.964,20251031_081_pol_pro_Ran_ado_2025_19_Colorado2025_x003072_y007168
Unknown_Sample,20251031_081_pol_pro_Ran_ado_2025_19_Colorado2025.czi,Ran_ado,545.61,3138.0,7338.0,29,31,100.77,0.962,20251031_081_pol_pro_Ran_ado_2025_19_Colorado2025_x003072_y007168
Unknown_Sample,20251031_081_pol_pro_Ran_ado_2025_19_Colorado2025.czi,Ran_ado,448.26,3297.0,7423.0,27,27,90.53,0.96,20251031_081_pol_pro_Ran_ado_2025_19_Colorado2025_x003072_y007168
Unknown_Sample,20251031_081_pol_pro_Ran_ado_2025_19_Colorado2025.czi,Ran_ado,500.21,3576.0,7354.0,27,31,96.77,0.959,20251031_081_pol_pro_Ran_ado_2025_19_Colorado2025_x003072_y007168
Unknown_Sample,20251031_081_pol_pro_Ran_ado_2025_19_Colorado2025.czi,Ran_ado,525.99,3185.0,7501.0,29,31,99.01,0.957,20251031_081_pol_pro_Ran_ado_2025_19_Colorado2025_x003072_y007168
Unknown_Sample,20251031_081_pol_pro_Ran_ado_2025_19_Colorado2025.czi,Ran_ado,243.18,3705.0,7298.0,13,31,78.14,0.896,20251031_081_pol_pro_Ran_ado_2025_19_Colorado2025_x003072_y007168
Unknown_Sample,20251031_081_pol_pro_Ran_ado_2025_19_Colorado2025.czi,Ran_ado,544.46,3712.0,7299.0,29,31,101.36,0.958,20251031_081_pol_pro_Ran_ado_2025_19_Colorado2025_x003584_y007168
Unknown_Sample,20251031_081_pol_pro_Ran_ado_2025_19_Colorado2025.czi,Ran_ado,408.25,3914.0,7654.0,25,27,87.7,0.949,20251031_081_pol_pro_Ran_ado_2025_19_Colorado2025_x003584_y007168
Unknown_Sample,20251031_081_pol_pro_Ran_ado_2025_19_Colorado2025.czi,Ran_ado,502.9,4554.0,7636.0,28,30,96.18,0.957,20251031_081_pol_pro_Ran_ado_2025_19_Colorado2025_x004096_y007168
Unknown_Sample,20251031_081_pol_pro_Ran_ado_2025_19_Colorado2025.czi,Ran_ado,515.22,4289.0,7196.0,29,29,97.36,0.954,20251031_081_pol_pro_Ran_ado_2025_19_Colorado2025_x004096_y007168
Unknown_Sample,20251031_081_pol_pro_Ran_ado_2025_19_Colorado2025.czi,Ran_ado,682.98,5078.0,7471.0,33,34,113.01,0.961,20251031_081_pol_pro_Ran_ado_2025_19_Colorado2025_x004608_y007168
Unknown_Sample,20251031_081_pol_pro_Ran_ado_2025_19_Colorado2025.czi,Ran_ado,506.75,4887.0,7280.0,32,26,97.36,0.959,20251031_081_pol_pro_Ran_ado_2025_19_Colorado2025_x004608_y007168
Unknown_Sample,20251031_081_pol_pro_Ran_ado_2025_19_Colorado2025.czi,Ran_ado,489.82,5156.0,7634.0,28,29,95.36,0.956,20251031_081_pol_pro_Ran_ado_2025_19_Colorado2025_x004608_y007168
Unknown_Sample,20251031_081_pol_pro_Ran_ado_2025_19_Colorado2025.czi,Ran_ado,497.52,5147.0,7594.0,30,28,96.18,0.956,20251031_081_pol_pro_Ran_ado_2025_19_Colorado2025_x004608_y007168
Unknown_Sample,20251031_081_pol_pro_Ran_ado_2025_19_Colorado2025.czi,Ran_ado,441.34,5063.0,7534.0,28,26,90.53,0.941,20251031_081_pol_pro_Ran_ado_2025_19_Colorado2025_x004608_y007168
Unknown_Sample,20251031_081_pol_pro_Ran_ado_2025_19_Colorado2025.czi,Ran_ado,320.13,5064.0,7507.0,21,25,77.46,0.931,20251031_081_pol_pro_Ran_ado_2025_19_Colorado2025_x004608_y007168
Unknown_Sample,20251031_081_pol_pro_Ran_ado_2025_19_Colorado2025.czi,Ran_ado,519.83,5653.0,7306.0,28,31,98.18,0.958,20251031_081_pol_pro_Ran_ado_2025_19_Colorado2025_x005120_y007168
Unknown_Sample,20251031_081_pol_pro_Ran_ado_2025_19_Colorado2025.czi,Ran_ado,498.67,5147.0,7594.0,30,28,95.6,0.956,20251031_081_pol_pro_Ran_ado_2025_19_Colorado2025_x005120_y007168
Unknown_Sample,20251031_081_pol_pro_Ran_ado_2025_19_Colorado2025.czi,Ran_ado,490.59,5156.0,7634.0,28,29,95.36,0.955,20251031_081_pol_pro_Ran_ado_2025_19_Colorado2025_x005120_y007168
Unknown_Sample,20251031_081_pol_pro_Ran_ado_2025_19_Colorado2025.czi,Ran_ado,454.42,5725.0,7442.0,30,26,92.18,0.954,20251031_081_pol_pro_Ran_ado_2025_19_Colorado2025_x005120_y007168
Unknown_Sample,20251031_081_pol_pro_Ran_ado_2025_19_Colorado2025.czi,Ran_ado,605.64,6198.0,7522.0,32,32,104.08,0.962,20251031_081_pol_pro_Ran_ado_2025_19_Colorado2025_x005632_y007168
Unknown_Sample,20251031_081_pol_pro_Ran_ado_2025_19_Colorado2025.czi,Ran_ado,544.84,5917.0,7512.0,31,29,100.77,0.962,20251031_081_pol_pro_Ran_ado_2025_19_Colorado2025_x005632_y007168
Unknown_Sample,20251031_081_pol_pro_Ran_ado_2025_19_Colorado2025.czi,Ran_ado,576.78,6201.0,7622.0,32,30,104.18,0.96,20251031_081_pol_pro_Ran_ado_2025_19_Colorado2025_x005632_y007168
Unknown_Sample,20251031_081_pol_pro_Ran_ado_2025_19_Colorado2025.czi,Ran_ado,527.14,5653.0,7307.0,28,32,98.43,0.958,20251031_081_pol_pro_Ran_ado_2025_19_Colorado2025_x005632_y007168
Unknown_Sample,20251031_081_pol_pro_Ran_ado_2025_19_Colorado2025.czi,Ran_ado,562.16,5892.0,7749.0,33,28,102.18,0.958,20251031_081_pol_pro_Ran_ado_2025_19_Colorado2025_x005632_y007168
Unknown_Sample,20251031_081_pol_pro_Ran_ado_2025_19_Colorado2025.czi,Ran_ado,620.26,5771.0,7352.0,35,31,108.08,0.957,20251031_081_pol_pro_Ran_ado_2025_19_Colorado2025_x005632_y007168
Unknown_Sample,20251031_081_pol_pro_Ran_ado_2025_19_Colorado2025.czi,Ran_ado,512.52,6157.0,7604.0,31,28,98.77,0.956,20251031_081_pol_pro_Ran_ado_2025_19_Colorado2025_x005632_y007168
Unknown_Sample,20251031_081_pol_pro_Ran_ado_2025_19_Colorado2025.czi,Ran_ado,495.98,6141.0,7656.0,29,29,96.18,0.956,20251031_081_pol_pro_Ran_ado_2025_19_Colorado2025_x005632_y007168
Unknown_Sample,20251031_081_pol_pro_Ran_ado_2025_19_Colorado2025.czi,Ran_ado,453.65,5725.0,7442.0,30,25,91.36,0.954,20251031_081_pol_pro_Ran_ado_2025_19_Colorado2025_x005632_y007168
Unknown_Sample,20251031_081_pol_pro_Ran_ado_2025_19_Colorado2025.czi,Ran_ado,468.66,5836.0,7626.0,29,27,91.6,0.948,20251031_081_pol_pro_Ran_ado_2025_19_Colorado2025_x005632_y007168
Unknown_Sample,20251031_081_pol_pro_Ran_ado_2025_19_Colorado2025.czi,Ran_ado,471.74,5834.0,7593.0,25,30,93.11,0.946,20251031_081_pol_pro_Ran_ado_2025_19_Colorado2025_x005632_y007168
Unknown_Sample,20251031_081_pol_pro_Ran_ado_2025_19_Colorado2025.czi,Ran_ado,227.79,5769.0,7386.0,18,21,65.8,0.935,20251031_081_pol_pro_Ran_ado_2025_19_Colorado2025_x005632_y007168
Unknown_Sample,20251031_081_pol_pro_Ran_ado_2025_19_Colorado2025.czi,Ran_ado,563.31,6284.0,7418.0,30,31,101.6,0.963,20251031_081_pol_pro_Ran_ado_2025_19_Colorado2025_x006144_y007168
Unknown_Sample,20251031_081_pol_pro_Ran_ado_2025_19_Colorado2025.czi,Ran_ado,605.64,6198.0,7522.0,32,32,104.08,0.962,20251031_081_pol_pro_Ran_ado_2025_19_Colorado2025_x006144_y007168
Unknown_Sample,20251031_081_pol_pro_Ran_ado_2025_19_Colorado2025.czi,Ran_ado,498.29,6645.0,7287.0,31,27,96.18,0.961,20251031_081_pol_pro_Ran_ado_2025_19_Colorado2025_x006144_y007168
Unknown_Sample,20251031_081_pol_pro_Ran_ado_2025_19_Colorado2025.czi,Ran_ado,602.18,6327.0,7358.0,32,32,104.67,0.961,20251031_081_pol_pro_Ran_ado_2025_19_Colorado2025_x006144_y007168
Unknown_Sample,20251031_081_pol_pro_Ran_ado_2025_19_Colorado2025.czi,Ran_ado,522.53,6468.0,7680.0,30,28,96.77,0.961,20251031_081_pol_pro_Ran_ado_2025_19_Colorado2025_x006144_y007168
Unknown_Sample,20251031_081_pol_pro_Ran_ado_2025_19_Colorado2025.czi,Ran_ado,442.88,6713.0,7295.0,27,27,90.53,0.96,20251031_081_pol_pro_Ran_ado_2025_19_Colorado2025_x006144_y007168
Unknown_Sample,20251031_081_pol_pro_Ran_ado_2025_19_Colorado2025.czi,Ran_ado,576.78,6201.0,7622.0,32,30,104.18,0.96,20251031_081_pol_pro_Ran_ado_2025_19_Colorado2025_x006144_y007168
Unknown_Sample,20251031_081_pol_pro_Ran_ado_2025_19_Colorado2025.czi,Ran_ado,504.06,6157.0,7604.0,30,28,97.94,0.96,20251031_081_pol_pro_Ran_ado_2025_19_Colorado2025_x006144_y007168
Unknown_Sample,20251031_081_pol_pro_Ran_ado_2025_19_Colorado2025.czi,Ran_ado,519.06,6748.0,7542.0,29,29,97.36,0.959,20251031_081_pol_pro_Ran_ado_2025_19_Colorado2025_x006144_y007168
Unknown_Sample,20251031_081_pol_pro_Ran_ado_2025_19_Colorado2025.czi,Ran_ado,584.48,6374.0,7779.0,33,29,103.01,0.958,20251031_081_pol_pro_Ran_ado_2025_19_Colorado2025_x006144_y007168
Unknown_Sample,20251031_081_pol_pro_Ran_ado_2025_19_Colorado2025.czi,Ran_ado,169.69,6149.0,7656.0,12,29,69.21,0.939,20251031_081_pol_pro_Ran_ado_2025_19_Colorado2025_x006144_y007168
Unknown_Sample,20251031_081_pol_pro_Ran_ado_2025_19_Colorado2025.czi,Ran_ado,632.19,7211.0,7513.0,31,34,107.84,0.964,20251031_081_pol_pro_Ran_ado_2025_19_Colorado2025_x006656_y007168
Unknown_Sample,20251031_081_pol_pro_Ran_ado_2025_19_Colorado2025.czi,Ran_ado,603.71,7262.0,7295.0,31,32,105.01,0.962,20251031_081_pol_pro_Ran_ado_2025_19_Colorado2025_x006656_y007168
Unknown_Sample,20251031_081_pol_pro_Ran_ado_2025_19_Colorado2025.czi,Ran_ado,552.54,7250.0,7207.0,32,29,101.6,0.96,20251031_081_pol_pro_Ran_ado_2025_19_Colorado2025_x006656_y007168
Unknown_Sample,20251031_081_pol_pro_Ran_ado_2025_19_Colorado2025.czi,Ran_ado,443.65,6713.0,7295.0,27,27,90.53,0.96,20251031_081_pol_pro_Ran_ado_2025_19_Colorado2025_x006656_y007168
Unknown_Sample,20251031_081_pol_pro_Ran_ado_2025_19_Colorado2025.czi,Ran_ado,586.01,6941.0,7672.0,30,32,104.18,0.96,20251031_081_pol_pro_Ran_ado_2025_19_Colorado2025_x006656_y007168
Unknown_Sample,20251031_081_pol_pro_Ran_ado_2025_19_Colorado2025.czi,Ran_ado,510.6,6925.0,7359.0,31,28,97.01,0.96,20251031_081_pol_pro_Ran_ado_2025_19_Colorado2025_x006656_y007168
Unknown_Sample,20251031_081_pol_pro_Ran_ado_2025_19_Colorado2025.czi,Ran_ado,519.06,6748.0,7542.0,29,29,97.36,0.959,20251031_081_pol_pro_Ran_ado_2025_19_Colorado2025_x006656_y007168
Unknown_Sample,20251031_081_pol_pro_Ran_ado_2025_19_Colorado2025.czi,Ran_ado,506.37,6847.0,7394.0,31,27,96.77,0.957,20251031_081_pol_pro_Ran_ado_2025_19_Colorado2025_x006656_y007168
Unknown_Sample,20251031_081_pol_pro_Ran_ado_2025_19_Colorado2025.czi,Ran_ado,397.09,7128.0,7178.0,30,22,90.63,0.956,20251031_081_pol_pro_Ran_ado_2025_19_Colorado2025_x006656_y007168
Unknown_Sample,20251031_081_pol_pro_Ran_ado_2025_19_Colorado2025.czi,Ran_ado,558.31,7056.0,7645.0,30,31,102.18,0.955,20251031_081_pol_pro_Ran_ado_2025_19_Colorado2025_x006656_y007168
Unknown_Sample,20251031_081_pol_pro_Ran_ado_2025_19_Colorado2025.czi,Ran_ado,536.38,7282.0,7631.0,26,32,99.11,0.948,20251031_081_pol_pro_Ran_ado_2025_19_Colorado2025_x006656_y007168
Unknown_Sample,20251031_081_pol_pro_Ran_ado_2025_19_Colorado2025.czi,Ran_ado,637.58,7211.0,7513.0,31,34,107.84,0.963,20251031_081_pol_pro_Ran_ado_2025_19_Colorado2025_x007168_y007168
Unknown_Sample,20251031_081_pol_pro_Ran_ado_2025_19_Colorado2025.czi,Ran_ado,576.01,7772.0,7755.0,33,29,103.01,0.961,20251031_081_pol_pro_Ran_ado_2025_19_Colorado2025_x007168_y007168
Unknown_Sample,20251031_081_pol_pro_Ran_ado_2025_19_Colorado2025.czi,Ran_ado,564.85,7758.0,7246.0,30,31,101.6,0.961,20251031_081_pol_pro_Ran_ado_2025_19_Colorado2025_x007168_y007168
Unknown_Sample,20251031_081_pol_pro_Ran_ado_2025_19_Colorado2025.czi,Ran_ado,487.13,7398.0,7709.0,28,29,94.77,0.959,20251031_081_pol_pro_Ran_ado_2025_19_Colorado2025_x007168_y007168
Unknown_Sample,20251031_081_pol_pro_Ran_ado_2025_19_Colorado2025.czi,Ran_ado,549.08,7283.0,7631.0,28,32,99.01,0.958,20251031_081_pol_pro_Ran_ado_2025_19_Colorado2025_x007168_y007168
Unknown_Sample,20251031_081_pol_pro_Ran_ado_2025_19_Colorado2025.czi,Ran_ado,467.12,7535.0,7782.0,28,28,93.94,0.957,20251031_081_pol_pro_Ran_ado_2025_19_Colorado2025_x007168_y007168
Unknown_Sample,20251031_081_pol_pro_Ran_ado_2025_19_Colorado2025.czi,Ran_ado,638.73,7558.0,7335.0,31,34,108.43,0.955,20251031_081_pol_pro_Ran_ado_2025_19_Colorado2025_x007168_y007168
Unknown_Sample,20251031_081_pol_pro_Ran_ado_2025_19_Colorado2025.czi,Ran_ado,616.41,7262.0,7295.0,31,32,107.94,0.954,20251031_081_pol_pro_Ran_ado_2025_19_Colorado2025_x007168_y007168
Unknown_Sample,20251031_081_pol_pro_Ran_ado_2025_19_Colorado2025.czi,Ran_ado,570.24,7250.0,7207.0,32,29,102.77,0.952,20251031_081_pol_pro_Ran_ado_2025_19_Colorado2025_x007168_y007168
Unknown_Sample,20251031_081_pol_pro_Ran_ado_2025_19_Colorado2025.czi,Ran_ado,587.55,7493.0,7337.0,33,31,104.67,0.939,20251031_081_pol_pro_Ran_ado_2025_19_Colorado2025_x007168_y007168
Unknown_Sample,20251031_081_pol_pro_Ran_ado_2025_19_Colorado2025.czi,Ran_ado,249.72,7578.0,7237.0,22,20,70.04,0.937,20251031_081_pol_pro_Ran_ado_2025_19_Colorado2025_x007168_y007168
Unknown_Sample,20251031_081_pol_pro_Ran_ado_2025_19_Colorado2025.czi,Ran_ado,527.53,7523.0,7331.0,30,30,99.01,0.93,20251031_081_pol_pro_Ran_ado_2025_19_Colorado2025_x007168_y007168
Unknown_Sample,20251031_081_pol_pro_Ran_ado_2025_19_Colorado2025.czi,Ran_ado,508.29,7874.0,7538.0,29,29,97.36,0.963,20251031_081_pol_pro_Ran_ado_2025_19_Colorado2025_x007680_y007168
Unknown_Sample,20251031_081_pol_pro_Ran_ado_2025_19_Colorado2025.czi,Ran_ado,703.76,7928.0,7211.0,34,36,114.33,0.962,20251031_081_pol_pro_Ran_ado_2025_19_Colorado2025_x007680_y007168
Unknown_Sample,20251031_081_pol_pro_Ran_ado_2025_19_Colorado2025.czi,Ran_ado,575.24,7772.0,7755.0,33,29,103.01,0.961,20251031_081_pol_pro_Ran_ado_2025_19_Colorado2025_x007680_y007168
Unknown_Sample,20251031_081_pol_pro_Ran_ado_2025_19_Colorado2025.czi,Ran_ado,561.77,7836.0,7455.0,29,32,101.6,0.961,20251031_081_pol_pro_Ran_ado_2025_19_Colorado2025_x007680_y007168
Unknown_Sample,20251031_081_pol_pro_Ran_ado_2025_19_Colorado2025.czi,Ran_ado,564.85,7758.0,7246.0,30,31,101.6,0.961,20251031_081_pol_pro_Ran_ado_2025_19_Colorado2025_x007680_y007168
Unknown_Sample,20251031_081_pol_pro_Ran_ado_2025_19_Colorado2025.czi,Ran_ado,528.3,8157.0,7281.0,28,31,99.36,0.96,20251031_081_pol_pro_Ran_ado_2025_19_Colorado2025_x007680_y007168
Unknown_Sample,20251031_081_pol_pro_Ran_ado_2025_19_Colorado2025.czi,Ran_ado,506.37,7903.0,7248.0,29,29,96.77,0.96,20251031_081_pol_pro_Ran_ado_2025_19_Colorado2025_x007680_y007168
Unknown_Sample,20251031_081_pol_pro_Ran_ado_2025_19_Colorado2025.czi,Ran_ado,504.83,8295.0,7689.0,28,30,96.77,0.959,20251031_081_pol_pro_Ran_ado_2025_19_Colorado2025_x007680_y007168
Unknown_Sample,20251031_081_pol_pro_Ran_ado_2025_19_Colorado2025.czi,Ran_ado,504.06,7925.0,7419.0,28,30,96.77,0.957,20251031_081_pol_pro_Ran_ado_2025_19_Colorado2025_x007680_y007168
Unknown_Sample,20251031_081_pol_pro_Ran_ado_2025_19_Colorado2025.czi,Ran_ado,303.2,7987.0,7205.0,25,20,76.63,0.952,20251031_081_pol_pro_Ran_ado_2025_19_Colorado2025_x007680_y007168
Unknown_Sample,20251031_081_pol_pro_Ran_ado_2025_19_Colorado2025.czi,Ran_ado,317.44,8065.0,7448.0,26,20,76.87,0.952,20251031_081_pol_pro_Ran_ado_2025_19_Colorado2025_x007680_y007168
Unknown_Sample,20251031_081_pol_pro_Ran_ado_2025_19_Colorado2025.czi,Ran_ado,467.89,7939.0,7451.0,26,30,92.77,0.949,20251031_081_pol_pro_Ran_ado_2025_19_Colorado2025_x007680_y007168
Unknown_Sample,20251031_081_pol_pro_Ran_ado_2025_19_Colorado2025.czi,Ran_ado,133.9,8314.0,7798.0,11,21,56.49,0.867,20251031_081_pol_pro_Ran_ado_2025_19_Colorado2025_x007680_y007168
Unknown_Sample,20251031_081_pol_pro_Ran_ado_2025_19_Colorado2025.czi,Ran_ado,540.61,8711.0,7379.0,28,32,99.01,0.961,20251031_081_pol_pro_Ran_ado_2025_19_Colorado2025_x008192_y007168
Unknown_Sample,20251031_081_pol_pro_Ran_ado_2025_19_Colorado2025.czi,Ran_ado,504.83,8295.0,7689.0,28,30,96.77,0.958,20251031_081_pol_pro_Ran_ado_2025_19_Colorado2025_x008192_y007168
Unknown_Sample,20251031_081_pol_pro_Ran_ado_2025_19_Colorado2025.czi,Ran_ado,512.52,8415.0,7588.0,29,29,96.77,0.955,20251031_081_pol_pro_Ran_ado_2025_19_Colorado2025_x008192_y007168
Unknown_Sample,20251031_081_pol_pro_Ran_ado_2025_19_Colorado2025.czi,Ran_ado,429.8,8323.0,7796.0,30,23,92.04,0.936,20251031_081_pol_pro_Ran_ado_2025_19_Colorado2025_x008192_y007168
Unknown_Sample,20251031_081_pol_pro_Ran_ado_2025_19_Colorado2025.czi,Ran_ado,569.47,9009.0,7672.0,30,32,102.43,0.961,20251031_081_pol_pro_Ran_ado_2025_19_Colorado2025_x008704_y007168
Unknown_Sample,20251031_081_pol_pro_Ran_ado_2025_19_Colorado2025.czi,Ran_ado,520.22,9225.0,7576.0,30,29,98.77,0.96,20251031_081_pol_pro_Ran_ado_2025_19_Colorado2025_x008704_y007168
Unknown_Sample,20251031_081_pol_pro_Ran_ado_2025_19_Colorado2025.czi,Ran_ado,411.71,8713.0,7378.0,21,32,91.46,0.96,20251031_081_pol_pro_Ran_ado_2025_19_Colorado2025_x008704_y007168
Unknown_Sample,20251031_081_pol_pro_Ran_ado_2025_19_Colorado2025.czi,Ran_ado,563.31,9287.0,7713.0,30,31,101.6,0.958,20251031_081_pol_pro_Ran_ado_2025_19_Colorado2025_x008704_y007168
Unknown_Sample,20251031_081_pol_pro_Ran_ado_2025_19_Colorado2025.czi,Ran_ado,367.08,9247.0,7798.0,30,19,86.97,0.924,20251031_081_pol_pro_Ran_ado_2025_19_Colorado2025_x008704_y007168
Unknown_Sample,20251031_081_pol_pro_Ran_ado_2025_19_Colorado2025.czi,Ran_ado,619.49,9533.0,7494.0,31,33,107.6,0.964,20251031_081_pol_pro_Ran_ado_2025_19_Colorado2025_x009216_y007168
Unknown_Sample,20251031_081_pol_pro_Ran_ado_2025_19_Colorado2025.czi,Ran_ado,435.95,9227.0,7576.0,25,29,92.87,0.962,20251031_081_pol_pro_Ran_ado_2025_19_Colorado2025_x009216_y007168
Unknown_Sample,20251031_081_pol_pro_Ran_ado_2025_19_Colorado2025.czi,Ran_ado,489.44,9411.0,7234.0,30,27,94.77,0.962,20251031_081_pol_pro_Ran_ado_2025_19_Colorado2025_x009216_y007168
Unknown_Sample,20251031_081_pol_pro_Ran_ado_2025_19_Colorado2025.czi,Ran_ado,597.94,9813.0,7365.0,33,30,104.43,0.961,20251031_081_pol_pro_Ran_ado_2025_19_Colorado2025_x009216_y007168
Unknown_Sample,20251031_081_pol_pro_Ran_ado_2025_19_Colorado2025.czi,Ran_ado,561.39,9720.0,7733.0,30,31,101.01,0.96,20251031_081_pol_pro_Ran_ado_2025_19_Colorado2025_x009216_y007168
Unknown_Sample,20251031_081_pol_pro_Ran_ado_2025_19_Colorado2025.czi,Ran_ado,567.55,9829.0,7331.0,33,28,102.18,0.96,20251031_081_pol_pro_Ran_ado_2025_19_Colorado2025_x009216_y007168
Unknown_Sample,20251031_081_pol_pro_Ran_ado_2025_19_Colorado2025.czi,Ran_ado,534.45,9782.0,7312.0,29,31,100.18,0.96,20251031_081_pol_pro_Ran_ado_2025_19_Colorado2025_x009216_y007168
Unknown_Sample,20251031_081_pol_pro_Ran_ado_2025_19_Colorado2025.czi,Ran_ado,563.31,9287.0,7713.0,30,31,101.6,0.959,20251031_081_pol_pro_Ran_ado_2025_19_Colorado2025_x009216_y007168
Unknown_Sample,20251031_081_pol_pro_Ran_ado_2025_19_Colorado2025.czi,Ran_ado,575.63,9405.0,7723.0,27,35,104.77,0.958,20251031_081_pol_pro_Ran_ado_2025_19_Colorado2025_x009216_y007168
Unknown_Sample,20251031_081_pol_pro_Ran_ado_2025_19_Colorado2025.czi,Ran_ado,471.35,9445.0,7794.0,28,26,94.04,0.947,20251031_081_pol_pro_Ran_ado_2025_19_Colorado2025_x009216_y007168
Unknown_Sample,20251031_081_pol_pro_Ran_ado_2025_19_Colorado2025.czi,Ran_ado,367.08,9247.0,7798.0,30,19,86.97,0.924,20251031_081_pol_pro_Ran_ado_2025_19_Colorado2025_x009216_y007168
Unknown_Sample,20251031_081_pol_pro_Ran_ado_2025_19_Colorado2025.czi,Ran_ado,623.72,10243.0,7261.0,31,33,107.01,0.965,20251031_081_pol_pro_Ran_ado_2025_19_Colorado2025_x009728_y007168
Unknown_Sample,20251031_081_pol_pro_Ran_ado_2025_19_Colorado2025.czi,Ran_ado,607.18,10270.0,7337.0,34,30,107.6,0.964,20251031_081_pol_pro_Ran_ado_2025_19_Colorado2025_x009728_y007168
Unknown_Sample,20251031_081_pol_pro_Ran_ado_2025_19_Colorado2025.czi,Ran_ado,527.14,10238.0,7201.0,31,28,97.6,0.962,20251031_081_pol_pro_Ran_ado_2025_19_Colorado2025_x009728_y007168
Unknown_Sample,20251031_081_pol_pro_Ran_ado_2025_19_Colorado2025.czi,Ran_ado,597.17,9813.0,7365.0,33,30,104.43,0.962,20251031_081_pol_pro_Ran_ado_2025_19_Colorado2025_x009728_y007168
Unknown_Sample,20251031_081_pol_pro_Ran_ado_2025_19_Colorado2025.czi,Ran_ado,566.78,9829.0,7331.0,33,28,102.18,0.961,20251031_081_pol_pro_Ran_ado_2025_19_Colorado2025_x009728_y007168
Unknown_Sample,20251031_081_pol_pro_Ran_ado_2025_19_Colorado2025.czi,Ran_ado,577.93,10289.0,7444.0,33,29,102.43,0.96,20251031_081_pol_pro_Ran_ado_2025_19_Colorado2025_x009728_y007168
Unknown_Sample,20251031_081_pol_pro_Ran_ado_2025_19_Colorado2025.czi,Ran_ado,534.45,9782.0,7312.0,29,31,100.18,0.96,20251031_081_pol_pro_Ran_ado_2025_19_Colorado2025_x009728_y007168
Unknown_Sample,20251031_081_pol_pro_Ran_ado_2025_19_Colorado2025.czi,Ran_ado,574.47,9928.0,7648.0,33,29,103.01,0.958,20251031_081_pol_pro_Ran_ado_2025_19_Colorado2025_x009728_y007168
Unknown_Sample,20251031_081_pol_pro_Ran_ado_2025_19_Colorado2025.czi,Ran_ado,678.36,10845.0,7259.0,36,31,110.67,0.967,20251031_081_pol_pro_Ran_ado_2025_19_Colorado2025_x010240_y007168
Unknown_Sample,20251031_081_pol_pro_Ran_ado_2025_19_Colorado2025.czi,Ran_ado,583.71,10748.0,7211.0,31,31,103.01,0.965,20251031_081_pol_pro_Ran_ado_2025_19_Colorado2025_x010240_y007168
Unknown_Sample,20251031_081_pol_pro_Ran_ado_2025_19_Colorado2025.czi,Ran_ado,603.71,10270.0,7337.0,33,30,106.18,0.964,20251031_081_pol_pro_Ran_ado_2025_19_Colorado2025_x010240_y007168
Unknown_Sample,20251031_081_pol_pro_Ran_ado_2025_19_Colorado2025.czi,Ran_ado,518.29,10764.0,7497.0,29,29,97.36,0.962,20251031_081_pol_pro_Ran_ado_2025_19_Colorado2025_x010240_y007168
Unknown_Sample,20251031_081_pol_pro_Ran_ado_2025_19_Colorado2025.czi,Ran_ado,500.98,10537.0,7361.0,29,28,97.11,0.962,20251031_081_pol_pro_Ran_ado_2025_19_Colorado2025_x010240_y007168
Unknown_Sample,20251031_081_pol_pro_Ran_ado_2025_19_Colorado2025.czi,Ran_ado,524.84,10540.0,7191.0,29,30,97.6,0.962,20251031_081_pol_pro_Ran_ado_2025_19_Colorado2025_x010240_y007168
Unknown_Sample,20251031_081_pol_pro_Ran_ado_2025_19_Colorado2025.czi,Ran_ado,588.32,10532.0,7654.0,29,33,103.01,0.962,20251031_081_pol_pro_Ran_ado_2025_19_Colorado2025_x010240_y007168
Unknown_Sample,20251031_081_pol_pro_Ran_ado_2025_19_Colorado2025.czi,Ran_ado,614.1,10431.0,7396.0,34,31,108.43,0.96,20251031_081_pol_pro_Ran_ado_2025_19_Colorado2025_x010240_y007168
Unknown_Sample,20251031_081_pol_pro_Ran_ado_2025_19_Colorado2025.czi,Ran_ado,577.93,10289.0,7444.0,33,29,102.43,0.96,20251031_081_pol_pro_Ran_ado_2025_19_Colorado2025_x010240_y007168
Unknown_Sample,20251031_081_pol_pro_Ran_ado_2025_19_Colorado2025.czi,Ran_ado,603.33,10680.0,7679.0,33,31,105.25,0.959,20251031_081_pol_pro_Ran_ado_2025_19_Colorado2025_x010240_y007168
Unknown_Sample,20251031_081_pol_pro_Ran_ado_2025_19_Colorado2025.czi,Ran_ado,569.08,10671.0,7719.0,31,30,102.18,0.959,20251031_081_pol_pro_Ran_ado_2025_19_Colorado2025_x010240_y007168
Unknown_Sample,20251031_081_pol_pro_Ran_ado_2025_19_Colorado2025.czi,Ran_ado,519.45,10772.0,7777.0,30,29,98.77,0.959,20251031_081_pol_pro_Ran_ado_2025_19_Colorado2025_x010240_y007168
Unknown_Sample,20251031_081_pol_pro_Ran_ado_2025_19_Colorado2025.czi,Ran_ado,370.54,10248.0,7262.0,19,33,90.04,0.956,20251031_081_pol_pro_Ran_ado_2025_19_Colorado2025_x010240_y007168
Unknown_Sample,20251031_081_pol_pro_Ran_ado_2025_19_Colorado2025.czi,Ran_ado,386.7,10438.0,7179.0,27,25,88.87,0.949,20251031_081_pol_pro_Ran_ado_2025_19_Colorado2025_x010240_y007168
Unknown_Sample,20251031_081_pol_pro_Ran_ado_2025_19_Colorado2025.czi,Ran_ado,216.24,10246.0,7201.0,14,28,70.63,0.946,20251031_081_pol_pro_Ran_ado_2025_19_Colorado2025_x010240_y007168
Unknown_Sample,20251031_081_pol_pro_Ran_ado_2025_19_Colorado2025.czi,Ran_ado,297.43,10688.0,7350.0,28,18,76.87,0.942,20251031_081_pol_pro_Ran_ado_2025_19_Colorado2025_x010240_y007168
Unknown_Sample,20251031_081_pol_pro_Ran_ado_2025_19_Colorado2025.czi,Ran_ado,280.89,10872.0,7412.0,16,29,78.97,0.905,20251031_081_pol_pro_Ran_ado_2025_19_Colorado2025_x010240_y007168
Unknown_Sample,20251031_081_pol_pro_Ran_ado_2025_19_Colorado2025.czi,Ran_ado,678.36,10845.0,7259.0,36,31,110.67,0.967,20251031_081_pol_pro_Ran_ado_2025_19_Colorado2025_x010752_y007168
Unknown_Sample,20251031_081_pol_pro_Ran_ado_2025_19_Colorado2025.czi,Ran_ado,586.01,11083.0,7547.0,31,31,103.01,0.967,20251031_081_pol_pro_Ran_ado_2025_19_Colorado2025_x010752_y007168
Unknown_Sample,20251031_081_pol_pro_Ran_ado_2025_19_Colorado2025.czi,Ran_ado,557.54,11330.0,7300.0,31,29,101.36,0.966,20251031_081_pol_pro_Ran_ado_2025_19_Colorado2025_x010752_y007168
Unknown_Sample,20251031_081_pol_pro_Ran_ado_2025_19_Colorado2025.czi,Ran_ado,492.9,10765.0,7497.0,27,29,95.7,0.965,20251031_081_pol_pro_Ran_ado_2025_19_Colorado2025_x010752_y007168
Unknown_Sample,20251031_081_pol_pro_Ran_ado_2025_19_Colorado2025.czi,Ran_ado,567.93,11100.0,7439.0,32,29,103.94,0.963,20251031_081_pol_pro_Ran_ado_2025_19_Colorado2025_x010752_y007168
Unknown_Sample,20251031_081_pol_pro_Ran_ado_2025_19_Colorado2025.czi,Ran_ado,589.48,11236.0,7457.0,33,29,103.6,0.962,20251031_081_pol_pro_Ran_ado_2025_19_Colorado2025_x010752_y007168
Unknown_Sample,20251031_081_pol_pro_Ran_ado_2025_19_Colorado2025.czi,Ran_ado,532.15,10995.0,7278.0,32,28,99.01,0.961,20251031_081_pol_pro_Ran_ado_2025_19_Colorado2025_x010752_y007168
Unknown_Sample,20251031_081_pol_pro_Ran_ado_2025_19_Colorado2025.czi,Ran_ado,550.23,11064.0,7228.0,29,31,99.6,0.961,20251031_081_pol_pro_Ran_ado_2025_19_Colorado2025_x010752_y007168
Unknown_Sample,20251031_081_pol_pro_Ran_ado_2025_19_Colorado2025.czi,Ran_ado,584.09,10879.0,7412.0,31,31,103.6,0.961,20251031_081_pol_pro_Ran_ado_2025_19_Colorado2025_x010752_y007168
Unknown_Sample,20251031_081_pol_pro_Ran_ado_2025_19_Colorado2025.czi,Ran_ado,523.3,10891.0,7493.0,32,27,98.77,0.959,20251031_081_pol_pro_Ran_ado_2025_19_Colorado2025_x010752_y007168
Unknown_Sample,20251031_081_pol_pro_Ran_ado_2025_19_Colorado2025.czi,Ran_ado,522.14,10772.0,7777.0,30,29,98.18,0.958,20251031_081_pol_pro_Ran_ado_2025_19_Colorado2025_x010752_y007168
Unknown_Sample,20251031_081_pol_pro_Ran_ado_2025_19_Colorado2025.czi,Ran_ado,613.33,11324.0,7576.0,34,30,105.25,0.957,20251031_081_pol_pro_Ran_ado_2025_19_Colorado2025_x010752_y007168
Unknown_Sample,20251031_081_pol_pro_Ran_ado_2025_19_Colorado2025.czi,Ran_ado,194.7,10757.0,7210.0,12,30,71.8,0.945,20251031_081_pol_pro_Ran_ado_2025_19_Colorado2025_x010752_y007168
Unknown_Sample,20251031_081_pol_pro_Ran_ado_2025_19_Colorado2025.czi,Ran_ado,557.54,11330.0,7300.0,31,29,101.36,0.966,20251031_081_pol_pro_Ran_ado_2025_19_Colorado2025_x011264_y007168
Unknown_Sample,20251031_081_pol_pro_Ran_ado_2025_19_Colorado2025.czi,Ran_ado,609.49,11658.0,7367.0,31,32,106.77,0.964,20251031_081_pol_pro_Ran_ado_2025_19_Colorado2025_x011264_y007168
Unknown_Sample,20251031_081_pol_pro_Ran_ado_2025_19_Colorado2025.czi,Ran_ado,564.47,11836.0,7244.0,30,31,102.18,0.963,20251031_081_pol_pro_Ran_ado_2025_19_Colorado2025_x011264_y007168
Unknown_Sample,20251031_081_pol_pro_Ran_ado_2025_19_Colorado2025.czi,Ran_ado,590.63,11764.0,7324.0,30,32,105.36,0.963,20251031_081_pol_pro_Ran_ado_2025_19_Colorado2025_x011264_y007168
Unknown_Sample,20251031_081_pol_pro_Ran_ado_2025_19_Colorado2025.czi,Ran_ado,564.85,11789.0,7207.0,30,32,101.25,0.961,20251031_081_pol_pro_Ran_ado_2025_19_Colorado2025_x011264_y007168
Unknown_Sample,20251031_081_pol_pro_Ran_ado_2025_19_Colorado2025.czi,Ran_ado,530.22,11703.0,7752.0,30,29,99.94,0.96,20251031_081_pol_pro_Ran_ado_2025_19_Colorado2025_x011264_y007168
Unknown_Sample,20251031_081_pol_pro_Ran_ado_2025_19_Colorado2025.czi,Ran_ado,545.61,11507.0,7571.0,30,30,98.43,0.959,20251031_081_pol_pro_Ran_ado_2025_19_Colorado2025_x011264_y007168
Unknown_Sample,20251031_081_pol_pro_Ran_ado_2025_19_Colorado2025.czi,Ran_ado,517.14,11791.0,7654.0,30,29,97.6,0.958,20251031_081_pol_pro_Ran_ado_2025_19_Colorado2025_x011264_y007168
Unknown_Sample,20251031_081_pol_pro_Ran_ado_2025_19_Colorado2025.czi,Ran_ado,611.79,11324.0,7576.0,34,30,105.25,0.957,20251031_081_pol_pro_Ran_ado_2025_19_Colorado2025_x011264_y007168
Unknown_Sample,20251031_081_pol_pro_Ran_ado_2025_19_Colorado2025.czi,Ran_ado,487.9,11487.0,7646.0,28,29,94.77,0.956,20251031_081_pol_pro_Ran_ado_2025_19_Colorado2025_x011264_y007168
Unknown_Sample,20251031_081_pol_pro_Ran_ado_2025_19_Colorado2025.czi,Ran_ado,559.47,11632.0,7611.0,29,33,102.43,0.955,20251031_081_pol_pro_Ran_ado_2025_19_Colorado2025_x011264_y007168
Unknown_Sample,20251031_081_pol_pro_Ran_ado_2025_19_Colorado2025.czi,Ran_ado,586.78,11953.0,7510.0,30,33,105.01,0.963,20251031_081_pol_pro_Ran_ado_2025_19_Colorado2025_x011776_y007168
Unknown_Sample,20251031_081_pol_pro_Ran_ado_2025_19_Colorado2025.czi,Ran_ado,565.62,11836.0,7244.0,30,31,101.6,0.963,20251031_081_pol_pro_Ran_ado_2025_19_Colorado2025_x011776_y007168
Unknown_Sample,20251031_081_pol_pro_Ran_ado_2025_19_Colorado2025.czi,Ran_ado,647.58,11976.0,7615.0,34,31,109.01,0.962,20251031_081_pol_pro_Ran_ado_2025_19_Colorado2025_x011776_y007168
Unknown_Sample,20251031_081_pol_pro_Ran_ado_2025_19_Colorado2025.czi,Ran_ado,572.16,12048.0,7713.0,30,31,102.18,0.96,20251031_081_pol_pro_Ran_ado_2025_19_Colorado2025_x011776_y007168
Unknown_Sample,20251031_081_pol_pro_Ran_ado_2025_19_Colorado2025.czi,Ran_ado,559.08,11790.0,7207.0,29,32,101.01,0.959,20251031_081_pol_pro_Ran_ado_2025_19_Colorado2025_x011776_y007168
Unknown_Sample,20251031_081_pol_pro_Ran_ado_2025_19_Colorado2025.czi,Ran_ado,505.6,11791.0,7654.0,29,29,96.77,0.954,20251031_081_pol_pro_Ran_ado_2025_19_Colorado2025_x011776_y007168
Unknown_Sample,20251031_081_pol_pro_Ran_ado_2025_19_Colorado2025.czi,Ran_ado,152.76,11947.0,7802.0,27,10,64.73,0.873,20251031_081_pol_pro_Ran_ado_2025_19_Colorado2025_x011776_y007168
Unknown_Sample,20251031_081_pol_pro_Ran_ado_2025_19_Colorado2025.czi,Ran_ado,611.41,12883.0,7183.0,31,31,106.53,0.968,20251031_081_pol_pro_Ran_ado_2025_19_Colorado2025_x012288_y007168
Unknown_Sample,20251031_081_pol_pro_Ran_ado_2025_19_Colorado2025.czi,Ran_ado,607.56,12850.0,7710.0,33,31,105.84,0.962,20251031_081_pol_pro_Ran_ado_2025_19_Colorado2025_x012288_y007168
Unknown_Sample,20251031_081_pol_pro_Ran_ado_2025_19_Colorado2025.czi,Ran_ado,538.3,12601.0,7515.0,28,32,99.01,0.962,20251031_081_pol_pro_Ran_ado_2025_19_Colorado2025_x012288_y007168
Unknown_Sample,20251031_081_pol_pro_Ran_ado_2025_19_Colorado2025.czi,Ran_ado,547.54,12668.0,7265.0,30,30,100.18,0.96,20251031_081_pol_pro_Ran_ado_2025_19_Colorado2025_x012288_y007168
Unknown_Sample,20251031_081_pol_pro_Ran_ado_2025_19_Colorado2025.czi,Ran_ado,535.99,12448.0,7740.0,30,29,98.18,0.959,20251031_081_pol_pro_Ran_ado_2025_19_Colorado2025_x012288_y007168
Unknown_Sample,20251031_081_pol_pro_Ran_ado_2025_19_Colorado2025.czi,Ran_ado,575.63,12821.0,7608.0,33,29,103.6,0.959,20251031_081_pol_pro_Ran_ado_2025_19_Colorado2025_x012288_y007168
Unknown_Sample,20251031_081_pol_pro_Ran_ado_2025_19_Colorado2025.czi,Ran_ado,539.84,12613.0,7779.0,30,30,99.01,0.959,20251031_081_pol_pro_Ran_ado_2025_19_Colorado2025_x012288_y007168
Unknown_Sample,20251031_081_pol_pro_Ran_ado_2025_19_Colorado2025.czi,Ran_ado,611.41,12883.0,7183.0,31,31,106.53,0.968,20251031_081_pol_pro_Ran_ado_2025_19_Colorado2025_x012800_y007168
Unknown_Sample,20251031_081_pol_pro_Ran_ado_2025_19_Colorado2025.czi,Ran_ado,714.53,12954.0,7509.0,34,34,113.84,0.963,20251031_081_pol_pro_Ran_ado_2025_19_Colorado2025_x012800_y007168
Unknown_Sample,20251031_081_pol_pro_Ran_ado_2025_19_Colorado2025.czi,Ran_ado,609.1,12850.0,7710.0,33,31,105.84,0.962,20251031_081_pol_pro_Ran_ado_2025_19_Colorado2025_x012800_y007168
Unknown_Sample,20251031_081_pol_pro_Ran_ado_2025_19_Colorado2025.czi,Ran_ado,575.63,12821.0,7608.0,33,29,103.6,0.96,20251031_081_pol_pro_Ran_ado_2025_19_Colorado2025_x012800_y007168
Unknown_Sample,20251031_081_pol_pro_Ran_ado_2025_19_Colorado2025.czi,Ran_ado,549.85,13390.0,7590.0,31,30,101.01,0.958,20251031_081_pol_pro_Ran_ado_2025_19_Colorado2025_x012800_y007168
Unknown_Sample,20251031_081_pol_pro_Ran_ado_2025_19_Colorado2025.czi,Ran_ado,450.19,13151.0,7181.0,26,29,93.11,0.958,20251031_081_pol_pro_Ran_ado_2025_19_Colorado2025_x012800_y007168
Unknown_Sample,20251031_081_pol_pro_Ran_ado_2025_19_Colorado2025.czi,Ran_ado,511.75,12977.0,7711.0,28,30,97.94,0.958,20251031_081_pol_pro_Ran_ado_2025_19_Colorado2025_x012800_y007168
Unknown_Sample,20251031_081_pol_pro_Ran_ado_2025_19_Colorado2025.czi,Ran_ado,518.68,13064.0,7667.0,29,29,96.77,0.957,20251031_081_pol_pro_Ran_ado_2025_19_Colorado2025_x012800_y007168
Unknown_Sample,20251031_081_pol_pro_Ran_ado_2025_19_Colorado2025.czi,Ran_ado,598.71,12941.0,7785.0,31,32,104.43,0.955,20251031_081_pol_pro_Ran_ado_2025_19_Colorado2025_x012800_y007168
Unknown_Sample,20251031_081_pol_pro_Ran_ado_2025_19_Colorado2025.czi,Ran_ado,552.92,13380.0,7298.0,29,32,102.18,0.947,20251031_081_pol_pro_Ran_ado_2025_19_Colorado2025_x012800_y007168
Unknown_Sample,20251031_081_pol_pro_Ran_ado_2025_19_Colorado2025.czi,Ran_ado,380.93,13406.0,7306.0,27,25,84.77,0.906,20251031_081_pol_pro_Ran_ado_2025_19_Colorado2025_x012800_y007168
Unknown_Sample,20251031_081_pol_pro_Ran_ado_2025_19_Colorado2025.czi,Ran_ado,554.85,13842.0,7520.0,30,30,101.94,0.963,20251031_081_pol_pro_Ran_ado_2025_19_Colorado2025_x013312_y007168
Unknown_Sample,20251031_081_pol_pro_Ran_ado_2025_19_Colorado2025.czi,Ran_ado,594.48,13655.0,7265.0,29,33,104.18,0.962,20251031_081_pol_pro_Ran_ado_2025_19_Colorado2025_x013312_y007168
Unknown_Sample,20251031_081_pol_pro_Ran_ado_2025_19_Colorado2025.czi,Ran_ado,569.85,13778.0,7736.0,33,29,101.84,0.961,20251031_081_pol_pro_Ran_ado_2025_19_Colorado2025_x013312_y007168
Unknown_Sample,20251031_081_pol_pro_Ran_ado_2025_19_Colorado2025.czi,Ran_ado,554.85,13448.0,7721.0,30,30,100.77,0.96,20251031_081_pol_pro_Ran_ado_2025_19_Colorado2025_x013312_y007168
Unknown_Sample,20251031_081_pol_pro_Ran_ado_2025_19_Colorado2025.czi,Ran_ado,560.62,13637.0,7368.0,28,33,102.18,0.959,20251031_081_pol_pro_Ran_ado_2025_19_Colorado2025_x013312_y007168
Unknown_Sample,20251031_081_pol_pro_Ran_ado_2025_19_Colorado2025.czi,Ran_ado,551.39,13390.0,7590.0,31,30,101.01,0.958,20251031_081_pol_pro_Ran_ado_2025_19_Colorado2025_x013312_y007168
Unknown_Sample,20251031_081_pol_pro_Ran_ado_2025_19_Colorado2025.czi,Ran_ado,622.95,13584.0,7523.0,31,34,107.84,0.957,20251031_081_pol_pro_Ran_ado_2025_19_Colorado2025_x013312_y007168
Unknown_Sample,20251031_081_pol_pro_Ran_ado_2025_19_Colorado2025.czi,Ran_ado,567.16,13834.0,7791.0,29,32,103.94,0.957,20251031_081_pol_pro_Ran_ado_2025_19_Colorado2025_x013312_y007168
Unknown_Sample,20251031_081_pol_pro_Ran_ado_2025_19_Colorado2025.czi,Ran_ado,253.57,13494.0,7175.0,28,15,74.38,0.949,20251031_081_pol_pro_Ran_ado_2025_19_Colorado2025_x013312_y007168
Unknown_Sample,20251031_081_pol_pro_Ran_ado_2025_19_Colorado2025.czi,Ran_ado,541.0,13770.0,7795.0,33,26,102.28,0.947,20251031_081_pol_pro_Ran_ado_2025_19_Colorado2025_x013312_y007168
Unknown_Sample,20251031_081_pol_pro_Ran_ado_2025_19_Colorado2025.czi,Ran_ado,555.23,13380.0,7298.0,29,32,102.18,0.947,20251031_081_pol_pro_Ran_ado_2025_19_Colorado2025_x013312_y007168
Unknown_Sample,20251031_081_pol_pro_Ran_ado_2025_19_Colorado2025.czi,Ran_ado,490.98,13806.0,7219.0,28,29,94.77,0.944,20251031_081_pol_pro_Ran_ado_2025_19_Colorado2025_x013312_y007168
Unknown_Sample,20251031_081_pol_pro_Ran_ado_2025_19_Colorado2025.czi,Ran_ado,487.9,13787.0,7243.0,28,30,95.6,0.917,20251031_081_pol_pro_Ran_ado_2025_19_Colorado2025_x013312_y007168
Unknown_Sample,20251031_081_pol_pro_Ran_ado_2025_19_Colorado2025.czi,Ran_ado,380.54,13406.0,7306.0,27,25,85.36,0.907,20251031_081_pol_pro_Ran_ado_2025_19_Colorado2025_x013312_y007168
Unknown_Sample,20251031_081_pol_pro_Ran_ado_2025_19_Colorado2025.czi,Ran_ado,618.34,14011.0,7285.0,31,33,105.84,0.965,20251031_081_pol_pro_Ran_ado_2025_19_Colorado2025_x013824_y007168
Unknown_Sample,20251031_081_pol_pro_Ran_ado_2025_19_Colorado2025.czi,Ran_ado,556.39,13842.0,7520.0,30,30,101.94,0.961,20251031_081_pol_pro_Ran_ado_2025_19_Colorado2025_x013824_y007168
Unknown_Sample,20251031_081_pol_pro_Ran_ado_2025_19_Colorado2025.czi,Ran_ado,657.58,14150.0,7461.0,33,34,109.5,0.961,20251031_081_pol_pro_Ran_ado_2025_19_Colorado2025_x013824_y007168
Unknown_Sample,20251031_081_pol_pro_Ran_ado_2025_19_Colorado2025.czi,Ran_ado,565.62,14349.0,7474.0,33,29,102.43,0.96,20251031_081_pol_pro_Ran_ado_2025_19_Colorado2025_x013824_y007168
Unknown_Sample,20251031_081_pol_pro_Ran_ado_2025_19_Colorado2025.czi,Ran_ado,602.18,14407.0,7686.0,32,31,105.01,0.96,20251031_081_pol_pro_Ran_ado_2025_19_Colorado2025_x013824_y007168
Unknown_Sample,20251031_081_pol_pro_Ran_ado_2025_19_Colorado2025.czi,Ran_ado,585.25,14305.0,7448.0,33,29,104.18,0.96,20251031_081_pol_pro_Ran_ado_2025_19_Colorado2025_x013824_y007168
Unknown_Sample,20251031_081_pol_pro_Ran_ado_2025_19_Colorado2025.czi,Ran_ado,508.29,13836.0,7791.0,25,32,100.04,0.959,20251031_081_pol_pro_Ran_ado_2025_19_Colorado2025_x013824_y007168
Unknown_Sample,20251031_081_pol_pro_Ran_ado_2025_19_Colorado2025.czi,Ran_ado,602.18,14407.0,7686.0,32,31,105.01,0.96,20251031_081_pol_pro_Ran_ado_2025_19_Colorado2025_x014336_y007168
Unknown_Sample,20251031_081_pol_pro_Ran_ado_2025_19_Colorado2025.czi,Ran_ado,567.16,14868.0,7594.0,30,31,101.6,0.959,20251031_081_pol_pro_Ran_ado_2025_19_Colorado2025_x014336_y007168
Unknown_Sample,20251031_081_pol_pro_Ran_ado_2025_19_Colorado2025.czi,Ran_ado,548.31,14350.0,7474.0,31,29,101.36,0.959,20251031_081_pol_pro_Ran_ado_2025_19_Colorado2025_x014336_y007168
Unknown_Sample,20251031_081_pol_pro_Ran_ado_2025_19_Colorado2025.czi,Ran_ado,618.34,14780.0,7783.0,32,32,107.01,0.957,20251031_081_pol_pro_Ran_ado_2025_19_Colorado2025_x014336_y007168
Unknown_Sample,20251031_081_pol_pro_Ran_ado_2025_19_Colorado2025.czi,Ran_ado,576.4,14821.0,7184.0,29,33,103.6,0.956,20251031_081_pol_pro_Ran_ado_2025_19_Colorado2025_x014336_y007168
Unknown_Sample,20251031_081_pol_pro_Ran_ado_2025_19_Colorado2025.czi,Ran_ado,627.96,14952.0,7255.0,31,33,107.6,0.955,20251031_081_pol_pro_Ran_ado_2025_19_Colorado2025_x014336_y007168
Unknown_Sample,20251031_081_pol_pro_Ran_ado_2025_19_Colorado2025.czi,Ran_ado,549.08,14987.0,7439.0,31,29,100.18,0.959,20251031_081_pol_pro_Ran_ado_2025_19_Colorado2025_x014848_y007168
Unknown_Sample,20251031_081_pol_pro_Ran_ado_2025_19_Colorado2025.czi,Ran_ado,565.62,15180.0,7414.0,30,31,101.6,0.959,20251031_081_pol_pro_Ran_ado_2025_19_Colorado2025_x014848_y007168
Unknown_Sample,20251031_081_pol_pro_Ran_ado_2025_19_Colorado2025.czi,Ran_ado,529.07,15097.0,7332.0,28,31,99.36,0.959,20251031_081_pol_pro_Ran_ado_2025_19_Colorado2025_x014848_y007168
Unknown_Sample,20251031_081_pol_pro_Ran_ado_2025_19_Colorado2025.czi,Ran_ado,568.32,14868.0,7594.0,30,31,102.18,0.958,20251031_081_pol_pro_Ran_ado_2025_19_Colorado2025_x014848_y007168
Unknown_Sample,20251031_081_pol_pro_Ran_ado_2025_19_Colorado2025.czi,Ran_ado,576.01,15001.0,7256.0,32,30,103.01,0.958,20251031_081_pol_pro_Ran_ado_2025_19_Colorado2025_x014848_y007168
Unknown_Sample,20251031_081_pol_pro_Ran_ado_2025_19_Colorado2025.czi,Ran_ado,627.19,14952.0,7255.0,31,33,107.6,0.957,20251031_081_pol_pro_Ran_ado_2025_19_Colorado2025_x014848_y007168
Unknown_Sample,20251031_081_pol_pro_Ran_ado_2025_19_Colorado2025.czi,Ran_ado,189.69,15315.0,7174.0,28,13,69.21,0.937,20251031_081_pol_pro_Ran_ado_2025_19_Colorado2025_x014848_y007168
Unknown_Sample,20251031_081_pol_pro_Ran_ado_2025_19_Colorado2025.czi,Ran_ado,547.54,15769.0,7288.0,29,32,101.01,0.961,20251031_081_pol_pro_Ran_ado_2025_19_Colorado2025_x015360_y007168
Unknown_Sample,20251031_081_pol_pro_Ran_ado_2025_19_Colorado2025.czi,Ran_ado,602.56,15727.0,7199.0,32,31,104.43,0.959,20251031_081_pol_pro_Ran_ado_2025_19_Colorado2025_x015360_y007168
Unknown_Sample,20251031_081_pol_pro_Ran_ado_2025_19_Colorado2025.czi,Ran_ado,567.16,15936.0,7281.0,29,31,101.94,0.959,20251031_081_pol_pro_Ran_ado_2025_19_Colorado2025_x015360_y007168
Unknown_Sample,20251031_081_pol_pro_Ran_ado_2025_19_Colorado2025.czi,Ran_ado,261.26,15919.0,7774.0,23,19,71.21,0.942,20251031_081_pol_pro_Ran_ado_2025_19_Colorado2025_x015360_y007168
Unknown_Sample,20251031_081_pol_pro_Ran_ado_2025_19_Colorado2025.czi,Ran_ado,371.31,15697.0,7799.0,34,18,91.21,0.914,20251031_081_pol_pro_Ran_ado_2025_19_Colorado2025_x015360_y007168
Unknown_Sample,20251031_081_pol_pro_Ran_ado_2025_19_Colorado2025.czi,Ran_ado,663.74,16110.0,7199.0,33,33,109.84,0.963,20251031_081_pol_pro_Ran_ado_2025_19_Colorado2025_x015872_y007168
Unknown_Sample,20251031_081_pol_pro_Ran_ado_2025_19_Colorado2025.czi,Ran_ado,566.39,15936.0,7281.0,29,31,101.94,0.958,20251031_081_pol_pro_Ran_ado_2025_19_Colorado2025_x015872_y007168
Unknown_Sample,20251031_081_pol_pro_Ran_ado_2025_19_Colorado2025.czi,Ran_ado,532.53,16362.0,7345.0,28,31,99.94,0.956,20251031_081_pol_pro_Ran_ado_2025_19_Colorado2025_x015872_y007168
Unknown_Sample,20251031_081_pol_pro_Ran_ado_2025_19_Colorado2025.czi,Ran_ado,263.19,15919.0,7774.0,23,19,71.8,0.936,20251031_081_pol_pro_Ran_ado_2025_19_Colorado2025_x015872_y007168
Unknown_Sample,20251031_081_pol_pro_Ran_ado_2025_19_Colorado2025.czi,Ran_ado,418.25,16108.0,7625.0,23,31,89.36,0.916,20251031_081_pol_pro_Ran_ado_2025_19_Colorado2025_x015872_y007168
Unknown_Sample,20251031_081_pol_pro_Ran_ado_2025_19_Colorado2025.czi,Ran_ado,472.89,16828.0,7638.0,29,27,93.36,0.942,20251031_081_pol_pro_Ran_ado_2025_19_Colorado2025_x016384_y007168
Unknown_Sample,20251031_081_pol_pro_Ran_ado_2025_19_Colorado2025.czi,Ran_ado,488.67,16548.0,7422.0,29,28,95.94,0.941,20251031_081_pol_pro_Ran_ado_2025_19_Colorado2025_x016384_y007168
Unknown_Sample,20251031_081_pol_pro_Ran_ado_2025_19_Colorado2025.czi,Ran_ado,472.12,16569.0,7616.0,28,28,92.18,0.941,20251031_081_pol_pro_Ran_ado_2025_19_Colorado2025_x016384_y007168
Unknown_Sample,20251031_081_pol_pro_Ran_ado_2025_19_Colorado2025.czi,Ran_ado,500.59,16800.0,7606.0,28,30,96.18,0.94,20251031_081_pol_pro_Ran_ado_2025_19_Colorado2025_x016384_y007168
Unknown_Sample,20251031_081_pol_pro_Ran_ado_2025_19_Colorado2025.czi,Ran_ado,494.82,16604.0,7483.0,28,29,94.77,0.939,20251031_081_pol_pro_Ran_ado_2025_19_Colorado2025_x016384_y007168
Unknown_Sample,20251031_081_pol_pro_Ran_ado_2025_19_Colorado2025.czi,Ran_ado,616.03,17265.0,7212.0,35,30,106.67,0.944,20251031_081_pol_pro_Ran_ado_2025_19_Colorado2025_x016896_y007168
Unknown_Sample,20251031_081_pol_pro_Ran_ado_2025_19_Colorado2025.czi,Ran_ado,455.58,17201.0,7352.0,27,27,91.11,0.941,20251031_081_pol_pro_Ran_ado_2025_19_Colorado2025_x016896_y007168
Unknown_Sample,20251031_081_pol_pro_Ran_ado_2025_19_Colorado2025.czi,Ran_ado,530.22,17359.0,7243.0,29,30,97.6,0.938,20251031_081_pol_pro_Ran_ado_2025_19_Colorado2025_x016896_y007168
Unknown_Sample,20251031_081_pol_pro_Ran_ado_2025_19_Colorado2025.czi,Ran_ado,525.99,17430.0,7543.0,30,29,98.18,0.923,20251031_081_pol_pro_Ran_ado_2025_19_Colorado2025_x016896_y007168
Unknown_Sample,20251031_081_pol_pro_Ran_ado_2025_19_Colorado2025.czi,Ran_ado,272.81,17388.0,7527.0,21,21,70.04,0.596,20251031_081_pol_pro_Ran_ado_2025_19_Colorado2025_x016896_y007168
Unknown_Sample,20251031_081_pol_pro_Ran_ado_2025_19_Colorado2025.czi,Ran_ado,502.52,17430.0,7542.0,30,28,96.77,0.891,20251031_081_pol_pro_Ran_ado_2025_19_Colorado2025_x017408_y007168
Unknown_Sample,20251031_081_pol_pro_Ran_ado_2025_19_Colorado2025.czi,Ran_ado,477.12,1210.0,8168.0,28,28,92.77,0.952,20251031_081_pol_pro_Ran_ado_2025_19_Colorado2025_x001024_y007680
Unknown_Sample,20251031_081_pol_pro_Ran_ado_2025_19_Colorado2025.czi,Ran_ado,346.3,1294.0,8069.0,24,24,79.11,0.937,20251031_081_pol_pro_Ran_ado_2025_19_Colorado2025_x001024_y007680
Unknown_Sample,20251031_081_pol_pro_Ran_ado_2025_19_Colorado2025.czi,Ran_ado,318.6,1656.0,7889.0,16,33,85.8,0.901,20251031_081_pol_pro_Ran_ado_2025_19_Colorado2025_x001024_y007680
Unknown_Sample,20251031_081_pol_pro_Ran_ado_2025_19_Colorado2025.czi,Ran_ado,569.47,1661.0,7889.0,30,33,103.25,0.956,20251031_081_pol_pro_Ran_ado_2025_19_Colorado2025_x001536_y007680
Unknown_Sample,20251031_081_pol_pro_Ran_ado_2025_19_Colorado2025.czi,Ran_ado,412.48,2108.0,7691.0,27,24,88.63,0.955,20251031_081_pol_pro_Ran_ado_2025_19_Colorado2025_x001536_y007680
Unknown_Sample,20251031_081_pol_pro_Ran_ado_2025_19_Colorado2025.czi,Ran_ado,501.75,1690.0,8030.0,27,31,95.6,0.952,20251031_081_pol_pro_Ran_ado_2025_19_Colorado2025_x001536_y007680
Unknown_Sample,20251031_081_pol_pro_Ran_ado_2025_19_Colorado2025.czi,Ran_ado,227.4,2113.0,8313.0,30,13,75.56,0.891,20251031_081_pol_pro_Ran_ado_2025_19_Colorado2025_x001536_y007680
Unknown_Sample,20251031_081_pol_pro_Ran_ado_2025_19_Colorado2025.czi,Ran_ado,412.48,2108.0,7691.0,27,24,88.63,0.955,20251031_081_pol_pro_Ran_ado_2025_19_Colorado2025_x002048_y007680
Unknown_Sample,20251031_081_pol_pro_Ran_ado_2025_19_Colorado2025.czi,Ran_ado,467.5,2440.0,7748.0,28,27,92.53,0.951,20251031_081_pol_pro_Ran_ado_2025_19_Colorado2025_x002048_y007680
Unknown_Sample,20251031_081_pol_pro_Ran_ado_2025_19_Colorado2025.czi,Ran_ado,227.4,2113.0,8313.0,30,13,75.56,0.89,20251031_081_pol_pro_Ran_ado_2025_19_Colorado2025_x002048_y007680
Unknown_Sample,20251031_081_pol_pro_Ran_ado_2025_19_Colorado2025.czi,Ran_ado,594.86,3174.0,7886.0,29,34,105.6,0.958,20251031_081_pol_pro_Ran_ado_2025_19_Colorado2025_x002560_y007680
Unknown_Sample,20251031_081_pol_pro_Ran_ado_2025_19_Colorado2025.czi,Ran_ado,502.9,2778.0,7888.0,29,28,95.36,0.954,20251031_081_pol_pro_Ran_ado_2025_19_Colorado2025_x002560_y007680
Unknown_Sample,20251031_081_pol_pro_Ran_ado_2025_19_Colorado2025.czi,Ran_ado,595.25,3174.0,7886.0,29,34,105.01,0.958,20251031_081_pol_pro_Ran_ado_2025_19_Colorado2025_x003072_y007680
Unknown_Sample,20251031_081_pol_pro_Ran_ado_2025_19_Colorado2025.czi,Ran_ado,669.9,4647.0,7968.0,32,35,110.67,0.961,20251031_081_pol_pro_Ran_ado_2025_19_Colorado2025_x004096_y007680
Unknown_Sample,20251031_081_pol_pro_Ran_ado_2025_19_Colorado2025.czi,Ran_ado,669.9,4647.0,7968.0,32,35,110.67,0.961,20251031_081_pol_pro_Ran_ado_2025_19_Colorado2025_x004608_y007680
Unknown_Sample,20251031_081_pol_pro_Ran_ado_2025_19_Colorado2025.czi,Ran_ado,563.31,4758.0,8074.0,30,31,103.94,0.96,20251031_081_pol_pro_Ran_ado_2025_19_Colorado2025_x004608_y007680
Unknown_Sample,20251031_081_pol_pro_Ran_ado_2025_19_Colorado2025.czi,Ran_ado,410.56,4983.0,7961.0,25,27,86.53,0.96,20251031_081_pol_pro_Ran_ado_2025_19_Colorado2025_x004608_y007680
Unknown_Sample,20251031_081_pol_pro_Ran_ado_2025_19_Colorado2025.czi,Ran_ado,572.16,5086.0,8235.0,32,29,103.36,0.96,20251031_081_pol_pro_Ran_ado_2025_19_Colorado2025_x004608_y007680
Unknown_Sample,20251031_081_pol_pro_Ran_ado_2025_19_Colorado2025.czi,Ran_ado,517.14,4832.0,8203.0,32,27,98.77,0.959,20251031_081_pol_pro_Ran_ado_2025_19_Colorado2025_x004608_y007680
Unknown_Sample,20251031_081_pol_pro_Ran_ado_2025_19_Colorado2025.czi,Ran_ado,518.68,4868.0,8210.0,29,29,97.94,0.958,20251031_081_pol_pro_Ran_ado_2025_19_Colorado2025_x004608_y007680
Unknown_Sample,20251031_081_pol_pro_Ran_ado_2025_19_Colorado2025.czi,Ran_ado,502.9,5193.0,8098.0,30,28,96.18,0.957,20251031_081_pol_pro_Ran_ado_2025_19_Colorado2025_x004608_y007680
Unknown_Sample,20251031_081_pol_pro_Ran_ado_2025_19_Colorado2025.czi,Ran_ado,577.17,5128.0,7822.0,30,32,103.6,0.957,20251031_081_pol_pro_Ran_ado_2025_19_Colorado2025_x004608_y007680
Unknown_Sample,20251031_081_pol_pro_Ran_ado_2025_19_Colorado2025.czi,Ran_ado,578.32,4991.0,8288.0,28,35,105.01,0.954,20251031_081_pol_pro_Ran_ado_2025_19_Colorado2025_x004608_y007680
Unknown_Sample,20251031_081_pol_pro_Ran_ado_2025_19_Colorado2025.czi,Ran_ado,457.11,5130.0,7821.0,23,32,96.63,0.962,20251031_081_pol_pro_Ran_ado_2025_19_Colorado2025_x005120_y007680
Unknown_Sample,20251031_081_pol_pro_Ran_ado_2025_19_Colorado2025.czi,Ran_ado,489.82,5441.0,8025.0,29,28,95.36,0.958,20251031_081_pol_pro_Ran_ado_2025_19_Colorado2025_x005120_y007680
Unknown_Sample,20251031_081_pol_pro_Ran_ado_2025_19_Colorado2025.czi,Ran_ado,478.28,5681.0,7852.0,27,29,92.18,0.957,20251031_081_pol_pro_Ran_ado_2025_19_Colorado2025_x005120_y007680
Unknown_Sample,20251031_081_pol_pro_Ran_ado_2025_19_Colorado2025.czi,Ran_ado,502.9,5193.0,8098.0,30,28,96.18,0.957,20251031_081_pol_pro_Ran_ado_2025_19_Colorado2025_x005120_y007680
Unknown_Sample,20251031_081_pol_pro_Ran_ado_2025_19_Colorado2025.czi,Ran_ado,464.81,5284.0,7821.0,29,26,91.94,0.953,20251031_081_pol_pro_Ran_ado_2025_19_Colorado2025_x005120_y007680
Unknown_Sample,20251031_081_pol_pro_Ran_ado_2025_19_Colorado2025.czi,Ran_ado,525.99,5744.0,7870.0,28,31,97.01,0.95,20251031_081_pol_pro_Ran_ado_2025_19_Colorado2025_x005120_y007680
Unknown_Sample,20251031_081_pol_pro_Ran_ado_2025_19_Colorado2025.czi,Ran_ado,594.48,5568.0,8216.0,32,30,108.18,0.936,20251031_081_pol_pro_Ran_ado_2025_19_Colorado2025_x005120_y007680
Unknown_Sample,20251031_081_pol_pro_Ran_ado_2025_19_Colorado2025.czi,Ran_ado,282.43,5751.0,8062.0,17,27,76.97,0.904,20251031_081_pol_pro_Ran_ado_2025_19_Colorado2025_x005120_y007680
Unknown_Sample,20251031_081_pol_pro_Ran_ado_2025_19_Colorado2025.czi,Ran_ado,582.94,6096.0,8248.0,30,33,103.84,0.96,20251031_081_pol_pro_Ran_ado_2025_19_Colorado2025_x005632_y007680
Unknown_Sample,20251031_081_pol_pro_Ran_ado_2025_19_Colorado2025.czi,Ran_ado,562.93,5870.0,7829.0,33,28,102.18,0.958,20251031_081_pol_pro_Ran_ado_2025_19_Colorado2025_x005632_y007680
Unknown_Sample,20251031_081_pol_pro_Ran_ado_2025_19_Colorado2025.czi,Ran_ado,514.06,6096.0,8106.0,26,33,98.77,0.958,20251031_081_pol_pro_Ran_ado_2025_19_Colorado2025_x005632_y007680
Unknown_Sample,20251031_081_pol_pro_Ran_ado_2025_19_Colorado2025.czi,Ran_ado,560.62,5892.0,7749.0,32,28,101.36,0.957,20251031_081_pol_pro_Ran_ado_2025_19_Colorado2025_x005632_y007680
Unknown_Sample,20251031_081_pol_pro_Ran_ado_2025_19_Colorado2025.czi,Ran_ado,525.61,5744.0,7870.0,28,31,97.6,0.957,20251031_081_pol_pro_Ran_ado_2025_19_Colorado2025_x005632_y007680
Unknown_Sample,20251031_081_pol_pro_Ran_ado_2025_19_Colorado2025.czi,Ran_ado,478.28,5681.0,7852.0,27,29,92.18,0.957,20251031_081_pol_pro_Ran_ado_2025_19_Colorado2025_x005632_y007680
Unknown_Sample,20251031_081_pol_pro_Ran_ado_2025_19_Colorado2025.czi,Ran_ado,466.73,5756.0,8061.0,29,27,92.18,0.955,20251031_081_pol_pro_Ran_ado_2025_19_Colorado2025_x005632_y007680
Unknown_Sample,20251031_081_pol_pro_Ran_ado_2025_19_Colorado2025.czi,Ran_ado,604.48,6391.0,8026.0,32,31,105.01,0.962,20251031_081_pol_pro_Ran_ado_2025_19_Colorado2025_x006144_y007680
Unknown_Sample,20251031_081_pol_pro_Ran_ado_2025_19_Colorado2025.czi,Ran_ado,512.91,6509.0,7951.0,28,30,97.36,0.961,20251031_081_pol_pro_Ran_ado_2025_19_Colorado2025_x006144_y007680
Unknown_Sample,20251031_081_pol_pro_Ran_ado_2025_19_Colorado2025.czi,Ran_ado,494.44,6451.0,8065.0,28,29,95.36,0.961,20251031_081_pol_pro_Ran_ado_2025_19_Colorado2025_x006144_y007680
Unknown_Sample,20251031_081_pol_pro_Ran_ado_2025_19_Colorado2025.czi,Ran_ado,593.71,6757.0,7939.0,32,31,103.84,0.961,20251031_081_pol_pro_Ran_ado_2025_19_Colorado2025_x006144_y007680
Unknown_Sample,20251031_081_pol_pro_Ran_ado_2025_19_Colorado2025.czi,Ran_ado,556.39,6475.0,8267.0,32,29,100.43,0.96,20251031_081_pol_pro_Ran_ado_2025_19_Colorado2025_x006144_y007680
Unknown_Sample,20251031_081_pol_pro_Ran_ado_2025_19_Colorado2025.czi,Ran_ado,584.48,6374.0,7779.0,33,29,103.01,0.959,20251031_081_pol_pro_Ran_ado_2025_19_Colorado2025_x006144_y007680
Unknown_Sample,20251031_081_pol_pro_Ran_ado_2025_19_Colorado2025.czi,Ran_ado,512.91,6631.0,7968.0,29,30,98.18,0.957,20251031_081_pol_pro_Ran_ado_2025_19_Colorado2025_x006144_y007680
Unknown_Sample,20251031_081_pol_pro_Ran_ado_2025_19_Colorado2025.czi,Ran_ado,246.64,6468.0,7686.0,30,14,76.38,0.95,20251031_081_pol_pro_Ran_ado_2025_19_Colorado2025_x006144_y007680
Unknown_Sample,20251031_081_pol_pro_Ran_ado_2025_19_Colorado2025.czi,Ran_ado,593.71,6757.0,7939.0,32,31,103.84,0.961,20251031_081_pol_pro_Ran_ado_2025_19_Colorado2025_x006656_y007680
Unknown_Sample,20251031_081_pol_pro_Ran_ado_2025_19_Colorado2025.czi,Ran_ado,523.68,6906.0,7957.0,28,32,100.18,0.958,20251031_081_pol_pro_Ran_ado_2025_19_Colorado2025_x006656_y007680
Unknown_Sample,20251031_081_pol_pro_Ran_ado_2025_19_Colorado2025.czi,Ran_ado,609.1,7170.0,8161.0,36,28,107.01,0.957,20251031_081_pol_pro_Ran_ado_2025_19_Colorado2025_x006656_y007680
Unknown_Sample,20251031_081_pol_pro_Ran_ado_2025_19_Colorado2025.czi,Ran_ado,577.55,6982.0,7847.0,33,30,105.01,0.949,20251031_081_pol_pro_Ran_ado_2025_19_Colorado2025_x006656_y007680
Unknown_Sample,20251031_081_pol_pro_Ran_ado_2025_19_Colorado2025.czi,Ran_ado,263.57,6993.0,7873.0,21,21,71.21,0.896,20251031_081_pol_pro_Ran_ado_2025_19_Colorado2025_x006656_y007680
Unknown_Sample,20251031_081_pol_pro_Ran_ado_2025_19_Colorado2025.czi,Ran_ado,613.72,7491.0,8228.0,31,32,105.01,0.966,20251031_081_pol_pro_Ran_ado_2025_19_Colorado2025_x007168_y007680
Unknown_Sample,20251031_081_pol_pro_Ran_ado_2025_19_Colorado2025.czi,Ran_ado,612.95,7549.0,8098.0,33,31,107.01,0.964,20251031_081_pol_pro_Ran_ado_2025_19_Colorado2025_x007168_y007680
Unknown_Sample,20251031_081_pol_pro_Ran_ado_2025_19_Colorado2025.czi,Ran_ado,599.1,7427.0,8097.0,31,31,104.18,0.963,20251031_081_pol_pro_Ran_ado_2025_19_Colorado2025_x007168_y007680
Unknown_Sample,20251031_081_pol_pro_Ran_ado_2025_19_Colorado2025.czi,Ran_ado,647.96,7620.0,8136.0,32,35,111.25,0.962,20251031_081_pol_pro_Ran_ado_2025_19_Colorado2025_x007168_y007680
Unknown_Sample,20251031_081_pol_pro_Ran_ado_2025_19_Colorado2025.czi,Ran_ado,516.37,7683.0,7877.0,29,30,97.6,0.962,20251031_081_pol_pro_Ran_ado_2025_19_Colorado2025_x007168_y007680
Unknown_Sample,20251031_081_pol_pro_Ran_ado_2025_19_Colorado2025.czi,Ran_ado,576.78,7775.0,8242.0,32,30,104.18,0.961,20251031_081_pol_pro_Ran_ado_2025_19_Colorado2025_x007168_y007680
Unknown_Sample,20251031_081_pol_pro_Ran_ado_2025_19_Colorado2025.czi,Ran_ado,575.24,7772.0,7755.0,33,29,103.01,0.961,20251031_081_pol_pro_Ran_ado_2025_19_Colorado2025_x007168_y007680
Unknown_Sample,20251031_081_pol_pro_Ran_ado_2025_19_Colorado2025.czi,Ran_ado,487.9,7398.0,7709.0,28,29,94.77,0.958,20251031_081_pol_pro_Ran_ado_2025_19_Colorado2025_x007168_y007680
Unknown_Sample,20251031_081_pol_pro_Ran_ado_2025_19_Colorado2025.czi,Ran_ado,467.12,7535.0,7782.0,28,28,93.94,0.958,20251031_081_pol_pro_Ran_ado_2025_19_Colorado2025_x007168_y007680
Unknown_Sample,20251031_081_pol_pro_Ran_ado_2025_19_Colorado2025.czi,Ran_ado,342.07,7177.0,8161.0,21,28,84.04,0.958,20251031_081_pol_pro_Ran_ado_2025_19_Colorado2025_x007168_y007680
Unknown_Sample,20251031_081_pol_pro_Ran_ado_2025_19_Colorado2025.czi,Ran_ado,550.62,7763.0,7828.0,31,29,101.36,0.958,20251031_081_pol_pro_Ran_ado_2025_19_Colorado2025_x007168_y007680
Unknown_Sample,20251031_081_pol_pro_Ran_ado_2025_19_Colorado2025.czi,Ran_ado,554.08,7788.0,7851.0,31,30,101.6,0.919,20251031_081_pol_pro_Ran_ado_2025_19_Colorado2025_x007168_y007680
Unknown_Sample,20251031_081_pol_pro_Ran_ado_2025_19_Colorado2025.czi,Ran_ado,576.78,7775.0,8242.0,32,30,104.18,0.962,20251031_081_pol_pro_Ran_ado_2025_19_Colorado2025_x007680_y007680
Unknown_Sample,20251031_081_pol_pro_Ran_ado_2025_19_Colorado2025.czi,Ran_ado,575.24,7772.0,7755.0,33,29,103.01,0.961,20251031_081_pol_pro_Ran_ado_2025_19_Colorado2025_x007680_y007680
Unknown_Sample,20251031_081_pol_pro_Ran_ado_2025_19_Colorado2025.czi,Ran_ado,462.12,8218.0,8064.0,29,27,92.18,0.961,20251031_081_pol_pro_Ran_ado_2025_19_Colorado2025_x007680_y007680
Unknown_Sample,20251031_081_pol_pro_Ran_ado_2025_19_Colorado2025.czi,Ran_ado,525.22,8174.0,8164.0,28,32,99.01,0.961,20251031_081_pol_pro_Ran_ado_2025_19_Colorado2025_x007680_y007680
Unknown_Sample,20251031_081_pol_pro_Ran_ado_2025_19_Colorado2025.czi,Ran_ado,416.71,8295.0,7691.0,28,24,90.04,0.959,20251031_081_pol_pro_Ran_ado_2025_19_Colorado2025_x007680_y007680
Unknown_Sample,20251031_081_pol_pro_Ran_ado_2025_19_Colorado2025.czi,Ran_ado,551.0,7763.0,7828.0,31,29,100.77,0.958,20251031_081_pol_pro_Ran_ado_2025_19_Colorado2025_x007680_y007680
Unknown_Sample,20251031_081_pol_pro_Ran_ado_2025_19_Colorado2025.czi,Ran_ado,546.38,7887.0,8183.0,31,30,101.6,0.958,20251031_081_pol_pro_Ran_ado_2025_19_Colorado2025_x007680_y007680
Unknown_Sample,20251031_081_pol_pro_Ran_ado_2025_19_Colorado2025.czi,Ran_ado,569.85,8198.0,7951.0,31,31,104.18,0.958,20251031_081_pol_pro_Ran_ado_2025_19_Colorado2025_x007680_y007680
Unknown_Sample,20251031_081_pol_pro_Ran_ado_2025_19_Colorado2025.czi,Ran_ado,319.75,7688.0,7877.0,18,30,83.21,0.957,20251031_081_pol_pro_Ran_ado_2025_19_Colorado2025_x007680_y007680
Unknown_Sample,20251031_081_pol_pro_Ran_ado_2025_19_Colorado2025.czi,Ran_ado,547.92,8091.0,7821.0,28,32,99.6,0.946,20251031_081_pol_pro_Ran_ado_2025_19_Colorado2025_x007680_y007680
Unknown_Sample,20251031_081_pol_pro_Ran_ado_2025_19_Colorado2025.czi,Ran_ado,547.54,7788.0,7851.0,31,30,101.01,0.933,20251031_081_pol_pro_Ran_ado_2025_19_Colorado2025_x007680_y007680
Unknown_Sample,20251031_081_pol_pro_Ran_ado_2025_19_Colorado2025.czi,Ran_ado,513.29,8056.0,7813.0,31,27,97.94,0.932,20251031_081_pol_pro_Ran_ado_2025_19_Colorado2025_x007680_y007680
Unknown_Sample,20251031_081_pol_pro_Ran_ado_2025_19_Colorado2025.czi,Ran_ado,331.68,8311.0,8176.0,17,32,86.97,0.909,20251031_081_pol_pro_Ran_ado_2025_19_Colorado2025_x007680_y007680
Unknown_Sample,20251031_081_pol_pro_Ran_ado_2025_19_Colorado2025.czi,Ran_ado,587.55,8063.0,7840.0,36,28,105.84,0.908,20251031_081_pol_pro_Ran_ado_2025_19_Colorado2025_x007680_y007680
Unknown_Sample,20251031_081_pol_pro_Ran_ado_2025_19_Colorado2025.czi,Ran_ado,179.31,8314.0,7801.0,11,29,68.97,0.871,20251031_081_pol_pro_Ran_ado_2025_19_Colorado2025_x007680_y007680
Unknown_Sample,20251031_081_pol_pro_Ran_ado_2025_19_Colorado2025.czi,Ran_ado,561.39,8467.0,7911.0,32,29,103.36,0.962,20251031_081_pol_pro_Ran_ado_2025_19_Colorado2025_x008192_y007680
Unknown_Sample,20251031_081_pol_pro_Ran_ado_2025_19_Colorado2025.czi,Ran_ado,621.8,8318.0,8176.0,33,32,107.25,0.961,20251031_081_pol_pro_Ran_ado_2025_19_Colorado2025_x008192_y007680
Unknown_Sample,20251031_081_pol_pro_Ran_ado_2025_19_Colorado2025.czi,Ran_ado,461.35,8218.0,8064.0,29,27,92.18,0.961,20251031_081_pol_pro_Ran_ado_2025_19_Colorado2025_x008192_y007680
Unknown_Sample,20251031_081_pol_pro_Ran_ado_2025_19_Colorado2025.czi,Ran_ado,532.53,8719.0,8230.0,30,29,98.77,0.961,20251031_081_pol_pro_Ran_ado_2025_19_Colorado2025_x008192_y007680
Unknown_Sample,20251031_081_pol_pro_Ran_ado_2025_19_Colorado2025.czi,Ran_ado,412.48,8202.0,7950.0,22,31,93.8,0.96,20251031_081_pol_pro_Ran_ado_2025_19_Colorado2025_x008192_y007680
Unknown_Sample,20251031_081_pol_pro_Ran_ado_2025_19_Colorado2025.czi,Ran_ado,562.93,8323.0,7800.0,30,31,101.01,0.959,20251031_081_pol_pro_Ran_ado_2025_19_Colorado2025_x008192_y007680
Unknown_Sample,20251031_081_pol_pro_Ran_ado_2025_19_Colorado2025.czi,Ran_ado,503.67,8510.0,7846.0,32,25,96.53,0.959,20251031_081_pol_pro_Ran_ado_2025_19_Colorado2025_x008192_y007680
Unknown_Sample,20251031_081_pol_pro_Ran_ado_2025_19_Colorado2025.czi,Ran_ado,416.71,8295.0,7691.0,28,24,90.04,0.959,20251031_081_pol_pro_Ran_ado_2025_19_Colorado2025_x008192_y007680
Unknown_Sample,20251031_081_pol_pro_Ran_ado_2025_19_Colorado2025.czi,Ran_ado,536.38,8658.0,7824.0,30,30,98.43,0.957,20251031_081_pol_pro_Ran_ado_2025_19_Colorado2025_x008192_y007680
Unknown_Sample,20251031_081_pol_pro_Ran_ado_2025_19_Colorado2025.czi,Ran_ado,508.67,8470.0,8076.0,29,29,97.94,0.957,20251031_081_pol_pro_Ran_ado_2025_19_Colorado2025_x008192_y007680
Unknown_Sample,20251031_081_pol_pro_Ran_ado_2025_19_Colorado2025.czi,Ran_ado,490.21,8702.0,8111.0,31,27,95.6,0.957,20251031_081_pol_pro_Ran_ado_2025_19_Colorado2025_x008192_y007680
Unknown_Sample,20251031_081_pol_pro_Ran_ado_2025_19_Colorado2025.czi,Ran_ado,169.3,8624.0,8314.0,29,10,68.14,0.859,20251031_081_pol_pro_Ran_ado_2025_19_Colorado2025_x008192_y007680
Unknown_Sample,20251031_081_pol_pro_Ran_ado_2025_19_Colorado2025.czi,Ran_ado,602.18,9234.0,7950.0,30,33,105.01,0.963,20251031_081_pol_pro_Ran_ado_2025_19_Colorado2025_x008704_y007680
Unknown_Sample,20251031_081_pol_pro_Ran_ado_2025_19_Colorado2025.czi,Ran_ado,544.07,9229.0,8153.0,31,28,99.94,0.963,20251031_081_pol_pro_Ran_ado_2025_19_Colorado2025_x008704_y007680
Unknown_Sample,20251031_081_pol_pro_Ran_ado_2025_19_Colorado2025.czi,Ran_ado,508.67,9123.0,8265.0,30,28,95.6,0.962,20251031_081_pol_pro_Ran_ado_2025_19_Colorado2025_x008704_y007680
Unknown_Sample,20251031_081_pol_pro_Ran_ado_2025_19_Colorado2025.czi,Ran_ado,563.7,8963.0,7885.0,31,30,102.18,0.962,20251031_081_pol_pro_Ran_ado_2025_19_Colorado2025_x008704_y007680
Unknown_Sample,20251031_081_pol_pro_Ran_ado_2025_19_Colorado2025.czi,Ran_ado,536.38,8719.0,8230.0,30,29,99.94,0.96,20251031_081_pol_pro_Ran_ado_2025_19_Colorado2025_x008704_y007680
Unknown_Sample,20251031_081_pol_pro_Ran_ado_2025_19_Colorado2025.czi,Ran_ado,520.99,9304.0,8005.0,28,31,97.6,0.959,20251031_081_pol_pro_Ran_ado_2025_19_Colorado2025_x008704_y007680
Unknown_Sample,20251031_081_pol_pro_Ran_ado_2025_19_Colorado2025.czi,Ran_ado,527.53,9246.0,7802.0,30,29,98.18,0.959,20251031_081_pol_pro_Ran_ado_2025_19_Colorado2025_x008704_y007680
Unknown_Sample,20251031_081_pol_pro_Ran_ado_2025_19_Colorado2025.czi,Ran_ado,563.31,9287.0,7713.0,30,31,101.6,0.958,20251031_081_pol_pro_Ran_ado_2025_19_Colorado2025_x008704_y007680
Unknown_Sample,20251031_081_pol_pro_Ran_ado_2025_19_Colorado2025.czi,Ran_ado,187.0,8710.0,8111.0,14,25,65.8,0.948,20251031_081_pol_pro_Ran_ado_2025_19_Colorado2025_x008704_y007680
Unknown_Sample,20251031_081_pol_pro_Ran_ado_2025_19_Colorado2025.czi,Ran_ado,520.99,9230.0,8153.0,29,28,98.28,0.967,20251031_081_pol_pro_Ran_ado_2025_19_Colorado2025_x009216_y007680
Unknown_Sample,20251031_081_pol_pro_Ran_ado_2025_19_Colorado2025.czi,Ran_ado,601.02,9234.0,7950.0,30,33,105.6,0.962,20251031_081_pol_pro_Ran_ado_2025_19_Colorado2025_x009216_y007680
Unknown_Sample,20251031_081_pol_pro_Ran_ado_2025_19_Colorado2025.czi,Ran_ado,559.85,9720.0,7733.0,30,31,101.01,0.96,20251031_081_pol_pro_Ran_ado_2025_19_Colorado2025_x009216_y007680
Unknown_Sample,20251031_081_pol_pro_Ran_ado_2025_19_Colorado2025.czi,Ran_ado,519.83,9652.0,7828.0,28,31,97.01,0.96,20251031_081_pol_pro_Ran_ado_2025_19_Colorado2025_x009216_y007680
Unknown_Sample,20251031_081_pol_pro_Ran_ado_2025_19_Colorado2025.czi,Ran_ado,521.37,9304.0,8005.0,28,31,98.18,0.959,20251031_081_pol_pro_Ran_ado_2025_19_Colorado2025_x009216_y007680
Unknown_Sample,20251031_081_pol_pro_Ran_ado_2025_19_Colorado2025.czi,Ran_ado,499.44,9445.0,7795.0,28,29,95.94,0.959,20251031_081_pol_pro_Ran_ado_2025_19_Colorado2025_x009216_y007680
Unknown_Sample,20251031_081_pol_pro_Ran_ado_2025_19_Colorado2025.czi,Ran_ado,527.53,9246.0,7802.0,30,29,98.18,0.958,20251031_081_pol_pro_Ran_ado_2025_19_Colorado2025_x009216_y007680
Unknown_Sample,20251031_081_pol_pro_Ran_ado_2025_19_Colorado2025.czi,Ran_ado,563.31,9287.0,7713.0,30,31,101.6,0.958,20251031_081_pol_pro_Ran_ado_2025_19_Colorado2025_x009216_y007680
Unknown_Sample,20251031_081_pol_pro_Ran_ado_2025_19_Colorado2025.czi,Ran_ado,575.63,9405.0,7723.0,27,35,104.77,0.958,20251031_081_pol_pro_Ran_ado_2025_19_Colorado2025_x009216_y007680
Unknown_Sample,20251031_081_pol_pro_Ran_ado_2025_19_Colorado2025.czi,Ran_ado,543.69,9375.0,7871.0,29,31,100.18,0.957,20251031_081_pol_pro_Ran_ado_2025_19_Colorado2025_x009216_y007680
Unknown_Sample,20251031_081_pol_pro_Ran_ado_2025_19_Colorado2025.czi,Ran_ado,592.17,10331.0,7996.0,31,32,103.84,0.961,20251031_081_pol_pro_Ran_ado_2025_19_Colorado2025_x009728_y007680
Unknown_Sample,20251031_081_pol_pro_Ran_ado_2025_19_Colorado2025.czi,Ran_ado,522.14,9920.0,8046.0,29,30,98.18,0.96,20251031_081_pol_pro_Ran_ado_2025_19_Colorado2025_x009728_y007680
Unknown_Sample,20251031_081_pol_pro_Ran_ado_2025_19_Colorado2025.czi,Ran_ado,524.07,10133.0,7874.0,29,30,98.77,0.96,20251031_081_pol_pro_Ran_ado_2025_19_Colorado2025_x009728_y007680
Unknown_Sample,20251031_081_pol_pro_Ran_ado_2025_19_Colorado2025.czi,Ran_ado,566.01,10280.0,8064.0,31,30,101.01,0.959,20251031_081_pol_pro_Ran_ado_2025_19_Colorado2025_x009728_y007680
Unknown_Sample,20251031_081_pol_pro_Ran_ado_2025_19_Colorado2025.czi,Ran_ado,503.67,10055.0,7964.0,29,29,95.01,0.958,20251031_081_pol_pro_Ran_ado_2025_19_Colorado2025_x009728_y007680
Unknown_Sample,20251031_081_pol_pro_Ran_ado_2025_19_Colorado2025.czi,Ran_ado,340.91,10098.0,8311.0,33,17,87.8,0.917,20251031_081_pol_pro_Ran_ado_2025_19_Colorado2025_x009728_y007680
Unknown_Sample,20251031_081_pol_pro_Ran_ado_2025_19_Colorado2025.czi,Ran_ado,593.33,10547.0,7825.0,32,30,104.77,0.965,20251031_081_pol_pro_Ran_ado_2025_19_Colorado2025_x010240_y007680
Unknown_Sample,20251031_081_pol_pro_Ran_ado_2025_19_Colorado2025.czi,Ran_ado,567.55,10809.0,8240.0,31,30,102.18,0.961,20251031_081_pol_pro_Ran_ado_2025_19_Colorado2025_x010240_y007680
Unknown_Sample,20251031_081_pol_pro_Ran_ado_2025_19_Colorado2025.czi,Ran_ado,592.94,10331.0,7996.0,31,32,103.84,0.96,20251031_081_pol_pro_Ran_ado_2025_19_Colorado2025_x010240_y007680
Unknown_Sample,20251031_081_pol_pro_Ran_ado_2025_19_Colorado2025.czi,Ran_ado,568.32,10671.0,7719.0,31,30,102.18,0.959,20251031_081_pol_pro_Ran_ado_2025_19_Colorado2025_x010240_y007680
Unknown_Sample,20251031_081_pol_pro_Ran_ado_2025_19_Colorado2025.czi,Ran_ado,519.06,10772.0,7777.0,30,29,98.18,0.959,20251031_081_pol_pro_Ran_ado_2025_19_Colorado2025_x010240_y007680
Unknown_Sample,20251031_081_pol_pro_Ran_ado_2025_19_Colorado2025.czi,Ran_ado,597.17,10483.0,8237.0,32,31,104.43,0.959,20251031_081_pol_pro_Ran_ado_2025_19_Colorado2025_x010240_y007680
Unknown_Sample,20251031_081_pol_pro_Ran_ado_2025_19_Colorado2025.czi,Ran_ado,567.55,10280.0,8064.0,31,30,101.01,0.958,20251031_081_pol_pro_Ran_ado_2025_19_Colorado2025_x010240_y007680
Unknown_Sample,20251031_081_pol_pro_Ran_ado_2025_19_Colorado2025.czi,Ran_ado,261.26,10680.0,7686.0,33,15,82.04,0.944,20251031_081_pol_pro_Ran_ado_2025_19_Colorado2025_x010240_y007680
Unknown_Sample,20251031_081_pol_pro_Ran_ado_2025_19_Colorado2025.czi,Ran_ado,545.23,11209.0,7932.0,30,30,101.36,0.964,20251031_081_pol_pro_Ran_ado_2025_19_Colorado2025_x010752_y007680
Unknown_Sample,20251031_081_pol_pro_Ran_ado_2025_19_Colorado2025.czi,Ran_ado,578.32,11059.0,7944.0,31,30,102.18,0.961,20251031_081_pol_pro_Ran_ado_2025_19_Colorado2025_x010752_y007680
Unknown_Sample,20251031_081_pol_pro_Ran_ado_2025_19_Colorado2025.czi,Ran_ado,571.01,10809.0,8240.0,31,30,102.77,0.961,20251031_081_pol_pro_Ran_ado_2025_19_Colorado2025_x010752_y007680
Unknown_Sample,20251031_081_pol_pro_Ran_ado_2025_19_Colorado2025.czi,Ran_ado,520.99,10772.0,7777.0,30,29,98.77,0.959,20251031_081_pol_pro_Ran_ado_2025_19_Colorado2025_x010752_y007680
Unknown_Sample,20251031_081_pol_pro_Ran_ado_2025_19_Colorado2025.czi,Ran_ado,584.09,11332.0,8268.0,30,33,104.43,0.959,20251031_081_pol_pro_Ran_ado_2025_19_Colorado2025_x010752_y007680
Unknown_Sample,20251031_081_pol_pro_Ran_ado_2025_19_Colorado2025.czi,Ran_ado,578.32,11376.0,8045.0,31,30,106.87,0.946,20251031_081_pol_pro_Ran_ado_2025_19_Colorado2025_x010752_y007680
Unknown_Sample,20251031_081_pol_pro_Ran_ado_2025_19_Colorado2025.czi,Ran_ado,704.14,11669.0,8287.0,30,39,115.25,0.963,20251031_081_pol_pro_Ran_ado_2025_19_Colorado2025_x011264_y007680
Unknown_Sample,20251031_081_pol_pro_Ran_ado_2025_19_Colorado2025.czi,Ran_ado,609.87,11683.0,7890.0,31,33,104.67,0.963,20251031_081_pol_pro_Ran_ado_2025_19_Colorado2025_x011264_y007680
Unknown_Sample,20251031_081_pol_pro_Ran_ado_2025_19_Colorado2025.czi,Ran_ado,581.4,11881.0,7970.0,29,33,104.18,0.962,20251031_081_pol_pro_Ran_ado_2025_19_Colorado2025_x011264_y007680
Unknown_Sample,20251031_081_pol_pro_Ran_ado_2025_19_Colorado2025.czi,Ran_ado,544.07,11703.0,7752.0,30,30,99.6,0.961,20251031_081_pol_pro_Ran_ado_2025_19_Colorado2025_x011264_y007680
Unknown_Sample,20251031_081_pol_pro_Ran_ado_2025_19_Colorado2025.czi,Ran_ado,577.93,11468.0,8055.0,31,31,103.6,0.96,20251031_081_pol_pro_Ran_ado_2025_19_Colorado2025_x011264_y007680
Unknown_Sample,20251031_081_pol_pro_Ran_ado_2025_19_Colorado2025.czi,Ran_ado,623.72,11377.0,8045.0,35,30,107.84,0.959,20251031_081_pol_pro_Ran_ado_2025_19_Colorado2025_x011264_y007680
Unknown_Sample,20251031_081_pol_pro_Ran_ado_2025_19_Colorado2025.czi,Ran_ado,583.32,11332.0,8268.0,30,33,104.43,0.958,20251031_081_pol_pro_Ran_ado_2025_19_Colorado2025_x011264_y007680
Unknown_Sample,20251031_081_pol_pro_Ran_ado_2025_19_Colorado2025.czi,Ran_ado,435.18,11811.0,8017.0,27,27,90.53,0.956,20251031_081_pol_pro_Ran_ado_2025_19_Colorado2025_x011264_y007680
Unknown_Sample,20251031_081_pol_pro_Ran_ado_2025_19_Colorado2025.czi,Ran_ado,404.02,11872.0,8232.0,32,21,89.11,0.946,20251031_081_pol_pro_Ran_ado_2025_19_Colorado2025_x011264_y007680
Unknown_Sample,20251031_081_pol_pro_Ran_ado_2025_19_Colorado2025.czi,Ran_ado,577.93,11881.0,7970.0,29,33,103.6,0.963,20251031_081_pol_pro_Ran_ado_2025_19_Colorado2025_x011776_y007680
Unknown_Sample,20251031_081_pol_pro_Ran_ado_2025_19_Colorado2025.czi,Ran_ado,585.25,11948.0,7813.0,29,33,104.18,0.962,20251031_081_pol_pro_Ran_ado_2025_19_Colorado2025_x011776_y007680
Unknown_Sample,20251031_081_pol_pro_Ran_ado_2025_19_Colorado2025.czi,Ran_ado,572.16,12048.0,7713.0,30,31,102.18,0.96,20251031_081_pol_pro_Ran_ado_2025_19_Colorado2025_x011776_y007680
Unknown_Sample,20251031_081_pol_pro_Ran_ado_2025_19_Colorado2025.czi,Ran_ado,522.91,12293.0,7993.0,28,31,98.18,0.957,20251031_081_pol_pro_Ran_ado_2025_19_Colorado2025_x011776_y007680
Unknown_Sample,20251031_081_pol_pro_Ran_ado_2025_19_Colorado2025.czi,Ran_ado,433.64,11811.0,8017.0,27,27,90.53,0.956,20251031_081_pol_pro_Ran_ado_2025_19_Colorado2025_x011776_y007680
Unknown_Sample,20251031_081_pol_pro_Ran_ado_2025_19_Colorado2025.czi,Ran_ado,630.26,12051.0,8303.0,33,31,107.6,0.954,20251031_081_pol_pro_Ran_ado_2025_19_Colorado2025_x011776_y007680
Unknown_Sample,20251031_081_pol_pro_Ran_ado_2025_19_Colorado2025.czi,Ran_ado,404.02,11872.0,8232.0,32,21,89.11,0.947,20251031_081_pol_pro_Ran_ado_2025_19_Colorado2025_x011776_y007680
Unknown_Sample,20251031_081_pol_pro_Ran_ado_2025_19_Colorado2025.czi,Ran_ado,247.03,12408.0,8125.0,14,28,74.14,0.9,20251031_081_pol_pro_Ran_ado_2025_19_Colorado2025_x011776_y007680
Unknown_Sample,20251031_081_pol_pro_Ran_ado_2025_19_Colorado2025.czi,Ran_ado,158.14,12409.0,8309.0,12,22,59.9,0.869,20251031_081_pol_pro_Ran_ado_2025_19_Colorado2025_x011776_y007680
Unknown_Sample,20251031_081_pol_pro_Ran_ado_2025_19_Colorado2025.czi,Ran_ado,597.94,12717.0,8027.0,31,32,105.6,0.964,20251031_081_pol_pro_Ran_ado_2025_19_Colorado2025_x012288_y007680
Unknown_Sample,20251031_081_pol_pro_Ran_ado_2025_19_Colorado2025.czi,Ran_ado,581.01,12547.0,8237.0,31,31,105.94,0.963,20251031_081_pol_pro_Ran_ado_2025_19_Colorado2025_x012288_y007680
Unknown_Sample,20251031_081_pol_pro_Ran_ado_2025_19_Colorado2025.czi,Ran_ado,485.59,12414.0,8125.0,28,28,93.94,0.963,20251031_081_pol_pro_Ran_ado_2025_19_Colorado2025_x012288_y007680
Unknown_Sample,20251031_081_pol_pro_Ran_ado_2025_19_Colorado2025.czi,Ran_ado,583.32,12599.0,8051.0,31,31,103.6,0.962,20251031_081_pol_pro_Ran_ado_2025_19_Colorado2025_x012288_y007680
Unknown_Sample,20251031_081_pol_pro_Ran_ado_2025_19_Colorado2025.czi,Ran_ado,605.64,12850.0,7710.0,33,31,106.43,0.962,20251031_081_pol_pro_Ran_ado_2025_19_Colorado2025_x012288_y007680
Unknown_Sample,20251031_081_pol_pro_Ran_ado_2025_19_Colorado2025.czi,Ran_ado,535.22,12448.0,7740.0,30,29,98.18,0.959,20251031_081_pol_pro_Ran_ado_2025_19_Colorado2025_x012288_y007680
Unknown_Sample,20251031_081_pol_pro_Ran_ado_2025_19_Colorado2025.czi,Ran_ado,539.84,12613.0,7779.0,30,30,99.01,0.959,20251031_081_pol_pro_Ran_ado_2025_19_Colorado2025_x012288_y007680
Unknown_Sample,20251031_081_pol_pro_Ran_ado_2025_19_Colorado2025.czi,Ran_ado,364.0,12297.0,7993.0,19,31,86.63,0.957,20251031_081_pol_pro_Ran_ado_2025_19_Colorado2025_x012288_y007680
Unknown_Sample,20251031_081_pol_pro_Ran_ado_2025_19_Colorado2025.czi,Ran_ado,432.1,12418.0,8309.0,31,22,94.38,0.936,20251031_081_pol_pro_Ran_ado_2025_19_Colorado2025_x012288_y007680
Unknown_Sample,20251031_081_pol_pro_Ran_ado_2025_19_Colorado2025.czi,Ran_ado,620.26,13065.0,7895.0,34,30,107.6,0.963,20251031_081_pol_pro_Ran_ado_2025_19_Colorado2025_x012800_y007680
Unknown_Sample,20251031_081_pol_pro_Ran_ado_2025_19_Colorado2025.czi,Ran_ado,608.33,12850.0,7710.0,33,31,105.84,0.962,20251031_081_pol_pro_Ran_ado_2025_19_Colorado2025_x012800_y007680
Unknown_Sample,20251031_081_pol_pro_Ran_ado_2025_19_Colorado2025.czi,Ran_ado,575.63,13107.0,8291.0,31,30,102.77,0.961,20251031_081_pol_pro_Ran_ado_2025_19_Colorado2025_x012800_y007680
Unknown_Sample,20251031_081_pol_pro_Ran_ado_2025_19_Colorado2025.czi,Ran_ado,565.24,13208.0,7876.0,31,30,99.84,0.961,20251031_081_pol_pro_Ran_ado_2025_19_Colorado2025_x012800_y007680
Unknown_Sample,20251031_081_pol_pro_Ran_ado_2025_19_Colorado2025.czi,Ran_ado,584.48,13236.0,7958.0,28,34,103.01,0.96,20251031_081_pol_pro_Ran_ado_2025_19_Colorado2025_x012800_y007680
Unknown_Sample,20251031_081_pol_pro_Ran_ado_2025_19_Colorado2025.czi,Ran_ado,544.46,12961.0,7943.0,32,28,100.18,0.959,20251031_081_pol_pro_Ran_ado_2025_19_Colorado2025_x012800_y007680
Unknown_Sample,20251031_081_pol_pro_Ran_ado_2025_19_Colorado2025.czi,Ran_ado,526.76,13126.0,8126.0,31,29,100.18,0.958,20251031_081_pol_pro_Ran_ado_2025_19_Colorado2025_x012800_y007680
Unknown_Sample,20251031_081_pol_pro_Ran_ado_2025_19_Colorado2025.czi,Ran_ado,511.75,12977.0,7711.0,28,30,97.94,0.957,20251031_081_pol_pro_Ran_ado_2025_19_Colorado2025_x012800_y007680
Unknown_Sample,20251031_081_pol_pro_Ran_ado_2025_19_Colorado2025.czi,Ran_ado,604.87,12941.0,7785.0,31,33,105.25,0.955,20251031_081_pol_pro_Ran_ado_2025_19_Colorado2025_x012800_y007680
Unknown_Sample,20251031_081_pol_pro_Ran_ado_2025_19_Colorado2025.czi,Ran_ado,609.1,13929.0,8043.0,32,31,105.01,0.962,20251031_081_pol_pro_Ran_ado_2025_19_Colorado2025_x013312_y007680
Unknown_Sample,20251031_081_pol_pro_Ran_ado_2025_19_Colorado2025.czi,Ran_ado,578.32,13834.0,7791.0,30,32,103.01,0.962,20251031_081_pol_pro_Ran_ado_2025_19_Colorado2025_x013312_y007680
Unknown_Sample,20251031_081_pol_pro_Ran_ado_2025_19_Colorado2025.czi,Ran_ado,569.85,13778.0,7736.0,33,29,101.84,0.961,20251031_081_pol_pro_Ran_ado_2025_19_Colorado2025_x013312_y007680
Unknown_Sample,20251031_081_pol_pro_Ran_ado_2025_19_Colorado2025.czi,Ran_ado,574.86,13770.0,7795.0,33,29,103.6,0.96,20251031_081_pol_pro_Ran_ado_2025_19_Colorado2025_x013312_y007680
Unknown_Sample,20251031_081_pol_pro_Ran_ado_2025_19_Colorado2025.czi,Ran_ado,554.85,13448.0,7721.0,30,30,100.77,0.96,20251031_081_pol_pro_Ran_ado_2025_19_Colorado2025_x013312_y007680
Unknown_Sample,20251031_081_pol_pro_Ran_ado_2025_19_Colorado2025.czi,Ran_ado,578.32,13446.0,7838.0,30,32,103.01,0.958,20251031_081_pol_pro_Ran_ado_2025_19_Colorado2025_x013312_y007680
Unknown_Sample,20251031_081_pol_pro_Ran_ado_2025_19_Colorado2025.czi,Ran_ado,607.56,14027.0,7982.0,31,32,105.01,0.966,20251031_081_pol_pro_Ran_ado_2025_19_Colorado2025_x013824_y007680
Unknown_Sample,20251031_081_pol_pro_Ran_ado_2025_19_Colorado2025.czi,Ran_ado,528.3,14241.0,7983.0,27,31,98.53,0.965,20251031_081_pol_pro_Ran_ado_2025_19_Colorado2025_x013824_y007680
Unknown_Sample,20251031_081_pol_pro_Ran_ado_2025_19_Colorado2025.czi,Ran_ado,609.49,14202.0,8123.0,29,35,107.6,0.964,20251031_081_pol_pro_Ran_ado_2025_19_Colorado2025_x013824_y007680
Unknown_Sample,20251031_081_pol_pro_Ran_ado_2025_19_Colorado2025.czi,Ran_ado,511.75,13836.0,7791.0,26,32,99.11,0.964,20251031_081_pol_pro_Ran_ado_2025_19_Colorado2025_x013824_y007680
Unknown_Sample,20251031_081_pol_pro_Ran_ado_2025_19_Colorado2025.czi,Ran_ado,609.1,13929.0,8043.0,32,31,105.01,0.963,20251031_081_pol_pro_Ran_ado_2025_19_Colorado2025_x013824_y007680
Unknown_Sample,20251031_081_pol_pro_Ran_ado_2025_19_Colorado2025.czi,Ran_ado,602.56,14069.0,8047.0,30,34,106.43,0.961,20251031_081_pol_pro_Ran_ado_2025_19_Colorado2025_x013824_y007680
Unknown_Sample,20251031_081_pol_pro_Ran_ado_2025_19_Colorado2025.czi,Ran_ado,435.57,14407.0,7690.0,32,22,94.63,0.957,20251031_081_pol_pro_Ran_ado_2025_19_Colorado2025_x013824_y007680
Unknown_Sample,20251031_081_pol_pro_Ran_ado_2025_19_Colorado2025.czi,Ran_ado,578.32,14285.0,8075.0,30,33,105.01,0.944,20251031_081_pol_pro_Ran_ado_2025_19_Colorado2025_x013824_y007680
Unknown_Sample,20251031_081_pol_pro_Ran_ado_2025_19_Colorado2025.czi,Ran_ado,469.81,14283.0,8105.0,29,27,92.18,0.942,20251031_081_pol_pro_Ran_ado_2025_19_Colorado2025_x013824_y007680
Unknown_Sample,20251031_081_pol_pro_Ran_ado_2025_19_Colorado2025.czi,Ran_ado,379.01,14454.0,7829.0,20,30,89.56,0.927,20251031_081_pol_pro_Ran_ado_2025_19_Colorado2025_x013824_y007680
Unknown_Sample,20251031_081_pol_pro_Ran_ado_2025_19_Colorado2025.czi,Ran_ado,641.04,14547.0,8282.0,33,32,109.6,0.962,20251031_081_pol_pro_Ran_ado_2025_19_Colorado2025_x014336_y007680
Unknown_Sample,20251031_081_pol_pro_Ran_ado_2025_19_Colorado2025.czi,Ran_ado,542.54,14458.0,7829.0,30,30,101.94,0.961,20251031_081_pol_pro_Ran_ado_2025_19_Colorado2025_x014336_y007680
Unknown_Sample,20251031_081_pol_pro_Ran_ado_2025_19_Colorado2025.czi,Ran_ado,497.52,14530.0,8091.0,29,28,94.18,0.96,20251031_081_pol_pro_Ran_ado_2025_19_Colorado2025_x014336_y007680
Unknown_Sample,20251031_081_pol_pro_Ran_ado_2025_19_Colorado2025.czi,Ran_ado,567.93,14869.0,8203.0,32,29,101.6,0.958,20251031_081_pol_pro_Ran_ado_2025_19_Colorado2025_x014336_y007680
Unknown_Sample,20251031_081_pol_pro_Ran_ado_2025_19_Colorado2025.czi,Ran_ado,617.57,14780.0,7783.0,32,32,107.01,0.958,20251031_081_pol_pro_Ran_ado_2025_19_Colorado2025_x014336_y007680
Unknown_Sample,20251031_081_pol_pro_Ran_ado_2025_19_Colorado2025.czi,Ran_ado,552.92,14736.0,7874.0,29,31,100.18,0.957,20251031_081_pol_pro_Ran_ado_2025_19_Colorado2025_x014336_y007680
Unknown_Sample,20251031_081_pol_pro_Ran_ado_2025_19_Colorado2025.czi,Ran_ado,435.57,14407.0,7690.0,32,22,94.63,0.957,20251031_081_pol_pro_Ran_ado_2025_19_Colorado2025_x014336_y007680
Unknown_Sample,20251031_081_pol_pro_Ran_ado_2025_19_Colorado2025.czi,Ran_ado,562.93,15092.0,8093.0,30,31,102.18,0.963,20251031_081_pol_pro_Ran_ado_2025_19_Colorado2025_x014848_y007680
Unknown_Sample,20251031_081_pol_pro_Ran_ado_2025_19_Colorado2025.czi,Ran_ado,574.86,15034.0,7959.0,32,30,103.6,0.96,20251031_081_pol_pro_Ran_ado_2025_19_Colorado2025_x014848_y007680
Unknown_Sample,20251031_081_pol_pro_Ran_ado_2025_19_Colorado2025.czi,Ran_ado,511.75,15161.0,8223.0,29,30,97.6,0.959,20251031_081_pol_pro_Ran_ado_2025_19_Colorado2025_x014848_y007680
Unknown_Sample,20251031_081_pol_pro_Ran_ado_2025_19_Colorado2025.czi,Ran_ado,566.01,14869.0,8203.0,32,29,101.01,0.959,20251031_081_pol_pro_Ran_ado_2025_19_Colorado2025_x014848_y007680
Unknown_Sample,20251031_081_pol_pro_Ran_ado_2025_19_Colorado2025.czi,Ran_ado,600.25,15071.0,8235.0,34,29,104.43,0.955,20251031_081_pol_pro_Ran_ado_2025_19_Colorado2025_x014848_y007680
Unknown_Sample,20251031_081_pol_pro_Ran_ado_2025_19_Colorado2025.czi,Ran_ado,247.41,15089.0,8261.0,19,22,69.21,0.912,20251031_081_pol_pro_Ran_ado_2025_19_Colorado2025_x014848_y007680
Unknown_Sample,20251031_081_pol_pro_Ran_ado_2025_19_Colorado2025.czi,Ran_ado,627.96,15538.0,7859.0,32,32,108.77,0.964,20251031_081_pol_pro_Ran_ado_2025_19_Colorado2025_x015360_y007680
Unknown_Sample,20251031_081_pol_pro_Ran_ado_2025_19_Colorado2025.czi,Ran_ado,652.97,15697.0,8014.0,31,34,109.01,0.962,20251031_081_pol_pro_Ran_ado_2025_19_Colorado2025_x015360_y007680
Unknown_Sample,20251031_081_pol_pro_Ran_ado_2025_19_Colorado2025.czi,Ran_ado,591.02,15769.0,8020.0,32,30,104.77,0.962,20251031_081_pol_pro_Ran_ado_2025_19_Colorado2025_x015360_y007680
Unknown_Sample,20251031_081_pol_pro_Ran_ado_2025_19_Colorado2025.czi,Ran_ado,569.08,15697.0,7803.0,34,28,101.84,0.954,20251031_081_pol_pro_Ran_ado_2025_19_Colorado2025_x015360_y007680
Unknown_Sample,20251031_081_pol_pro_Ran_ado_2025_19_Colorado2025.czi,Ran_ado,260.88,15919.0,7774.0,23,19,71.8,0.943,20251031_081_pol_pro_Ran_ado_2025_19_Colorado2025_x015360_y007680
Unknown_Sample,20251031_081_pol_pro_Ran_ado_2025_19_Colorado2025.czi,Ran_ado,504.06,16072.0,7896.0,30,28,96.77,0.938,20251031_081_pol_pro_Ran_ado_2025_19_Colorado2025_x015872_y007680
Unknown_Sample,20251031_081_pol_pro_Ran_ado_2025_19_Colorado2025.czi,Ran_ado,270.11,15919.0,7774.0,24,19,72.63,0.929,20251031_081_pol_pro_Ran_ado_2025_19_Colorado2025_x015872_y007680
Unknown_Sample,20251031_081_pol_pro_Ran_ado_2025_19_Colorado2025.czi,Ran_ado,387.85,16341.0,7950.0,24,27,85.11,0.92,20251031_081_pol_pro_Ran_ado_2025_19_Colorado2025_x015872_y007680
Unknown_Sample,20251031_081_pol_pro_Ran_ado_2025_19_Colorado2025.czi,Ran_ado,529.07,16671.0,7909.0,29,29,97.36,0.937,20251031_081_pol_pro_Ran_ado_2025_19_Colorado2025_x016384_y007680
Unknown_Sample,20251031_081_pol_pro_Ran_ado_2025_19_Colorado2025.czi,Ran_ado,354.38,16823.0,8310.0,29,20,86.38,0.887,20251031_081_pol_pro_Ran_ado_2025_19_Colorado2025_x016384_y007680
Unknown_Sample,20251031_081_pol_pro_Ran_ado_2025_19_Colorado2025.czi,Ran_ado,323.21,16938.0,8311.0,30,17,82.97,0.88,20251031_081_pol_pro_Ran_ado_2025_19_Colorado2025_x016384_y007680
Unknown_Sample,20251031_081_pol_pro_Ran_ado_2025_19_Colorado2025.czi,Ran_ado,502.13,17299.0,7893.0,32,26,96.18,0.93,20251031_081_pol_pro_Ran_ado_2025_19_Colorado2025_x016896_y007680
Unknown_Sample,20251031_081_pol_pro_Ran_ado_2025_19_Colorado2025.czi,Ran_ado,429.03,17413.0,7832.0,28,25,88.53,0.915,20251031_081_pol_pro_Ran_ado_2025_19_Colorado2025_x016896_y007680
Unknown_Sample,20251031_081_pol_pro_Ran_ado_2025_19_Colorado2025.czi,Ran_ado,323.6,16938.0,8311.0,30,17,83.56,0.879,20251031_081_pol_pro_Ran_ado_2025_19_Colorado2025_x016896_y007680
Unknown_Sample,20251031_081_pol_pro_Ran_ado_2025_19_Colorado2025.czi,Ran_ado,280.5,17417.0,7832.0,19,24,74.38,0.89,20251031_081_pol_pro_Ran_ado_2025_19_Colorado2025_x017408_y007680
Unknown_Sample,20251031_081_pol_pro_Ran_ado_2025_19_Colorado2025.czi,Ran_ado,522.53,1276.0,8443.0,31,28,97.6,0.954,20251031_081_pol_pro_Ran_ado_2025_19_Colorado2025_x001024_y008192
Unknown_Sample,20251031_081_pol_pro_Ran_ado_2025_19_Colorado2025.czi,Ran_ado,563.31,2112.0,8321.0,31,30,101.6,0.959,20251031_081_pol_pro_Ran_ado_2025_19_Colorado2025_x001536_y008192
Unknown_Sample,20251031_081_pol_pro_Ran_ado_2025_19_Colorado2025.czi,Ran_ado,560.23,1964.0,8343.0,31,29,100.77,0.957,20251031_081_pol_pro_Ran_ado_2025_19_Colorado2025_x001536_y008192
Unknown_Sample,20251031_081_pol_pro_Ran_ado_2025_19_Colorado2025.czi,Ran_ado,435.95,2159.0,8778.0,26,29,89.01,0.944,20251031_081_pol_pro_Ran_ado_2025_19_Colorado2025_x001536_y008192
Unknown_Sample,20251031_081_pol_pro_Ran_ado_2025_19_Colorado2025.czi,Ran_ado,587.55,2346.0,8358.0,32,31,105.01,0.961,20251031_081_pol_pro_Ran_ado_2025_19_Colorado2025_x002048_y008192
Unknown_Sample,20251031_081_pol_pro_Ran_ado_2025_19_Colorado2025.czi,Ran_ado,560.62,2112.0,8321.0,31,30,101.01,0.959,20251031_081_pol_pro_Ran_ado_2025_19_Colorado2025_x002048_y008192
Unknown_Sample,20251031_081_pol_pro_Ran_ado_2025_19_Colorado2025.czi,Ran_ado,505.21,2299.0,8338.0,30,27,96.53,0.959,20251031_081_pol_pro_Ran_ado_2025_19_Colorado2025_x002048_y008192
Unknown_Sample,20251031_081_pol_pro_Ran_ado_2025_19_Colorado2025.czi,Ran_ado,432.1,2159.0,8778.0,26,29,89.01,0.949,20251031_081_pol_pro_Ran_ado_2025_19_Colorado2025_x002048_y008192
Unknown_Sample,20251031_081_pol_pro_Ran_ado_2025_19_Colorado2025.czi,Ran_ado,528.68,2748.0,8578.0,30,28,97.94,0.958,20251031_081_pol_pro_Ran_ado_2025_19_Colorado2025_x002560_y008192
Unknown_Sample,20251031_081_pol_pro_Ran_ado_2025_19_Colorado2025.czi,Ran_ado,562.93,2944.0,8426.0,32,30,101.84,0.957,20251031_081_pol_pro_Ran_ado_2025_19_Colorado2025_x002560_y008192
Unknown_Sample,20251031_081_pol_pro_Ran_ado_2025_19_Colorado2025.czi,Ran_ado,444.42,3105.0,8737.0,28,26,91.7,0.953,20251031_081_pol_pro_Ran_ado_2025_19_Colorado2025_x002560_y008192
Unknown_Sample,20251031_081_pol_pro_Ran_ado_2025_19_Colorado2025.czi,Ran_ado,524.84,3309.0,8517.0,29,30,98.77,0.961,20251031_081_pol_pro_Ran_ado_2025_19_Colorado2025_x003072_y008192
Unknown_Sample,20251031_081_pol_pro_Ran_ado_2025_19_Colorado2025.czi,Ran_ado,544.46,3644.0,8717.0,29,31,100.18,0.956,20251031_081_pol_pro_Ran_ado_2025_19_Colorado2025_x003072_y008192
Unknown_Sample,20251031_081_pol_pro_Ran_ado_2025_19_Colorado2025.czi,Ran_ado,444.42,3105.0,8737.0,28,26,91.7,0.953,20251031_081_pol_pro_Ran_ado_2025_19_Colorado2025_x003072_y008192
Unknown_Sample,20251031_081_pol_pro_Ran_ado_2025_19_Colorado2025.czi,Ran_ado,546.38,3644.0,8717.0,29,31,100.77,0.955,20251031_081_pol_pro_Ran_ado_2025_19_Colorado2025_x003584_y008192
Unknown_Sample,20251031_081_pol_pro_Ran_ado_2025_19_Colorado2025.czi,Ran_ado,529.45,4361.0,8521.0,28,30,99.11,0.961,20251031_081_pol_pro_Ran_ado_2025_19_Colorado2025_x004096_y008192
Unknown_Sample,20251031_081_pol_pro_Ran_ado_2025_19_Colorado2025.czi,Ran_ado,500.59,4698.0,8431.0,26,32,96.18,0.958,20251031_081_pol_pro_Ran_ado_2025_19_Colorado2025_x004096_y008192
Unknown_Sample,20251031_081_pol_pro_Ran_ado_2025_19_Colorado2025.czi,Ran_ado,516.76,4537.0,8753.0,28,30,97.36,0.958,20251031_081_pol_pro_Ran_ado_2025_19_Colorado2025_x004096_y008192
Unknown_Sample,20251031_081_pol_pro_Ran_ado_2025_19_Colorado2025.czi,Ran_ado,262.42,4626.0,8665.0,20,22,70.63,0.937,20251031_081_pol_pro_Ran_ado_2025_19_Colorado2025_x004096_y008192
Unknown_Sample,20251031_081_pol_pro_Ran_ado_2025_19_Colorado2025.czi,Ran_ado,574.86,5086.0,8235.0,32,29,102.77,0.96,20251031_081_pol_pro_Ran_ado_2025_19_Colorado2025_x004608_y008192
Unknown_Sample,20251031_081_pol_pro_Ran_ado_2025_19_Colorado2025.czi,Ran_ado,493.67,4832.0,8204.0,32,25,97.7,0.96,20251031_081_pol_pro_Ran_ado_2025_19_Colorado2025_x004608_y008192
Unknown_Sample,20251031_081_pol_pro_Ran_ado_2025_19_Colorado2025.czi,Ran_ado,478.66,4954.0,8680.0,30,26,95.11,0.959,20251031_081_pol_pro_Ran_ado_2025_19_Colorado2025_x004608_y008192
Unknown_Sample,20251031_081_pol_pro_Ran_ado_2025_19_Colorado2025.czi,Ran_ado,500.59,4698.0,8431.0,26,32,96.18,0.959,20251031_081_pol_pro_Ran_ado_2025_19_Colorado2025_x004608_y008192
Unknown_Sample,20251031_081_pol_pro_Ran_ado_2025_19_Colorado2025.czi,Ran_ado,514.06,4880.0,8415.0,26,33,99.94,0.959,20251031_081_pol_pro_Ran_ado_2025_19_Colorado2025_x004608_y008192
Unknown_Sample,20251031_081_pol_pro_Ran_ado_2025_19_Colorado2025.czi,Ran_ado,559.85,5029.0,8766.0,29,32,102.18,0.958,20251031_081_pol_pro_Ran_ado_2025_19_Colorado2025_x004608_y008192
Unknown_Sample,20251031_081_pol_pro_Ran_ado_2025_19_Colorado2025.czi,Ran_ado,528.3,4862.0,8720.0,29,30,99.36,0.958,20251031_081_pol_pro_Ran_ado_2025_19_Colorado2025_x004608_y008192
Unknown_Sample,20251031_081_pol_pro_Ran_ado_2025_19_Colorado2025.czi,Ran_ado,519.83,4868.0,8210.0,29,29,98.53,0.957,20251031_081_pol_pro_Ran_ado_2025_19_Colorado2025_x004608_y008192
Unknown_Sample,20251031_081_pol_pro_Ran_ado_2025_19_Colorado2025.czi,Ran_ado,564.85,5163.0,8629.0,28,34,102.43,0.955,20251031_081_pol_pro_Ran_ado_2025_19_Colorado2025_x004608_y008192
Unknown_Sample,20251031_081_pol_pro_Ran_ado_2025_19_Colorado2025.czi,Ran_ado,576.4,4991.0,8288.0,28,35,105.6,0.955,20251031_081_pol_pro_Ran_ado_2025_19_Colorado2025_x004608_y008192
Unknown_Sample,20251031_081_pol_pro_Ran_ado_2025_19_Colorado2025.czi,Ran_ado,530.61,5201.0,8738.0,31,28,99.36,0.954,20251031_081_pol_pro_Ran_ado_2025_19_Colorado2025_x004608_y008192
Unknown_Sample,20251031_081_pol_pro_Ran_ado_2025_19_Colorado2025.czi,Ran_ado,585.63,4787.0,8562.0,32,32,105.25,0.943,20251031_081_pol_pro_Ran_ado_2025_19_Colorado2025_x004608_y008192
Unknown_Sample,20251031_081_pol_pro_Ran_ado_2025_19_Colorado2025.czi,Ran_ado,263.19,4626.0,8665.0,20,22,70.63,0.941,20251031_081_pol_pro_Ran_ado_2025_19_Colorado2025_x004608_y008192
Unknown_Sample,20251031_081_pol_pro_Ran_ado_2025_19_Colorado2025.czi,Ran_ado,592.17,5386.0,8435.0,32,31,103.84,0.962,20251031_081_pol_pro_Ran_ado_2025_19_Colorado2025_x005120_y008192
Unknown_Sample,20251031_081_pol_pro_Ran_ado_2025_19_Colorado2025.czi,Ran_ado,565.62,5163.0,8629.0,28,34,102.43,0.956,20251031_081_pol_pro_Ran_ado_2025_19_Colorado2025_x005120_y008192
Unknown_Sample,20251031_081_pol_pro_Ran_ado_2025_19_Colorado2025.czi,Ran_ado,531.38,5201.0,8738.0,31,28,99.36,0.955,20251031_081_pol_pro_Ran_ado_2025_19_Colorado2025_x005120_y008192
Unknown_Sample,20251031_081_pol_pro_Ran_ado_2025_19_Colorado2025.czi,Ran_ado,459.04,5408.0,8738.0,30,25,92.53,0.947,20251031_081_pol_pro_Ran_ado_2025_19_Colorado2025_x005120_y008192
Unknown_Sample,20251031_081_pol_pro_Ran_ado_2025_19_Colorado2025.czi,Ran_ado,585.63,5568.0,8217.0,32,30,104.77,0.935,20251031_081_pol_pro_Ran_ado_2025_19_Colorado2025_x005120_y008192
Unknown_Sample,20251031_081_pol_pro_Ran_ado_2025_19_Colorado2025.czi,Ran_ado,111.97,5279.0,8691.0,14,14,46.73,0.924,20251031_081_pol_pro_Ran_ado_2025_19_Colorado2025_x005120_y008192
Unknown_Sample,20251031_081_pol_pro_Ran_ado_2025_19_Colorado2025.czi,Ran_ado,524.45,6113.0,8507.0,29,29,97.36,0.962,20251031_081_pol_pro_Ran_ado_2025_19_Colorado2025_x005632_y008192
Unknown_Sample,20251031_081_pol_pro_Ran_ado_2025_19_Colorado2025.czi,Ran_ado,643.73,6250.0,8524.0,33,32,109.01,0.962,20251031_081_pol_pro_Ran_ado_2025_19_Colorado2025_x005632_y008192
Unknown_Sample,20251031_081_pol_pro_Ran_ado_2025_19_Colorado2025.czi,Ran_ado,595.25,6116.0,8557.0,33,31,105.84,0.962,20251031_081_pol_pro_Ran_ado_2025_19_Colorado2025_x005632_y008192
Unknown_Sample,20251031_081_pol_pro_Ran_ado_2025_19_Colorado2025.czi,Ran_ado,478.28,6154.0,8612.0,26,30,92.18,0.961,20251031_081_pol_pro_Ran_ado_2025_19_Colorado2025_x005632_y008192
Unknown_Sample,20251031_081_pol_pro_Ran_ado_2025_19_Colorado2025.czi,Ran_ado,582.94,6096.0,8248.0,30,33,103.84,0.96,20251031_081_pol_pro_Ran_ado_2025_19_Colorado2025_x005632_y008192
Unknown_Sample,20251031_081_pol_pro_Ran_ado_2025_19_Colorado2025.czi,Ran_ado,528.3,5887.0,8639.0,30,30,99.01,0.958,20251031_081_pol_pro_Ran_ado_2025_19_Colorado2025_x005632_y008192
Unknown_Sample,20251031_081_pol_pro_Ran_ado_2025_19_Colorado2025.czi,Ran_ado,448.65,5781.0,8515.0,28,27,91.94,0.956,20251031_081_pol_pro_Ran_ado_2025_19_Colorado2025_x005632_y008192
Unknown_Sample,20251031_081_pol_pro_Ran_ado_2025_19_Colorado2025.czi,Ran_ado,568.7,6234.0,8578.0,32,30,104.43,0.955,20251031_081_pol_pro_Ran_ado_2025_19_Colorado2025_x005632_y008192
Unknown_Sample,20251031_081_pol_pro_Ran_ado_2025_19_Colorado2025.czi,Ran_ado,575.63,5938.0,8590.0,33,30,103.25,0.942,20251031_081_pol_pro_Ran_ado_2025_19_Colorado2025_x005632_y008192
Unknown_Sample,20251031_081_pol_pro_Ran_ado_2025_19_Colorado2025.czi,Ran_ado,668.36,5930.0,8622.0,34,32,109.84,0.94,20251031_081_pol_pro_Ran_ado_2025_19_Colorado2025_x005632_y008192
Unknown_Sample,20251031_081_pol_pro_Ran_ado_2025_19_Colorado2025.czi,Ran_ado,336.68,6262.0,8596.0,19,28,83.56,0.896,20251031_081_pol_pro_Ran_ado_2025_19_Colorado2025_x005632_y008192
Unknown_Sample,20251031_081_pol_pro_Ran_ado_2025_19_Colorado2025.czi,Ran_ado,435.95,6155.0,8612.0,23,30,90.87,0.964,20251031_081_pol_pro_Ran_ado_2025_19_Colorado2025_x006144_y008192
Unknown_Sample,20251031_081_pol_pro_Ran_ado_2025_19_Colorado2025.czi,Ran_ado,495.59,6297.0,8468.0,28,29,95.94,0.963,20251031_081_pol_pro_Ran_ado_2025_19_Colorado2025_x006144_y008192
Unknown_Sample,20251031_081_pol_pro_Ran_ado_2025_19_Colorado2025.czi,Ran_ado,642.96,6250.0,8524.0,33,32,109.01,0.963,20251031_081_pol_pro_Ran_ado_2025_19_Colorado2025_x006144_y008192
Unknown_Sample,20251031_081_pol_pro_Ran_ado_2025_19_Colorado2025.czi,Ran_ado,558.31,6475.0,8267.0,32,29,101.01,0.961,20251031_081_pol_pro_Ran_ado_2025_19_Colorado2025_x006144_y008192
Unknown_Sample,20251031_081_pol_pro_Ran_ado_2025_19_Colorado2025.czi,Ran_ado,519.83,6522.0,8717.0,28,31,98.18,0.958,20251031_081_pol_pro_Ran_ado_2025_19_Colorado2025_x006144_y008192
Unknown_Sample,20251031_081_pol_pro_Ran_ado_2025_19_Colorado2025.czi,Ran_ado,570.62,6235.0,8578.0,32,30,103.01,0.956,20251031_081_pol_pro_Ran_ado_2025_19_Colorado2025_x006144_y008192
Unknown_Sample,20251031_081_pol_pro_Ran_ado_2025_19_Colorado2025.czi,Ran_ado,389.39,6362.0,8564.0,25,25,84.28,0.954,20251031_081_pol_pro_Ran_ado_2025_19_Colorado2025_x006144_y008192
Unknown_Sample,20251031_081_pol_pro_Ran_ado_2025_19_Colorado2025.czi,Ran_ado,400.17,6264.0,8596.0,24,28,87.11,0.944,20251031_081_pol_pro_Ran_ado_2025_19_Colorado2025_x006144_y008192
Unknown_Sample,20251031_081_pol_pro_Ran_ado_2025_19_Colorado2025.czi,Ran_ado,494.82,6835.0,8722.0,27,30,95.94,0.959,20251031_081_pol_pro_Ran_ado_2025_19_Colorado2025_x006656_y008192
Unknown_Sample,20251031_081_pol_pro_Ran_ado_2025_19_Colorado2025.czi,Ran_ado,451.73,7073.0,8356.0,27,27,92.28,0.959,20251031_081_pol_pro_Ran_ado_2025_19_Colorado2025_x006656_y008192
Unknown_Sample,20251031_081_pol_pro_Ran_ado_2025_19_Colorado2025.czi,Ran_ado,527.14,7021.0,8422.0,30,29,99.94,0.958,20251031_081_pol_pro_Ran_ado_2025_19_Colorado2025_x006656_y008192
Unknown_Sample,20251031_081_pol_pro_Ran_ado_2025_19_Colorado2025.czi,Ran_ado,612.95,7491.0,8228.0,31,32,105.01,0.967,20251031_081_pol_pro_Ran_ado_2025_19_Colorado2025_x007168_y008192
Unknown_Sample,20251031_081_pol_pro_Ran_ado_2025_19_Colorado2025.czi,Ran_ado,578.32,7775.0,8242.0,32,30,104.18,0.962,20251031_081_pol_pro_Ran_ado_2025_19_Colorado2025_x007168_y008192
Unknown_Sample,20251031_081_pol_pro_Ran_ado_2025_19_Colorado2025.czi,Ran_ado,522.14,7667.0,8644.0,30,29,97.01,0.959,20251031_081_pol_pro_Ran_ado_2025_19_Colorado2025_x007168_y008192
Unknown_Sample,20251031_081_pol_pro_Ran_ado_2025_19_Colorado2025.czi,Ran_ado,533.69,7341.0,8345.0,33,26,99.36,0.958,20251031_081_pol_pro_Ran_ado_2025_19_Colorado2025_x007168_y008192
Unknown_Sample,20251031_081_pol_pro_Ran_ado_2025_19_Colorado2025.czi,Ran_ado,272.04,7473.0,8631.0,24,21,73.7,0.937,20251031_081_pol_pro_Ran_ado_2025_19_Colorado2025_x007168_y008192
Unknown_Sample,20251031_081_pol_pro_Ran_ado_2025_19_Colorado2025.czi,Ran_ado,455.19,7992.0,8365.0,27,27,91.7,0.963,20251031_081_pol_pro_Ran_ado_2025_19_Colorado2025_x007680_y008192
Unknown_Sample,20251031_081_pol_pro_Ran_ado_2025_19_Colorado2025.czi,Ran_ado,519.83,8002.0,8446.0,29,30,99.36,0.963,20251031_081_pol_pro_Ran_ado_2025_19_Colorado2025_x007680_y008192
Unknown_Sample,20251031_081_pol_pro_Ran_ado_2025_19_Colorado2025.czi,Ran_ado,577.55,7775.0,8242.0,32,30,104.18,0.962,20251031_081_pol_pro_Ran_ado_2025_19_Colorado2025_x007680_y008192
Unknown_Sample,20251031_081_pol_pro_Ran_ado_2025_19_Colorado2025.czi,Ran_ado,562.16,7836.0,8684.0,31,30,102.18,0.962,20251031_081_pol_pro_Ran_ado_2025_19_Colorado2025_x007680_y008192
Unknown_Sample,20251031_081_pol_pro_Ran_ado_2025_19_Colorado2025.czi,Ran_ado,587.94,8026.0,8773.0,30,32,103.6,0.959,20251031_081_pol_pro_Ran_ado_2025_19_Colorado2025_x007680_y008192
Unknown_Sample,20251031_081_pol_pro_Ran_ado_2025_19_Colorado2025.czi,Ran_ado,505.21,8228.0,8480.0,28,30,95.01,0.958,20251031_081_pol_pro_Ran_ado_2025_19_Colorado2025_x007680_y008192
Unknown_Sample,20251031_081_pol_pro_Ran_ado_2025_19_Colorado2025.czi,Ran_ado,559.85,8096.0,8479.0,30,31,101.01,0.957,20251031_081_pol_pro_Ran_ado_2025_19_Colorado2025_x007680_y008192
Unknown_Sample,20251031_081_pol_pro_Ran_ado_2025_19_Colorado2025.czi,Ran_ado,414.79,7958.0,8643.0,25,27,87.11,0.955,20251031_081_pol_pro_Ran_ado_2025_19_Colorado2025_x007680_y008192
Unknown_Sample,20251031_081_pol_pro_Ran_ado_2025_19_Colorado2025.czi,Ran_ado,484.82,8299.0,8649.0,28,29,95.94,0.955,20251031_081_pol_pro_Ran_ado_2025_19_Colorado2025_x007680_y008192
Unknown_Sample,20251031_081_pol_pro_Ran_ado_2025_19_Colorado2025.czi,Ran_ado,527.91,8406.0,8500.0,29,30,98.77,0.963,20251031_081_pol_pro_Ran_ado_2025_19_Colorado2025_x008192_y008192
Unknown_Sample,20251031_081_pol_pro_Ran_ado_2025_19_Colorado2025.czi,Ran_ado,532.53,8719.0,8230.0,30,29,98.77,0.961,20251031_081_pol_pro_Ran_ado_2025_19_Colorado2025_x008192_y008192
Unknown_Sample,20251031_081_pol_pro_Ran_ado_2025_19_Colorado2025.czi,Ran_ado,566.78,8624.0,8324.0,30,30,101.36,0.96,20251031_081_pol_pro_Ran_ado_2025_19_Colorado2025_x008192_y008192
Unknown_Sample,20251031_081_pol_pro_Ran_ado_2025_19_Colorado2025.czi,Ran_ado,495.21,8665.0,8809.0,27,29,94.53,0.959,20251031_081_pol_pro_Ran_ado_2025_19_Colorado2025_x008192_y008192
Unknown_Sample,20251031_081_pol_pro_Ran_ado_2025_19_Colorado2025.czi,Ran_ado,593.71,8387.0,8743.0,30,33,103.84,0.958,20251031_081_pol_pro_Ran_ado_2025_19_Colorado2025_x008192_y008192
Unknown_Sample,20251031_081_pol_pro_Ran_ado_2025_19_Colorado2025.czi,Ran_ado,504.44,8228.0,8480.0,28,30,95.01,0.958,20251031_081_pol_pro_Ran_ado_2025_19_Colorado2025_x008192_y008192
Unknown_Sample,20251031_081_pol_pro_Ran_ado_2025_19_Colorado2025.czi,Ran_ado,499.82,8430.0,8699.0,28,30,96.18,0.958,20251031_081_pol_pro_Ran_ado_2025_19_Colorado2025_x008192_y008192
Unknown_Sample,20251031_081_pol_pro_Ran_ado_2025_19_Colorado2025.czi,Ran_ado,569.47,8456.0,8776.0,30,31,101.6,0.957,20251031_081_pol_pro_Ran_ado_2025_19_Colorado2025_x008192_y008192
Unknown_Sample,20251031_081_pol_pro_Ran_ado_2025_19_Colorado2025.czi,Ran_ado,484.05,8299.0,8649.0,28,29,95.94,0.956,20251031_081_pol_pro_Ran_ado_2025_19_Colorado2025_x008192_y008192
Unknown_Sample,20251031_081_pol_pro_Ran_ado_2025_19_Colorado2025.czi,Ran_ado,334.37,8355.0,8440.0,23,24,78.87,0.949,20251031_081_pol_pro_Ran_ado_2025_19_Colorado2025_x008192_y008192
Unknown_Sample,20251031_081_pol_pro_Ran_ado_2025_19_Colorado2025.czi,Ran_ado,481.74,8761.0,8811.0,29,28,95.94,0.936,20251031_081_pol_pro_Ran_ado_2025_19_Colorado2025_x008192_y008192
Unknown_Sample,20251031_081_pol_pro_Ran_ado_2025_19_Colorado2025.czi,Ran_ado,291.66,8738.0,8795.0,24,22,75.11,0.916,20251031_081_pol_pro_Ran_ado_2025_19_Colorado2025_x008192_y008192
Unknown_Sample,20251031_081_pol_pro_Ran_ado_2025_19_Colorado2025.czi,Ran_ado,586.4,9139.0,8603.0,31,31,102.43,0.967,20251031_081_pol_pro_Ran_ado_2025_19_Colorado2025_x008704_y008192
Unknown_Sample,20251031_081_pol_pro_Ran_ado_2025_19_Colorado2025.czi,Ran_ado,509.44,9123.0,8265.0,30,28,95.6,0.963,20251031_081_pol_pro_Ran_ado_2025_19_Colorado2025_x008704_y008192
Unknown_Sample,20251031_081_pol_pro_Ran_ado_2025_19_Colorado2025.czi,Ran_ado,550.23,9067.0,8379.0,30,30,100.77,0.963,20251031_081_pol_pro_Ran_ado_2025_19_Colorado2025_x008704_y008192
Unknown_Sample,20251031_081_pol_pro_Ran_ado_2025_19_Colorado2025.czi,Ran_ado,615.64,9028.0,8342.0,33,32,107.25,0.962,20251031_081_pol_pro_Ran_ado_2025_19_Colorado2025_x008704_y008192
Unknown_Sample,20251031_081_pol_pro_Ran_ado_2025_19_Colorado2025.czi,Ran_ado,581.4,9213.0,8604.0,31,32,105.01,0.962,20251031_081_pol_pro_Ran_ado_2025_19_Colorado2025_x008704_y008192
Unknown_Sample,20251031_081_pol_pro_Ran_ado_2025_19_Colorado2025.czi,Ran_ado,536.38,8719.0,8230.0,30,29,99.94,0.961,20251031_081_pol_pro_Ran_ado_2025_19_Colorado2025_x008704_y008192
Unknown_Sample,20251031_081_pol_pro_Ran_ado_2025_19_Colorado2025.czi,Ran_ado,503.67,9270.0,8682.0,29,29,96.18,0.957,20251031_081_pol_pro_Ran_ado_2025_19_Colorado2025_x008704_y008192
Unknown_Sample,20251031_081_pol_pro_Ran_ado_2025_19_Colorado2025.czi,Ran_ado,481.74,8761.0,8811.0,29,28,95.94,0.935,20251031_081_pol_pro_Ran_ado_2025_19_Colorado2025_x008704_y008192
Unknown_Sample,20251031_081_pol_pro_Ran_ado_2025_19_Colorado2025.czi,Ran_ado,293.58,8738.0,8795.0,24,22,75.7,0.914,20251031_081_pol_pro_Ran_ado_2025_19_Colorado2025_x008704_y008192
Unknown_Sample,20251031_081_pol_pro_Ran_ado_2025_19_Colorado2025.czi,Ran_ado,532.15,9650.0,8548.0,29,30,98.18,0.967,20251031_081_pol_pro_Ran_ado_2025_19_Colorado2025_x009216_y008192
Unknown_Sample,20251031_081_pol_pro_Ran_ado_2025_19_Colorado2025.czi,Ran_ado,612.56,9580.0,8547.0,33,32,107.25,0.966,20251031_081_pol_pro_Ran_ado_2025_19_Colorado2025_x009216_y008192
Unknown_Sample,20251031_081_pol_pro_Ran_ado_2025_19_Colorado2025.czi,Ran_ado,527.14,9490.0,8611.0,31,28,98.77,0.961,20251031_081_pol_pro_Ran_ado_2025_19_Colorado2025_x009216_y008192
Unknown_Sample,20251031_081_pol_pro_Ran_ado_2025_19_Colorado2025.czi,Ran_ado,540.23,9732.0,8521.0,28,32,99.6,0.959,20251031_081_pol_pro_Ran_ado_2025_19_Colorado2025_x009216_y008192
Unknown_Sample,20251031_081_pol_pro_Ran_ado_2025_19_Colorado2025.czi,Ran_ado,562.54,9448.0,8447.0,32,29,100.43,0.959,20251031_081_pol_pro_Ran_ado_2025_19_Colorado2025_x009216_y008192
Unknown_Sample,20251031_081_pol_pro_Ran_ado_2025_19_Colorado2025.czi,Ran_ado,531.76,9687.0,8626.0,29,31,99.6,0.959,20251031_081_pol_pro_Ran_ado_2025_19_Colorado2025_x009216_y008192
Unknown_Sample,20251031_081_pol_pro_Ran_ado_2025_19_Colorado2025.czi,Ran_ado,514.83,9542.0,8683.0,29,29,96.77,0.958,20251031_081_pol_pro_Ran_ado_2025_19_Colorado2025_x009216_y008192
Unknown_Sample,20251031_081_pol_pro_Ran_ado_2025_19_Colorado2025.czi,Ran_ado,548.69,9512.0,8582.0,32,29,101.6,0.958,20251031_081_pol_pro_Ran_ado_2025_19_Colorado2025_x009216_y008192
Unknown_Sample,20251031_081_pol_pro_Ran_ado_2025_19_Colorado2025.czi,Ran_ado,572.16,9767.0,8535.0,33,29,101.84,0.957,20251031_081_pol_pro_Ran_ado_2025_19_Colorado2025_x009216_y008192
Unknown_Sample,20251031_081_pol_pro_Ran_ado_2025_19_Colorado2025.czi,Ran_ado,503.67,9270.0,8682.0,29,29,96.18,0.957,20251031_081_pol_pro_Ran_ado_2025_19_Colorado2025_x009216_y008192
Unknown_Sample,20251031_081_pol_pro_Ran_ado_2025_19_Colorado2025.czi,Ran_ado,507.52,9523.0,8354.0,29,30,97.01,0.944,20251031_081_pol_pro_Ran_ado_2025_19_Colorado2025_x009216_y008192
Unknown_Sample,20251031_081_pol_pro_Ran_ado_2025_19_Colorado2025.czi,Ran_ado,578.7,9507.0,8382.0,30,34,106.43,0.942,20251031_081_pol_pro_Ran_ado_2025_19_Colorado2025_x009216_y008192
Unknown_Sample,20251031_081_pol_pro_Ran_ado_2025_19_Colorado2025.czi,Ran_ado,210.47,9221.0,8604.0,13,31,75.21,0.939,20251031_081_pol_pro_Ran_ado_2025_19_Colorado2025_x009216_y008192
Unknown_Sample,20251031_081_pol_pro_Ran_ado_2025_19_Colorado2025.czi,Ran_ado,573.32,10140.0,8369.0,34,28,103.6,0.963,20251031_081_pol_pro_Ran_ado_2025_19_Colorado2025_x009728_y008192
Unknown_Sample,20251031_081_pol_pro_Ran_ado_2025_19_Colorado2025.czi,Ran_ado,609.1,10267.0,8579.0,30,34,105.84,0.962,20251031_081_pol_pro_Ran_ado_2025_19_Colorado2025_x009728_y008192
Unknown_Sample,20251031_081_pol_pro_Ran_ado_2025_19_Colorado2025.czi,Ran_ado,562.93,9964.0,8708.0,32,29,101.01,0.96,20251031_081_pol_pro_Ran_ado_2025_19_Colorado2025_x009728_y008192
Unknown_Sample,20251031_081_pol_pro_Ran_ado_2025_19_Colorado2025.czi,Ran_ado,579.09,10097.0,8316.0,33,29,103.01,0.96,20251031_081_pol_pro_Ran_ado_2025_19_Colorado2025_x009728_y008192
Unknown_Sample,20251031_081_pol_pro_Ran_ado_2025_19_Colorado2025.czi,Ran_ado,572.16,9767.0,8535.0,33,29,101.84,0.956,20251031_081_pol_pro_Ran_ado_2025_19_Colorado2025_x009728_y008192
Unknown_Sample,20251031_081_pol_pro_Ran_ado_2025_19_Colorado2025.czi,Ran_ado,342.84,9736.0,8521.0,18,32,87.21,0.954,20251031_081_pol_pro_Ran_ado_2025_19_Colorado2025_x009728_y008192
Unknown_Sample,20251031_081_pol_pro_Ran_ado_2025_19_Colorado2025.czi,Ran_ado,608.33,10795.0,8481.0,33,31,107.01,0.964,20251031_081_pol_pro_Ran_ado_2025_19_Colorado2025_x010240_y008192
Unknown_Sample,20251031_081_pol_pro_Ran_ado_2025_19_Colorado2025.czi,Ran_ado,546.0,10834.0,8501.0,31,29,100.18,0.963,20251031_081_pol_pro_Ran_ado_2025_19_Colorado2025_x010240_y008192
Unknown_Sample,20251031_081_pol_pro_Ran_ado_2025_19_Colorado2025.czi,Ran_ado,609.1,10267.0,8579.0,30,34,105.84,0.962,20251031_081_pol_pro_Ran_ado_2025_19_Colorado2025_x010240_y008192
Unknown_Sample,20251031_081_pol_pro_Ran_ado_2025_19_Colorado2025.czi,Ran_ado,556.0,10461.0,8341.0,29,31,101.36,0.962,20251031_081_pol_pro_Ran_ado_2025_19_Colorado2025_x010240_y008192
Unknown_Sample,20251031_081_pol_pro_Ran_ado_2025_19_Colorado2025.czi,Ran_ado,591.02,10483.0,8237.0,32,31,104.43,0.961,20251031_081_pol_pro_Ran_ado_2025_19_Colorado2025_x010240_y008192
Unknown_Sample,20251031_081_pol_pro_Ran_ado_2025_19_Colorado2025.czi,Ran_ado,567.55,10809.0,8240.0,31,30,102.18,0.961,20251031_081_pol_pro_Ran_ado_2025_19_Colorado2025_x010240_y008192
Unknown_Sample,20251031_081_pol_pro_Ran_ado_2025_19_Colorado2025.czi,Ran_ado,604.1,10527.0,8382.0,33,30,105.6,0.961,20251031_081_pol_pro_Ran_ado_2025_19_Colorado2025_x010240_y008192
Unknown_Sample,20251031_081_pol_pro_Ran_ado_2025_19_Colorado2025.czi,Ran_ado,578.7,10752.0,8664.0,32,30,103.6,0.961,20251031_081_pol_pro_Ran_ado_2025_19_Colorado2025_x010240_y008192
Unknown_Sample,20251031_081_pol_pro_Ran_ado_2025_19_Colorado2025.czi,Ran_ado,544.07,10653.0,8430.0,31,30,101.6,0.96,20251031_081_pol_pro_Ran_ado_2025_19_Colorado2025_x010240_y008192
Unknown_Sample,20251031_081_pol_pro_Ran_ado_2025_19_Colorado2025.czi,Ran_ado,558.7,10508.0,8726.0,30,31,100.43,0.959,20251031_081_pol_pro_Ran_ado_2025_19_Colorado2025_x010240_y008192
Unknown_Sample,20251031_081_pol_pro_Ran_ado_2025_19_Colorado2025.czi,Ran_ado,546.0,10791.0,8588.0,33,27,101.36,0.959,20251031_081_pol_pro_Ran_ado_2025_19_Colorado2025_x010240_y008192
Unknown_Sample,20251031_081_pol_pro_Ran_ado_2025_19_Colorado2025.czi,Ran_ado,509.83,10392.0,8350.0,28,30,96.18,0.957,20251031_081_pol_pro_Ran_ado_2025_19_Colorado2025_x010240_y008192
Unknown_Sample,20251031_081_pol_pro_Ran_ado_2025_19_Colorado2025.czi,Ran_ado,508.29,10661.0,8469.0,29,29,98.53,0.939,20251031_081_pol_pro_Ran_ado_2025_19_Colorado2025_x010240_y008192
Unknown_Sample,20251031_081_pol_pro_Ran_ado_2025_19_Colorado2025.czi,Ran_ado,405.55,10488.0,8821.0,29,22,90.97,0.936,20251031_081_pol_pro_Ran_ado_2025_19_Colorado2025_x010240_y008192
Unknown_Sample,20251031_081_pol_pro_Ran_ado_2025_19_Colorado2025.czi,Ran_ado,547.15,10646.0,8496.0,31,31,101.25,0.927,20251031_081_pol_pro_Ran_ado_2025_19_Colorado2025_x010240_y008192
Unknown_Sample,20251031_081_pol_pro_Ran_ado_2025_19_Colorado2025.czi,Ran_ado,238.18,10873.0,8752.0,13,30,75.56,0.888,20251031_081_pol_pro_Ran_ado_2025_19_Colorado2025_x010240_y008192
Unknown_Sample,20251031_081_pol_pro_Ran_ado_2025_19_Colorado2025.czi,Ran_ado,608.33,10795.0,8481.0,33,31,107.01,0.964,20251031_081_pol_pro_Ran_ado_2025_19_Colorado2025_x010752_y008192
Unknown_Sample,20251031_081_pol_pro_Ran_ado_2025_19_Colorado2025.czi,Ran_ado,546.0,10834.0,8501.0,31,29,100.18,0.963,20251031_081_pol_pro_Ran_ado_2025_19_Colorado2025_x010752_y008192
Unknown_Sample,20251031_081_pol_pro_Ran_ado_2025_19_Colorado2025.czi,Ran_ado,616.03,11346.0,8572.0,33,31,107.01,0.963,20251031_081_pol_pro_Ran_ado_2025_19_Colorado2025_x010752_y008192
Unknown_Sample,20251031_081_pol_pro_Ran_ado_2025_19_Colorado2025.czi,Ran_ado,569.47,10809.0,8240.0,31,30,102.77,0.961,20251031_081_pol_pro_Ran_ado_2025_19_Colorado2025_x010752_y008192
Unknown_Sample,20251031_081_pol_pro_Ran_ado_2025_19_Colorado2025.czi,Ran_ado,576.78,10881.0,8752.0,31,30,103.36,0.96,20251031_081_pol_pro_Ran_ado_2025_19_Colorado2025_x010752_y008192
Unknown_Sample,20251031_081_pol_pro_Ran_ado_2025_19_Colorado2025.czi,Ran_ado,584.09,11332.0,8268.0,30,33,104.43,0.959,20251031_081_pol_pro_Ran_ado_2025_19_Colorado2025_x010752_y008192
Unknown_Sample,20251031_081_pol_pro_Ran_ado_2025_19_Colorado2025.czi,Ran_ado,547.15,10791.0,8588.0,33,27,100.77,0.959,20251031_081_pol_pro_Ran_ado_2025_19_Colorado2025_x010752_y008192
Unknown_Sample,20251031_081_pol_pro_Ran_ado_2025_19_Colorado2025.czi,Ran_ado,332.83,11002.0,8423.0,24,23,78.87,0.958,20251031_081_pol_pro_Ran_ado_2025_19_Colorado2025_x010752_y008192
Unknown_Sample,20251031_081_pol_pro_Ran_ado_2025_19_Colorado2025.czi,Ran_ado,270.5,10759.0,8663.0,17,30,80.04,0.946,20251031_081_pol_pro_Ran_ado_2025_19_Colorado2025_x010752_y008192
Unknown_Sample,20251031_081_pol_pro_Ran_ado_2025_19_Colorado2025.czi,Ran_ado,641.42,11803.0,8456.0,31,35,109.84,0.964,20251031_081_pol_pro_Ran_ado_2025_19_Colorado2025_x011264_y008192
Unknown_Sample,20251031_081_pol_pro_Ran_ado_2025_19_Colorado2025.czi,Ran_ado,705.68,11669.0,8287.0,30,39,115.25,0.964,20251031_081_pol_pro_Ran_ado_2025_19_Colorado2025_x011264_y008192
Unknown_Sample,20251031_081_pol_pro_Ran_ado_2025_19_Colorado2025.czi,Ran_ado,612.56,11346.0,8572.0,33,31,107.6,0.963,20251031_081_pol_pro_Ran_ado_2025_19_Colorado2025_x011264_y008192
Unknown_Sample,20251031_081_pol_pro_Ran_ado_2025_19_Colorado2025.czi,Ran_ado,602.18,11437.0,8795.0,32,31,105.01,0.96,20251031_081_pol_pro_Ran_ado_2025_19_Colorado2025_x011264_y008192
Unknown_Sample,20251031_081_pol_pro_Ran_ado_2025_19_Colorado2025.czi,Ran_ado,579.86,11456.0,8566.0,30,32,101.84,0.96,20251031_081_pol_pro_Ran_ado_2025_19_Colorado2025_x011264_y008192
Unknown_Sample,20251031_081_pol_pro_Ran_ado_2025_19_Colorado2025.czi,Ran_ado,583.32,11332.0,8268.0,30,33,104.43,0.959,20251031_081_pol_pro_Ran_ado_2025_19_Colorado2025_x011264_y008192
Unknown_Sample,20251031_081_pol_pro_Ran_ado_2025_19_Colorado2025.czi,Ran_ado,548.69,11523.0,8710.0,28,32,99.6,0.958,20251031_081_pol_pro_Ran_ado_2025_19_Colorado2025_x011264_y008192
Unknown_Sample,20251031_081_pol_pro_Ran_ado_2025_19_Colorado2025.czi,Ran_ado,563.31,11743.0,8443.0,33,29,102.43,0.958,20251031_081_pol_pro_Ran_ado_2025_19_Colorado2025_x011264_y008192
Unknown_Sample,20251031_081_pol_pro_Ran_ado_2025_19_Colorado2025.czi,Ran_ado,340.91,11433.0,8421.0,21,26,79.46,0.955,20251031_081_pol_pro_Ran_ado_2025_19_Colorado2025_x011264_y008192
Unknown_Sample,20251031_081_pol_pro_Ran_ado_2025_19_Colorado2025.czi,Ran_ado,347.45,11471.0,8761.0,26,22,80.87,0.947,20251031_081_pol_pro_Ran_ado_2025_19_Colorado2025_x011264_y008192
Unknown_Sample,20251031_081_pol_pro_Ran_ado_2025_19_Colorado2025.czi,Ran_ado,404.02,11872.0,8232.0,32,21,89.11,0.946,20251031_081_pol_pro_Ran_ado_2025_19_Colorado2025_x011264_y008192
Unknown_Sample,20251031_081_pol_pro_Ran_ado_2025_19_Colorado2025.czi,Ran_ado,643.73,11803.0,8456.0,31,35,109.84,0.964,20251031_081_pol_pro_Ran_ado_2025_19_Colorado2025_x011776_y008192
Unknown_Sample,20251031_081_pol_pro_Ran_ado_2025_19_Colorado2025.czi,Ran_ado,595.63,12035.0,8816.0,31,31,105.94,0.963,20251031_081_pol_pro_Ran_ado_2025_19_Colorado2025_x011776_y008192
Unknown_Sample,20251031_081_pol_pro_Ran_ado_2025_19_Colorado2025.czi,Ran_ado,614.1,12051.0,8303.0,33,30,105.6,0.96,20251031_081_pol_pro_Ran_ado_2025_19_Colorado2025_x011776_y008192
Unknown_Sample,20251031_081_pol_pro_Ran_ado_2025_19_Colorado2025.czi,Ran_ado,561.39,12389.0,8337.0,31,30,102.18,0.957,20251031_081_pol_pro_Ran_ado_2025_19_Colorado2025_x011776_y008192
Unknown_Sample,20251031_081_pol_pro_Ran_ado_2025_19_Colorado2025.czi,Ran_ado,566.39,12275.0,8815.0,31,30,102.77,0.957,20251031_081_pol_pro_Ran_ado_2025_19_Colorado2025_x011776_y008192
Unknown_Sample,20251031_081_pol_pro_Ran_ado_2025_19_Colorado2025.czi,Ran_ado,404.02,11872.0,8232.0,32,21,89.11,0.947,20251031_081_pol_pro_Ran_ado_2025_19_Colorado2025_x011776_y008192
Unknown_Sample,20251031_081_pol_pro_Ran_ado_2025_19_Colorado2025.czi,Ran_ado,193.54,12410.0,8312.0,12,28,68.38,0.889,20251031_081_pol_pro_Ran_ado_2025_19_Colorado2025_x011776_y008192
Unknown_Sample,20251031_081_pol_pro_Ran_ado_2025_19_Colorado2025.czi,Ran_ado,551.0,12477.0,8460.0,29,32,101.6,0.965,20251031_081_pol_pro_Ran_ado_2025_19_Colorado2025_x012288_y008192
Unknown_Sample,20251031_081_pol_pro_Ran_ado_2025_19_Colorado2025.czi,Ran_ado,651.43,12843.0,8780.0,32,34,109.84,0.964,20251031_081_pol_pro_Ran_ado_2025_19_Colorado2025_x012288_y008192
Unknown_Sample,20251031_081_pol_pro_Ran_ado_2025_19_Colorado2025.czi,Ran_ado,581.01,12547.0,8237.0,31,31,105.94,0.964,20251031_081_pol_pro_Ran_ado_2025_19_Colorado2025_x012288_y008192
Unknown_Sample,20251031_081_pol_pro_Ran_ado_2025_19_Colorado2025.czi,Ran_ado,524.45,12506.0,8518.0,30,30,97.84,0.961,20251031_081_pol_pro_Ran_ado_2025_19_Colorado2025_x012288_y008192
Unknown_Sample,20251031_081_pol_pro_Ran_ado_2025_19_Colorado2025.czi,Ran_ado,505.6,12804.0,8575.0,29,28,95.94,0.961,20251031_081_pol_pro_Ran_ado_2025_19_Colorado2025_x012288_y008192
Unknown_Sample,20251031_081_pol_pro_Ran_ado_2025_19_Colorado2025.czi,Ran_ado,562.54,12418.0,8312.0,31,30,101.6,0.96,20251031_081_pol_pro_Ran_ado_2025_19_Colorado2025_x012288_y008192
Unknown_Sample,20251031_081_pol_pro_Ran_ado_2025_19_Colorado2025.czi,Ran_ado,566.01,12389.0,8337.0,31,30,102.18,0.959,20251031_081_pol_pro_Ran_ado_2025_19_Colorado2025_x012288_y008192
Unknown_Sample,20251031_081_pol_pro_Ran_ado_2025_19_Colorado2025.czi,Ran_ado,612.18,12569.0,8599.0,32,31,106.18,0.958,20251031_081_pol_pro_Ran_ado_2025_19_Colorado2025_x012288_y008192
Unknown_Sample,20251031_081_pol_pro_Ran_ado_2025_19_Colorado2025.czi,Ran_ado,537.15,12840.0,8664.0,30,29,98.77,0.958,20251031_081_pol_pro_Ran_ado_2025_19_Colorado2025_x012288_y008192
Unknown_Sample,20251031_081_pol_pro_Ran_ado_2025_19_Colorado2025.czi,Ran_ado,651.43,12843.0,8780.0,32,34,109.84,0.964,20251031_081_pol_pro_Ran_ado_2025_19_Colorado2025_x012800_y008192
Unknown_Sample,20251031_081_pol_pro_Ran_ado_2025_19_Colorado2025.czi,Ran_ado,596.02,13117.0,8782.0,29,33,105.36,0.963,20251031_081_pol_pro_Ran_ado_2025_19_Colorado2025_x012800_y008192
Unknown_Sample,20251031_081_pol_pro_Ran_ado_2025_19_Colorado2025.czi,Ran_ado,574.09,13107.0,8291.0,31,30,102.77,0.961,20251031_081_pol_pro_Ran_ado_2025_19_Colorado2025_x012800_y008192
Unknown_Sample,20251031_081_pol_pro_Ran_ado_2025_19_Colorado2025.czi,Ran_ado,686.83,13246.0,8531.0,32,37,114.67,0.961,20251031_081_pol_pro_Ran_ado_2025_19_Colorado2025_x012800_y008192
Unknown_Sample,20251031_081_pol_pro_Ran_ado_2025_19_Colorado2025.czi,Ran_ado,547.54,13223.0,8420.0,31,28,100.53,0.96,20251031_081_pol_pro_Ran_ado_2025_19_Colorado2025_x012800_y008192
Unknown_Sample,20251031_081_pol_pro_Ran_ado_2025_19_Colorado2025.czi,Ran_ado,555.23,13238.0,8761.0,29,32,101.01,0.959,20251031_081_pol_pro_Ran_ado_2025_19_Colorado2025_x012800_y008192
Unknown_Sample,20251031_081_pol_pro_Ran_ado_2025_19_Colorado2025.czi,Ran_ado,334.37,12809.0,8576.0,19,28,82.38,0.959,20251031_081_pol_pro_Ran_ado_2025_19_Colorado2025_x012800_y008192
Unknown_Sample,20251031_081_pol_pro_Ran_ado_2025_19_Colorado2025.czi,Ran_ado,539.46,13175.0,8796.0,33,27,100.77,0.958,20251031_081_pol_pro_Ran_ado_2025_19_Colorado2025_x012800_y008192
Unknown_Sample,20251031_081_pol_pro_Ran_ado_2025_19_Colorado2025.czi,Ran_ado,525.22,13351.0,8738.0,31,28,99.36,0.958,20251031_081_pol_pro_Ran_ado_2025_19_Colorado2025_x012800_y008192
Unknown_Sample,20251031_081_pol_pro_Ran_ado_2025_19_Colorado2025.czi,Ran_ado,538.69,12840.0,8664.0,30,29,98.77,0.958,20251031_081_pol_pro_Ran_ado_2025_19_Colorado2025_x012800_y008192
Unknown_Sample,20251031_081_pol_pro_Ran_ado_2025_19_Colorado2025.czi,Ran_ado,578.7,13119.0,8476.0,30,32,104.77,0.958,20251031_081_pol_pro_Ran_ado_2025_19_Colorado2025_x012800_y008192
Unknown_Sample,20251031_081_pol_pro_Ran_ado_2025_19_Colorado2025.czi,Ran_ado,543.3,13084.0,8654.0,32,29,100.43,0.957,20251031_081_pol_pro_Ran_ado_2025_19_Colorado2025_x012800_y008192
Unknown_Sample,20251031_081_pol_pro_Ran_ado_2025_19_Colorado2025.czi,Ran_ado,386.7,12976.0,8363.0,29,24,85.01,0.948,20251031_081_pol_pro_Ran_ado_2025_19_Colorado2025_x012800_y008192
Unknown_Sample,20251031_081_pol_pro_Ran_ado_2025_19_Colorado2025.czi,Ran_ado,653.35,13731.0,8613.0,32,34,109.25,0.964,20251031_081_pol_pro_Ran_ado_2025_19_Colorado2025_x013312_y008192
Unknown_Sample,20251031_081_pol_pro_Ran_ado_2025_19_Colorado2025.czi,Ran_ado,525.99,13351.0,8738.0,31,28,98.18,0.958,20251031_081_pol_pro_Ran_ado_2025_19_Colorado2025_x013312_y008192
Unknown_Sample,20251031_081_pol_pro_Ran_ado_2025_19_Colorado2025.czi,Ran_ado,561.39,14081.0,8354.0,32,29,102.18,0.959,20251031_081_pol_pro_Ran_ado_2025_19_Colorado2025_x013824_y008192
Unknown_Sample,20251031_081_pol_pro_Ran_ado_2025_19_Colorado2025.czi,Ran_ado,565.24,14089.0,8521.0,32,29,102.18,0.959,20251031_081_pol_pro_Ran_ado_2025_19_Colorado2025_x013824_y008192
Unknown_Sample,20251031_081_pol_pro_Ran_ado_2025_19_Colorado2025.czi,Ran_ado,517.14,14682.0,8649.0,30,29,98.77,0.964,20251031_081_pol_pro_Ran_ado_2025_19_Colorado2025_x014336_y008192
Unknown_Sample,20251031_081_pol_pro_Ran_ado_2025_19_Colorado2025.czi,Ran_ado,639.88,14547.0,8282.0,33,32,109.01,0.962,20251031_081_pol_pro_Ran_ado_2025_19_Colorado2025_x014336_y008192
Unknown_Sample,20251031_081_pol_pro_Ran_ado_2025_19_Colorado2025.czi,Ran_ado,525.22,14869.0,8204.0,32,26,99.7,0.962,20251031_081_pol_pro_Ran_ado_2025_19_Colorado2025_x014336_y008192
Unknown_Sample,20251031_081_pol_pro_Ran_ado_2025_19_Colorado2025.czi,Ran_ado,495.98,14830.0,8589.0,29,28,95.36,0.96,20251031_081_pol_pro_Ran_ado_2025_19_Colorado2025_x014336_y008192
Unknown_Sample,20251031_081_pol_pro_Ran_ado_2025_19_Colorado2025.czi,Ran_ado,602.56,14491.0,8499.0,30,34,105.25,0.959,20251031_081_pol_pro_Ran_ado_2025_19_Colorado2025_x014336_y008192
Unknown_Sample,20251031_081_pol_pro_Ran_ado_2025_19_Colorado2025.czi,Ran_ado,597.94,14720.0,8665.0,31,31,103.6,0.958,20251031_081_pol_pro_Ran_ado_2025_19_Colorado2025_x014336_y008192
Unknown_Sample,20251031_081_pol_pro_Ran_ado_2025_19_Colorado2025.czi,Ran_ado,571.39,14503.0,8347.0,29,34,103.84,0.958,20251031_081_pol_pro_Ran_ado_2025_19_Colorado2025_x014336_y008192
Unknown_Sample,20251031_081_pol_pro_Ran_ado_2025_19_Colorado2025.czi,Ran_ado,524.84,14869.0,8204.0,32,26,99.11,0.962,20251031_081_pol_pro_Ran_ado_2025_19_Colorado2025_x014848_y008192
Unknown_Sample,20251031_081_pol_pro_Ran_ado_2025_19_Colorado2025.czi,Ran_ado,546.77,15429.0,8446.0,30,30,101.36,0.96,20251031_081_pol_pro_Ran_ado_2025_19_Colorado2025_x014848_y008192
Unknown_Sample,20251031_081_pol_pro_Ran_ado_2025_19_Colorado2025.czi,Ran_ado,596.02,14987.0,8525.0,33,30,105.01,0.959,20251031_081_pol_pro_Ran_ado_2025_19_Colorado2025_x014848_y008192
Unknown_Sample,20251031_081_pol_pro_Ran_ado_2025_19_Colorado2025.czi,Ran_ado,478.28,15405.0,8505.0,28,28,93.36,0.958,20251031_081_pol_pro_Ran_ado_2025_19_Colorado2025_x014848_y008192
Unknown_Sample,20251031_081_pol_pro_Ran_ado_2025_19_Colorado2025.czi,Ran_ado,512.52,15161.0,8223.0,29,30,97.6,0.958,20251031_081_pol_pro_Ran_ado_2025_19_Colorado2025_x014848_y008192
Unknown_Sample,20251031_081_pol_pro_Ran_ado_2025_19_Colorado2025.czi,Ran_ado,530.99,15336.0,8747.0,30,29,98.77,0.958,20251031_081_pol_pro_Ran_ado_2025_19_Colorado2025_x014848_y008192
Unknown_Sample,20251031_081_pol_pro_Ran_ado_2025_19_Colorado2025.czi,Ran_ado,601.02,15071.0,8235.0,34,29,105.6,0.955,20251031_081_pol_pro_Ran_ado_2025_19_Colorado2025_x014848_y008192
Unknown_Sample,20251031_081_pol_pro_Ran_ado_2025_19_Colorado2025.czi,Ran_ado,249.34,15089.0,8261.0,19,22,69.8,0.911,20251031_081_pol_pro_Ran_ado_2025_19_Colorado2025_x014848_y008192
Unknown_Sample,20251031_081_pol_pro_Ran_ado_2025_19_Colorado2025.czi,Ran_ado,597.17,15850.0,8741.0,30,33,104.43,0.961,20251031_081_pol_pro_Ran_ado_2025_19_Colorado2025_x015360_y008192
Unknown_Sample,20251031_081_pol_pro_Ran_ado_2025_19_Colorado2025.czi,Ran_ado,546.0,15429.0,8446.0,30,30,101.36,0.96,20251031_081_pol_pro_Ran_ado_2025_19_Colorado2025_x015360_y008192
Unknown_Sample,20251031_081_pol_pro_Ran_ado_2025_19_Colorado2025.czi,Ran_ado,559.47,15503.0,8704.0,32,29,101.6,0.96,20251031_081_pol_pro_Ran_ado_2025_19_Colorado2025_x015360_y008192
Unknown_Sample,20251031_081_pol_pro_Ran_ado_2025_19_Colorado2025.czi,Ran_ado,477.89,15405.0,8505.0,28,28,92.77,0.958,20251031_081_pol_pro_Ran_ado_2025_19_Colorado2025_x015360_y008192
Unknown_Sample,20251031_081_pol_pro_Ran_ado_2025_19_Colorado2025.czi,Ran_ado,465.58,16460.0,8801.0,26,30,92.77,0.93,20251031_081_pol_pro_Ran_ado_2025_19_Colorado2025_x015872_y008192
Unknown_Sample,20251031_081_pol_pro_Ran_ado_2025_19_Colorado2025.czi,Ran_ado,489.44,16323.0,8504.0,26,31,95.94,0.927,20251031_081_pol_pro_Ran_ado_2025_19_Colorado2025_x015872_y008192
Unknown_Sample,20251031_081_pol_pro_Ran_ado_2025_19_Colorado2025.czi,Ran_ado,554.08,16939.0,8316.0,30,30,99.6,0.933,20251031_081_pol_pro_Ran_ado_2025_19_Colorado2025_x016384_y008192
Unknown_Sample,20251031_081_pol_pro_Ran_ado_2025_19_Colorado2025.czi,Ran_ado,524.45,16823.0,8314.0,29,30,98.18,0.93,20251031_081_pol_pro_Ran_ado_2025_19_Colorado2025_x016384_y008192
Unknown_Sample,20251031_081_pol_pro_Ran_ado_2025_19_Colorado2025.czi,Ran_ado,465.58,16460.0,8801.0,26,30,92.77,0.929,20251031_081_pol_pro_Ran_ado_2025_19_Colorado2025_x016384_y008192
Unknown_Sample,20251031_081_pol_pro_Ran_ado_2025_19_Colorado2025.czi,Ran_ado,351.3,16628.0,8757.0,27,21,80.87,0.919,20251031_081_pol_pro_Ran_ado_2025_19_Colorado2025_x016384_y008192
Unknown_Sample,20251031_081_pol_pro_Ran_ado_2025_19_Colorado2025.czi,Ran_ado,196.62,17003.0,8825.0,25,13,66.73,0.841,20251031_081_pol_pro_Ran_ado_2025_19_Colorado2025_x016384_y008192
Unknown_Sample,20251031_081_pol_pro_Ran_ado_2025_19_Colorado2025.czi,Ran_ado,551.77,17208.0,8331.0,29,31,99.6,0.937,20251031_081_pol_pro_Ran_ado_2025_19_Colorado2025_x016896_y008192
Unknown_Sample,20251031_081_pol_pro_Ran_ado_2025_19_Colorado2025.czi,Ran_ado,549.46,16939.0,8316.0,30,30,99.6,0.935,20251031_081_pol_pro_Ran_ado_2025_19_Colorado2025_x016896_y008192
Unknown_Sample,20251031_081_pol_pro_Ran_ado_2025_19_Colorado2025.czi,Ran_ado,455.58,17168.0,8683.0,28,27,91.94,0.933,20251031_081_pol_pro_Ran_ado_2025_19_Colorado2025_x016896_y008192
Unknown_Sample,20251031_081_pol_pro_Ran_ado_2025_19_Colorado2025.czi,Ran_ado,405.55,17069.0,8709.0,25,27,85.94,0.931,20251031_081_pol_pro_Ran_ado_2025_19_Colorado2025_x016896_y008192
Unknown_Sample,20251031_081_pol_pro_Ran_ado_2025_19_Colorado2025.czi,Ran_ado,511.75,17043.0,8398.0,25,33,97.94,0.928,20251031_081_pol_pro_Ran_ado_2025_19_Colorado2025_x016896_y008192
Unknown_Sample,20251031_081_pol_pro_Ran_ado_2025_19_Colorado2025.czi,Ran_ado,447.5,17118.0,8816.0,25,29,91.7,0.909,20251031_081_pol_pro_Ran_ado_2025_19_Colorado2025_x016896_y008192
Unknown_Sample,20251031_081_pol_pro_Ran_ado_2025_19_Colorado2025.czi,Ran_ado,194.7,17003.0,8825.0,25,13,66.14,0.85,20251031_081_pol_pro_Ran_ado_2025_19_Colorado2025_x016896_y008192
Unknown_Sample,20251031_081_pol_pro_Ran_ado_2025_19_Colorado2025.czi,Ran_ado,435.95,2159.0,8778.0,26,29,89.01,0.945,20251031_081_pol_pro_Ran_ado_2025_19_Colorado2025_x001536_y008704
Unknown_Sample,20251031_081_pol_pro_Ran_ado_2025_19_Colorado2025.czi,Ran_ado,321.29,1963.0,9201.0,24,22,76.87,0.941,20251031_081_pol_pro_Ran_ado_2025_19_Colorado2025_x001536_y008704
Unknown_Sample,20251031_081_pol_pro_Ran_ado_2025_19_Colorado2025.czi,Ran_ado,459.42,2575.0,9143.0,27,29,92.77,0.956,20251031_081_pol_pro_Ran_ado_2025_19_Colorado2025_x002048_y008704
Unknown_Sample,20251031_081_pol_pro_Ran_ado_2025_19_Colorado2025.czi,Ran_ado,432.1,2159.0,8778.0,26,29,89.01,0.949,20251031_081_pol_pro_Ran_ado_2025_19_Colorado2025_x002048_y008704
Unknown_Sample,20251031_081_pol_pro_Ran_ado_2025_19_Colorado2025.czi,Ran_ado,466.73,2575.0,9143.0,27,29,93.36,0.955,20251031_081_pol_pro_Ran_ado_2025_19_Colorado2025_x002560_y008704
Unknown_Sample,20251031_081_pol_pro_Ran_ado_2025_19_Colorado2025.czi,Ran_ado,460.58,3105.0,8737.0,28,27,92.53,0.951,20251031_081_pol_pro_Ran_ado_2025_19_Colorado2025_x002560_y008704
Unknown_Sample,20251031_081_pol_pro_Ran_ado_2025_19_Colorado2025.czi,Ran_ado,515.99,3644.0,8717.0,29,28,98.87,0.961,20251031_081_pol_pro_Ran_ado_2025_19_Colorado2025_x003072_y008704
Unknown_Sample,20251031_081_pol_pro_Ran_ado_2025_19_Colorado2025.czi,Ran_ado,535.61,3268.0,8859.0,29,30,98.77,0.959,20251031_081_pol_pro_Ran_ado_2025_19_Colorado2025_x003072_y008704
Unknown_Sample,20251031_081_pol_pro_Ran_ado_2025_19_Colorado2025.czi,Ran_ado,445.19,3105.0,8737.0,28,26,91.7,0.953,20251031_081_pol_pro_Ran_ado_2025_19_Colorado2025_x003072_y008704
Unknown_Sample,20251031_081_pol_pro_Ran_ado_2025_19_Colorado2025.czi,Ran_ado,438.65,3234.0,9097.0,25,28,90.28,0.953,20251031_081_pol_pro_Ran_ado_2025_19_Colorado2025_x003072_y008704
Unknown_Sample,20251031_081_pol_pro_Ran_ado_2025_19_Colorado2025.czi,Ran_ado,516.76,3644.0,8717.0,29,28,98.87,0.96,20251031_081_pol_pro_Ran_ado_2025_19_Colorado2025_x003584_y008704
Unknown_Sample,20251031_081_pol_pro_Ran_ado_2025_19_Colorado2025.czi,Ran_ado,502.13,4073.0,9133.0,30,28,96.18,0.959,20251031_081_pol_pro_Ran_ado_2025_19_Colorado2025_x003584_y008704
Unknown_Sample,20251031_081_pol_pro_Ran_ado_2025_19_Colorado2025.czi,Ran_ado,398.24,4137.0,9323.0,28,24,86.53,0.947,20251031_081_pol_pro_Ran_ado_2025_19_Colorado2025_x003584_y008704
Unknown_Sample,20251031_081_pol_pro_Ran_ado_2025_19_Colorado2025.czi,Ran_ado,474.81,4129.0,8892.0,27,29,93.94,0.939,20251031_081_pol_pro_Ran_ado_2025_19_Colorado2025_x003584_y008704
Unknown_Sample,20251031_081_pol_pro_Ran_ado_2025_19_Colorado2025.czi,Ran_ado,247.03,4066.0,9271.0,21,22,70.28,0.938,20251031_081_pol_pro_Ran_ado_2025_19_Colorado2025_x003584_y008704
Unknown_Sample,20251031_081_pol_pro_Ran_ado_2025_19_Colorado2025.czi,Ran_ado,540.23,4159.0,8902.0,32,29,100.43,0.93,20251031_081_pol_pro_Ran_ado_2025_19_Colorado2025_x003584_y008704
Unknown_Sample,20251031_081_pol_pro_Ran_ado_2025_19_Colorado2025.czi,Ran_ado,516.76,4537.0,8753.0,28,30,97.36,0.958,20251031_081_pol_pro_Ran_ado_2025_19_Colorado2025_x004096_y008704
Unknown_Sample,20251031_081_pol_pro_Ran_ado_2025_19_Colorado2025.czi,Ran_ado,389.78,4525.0,9205.0,26,25,84.53,0.953,20251031_081_pol_pro_Ran_ado_2025_19_Colorado2025_x004096_y008704
Unknown_Sample,20251031_081_pol_pro_Ran_ado_2025_19_Colorado2025.czi,Ran_ado,399.01,4137.0,9323.0,28,24,86.53,0.947,20251031_081_pol_pro_Ran_ado_2025_19_Colorado2025_x004096_y008704
Unknown_Sample,20251031_081_pol_pro_Ran_ado_2025_19_Colorado2025.czi,Ran_ado,541.0,4410.0,8907.0,31,30,100.43,0.944,20251031_081_pol_pro_Ran_ado_2025_19_Colorado2025_x004096_y008704
Unknown_Sample,20251031_081_pol_pro_Ran_ado_2025_19_Colorado2025.czi,Ran_ado,584.09,4442.0,8895.0,32,32,104.08,0.944,20251031_081_pol_pro_Ran_ado_2025_19_Colorado2025_x004096_y008704
Unknown_Sample,20251031_081_pol_pro_Ran_ado_2025_19_Colorado2025.czi,Ran_ado,474.81,4129.0,8892.0,27,29,93.94,0.939,20251031_081_pol_pro_Ran_ado_2025_19_Colorado2025_x004096_y008704
Unknown_Sample,20251031_081_pol_pro_Ran_ado_2025_19_Colorado2025.czi,Ran_ado,541.0,4160.0,8902.0,32,29,100.43,0.93,20251031_081_pol_pro_Ran_ado_2025_19_Colorado2025_x004096_y008704
Unknown_Sample,20251031_081_pol_pro_Ran_ado_2025_19_Colorado2025.czi,Ran_ado,517.91,5221.0,9242.0,28,31,98.77,0.962,20251031_081_pol_pro_Ran_ado_2025_19_Colorado2025_x004608_y008704
Unknown_Sample,20251031_081_pol_pro_Ran_ado_2025_19_Colorado2025.czi,Ran_ado,505.21,4918.0,8925.0,30,27,96.53,0.96,20251031_081_pol_pro_Ran_ado_2025_19_Colorado2025_x004608_y008704
Unknown_Sample,20251031_081_pol_pro_Ran_ado_2025_19_Colorado2025.czi,Ran_ado,554.85,4823.0,9212.0,31,29,100.77,0.96,20251031_081_pol_pro_Ran_ado_2025_19_Colorado2025_x004608_y008704
Unknown_Sample,20251031_081_pol_pro_Ran_ado_2025_19_Colorado2025.czi,Ran_ado,517.52,5143.0,9122.0,27,33,99.01,0.959,20251031_081_pol_pro_Ran_ado_2025_19_Colorado2025_x004608_y008704
Unknown_Sample,20251031_081_pol_pro_Ran_ado_2025_19_Colorado2025.czi,Ran_ado,559.85,5029.0,8766.0,29,32,102.18,0.959,20251031_081_pol_pro_Ran_ado_2025_19_Colorado2025_x004608_y008704
Unknown_Sample,20251031_081_pol_pro_Ran_ado_2025_19_Colorado2025.czi,Ran_ado,532.53,4862.0,8720.0,29,30,101.11,0.957,20251031_081_pol_pro_Ran_ado_2025_19_Colorado2025_x004608_y008704
Unknown_Sample,20251031_081_pol_pro_Ran_ado_2025_19_Colorado2025.czi,Ran_ado,531.38,5201.0,8738.0,31,28,99.36,0.954,20251031_081_pol_pro_Ran_ado_2025_19_Colorado2025_x004608_y008704
Unknown_Sample,20251031_081_pol_pro_Ran_ado_2025_19_Colorado2025.czi,Ran_ado,542.92,5385.0,9260.0,30,30,100.18,0.962,20251031_081_pol_pro_Ran_ado_2025_19_Colorado2025_x005120_y008704
Unknown_Sample,20251031_081_pol_pro_Ran_ado_2025_19_Colorado2025.czi,Ran_ado,516.37,5221.0,9242.0,27,31,97.94,0.962,20251031_081_pol_pro_Ran_ado_2025_19_Colorado2025_x005120_y008704
Unknown_Sample,20251031_081_pol_pro_Ran_ado_2025_19_Colorado2025.czi,Ran_ado,517.14,5143.0,9122.0,27,33,99.6,0.961,20251031_081_pol_pro_Ran_ado_2025_19_Colorado2025_x005120_y008704
Unknown_Sample,20251031_081_pol_pro_Ran_ado_2025_19_Colorado2025.czi,Ran_ado,504.83,5302.0,8869.0,28,30,96.77,0.959,20251031_081_pol_pro_Ran_ado_2025_19_Colorado2025_x005120_y008704
Unknown_Sample,20251031_081_pol_pro_Ran_ado_2025_19_Colorado2025.czi,Ran_ado,453.27,5418.0,9181.0,26,28,91.11,0.958,20251031_081_pol_pro_Ran_ado_2025_19_Colorado2025_x005120_y008704
Unknown_Sample,20251031_081_pol_pro_Ran_ado_2025_19_Colorado2025.czi,Ran_ado,462.89,5723.0,9277.0,27,28,92.53,0.957,20251031_081_pol_pro_Ran_ado_2025_19_Colorado2025_x005120_y008704
Unknown_Sample,20251031_081_pol_pro_Ran_ado_2025_19_Colorado2025.czi,Ran_ado,504.44,5727.0,9188.0,30,28,96.18,0.955,20251031_081_pol_pro_Ran_ado_2025_19_Colorado2025_x005120_y008704
Unknown_Sample,20251031_081_pol_pro_Ran_ado_2025_19_Colorado2025.czi,Ran_ado,530.61,5201.0,8738.0,31,28,99.36,0.955,20251031_081_pol_pro_Ran_ado_2025_19_Colorado2025_x005120_y008704
Unknown_Sample,20251031_081_pol_pro_Ran_ado_2025_19_Colorado2025.czi,Ran_ado,496.36,5332.0,9178.0,29,29,95.6,0.954,20251031_081_pol_pro_Ran_ado_2025_19_Colorado2025_x005120_y008704
Unknown_Sample,20251031_081_pol_pro_Ran_ado_2025_19_Colorado2025.czi,Ran_ado,454.81,5408.0,8738.0,30,25,93.11,0.947,20251031_081_pol_pro_Ran_ado_2025_19_Colorado2025_x005120_y008704
Unknown_Sample,20251031_081_pol_pro_Ran_ado_2025_19_Colorado2025.czi,Ran_ado,485.97,5495.0,9099.0,30,28,96.18,0.945,20251031_081_pol_pro_Ran_ado_2025_19_Colorado2025_x005120_y008704
Unknown_Sample,20251031_081_pol_pro_Ran_ado_2025_19_Colorado2025.czi,Ran_ado,316.29,5502.0,9126.0,24,22,77.46,0.929,20251031_081_pol_pro_Ran_ado_2025_19_Colorado2025_x005120_y008704
Unknown_Sample,20251031_081_pol_pro_Ran_ado_2025_19_Colorado2025.czi,Ran_ado,549.08,6200.0,9207.0,28,31,100.53,0.96,20251031_081_pol_pro_Ran_ado_2025_19_Colorado2025_x005632_y008704
Unknown_Sample,20251031_081_pol_pro_Ran_ado_2025_19_Colorado2025.czi,Ran_ado,462.89,5723.0,9277.0,27,28,92.53,0.956,20251031_081_pol_pro_Ran_ado_2025_19_Colorado2025_x005632_y008704
Unknown_Sample,20251031_081_pol_pro_Ran_ado_2025_19_Colorado2025.czi,Ran_ado,515.22,6216.0,9172.0,31,27,97.36,0.955,20251031_081_pol_pro_Ran_ado_2025_19_Colorado2025_x005632_y008704
Unknown_Sample,20251031_081_pol_pro_Ran_ado_2025_19_Colorado2025.czi,Ran_ado,504.44,5727.0,9188.0,30,28,96.18,0.955,20251031_081_pol_pro_Ran_ado_2025_19_Colorado2025_x005632_y008704
Unknown_Sample,20251031_081_pol_pro_Ran_ado_2025_19_Colorado2025.czi,Ran_ado,454.42,6166.0,9035.0,29,27,93.36,0.954,20251031_081_pol_pro_Ran_ado_2025_19_Colorado2025_x005632_y008704
Unknown_Sample,20251031_081_pol_pro_Ran_ado_2025_19_Colorado2025.czi,Ran_ado,519.06,6522.0,9264.0,29,29,98.53,0.962,20251031_081_pol_pro_Ran_ado_2025_19_Colorado2025_x006144_y008704
Unknown_Sample,20251031_081_pol_pro_Ran_ado_2025_19_Colorado2025.czi,Ran_ado,514.45,6483.0,9205.0,30,28,98.53,0.962,20251031_081_pol_pro_Ran_ado_2025_19_Colorado2025_x006144_y008704
Unknown_Sample,20251031_081_pol_pro_Ran_ado_2025_19_Colorado2025.czi,Ran_ado,497.13,6522.0,8718.0,28,29,97.11,0.96,20251031_081_pol_pro_Ran_ado_2025_19_Colorado2025_x006144_y008704
Unknown_Sample,20251031_081_pol_pro_Ran_ado_2025_19_Colorado2025.czi,Ran_ado,549.08,6200.0,9207.0,28,31,100.53,0.96,20251031_081_pol_pro_Ran_ado_2025_19_Colorado2025_x006144_y008704
Unknown_Sample,20251031_081_pol_pro_Ran_ado_2025_19_Colorado2025.czi,Ran_ado,555.23,6688.0,8953.0,32,29,102.18,0.958,20251031_081_pol_pro_Ran_ado_2025_19_Colorado2025_x006144_y008704
Unknown_Sample,20251031_081_pol_pro_Ran_ado_2025_19_Colorado2025.czi,Ran_ado,552.54,6559.0,8911.0,29,31,100.77,0.958,20251031_081_pol_pro_Ran_ado_2025_19_Colorado2025_x006144_y008704
Unknown_Sample,20251031_081_pol_pro_Ran_ado_2025_19_Colorado2025.czi,Ran_ado,484.43,6728.0,9092.0,29,28,95.36,0.957,20251031_081_pol_pro_Ran_ado_2025_19_Colorado2025_x006144_y008704
Unknown_Sample,20251031_081_pol_pro_Ran_ado_2025_19_Colorado2025.czi,Ran_ado,515.99,6216.0,9172.0,31,27,97.36,0.956,20251031_081_pol_pro_Ran_ado_2025_19_Colorado2025_x006144_y008704
Unknown_Sample,20251031_081_pol_pro_Ran_ado_2025_19_Colorado2025.czi,Ran_ado,466.35,6592.0,8835.0,29,27,92.77,0.954,20251031_081_pol_pro_Ran_ado_2025_19_Colorado2025_x006144_y008704
Unknown_Sample,20251031_081_pol_pro_Ran_ado_2025_19_Colorado2025.czi,Ran_ado,457.5,6166.0,9035.0,29,27,92.18,0.954,20251031_081_pol_pro_Ran_ado_2025_19_Colorado2025_x006144_y008704
Unknown_Sample,20251031_081_pol_pro_Ran_ado_2025_19_Colorado2025.czi,Ran_ado,296.28,6553.0,8988.0,20,25,75.46,0.951,20251031_081_pol_pro_Ran_ado_2025_19_Colorado2025_x006144_y008704
Unknown_Sample,20251031_081_pol_pro_Ran_ado_2025_19_Colorado2025.czi,Ran_ado,551.39,7168.0,9247.0,30,31,99.84,0.962,20251031_081_pol_pro_Ran_ado_2025_19_Colorado2025_x006656_y008704
Unknown_Sample,20251031_081_pol_pro_Ran_ado_2025_19_Colorado2025.czi,Ran_ado,490.59,6851.0,9101.0,29,28,94.18,0.96,20251031_081_pol_pro_Ran_ado_2025_19_Colorado2025_x006656_y008704
Unknown_Sample,20251031_081_pol_pro_Ran_ado_2025_19_Colorado2025.czi,Ran_ado,495.21,6835.0,8722.0,27,30,96.53,0.959,20251031_081_pol_pro_Ran_ado_2025_19_Colorado2025_x006656_y008704
Unknown_Sample,20251031_081_pol_pro_Ran_ado_2025_19_Colorado2025.czi,Ran_ado,553.69,6688.0,8953.0,32,29,102.18,0.958,20251031_081_pol_pro_Ran_ado_2025_19_Colorado2025_x006656_y008704
Unknown_Sample,20251031_081_pol_pro_Ran_ado_2025_19_Colorado2025.czi,Ran_ado,548.69,7218.0,8986.0,34,27,101.6,0.958,20251031_081_pol_pro_Ran_ado_2025_19_Colorado2025_x006656_y008704
Unknown_Sample,20251031_081_pol_pro_Ran_ado_2025_19_Colorado2025.czi,Ran_ado,484.43,6728.0,9092.0,29,28,95.36,0.958,20251031_081_pol_pro_Ran_ado_2025_19_Colorado2025_x006656_y008704
Unknown_Sample,20251031_081_pol_pro_Ran_ado_2025_19_Colorado2025.czi,Ran_ado,490.98,6975.0,9138.0,29,28,94.77,0.956,20251031_081_pol_pro_Ran_ado_2025_19_Colorado2025_x006656_y008704
Unknown_Sample,20251031_081_pol_pro_Ran_ado_2025_19_Colorado2025.czi,Ran_ado,531.76,7108.0,8991.0,29,30,98.77,0.956,20251031_081_pol_pro_Ran_ado_2025_19_Colorado2025_x006656_y008704
Unknown_Sample,20251031_081_pol_pro_Ran_ado_2025_19_Colorado2025.czi,Ran_ado,433.64,7194.0,9128.0,25,28,88.53,0.953,20251031_081_pol_pro_Ran_ado_2025_19_Colorado2025_x006656_y008704
Unknown_Sample,20251031_081_pol_pro_Ran_ado_2025_19_Colorado2025.czi,Ran_ado,299.36,7287.0,9323.0,17,28,80.14,0.916,20251031_081_pol_pro_Ran_ado_2025_19_Colorado2025_x006656_y008704
Unknown_Sample,20251031_081_pol_pro_Ran_ado_2025_19_Colorado2025.czi,Ran_ado,570.24,7389.0,9049.0,29,32,102.77,0.962,20251031_081_pol_pro_Ran_ado_2025_19_Colorado2025_x007168_y008704
Unknown_Sample,20251031_081_pol_pro_Ran_ado_2025_19_Colorado2025.czi,Ran_ado,546.77,7591.0,9018.0,28,32,101.36,0.961,20251031_081_pol_pro_Ran_ado_2025_19_Colorado2025_x007168_y008704
Unknown_Sample,20251031_081_pol_pro_Ran_ado_2025_19_Colorado2025.czi,Ran_ado,541.77,7480.0,9164.0,30,29,99.94,0.961,20251031_081_pol_pro_Ran_ado_2025_19_Colorado2025_x007168_y008704
Unknown_Sample,20251031_081_pol_pro_Ran_ado_2025_19_Colorado2025.czi,Ran_ado,530.99,7540.0,9255.0,29,29,97.94,0.961,20251031_081_pol_pro_Ran_ado_2025_19_Colorado2025_x007168_y008704
Unknown_Sample,20251031_081_pol_pro_Ran_ado_2025_19_Colorado2025.czi,Ran_ado,548.69,7218.0,8986.0,34,27,101.6,0.958,20251031_081_pol_pro_Ran_ado_2025_19_Colorado2025_x007168_y008704
Unknown_Sample,20251031_081_pol_pro_Ran_ado_2025_19_Colorado2025.czi,Ran_ado,520.22,7736.0,8870.0,28,31,97.6,0.957,20251031_081_pol_pro_Ran_ado_2025_19_Colorado2025_x007168_y008704
Unknown_Sample,20251031_081_pol_pro_Ran_ado_2025_19_Colorado2025.czi,Ran_ado,538.3,7293.0,9324.0,31,29,100.18,0.955,20251031_081_pol_pro_Ran_ado_2025_19_Colorado2025_x007168_y008704
Unknown_Sample,20251031_081_pol_pro_Ran_ado_2025_19_Colorado2025.czi,Ran_ado,433.64,7194.0,9128.0,25,28,88.53,0.953,20251031_081_pol_pro_Ran_ado_2025_19_Colorado2025_x007168_y008704
Unknown_Sample,20251031_081_pol_pro_Ran_ado_2025_19_Colorado2025.czi,Ran_ado,251.64,7175.0,9249.0,15,30,76.63,0.947,20251031_081_pol_pro_Ran_ado_2025_19_Colorado2025_x007168_y008704
Unknown_Sample,20251031_081_pol_pro_Ran_ado_2025_19_Colorado2025.czi,Ran_ado,485.2,7990.0,9242.0,27,30,96.53,0.96,20251031_081_pol_pro_Ran_ado_2025_19_Colorado2025_x007680_y008704
Unknown_Sample,20251031_081_pol_pro_Ran_ado_2025_19_Colorado2025.czi,Ran_ado,587.94,8026.0,8773.0,30,32,103.6,0.959,20251031_081_pol_pro_Ran_ado_2025_19_Colorado2025_x007680_y008704
Unknown_Sample,20251031_081_pol_pro_Ran_ado_2025_19_Colorado2025.czi,Ran_ado,522.53,7736.0,8870.0,28,31,97.6,0.957,20251031_081_pol_pro_Ran_ado_2025_19_Colorado2025_x007680_y008704
Unknown_Sample,20251031_081_pol_pro_Ran_ado_2025_19_Colorado2025.czi,Ran_ado,472.12,8255.0,9164.0,29,27,92.18,0.957,20251031_081_pol_pro_Ran_ado_2025_19_Colorado2025_x007680_y008704
Unknown_Sample,20251031_081_pol_pro_Ran_ado_2025_19_Colorado2025.czi,Ran_ado,246.26,8170.0,9307.0,18,23,67.46,0.937,20251031_081_pol_pro_Ran_ado_2025_19_Colorado2025_x007680_y008704
Unknown_Sample,20251031_081_pol_pro_Ran_ado_2025_19_Colorado2025.czi,Ran_ado,552.92,8411.0,9063.0,28,32,100.18,0.96,20251031_081_pol_pro_Ran_ado_2025_19_Colorado2025_x008192_y008704
Unknown_Sample,20251031_081_pol_pro_Ran_ado_2025_19_Colorado2025.czi,Ran_ado,587.17,8520.0,9161.0,33,30,104.43,0.959,20251031_081_pol_pro_Ran_ado_2025_19_Colorado2025_x008192_y008704
Unknown_Sample,20251031_081_pol_pro_Ran_ado_2025_19_Colorado2025.czi,Ran_ado,473.66,8347.0,9025.0,28,28,93.36,0.959,20251031_081_pol_pro_Ran_ado_2025_19_Colorado2025_x008192_y008704
Unknown_Sample,20251031_081_pol_pro_Ran_ado_2025_19_Colorado2025.czi,Ran_ado,594.48,8387.0,8743.0,30,33,103.84,0.958,20251031_081_pol_pro_Ran_ado_2025_19_Colorado2025_x008192_y008704
Unknown_Sample,20251031_081_pol_pro_Ran_ado_2025_19_Colorado2025.czi,Ran_ado,454.04,8661.0,9310.0,29,26,93.11,0.957,20251031_081_pol_pro_Ran_ado_2025_19_Colorado2025_x008192_y008704
Unknown_Sample,20251031_081_pol_pro_Ran_ado_2025_19_Colorado2025.czi,Ran_ado,569.47,8456.0,8776.0,30,31,101.6,0.957,20251031_081_pol_pro_Ran_ado_2025_19_Colorado2025_x008192_y008704
Unknown_Sample,20251031_081_pol_pro_Ran_ado_2025_19_Colorado2025.czi,Ran_ado,495.98,8665.0,8809.0,27,30,95.36,0.957,20251031_081_pol_pro_Ran_ado_2025_19_Colorado2025_x008192_y008704
Unknown_Sample,20251031_081_pol_pro_Ran_ado_2025_19_Colorado2025.czi,Ran_ado,468.66,8444.0,9293.0,28,27,91.94,0.957,20251031_081_pol_pro_Ran_ado_2025_19_Colorado2025_x008192_y008704
Unknown_Sample,20251031_081_pol_pro_Ran_ado_2025_19_Colorado2025.czi,Ran_ado,532.15,8335.0,9195.0,31,28,99.36,0.957,20251031_081_pol_pro_Ran_ado_2025_19_Colorado2025_x008192_y008704
Unknown_Sample,20251031_081_pol_pro_Ran_ado_2025_19_Colorado2025.czi,Ran_ado,472.12,8255.0,9164.0,29,27,92.18,0.956,20251031_081_pol_pro_Ran_ado_2025_19_Colorado2025_x008192_y008704
Unknown_Sample,20251031_081_pol_pro_Ran_ado_2025_19_Colorado2025.czi,Ran_ado,490.98,8652.0,8937.0,30,27,94.77,0.956,20251031_081_pol_pro_Ran_ado_2025_19_Colorado2025_x008192_y008704
Unknown_Sample,20251031_081_pol_pro_Ran_ado_2025_19_Colorado2025.czi,Ran_ado,525.61,8438.0,8855.0,31,29,99.6,0.955,20251031_081_pol_pro_Ran_ado_2025_19_Colorado2025_x008192_y008704
Unknown_Sample,20251031_081_pol_pro_Ran_ado_2025_19_Colorado2025.czi,Ran_ado,125.82,8431.0,8708.0,24,10,57.56,0.947,20251031_081_pol_pro_Ran_ado_2025_19_Colorado2025_x008192_y008704
Unknown_Sample,20251031_081_pol_pro_Ran_ado_2025_19_Colorado2025.czi,Ran_ado,615.26,8533.0,9070.0,33,32,107.84,0.938,20251031_081_pol_pro_Ran_ado_2025_19_Colorado2025_x008192_y008704
Unknown_Sample,20251031_081_pol_pro_Ran_ado_2025_19_Colorado2025.czi,Ran_ado,479.82,8761.0,8811.0,29,28,95.36,0.937,20251031_081_pol_pro_Ran_ado_2025_19_Colorado2025_x008192_y008704
Unknown_Sample,20251031_081_pol_pro_Ran_ado_2025_19_Colorado2025.czi,Ran_ado,521.76,8546.0,9103.0,29,31,97.25,0.933,20251031_081_pol_pro_Ran_ado_2025_19_Colorado2025_x008192_y008704
Unknown_Sample,20251031_081_pol_pro_Ran_ado_2025_19_Colorado2025.czi,Ran_ado,290.51,8738.0,8795.0,24,22,75.7,0.916,20251031_081_pol_pro_Ran_ado_2025_19_Colorado2025_x008192_y008704
Unknown_Sample,20251031_081_pol_pro_Ran_ado_2025_19_Colorado2025.czi,Ran_ado,541.77,9033.0,9082.0,30,30,100.77,0.963,20251031_081_pol_pro_Ran_ado_2025_19_Colorado2025_x008704_y008704
Unknown_Sample,20251031_081_pol_pro_Ran_ado_2025_19_Colorado2025.czi,Ran_ado,544.46,8874.0,9115.0,30,30,100.18,0.962,20251031_081_pol_pro_Ran_ado_2025_19_Colorado2025_x008704_y008704
Unknown_Sample,20251031_081_pol_pro_Ran_ado_2025_19_Colorado2025.czi,Ran_ado,516.37,8840.0,9072.0,29,29,96.77,0.96,20251031_081_pol_pro_Ran_ado_2025_19_Colorado2025_x008704_y008704
Unknown_Sample,20251031_081_pol_pro_Ran_ado_2025_19_Colorado2025.czi,Ran_ado,593.71,9055.0,8936.0,31,32,103.84,0.96,20251031_081_pol_pro_Ran_ado_2025_19_Colorado2025_x008704_y008704
Unknown_Sample,20251031_081_pol_pro_Ran_ado_2025_19_Colorado2025.czi,Ran_ado,551.39,8955.0,9329.0,30,30,101.36,0.951,20251031_081_pol_pro_Ran_ado_2025_19_Colorado2025_x008704_y008704
Unknown_Sample,20251031_081_pol_pro_Ran_ado_2025_19_Colorado2025.czi,Ran_ado,480.59,8761.0,8811.0,29,28,95.36,0.936,20251031_081_pol_pro_Ran_ado_2025_19_Colorado2025_x008704_y008704
Unknown_Sample,20251031_081_pol_pro_Ran_ado_2025_19_Colorado2025.czi,Ran_ado,292.05,8738.0,8795.0,24,22,75.7,0.916,20251031_081_pol_pro_Ran_ado_2025_19_Colorado2025_x008704_y008704
Unknown_Sample,20251031_081_pol_pro_Ran_ado_2025_19_Colorado2025.czi,Ran_ado,651.04,9388.0,9217.0,31,35,110.43,0.96,20251031_081_pol_pro_Ran_ado_2025_19_Colorado2025_x009216_y008704
Unknown_Sample,20251031_081_pol_pro_Ran_ado_2025_19_Colorado2025.czi,Ran_ado,569.47,9439.0,9158.0,30,31,102.77,0.959,20251031_081_pol_pro_Ran_ado_2025_19_Colorado2025_x009216_y008704
Unknown_Sample,20251031_081_pol_pro_Ran_ado_2025_19_Colorado2025.czi,Ran_ado,679.13,9468.0,9281.0,34,34,111.5,0.919,20251031_081_pol_pro_Ran_ado_2025_19_Colorado2025_x009216_y008704
Unknown_Sample,20251031_081_pol_pro_Ran_ado_2025_19_Colorado2025.czi,Ran_ado,925.77,9437.0,9301.0,41,38,132.91,0.882,20251031_081_pol_pro_Ran_ado_2025_19_Colorado2025_x009216_y008704
Unknown_Sample,20251031_081_pol_pro_Ran_ado_2025_19_Colorado2025.czi,Ran_ado,604.1,10218.0,9171.0,32,30,104.77,0.957,20251031_081_pol_pro_Ran_ado_2025_19_Colorado2025_x009728_y008704
Unknown_Sample,20251031_081_pol_pro_Ran_ado_2025_19_Colorado2025.czi,Ran_ado,360.54,9964.0,8712.0,32,19,88.04,0.957,20251031_081_pol_pro_Ran_ado_2025_19_Colorado2025_x009728_y008704
Unknown_Sample,20251031_081_pol_pro_Ran_ado_2025_19_Colorado2025.czi,Ran_ado,556.77,10345.0,9065.0,29,31,102.53,0.953,20251031_081_pol_pro_Ran_ado_2025_19_Colorado2025_x009728_y008704
Unknown_Sample,20251031_081_pol_pro_Ran_ado_2025_19_Colorado2025.czi,Ran_ado,503.67,10326.0,9330.0,30,26,98.04,0.946,20251031_081_pol_pro_Ran_ado_2025_19_Colorado2025_x009728_y008704
Unknown_Sample,20251031_081_pol_pro_Ran_ado_2025_19_Colorado2025.czi,Ran_ado,591.02,10106.0,9242.0,31,31,104.77,0.936,20251031_081_pol_pro_Ran_ado_2025_19_Colorado2025_x009728_y008704
Unknown_Sample,20251031_081_pol_pro_Ran_ado_2025_19_Colorado2025.czi,Ran_ado,539.46,10659.0,8887.0,31,29,99.6,0.962,20251031_081_pol_pro_Ran_ado_2025_19_Colorado2025_x010240_y008704
Unknown_Sample,20251031_081_pol_pro_Ran_ado_2025_19_Colorado2025.czi,Ran_ado,559.47,10710.0,9183.0,30,31,102.77,0.961,20251031_081_pol_pro_Ran_ado_2025_19_Colorado2025_x010240_y008704
Unknown_Sample,20251031_081_pol_pro_Ran_ado_2025_19_Colorado2025.czi,Ran_ado,539.84,10345.0,9065.0,28,31,99.36,0.961,20251031_081_pol_pro_Ran_ado_2025_19_Colorado2025_x010240_y008704
Unknown_Sample,20251031_081_pol_pro_Ran_ado_2025_19_Colorado2025.czi,Ran_ado,576.01,10462.0,9219.0,31,31,104.18,0.96,20251031_081_pol_pro_Ran_ado_2025_19_Colorado2025_x010240_y008704
Unknown_Sample,20251031_081_pol_pro_Ran_ado_2025_19_Colorado2025.czi,Ran_ado,549.08,10487.0,8824.0,29,31,101.36,0.96,20251031_081_pol_pro_Ran_ado_2025_19_Colorado2025_x010240_y008704
Unknown_Sample,20251031_081_pol_pro_Ran_ado_2025_19_Colorado2025.czi,Ran_ado,558.7,10508.0,8726.0,30,31,100.43,0.96,20251031_081_pol_pro_Ran_ado_2025_19_Colorado2025_x010240_y008704
Unknown_Sample,20251031_081_pol_pro_Ran_ado_2025_19_Colorado2025.czi,Ran_ado,555.62,10551.0,9282.0,32,28,101.94,0.958,20251031_081_pol_pro_Ran_ado_2025_19_Colorado2025_x010240_y008704
Unknown_Sample,20251031_081_pol_pro_Ran_ado_2025_19_Colorado2025.czi,Ran_ado,491.74,10762.0,8926.0,26,31,95.94,0.95,20251031_081_pol_pro_Ran_ado_2025_19_Colorado2025_x010240_y008704
Unknown_Sample,20251031_081_pol_pro_Ran_ado_2025_19_Colorado2025.czi,Ran_ado,490.21,10326.0,9330.0,30,26,97.46,0.95,20251031_081_pol_pro_Ran_ado_2025_19_Colorado2025_x010240_y008704
Unknown_Sample,20251031_081_pol_pro_Ran_ado_2025_19_Colorado2025.czi,Ran_ado,539.84,10783.0,8955.0,31,29,100.18,0.939,20251031_081_pol_pro_Ran_ado_2025_19_Colorado2025_x010240_y008704
Unknown_Sample,20251031_081_pol_pro_Ran_ado_2025_19_Colorado2025.czi,Ran_ado,238.18,10873.0,8752.0,13,30,75.56,0.888,20251031_081_pol_pro_Ran_ado_2025_19_Colorado2025_x010240_y008704
Unknown_Sample,20251031_081_pol_pro_Ran_ado_2025_19_Colorado2025.czi,Ran_ado,576.78,10881.0,8752.0,31,30,103.36,0.96,20251031_081_pol_pro_Ran_ado_2025_19_Colorado2025_x010752_y008704
Unknown_Sample,20251031_081_pol_pro_Ran_ado_2025_19_Colorado2025.czi,Ran_ado,536.38,11367.0,9032.0,28,32,98.43,0.958,20251031_081_pol_pro_Ran_ado_2025_19_Colorado2025_x010752_y008704
Unknown_Sample,20251031_081_pol_pro_Ran_ado_2025_19_Colorado2025.czi,Ran_ado,459.04,10763.0,8926.0,23,32,93.7,0.953,20251031_081_pol_pro_Ran_ado_2025_19_Colorado2025_x010752_y008704
Unknown_Sample,20251031_081_pol_pro_Ran_ado_2025_19_Colorado2025.czi,Ran_ado,576.4,11180.0,9126.0,32,31,104.43,0.946,20251031_081_pol_pro_Ran_ado_2025_19_Colorado2025_x010752_y008704
Unknown_Sample,20251031_081_pol_pro_Ran_ado_2025_19_Colorado2025.czi,Ran_ado,539.46,10783.0,8955.0,31,29,99.6,0.935,20251031_081_pol_pro_Ran_ado_2025_19_Colorado2025_x010752_y008704
Unknown_Sample,20251031_081_pol_pro_Ran_ado_2025_19_Colorado2025.czi,Ran_ado,551.39,11222.0,9164.0,32,32,138.33,0.919,20251031_081_pol_pro_Ran_ado_2025_19_Colorado2025_x010752_y008704
Unknown_Sample,20251031_081_pol_pro_Ran_ado_2025_19_Colorado2025.czi,Ran_ado,520.22,11211.0,9135.0,31,28,99.94,0.904,20251031_081_pol_pro_Ran_ado_2025_19_Colorado2025_x010752_y008704
Unknown_Sample,20251031_081_pol_pro_Ran_ado_2025_19_Colorado2025.czi,Ran_ado,614.1,11745.0,8910.0,36,29,108.43,0.962,20251031_081_pol_pro_Ran_ado_2025_19_Colorado2025_x011264_y008704
Unknown_Sample,20251031_081_pol_pro_Ran_ado_2025_19_Colorado2025.czi,Ran_ado,602.18,11437.0,8795.0,32,31,105.01,0.961,20251031_081_pol_pro_Ran_ado_2025_19_Colorado2025_x011264_y008704
Unknown_Sample,20251031_081_pol_pro_Ran_ado_2025_19_Colorado2025.czi,Ran_ado,550.23,11367.0,9032.0,29,32,99.25,0.958,20251031_081_pol_pro_Ran_ado_2025_19_Colorado2025_x011264_y008704
Unknown_Sample,20251031_081_pol_pro_Ran_ado_2025_19_Colorado2025.czi,Ran_ado,384.39,11523.0,8714.0,28,22,87.21,0.954,20251031_081_pol_pro_Ran_ado_2025_19_Colorado2025_x011264_y008704
Unknown_Sample,20251031_081_pol_pro_Ran_ado_2025_19_Colorado2025.czi,Ran_ado,348.99,11471.0,8761.0,26,22,80.87,0.948,20251031_081_pol_pro_Ran_ado_2025_19_Colorado2025_x011264_y008704
Unknown_Sample,20251031_081_pol_pro_Ran_ado_2025_19_Colorado2025.czi,Ran_ado,552.92,12275.0,8815.0,31,29,100.18,0.963,20251031_081_pol_pro_Ran_ado_2025_19_Colorado2025_x011776_y008704
Unknown_Sample,20251031_081_pol_pro_Ran_ado_2025_19_Colorado2025.czi,Ran_ado,617.57,12137.0,8986.0,32,32,105.84,0.962,20251031_081_pol_pro_Ran_ado_2025_19_Colorado2025_x011776_y008704
Unknown_Sample,20251031_081_pol_pro_Ran_ado_2025_19_Colorado2025.czi,Ran_ado,600.64,12035.0,8816.0,31,32,105.01,0.962,20251031_081_pol_pro_Ran_ado_2025_19_Colorado2025_x011776_y008704
Unknown_Sample,20251031_081_pol_pro_Ran_ado_2025_19_Colorado2025.czi,Ran_ado,629.49,12236.0,8890.0,32,34,108.08,0.961,20251031_081_pol_pro_Ran_ado_2025_19_Colorado2025_x011776_y008704
Unknown_Sample,20251031_081_pol_pro_Ran_ado_2025_19_Colorado2025.czi,Ran_ado,549.08,12140.0,9175.0,29,32,101.01,0.946,20251031_081_pol_pro_Ran_ado_2025_19_Colorado2025_x011776_y008704
Unknown_Sample,20251031_081_pol_pro_Ran_ado_2025_19_Colorado2025.czi,Ran_ado,591.02,12170.0,9187.0,31,32,104.43,0.942,20251031_081_pol_pro_Ran_ado_2025_19_Colorado2025_x011776_y008704
Unknown_Sample,20251031_081_pol_pro_Ran_ado_2025_19_Colorado2025.czi,Ran_ado,651.43,12843.0,8780.0,32,34,109.84,0.964,20251031_081_pol_pro_Ran_ado_2025_19_Colorado2025_x012288_y008704
Unknown_Sample,20251031_081_pol_pro_Ran_ado_2025_19_Colorado2025.czi,Ran_ado,599.1,12524.0,8977.0,32,31,105.01,0.963,20251031_081_pol_pro_Ran_ado_2025_19_Colorado2025_x012288_y008704
Unknown_Sample,20251031_081_pol_pro_Ran_ado_2025_19_Colorado2025.czi,Ran_ado,595.25,12516.0,9167.0,34,30,104.67,0.959,20251031_081_pol_pro_Ran_ado_2025_19_Colorado2025_x012288_y008704
Unknown_Sample,20251031_081_pol_pro_Ran_ado_2025_19_Colorado2025.czi,Ran_ado,385.93,12826.0,9332.0,26,23,86.38,0.915,20251031_081_pol_pro_Ran_ado_2025_19_Colorado2025_x012288_y008704
Unknown_Sample,20251031_081_pol_pro_Ran_ado_2025_19_Colorado2025.czi,Ran_ado,291.28,12796.0,9336.0,30,16,80.38,0.9,20251031_081_pol_pro_Ran_ado_2025_19_Colorado2025_x012288_y008704
Unknown_Sample,20251031_081_pol_pro_Ran_ado_2025_19_Colorado2025.czi,Ran_ado,586.01,13122.0,8963.0,31,31,104.18,0.966,20251031_081_pol_pro_Ran_ado_2025_19_Colorado2025_x012800_y008704
Unknown_Sample,20251031_081_pol_pro_Ran_ado_2025_19_Colorado2025.czi,Ran_ado,651.43,12843.0,8780.0,32,34,109.84,0.964,20251031_081_pol_pro_Ran_ado_2025_19_Colorado2025_x012800_y008704
Unknown_Sample,20251031_081_pol_pro_Ran_ado_2025_19_Colorado2025.czi,Ran_ado,622.95,13250.0,8851.0,32,32,107.01,0.964,20251031_081_pol_pro_Ran_ado_2025_19_Colorado2025_x012800_y008704
Unknown_Sample,20251031_081_pol_pro_Ran_ado_2025_19_Colorado2025.czi,Ran_ado,596.02,13117.0,8782.0,29,33,105.36,0.963,20251031_081_pol_pro_Ran_ado_2025_19_Colorado2025_x012800_y008704
Unknown_Sample,20251031_081_pol_pro_Ran_ado_2025_19_Colorado2025.czi,Ran_ado,555.23,13238.0,8761.0,29,32,101.01,0.96,20251031_081_pol_pro_Ran_ado_2025_19_Colorado2025_x012800_y008704
Unknown_Sample,20251031_081_pol_pro_Ran_ado_2025_19_Colorado2025.czi,Ran_ado,539.46,13175.0,8796.0,33,27,100.77,0.958,20251031_081_pol_pro_Ran_ado_2025_19_Colorado2025_x012800_y008704
Unknown_Sample,20251031_081_pol_pro_Ran_ado_2025_19_Colorado2025.czi,Ran_ado,525.22,13351.0,8738.0,31,28,99.36,0.958,20251031_081_pol_pro_Ran_ado_2025_19_Colorado2025_x012800_y008704
Unknown_Sample,20251031_081_pol_pro_Ran_ado_2025_19_Colorado2025.czi,Ran_ado,445.19,13399.0,9322.0,27,28,91.36,0.957,20251031_081_pol_pro_Ran_ado_2025_19_Colorado2025_x012800_y008704
Unknown_Sample,20251031_081_pol_pro_Ran_ado_2025_19_Colorado2025.czi,Ran_ado,584.48,13424.0,8891.0,29,33,104.18,0.954,20251031_081_pol_pro_Ran_ado_2025_19_Colorado2025_x012800_y008704
Unknown_Sample,20251031_081_pol_pro_Ran_ado_2025_19_Colorado2025.czi,Ran_ado,386.32,12826.0,9332.0,26,23,86.97,0.91,20251031_081_pol_pro_Ran_ado_2025_19_Colorado2025_x012800_y008704
Unknown_Sample,20251031_081_pol_pro_Ran_ado_2025_19_Colorado2025.czi,Ran_ado,103.89,12805.0,9336.0,12,16,48.49,0.866,20251031_081_pol_pro_Ran_ado_2025_19_Colorado2025_x012800_y008704
Unknown_Sample,20251031_081_pol_pro_Ran_ado_2025_19_Colorado2025.czi,Ran_ado,516.37,13618.0,9036.0,30,29,98.77,0.963,20251031_081_pol_pro_Ran_ado_2025_19_Colorado2025_x013312_y008704
Unknown_Sample,20251031_081_pol_pro_Ran_ado_2025_19_Colorado2025.czi,Ran_ado,618.34,13917.0,8928.0,30,34,107.01,0.96,20251031_081_pol_pro_Ran_ado_2025_19_Colorado2025_x013312_y008704
Unknown_Sample,20251031_081_pol_pro_Ran_ado_2025_19_Colorado2025.czi,Ran_ado,581.78,13423.0,8891.0,29,33,103.6,0.96,20251031_081_pol_pro_Ran_ado_2025_19_Colorado2025_x013312_y008704
Unknown_Sample,20251031_081_pol_pro_Ran_ado_2025_19_Colorado2025.czi,Ran_ado,520.22,13708.0,9191.0,32,28,98.43,0.958,20251031_081_pol_pro_Ran_ado_2025_19_Colorado2025_x013312_y008704
Unknown_Sample,20251031_081_pol_pro_Ran_ado_2025_19_Colorado2025.czi,Ran_ado,526.37,13351.0,8738.0,31,28,98.77,0.958,20251031_081_pol_pro_Ran_ado_2025_19_Colorado2025_x013312_y008704
Unknown_Sample,20251031_081_pol_pro_Ran_ado_2025_19_Colorado2025.czi,Ran_ado,488.28,13499.0,8837.0,29,27,94.53,0.957,20251031_081_pol_pro_Ran_ado_2025_19_Colorado2025_x013312_y008704
Unknown_Sample,20251031_081_pol_pro_Ran_ado_2025_19_Colorado2025.czi,Ran_ado,445.19,13399.0,9322.0,27,28,91.36,0.957,20251031_081_pol_pro_Ran_ado_2025_19_Colorado2025_x013312_y008704
Unknown_Sample,20251031_081_pol_pro_Ran_ado_2025_19_Colorado2025.czi,Ran_ado,564.08,13533.0,8840.0,32,29,101.6,0.952,20251031_081_pol_pro_Ran_ado_2025_19_Colorado2025_x013312_y008704
Unknown_Sample,20251031_081_pol_pro_Ran_ado_2025_19_Colorado2025.czi,Ran_ado,468.66,13868.0,9331.0,28,25,94.97,0.949,20251031_081_pol_pro_Ran_ado_2025_19_Colorado2025_x013312_y008704
Unknown_Sample,20251031_081_pol_pro_Ran_ado_2025_19_Colorado2025.czi,Ran_ado,600.64,14057.0,9049.0,30,34,105.84,0.963,20251031_081_pol_pro_Ran_ado_2025_19_Colorado2025_x013824_y008704
Unknown_Sample,20251031_081_pol_pro_Ran_ado_2025_19_Colorado2025.czi,Ran_ado,618.34,13917.0,8928.0,30,34,107.01,0.961,20251031_081_pol_pro_Ran_ado_2025_19_Colorado2025_x013824_y008704
Unknown_Sample,20251031_081_pol_pro_Ran_ado_2025_19_Colorado2025.czi,Ran_ado,588.32,13961.0,9088.0,32,30,104.18,0.961,20251031_081_pol_pro_Ran_ado_2025_19_Colorado2025_x013824_y008704
Unknown_Sample,20251031_081_pol_pro_Ran_ado_2025_19_Colorado2025.czi,Ran_ado,468.66,13868.0,9331.0,28,25,94.97,0.948,20251031_081_pol_pro_Ran_ado_2025_19_Colorado2025_x013824_y008704
Unknown_Sample,20251031_081_pol_pro_Ran_ado_2025_19_Colorado2025.czi,Ran_ado,682.21,14654.0,9050.0,33,33,113.36,0.964,20251031_081_pol_pro_Ran_ado_2025_19_Colorado2025_x014336_y008704
Unknown_Sample,20251031_081_pol_pro_Ran_ado_2025_19_Colorado2025.czi,Ran_ado,510.21,14520.0,9262.0,31,27,96.77,0.96,20251031_081_pol_pro_Ran_ado_2025_19_Colorado2025_x014336_y008704
Unknown_Sample,20251031_081_pol_pro_Ran_ado_2025_19_Colorado2025.czi,Ran_ado,543.69,14885.0,8878.0,29,31,100.18,0.959,20251031_081_pol_pro_Ran_ado_2025_19_Colorado2025_x014336_y008704
Unknown_Sample,20251031_081_pol_pro_Ran_ado_2025_19_Colorado2025.czi,Ran_ado,553.31,14785.0,9225.0,30,31,101.6,0.959,20251031_081_pol_pro_Ran_ado_2025_19_Colorado2025_x014336_y008704
Unknown_Sample,20251031_081_pol_pro_Ran_ado_2025_19_Colorado2025.czi,Ran_ado,543.69,14885.0,8878.0,29,31,100.18,0.959,20251031_081_pol_pro_Ran_ado_2025_19_Colorado2025_x014848_y008704
Unknown_Sample,20251031_081_pol_pro_Ran_ado_2025_19_Colorado2025.czi,Ran_ado,531.76,15336.0,8747.0,30,29,98.77,0.958,20251031_081_pol_pro_Ran_ado_2025_19_Colorado2025_x014848_y008704
Unknown_Sample,20251031_081_pol_pro_Ran_ado_2025_19_Colorado2025.czi,Ran_ado,515.22,15196.0,8927.0,29,30,97.01,0.955,20251031_081_pol_pro_Ran_ado_2025_19_Colorado2025_x014848_y008704
Unknown_Sample,20251031_081_pol_pro_Ran_ado_2025_19_Colorado2025.czi,Ran_ado,597.17,15850.0,8741.0,30,33,104.43,0.961,20251031_081_pol_pro_Ran_ado_2025_19_Colorado2025_x015360_y008704
Unknown_Sample,20251031_081_pol_pro_Ran_ado_2025_19_Colorado2025.czi,Ran_ado,596.02,15836.0,9282.0,29,34,105.01,0.96,20251031_081_pol_pro_Ran_ado_2025_19_Colorado2025_x015360_y008704
Unknown_Sample,20251031_081_pol_pro_Ran_ado_2025_19_Colorado2025.czi,Ran_ado,584.86,15687.0,8840.0,32,30,104.77,0.958,20251031_081_pol_pro_Ran_ado_2025_19_Colorado2025_x015360_y008704
Unknown_Sample,20251031_081_pol_pro_Ran_ado_2025_19_Colorado2025.czi,Ran_ado,269.73,15503.0,8710.0,32,15,80.04,0.945,20251031_081_pol_pro_Ran_ado_2025_19_Colorado2025_x015360_y008704
Unknown_Sample,20251031_081_pol_pro_Ran_ado_2025_19_Colorado2025.czi,Ran_ado,497.13,16372.0,8981.0,29,28,95.94,0.933,20251031_081_pol_pro_Ran_ado_2025_19_Colorado2025_x015872_y008704
Unknown_Sample,20251031_081_pol_pro_Ran_ado_2025_19_Colorado2025.czi,Ran_ado,478.28,16460.0,8800.0,26,31,94.18,0.929,20251031_081_pol_pro_Ran_ado_2025_19_Colorado2025_x015872_y008704
Unknown_Sample,20251031_081_pol_pro_Ran_ado_2025_19_Colorado2025.czi,Ran_ado,543.3,16795.0,9080.0,31,29,99.6,0.937,20251031_081_pol_pro_Ran_ado_2025_19_Colorado2025_x016384_y008704
Unknown_Sample,20251031_081_pol_pro_Ran_ado_2025_19_Colorado2025.czi,Ran_ado,464.81,16460.0,8801.0,26,30,92.77,0.933,20251031_081_pol_pro_Ran_ado_2025_19_Colorado2025_x016384_y008704
Unknown_Sample,20251031_081_pol_pro_Ran_ado_2025_19_Colorado2025.czi,Ran_ado,494.05,16870.0,9204.0,27,30,94.77,0.932,20251031_081_pol_pro_Ran_ado_2025_19_Colorado2025_x016384_y008704
Unknown_Sample,20251031_081_pol_pro_Ran_ado_2025_19_Colorado2025.czi,Ran_ado,472.51,16750.0,9325.0,28,28,92.77,0.931,20251031_081_pol_pro_Ran_ado_2025_19_Colorado2025_x016384_y008704
Unknown_Sample,20251031_081_pol_pro_Ran_ado_2025_19_Colorado2025.czi,Ran_ado,351.3,16628.0,8757.0,27,21,80.87,0.92,20251031_081_pol_pro_Ran_ado_2025_19_Colorado2025_x016384_y008704
Unknown_Sample,20251031_081_pol_pro_Ran_ado_2025_19_Colorado2025.czi,Ran_ado,427.87,17003.0,8832.0,25,28,89.11,0.918,20251031_081_pol_pro_Ran_ado_2025_19_Colorado2025_x016384_y008704
Unknown_Sample,20251031_081_pol_pro_Ran_ado_2025_19_Colorado2025.czi,Ran_ado,286.27,17070.0,8712.0,25,19,75.8,0.94,20251031_081_pol_pro_Ran_ado_2025_19_Colorado2025_x016896_y008704
Unknown_Sample,20251031_081_pol_pro_Ran_ado_2025_19_Colorado2025.czi,Ran_ado,559.85,17198.0,9102.0,31,30,102.18,0.935,20251031_081_pol_pro_Ran_ado_2025_19_Colorado2025_x016896_y008704
Unknown_Sample,20251031_081_pol_pro_Ran_ado_2025_19_Colorado2025.czi,Ran_ado,522.53,17109.0,9060.0,29,30,97.6,0.934,20251031_081_pol_pro_Ran_ado_2025_19_Colorado2025_x016896_y008704
Unknown_Sample,20251031_081_pol_pro_Ran_ado_2025_19_Colorado2025.czi,Ran_ado,446.34,17118.0,8816.0,25,29,89.94,0.932,20251031_081_pol_pro_Ran_ado_2025_19_Colorado2025_x016896_y008704
Unknown_Sample,20251031_081_pol_pro_Ran_ado_2025_19_Colorado2025.czi,Ran_ado,554.46,17293.0,8952.0,31,29,101.36,0.931,20251031_081_pol_pro_Ran_ado_2025_19_Colorado2025_x016896_y008704
Unknown_Sample,20251031_081_pol_pro_Ran_ado_2025_19_Colorado2025.czi,Ran_ado,413.25,17130.0,8905.0,27,25,87.11,0.929,20251031_081_pol_pro_Ran_ado_2025_19_Colorado2025_x016896_y008704
Unknown_Sample,20251031_081_pol_pro_Ran_ado_2025_19_Colorado2025.czi,Ran_ado,426.33,17003.0,8832.0,25,28,89.11,0.926,20251031_081_pol_pro_Ran_ado_2025_19_Colorado2025_x016896_y008704
Unknown_Sample,20251031_081_pol_pro_Ran_ado_2025_19_Colorado2025.czi,Ran_ado,550.23,17412.0,9087.0,30,30,100.77,0.919,20251031_081_pol_pro_Ran_ado_2025_19_Colorado2025_x016896_y008704
Unknown_Sample,20251031_081_pol_pro_Ran_ado_2025_19_Colorado2025.czi,Ran_ado,330.52,17417.0,9086.0,19,28,82.38,0.893,20251031_081_pol_pro_Ran_ado_2025_19_Colorado2025_x017408_y008704
Unknown_Sample,20251031_081_pol_pro_Ran_ado_2025_19_Colorado2025.czi,Ran_ado,678.75,939.0,9619.0,33,35,113.25,0.962,20251031_081_pol_pro_Ran_ado_2025_19_Colorado2025_x000512_y009216
Unknown_Sample,20251031_081_pol_pro_Ran_ado_2025_19_Colorado2025.czi,Ran_ado,506.75,883.0,9656.0,32,27,98.18,0.96,20251031_081_pol_pro_Ran_ado_2025_19_Colorado2025_x000512_y009216
Unknown_Sample,20251031_081_pol_pro_Ran_ado_2025_19_Colorado2025.czi,Ran_ado,475.58,1585.0,9589.0,29,28,94.77,0.956,20251031_081_pol_pro_Ran_ado_2025_19_Colorado2025_x001024_y009216
Unknown_Sample,20251031_081_pol_pro_Ran_ado_2025_19_Colorado2025.czi,Ran_ado,230.1,1634.0,9786.0,18,21,64.63,0.927,20251031_081_pol_pro_Ran_ado_2025_19_Colorado2025_x001024_y009216
Unknown_Sample,20251031_081_pol_pro_Ran_ado_2025_19_Colorado2025.czi,Ran_ado,475.97,1585.0,9589.0,29,28,94.18,0.956,20251031_081_pol_pro_Ran_ado_2025_19_Colorado2025_x001536_y009216
Unknown_Sample,20251031_081_pol_pro_Ran_ado_2025_19_Colorado2025.czi,Ran_ado,489.44,2163.0,9669.0,25,31,98.63,0.94,20251031_081_pol_pro_Ran_ado_2025_19_Colorado2025_x001536_y009216
Unknown_Sample,20251031_081_pol_pro_Ran_ado_2025_19_Colorado2025.czi,Ran_ado,230.1,1634.0,9786.0,18,21,64.63,0.925,20251031_081_pol_pro_Ran_ado_2025_19_Colorado2025_x001536_y009216
Unknown_Sample,20251031_081_pol_pro_Ran_ado_2025_19_Colorado2025.czi,Ran_ado,532.53,2164.0,9669.0,29,31,100.77,0.958,20251031_081_pol_pro_Ran_ado_2025_19_Colorado2025_x002048_y009216
Unknown_Sample,20251031_081_pol_pro_Ran_ado_2025_19_Colorado2025.czi,Ran_ado,297.43,2364.0,9375.0,23,22,74.87,0.948,20251031_081_pol_pro_Ran_ado_2025_19_Colorado2025_x002048_y009216
Unknown_Sample,20251031_081_pol_pro_Ran_ado_2025_19_Colorado2025.czi,Ran_ado,348.22,2673.0,9594.0,23,25,80.87,0.937,20251031_081_pol_pro_Ran_ado_2025_19_Colorado2025_x002048_y009216
Unknown_Sample,20251031_081_pol_pro_Ran_ado_2025_19_Colorado2025.czi,Ran_ado,612.18,2770.0,9368.0,32,32,107.01,0.956,20251031_081_pol_pro_Ran_ado_2025_19_Colorado2025_x002560_y009216
Unknown_Sample,20251031_081_pol_pro_Ran_ado_2025_19_Colorado2025.czi,Ran_ado,348.22,2673.0,9594.0,23,25,80.87,0.946,20251031_081_pol_pro_Ran_ado_2025_19_Colorado2025_x002560_y009216
Unknown_Sample,20251031_081_pol_pro_Ran_ado_2025_19_Colorado2025.czi,Ran_ado,173.92,3191.0,9847.0,16,17,59.66,0.882,20251031_081_pol_pro_Ran_ado_2025_19_Colorado2025_x002560_y009216
Unknown_Sample,20251031_081_pol_pro_Ran_ado_2025_19_Colorado2025.czi,Ran_ado,503.29,3246.0,9455.0,29,29,95.6,0.958,20251031_081_pol_pro_Ran_ado_2025_19_Colorado2025_x003072_y009216
Unknown_Sample,20251031_081_pol_pro_Ran_ado_2025_19_Colorado2025.czi,Ran_ado,470.2,3570.0,9742.0,29,27,93.94,0.956,20251031_081_pol_pro_Ran_ado_2025_19_Colorado2025_x003072_y009216
Unknown_Sample,20251031_081_pol_pro_Ran_ado_2025_19_Colorado2025.czi,Ran_ado,279.73,3196.0,9847.0,27,17,77.56,0.91,20251031_081_pol_pro_Ran_ado_2025_19_Colorado2025_x003072_y009216
Unknown_Sample,20251031_081_pol_pro_Ran_ado_2025_19_Colorado2025.czi,Ran_ado,530.99,3963.0,9619.0,29,30,99.94,0.96,20251031_081_pol_pro_Ran_ado_2025_19_Colorado2025_x003584_y009216
Unknown_Sample,20251031_081_pol_pro_Ran_ado_2025_19_Colorado2025.czi,Ran_ado,479.43,3870.0,9372.0,28,28,93.94,0.958,20251031_081_pol_pro_Ran_ado_2025_19_Colorado2025_x003584_y009216
Unknown_Sample,20251031_081_pol_pro_Ran_ado_2025_19_Colorado2025.czi,Ran_ado,477.51,3995.0,9728.0,30,26,93.36,0.955,20251031_081_pol_pro_Ran_ado_2025_19_Colorado2025_x003584_y009216
Unknown_Sample,20251031_081_pol_pro_Ran_ado_2025_19_Colorado2025.czi,Ran_ado,396.32,4137.0,9323.0,28,23,85.11,0.945,20251031_081_pol_pro_Ran_ado_2025_19_Colorado2025_x003584_y009216
Unknown_Sample,20251031_081_pol_pro_Ran_ado_2025_19_Colorado2025.czi,Ran_ado,246.26,4066.0,9271.0,21,22,70.28,0.938,20251031_081_pol_pro_Ran_ado_2025_19_Colorado2025_x003584_y009216
Unknown_Sample,20251031_081_pol_pro_Ran_ado_2025_19_Colorado2025.czi,Ran_ado,543.3,4557.0,9576.0,31,29,99.6,0.961,20251031_081_pol_pro_Ran_ado_2025_19_Colorado2025_x004096_y009216
Unknown_Sample,20251031_081_pol_pro_Ran_ado_2025_19_Colorado2025.czi,Ran_ado,521.37,4499.0,9687.0,29,29,98.53,0.96,20251031_081_pol_pro_Ran_ado_2025_19_Colorado2025_x004096_y009216
Unknown_Sample,20251031_081_pol_pro_Ran_ado_2025_19_Colorado2025.czi,Ran_ado,493.28,4505.0,9439.0,28,30,96.77,0.959,20251031_081_pol_pro_Ran_ado_2025_19_Colorado2025_x004096_y009216
Unknown_Sample,20251031_081_pol_pro_Ran_ado_2025_19_Colorado2025.czi,Ran_ado,396.32,4137.0,9323.0,28,23,85.11,0.945,20251031_081_pol_pro_Ran_ado_2025_19_Colorado2025_x004096_y009216
Unknown_Sample,20251031_081_pol_pro_Ran_ado_2025_19_Colorado2025.czi,Ran_ado,517.91,5221.0,9242.0,28,31,98.77,0.961,20251031_081_pol_pro_Ran_ado_2025_19_Colorado2025_x004608_y009216
Unknown_Sample,20251031_081_pol_pro_Ran_ado_2025_19_Colorado2025.czi,Ran_ado,525.22,4973.0,9697.0,28,31,99.36,0.96,20251031_081_pol_pro_Ran_ado_2025_19_Colorado2025_x004608_y009216
Unknown_Sample,20251031_081_pol_pro_Ran_ado_2025_19_Colorado2025.czi,Ran_ado,554.46,5210.0,9815.0,32,29,102.18,0.957,20251031_081_pol_pro_Ran_ado_2025_19_Colorado2025_x004608_y009216
Unknown_Sample,20251031_081_pol_pro_Ran_ado_2025_19_Colorado2025.czi,Ran_ado,174.3,4822.0,9221.0,29,11,68.38,0.941,20251031_081_pol_pro_Ran_ado_2025_19_Colorado2025_x004608_y009216
Unknown_Sample,20251031_081_pol_pro_Ran_ado_2025_19_Colorado2025.czi,Ran_ado,542.92,5385.0,9260.0,30,30,100.18,0.963,20251031_081_pol_pro_Ran_ado_2025_19_Colorado2025_x005120_y009216
Unknown_Sample,20251031_081_pol_pro_Ran_ado_2025_19_Colorado2025.czi,Ran_ado,516.37,5221.0,9242.0,27,31,97.94,0.962,20251031_081_pol_pro_Ran_ado_2025_19_Colorado2025_x005120_y009216
Unknown_Sample,20251031_081_pol_pro_Ran_ado_2025_19_Colorado2025.czi,Ran_ado,462.5,5723.0,9277.0,27,28,91.94,0.956,20251031_081_pol_pro_Ran_ado_2025_19_Colorado2025_x005120_y009216
Unknown_Sample,20251031_081_pol_pro_Ran_ado_2025_19_Colorado2025.czi,Ran_ado,556.39,5210.0,9815.0,32,29,102.77,0.956,20251031_081_pol_pro_Ran_ado_2025_19_Colorado2025_x005120_y009216
Unknown_Sample,20251031_081_pol_pro_Ran_ado_2025_19_Colorado2025.czi,Ran_ado,469.81,5678.0,9447.0,28,29,93.01,0.956,20251031_081_pol_pro_Ran_ado_2025_19_Colorado2025_x005120_y009216
Unknown_Sample,20251031_081_pol_pro_Ran_ado_2025_19_Colorado2025.czi,Ran_ado,447.88,5665.0,9805.0,27,27,89.94,0.952,20251031_081_pol_pro_Ran_ado_2025_19_Colorado2025_x005120_y009216
Unknown_Sample,20251031_081_pol_pro_Ran_ado_2025_19_Colorado2025.czi,Ran_ado,445.57,5630.0,9838.0,27,27,91.11,0.95,20251031_081_pol_pro_Ran_ado_2025_19_Colorado2025_x005120_y009216
Unknown_Sample,20251031_081_pol_pro_Ran_ado_2025_19_Colorado2025.czi,Ran_ado,575.24,5884.0,9712.0,29,33,104.18,0.958,20251031_081_pol_pro_Ran_ado_2025_19_Colorado2025_x005632_y009216
Unknown_Sample,20251031_081_pol_pro_Ran_ado_2025_19_Colorado2025.czi,Ran_ado,425.56,6056.0,9462.0,27,26,87.94,0.958,20251031_081_pol_pro_Ran_ado_2025_19_Colorado2025_x005632_y009216
Unknown_Sample,20251031_081_pol_pro_Ran_ado_2025_19_Colorado2025.czi,Ran_ado,462.5,5723.0,9277.0,27,28,91.94,0.957,20251031_081_pol_pro_Ran_ado_2025_19_Colorado2025_x005632_y009216
Unknown_Sample,20251031_081_pol_pro_Ran_ado_2025_19_Colorado2025.czi,Ran_ado,463.27,5824.0,9365.0,29,26,93.11,0.956,20251031_081_pol_pro_Ran_ado_2025_19_Colorado2025_x005632_y009216
Unknown_Sample,20251031_081_pol_pro_Ran_ado_2025_19_Colorado2025.czi,Ran_ado,543.3,5970.0,9800.0,30,30,100.77,0.955,20251031_081_pol_pro_Ran_ado_2025_19_Colorado2025_x005632_y009216
Unknown_Sample,20251031_081_pol_pro_Ran_ado_2025_19_Colorado2025.czi,Ran_ado,469.81,5678.0,9447.0,28,29,93.01,0.955,20251031_081_pol_pro_Ran_ado_2025_19_Colorado2025_x005632_y009216
Unknown_Sample,20251031_081_pol_pro_Ran_ado_2025_19_Colorado2025.czi,Ran_ado,447.88,5665.0,9805.0,27,27,89.94,0.951,20251031_081_pol_pro_Ran_ado_2025_19_Colorado2025_x005632_y009216
Unknown_Sample,20251031_081_pol_pro_Ran_ado_2025_19_Colorado2025.czi,Ran_ado,163.15,5637.0,9837.0,11,26,64.14,0.942,20251031_081_pol_pro_Ran_ado_2025_19_Colorado2025_x005632_y009216
Unknown_Sample,20251031_081_pol_pro_Ran_ado_2025_19_Colorado2025.czi,Ran_ado,413.25,6000.0,9845.0,30,21,90.97,0.939,20251031_081_pol_pro_Ran_ado_2025_19_Colorado2025_x005632_y009216
Unknown_Sample,20251031_081_pol_pro_Ran_ado_2025_19_Colorado2025.czi,Ran_ado,562.54,6376.0,9380.0,32,29,100.43,0.962,20251031_081_pol_pro_Ran_ado_2025_19_Colorado2025_x006144_y009216
Unknown_Sample,20251031_081_pol_pro_Ran_ado_2025_19_Colorado2025.czi,Ran_ado,519.06,6522.0,9264.0,29,29,98.53,0.962,20251031_081_pol_pro_Ran_ado_2025_19_Colorado2025_x006144_y009216
Unknown_Sample,20251031_081_pol_pro_Ran_ado_2025_19_Colorado2025.czi,Ran_ado,459.42,6467.0,9409.0,27,29,93.94,0.96,20251031_081_pol_pro_Ran_ado_2025_19_Colorado2025_x006144_y009216
Unknown_Sample,20251031_081_pol_pro_Ran_ado_2025_19_Colorado2025.czi,Ran_ado,487.9,6662.0,9650.0,33,27,99.6,0.932,20251031_081_pol_pro_Ran_ado_2025_19_Colorado2025_x006144_y009216
Unknown_Sample,20251031_081_pol_pro_Ran_ado_2025_19_Colorado2025.czi,Ran_ado,331.68,6674.0,9670.0,25,22,79.46,0.893,20251031_081_pol_pro_Ran_ado_2025_19_Colorado2025_x006144_y009216
Unknown_Sample,20251031_081_pol_pro_Ran_ado_2025_19_Colorado2025.czi,Ran_ado,610.64,7130.0,9398.0,34,30,105.84,0.961,20251031_081_pol_pro_Ran_ado_2025_19_Colorado2025_x006656_y009216
Unknown_Sample,20251031_081_pol_pro_Ran_ado_2025_19_Colorado2025.czi,Ran_ado,428.64,6904.0,9557.0,26,27,86.77,0.96,20251031_081_pol_pro_Ran_ado_2025_19_Colorado2025_x006656_y009216
Unknown_Sample,20251031_081_pol_pro_Ran_ado_2025_19_Colorado2025.czi,Ran_ado,554.85,7106.0,9364.0,32,29,100.43,0.96,20251031_081_pol_pro_Ran_ado_2025_19_Colorado2025_x006656_y009216
Unknown_Sample,20251031_081_pol_pro_Ran_ado_2025_19_Colorado2025.czi,Ran_ado,489.05,6840.0,9532.0,29,28,95.36,0.959,20251031_081_pol_pro_Ran_ado_2025_19_Colorado2025_x006656_y009216
Unknown_Sample,20251031_081_pol_pro_Ran_ado_2025_19_Colorado2025.czi,Ran_ado,525.22,6999.0,9407.0,27,32,99.36,0.959,20251031_081_pol_pro_Ran_ado_2025_19_Colorado2025_x006656_y009216
Unknown_Sample,20251031_081_pol_pro_Ran_ado_2025_19_Colorado2025.czi,Ran_ado,549.08,7168.0,9247.0,30,31,99.84,0.958,20251031_081_pol_pro_Ran_ado_2025_19_Colorado2025_x006656_y009216
Unknown_Sample,20251031_081_pol_pro_Ran_ado_2025_19_Colorado2025.czi,Ran_ado,492.13,6791.0,9679.0,28,30,95.01,0.958,20251031_081_pol_pro_Ran_ado_2025_19_Colorado2025_x006656_y009216
Unknown_Sample,20251031_081_pol_pro_Ran_ado_2025_19_Colorado2025.czi,Ran_ado,544.84,6970.0,9815.0,29,31,99.6,0.957,20251031_081_pol_pro_Ran_ado_2025_19_Colorado2025_x006656_y009216
Unknown_Sample,20251031_081_pol_pro_Ran_ado_2025_19_Colorado2025.czi,Ran_ado,370.54,6666.0,9651.0,23,28,86.87,0.94,20251031_081_pol_pro_Ran_ado_2025_19_Colorado2025_x006656_y009216
Unknown_Sample,20251031_081_pol_pro_Ran_ado_2025_19_Colorado2025.czi,Ran_ado,299.36,7287.0,9323.0,17,28,80.14,0.919,20251031_081_pol_pro_Ran_ado_2025_19_Colorado2025_x006656_y009216
Unknown_Sample,20251031_081_pol_pro_Ran_ado_2025_19_Colorado2025.czi,Ran_ado,299.74,6675.0,9670.0,25,22,77.36,0.896,20251031_081_pol_pro_Ran_ado_2025_19_Colorado2025_x006656_y009216
Unknown_Sample,20251031_081_pol_pro_Ran_ado_2025_19_Colorado2025.czi,Ran_ado,578.7,7491.0,9485.0,30,32,103.6,0.965,20251031_081_pol_pro_Ran_ado_2025_19_Colorado2025_x007168_y009216
Unknown_Sample,20251031_081_pol_pro_Ran_ado_2025_19_Colorado2025.czi,Ran_ado,561.77,7379.0,9500.0,31,30,102.77,0.963,20251031_081_pol_pro_Ran_ado_2025_19_Colorado2025_x007168_y009216
Unknown_Sample,20251031_081_pol_pro_Ran_ado_2025_19_Colorado2025.czi,Ran_ado,640.65,7319.0,9404.0,30,37,110.67,0.961,20251031_081_pol_pro_Ran_ado_2025_19_Colorado2025_x007168_y009216
Unknown_Sample,20251031_081_pol_pro_Ran_ado_2025_19_Colorado2025.czi,Ran_ado,524.84,7546.0,9640.0,29,30,98.77,0.961,20251031_081_pol_pro_Ran_ado_2025_19_Colorado2025_x007168_y009216
Unknown_Sample,20251031_081_pol_pro_Ran_ado_2025_19_Colorado2025.czi,Ran_ado,530.99,7540.0,9255.0,29,29,97.94,0.961,20251031_081_pol_pro_Ran_ado_2025_19_Colorado2025_x007168_y009216
Unknown_Sample,20251031_081_pol_pro_Ran_ado_2025_19_Colorado2025.czi,Ran_ado,538.3,7293.0,9324.0,31,29,100.18,0.958,20251031_081_pol_pro_Ran_ado_2025_19_Colorado2025_x007168_y009216
Unknown_Sample,20251031_081_pol_pro_Ran_ado_2025_19_Colorado2025.czi,Ran_ado,251.64,7175.0,9249.0,15,30,76.63,0.946,20251031_081_pol_pro_Ran_ado_2025_19_Colorado2025_x007168_y009216
Unknown_Sample,20251031_081_pol_pro_Ran_ado_2025_19_Colorado2025.czi,Ran_ado,539.07,7883.0,9544.0,31,28,99.36,0.962,20251031_081_pol_pro_Ran_ado_2025_19_Colorado2025_x007680_y009216
Unknown_Sample,20251031_081_pol_pro_Ran_ado_2025_19_Colorado2025.czi,Ran_ado,484.05,7990.0,9242.0,27,30,97.11,0.96,20251031_081_pol_pro_Ran_ado_2025_19_Colorado2025_x007680_y009216
Unknown_Sample,20251031_081_pol_pro_Ran_ado_2025_19_Colorado2025.czi,Ran_ado,475.2,8225.0,9402.0,28,28,93.36,0.958,20251031_081_pol_pro_Ran_ado_2025_19_Colorado2025_x007680_y009216
Unknown_Sample,20251031_081_pol_pro_Ran_ado_2025_19_Colorado2025.czi,Ran_ado,513.68,8264.0,9806.0,30,28,98.53,0.957,20251031_081_pol_pro_Ran_ado_2025_19_Colorado2025_x007680_y009216
Unknown_Sample,20251031_081_pol_pro_Ran_ado_2025_19_Colorado2025.czi,Ran_ado,256.65,8169.0,9307.0,19,23,68.87,0.938,20251031_081_pol_pro_Ran_ado_2025_19_Colorado2025_x007680_y009216
Unknown_Sample,20251031_081_pol_pro_Ran_ado_2025_19_Colorado2025.czi,Ran_ado,354.76,7976.0,9846.0,29,19,86.14,0.92,20251031_081_pol_pro_Ran_ado_2025_19_Colorado2025_x007680_y009216
Unknown_Sample,20251031_081_pol_pro_Ran_ado_2025_19_Colorado2025.czi,Ran_ado,567.93,8404.0,9661.0,33,30,103.25,0.963,20251031_081_pol_pro_Ran_ado_2025_19_Colorado2025_x008192_y009216
Unknown_Sample,20251031_081_pol_pro_Ran_ado_2025_19_Colorado2025.czi,Ran_ado,454.81,8661.0,9310.0,29,26,93.11,0.958,20251031_081_pol_pro_Ran_ado_2025_19_Colorado2025_x008192_y009216
Unknown_Sample,20251031_081_pol_pro_Ran_ado_2025_19_Colorado2025.czi,Ran_ado,474.04,8225.0,9402.0,28,28,93.94,0.958,20251031_081_pol_pro_Ran_ado_2025_19_Colorado2025_x008192_y009216
Unknown_Sample,20251031_081_pol_pro_Ran_ado_2025_19_Colorado2025.czi,Ran_ado,468.66,8444.0,9293.0,28,27,91.94,0.957,20251031_081_pol_pro_Ran_ado_2025_19_Colorado2025_x008192_y009216
Unknown_Sample,20251031_081_pol_pro_Ran_ado_2025_19_Colorado2025.czi,Ran_ado,511.75,8264.0,9806.0,30,28,97.94,0.957,20251031_081_pol_pro_Ran_ado_2025_19_Colorado2025_x008192_y009216
Unknown_Sample,20251031_081_pol_pro_Ran_ado_2025_19_Colorado2025.czi,Ran_ado,527.14,8503.0,9742.0,30,30,98.43,0.953,20251031_081_pol_pro_Ran_ado_2025_19_Colorado2025_x008192_y009216
Unknown_Sample,20251031_081_pol_pro_Ran_ado_2025_19_Colorado2025.czi,Ran_ado,605.64,9033.0,9468.0,31,32,106.77,0.96,20251031_081_pol_pro_Ran_ado_2025_19_Colorado2025_x008704_y009216
Unknown_Sample,20251031_081_pol_pro_Ran_ado_2025_19_Colorado2025.czi,Ran_ado,607.95,8956.0,9330.0,30,34,105.25,0.956,20251031_081_pol_pro_Ran_ado_2025_19_Colorado2025_x008704_y009216
Unknown_Sample,20251031_081_pol_pro_Ran_ado_2025_19_Colorado2025.czi,Ran_ado,554.08,9152.0,9700.0,29,32,100.43,0.937,20251031_081_pol_pro_Ran_ado_2025_19_Colorado2025_x008704_y009216
Unknown_Sample,20251031_081_pol_pro_Ran_ado_2025_19_Colorado2025.czi,Ran_ado,342.84,9387.0,9225.0,30,19,85.21,0.952,20251031_081_pol_pro_Ran_ado_2025_19_Colorado2025_x009216_y009216
Unknown_Sample,20251031_081_pol_pro_Ran_ado_2025_19_Colorado2025.czi,Ran_ado,679.9,9468.0,9281.0,34,34,111.5,0.92,20251031_081_pol_pro_Ran_ado_2025_19_Colorado2025_x009216_y009216
Unknown_Sample,20251031_081_pol_pro_Ran_ado_2025_19_Colorado2025.czi,Ran_ado,928.08,9437.0,9301.0,41,38,132.91,0.882,20251031_081_pol_pro_Ran_ado_2025_19_Colorado2025_x009216_y009216
Unknown_Sample,20251031_081_pol_pro_Ran_ado_2025_19_Colorado2025.czi,Ran_ado,527.91,10326.0,9331.0,30,29,98.77,0.955,20251031_081_pol_pro_Ran_ado_2025_19_Colorado2025_x009728_y009216
Unknown_Sample,20251031_081_pol_pro_Ran_ado_2025_19_Colorado2025.czi,Ran_ado,621.8,10295.0,9602.0,34,31,106.08,0.938,20251031_081_pol_pro_Ran_ado_2025_19_Colorado2025_x009728_y009216
Unknown_Sample,20251031_081_pol_pro_Ran_ado_2025_19_Colorado2025.czi,Ran_ado,593.33,10106.0,9242.0,31,31,104.77,0.935,20251031_081_pol_pro_Ran_ado_2025_19_Colorado2025_x009728_y009216
Unknown_Sample,20251031_081_pol_pro_Ran_ado_2025_19_Colorado2025.czi,Ran_ado,552.15,10731.0,9788.0,30,31,99.84,0.964,20251031_081_pol_pro_Ran_ado_2025_19_Colorado2025_x010240_y009216
Unknown_Sample,20251031_081_pol_pro_Ran_ado_2025_19_Colorado2025.czi,Ran_ado,564.85,10594.0,9369.0,30,31,101.6,0.962,20251031_081_pol_pro_Ran_ado_2025_19_Colorado2025_x010240_y009216
Unknown_Sample,20251031_081_pol_pro_Ran_ado_2025_19_Colorado2025.czi,Ran_ado,573.7,10402.0,9649.0,30,31,103.36,0.961,20251031_081_pol_pro_Ran_ado_2025_19_Colorado2025_x010240_y009216
Unknown_Sample,20251031_081_pol_pro_Ran_ado_2025_19_Colorado2025.czi,Ran_ado,575.24,10419.0,9729.0,33,29,103.01,0.96,20251031_081_pol_pro_Ran_ado_2025_19_Colorado2025_x010240_y009216
Unknown_Sample,20251031_081_pol_pro_Ran_ado_2025_19_Colorado2025.czi,Ran_ado,568.32,10429.0,9364.0,31,31,103.01,0.959,20251031_081_pol_pro_Ran_ado_2025_19_Colorado2025_x010240_y009216
Unknown_Sample,20251031_081_pol_pro_Ran_ado_2025_19_Colorado2025.czi,Ran_ado,519.83,10592.0,9515.0,29,29,97.36,0.958,20251031_081_pol_pro_Ran_ado_2025_19_Colorado2025_x010240_y009216
Unknown_Sample,20251031_081_pol_pro_Ran_ado_2025_19_Colorado2025.czi,Ran_ado,559.85,10551.0,9282.0,32,28,102.53,0.957,20251031_081_pol_pro_Ran_ado_2025_19_Colorado2025_x010240_y009216
Unknown_Sample,20251031_081_pol_pro_Ran_ado_2025_19_Colorado2025.czi,Ran_ado,515.6,10326.0,9331.0,30,28,97.94,0.954,20251031_081_pol_pro_Ran_ado_2025_19_Colorado2025_x010240_y009216
Unknown_Sample,20251031_081_pol_pro_Ran_ado_2025_19_Colorado2025.czi,Ran_ado,349.76,10463.0,9224.0,31,19,87.21,0.954,20251031_081_pol_pro_Ran_ado_2025_19_Colorado2025_x010240_y009216
Unknown_Sample,20251031_081_pol_pro_Ran_ado_2025_19_Colorado2025.czi,Ran_ado,488.67,10470.0,9813.0,28,30,95.6,0.953,20251031_081_pol_pro_Ran_ado_2025_19_Colorado2025_x010240_y009216
Unknown_Sample,20251031_081_pol_pro_Ran_ado_2025_19_Colorado2025.czi,Ran_ado,618.34,10295.0,9602.0,34,31,105.5,0.939,20251031_081_pol_pro_Ran_ado_2025_19_Colorado2025_x010240_y009216
Unknown_Sample,20251031_081_pol_pro_Ran_ado_2025_19_Colorado2025.czi,Ran_ado,500.59,11243.0,9538.0,31,27,96.18,0.962,20251031_081_pol_pro_Ran_ado_2025_19_Colorado2025_x010752_y009216
Unknown_Sample,20251031_081_pol_pro_Ran_ado_2025_19_Colorado2025.czi,Ran_ado,603.33,11217.0,9638.0,28,35,106.77,0.962,20251031_081_pol_pro_Ran_ado_2025_19_Colorado2025_x010752_y009216
Unknown_Sample,20251031_081_pol_pro_Ran_ado_2025_19_Colorado2025.czi,Ran_ado,527.53,11181.0,9777.0,28,30,98.53,0.959,20251031_081_pol_pro_Ran_ado_2025_19_Colorado2025_x010752_y009216
Unknown_Sample,20251031_081_pol_pro_Ran_ado_2025_19_Colorado2025.czi,Ran_ado,506.75,10934.0,9606.0,30,28,97.36,0.958,20251031_081_pol_pro_Ran_ado_2025_19_Colorado2025_x010752_y009216
Unknown_Sample,20251031_081_pol_pro_Ran_ado_2025_19_Colorado2025.czi,Ran_ado,559.85,11871.0,9600.0,31,29,100.18,0.962,20251031_081_pol_pro_Ran_ado_2025_19_Colorado2025_x011264_y009216
Unknown_Sample,20251031_081_pol_pro_Ran_ado_2025_19_Colorado2025.czi,Ran_ado,580.63,11717.0,9610.0,32,30,103.01,0.962,20251031_081_pol_pro_Ran_ado_2025_19_Colorado2025_x011264_y009216
Unknown_Sample,20251031_081_pol_pro_Ran_ado_2025_19_Colorado2025.czi,Ran_ado,574.09,11858.0,9419.0,33,29,101.25,0.96,20251031_081_pol_pro_Ran_ado_2025_19_Colorado2025_x011264_y009216
Unknown_Sample,20251031_081_pol_pro_Ran_ado_2025_19_Colorado2025.czi,Ran_ado,571.01,11600.0,9655.0,33,30,103.25,0.96,20251031_081_pol_pro_Ran_ado_2025_19_Colorado2025_x011264_y009216
Unknown_Sample,20251031_081_pol_pro_Ran_ado_2025_19_Colorado2025.czi,Ran_ado,604.87,11473.0,9610.0,34,30,108.77,0.959,20251031_081_pol_pro_Ran_ado_2025_19_Colorado2025_x011264_y009216
Unknown_Sample,20251031_081_pol_pro_Ran_ado_2025_19_Colorado2025.czi,Ran_ado,547.15,11675.0,9639.0,34,28,102.43,0.958,20251031_081_pol_pro_Ran_ado_2025_19_Colorado2025_x011264_y009216
Unknown_Sample,20251031_081_pol_pro_Ran_ado_2025_19_Colorado2025.czi,Ran_ado,559.85,11871.0,9600.0,31,29,100.18,0.962,20251031_081_pol_pro_Ran_ado_2025_19_Colorado2025_x011776_y009216
Unknown_Sample,20251031_081_pol_pro_Ran_ado_2025_19_Colorado2025.czi,Ran_ado,595.25,12030.0,9515.0,32,30,104.18,0.961,20251031_081_pol_pro_Ran_ado_2025_19_Colorado2025_x011776_y009216
Unknown_Sample,20251031_081_pol_pro_Ran_ado_2025_19_Colorado2025.czi,Ran_ado,574.09,11858.0,9419.0,33,29,101.25,0.96,20251031_081_pol_pro_Ran_ado_2025_19_Colorado2025_x011776_y009216
Unknown_Sample,20251031_081_pol_pro_Ran_ado_2025_19_Colorado2025.czi,Ran_ado,338.99,11947.0,9620.0,23,25,78.53,0.951,20251031_081_pol_pro_Ran_ado_2025_19_Colorado2025_x011776_y009216
Unknown_Sample,20251031_081_pol_pro_Ran_ado_2025_19_Colorado2025.czi,Ran_ado,526.37,12698.0,9356.0,29,30,97.6,0.964,20251031_081_pol_pro_Ran_ado_2025_19_Colorado2025_x012288_y009216
Unknown_Sample,20251031_081_pol_pro_Ran_ado_2025_19_Colorado2025.czi,Ran_ado,613.33,12770.0,9395.0,29,36,107.25,0.962,20251031_081_pol_pro_Ran_ado_2025_19_Colorado2025_x012288_y009216
Unknown_Sample,20251031_081_pol_pro_Ran_ado_2025_19_Colorado2025.czi,Ran_ado,581.01,12788.0,9713.0,31,31,103.6,0.962,20251031_081_pol_pro_Ran_ado_2025_19_Colorado2025_x012288_y009216
Unknown_Sample,20251031_081_pol_pro_Ran_ado_2025_19_Colorado2025.czi,Ran_ado,615.26,12497.0,9672.0,33,32,106.67,0.961,20251031_081_pol_pro_Ran_ado_2025_19_Colorado2025_x012288_y009216
Unknown_Sample,20251031_081_pol_pro_Ran_ado_2025_19_Colorado2025.czi,Ran_ado,547.54,12856.0,9832.0,29,30,99.36,0.959,20251031_081_pol_pro_Ran_ado_2025_19_Colorado2025_x012288_y009216
Unknown_Sample,20251031_081_pol_pro_Ran_ado_2025_19_Colorado2025.czi,Ran_ado,530.22,12655.0,9756.0,31,28,97.6,0.957,20251031_081_pol_pro_Ran_ado_2025_19_Colorado2025_x012288_y009216
Unknown_Sample,20251031_081_pol_pro_Ran_ado_2025_19_Colorado2025.czi,Ran_ado,531.38,12797.0,9341.0,30,29,99.36,0.945,20251031_081_pol_pro_Ran_ado_2025_19_Colorado2025_x012288_y009216
Unknown_Sample,20251031_081_pol_pro_Ran_ado_2025_19_Colorado2025.czi,Ran_ado,505.6,12825.0,9335.0,28,30,95.6,0.935,20251031_081_pol_pro_Ran_ado_2025_19_Colorado2025_x012288_y009216
Unknown_Sample,20251031_081_pol_pro_Ran_ado_2025_19_Colorado2025.czi,Ran_ado,204.32,12580.0,9849.0,28,12,70.73,0.891,20251031_081_pol_pro_Ran_ado_2025_19_Colorado2025_x012288_y009216
Unknown_Sample,20251031_081_pol_pro_Ran_ado_2025_19_Colorado2025.czi,Ran_ado,570.24,13075.0,9561.0,32,30,102.43,0.965,20251031_081_pol_pro_Ran_ado_2025_19_Colorado2025_x012800_y009216
Unknown_Sample,20251031_081_pol_pro_Ran_ado_2025_19_Colorado2025.czi,Ran_ado,658.74,13175.0,9828.0,31,36,108.91,0.961,20251031_081_pol_pro_Ran_ado_2025_19_Colorado2025_x012800_y009216
Unknown_Sample,20251031_081_pol_pro_Ran_ado_2025_19_Colorado2025.czi,Ran_ado,587.55,12951.0,9475.0,32,30,103.01,0.96,20251031_081_pol_pro_Ran_ado_2025_19_Colorado2025_x012800_y009216
Unknown_Sample,20251031_081_pol_pro_Ran_ado_2025_19_Colorado2025.czi,Ran_ado,547.54,12856.0,9832.0,29,30,99.36,0.959,20251031_081_pol_pro_Ran_ado_2025_19_Colorado2025_x012800_y009216
Unknown_Sample,20251031_081_pol_pro_Ran_ado_2025_19_Colorado2025.czi,Ran_ado,587.17,13158.0,9727.0,31,32,103.25,0.958,20251031_081_pol_pro_Ran_ado_2025_19_Colorado2025_x012800_y009216
Unknown_Sample,20251031_081_pol_pro_Ran_ado_2025_19_Colorado2025.czi,Ran_ado,445.57,13399.0,9322.0,27,28,90.77,0.958,20251031_081_pol_pro_Ran_ado_2025_19_Colorado2025_x012800_y009216
Unknown_Sample,20251031_081_pol_pro_Ran_ado_2025_19_Colorado2025.czi,Ran_ado,481.36,12826.0,9335.0,27,30,94.18,0.926,20251031_081_pol_pro_Ran_ado_2025_19_Colorado2025_x012800_y009216
Unknown_Sample,20251031_081_pol_pro_Ran_ado_2025_19_Colorado2025.czi,Ran_ado,199.31,12806.0,9342.0,13,28,72.14,0.887,20251031_081_pol_pro_Ran_ado_2025_19_Colorado2025_x012800_y009216
Unknown_Sample,20251031_081_pol_pro_Ran_ado_2025_19_Colorado2025.czi,Ran_ado,512.52,13868.0,9332.0,28,29,97.11,0.963,20251031_081_pol_pro_Ran_ado_2025_19_Colorado2025_x013312_y009216
Unknown_Sample,20251031_081_pol_pro_Ran_ado_2025_19_Colorado2025.czi,Ran_ado,508.29,13640.0,9627.0,27,30,96.53,0.962,20251031_081_pol_pro_Ran_ado_2025_19_Colorado2025_x013312_y009216
Unknown_Sample,20251031_081_pol_pro_Ran_ado_2025_19_Colorado2025.czi,Ran_ado,514.45,13498.0,9436.0,28,30,96.18,0.96,20251031_081_pol_pro_Ran_ado_2025_19_Colorado2025_x013312_y009216
Unknown_Sample,20251031_081_pol_pro_Ran_ado_2025_19_Colorado2025.czi,Ran_ado,500.59,13831.0,9429.0,30,28,96.18,0.96,20251031_081_pol_pro_Ran_ado_2025_19_Colorado2025_x013312_y009216
Unknown_Sample,20251031_081_pol_pro_Ran_ado_2025_19_Colorado2025.czi,Ran_ado,579.09,13919.0,9471.0,32,30,104.18,0.96,20251031_081_pol_pro_Ran_ado_2025_19_Colorado2025_x013312_y009216
Unknown_Sample,20251031_081_pol_pro_Ran_ado_2025_19_Colorado2025.czi,Ran_ado,444.03,13399.0,9322.0,27,28,90.77,0.958,20251031_081_pol_pro_Ran_ado_2025_19_Colorado2025_x013312_y009216
Unknown_Sample,20251031_081_pol_pro_Ran_ado_2025_19_Colorado2025.czi,Ran_ado,309.75,13487.0,9465.0,24,22,75.7,0.95,20251031_081_pol_pro_Ran_ado_2025_19_Colorado2025_x013312_y009216
Unknown_Sample,20251031_081_pol_pro_Ran_ado_2025_19_Colorado2025.czi,Ran_ado,378.24,13834.0,9429.0,22,28,87.21,0.964,20251031_081_pol_pro_Ran_ado_2025_19_Colorado2025_x013824_y009216
Unknown_Sample,20251031_081_pol_pro_Ran_ado_2025_19_Colorado2025.czi,Ran_ado,574.86,14029.0,9494.0,30,32,103.6,0.963,20251031_081_pol_pro_Ran_ado_2025_19_Colorado2025_x013824_y009216
Unknown_Sample,20251031_081_pol_pro_Ran_ado_2025_19_Colorado2025.czi,Ran_ado,513.29,13868.0,9332.0,28,29,97.11,0.962,20251031_081_pol_pro_Ran_ado_2025_19_Colorado2025_x013824_y009216
Unknown_Sample,20251031_081_pol_pro_Ran_ado_2025_19_Colorado2025.czi,Ran_ado,532.92,14284.0,9541.0,30,29,98.18,0.962,20251031_081_pol_pro_Ran_ado_2025_19_Colorado2025_x013824_y009216
Unknown_Sample,20251031_081_pol_pro_Ran_ado_2025_19_Colorado2025.czi,Ran_ado,581.01,14440.0,9445.0,29,33,103.6,0.96,20251031_081_pol_pro_Ran_ado_2025_19_Colorado2025_x013824_y009216
Unknown_Sample,20251031_081_pol_pro_Ran_ado_2025_19_Colorado2025.czi,Ran_ado,577.55,13919.0,9471.0,32,30,104.18,0.96,20251031_081_pol_pro_Ran_ado_2025_19_Colorado2025_x013824_y009216
Unknown_Sample,20251031_081_pol_pro_Ran_ado_2025_19_Colorado2025.czi,Ran_ado,584.09,14431.0,9780.0,33,29,104.77,0.959,20251031_081_pol_pro_Ran_ado_2025_19_Colorado2025_x013824_y009216
Unknown_Sample,20251031_081_pol_pro_Ran_ado_2025_19_Colorado2025.czi,Ran_ado,597.17,14294.0,9710.0,32,30,104.77,0.959,20251031_081_pol_pro_Ran_ado_2025_19_Colorado2025_x013824_y009216
Unknown_Sample,20251031_081_pol_pro_Ran_ado_2025_19_Colorado2025.czi,Ran_ado,611.41,14415.0,9691.0,35,29,105.84,0.958,20251031_081_pol_pro_Ran_ado_2025_19_Colorado2025_x013824_y009216
Unknown_Sample,20251031_081_pol_pro_Ran_ado_2025_19_Colorado2025.czi,Ran_ado,432.1,14043.0,9773.0,27,26,89.7,0.956,20251031_081_pol_pro_Ran_ado_2025_19_Colorado2025_x013824_y009216
Unknown_Sample,20251031_081_pol_pro_Ran_ado_2025_19_Colorado2025.czi,Ran_ado,581.01,14440.0,9445.0,29,33,103.6,0.96,20251031_081_pol_pro_Ran_ado_2025_19_Colorado2025_x014336_y009216
Unknown_Sample,20251031_081_pol_pro_Ran_ado_2025_19_Colorado2025.czi,Ran_ado,584.86,14431.0,9780.0,33,29,104.77,0.96,20251031_081_pol_pro_Ran_ado_2025_19_Colorado2025_x014336_y009216
Unknown_Sample,20251031_081_pol_pro_Ran_ado_2025_19_Colorado2025.czi,Ran_ado,509.44,14520.0,9262.0,31,27,96.77,0.959,20251031_081_pol_pro_Ran_ado_2025_19_Colorado2025_x014336_y009216
Unknown_Sample,20251031_081_pol_pro_Ran_ado_2025_19_Colorado2025.czi,Ran_ado,472.89,14785.0,9227.0,31,25,96.87,0.959,20251031_081_pol_pro_Ran_ado_2025_19_Colorado2025_x014336_y009216
Unknown_Sample,20251031_081_pol_pro_Ran_ado_2025_19_Colorado2025.czi,Ran_ado,611.41,14415.0,9691.0,35,29,105.84,0.958,20251031_081_pol_pro_Ran_ado_2025_19_Colorado2025_x014336_y009216
Unknown_Sample,20251031_081_pol_pro_Ran_ado_2025_19_Colorado2025.czi,Ran_ado,347.07,14604.0,9847.0,30,18,86.14,0.928,20251031_081_pol_pro_Ran_ado_2025_19_Colorado2025_x014336_y009216
Unknown_Sample,20251031_081_pol_pro_Ran_ado_2025_19_Colorado2025.czi,Ran_ado,547.92,15317.0,9806.0,32,28,100.77,0.96,20251031_081_pol_pro_Ran_ado_2025_19_Colorado2025_x014848_y009216
Unknown_Sample,20251031_081_pol_pro_Ran_ado_2025_19_Colorado2025.czi,Ran_ado,331.29,15394.0,9635.0,24,24,79.7,0.947,20251031_081_pol_pro_Ran_ado_2025_19_Colorado2025_x014848_y009216
Unknown_Sample,20251031_081_pol_pro_Ran_ado_2025_19_Colorado2025.czi,Ran_ado,542.15,15501.0,9581.0,30,31,102.18,0.961,20251031_081_pol_pro_Ran_ado_2025_19_Colorado2025_x015360_y009216
Unknown_Sample,20251031_081_pol_pro_Ran_ado_2025_19_Colorado2025.czi,Ran_ado,595.25,15836.0,9282.0,29,34,105.01,0.96,20251031_081_pol_pro_Ran_ado_2025_19_Colorado2025_x015360_y009216
Unknown_Sample,20251031_081_pol_pro_Ran_ado_2025_19_Colorado2025.czi,Ran_ado,600.64,15653.0,9694.0,34,29,105.01,0.959,20251031_081_pol_pro_Ran_ado_2025_19_Colorado2025_x015360_y009216
Unknown_Sample,20251031_081_pol_pro_Ran_ado_2025_19_Colorado2025.czi,Ran_ado,331.29,15394.0,9635.0,24,24,79.7,0.947,20251031_081_pol_pro_Ran_ado_2025_19_Colorado2025_x015360_y009216
Unknown_Sample,20251031_081_pol_pro_Ran_ado_2025_19_Colorado2025.czi,Ran_ado,371.69,15810.0,9846.0,31,19,88.97,0.931,20251031_081_pol_pro_Ran_ado_2025_19_Colorado2025_x015360_y009216
Unknown_Sample,20251031_081_pol_pro_Ran_ado_2025_19_Colorado2025.czi,Ran_ado,573.7,16297.0,9498.0,28,34,103.01,0.96,20251031_081_pol_pro_Ran_ado_2025_19_Colorado2025_x015872_y009216
Unknown_Sample,20251031_081_pol_pro_Ran_ado_2025_19_Colorado2025.czi,Ran_ado,566.78,16236.0,9680.0,30,32,101.84,0.959,20251031_081_pol_pro_Ran_ado_2025_19_Colorado2025_x015872_y009216
Unknown_Sample,20251031_081_pol_pro_Ran_ado_2025_19_Colorado2025.czi,Ran_ado,477.51,16410.0,9656.0,28,28,94.53,0.959,20251031_081_pol_pro_Ran_ado_2025_19_Colorado2025_x015872_y009216
Unknown_Sample,20251031_081_pol_pro_Ran_ado_2025_19_Colorado2025.czi,Ran_ado,479.43,16410.0,9656.0,28,28,93.94,0.958,20251031_081_pol_pro_Ran_ado_2025_19_Colorado2025_x016384_y009216
Unknown_Sample,20251031_081_pol_pro_Ran_ado_2025_19_Colorado2025.czi,Ran_ado,470.58,16750.0,9325.0,28,28,93.36,0.936,20251031_081_pol_pro_Ran_ado_2025_19_Colorado2025_x016384_y009216
Unknown_Sample,20251031_081_pol_pro_Ran_ado_2025_19_Colorado2025.czi,Ran_ado,230.1,1634.0,9786.0,18,21,64.63,0.924,20251031_081_pol_pro_Ran_ado_2025_19_Colorado2025_x001024_y009728
Unknown_Sample,20251031_081_pol_pro_Ran_ado_2025_19_Colorado2025.czi,Ran_ado,573.7,1761.0,10129.0,33,29,103.01,0.959,20251031_081_pol_pro_Ran_ado_2025_19_Colorado2025_x001536_y009728
Unknown_Sample,20251031_081_pol_pro_Ran_ado_2025_19_Colorado2025.czi,Ran_ado,474.43,2020.0,10275.0,27,29,93.36,0.956,20251031_081_pol_pro_Ran_ado_2025_19_Colorado2025_x001536_y009728
Unknown_Sample,20251031_081_pol_pro_Ran_ado_2025_19_Colorado2025.czi,Ran_ado,517.52,1690.0,10351.0,27,31,98.53,0.955,20251031_081_pol_pro_Ran_ado_2025_19_Colorado2025_x001536_y009728
Unknown_Sample,20251031_081_pol_pro_Ran_ado_2025_19_Colorado2025.czi,Ran_ado,230.1,1634.0,9786.0,18,21,64.63,0.925,20251031_081_pol_pro_Ran_ado_2025_19_Colorado2025_x001536_y009728
Unknown_Sample,20251031_081_pol_pro_Ran_ado_2025_19_Colorado2025.czi,Ran_ado,555.23,2185.0,10157.0,28,33,101.01,0.958,20251031_081_pol_pro_Ran_ado_2025_19_Colorado2025_x002048_y009728
Unknown_Sample,20251031_081_pol_pro_Ran_ado_2025_19_Colorado2025.czi,Ran_ado,509.44,2835.0,10234.0,29,30,96.43,0.953,20251031_081_pol_pro_Ran_ado_2025_19_Colorado2025_x002560_y009728
Unknown_Sample,20251031_081_pol_pro_Ran_ado_2025_19_Colorado2025.czi,Ran_ado,258.95,3192.0,9851.0,16,27,75.56,0.903,20251031_081_pol_pro_Ran_ado_2025_19_Colorado2025_x002560_y009728
Unknown_Sample,20251031_081_pol_pro_Ran_ado_2025_19_Colorado2025.czi,Ran_ado,557.54,3519.0,10096.0,30,30,101.36,0.957,20251031_081_pol_pro_Ran_ado_2025_19_Colorado2025_x003072_y009728
Unknown_Sample,20251031_081_pol_pro_Ran_ado_2025_19_Colorado2025.czi,Ran_ado,477.12,3570.0,9742.0,29,27,95.11,0.954,20251031_081_pol_pro_Ran_ado_2025_19_Colorado2025_x003072_y009728
Unknown_Sample,20251031_081_pol_pro_Ran_ado_2025_19_Colorado2025.czi,Ran_ado,444.03,3197.0,9851.0,28,27,90.77,0.948,20251031_081_pol_pro_Ran_ado_2025_19_Colorado2025_x003072_y009728
Unknown_Sample,20251031_081_pol_pro_Ran_ado_2025_19_Colorado2025.czi,Ran_ado,473.66,3995.0,10278.0,30,26,93.36,0.957,20251031_081_pol_pro_Ran_ado_2025_19_Colorado2025_x003584_y009728
Unknown_Sample,20251031_081_pol_pro_Ran_ado_2025_19_Colorado2025.czi,Ran_ado,539.84,3926.0,9944.0,29,31,99.01,0.957,20251031_081_pol_pro_Ran_ado_2025_19_Colorado2025_x003584_y009728
Unknown_Sample,20251031_081_pol_pro_Ran_ado_2025_19_Colorado2025.czi,Ran_ado,233.94,3995.0,9734.0,30,14,75.8,0.944,20251031_081_pol_pro_Ran_ado_2025_19_Colorado2025_x003584_y009728
Unknown_Sample,20251031_081_pol_pro_Ran_ado_2025_19_Colorado2025.czi,Ran_ado,538.3,4448.0,10236.0,29,31,99.01,0.959,20251031_081_pol_pro_Ran_ado_2025_19_Colorado2025_x004096_y009728
Unknown_Sample,20251031_081_pol_pro_Ran_ado_2025_19_Colorado2025.czi,Ran_ado,525.61,4366.0,10341.0,29,31,98.43,0.957,20251031_081_pol_pro_Ran_ado_2025_19_Colorado2025_x004096_y009728
Unknown_Sample,20251031_081_pol_pro_Ran_ado_2025_19_Colorado2025.czi,Ran_ado,412.48,4362.0,9984.0,26,25,86.28,0.95,20251031_081_pol_pro_Ran_ado_2025_19_Colorado2025_x004096_y009728
Unknown_Sample,20251031_081_pol_pro_Ran_ado_2025_19_Colorado2025.czi,Ran_ado,556.0,5210.0,9815.0,32,29,102.18,0.957,20251031_081_pol_pro_Ran_ado_2025_19_Colorado2025_x004608_y009728
Unknown_Sample,20251031_081_pol_pro_Ran_ado_2025_19_Colorado2025.czi,Ran_ado,519.45,5127.0,10133.0,31,28,96.43,0.957,20251031_081_pol_pro_Ran_ado_2025_19_Colorado2025_x004608_y009728
Unknown_Sample,20251031_081_pol_pro_Ran_ado_2025_19_Colorado2025.czi,Ran_ado,542.92,5181.0,9916.0,29,31,100.18,0.957,20251031_081_pol_pro_Ran_ado_2025_19_Colorado2025_x004608_y009728
Unknown_Sample,20251031_081_pol_pro_Ran_ado_2025_19_Colorado2025.czi,Ran_ado,399.78,5033.0,10357.0,28,22,88.38,0.938,20251031_081_pol_pro_Ran_ado_2025_19_Colorado2025_x004608_y009728
Unknown_Sample,20251031_081_pol_pro_Ran_ado_2025_19_Colorado2025.czi,Ran_ado,382.47,5130.0,10133.0,22,28,86.63,0.963,20251031_081_pol_pro_Ran_ado_2025_19_Colorado2025_x005120_y009728
Unknown_Sample,20251031_081_pol_pro_Ran_ado_2025_19_Colorado2025.czi,Ran_ado,527.53,5475.0,10220.0,30,29,98.18,0.96,20251031_081_pol_pro_Ran_ado_2025_19_Colorado2025_x005120_y009728
Unknown_Sample,20251031_081_pol_pro_Ran_ado_2025_19_Colorado2025.czi,Ran_ado,551.77,5560.0,10091.0,30,30,100.77,0.958,20251031_081_pol_pro_Ran_ado_2025_19_Colorado2025_x005120_y009728
Unknown_Sample,20251031_081_pol_pro_Ran_ado_2025_19_Colorado2025.czi,Ran_ado,556.0,5210.0,9815.0,32,29,102.18,0.957,20251031_081_pol_pro_Ran_ado_2025_19_Colorado2025_x005120_y009728
Unknown_Sample,20251031_081_pol_pro_Ran_ado_2025_19_Colorado2025.czi,Ran_ado,532.92,5728.0,10092.0,29,30,98.18,0.957,20251031_081_pol_pro_Ran_ado_2025_19_Colorado2025_x005120_y009728
Unknown_Sample,20251031_081_pol_pro_Ran_ado_2025_19_Colorado2025.czi,Ran_ado,543.69,5181.0,9916.0,29,31,100.18,0.957,20251031_081_pol_pro_Ran_ado_2025_19_Colorado2025_x005120_y009728
Unknown_Sample,20251031_081_pol_pro_Ran_ado_2025_19_Colorado2025.czi,Ran_ado,589.86,5391.0,10194.0,36,29,106.67,0.954,20251031_081_pol_pro_Ran_ado_2025_19_Colorado2025_x005120_y009728
Unknown_Sample,20251031_081_pol_pro_Ran_ado_2025_19_Colorado2025.czi,Ran_ado,447.11,5665.0,9805.0,27,27,89.94,0.952,20251031_081_pol_pro_Ran_ado_2025_19_Colorado2025_x005120_y009728
Unknown_Sample,20251031_081_pol_pro_Ran_ado_2025_19_Colorado2025.czi,Ran_ado,551.77,5700.0,10153.0,31,29,100.77,0.951,20251031_081_pol_pro_Ran_ado_2025_19_Colorado2025_x005120_y009728
Unknown_Sample,20251031_081_pol_pro_Ran_ado_2025_19_Colorado2025.czi,Ran_ado,442.88,5630.0,9838.0,27,27,89.36,0.951,20251031_081_pol_pro_Ran_ado_2025_19_Colorado2025_x005120_y009728
Unknown_Sample,20251031_081_pol_pro_Ran_ado_2025_19_Colorado2025.czi,Ran_ado,474.04,6157.0,10133.0,27,28,93.11,0.962,20251031_081_pol_pro_Ran_ado_2025_19_Colorado2025_x005632_y009728
Unknown_Sample,20251031_081_pol_pro_Ran_ado_2025_19_Colorado2025.czi,Ran_ado,508.29,6052.0,9892.0,29,29,96.18,0.96,20251031_081_pol_pro_Ran_ado_2025_19_Colorado2025_x005632_y009728
Unknown_Sample,20251031_081_pol_pro_Ran_ado_2025_19_Colorado2025.czi,Ran_ado,551.77,5944.0,10104.0,29,31,100.77,0.96,20251031_081_pol_pro_Ran_ado_2025_19_Colorado2025_x005632_y009728
Unknown_Sample,20251031_081_pol_pro_Ran_ado_2025_19_Colorado2025.czi,Ran_ado,598.71,6000.0,9849.0,30,32,103.6,0.96,20251031_081_pol_pro_Ran_ado_2025_19_Colorado2025_x005632_y009728
Unknown_Sample,20251031_081_pol_pro_Ran_ado_2025_19_Colorado2025.czi,Ran_ado,549.46,6242.0,10278.0,34,28,101.25,0.959,20251031_081_pol_pro_Ran_ado_2025_19_Colorado2025_x005632_y009728
Unknown_Sample,20251031_081_pol_pro_Ran_ado_2025_19_Colorado2025.czi,Ran_ado,532.92,5728.0,10092.0,29,30,98.18,0.957,20251031_081_pol_pro_Ran_ado_2025_19_Colorado2025_x005632_y009728
Unknown_Sample,20251031_081_pol_pro_Ran_ado_2025_19_Colorado2025.czi,Ran_ado,470.2,5793.0,10011.0,28,28,93.94,0.956,20251031_081_pol_pro_Ran_ado_2025_19_Colorado2025_x005632_y009728
Unknown_Sample,20251031_081_pol_pro_Ran_ado_2025_19_Colorado2025.czi,Ran_ado,542.92,5970.0,9800.0,30,30,100.18,0.955,20251031_081_pol_pro_Ran_ado_2025_19_Colorado2025_x005632_y009728
Unknown_Sample,20251031_081_pol_pro_Ran_ado_2025_19_Colorado2025.czi,Ran_ado,447.11,5665.0,9805.0,27,27,89.94,0.952,20251031_081_pol_pro_Ran_ado_2025_19_Colorado2025_x005632_y009728
Unknown_Sample,20251031_081_pol_pro_Ran_ado_2025_19_Colorado2025.czi,Ran_ado,551.77,5700.0,10153.0,31,29,100.77,0.951,20251031_081_pol_pro_Ran_ado_2025_19_Colorado2025_x005632_y009728
Unknown_Sample,20251031_081_pol_pro_Ran_ado_2025_19_Colorado2025.czi,Ran_ado,164.68,5637.0,9837.0,11,27,64.97,0.949,20251031_081_pol_pro_Ran_ado_2025_19_Colorado2025_x005632_y009728
Unknown_Sample,20251031_081_pol_pro_Ran_ado_2025_19_Colorado2025.czi,Ran_ado,392.86,6257.0,10163.0,27,26,88.53,0.921,20251031_081_pol_pro_Ran_ado_2025_19_Colorado2025_x005632_y009728
Unknown_Sample,20251031_081_pol_pro_Ran_ado_2025_19_Colorado2025.czi,Ran_ado,475.97,6157.0,10133.0,27,28,94.87,0.959,20251031_081_pol_pro_Ran_ado_2025_19_Colorado2025_x006144_y009728
Unknown_Sample,20251031_081_pol_pro_Ran_ado_2025_19_Colorado2025.czi,Ran_ado,549.46,6242.0,10278.0,34,28,101.25,0.959,20251031_081_pol_pro_Ran_ado_2025_19_Colorado2025_x006144_y009728
Unknown_Sample,20251031_081_pol_pro_Ran_ado_2025_19_Colorado2025.czi,Ran_ado,400.17,6258.0,10164.0,27,26,86.77,0.929,20251031_081_pol_pro_Ran_ado_2025_19_Colorado2025_x006144_y009728
Unknown_Sample,20251031_081_pol_pro_Ran_ado_2025_19_Colorado2025.czi,Ran_ado,586.78,6282.0,10183.0,31,33,105.84,0.912,20251031_081_pol_pro_Ran_ado_2025_19_Colorado2025_x006144_y009728
Unknown_Sample,20251031_081_pol_pro_Ran_ado_2025_19_Colorado2025.czi,Ran_ado,522.14,6932.0,10139.0,28,30,97.36,0.959,20251031_081_pol_pro_Ran_ado_2025_19_Colorado2025_x006656_y009728
Unknown_Sample,20251031_081_pol_pro_Ran_ado_2025_19_Colorado2025.czi,Ran_ado,544.07,6970.0,9815.0,29,31,99.6,0.958,20251031_081_pol_pro_Ran_ado_2025_19_Colorado2025_x006656_y009728
Unknown_Sample,20251031_081_pol_pro_Ran_ado_2025_19_Colorado2025.czi,Ran_ado,601.41,7105.0,9909.0,32,32,105.84,0.955,20251031_081_pol_pro_Ran_ado_2025_19_Colorado2025_x006656_y009728
Unknown_Sample,20251031_081_pol_pro_Ran_ado_2025_19_Colorado2025.czi,Ran_ado,546.77,7342.0,10031.0,29,31,100.18,0.96,20251031_081_pol_pro_Ran_ado_2025_19_Colorado2025_x007168_y009728
Unknown_Sample,20251031_081_pol_pro_Ran_ado_2025_19_Colorado2025.czi,Ran_ado,361.31,7472.0,10358.0,29,20,86.38,0.92,20251031_081_pol_pro_Ran_ado_2025_19_Colorado2025_x007168_y009728
Unknown_Sample,20251031_081_pol_pro_Ran_ado_2025_19_Colorado2025.czi,Ran_ado,537.53,8053.0,10149.0,30,30,101.36,0.963,20251031_081_pol_pro_Ran_ado_2025_19_Colorado2025_x007680_y009728
Unknown_Sample,20251031_081_pol_pro_Ran_ado_2025_19_Colorado2025.czi,Ran_ado,532.92,7838.0,9977.0,29,30,99.36,0.961,20251031_081_pol_pro_Ran_ado_2025_19_Colorado2025_x007680_y009728
Unknown_Sample,20251031_081_pol_pro_Ran_ado_2025_19_Colorado2025.czi,Ran_ado,561.39,7958.0,10015.0,33,28,103.36,0.961,20251031_081_pol_pro_Ran_ado_2025_19_Colorado2025_x007680_y009728
Unknown_Sample,20251031_081_pol_pro_Ran_ado_2025_19_Colorado2025.czi,Ran_ado,543.69,8170.0,10094.0,32,29,101.01,0.959,20251031_081_pol_pro_Ran_ado_2025_19_Colorado2025_x007680_y009728
Unknown_Sample,20251031_081_pol_pro_Ran_ado_2025_19_Colorado2025.czi,Ran_ado,513.68,8264.0,9806.0,30,28,98.53,0.958,20251031_081_pol_pro_Ran_ado_2025_19_Colorado2025_x007680_y009728
Unknown_Sample,20251031_081_pol_pro_Ran_ado_2025_19_Colorado2025.czi,Ran_ado,502.13,7976.0,9850.0,29,29,96.18,0.954,20251031_081_pol_pro_Ran_ado_2025_19_Colorado2025_x007680_y009728
Unknown_Sample,20251031_081_pol_pro_Ran_ado_2025_19_Colorado2025.czi,Ran_ado,203.93,8313.0,10202.0,12,28,71.31,0.893,20251031_081_pol_pro_Ran_ado_2025_19_Colorado2025_x007680_y009728
Unknown_Sample,20251031_081_pol_pro_Ran_ado_2025_19_Colorado2025.czi,Ran_ado,525.99,8264.0,9806.0,30,29,99.36,0.958,20251031_081_pol_pro_Ran_ado_2025_19_Colorado2025_x008192_y009728
Unknown_Sample,20251031_081_pol_pro_Ran_ado_2025_19_Colorado2025.czi,Ran_ado,528.68,8503.0,9742.0,31,29,98.43,0.957,20251031_081_pol_pro_Ran_ado_2025_19_Colorado2025_x008192_y009728
Unknown_Sample,20251031_081_pol_pro_Ran_ado_2025_19_Colorado2025.czi,Ran_ado,517.91,8320.0,10203.0,28,30,97.94,0.956,20251031_081_pol_pro_Ran_ado_2025_19_Colorado2025_x008192_y009728
Unknown_Sample,20251031_081_pol_pro_Ran_ado_2025_19_Colorado2025.czi,Ran_ado,489.82,8497.0,9935.0,27,30,95.36,0.956,20251031_081_pol_pro_Ran_ado_2025_19_Colorado2025_x008192_y009728
Unknown_Sample,20251031_081_pol_pro_Ran_ado_2025_19_Colorado2025.czi,Ran_ado,570.24,8509.0,10272.0,32,29,102.77,0.953,20251031_081_pol_pro_Ran_ado_2025_19_Colorado2025_x008192_y009728
Unknown_Sample,20251031_081_pol_pro_Ran_ado_2025_19_Colorado2025.czi,Ran_ado,521.37,9207.0,10313.0,28,31,98.18,0.959,20251031_081_pol_pro_Ran_ado_2025_19_Colorado2025_x008704_y009728
Unknown_Sample,20251031_081_pol_pro_Ran_ado_2025_19_Colorado2025.czi,Ran_ado,503.29,9022.0,9924.0,29,29,95.6,0.955,20251031_081_pol_pro_Ran_ado_2025_19_Colorado2025_x008704_y009728
Unknown_Sample,20251031_081_pol_pro_Ran_ado_2025_19_Colorado2025.czi,Ran_ado,546.0,9225.0,9958.0,32,29,101.01,0.95,20251031_081_pol_pro_Ran_ado_2025_19_Colorado2025_x008704_y009728
Unknown_Sample,20251031_081_pol_pro_Ran_ado_2025_19_Colorado2025.czi,Ran_ado,458.27,9228.0,9958.0,26,29,94.87,0.948,20251031_081_pol_pro_Ran_ado_2025_19_Colorado2025_x009216_y009728
Unknown_Sample,20251031_081_pol_pro_Ran_ado_2025_19_Colorado2025.czi,Ran_ado,560.62,9505.0,10233.0,30,31,101.01,0.941,20251031_081_pol_pro_Ran_ado_2025_19_Colorado2025_x009216_y009728
Unknown_Sample,20251031_081_pol_pro_Ran_ado_2025_19_Colorado2025.czi,Ran_ado,639.88,10045.0,10341.0,32,33,107.84,0.959,20251031_081_pol_pro_Ran_ado_2025_19_Colorado2025_x009728_y009728
Unknown_Sample,20251031_081_pol_pro_Ran_ado_2025_19_Colorado2025.czi,Ran_ado,714.92,9893.0,10274.0,31,38,115.25,0.94,20251031_081_pol_pro_Ran_ado_2025_19_Colorado2025_x009728_y009728
Unknown_Sample,20251031_081_pol_pro_Ran_ado_2025_19_Colorado2025.czi,Ran_ado,657.2,10266.0,9917.0,34,31,109.6,0.936,20251031_081_pol_pro_Ran_ado_2025_19_Colorado2025_x009728_y009728
Unknown_Sample,20251031_081_pol_pro_Ran_ado_2025_19_Colorado2025.czi,Ran_ado,530.99,10219.0,10013.0,31,28,98.77,0.925,20251031_081_pol_pro_Ran_ado_2025_19_Colorado2025_x009728_y009728
Unknown_Sample,20251031_081_pol_pro_Ran_ado_2025_19_Colorado2025.czi,Ran_ado,232.79,10099.0,10361.0,29,14,74.38,0.88,20251031_081_pol_pro_Ran_ado_2025_19_Colorado2025_x009728_y009728
Unknown_Sample,20251031_081_pol_pro_Ran_ado_2025_19_Colorado2025.czi,Ran_ado,593.71,10682.0,10132.0,30,33,103.84,0.964,20251031_081_pol_pro_Ran_ado_2025_19_Colorado2025_x010240_y009728
Unknown_Sample,20251031_081_pol_pro_Ran_ado_2025_19_Colorado2025.czi,Ran_ado,551.39,10731.0,9788.0,30,31,99.84,0.964,20251031_081_pol_pro_Ran_ado_2025_19_Colorado2025_x010240_y009728
Unknown_Sample,20251031_081_pol_pro_Ran_ado_2025_19_Colorado2025.czi,Ran_ado,679.13,10572.0,10280.0,33,35,111.5,0.963,20251031_081_pol_pro_Ran_ado_2025_19_Colorado2025_x010240_y009728
Unknown_Sample,20251031_081_pol_pro_Ran_ado_2025_19_Colorado2025.czi,Ran_ado,460.58,10760.0,10148.0,27,29,92.18,0.961,20251031_081_pol_pro_Ran_ado_2025_19_Colorado2025_x010240_y009728
Unknown_Sample,20251031_081_pol_pro_Ran_ado_2025_19_Colorado2025.czi,Ran_ado,478.28,10820.0,10167.0,29,27,94.53,0.96,20251031_081_pol_pro_Ran_ado_2025_19_Colorado2025_x010240_y009728
Unknown_Sample,20251031_081_pol_pro_Ran_ado_2025_19_Colorado2025.czi,Ran_ado,561.77,10785.0,9939.0,28,33,102.77,0.958,20251031_081_pol_pro_Ran_ado_2025_19_Colorado2025_x010240_y009728
Unknown_Sample,20251031_081_pol_pro_Ran_ado_2025_19_Colorado2025.czi,Ran_ado,635.65,10577.0,9912.0,34,30,107.6,0.957,20251031_081_pol_pro_Ran_ado_2025_19_Colorado2025_x010240_y009728
Unknown_Sample,20251031_081_pol_pro_Ran_ado_2025_19_Colorado2025.czi,Ran_ado,532.92,10822.0,9932.0,29,31,99.01,0.957,20251031_081_pol_pro_Ran_ado_2025_19_Colorado2025_x010240_y009728
Unknown_Sample,20251031_081_pol_pro_Ran_ado_2025_19_Colorado2025.czi,Ran_ado,550.62,10470.0,10029.0,31,30,101.01,0.956,20251031_081_pol_pro_Ran_ado_2025_19_Colorado2025_x010240_y009728
Unknown_Sample,20251031_081_pol_pro_Ran_ado_2025_19_Colorado2025.czi,Ran_ado,480.97,10470.0,9813.0,27,29,93.94,0.954,20251031_081_pol_pro_Ran_ado_2025_19_Colorado2025_x010240_y009728
Unknown_Sample,20251031_081_pol_pro_Ran_ado_2025_19_Colorado2025.czi,Ran_ado,297.82,10418.0,9735.0,32,16,83.8,0.948,20251031_081_pol_pro_Ran_ado_2025_19_Colorado2025_x010240_y009728
Unknown_Sample,20251031_081_pol_pro_Ran_ado_2025_19_Colorado2025.czi,Ran_ado,656.43,10266.0,9917.0,34,31,109.6,0.935,20251031_081_pol_pro_Ran_ado_2025_19_Colorado2025_x010240_y009728
Unknown_Sample,20251031_081_pol_pro_Ran_ado_2025_19_Colorado2025.czi,Ran_ado,386.7,10762.0,10149.0,22,29,88.04,0.964,20251031_081_pol_pro_Ran_ado_2025_19_Colorado2025_x010752_y009728
Unknown_Sample,20251031_081_pol_pro_Ran_ado_2025_19_Colorado2025.czi,Ran_ado,550.62,11033.0,10243.0,29,31,101.36,0.962,20251031_081_pol_pro_Ran_ado_2025_19_Colorado2025_x010752_y009728
Unknown_Sample,20251031_081_pol_pro_Ran_ado_2025_19_Colorado2025.czi,Ran_ado,478.28,10820.0,10167.0,29,27,94.53,0.96,20251031_081_pol_pro_Ran_ado_2025_19_Colorado2025_x010752_y009728
Unknown_Sample,20251031_081_pol_pro_Ran_ado_2025_19_Colorado2025.czi,Ran_ado,527.53,11181.0,9777.0,28,30,98.53,0.959,20251031_081_pol_pro_Ran_ado_2025_19_Colorado2025_x010752_y009728
Unknown_Sample,20251031_081_pol_pro_Ran_ado_2025_19_Colorado2025.czi,Ran_ado,563.7,10785.0,9939.0,28,33,102.18,0.958,20251031_081_pol_pro_Ran_ado_2025_19_Colorado2025_x010752_y009728
Unknown_Sample,20251031_081_pol_pro_Ran_ado_2025_19_Colorado2025.czi,Ran_ado,481.74,11131.0,10324.0,29,27,95.11,0.958,20251031_081_pol_pro_Ran_ado_2025_19_Colorado2025_x010752_y009728
Unknown_Sample,20251031_081_pol_pro_Ran_ado_2025_19_Colorado2025.czi,Ran_ado,532.92,10822.0,9932.0,29,31,99.01,0.957,20251031_081_pol_pro_Ran_ado_2025_19_Colorado2025_x010752_y009728
Unknown_Sample,20251031_081_pol_pro_Ran_ado_2025_19_Colorado2025.czi,Ran_ado,598.71,11614.0,10200.0,34,29,104.43,0.963,20251031_081_pol_pro_Ran_ado_2025_19_Colorado2025_x011264_y009728
Unknown_Sample,20251031_081_pol_pro_Ran_ado_2025_19_Colorado2025.czi,Ran_ado,561.39,11711.0,10096.0,30,30,101.36,0.962,20251031_081_pol_pro_Ran_ado_2025_19_Colorado2025_x011264_y009728
Unknown_Sample,20251031_081_pol_pro_Ran_ado_2025_19_Colorado2025.czi,Ran_ado,556.0,11695.0,10147.0,29,32,101.01,0.962,20251031_081_pol_pro_Ran_ado_2025_19_Colorado2025_x011264_y009728
Unknown_Sample,20251031_081_pol_pro_Ran_ado_2025_19_Colorado2025.czi,Ran_ado,506.37,11771.0,10148.0,27,31,96.77,0.96,20251031_081_pol_pro_Ran_ado_2025_19_Colorado2025_x011264_y009728
Unknown_Sample,20251031_081_pol_pro_Ran_ado_2025_19_Colorado2025.czi,Ran_ado,502.13,11710.0,10198.0,29,30,95.84,0.958,20251031_081_pol_pro_Ran_ado_2025_19_Colorado2025_x011264_y009728
Unknown_Sample,20251031_081_pol_pro_Ran_ado_2025_19_Colorado2025.czi,Ran_ado,260.11,11792.0,10361.0,31,13,79.31,0.901,20251031_081_pol_pro_Ran_ado_2025_19_Colorado2025_x011264_y009728
Unknown_Sample,20251031_081_pol_pro_Ran_ado_2025_19_Colorado2025.czi,Ran_ado,542.15,12288.0,10180.0,31,28,99.36,0.96,20251031_081_pol_pro_Ran_ado_2025_19_Colorado2025_x011776_y009728
Unknown_Sample,20251031_081_pol_pro_Ran_ado_2025_19_Colorado2025.czi,Ran_ado,507.14,12107.0,10239.0,27,31,96.77,0.959,20251031_081_pol_pro_Ran_ado_2025_19_Colorado2025_x011776_y009728
Unknown_Sample,20251031_081_pol_pro_Ran_ado_2025_19_Colorado2025.czi,Ran_ado,502.52,11927.0,9921.0,29,30,96.43,0.956,20251031_081_pol_pro_Ran_ado_2025_19_Colorado2025_x011776_y009728
Unknown_Sample,20251031_081_pol_pro_Ran_ado_2025_19_Colorado2025.czi,Ran_ado,132.36,11780.0,10147.0,10,28,64.97,0.933,20251031_081_pol_pro_Ran_ado_2025_19_Colorado2025_x011776_y009728
Unknown_Sample,20251031_081_pol_pro_Ran_ado_2025_19_Colorado2025.czi,Ran_ado,263.19,11792.0,10361.0,31,13,80.49,0.901,20251031_081_pol_pro_Ran_ado_2025_19_Colorado2025_x011776_y009728
Unknown_Sample,20251031_081_pol_pro_Ran_ado_2025_19_Colorado2025.czi,Ran_ado,553.31,12684.0,10160.0,31,29,100.77,0.962,20251031_081_pol_pro_Ran_ado_2025_19_Colorado2025_x012288_y009728
Unknown_Sample,20251031_081_pol_pro_Ran_ado_2025_19_Colorado2025.czi,Ran_ado,557.93,12474.0,10130.0,28,33,101.6,0.961,20251031_081_pol_pro_Ran_ado_2025_19_Colorado2025_x012288_y009728
Unknown_Sample,20251031_081_pol_pro_Ran_ado_2025_19_Colorado2025.czi,Ran_ado,535.61,12579.0,9858.0,28,31,99.94,0.961,20251031_081_pol_pro_Ran_ado_2025_19_Colorado2025_x012288_y009728
Unknown_Sample,20251031_081_pol_pro_Ran_ado_2025_19_Colorado2025.czi,Ran_ado,516.37,12795.0,10054.0,29,30,98.77,0.961,20251031_081_pol_pro_Ran_ado_2025_19_Colorado2025_x012288_y009728
Unknown_Sample,20251031_081_pol_pro_Ran_ado_2025_19_Colorado2025.czi,Ran_ado,567.55,12621.0,9978.0,29,32,102.18,0.959,20251031_081_pol_pro_Ran_ado_2025_19_Colorado2025_x012288_y009728
Unknown_Sample,20251031_081_pol_pro_Ran_ado_2025_19_Colorado2025.czi,Ran_ado,548.69,12856.0,9832.0,29,30,99.94,0.959,20251031_081_pol_pro_Ran_ado_2025_19_Colorado2025_x012288_y009728
Unknown_Sample,20251031_081_pol_pro_Ran_ado_2025_19_Colorado2025.czi,Ran_ado,530.22,12655.0,9756.0,31,28,97.6,0.958,20251031_081_pol_pro_Ran_ado_2025_19_Colorado2025_x012288_y009728
Unknown_Sample,20251031_081_pol_pro_Ran_ado_2025_19_Colorado2025.czi,Ran_ado,256.26,12295.0,10180.0,15,28,74.97,0.954,20251031_081_pol_pro_Ran_ado_2025_19_Colorado2025_x012288_y009728
Unknown_Sample,20251031_081_pol_pro_Ran_ado_2025_19_Colorado2025.czi,Ran_ado,385.93,12475.0,10296.0,27,25,87.7,0.951,20251031_081_pol_pro_Ran_ado_2025_19_Colorado2025_x012288_y009728
Unknown_Sample,20251031_081_pol_pro_Ran_ado_2025_19_Colorado2025.czi,Ran_ado,657.58,13175.0,9828.0,31,36,109.5,0.961,20251031_081_pol_pro_Ran_ado_2025_19_Colorado2025_x012800_y009728
Unknown_Sample,20251031_081_pol_pro_Ran_ado_2025_19_Colorado2025.czi,Ran_ado,561.0,13195.0,10175.0,29,32,102.77,0.961,20251031_081_pol_pro_Ran_ado_2025_19_Colorado2025_x012800_y009728
Unknown_Sample,20251031_081_pol_pro_Ran_ado_2025_19_Colorado2025.czi,Ran_ado,592.56,13205.0,9948.0,33,30,105.6,0.961,20251031_081_pol_pro_Ran_ado_2025_19_Colorado2025_x012800_y009728
Unknown_Sample,20251031_081_pol_pro_Ran_ado_2025_19_Colorado2025.czi,Ran_ado,547.54,12856.0,9832.0,29,30,99.36,0.959,20251031_081_pol_pro_Ran_ado_2025_19_Colorado2025_x012800_y009728
Unknown_Sample,20251031_081_pol_pro_Ran_ado_2025_19_Colorado2025.czi,Ran_ado,559.85,13426.0,10135.0,26,34,103.7,0.95,20251031_081_pol_pro_Ran_ado_2025_19_Colorado2025_x012800_y009728
Unknown_Sample,20251031_081_pol_pro_Ran_ado_2025_19_Colorado2025.czi,Ran_ado,252.8,13159.0,9735.0,30,15,77.21,0.944,20251031_081_pol_pro_Ran_ado_2025_19_Colorado2025_x012800_y009728
Unknown_Sample,20251031_081_pol_pro_Ran_ado_2025_19_Colorado2025.czi,Ran_ado,337.83,13017.0,10119.0,23,25,81.46,0.905,20251031_081_pol_pro_Ran_ado_2025_19_Colorado2025_x012800_y009728
Unknown_Sample,20251031_081_pol_pro_Ran_ado_2025_19_Colorado2025.czi,Ran_ado,437.11,13039.0,10110.0,29,28,93.6,0.9,20251031_081_pol_pro_Ran_ado_2025_19_Colorado2025_x012800_y009728
Unknown_Sample,20251031_081_pol_pro_Ran_ado_2025_19_Colorado2025.czi,Ran_ado,602.95,13426.0,10135.0,30,34,105.84,0.963,20251031_081_pol_pro_Ran_ado_2025_19_Colorado2025_x013312_y009728
Unknown_Sample,20251031_081_pol_pro_Ran_ado_2025_19_Colorado2025.czi,Ran_ado,509.44,13597.0,10337.0,27,29,97.46,0.962,20251031_081_pol_pro_Ran_ado_2025_19_Colorado2025_x013312_y009728
Unknown_Sample,20251031_081_pol_pro_Ran_ado_2025_19_Colorado2025.czi,Ran_ado,593.33,13760.0,9887.0,31,31,103.6,0.962,20251031_081_pol_pro_Ran_ado_2025_19_Colorado2025_x013312_y009728
Unknown_Sample,20251031_081_pol_pro_Ran_ado_2025_19_Colorado2025.czi,Ran_ado,525.61,13902.0,10332.0,29,30,98.77,0.961,20251031_081_pol_pro_Ran_ado_2025_19_Colorado2025_x013312_y009728
Unknown_Sample,20251031_081_pol_pro_Ran_ado_2025_19_Colorado2025.czi,Ran_ado,547.54,13726.0,10115.0,31,29,101.36,0.96,20251031_081_pol_pro_Ran_ado_2025_19_Colorado2025_x013312_y009728
Unknown_Sample,20251031_081_pol_pro_Ran_ado_2025_19_Colorado2025.czi,Ran_ado,603.33,13835.0,9939.0,35,29,106.43,0.96,20251031_081_pol_pro_Ran_ado_2025_19_Colorado2025_x013312_y009728
Unknown_Sample,20251031_081_pol_pro_Ran_ado_2025_19_Colorado2025.czi,Ran_ado,405.17,13556.0,10357.0,30,21,90.38,0.939,20251031_081_pol_pro_Ran_ado_2025_19_Colorado2025_x013312_y009728
Unknown_Sample,20251031_081_pol_pro_Ran_ado_2025_19_Colorado2025.czi,Ran_ado,517.14,13837.0,9939.0,29,29,101.46,0.965,20251031_081_pol_pro_Ran_ado_2025_19_Colorado2025_x013824_y009728
Unknown_Sample,20251031_081_pol_pro_Ran_ado_2025_19_Colorado2025.czi,Ran_ado,607.95,14229.0,9978.0,33,31,106.43,0.963,20251031_081_pol_pro_Ran_ado_2025_19_Colorado2025_x013824_y009728
Unknown_Sample,20251031_081_pol_pro_Ran_ado_2025_19_Colorado2025.czi,Ran_ado,525.61,13902.0,10332.0,29,30,98.77,0.961,20251031_081_pol_pro_Ran_ado_2025_19_Colorado2025_x013824_y009728
Unknown_Sample,20251031_081_pol_pro_Ran_ado_2025_19_Colorado2025.czi,Ran_ado,486.36,14029.0,10094.0,28,28,95.11,0.96,20251031_081_pol_pro_Ran_ado_2025_19_Colorado2025_x013824_y009728
Unknown_Sample,20251031_081_pol_pro_Ran_ado_2025_19_Colorado2025.czi,Ran_ado,556.0,14134.0,10308.0,33,28,101.01,0.96,20251031_081_pol_pro_Ran_ado_2025_19_Colorado2025_x013824_y009728
Unknown_Sample,20251031_081_pol_pro_Ran_ado_2025_19_Colorado2025.czi,Ran_ado,584.86,14431.0,9780.0,33,29,104.77,0.959,20251031_081_pol_pro_Ran_ado_2025_19_Colorado2025_x013824_y009728
Unknown_Sample,20251031_081_pol_pro_Ran_ado_2025_19_Colorado2025.czi,Ran_ado,530.22,14368.0,9864.0,31,28,97.6,0.956,20251031_081_pol_pro_Ran_ado_2025_19_Colorado2025_x013824_y009728
Unknown_Sample,20251031_081_pol_pro_Ran_ado_2025_19_Colorado2025.czi,Ran_ado,432.1,14043.0,9773.0,27,26,89.7,0.956,20251031_081_pol_pro_Ran_ado_2025_19_Colorado2025_x013824_y009728
Unknown_Sample,20251031_081_pol_pro_Ran_ado_2025_19_Colorado2025.czi,Ran_ado,329.75,14456.0,9985.0,16,35,90.38,0.906,20251031_081_pol_pro_Ran_ado_2025_19_Colorado2025_x013824_y009728
Unknown_Sample,20251031_081_pol_pro_Ran_ado_2025_19_Colorado2025.czi,Ran_ado,642.96,14702.0,9985.0,32,33,109.01,0.963,20251031_081_pol_pro_Ran_ado_2025_19_Colorado2025_x014336_y009728
Unknown_Sample,20251031_081_pol_pro_Ran_ado_2025_19_Colorado2025.czi,Ran_ado,545.23,14675.0,10196.0,29,32,101.01,0.962,20251031_081_pol_pro_Ran_ado_2025_19_Colorado2025_x014336_y009728
Unknown_Sample,20251031_081_pol_pro_Ran_ado_2025_19_Colorado2025.czi,Ran_ado,535.61,14604.0,9850.0,30,29,98.77,0.961,20251031_081_pol_pro_Ran_ado_2025_19_Colorado2025_x014336_y009728
Unknown_Sample,20251031_081_pol_pro_Ran_ado_2025_19_Colorado2025.czi,Ran_ado,604.48,14461.0,9985.0,30,34,107.01,0.961,20251031_081_pol_pro_Ran_ado_2025_19_Colorado2025_x014336_y009728
Unknown_Sample,20251031_081_pol_pro_Ran_ado_2025_19_Colorado2025.czi,Ran_ado,584.86,14431.0,9780.0,33,29,104.77,0.959,20251031_081_pol_pro_Ran_ado_2025_19_Colorado2025_x014336_y009728
Unknown_Sample,20251031_081_pol_pro_Ran_ado_2025_19_Colorado2025.czi,Ran_ado,530.22,14368.0,9864.0,31,28,97.6,0.956,20251031_081_pol_pro_Ran_ado_2025_19_Colorado2025_x014336_y009728
Unknown_Sample,20251031_081_pol_pro_Ran_ado_2025_19_Colorado2025.czi,Ran_ado,103.5,14909.0,10332.0,13,13,45.07,0.931,20251031_081_pol_pro_Ran_ado_2025_19_Colorado2025_x014336_y009728
Unknown_Sample,20251031_081_pol_pro_Ran_ado_2025_19_Colorado2025.czi,Ran_ado,642.58,15148.0,10265.0,34,32,108.08,0.962,20251031_081_pol_pro_Ran_ado_2025_19_Colorado2025_x014848_y009728
Unknown_Sample,20251031_081_pol_pro_Ran_ado_2025_19_Colorado2025.czi,Ran_ado,547.92,15317.0,9806.0,32,28,100.77,0.96,20251031_081_pol_pro_Ran_ado_2025_19_Colorado2025_x014848_y009728
Unknown_Sample,20251031_081_pol_pro_Ran_ado_2025_19_Colorado2025.czi,Ran_ado,104.27,14909.0,10332.0,13,14,45.9,0.928,20251031_081_pol_pro_Ran_ado_2025_19_Colorado2025_x014848_y009728
Unknown_Sample,20251031_081_pol_pro_Ran_ado_2025_19_Colorado2025.czi,Ran_ado,577.17,15812.0,9851.0,31,31,104.77,0.965,20251031_081_pol_pro_Ran_ado_2025_19_Colorado2025_x015360_y009728
Unknown_Sample,20251031_081_pol_pro_Ran_ado_2025_19_Colorado2025.czi,Ran_ado,433.26,15883.0,9981.0,26,27,89.11,0.957,20251031_081_pol_pro_Ran_ado_2025_19_Colorado2025_x015360_y009728
Unknown_Sample,20251031_081_pol_pro_Ran_ado_2025_19_Colorado2025.czi,Ran_ado,263.96,15600.0,10319.0,22,19,69.8,0.947,20251031_081_pol_pro_Ran_ado_2025_19_Colorado2025_x015360_y009728
Unknown_Sample,20251031_081_pol_pro_Ran_ado_2025_19_Colorado2025.czi,Ran_ado,420.95,15884.0,9981.0,25,27,89.46,0.96,20251031_081_pol_pro_Ran_ado_2025_19_Colorado2025_x015872_y009728
Unknown_Sample,20251031_081_pol_pro_Ran_ado_2025_19_Colorado2025.czi,Ran_ado,621.41,16168.0,10240.0,32,33,107.84,0.958,20251031_081_pol_pro_Ran_ado_2025_19_Colorado2025_x015872_y009728
Unknown_Sample,20251031_081_pol_pro_Ran_ado_2025_19_Colorado2025.czi,Ran_ado,574.09,16424.0,10282.0,30,31,102.77,0.958,20251031_081_pol_pro_Ran_ado_2025_19_Colorado2025_x015872_y009728
Unknown_Sample,20251031_081_pol_pro_Ran_ado_2025_19_Colorado2025.czi,Ran_ado,546.0,16090.0,10088.0,31,29,100.18,0.957,20251031_081_pol_pro_Ran_ado_2025_19_Colorado2025_x015872_y009728
Unknown_Sample,20251031_081_pol_pro_Ran_ado_2025_19_Colorado2025.czi,Ran_ado,577.55,16424.0,10282.0,30,31,102.18,0.955,20251031_081_pol_pro_Ran_ado_2025_19_Colorado2025_x016384_y009728
Unknown_Sample,20251031_081_pol_pro_Ran_ado_2025_19_Colorado2025.czi,Ran_ado,504.06,16997.0,9970.0,29,29,95.6,0.94,20251031_081_pol_pro_Ran_ado_2025_19_Colorado2025_x016384_y009728
Unknown_Sample,20251031_081_pol_pro_Ran_ado_2025_19_Colorado2025.czi,Ran_ado,324.75,16888.0,10018.0,28,21,79.94,0.929,20251031_081_pol_pro_Ran_ado_2025_19_Colorado2025_x016384_y009728
Unknown_Sample,20251031_081_pol_pro_Ran_ado_2025_19_Colorado2025.czi,Ran_ado,583.71,17037.0,9974.0,31,31,104.18,0.948,20251031_081_pol_pro_Ran_ado_2025_19_Colorado2025_x016896_y009728
Unknown_Sample,20251031_081_pol_pro_Ran_ado_2025_19_Colorado2025.czi,Ran_ado,612.18,17097.0,10017.0,32,32,105.84,0.948,20251031_081_pol_pro_Ran_ado_2025_19_Colorado2025_x016896_y009728
Unknown_Sample,20251031_081_pol_pro_Ran_ado_2025_19_Colorado2025.czi,Ran_ado,500.98,16997.0,9970.0,29,29,95.6,0.944,20251031_081_pol_pro_Ran_ado_2025_19_Colorado2025_x016896_y009728
Unknown_Sample,20251031_081_pol_pro_Ran_ado_2025_19_Colorado2025.czi,Ran_ado,543.3,17142.0,10252.0,30,30,99.6,0.944,20251031_081_pol_pro_Ran_ado_2025_19_Colorado2025_x016896_y009728
Unknown_Sample,20251031_081_pol_pro_Ran_ado_2025_19_Colorado2025.czi,Ran_ado,420.18,17344.0,10184.0,27,25,88.28,0.906,20251031_081_pol_pro_Ran_ado_2025_19_Colorado2025_x016896_y009728
Unknown_Sample,20251031_081_pol_pro_Ran_ado_2025_19_Colorado2025.czi,Ran_ado,289.74,17406.0,9887.0,22,22,74.04,0.886,20251031_081_pol_pro_Ran_ado_2025_19_Colorado2025_x016896_y009728
Unknown_Sample,20251031_081_pol_pro_Ran_ado_2025_19_Colorado2025.czi,Ran_ado,104.27,17412.0,9886.0,10,21,51.56,0.835,20251031_081_pol_pro_Ran_ado_2025_19_Colorado2025_x017408_y009728
Unknown_Sample,20251031_081_pol_pro_Ran_ado_2025_19_Colorado2025.czi,Ran_ado,608.72,903.0,10554.0,34,30,106.43,0.956,20251031_081_pol_pro_Ran_ado_2025_19_Colorado2025_x000512_y010240
Unknown_Sample,20251031_081_pol_pro_Ran_ado_2025_19_Colorado2025.czi,Ran_ado,287.81,924.0,10803.0,20,24,74.63,0.934,20251031_081_pol_pro_Ran_ado_2025_19_Colorado2025_x000512_y010240
Unknown_Sample,20251031_081_pol_pro_Ran_ado_2025_19_Colorado2025.czi,Ran_ado,505.98,1690.0,10351.0,27,30,95.36,0.96,20251031_081_pol_pro_Ran_ado_2025_19_Colorado2025_x001536_y010240
Unknown_Sample,20251031_081_pol_pro_Ran_ado_2025_19_Colorado2025.czi,Ran_ado,480.2,1986.0,10718.0,29,28,94.77,0.96,20251031_081_pol_pro_Ran_ado_2025_19_Colorado2025_x001536_y010240
Unknown_Sample,20251031_081_pol_pro_Ran_ado_2025_19_Colorado2025.czi,Ran_ado,474.43,2020.0,10275.0,27,29,93.36,0.956,20251031_081_pol_pro_Ran_ado_2025_19_Colorado2025_x001536_y010240
Unknown_Sample,20251031_081_pol_pro_Ran_ado_2025_19_Colorado2025.czi,Ran_ado,553.31,2972.0,10631.0,28,33,100.43,0.957,20251031_081_pol_pro_Ran_ado_2025_19_Colorado2025_x002560_y010240
Unknown_Sample,20251031_081_pol_pro_Ran_ado_2025_19_Colorado2025.czi,Ran_ado,535.99,2892.0,10507.0,32,28,99.01,0.957,20251031_081_pol_pro_Ran_ado_2025_19_Colorado2025_x002560_y010240
Unknown_Sample,20251031_081_pol_pro_Ran_ado_2025_19_Colorado2025.czi,Ran_ado,120.44,2836.0,10244.0,26,10,59.21,0.934,20251031_081_pol_pro_Ran_ado_2025_19_Colorado2025_x002560_y010240
Unknown_Sample,20251031_081_pol_pro_Ran_ado_2025_19_Colorado2025.czi,Ran_ado,85.42,3331.0,10670.0,11,14,41.31,0.908,20251031_081_pol_pro_Ran_ado_2025_19_Colorado2025_x003072_y010240
Unknown_Sample,20251031_081_pol_pro_Ran_ado_2025_19_Colorado2025.czi,Ran_ado,233.94,3561.0,10600.0,19,21,67.8,0.859,20251031_081_pol_pro_Ran_ado_2025_19_Colorado2025_x003072_y010240
Unknown_Sample,20251031_081_pol_pro_Ran_ado_2025_19_Colorado2025.czi,Ran_ado,515.22,3940.0,10437.0,30,28,97.36,0.96,20251031_081_pol_pro_Ran_ado_2025_19_Colorado2025_x003584_y010240
Unknown_Sample,20251031_081_pol_pro_Ran_ado_2025_19_Colorado2025.czi,Ran_ado,493.28,4054.0,10723.0,28,29,94.77,0.958,20251031_081_pol_pro_Ran_ado_2025_19_Colorado2025_x003584_y010240
Unknown_Sample,20251031_081_pol_pro_Ran_ado_2025_19_Colorado2025.czi,Ran_ado,473.66,3995.0,10278.0,30,26,93.36,0.958,20251031_081_pol_pro_Ran_ado_2025_19_Colorado2025_x003584_y010240
Unknown_Sample,20251031_081_pol_pro_Ran_ado_2025_19_Colorado2025.czi,Ran_ado,604.1,4659.0,10487.0,31,32,105.6,0.96,20251031_081_pol_pro_Ran_ado_2025_19_Colorado2025_x004096_y010240
Unknown_Sample,20251031_081_pol_pro_Ran_ado_2025_19_Colorado2025.czi,Ran_ado,524.07,4366.0,10341.0,29,31,98.43,0.957,20251031_081_pol_pro_Ran_ado_2025_19_Colorado2025_x004096_y010240
Unknown_Sample,20251031_081_pol_pro_Ran_ado_2025_19_Colorado2025.czi,Ran_ado,578.7,4494.0,10865.0,33,28,106.28,0.949,20251031_081_pol_pro_Ran_ado_2025_19_Colorado2025_x004096_y010240
Unknown_Sample,20251031_081_pol_pro_Ran_ado_2025_19_Colorado2025.czi,Ran_ado,164.3,4447.0,10245.0,28,12,67.21,0.945,20251031_081_pol_pro_Ran_ado_2025_19_Colorado2025_x004096_y010240
Unknown_Sample,20251031_081_pol_pro_Ran_ado_2025_19_Colorado2025.czi,Ran_ado,539.84,4899.0,10769.0,31,28,98.18,0.965,20251031_081_pol_pro_Ran_ado_2025_19_Colorado2025_x004608_y010240
Unknown_Sample,20251031_081_pol_pro_Ran_ado_2025_19_Colorado2025.czi,Ran_ado,553.31,4954.0,10471.0,33,28,102.77,0.961,20251031_081_pol_pro_Ran_ado_2025_19_Colorado2025_x004608_y010240
Unknown_Sample,20251031_081_pol_pro_Ran_ado_2025_19_Colorado2025.czi,Ran_ado,475.97,5033.0,10359.0,28,28,93.36,0.961,20251031_081_pol_pro_Ran_ado_2025_19_Colorado2025_x004608_y010240
Unknown_Sample,20251031_081_pol_pro_Ran_ado_2025_19_Colorado2025.czi,Ran_ado,604.1,4659.0,10487.0,31,32,105.6,0.96,20251031_081_pol_pro_Ran_ado_2025_19_Colorado2025_x004608_y010240
Unknown_Sample,20251031_081_pol_pro_Ran_ado_2025_19_Colorado2025.czi,Ran_ado,491.74,4992.0,10703.0,30,27,95.94,0.959,20251031_081_pol_pro_Ran_ado_2025_19_Colorado2025_x004608_y010240
Unknown_Sample,20251031_081_pol_pro_Ran_ado_2025_19_Colorado2025.czi,Ran_ado,391.32,4844.0,10543.0,26,25,85.7,0.958,20251031_081_pol_pro_Ran_ado_2025_19_Colorado2025_x004608_y010240
Unknown_Sample,20251031_081_pol_pro_Ran_ado_2025_19_Colorado2025.czi,Ran_ado,259.72,4928.0,10873.0,33,13,80.38,0.888,20251031_081_pol_pro_Ran_ado_2025_19_Colorado2025_x004608_y010240
Unknown_Sample,20251031_081_pol_pro_Ran_ado_2025_19_Colorado2025.czi,Ran_ado,616.8,5309.0,10642.0,31,33,107.01,0.963,20251031_081_pol_pro_Ran_ado_2025_19_Colorado2025_x005120_y010240
Unknown_Sample,20251031_081_pol_pro_Ran_ado_2025_19_Colorado2025.czi,Ran_ado,649.5,5569.0,10619.0,32,34,110.43,0.962,20251031_081_pol_pro_Ran_ado_2025_19_Colorado2025_x005120_y010240
Unknown_Sample,20251031_081_pol_pro_Ran_ado_2025_19_Colorado2025.czi,Ran_ado,602.18,5589.0,10839.0,33,31,104.67,0.956,20251031_081_pol_pro_Ran_ado_2025_19_Colorado2025_x005120_y010240
Unknown_Sample,20251031_081_pol_pro_Ran_ado_2025_19_Colorado2025.czi,Ran_ado,492.9,5485.0,10771.0,28,29,95.36,0.956,20251031_081_pol_pro_Ran_ado_2025_19_Colorado2025_x005120_y010240
Unknown_Sample,20251031_081_pol_pro_Ran_ado_2025_19_Colorado2025.czi,Ran_ado,315.9,5287.0,10505.0,23,24,78.87,0.943,20251031_081_pol_pro_Ran_ado_2025_19_Colorado2025_x005120_y010240
Unknown_Sample,20251031_081_pol_pro_Ran_ado_2025_19_Colorado2025.czi,Ran_ado,471.35,6149.0,10742.0,29,27,94.53,0.962,20251031_081_pol_pro_Ran_ado_2025_19_Colorado2025_x005632_y010240
Unknown_Sample,20251031_081_pol_pro_Ran_ado_2025_19_Colorado2025.czi,Ran_ado,549.46,6242.0,10278.0,34,28,101.25,0.96,20251031_081_pol_pro_Ran_ado_2025_19_Colorado2025_x005632_y010240
Unknown_Sample,20251031_081_pol_pro_Ran_ado_2025_19_Colorado2025.czi,Ran_ado,537.15,6151.0,10405.0,32,27,99.94,0.959,20251031_081_pol_pro_Ran_ado_2025_19_Colorado2025_x005632_y010240
Unknown_Sample,20251031_081_pol_pro_Ran_ado_2025_19_Colorado2025.czi,Ran_ado,466.35,5948.0,10723.0,29,26,93.11,0.955,20251031_081_pol_pro_Ran_ado_2025_19_Colorado2025_x005632_y010240
Unknown_Sample,20251031_081_pol_pro_Ran_ado_2025_19_Colorado2025.czi,Ran_ado,548.31,6122.0,10823.0,29,32,101.01,0.955,20251031_081_pol_pro_Ran_ado_2025_19_Colorado2025_x005632_y010240
Unknown_Sample,20251031_081_pol_pro_Ran_ado_2025_19_Colorado2025.czi,Ran_ado,392.86,6155.0,10406.0,23,27,87.21,0.964,20251031_081_pol_pro_Ran_ado_2025_19_Colorado2025_x006144_y010240
Unknown_Sample,20251031_081_pol_pro_Ran_ado_2025_19_Colorado2025.czi,Ran_ado,569.85,6565.0,10483.0,29,32,103.36,0.964,20251031_081_pol_pro_Ran_ado_2025_19_Colorado2025_x006144_y010240
Unknown_Sample,20251031_081_pol_pro_Ran_ado_2025_19_Colorado2025.czi,Ran_ado,308.59,6153.0,10742.0,19,26,78.97,0.963,20251031_081_pol_pro_Ran_ado_2025_19_Colorado2025_x006144_y010240
Unknown_Sample,20251031_081_pol_pro_Ran_ado_2025_19_Colorado2025.czi,Ran_ado,503.29,6449.0,10753.0,29,28,95.94,0.962,20251031_081_pol_pro_Ran_ado_2025_19_Colorado2025_x006144_y010240
Unknown_Sample,20251031_081_pol_pro_Ran_ado_2025_19_Colorado2025.czi,Ran_ado,550.23,6576.0,10682.0,29,31,100.77,0.96,20251031_081_pol_pro_Ran_ado_2025_19_Colorado2025_x006144_y010240
Unknown_Sample,20251031_081_pol_pro_Ran_ado_2025_19_Colorado2025.czi,Ran_ado,543.69,6677.0,10669.0,33,28,101.01,0.96,20251031_081_pol_pro_Ran_ado_2025_19_Colorado2025_x006144_y010240
Unknown_Sample,20251031_081_pol_pro_Ran_ado_2025_19_Colorado2025.czi,Ran_ado,549.46,6242.0,10278.0,34,28,101.25,0.96,20251031_081_pol_pro_Ran_ado_2025_19_Colorado2025_x006144_y010240
Unknown_Sample,20251031_081_pol_pro_Ran_ado_2025_19_Colorado2025.czi,Ran_ado,520.6,6714.0,10493.0,31,28,98.18,0.958,20251031_081_pol_pro_Ran_ado_2025_19_Colorado2025_x006144_y010240
Unknown_Sample,20251031_081_pol_pro_Ran_ado_2025_19_Colorado2025.czi,Ran_ado,536.38,6744.0,10403.0,30,29,98.77,0.958,20251031_081_pol_pro_Ran_ado_2025_19_Colorado2025_x006144_y010240
Unknown_Sample,20251031_081_pol_pro_Ran_ado_2025_19_Colorado2025.czi,Ran_ado,483.66,6544.0,10814.0,27,30,94.18,0.957,20251031_081_pol_pro_Ran_ado_2025_19_Colorado2025_x006144_y010240
Unknown_Sample,20251031_081_pol_pro_Ran_ado_2025_19_Colorado2025.czi,Ran_ado,392.47,6442.0,10829.0,24,28,87.11,0.942,20251031_081_pol_pro_Ran_ado_2025_19_Colorado2025_x006144_y010240
Unknown_Sample,20251031_081_pol_pro_Ran_ado_2025_19_Colorado2025.czi,Ran_ado,501.75,6820.0,10585.0,29,28,95.94,0.961,20251031_081_pol_pro_Ran_ado_2025_19_Colorado2025_x006656_y010240
Unknown_Sample,20251031_081_pol_pro_Ran_ado_2025_19_Colorado2025.czi,Ran_ado,573.7,6848.0,10427.0,28,34,104.18,0.961,20251031_081_pol_pro_Ran_ado_2025_19_Colorado2025_x006656_y010240
Unknown_Sample,20251031_081_pol_pro_Ran_ado_2025_19_Colorado2025.czi,Ran_ado,538.3,7028.0,10625.0,29,30,99.36,0.96,20251031_081_pol_pro_Ran_ado_2025_19_Colorado2025_x006656_y010240
Unknown_Sample,20251031_081_pol_pro_Ran_ado_2025_19_Colorado2025.czi,Ran_ado,535.22,6677.0,10669.0,32,28,100.18,0.959,20251031_081_pol_pro_Ran_ado_2025_19_Colorado2025_x006656_y010240
Unknown_Sample,20251031_081_pol_pro_Ran_ado_2025_19_Colorado2025.czi,Ran_ado,607.95,6856.0,10588.0,34,30,106.43,0.959,20251031_081_pol_pro_Ran_ado_2025_19_Colorado2025_x006656_y010240
Unknown_Sample,20251031_081_pol_pro_Ran_ado_2025_19_Colorado2025.czi,Ran_ado,536.38,6744.0,10403.0,30,29,98.77,0.958,20251031_081_pol_pro_Ran_ado_2025_19_Colorado2025_x006656_y010240
Unknown_Sample,20251031_081_pol_pro_Ran_ado_2025_19_Colorado2025.czi,Ran_ado,519.06,6714.0,10493.0,31,28,98.18,0.958,20251031_081_pol_pro_Ran_ado_2025_19_Colorado2025_x006656_y010240
Unknown_Sample,20251031_081_pol_pro_Ran_ado_2025_19_Colorado2025.czi,Ran_ado,395.17,7144.0,10549.0,26,25,85.7,0.956,20251031_081_pol_pro_Ran_ado_2025_19_Colorado2025_x006656_y010240
Unknown_Sample,20251031_081_pol_pro_Ran_ado_2025_19_Colorado2025.czi,Ran_ado,591.02,7543.0,10426.0,30,33,104.43,0.963,20251031_081_pol_pro_Ran_ado_2025_19_Colorado2025_x007168_y010240
Unknown_Sample,20251031_081_pol_pro_Ran_ado_2025_19_Colorado2025.czi,Ran_ado,512.14,7697.0,10504.0,28,30,97.36,0.962,20251031_081_pol_pro_Ran_ado_2025_19_Colorado2025_x007168_y010240
Unknown_Sample,20251031_081_pol_pro_Ran_ado_2025_19_Colorado2025.czi,Ran_ado,587.17,7402.0,10799.0,33,29,103.6,0.961,20251031_081_pol_pro_Ran_ado_2025_19_Colorado2025_x007168_y010240
Unknown_Sample,20251031_081_pol_pro_Ran_ado_2025_19_Colorado2025.czi,Ran_ado,504.06,7414.0,10543.0,30,28,96.77,0.959,20251031_081_pol_pro_Ran_ado_2025_19_Colorado2025_x007168_y010240
Unknown_Sample,20251031_081_pol_pro_Ran_ado_2025_19_Colorado2025.czi,Ran_ado,479.05,7459.0,10726.0,29,28,94.18,0.959,20251031_081_pol_pro_Ran_ado_2025_19_Colorado2025_x007168_y010240
Unknown_Sample,20251031_081_pol_pro_Ran_ado_2025_19_Colorado2025.czi,Ran_ado,586.01,7472.0,10363.0,29,34,105.01,0.959,20251031_081_pol_pro_Ran_ado_2025_19_Colorado2025_x007168_y010240
Unknown_Sample,20251031_081_pol_pro_Ran_ado_2025_19_Colorado2025.czi,Ran_ado,567.93,7790.0,10571.0,31,30,102.77,0.955,20251031_081_pol_pro_Ran_ado_2025_19_Colorado2025_x007168_y010240
Unknown_Sample,20251031_081_pol_pro_Ran_ado_2025_19_Colorado2025.czi,Ran_ado,569.47,7790.0,10571.0,31,30,101.6,0.962,20251031_081_pol_pro_Ran_ado_2025_19_Colorado2025_x007680_y010240
Unknown_Sample,20251031_081_pol_pro_Ran_ado_2025_19_Colorado2025.czi,Ran_ado,619.11,7845.0,10442.0,31,34,107.84,0.962,20251031_081_pol_pro_Ran_ado_2025_19_Colorado2025_x007680_y010240
Unknown_Sample,20251031_081_pol_pro_Ran_ado_2025_19_Colorado2025.czi,Ran_ado,512.14,7697.0,10504.0,28,30,97.36,0.961,20251031_081_pol_pro_Ran_ado_2025_19_Colorado2025_x007680_y010240
Unknown_Sample,20251031_081_pol_pro_Ran_ado_2025_19_Colorado2025.czi,Ran_ado,626.03,7904.0,10426.0,30,35,106.67,0.959,20251031_081_pol_pro_Ran_ado_2025_19_Colorado2025_x007680_y010240
Unknown_Sample,20251031_081_pol_pro_Ran_ado_2025_19_Colorado2025.czi,Ran_ado,548.31,8170.0,10835.0,28,33,99.84,0.958,20251031_081_pol_pro_Ran_ado_2025_19_Colorado2025_x007680_y010240
Unknown_Sample,20251031_081_pol_pro_Ran_ado_2025_19_Colorado2025.czi,Ran_ado,586.4,8129.0,10586.0,30,31,103.94,0.957,20251031_081_pol_pro_Ran_ado_2025_19_Colorado2025_x007680_y010240
Unknown_Sample,20251031_081_pol_pro_Ran_ado_2025_19_Colorado2025.czi,Ran_ado,561.0,7992.0,10496.0,31,29,101.94,0.956,20251031_081_pol_pro_Ran_ado_2025_19_Colorado2025_x007680_y010240
Unknown_Sample,20251031_081_pol_pro_Ran_ado_2025_19_Colorado2025.czi,Ran_ado,354.38,8152.0,10686.0,27,23,82.53,0.954,20251031_081_pol_pro_Ran_ado_2025_19_Colorado2025_x007680_y010240
Unknown_Sample,20251031_081_pol_pro_Ran_ado_2025_19_Colorado2025.czi,Ran_ado,508.67,8005.0,10833.0,30,28,96.77,0.932,20251031_081_pol_pro_Ran_ado_2025_19_Colorado2025_x007680_y010240
Unknown_Sample,20251031_081_pol_pro_Ran_ado_2025_19_Colorado2025.czi,Ran_ado,580.24,8013.0,10862.0,31,32,105.25,0.92,20251031_081_pol_pro_Ran_ado_2025_19_Colorado2025_x007680_y010240
Unknown_Sample,20251031_081_pol_pro_Ran_ado_2025_19_Colorado2025.czi,Ran_ado,576.78,8589.0,10843.0,31,31,101.84,0.954,20251031_081_pol_pro_Ran_ado_2025_19_Colorado2025_x008192_y010240
Unknown_Sample,20251031_081_pol_pro_Ran_ado_2025_19_Colorado2025.czi,Ran_ado,487.9,8472.0,10789.0,28,28,93.94,0.953,20251031_081_pol_pro_Ran_ado_2025_19_Colorado2025_x008192_y010240
Unknown_Sample,20251031_081_pol_pro_Ran_ado_2025_19_Colorado2025.czi,Ran_ado,578.7,8509.0,10272.0,33,29,103.6,0.951,20251031_081_pol_pro_Ran_ado_2025_19_Colorado2025_x008192_y010240
Unknown_Sample,20251031_081_pol_pro_Ran_ado_2025_19_Colorado2025.czi,Ran_ado,535.22,8817.0,10533.0,28,30,102.04,0.941,20251031_081_pol_pro_Ran_ado_2025_19_Colorado2025_x008192_y010240
Unknown_Sample,20251031_081_pol_pro_Ran_ado_2025_19_Colorado2025.czi,Ran_ado,544.07,9123.0,10525.0,30,30,100.77,0.963,20251031_081_pol_pro_Ran_ado_2025_19_Colorado2025_x008704_y010240
Unknown_Sample,20251031_081_pol_pro_Ran_ado_2025_19_Colorado2025.czi,Ran_ado,539.84,8818.0,10532.0,30,30,100.18,0.963,20251031_081_pol_pro_Ran_ado_2025_19_Colorado2025_x008704_y010240
Unknown_Sample,20251031_081_pol_pro_Ran_ado_2025_19_Colorado2025.czi,Ran_ado,619.49,9026.0,10618.0,30,34,106.43,0.962,20251031_081_pol_pro_Ran_ado_2025_19_Colorado2025_x008704_y010240
Unknown_Sample,20251031_081_pol_pro_Ran_ado_2025_19_Colorado2025.czi,Ran_ado,554.85,9223.0,10428.0,29,32,101.6,0.961,20251031_081_pol_pro_Ran_ado_2025_19_Colorado2025_x008704_y010240
Unknown_Sample,20251031_081_pol_pro_Ran_ado_2025_19_Colorado2025.czi,Ran_ado,514.83,8875.0,10771.0,30,28,96.77,0.96,20251031_081_pol_pro_Ran_ado_2025_19_Colorado2025_x008704_y010240
Unknown_Sample,20251031_081_pol_pro_Ran_ado_2025_19_Colorado2025.czi,Ran_ado,521.37,9207.0,10313.0,28,31,98.18,0.96,20251031_081_pol_pro_Ran_ado_2025_19_Colorado2025_x008704_y010240
Unknown_Sample,20251031_081_pol_pro_Ran_ado_2025_19_Colorado2025.czi,Ran_ado,524.07,8855.0,10867.0,31,26,99.46,0.941,20251031_081_pol_pro_Ran_ado_2025_19_Colorado2025_x008704_y010240
Unknown_Sample,20251031_081_pol_pro_Ran_ado_2025_19_Colorado2025.czi,Ran_ado,611.79,9481.0,10780.0,31,33,105.25,0.964,20251031_081_pol_pro_Ran_ado_2025_19_Colorado2025_x009216_y010240
Unknown_Sample,20251031_081_pol_pro_Ran_ado_2025_19_Colorado2025.czi,Ran_ado,536.76,9631.0,10373.0,32,28,99.01,0.961,20251031_081_pol_pro_Ran_ado_2025_19_Colorado2025_x009216_y010240
Unknown_Sample,20251031_081_pol_pro_Ran_ado_2025_19_Colorado2025.czi,Ran_ado,426.72,9226.0,10427.0,22,31,93.21,0.959,20251031_081_pol_pro_Ran_ado_2025_19_Colorado2025_x009216_y010240
Unknown_Sample,20251031_081_pol_pro_Ran_ado_2025_19_Colorado2025.czi,Ran_ado,589.48,9425.0,10574.0,30,32,104.77,0.959,20251031_081_pol_pro_Ran_ado_2025_19_Colorado2025_x009216_y010240
Unknown_Sample,20251031_081_pol_pro_Ran_ado_2025_19_Colorado2025.czi,Ran_ado,611.03,9750.0,10396.0,31,32,106.77,0.958,20251031_081_pol_pro_Ran_ado_2025_19_Colorado2025_x009216_y010240
Unknown_Sample,20251031_081_pol_pro_Ran_ado_2025_19_Colorado2025.czi,Ran_ado,523.68,9477.0,10386.0,30,28,97.36,0.958,20251031_081_pol_pro_Ran_ado_2025_19_Colorado2025_x009216_y010240
Unknown_Sample,20251031_081_pol_pro_Ran_ado_2025_19_Colorado2025.czi,Ran_ado,524.07,9606.0,10491.0,28,31,98.77,0.931,20251031_081_pol_pro_Ran_ado_2025_19_Colorado2025_x009216_y010240
Unknown_Sample,20251031_081_pol_pro_Ran_ado_2025_19_Colorado2025.czi,Ran_ado,332.83,9606.0,10516.0,24,23,78.87,0.779,20251031_081_pol_pro_Ran_ado_2025_19_Colorado2025_x009216_y010240
Unknown_Sample,20251031_081_pol_pro_Ran_ado_2025_19_Colorado2025.czi,Ran_ado,563.7,10076.0,10857.0,31,31,101.84,0.958,20251031_081_pol_pro_Ran_ado_2025_19_Colorado2025_x009728_y010240
Unknown_Sample,20251031_081_pol_pro_Ran_ado_2025_19_Colorado2025.czi,Ran_ado,625.65,10045.0,10340.0,32,32,107.6,0.958,20251031_081_pol_pro_Ran_ado_2025_19_Colorado2025_x009728_y010240
Unknown_Sample,20251031_081_pol_pro_Ran_ado_2025_19_Colorado2025.czi,Ran_ado,611.03,9750.0,10396.0,31,32,106.77,0.957,20251031_081_pol_pro_Ran_ado_2025_19_Colorado2025_x009728_y010240
Unknown_Sample,20251031_081_pol_pro_Ran_ado_2025_19_Colorado2025.czi,Ran_ado,570.24,10089.0,10531.0,34,28,102.43,0.955,20251031_081_pol_pro_Ran_ado_2025_19_Colorado2025_x009728_y010240
Unknown_Sample,20251031_081_pol_pro_Ran_ado_2025_19_Colorado2025.czi,Ran_ado,561.39,9864.0,10485.0,31,29,101.36,0.955,20251031_081_pol_pro_Ran_ado_2025_19_Colorado2025_x009728_y010240
Unknown_Sample,20251031_081_pol_pro_Ran_ado_2025_19_Colorado2025.czi,Ran_ado,569.85,10353.0,10582.0,28,32,103.7,0.954,20251031_081_pol_pro_Ran_ado_2025_19_Colorado2025_x009728_y010240
Unknown_Sample,20251031_081_pol_pro_Ran_ado_2025_19_Colorado2025.czi,Ran_ado,546.38,10099.0,10368.0,30,30,99.6,0.954,20251031_081_pol_pro_Ran_ado_2025_19_Colorado2025_x009728_y010240
Unknown_Sample,20251031_081_pol_pro_Ran_ado_2025_19_Colorado2025.czi,Ran_ado,711.07,9893.0,10274.0,31,38,115.25,0.942,20251031_081_pol_pro_Ran_ado_2025_19_Colorado2025_x009728_y010240
Unknown_Sample,20251031_081_pol_pro_Ran_ado_2025_19_Colorado2025.czi,Ran_ado,583.71,10354.0,10583.0,30,32,104.18,0.964,20251031_081_pol_pro_Ran_ado_2025_19_Colorado2025_x010240_y010240
Unknown_Sample,20251031_081_pol_pro_Ran_ado_2025_19_Colorado2025.czi,Ran_ado,679.9,10572.0,10280.0,33,35,111.5,0.964,20251031_081_pol_pro_Ran_ado_2025_19_Colorado2025_x010240_y010240
Unknown_Sample,20251031_081_pol_pro_Ran_ado_2025_19_Colorado2025.czi,Ran_ado,547.54,10372.0,10506.0,29,31,100.18,0.963,20251031_081_pol_pro_Ran_ado_2025_19_Colorado2025_x010240_y010240
Unknown_Sample,20251031_081_pol_pro_Ran_ado_2025_19_Colorado2025.czi,Ran_ado,495.98,10721.0,10792.0,28,29,95.36,0.96,20251031_081_pol_pro_Ran_ado_2025_19_Colorado2025_x010240_y010240
Unknown_Sample,20251031_081_pol_pro_Ran_ado_2025_19_Colorado2025.czi,Ran_ado,656.43,10406.0,10841.0,32,35,108.91,0.958,20251031_081_pol_pro_Ran_ado_2025_19_Colorado2025_x010240_y010240
Unknown_Sample,20251031_081_pol_pro_Ran_ado_2025_19_Colorado2025.czi,Ran_ado,347.07,10689.0,10421.0,27,22,81.11,0.955,20251031_081_pol_pro_Ran_ado_2025_19_Colorado2025_x010240_y010240
Unknown_Sample,20251031_081_pol_pro_Ran_ado_2025_19_Colorado2025.czi,Ran_ado,572.16,11142.0,10604.0,31,31,103.01,0.961,20251031_081_pol_pro_Ran_ado_2025_19_Colorado2025_x010752_y010240
Unknown_Sample,20251031_081_pol_pro_Ran_ado_2025_19_Colorado2025.czi,Ran_ado,502.9,11029.0,10845.0,29,29,96.18,0.959,20251031_081_pol_pro_Ran_ado_2025_19_Colorado2025_x010752_y010240
Unknown_Sample,20251031_081_pol_pro_Ran_ado_2025_19_Colorado2025.czi,Ran_ado,482.89,11131.0,10324.0,29,27,94.53,0.959,20251031_081_pol_pro_Ran_ado_2025_19_Colorado2025_x010752_y010240
Unknown_Sample,20251031_081_pol_pro_Ran_ado_2025_19_Colorado2025.czi,Ran_ado,337.45,11034.0,10249.0,29,19,83.21,0.957,20251031_081_pol_pro_Ran_ado_2025_19_Colorado2025_x010752_y010240
Unknown_Sample,20251031_081_pol_pro_Ran_ado_2025_19_Colorado2025.czi,Ran_ado,502.13,11207.0,10715.0,30,28,96.18,0.957,20251031_081_pol_pro_Ran_ado_2025_19_Colorado2025_x010752_y010240
Unknown_Sample,20251031_081_pol_pro_Ran_ado_2025_19_Colorado2025.czi,Ran_ado,521.76,10887.0,10850.0,30,29,98.77,0.956,20251031_081_pol_pro_Ran_ado_2025_19_Colorado2025_x010752_y010240
Unknown_Sample,20251031_081_pol_pro_Ran_ado_2025_19_Colorado2025.czi,Ran_ado,512.14,11319.0,10722.0,30,29,98.18,0.955,20251031_081_pol_pro_Ran_ado_2025_19_Colorado2025_x010752_y010240
Unknown_Sample,20251031_081_pol_pro_Ran_ado_2025_19_Colorado2025.czi,Ran_ado,534.45,11700.0,10621.0,29,31,99.01,0.962,20251031_081_pol_pro_Ran_ado_2025_19_Colorado2025_x011264_y010240
Unknown_Sample,20251031_081_pol_pro_Ran_ado_2025_19_Colorado2025.czi,Ran_ado,547.92,11820.0,10581.0,34,27,102.77,0.961,20251031_081_pol_pro_Ran_ado_2025_19_Colorado2025_x011264_y010240
Unknown_Sample,20251031_081_pol_pro_Ran_ado_2025_19_Colorado2025.czi,Ran_ado,569.85,11505.0,10397.0,30,32,103.01,0.961,20251031_081_pol_pro_Ran_ado_2025_19_Colorado2025_x011264_y010240
Unknown_Sample,20251031_081_pol_pro_Ran_ado_2025_19_Colorado2025.czi,Ran_ado,556.39,11731.0,10734.0,28,33,101.6,0.96,20251031_081_pol_pro_Ran_ado_2025_19_Colorado2025_x011264_y010240
Unknown_Sample,20251031_081_pol_pro_Ran_ado_2025_19_Colorado2025.czi,Ran_ado,513.29,11319.0,10722.0,30,29,98.77,0.955,20251031_081_pol_pro_Ran_ado_2025_19_Colorado2025_x011264_y010240
Unknown_Sample,20251031_081_pol_pro_Ran_ado_2025_19_Colorado2025.czi,Ran_ado,454.42,11486.0,10863.0,28,27,91.36,0.953,20251031_081_pol_pro_Ran_ado_2025_19_Colorado2025_x011264_y010240
Unknown_Sample,20251031_081_pol_pro_Ran_ado_2025_19_Colorado2025.czi,Ran_ado,587.55,11792.0,10368.0,31,30,104.53,0.95,20251031_081_pol_pro_Ran_ado_2025_19_Colorado2025_x011264_y010240
Unknown_Sample,20251031_081_pol_pro_Ran_ado_2025_19_Colorado2025.czi,Ran_ado,623.72,11810.0,10396.0,36,30,108.67,0.93,20251031_081_pol_pro_Ran_ado_2025_19_Colorado2025_x011264_y010240
Unknown_Sample,20251031_081_pol_pro_Ran_ado_2025_19_Colorado2025.czi,Ran_ado,601.02,11998.0,10497.0,34,29,105.6,0.964,20251031_081_pol_pro_Ran_ado_2025_19_Colorado2025_x011776_y010240
Unknown_Sample,20251031_081_pol_pro_Ran_ado_2025_19_Colorado2025.czi,Ran_ado,550.62,11820.0,10581.0,34,27,103.36,0.962,20251031_081_pol_pro_Ran_ado_2025_19_Colorado2025_x011776_y010240
Unknown_Sample,20251031_081_pol_pro_Ran_ado_2025_19_Colorado2025.czi,Ran_ado,530.61,12215.0,10819.0,30,29,98.18,0.961,20251031_081_pol_pro_Ran_ado_2025_19_Colorado2025_x011776_y010240
Unknown_Sample,20251031_081_pol_pro_Ran_ado_2025_19_Colorado2025.czi,Ran_ado,596.02,12101.0,10483.0,33,31,104.67,0.961,20251031_081_pol_pro_Ran_ado_2025_19_Colorado2025_x011776_y010240
Unknown_Sample,20251031_081_pol_pro_Ran_ado_2025_19_Colorado2025.czi,Ran_ado,537.92,12286.0,10847.0,31,29,99.6,0.956,20251031_081_pol_pro_Ran_ado_2025_19_Colorado2025_x011776_y010240
Unknown_Sample,20251031_081_pol_pro_Ran_ado_2025_19_Colorado2025.czi,Ran_ado,231.64,12107.0,10247.0,26,15,70.97,0.952,20251031_081_pol_pro_Ran_ado_2025_19_Colorado2025_x011776_y010240
Unknown_Sample,20251031_081_pol_pro_Ran_ado_2025_19_Colorado2025.czi,Ran_ado,591.02,11791.0,10368.0,31,29,104.28,0.947,20251031_081_pol_pro_Ran_ado_2025_19_Colorado2025_x011776_y010240
Unknown_Sample,20251031_081_pol_pro_Ran_ado_2025_19_Colorado2025.czi,Ran_ado,624.49,11810.0,10396.0,36,30,108.67,0.929,20251031_081_pol_pro_Ran_ado_2025_19_Colorado2025_x011776_y010240
Unknown_Sample,20251031_081_pol_pro_Ran_ado_2025_19_Colorado2025.czi,Ran_ado,630.26,12568.0,10768.0,33,31,107.6,0.964,20251031_081_pol_pro_Ran_ado_2025_19_Colorado2025_x012288_y010240
Unknown_Sample,20251031_081_pol_pro_Ran_ado_2025_19_Colorado2025.czi,Ran_ado,559.85,12764.0,10756.0,31,30,102.18,0.964,20251031_081_pol_pro_Ran_ado_2025_19_Colorado2025_x012288_y010240
Unknown_Sample,20251031_081_pol_pro_Ran_ado_2025_19_Colorado2025.czi,Ran_ado,557.54,12798.0,10591.0,30,31,102.18,0.959,20251031_081_pol_pro_Ran_ado_2025_19_Colorado2025_x012288_y010240
Unknown_Sample,20251031_081_pol_pro_Ran_ado_2025_19_Colorado2025.czi,Ran_ado,385.93,12475.0,10296.0,27,25,87.7,0.951,20251031_081_pol_pro_Ran_ado_2025_19_Colorado2025_x012288_y010240
Unknown_Sample,20251031_081_pol_pro_Ran_ado_2025_19_Colorado2025.czi,Ran_ado,216.63,12294.0,10847.0,14,29,73.21,0.94,20251031_081_pol_pro_Ran_ado_2025_19_Colorado2025_x012288_y010240
Unknown_Sample,20251031_081_pol_pro_Ran_ado_2025_19_Colorado2025.czi,Ran_ado,581.01,12941.0,10740.0,31,30,102.77,0.964,20251031_081_pol_pro_Ran_ado_2025_19_Colorado2025_x012800_y010240
Unknown_Sample,20251031_081_pol_pro_Ran_ado_2025_19_Colorado2025.czi,Ran_ado,485.97,13179.0,10805.0,29,28,94.18,0.961,20251031_081_pol_pro_Ran_ado_2025_19_Colorado2025_x012800_y010240
Unknown_Sample,20251031_081_pol_pro_Ran_ado_2025_19_Colorado2025.czi,Ran_ado,579.47,13081.0,10678.0,32,30,102.43,0.961,20251031_081_pol_pro_Ran_ado_2025_19_Colorado2025_x012800_y010240
Unknown_Sample,20251031_081_pol_pro_Ran_ado_2025_19_Colorado2025.czi,Ran_ado,538.69,13357.0,10729.0,31,28,101.11,0.96,20251031_081_pol_pro_Ran_ado_2025_19_Colorado2025_x012800_y010240
Unknown_Sample,20251031_081_pol_pro_Ran_ado_2025_19_Colorado2025.czi,Ran_ado,548.31,12972.0,10848.0,29,31,100.18,0.958,20251031_081_pol_pro_Ran_ado_2025_19_Colorado2025_x012800_y010240
Unknown_Sample,20251031_081_pol_pro_Ran_ado_2025_19_Colorado2025.czi,Ran_ado,520.22,13302.0,10850.0,30,29,97.6,0.958,20251031_081_pol_pro_Ran_ado_2025_19_Colorado2025_x012800_y010240
Unknown_Sample,20251031_081_pol_pro_Ran_ado_2025_19_Colorado2025.czi,Ran_ado,551.39,13208.0,10864.0,29,30,101.7,0.954,20251031_081_pol_pro_Ran_ado_2025_19_Colorado2025_x012800_y010240
Unknown_Sample,20251031_081_pol_pro_Ran_ado_2025_19_Colorado2025.czi,Ran_ado,443.26,13428.0,10510.0,24,29,93.8,0.942,20251031_081_pol_pro_Ran_ado_2025_19_Colorado2025_x012800_y010240
Unknown_Sample,20251031_081_pol_pro_Ran_ado_2025_19_Colorado2025.czi,Ran_ado,219.32,12806.0,10591.0,13,31,75.8,0.938,20251031_081_pol_pro_Ran_ado_2025_19_Colorado2025_x012800_y010240
Unknown_Sample,20251031_081_pol_pro_Ran_ado_2025_19_Colorado2025.czi,Ran_ado,331.29,13094.0,10852.0,25,22,78.87,0.938,20251031_081_pol_pro_Ran_ado_2025_19_Colorado2025_x012800_y010240
Unknown_Sample,20251031_081_pol_pro_Ran_ado_2025_19_Colorado2025.czi,Ran_ado,629.49,13652.0,10793.0,31,32,105.6,0.964,20251031_081_pol_pro_Ran_ado_2025_19_Colorado2025_x013312_y010240
Unknown_Sample,20251031_081_pol_pro_Ran_ado_2025_19_Colorado2025.czi,Ran_ado,606.79,13453.0,10658.0,33,30,105.01,0.963,20251031_081_pol_pro_Ran_ado_2025_19_Colorado2025_x013312_y010240
Unknown_Sample,20251031_081_pol_pro_Ran_ado_2025_19_Colorado2025.czi,Ran_ado,538.3,13556.0,10360.0,30,29,98.18,0.963,20251031_081_pol_pro_Ran_ado_2025_19_Colorado2025_x013312_y010240
Unknown_Sample,20251031_081_pol_pro_Ran_ado_2025_19_Colorado2025.czi,Ran_ado,498.29,13429.0,10510.0,29,29,97.36,0.963,20251031_081_pol_pro_Ran_ado_2025_19_Colorado2025_x013312_y010240
Unknown_Sample,20251031_081_pol_pro_Ran_ado_2025_19_Colorado2025.czi,Ran_ado,961.94,13474.0,10436.0,39,41,132.57,0.962,20251031_081_pol_pro_Ran_ado_2025_19_Colorado2025_x013312_y010240
Unknown_Sample,20251031_081_pol_pro_Ran_ado_2025_19_Colorado2025.czi,Ran_ado,679.9,13667.0,10550.0,34,33,111.84,0.962,20251031_081_pol_pro_Ran_ado_2025_19_Colorado2025_x013312_y010240
Unknown_Sample,20251031_081_pol_pro_Ran_ado_2025_19_Colorado2025.czi,Ran_ado,509.44,13597.0,10337.0,27,29,97.46,0.962,20251031_081_pol_pro_Ran_ado_2025_19_Colorado2025_x013312_y010240
Unknown_Sample,20251031_081_pol_pro_Ran_ado_2025_19_Colorado2025.czi,Ran_ado,525.61,13902.0,10332.0,29,30,98.77,0.961,20251031_081_pol_pro_Ran_ado_2025_19_Colorado2025_x013312_y010240
Unknown_Sample,20251031_081_pol_pro_Ran_ado_2025_19_Colorado2025.czi,Ran_ado,539.46,13357.0,10729.0,31,28,101.11,0.96,20251031_081_pol_pro_Ran_ado_2025_19_Colorado2025_x013312_y010240
Unknown_Sample,20251031_081_pol_pro_Ran_ado_2025_19_Colorado2025.czi,Ran_ado,540.61,14126.0,10545.0,28,32,100.18,0.962,20251031_081_pol_pro_Ran_ado_2025_19_Colorado2025_x013824_y010240
Unknown_Sample,20251031_081_pol_pro_Ran_ado_2025_19_Colorado2025.czi,Ran_ado,525.61,13902.0,10332.0,29,30,98.77,0.962,20251031_081_pol_pro_Ran_ado_2025_19_Colorado2025_x013824_y010240
Unknown_Sample,20251031_081_pol_pro_Ran_ado_2025_19_Colorado2025.czi,Ran_ado,513.68,14304.0,10412.0,27,31,98.53,0.962,20251031_081_pol_pro_Ran_ado_2025_19_Colorado2025_x013824_y010240
Unknown_Sample,20251031_081_pol_pro_Ran_ado_2025_19_Colorado2025.czi,Ran_ado,564.08,13998.0,10697.0,30,31,102.77,0.961,20251031_081_pol_pro_Ran_ado_2025_19_Colorado2025_x013824_y010240
Unknown_Sample,20251031_081_pol_pro_Ran_ado_2025_19_Colorado2025.czi,Ran_ado,556.0,14134.0,10308.0,33,28,101.01,0.96,20251031_081_pol_pro_Ran_ado_2025_19_Colorado2025_x013824_y010240
Unknown_Sample,20251031_081_pol_pro_Ran_ado_2025_19_Colorado2025.czi,Ran_ado,377.85,14314.0,10534.0,29,24,87.94,0.946,20251031_081_pol_pro_Ran_ado_2025_19_Colorado2025_x013824_y010240
Unknown_Sample,20251031_081_pol_pro_Ran_ado_2025_19_Colorado2025.czi,Ran_ado,604.48,14503.0,10851.0,31,32,105.01,0.962,20251031_081_pol_pro_Ran_ado_2025_19_Colorado2025_x014336_y010240
Unknown_Sample,20251031_081_pol_pro_Ran_ado_2025_19_Colorado2025.czi,Ran_ado,576.78,14489.0,10641.0,31,31,104.18,0.96,20251031_081_pol_pro_Ran_ado_2025_19_Colorado2025_x014336_y010240
Unknown_Sample,20251031_081_pol_pro_Ran_ado_2025_19_Colorado2025.czi,Ran_ado,546.77,14541.0,10503.0,28,32,100.18,0.959,20251031_081_pol_pro_Ran_ado_2025_19_Colorado2025_x014336_y010240
Unknown_Sample,20251031_081_pol_pro_Ran_ado_2025_19_Colorado2025.czi,Ran_ado,328.21,14883.0,10589.0,24,23,77.7,0.953,20251031_081_pol_pro_Ran_ado_2025_19_Colorado2025_x014336_y010240
Unknown_Sample,20251031_081_pol_pro_Ran_ado_2025_19_Colorado2025.czi,Ran_ado,103.5,14909.0,10332.0,13,13,45.07,0.932,20251031_081_pol_pro_Ran_ado_2025_19_Colorado2025_x014336_y010240
Unknown_Sample,20251031_081_pol_pro_Ran_ado_2025_19_Colorado2025.czi,Ran_ado,596.4,15238.0,10547.0,31,31,104.77,0.963,20251031_081_pol_pro_Ran_ado_2025_19_Colorado2025_x014848_y010240
Unknown_Sample,20251031_081_pol_pro_Ran_ado_2025_19_Colorado2025.czi,Ran_ado,574.09,15117.0,10523.0,30,31,102.77,0.963,20251031_081_pol_pro_Ran_ado_2025_19_Colorado2025_x014848_y010240
Unknown_Sample,20251031_081_pol_pro_Ran_ado_2025_19_Colorado2025.czi,Ran_ado,642.58,15148.0,10265.0,34,32,108.08,0.962,20251031_081_pol_pro_Ran_ado_2025_19_Colorado2025_x014848_y010240
Unknown_Sample,20251031_081_pol_pro_Ran_ado_2025_19_Colorado2025.czi,Ran_ado,328.21,14883.0,10589.0,24,23,77.7,0.953,20251031_081_pol_pro_Ran_ado_2025_19_Colorado2025_x014848_y010240
Unknown_Sample,20251031_081_pol_pro_Ran_ado_2025_19_Colorado2025.czi,Ran_ado,103.5,14909.0,10332.0,13,13,45.07,0.932,20251031_081_pol_pro_Ran_ado_2025_19_Colorado2025_x014848_y010240
Unknown_Sample,20251031_081_pol_pro_Ran_ado_2025_19_Colorado2025.czi,Ran_ado,595.25,15784.0,10718.0,33,31,104.67,0.96,20251031_081_pol_pro_Ran_ado_2025_19_Colorado2025_x015360_y010240
Unknown_Sample,20251031_081_pol_pro_Ran_ado_2025_19_Colorado2025.czi,Ran_ado,558.7,15502.0,10807.0,32,29,101.6,0.959,20251031_081_pol_pro_Ran_ado_2025_19_Colorado2025_x015360_y010240
Unknown_Sample,20251031_081_pol_pro_Ran_ado_2025_19_Colorado2025.czi,Ran_ado,508.29,15883.0,10800.0,33,26,98.18,0.956,20251031_081_pol_pro_Ran_ado_2025_19_Colorado2025_x015360_y010240
Unknown_Sample,20251031_081_pol_pro_Ran_ado_2025_19_Colorado2025.czi,Ran_ado,262.42,15600.0,10319.0,22,19,69.8,0.948,20251031_081_pol_pro_Ran_ado_2025_19_Colorado2025_x015360_y010240
Unknown_Sample,20251031_081_pol_pro_Ran_ado_2025_19_Colorado2025.czi,Ran_ado,487.51,15986.0,10843.0,26,29,96.04,0.945,20251031_081_pol_pro_Ran_ado_2025_19_Colorado2025_x015360_y010240
Unknown_Sample,20251031_081_pol_pro_Ran_ado_2025_19_Colorado2025.czi,Ran_ado,273.19,15727.0,10872.0,30,15,77.8,0.899,20251031_081_pol_pro_Ran_ado_2025_19_Colorado2025_x015360_y010240
Unknown_Sample,20251031_081_pol_pro_Ran_ado_2025_19_Colorado2025.czi,Ran_ado,447.88,15885.0,10800.0,28,26,92.28,0.964,20251031_081_pol_pro_Ran_ado_2025_19_Colorado2025_x015872_y010240
Unknown_Sample,20251031_081_pol_pro_Ran_ado_2025_19_Colorado2025.czi,Ran_ado,537.15,15988.0,10843.0,30,29,98.77,0.962,20251031_081_pol_pro_Ran_ado_2025_19_Colorado2025_x015872_y010240
Unknown_Sample,20251031_081_pol_pro_Ran_ado_2025_19_Colorado2025.czi,Ran_ado,575.24,16424.0,10282.0,30,31,102.18,0.957,20251031_081_pol_pro_Ran_ado_2025_19_Colorado2025_x015872_y010240
Unknown_Sample,20251031_081_pol_pro_Ran_ado_2025_19_Colorado2025.czi,Ran_ado,601.79,16191.0,10703.0,31,32,104.43,0.957,20251031_081_pol_pro_Ran_ado_2025_19_Colorado2025_x015872_y010240
Unknown_Sample,20251031_081_pol_pro_Ran_ado_2025_19_Colorado2025.czi,Ran_ado,496.75,16100.0,10626.0,29,28,95.36,0.957,20251031_081_pol_pro_Ran_ado_2025_19_Colorado2025_x015872_y010240
Unknown_Sample,20251031_081_pol_pro_Ran_ado_2025_19_Colorado2025.czi,Ran_ado,357.46,16160.0,10727.0,25,25,83.7,0.952,20251031_081_pol_pro_Ran_ado_2025_19_Colorado2025_x015872_y010240
Unknown_Sample,20251031_081_pol_pro_Ran_ado_2025_19_Colorado2025.czi,Ran_ado,303.59,16168.0,10247.0,32,17,84.04,0.948,20251031_081_pol_pro_Ran_ado_2025_19_Colorado2025_x015872_y010240
Unknown_Sample,20251031_081_pol_pro_Ran_ado_2025_19_Colorado2025.czi,Ran_ado,383.62,16076.0,10871.0,34,18,92.38,0.919,20251031_081_pol_pro_Ran_ado_2025_19_Colorado2025_x015872_y010240
Unknown_Sample,20251031_081_pol_pro_Ran_ado_2025_19_Colorado2025.czi,Ran_ado,576.78,16424.0,10282.0,30,31,102.18,0.956,20251031_081_pol_pro_Ran_ado_2025_19_Colorado2025_x016384_y010240
Unknown_Sample,20251031_081_pol_pro_Ran_ado_2025_19_Colorado2025.czi,Ran_ado,487.51,16672.0,10556.0,25,32,96.53,0.907,20251031_081_pol_pro_Ran_ado_2025_19_Colorado2025_x016384_y010240
Unknown_Sample,20251031_081_pol_pro_Ran_ado_2025_19_Colorado2025.czi,Ran_ado,526.37,17142.0,10253.0,30,28,99.11,0.946,20251031_081_pol_pro_Ran_ado_2025_19_Colorado2025_x016896_y010240
Unknown_Sample,20251031_081_pol_pro_Ran_ado_2025_19_Colorado2025.czi,Ran_ado,482.51,17373.0,10742.0,29,28,94.77,0.903,20251031_081_pol_pro_Ran_ado_2025_19_Colorado2025_x016896_y010240
Unknown_Sample,20251031_081_pol_pro_Ran_ado_2025_19_Colorado2025.czi,Ran_ado,289.74,17315.0,10663.0,21,22,73.21,0.903,20251031_081_pol_pro_Ran_ado_2025_19_Colorado2025_x016896_y010240
Unknown_Sample,20251031_081_pol_pro_Ran_ado_2025_19_Colorado2025.czi,Ran_ado,501.36,1038.0,11202.0,29,29,96.18,0.955,20251031_081_pol_pro_Ran_ado_2025_19_Colorado2025_x000512_y010752
Unknown_Sample,20251031_081_pol_pro_Ran_ado_2025_19_Colorado2025.czi,Ran_ado,447.11,900.0,10893.0,25,31,90.43,0.931,20251031_081_pol_pro_Ran_ado_2025_19_Colorado2025_x000512_y010752
Unknown_Sample,20251031_081_pol_pro_Ran_ado_2025_19_Colorado2025.czi,Ran_ado,291.28,925.0,10803.0,20,24,75.21,0.927,20251031_081_pol_pro_Ran_ado_2025_19_Colorado2025_x000512_y010752
Unknown_Sample,20251031_081_pol_pro_Ran_ado_2025_19_Colorado2025.czi,Ran_ado,506.75,1038.0,11202.0,29,29,97.36,0.955,20251031_081_pol_pro_Ran_ado_2025_19_Colorado2025_x001024_y010752
Unknown_Sample,20251031_081_pol_pro_Ran_ado_2025_19_Colorado2025.czi,Ran_ado,535.61,2726.0,11074.0,32,28,99.6,0.953,20251031_081_pol_pro_Ran_ado_2025_19_Colorado2025_x002560_y010752
Unknown_Sample,20251031_081_pol_pro_Ran_ado_2025_19_Colorado2025.czi,Ran_ado,522.91,4564.0,11293.0,30,29,97.01,0.961,20251031_081_pol_pro_Ran_ado_2025_19_Colorado2025_x004096_y010752
Unknown_Sample,20251031_081_pol_pro_Ran_ado_2025_19_Colorado2025.czi,Ran_ado,532.92,4340.0,11219.0,31,29,100.18,0.959,20251031_081_pol_pro_Ran_ado_2025_19_Colorado2025_x004096_y010752
Unknown_Sample,20251031_081_pol_pro_Ran_ado_2025_19_Colorado2025.czi,Ran_ado,585.63,4494.0,10866.0,33,30,105.6,0.956,20251031_081_pol_pro_Ran_ado_2025_19_Colorado2025_x004096_y010752
Unknown_Sample,20251031_081_pol_pro_Ran_ado_2025_19_Colorado2025.czi,Ran_ado,441.34,4488.0,11037.0,28,26,89.36,0.952,20251031_081_pol_pro_Ran_ado_2025_19_Colorado2025_x004096_y010752
Unknown_Sample,20251031_081_pol_pro_Ran_ado_2025_19_Colorado2025.czi,Ran_ado,472.12,4651.0,11307.0,29,28,94.18,0.934,20251031_081_pol_pro_Ran_ado_2025_19_Colorado2025_x004096_y010752
Unknown_Sample,20251031_081_pol_pro_Ran_ado_2025_19_Colorado2025.czi,Ran_ado,491.36,4680.0,11299.0,28,30,95.01,0.931,20251031_081_pol_pro_Ran_ado_2025_19_Colorado2025_x004096_y010752
Unknown_Sample,20251031_081_pol_pro_Ran_ado_2025_19_Colorado2025.czi,Ran_ado,539.07,4899.0,10769.0,31,28,99.36,0.964,20251031_081_pol_pro_Ran_ado_2025_19_Colorado2025_x004608_y010752
Unknown_Sample,20251031_081_pol_pro_Ran_ado_2025_19_Colorado2025.czi,Ran_ado,481.36,4945.0,11365.0,28,28,93.36,0.962,20251031_081_pol_pro_Ran_ado_2025_19_Colorado2025_x004608_y010752
Unknown_Sample,20251031_081_pol_pro_Ran_ado_2025_19_Colorado2025.czi,Ran_ado,487.51,5185.0,11233.0,29,28,94.18,0.96,20251031_081_pol_pro_Ran_ado_2025_19_Colorado2025_x004608_y010752
Unknown_Sample,20251031_081_pol_pro_Ran_ado_2025_19_Colorado2025.czi,Ran_ado,568.32,4927.0,10879.0,33,29,103.01,0.957,20251031_081_pol_pro_Ran_ado_2025_19_Colorado2025_x004608_y010752
Unknown_Sample,20251031_081_pol_pro_Ran_ado_2025_19_Colorado2025.czi,Ran_ado,417.48,4902.0,11380.0,27,24,90.38,0.941,20251031_081_pol_pro_Ran_ado_2025_19_Colorado2025_x004608_y010752
Unknown_Sample,20251031_081_pol_pro_Ran_ado_2025_19_Colorado2025.czi,Ran_ado,473.66,4651.0,11307.0,29,28,94.18,0.934,20251031_081_pol_pro_Ran_ado_2025_19_Colorado2025_x004608_y010752
Unknown_Sample,20251031_081_pol_pro_Ran_ado_2025_19_Colorado2025.czi,Ran_ado,491.36,4680.0,11299.0,28,30,95.01,0.931,20251031_081_pol_pro_Ran_ado_2025_19_Colorado2025_x004608_y010752
Unknown_Sample,20251031_081_pol_pro_Ran_ado_2025_19_Colorado2025.czi,Ran_ado,487.51,5185.0,11233.0,29,28,94.18,0.961,20251031_081_pol_pro_Ran_ado_2025_19_Colorado2025_x005120_y010752
Unknown_Sample,20251031_081_pol_pro_Ran_ado_2025_19_Colorado2025.czi,Ran_ado,547.92,5564.0,11270.0,30,30,100.77,0.96,20251031_081_pol_pro_Ran_ado_2025_19_Colorado2025_x005120_y010752
Unknown_Sample,20251031_081_pol_pro_Ran_ado_2025_19_Colorado2025.czi,Ran_ado,513.29,5330.0,11219.0,30,28,97.94,0.958,20251031_081_pol_pro_Ran_ado_2025_19_Colorado2025_x005120_y010752
Unknown_Sample,20251031_081_pol_pro_Ran_ado_2025_19_Colorado2025.czi,Ran_ado,492.9,5485.0,10771.0,28,29,95.36,0.957,20251031_081_pol_pro_Ran_ado_2025_19_Colorado2025_x005120_y010752
Unknown_Sample,20251031_081_pol_pro_Ran_ado_2025_19_Colorado2025.czi,Ran_ado,602.18,5589.0,10839.0,33,31,104.67,0.957,20251031_081_pol_pro_Ran_ado_2025_19_Colorado2025_x005120_y010752
Unknown_Sample,20251031_081_pol_pro_Ran_ado_2025_19_Colorado2025.czi,Ran_ado,513.68,5533.0,11016.0,28,31,98.18,0.956,20251031_081_pol_pro_Ran_ado_2025_19_Colorado2025_x005120_y010752
Unknown_Sample,20251031_081_pol_pro_Ran_ado_2025_19_Colorado2025.czi,Ran_ado,549.46,5378.0,11011.0,30,31,100.43,0.949,20251031_081_pol_pro_Ran_ado_2025_19_Colorado2025_x005120_y010752
Unknown_Sample,20251031_081_pol_pro_Ran_ado_2025_19_Colorado2025.czi,Ran_ado,510.21,5408.0,11013.0,31,27,97.94,0.942,20251031_081_pol_pro_Ran_ado_2025_19_Colorado2025_x005120_y010752
Unknown_Sample,20251031_081_pol_pro_Ran_ado_2025_19_Colorado2025.czi,Ran_ado,629.11,6139.0,11351.0,30,35,109.01,0.961,20251031_081_pol_pro_Ran_ado_2025_19_Colorado2025_x005632_y010752
Unknown_Sample,20251031_081_pol_pro_Ran_ado_2025_19_Colorado2025.czi,Ran_ado,571.39,5889.0,11104.0,30,32,103.01,0.96,20251031_081_pol_pro_Ran_ado_2025_19_Colorado2025_x005632_y010752
Unknown_Sample,20251031_081_pol_pro_Ran_ado_2025_19_Colorado2025.czi,Ran_ado,472.51,5917.0,10987.0,30,27,94.77,0.958,20251031_081_pol_pro_Ran_ado_2025_19_Colorado2025_x005632_y010752
Unknown_Sample,20251031_081_pol_pro_Ran_ado_2025_19_Colorado2025.czi,Ran_ado,549.08,6122.0,10823.0,29,32,101.01,0.956,20251031_081_pol_pro_Ran_ado_2025_19_Colorado2025_x005632_y010752
Unknown_Sample,20251031_081_pol_pro_Ran_ado_2025_19_Colorado2025.czi,Ran_ado,519.06,5839.0,11079.0,31,28,97.01,0.955,20251031_081_pol_pro_Ran_ado_2025_19_Colorado2025_x005632_y010752
Unknown_Sample,20251031_081_pol_pro_Ran_ado_2025_19_Colorado2025.czi,Ran_ado,462.5,6259.0,10968.0,24,29,94.97,0.945,20251031_081_pol_pro_Ran_ado_2025_19_Colorado2025_x005632_y010752
Unknown_Sample,20251031_081_pol_pro_Ran_ado_2025_19_Colorado2025.czi,Ran_ado,591.02,6363.0,11021.0,30,32,104.77,0.964,20251031_081_pol_pro_Ran_ado_2025_19_Colorado2025_x006144_y010752
Unknown_Sample,20251031_081_pol_pro_Ran_ado_2025_19_Colorado2025.czi,Ran_ado,531.38,6261.0,10968.0,30,29,99.36,0.96,20251031_081_pol_pro_Ran_ado_2025_19_Colorado2025_x006144_y010752
Unknown_Sample,20251031_081_pol_pro_Ran_ado_2025_19_Colorado2025.czi,Ran_ado,510.98,6383.0,11100.0,30,27,97.11,0.959,20251031_081_pol_pro_Ran_ado_2025_19_Colorado2025_x006144_y010752
Unknown_Sample,20251031_081_pol_pro_Ran_ado_2025_19_Colorado2025.czi,Ran_ado,483.66,6544.0,10814.0,27,30,94.18,0.958,20251031_081_pol_pro_Ran_ado_2025_19_Colorado2025_x006144_y010752
Unknown_Sample,20251031_081_pol_pro_Ran_ado_2025_19_Colorado2025.czi,Ran_ado,571.01,6299.0,10959.0,32,29,101.6,0.958,20251031_081_pol_pro_Ran_ado_2025_19_Colorado2025_x006144_y010752
Unknown_Sample,20251031_081_pol_pro_Ran_ado_2025_19_Colorado2025.czi,Ran_ado,541.0,6563.0,11151.0,29,32,99.25,0.956,20251031_081_pol_pro_Ran_ado_2025_19_Colorado2025_x006144_y010752
Unknown_Sample,20251031_081_pol_pro_Ran_ado_2025_19_Colorado2025.czi,Ran_ado,488.28,6483.0,10904.0,27,30,95.36,0.955,20251031_081_pol_pro_Ran_ado_2025_19_Colorado2025_x006144_y010752
Unknown_Sample,20251031_081_pol_pro_Ran_ado_2025_19_Colorado2025.czi,Ran_ado,257.8,6450.0,10759.0,29,15,75.8,0.954,20251031_081_pol_pro_Ran_ado_2025_19_Colorado2025_x006144_y010752
Unknown_Sample,20251031_081_pol_pro_Ran_ado_2025_19_Colorado2025.czi,Ran_ado,392.47,6442.0,10829.0,24,28,87.11,0.943,20251031_081_pol_pro_Ran_ado_2025_19_Colorado2025_x006144_y010752
Unknown_Sample,20251031_081_pol_pro_Ran_ado_2025_19_Colorado2025.czi,Ran_ado,173.15,6149.0,11352.0,11,32,73.8,0.939,20251031_081_pol_pro_Ran_ado_2025_19_Colorado2025_x006144_y010752
Unknown_Sample,20251031_081_pol_pro_Ran_ado_2025_19_Colorado2025.czi,Ran_ado,530.99,6977.0,11181.0,28,31,98.77,0.958,20251031_081_pol_pro_Ran_ado_2025_19_Colorado2025_x006656_y010752
Unknown_Sample,20251031_081_pol_pro_Ran_ado_2025_19_Colorado2025.czi,Ran_ado,522.91,7038.0,11023.0,29,30,98.18,0.953,20251031_081_pol_pro_Ran_ado_2025_19_Colorado2025_x006656_y010752
Unknown_Sample,20251031_081_pol_pro_Ran_ado_2025_19_Colorado2025.czi,Ran_ado,587.94,7402.0,10799.0,33,29,103.6,0.961,20251031_081_pol_pro_Ran_ado_2025_19_Colorado2025_x007168_y010752
Unknown_Sample,20251031_081_pol_pro_Ran_ado_2025_19_Colorado2025.czi,Ran_ado,593.33,7509.0,11270.0,33,30,104.43,0.961,20251031_081_pol_pro_Ran_ado_2025_19_Colorado2025_x007168_y010752
Unknown_Sample,20251031_081_pol_pro_Ran_ado_2025_19_Colorado2025.czi,Ran_ado,260.49,7739.0,11384.0,30,15,78.38,0.897,20251031_081_pol_pro_Ran_ado_2025_19_Colorado2025_x007168_y010752
Unknown_Sample,20251031_081_pol_pro_Ran_ado_2025_19_Colorado2025.czi,Ran_ado,569.08,8275.0,11342.0,30,31,102.18,0.961,20251031_081_pol_pro_Ran_ado_2025_19_Colorado2025_x007680_y010752
Unknown_Sample,20251031_081_pol_pro_Ran_ado_2025_19_Colorado2025.czi,Ran_ado,431.72,7833.0,10896.0,27,26,89.11,0.959,20251031_081_pol_pro_Ran_ado_2025_19_Colorado2025_x007680_y010752
Unknown_Sample,20251031_081_pol_pro_Ran_ado_2025_19_Colorado2025.czi,Ran_ado,548.31,8170.0,10835.0,28,33,99.84,0.958,20251031_081_pol_pro_Ran_ado_2025_19_Colorado2025_x007680_y010752
Unknown_Sample,20251031_081_pol_pro_Ran_ado_2025_19_Colorado2025.czi,Ran_ado,499.06,8256.0,11184.0,29,29,96.18,0.957,20251031_081_pol_pro_Ran_ado_2025_19_Colorado2025_x007680_y010752
Unknown_Sample,20251031_081_pol_pro_Ran_ado_2025_19_Colorado2025.czi,Ran_ado,538.3,8127.0,11115.0,30,30,100.18,0.955,20251031_081_pol_pro_Ran_ado_2025_19_Colorado2025_x007680_y010752
Unknown_Sample,20251031_081_pol_pro_Ran_ado_2025_19_Colorado2025.czi,Ran_ado,509.44,8005.0,10833.0,30,28,96.77,0.933,20251031_081_pol_pro_Ran_ado_2025_19_Colorado2025_x007680_y010752
Unknown_Sample,20251031_081_pol_pro_Ran_ado_2025_19_Colorado2025.czi,Ran_ado,572.16,8013.0,10862.0,31,31,104.18,0.926,20251031_081_pol_pro_Ran_ado_2025_19_Colorado2025_x007680_y010752
Unknown_Sample,20251031_081_pol_pro_Ran_ado_2025_19_Colorado2025.czi,Ran_ado,260.49,7739.0,11384.0,30,15,78.38,0.896,20251031_081_pol_pro_Ran_ado_2025_19_Colorado2025_x007680_y010752
Unknown_Sample,20251031_081_pol_pro_Ran_ado_2025_19_Colorado2025.czi,Ran_ado,544.07,8589.0,10843.0,30,31,99.25,0.961,20251031_081_pol_pro_Ran_ado_2025_19_Colorado2025_x008192_y010752
Unknown_Sample,20251031_081_pol_pro_Ran_ado_2025_19_Colorado2025.czi,Ran_ado,622.95,8671.0,11292.0,32,33,109.01,0.958,20251031_081_pol_pro_Ran_ado_2025_19_Colorado2025_x008192_y010752
Unknown_Sample,20251031_081_pol_pro_Ran_ado_2025_19_Colorado2025.czi,Ran_ado,496.36,8562.0,11221.0,28,30,95.6,0.958,20251031_081_pol_pro_Ran_ado_2025_19_Colorado2025_x008192_y010752
Unknown_Sample,20251031_081_pol_pro_Ran_ado_2025_19_Colorado2025.czi,Ran_ado,582.55,8276.0,11342.0,30,31,103.94,0.957,20251031_081_pol_pro_Ran_ado_2025_19_Colorado2025_x008192_y010752
Unknown_Sample,20251031_081_pol_pro_Ran_ado_2025_19_Colorado2025.czi,Ran_ado,464.04,8472.0,10789.0,27,28,93.11,0.957,20251031_081_pol_pro_Ran_ado_2025_19_Colorado2025_x008192_y010752
Unknown_Sample,20251031_081_pol_pro_Ran_ado_2025_19_Colorado2025.czi,Ran_ado,579.09,8728.0,10963.0,31,32,103.84,0.955,20251031_081_pol_pro_Ran_ado_2025_19_Colorado2025_x008192_y010752
Unknown_Sample,20251031_081_pol_pro_Ran_ado_2025_19_Colorado2025.czi,Ran_ado,512.91,8256.0,11184.0,29,29,97.36,0.954,20251031_081_pol_pro_Ran_ado_2025_19_Colorado2025_x008192_y010752
Unknown_Sample,20251031_081_pol_pro_Ran_ado_2025_19_Colorado2025.czi,Ran_ado,515.22,8875.0,10771.0,30,28,97.36,0.961,20251031_081_pol_pro_Ran_ado_2025_19_Colorado2025_x008704_y010752
Unknown_Sample,20251031_081_pol_pro_Ran_ado_2025_19_Colorado2025.czi,Ran_ado,559.47,9185.0,11296.0,31,30,101.6,0.961,20251031_081_pol_pro_Ran_ado_2025_19_Colorado2025_x008704_y010752
Unknown_Sample,20251031_081_pol_pro_Ran_ado_2025_19_Colorado2025.czi,Ran_ado,573.7,9037.0,11119.0,29,33,103.01,0.959,20251031_081_pol_pro_Ran_ado_2025_19_Colorado2025_x008704_y010752
Unknown_Sample,20251031_081_pol_pro_Ran_ado_2025_19_Colorado2025.czi,Ran_ado,497.52,9265.0,10972.0,30,28,97.36,0.958,20251031_081_pol_pro_Ran_ado_2025_19_Colorado2025_x008704_y010752
Unknown_Sample,20251031_081_pol_pro_Ran_ado_2025_19_Colorado2025.czi,Ran_ado,576.01,8728.0,10963.0,30,32,103.01,0.956,20251031_081_pol_pro_Ran_ado_2025_19_Colorado2025_x008704_y010752
Unknown_Sample,20251031_081_pol_pro_Ran_ado_2025_19_Colorado2025.czi,Ran_ado,558.31,8855.0,10867.0,31,29,100.18,0.953,20251031_081_pol_pro_Ran_ado_2025_19_Colorado2025_x008704_y010752
Unknown_Sample,20251031_081_pol_pro_Ran_ado_2025_19_Colorado2025.czi,Ran_ado,286.66,9236.0,11244.0,21,24,74.87,0.928,20251031_081_pol_pro_Ran_ado_2025_19_Colorado2025_x008704_y010752
Unknown_Sample,20251031_081_pol_pro_Ran_ado_2025_19_Colorado2025.czi,Ran_ado,611.79,9481.0,10780.0,31,33,105.25,0.964,20251031_081_pol_pro_Ran_ado_2025_19_Colorado2025_x009216_y010752
Unknown_Sample,20251031_081_pol_pro_Ran_ado_2025_19_Colorado2025.czi,Ran_ado,596.4,9777.0,11275.0,33,30,105.6,0.96,20251031_081_pol_pro_Ran_ado_2025_19_Colorado2025_x009216_y010752
Unknown_Sample,20251031_081_pol_pro_Ran_ado_2025_19_Colorado2025.czi,Ran_ado,508.67,9648.0,11153.0,28,29,97.11,0.958,20251031_081_pol_pro_Ran_ado_2025_19_Colorado2025_x009216_y010752
Unknown_Sample,20251031_081_pol_pro_Ran_ado_2025_19_Colorado2025.czi,Ran_ado,497.52,9265.0,10972.0,30,28,97.36,0.957,20251031_081_pol_pro_Ran_ado_2025_19_Colorado2025_x009216_y010752
Unknown_Sample,20251031_081_pol_pro_Ran_ado_2025_19_Colorado2025.czi,Ran_ado,287.81,9236.0,11244.0,21,24,75.46,0.926,20251031_081_pol_pro_Ran_ado_2025_19_Colorado2025_x009216_y010752
Unknown_Sample,20251031_081_pol_pro_Ran_ado_2025_19_Colorado2025.czi,Ran_ado,596.02,9777.0,11275.0,33,30,105.01,0.96,20251031_081_pol_pro_Ran_ado_2025_19_Colorado2025_x009728_y010752
Unknown_Sample,20251031_081_pol_pro_Ran_ado_2025_19_Colorado2025.czi,Ran_ado,564.47,10076.0,10857.0,31,31,101.84,0.959,20251031_081_pol_pro_Ran_ado_2025_19_Colorado2025_x009728_y010752
Unknown_Sample,20251031_081_pol_pro_Ran_ado_2025_19_Colorado2025.czi,Ran_ado,594.48,10075.0,11328.0,33,31,104.67,0.957,20251031_081_pol_pro_Ran_ado_2025_19_Colorado2025_x009728_y010752
Unknown_Sample,20251031_081_pol_pro_Ran_ado_2025_19_Colorado2025.czi,Ran_ado,502.13,10242.0,11327.0,28,30,96.18,0.957,20251031_081_pol_pro_Ran_ado_2025_19_Colorado2025_x009728_y010752
Unknown_Sample,20251031_081_pol_pro_Ran_ado_2025_19_Colorado2025.czi,Ran_ado,519.83,9952.0,11090.0,31,27,97.36,0.955,20251031_081_pol_pro_Ran_ado_2025_19_Colorado2025_x009728_y010752
Unknown_Sample,20251031_081_pol_pro_Ran_ado_2025_19_Colorado2025.czi,Ran_ado,502.13,9978.0,11028.0,30,28,96.18,0.95,20251031_081_pol_pro_Ran_ado_2025_19_Colorado2025_x009728_y010752
Unknown_Sample,20251031_081_pol_pro_Ran_ado_2025_19_Colorado2025.czi,Ran_ado,479.43,10181.0,10955.0,31,26,93.6,0.949,20251031_081_pol_pro_Ran_ado_2025_19_Colorado2025_x009728_y010752
Unknown_Sample,20251031_081_pol_pro_Ran_ado_2025_19_Colorado2025.czi,Ran_ado,509.83,10720.0,10792.0,29,29,96.18,0.959,20251031_081_pol_pro_Ran_ado_2025_19_Colorado2025_x010240_y010752
Unknown_Sample,20251031_081_pol_pro_Ran_ado_2025_19_Colorado2025.czi,Ran_ado,657.97,10406.0,10841.0,32,35,108.91,0.959,20251031_081_pol_pro_Ran_ado_2025_19_Colorado2025_x010240_y010752
Unknown_Sample,20251031_081_pol_pro_Ran_ado_2025_19_Colorado2025.czi,Ran_ado,690.67,10538.0,10891.0,34,35,112.33,0.958,20251031_081_pol_pro_Ran_ado_2025_19_Colorado2025_x010240_y010752
Unknown_Sample,20251031_081_pol_pro_Ran_ado_2025_19_Colorado2025.czi,Ran_ado,570.24,10541.0,11066.0,33,29,102.43,0.956,20251031_081_pol_pro_Ran_ado_2025_19_Colorado2025_x010240_y010752
Unknown_Sample,20251031_081_pol_pro_Ran_ado_2025_19_Colorado2025.czi,Ran_ado,305.13,10429.0,11223.0,24,21,76.04,0.948,20251031_081_pol_pro_Ran_ado_2025_19_Colorado2025_x010240_y010752
Unknown_Sample,20251031_081_pol_pro_Ran_ado_2025_19_Colorado2025.czi,Ran_ado,283.2,10247.0,11327.0,17,30,80.63,0.947,20251031_081_pol_pro_Ran_ado_2025_19_Colorado2025_x010240_y010752
Unknown_Sample,20251031_081_pol_pro_Ran_ado_2025_19_Colorado2025.czi,Ran_ado,491.74,10812.0,11380.0,32,24,98.63,0.937,20251031_081_pol_pro_Ran_ado_2025_19_Colorado2025_x010240_y010752
Unknown_Sample,20251031_081_pol_pro_Ran_ado_2025_19_Colorado2025.czi,Ran_ado,510.21,11029.0,10845.0,30,30,98.43,0.957,20251031_081_pol_pro_Ran_ado_2025_19_Colorado2025_x010752_y010752
Unknown_Sample,20251031_081_pol_pro_Ran_ado_2025_19_Colorado2025.czi,Ran_ado,541.0,11189.0,11069.0,31,29,100.77,0.956,20251031_081_pol_pro_Ran_ado_2025_19_Colorado2025_x010752_y010752
Unknown_Sample,20251031_081_pol_pro_Ran_ado_2025_19_Colorado2025.czi,Ran_ado,527.91,10887.0,10850.0,30,29,98.77,0.954,20251031_081_pol_pro_Ran_ado_2025_19_Colorado2025_x010752_y010752
Unknown_Sample,20251031_081_pol_pro_Ran_ado_2025_19_Colorado2025.czi,Ran_ado,494.05,10812.0,11380.0,33,24,99.46,0.934,20251031_081_pol_pro_Ran_ado_2025_19_Colorado2025_x010752_y010752
Unknown_Sample,20251031_081_pol_pro_Ran_ado_2025_19_Colorado2025.czi,Ran_ado,656.43,11626.0,11363.0,31,35,110.43,0.964,20251031_081_pol_pro_Ran_ado_2025_19_Colorado2025_x011264_y010752
Unknown_Sample,20251031_081_pol_pro_Ran_ado_2025_19_Colorado2025.czi,Ran_ado,611.79,11826.0,11086.0,33,31,105.25,0.962,20251031_081_pol_pro_Ran_ado_2025_19_Colorado2025_x011264_y010752
Unknown_Sample,20251031_081_pol_pro_Ran_ado_2025_19_Colorado2025.czi,Ran_ado,621.03,11729.0,11345.0,31,33,106.43,0.96,20251031_081_pol_pro_Ran_ado_2025_19_Colorado2025_x011264_y010752
Unknown_Sample,20251031_081_pol_pro_Ran_ado_2025_19_Colorado2025.czi,Ran_ado,453.65,11486.0,10863.0,28,27,91.36,0.958,20251031_081_pol_pro_Ran_ado_2025_19_Colorado2025_x011264_y010752
Unknown_Sample,20251031_081_pol_pro_Ran_ado_2025_19_Colorado2025.czi,Ran_ado,670.28,11716.0,11062.0,32,35,111.25,0.957,20251031_081_pol_pro_Ran_ado_2025_19_Colorado2025_x011264_y010752
Unknown_Sample,20251031_081_pol_pro_Ran_ado_2025_19_Colorado2025.czi,Ran_ado,582.17,11429.0,11113.0,32,30,103.01,0.957,20251031_081_pol_pro_Ran_ado_2025_19_Colorado2025_x011264_y010752
Unknown_Sample,20251031_081_pol_pro_Ran_ado_2025_19_Colorado2025.czi,Ran_ado,534.84,11743.0,11040.0,31,29,99.6,0.95,20251031_081_pol_pro_Ran_ado_2025_19_Colorado2025_x011264_y010752
Unknown_Sample,20251031_081_pol_pro_Ran_ado_2025_19_Colorado2025.czi,Ran_ado,561.39,12109.0,11053.0,30,31,102.18,0.963,20251031_081_pol_pro_Ran_ado_2025_19_Colorado2025_x011776_y010752
Unknown_Sample,20251031_081_pol_pro_Ran_ado_2025_19_Colorado2025.czi,Ran_ado,612.56,11826.0,11086.0,33,31,105.25,0.962,20251031_081_pol_pro_Ran_ado_2025_19_Colorado2025_x011776_y010752
Unknown_Sample,20251031_081_pol_pro_Ran_ado_2025_19_Colorado2025.czi,Ran_ado,513.29,12210.0,11335.0,29,30,97.6,0.962,20251031_081_pol_pro_Ran_ado_2025_19_Colorado2025_x011776_y010752
Unknown_Sample,20251031_081_pol_pro_Ran_ado_2025_19_Colorado2025.czi,Ran_ado,530.61,12215.0,10819.0,30,29,98.18,0.961,20251031_081_pol_pro_Ran_ado_2025_19_Colorado2025_x011776_y010752
Unknown_Sample,20251031_081_pol_pro_Ran_ado_2025_19_Colorado2025.czi,Ran_ado,558.31,12337.0,10933.0,32,30,101.84,0.961,20251031_081_pol_pro_Ran_ado_2025_19_Colorado2025_x011776_y010752
Unknown_Sample,20251031_081_pol_pro_Ran_ado_2025_19_Colorado2025.czi,Ran_ado,609.87,11909.0,11086.0,31,33,107.01,0.959,20251031_081_pol_pro_Ran_ado_2025_19_Colorado2025_x011776_y010752
Unknown_Sample,20251031_081_pol_pro_Ran_ado_2025_19_Colorado2025.czi,Ran_ado,536.38,12286.0,10847.0,31,29,99.6,0.957,20251031_081_pol_pro_Ran_ado_2025_19_Colorado2025_x011776_y010752
Unknown_Sample,20251031_081_pol_pro_Ran_ado_2025_19_Colorado2025.czi,Ran_ado,636.42,12568.0,10767.0,33,31,108.77,0.964,20251031_081_pol_pro_Ran_ado_2025_19_Colorado2025_x012288_y010752
Unknown_Sample,20251031_081_pol_pro_Ran_ado_2025_19_Colorado2025.czi,Ran_ado,360.15,12764.0,10761.0,31,19,87.8,0.962,20251031_081_pol_pro_Ran_ado_2025_19_Colorado2025_x012288_y010752
Unknown_Sample,20251031_081_pol_pro_Ran_ado_2025_19_Colorado2025.czi,Ran_ado,530.99,12458.0,11074.0,32,28,100.77,0.962,20251031_081_pol_pro_Ran_ado_2025_19_Colorado2025_x012288_y010752
Unknown_Sample,20251031_081_pol_pro_Ran_ado_2025_19_Colorado2025.czi,Ran_ado,559.08,12337.0,10933.0,32,30,101.84,0.961,20251031_081_pol_pro_Ran_ado_2025_19_Colorado2025_x012288_y010752
Unknown_Sample,20251031_081_pol_pro_Ran_ado_2025_19_Colorado2025.czi,Ran_ado,296.66,12755.0,11207.0,22,23,74.87,0.949,20251031_081_pol_pro_Ran_ado_2025_19_Colorado2025_x012288_y010752
Unknown_Sample,20251031_081_pol_pro_Ran_ado_2025_19_Colorado2025.czi,Ran_ado,216.63,12294.0,10847.0,14,29,73.21,0.94,20251031_081_pol_pro_Ran_ado_2025_19_Colorado2025_x012288_y010752
Unknown_Sample,20251031_081_pol_pro_Ran_ado_2025_19_Colorado2025.czi,Ran_ado,623.34,13109.0,11215.0,35,29,107.6,0.961,20251031_081_pol_pro_Ran_ado_2025_19_Colorado2025_x012800_y010752
Unknown_Sample,20251031_081_pol_pro_Ran_ado_2025_19_Colorado2025.czi,Ran_ado,485.97,13179.0,10805.0,29,28,94.18,0.961,20251031_081_pol_pro_Ran_ado_2025_19_Colorado2025_x012800_y010752
Unknown_Sample,20251031_081_pol_pro_Ran_ado_2025_19_Colorado2025.czi,Ran_ado,561.0,13208.0,10864.0,29,32,101.6,0.96,20251031_081_pol_pro_Ran_ado_2025_19_Colorado2025_x012800_y010752
Unknown_Sample,20251031_081_pol_pro_Ran_ado_2025_19_Colorado2025.czi,Ran_ado,566.78,13125.0,10944.0,32,29,102.18,0.96,20251031_081_pol_pro_Ran_ado_2025_19_Colorado2025_x012800_y010752
Unknown_Sample,20251031_081_pol_pro_Ran_ado_2025_19_Colorado2025.czi,Ran_ado,576.4,13302.0,10907.0,31,31,102.43,0.96,20251031_081_pol_pro_Ran_ado_2025_19_Colorado2025_x012800_y010752
Unknown_Sample,20251031_081_pol_pro_Ran_ado_2025_19_Colorado2025.czi,Ran_ado,537.15,13079.0,11376.0,29,30,99.94,0.959,20251031_081_pol_pro_Ran_ado_2025_19_Colorado2025_x012800_y010752
Unknown_Sample,20251031_081_pol_pro_Ran_ado_2025_19_Colorado2025.czi,Ran_ado,548.31,12972.0,10848.0,29,31,100.18,0.959,20251031_081_pol_pro_Ran_ado_2025_19_Colorado2025_x012800_y010752
Unknown_Sample,20251031_081_pol_pro_Ran_ado_2025_19_Colorado2025.czi,Ran_ado,520.22,13302.0,10850.0,30,29,97.6,0.959,20251031_081_pol_pro_Ran_ado_2025_19_Colorado2025_x012800_y010752
Unknown_Sample,20251031_081_pol_pro_Ran_ado_2025_19_Colorado2025.czi,Ran_ado,546.38,13129.0,11043.0,31,29,99.6,0.958,20251031_081_pol_pro_Ran_ado_2025_19_Colorado2025_x012800_y010752
Unknown_Sample,20251031_081_pol_pro_Ran_ado_2025_19_Colorado2025.czi,Ran_ado,570.24,13076.0,10966.0,31,31,103.6,0.958,20251031_081_pol_pro_Ran_ado_2025_19_Colorado2025_x012800_y010752
Unknown_Sample,20251031_081_pol_pro_Ran_ado_2025_19_Colorado2025.czi,Ran_ado,330.14,13094.0,10852.0,25,22,79.46,0.939,20251031_081_pol_pro_Ran_ado_2025_19_Colorado2025_x012800_y010752
Unknown_Sample,20251031_081_pol_pro_Ran_ado_2025_19_Colorado2025.czi,Ran_ado,628.73,13652.0,10793.0,31,32,105.6,0.964,20251031_081_pol_pro_Ran_ado_2025_19_Colorado2025_x013312_y010752
Unknown_Sample,20251031_081_pol_pro_Ran_ado_2025_19_Colorado2025.czi,Ran_ado,569.08,13711.0,11170.0,29,32,101.01,0.961,20251031_081_pol_pro_Ran_ado_2025_19_Colorado2025_x013312_y010752
Unknown_Sample,20251031_081_pol_pro_Ran_ado_2025_19_Colorado2025.czi,Ran_ado,526.76,13849.0,11233.0,28,31,98.18,0.959,20251031_081_pol_pro_Ran_ado_2025_19_Colorado2025_x013312_y010752
Unknown_Sample,20251031_081_pol_pro_Ran_ado_2025_19_Colorado2025.czi,Ran_ado,621.8,13597.0,11373.0,33,31,107.6,0.957,20251031_081_pol_pro_Ran_ado_2025_19_Colorado2025_x013312_y010752
Unknown_Sample,20251031_081_pol_pro_Ran_ado_2025_19_Colorado2025.czi,Ran_ado,203.93,13945.0,10951.0,13,27,68.97,0.886,20251031_081_pol_pro_Ran_ado_2025_19_Colorado2025_x013312_y010752
Unknown_Sample,20251031_081_pol_pro_Ran_ado_2025_19_Colorado2025.czi,Ran_ado,528.3,13849.0,11233.0,28,31,98.18,0.959,20251031_081_pol_pro_Ran_ado_2025_19_Colorado2025_x013824_y010752
Unknown_Sample,20251031_081_pol_pro_Ran_ado_2025_19_Colorado2025.czi,Ran_ado,594.48,13998.0,11344.0,31,32,105.01,0.959,20251031_081_pol_pro_Ran_ado_2025_19_Colorado2025_x013824_y010752
Unknown_Sample,20251031_081_pol_pro_Ran_ado_2025_19_Colorado2025.czi,Ran_ado,478.66,14270.0,10937.0,29,27,92.77,0.958,20251031_081_pol_pro_Ran_ado_2025_19_Colorado2025_x013824_y010752
Unknown_Sample,20251031_081_pol_pro_Ran_ado_2025_19_Colorado2025.czi,Ran_ado,547.15,13954.0,10951.0,32,28,99.6,0.957,20251031_081_pol_pro_Ran_ado_2025_19_Colorado2025_x013824_y010752
Unknown_Sample,20251031_081_pol_pro_Ran_ado_2025_19_Colorado2025.czi,Ran_ado,553.31,14411.0,11360.0,30,32,102.43,0.955,20251031_081_pol_pro_Ran_ado_2025_19_Colorado2025_x013824_y010752
Unknown_Sample,20251031_081_pol_pro_Ran_ado_2025_19_Colorado2025.czi,Ran_ado,600.25,14695.0,11352.0,32,31,105.6,0.962,20251031_081_pol_pro_Ran_ado_2025_19_Colorado2025_x014336_y010752
Unknown_Sample,20251031_081_pol_pro_Ran_ado_2025_19_Colorado2025.czi,Ran_ado,604.48,14503.0,10851.0,31,32,105.01,0.962,20251031_081_pol_pro_Ran_ado_2025_19_Colorado2025_x014336_y010752
Unknown_Sample,20251031_081_pol_pro_Ran_ado_2025_19_Colorado2025.czi,Ran_ado,553.69,14668.0,11238.0,34,27,101.01,0.957,20251031_081_pol_pro_Ran_ado_2025_19_Colorado2025_x014336_y010752
Unknown_Sample,20251031_081_pol_pro_Ran_ado_2025_19_Colorado2025.czi,Ran_ado,553.31,14411.0,11360.0,30,32,102.43,0.956,20251031_081_pol_pro_Ran_ado_2025_19_Colorado2025_x014336_y010752
Unknown_Sample,20251031_081_pol_pro_Ran_ado_2025_19_Colorado2025.czi,Ran_ado,378.62,14528.0,11030.0,30,22,87.11,0.951,20251031_081_pol_pro_Ran_ado_2025_19_Colorado2025_x014336_y010752
Unknown_Sample,20251031_081_pol_pro_Ran_ado_2025_19_Colorado2025.czi,Ran_ado,496.75,15446.0,11379.0,31,25,99.21,0.942,20251031_081_pol_pro_Ran_ado_2025_19_Colorado2025_x014848_y010752
Unknown_Sample,20251031_081_pol_pro_Ran_ado_2025_19_Colorado2025.czi,Ran_ado,575.63,15726.0,10879.0,31,31,102.43,0.961,20251031_081_pol_pro_Ran_ado_2025_19_Colorado2025_x015360_y010752
Unknown_Sample,20251031_081_pol_pro_Ran_ado_2025_19_Colorado2025.czi,Ran_ado,557.54,15502.0,10807.0,32,29,101.01,0.96,20251031_081_pol_pro_Ran_ado_2025_19_Colorado2025_x015360_y010752
Unknown_Sample,20251031_081_pol_pro_Ran_ado_2025_19_Colorado2025.czi,Ran_ado,508.29,15883.0,10800.0,33,26,98.18,0.956,20251031_081_pol_pro_Ran_ado_2025_19_Colorado2025_x015360_y010752
Unknown_Sample,20251031_081_pol_pro_Ran_ado_2025_19_Colorado2025.czi,Ran_ado,487.51,15986.0,10843.0,26,29,96.04,0.946,20251031_081_pol_pro_Ran_ado_2025_19_Colorado2025_x015360_y010752
Unknown_Sample,20251031_081_pol_pro_Ran_ado_2025_19_Colorado2025.czi,Ran_ado,496.75,15446.0,11379.0,31,25,99.21,0.942,20251031_081_pol_pro_Ran_ado_2025_19_Colorado2025_x015360_y010752
Unknown_Sample,20251031_081_pol_pro_Ran_ado_2025_19_Colorado2025.czi,Ran_ado,377.08,15989.0,11005.0,21,28,86.97,0.935,20251031_081_pol_pro_Ran_ado_2025_19_Colorado2025_x015360_y010752
Unknown_Sample,20251031_081_pol_pro_Ran_ado_2025_19_Colorado2025.czi,Ran_ado,447.88,15885.0,10800.0,28,26,92.28,0.963,20251031_081_pol_pro_Ran_ado_2025_19_Colorado2025_x015872_y010752
Unknown_Sample,20251031_081_pol_pro_Ran_ado_2025_19_Colorado2025.czi,Ran_ado,536.38,15988.0,10843.0,30,29,98.77,0.962,20251031_081_pol_pro_Ran_ado_2025_19_Colorado2025_x015872_y010752
Unknown_Sample,20251031_081_pol_pro_Ran_ado_2025_19_Colorado2025.czi,Ran_ado,684.52,16076.0,10877.0,34,33,111.84,0.961,20251031_081_pol_pro_Ran_ado_2025_19_Colorado2025_x015872_y010752
Unknown_Sample,20251031_081_pol_pro_Ran_ado_2025_19_Colorado2025.czi,Ran_ado,522.53,15993.0,11005.0,30,28,97.94,0.958,20251031_081_pol_pro_Ran_ado_2025_19_Colorado2025_x015872_y010752
Unknown_Sample,20251031_081_pol_pro_Ran_ado_2025_19_Colorado2025.czi,Ran_ado,389.01,993.0,11485.0,25,26,85.7,0.949,20251031_081_pol_pro_Ran_ado_2025_19_Colorado2025_x000512_y011264
Unknown_Sample,20251031_081_pol_pro_Ran_ado_2025_19_Colorado2025.czi,Ran_ado,250.87,955.0,11553.0,21,19,67.8,0.923,20251031_081_pol_pro_Ran_ado_2025_19_Colorado2025_x000512_y011264
Unknown_Sample,20251031_081_pol_pro_Ran_ado_2025_19_Colorado2025.czi,Ran_ado,532.15,1672.0,11609.0,30,29,98.18,0.955,20251031_081_pol_pro_Ran_ado_2025_19_Colorado2025_x001536_y011264
Unknown_Sample,20251031_081_pol_pro_Ran_ado_2025_19_Colorado2025.czi,Ran_ado,572.93,3695.0,11623.0,28,33,103.36,0.927,20251031_081_pol_pro_Ran_ado_2025_19_Colorado2025_x003072_y011264
Unknown_Sample,20251031_081_pol_pro_Ran_ado_2025_19_Colorado2025.czi,Ran_ado,573.32,3295.0,11847.0,33,29,102.43,0.919,20251031_081_pol_pro_Ran_ado_2025_19_Colorado2025_x003072_y011264
Unknown_Sample,20251031_081_pol_pro_Ran_ado_2025_19_Colorado2025.czi,Ran_ado,377.47,3585.0,11718.0,25,25,82.53,0.918,20251031_081_pol_pro_Ran_ado_2025_19_Colorado2025_x003072_y011264
Unknown_Sample,20251031_081_pol_pro_Ran_ado_2025_19_Colorado2025.czi,Ran_ado,724.53,3523.0,11744.0,33,36,123.01,0.896,20251031_081_pol_pro_Ran_ado_2025_19_Colorado2025_x003072_y011264
Unknown_Sample,20251031_081_pol_pro_Ran_ado_2025_19_Colorado2025.czi,Ran_ado,549.46,4132.0,11791.0,30,30,100.77,0.958,20251031_081_pol_pro_Ran_ado_2025_19_Colorado2025_x003584_y011264
Unknown_Sample,20251031_081_pol_pro_Ran_ado_2025_19_Colorado2025.czi,Ran_ado,591.4,3779.0,11837.0,28,34,104.18,0.955,20251031_081_pol_pro_Ran_ado_2025_19_Colorado2025_x003584_y011264
Unknown_Sample,20251031_081_pol_pro_Ran_ado_2025_19_Colorado2025.czi,Ran_ado,575.24,3695.0,11623.0,28,33,102.18,0.935,20251031_081_pol_pro_Ran_ado_2025_19_Colorado2025_x003584_y011264
Unknown_Sample,20251031_081_pol_pro_Ran_ado_2025_19_Colorado2025.czi,Ran_ado,196.62,3590.0,11718.0,14,25,66.38,0.919,20251031_081_pol_pro_Ran_ado_2025_19_Colorado2025_x003584_y011264
Unknown_Sample,20251031_081_pol_pro_Ran_ado_2025_19_Colorado2025.czi,Ran_ado,523.68,4564.0,11293.0,30,29,97.01,0.962,20251031_081_pol_pro_Ran_ado_2025_19_Colorado2025_x004096_y011264
Unknown_Sample,20251031_081_pol_pro_Ran_ado_2025_19_Colorado2025.czi,Ran_ado,544.84,4132.0,11791.0,30,30,100.77,0.959,20251031_081_pol_pro_Ran_ado_2025_19_Colorado2025_x004096_y011264
Unknown_Sample,20251031_081_pol_pro_Ran_ado_2025_19_Colorado2025.czi,Ran_ado,473.66,4651.0,11307.0,29,28,94.18,0.934,20251031_081_pol_pro_Ran_ado_2025_19_Colorado2025_x004096_y011264
Unknown_Sample,20251031_081_pol_pro_Ran_ado_2025_19_Colorado2025.czi,Ran_ado,491.36,4680.0,11299.0,28,30,95.01,0.931,20251031_081_pol_pro_Ran_ado_2025_19_Colorado2025_x004096_y011264
Unknown_Sample,20251031_081_pol_pro_Ran_ado_2025_19_Colorado2025.czi,Ran_ado,479.05,4945.0,11365.0,28,28,93.36,0.963,20251031_081_pol_pro_Ran_ado_2025_19_Colorado2025_x004608_y011264
Unknown_Sample,20251031_081_pol_pro_Ran_ado_2025_19_Colorado2025.czi,Ran_ado,555.62,5148.0,11638.0,30,31,101.6,0.96,20251031_081_pol_pro_Ran_ado_2025_19_Colorado2025_x004608_y011264
Unknown_Sample,20251031_081_pol_pro_Ran_ado_2025_19_Colorado2025.czi,Ran_ado,506.75,4901.0,11382.0,27,31,96.18,0.959,20251031_081_pol_pro_Ran_ado_2025_19_Colorado2025_x004608_y011264
Unknown_Sample,20251031_081_pol_pro_Ran_ado_2025_19_Colorado2025.czi,Ran_ado,524.45,5178.0,11624.0,28,31,98.18,0.957,20251031_081_pol_pro_Ran_ado_2025_19_Colorado2025_x004608_y011264
Unknown_Sample,20251031_081_pol_pro_Ran_ado_2025_19_Colorado2025.czi,Ran_ado,474.43,4651.0,11307.0,29,28,94.18,0.934,20251031_081_pol_pro_Ran_ado_2025_19_Colorado2025_x004608_y011264
Unknown_Sample,20251031_081_pol_pro_Ran_ado_2025_19_Colorado2025.czi,Ran_ado,491.36,4680.0,11299.0,28,30,95.01,0.931,20251031_081_pol_pro_Ran_ado_2025_19_Colorado2025_x004608_y011264
Unknown_Sample,20251031_081_pol_pro_Ran_ado_2025_19_Colorado2025.czi,Ran_ado,575.63,5477.0,11429.0,32,30,103.6,0.962,20251031_081_pol_pro_Ran_ado_2025_19_Colorado2025_x005120_y011264
Unknown_Sample,20251031_081_pol_pro_Ran_ado_2025_19_Colorado2025.czi,Ran_ado,556.39,5148.0,11638.0,30,31,101.6,0.96,20251031_081_pol_pro_Ran_ado_2025_19_Colorado2025_x005120_y011264
Unknown_Sample,20251031_081_pol_pro_Ran_ado_2025_19_Colorado2025.czi,Ran_ado,397.09,5564.0,11274.0,31,21,90.63,0.96,20251031_081_pol_pro_Ran_ado_2025_19_Colorado2025_x005120_y011264
Unknown_Sample,20251031_081_pol_pro_Ran_ado_2025_19_Colorado2025.czi,Ran_ado,460.19,5305.0,11562.0,27,28,91.94,0.959,20251031_081_pol_pro_Ran_ado_2025_19_Colorado2025_x005120_y011264
Unknown_Sample,20251031_081_pol_pro_Ran_ado_2025_19_Colorado2025.czi,Ran_ado,524.84,5178.0,11624.0,28,31,98.77,0.957,20251031_081_pol_pro_Ran_ado_2025_19_Colorado2025_x005120_y011264
Unknown_Sample,20251031_081_pol_pro_Ran_ado_2025_19_Colorado2025.czi,Ran_ado,558.31,5720.0,11711.0,30,31,101.01,0.956,20251031_081_pol_pro_Ran_ado_2025_19_Colorado2025_x005120_y011264
Unknown_Sample,20251031_081_pol_pro_Ran_ado_2025_19_Colorado2025.czi,Ran_ado,268.57,5283.0,11518.0,23,20,71.46,0.949,20251031_081_pol_pro_Ran_ado_2025_19_Colorado2025_x005120_y011264
Unknown_Sample,20251031_081_pol_pro_Ran_ado_2025_19_Colorado2025.czi,Ran_ado,525.99,5859.0,11434.0,31,29,97.84,0.961,20251031_081_pol_pro_Ran_ado_2025_19_Colorado2025_x005632_y011264
Unknown_Sample,20251031_081_pol_pro_Ran_ado_2025_19_Colorado2025.czi,Ran_ado,629.11,6139.0,11351.0,30,35,109.01,0.961,20251031_081_pol_pro_Ran_ado_2025_19_Colorado2025_x005632_y011264
Unknown_Sample,20251031_081_pol_pro_Ran_ado_2025_19_Colorado2025.czi,Ran_ado,570.62,5987.0,11607.0,30,32,103.01,0.961,20251031_081_pol_pro_Ran_ado_2025_19_Colorado2025_x005632_y011264
Unknown_Sample,20251031_081_pol_pro_Ran_ado_2025_19_Colorado2025.czi,Ran_ado,559.08,5720.0,11711.0,30,31,101.01,0.956,20251031_081_pol_pro_Ran_ado_2025_19_Colorado2025_x005632_y011264
Unknown_Sample,20251031_081_pol_pro_Ran_ado_2025_19_Colorado2025.czi,Ran_ado,592.17,5855.0,11789.0,32,32,104.67,0.955,20251031_081_pol_pro_Ran_ado_2025_19_Colorado2025_x005632_y011264
Unknown_Sample,20251031_081_pol_pro_Ran_ado_2025_19_Colorado2025.czi,Ran_ado,422.1,5811.0,11893.0,32,20,93.56,0.93,20251031_081_pol_pro_Ran_ado_2025_19_Colorado2025_x005632_y011264
Unknown_Sample,20251031_081_pol_pro_Ran_ado_2025_19_Colorado2025.czi,Ran_ado,743.39,6315.0,11599.0,33,37,117.25,0.967,20251031_081_pol_pro_Ran_ado_2025_19_Colorado2025_x006144_y011264
Unknown_Sample,20251031_081_pol_pro_Ran_ado_2025_19_Colorado2025.czi,Ran_ado,553.31,6300.0,11747.0,29,31,100.77,0.964,20251031_081_pol_pro_Ran_ado_2025_19_Colorado2025_x006144_y011264
Unknown_Sample,20251031_081_pol_pro_Ran_ado_2025_19_Colorado2025.czi,Ran_ado,511.75,6382.0,11825.0,29,30,98.77,0.961,20251031_081_pol_pro_Ran_ado_2025_19_Colorado2025_x006144_y011264
Unknown_Sample,20251031_081_pol_pro_Ran_ado_2025_19_Colorado2025.czi,Ran_ado,173.15,6149.0,11352.0,11,32,73.8,0.939,20251031_081_pol_pro_Ran_ado_2025_19_Colorado2025_x006144_y011264
Unknown_Sample,20251031_081_pol_pro_Ran_ado_2025_19_Colorado2025.czi,Ran_ado,592.94,7213.0,11453.0,31,33,104.67,0.959,20251031_081_pol_pro_Ran_ado_2025_19_Colorado2025_x006656_y011264
Unknown_Sample,20251031_081_pol_pro_Ran_ado_2025_19_Colorado2025.czi,Ran_ado,534.45,7155.0,11611.0,28,32,100.18,0.958,20251031_081_pol_pro_Ran_ado_2025_19_Colorado2025_x006656_y011264
Unknown_Sample,20251031_081_pol_pro_Ran_ado_2025_19_Colorado2025.czi,Ran_ado,532.15,7053.0,11630.0,29,31,99.01,0.958,20251031_081_pol_pro_Ran_ado_2025_19_Colorado2025_x006656_y011264
Unknown_Sample,20251031_081_pol_pro_Ran_ado_2025_19_Colorado2025.czi,Ran_ado,302.82,7197.0,11896.0,33,15,84.38,0.891,20251031_081_pol_pro_Ran_ado_2025_19_Colorado2025_x006656_y011264
Unknown_Sample,20251031_081_pol_pro_Ran_ado_2025_19_Colorado2025.czi,Ran_ado,544.07,7325.0,11426.0,29,31,99.6,0.963,20251031_081_pol_pro_Ran_ado_2025_19_Colorado2025_x007168_y011264
Unknown_Sample,20251031_081_pol_pro_Ran_ado_2025_19_Colorado2025.czi,Ran_ado,618.72,7740.0,11393.0,30,34,106.43,0.962,20251031_081_pol_pro_Ran_ado_2025_19_Colorado2025_x007168_y011264
Unknown_Sample,20251031_081_pol_pro_Ran_ado_2025_19_Colorado2025.czi,Ran_ado,513.29,7726.0,11711.0,31,28,97.6,0.959,20251031_081_pol_pro_Ran_ado_2025_19_Colorado2025_x007168_y011264
Unknown_Sample,20251031_081_pol_pro_Ran_ado_2025_19_Colorado2025.czi,Ran_ado,593.33,7213.0,11453.0,31,33,105.25,0.959,20251031_081_pol_pro_Ran_ado_2025_19_Colorado2025_x007168_y011264
Unknown_Sample,20251031_081_pol_pro_Ran_ado_2025_19_Colorado2025.czi,Ran_ado,415.56,7510.0,11273.0,32,21,92.63,0.957,20251031_081_pol_pro_Ran_ado_2025_19_Colorado2025_x007168_y011264
Unknown_Sample,20251031_081_pol_pro_Ran_ado_2025_19_Colorado2025.czi,Ran_ado,302.82,7197.0,11896.0,33,15,84.38,0.892,20251031_081_pol_pro_Ran_ado_2025_19_Colorado2025_x007168_y011264
Unknown_Sample,20251031_081_pol_pro_Ran_ado_2025_19_Colorado2025.czi,Ran_ado,569.47,8275.0,11342.0,30,31,102.77,0.962,20251031_081_pol_pro_Ran_ado_2025_19_Colorado2025_x007680_y011264
Unknown_Sample,20251031_081_pol_pro_Ran_ado_2025_19_Colorado2025.czi,Ran_ado,619.11,7740.0,11393.0,30,34,107.01,0.961,20251031_081_pol_pro_Ran_ado_2025_19_Colorado2025_x007680_y011264
Unknown_Sample,20251031_081_pol_pro_Ran_ado_2025_19_Colorado2025.czi,Ran_ado,513.29,7726.0,11711.0,31,28,97.6,0.958,20251031_081_pol_pro_Ran_ado_2025_19_Colorado2025_x007680_y011264
Unknown_Sample,20251031_081_pol_pro_Ran_ado_2025_19_Colorado2025.czi,Ran_ado,542.15,8135.0,11707.0,30,30,100.18,0.957,20251031_081_pol_pro_Ran_ado_2025_19_Colorado2025_x007680_y011264
Unknown_Sample,20251031_081_pol_pro_Ran_ado_2025_19_Colorado2025.czi,Ran_ado,604.48,8137.0,11848.0,33,32,106.67,0.957,20251031_081_pol_pro_Ran_ado_2025_19_Colorado2025_x007680_y011264
Unknown_Sample,20251031_081_pol_pro_Ran_ado_2025_19_Colorado2025.czi,Ran_ado,557.93,8796.0,11763.0,30,30,101.94,0.962,20251031_081_pol_pro_Ran_ado_2025_19_Colorado2025_x008192_y011264
Unknown_Sample,20251031_081_pol_pro_Ran_ado_2025_19_Colorado2025.czi,Ran_ado,569.47,8275.0,11342.0,30,31,102.77,0.962,20251031_081_pol_pro_Ran_ado_2025_19_Colorado2025_x008192_y011264
Unknown_Sample,20251031_081_pol_pro_Ran_ado_2025_19_Colorado2025.czi,Ran_ado,619.49,8671.0,11292.0,32,33,107.25,0.96,20251031_081_pol_pro_Ran_ado_2025_19_Colorado2025_x008192_y011264
Unknown_Sample,20251031_081_pol_pro_Ran_ado_2025_19_Colorado2025.czi,Ran_ado,552.54,9266.0,11472.0,31,29,100.77,0.963,20251031_081_pol_pro_Ran_ado_2025_19_Colorado2025_x008704_y011264
Unknown_Sample,20251031_081_pol_pro_Ran_ado_2025_19_Colorado2025.czi,Ran_ado,557.93,8796.0,11763.0,30,30,101.94,0.962,20251031_081_pol_pro_Ran_ado_2025_19_Colorado2025_x008704_y011264
Unknown_Sample,20251031_081_pol_pro_Ran_ado_2025_19_Colorado2025.czi,Ran_ado,604.1,9114.0,11424.0,30,33,104.43,0.962,20251031_081_pol_pro_Ran_ado_2025_19_Colorado2025_x008704_y011264
Unknown_Sample,20251031_081_pol_pro_Ran_ado_2025_19_Colorado2025.czi,Ran_ado,558.7,9185.0,11297.0,31,30,101.6,0.961,20251031_081_pol_pro_Ran_ado_2025_19_Colorado2025_x008704_y011264
Unknown_Sample,20251031_081_pol_pro_Ran_ado_2025_19_Colorado2025.czi,Ran_ado,552.54,9266.0,11472.0,31,29,100.77,0.963,20251031_081_pol_pro_Ran_ado_2025_19_Colorado2025_x009216_y011264
Unknown_Sample,20251031_081_pol_pro_Ran_ado_2025_19_Colorado2025.czi,Ran_ado,541.38,9777.0,11276.0,33,26,101.7,0.961,20251031_081_pol_pro_Ran_ado_2025_19_Colorado2025_x009216_y011264
Unknown_Sample,20251031_081_pol_pro_Ran_ado_2025_19_Colorado2025.czi,Ran_ado,582.17,9607.0,11863.0,32,30,104.18,0.957,20251031_081_pol_pro_Ran_ado_2025_19_Colorado2025_x009216_y011264
Unknown_Sample,20251031_081_pol_pro_Ran_ado_2025_19_Colorado2025.czi,Ran_ado,541.38,9777.0,11276.0,33,26,101.7,0.962,20251031_081_pol_pro_Ran_ado_2025_19_Colorado2025_x009728_y011264
Unknown_Sample,20251031_081_pol_pro_Ran_ado_2025_19_Colorado2025.czi,Ran_ado,535.61,10228.0,11400.0,29,30,98.77,0.96,20251031_081_pol_pro_Ran_ado_2025_19_Colorado2025_x009728_y011264
Unknown_Sample,20251031_081_pol_pro_Ran_ado_2025_19_Colorado2025.czi,Ran_ado,524.84,10137.0,11551.0,29,30,99.94,0.958,20251031_081_pol_pro_Ran_ado_2025_19_Colorado2025_x009728_y011264
Unknown_Sample,20251031_081_pol_pro_Ran_ado_2025_19_Colorado2025.czi,Ran_ado,594.48,10075.0,11328.0,33,31,104.67,0.958,20251031_081_pol_pro_Ran_ado_2025_19_Colorado2025_x009728_y011264
Unknown_Sample,20251031_081_pol_pro_Ran_ado_2025_19_Colorado2025.czi,Ran_ado,502.13,10242.0,11327.0,28,30,96.18,0.957,20251031_081_pol_pro_Ran_ado_2025_19_Colorado2025_x009728_y011264
Unknown_Sample,20251031_081_pol_pro_Ran_ado_2025_19_Colorado2025.czi,Ran_ado,452.88,10070.0,11765.0,29,26,93.7,0.952,20251031_081_pol_pro_Ran_ado_2025_19_Colorado2025_x009728_y011264
Unknown_Sample,20251031_081_pol_pro_Ran_ado_2025_19_Colorado2025.czi,Ran_ado,542.54,10634.0,11865.0,30,30,100.77,0.962,20251031_081_pol_pro_Ran_ado_2025_19_Colorado2025_x010240_y011264
Unknown_Sample,20251031_081_pol_pro_Ran_ado_2025_19_Colorado2025.czi,Ran_ado,664.12,10812.0,11384.0,32,34,109.25,0.96,20251031_081_pol_pro_Ran_ado_2025_19_Colorado2025_x010240_y011264
Unknown_Sample,20251031_081_pol_pro_Ran_ado_2025_19_Colorado2025.czi,Ran_ado,497.9,10727.0,11630.0,28,30,95.6,0.958,20251031_081_pol_pro_Ran_ado_2025_19_Colorado2025_x010240_y011264
Unknown_Sample,20251031_081_pol_pro_Ran_ado_2025_19_Colorado2025.czi,Ran_ado,284.73,10247.0,11327.0,17,30,80.63,0.947,20251031_081_pol_pro_Ran_ado_2025_19_Colorado2025_x010240_y011264
Unknown_Sample,20251031_081_pol_pro_Ran_ado_2025_19_Colorado2025.czi,Ran_ado,593.33,10947.0,11605.0,31,31,104.77,0.964,20251031_081_pol_pro_Ran_ado_2025_19_Colorado2025_x010752_y011264
Unknown_Sample,20251031_081_pol_pro_Ran_ado_2025_19_Colorado2025.czi,Ran_ado,575.63,11052.0,11871.0,31,30,102.77,0.963,20251031_081_pol_pro_Ran_ado_2025_19_Colorado2025_x010752_y011264
Unknown_Sample,20251031_081_pol_pro_Ran_ado_2025_19_Colorado2025.czi,Ran_ado,666.05,10812.0,11384.0,33,34,110.67,0.958,20251031_081_pol_pro_Ran_ado_2025_19_Colorado2025_x010752_y011264
Unknown_Sample,20251031_081_pol_pro_Ran_ado_2025_19_Colorado2025.czi,Ran_ado,603.71,11293.0,11514.0,31,33,105.84,0.957,20251031_081_pol_pro_Ran_ado_2025_19_Colorado2025_x010752_y011264
Unknown_Sample,20251031_081_pol_pro_Ran_ado_2025_19_Colorado2025.czi,Ran_ado,523.68,11029.0,11743.0,28,32,97.84,0.946,20251031_081_pol_pro_Ran_ado_2025_19_Colorado2025_x010752_y011264
Unknown_Sample,20251031_081_pol_pro_Ran_ado_2025_19_Colorado2025.czi,Ran_ado,270.5,11012.0,11762.0,26,19,73.7,0.899,20251031_081_pol_pro_Ran_ado_2025_19_Colorado2025_x010752_y011264
Unknown_Sample,20251031_081_pol_pro_Ran_ado_2025_19_Colorado2025.czi,Ran_ado,654.89,11626.0,11363.0,31,35,110.43,0.964,20251031_081_pol_pro_Ran_ado_2025_19_Colorado2025_x011264_y011264
Unknown_Sample,20251031_081_pol_pro_Ran_ado_2025_19_Colorado2025.czi,Ran_ado,596.02,11764.0,11860.0,31,32,103.84,0.964,20251031_081_pol_pro_Ran_ado_2025_19_Colorado2025_x011264_y011264
Unknown_Sample,20251031_081_pol_pro_Ran_ado_2025_19_Colorado2025.czi,Ran_ado,621.03,11729.0,11345.0,31,33,106.43,0.96,20251031_081_pol_pro_Ran_ado_2025_19_Colorado2025_x011264_y011264
Unknown_Sample,20251031_081_pol_pro_Ran_ado_2025_19_Colorado2025.czi,Ran_ado,603.33,11293.0,11514.0,31,33,105.25,0.957,20251031_081_pol_pro_Ran_ado_2025_19_Colorado2025_x011264_y011264
Unknown_Sample,20251031_081_pol_pro_Ran_ado_2025_19_Colorado2025.czi,Ran_ado,460.96,11891.0,11849.0,24,29,94.97,0.946,20251031_081_pol_pro_Ran_ado_2025_19_Colorado2025_x011264_y011264
Unknown_Sample,20251031_081_pol_pro_Ran_ado_2025_19_Colorado2025.czi,Ran_ado,537.15,11893.0,11849.0,30,29,99.94,0.963,20251031_081_pol_pro_Ran_ado_2025_19_Colorado2025_x011776_y011264
Unknown_Sample,20251031_081_pol_pro_Ran_ado_2025_19_Colorado2025.czi,Ran_ado,514.06,12210.0,11335.0,29,30,97.6,0.962,20251031_081_pol_pro_Ran_ado_2025_19_Colorado2025_x011776_y011264
Unknown_Sample,20251031_081_pol_pro_Ran_ado_2025_19_Colorado2025.czi,Ran_ado,596.02,12212.0,11416.0,32,31,105.01,0.961,20251031_081_pol_pro_Ran_ado_2025_19_Colorado2025_x011776_y011264
Unknown_Sample,20251031_081_pol_pro_Ran_ado_2025_19_Colorado2025.czi,Ran_ado,601.02,12634.0,11575.0,33,30,104.43,0.963,20251031_081_pol_pro_Ran_ado_2025_19_Colorado2025_x012288_y011264
Unknown_Sample,20251031_081_pol_pro_Ran_ado_2025_19_Colorado2025.czi,Ran_ado,601.41,12502.0,11774.0,33,30,105.01,0.962,20251031_081_pol_pro_Ran_ado_2025_19_Colorado2025_x012288_y011264
Unknown_Sample,20251031_081_pol_pro_Ran_ado_2025_19_Colorado2025.czi,Ran_ado,544.46,12546.0,11433.0,30,32,100.67,0.931,20251031_081_pol_pro_Ran_ado_2025_19_Colorado2025_x012288_y011264
Unknown_Sample,20251031_081_pol_pro_Ran_ado_2025_19_Colorado2025.czi,Ran_ado,540.61,12520.0,11451.0,32,29,99.84,0.914,20251031_081_pol_pro_Ran_ado_2025_19_Colorado2025_x012288_y011264
Unknown_Sample,20251031_081_pol_pro_Ran_ado_2025_19_Colorado2025.czi,Ran_ado,579.09,13046.0,11617.0,32,30,104.18,0.963,20251031_081_pol_pro_Ran_ado_2025_19_Colorado2025_x012800_y011264
Unknown_Sample,20251031_081_pol_pro_Ran_ado_2025_19_Colorado2025.czi,Ran_ado,603.71,13412.0,11817.0,33,31,105.84,0.962,20251031_081_pol_pro_Ran_ado_2025_19_Colorado2025_x012800_y011264
Unknown_Sample,20251031_081_pol_pro_Ran_ado_2025_19_Colorado2025.czi,Ran_ado,509.44,13077.0,11668.0,29,29,97.94,0.962,20251031_081_pol_pro_Ran_ado_2025_19_Colorado2025_x012800_y011264
Unknown_Sample,20251031_081_pol_pro_Ran_ado_2025_19_Colorado2025.czi,Ran_ado,533.3,13029.0,11872.0,29,29,99.11,0.96,20251031_081_pol_pro_Ran_ado_2025_19_Colorado2025_x012800_y011264
Unknown_Sample,20251031_081_pol_pro_Ran_ado_2025_19_Colorado2025.czi,Ran_ado,589.09,13272.0,11686.0,30,32,104.18,0.958,20251031_081_pol_pro_Ran_ado_2025_19_Colorado2025_x012800_y011264
Unknown_Sample,20251031_081_pol_pro_Ran_ado_2025_19_Colorado2025.czi,Ran_ado,557.16,13079.0,11377.0,29,32,100.43,0.957,20251031_081_pol_pro_Ran_ado_2025_19_Colorado2025_x012800_y011264
Unknown_Sample,20251031_081_pol_pro_Ran_ado_2025_19_Colorado2025.czi,Ran_ado,585.25,13811.0,11499.0,31,31,103.01,0.966,20251031_081_pol_pro_Ran_ado_2025_19_Colorado2025_x013312_y011264
Unknown_Sample,20251031_081_pol_pro_Ran_ado_2025_19_Colorado2025.czi,Ran_ado,621.03,13561.0,11399.0,30,34,107.6,0.964,20251031_081_pol_pro_Ran_ado_2025_19_Colorado2025_x013312_y011264
Unknown_Sample,20251031_081_pol_pro_Ran_ado_2025_19_Colorado2025.czi,Ran_ado,603.71,13412.0,11817.0,33,31,105.84,0.962,20251031_081_pol_pro_Ran_ado_2025_19_Colorado2025_x013312_y011264
Unknown_Sample,20251031_081_pol_pro_Ran_ado_2025_19_Colorado2025.czi,Ran_ado,619.49,13597.0,11373.0,33,31,107.6,0.962,20251031_081_pol_pro_Ran_ado_2025_19_Colorado2025_x013312_y011264
Unknown_Sample,20251031_081_pol_pro_Ran_ado_2025_19_Colorado2025.czi,Ran_ado,556.77,13884.0,11815.0,31,29,101.36,0.962,20251031_081_pol_pro_Ran_ado_2025_19_Colorado2025_x013312_y011264
Unknown_Sample,20251031_081_pol_pro_Ran_ado_2025_19_Colorado2025.czi,Ran_ado,499.06,13712.0,11468.0,30,27,95.36,0.958,20251031_081_pol_pro_Ran_ado_2025_19_Colorado2025_x013312_y011264
Unknown_Sample,20251031_081_pol_pro_Ran_ado_2025_19_Colorado2025.czi,Ran_ado,549.85,13857.0,11860.0,32,28,101.36,0.957,20251031_081_pol_pro_Ran_ado_2025_19_Colorado2025_x013312_y011264
Unknown_Sample,20251031_081_pol_pro_Ran_ado_2025_19_Colorado2025.czi,Ran_ado,495.59,13844.0,11486.0,28,29,95.94,0.956,20251031_081_pol_pro_Ran_ado_2025_19_Colorado2025_x013312_y011264
Unknown_Sample,20251031_081_pol_pro_Ran_ado_2025_19_Colorado2025.czi,Ran_ado,577.55,13964.0,11724.0,30,32,104.18,0.963,20251031_081_pol_pro_Ran_ado_2025_19_Colorado2025_x013824_y011264
Unknown_Sample,20251031_081_pol_pro_Ran_ado_2025_19_Colorado2025.czi,Ran_ado,556.77,13884.0,11815.0,31,29,101.36,0.961,20251031_081_pol_pro_Ran_ado_2025_19_Colorado2025_x013824_y011264
Unknown_Sample,20251031_081_pol_pro_Ran_ado_2025_19_Colorado2025.czi,Ran_ado,558.7,14384.0,11626.0,32,29,101.6,0.961,20251031_081_pol_pro_Ran_ado_2025_19_Colorado2025_x013824_y011264
Unknown_Sample,20251031_081_pol_pro_Ran_ado_2025_19_Colorado2025.czi,Ran_ado,584.09,13998.0,11344.0,30,32,103.6,0.96,20251031_081_pol_pro_Ran_ado_2025_19_Colorado2025_x013824_y011264
Unknown_Sample,20251031_081_pol_pro_Ran_ado_2025_19_Colorado2025.czi,Ran_ado,551.0,13858.0,11860.0,32,28,100.77,0.957,20251031_081_pol_pro_Ran_ado_2025_19_Colorado2025_x013824_y011264
Unknown_Sample,20251031_081_pol_pro_Ran_ado_2025_19_Colorado2025.czi,Ran_ado,551.77,14411.0,11360.0,30,32,102.43,0.956,20251031_081_pol_pro_Ran_ado_2025_19_Colorado2025_x013824_y011264
Unknown_Sample,20251031_081_pol_pro_Ran_ado_2025_19_Colorado2025.czi,Ran_ado,496.36,13844.0,11486.0,28,29,95.94,0.952,20251031_081_pol_pro_Ran_ado_2025_19_Colorado2025_x013824_y011264
Unknown_Sample,20251031_081_pol_pro_Ran_ado_2025_19_Colorado2025.czi,Ran_ado,599.48,14695.0,11352.0,32,31,104.43,0.962,20251031_081_pol_pro_Ran_ado_2025_19_Colorado2025_x014336_y011264
Unknown_Sample,20251031_081_pol_pro_Ran_ado_2025_19_Colorado2025.czi,Ran_ado,558.7,14384.0,11626.0,32,29,101.6,0.961,20251031_081_pol_pro_Ran_ado_2025_19_Colorado2025_x014336_y011264
Unknown_Sample,20251031_081_pol_pro_Ran_ado_2025_19_Colorado2025.czi,Ran_ado,516.76,14482.0,11399.0,29,30,97.01,0.961,20251031_081_pol_pro_Ran_ado_2025_19_Colorado2025_x014336_y011264
Unknown_Sample,20251031_081_pol_pro_Ran_ado_2025_19_Colorado2025.czi,Ran_ado,553.31,14411.0,11360.0,30,32,102.43,0.956,20251031_081_pol_pro_Ran_ado_2025_19_Colorado2025_x014336_y011264
Unknown_Sample,20251031_081_pol_pro_Ran_ado_2025_19_Colorado2025.czi,Ran_ado,278.96,14711.0,11867.0,24,20,74.04,0.946,20251031_081_pol_pro_Ran_ado_2025_19_Colorado2025_x014336_y011264
Unknown_Sample,20251031_081_pol_pro_Ran_ado_2025_19_Colorado2025.czi,Ran_ado,650.66,15446.0,11383.0,31,35,111.01,0.963,20251031_081_pol_pro_Ran_ado_2025_19_Colorado2025_x014848_y011264
Unknown_Sample,20251031_081_pol_pro_Ran_ado_2025_19_Colorado2025.czi,Ran_ado,539.46,15376.0,11642.0,29,30,98.77,0.96,20251031_081_pol_pro_Ran_ado_2025_19_Colorado2025_x014848_y011264
Unknown_Sample,20251031_081_pol_pro_Ran_ado_2025_19_Colorado2025.czi,Ran_ado,539.46,15425.0,11462.0,30,30,99.6,0.96,20251031_081_pol_pro_Ran_ado_2025_19_Colorado2025_x014848_y011264
Unknown_Sample,20251031_081_pol_pro_Ran_ado_2025_19_Colorado2025.czi,Ran_ado,510.6,15367.0,11405.0,31,27,96.18,0.959,20251031_081_pol_pro_Ran_ado_2025_19_Colorado2025_x014848_y011264
Unknown_Sample,20251031_081_pol_pro_Ran_ado_2025_19_Colorado2025.czi,Ran_ado,534.45,14981.0,11694.0,30,30,100.18,0.957,20251031_081_pol_pro_Ran_ado_2025_19_Colorado2025_x014848_y011264
Unknown_Sample,20251031_081_pol_pro_Ran_ado_2025_19_Colorado2025.czi,Ran_ado,650.66,15446.0,11383.0,31,35,111.01,0.963,20251031_081_pol_pro_Ran_ado_2025_19_Colorado2025_x015360_y011264
Unknown_Sample,20251031_081_pol_pro_Ran_ado_2025_19_Colorado2025.czi,Ran_ado,394.01,15371.0,11405.0,23,27,87.8,0.962,20251031_081_pol_pro_Ran_ado_2025_19_Colorado2025_x015360_y011264
Unknown_Sample,20251031_081_pol_pro_Ran_ado_2025_19_Colorado2025.czi,Ran_ado,510.21,15810.0,11412.0,26,31,95.94,0.962,20251031_081_pol_pro_Ran_ado_2025_19_Colorado2025_x015360_y011264
Unknown_Sample,20251031_081_pol_pro_Ran_ado_2025_19_Colorado2025.czi,Ran_ado,540.23,15425.0,11462.0,30,30,99.6,0.96,20251031_081_pol_pro_Ran_ado_2025_19_Colorado2025_x015360_y011264
Unknown_Sample,20251031_081_pol_pro_Ran_ado_2025_19_Colorado2025.czi,Ran_ado,539.46,15376.0,11642.0,29,30,98.77,0.958,20251031_081_pol_pro_Ran_ado_2025_19_Colorado2025_x015360_y011264
Unknown_Sample,20251031_081_pol_pro_Ran_ado_2025_19_Colorado2025.czi,Ran_ado,527.91,15656.0,11613.0,31,28,98.77,0.957,20251031_081_pol_pro_Ran_ado_2025_19_Colorado2025_x015360_y011264
Unknown_Sample,20251031_081_pol_pro_Ran_ado_2025_19_Colorado2025.czi,Ran_ado,1003.88,15585.0,11710.0,42,41,136.81,0.956,20251031_081_pol_pro_Ran_ado_2025_19_Colorado2025_x015360_y011264
Unknown_Sample,20251031_081_pol_pro_Ran_ado_2025_19_Colorado2025.czi,Ran_ado,582.17,16284.0,11731.0,33,30,103.84,0.964,20251031_081_pol_pro_Ran_ado_2025_19_Colorado2025_x015872_y011264
Unknown_Sample,20251031_081_pol_pro_Ran_ado_2025_19_Colorado2025.czi,Ran_ado,584.09,16423.0,11664.0,31,31,102.43,0.958,20251031_081_pol_pro_Ran_ado_2025_19_Colorado2025_x015872_y011264
Unknown_Sample,20251031_081_pol_pro_Ran_ado_2025_19_Colorado2025.czi,Ran_ado,585.63,16423.0,11664.0,31,31,102.43,0.958,20251031_081_pol_pro_Ran_ado_2025_19_Colorado2025_x016384_y011264
Unknown_Sample,20251031_081_pol_pro_Ran_ado_2025_19_Colorado2025.czi,Ran_ado,600.64,16819.0,11733.0,34,29,106.18,0.954,20251031_081_pol_pro_Ran_ado_2025_19_Colorado2025_x016384_y011264
Unknown_Sample,20251031_081_pol_pro_Ran_ado_2025_19_Colorado2025.czi,Ran_ado,627.19,16825.0,11690.0,36,29,108.43,0.953,20251031_081_pol_pro_Ran_ado_2025_19_Colorado2025_x016384_y011264
Unknown_Sample,20251031_081_pol_pro_Ran_ado_2025_19_Colorado2025.czi,Ran_ado,581.4,16792.0,11471.0,32,30,103.01,0.95,20251031_081_pol_pro_Ran_ado_2025_19_Colorado2025_x016384_y011264
Unknown_Sample,20251031_081_pol_pro_Ran_ado_2025_19_Colorado2025.czi,Ran_ado,577.93,17191.0,11713.0,31,31,103.6,0.942,20251031_081_pol_pro_Ran_ado_2025_19_Colorado2025_x016896_y011264
Unknown_Sample,20251031_081_pol_pro_Ran_ado_2025_19_Colorado2025.czi,Ran_ado,514.83,17419.0,11750.0,31,27,96.77,0.883,20251031_081_pol_pro_Ran_ado_2025_19_Colorado2025_x016896_y011264
Unknown_Sample,20251031_081_pol_pro_Ran_ado_2025_19_Colorado2025.czi,Ran_ado,221.25,17413.0,11800.0,20,19,65.21,0.729,20251031_081_pol_pro_Ran_ado_2025_19_Colorado2025_x016896_y011264
Unknown_Sample,20251031_081_pol_pro_Ran_ado_2025_19_Colorado2025.czi,Ran_ado,428.26,17421.0,11750.0,27,26,90.87,0.888,20251031_081_pol_pro_Ran_ado_2025_19_Colorado2025_x017408_y011264
Unknown_Sample,20251031_081_pol_pro_Ran_ado_2025_19_Colorado2025.czi,Ran_ado,158.91,17415.0,11800.0,15,18,55.56,0.754,20251031_081_pol_pro_Ran_ado_2025_19_Colorado2025_x017408_y011264
Unknown_Sample,20251031_081_pol_pro_Ran_ado_2025_19_Colorado2025.czi,Ran_ado,564.08,3077.0,11953.0,29,32,101.6,0.924,20251031_081_pol_pro_Ran_ado_2025_19_Colorado2025_x002560_y011776
Unknown_Sample,20251031_081_pol_pro_Ran_ado_2025_19_Colorado2025.czi,Ran_ado,670.28,2784.0,12159.0,34,33,111.25,0.913,20251031_081_pol_pro_Ran_ado_2025_19_Colorado2025_x002560_y011776
Unknown_Sample,20251031_081_pol_pro_Ran_ado_2025_19_Colorado2025.czi,Ran_ado,415.94,3102.0,11923.0,27,24,88.04,0.894,20251031_081_pol_pro_Ran_ado_2025_19_Colorado2025_x002560_y011776
Unknown_Sample,20251031_081_pol_pro_Ran_ado_2025_19_Colorado2025.czi,Ran_ado,592.94,3218.0,12340.0,33,30,103.84,0.962,20251031_081_pol_pro_Ran_ado_2025_19_Colorado2025_x003072_y011776
Unknown_Sample,20251031_081_pol_pro_Ran_ado_2025_19_Colorado2025.czi,Ran_ado,482.51,3254.0,12380.0,26,30,93.94,0.956,20251031_081_pol_pro_Ran_ado_2025_19_Colorado2025_x003072_y011776
Unknown_Sample,20251031_081_pol_pro_Ran_ado_2025_19_Colorado2025.czi,Ran_ado,346.3,3081.0,11953.0,19,29,83.8,0.956,20251031_081_pol_pro_Ran_ado_2025_19_Colorado2025_x003072_y011776
Unknown_Sample,20251031_081_pol_pro_Ran_ado_2025_19_Colorado2025.czi,Ran_ado,453.27,3680.0,11980.0,28,27,91.94,0.952,20251031_081_pol_pro_Ran_ado_2025_19_Colorado2025_x003072_y011776
Unknown_Sample,20251031_081_pol_pro_Ran_ado_2025_19_Colorado2025.czi,Ran_ado,392.86,3598.0,12041.0,25,26,85.7,0.951,20251031_081_pol_pro_Ran_ado_2025_19_Colorado2025_x003072_y011776
Unknown_Sample,20251031_081_pol_pro_Ran_ado_2025_19_Colorado2025.czi,Ran_ado,568.7,3295.0,11847.0,33,29,102.43,0.923,20251031_081_pol_pro_Ran_ado_2025_19_Colorado2025_x003072_y011776
Unknown_Sample,20251031_081_pol_pro_Ran_ado_2025_19_Colorado2025.czi,Ran_ado,365.54,3102.0,11923.0,26,22,83.8,0.915,20251031_081_pol_pro_Ran_ado_2025_19_Colorado2025_x003072_y011776
Unknown_Sample,20251031_081_pol_pro_Ran_ado_2025_19_Colorado2025.czi,Ran_ado,562.54,3779.0,11837.0,27,34,102.77,0.96,20251031_081_pol_pro_Ran_ado_2025_19_Colorado2025_x003584_y011776
Unknown_Sample,20251031_081_pol_pro_Ran_ado_2025_19_Colorado2025.czi,Ran_ado,550.62,4132.0,11791.0,30,30,101.36,0.958,20251031_081_pol_pro_Ran_ado_2025_19_Colorado2025_x003584_y011776
Unknown_Sample,20251031_081_pol_pro_Ran_ado_2025_19_Colorado2025.czi,Ran_ado,449.8,3680.0,11980.0,28,27,91.36,0.953,20251031_081_pol_pro_Ran_ado_2025_19_Colorado2025_x003584_y011776
Unknown_Sample,20251031_081_pol_pro_Ran_ado_2025_19_Colorado2025.czi,Ran_ado,391.7,3598.0,12041.0,25,26,85.11,0.951,20251031_081_pol_pro_Ran_ado_2025_19_Colorado2025_x003584_y011776
Unknown_Sample,20251031_081_pol_pro_Ran_ado_2025_19_Colorado2025.czi,Ran_ado,534.07,4450.0,12205.0,28,32,99.6,0.958,20251031_081_pol_pro_Ran_ado_2025_19_Colorado2025_x004096_y011776
Unknown_Sample,20251031_081_pol_pro_Ran_ado_2025_19_Colorado2025.czi,Ran_ado,551.39,4132.0,11791.0,30,30,101.36,0.958,20251031_081_pol_pro_Ran_ado_2025_19_Colorado2025_x004096_y011776
Unknown_Sample,20251031_081_pol_pro_Ran_ado_2025_19_Colorado2025.czi,Ran_ado,186.62,4730.0,11991.0,11,30,71.56,0.873,20251031_081_pol_pro_Ran_ado_2025_19_Colorado2025_x004096_y011776
Unknown_Sample,20251031_081_pol_pro_Ran_ado_2025_19_Colorado2025.czi,Ran_ado,592.94,4953.0,12200.0,33,29,104.18,0.961,20251031_081_pol_pro_Ran_ado_2025_19_Colorado2025_x004608_y011776
Unknown_Sample,20251031_081_pol_pro_Ran_ado_2025_19_Colorado2025.czi,Ran_ado,544.07,4738.0,11990.0,30,30,99.6,0.961,20251031_081_pol_pro_Ran_ado_2025_19_Colorado2025_x004608_y011776
Unknown_Sample,20251031_081_pol_pro_Ran_ado_2025_19_Colorado2025.czi,Ran_ado,491.36,5098.0,12300.0,28,29,94.18,0.96,20251031_081_pol_pro_Ran_ado_2025_19_Colorado2025_x004608_y011776
Unknown_Sample,20251031_081_pol_pro_Ran_ado_2025_19_Colorado2025.czi,Ran_ado,626.03,4970.0,11939.0,32,34,108.67,0.956,20251031_081_pol_pro_Ran_ado_2025_19_Colorado2025_x004608_y011776
Unknown_Sample,20251031_081_pol_pro_Ran_ado_2025_19_Colorado2025.czi,Ran_ado,94.27,4774.0,12176.0,14,12,42.73,0.644,20251031_081_pol_pro_Ran_ado_2025_19_Colorado2025_x004608_y011776
Unknown_Sample,20251031_081_pol_pro_Ran_ado_2025_19_Colorado2025.czi,Ran_ado,549.46,5307.0,12265.0,30,31,100.43,0.961,20251031_081_pol_pro_Ran_ado_2025_19_Colorado2025_x005120_y011776
Unknown_Sample,20251031_081_pol_pro_Ran_ado_2025_19_Colorado2025.czi,Ran_ado,594.48,5709.0,11920.0,33,28,104.53,0.959,20251031_081_pol_pro_Ran_ado_2025_19_Colorado2025_x005120_y011776
Unknown_Sample,20251031_081_pol_pro_Ran_ado_2025_19_Colorado2025.czi,Ran_ado,448.26,5509.0,12308.0,28,26,91.7,0.956,20251031_081_pol_pro_Ran_ado_2025_19_Colorado2025_x005120_y011776
Unknown_Sample,20251031_081_pol_pro_Ran_ado_2025_19_Colorado2025.czi,Ran_ado,552.54,5585.0,12051.0,32,30,100.08,0.954,20251031_081_pol_pro_Ran_ado_2025_19_Colorado2025_x005120_y011776
Unknown_Sample,20251031_081_pol_pro_Ran_ado_2025_19_Colorado2025.czi,Ran_ado,533.69,5609.0,12251.0,32,28,100.18,0.951,20251031_081_pol_pro_Ran_ado_2025_19_Colorado2025_x005120_y011776
Unknown_Sample,20251031_081_pol_pro_Ran_ado_2025_19_Colorado2025.czi,Ran_ado,320.52,5443.0,12253.0,24,22,79.21,0.946,20251031_081_pol_pro_Ran_ado_2025_19_Colorado2025_x005120_y011776
Unknown_Sample,20251031_081_pol_pro_Ran_ado_2025_19_Colorado2025.czi,Ran_ado,559.47,5810.0,11896.0,32,29,102.77,0.961,20251031_081_pol_pro_Ran_ado_2025_19_Colorado2025_x005632_y011776
Unknown_Sample,20251031_081_pol_pro_Ran_ado_2025_19_Colorado2025.czi,Ran_ado,569.47,5855.0,11790.0,32,30,103.6,0.96,20251031_081_pol_pro_Ran_ado_2025_19_Colorado2025_x005632_y011776
Unknown_Sample,20251031_081_pol_pro_Ran_ado_2025_19_Colorado2025.czi,Ran_ado,594.48,5709.0,11920.0,33,28,104.53,0.959,20251031_081_pol_pro_Ran_ado_2025_19_Colorado2025_x005632_y011776
Unknown_Sample,20251031_081_pol_pro_Ran_ado_2025_19_Colorado2025.czi,Ran_ado,611.03,5861.0,12122.0,28,36,106.43,0.957,20251031_081_pol_pro_Ran_ado_2025_19_Colorado2025_x005632_y011776
Unknown_Sample,20251031_081_pol_pro_Ran_ado_2025_19_Colorado2025.czi,Ran_ado,506.75,6232.0,12033.0,29,28,97.7,0.957,20251031_081_pol_pro_Ran_ado_2025_19_Colorado2025_x005632_y011776
Unknown_Sample,20251031_081_pol_pro_Ran_ado_2025_19_Colorado2025.czi,Ran_ado,511.75,6382.0,11825.0,29,30,98.77,0.961,20251031_081_pol_pro_Ran_ado_2025_19_Colorado2025_x006144_y011776
Unknown_Sample,20251031_081_pol_pro_Ran_ado_2025_19_Colorado2025.czi,Ran_ado,553.69,6464.0,11949.0,32,28,101.36,0.959,20251031_081_pol_pro_Ran_ado_2025_19_Colorado2025_x006144_y011776
Unknown_Sample,20251031_081_pol_pro_Ran_ado_2025_19_Colorado2025.czi,Ran_ado,506.75,6232.0,12033.0,29,28,97.7,0.956,20251031_081_pol_pro_Ran_ado_2025_19_Colorado2025_x006144_y011776
Unknown_Sample,20251031_081_pol_pro_Ran_ado_2025_19_Colorado2025.czi,Ran_ado,596.79,6769.0,12138.0,28,34,105.36,0.953,20251031_081_pol_pro_Ran_ado_2025_19_Colorado2025_x006144_y011776
Unknown_Sample,20251031_081_pol_pro_Ran_ado_2025_19_Colorado2025.czi,Ran_ado,649.5,6768.0,12246.0,30,34,109.94,0.95,20251031_081_pol_pro_Ran_ado_2025_19_Colorado2025_x006144_y011776
Unknown_Sample,20251031_081_pol_pro_Ran_ado_2025_19_Colorado2025.czi,Ran_ado,594.1,6769.0,12138.0,28,34,104.77,0.962,20251031_081_pol_pro_Ran_ado_2025_19_Colorado2025_x006656_y011776
Unknown_Sample,20251031_081_pol_pro_Ran_ado_2025_19_Colorado2025.czi,Ran_ado,620.64,6959.0,12063.0,35,30,109.01,0.961,20251031_081_pol_pro_Ran_ado_2025_19_Colorado2025_x006656_y011776
Unknown_Sample,20251031_081_pol_pro_Ran_ado_2025_19_Colorado2025.czi,Ran_ado,678.75,6768.0,12246.0,33,34,111.25,0.96,20251031_081_pol_pro_Ran_ado_2025_19_Colorado2025_x006656_y011776
Unknown_Sample,20251031_081_pol_pro_Ran_ado_2025_19_Colorado2025.czi,Ran_ado,503.67,6971.0,12346.0,28,30,96.18,0.959,20251031_081_pol_pro_Ran_ado_2025_19_Colorado2025_x006656_y011776
Unknown_Sample,20251031_081_pol_pro_Ran_ado_2025_19_Colorado2025.czi,Ran_ado,545.23,7196.0,11901.0,32,28,100.18,0.956,20251031_081_pol_pro_Ran_ado_2025_19_Colorado2025_x006656_y011776
Unknown_Sample,20251031_081_pol_pro_Ran_ado_2025_19_Colorado2025.czi,Ran_ado,545.61,7508.0,12186.0,29,30,101.11,0.96,20251031_081_pol_pro_Ran_ado_2025_19_Colorado2025_x007168_y011776
Unknown_Sample,20251031_081_pol_pro_Ran_ado_2025_19_Colorado2025.czi,Ran_ado,549.46,7481.0,11931.0,29,31,100.77,0.96,20251031_081_pol_pro_Ran_ado_2025_19_Colorado2025_x007168_y011776
Unknown_Sample,20251031_081_pol_pro_Ran_ado_2025_19_Colorado2025.czi,Ran_ado,545.23,7196.0,11901.0,32,28,100.18,0.955,20251031_081_pol_pro_Ran_ado_2025_19_Colorado2025_x007168_y011776
Unknown_Sample,20251031_081_pol_pro_Ran_ado_2025_19_Colorado2025.czi,Ran_ado,584.09,7965.0,11916.0,31,30,103.94,0.96,20251031_081_pol_pro_Ran_ado_2025_19_Colorado2025_x007680_y011776
Unknown_Sample,20251031_081_pol_pro_Ran_ado_2025_19_Colorado2025.czi,Ran_ado,604.48,8137.0,11848.0,33,32,106.67,0.957,20251031_081_pol_pro_Ran_ado_2025_19_Colorado2025_x007680_y011776
Unknown_Sample,20251031_081_pol_pro_Ran_ado_2025_19_Colorado2025.czi,Ran_ado,582.94,8504.0,12275.0,30,32,103.01,0.961,20251031_081_pol_pro_Ran_ado_2025_19_Colorado2025_x008192_y011776
Unknown_Sample,20251031_081_pol_pro_Ran_ado_2025_19_Colorado2025.czi,Ran_ado,468.66,8346.0,12307.0,29,27,92.77,0.959,20251031_081_pol_pro_Ran_ado_2025_19_Colorado2025_x008192_y011776
Unknown_Sample,20251031_081_pol_pro_Ran_ado_2025_19_Colorado2025.czi,Ran_ado,475.58,8427.0,12006.0,29,27,92.77,0.958,20251031_081_pol_pro_Ran_ado_2025_19_Colorado2025_x008192_y011776
Unknown_Sample,20251031_081_pol_pro_Ran_ado_2025_19_Colorado2025.czi,Ran_ado,514.06,8545.0,12174.0,32,28,98.43,0.956,20251031_081_pol_pro_Ran_ado_2025_19_Colorado2025_x008192_y011776
Unknown_Sample,20251031_081_pol_pro_Ran_ado_2025_19_Colorado2025.czi,Ran_ado,579.09,9104.0,12191.0,29,33,104.18,0.961,20251031_081_pol_pro_Ran_ado_2025_19_Colorado2025_x008704_y011776
Unknown_Sample,20251031_081_pol_pro_Ran_ado_2025_19_Colorado2025.czi,Ran_ado,564.85,9031.0,12193.0,32,30,103.6,0.96,20251031_081_pol_pro_Ran_ado_2025_19_Colorado2025_x008704_y011776
Unknown_Sample,20251031_081_pol_pro_Ran_ado_2025_19_Colorado2025.czi,Ran_ado,517.14,9153.0,12257.0,31,27,97.94,0.959,20251031_081_pol_pro_Ran_ado_2025_19_Colorado2025_x008704_y011776
Unknown_Sample,20251031_081_pol_pro_Ran_ado_2025_19_Colorado2025.czi,Ran_ado,571.39,9486.0,12022.0,29,32,102.18,0.959,20251031_081_pol_pro_Ran_ado_2025_19_Colorado2025_x009216_y011776
Unknown_Sample,20251031_081_pol_pro_Ran_ado_2025_19_Colorado2025.czi,Ran_ado,497.13,9518.0,12265.0,29,28,95.94,0.959,20251031_081_pol_pro_Ran_ado_2025_19_Colorado2025_x009216_y011776
Unknown_Sample,20251031_081_pol_pro_Ran_ado_2025_19_Colorado2025.czi,Ran_ado,533.3,9600.0,12091.0,29,31,99.6,0.958,20251031_081_pol_pro_Ran_ado_2025_19_Colorado2025_x009216_y011776
Unknown_Sample,20251031_081_pol_pro_Ran_ado_2025_19_Colorado2025.czi,Ran_ado,582.17,9607.0,11863.0,32,30,104.18,0.957,20251031_081_pol_pro_Ran_ado_2025_19_Colorado2025_x009216_y011776
Unknown_Sample,20251031_081_pol_pro_Ran_ado_2025_19_Colorado2025.czi,Ran_ado,539.07,10294.0,12254.0,31,30,101.01,0.958,20251031_081_pol_pro_Ran_ado_2025_19_Colorado2025_x009728_y011776
Unknown_Sample,20251031_081_pol_pro_Ran_ado_2025_19_Colorado2025.czi,Ran_ado,450.19,10265.0,12396.0,27,28,90.77,0.956,20251031_081_pol_pro_Ran_ado_2025_19_Colorado2025_x009728_y011776
Unknown_Sample,20251031_081_pol_pro_Ran_ado_2025_19_Colorado2025.czi,Ran_ado,195.08,10015.0,12409.0,26,13,67.56,0.889,20251031_081_pol_pro_Ran_ado_2025_19_Colorado2025_x009728_y011776
Unknown_Sample,20251031_081_pol_pro_Ran_ado_2025_19_Colorado2025.czi,Ran_ado,554.08,10633.0,11865.0,31,30,101.6,0.962,20251031_081_pol_pro_Ran_ado_2025_19_Colorado2025_x010240_y011776
Unknown_Sample,20251031_081_pol_pro_Ran_ado_2025_19_Colorado2025.czi,Ran_ado,617.18,10626.0,12326.0,32,32,105.25,0.961,20251031_081_pol_pro_Ran_ado_2025_19_Colorado2025_x010240_y011776
Unknown_Sample,20251031_081_pol_pro_Ran_ado_2025_19_Colorado2025.czi,Ran_ado,622.57,10643.0,12271.0,32,33,107.25,0.96,20251031_081_pol_pro_Ran_ado_2025_19_Colorado2025_x010240_y011776
Unknown_Sample,20251031_081_pol_pro_Ran_ado_2025_19_Colorado2025.czi,Ran_ado,591.02,10409.0,11959.0,33,30,104.43,0.96,20251031_081_pol_pro_Ran_ado_2025_19_Colorado2025_x010240_y011776
Unknown_Sample,20251031_081_pol_pro_Ran_ado_2025_19_Colorado2025.czi,Ran_ado,491.74,10567.0,12134.0,29,28,94.77,0.959,20251031_081_pol_pro_Ran_ado_2025_19_Colorado2025_x010240_y011776
Unknown_Sample,20251031_081_pol_pro_Ran_ado_2025_19_Colorado2025.czi,Ran_ado,539.84,10294.0,12254.0,31,30,101.01,0.958,20251031_081_pol_pro_Ran_ado_2025_19_Colorado2025_x010240_y011776
Unknown_Sample,20251031_081_pol_pro_Ran_ado_2025_19_Colorado2025.czi,Ran_ado,450.19,10265.0,12396.0,27,28,90.77,0.956,20251031_081_pol_pro_Ran_ado_2025_19_Colorado2025_x010240_y011776
Unknown_Sample,20251031_081_pol_pro_Ran_ado_2025_19_Colorado2025.czi,Ran_ado,575.63,11052.0,11871.0,31,30,102.77,0.963,20251031_081_pol_pro_Ran_ado_2025_19_Colorado2025_x010752_y011776
Unknown_Sample,20251031_081_pol_pro_Ran_ado_2025_19_Colorado2025.czi,Ran_ado,563.31,10955.0,12166.0,31,30,101.6,0.963,20251031_081_pol_pro_Ran_ado_2025_19_Colorado2025_x010752_y011776
Unknown_Sample,20251031_081_pol_pro_Ran_ado_2025_19_Colorado2025.czi,Ran_ado,567.93,10922.0,12062.0,29,33,103.6,0.962,20251031_081_pol_pro_Ran_ado_2025_19_Colorado2025_x010752_y011776
Unknown_Sample,20251031_081_pol_pro_Ran_ado_2025_19_Colorado2025.czi,Ran_ado,519.83,11224.0,12149.0,29,29,98.53,0.961,20251031_081_pol_pro_Ran_ado_2025_19_Colorado2025_x010752_y011776
Unknown_Sample,20251031_081_pol_pro_Ran_ado_2025_19_Colorado2025.czi,Ran_ado,548.69,11334.0,12389.0,32,28,100.77,0.959,20251031_081_pol_pro_Ran_ado_2025_19_Colorado2025_x010752_y011776
Unknown_Sample,20251031_081_pol_pro_Ran_ado_2025_19_Colorado2025.czi,Ran_ado,577.93,11279.0,12221.0,30,32,103.6,0.958,20251031_081_pol_pro_Ran_ado_2025_19_Colorado2025_x010752_y011776
Unknown_Sample,20251031_081_pol_pro_Ran_ado_2025_19_Colorado2025.czi,Ran_ado,512.52,11373.0,12364.0,29,28,98.28,0.955,20251031_081_pol_pro_Ran_ado_2025_19_Colorado2025_x010752_y011776
Unknown_Sample,20251031_081_pol_pro_Ran_ado_2025_19_Colorado2025.czi,Ran_ado,596.79,11764.0,11860.0,32,32,104.67,0.964,20251031_081_pol_pro_Ran_ado_2025_19_Colorado2025_x011264_y011776
Unknown_Sample,20251031_081_pol_pro_Ran_ado_2025_19_Colorado2025.czi,Ran_ado,545.23,11667.0,12117.0,29,31,100.18,0.961,20251031_081_pol_pro_Ran_ado_2025_19_Colorado2025_x011264_y011776
Unknown_Sample,20251031_081_pol_pro_Ran_ado_2025_19_Colorado2025.czi,Ran_ado,512.52,11373.0,12364.0,30,28,99.11,0.961,20251031_081_pol_pro_Ran_ado_2025_19_Colorado2025_x011264_y011776
Unknown_Sample,20251031_081_pol_pro_Ran_ado_2025_19_Colorado2025.czi,Ran_ado,565.24,11623.0,12289.0,32,29,103.36,0.959,20251031_081_pol_pro_Ran_ado_2025_19_Colorado2025_x011264_y011776
Unknown_Sample,20251031_081_pol_pro_Ran_ado_2025_19_Colorado2025.czi,Ran_ado,548.69,11334.0,12389.0,32,28,100.77,0.959,20251031_081_pol_pro_Ran_ado_2025_19_Colorado2025_x011264_y011776
Unknown_Sample,20251031_081_pol_pro_Ran_ado_2025_19_Colorado2025.czi,Ran_ado,569.08,11279.0,12221.0,29,32,103.36,0.956,20251031_081_pol_pro_Ran_ado_2025_19_Colorado2025_x011264_y011776
Unknown_Sample,20251031_081_pol_pro_Ran_ado_2025_19_Colorado2025.czi,Ran_ado,460.96,11891.0,11849.0,24,29,94.97,0.946,20251031_081_pol_pro_Ran_ado_2025_19_Colorado2025_x011264_y011776
Unknown_Sample,20251031_081_pol_pro_Ran_ado_2025_19_Colorado2025.czi,Ran_ado,536.38,11893.0,11849.0,30,29,99.94,0.963,20251031_081_pol_pro_Ran_ado_2025_19_Colorado2025_x011776_y011776
Unknown_Sample,20251031_081_pol_pro_Ran_ado_2025_19_Colorado2025.czi,Ran_ado,650.27,12003.0,12265.0,33,32,108.43,0.962,20251031_081_pol_pro_Ran_ado_2025_19_Colorado2025_x011776_y011776
Unknown_Sample,20251031_081_pol_pro_Ran_ado_2025_19_Colorado2025.czi,Ran_ado,520.22,12058.0,12052.0,30,28,97.94,0.96,20251031_081_pol_pro_Ran_ado_2025_19_Colorado2025_x011776_y011776
Unknown_Sample,20251031_081_pol_pro_Ran_ado_2025_19_Colorado2025.czi,Ran_ado,548.31,12467.0,12346.0,31,29,101.36,0.962,20251031_081_pol_pro_Ran_ado_2025_19_Colorado2025_x012288_y011776
Unknown_Sample,20251031_081_pol_pro_Ran_ado_2025_19_Colorado2025.czi,Ran_ado,534.45,12621.0,12174.0,29,30,98.18,0.961,20251031_081_pol_pro_Ran_ado_2025_19_Colorado2025_x012288_y011776
Unknown_Sample,20251031_081_pol_pro_Ran_ado_2025_19_Colorado2025.czi,Ran_ado,557.16,12726.0,11980.0,31,30,101.6,0.96,20251031_081_pol_pro_Ran_ado_2025_19_Colorado2025_x012288_y011776
Unknown_Sample,20251031_081_pol_pro_Ran_ado_2025_19_Colorado2025.czi,Ran_ado,554.46,12714.0,12121.0,32,29,101.01,0.957,20251031_081_pol_pro_Ran_ado_2025_19_Colorado2025_x012288_y011776
Unknown_Sample,20251031_081_pol_pro_Ran_ado_2025_19_Colorado2025.czi,Ran_ado,231.64,12503.0,11782.0,33,14,79.46,0.94,20251031_081_pol_pro_Ran_ado_2025_19_Colorado2025_x012288_y011776
Unknown_Sample,20251031_081_pol_pro_Ran_ado_2025_19_Colorado2025.czi,Ran_ado,602.56,13412.0,11817.0,33,31,106.43,0.963,20251031_081_pol_pro_Ran_ado_2025_19_Colorado2025_x012800_y011776
Unknown_Sample,20251031_081_pol_pro_Ran_ado_2025_19_Colorado2025.czi,Ran_ado,533.3,13029.0,11872.0,29,29,99.11,0.96,20251031_081_pol_pro_Ran_ado_2025_19_Colorado2025_x012800_y011776
Unknown_Sample,20251031_081_pol_pro_Ran_ado_2025_19_Colorado2025.czi,Ran_ado,614.87,13395.0,11921.0,34,31,107.25,0.96,20251031_081_pol_pro_Ran_ado_2025_19_Colorado2025_x012800_y011776
Unknown_Sample,20251031_081_pol_pro_Ran_ado_2025_19_Colorado2025.czi,Ran_ado,633.73,13253.0,12209.0,35,31,107.5,0.96,20251031_081_pol_pro_Ran_ado_2025_19_Colorado2025_x012800_y011776
Unknown_Sample,20251031_081_pol_pro_Ran_ado_2025_19_Colorado2025.czi,Ran_ado,555.23,13417.0,12344.0,30,29,100.53,0.96,20251031_081_pol_pro_Ran_ado_2025_19_Colorado2025_x012800_y011776
Unknown_Sample,20251031_081_pol_pro_Ran_ado_2025_19_Colorado2025.czi,Ran_ado,553.31,13055.0,12133.0,32,28,100.77,0.96,20251031_081_pol_pro_Ran_ado_2025_19_Colorado2025_x012800_y011776
Unknown_Sample,20251031_081_pol_pro_Ran_ado_2025_19_Colorado2025.czi,Ran_ado,568.32,13119.0,12280.0,30,31,101.01,0.959,20251031_081_pol_pro_Ran_ado_2025_19_Colorado2025_x012800_y011776
Unknown_Sample,20251031_081_pol_pro_Ran_ado_2025_19_Colorado2025.czi,Ran_ado,572.93,13336.0,12120.0,31,30,102.18,0.959,20251031_081_pol_pro_Ran_ado_2025_19_Colorado2025_x012800_y011776
Unknown_Sample,20251031_081_pol_pro_Ran_ado_2025_19_Colorado2025.czi,Ran_ado,297.43,13432.0,12290.0,15,31,82.73,0.905,20251031_081_pol_pro_Ran_ado_2025_19_Colorado2025_x012800_y011776
Unknown_Sample,20251031_081_pol_pro_Ran_ado_2025_19_Colorado2025.czi,Ran_ado,569.85,13572.0,12108.0,31,30,102.18,0.965,20251031_081_pol_pro_Ran_ado_2025_19_Colorado2025_x013312_y011776
Unknown_Sample,20251031_081_pol_pro_Ran_ado_2025_19_Colorado2025.czi,Ran_ado,489.44,13586.0,12363.0,27,29,93.94,0.963,20251031_081_pol_pro_Ran_ado_2025_19_Colorado2025_x013312_y011776
Unknown_Sample,20251031_081_pol_pro_Ran_ado_2025_19_Colorado2025.czi,Ran_ado,602.18,13412.0,11817.0,33,31,105.84,0.963,20251031_081_pol_pro_Ran_ado_2025_19_Colorado2025_x013312_y011776
Unknown_Sample,20251031_081_pol_pro_Ran_ado_2025_19_Colorado2025.czi,Ran_ado,556.77,13884.0,11815.0,31,29,101.36,0.962,20251031_081_pol_pro_Ran_ado_2025_19_Colorado2025_x013312_y011776
Unknown_Sample,20251031_081_pol_pro_Ran_ado_2025_19_Colorado2025.czi,Ran_ado,699.52,13582.0,12243.0,31,38,114.08,0.962,20251031_081_pol_pro_Ran_ado_2025_19_Colorado2025_x013312_y011776
Unknown_Sample,20251031_081_pol_pro_Ran_ado_2025_19_Colorado2025.czi,Ran_ado,492.51,13436.0,12290.0,26,31,94.77,0.961,20251031_081_pol_pro_Ran_ado_2025_19_Colorado2025_x013312_y011776
Unknown_Sample,20251031_081_pol_pro_Ran_ado_2025_19_Colorado2025.czi,Ran_ado,554.46,13417.0,12344.0,30,29,100.53,0.96,20251031_081_pol_pro_Ran_ado_2025_19_Colorado2025_x013312_y011776
Unknown_Sample,20251031_081_pol_pro_Ran_ado_2025_19_Colorado2025.czi,Ran_ado,615.64,13395.0,11921.0,34,31,107.25,0.96,20251031_081_pol_pro_Ran_ado_2025_19_Colorado2025_x013312_y011776
Unknown_Sample,20251031_081_pol_pro_Ran_ado_2025_19_Colorado2025.czi,Ran_ado,572.93,13336.0,12120.0,31,30,102.18,0.958,20251031_081_pol_pro_Ran_ado_2025_19_Colorado2025_x013312_y011776
Unknown_Sample,20251031_081_pol_pro_Ran_ado_2025_19_Colorado2025.czi,Ran_ado,551.0,13858.0,11860.0,32,28,100.77,0.957,20251031_081_pol_pro_Ran_ado_2025_19_Colorado2025_x013312_y011776
Unknown_Sample,20251031_081_pol_pro_Ran_ado_2025_19_Colorado2025.czi,Ran_ado,556.77,13884.0,11815.0,31,29,101.36,0.962,20251031_081_pol_pro_Ran_ado_2025_19_Colorado2025_x013824_y011776
Unknown_Sample,20251031_081_pol_pro_Ran_ado_2025_19_Colorado2025.czi,Ran_ado,648.35,14123.0,11965.0,35,30,109.01,0.962,20251031_081_pol_pro_Ran_ado_2025_19_Colorado2025_x013824_y011776
Unknown_Sample,20251031_081_pol_pro_Ran_ado_2025_19_Colorado2025.czi,Ran_ado,631.03,14104.0,12325.0,31,34,108.43,0.961,20251031_081_pol_pro_Ran_ado_2025_19_Colorado2025_x013824_y011776
Unknown_Sample,20251031_081_pol_pro_Ran_ado_2025_19_Colorado2025.czi,Ran_ado,551.0,13858.0,11860.0,32,28,100.77,0.957,20251031_081_pol_pro_Ran_ado_2025_19_Colorado2025_x013824_y011776
Unknown_Sample,20251031_081_pol_pro_Ran_ado_2025_19_Colorado2025.czi,Ran_ado,582.55,14247.0,12157.0,29,34,104.43,0.956,20251031_081_pol_pro_Ran_ado_2025_19_Colorado2025_x013824_y011776
Unknown_Sample,20251031_081_pol_pro_Ran_ado_2025_19_Colorado2025.czi,Ran_ado,423.64,14139.0,12335.0,25,28,88.53,0.952,20251031_081_pol_pro_Ran_ado_2025_19_Colorado2025_x013824_y011776
Unknown_Sample,20251031_081_pol_pro_Ran_ado_2025_19_Colorado2025.czi,Ran_ado,230.48,14458.0,12331.0,12,33,78.38,0.893,20251031_081_pol_pro_Ran_ado_2025_19_Colorado2025_x013824_y011776
Unknown_Sample,20251031_081_pol_pro_Ran_ado_2025_19_Colorado2025.czi,Ran_ado,641.04,14466.0,12330.0,31,35,109.25,0.966,20251031_081_pol_pro_Ran_ado_2025_19_Colorado2025_x014336_y011776
Unknown_Sample,20251031_081_pol_pro_Ran_ado_2025_19_Colorado2025.czi,Ran_ado,552.92,14924.0,12243.0,30,30,100.18,0.964,20251031_081_pol_pro_Ran_ado_2025_19_Colorado2025_x014336_y011776
Unknown_Sample,20251031_081_pol_pro_Ran_ado_2025_19_Colorado2025.czi,Ran_ado,587.17,14602.0,12293.0,32,30,104.77,0.962,20251031_081_pol_pro_Ran_ado_2025_19_Colorado2025_x014336_y011776
Unknown_Sample,20251031_081_pol_pro_Ran_ado_2025_19_Colorado2025.czi,Ran_ado,592.17,14639.0,12252.0,31,32,103.84,0.961,20251031_081_pol_pro_Ran_ado_2025_19_Colorado2025_x014336_y011776
Unknown_Sample,20251031_081_pol_pro_Ran_ado_2025_19_Colorado2025.czi,Ran_ado,510.21,14565.0,12144.0,28,29,97.11,0.961,20251031_081_pol_pro_Ran_ado_2025_19_Colorado2025_x014336_y011776
Unknown_Sample,20251031_081_pol_pro_Ran_ado_2025_19_Colorado2025.czi,Ran_ado,531.38,14948.0,11992.0,30,29,99.36,0.96,20251031_081_pol_pro_Ran_ado_2025_19_Colorado2025_x014336_y011776
Unknown_Sample,20251031_081_pol_pro_Ran_ado_2025_19_Colorado2025.czi,Ran_ado,278.96,14711.0,11867.0,24,20,74.04,0.947,20251031_081_pol_pro_Ran_ado_2025_19_Colorado2025_x014336_y011776
Unknown_Sample,20251031_081_pol_pro_Ran_ado_2025_19_Colorado2025.czi,Ran_ado,646.04,15370.0,11941.0,31,35,108.67,0.963,20251031_081_pol_pro_Ran_ado_2025_19_Colorado2025_x014848_y011776
Unknown_Sample,20251031_081_pol_pro_Ran_ado_2025_19_Colorado2025.czi,Ran_ado,552.92,14924.0,12243.0,30,30,100.18,0.963,20251031_081_pol_pro_Ran_ado_2025_19_Colorado2025_x014848_y011776
Unknown_Sample,20251031_081_pol_pro_Ran_ado_2025_19_Colorado2025.czi,Ran_ado,567.55,15032.0,11940.0,29,32,102.18,0.96,20251031_081_pol_pro_Ran_ado_2025_19_Colorado2025_x014848_y011776
Unknown_Sample,20251031_081_pol_pro_Ran_ado_2025_19_Colorado2025.czi,Ran_ado,530.61,14948.0,11992.0,30,29,99.36,0.96,20251031_081_pol_pro_Ran_ado_2025_19_Colorado2025_x014848_y011776
Unknown_Sample,20251031_081_pol_pro_Ran_ado_2025_19_Colorado2025.czi,Ran_ado,275.12,15478.0,12235.0,18,23,73.9,0.918,20251031_081_pol_pro_Ran_ado_2025_19_Colorado2025_x014848_y011776
Unknown_Sample,20251031_081_pol_pro_Ran_ado_2025_19_Colorado2025.czi,Ran_ado,557.16,15372.0,11941.0,26,35,103.94,0.963,20251031_081_pol_pro_Ran_ado_2025_19_Colorado2025_x015360_y011776
Unknown_Sample,20251031_081_pol_pro_Ran_ado_2025_19_Colorado2025.czi,Ran_ado,549.08,15965.0,12123.0,29,31,101.36,0.962,20251031_081_pol_pro_Ran_ado_2025_19_Colorado2025_x015360_y011776
Unknown_Sample,20251031_081_pol_pro_Ran_ado_2025_19_Colorado2025.czi,Ran_ado,561.39,15507.0,12344.0,32,30,103.01,0.961,20251031_081_pol_pro_Ran_ado_2025_19_Colorado2025_x015360_y011776
Unknown_Sample,20251031_081_pol_pro_Ran_ado_2025_19_Colorado2025.czi,Ran_ado,317.83,15480.0,12236.0,23,22,76.63,0.952,20251031_081_pol_pro_Ran_ado_2025_19_Colorado2025_x015360_y011776
Unknown_Sample,20251031_081_pol_pro_Ran_ado_2025_19_Colorado2025.czi,Ran_ado,548.31,15965.0,12123.0,29,31,101.36,0.962,20251031_081_pol_pro_Ran_ado_2025_19_Colorado2025_x015872_y011776
Unknown_Sample,20251031_081_pol_pro_Ran_ado_2025_19_Colorado2025.czi,Ran_ado,602.56,16088.0,12338.0,33,31,105.25,0.961,20251031_081_pol_pro_Ran_ado_2025_19_Colorado2025_x015872_y011776
Unknown_Sample,20251031_081_pol_pro_Ran_ado_2025_19_Colorado2025.czi,Ran_ado,595.63,16260.0,12306.0,34,29,104.43,0.961,20251031_081_pol_pro_Ran_ado_2025_19_Colorado2025_x015872_y011776
Unknown_Sample,20251031_081_pol_pro_Ran_ado_2025_19_Colorado2025.czi,Ran_ado,581.78,16797.0,12163.0,30,32,103.6,0.96,20251031_081_pol_pro_Ran_ado_2025_19_Colorado2025_x016384_y011776
Unknown_Sample,20251031_081_pol_pro_Ran_ado_2025_19_Colorado2025.czi,Ran_ado,531.76,17006.0,12265.0,30,29,98.77,0.942,20251031_081_pol_pro_Ran_ado_2025_19_Colorado2025_x016384_y011776
Unknown_Sample,20251031_081_pol_pro_Ran_ado_2025_19_Colorado2025.czi,Ran_ado,548.31,17006.0,12265.0,31,29,100.18,0.93,20251031_081_pol_pro_Ran_ado_2025_19_Colorado2025_x016896_y011776
Unknown_Sample,20251031_081_pol_pro_Ran_ado_2025_19_Colorado2025.czi,Ran_ado,206.24,17413.0,11800.0,20,18,63.8,0.837,20251031_081_pol_pro_Ran_ado_2025_19_Colorado2025_x016896_y011776
Unknown_Sample,20251031_081_pol_pro_Ran_ado_2025_19_Colorado2025.czi,Ran_ado,158.14,17415.0,11800.0,15,18,55.56,0.843,20251031_081_pol_pro_Ran_ado_2025_19_Colorado2025_x017408_y011776
Unknown_Sample,20251031_081_pol_pro_Ran_ado_2025_19_Colorado2025.czi,Ran_ado,440.95,2329.0,12679.0,27,27,89.94,0.951,20251031_081_pol_pro_Ran_ado_2025_19_Colorado2025_x002048_y012288
Unknown_Sample,20251031_081_pol_pro_Ran_ado_2025_19_Colorado2025.czi,Ran_ado,551.0,2396.0,12772.0,30,30,99.6,0.948,20251031_081_pol_pro_Ran_ado_2025_19_Colorado2025_x002048_y012288
Unknown_Sample,20251031_081_pol_pro_Ran_ado_2025_19_Colorado2025.czi,Ran_ado,549.08,2460.0,12497.0,29,31,101.36,0.932,20251031_081_pol_pro_Ran_ado_2025_19_Colorado2025_x002048_y012288
Unknown_Sample,20251031_081_pol_pro_Ran_ado_2025_19_Colorado2025.czi,Ran_ado,351.3,2564.0,12564.0,26,23,82.87,0.925,20251031_081_pol_pro_Ran_ado_2025_19_Colorado2025_x002048_y012288
Unknown_Sample,20251031_081_pol_pro_Ran_ado_2025_19_Colorado2025.czi,Ran_ado,520.99,2433.0,12514.0,31,28,97.6,0.917,20251031_081_pol_pro_Ran_ado_2025_19_Colorado2025_x002048_y012288
Unknown_Sample,20251031_081_pol_pro_Ran_ado_2025_19_Colorado2025.czi,Ran_ado,473.28,2772.0,12665.0,28,28,92.77,0.952,20251031_081_pol_pro_Ran_ado_2025_19_Colorado2025_x002560_y012288
Unknown_Sample,20251031_081_pol_pro_Ran_ado_2025_19_Colorado2025.czi,Ran_ado,214.71,2567.0,12565.0,16,22,66.14,0.948,20251031_081_pol_pro_Ran_ado_2025_19_Colorado2025_x002560_y012288
Unknown_Sample,20251031_081_pol_pro_Ran_ado_2025_19_Colorado2025.czi,Ran_ado,592.94,3218.0,12340.0,33,30,103.84,0.962,20251031_081_pol_pro_Ran_ado_2025_19_Colorado2025_x003072_y012288
Unknown_Sample,20251031_081_pol_pro_Ran_ado_2025_19_Colorado2025.czi,Ran_ado,494.82,3253.0,12379.0,27,30,94.77,0.956,20251031_081_pol_pro_Ran_ado_2025_19_Colorado2025_x003072_y012288
Unknown_Sample,20251031_081_pol_pro_Ran_ado_2025_19_Colorado2025.czi,Ran_ado,518.68,4200.0,12613.0,31,28,97.6,0.955,20251031_081_pol_pro_Ran_ado_2025_19_Colorado2025_x003584_y012288
Unknown_Sample,20251031_081_pol_pro_Ran_ado_2025_19_Colorado2025.czi,Ran_ado,516.37,4200.0,12613.0,30,28,96.77,0.955,20251031_081_pol_pro_Ran_ado_2025_19_Colorado2025_x004096_y012288
Unknown_Sample,20251031_081_pol_pro_Ran_ado_2025_19_Colorado2025.czi,Ran_ado,470.58,5098.0,12301.0,28,27,93.7,0.962,20251031_081_pol_pro_Ran_ado_2025_19_Colorado2025_x004608_y012288
Unknown_Sample,20251031_081_pol_pro_Ran_ado_2025_19_Colorado2025.czi,Ran_ado,518.68,4789.0,12529.0,31,28,97.6,0.96,20251031_081_pol_pro_Ran_ado_2025_19_Colorado2025_x004608_y012288
Unknown_Sample,20251031_081_pol_pro_Ran_ado_2025_19_Colorado2025.czi,Ran_ado,541.38,4833.0,12516.0,30,30,99.01,0.957,20251031_081_pol_pro_Ran_ado_2025_19_Colorado2025_x004608_y012288
Unknown_Sample,20251031_081_pol_pro_Ran_ado_2025_19_Colorado2025.czi,Ran_ado,525.22,4889.0,12867.0,31,28,99.36,0.956,20251031_081_pol_pro_Ran_ado_2025_19_Colorado2025_x004608_y012288
Unknown_Sample,20251031_081_pol_pro_Ran_ado_2025_19_Colorado2025.czi,Ran_ado,540.61,5627.0,12427.0,32,28,100.18,0.959,20251031_081_pol_pro_Ran_ado_2025_19_Colorado2025_x005120_y012288
Unknown_Sample,20251031_081_pol_pro_Ran_ado_2025_19_Colorado2025.czi,Ran_ado,517.14,5496.0,12473.0,27,32,97.6,0.959,20251031_081_pol_pro_Ran_ado_2025_19_Colorado2025_x005120_y012288
Unknown_Sample,20251031_081_pol_pro_Ran_ado_2025_19_Colorado2025.czi,Ran_ado,525.61,5440.0,12613.0,30,28,99.11,0.958,20251031_081_pol_pro_Ran_ado_2025_19_Colorado2025_x005120_y012288
Unknown_Sample,20251031_081_pol_pro_Ran_ado_2025_19_Colorado2025.czi,Ran_ado,448.65,5509.0,12308.0,28,26,91.11,0.958,20251031_081_pol_pro_Ran_ado_2025_19_Colorado2025_x005120_y012288
Unknown_Sample,20251031_081_pol_pro_Ran_ado_2025_19_Colorado2025.czi,Ran_ado,491.36,5446.0,12424.0,29,29,96.18,0.956,20251031_081_pol_pro_Ran_ado_2025_19_Colorado2025_x005120_y012288
Unknown_Sample,20251031_081_pol_pro_Ran_ado_2025_19_Colorado2025.czi,Ran_ado,526.76,6132.0,12632.0,29,29,97.36,0.962,20251031_081_pol_pro_Ran_ado_2025_19_Colorado2025_x005632_y012288
Unknown_Sample,20251031_081_pol_pro_Ran_ado_2025_19_Colorado2025.czi,Ran_ado,579.09,6035.0,12542.0,30,32,103.01,0.961,20251031_081_pol_pro_Ran_ado_2025_19_Colorado2025_x005632_y012288
Unknown_Sample,20251031_081_pol_pro_Ran_ado_2025_19_Colorado2025.czi,Ran_ado,552.54,6238.0,12645.0,30,30,100.77,0.961,20251031_081_pol_pro_Ran_ado_2025_19_Colorado2025_x005632_y012288
Unknown_Sample,20251031_081_pol_pro_Ran_ado_2025_19_Colorado2025.czi,Ran_ado,509.06,5899.0,12724.0,28,30,97.36,0.958,20251031_081_pol_pro_Ran_ado_2025_19_Colorado2025_x005632_y012288
Unknown_Sample,20251031_081_pol_pro_Ran_ado_2025_19_Colorado2025.czi,Ran_ado,450.96,6230.0,12509.0,29,26,91.94,0.957,20251031_081_pol_pro_Ran_ado_2025_19_Colorado2025_x005632_y012288
Unknown_Sample,20251031_081_pol_pro_Ran_ado_2025_19_Colorado2025.czi,Ran_ado,151.99,5637.0,12427.0,11,25,61.56,0.949,20251031_081_pol_pro_Ran_ado_2025_19_Colorado2025_x005632_y012288
Unknown_Sample,20251031_081_pol_pro_Ran_ado_2025_19_Colorado2025.czi,Ran_ado,589.86,6466.0,12665.0,31,31,103.01,0.962,20251031_081_pol_pro_Ran_ado_2025_19_Colorado2025_x006144_y012288
Unknown_Sample,20251031_081_pol_pro_Ran_ado_2025_19_Colorado2025.czi,Ran_ado,524.84,6456.0,12437.0,30,29,98.77,0.962,20251031_081_pol_pro_Ran_ado_2025_19_Colorado2025_x006144_y012288
Unknown_Sample,20251031_081_pol_pro_Ran_ado_2025_19_Colorado2025.czi,Ran_ado,552.54,6238.0,12645.0,30,30,100.77,0.961,20251031_081_pol_pro_Ran_ado_2025_19_Colorado2025_x006144_y012288
Unknown_Sample,20251031_081_pol_pro_Ran_ado_2025_19_Colorado2025.czi,Ran_ado,450.96,6230.0,12509.0,29,26,91.94,0.957,20251031_081_pol_pro_Ran_ado_2025_19_Colorado2025_x006144_y012288
Unknown_Sample,20251031_081_pol_pro_Ran_ado_2025_19_Colorado2025.czi,Ran_ado,591.4,7225.0,12617.0,30,33,105.01,0.963,20251031_081_pol_pro_Ran_ado_2025_19_Colorado2025_x006656_y012288
Unknown_Sample,20251031_081_pol_pro_Ran_ado_2025_19_Colorado2025.czi,Ran_ado,528.68,6789.0,12704.0,28,30,99.11,0.96,20251031_081_pol_pro_Ran_ado_2025_19_Colorado2025_x006656_y012288
Unknown_Sample,20251031_081_pol_pro_Ran_ado_2025_19_Colorado2025.czi,Ran_ado,505.21,6971.0,12346.0,28,30,96.18,0.959,20251031_081_pol_pro_Ran_ado_2025_19_Colorado2025_x006656_y012288
Unknown_Sample,20251031_081_pol_pro_Ran_ado_2025_19_Colorado2025.czi,Ran_ado,490.98,7260.0,12843.0,29,28,95.94,0.958,20251031_081_pol_pro_Ran_ado_2025_19_Colorado2025_x006656_y012288
Unknown_Sample,20251031_081_pol_pro_Ran_ado_2025_19_Colorado2025.czi,Ran_ado,254.34,6928.0,12921.0,32,13,79.56,0.889,20251031_081_pol_pro_Ran_ado_2025_19_Colorado2025_x006656_y012288
Unknown_Sample,20251031_081_pol_pro_Ran_ado_2025_19_Colorado2025.czi,Ran_ado,528.68,7540.0,12814.0,32,27,98.77,0.964,20251031_081_pol_pro_Ran_ado_2025_19_Colorado2025_x007168_y012288
Unknown_Sample,20251031_081_pol_pro_Ran_ado_2025_19_Colorado2025.czi,Ran_ado,589.86,7337.0,12531.0,30,31,104.53,0.963,20251031_081_pol_pro_Ran_ado_2025_19_Colorado2025_x007168_y012288
Unknown_Sample,20251031_081_pol_pro_Ran_ado_2025_19_Colorado2025.czi,Ran_ado,588.32,7225.0,12617.0,30,33,105.01,0.963,20251031_081_pol_pro_Ran_ado_2025_19_Colorado2025_x007168_y012288
Unknown_Sample,20251031_081_pol_pro_Ran_ado_2025_19_Colorado2025.czi,Ran_ado,613.72,7550.0,12471.0,32,31,106.18,0.961,20251031_081_pol_pro_Ran_ado_2025_19_Colorado2025_x007168_y012288
Unknown_Sample,20251031_081_pol_pro_Ran_ado_2025_19_Colorado2025.czi,Ran_ado,683.75,7375.0,12477.0,32,35,111.84,0.961,20251031_081_pol_pro_Ran_ado_2025_19_Colorado2025_x007168_y012288
Unknown_Sample,20251031_081_pol_pro_Ran_ado_2025_19_Colorado2025.czi,Ran_ado,489.82,7260.0,12843.0,29,28,95.36,0.958,20251031_081_pol_pro_Ran_ado_2025_19_Colorado2025_x007168_y012288
Unknown_Sample,20251031_081_pol_pro_Ran_ado_2025_19_Colorado2025.czi,Ran_ado,569.08,8276.0,12478.0,30,31,104.53,0.963,20251031_081_pol_pro_Ran_ado_2025_19_Colorado2025_x007680_y012288
Unknown_Sample,20251031_081_pol_pro_Ran_ado_2025_19_Colorado2025.czi,Ran_ado,540.23,8105.0,12697.0,28,32,99.6,0.962,20251031_081_pol_pro_Ran_ado_2025_19_Colorado2025_x007680_y012288
Unknown_Sample,20251031_081_pol_pro_Ran_ado_2025_19_Colorado2025.czi,Ran_ado,511.75,8095.0,12880.0,29,29,95.6,0.959,20251031_081_pol_pro_Ran_ado_2025_19_Colorado2025_x007680_y012288
Unknown_Sample,20251031_081_pol_pro_Ran_ado_2025_19_Colorado2025.czi,Ran_ado,570.62,8276.0,12478.0,30,31,104.53,0.963,20251031_081_pol_pro_Ran_ado_2025_19_Colorado2025_x008192_y012288
Unknown_Sample,20251031_081_pol_pro_Ran_ado_2025_19_Colorado2025.czi,Ran_ado,468.66,8346.0,12307.0,29,27,92.77,0.959,20251031_081_pol_pro_Ran_ado_2025_19_Colorado2025_x008192_y012288
Unknown_Sample,20251031_081_pol_pro_Ran_ado_2025_19_Colorado2025.czi,Ran_ado,594.48,9261.0,12869.0,32,31,105.01,0.963,20251031_081_pol_pro_Ran_ado_2025_19_Colorado2025_x008704_y012288
Unknown_Sample,20251031_081_pol_pro_Ran_ado_2025_19_Colorado2025.czi,Ran_ado,455.58,9318.0,12455.0,26,29,91.94,0.958,20251031_081_pol_pro_Ran_ado_2025_19_Colorado2025_x008704_y012288
Unknown_Sample,20251031_081_pol_pro_Ran_ado_2025_19_Colorado2025.czi,Ran_ado,482.89,9056.0,12429.0,30,26,94.53,0.955,20251031_081_pol_pro_Ran_ado_2025_19_Colorado2025_x008704_y012288
Unknown_Sample,20251031_081_pol_pro_Ran_ado_2025_19_Colorado2025.czi,Ran_ado,593.71,9261.0,12869.0,32,31,105.01,0.963,20251031_081_pol_pro_Ran_ado_2025_19_Colorado2025_x009216_y012288
Unknown_Sample,20251031_081_pol_pro_Ran_ado_2025_19_Colorado2025.czi,Ran_ado,509.44,9714.0,12845.0,28,30,97.94,0.963,20251031_081_pol_pro_Ran_ado_2025_19_Colorado2025_x009216_y012288
Unknown_Sample,20251031_081_pol_pro_Ran_ado_2025_19_Colorado2025.czi,Ran_ado,514.83,9724.0,12531.0,30,28,96.77,0.961,20251031_081_pol_pro_Ran_ado_2025_19_Colorado2025_x009216_y012288
Unknown_Sample,20251031_081_pol_pro_Ran_ado_2025_19_Colorado2025.czi,Ran_ado,642.96,9586.0,12854.0,32,33,109.01,0.961,20251031_081_pol_pro_Ran_ado_2025_19_Colorado2025_x009216_y012288
Unknown_Sample,20251031_081_pol_pro_Ran_ado_2025_19_Colorado2025.czi,Ran_ado,454.81,9318.0,12455.0,26,29,91.94,0.958,20251031_081_pol_pro_Ran_ado_2025_19_Colorado2025_x009216_y012288
Unknown_Sample,20251031_081_pol_pro_Ran_ado_2025_19_Colorado2025.czi,Ran_ado,370.92,9386.0,12917.0,26,22,84.97,0.936,20251031_081_pol_pro_Ran_ado_2025_19_Colorado2025_x009216_y012288
Unknown_Sample,20251031_081_pol_pro_Ran_ado_2025_19_Colorado2025.czi,Ran_ado,519.83,10115.0,12857.0,30,29,97.01,0.963,20251031_081_pol_pro_Ran_ado_2025_19_Colorado2025_x009728_y012288
Unknown_Sample,20251031_081_pol_pro_Ran_ado_2025_19_Colorado2025.czi,Ran_ado,552.92,10340.0,12523.0,31,29,100.18,0.963,20251031_081_pol_pro_Ran_ado_2025_19_Colorado2025_x009728_y012288
Unknown_Sample,20251031_081_pol_pro_Ran_ado_2025_19_Colorado2025.czi,Ran_ado,525.61,10299.0,12603.0,28,31,98.77,0.961,20251031_081_pol_pro_Ran_ado_2025_19_Colorado2025_x009728_y012288
Unknown_Sample,20251031_081_pol_pro_Ran_ado_2025_19_Colorado2025.czi,Ran_ado,579.47,10196.0,12453.0,30,32,102.43,0.961,20251031_081_pol_pro_Ran_ado_2025_19_Colorado2025_x009728_y012288
Unknown_Sample,20251031_081_pol_pro_Ran_ado_2025_19_Colorado2025.czi,Ran_ado,495.21,10015.0,12417.0,26,31,95.36,0.957,20251031_081_pol_pro_Ran_ado_2025_19_Colorado2025_x009728_y012288
Unknown_Sample,20251031_081_pol_pro_Ran_ado_2025_19_Colorado2025.czi,Ran_ado,449.42,10265.0,12396.0,27,28,90.77,0.956,20251031_081_pol_pro_Ran_ado_2025_19_Colorado2025_x009728_y012288
Unknown_Sample,20251031_081_pol_pro_Ran_ado_2025_19_Colorado2025.czi,Ran_ado,153.14,9733.0,12531.0,11,25,60.97,0.951,20251031_081_pol_pro_Ran_ado_2025_19_Colorado2025_x009728_y012288
Unknown_Sample,20251031_081_pol_pro_Ran_ado_2025_19_Colorado2025.czi,Ran_ado,552.92,10340.0,12523.0,31,29,100.18,0.963,20251031_081_pol_pro_Ran_ado_2025_19_Colorado2025_x010240_y012288
Unknown_Sample,20251031_081_pol_pro_Ran_ado_2025_19_Colorado2025.czi,Ran_ado,565.24,10784.0,12899.0,29,31,102.53,0.962,20251031_081_pol_pro_Ran_ado_2025_19_Colorado2025_x010240_y012288
Unknown_Sample,20251031_081_pol_pro_Ran_ado_2025_19_Colorado2025.czi,Ran_ado,525.61,10299.0,12603.0,28,31,98.77,0.961,20251031_081_pol_pro_Ran_ado_2025_19_Colorado2025_x010240_y012288
Unknown_Sample,20251031_081_pol_pro_Ran_ado_2025_19_Colorado2025.czi,Ran_ado,485.59,10467.0,12793.0,30,27,94.77,0.961,20251031_081_pol_pro_Ran_ado_2025_19_Colorado2025_x010240_y012288
Unknown_Sample,20251031_081_pol_pro_Ran_ado_2025_19_Colorado2025.czi,Ran_ado,624.88,10626.0,12326.0,32,33,106.08,0.961,20251031_081_pol_pro_Ran_ado_2025_19_Colorado2025_x010240_y012288
Unknown_Sample,20251031_081_pol_pro_Ran_ado_2025_19_Colorado2025.czi,Ran_ado,520.22,10537.0,12877.0,31,28,98.77,0.96,20251031_081_pol_pro_Ran_ado_2025_19_Colorado2025_x010240_y012288
Unknown_Sample,20251031_081_pol_pro_Ran_ado_2025_19_Colorado2025.czi,Ran_ado,449.42,10265.0,12396.0,27,28,90.77,0.955,20251031_081_pol_pro_Ran_ado_2025_19_Colorado2025_x010240_y012288
Unknown_Sample,20251031_081_pol_pro_Ran_ado_2025_19_Colorado2025.czi,Ran_ado,403.63,10780.0,12424.0,26,26,87.7,0.953,20251031_081_pol_pro_Ran_ado_2025_19_Colorado2025_x010240_y012288
Unknown_Sample,20251031_081_pol_pro_Ran_ado_2025_19_Colorado2025.czi,Ran_ado,565.24,10784.0,12899.0,29,31,102.53,0.963,20251031_081_pol_pro_Ran_ado_2025_19_Colorado2025_x010752_y012288
Unknown_Sample,20251031_081_pol_pro_Ran_ado_2025_19_Colorado2025.czi,Ran_ado,658.74,11070.0,12764.0,33,33,109.25,0.963,20251031_081_pol_pro_Ran_ado_2025_19_Colorado2025_x010752_y012288
Unknown_Sample,20251031_081_pol_pro_Ran_ado_2025_19_Colorado2025.czi,Ran_ado,536.38,11001.0,12884.0,30,29,98.77,0.962,20251031_081_pol_pro_Ran_ado_2025_19_Colorado2025_x010752_y012288
Unknown_Sample,20251031_081_pol_pro_Ran_ado_2025_19_Colorado2025.czi,Ran_ado,548.31,11044.0,12870.0,29,31,100.18,0.961,20251031_081_pol_pro_Ran_ado_2025_19_Colorado2025_x010752_y012288
Unknown_Sample,20251031_081_pol_pro_Ran_ado_2025_19_Colorado2025.czi,Ran_ado,547.92,11335.0,12389.0,32,28,100.77,0.959,20251031_081_pol_pro_Ran_ado_2025_19_Colorado2025_x010752_y012288
Unknown_Sample,20251031_081_pol_pro_Ran_ado_2025_19_Colorado2025.czi,Ran_ado,512.52,11373.0,12364.0,29,28,98.28,0.955,20251031_081_pol_pro_Ran_ado_2025_19_Colorado2025_x010752_y012288
Unknown_Sample,20251031_081_pol_pro_Ran_ado_2025_19_Colorado2025.czi,Ran_ado,403.63,10780.0,12424.0,26,26,87.7,0.953,20251031_081_pol_pro_Ran_ado_2025_19_Colorado2025_x010752_y012288
Unknown_Sample,20251031_081_pol_pro_Ran_ado_2025_19_Colorado2025.czi,Ran_ado,590.25,11813.0,12796.0,31,31,104.77,0.962,20251031_081_pol_pro_Ran_ado_2025_19_Colorado2025_x011264_y012288
Unknown_Sample,20251031_081_pol_pro_Ran_ado_2025_19_Colorado2025.czi,Ran_ado,512.52,11373.0,12364.0,30,28,99.11,0.961,20251031_081_pol_pro_Ran_ado_2025_19_Colorado2025_x011264_y012288
Unknown_Sample,20251031_081_pol_pro_Ran_ado_2025_19_Colorado2025.czi,Ran_ado,547.92,11335.0,12389.0,32,28,100.77,0.959,20251031_081_pol_pro_Ran_ado_2025_19_Colorado2025_x011264_y012288
Unknown_Sample,20251031_081_pol_pro_Ran_ado_2025_19_Colorado2025.czi,Ran_ado,519.06,11878.0,12897.0,31,27,98.53,0.958,20251031_081_pol_pro_Ran_ado_2025_19_Colorado2025_x011264_y012288
Unknown_Sample,20251031_081_pol_pro_Ran_ado_2025_19_Colorado2025.czi,Ran_ado,540.23,11416.0,12729.0,31,29,100.77,0.958,20251031_081_pol_pro_Ran_ado_2025_19_Colorado2025_x011264_y012288
Unknown_Sample,20251031_081_pol_pro_Ran_ado_2025_19_Colorado2025.czi,Ran_ado,552.92,11689.0,12455.0,30,30,100.18,0.957,20251031_081_pol_pro_Ran_ado_2025_19_Colorado2025_x011264_y012288
Unknown_Sample,20251031_081_pol_pro_Ran_ado_2025_19_Colorado2025.czi,Ran_ado,512.52,11812.0,12911.0,29,29,96.77,0.955,20251031_081_pol_pro_Ran_ado_2025_19_Colorado2025_x011264_y012288
Unknown_Sample,20251031_081_pol_pro_Ran_ado_2025_19_Colorado2025.czi,Ran_ado,550.62,11631.0,12436.0,31,29,99.01,0.955,20251031_081_pol_pro_Ran_ado_2025_19_Colorado2025_x011264_y012288
Unknown_Sample,20251031_081_pol_pro_Ran_ado_2025_19_Colorado2025.czi,Ran_ado,307.44,11623.0,12295.0,33,16,85.21,0.949,20251031_081_pol_pro_Ran_ado_2025_19_Colorado2025_x011264_y012288
Unknown_Sample,20251031_081_pol_pro_Ran_ado_2025_19_Colorado2025.czi,Ran_ado,345.53,11895.0,12436.0,17,32,88.14,0.918,20251031_081_pol_pro_Ran_ado_2025_19_Colorado2025_x011264_y012288
Unknown_Sample,20251031_081_pol_pro_Ran_ado_2025_19_Colorado2025.czi,Ran_ado,505.6,12101.0,12467.0,27,30,94.77,0.964,20251031_081_pol_pro_Ran_ado_2025_19_Colorado2025_x011776_y012288
Unknown_Sample,20251031_081_pol_pro_Ran_ado_2025_19_Colorado2025.czi,Ran_ado,514.83,12099.0,12701.0,31,27,96.77,0.963,20251031_081_pol_pro_Ran_ado_2025_19_Colorado2025_x011776_y012288
Unknown_Sample,20251031_081_pol_pro_Ran_ado_2025_19_Colorado2025.czi,Ran_ado,556.39,11900.0,12435.0,29,32,101.6,0.962,20251031_081_pol_pro_Ran_ado_2025_19_Colorado2025_x011776_y012288
Unknown_Sample,20251031_081_pol_pro_Ran_ado_2025_19_Colorado2025.czi,Ran_ado,590.25,11813.0,12796.0,31,31,104.77,0.962,20251031_081_pol_pro_Ran_ado_2025_19_Colorado2025_x011776_y012288
Unknown_Sample,20251031_081_pol_pro_Ran_ado_2025_19_Colorado2025.czi,Ran_ado,506.37,12086.0,12791.0,28,30,97.94,0.961,20251031_081_pol_pro_Ran_ado_2025_19_Colorado2025_x011776_y012288
Unknown_Sample,20251031_081_pol_pro_Ran_ado_2025_19_Colorado2025.czi,Ran_ado,541.77,12311.0,12772.0,30,29,98.77,0.96,20251031_081_pol_pro_Ran_ado_2025_19_Colorado2025_x011776_y012288
Unknown_Sample,20251031_081_pol_pro_Ran_ado_2025_19_Colorado2025.czi,Ran_ado,624.88,11968.0,12736.0,31,34,107.25,0.96,20251031_081_pol_pro_Ran_ado_2025_19_Colorado2025_x011776_y012288
Unknown_Sample,20251031_081_pol_pro_Ran_ado_2025_19_Colorado2025.czi,Ran_ado,568.32,12396.0,12689.0,29,32,102.18,0.959,20251031_081_pol_pro_Ran_ado_2025_19_Colorado2025_x011776_y012288
Unknown_Sample,20251031_081_pol_pro_Ran_ado_2025_19_Colorado2025.czi,Ran_ado,517.52,11878.0,12897.0,31,27,98.53,0.958,20251031_081_pol_pro_Ran_ado_2025_19_Colorado2025_x011776_y012288
Unknown_Sample,20251031_081_pol_pro_Ran_ado_2025_19_Colorado2025.czi,Ran_ado,512.52,11812.0,12911.0,29,29,96.77,0.955,20251031_081_pol_pro_Ran_ado_2025_19_Colorado2025_x011776_y012288
Unknown_Sample,20251031_081_pol_pro_Ran_ado_2025_19_Colorado2025.czi,Ran_ado,385.93,12073.0,12730.0,26,25,83.36,0.954,20251031_081_pol_pro_Ran_ado_2025_19_Colorado2025_x011776_y012288
Unknown_Sample,20251031_081_pol_pro_Ran_ado_2025_19_Colorado2025.czi,Ran_ado,515.22,11986.0,12506.0,26,32,97.36,0.948,20251031_081_pol_pro_Ran_ado_2025_19_Colorado2025_x011776_y012288
Unknown_Sample,20251031_081_pol_pro_Ran_ado_2025_19_Colorado2025.czi,Ran_ado,556.77,11977.0,12539.0,31,31,101.84,0.947,20251031_081_pol_pro_Ran_ado_2025_19_Colorado2025_x011776_y012288
Unknown_Sample,20251031_081_pol_pro_Ran_ado_2025_19_Colorado2025.czi,Ran_ado,541.38,12510.0,12530.0,29,30,100.53,0.963,20251031_081_pol_pro_Ran_ado_2025_19_Colorado2025_x012288_y012288
Unknown_Sample,20251031_081_pol_pro_Ran_ado_2025_19_Colorado2025.czi,Ran_ado,547.54,12467.0,12346.0,31,29,101.36,0.962,20251031_081_pol_pro_Ran_ado_2025_19_Colorado2025_x012288_y012288
Unknown_Sample,20251031_081_pol_pro_Ran_ado_2025_19_Colorado2025.czi,Ran_ado,567.55,12396.0,12689.0,29,32,102.18,0.961,20251031_081_pol_pro_Ran_ado_2025_19_Colorado2025_x012288_y012288
Unknown_Sample,20251031_081_pol_pro_Ran_ado_2025_19_Colorado2025.czi,Ran_ado,542.54,12311.0,12772.0,30,29,98.77,0.96,20251031_081_pol_pro_Ran_ado_2025_19_Colorado2025_x012288_y012288
Unknown_Sample,20251031_081_pol_pro_Ran_ado_2025_19_Colorado2025.czi,Ran_ado,619.88,12834.0,12891.0,35,30,106.67,0.958,20251031_081_pol_pro_Ran_ado_2025_19_Colorado2025_x012288_y012288
Unknown_Sample,20251031_081_pol_pro_Ran_ado_2025_19_Colorado2025.czi,Ran_ado,586.78,12721.0,12653.0,30,33,103.84,0.955,20251031_081_pol_pro_Ran_ado_2025_19_Colorado2025_x012288_y012288
Unknown_Sample,20251031_081_pol_pro_Ran_ado_2025_19_Colorado2025.czi,Ran_ado,552.54,12711.0,12687.0,31,30,101.6,0.954,20251031_081_pol_pro_Ran_ado_2025_19_Colorado2025_x012288_y012288
Unknown_Sample,20251031_081_pol_pro_Ran_ado_2025_19_Colorado2025.czi,Ran_ado,462.12,12620.0,12801.0,27,29,93.36,0.951,20251031_081_pol_pro_Ran_ado_2025_19_Colorado2025_x012288_y012288
Unknown_Sample,20251031_081_pol_pro_Ran_ado_2025_19_Colorado2025.czi,Ran_ado,596.79,12897.0,12729.0,35,28,106.18,0.945,20251031_081_pol_pro_Ran_ado_2025_19_Colorado2025_x012288_y012288
Unknown_Sample,20251031_081_pol_pro_Ran_ado_2025_19_Colorado2025.czi,Ran_ado,188.54,12921.0,12739.0,13,28,69.8,0.82,20251031_081_pol_pro_Ran_ado_2025_19_Colorado2025_x012288_y012288
Unknown_Sample,20251031_081_pol_pro_Ran_ado_2025_19_Colorado2025.czi,Ran_ado,630.26,13365.0,12780.0,32,33,108.43,0.964,20251031_081_pol_pro_Ran_ado_2025_19_Colorado2025_x012800_y012288
Unknown_Sample,20251031_081_pol_pro_Ran_ado_2025_19_Colorado2025.czi,Ran_ado,577.93,13275.0,12879.0,30,32,103.6,0.964,20251031_081_pol_pro_Ran_ado_2025_19_Colorado2025_x012800_y012288
Unknown_Sample,20251031_081_pol_pro_Ran_ado_2025_19_Colorado2025.czi,Ran_ado,615.26,13259.0,12424.0,33,31,105.84,0.964,20251031_081_pol_pro_Ran_ado_2025_19_Colorado2025_x012800_y012288
Unknown_Sample,20251031_081_pol_pro_Ran_ado_2025_19_Colorado2025.czi,Ran_ado,556.77,13417.0,12344.0,30,29,100.53,0.96,20251031_081_pol_pro_Ran_ado_2025_19_Colorado2025_x012800_y012288
Unknown_Sample,20251031_081_pol_pro_Ran_ado_2025_19_Colorado2025.czi,Ran_ado,537.53,13380.0,12882.0,31,29,100.18,0.96,20251031_081_pol_pro_Ran_ado_2025_19_Colorado2025_x012800_y012288
Unknown_Sample,20251031_081_pol_pro_Ran_ado_2025_19_Colorado2025.czi,Ran_ado,619.88,12834.0,12891.0,35,30,106.67,0.959,20251031_081_pol_pro_Ran_ado_2025_19_Colorado2025_x012800_y012288
Unknown_Sample,20251031_081_pol_pro_Ran_ado_2025_19_Colorado2025.czi,Ran_ado,584.86,12975.0,12679.0,32,31,103.25,0.955,20251031_081_pol_pro_Ran_ado_2025_19_Colorado2025_x012800_y012288
Unknown_Sample,20251031_081_pol_pro_Ran_ado_2025_19_Colorado2025.czi,Ran_ado,616.03,12897.0,12729.0,37,28,109.01,0.948,20251031_081_pol_pro_Ran_ado_2025_19_Colorado2025_x012800_y012288
Unknown_Sample,20251031_081_pol_pro_Ran_ado_2025_19_Colorado2025.czi,Ran_ado,537.15,12931.0,12741.0,32,28,98.43,0.925,20251031_081_pol_pro_Ran_ado_2025_19_Colorado2025_x012800_y012288
Unknown_Sample,20251031_081_pol_pro_Ran_ado_2025_19_Colorado2025.czi,Ran_ado,179.31,13432.0,12297.0,15,19,60.49,0.924,20251031_081_pol_pro_Ran_ado_2025_19_Colorado2025_x012800_y012288
Unknown_Sample,20251031_081_pol_pro_Ran_ado_2025_19_Colorado2025.czi,Ran_ado,644.89,13534.0,12706.0,32,33,108.43,0.966,20251031_081_pol_pro_Ran_ado_2025_19_Colorado2025_x013312_y012288
Unknown_Sample,20251031_081_pol_pro_Ran_ado_2025_19_Colorado2025.czi,Ran_ado,615.64,13716.0,12541.0,31,33,106.43,0.965,20251031_081_pol_pro_Ran_ado_2025_19_Colorado2025_x013312_y012288
Unknown_Sample,20251031_081_pol_pro_Ran_ado_2025_19_Colorado2025.czi,Ran_ado,618.72,13787.0,12812.0,33,32,107.25,0.964,20251031_081_pol_pro_Ran_ado_2025_19_Colorado2025_x013312_y012288
Unknown_Sample,20251031_081_pol_pro_Ran_ado_2025_19_Colorado2025.czi,Ran_ado,487.9,13586.0,12363.0,27,29,93.94,0.963,20251031_081_pol_pro_Ran_ado_2025_19_Colorado2025_x013312_y012288
Unknown_Sample,20251031_081_pol_pro_Ran_ado_2025_19_Colorado2025.czi,Ran_ado,631.03,13365.0,12780.0,32,33,108.43,0.963,20251031_081_pol_pro_Ran_ado_2025_19_Colorado2025_x013312_y012288
Unknown_Sample,20251031_081_pol_pro_Ran_ado_2025_19_Colorado2025.czi,Ran_ado,598.71,13528.0,12789.0,31,33,105.25,0.962,20251031_081_pol_pro_Ran_ado_2025_19_Colorado2025_x013312_y012288
Unknown_Sample,20251031_081_pol_pro_Ran_ado_2025_19_Colorado2025.czi,Ran_ado,554.46,13417.0,12344.0,30,29,100.53,0.961,20251031_081_pol_pro_Ran_ado_2025_19_Colorado2025_x013312_y012288
Unknown_Sample,20251031_081_pol_pro_Ran_ado_2025_19_Colorado2025.czi,Ran_ado,538.69,13380.0,12882.0,31,29,100.77,0.96,20251031_081_pol_pro_Ran_ado_2025_19_Colorado2025_x013312_y012288
Unknown_Sample,20251031_081_pol_pro_Ran_ado_2025_19_Colorado2025.czi,Ran_ado,280.89,13436.0,12296.0,26,18,75.8,0.957,20251031_081_pol_pro_Ran_ado_2025_19_Colorado2025_x013312_y012288
Unknown_Sample,20251031_081_pol_pro_Ran_ado_2025_19_Colorado2025.czi,Ran_ado,677.21,14367.0,12678.0,33,34,111.25,0.963,20251031_081_pol_pro_Ran_ado_2025_19_Colorado2025_x013824_y012288
Unknown_Sample,20251031_081_pol_pro_Ran_ado_2025_19_Colorado2025.czi,Ran_ado,631.03,14104.0,12325.0,31,34,108.43,0.961,20251031_081_pol_pro_Ran_ado_2025_19_Colorado2025_x013824_y012288
Unknown_Sample,20251031_081_pol_pro_Ran_ado_2025_19_Colorado2025.czi,Ran_ado,589.48,14320.0,12791.0,30,32,104.77,0.96,20251031_081_pol_pro_Ran_ado_2025_19_Colorado2025_x013824_y012288
Unknown_Sample,20251031_081_pol_pro_Ran_ado_2025_19_Colorado2025.czi,Ran_ado,423.64,14139.0,12335.0,25,28,88.53,0.952,20251031_081_pol_pro_Ran_ado_2025_19_Colorado2025_x013824_y012288
Unknown_Sample,20251031_081_pol_pro_Ran_ado_2025_19_Colorado2025.czi,Ran_ado,552.54,14343.0,12914.0,31,27,102.63,0.947,20251031_081_pol_pro_Ran_ado_2025_19_Colorado2025_x013824_y012288
Unknown_Sample,20251031_081_pol_pro_Ran_ado_2025_19_Colorado2025.czi,Ran_ado,230.48,14458.0,12331.0,12,33,78.38,0.893,20251031_081_pol_pro_Ran_ado_2025_19_Colorado2025_x013824_y012288
Unknown_Sample,20251031_081_pol_pro_Ran_ado_2025_19_Colorado2025.czi,Ran_ado,642.58,14466.0,12330.0,31,35,109.25,0.966,20251031_081_pol_pro_Ran_ado_2025_19_Colorado2025_x014336_y012288
Unknown_Sample,20251031_081_pol_pro_Ran_ado_2025_19_Colorado2025.czi,Ran_ado,678.36,14367.0,12678.0,34,34,112.67,0.963,20251031_081_pol_pro_Ran_ado_2025_19_Colorado2025_x014336_y012288
Unknown_Sample,20251031_081_pol_pro_Ran_ado_2025_19_Colorado2025.czi,Ran_ado,613.33,14766.0,12809.0,31,32,106.77,0.962,20251031_081_pol_pro_Ran_ado_2025_19_Colorado2025_x014336_y012288
Unknown_Sample,20251031_081_pol_pro_Ran_ado_2025_19_Colorado2025.czi,Ran_ado,434.41,14602.0,12297.0,32,22,95.21,0.957,20251031_081_pol_pro_Ran_ado_2025_19_Colorado2025_x014336_y012288
Unknown_Sample,20251031_081_pol_pro_Ran_ado_2025_19_Colorado2025.czi,Ran_ado,411.33,14347.0,12914.0,23,27,90.73,0.953,20251031_081_pol_pro_Ran_ado_2025_19_Colorado2025_x014336_y012288
Unknown_Sample,20251031_081_pol_pro_Ran_ado_2025_19_Colorado2025.czi,Ran_ado,579.86,15226.0,12584.0,31,30,103.36,0.964,20251031_081_pol_pro_Ran_ado_2025_19_Colorado2025_x014848_y012288
Unknown_Sample,20251031_081_pol_pro_Ran_ado_2025_19_Colorado2025.czi,Ran_ado,538.3,15431.0,12559.0,29,30,99.36,0.959,20251031_081_pol_pro_Ran_ado_2025_19_Colorado2025_x014848_y012288
Unknown_Sample,20251031_081_pol_pro_Ran_ado_2025_19_Colorado2025.czi,Ran_ado,620.26,15778.0,12743.0,32,32,106.43,0.963,20251031_081_pol_pro_Ran_ado_2025_19_Colorado2025_x015360_y012288
Unknown_Sample,20251031_081_pol_pro_Ran_ado_2025_19_Colorado2025.czi,Ran_ado,561.39,15507.0,12344.0,32,30,103.01,0.961,20251031_081_pol_pro_Ran_ado_2025_19_Colorado2025_x015360_y012288
Unknown_Sample,20251031_081_pol_pro_Ran_ado_2025_19_Colorado2025.czi,Ran_ado,567.16,15939.0,12511.0,31,30,101.6,0.961,20251031_081_pol_pro_Ran_ado_2025_19_Colorado2025_x015360_y012288
Unknown_Sample,20251031_081_pol_pro_Ran_ado_2025_19_Colorado2025.czi,Ran_ado,538.3,15431.0,12559.0,29,30,99.36,0.958,20251031_081_pol_pro_Ran_ado_2025_19_Colorado2025_x015360_y012288
Unknown_Sample,20251031_081_pol_pro_Ran_ado_2025_19_Colorado2025.czi,Ran_ado,601.79,16088.0,12338.0,33,31,105.25,0.961,20251031_081_pol_pro_Ran_ado_2025_19_Colorado2025_x015872_y012288
Unknown_Sample,20251031_081_pol_pro_Ran_ado_2025_19_Colorado2025.czi,Ran_ado,567.16,15939.0,12511.0,31,30,101.6,0.961,20251031_081_pol_pro_Ran_ado_2025_19_Colorado2025_x015872_y012288
Unknown_Sample,20251031_081_pol_pro_Ran_ado_2025_19_Colorado2025.czi,Ran_ado,595.63,16260.0,12306.0,34,29,104.43,0.96,20251031_081_pol_pro_Ran_ado_2025_19_Colorado2025_x015872_y012288
Unknown_Sample,20251031_081_pol_pro_Ran_ado_2025_19_Colorado2025.czi,Ran_ado,390.93,17207.0,12571.0,28,23,86.28,0.91,20251031_081_pol_pro_Ran_ado_2025_19_Colorado2025_x016896_y012288
Unknown_Sample,20251031_081_pol_pro_Ran_ado_2025_19_Colorado2025.czi,Ran_ado,527.53,17374.0,12436.0,28,31,98.18,0.909,20251031_081_pol_pro_Ran_ado_2025_19_Colorado2025_x016896_y012288
Unknown_Sample,20251031_081_pol_pro_Ran_ado_2025_19_Colorado2025.czi,Ran_ado,95.04,17211.0,12494.0,13,12,43.07,0.642,20251031_081_pol_pro_Ran_ado_2025_19_Colorado2025_x016896_y012288
Unknown_Sample,20251031_081_pol_pro_Ran_ado_2025_19_Colorado2025.czi,Ran_ado,205.86,2144.0,13434.0,33,11,77.56,0.814,20251031_081_pol_pro_Ran_ado_2025_19_Colorado2025_x001536_y012800
Unknown_Sample,20251031_081_pol_pro_Ran_ado_2025_19_Colorado2025.czi,Ran_ado,213.55,2144.0,13434.0,34,11,78.38,0.817,20251031_081_pol_pro_Ran_ado_2025_19_Colorado2025_x002048_y012800
Unknown_Sample,20251031_081_pol_pro_Ran_ado_2025_19_Colorado2025.czi,Ran_ado,536.76,3165.0,13369.0,31,29,100.18,0.957,20251031_081_pol_pro_Ran_ado_2025_19_Colorado2025_x002560_y012800
Unknown_Sample,20251031_081_pol_pro_Ran_ado_2025_19_Colorado2025.czi,Ran_ado,555.62,2897.0,13108.0,29,33,101.25,0.956,20251031_081_pol_pro_Ran_ado_2025_19_Colorado2025_x002560_y012800
Unknown_Sample,20251031_081_pol_pro_Ran_ado_2025_19_Colorado2025.czi,Ran_ado,391.32,3186.0,13204.0,26,25,85.7,0.939,20251031_081_pol_pro_Ran_ado_2025_19_Colorado2025_x002560_y012800
Unknown_Sample,20251031_081_pol_pro_Ran_ado_2025_19_Colorado2025.czi,Ran_ado,536.76,3165.0,13369.0,31,29,100.18,0.957,20251031_081_pol_pro_Ran_ado_2025_19_Colorado2025_x003072_y012800
Unknown_Sample,20251031_081_pol_pro_Ran_ado_2025_19_Colorado2025.czi,Ran_ado,516.37,3608.0,13287.0,29,30,96.43,0.956,20251031_081_pol_pro_Ran_ado_2025_19_Colorado2025_x003072_y012800
Unknown_Sample,20251031_081_pol_pro_Ran_ado_2025_19_Colorado2025.czi,Ran_ado,520.22,3229.0,12992.0,29,31,98.43,0.953,20251031_081_pol_pro_Ran_ado_2025_19_Colorado2025_x003072_y012800
Unknown_Sample,20251031_081_pol_pro_Ran_ado_2025_19_Colorado2025.czi,Ran_ado,390.55,3186.0,13204.0,26,25,84.53,0.948,20251031_081_pol_pro_Ran_ado_2025_19_Colorado2025_x003072_y012800
Unknown_Sample,20251031_081_pol_pro_Ran_ado_2025_19_Colorado2025.czi,Ran_ado,505.6,3608.0,13287.0,28,30,95.6,0.956,20251031_081_pol_pro_Ran_ado_2025_19_Colorado2025_x003584_y012800
Unknown_Sample,20251031_081_pol_pro_Ran_ado_2025_19_Colorado2025.czi,Ran_ado,634.5,4237.0,13307.0,28,37,109.01,0.957,20251031_081_pol_pro_Ran_ado_2025_19_Colorado2025_x004096_y012800
Unknown_Sample,20251031_081_pol_pro_Ran_ado_2025_19_Colorado2025.czi,Ran_ado,523.68,4889.0,12867.0,31,28,99.36,0.956,20251031_081_pol_pro_Ran_ado_2025_19_Colorado2025_x004608_y012800
Unknown_Sample,20251031_081_pol_pro_Ran_ado_2025_19_Colorado2025.czi,Ran_ado,553.69,5006.0,13007.0,30,31,102.18,0.953,20251031_081_pol_pro_Ran_ado_2025_19_Colorado2025_x004608_y012800
Unknown_Sample,20251031_081_pol_pro_Ran_ado_2025_19_Colorado2025.czi,Ran_ado,559.47,5403.0,13015.0,29,32,101.6,0.959,20251031_081_pol_pro_Ran_ado_2025_19_Colorado2025_x005120_y012800
Unknown_Sample,20251031_081_pol_pro_Ran_ado_2025_19_Colorado2025.czi,Ran_ado,627.96,5632.0,13319.0,34,32,109.25,0.952,20251031_081_pol_pro_Ran_ado_2025_19_Colorado2025_x005120_y012800
Unknown_Sample,20251031_081_pol_pro_Ran_ado_2025_19_Colorado2025.czi,Ran_ado,466.73,6221.0,13316.0,28,27,92.53,0.959,20251031_081_pol_pro_Ran_ado_2025_19_Colorado2025_x005632_y012800
Unknown_Sample,20251031_081_pol_pro_Ran_ado_2025_19_Colorado2025.czi,Ran_ado,604.48,5920.0,13026.0,29,34,105.01,0.959,20251031_081_pol_pro_Ran_ado_2025_19_Colorado2025_x005632_y012800
Unknown_Sample,20251031_081_pol_pro_Ran_ado_2025_19_Colorado2025.czi,Ran_ado,547.92,5804.0,13015.0,28,32,100.77,0.956,20251031_081_pol_pro_Ran_ado_2025_19_Colorado2025_x005632_y012800
Unknown_Sample,20251031_081_pol_pro_Ran_ado_2025_19_Colorado2025.czi,Ran_ado,584.86,5782.0,13082.0,34,29,105.6,0.955,20251031_081_pol_pro_Ran_ado_2025_19_Colorado2025_x005632_y012800
Unknown_Sample,20251031_081_pol_pro_Ran_ado_2025_19_Colorado2025.czi,Ran_ado,291.28,5639.0,13318.0,17,31,83.21,0.946,20251031_081_pol_pro_Ran_ado_2025_19_Colorado2025_x005632_y012800
Unknown_Sample,20251031_081_pol_pro_Ran_ado_2025_19_Colorado2025.czi,Ran_ado,504.83,6637.0,13109.0,30,28,97.94,0.96,20251031_081_pol_pro_Ran_ado_2025_19_Colorado2025_x006144_y012800
Unknown_Sample,20251031_081_pol_pro_Ran_ado_2025_19_Colorado2025.czi,Ran_ado,616.8,6477.0,13087.0,31,34,107.84,0.96,20251031_081_pol_pro_Ran_ado_2025_19_Colorado2025_x006144_y012800
Unknown_Sample,20251031_081_pol_pro_Ran_ado_2025_19_Colorado2025.czi,Ran_ado,466.73,6221.0,13316.0,28,27,92.53,0.958,20251031_081_pol_pro_Ran_ado_2025_19_Colorado2025_x006144_y012800
Unknown_Sample,20251031_081_pol_pro_Ran_ado_2025_19_Colorado2025.czi,Ran_ado,549.85,6927.0,12927.0,33,28,102.18,0.961,20251031_081_pol_pro_Ran_ado_2025_19_Colorado2025_x006656_y012800
Unknown_Sample,20251031_081_pol_pro_Ran_ado_2025_19_Colorado2025.czi,Ran_ado,492.13,7260.0,12843.0,29,28,96.53,0.958,20251031_081_pol_pro_Ran_ado_2025_19_Colorado2025_x006656_y012800
Unknown_Sample,20251031_081_pol_pro_Ran_ado_2025_19_Colorado2025.czi,Ran_ado,514.06,6971.0,13026.0,29,29,96.77,0.956,20251031_081_pol_pro_Ran_ado_2025_19_Colorado2025_x006656_y012800
Unknown_Sample,20251031_081_pol_pro_Ran_ado_2025_19_Colorado2025.czi,Ran_ado,512.52,7060.0,13018.0,28,30,96.77,0.955,20251031_081_pol_pro_Ran_ado_2025_19_Colorado2025_x006656_y012800
Unknown_Sample,20251031_081_pol_pro_Ran_ado_2025_19_Colorado2025.czi,Ran_ado,537.15,7540.0,12813.0,32,27,98.77,0.962,20251031_081_pol_pro_Ran_ado_2025_19_Colorado2025_x007168_y012800
Unknown_Sample,20251031_081_pol_pro_Ran_ado_2025_19_Colorado2025.czi,Ran_ado,556.77,7315.0,13424.0,29,30,101.7,0.961,20251031_081_pol_pro_Ran_ado_2025_19_Colorado2025_x007168_y012800
Unknown_Sample,20251031_081_pol_pro_Ran_ado_2025_19_Colorado2025.czi,Ran_ado,553.31,7586.0,13077.0,32,28,100.77,0.96,20251031_081_pol_pro_Ran_ado_2025_19_Colorado2025_x007168_y012800
Unknown_Sample,20251031_081_pol_pro_Ran_ado_2025_19_Colorado2025.czi,Ran_ado,491.74,7260.0,12843.0,29,28,95.94,0.958,20251031_081_pol_pro_Ran_ado_2025_19_Colorado2025_x007168_y012800
Unknown_Sample,20251031_081_pol_pro_Ran_ado_2025_19_Colorado2025.czi,Ran_ado,549.85,7528.0,13067.0,31,29,100.18,0.958,20251031_081_pol_pro_Ran_ado_2025_19_Colorado2025_x007168_y012800
Unknown_Sample,20251031_081_pol_pro_Ran_ado_2025_19_Colorado2025.czi,Ran_ado,505.98,7783.0,13314.0,29,29,96.18,0.957,20251031_081_pol_pro_Ran_ado_2025_19_Colorado2025_x007168_y012800
Unknown_Sample,20251031_081_pol_pro_Ran_ado_2025_19_Colorado2025.czi,Ran_ado,664.12,7918.0,13371.0,34,31,109.6,0.962,20251031_081_pol_pro_Ran_ado_2025_19_Colorado2025_x007680_y012800
Unknown_Sample,20251031_081_pol_pro_Ran_ado_2025_19_Colorado2025.czi,Ran_ado,635.27,7997.0,13166.0,34,31,107.84,0.96,20251031_081_pol_pro_Ran_ado_2025_19_Colorado2025_x007680_y012800
Unknown_Sample,20251031_081_pol_pro_Ran_ado_2025_19_Colorado2025.czi,Ran_ado,511.75,8095.0,12880.0,29,29,95.6,0.96,20251031_081_pol_pro_Ran_ado_2025_19_Colorado2025_x007680_y012800
Unknown_Sample,20251031_081_pol_pro_Ran_ado_2025_19_Colorado2025.czi,Ran_ado,505.98,7783.0,13314.0,29,29,96.18,0.957,20251031_081_pol_pro_Ran_ado_2025_19_Colorado2025_x007680_y012800
Unknown_Sample,20251031_081_pol_pro_Ran_ado_2025_19_Colorado2025.czi,Ran_ado,419.79,8097.0,13195.0,26,26,88.87,0.954,20251031_081_pol_pro_Ran_ado_2025_19_Colorado2025_x007680_y012800
Unknown_Sample,20251031_081_pol_pro_Ran_ado_2025_19_Colorado2025.czi,Ran_ado,401.71,8311.0,13018.0,18,35,93.8,0.916,20251031_081_pol_pro_Ran_ado_2025_19_Colorado2025_x007680_y012800
Unknown_Sample,20251031_081_pol_pro_Ran_ado_2025_19_Colorado2025.czi,Ran_ado,599.87,8388.0,13171.0,30,33,105.01,0.962,20251031_081_pol_pro_Ran_ado_2025_19_Colorado2025_x008192_y012800
Unknown_Sample,20251031_081_pol_pro_Ran_ado_2025_19_Colorado2025.czi,Ran_ado,514.45,8705.0,12963.0,27,31,97.36,0.96,20251031_081_pol_pro_Ran_ado_2025_19_Colorado2025_x008192_y012800
Unknown_Sample,20251031_081_pol_pro_Ran_ado_2025_19_Colorado2025.czi,Ran_ado,554.08,8314.0,13017.0,27,34,101.6,0.96,20251031_081_pol_pro_Ran_ado_2025_19_Colorado2025_x008192_y012800
Unknown_Sample,20251031_081_pol_pro_Ran_ado_2025_19_Colorado2025.czi,Ran_ado,529.84,8344.0,13100.0,30,29,98.18,0.957,20251031_081_pol_pro_Ran_ado_2025_19_Colorado2025_x008192_y012800
Unknown_Sample,20251031_081_pol_pro_Ran_ado_2025_19_Colorado2025.czi,Ran_ado,622.57,8759.0,13078.0,33,32,107.25,0.957,20251031_081_pol_pro_Ran_ado_2025_19_Colorado2025_x008192_y012800
Unknown_Sample,20251031_081_pol_pro_Ran_ado_2025_19_Colorado2025.czi,Ran_ado,488.28,8364.0,13024.0,30,27,94.18,0.956,20251031_081_pol_pro_Ran_ado_2025_19_Colorado2025_x008192_y012800
Unknown_Sample,20251031_081_pol_pro_Ran_ado_2025_19_Colorado2025.czi,Ran_ado,574.09,8619.0,13348.0,29,33,103.6,0.956,20251031_081_pol_pro_Ran_ado_2025_19_Colorado2025_x008192_y012800
Unknown_Sample,20251031_081_pol_pro_Ran_ado_2025_19_Colorado2025.czi,Ran_ado,454.42,8819.0,13353.0,25,28,95.56,0.937,20251031_081_pol_pro_Ran_ado_2025_19_Colorado2025_x008192_y012800
Unknown_Sample,20251031_081_pol_pro_Ran_ado_2025_19_Colorado2025.czi,Ran_ado,499.06,8397.0,13428.0,35,23,99.7,0.913,20251031_081_pol_pro_Ran_ado_2025_19_Colorado2025_x008192_y012800
Unknown_Sample,20251031_081_pol_pro_Ran_ado_2025_19_Colorado2025.czi,Ran_ado,164.3,8367.0,13424.0,22,13,59.56,0.897,20251031_081_pol_pro_Ran_ado_2025_19_Colorado2025_x008192_y012800
Unknown_Sample,20251031_081_pol_pro_Ran_ado_2025_19_Colorado2025.czi,Ran_ado,594.48,9261.0,12869.0,32,31,105.01,0.963,20251031_081_pol_pro_Ran_ado_2025_19_Colorado2025_x008704_y012800
Unknown_Sample,20251031_081_pol_pro_Ran_ado_2025_19_Colorado2025.czi,Ran_ado,576.4,9321.0,13403.0,28,34,103.6,0.96,20251031_081_pol_pro_Ran_ado_2025_19_Colorado2025_x008704_y012800
Unknown_Sample,20251031_081_pol_pro_Ran_ado_2025_19_Colorado2025.czi,Ran_ado,544.07,8822.0,13353.0,32,28,100.77,0.958,20251031_081_pol_pro_Ran_ado_2025_19_Colorado2025_x008704_y012800
Unknown_Sample,20251031_081_pol_pro_Ran_ado_2025_19_Colorado2025.czi,Ran_ado,622.57,8759.0,13078.0,33,32,107.25,0.957,20251031_081_pol_pro_Ran_ado_2025_19_Colorado2025_x008704_y012800
Unknown_Sample,20251031_081_pol_pro_Ran_ado_2025_19_Colorado2025.czi,Ran_ado,271.65,8711.0,12963.0,15,31,79.8,0.953,20251031_081_pol_pro_Ran_ado_2025_19_Colorado2025_x008704_y012800
Unknown_Sample,20251031_081_pol_pro_Ran_ado_2025_19_Colorado2025.czi,Ran_ado,519.06,8855.0,13249.0,29,31,99.01,0.953,20251031_081_pol_pro_Ran_ado_2025_19_Colorado2025_x008704_y012800
Unknown_Sample,20251031_081_pol_pro_Ran_ado_2025_19_Colorado2025.czi,Ran_ado,594.48,9261.0,12869.0,32,31,105.01,0.964,20251031_081_pol_pro_Ran_ado_2025_19_Colorado2025_x009216_y012800
Unknown_Sample,20251031_081_pol_pro_Ran_ado_2025_19_Colorado2025.czi,Ran_ado,509.44,9714.0,12845.0,28,30,97.94,0.963,20251031_081_pol_pro_Ran_ado_2025_19_Colorado2025_x009216_y012800
Unknown_Sample,20251031_081_pol_pro_Ran_ado_2025_19_Colorado2025.czi,Ran_ado,532.53,9385.0,12921.0,26,33,99.94,0.962,20251031_081_pol_pro_Ran_ado_2025_19_Colorado2025_x009216_y012800
Unknown_Sample,20251031_081_pol_pro_Ran_ado_2025_19_Colorado2025.czi,Ran_ado,642.96,9586.0,12854.0,32,33,109.01,0.961,20251031_081_pol_pro_Ran_ado_2025_19_Colorado2025_x009216_y012800
Unknown_Sample,20251031_081_pol_pro_Ran_ado_2025_19_Colorado2025.czi,Ran_ado,573.7,9321.0,13403.0,28,34,103.01,0.96,20251031_081_pol_pro_Ran_ado_2025_19_Colorado2025_x009216_y012800
Unknown_Sample,20251031_081_pol_pro_Ran_ado_2025_19_Colorado2025.czi,Ran_ado,537.15,9509.0,13210.0,31,29,99.6,0.96,20251031_081_pol_pro_Ran_ado_2025_19_Colorado2025_x009216_y012800
Unknown_Sample,20251031_081_pol_pro_Ran_ado_2025_19_Colorado2025.czi,Ran_ado,594.48,9505.0,12992.0,31,32,105.01,0.96,20251031_081_pol_pro_Ran_ado_2025_19_Colorado2025_x009216_y012800
Unknown_Sample,20251031_081_pol_pro_Ran_ado_2025_19_Colorado2025.czi,Ran_ado,522.53,9485.0,13151.0,30,29,97.6,0.96,20251031_081_pol_pro_Ran_ado_2025_19_Colorado2025_x009216_y012800
Unknown_Sample,20251031_081_pol_pro_Ran_ado_2025_19_Colorado2025.czi,Ran_ado,485.2,9353.0,13275.0,28,28,93.36,0.959,20251031_081_pol_pro_Ran_ado_2025_19_Colorado2025_x009216_y012800
Unknown_Sample,20251031_081_pol_pro_Ran_ado_2025_19_Colorado2025.czi,Ran_ado,563.7,9652.0,13194.0,34,28,103.01,0.959,20251031_081_pol_pro_Ran_ado_2025_19_Colorado2025_x009216_y012800
Unknown_Sample,20251031_081_pol_pro_Ran_ado_2025_19_Colorado2025.czi,Ran_ado,533.3,9515.0,13303.0,30,30,99.6,0.959,20251031_081_pol_pro_Ran_ado_2025_19_Colorado2025_x009216_y012800
Unknown_Sample,20251031_081_pol_pro_Ran_ado_2025_19_Colorado2025.czi,Ran_ado,520.6,10115.0,12857.0,30,29,97.01,0.963,20251031_081_pol_pro_Ran_ado_2025_19_Colorado2025_x009728_y012800
Unknown_Sample,20251031_081_pol_pro_Ran_ado_2025_19_Colorado2025.czi,Ran_ado,571.78,9953.0,13243.0,30,32,102.43,0.96,20251031_081_pol_pro_Ran_ado_2025_19_Colorado2025_x009728_y012800
Unknown_Sample,20251031_081_pol_pro_Ran_ado_2025_19_Colorado2025.czi,Ran_ado,607.56,10491.0,13351.0,32,32,107.01,0.963,20251031_081_pol_pro_Ran_ado_2025_19_Colorado2025_x010240_y012800
Unknown_Sample,20251031_081_pol_pro_Ran_ado_2025_19_Colorado2025.czi,Ran_ado,562.93,10784.0,12899.0,29,31,102.53,0.963,20251031_081_pol_pro_Ran_ado_2025_19_Colorado2025_x010240_y012800
Unknown_Sample,20251031_081_pol_pro_Ran_ado_2025_19_Colorado2025.czi,Ran_ado,519.83,10537.0,12877.0,31,28,98.18,0.96,20251031_081_pol_pro_Ran_ado_2025_19_Colorado2025_x010240_y012800
Unknown_Sample,20251031_081_pol_pro_Ran_ado_2025_19_Colorado2025.czi,Ran_ado,572.93,10657.0,12968.0,31,31,101.84,0.957,20251031_081_pol_pro_Ran_ado_2025_19_Colorado2025_x010240_y012800
Unknown_Sample,20251031_081_pol_pro_Ran_ado_2025_19_Colorado2025.czi,Ran_ado,311.28,10371.0,13426.0,20,27,80.04,0.903,20251031_081_pol_pro_Ran_ado_2025_19_Colorado2025_x010240_y012800
Unknown_Sample,20251031_081_pol_pro_Ran_ado_2025_19_Colorado2025.czi,Ran_ado,625.26,11130.0,13326.0,31,33,107.01,0.964,20251031_081_pol_pro_Ran_ado_2025_19_Colorado2025_x010752_y012800
Unknown_Sample,20251031_081_pol_pro_Ran_ado_2025_19_Colorado2025.czi,Ran_ado,563.7,10784.0,12899.0,29,31,102.53,0.963,20251031_081_pol_pro_Ran_ado_2025_19_Colorado2025_x010752_y012800
Unknown_Sample,20251031_081_pol_pro_Ran_ado_2025_19_Colorado2025.czi,Ran_ado,547.15,11044.0,12870.0,29,31,99.6,0.962,20251031_081_pol_pro_Ran_ado_2025_19_Colorado2025_x010752_y012800
Unknown_Sample,20251031_081_pol_pro_Ran_ado_2025_19_Colorado2025.czi,Ran_ado,535.61,11001.0,12884.0,30,29,98.77,0.962,20251031_081_pol_pro_Ran_ado_2025_19_Colorado2025_x010752_y012800
Unknown_Sample,20251031_081_pol_pro_Ran_ado_2025_19_Colorado2025.czi,Ran_ado,523.3,10954.0,12947.0,26,33,97.6,0.961,20251031_081_pol_pro_Ran_ado_2025_19_Colorado2025_x010752_y012800
Unknown_Sample,20251031_081_pol_pro_Ran_ado_2025_19_Colorado2025.czi,Ran_ado,591.4,11201.0,13012.0,30,33,105.01,0.959,20251031_081_pol_pro_Ran_ado_2025_19_Colorado2025_x010752_y012800
Unknown_Sample,20251031_081_pol_pro_Ran_ado_2025_19_Colorado2025.czi,Ran_ado,582.55,11174.0,13192.0,30,32,103.6,0.959,20251031_081_pol_pro_Ran_ado_2025_19_Colorado2025_x010752_y012800
Unknown_Sample,20251031_081_pol_pro_Ran_ado_2025_19_Colorado2025.czi,Ran_ado,592.17,11216.0,13092.0,30,33,105.01,0.957,20251031_081_pol_pro_Ran_ado_2025_19_Colorado2025_x010752_y012800
Unknown_Sample,20251031_081_pol_pro_Ran_ado_2025_19_Colorado2025.czi,Ran_ado,475.2,11045.0,12964.0,28,28,93.36,0.957,20251031_081_pol_pro_Ran_ado_2025_19_Colorado2025_x010752_y012800
Unknown_Sample,20251031_081_pol_pro_Ran_ado_2025_19_Colorado2025.czi,Ran_ado,657.2,11700.0,13324.0,33,33,111.6,0.966,20251031_081_pol_pro_Ran_ado_2025_19_Colorado2025_x011264_y012800
Unknown_Sample,20251031_081_pol_pro_Ran_ado_2025_19_Colorado2025.czi,Ran_ado,614.49,11699.0,13197.0,33,32,106.67,0.964,20251031_081_pol_pro_Ran_ado_2025_19_Colorado2025_x011264_y012800
Unknown_Sample,20251031_081_pol_pro_Ran_ado_2025_19_Colorado2025.czi,Ran_ado,591.4,11601.0,13131.0,31,32,105.01,0.962,20251031_081_pol_pro_Ran_ado_2025_19_Colorado2025_x011264_y012800
Unknown_Sample,20251031_081_pol_pro_Ran_ado_2025_19_Colorado2025.czi,Ran_ado,552.15,11772.0,12963.0,30,30,100.18,0.96,20251031_081_pol_pro_Ran_ado_2025_19_Colorado2025_x011264_y012800
Unknown_Sample,20251031_081_pol_pro_Ran_ado_2025_19_Colorado2025.czi,Ran_ado,541.38,11573.0,13092.0,28,31,99.36,0.96,20251031_081_pol_pro_Ran_ado_2025_19_Colorado2025_x011264_y012800
Unknown_Sample,20251031_081_pol_pro_Ran_ado_2025_19_Colorado2025.czi,Ran_ado,511.37,11812.0,12911.0,29,29,96.18,0.959,20251031_081_pol_pro_Ran_ado_2025_19_Colorado2025_x011264_y012800
Unknown_Sample,20251031_081_pol_pro_Ran_ado_2025_19_Colorado2025.czi,Ran_ado,517.52,11878.0,12897.0,31,27,98.53,0.958,20251031_081_pol_pro_Ran_ado_2025_19_Colorado2025_x011264_y012800
Unknown_Sample,20251031_081_pol_pro_Ran_ado_2025_19_Colorado2025.czi,Ran_ado,187.39,11813.0,12805.0,29,12,70.38,0.943,20251031_081_pol_pro_Ran_ado_2025_19_Colorado2025_x011264_y012800
Unknown_Sample,20251031_081_pol_pro_Ran_ado_2025_19_Colorado2025.czi,Ran_ado,580.24,12096.0,13277.0,32,30,102.43,0.964,20251031_081_pol_pro_Ran_ado_2025_19_Colorado2025_x011776_y012800
Unknown_Sample,20251031_081_pol_pro_Ran_ado_2025_19_Colorado2025.czi,Ran_ado,512.52,12283.0,13340.0,28,30,96.77,0.962,20251031_081_pol_pro_Ran_ado_2025_19_Colorado2025_x011776_y012800
Unknown_Sample,20251031_081_pol_pro_Ran_ado_2025_19_Colorado2025.czi,Ran_ado,576.01,11982.0,13129.0,31,31,104.18,0.961,20251031_081_pol_pro_Ran_ado_2025_19_Colorado2025_x011776_y012800
Unknown_Sample,20251031_081_pol_pro_Ran_ado_2025_19_Colorado2025.czi,Ran_ado,511.37,11812.0,12911.0,29,29,96.18,0.96,20251031_081_pol_pro_Ran_ado_2025_19_Colorado2025_x011776_y012800
Unknown_Sample,20251031_081_pol_pro_Ran_ado_2025_19_Colorado2025.czi,Ran_ado,517.52,11878.0,12897.0,31,27,98.53,0.959,20251031_081_pol_pro_Ran_ado_2025_19_Colorado2025_x011776_y012800
Unknown_Sample,20251031_081_pol_pro_Ran_ado_2025_19_Colorado2025.czi,Ran_ado,542.15,12142.0,13097.0,29,32,101.01,0.956,20251031_081_pol_pro_Ran_ado_2025_19_Colorado2025_x011776_y012800
Unknown_Sample,20251031_081_pol_pro_Ran_ado_2025_19_Colorado2025.czi,Ran_ado,179.69,11781.0,12962.0,11,29,69.56,0.943,20251031_081_pol_pro_Ran_ado_2025_19_Colorado2025_x011776_y012800
Unknown_Sample,20251031_081_pol_pro_Ran_ado_2025_19_Colorado2025.czi,Ran_ado,187.39,11813.0,12805.0,29,12,70.38,0.942,20251031_081_pol_pro_Ran_ado_2025_19_Colorado2025_x011776_y012800
Unknown_Sample,20251031_081_pol_pro_Ran_ado_2025_19_Colorado2025.czi,Ran_ado,161.61,12410.0,12996.0,10,29,66.97,0.86,20251031_081_pol_pro_Ran_ado_2025_19_Colorado2025_x011776_y012800
Unknown_Sample,20251031_081_pol_pro_Ran_ado_2025_19_Colorado2025.czi,Ran_ado,599.1,12420.0,12997.0,31,32,105.01,0.964,20251031_081_pol_pro_Ran_ado_2025_19_Colorado2025_x012288_y012800
Unknown_Sample,20251031_081_pol_pro_Ran_ado_2025_19_Colorado2025.czi,Ran_ado,601.02,12553.0,13327.0,32,31,105.6,0.962,20251031_081_pol_pro_Ran_ado_2025_19_Colorado2025_x012288_y012800
Unknown_Sample,20251031_081_pol_pro_Ran_ado_2025_19_Colorado2025.czi,Ran_ado,606.02,12487.0,13405.0,33,31,105.84,0.962,20251031_081_pol_pro_Ran_ado_2025_19_Colorado2025_x012288_y012800
Unknown_Sample,20251031_081_pol_pro_Ran_ado_2025_19_Colorado2025.czi,Ran_ado,618.72,12544.0,13150.0,33,31,107.6,0.96,20251031_081_pol_pro_Ran_ado_2025_19_Colorado2025_x012288_y012800
Unknown_Sample,20251031_081_pol_pro_Ran_ado_2025_19_Colorado2025.czi,Ran_ado,623.34,12833.0,12891.0,35,30,107.25,0.959,20251031_081_pol_pro_Ran_ado_2025_19_Colorado2025_x012288_y012800
Unknown_Sample,20251031_081_pol_pro_Ran_ado_2025_19_Colorado2025.czi,Ran_ado,542.54,12797.0,13359.0,32,29,100.43,0.959,20251031_081_pol_pro_Ran_ado_2025_19_Colorado2025_x012288_y012800
Unknown_Sample,20251031_081_pol_pro_Ran_ado_2025_19_Colorado2025.czi,Ran_ado,248.57,12619.0,12807.0,27,16,74.97,0.946,20251031_081_pol_pro_Ran_ado_2025_19_Colorado2025_x012288_y012800
Unknown_Sample,20251031_081_pol_pro_Ran_ado_2025_19_Colorado2025.czi,Ran_ado,259.72,12550.0,13432.0,31,15,79.21,0.895,20251031_081_pol_pro_Ran_ado_2025_19_Colorado2025_x012288_y012800
Unknown_Sample,20251031_081_pol_pro_Ran_ado_2025_19_Colorado2025.czi,Ran_ado,579.09,13275.0,12879.0,30,32,103.01,0.964,20251031_081_pol_pro_Ran_ado_2025_19_Colorado2025_x012800_y012800
Unknown_Sample,20251031_081_pol_pro_Ran_ado_2025_19_Colorado2025.czi,Ran_ado,647.19,13292.0,13293.0,34,32,110.43,0.964,20251031_081_pol_pro_Ran_ado_2025_19_Colorado2025_x012800_y012800
Unknown_Sample,20251031_081_pol_pro_Ran_ado_2025_19_Colorado2025.czi,Ran_ado,567.16,13208.0,13371.0,29,32,102.77,0.964,20251031_081_pol_pro_Ran_ado_2025_19_Colorado2025_x012800_y012800
Unknown_Sample,20251031_081_pol_pro_Ran_ado_2025_19_Colorado2025.czi,Ran_ado,616.03,13371.0,13321.0,32,31,107.36,0.964,20251031_081_pol_pro_Ran_ado_2025_19_Colorado2025_x012800_y012800
Unknown_Sample,20251031_081_pol_pro_Ran_ado_2025_19_Colorado2025.czi,Ran_ado,759.93,13061.0,13387.0,34,37,117.5,0.963,20251031_081_pol_pro_Ran_ado_2025_19_Colorado2025_x012800_y012800
Unknown_Sample,20251031_081_pol_pro_Ran_ado_2025_19_Colorado2025.czi,Ran_ado,536.76,13380.0,12882.0,31,29,100.18,0.961,20251031_081_pol_pro_Ran_ado_2025_19_Colorado2025_x012800_y012800
Unknown_Sample,20251031_081_pol_pro_Ran_ado_2025_19_Colorado2025.czi,Ran_ado,626.42,12833.0,12891.0,35,30,107.25,0.959,20251031_081_pol_pro_Ran_ado_2025_19_Colorado2025_x012800_y012800
Unknown_Sample,20251031_081_pol_pro_Ran_ado_2025_19_Colorado2025.czi,Ran_ado,577.93,13425.0,13231.0,28,32,104.28,0.953,20251031_081_pol_pro_Ran_ado_2025_19_Colorado2025_x012800_y012800
Unknown_Sample,20251031_081_pol_pro_Ran_ado_2025_19_Colorado2025.czi,Ran_ado,202.78,12806.0,13358.0,14,28,71.21,0.943,20251031_081_pol_pro_Ran_ado_2025_19_Colorado2025_x012800_y012800
Unknown_Sample,20251031_081_pol_pro_Ran_ado_2025_19_Colorado2025.czi,Ran_ado,569.08,13787.0,12813.0,33,28,104.53,0.965,20251031_081_pol_pro_Ran_ado_2025_19_Colorado2025_x013312_y012800
Unknown_Sample,20251031_081_pol_pro_Ran_ado_2025_19_Colorado2025.czi,Ran_ado,611.03,13426.0,13231.0,31,32,105.6,0.964,20251031_081_pol_pro_Ran_ado_2025_19_Colorado2025_x013312_y012800
Unknown_Sample,20251031_081_pol_pro_Ran_ado_2025_19_Colorado2025.czi,Ran_ado,613.72,13371.0,13321.0,32,31,107.36,0.963,20251031_081_pol_pro_Ran_ado_2025_19_Colorado2025_x013312_y012800
Unknown_Sample,20251031_081_pol_pro_Ran_ado_2025_19_Colorado2025.czi,Ran_ado,528.68,13533.0,13343.0,28,31,98.77,0.961,20251031_081_pol_pro_Ran_ado_2025_19_Colorado2025_x013312_y012800
Unknown_Sample,20251031_081_pol_pro_Ran_ado_2025_19_Colorado2025.czi,Ran_ado,538.69,13380.0,12882.0,31,29,100.77,0.961,20251031_081_pol_pro_Ran_ado_2025_19_Colorado2025_x013312_y012800
Unknown_Sample,20251031_081_pol_pro_Ran_ado_2025_19_Colorado2025.czi,Ran_ado,652.97,14262.0,13115.0,33,32,109.01,0.964,20251031_081_pol_pro_Ran_ado_2025_19_Colorado2025_x013824_y012800
Unknown_Sample,20251031_081_pol_pro_Ran_ado_2025_19_Colorado2025.czi,Ran_ado,610.64,14128.0,13267.0,33,31,105.84,0.963,20251031_081_pol_pro_Ran_ado_2025_19_Colorado2025_x013824_y012800
Unknown_Sample,20251031_081_pol_pro_Ran_ado_2025_19_Colorado2025.czi,Ran_ado,632.57,14343.0,12916.0,31,33,108.77,0.962,20251031_081_pol_pro_Ran_ado_2025_19_Colorado2025_x013824_y012800
Unknown_Sample,20251031_081_pol_pro_Ran_ado_2025_19_Colorado2025.czi,Ran_ado,592.94,14120.0,13217.0,30,32,103.01,0.962,20251031_081_pol_pro_Ran_ado_2025_19_Colorado2025_x013824_y012800
Unknown_Sample,20251031_081_pol_pro_Ran_ado_2025_19_Colorado2025.czi,Ran_ado,694.91,14073.0,13367.0,33,35,113.25,0.961,20251031_081_pol_pro_Ran_ado_2025_19_Colorado2025_x013824_y012800
Unknown_Sample,20251031_081_pol_pro_Ran_ado_2025_19_Colorado2025.czi,Ran_ado,599.1,14263.0,12949.0,31,32,106.18,0.96,20251031_081_pol_pro_Ran_ado_2025_19_Colorado2025_x013824_y012800
Unknown_Sample,20251031_081_pol_pro_Ran_ado_2025_19_Colorado2025.czi,Ran_ado,459.81,14286.0,13425.0,26,28,92.87,0.939,20251031_081_pol_pro_Ran_ado_2025_19_Colorado2025_x013824_y012800
Unknown_Sample,20251031_081_pol_pro_Ran_ado_2025_19_Colorado2025.czi,Ran_ado,636.81,14515.0,13200.0,32,33,109.01,0.964,20251031_081_pol_pro_Ran_ado_2025_19_Colorado2025_x014336_y012800
Unknown_Sample,20251031_081_pol_pro_Ran_ado_2025_19_Colorado2025.czi,Ran_ado,506.75,14766.0,12812.0,31,25,99.21,0.963,20251031_081_pol_pro_Ran_ado_2025_19_Colorado2025_x014336_y012800
Unknown_Sample,20251031_081_pol_pro_Ran_ado_2025_19_Colorado2025.czi,Ran_ado,479.05,14347.0,12916.0,23,33,99.21,0.963,20251031_081_pol_pro_Ran_ado_2025_19_Colorado2025_x014336_y012800
Unknown_Sample,20251031_081_pol_pro_Ran_ado_2025_19_Colorado2025.czi,Ran_ado,540.61,14492.0,13244.0,30,29,99.36,0.962,20251031_081_pol_pro_Ran_ado_2025_19_Colorado2025_x014336_y012800
Unknown_Sample,20251031_081_pol_pro_Ran_ado_2025_19_Colorado2025.czi,Ran_ado,522.14,14845.0,13184.0,29,29,97.36,0.959,20251031_081_pol_pro_Ran_ado_2025_19_Colorado2025_x014336_y012800
Unknown_Sample,20251031_081_pol_pro_Ran_ado_2025_19_Colorado2025.czi,Ran_ado,349.76,14940.0,13190.0,23,24,81.21,0.955,20251031_081_pol_pro_Ran_ado_2025_19_Colorado2025_x014336_y012800
Unknown_Sample,20251031_081_pol_pro_Ran_ado_2025_19_Colorado2025.czi,Ran_ado,627.57,15286.0,13253.0,33,31,108.18,0.962,20251031_081_pol_pro_Ran_ado_2025_19_Colorado2025_x014848_y012800
Unknown_Sample,20251031_081_pol_pro_Ran_ado_2025_19_Colorado2025.czi,Ran_ado,348.99,14939.0,13190.0,23,24,81.21,0.955,20251031_081_pol_pro_Ran_ado_2025_19_Colorado2025_x014848_y012800
Unknown_Sample,20251031_081_pol_pro_Ran_ado_2025_19_Colorado2025.czi,Ran_ado,169.3,14853.0,13183.0,11,29,67.8,0.943,20251031_081_pol_pro_Ran_ado_2025_19_Colorado2025_x014848_y012800
Unknown_Sample,20251031_081_pol_pro_Ran_ado_2025_19_Colorado2025.czi,Ran_ado,619.88,15609.0,13139.0,30,34,107.01,0.964,20251031_081_pol_pro_Ran_ado_2025_19_Colorado2025_x015360_y012800
Unknown_Sample,20251031_081_pol_pro_Ran_ado_2025_19_Colorado2025.czi,Ran_ado,687.98,15915.0,13048.0,32,35,112.43,0.962,20251031_081_pol_pro_Ran_ado_2025_19_Colorado2025_x015360_y012800
Unknown_Sample,20251031_081_pol_pro_Ran_ado_2025_19_Colorado2025.czi,Ran_ado,562.16,15559.0,13150.0,30,30,101.36,0.961,20251031_081_pol_pro_Ran_ado_2025_19_Colorado2025_x015360_y012800
Unknown_Sample,20251031_081_pol_pro_Ran_ado_2025_19_Colorado2025.czi,Ran_ado,534.45,15982.0,12989.0,32,27,99.36,0.954,20251031_081_pol_pro_Ran_ado_2025_19_Colorado2025_x015360_y012800
Unknown_Sample,20251031_081_pol_pro_Ran_ado_2025_19_Colorado2025.czi,Ran_ado,687.98,15915.0,13048.0,32,35,112.43,0.962,20251031_081_pol_pro_Ran_ado_2025_19_Colorado2025_x015872_y012800
Unknown_Sample,20251031_081_pol_pro_Ran_ado_2025_19_Colorado2025.czi,Ran_ado,578.32,16439.0,13225.0,31,30,103.36,0.962,20251031_081_pol_pro_Ran_ado_2025_19_Colorado2025_x015872_y012800
Unknown_Sample,20251031_081_pol_pro_Ran_ado_2025_19_Colorado2025.czi,Ran_ado,689.9,16205.0,13337.0,35,32,113.01,0.96,20251031_081_pol_pro_Ran_ado_2025_19_Colorado2025_x015872_y012800
Unknown_Sample,20251031_081_pol_pro_Ran_ado_2025_19_Colorado2025.czi,Ran_ado,537.15,15982.0,12989.0,32,27,98.77,0.958,20251031_081_pol_pro_Ran_ado_2025_19_Colorado2025_x015872_y012800
Unknown_Sample,20251031_081_pol_pro_Ran_ado_2025_19_Colorado2025.czi,Ran_ado,579.09,16439.0,13225.0,31,30,103.36,0.961,20251031_081_pol_pro_Ran_ado_2025_19_Colorado2025_x016384_y012800
Unknown_Sample,20251031_081_pol_pro_Ran_ado_2025_19_Colorado2025.czi,Ran_ado,530.99,16732.0,12989.0,30,29,98.77,0.959,20251031_081_pol_pro_Ran_ado_2025_19_Colorado2025_x016384_y012800
Unknown_Sample,20251031_081_pol_pro_Ran_ado_2025_19_Colorado2025.czi,Ran_ado,510.98,16803.0,13134.0,29,29,96.77,0.958,20251031_081_pol_pro_Ran_ado_2025_19_Colorado2025_x016384_y012800
Unknown_Sample,20251031_081_pol_pro_Ran_ado_2025_19_Colorado2025.czi,Ran_ado,577.17,17247.0,13104.0,31,30,101.6,0.949,20251031_081_pol_pro_Ran_ado_2025_19_Colorado2025_x016896_y012800
Unknown_Sample,20251031_081_pol_pro_Ran_ado_2025_19_Colorado2025.czi,Ran_ado,481.74,1647.0,13477.0,30,27,94.77,0.946,20251031_081_pol_pro_Ran_ado_2025_19_Colorado2025_x001024_y013312
Unknown_Sample,20251031_081_pol_pro_Ran_ado_2025_19_Colorado2025.czi,Ran_ado,207.01,1648.0,13506.0,20,18,62.63,0.924,20251031_081_pol_pro_Ran_ado_2025_19_Colorado2025_x001024_y013312
Unknown_Sample,20251031_081_pol_pro_Ran_ado_2025_19_Colorado2025.czi,Ran_ado,493.28,1845.0,13866.0,30,27,94.77,0.957,20251031_081_pol_pro_Ran_ado_2025_19_Colorado2025_x001536_y013312
Unknown_Sample,20251031_081_pol_pro_Ran_ado_2025_19_Colorado2025.czi,Ran_ado,592.17,2072.0,13582.0,33,30,105.01,0.956,20251031_081_pol_pro_Ran_ado_2025_19_Colorado2025_x001536_y013312
Unknown_Sample,20251031_081_pol_pro_Ran_ado_2025_19_Colorado2025.czi,Ran_ado,483.66,1647.0,13477.0,30,27,94.18,0.951,20251031_081_pol_pro_Ran_ado_2025_19_Colorado2025_x001536_y013312
Unknown_Sample,20251031_081_pol_pro_Ran_ado_2025_19_Colorado2025.czi,Ran_ado,571.39,2147.0,13442.0,34,29,103.84,0.935,20251031_081_pol_pro_Ran_ado_2025_19_Colorado2025_x001536_y013312
Unknown_Sample,20251031_081_pol_pro_Ran_ado_2025_19_Colorado2025.czi,Ran_ado,641.42,2051.0,13732.0,37,30,111.84,0.931,20251031_081_pol_pro_Ran_ado_2025_19_Colorado2025_x001536_y013312
Unknown_Sample,20251031_081_pol_pro_Ran_ado_2025_19_Colorado2025.czi,Ran_ado,205.47,1648.0,13506.0,20,18,62.63,0.924,20251031_081_pol_pro_Ran_ado_2025_19_Colorado2025_x001536_y013312
Unknown_Sample,20251031_081_pol_pro_Ran_ado_2025_19_Colorado2025.czi,Ran_ado,545.23,2610.0,13752.0,30,30,100.18,0.961,20251031_081_pol_pro_Ran_ado_2025_19_Colorado2025_x002048_y013312
Unknown_Sample,20251031_081_pol_pro_Ran_ado_2025_19_Colorado2025.czi,Ran_ado,602.95,2072.0,13582.0,33,30,105.01,0.951,20251031_081_pol_pro_Ran_ado_2025_19_Colorado2025_x002048_y013312
Unknown_Sample,20251031_081_pol_pro_Ran_ado_2025_19_Colorado2025.czi,Ran_ado,581.01,2147.0,13442.0,34,29,104.43,0.928,20251031_081_pol_pro_Ran_ado_2025_19_Colorado2025_x002048_y013312
Unknown_Sample,20251031_081_pol_pro_Ran_ado_2025_19_Colorado2025.czi,Ran_ado,382.85,2057.0,13733.0,23,30,92.04,0.908,20251031_081_pol_pro_Ran_ado_2025_19_Colorado2025_x002048_y013312
Unknown_Sample,20251031_081_pol_pro_Ran_ado_2025_19_Colorado2025.czi,Ran_ado,391.7,2672.0,13942.0,30,20,90.14,0.904,20251031_081_pol_pro_Ran_ado_2025_19_Colorado2025_x002048_y013312
Unknown_Sample,20251031_081_pol_pro_Ran_ado_2025_19_Colorado2025.czi,Ran_ado,545.23,2610.0,13752.0,30,30,100.18,0.961,20251031_081_pol_pro_Ran_ado_2025_19_Colorado2025_x002560_y013312
Unknown_Sample,20251031_081_pol_pro_Ran_ado_2025_19_Colorado2025.czi,Ran_ado,536.76,3165.0,13369.0,31,29,100.18,0.957,20251031_081_pol_pro_Ran_ado_2025_19_Colorado2025_x002560_y013312
Unknown_Sample,20251031_081_pol_pro_Ran_ado_2025_19_Colorado2025.czi,Ran_ado,397.86,2673.0,13942.0,31,20,90.97,0.923,20251031_081_pol_pro_Ran_ado_2025_19_Colorado2025_x002560_y013312
Unknown_Sample,20251031_081_pol_pro_Ran_ado_2025_19_Colorado2025.czi,Ran_ado,536.76,3165.0,13369.0,31,29,100.18,0.957,20251031_081_pol_pro_Ran_ado_2025_19_Colorado2025_x003072_y013312
Unknown_Sample,20251031_081_pol_pro_Ran_ado_2025_19_Colorado2025.czi,Ran_ado,550.62,3852.0,13691.0,29,31,101.36,0.961,20251031_081_pol_pro_Ran_ado_2025_19_Colorado2025_x003584_y013312
Unknown_Sample,20251031_081_pol_pro_Ran_ado_2025_19_Colorado2025.czi,Ran_ado,480.97,4107.0,13569.0,29,28,93.6,0.957,20251031_081_pol_pro_Ran_ado_2025_19_Colorado2025_x003584_y013312
Unknown_Sample,20251031_081_pol_pro_Ran_ado_2025_19_Colorado2025.czi,Ran_ado,451.34,4190.0,13786.0,28,26,90.53,0.956,20251031_081_pol_pro_Ran_ado_2025_19_Colorado2025_x003584_y013312
Unknown_Sample,20251031_081_pol_pro_Ran_ado_2025_19_Colorado2025.czi,Ran_ado,559.08,4515.0,13471.0,32,29,102.18,0.962,20251031_081_pol_pro_Ran_ado_2025_19_Colorado2025_x004096_y013312
Unknown_Sample,20251031_081_pol_pro_Ran_ado_2025_19_Colorado2025.czi,Ran_ado,536.76,4247.0,13707.0,28,31,100.53,0.961,20251031_081_pol_pro_Ran_ado_2025_19_Colorado2025_x004096_y013312
Unknown_Sample,20251031_081_pol_pro_Ran_ado_2025_19_Colorado2025.czi,Ran_ado,447.88,4108.0,13569.0,26,28,92.28,0.96,20251031_081_pol_pro_Ran_ado_2025_19_Colorado2025_x004096_y013312
Unknown_Sample,20251031_081_pol_pro_Ran_ado_2025_19_Colorado2025.czi,Ran_ado,451.34,4190.0,13786.0,28,26,90.53,0.955,20251031_081_pol_pro_Ran_ado_2025_19_Colorado2025_x004096_y013312
Unknown_Sample,20251031_081_pol_pro_Ran_ado_2025_19_Colorado2025.czi,Ran_ado,198.16,4236.0,13318.0,26,14,68.38,0.942,20251031_081_pol_pro_Ran_ado_2025_19_Colorado2025_x004096_y013312
Unknown_Sample,20251031_081_pol_pro_Ran_ado_2025_19_Colorado2025.czi,Ran_ado,596.79,5100.0,13836.0,32,31,105.01,0.963,20251031_081_pol_pro_Ran_ado_2025_19_Colorado2025_x004608_y013312
Unknown_Sample,20251031_081_pol_pro_Ran_ado_2025_19_Colorado2025.czi,Ran_ado,535.22,5594.0,13493.0,29,30,98.18,0.96,20251031_081_pol_pro_Ran_ado_2025_19_Colorado2025_x005120_y013312
Unknown_Sample,20251031_081_pol_pro_Ran_ado_2025_19_Colorado2025.czi,Ran_ado,561.0,5269.0,13647.0,31,30,101.6,0.958,20251031_081_pol_pro_Ran_ado_2025_19_Colorado2025_x005120_y013312
Unknown_Sample,20251031_081_pol_pro_Ran_ado_2025_19_Colorado2025.czi,Ran_ado,472.12,5356.0,13443.0,29,27,93.36,0.957,20251031_081_pol_pro_Ran_ado_2025_19_Colorado2025_x005120_y013312
Unknown_Sample,20251031_081_pol_pro_Ran_ado_2025_19_Colorado2025.czi,Ran_ado,489.82,5631.0,13322.0,34,25,101.7,0.944,20251031_081_pol_pro_Ran_ado_2025_19_Colorado2025_x005120_y013312
Unknown_Sample,20251031_081_pol_pro_Ran_ado_2025_19_Colorado2025.czi,Ran_ado,634.5,5951.0,13585.0,31,33,108.18,0.962,20251031_081_pol_pro_Ran_ado_2025_19_Colorado2025_x005632_y013312
Unknown_Sample,20251031_081_pol_pro_Ran_ado_2025_19_Colorado2025.czi,Ran_ado,486.74,5843.0,13875.0,30,27,95.36,0.96,20251031_081_pol_pro_Ran_ado_2025_19_Colorado2025_x005632_y013312
Unknown_Sample,20251031_081_pol_pro_Ran_ado_2025_19_Colorado2025.czi,Ran_ado,313.21,6221.0,13320.0,28,18,79.8,0.96,20251031_081_pol_pro_Ran_ado_2025_19_Colorado2025_x005632_y013312
Unknown_Sample,20251031_081_pol_pro_Ran_ado_2025_19_Colorado2025.czi,Ran_ado,569.47,5968.0,13445.0,33,28,102.77,0.958,20251031_081_pol_pro_Ran_ado_2025_19_Colorado2025_x005632_y013312
Unknown_Sample,20251031_081_pol_pro_Ran_ado_2025_19_Colorado2025.czi,Ran_ado,578.7,5928.0,13873.0,32,30,104.77,0.958,20251031_081_pol_pro_Ran_ado_2025_19_Colorado2025_x005632_y013312
Unknown_Sample,20251031_081_pol_pro_Ran_ado_2025_19_Colorado2025.czi,Ran_ado,531.38,5856.0,13655.0,30,30,97.84,0.958,20251031_081_pol_pro_Ran_ado_2025_19_Colorado2025_x005632_y013312
Unknown_Sample,20251031_081_pol_pro_Ran_ado_2025_19_Colorado2025.czi,Ran_ado,634.5,5777.0,13736.0,35,30,109.01,0.956,20251031_081_pol_pro_Ran_ado_2025_19_Colorado2025_x005632_y013312
Unknown_Sample,20251031_081_pol_pro_Ran_ado_2025_19_Colorado2025.czi,Ran_ado,431.33,6020.0,13809.0,26,27,89.7,0.956,20251031_081_pol_pro_Ran_ado_2025_19_Colorado2025_x005632_y013312
Unknown_Sample,20251031_081_pol_pro_Ran_ado_2025_19_Colorado2025.czi,Ran_ado,209.32,5639.0,13321.0,17,23,70.14,0.949,20251031_081_pol_pro_Ran_ado_2025_19_Colorado2025_x005632_y013312
Unknown_Sample,20251031_081_pol_pro_Ran_ado_2025_19_Colorado2025.czi,Ran_ado,555.62,6484.0,13922.0,31,30,100.43,0.963,20251031_081_pol_pro_Ran_ado_2025_19_Colorado2025_x006144_y013312
Unknown_Sample,20251031_081_pol_pro_Ran_ado_2025_19_Colorado2025.czi,Ran_ado,569.08,6684.0,13493.0,29,32,102.18,0.963,20251031_081_pol_pro_Ran_ado_2025_19_Colorado2025_x006144_y013312
Unknown_Sample,20251031_081_pol_pro_Ran_ado_2025_19_Colorado2025.czi,Ran_ado,561.39,6726.0,13770.0,27,34,101.01,0.961,20251031_081_pol_pro_Ran_ado_2025_19_Colorado2025_x006144_y013312
Unknown_Sample,20251031_081_pol_pro_Ran_ado_2025_19_Colorado2025.czi,Ran_ado,561.39,6765.0,13506.0,30,31,102.18,0.96,20251031_081_pol_pro_Ran_ado_2025_19_Colorado2025_x006144_y013312
Unknown_Sample,20251031_081_pol_pro_Ran_ado_2025_19_Colorado2025.czi,Ran_ado,313.21,6221.0,13320.0,28,18,79.8,0.96,20251031_081_pol_pro_Ran_ado_2025_19_Colorado2025_x006144_y013312
Unknown_Sample,20251031_081_pol_pro_Ran_ado_2025_19_Colorado2025.czi,Ran_ado,628.34,6746.0,13631.0,33,32,107.84,0.959,20251031_081_pol_pro_Ran_ado_2025_19_Colorado2025_x006144_y013312
Unknown_Sample,20251031_081_pol_pro_Ran_ado_2025_19_Colorado2025.czi,Ran_ado,629.88,6766.0,13667.0,33,31,109.36,0.955,20251031_081_pol_pro_Ran_ado_2025_19_Colorado2025_x006144_y013312
Unknown_Sample,20251031_081_pol_pro_Ran_ado_2025_19_Colorado2025.czi,Ran_ado,556.0,6764.0,13506.0,29,31,101.36,0.964,20251031_081_pol_pro_Ran_ado_2025_19_Colorado2025_x006656_y013312
Unknown_Sample,20251031_081_pol_pro_Ran_ado_2025_19_Colorado2025.czi,Ran_ado,569.47,6684.0,13493.0,29,32,102.77,0.963,20251031_081_pol_pro_Ran_ado_2025_19_Colorado2025_x006656_y013312
Unknown_Sample,20251031_081_pol_pro_Ran_ado_2025_19_Colorado2025.czi,Ran_ado,505.6,7233.0,13558.0,31,27,96.77,0.961,20251031_081_pol_pro_Ran_ado_2025_19_Colorado2025_x006656_y013312
Unknown_Sample,20251031_081_pol_pro_Ran_ado_2025_19_Colorado2025.czi,Ran_ado,561.39,6726.0,13770.0,27,34,101.01,0.961,20251031_081_pol_pro_Ran_ado_2025_19_Colorado2025_x006656_y013312
Unknown_Sample,20251031_081_pol_pro_Ran_ado_2025_19_Colorado2025.czi,Ran_ado,629.49,6746.0,13631.0,33,32,108.43,0.959,20251031_081_pol_pro_Ran_ado_2025_19_Colorado2025_x006656_y013312
Unknown_Sample,20251031_081_pol_pro_Ran_ado_2025_19_Colorado2025.czi,Ran_ado,628.73,6766.0,13667.0,33,31,108.77,0.959,20251031_081_pol_pro_Ran_ado_2025_19_Colorado2025_x006656_y013312
Unknown_Sample,20251031_081_pol_pro_Ran_ado_2025_19_Colorado2025.czi,Ran_ado,270.5,7289.0,13722.0,14,32,80.38,0.9,20251031_081_pol_pro_Ran_ado_2025_19_Colorado2025_x006656_y013312
Unknown_Sample,20251031_081_pol_pro_Ran_ado_2025_19_Colorado2025.czi,Ran_ado,586.78,7295.0,13722.0,29,33,103.01,0.961,20251031_081_pol_pro_Ran_ado_2025_19_Colorado2025_x007168_y013312
Unknown_Sample,20251031_081_pol_pro_Ran_ado_2025_19_Colorado2025.czi,Ran_ado,515.99,7500.0,13452.0,29,29,98.53,0.961,20251031_081_pol_pro_Ran_ado_2025_19_Colorado2025_x007168_y013312
Unknown_Sample,20251031_081_pol_pro_Ran_ado_2025_19_Colorado2025.czi,Ran_ado,679.13,7776.0,13531.0,39,30,113.5,0.96,20251031_081_pol_pro_Ran_ado_2025_19_Colorado2025_x007168_y013312
Unknown_Sample,20251031_081_pol_pro_Ran_ado_2025_19_Colorado2025.czi,Ran_ado,504.06,7233.0,13558.0,31,27,96.77,0.96,20251031_081_pol_pro_Ran_ado_2025_19_Colorado2025_x007168_y013312
Unknown_Sample,20251031_081_pol_pro_Ran_ado_2025_19_Colorado2025.czi,Ran_ado,566.39,7315.0,13424.0,29,32,102.77,0.959,20251031_081_pol_pro_Ran_ado_2025_19_Colorado2025_x007168_y013312
Unknown_Sample,20251031_081_pol_pro_Ran_ado_2025_19_Colorado2025.czi,Ran_ado,292.82,7784.0,13320.0,29,17,79.21,0.951,20251031_081_pol_pro_Ran_ado_2025_19_Colorado2025_x007168_y013312
Unknown_Sample,20251031_081_pol_pro_Ran_ado_2025_19_Colorado2025.czi,Ran_ado,606.02,7822.0,13858.0,30,33,105.01,0.964,20251031_081_pol_pro_Ran_ado_2025_19_Colorado2025_x007680_y013312
Unknown_Sample,20251031_081_pol_pro_Ran_ado_2025_19_Colorado2025.czi,Ran_ado,664.12,7918.0,13371.0,34,31,109.6,0.962,20251031_081_pol_pro_Ran_ado_2025_19_Colorado2025_x007680_y013312
Unknown_Sample,20251031_081_pol_pro_Ran_ado_2025_19_Colorado2025.czi,Ran_ado,535.61,8059.0,13508.0,29,30,98.77,0.962,20251031_081_pol_pro_Ran_ado_2025_19_Colorado2025_x007680_y013312
Unknown_Sample,20251031_081_pol_pro_Ran_ado_2025_19_Colorado2025.czi,Ran_ado,514.45,8155.0,13883.0,29,29,97.36,0.962,20251031_081_pol_pro_Ran_ado_2025_19_Colorado2025_x007680_y013312
Unknown_Sample,20251031_081_pol_pro_Ran_ado_2025_19_Colorado2025.czi,Ran_ado,676.05,7776.0,13531.0,39,30,113.5,0.96,20251031_081_pol_pro_Ran_ado_2025_19_Colorado2025_x007680_y013312
Unknown_Sample,20251031_081_pol_pro_Ran_ado_2025_19_Colorado2025.czi,Ran_ado,482.13,7936.0,13622.0,27,30,95.36,0.96,20251031_081_pol_pro_Ran_ado_2025_19_Colorado2025_x007680_y013312
Unknown_Sample,20251031_081_pol_pro_Ran_ado_2025_19_Colorado2025.czi,Ran_ado,498.29,8135.0,13838.0,29,29,97.36,0.959,20251031_081_pol_pro_Ran_ado_2025_19_Colorado2025_x007680_y013312
Unknown_Sample,20251031_081_pol_pro_Ran_ado_2025_19_Colorado2025.czi,Ran_ado,292.82,7784.0,13320.0,29,17,79.21,0.95,20251031_081_pol_pro_Ran_ado_2025_19_Colorado2025_x007680_y013312
Unknown_Sample,20251031_081_pol_pro_Ran_ado_2025_19_Colorado2025.czi,Ran_ado,90.04,8120.0,13461.0,13,11,42.83,0.924,20251031_081_pol_pro_Ran_ado_2025_19_Colorado2025_x007680_y013312
Unknown_Sample,20251031_081_pol_pro_Ran_ado_2025_19_Colorado2025.czi,Ran_ado,629.11,8452.0,13780.0,32,32,109.36,0.965,20251031_081_pol_pro_Ran_ado_2025_19_Colorado2025_x008192_y013312
Unknown_Sample,20251031_081_pol_pro_Ran_ado_2025_19_Colorado2025.czi,Ran_ado,577.55,8762.0,13456.0,32,30,103.01,0.959,20251031_081_pol_pro_Ran_ado_2025_19_Colorado2025_x008192_y013312
Unknown_Sample,20251031_081_pol_pro_Ran_ado_2025_19_Colorado2025.czi,Ran_ado,574.09,8619.0,13348.0,29,33,103.6,0.956,20251031_081_pol_pro_Ran_ado_2025_19_Colorado2025_x008192_y013312
Unknown_Sample,20251031_081_pol_pro_Ran_ado_2025_19_Colorado2025.czi,Ran_ado,554.08,8818.0,13755.0,28,31,102.28,0.952,20251031_081_pol_pro_Ran_ado_2025_19_Colorado2025_x008192_y013312
Unknown_Sample,20251031_081_pol_pro_Ran_ado_2025_19_Colorado2025.czi,Ran_ado,542.92,8397.0,13429.0,35,27,100.67,0.942,20251031_081_pol_pro_Ran_ado_2025_19_Colorado2025_x008192_y013312
Unknown_Sample,20251031_081_pol_pro_Ran_ado_2025_19_Colorado2025.czi,Ran_ado,454.42,8819.0,13353.0,25,28,95.56,0.937,20251031_081_pol_pro_Ran_ado_2025_19_Colorado2025_x008192_y013312
Unknown_Sample,20251031_081_pol_pro_Ran_ado_2025_19_Colorado2025.czi,Ran_ado,162.76,8367.0,13424.0,22,13,58.38,0.894,20251031_081_pol_pro_Ran_ado_2025_19_Colorado2025_x008192_y013312
Unknown_Sample,20251031_081_pol_pro_Ran_ado_2025_19_Colorado2025.czi,Ran_ado,598.33,8819.0,13755.0,32,31,103.84,0.965,20251031_081_pol_pro_Ran_ado_2025_19_Colorado2025_x008704_y013312
Unknown_Sample,20251031_081_pol_pro_Ran_ado_2025_19_Colorado2025.czi,Ran_ado,540.23,9141.0,13453.0,28,31,99.94,0.963,20251031_081_pol_pro_Ran_ado_2025_19_Colorado2025_x008704_y013312
Unknown_Sample,20251031_081_pol_pro_Ran_ado_2025_19_Colorado2025.czi,Ran_ado,597.17,9280.0,13810.0,30,32,104.77,0.961,20251031_081_pol_pro_Ran_ado_2025_19_Colorado2025_x008704_y013312
Unknown_Sample,20251031_081_pol_pro_Ran_ado_2025_19_Colorado2025.czi,Ran_ado,576.01,9321.0,13403.0,28,34,103.01,0.961,20251031_081_pol_pro_Ran_ado_2025_19_Colorado2025_x008704_y013312
Unknown_Sample,20251031_081_pol_pro_Ran_ado_2025_19_Colorado2025.czi,Ran_ado,541.38,8822.0,13353.0,32,28,101.36,0.958,20251031_081_pol_pro_Ran_ado_2025_19_Colorado2025_x008704_y013312
Unknown_Sample,20251031_081_pol_pro_Ran_ado_2025_19_Colorado2025.czi,Ran_ado,577.55,8762.0,13456.0,32,30,103.01,0.958,20251031_081_pol_pro_Ran_ado_2025_19_Colorado2025_x008704_y013312
Unknown_Sample,20251031_081_pol_pro_Ran_ado_2025_19_Colorado2025.czi,Ran_ado,392.47,9333.0,13925.0,22,27,88.14,0.933,20251031_081_pol_pro_Ran_ado_2025_19_Colorado2025_x008704_y013312
Unknown_Sample,20251031_081_pol_pro_Ran_ado_2025_19_Colorado2025.czi,Ran_ado,620.64,9630.0,13777.0,29,35,108.18,0.963,20251031_081_pol_pro_Ran_ado_2025_19_Colorado2025_x009216_y013312
Unknown_Sample,20251031_081_pol_pro_Ran_ado_2025_19_Colorado2025.czi,Ran_ado,631.03,9488.0,13502.0,31,33,107.6,0.961,20251031_081_pol_pro_Ran_ado_2025_19_Colorado2025_x009216_y013312
Unknown_Sample,20251031_081_pol_pro_Ran_ado_2025_19_Colorado2025.czi,Ran_ado,597.17,9280.0,13810.0,30,32,104.77,0.961,20251031_081_pol_pro_Ran_ado_2025_19_Colorado2025_x009216_y013312
Unknown_Sample,20251031_081_pol_pro_Ran_ado_2025_19_Colorado2025.czi,Ran_ado,573.7,9321.0,13403.0,28,34,103.01,0.961,20251031_081_pol_pro_Ran_ado_2025_19_Colorado2025_x009216_y013312
Unknown_Sample,20251031_081_pol_pro_Ran_ado_2025_19_Colorado2025.czi,Ran_ado,537.53,9425.0,13746.0,28,31,99.36,0.961,20251031_081_pol_pro_Ran_ado_2025_19_Colorado2025_x009216_y013312
Unknown_Sample,20251031_081_pol_pro_Ran_ado_2025_19_Colorado2025.czi,Ran_ado,484.43,9334.0,13925.0,29,27,94.53,0.958,20251031_081_pol_pro_Ran_ado_2025_19_Colorado2025_x009216_y013312
Unknown_Sample,20251031_081_pol_pro_Ran_ado_2025_19_Colorado2025.czi,Ran_ado,312.44,9735.0,13943.0,31,17,83.8,0.909,20251031_081_pol_pro_Ran_ado_2025_19_Colorado2025_x009216_y013312
Unknown_Sample,20251031_081_pol_pro_Ran_ado_2025_19_Colorado2025.czi,Ran_ado,533.3,10232.0,13569.0,29,30,98.77,0.96,20251031_081_pol_pro_Ran_ado_2025_19_Colorado2025_x009728_y013312
Unknown_Sample,20251031_081_pol_pro_Ran_ado_2025_19_Colorado2025.czi,Ran_ado,508.67,10176.0,13874.0,29,28,97.11,0.959,20251031_081_pol_pro_Ran_ado_2025_19_Colorado2025_x009728_y013312
Unknown_Sample,20251031_081_pol_pro_Ran_ado_2025_19_Colorado2025.czi,Ran_ado,507.52,9901.0,13677.0,30,28,97.36,0.959,20251031_081_pol_pro_Ran_ado_2025_19_Colorado2025_x009728_y013312
Unknown_Sample,20251031_081_pol_pro_Ran_ado_2025_19_Colorado2025.czi,Ran_ado,517.52,10207.0,13613.0,28,30,97.36,0.958,20251031_081_pol_pro_Ran_ado_2025_19_Colorado2025_x009728_y013312
Unknown_Sample,20251031_081_pol_pro_Ran_ado_2025_19_Colorado2025.czi,Ran_ado,553.31,10128.0,13804.0,31,30,100.43,0.957,20251031_081_pol_pro_Ran_ado_2025_19_Colorado2025_x009728_y013312
Unknown_Sample,20251031_081_pol_pro_Ran_ado_2025_19_Colorado2025.czi,Ran_ado,330.52,9943.0,13681.0,23,24,77.7,0.956,20251031_081_pol_pro_Ran_ado_2025_19_Colorado2025_x009728_y013312
Unknown_Sample,20251031_081_pol_pro_Ran_ado_2025_19_Colorado2025.czi,Ran_ado,402.86,10357.0,13559.0,22,28,89.56,0.937,20251031_081_pol_pro_Ran_ado_2025_19_Colorado2025_x009728_y013312
Unknown_Sample,20251031_081_pol_pro_Ran_ado_2025_19_Colorado2025.czi,Ran_ado,241.26,9738.0,13943.0,22,17,71.07,0.928,20251031_081_pol_pro_Ran_ado_2025_19_Colorado2025_x009728_y013312
Unknown_Sample,20251031_081_pol_pro_Ran_ado_2025_19_Colorado2025.czi,Ran_ado,635.65,10810.0,13734.0,34,31,107.25,0.968,20251031_081_pol_pro_Ran_ado_2025_19_Colorado2025_x010240_y013312
Unknown_Sample,20251031_081_pol_pro_Ran_ado_2025_19_Colorado2025.czi,Ran_ado,618.34,10747.0,13604.0,32,32,105.84,0.966,20251031_081_pol_pro_Ran_ado_2025_19_Colorado2025_x010240_y013312
Unknown_Sample,20251031_081_pol_pro_Ran_ado_2025_19_Colorado2025.czi,Ran_ado,586.4,10693.0,13468.0,32,30,103.6,0.964,20251031_081_pol_pro_Ran_ado_2025_19_Colorado2025_x010240_y013312
Unknown_Sample,20251031_081_pol_pro_Ran_ado_2025_19_Colorado2025.czi,Ran_ado,606.79,10491.0,13351.0,32,32,107.01,0.963,20251031_081_pol_pro_Ran_ado_2025_19_Colorado2025_x010240_y013312
Unknown_Sample,20251031_081_pol_pro_Ran_ado_2025_19_Colorado2025.czi,Ran_ado,507.91,10473.0,13682.0,27,31,95.6,0.961,20251031_081_pol_pro_Ran_ado_2025_19_Colorado2025_x010240_y013312
Unknown_Sample,20251031_081_pol_pro_Ran_ado_2025_19_Colorado2025.czi,Ran_ado,534.07,10676.0,13632.0,29,30,98.77,0.961,20251031_081_pol_pro_Ran_ado_2025_19_Colorado2025_x010240_y013312
Unknown_Sample,20251031_081_pol_pro_Ran_ado_2025_19_Colorado2025.czi,Ran_ado,535.22,10360.0,13559.0,32,28,100.18,0.96,20251031_081_pol_pro_Ran_ado_2025_19_Colorado2025_x010240_y013312
Unknown_Sample,20251031_081_pol_pro_Ran_ado_2025_19_Colorado2025.czi,Ran_ado,320.13,10371.0,13427.0,19,30,82.28,0.931,20251031_081_pol_pro_Ran_ado_2025_19_Colorado2025_x010240_y013312
Unknown_Sample,20251031_081_pol_pro_Ran_ado_2025_19_Colorado2025.czi,Ran_ado,602.95,11130.0,13327.0,31,31,105.36,0.967,20251031_081_pol_pro_Ran_ado_2025_19_Colorado2025_x010752_y013312
Unknown_Sample,20251031_081_pol_pro_Ran_ado_2025_19_Colorado2025.czi,Ran_ado,607.95,11210.0,13861.0,31,32,106.77,0.965,20251031_081_pol_pro_Ran_ado_2025_19_Colorado2025_x010752_y013312
Unknown_Sample,20251031_081_pol_pro_Ran_ado_2025_19_Colorado2025.czi,Ran_ado,621.03,11367.0,13643.0,32,31,106.77,0.963,20251031_081_pol_pro_Ran_ado_2025_19_Colorado2025_x010752_y013312
Unknown_Sample,20251031_081_pol_pro_Ran_ado_2025_19_Colorado2025.czi,Ran_ado,487.9,11025.0,13490.0,28,28,93.94,0.962,20251031_081_pol_pro_Ran_ado_2025_19_Colorado2025_x010752_y013312
Unknown_Sample,20251031_081_pol_pro_Ran_ado_2025_19_Colorado2025.czi,Ran_ado,537.53,11087.0,13613.0,30,31,99.84,0.96,20251031_081_pol_pro_Ran_ado_2025_19_Colorado2025_x010752_y013312
Unknown_Sample,20251031_081_pol_pro_Ran_ado_2025_19_Colorado2025.czi,Ran_ado,522.14,10899.0,13898.0,27,32,98.18,0.959,20251031_081_pol_pro_Ran_ado_2025_19_Colorado2025_x010752_y013312
Unknown_Sample,20251031_081_pol_pro_Ran_ado_2025_19_Colorado2025.czi,Ran_ado,636.04,10810.0,13734.0,34,31,107.84,0.957,20251031_081_pol_pro_Ran_ado_2025_19_Colorado2025_x010752_y013312
Unknown_Sample,20251031_081_pol_pro_Ran_ado_2025_19_Colorado2025.czi,Ran_ado,174.69,10757.0,13604.0,11,30,69.8,0.943,20251031_081_pol_pro_Ran_ado_2025_19_Colorado2025_x010752_y013312
Unknown_Sample,20251031_081_pol_pro_Ran_ado_2025_19_Colorado2025.czi,Ran_ado,592.56,11700.0,13325.0,33,29,107.11,0.967,20251031_081_pol_pro_Ran_ado_2025_19_Colorado2025_x011264_y013312
Unknown_Sample,20251031_081_pol_pro_Ran_ado_2025_19_Colorado2025.czi,Ran_ado,620.26,11367.0,13643.0,32,31,106.77,0.963,20251031_081_pol_pro_Ran_ado_2025_19_Colorado2025_x011264_y013312
Unknown_Sample,20251031_081_pol_pro_Ran_ado_2025_19_Colorado2025.czi,Ran_ado,585.25,11490.0,13684.0,31,31,104.18,0.963,20251031_081_pol_pro_Ran_ado_2025_19_Colorado2025_x011264_y013312
Unknown_Sample,20251031_081_pol_pro_Ran_ado_2025_19_Colorado2025.czi,Ran_ado,611.03,11636.0,13910.0,32,31,106.77,0.961,20251031_081_pol_pro_Ran_ado_2025_19_Colorado2025_x011264_y013312
Unknown_Sample,20251031_081_pol_pro_Ran_ado_2025_19_Colorado2025.czi,Ran_ado,625.65,11687.0,13822.0,35,30,107.25,0.961,20251031_081_pol_pro_Ran_ado_2025_19_Colorado2025_x011264_y013312
Unknown_Sample,20251031_081_pol_pro_Ran_ado_2025_19_Colorado2025.czi,Ran_ado,524.07,11600.0,13800.0,28,31,98.77,0.959,20251031_081_pol_pro_Ran_ado_2025_19_Colorado2025_x011264_y013312
Unknown_Sample,20251031_081_pol_pro_Ran_ado_2025_19_Colorado2025.czi,Ran_ado,602.18,11831.0,13532.0,30,35,106.67,0.957,20251031_081_pol_pro_Ran_ado_2025_19_Colorado2025_x011264_y013312
Unknown_Sample,20251031_081_pol_pro_Ran_ado_2025_19_Colorado2025.czi,Ran_ado,607.95,11944.0,13842.0,30,33,106.77,0.963,20251031_081_pol_pro_Ran_ado_2025_19_Colorado2025_x011776_y013312
Unknown_Sample,20251031_081_pol_pro_Ran_ado_2025_19_Colorado2025.czi,Ran_ado,617.18,12034.0,13747.0,34,30,106.43,0.962,20251031_081_pol_pro_Ran_ado_2025_19_Colorado2025_x011776_y013312
Unknown_Sample,20251031_081_pol_pro_Ran_ado_2025_19_Colorado2025.czi,Ran_ado,511.75,12283.0,13340.0,28,30,96.77,0.962,20251031_081_pol_pro_Ran_ado_2025_19_Colorado2025_x011776_y013312
Unknown_Sample,20251031_081_pol_pro_Ran_ado_2025_19_Colorado2025.czi,Ran_ado,653.35,12218.0,13745.0,33,32,108.43,0.962,20251031_081_pol_pro_Ran_ado_2025_19_Colorado2025_x011776_y013312
Unknown_Sample,20251031_081_pol_pro_Ran_ado_2025_19_Colorado2025.czi,Ran_ado,554.46,12393.0,13500.0,30,30,101.36,0.961,20251031_081_pol_pro_Ran_ado_2025_19_Colorado2025_x011776_y013312
Unknown_Sample,20251031_081_pol_pro_Ran_ado_2025_19_Colorado2025.czi,Ran_ado,536.38,12345.0,13880.0,31,29,99.6,0.961,20251031_081_pol_pro_Ran_ado_2025_19_Colorado2025_x011776_y013312
Unknown_Sample,20251031_081_pol_pro_Ran_ado_2025_19_Colorado2025.czi,Ran_ado,663.36,12254.0,13583.0,36,32,110.91,0.96,20251031_081_pol_pro_Ran_ado_2025_19_Colorado2025_x011776_y013312
Unknown_Sample,20251031_081_pol_pro_Ran_ado_2025_19_Colorado2025.czi,Ran_ado,602.18,11831.0,13532.0,30,35,106.67,0.957,20251031_081_pol_pro_Ran_ado_2025_19_Colorado2025_x011776_y013312
Unknown_Sample,20251031_081_pol_pro_Ran_ado_2025_19_Colorado2025.czi,Ran_ado,611.41,12483.0,13732.0,31,32,107.36,0.966,20251031_081_pol_pro_Ran_ado_2025_19_Colorado2025_x012288_y013312
Unknown_Sample,20251031_081_pol_pro_Ran_ado_2025_19_Colorado2025.czi,Ran_ado,515.6,12445.0,13715.0,29,30,98.77,0.963,20251031_081_pol_pro_Ran_ado_2025_19_Colorado2025_x012288_y013312
Unknown_Sample,20251031_081_pol_pro_Ran_ado_2025_19_Colorado2025.czi,Ran_ado,604.87,12487.0,13405.0,33,31,106.43,0.962,20251031_081_pol_pro_Ran_ado_2025_19_Colorado2025_x012288_y013312
Unknown_Sample,20251031_081_pol_pro_Ran_ado_2025_19_Colorado2025.czi,Ran_ado,609.87,12553.0,13327.0,32,31,106.18,0.961,20251031_081_pol_pro_Ran_ado_2025_19_Colorado2025_x012288_y013312
Unknown_Sample,20251031_081_pol_pro_Ran_ado_2025_19_Colorado2025.czi,Ran_ado,551.77,12393.0,13500.0,30,30,100.77,0.961,20251031_081_pol_pro_Ran_ado_2025_19_Colorado2025_x012288_y013312
Unknown_Sample,20251031_081_pol_pro_Ran_ado_2025_19_Colorado2025.czi,Ran_ado,556.0,12607.0,13627.0,30,30,100.18,0.961,20251031_081_pol_pro_Ran_ado_2025_19_Colorado2025_x012288_y013312
Unknown_Sample,20251031_081_pol_pro_Ran_ado_2025_19_Colorado2025.czi,Ran_ado,535.22,12345.0,13880.0,31,29,100.18,0.961,20251031_081_pol_pro_Ran_ado_2025_19_Colorado2025_x012288_y013312
Unknown_Sample,20251031_081_pol_pro_Ran_ado_2025_19_Colorado2025.czi,Ran_ado,530.22,12535.0,13772.0,29,31,99.6,0.96,20251031_081_pol_pro_Ran_ado_2025_19_Colorado2025_x012288_y013312
Unknown_Sample,20251031_081_pol_pro_Ran_ado_2025_19_Colorado2025.czi,Ran_ado,555.62,12758.0,13617.0,31,30,102.77,0.96,20251031_081_pol_pro_Ran_ado_2025_19_Colorado2025_x012288_y013312
Unknown_Sample,20251031_081_pol_pro_Ran_ado_2025_19_Colorado2025.czi,Ran_ado,584.48,12549.0,13440.0,32,31,103.84,0.959,20251031_081_pol_pro_Ran_ado_2025_19_Colorado2025_x012288_y013312
Unknown_Sample,20251031_081_pol_pro_Ran_ado_2025_19_Colorado2025.czi,Ran_ado,556.39,12449.0,13816.0,32,29,101.6,0.959,20251031_081_pol_pro_Ran_ado_2025_19_Colorado2025_x012288_y013312
Unknown_Sample,20251031_081_pol_pro_Ran_ado_2025_19_Colorado2025.czi,Ran_ado,542.54,12797.0,13359.0,32,29,100.43,0.958,20251031_081_pol_pro_Ran_ado_2025_19_Colorado2025_x012288_y013312
Unknown_Sample,20251031_081_pol_pro_Ran_ado_2025_19_Colorado2025.czi,Ran_ado,567.16,13208.0,13371.0,29,32,102.77,0.964,20251031_081_pol_pro_Ran_ado_2025_19_Colorado2025_x012800_y013312
Unknown_Sample,20251031_081_pol_pro_Ran_ado_2025_19_Colorado2025.czi,Ran_ado,760.32,13061.0,13387.0,34,37,118.08,0.964,20251031_081_pol_pro_Ran_ado_2025_19_Colorado2025_x012800_y013312
Unknown_Sample,20251031_081_pol_pro_Ran_ado_2025_19_Colorado2025.czi,Ran_ado,499.82,13371.0,13323.0,32,25,100.04,0.963,20251031_081_pol_pro_Ran_ado_2025_19_Colorado2025_x012800_y013312
Unknown_Sample,20251031_081_pol_pro_Ran_ado_2025_19_Colorado2025.czi,Ran_ado,655.66,13032.0,13774.0,32,34,110.43,0.961,20251031_081_pol_pro_Ran_ado_2025_19_Colorado2025_x012800_y013312
Unknown_Sample,20251031_081_pol_pro_Ran_ado_2025_19_Colorado2025.czi,Ran_ado,586.01,13286.0,13594.0,31,31,104.18,0.96,20251031_081_pol_pro_Ran_ado_2025_19_Colorado2025_x012800_y013312
Unknown_Sample,20251031_081_pol_pro_Ran_ado_2025_19_Colorado2025.czi,Ran_ado,524.07,13381.0,13850.0,31,29,99.6,0.958,20251031_081_pol_pro_Ran_ado_2025_19_Colorado2025_x012800_y013312
Unknown_Sample,20251031_081_pol_pro_Ran_ado_2025_19_Colorado2025.czi,Ran_ado,202.78,12806.0,13358.0,14,28,71.21,0.943,20251031_081_pol_pro_Ran_ado_2025_19_Colorado2025_x012800_y013312
Unknown_Sample,20251031_081_pol_pro_Ran_ado_2025_19_Colorado2025.czi,Ran_ado,499.82,13371.0,13323.0,32,25,100.04,0.963,20251031_081_pol_pro_Ran_ado_2025_19_Colorado2025_x013312_y013312
Unknown_Sample,20251031_081_pol_pro_Ran_ado_2025_19_Colorado2025.czi,Ran_ado,568.32,13808.0,13582.0,30,31,101.01,0.961,20251031_081_pol_pro_Ran_ado_2025_19_Colorado2025_x013312_y013312
Unknown_Sample,20251031_081_pol_pro_Ran_ado_2025_19_Colorado2025.czi,Ran_ado,526.76,13533.0,13343.0,28,31,99.36,0.961,20251031_081_pol_pro_Ran_ado_2025_19_Colorado2025_x013312_y013312
Unknown_Sample,20251031_081_pol_pro_Ran_ado_2025_19_Colorado2025.czi,Ran_ado,531.76,13776.0,13463.0,29,30,98.77,0.959,20251031_081_pol_pro_Ran_ado_2025_19_Colorado2025_x013312_y013312
Unknown_Sample,20251031_081_pol_pro_Ran_ado_2025_19_Colorado2025.czi,Ran_ado,524.07,13381.0,13850.0,31,29,99.6,0.958,20251031_081_pol_pro_Ran_ado_2025_19_Colorado2025_x013312_y013312
Unknown_Sample,20251031_081_pol_pro_Ran_ado_2025_19_Colorado2025.czi,Ran_ado,351.69,13941.0,13939.0,21,25,84.49,0.92,20251031_081_pol_pro_Ran_ado_2025_19_Colorado2025_x013312_y013312
Unknown_Sample,20251031_081_pol_pro_Ran_ado_2025_19_Colorado2025.czi,Ran_ado,694.91,14073.0,13367.0,33,35,113.25,0.962,20251031_081_pol_pro_Ran_ado_2025_19_Colorado2025_x013824_y013312
Unknown_Sample,20251031_081_pol_pro_Ran_ado_2025_19_Colorado2025.czi,Ran_ado,491.36,14105.0,13490.0,30,27,96.53,0.961,20251031_081_pol_pro_Ran_ado_2025_19_Colorado2025_x013824_y013312
Unknown_Sample,20251031_081_pol_pro_Ran_ado_2025_19_Colorado2025.czi,Ran_ado,568.7,14446.0,13910.0,30,32,102.43,0.955,20251031_081_pol_pro_Ran_ado_2025_19_Colorado2025_x013824_y013312
Unknown_Sample,20251031_081_pol_pro_Ran_ado_2025_19_Colorado2025.czi,Ran_ado,460.58,14286.0,13425.0,26,29,91.36,0.952,20251031_081_pol_pro_Ran_ado_2025_19_Colorado2025_x013824_y013312
Unknown_Sample,20251031_081_pol_pro_Ran_ado_2025_19_Colorado2025.czi,Ran_ado,519.06,13946.0,13939.0,32,25,102.38,0.944,20251031_081_pol_pro_Ran_ado_2025_19_Colorado2025_x013824_y013312
Unknown_Sample,20251031_081_pol_pro_Ran_ado_2025_19_Colorado2025.czi,Ran_ado,568.32,14446.0,13910.0,30,32,103.01,0.959,20251031_081_pol_pro_Ran_ado_2025_19_Colorado2025_x014336_y013312
Unknown_Sample,20251031_081_pol_pro_Ran_ado_2025_19_Colorado2025.czi,Ran_ado,603.71,15586.0,13821.0,31,32,106.18,0.966,20251031_081_pol_pro_Ran_ado_2025_19_Colorado2025_x015360_y013312
Unknown_Sample,20251031_081_pol_pro_Ran_ado_2025_19_Colorado2025.czi,Ran_ado,602.95,16150.0,13544.0,33,30,105.01,0.961,20251031_081_pol_pro_Ran_ado_2025_19_Colorado2025_x015872_y013312
Unknown_Sample,20251031_081_pol_pro_Ran_ado_2025_19_Colorado2025.czi,Ran_ado,689.9,16205.0,13337.0,35,32,113.01,0.96,20251031_081_pol_pro_Ran_ado_2025_19_Colorado2025_x015872_y013312
Unknown_Sample,20251031_081_pol_pro_Ran_ado_2025_19_Colorado2025.czi,Ran_ado,612.95,16328.0,13724.0,31,33,105.84,0.96,20251031_081_pol_pro_Ran_ado_2025_19_Colorado2025_x015872_y013312
Unknown_Sample,20251031_081_pol_pro_Ran_ado_2025_19_Colorado2025.czi,Ran_ado,605.64,16939.0,13517.0,33,31,106.43,0.959,20251031_081_pol_pro_Ran_ado_2025_19_Colorado2025_x016384_y013312
Unknown_Sample,20251031_081_pol_pro_Ran_ado_2025_19_Colorado2025.czi,Ran_ado,351.3,16856.0,13744.0,25,23,80.87,0.95,20251031_081_pol_pro_Ran_ado_2025_19_Colorado2025_x016384_y013312
Unknown_Sample,20251031_081_pol_pro_Ran_ado_2025_19_Colorado2025.czi,Ran_ado,604.1,16939.0,13517.0,32,31,105.6,0.96,20251031_081_pol_pro_Ran_ado_2025_19_Colorado2025_x016896_y013312
Unknown_Sample,20251031_081_pol_pro_Ran_ado_2025_19_Colorado2025.czi,Ran_ado,707.99,17059.0,13667.0,34,34,114.43,0.957,20251031_081_pol_pro_Ran_ado_2025_19_Colorado2025_x016896_y013312
Unknown_Sample,20251031_081_pol_pro_Ran_ado_2025_19_Colorado2025.czi,Ran_ado,597.94,17120.0,13675.0,33,30,105.6,0.956,20251031_081_pol_pro_Ran_ado_2025_19_Colorado2025_x016896_y013312
Unknown_Sample,20251031_081_pol_pro_Ran_ado_2025_19_Colorado2025.czi,Ran_ado,322.83,17136.0,13777.0,23,24,78.87,0.937,20251031_081_pol_pro_Ran_ado_2025_19_Colorado2025_x016896_y013312
Unknown_Sample,20251031_081_pol_pro_Ran_ado_2025_19_Colorado2025.czi,Ran_ado,647.19,17468.0,13645.0,37,29,110.43,0.511,20251031_081_pol_pro_Ran_ado_2025_19_Colorado2025_x017408_y013312
Unknown_Sample,20251031_081_pol_pro_Ran_ado_2025_19_Colorado2025.czi,Ran_ado,231.25,1657.0,14321.0,14,28,72.38,0.893,20251031_081_pol_pro_Ran_ado_2025_19_Colorado2025_x001024_y013824
Unknown_Sample,20251031_081_pol_pro_Ran_ado_2025_19_Colorado2025.czi,Ran_ado,494.82,1845.0,13866.0,30,27,94.77,0.957,20251031_081_pol_pro_Ran_ado_2025_19_Colorado2025_x001536_y013824
Unknown_Sample,20251031_081_pol_pro_Ran_ado_2025_19_Colorado2025.czi,Ran_ado,547.92,1665.0,14321.0,32,28,100.77,0.956,20251031_081_pol_pro_Ran_ado_2025_19_Colorado2025_x001536_y013824
Unknown_Sample,20251031_081_pol_pro_Ran_ado_2025_19_Colorado2025.czi,Ran_ado,483.66,1948.0,14351.0,29,28,95.36,0.948,20251031_081_pol_pro_Ran_ado_2025_19_Colorado2025_x001536_y013824
Unknown_Sample,20251031_081_pol_pro_Ran_ado_2025_19_Colorado2025.czi,Ran_ado,596.02,2225.0,14007.0,31,32,103.84,0.957,20251031_081_pol_pro_Ran_ado_2025_19_Colorado2025_x002048_y013824
Unknown_Sample,20251031_081_pol_pro_Ran_ado_2025_19_Colorado2025.czi,Ran_ado,537.92,2550.0,13984.0,31,29,98.43,0.955,20251031_081_pol_pro_Ran_ado_2025_19_Colorado2025_x002048_y013824
Unknown_Sample,20251031_081_pol_pro_Ran_ado_2025_19_Colorado2025.czi,Ran_ado,546.77,2552.0,14413.0,30,30,99.01,0.955,20251031_081_pol_pro_Ran_ado_2025_19_Colorado2025_x002048_y013824
Unknown_Sample,20251031_081_pol_pro_Ran_ado_2025_19_Colorado2025.czi,Ran_ado,478.66,2383.0,14141.0,30,27,93.6,0.947,20251031_081_pol_pro_Ran_ado_2025_19_Colorado2025_x002048_y013824
Unknown_Sample,20251031_081_pol_pro_Ran_ado_2025_19_Colorado2025.czi,Ran_ado,494.05,2672.0,13944.0,30,26,96.28,0.945,20251031_081_pol_pro_Ran_ado_2025_19_Colorado2025_x002048_y013824
Unknown_Sample,20251031_081_pol_pro_Ran_ado_2025_19_Colorado2025.czi,Ran_ado,508.29,2672.0,13944.0,32,27,98.18,0.955,20251031_081_pol_pro_Ran_ado_2025_19_Colorado2025_x002560_y013824
Unknown_Sample,20251031_081_pol_pro_Ran_ado_2025_19_Colorado2025.czi,Ran_ado,542.92,3570.0,14058.0,29,31,99.01,0.958,20251031_081_pol_pro_Ran_ado_2025_19_Colorado2025_x003072_y013824
Unknown_Sample,20251031_081_pol_pro_Ran_ado_2025_19_Colorado2025.czi,Ran_ado,602.56,3225.0,14376.0,31,33,105.25,0.953,20251031_081_pol_pro_Ran_ado_2025_19_Colorado2025_x003072_y013824
Unknown_Sample,20251031_081_pol_pro_Ran_ado_2025_19_Colorado2025.czi,Ran_ado,532.15,4650.0,14361.0,32,28,99.01,0.961,20251031_081_pol_pro_Ran_ado_2025_19_Colorado2025_x004096_y013824
Unknown_Sample,20251031_081_pol_pro_Ran_ado_2025_19_Colorado2025.czi,Ran_ado,544.46,4572.0,14095.0,31,29,100.18,0.958,20251031_081_pol_pro_Ran_ado_2025_19_Colorado2025_x004096_y013824
Unknown_Sample,20251031_081_pol_pro_Ran_ado_2025_19_Colorado2025.czi,Ran_ado,438.26,4590.0,14133.0,29,26,91.36,0.524,20251031_081_pol_pro_Ran_ado_2025_19_Colorado2025_x004096_y013824
Unknown_Sample,20251031_081_pol_pro_Ran_ado_2025_19_Colorado2025.czi,Ran_ado,555.62,5100.0,13837.0,32,28,103.11,0.966,20251031_081_pol_pro_Ran_ado_2025_19_Colorado2025_x004608_y013824
Unknown_Sample,20251031_081_pol_pro_Ran_ado_2025_19_Colorado2025.czi,Ran_ado,532.15,4650.0,14361.0,32,28,99.01,0.961,20251031_081_pol_pro_Ran_ado_2025_19_Colorado2025_x004608_y013824
Unknown_Sample,20251031_081_pol_pro_Ran_ado_2025_19_Colorado2025.czi,Ran_ado,589.86,5105.0,14249.0,33,30,105.01,0.96,20251031_081_pol_pro_Ran_ado_2025_19_Colorado2025_x004608_y013824
Unknown_Sample,20251031_081_pol_pro_Ran_ado_2025_19_Colorado2025.czi,Ran_ado,576.78,4911.0,14100.0,30,32,103.01,0.958,20251031_081_pol_pro_Ran_ado_2025_19_Colorado2025_x004608_y013824
Unknown_Sample,20251031_081_pol_pro_Ran_ado_2025_19_Colorado2025.czi,Ran_ado,540.23,4862.0,13965.0,33,27,100.77,0.955,20251031_081_pol_pro_Ran_ado_2025_19_Colorado2025_x004608_y013824
Unknown_Sample,20251031_081_pol_pro_Ran_ado_2025_19_Colorado2025.czi,Ran_ado,333.22,5515.0,14109.0,26,20,80.97,0.674,20251031_081_pol_pro_Ran_ado_2025_19_Colorado2025_x005120_y013824
Unknown_Sample,20251031_081_pol_pro_Ran_ado_2025_19_Colorado2025.czi,Ran_ado,646.81,6025.0,14019.0,33,32,109.01,0.963,20251031_081_pol_pro_Ran_ado_2025_19_Colorado2025_x005632_y013824
Unknown_Sample,20251031_081_pol_pro_Ran_ado_2025_19_Colorado2025.czi,Ran_ado,487.51,5843.0,13875.0,30,27,95.36,0.961,20251031_081_pol_pro_Ran_ado_2025_19_Colorado2025_x005632_y013824
Unknown_Sample,20251031_081_pol_pro_Ran_ado_2025_19_Colorado2025.czi,Ran_ado,579.86,5906.0,14139.0,31,31,103.01,0.959,20251031_081_pol_pro_Ran_ado_2025_19_Colorado2025_x005632_y013824
Unknown_Sample,20251031_081_pol_pro_Ran_ado_2025_19_Colorado2025.czi,Ran_ado,580.24,5928.0,13873.0,32,30,104.77,0.959,20251031_081_pol_pro_Ran_ado_2025_19_Colorado2025_x005632_y013824
Unknown_Sample,20251031_081_pol_pro_Ran_ado_2025_19_Colorado2025.czi,Ran_ado,554.85,6484.0,13922.0,31,30,100.43,0.964,20251031_081_pol_pro_Ran_ado_2025_19_Colorado2025_x006144_y013824
Unknown_Sample,20251031_081_pol_pro_Ran_ado_2025_19_Colorado2025.czi,Ran_ado,595.63,6563.0,14148.0,30,33,104.43,0.963,20251031_081_pol_pro_Ran_ado_2025_19_Colorado2025_x006144_y013824
Unknown_Sample,20251031_081_pol_pro_Ran_ado_2025_19_Colorado2025.czi,Ran_ado,554.85,6606.0,13989.0,29,32,101.6,0.959,20251031_081_pol_pro_Ran_ado_2025_19_Colorado2025_x006144_y013824
Unknown_Sample,20251031_081_pol_pro_Ran_ado_2025_19_Colorado2025.czi,Ran_ado,479.43,6726.0,14120.0,30,27,93.6,0.956,20251031_081_pol_pro_Ran_ado_2025_19_Colorado2025_x006144_y013824
Unknown_Sample,20251031_081_pol_pro_Ran_ado_2025_19_Colorado2025.czi,Ran_ado,665.66,7119.0,14356.0,36,32,112.08,0.961,20251031_081_pol_pro_Ran_ado_2025_19_Colorado2025_x006656_y013824
Unknown_Sample,20251031_081_pol_pro_Ran_ado_2025_19_Colorado2025.czi,Ran_ado,608.72,6941.0,14254.0,31,32,105.6,0.961,20251031_081_pol_pro_Ran_ado_2025_19_Colorado2025_x006656_y013824
Unknown_Sample,20251031_081_pol_pro_Ran_ado_2025_19_Colorado2025.czi,Ran_ado,520.22,6998.0,13984.0,30,29,97.6,0.958,20251031_081_pol_pro_Ran_ado_2025_19_Colorado2025_x006656_y013824
Unknown_Sample,20251031_081_pol_pro_Ran_ado_2025_19_Colorado2025.czi,Ran_ado,479.43,6726.0,14120.0,30,27,93.6,0.957,20251031_081_pol_pro_Ran_ado_2025_19_Colorado2025_x006656_y013824
Unknown_Sample,20251031_081_pol_pro_Ran_ado_2025_19_Colorado2025.czi,Ran_ado,519.83,7235.0,14022.0,27,32,98.18,0.957,20251031_081_pol_pro_Ran_ado_2025_19_Colorado2025_x006656_y013824
Unknown_Sample,20251031_081_pol_pro_Ran_ado_2025_19_Colorado2025.czi,Ran_ado,529.07,7148.0,14327.0,31,29,99.01,0.956,20251031_081_pol_pro_Ran_ado_2025_19_Colorado2025_x006656_y013824
Unknown_Sample,20251031_081_pol_pro_Ran_ado_2025_19_Colorado2025.czi,Ran_ado,509.44,7029.0,14197.0,31,28,97.6,0.956,20251031_081_pol_pro_Ran_ado_2025_19_Colorado2025_x006656_y013824
Unknown_Sample,20251031_081_pol_pro_Ran_ado_2025_19_Colorado2025.czi,Ran_ado,633.73,7474.0,13986.0,33,32,107.84,0.964,20251031_081_pol_pro_Ran_ado_2025_19_Colorado2025_x007168_y013824
Unknown_Sample,20251031_081_pol_pro_Ran_ado_2025_19_Colorado2025.czi,Ran_ado,612.95,7314.0,14004.0,31,33,105.84,0.964,20251031_081_pol_pro_Ran_ado_2025_19_Colorado2025_x007168_y013824
Unknown_Sample,20251031_081_pol_pro_Ran_ado_2025_19_Colorado2025.czi,Ran_ado,651.04,7327.0,14311.0,35,30,109.6,0.957,20251031_081_pol_pro_Ran_ado_2025_19_Colorado2025_x007168_y013824
Unknown_Sample,20251031_081_pol_pro_Ran_ado_2025_19_Colorado2025.czi,Ran_ado,520.22,7235.0,14022.0,27,32,98.77,0.957,20251031_081_pol_pro_Ran_ado_2025_19_Colorado2025_x007168_y013824
Unknown_Sample,20251031_081_pol_pro_Ran_ado_2025_19_Colorado2025.czi,Ran_ado,606.02,7822.0,13858.0,30,33,105.01,0.964,20251031_081_pol_pro_Ran_ado_2025_19_Colorado2025_x007680_y013824
Unknown_Sample,20251031_081_pol_pro_Ran_ado_2025_19_Colorado2025.czi,Ran_ado,514.45,8155.0,13883.0,29,29,97.36,0.962,20251031_081_pol_pro_Ran_ado_2025_19_Colorado2025_x007680_y013824
Unknown_Sample,20251031_081_pol_pro_Ran_ado_2025_19_Colorado2025.czi,Ran_ado,565.24,7933.0,14069.0,29,33,103.01,0.959,20251031_081_pol_pro_Ran_ado_2025_19_Colorado2025_x007680_y013824
Unknown_Sample,20251031_081_pol_pro_Ran_ado_2025_19_Colorado2025.czi,Ran_ado,564.08,8150.0,14191.0,30,31,102.77,0.959,20251031_081_pol_pro_Ran_ado_2025_19_Colorado2025_x007680_y013824
Unknown_Sample,20251031_081_pol_pro_Ran_ado_2025_19_Colorado2025.czi,Ran_ado,502.52,8135.0,13838.0,29,29,97.94,0.958,20251031_081_pol_pro_Ran_ado_2025_19_Colorado2025_x007680_y013824
Unknown_Sample,20251031_081_pol_pro_Ran_ado_2025_19_Colorado2025.czi,Ran_ado,618.34,7867.0,14055.0,34,30,107.01,0.958,20251031_081_pol_pro_Ran_ado_2025_19_Colorado2025_x007680_y013824
Unknown_Sample,20251031_081_pol_pro_Ran_ado_2025_19_Colorado2025.czi,Ran_ado,541.77,8444.0,14125.0,31,28,99.94,0.961,20251031_081_pol_pro_Ran_ado_2025_19_Colorado2025_x008192_y013824
Unknown_Sample,20251031_081_pol_pro_Ran_ado_2025_19_Colorado2025.czi,Ran_ado,564.08,8691.0,14232.0,31,30,100.43,0.961,20251031_081_pol_pro_Ran_ado_2025_19_Colorado2025_x008192_y013824
Unknown_Sample,20251031_081_pol_pro_Ran_ado_2025_19_Colorado2025.czi,Ran_ado,453.65,8376.0,14258.0,27,28,90.18,0.957,20251031_081_pol_pro_Ran_ado_2025_19_Colorado2025_x008192_y013824
Unknown_Sample,20251031_081_pol_pro_Ran_ado_2025_19_Colorado2025.czi,Ran_ado,569.47,8712.0,14180.0,30,32,102.43,0.957,20251031_081_pol_pro_Ran_ado_2025_19_Colorado2025_x008192_y013824
Unknown_Sample,20251031_081_pol_pro_Ran_ado_2025_19_Colorado2025.czi,Ran_ado,481.74,8744.0,13978.0,29,28,93.6,0.956,20251031_081_pol_pro_Ran_ado_2025_19_Colorado2025_x008192_y013824
Unknown_Sample,20251031_081_pol_pro_Ran_ado_2025_19_Colorado2025.czi,Ran_ado,437.88,8583.0,14452.0,29,23,92.97,0.937,20251031_081_pol_pro_Ran_ado_2025_19_Colorado2025_x008192_y013824
Unknown_Sample,20251031_081_pol_pro_Ran_ado_2025_19_Colorado2025.czi,Ran_ado,627.57,8928.0,14372.0,36,29,106.67,0.963,20251031_081_pol_pro_Ran_ado_2025_19_Colorado2025_x008704_y013824
Unknown_Sample,20251031_081_pol_pro_Ran_ado_2025_19_Colorado2025.czi,Ran_ado,647.58,9131.0,14264.0,33,33,109.84,0.959,20251031_081_pol_pro_Ran_ado_2025_19_Colorado2025_x008704_y013824
Unknown_Sample,20251031_081_pol_pro_Ran_ado_2025_19_Colorado2025.czi,Ran_ado,468.66,9269.0,13977.0,28,27,94.28,0.959,20251031_081_pol_pro_Ran_ado_2025_19_Colorado2025_x008704_y013824
Unknown_Sample,20251031_081_pol_pro_Ran_ado_2025_19_Colorado2025.czi,Ran_ado,452.5,8714.0,14180.0,23,32,95.46,0.958,20251031_081_pol_pro_Ran_ado_2025_19_Colorado2025_x008704_y013824
Unknown_Sample,20251031_081_pol_pro_Ran_ado_2025_19_Colorado2025.czi,Ran_ado,510.98,9161.0,14024.0,31,28,98.77,0.957,20251031_081_pol_pro_Ran_ado_2025_19_Colorado2025_x008704_y013824
Unknown_Sample,20251031_081_pol_pro_Ran_ado_2025_19_Colorado2025.czi,Ran_ado,492.51,9002.0,14141.0,30,27,94.77,0.956,20251031_081_pol_pro_Ran_ado_2025_19_Colorado2025_x008704_y013824
Unknown_Sample,20251031_081_pol_pro_Ran_ado_2025_19_Colorado2025.czi,Ran_ado,481.74,8744.0,13978.0,29,28,93.6,0.956,20251031_081_pol_pro_Ran_ado_2025_19_Colorado2025_x008704_y013824
Unknown_Sample,20251031_081_pol_pro_Ran_ado_2025_19_Colorado2025.czi,Ran_ado,434.41,8958.0,14323.0,26,27,89.7,0.954,20251031_081_pol_pro_Ran_ado_2025_19_Colorado2025_x008704_y013824
Unknown_Sample,20251031_081_pol_pro_Ran_ado_2025_19_Colorado2025.czi,Ran_ado,391.7,9333.0,13925.0,22,27,88.14,0.935,20251031_081_pol_pro_Ran_ado_2025_19_Colorado2025_x008704_y013824
Unknown_Sample,20251031_081_pol_pro_Ran_ado_2025_19_Colorado2025.czi,Ran_ado,299.36,9336.0,14361.0,16,31,82.97,0.9,20251031_081_pol_pro_Ran_ado_2025_19_Colorado2025_x008704_y013824
Unknown_Sample,20251031_081_pol_pro_Ran_ado_2025_19_Colorado2025.czi,Ran_ado,614.1,9442.0,14206.0,33,30,106.77,0.964,20251031_081_pol_pro_Ran_ado_2025_19_Colorado2025_x009216_y013824
Unknown_Sample,20251031_081_pol_pro_Ran_ado_2025_19_Colorado2025.czi,Ran_ado,599.87,9527.0,14265.0,33,30,105.01,0.963,20251031_081_pol_pro_Ran_ado_2025_19_Colorado2025_x009216_y013824
Unknown_Sample,20251031_081_pol_pro_Ran_ado_2025_19_Colorado2025.czi,Ran_ado,552.54,9342.0,14361.0,30,31,101.6,0.96,20251031_081_pol_pro_Ran_ado_2025_19_Colorado2025_x009216_y013824
Unknown_Sample,20251031_081_pol_pro_Ran_ado_2025_19_Colorado2025.czi,Ran_ado,596.79,9463.0,14306.0,34,30,105.84,0.96,20251031_081_pol_pro_Ran_ado_2025_19_Colorado2025_x009216_y013824
Unknown_Sample,20251031_081_pol_pro_Ran_ado_2025_19_Colorado2025.czi,Ran_ado,482.89,9334.0,13925.0,29,27,94.53,0.959,20251031_081_pol_pro_Ran_ado_2025_19_Colorado2025_x009216_y013824
Unknown_Sample,20251031_081_pol_pro_Ran_ado_2025_19_Colorado2025.czi,Ran_ado,467.89,9269.0,13977.0,28,27,94.28,0.959,20251031_081_pol_pro_Ran_ado_2025_19_Colorado2025_x009216_y013824
Unknown_Sample,20251031_081_pol_pro_Ran_ado_2025_19_Colorado2025.czi,Ran_ado,632.96,9734.0,13950.0,32,33,107.84,0.958,20251031_081_pol_pro_Ran_ado_2025_19_Colorado2025_x009216_y013824
Unknown_Sample,20251031_081_pol_pro_Ran_ado_2025_19_Colorado2025.czi,Ran_ado,240.1,9725.0,14306.0,20,19,66.97,0.948,20251031_081_pol_pro_Ran_ado_2025_19_Colorado2025_x009216_y013824
Unknown_Sample,20251031_081_pol_pro_Ran_ado_2025_19_Colorado2025.czi,Ran_ado,606.79,10267.0,14247.0,31,33,104.67,0.962,20251031_081_pol_pro_Ran_ado_2025_19_Colorado2025_x009728_y013824
Unknown_Sample,20251031_081_pol_pro_Ran_ado_2025_19_Colorado2025.czi,Ran_ado,446.73,9738.0,13950.0,22,33,97.21,0.96,20251031_081_pol_pro_Ran_ado_2025_19_Colorado2025_x009728_y013824
Unknown_Sample,20251031_081_pol_pro_Ran_ado_2025_19_Colorado2025.czi,Ran_ado,508.67,10176.0,13874.0,29,28,97.11,0.96,20251031_081_pol_pro_Ran_ado_2025_19_Colorado2025_x009728_y013824
Unknown_Sample,20251031_081_pol_pro_Ran_ado_2025_19_Colorado2025.czi,Ran_ado,541.0,10028.0,14162.0,30,30,99.6,0.958,20251031_081_pol_pro_Ran_ado_2025_19_Colorado2025_x009728_y013824
Unknown_Sample,20251031_081_pol_pro_Ran_ado_2025_19_Colorado2025.czi,Ran_ado,257.8,10353.0,14457.0,30,14,78.14,0.876,20251031_081_pol_pro_Ran_ado_2025_19_Colorado2025_x009728_y013824
Unknown_Sample,20251031_081_pol_pro_Ran_ado_2025_19_Colorado2025.czi,Ran_ado,609.87,10267.0,14247.0,31,33,104.67,0.963,20251031_081_pol_pro_Ran_ado_2025_19_Colorado2025_x010240_y013824
Unknown_Sample,20251031_081_pol_pro_Ran_ado_2025_19_Colorado2025.czi,Ran_ado,665.28,10785.0,14357.0,33,33,109.84,0.962,20251031_081_pol_pro_Ran_ado_2025_19_Colorado2025_x010240_y013824
Unknown_Sample,20251031_081_pol_pro_Ran_ado_2025_19_Colorado2025.czi,Ran_ado,673.36,10633.0,14350.0,36,31,111.25,0.96,20251031_081_pol_pro_Ran_ado_2025_19_Colorado2025_x010240_y013824
Unknown_Sample,20251031_081_pol_pro_Ran_ado_2025_19_Colorado2025.czi,Ran_ado,533.3,10509.0,14361.0,31,28,99.94,0.959,20251031_081_pol_pro_Ran_ado_2025_19_Colorado2025_x010240_y013824
Unknown_Sample,20251031_081_pol_pro_Ran_ado_2025_19_Colorado2025.czi,Ran_ado,598.71,10613.0,14271.0,32,31,104.43,0.958,20251031_081_pol_pro_Ran_ado_2025_19_Colorado2025_x010240_y013824
Unknown_Sample,20251031_081_pol_pro_Ran_ado_2025_19_Colorado2025.czi,Ran_ado,474.04,10809.0,14098.0,28,29,94.77,0.957,20251031_081_pol_pro_Ran_ado_2025_19_Colorado2025_x010240_y013824
Unknown_Sample,20251031_081_pol_pro_Ran_ado_2025_19_Colorado2025.czi,Ran_ado,261.65,10872.0,14121.0,15,29,78.14,0.901,20251031_081_pol_pro_Ran_ado_2025_19_Colorado2025_x010240_y013824
Unknown_Sample,20251031_081_pol_pro_Ran_ado_2025_19_Colorado2025.czi,Ran_ado,271.65,10353.0,14457.0,34,14,82.63,0.892,20251031_081_pol_pro_Ran_ado_2025_19_Colorado2025_x010240_y013824
Unknown_Sample,20251031_081_pol_pro_Ran_ado_2025_19_Colorado2025.czi,Ran_ado,607.95,11210.0,13861.0,31,32,106.77,0.965,20251031_081_pol_pro_Ran_ado_2025_19_Colorado2025_x010752_y013824
Unknown_Sample,20251031_081_pol_pro_Ran_ado_2025_19_Colorado2025.czi,Ran_ado,665.28,10785.0,14357.0,33,33,109.84,0.962,20251031_081_pol_pro_Ran_ado_2025_19_Colorado2025_x010752_y013824
Unknown_Sample,20251031_081_pol_pro_Ran_ado_2025_19_Colorado2025.czi,Ran_ado,600.25,11223.0,14172.0,32,30,103.6,0.96,20251031_081_pol_pro_Ran_ado_2025_19_Colorado2025_x010752_y013824
Unknown_Sample,20251031_081_pol_pro_Ran_ado_2025_19_Colorado2025.czi,Ran_ado,522.14,10899.0,13898.0,27,32,98.18,0.959,20251031_081_pol_pro_Ran_ado_2025_19_Colorado2025_x010752_y013824
Unknown_Sample,20251031_081_pol_pro_Ran_ado_2025_19_Colorado2025.czi,Ran_ado,597.56,10911.0,14091.0,32,31,103.84,0.958,20251031_081_pol_pro_Ran_ado_2025_19_Colorado2025_x010752_y013824
Unknown_Sample,20251031_081_pol_pro_Ran_ado_2025_19_Colorado2025.czi,Ran_ado,474.04,10809.0,14098.0,28,29,94.77,0.957,20251031_081_pol_pro_Ran_ado_2025_19_Colorado2025_x010752_y013824
Unknown_Sample,20251031_081_pol_pro_Ran_ado_2025_19_Colorado2025.czi,Ran_ado,534.45,10878.0,14122.0,31,29,100.18,0.957,20251031_081_pol_pro_Ran_ado_2025_19_Colorado2025_x010752_y013824
Unknown_Sample,20251031_081_pol_pro_Ran_ado_2025_19_Colorado2025.czi,Ran_ado,559.47,11610.0,13962.0,29,32,101.6,0.962,20251031_081_pol_pro_Ran_ado_2025_19_Colorado2025_x011264_y013824
Unknown_Sample,20251031_081_pol_pro_Ran_ado_2025_19_Colorado2025.czi,Ran_ado,610.64,11636.0,13910.0,32,31,105.01,0.961,20251031_081_pol_pro_Ran_ado_2025_19_Colorado2025_x011264_y013824
Unknown_Sample,20251031_081_pol_pro_Ran_ado_2025_19_Colorado2025.czi,Ran_ado,531.38,11668.0,14080.0,30,29,97.01,0.961,20251031_081_pol_pro_Ran_ado_2025_19_Colorado2025_x011264_y013824
Unknown_Sample,20251031_081_pol_pro_Ran_ado_2025_19_Colorado2025.czi,Ran_ado,542.54,11586.0,14224.0,28,32,99.6,0.961,20251031_081_pol_pro_Ran_ado_2025_19_Colorado2025_x011264_y013824
Unknown_Sample,20251031_081_pol_pro_Ran_ado_2025_19_Colorado2025.czi,Ran_ado,612.56,11558.0,14052.0,31,34,106.08,0.96,20251031_081_pol_pro_Ran_ado_2025_19_Colorado2025_x011264_y013824
Unknown_Sample,20251031_081_pol_pro_Ran_ado_2025_19_Colorado2025.czi,Ran_ado,531.38,11800.0,13989.0,30,29,98.18,0.96,20251031_081_pol_pro_Ran_ado_2025_19_Colorado2025_x011264_y013824
Unknown_Sample,20251031_081_pol_pro_Ran_ado_2025_19_Colorado2025.czi,Ran_ado,257.42,11687.0,13830.0,34,14,82.04,0.94,20251031_081_pol_pro_Ran_ado_2025_19_Colorado2025_x011264_y013824
Unknown_Sample,20251031_081_pol_pro_Ran_ado_2025_19_Colorado2025.czi,Ran_ado,333.22,11820.0,14455.0,30,18,83.8,0.922,20251031_081_pol_pro_Ran_ado_2025_19_Colorado2025_x011264_y013824
Unknown_Sample,20251031_081_pol_pro_Ran_ado_2025_19_Colorado2025.czi,Ran_ado,607.56,11944.0,13842.0,30,33,107.36,0.963,20251031_081_pol_pro_Ran_ado_2025_19_Colorado2025_x011776_y013824
Unknown_Sample,20251031_081_pol_pro_Ran_ado_2025_19_Colorado2025.czi,Ran_ado,536.38,12345.0,13880.0,31,29,99.6,0.961,20251031_081_pol_pro_Ran_ado_2025_19_Colorado2025_x011776_y013824
Unknown_Sample,20251031_081_pol_pro_Ran_ado_2025_19_Colorado2025.czi,Ran_ado,529.45,11800.0,13989.0,30,29,98.77,0.96,20251031_081_pol_pro_Ran_ado_2025_19_Colorado2025_x011776_y013824
Unknown_Sample,20251031_081_pol_pro_Ran_ado_2025_19_Colorado2025.czi,Ran_ado,633.73,12280.0,13987.0,31,35,108.67,0.957,20251031_081_pol_pro_Ran_ado_2025_19_Colorado2025_x011776_y013824
Unknown_Sample,20251031_081_pol_pro_Ran_ado_2025_19_Colorado2025.czi,Ran_ado,318.21,11970.0,14016.0,23,24,77.7,0.95,20251031_081_pol_pro_Ran_ado_2025_19_Colorado2025_x011776_y013824
Unknown_Sample,20251031_081_pol_pro_Ran_ado_2025_19_Colorado2025.czi,Ran_ado,334.37,11820.0,14455.0,30,18,84.38,0.922,20251031_081_pol_pro_Ran_ado_2025_19_Colorado2025_x011776_y013824
Unknown_Sample,20251031_081_pol_pro_Ran_ado_2025_19_Colorado2025.czi,Ran_ado,615.26,12689.0,14236.0,31,33,107.01,0.962,20251031_081_pol_pro_Ran_ado_2025_19_Colorado2025_x012288_y013824
Unknown_Sample,20251031_081_pol_pro_Ran_ado_2025_19_Colorado2025.czi,Ran_ado,689.9,12789.0,14442.0,32,36,112.67,0.961,20251031_081_pol_pro_Ran_ado_2025_19_Colorado2025_x012288_y013824
Unknown_Sample,20251031_081_pol_pro_Ran_ado_2025_19_Colorado2025.czi,Ran_ado,536.76,12345.0,13880.0,31,29,100.18,0.96,20251031_081_pol_pro_Ran_ado_2025_19_Colorado2025_x012288_y013824
Unknown_Sample,20251031_081_pol_pro_Ran_ado_2025_19_Colorado2025.czi,Ran_ado,697.98,13313.0,14367.0,34,33,113.6,0.963,20251031_081_pol_pro_Ran_ado_2025_19_Colorado2025_x012800_y013824
Unknown_Sample,20251031_081_pol_pro_Ran_ado_2025_19_Colorado2025.czi,Ran_ado,622.57,13335.0,14156.0,32,32,107.6,0.963,20251031_081_pol_pro_Ran_ado_2025_19_Colorado2025_x012800_y013824
Unknown_Sample,20251031_081_pol_pro_Ran_ado_2025_19_Colorado2025.czi,Ran_ado,559.85,12939.0,13963.0,32,29,101.01,0.961,20251031_081_pol_pro_Ran_ado_2025_19_Colorado2025_x012800_y013824
Unknown_Sample,20251031_081_pol_pro_Ran_ado_2025_19_Colorado2025.czi,Ran_ado,523.3,13381.0,13850.0,30,29,98.77,0.958,20251031_081_pol_pro_Ran_ado_2025_19_Colorado2025_x012800_y013824
Unknown_Sample,20251031_081_pol_pro_Ran_ado_2025_19_Colorado2025.czi,Ran_ado,584.86,13555.0,14038.0,31,31,102.43,0.964,20251031_081_pol_pro_Ran_ado_2025_19_Colorado2025_x013312_y013824
Unknown_Sample,20251031_081_pol_pro_Ran_ado_2025_19_Colorado2025.czi,Ran_ado,684.52,13658.0,13960.0,34,33,111.84,0.963,20251031_081_pol_pro_Ran_ado_2025_19_Colorado2025_x013312_y013824
Unknown_Sample,20251031_081_pol_pro_Ran_ado_2025_19_Colorado2025.czi,Ran_ado,675.28,13801.0,14088.0,35,32,110.67,0.963,20251031_081_pol_pro_Ran_ado_2025_19_Colorado2025_x013312_y013824
Unknown_Sample,20251031_081_pol_pro_Ran_ado_2025_19_Colorado2025.czi,Ran_ado,622.57,13335.0,14156.0,32,32,107.6,0.963,20251031_081_pol_pro_Ran_ado_2025_19_Colorado2025_x013312_y013824
Unknown_Sample,20251031_081_pol_pro_Ran_ado_2025_19_Colorado2025.czi,Ran_ado,602.56,13801.0,14203.0,29,34,105.6,0.961,20251031_081_pol_pro_Ran_ado_2025_19_Colorado2025_x013312_y013824
Unknown_Sample,20251031_081_pol_pro_Ran_ado_2025_19_Colorado2025.czi,Ran_ado,523.68,13381.0,13850.0,31,29,99.01,0.958,20251031_081_pol_pro_Ran_ado_2025_19_Colorado2025_x013312_y013824
Unknown_Sample,20251031_081_pol_pro_Ran_ado_2025_19_Colorado2025.czi,Ran_ado,352.07,13320.0,14366.0,18,33,89.21,0.954,20251031_081_pol_pro_Ran_ado_2025_19_Colorado2025_x013312_y013824
Unknown_Sample,20251031_081_pol_pro_Ran_ado_2025_19_Colorado2025.czi,Ran_ado,410.17,13941.0,13941.0,21,31,92.97,0.93,20251031_081_pol_pro_Ran_ado_2025_19_Colorado2025_x013312_y013824
Unknown_Sample,20251031_081_pol_pro_Ran_ado_2025_19_Colorado2025.czi,Ran_ado,616.03,13946.0,13941.0,32,32,107.01,0.965,20251031_081_pol_pro_Ran_ado_2025_19_Colorado2025_x013824_y013824
Unknown_Sample,20251031_081_pol_pro_Ran_ado_2025_19_Colorado2025.czi,Ran_ado,688.37,14022.0,14344.0,33,35,112.67,0.964,20251031_081_pol_pro_Ran_ado_2025_19_Colorado2025_x013824_y013824
Unknown_Sample,20251031_081_pol_pro_Ran_ado_2025_19_Colorado2025.czi,Ran_ado,654.51,14101.0,14277.0,33,33,111.01,0.963,20251031_081_pol_pro_Ran_ado_2025_19_Colorado2025_x013824_y013824
Unknown_Sample,20251031_081_pol_pro_Ran_ado_2025_19_Colorado2025.czi,Ran_ado,663.74,14139.0,14352.0,34,34,112.67,0.958,20251031_081_pol_pro_Ran_ado_2025_19_Colorado2025_x013824_y013824
Unknown_Sample,20251031_081_pol_pro_Ran_ado_2025_19_Colorado2025.czi,Ran_ado,568.7,14446.0,13910.0,30,32,102.43,0.955,20251031_081_pol_pro_Ran_ado_2025_19_Colorado2025_x013824_y013824
Unknown_Sample,20251031_081_pol_pro_Ran_ado_2025_19_Colorado2025.czi,Ran_ado,367.85,14379.0,14236.0,23,27,81.94,0.95,20251031_081_pol_pro_Ran_ado_2025_19_Colorado2025_x013824_y013824
Unknown_Sample,20251031_081_pol_pro_Ran_ado_2025_19_Colorado2025.czi,Ran_ado,791.1,14910.0,14394.0,36,36,121.25,0.966,20251031_081_pol_pro_Ran_ado_2025_19_Colorado2025_x014336_y013824
Unknown_Sample,20251031_081_pol_pro_Ran_ado_2025_19_Colorado2025.czi,Ran_ado,567.93,14446.0,13910.0,30,32,102.43,0.96,20251031_081_pol_pro_Ran_ado_2025_19_Colorado2025_x014336_y013824
Unknown_Sample,20251031_081_pol_pro_Ran_ado_2025_19_Colorado2025.czi,Ran_ado,367.85,14379.0,14236.0,23,27,81.94,0.949,20251031_081_pol_pro_Ran_ado_2025_19_Colorado2025_x014336_y013824
Unknown_Sample,20251031_081_pol_pro_Ran_ado_2025_19_Colorado2025.czi,Ran_ado,791.87,14910.0,14394.0,36,36,121.25,0.966,20251031_081_pol_pro_Ran_ado_2025_19_Colorado2025_x014848_y013824
Unknown_Sample,20251031_081_pol_pro_Ran_ado_2025_19_Colorado2025.czi,Ran_ado,429.8,14984.0,14453.0,31,22,93.21,0.939,20251031_081_pol_pro_Ran_ado_2025_19_Colorado2025_x014848_y013824
Unknown_Sample,20251031_081_pol_pro_Ran_ado_2025_19_Colorado2025.czi,Ran_ado,752.62,15633.0,14042.0,35,37,117.74,0.964,20251031_081_pol_pro_Ran_ado_2025_19_Colorado2025_x015360_y013824
Unknown_Sample,20251031_081_pol_pro_Ran_ado_2025_19_Colorado2025.czi,Ran_ado,616.03,15644.0,14184.0,32,32,105.84,0.962,20251031_081_pol_pro_Ran_ado_2025_19_Colorado2025_x015360_y013824
Unknown_Sample,20251031_081_pol_pro_Ran_ado_2025_19_Colorado2025.czi,Ran_ado,210.09,15586.0,13830.0,30,13,73.8,0.949,20251031_081_pol_pro_Ran_ado_2025_19_Colorado2025_x015360_y013824
Unknown_Sample,20251031_081_pol_pro_Ran_ado_2025_19_Colorado2025.czi,Ran_ado,601.79,16048.0,13958.0,33,30,105.6,0.962,20251031_081_pol_pro_Ran_ado_2025_19_Colorado2025_x015872_y013824
Unknown_Sample,20251031_081_pol_pro_Ran_ado_2025_19_Colorado2025.czi,Ran_ado,571.78,16287.0,14207.0,29,33,102.43,0.96,20251031_081_pol_pro_Ran_ado_2025_19_Colorado2025_x015872_y013824
Unknown_Sample,20251031_081_pol_pro_Ran_ado_2025_19_Colorado2025.czi,Ran_ado,544.46,16876.0,14145.0,31,29,101.36,0.956,20251031_081_pol_pro_Ran_ado_2025_19_Colorado2025_x016384_y013824
Unknown_Sample,20251031_081_pol_pro_Ran_ado_2025_19_Colorado2025.czi,Ran_ado,593.33,17212.0,13986.0,31,31,104.77,0.956,20251031_081_pol_pro_Ran_ado_2025_19_Colorado2025_x016896_y013824
Unknown_Sample,20251031_081_pol_pro_Ran_ado_2025_19_Colorado2025.czi,Ran_ado,470.58,17278.0,14255.0,27,28,92.53,0.935,20251031_081_pol_pro_Ran_ado_2025_19_Colorado2025_x016896_y013824
Unknown_Sample,20251031_081_pol_pro_Ran_ado_2025_19_Colorado2025.czi,Ran_ado,516.37,17405.0,13979.0,26,32,97.94,0.924,20251031_081_pol_pro_Ran_ado_2025_19_Colorado2025_x016896_y013824
Unknown_Sample,20251031_081_pol_pro_Ran_ado_2025_19_Colorado2025.czi,Ran_ado,183.15,17413.0,13978.0,11,30,70.97,0.861,20251031_081_pol_pro_Ran_ado_2025_19_Colorado2025_x017408_y013824
Unknown_Sample,20251031_081_pol_pro_Ran_ado_2025_19_Colorado2025.czi,Ran_ado,507.91,691.0,14576.0,30,29,97.6,0.962,20251031_081_pol_pro_Ran_ado_2025_19_Colorado2025_x000512_y014336
Unknown_Sample,20251031_081_pol_pro_Ran_ado_2025_19_Colorado2025.czi,Ran_ado,389.39,923.0,14823.0,27,23,85.46,0.959,20251031_081_pol_pro_Ran_ado_2025_19_Colorado2025_x000512_y014336
Unknown_Sample,20251031_081_pol_pro_Ran_ado_2025_19_Colorado2025.czi,Ran_ado,258.19,1362.0,14516.0,20,22,71.21,0.925,20251031_081_pol_pro_Ran_ado_2025_19_Colorado2025_x001024_y014336
Unknown_Sample,20251031_081_pol_pro_Ran_ado_2025_19_Colorado2025.czi,Ran_ado,592.94,2084.0,14619.0,35,28,105.01,0.959,20251031_081_pol_pro_Ran_ado_2025_19_Colorado2025_x001536_y014336
Unknown_Sample,20251031_081_pol_pro_Ran_ado_2025_19_Colorado2025.czi,Ran_ado,488.28,1948.0,14351.0,29,28,96.53,0.947,20251031_081_pol_pro_Ran_ado_2025_19_Colorado2025_x001536_y014336
Unknown_Sample,20251031_081_pol_pro_Ran_ado_2025_19_Colorado2025.czi,Ran_ado,592.17,2084.0,14619.0,35,28,105.01,0.959,20251031_081_pol_pro_Ran_ado_2025_19_Colorado2025_x002048_y014336
Unknown_Sample,20251031_081_pol_pro_Ran_ado_2025_19_Colorado2025.czi,Ran_ado,547.54,2552.0,14413.0,30,30,99.01,0.956,20251031_081_pol_pro_Ran_ado_2025_19_Colorado2025_x002048_y014336
Unknown_Sample,20251031_081_pol_pro_Ran_ado_2025_19_Colorado2025.czi,Ran_ado,499.06,3554.0,14886.0,28,30,96.18,0.961,20251031_081_pol_pro_Ran_ado_2025_19_Colorado2025_x003072_y014336
Unknown_Sample,20251031_081_pol_pro_Ran_ado_2025_19_Colorado2025.czi,Ran_ado,505.21,3464.0,14866.0,29,28,96.53,0.958,20251031_081_pol_pro_Ran_ado_2025_19_Colorado2025_x003072_y014336
Unknown_Sample,20251031_081_pol_pro_Ran_ado_2025_19_Colorado2025.czi,Ran_ado,602.56,3225.0,14376.0,31,33,105.25,0.953,20251031_081_pol_pro_Ran_ado_2025_19_Colorado2025_x003072_y014336
Unknown_Sample,20251031_081_pol_pro_Ran_ado_2025_19_Colorado2025.czi,Ran_ado,532.15,4650.0,14361.0,32,28,99.01,0.961,20251031_081_pol_pro_Ran_ado_2025_19_Colorado2025_x004096_y014336
Unknown_Sample,20251031_081_pol_pro_Ran_ado_2025_19_Colorado2025.czi,Ran_ado,631.8,5007.0,14922.0,32,33,109.6,0.963,20251031_081_pol_pro_Ran_ado_2025_19_Colorado2025_x004608_y014336
Unknown_Sample,20251031_081_pol_pro_Ran_ado_2025_19_Colorado2025.czi,Ran_ado,603.33,4787.0,14501.0,30,33,104.43,0.962,20251031_081_pol_pro_Ran_ado_2025_19_Colorado2025_x004608_y014336
Unknown_Sample,20251031_081_pol_pro_Ran_ado_2025_19_Colorado2025.czi,Ran_ado,662.2,5202.0,14518.0,33,33,109.84,0.962,20251031_081_pol_pro_Ran_ado_2025_19_Colorado2025_x004608_y014336
Unknown_Sample,20251031_081_pol_pro_Ran_ado_2025_19_Colorado2025.czi,Ran_ado,532.15,4650.0,14361.0,32,28,99.01,0.96,20251031_081_pol_pro_Ran_ado_2025_19_Colorado2025_x004608_y014336
Unknown_Sample,20251031_081_pol_pro_Ran_ado_2025_19_Colorado2025.czi,Ran_ado,328.6,5144.0,14660.0,22,24,78.63,0.954,20251031_081_pol_pro_Ran_ado_2025_19_Colorado2025_x004608_y014336
Unknown_Sample,20251031_081_pol_pro_Ran_ado_2025_19_Colorado2025.czi,Ran_ado,556.0,5426.0,14889.0,30,31,101.01,0.963,20251031_081_pol_pro_Ran_ado_2025_19_Colorado2025_x005120_y014336
Unknown_Sample,20251031_081_pol_pro_Ran_ado_2025_19_Colorado2025.czi,Ran_ado,662.2,5202.0,14518.0,33,33,109.84,0.962,20251031_081_pol_pro_Ran_ado_2025_19_Colorado2025_x005120_y014336
Unknown_Sample,20251031_081_pol_pro_Ran_ado_2025_19_Colorado2025.czi,Ran_ado,577.17,5594.0,14660.0,31,30,102.77,0.961,20251031_081_pol_pro_Ran_ado_2025_19_Colorado2025_x005120_y014336
Unknown_Sample,20251031_081_pol_pro_Ran_ado_2025_19_Colorado2025.czi,Ran_ado,434.41,5503.0,14870.0,29,24,88.53,0.955,20251031_081_pol_pro_Ran_ado_2025_19_Colorado2025_x005120_y014336
Unknown_Sample,20251031_081_pol_pro_Ran_ado_2025_19_Colorado2025.czi,Ran_ado,329.37,5144.0,14660.0,22,24,78.63,0.954,20251031_081_pol_pro_Ran_ado_2025_19_Colorado2025_x005120_y014336
Unknown_Sample,20251031_081_pol_pro_Ran_ado_2025_19_Colorado2025.czi,Ran_ado,601.02,6202.0,14576.0,31,32,105.6,0.963,20251031_081_pol_pro_Ran_ado_2025_19_Colorado2025_x005632_y014336
Unknown_Sample,20251031_081_pol_pro_Ran_ado_2025_19_Colorado2025.czi,Ran_ado,666.82,5936.0,14687.0,33,34,110.67,0.959,20251031_081_pol_pro_Ran_ado_2025_19_Colorado2025_x005632_y014336
Unknown_Sample,20251031_081_pol_pro_Ran_ado_2025_19_Colorado2025.czi,Ran_ado,601.02,6202.0,14576.0,31,32,105.6,0.963,20251031_081_pol_pro_Ran_ado_2025_19_Colorado2025_x006144_y014336
Unknown_Sample,20251031_081_pol_pro_Ran_ado_2025_19_Colorado2025.czi,Ran_ado,667.59,7119.0,14356.0,36,32,112.67,0.961,20251031_081_pol_pro_Ran_ado_2025_19_Colorado2025_x006656_y014336
Unknown_Sample,20251031_081_pol_pro_Ran_ado_2025_19_Colorado2025.czi,Ran_ado,505.6,7064.0,14883.0,29,28,95.94,0.957,20251031_081_pol_pro_Ran_ado_2025_19_Colorado2025_x006656_y014336
Unknown_Sample,20251031_081_pol_pro_Ran_ado_2025_19_Colorado2025.czi,Ran_ado,633.34,7538.0,14954.0,30,34,108.77,0.965,20251031_081_pol_pro_Ran_ado_2025_19_Colorado2025_x007168_y014336
Unknown_Sample,20251031_081_pol_pro_Ran_ado_2025_19_Colorado2025.czi,Ran_ado,591.79,7708.0,14696.0,32,30,104.77,0.961,20251031_081_pol_pro_Ran_ado_2025_19_Colorado2025_x007168_y014336
Unknown_Sample,20251031_081_pol_pro_Ran_ado_2025_19_Colorado2025.czi,Ran_ado,594.1,7708.0,14696.0,32,31,105.6,0.961,20251031_081_pol_pro_Ran_ado_2025_19_Colorado2025_x007680_y014336
Unknown_Sample,20251031_081_pol_pro_Ran_ado_2025_19_Colorado2025.czi,Ran_ado,542.54,7830.0,14515.0,31,29,100.77,0.96,20251031_081_pol_pro_Ran_ado_2025_19_Colorado2025_x007680_y014336
Unknown_Sample,20251031_081_pol_pro_Ran_ado_2025_19_Colorado2025.czi,Ran_ado,537.92,8583.0,14455.0,29,30,98.77,0.958,20251031_081_pol_pro_Ran_ado_2025_19_Colorado2025_x008192_y014336
Unknown_Sample,20251031_081_pol_pro_Ran_ado_2025_19_Colorado2025.czi,Ran_ado,628.73,8927.0,14372.0,36,29,107.25,0.962,20251031_081_pol_pro_Ran_ado_2025_19_Colorado2025_x008704_y014336
Unknown_Sample,20251031_081_pol_pro_Ran_ado_2025_19_Colorado2025.czi,Ran_ado,607.56,9305.0,14478.0,34,30,107.01,0.962,20251031_081_pol_pro_Ran_ado_2025_19_Colorado2025_x008704_y014336
Unknown_Sample,20251031_081_pol_pro_Ran_ado_2025_19_Colorado2025.czi,Ran_ado,299.36,9336.0,14361.0,16,31,82.97,0.9,20251031_081_pol_pro_Ran_ado_2025_19_Colorado2025_x008704_y014336
Unknown_Sample,20251031_081_pol_pro_Ran_ado_2025_19_Colorado2025.czi,Ran_ado,608.33,9305.0,14478.0,34,30,107.01,0.962,20251031_081_pol_pro_Ran_ado_2025_19_Colorado2025_x009216_y014336
Unknown_Sample,20251031_081_pol_pro_Ran_ado_2025_19_Colorado2025.czi,Ran_ado,573.7,9830.0,14836.0,31,30,103.36,0.962,20251031_081_pol_pro_Ran_ado_2025_19_Colorado2025_x009216_y014336
Unknown_Sample,20251031_081_pol_pro_Ran_ado_2025_19_Colorado2025.czi,Ran_ado,552.54,9342.0,14361.0,30,31,101.6,0.961,20251031_081_pol_pro_Ran_ado_2025_19_Colorado2025_x009216_y014336
Unknown_Sample,20251031_081_pol_pro_Ran_ado_2025_19_Colorado2025.czi,Ran_ado,599.48,10147.0,14497.0,32,31,105.6,0.964,20251031_081_pol_pro_Ran_ado_2025_19_Colorado2025_x009728_y014336
Unknown_Sample,20251031_081_pol_pro_Ran_ado_2025_19_Colorado2025.czi,Ran_ado,624.49,9861.0,14714.0,30,34,107.01,0.961,20251031_081_pol_pro_Ran_ado_2025_19_Colorado2025_x009728_y014336
Unknown_Sample,20251031_081_pol_pro_Ran_ado_2025_19_Colorado2025.czi,Ran_ado,573.7,9830.0,14836.0,31,30,103.36,0.961,20251031_081_pol_pro_Ran_ado_2025_19_Colorado2025_x009728_y014336
Unknown_Sample,20251031_081_pol_pro_Ran_ado_2025_19_Colorado2025.czi,Ran_ado,547.92,10175.0,14833.0,31,30,100.43,0.959,20251031_081_pol_pro_Ran_ado_2025_19_Colorado2025_x009728_y014336
Unknown_Sample,20251031_081_pol_pro_Ran_ado_2025_19_Colorado2025.czi,Ran_ado,563.31,10323.0,14481.0,31,30,101.6,0.956,20251031_081_pol_pro_Ran_ado_2025_19_Colorado2025_x009728_y014336
Unknown_Sample,20251031_081_pol_pro_Ran_ado_2025_19_Colorado2025.czi,Ran_ado,575.63,10353.0,14464.0,30,30,104.28,0.945,20251031_081_pol_pro_Ran_ado_2025_19_Colorado2025_x009728_y014336
Unknown_Sample,20251031_081_pol_pro_Ran_ado_2025_19_Colorado2025.czi,Ran_ado,347.45,10211.0,14967.0,31,18,86.38,0.923,20251031_081_pol_pro_Ran_ado_2025_19_Colorado2025_x009728_y014336
Unknown_Sample,20251031_081_pol_pro_Ran_ado_2025_19_Colorado2025.czi,Ran_ado,666.05,10633.0,14350.0,36,30,112.18,0.965,20251031_081_pol_pro_Ran_ado_2025_19_Colorado2025_x010240_y014336
Unknown_Sample,20251031_081_pol_pro_Ran_ado_2025_19_Colorado2025.czi,Ran_ado,599.48,10818.0,14571.0,32,31,105.6,0.965,20251031_081_pol_pro_Ran_ado_2025_19_Colorado2025_x010240_y014336
Unknown_Sample,20251031_081_pol_pro_Ran_ado_2025_19_Colorado2025.czi,Ran_ado,573.7,10602.0,14654.0,30,32,103.01,0.963,20251031_081_pol_pro_Ran_ado_2025_19_Colorado2025_x010240_y014336
Unknown_Sample,20251031_081_pol_pro_Ran_ado_2025_19_Colorado2025.czi,Ran_ado,617.57,10767.0,14732.0,32,32,107.01,0.962,20251031_081_pol_pro_Ran_ado_2025_19_Colorado2025_x010240_y014336
Unknown_Sample,20251031_081_pol_pro_Ran_ado_2025_19_Colorado2025.czi,Ran_ado,666.05,10785.0,14357.0,33,33,109.84,0.962,20251031_081_pol_pro_Ran_ado_2025_19_Colorado2025_x010240_y014336
Unknown_Sample,20251031_081_pol_pro_Ran_ado_2025_19_Colorado2025.czi,Ran_ado,636.81,10642.0,14633.0,33,32,109.01,0.96,20251031_081_pol_pro_Ran_ado_2025_19_Colorado2025_x010240_y014336
Unknown_Sample,20251031_081_pol_pro_Ran_ado_2025_19_Colorado2025.czi,Ran_ado,572.93,10686.0,14469.0,30,32,104.18,0.959,20251031_081_pol_pro_Ran_ado_2025_19_Colorado2025_x010240_y014336
Unknown_Sample,20251031_081_pol_pro_Ran_ado_2025_19_Colorado2025.czi,Ran_ado,534.07,10509.0,14361.0,31,28,99.94,0.958,20251031_081_pol_pro_Ran_ado_2025_19_Colorado2025_x010240_y014336
Unknown_Sample,20251031_081_pol_pro_Ran_ado_2025_19_Colorado2025.czi,Ran_ado,563.31,10323.0,14481.0,31,30,101.6,0.956,20251031_081_pol_pro_Ran_ado_2025_19_Colorado2025_x010240_y014336
Unknown_Sample,20251031_081_pol_pro_Ran_ado_2025_19_Colorado2025.czi,Ran_ado,597.94,10353.0,14464.0,33,30,104.43,0.948,20251031_081_pol_pro_Ran_ado_2025_19_Colorado2025_x010240_y014336
Unknown_Sample,20251031_081_pol_pro_Ran_ado_2025_19_Colorado2025.czi,Ran_ado,601.02,10818.0,14571.0,32,31,105.6,0.965,20251031_081_pol_pro_Ran_ado_2025_19_Colorado2025_x010752_y014336
Unknown_Sample,20251031_081_pol_pro_Ran_ado_2025_19_Colorado2025.czi,Ran_ado,644.89,11307.0,14584.0,32,33,108.43,0.963,20251031_081_pol_pro_Ran_ado_2025_19_Colorado2025_x010752_y014336
Unknown_Sample,20251031_081_pol_pro_Ran_ado_2025_19_Colorado2025.czi,Ran_ado,666.82,10785.0,14357.0,33,33,109.84,0.962,20251031_081_pol_pro_Ran_ado_2025_19_Colorado2025_x010752_y014336
Unknown_Sample,20251031_081_pol_pro_Ran_ado_2025_19_Colorado2025.czi,Ran_ado,608.72,10768.0,14732.0,31,32,105.6,0.961,20251031_081_pol_pro_Ran_ado_2025_19_Colorado2025_x010752_y014336
Unknown_Sample,20251031_081_pol_pro_Ran_ado_2025_19_Colorado2025.czi,Ran_ado,612.95,10911.0,14710.0,32,31,106.18,0.96,20251031_081_pol_pro_Ran_ado_2025_19_Colorado2025_x010752_y014336
Unknown_Sample,20251031_081_pol_pro_Ran_ado_2025_19_Colorado2025.czi,Ran_ado,352.46,11120.0,14618.0,25,23,82.63,0.951,20251031_081_pol_pro_Ran_ado_2025_19_Colorado2025_x010752_y014336
Unknown_Sample,20251031_081_pol_pro_Ran_ado_2025_19_Colorado2025.czi,Ran_ado,644.89,11307.0,14584.0,32,33,108.43,0.963,20251031_081_pol_pro_Ran_ado_2025_19_Colorado2025_x011264_y014336
Unknown_Sample,20251031_081_pol_pro_Ran_ado_2025_19_Colorado2025.czi,Ran_ado,682.21,11604.0,14622.0,34,33,113.01,0.961,20251031_081_pol_pro_Ran_ado_2025_19_Colorado2025_x011264_y014336
Unknown_Sample,20251031_081_pol_pro_Ran_ado_2025_19_Colorado2025.czi,Ran_ado,599.1,11820.0,14461.0,30,33,103.84,0.961,20251031_081_pol_pro_Ran_ado_2025_19_Colorado2025_x011264_y014336
Unknown_Sample,20251031_081_pol_pro_Ran_ado_2025_19_Colorado2025.czi,Ran_ado,544.07,11728.0,14598.0,32,28,100.77,0.961,20251031_081_pol_pro_Ran_ado_2025_19_Colorado2025_x011264_y014336
Unknown_Sample,20251031_081_pol_pro_Ran_ado_2025_19_Colorado2025.czi,Ran_ado,622.57,11984.0,14827.0,31,33,107.6,0.964,20251031_081_pol_pro_Ran_ado_2025_19_Colorado2025_x011776_y014336
Unknown_Sample,20251031_081_pol_pro_Ran_ado_2025_19_Colorado2025.czi,Ran_ado,600.64,11820.0,14461.0,30,33,103.84,0.961,20251031_081_pol_pro_Ran_ado_2025_19_Colorado2025_x011776_y014336
Unknown_Sample,20251031_081_pol_pro_Ran_ado_2025_19_Colorado2025.czi,Ran_ado,577.17,12820.0,14636.0,32,29,102.77,0.966,20251031_081_pol_pro_Ran_ado_2025_19_Colorado2025_x012288_y014336
Unknown_Sample,20251031_081_pol_pro_Ran_ado_2025_19_Colorado2025.czi,Ran_ado,627.96,12595.0,14887.0,31,34,107.25,0.964,20251031_081_pol_pro_Ran_ado_2025_19_Colorado2025_x012288_y014336
Unknown_Sample,20251031_081_pol_pro_Ran_ado_2025_19_Colorado2025.czi,Ran_ado,685.29,12789.0,14442.0,32,36,112.67,0.964,20251031_081_pol_pro_Ran_ado_2025_19_Colorado2025_x012288_y014336
Unknown_Sample,20251031_081_pol_pro_Ran_ado_2025_19_Colorado2025.czi,Ran_ado,577.93,12820.0,14636.0,32,29,102.77,0.964,20251031_081_pol_pro_Ran_ado_2025_19_Colorado2025_x012800_y014336
Unknown_Sample,20251031_081_pol_pro_Ran_ado_2025_19_Colorado2025.czi,Ran_ado,697.6,13313.0,14367.0,34,33,113.01,0.963,20251031_081_pol_pro_Ran_ado_2025_19_Colorado2025_x012800_y014336
Unknown_Sample,20251031_081_pol_pro_Ran_ado_2025_19_Colorado2025.czi,Ran_ado,604.87,13769.0,14623.0,31,33,106.43,0.957,20251031_081_pol_pro_Ran_ado_2025_19_Colorado2025_x013312_y014336
Unknown_Sample,20251031_081_pol_pro_Ran_ado_2025_19_Colorado2025.czi,Ran_ado,617.18,13544.0,14801.0,31,32,105.6,0.957,20251031_081_pol_pro_Ran_ado_2025_19_Colorado2025_x013312_y014336
Unknown_Sample,20251031_081_pol_pro_Ran_ado_2025_19_Colorado2025.czi,Ran_ado,701.06,13885.0,14707.0,37,31,114.43,0.954,20251031_081_pol_pro_Ran_ado_2025_19_Colorado2025_x013312_y014336
Unknown_Sample,20251031_081_pol_pro_Ran_ado_2025_19_Colorado2025.czi,Ran_ado,352.07,13320.0,14366.0,18,33,89.21,0.954,20251031_081_pol_pro_Ran_ado_2025_19_Colorado2025_x013312_y014336
Unknown_Sample,20251031_081_pol_pro_Ran_ado_2025_19_Colorado2025.czi,Ran_ado,530.22,14022.0,14348.0,33,26,102.28,0.965,20251031_081_pol_pro_Ran_ado_2025_19_Colorado2025_x013824_y014336
Unknown_Sample,20251031_081_pol_pro_Ran_ado_2025_19_Colorado2025.czi,Ran_ado,667.2,14139.0,14352.0,34,33,112.43,0.957,20251031_081_pol_pro_Ran_ado_2025_19_Colorado2025_x013824_y014336
Unknown_Sample,20251031_081_pol_pro_Ran_ado_2025_19_Colorado2025.czi,Ran_ado,701.83,13885.0,14707.0,37,31,114.43,0.954,20251031_081_pol_pro_Ran_ado_2025_19_Colorado2025_x013824_y014336
Unknown_Sample,20251031_081_pol_pro_Ran_ado_2025_19_Colorado2025.czi,Ran_ado,790.33,14910.0,14394.0,36,36,121.25,0.966,20251031_081_pol_pro_Ran_ado_2025_19_Colorado2025_x014336_y014336
Unknown_Sample,20251031_081_pol_pro_Ran_ado_2025_19_Colorado2025.czi,Ran_ado,138.13,14555.0,14970.0,22,10,57.07,0.877,20251031_081_pol_pro_Ran_ado_2025_19_Colorado2025_x014336_y014336
Unknown_Sample,20251031_081_pol_pro_Ran_ado_2025_19_Colorado2025.czi,Ran_ado,793.02,14910.0,14395.0,36,36,120.67,0.966,20251031_081_pol_pro_Ran_ado_2025_19_Colorado2025_x014848_y014336
Unknown_Sample,20251031_081_pol_pro_Ran_ado_2025_19_Colorado2025.czi,Ran_ado,629.88,14983.0,14457.0,32,33,107.84,0.963,20251031_081_pol_pro_Ran_ado_2025_19_Colorado2025_x014848_y014336
Unknown_Sample,20251031_081_pol_pro_Ran_ado_2025_19_Colorado2025.czi,Ran_ado,629.49,15449.0,14657.0,33,32,107.25,0.958,20251031_081_pol_pro_Ran_ado_2025_19_Colorado2025_x014848_y014336
Unknown_Sample,20251031_081_pol_pro_Ran_ado_2025_19_Colorado2025.czi,Ran_ado,629.88,15595.0,14604.0,31,34,109.01,0.965,20251031_081_pol_pro_Ran_ado_2025_19_Colorado2025_x015360_y014336
Unknown_Sample,20251031_081_pol_pro_Ran_ado_2025_19_Colorado2025.czi,Ran_ado,600.64,15750.0,14865.0,32,29,105.7,0.96,20251031_081_pol_pro_Ran_ado_2025_19_Colorado2025_x015360_y014336
Unknown_Sample,20251031_081_pol_pro_Ran_ado_2025_19_Colorado2025.czi,Ran_ado,629.49,15449.0,14657.0,33,32,107.25,0.958,20251031_081_pol_pro_Ran_ado_2025_19_Colorado2025_x015360_y014336
Unknown_Sample,20251031_081_pol_pro_Ran_ado_2025_19_Colorado2025.czi,Ran_ado,425.18,15860.0,14742.0,28,25,88.53,0.953,20251031_081_pol_pro_Ran_ado_2025_19_Colorado2025_x015360_y014336
Unknown_Sample,20251031_081_pol_pro_Ran_ado_2025_19_Colorado2025.czi,Ran_ado,739.93,16357.0,14513.0,35,34,115.84,0.965,20251031_081_pol_pro_Ran_ado_2025_19_Colorado2025_x015872_y014336
Unknown_Sample,20251031_081_pol_pro_Ran_ado_2025_19_Colorado2025.czi,Ran_ado,564.85,16460.0,14632.0,30,31,102.77,0.96,20251031_081_pol_pro_Ran_ado_2025_19_Colorado2025_x015872_y014336
Unknown_Sample,20251031_081_pol_pro_Ran_ado_2025_19_Colorado2025.czi,Ran_ado,562.16,16627.0,14732.0,30,30,101.36,0.965,20251031_081_pol_pro_Ran_ado_2025_19_Colorado2025_x016384_y014336
Unknown_Sample,20251031_081_pol_pro_Ran_ado_2025_19_Colorado2025.czi,Ran_ado,654.89,16776.0,14855.0,34,32,109.25,0.961,20251031_081_pol_pro_Ran_ado_2025_19_Colorado2025_x016384_y014336
Unknown_Sample,20251031_081_pol_pro_Ran_ado_2025_19_Colorado2025.czi,Ran_ado,564.08,16460.0,14632.0,30,31,102.77,0.96,20251031_081_pol_pro_Ran_ado_2025_19_Colorado2025_x016384_y014336
Unknown_Sample,20251031_081_pol_pro_Ran_ado_2025_19_Colorado2025.czi,Ran_ado,598.33,16838.0,14961.0,31,30,106.87,0.954,20251031_081_pol_pro_Ran_ado_2025_19_Colorado2025_x016384_y014336
Unknown_Sample,20251031_081_pol_pro_Ran_ado_2025_19_Colorado2025.czi,Ran_ado,602.56,17058.0,14656.0,32,31,106.77,0.954,20251031_081_pol_pro_Ran_ado_2025_19_Colorado2025_x016896_y014336
Unknown_Sample,20251031_081_pol_pro_Ran_ado_2025_19_Colorado2025.czi,Ran_ado,594.86,17278.0,14821.0,29,34,105.6,0.953,20251031_081_pol_pro_Ran_ado_2025_19_Colorado2025_x016896_y014336
Unknown_Sample,20251031_081_pol_pro_Ran_ado_2025_19_Colorado2025.czi,Ran_ado,340.91,17303.0,14943.0,23,24,79.46,0.942,20251031_081_pol_pro_Ran_ado_2025_19_Colorado2025_x016896_y014336
Unknown_Sample,20251031_081_pol_pro_Ran_ado_2025_19_Colorado2025.czi,Ran_ado,435.95,2189.0,15408.0,27,27,89.36,0.954,20251031_081_pol_pro_Ran_ado_2025_19_Colorado2025_x002048_y014848
Unknown_Sample,20251031_081_pol_pro_Ran_ado_2025_19_Colorado2025.czi,Ran_ado,527.53,3064.0,15022.0,31,29,97.84,0.958,20251031_081_pol_pro_Ran_ado_2025_19_Colorado2025_x002560_y014848
Unknown_Sample,20251031_081_pol_pro_Ran_ado_2025_19_Colorado2025.czi,Ran_ado,552.15,3031.0,15429.0,32,29,101.01,0.957,20251031_081_pol_pro_Ran_ado_2025_19_Colorado2025_x002560_y014848
Unknown_Sample,20251031_081_pol_pro_Ran_ado_2025_19_Colorado2025.czi,Ran_ado,601.79,3433.0,15451.0,31,32,105.6,0.961,20251031_081_pol_pro_Ran_ado_2025_19_Colorado2025_x003072_y014848
Unknown_Sample,20251031_081_pol_pro_Ran_ado_2025_19_Colorado2025.czi,Ran_ado,499.06,3554.0,14886.0,28,30,96.18,0.961,20251031_081_pol_pro_Ran_ado_2025_19_Colorado2025_x003072_y014848
Unknown_Sample,20251031_081_pol_pro_Ran_ado_2025_19_Colorado2025.czi,Ran_ado,518.29,3464.0,14866.0,30,28,97.36,0.959,20251031_081_pol_pro_Ran_ado_2025_19_Colorado2025_x003072_y014848
Unknown_Sample,20251031_081_pol_pro_Ran_ado_2025_19_Colorado2025.czi,Ran_ado,526.37,3388.0,15427.0,28,31,98.77,0.958,20251031_081_pol_pro_Ran_ado_2025_19_Colorado2025_x003072_y014848
Unknown_Sample,20251031_081_pol_pro_Ran_ado_2025_19_Colorado2025.czi,Ran_ado,275.88,3445.0,15111.0,24,19,72.04,0.942,20251031_081_pol_pro_Ran_ado_2025_19_Colorado2025_x003072_y014848
Unknown_Sample,20251031_081_pol_pro_Ran_ado_2025_19_Colorado2025.czi,Ran_ado,549.08,4644.0,15352.0,29,31,100.18,0.955,20251031_081_pol_pro_Ran_ado_2025_19_Colorado2025_x004096_y014848
Unknown_Sample,20251031_081_pol_pro_Ran_ado_2025_19_Colorado2025.czi,Ran_ado,442.88,4626.0,15320.0,26,28,90.53,0.955,20251031_081_pol_pro_Ran_ado_2025_19_Colorado2025_x004096_y014848
Unknown_Sample,20251031_081_pol_pro_Ran_ado_2025_19_Colorado2025.czi,Ran_ado,631.8,5007.0,14922.0,32,33,109.6,0.963,20251031_081_pol_pro_Ran_ado_2025_19_Colorado2025_x004608_y014848
Unknown_Sample,20251031_081_pol_pro_Ran_ado_2025_19_Colorado2025.czi,Ran_ado,549.08,4644.0,15352.0,29,31,100.18,0.954,20251031_081_pol_pro_Ran_ado_2025_19_Colorado2025_x004608_y014848
Unknown_Sample,20251031_081_pol_pro_Ran_ado_2025_19_Colorado2025.czi,Ran_ado,445.19,4625.0,15320.0,26,28,90.53,0.954,20251031_081_pol_pro_Ran_ado_2025_19_Colorado2025_x004608_y014848
Unknown_Sample,20251031_081_pol_pro_Ran_ado_2025_19_Colorado2025.czi,Ran_ado,556.77,5426.0,14889.0,30,31,101.01,0.963,20251031_081_pol_pro_Ran_ado_2025_19_Colorado2025_x005120_y014848
Unknown_Sample,20251031_081_pol_pro_Ran_ado_2025_19_Colorado2025.czi,Ran_ado,435.57,5503.0,14870.0,29,24,89.11,0.955,20251031_081_pol_pro_Ran_ado_2025_19_Colorado2025_x005120_y014848
Unknown_Sample,20251031_081_pol_pro_Ran_ado_2025_19_Colorado2025.czi,Ran_ado,559.47,6257.0,15466.0,28,32,104.28,0.952,20251031_081_pol_pro_Ran_ado_2025_19_Colorado2025_x005632_y014848
Unknown_Sample,20251031_081_pol_pro_Ran_ado_2025_19_Colorado2025.czi,Ran_ado,577.55,6258.0,15465.0,30,32,104.18,0.962,20251031_081_pol_pro_Ran_ado_2025_19_Colorado2025_x006144_y014848
Unknown_Sample,20251031_081_pol_pro_Ran_ado_2025_19_Colorado2025.czi,Ran_ado,599.48,6919.0,15378.0,30,33,104.43,0.96,20251031_081_pol_pro_Ran_ado_2025_19_Colorado2025_x006656_y014848
Unknown_Sample,20251031_081_pol_pro_Ran_ado_2025_19_Colorado2025.czi,Ran_ado,624.88,6821.0,15366.0,31,32,106.77,0.958,20251031_081_pol_pro_Ran_ado_2025_19_Colorado2025_x006656_y014848
Unknown_Sample,20251031_081_pol_pro_Ran_ado_2025_19_Colorado2025.czi,Ran_ado,505.6,7064.0,14883.0,29,28,95.94,0.957,20251031_081_pol_pro_Ran_ado_2025_19_Colorado2025_x006656_y014848
Unknown_Sample,20251031_081_pol_pro_Ran_ado_2025_19_Colorado2025.czi,Ran_ado,630.65,7538.0,14954.0,30,34,108.18,0.967,20251031_081_pol_pro_Ran_ado_2025_19_Colorado2025_x007168_y014848
Unknown_Sample,20251031_081_pol_pro_Ran_ado_2025_19_Colorado2025.czi,Ran_ado,574.86,8126.0,15080.0,30,32,103.6,0.96,20251031_081_pol_pro_Ran_ado_2025_19_Colorado2025_x007680_y014848
Unknown_Sample,20251031_081_pol_pro_Ran_ado_2025_19_Colorado2025.czi,Ran_ado,379.77,8095.0,15239.0,24,25,82.87,0.957,20251031_081_pol_pro_Ran_ado_2025_19_Colorado2025_x007680_y014848
Unknown_Sample,20251031_081_pol_pro_Ran_ado_2025_19_Colorado2025.czi,Ran_ado,600.25,8372.0,15454.0,31,32,104.43,0.961,20251031_081_pol_pro_Ran_ado_2025_19_Colorado2025_x008192_y014848
Unknown_Sample,20251031_081_pol_pro_Ran_ado_2025_19_Colorado2025.czi,Ran_ado,584.09,8397.0,15062.0,35,29,104.08,0.957,20251031_081_pol_pro_Ran_ado_2025_19_Colorado2025_x008192_y014848
Unknown_Sample,20251031_081_pol_pro_Ran_ado_2025_19_Colorado2025.czi,Ran_ado,609.1,8719.0,15192.0,34,30,105.84,0.957,20251031_081_pol_pro_Ran_ado_2025_19_Colorado2025_x008192_y014848
Unknown_Sample,20251031_081_pol_pro_Ran_ado_2025_19_Colorado2025.czi,Ran_ado,276.27,8699.0,15288.0,26,18,73.46,0.933,20251031_081_pol_pro_Ran_ado_2025_19_Colorado2025_x008192_y014848
Unknown_Sample,20251031_081_pol_pro_Ran_ado_2025_19_Colorado2025.czi,Ran_ado,674.51,9212.0,15035.0,35,32,110.67,0.964,20251031_081_pol_pro_Ran_ado_2025_19_Colorado2025_x008704_y014848
Unknown_Sample,20251031_081_pol_pro_Ran_ado_2025_19_Colorado2025.czi,Ran_ado,663.36,8860.0,15272.0,29,38,111.25,0.962,20251031_081_pol_pro_Ran_ado_2025_19_Colorado2025_x008704_y014848
Unknown_Sample,20251031_081_pol_pro_Ran_ado_2025_19_Colorado2025.czi,Ran_ado,579.86,9051.0,15367.0,31,31,101.84,0.961,20251031_081_pol_pro_Ran_ado_2025_19_Colorado2025_x008704_y014848
Unknown_Sample,20251031_081_pol_pro_Ran_ado_2025_19_Colorado2025.czi,Ran_ado,596.4,8720.0,15192.0,33,30,105.6,0.959,20251031_081_pol_pro_Ran_ado_2025_19_Colorado2025_x008704_y014848
Unknown_Sample,20251031_081_pol_pro_Ran_ado_2025_19_Colorado2025.czi,Ran_ado,227.4,9222.0,15035.0,14,30,75.21,0.944,20251031_081_pol_pro_Ran_ado_2025_19_Colorado2025_x009216_y014848
Unknown_Sample,20251031_081_pol_pro_Ran_ado_2025_19_Colorado2025.czi,Ran_ado,596.02,10211.0,14972.0,31,32,105.01,0.965,20251031_081_pol_pro_Ran_ado_2025_19_Colorado2025_x009728_y014848
Unknown_Sample,20251031_081_pol_pro_Ran_ado_2025_19_Colorado2025.czi,Ran_ado,607.95,9895.0,14996.0,34,29,106.77,0.963,20251031_081_pol_pro_Ran_ado_2025_19_Colorado2025_x009728_y014848
Unknown_Sample,20251031_081_pol_pro_Ran_ado_2025_19_Colorado2025.czi,Ran_ado,619.11,10352.0,15359.0,31,31,107.7,0.953,20251031_081_pol_pro_Ran_ado_2025_19_Colorado2025_x009728_y014848
Unknown_Sample,20251031_081_pol_pro_Ran_ado_2025_19_Colorado2025.czi,Ran_ado,657.97,10353.0,15359.0,35,31,108.08,0.962,20251031_081_pol_pro_Ran_ado_2025_19_Colorado2025_x010240_y014848
Unknown_Sample,20251031_081_pol_pro_Ran_ado_2025_19_Colorado2025.czi,Ran_ado,513.68,10401.0,15013.0,29,29,97.36,0.962,20251031_081_pol_pro_Ran_ado_2025_19_Colorado2025_x010240_y014848
Unknown_Sample,20251031_081_pol_pro_Ran_ado_2025_19_Colorado2025.czi,Ran_ado,688.75,11273.0,15153.0,35,32,111.25,0.961,20251031_081_pol_pro_Ran_ado_2025_19_Colorado2025_x010752_y014848
Unknown_Sample,20251031_081_pol_pro_Ran_ado_2025_19_Colorado2025.czi,Ran_ado,554.85,11276.0,15153.0,27,33,104.28,0.963,20251031_081_pol_pro_Ran_ado_2025_19_Colorado2025_x011264_y014848
Unknown_Sample,20251031_081_pol_pro_Ran_ado_2025_19_Colorado2025.czi,Ran_ado,637.58,11436.0,15085.0,34,31,107.84,0.958,20251031_081_pol_pro_Ran_ado_2025_19_Colorado2025_x011264_y014848
Unknown_Sample,20251031_081_pol_pro_Ran_ado_2025_19_Colorado2025.czi,Ran_ado,234.71,11439.0,15187.0,24,16,67.8,0.659,20251031_081_pol_pro_Ran_ado_2025_19_Colorado2025_x011264_y014848
Unknown_Sample,20251031_081_pol_pro_Ran_ado_2025_19_Colorado2025.czi,Ran_ado,627.19,12595.0,14887.0,31,34,107.25,0.965,20251031_081_pol_pro_Ran_ado_2025_19_Colorado2025_x012288_y014848
Unknown_Sample,20251031_081_pol_pro_Ran_ado_2025_19_Colorado2025.czi,Ran_ado,609.87,12659.0,15208.0,32,32,107.01,0.961,20251031_081_pol_pro_Ran_ado_2025_19_Colorado2025_x012288_y014848
Unknown_Sample,20251031_081_pol_pro_Ran_ado_2025_19_Colorado2025.czi,Ran_ado,332.83,12893.0,15032.0,21,26,80.04,0.949,20251031_081_pol_pro_Ran_ado_2025_19_Colorado2025_x012288_y014848
Unknown_Sample,20251031_081_pol_pro_Ran_ado_2025_19_Colorado2025.czi,Ran_ado,722.61,13309.0,15283.0,36,33,115.25,0.964,20251031_081_pol_pro_Ran_ado_2025_19_Colorado2025_x012800_y014848
Unknown_Sample,20251031_081_pol_pro_Ran_ado_2025_19_Colorado2025.czi,Ran_ado,640.65,13053.0,15411.0,32,33,109.01,0.963,20251031_081_pol_pro_Ran_ado_2025_19_Colorado2025_x012800_y014848
Unknown_Sample,20251031_081_pol_pro_Ran_ado_2025_19_Colorado2025.czi,Ran_ado,607.18,12944.0,15355.0,31,32,105.6,0.962,20251031_081_pol_pro_Ran_ado_2025_19_Colorado2025_x012800_y014848
Unknown_Sample,20251031_081_pol_pro_Ran_ado_2025_19_Colorado2025.czi,Ran_ado,334.37,12893.0,15032.0,21,26,80.04,0.949,20251031_081_pol_pro_Ran_ado_2025_19_Colorado2025_x012800_y014848
Unknown_Sample,20251031_081_pol_pro_Ran_ado_2025_19_Colorado2025.czi,Ran_ado,551.0,13021.0,15473.0,30,29,103.46,0.948,20251031_081_pol_pro_Ran_ado_2025_19_Colorado2025_x012800_y014848
Unknown_Sample,20251031_081_pol_pro_Ran_ado_2025_19_Colorado2025.czi,Ran_ado,262.8,13318.0,15282.0,15,32,80.04,0.946,20251031_081_pol_pro_Ran_ado_2025_19_Colorado2025_x013312_y014848
Unknown_Sample,20251031_081_pol_pro_Ran_ado_2025_19_Colorado2025.czi,Ran_ado,645.27,14083.0,15371.0,33,32,110.18,0.966,20251031_081_pol_pro_Ran_ado_2025_19_Colorado2025_x013824_y014848
Unknown_Sample,20251031_081_pol_pro_Ran_ado_2025_19_Colorado2025.czi,Ran_ado,703.76,14085.0,15472.0,35,31,115.7,0.954,20251031_081_pol_pro_Ran_ado_2025_19_Colorado2025_x013824_y014848
Unknown_Sample,20251031_081_pol_pro_Ran_ado_2025_19_Colorado2025.czi,Ran_ado,607.18,14752.0,15117.0,30,34,106.43,0.959,20251031_081_pol_pro_Ran_ado_2025_19_Colorado2025_x014336_y014848
Unknown_Sample,20251031_081_pol_pro_Ran_ado_2025_19_Colorado2025.czi,Ran_ado,314.36,14553.0,14976.0,24,22,78.04,0.944,20251031_081_pol_pro_Ran_ado_2025_19_Colorado2025_x014336_y014848
Unknown_Sample,20251031_081_pol_pro_Ran_ado_2025_19_Colorado2025.czi,Ran_ado,562.93,15852.0,15388.0,31,29,101.36,0.962,20251031_081_pol_pro_Ran_ado_2025_19_Colorado2025_x015360_y014848
Unknown_Sample,20251031_081_pol_pro_Ran_ado_2025_19_Colorado2025.czi,Ran_ado,614.49,15892.0,15393.0,33,31,107.01,0.96,20251031_081_pol_pro_Ran_ado_2025_19_Colorado2025_x015360_y014848
Unknown_Sample,20251031_081_pol_pro_Ran_ado_2025_19_Colorado2025.czi,Ran_ado,604.48,15750.0,14865.0,32,29,106.87,0.959,20251031_081_pol_pro_Ran_ado_2025_19_Colorado2025_x015360_y014848
Unknown_Sample,20251031_081_pol_pro_Ran_ado_2025_19_Colorado2025.czi,Ran_ado,612.95,15705.0,15001.0,31,34,106.67,0.957,20251031_081_pol_pro_Ran_ado_2025_19_Colorado2025_x015360_y014848
Unknown_Sample,20251031_081_pol_pro_Ran_ado_2025_19_Colorado2025.czi,Ran_ado,617.18,15892.0,15393.0,33,31,106.43,0.96,20251031_081_pol_pro_Ran_ado_2025_19_Colorado2025_x015872_y014848
Unknown_Sample,20251031_081_pol_pro_Ran_ado_2025_19_Colorado2025.czi,Ran_ado,667.59,16838.0,14962.0,32,35,110.67,0.962,20251031_081_pol_pro_Ran_ado_2025_19_Colorado2025_x016384_y014848
Unknown_Sample,20251031_081_pol_pro_Ran_ado_2025_19_Colorado2025.czi,Ran_ado,496.75,16777.0,14859.0,34,23,100.04,0.962,20251031_081_pol_pro_Ran_ado_2025_19_Colorado2025_x016384_y014848
Unknown_Sample,20251031_081_pol_pro_Ran_ado_2025_19_Colorado2025.czi,Ran_ado,473.66,16857.0,15104.0,27,29,93.36,0.961,20251031_081_pol_pro_Ran_ado_2025_19_Colorado2025_x016384_y014848
Unknown_Sample,20251031_081_pol_pro_Ran_ado_2025_19_Colorado2025.czi,Ran_ado,292.82,16614.0,15293.0,19,27,76.87,0.917,20251031_081_pol_pro_Ran_ado_2025_19_Colorado2025_x016384_y014848
Unknown_Sample,20251031_081_pol_pro_Ran_ado_2025_19_Colorado2025.czi,Ran_ado,726.46,17074.0,15274.0,34,35,115.25,0.96,20251031_081_pol_pro_Ran_ado_2025_19_Colorado2025_x016896_y014848
Unknown_Sample,20251031_081_pol_pro_Ran_ado_2025_19_Colorado2025.czi,Ran_ado,631.03,17297.0,15420.0,32,32,107.6,0.948,20251031_081_pol_pro_Ran_ado_2025_19_Colorado2025_x016896_y014848
Unknown_Sample,20251031_081_pol_pro_Ran_ado_2025_19_Colorado2025.czi,Ran_ado,328.21,17304.0,14943.0,22,24,78.04,0.929,20251031_081_pol_pro_Ran_ado_2025_19_Colorado2025_x016896_y014848
Unknown_Sample,20251031_081_pol_pro_Ran_ado_2025_19_Colorado2025.czi,Ran_ado,292.43,926.0,15768.0,20,26,76.28,0.947,20251031_081_pol_pro_Ran_ado_2025_19_Colorado2025_x000512_y015360
Unknown_Sample,20251031_081_pol_pro_Ran_ado_2025_19_Colorado2025.czi,Ran_ado,253.18,1604.0,15745.0,21,20,68.63,0.941,20251031_081_pol_pro_Ran_ado_2025_19_Colorado2025_x001024_y015360
Unknown_Sample,20251031_081_pol_pro_Ran_ado_2025_19_Colorado2025.czi,Ran_ado,253.95,1604.0,15745.0,21,20,68.63,0.941,20251031_081_pol_pro_Ran_ado_2025_19_Colorado2025_x001536_y015360
Unknown_Sample,20251031_081_pol_pro_Ran_ado_2025_19_Colorado2025.czi,Ran_ado,435.95,2189.0,15408.0,27,27,89.36,0.954,20251031_081_pol_pro_Ran_ado_2025_19_Colorado2025_x002048_y015360
Unknown_Sample,20251031_081_pol_pro_Ran_ado_2025_19_Colorado2025.czi,Ran_ado,645.66,2973.0,15566.0,33,32,108.43,0.957,20251031_081_pol_pro_Ran_ado_2025_19_Colorado2025_x002560_y015360
Unknown_Sample,20251031_081_pol_pro_Ran_ado_2025_19_Colorado2025.czi,Ran_ado,553.31,3031.0,15429.0,32,29,101.6,0.957,20251031_081_pol_pro_Ran_ado_2025_19_Colorado2025_x002560_y015360
Unknown_Sample,20251031_081_pol_pro_Ran_ado_2025_19_Colorado2025.czi,Ran_ado,601.02,3433.0,15451.0,31,32,105.6,0.962,20251031_081_pol_pro_Ran_ado_2025_19_Colorado2025_x003072_y015360
Unknown_Sample,20251031_081_pol_pro_Ran_ado_2025_19_Colorado2025.czi,Ran_ado,588.71,3531.0,15942.0,34,29,105.6,0.96,20251031_081_pol_pro_Ran_ado_2025_19_Colorado2025_x003072_y015360
Unknown_Sample,20251031_081_pol_pro_Ran_ado_2025_19_Colorado2025.czi,Ran_ado,526.37,3388.0,15427.0,28,31,98.77,0.958,20251031_081_pol_pro_Ran_ado_2025_19_Colorado2025_x003072_y015360
Unknown_Sample,20251031_081_pol_pro_Ran_ado_2025_19_Colorado2025.czi,Ran_ado,524.45,3564.0,15676.0,28,32,99.01,0.958,20251031_081_pol_pro_Ran_ado_2025_19_Colorado2025_x003072_y015360
Unknown_Sample,20251031_081_pol_pro_Ran_ado_2025_19_Colorado2025.czi,Ran_ado,591.79,3440.0,15760.0,30,33,104.43,0.955,20251031_081_pol_pro_Ran_ado_2025_19_Colorado2025_x003072_y015360
Unknown_Sample,20251031_081_pol_pro_Ran_ado_2025_19_Colorado2025.czi,Ran_ado,415.56,3499.0,15989.0,32,21,92.63,0.935,20251031_081_pol_pro_Ran_ado_2025_19_Colorado2025_x003072_y015360
Unknown_Sample,20251031_081_pol_pro_Ran_ado_2025_19_Colorado2025.czi,Ran_ado,536.76,4379.0,15979.0,32,28,100.18,0.96,20251031_081_pol_pro_Ran_ado_2025_19_Colorado2025_x004096_y015360
Unknown_Sample,20251031_081_pol_pro_Ran_ado_2025_19_Colorado2025.czi,Ran_ado,473.28,4260.0,15851.0,27,29,92.77,0.954,20251031_081_pol_pro_Ran_ado_2025_19_Colorado2025_x004096_y015360
Unknown_Sample,20251031_081_pol_pro_Ran_ado_2025_19_Colorado2025.czi,Ran_ado,319.36,4321.0,15642.0,24,22,77.46,0.941,20251031_081_pol_pro_Ran_ado_2025_19_Colorado2025_x004096_y015360
Unknown_Sample,20251031_081_pol_pro_Ran_ado_2025_19_Colorado2025.czi,Ran_ado,628.34,5138.0,15539.0,32,32,107.01,0.961,20251031_081_pol_pro_Ran_ado_2025_19_Colorado2025_x004608_y015360
Unknown_Sample,20251031_081_pol_pro_Ran_ado_2025_19_Colorado2025.czi,Ran_ado,514.06,5381.0,15891.0,29,30,97.6,0.96,20251031_081_pol_pro_Ran_ado_2025_19_Colorado2025_x005120_y015360
Unknown_Sample,20251031_081_pol_pro_Ran_ado_2025_19_Colorado2025.czi,Ran_ado,630.65,5138.0,15539.0,32,32,107.01,0.96,20251031_081_pol_pro_Ran_ado_2025_19_Colorado2025_x005120_y015360
Unknown_Sample,20251031_081_pol_pro_Ran_ado_2025_19_Colorado2025.czi,Ran_ado,590.25,6254.0,15879.0,31,31,104.77,0.955,20251031_081_pol_pro_Ran_ado_2025_19_Colorado2025_x005632_y015360
Unknown_Sample,20251031_081_pol_pro_Ran_ado_2025_19_Colorado2025.czi,Ran_ado,561.0,6257.0,15466.0,28,32,104.28,0.953,20251031_081_pol_pro_Ran_ado_2025_19_Colorado2025_x005632_y015360
Unknown_Sample,20251031_081_pol_pro_Ran_ado_2025_19_Colorado2025.czi,Ran_ado,667.97,6235.0,15561.0,37,29,112.77,0.941,20251031_081_pol_pro_Ran_ado_2025_19_Colorado2025_x005632_y015360
Unknown_Sample,20251031_081_pol_pro_Ran_ado_2025_19_Colorado2025.czi,Ran_ado,578.32,6258.0,15465.0,30,32,104.18,0.962,20251031_081_pol_pro_Ran_ado_2025_19_Colorado2025_x006144_y015360
Unknown_Sample,20251031_081_pol_pro_Ran_ado_2025_19_Colorado2025.czi,Ran_ado,579.09,6719.0,15700.0,30,32,104.18,0.961,20251031_081_pol_pro_Ran_ado_2025_19_Colorado2025_x006144_y015360
Unknown_Sample,20251031_081_pol_pro_Ran_ado_2025_19_Colorado2025.czi,Ran_ado,590.63,6254.0,15879.0,31,32,105.01,0.96,20251031_081_pol_pro_Ran_ado_2025_19_Colorado2025_x006144_y015360
Unknown_Sample,20251031_081_pol_pro_Ran_ado_2025_19_Colorado2025.czi,Ran_ado,667.97,6235.0,15561.0,37,29,112.77,0.942,20251031_081_pol_pro_Ran_ado_2025_19_Colorado2025_x006144_y015360
Unknown_Sample,20251031_081_pol_pro_Ran_ado_2025_19_Colorado2025.czi,Ran_ado,579.09,6719.0,15700.0,30,32,104.18,0.961,20251031_081_pol_pro_Ran_ado_2025_19_Colorado2025_x006656_y015360
Unknown_Sample,20251031_081_pol_pro_Ran_ado_2025_19_Colorado2025.czi,Ran_ado,602.95,6919.0,15378.0,30,33,105.01,0.959,20251031_081_pol_pro_Ran_ado_2025_19_Colorado2025_x006656_y015360
Unknown_Sample,20251031_081_pol_pro_Ran_ado_2025_19_Colorado2025.czi,Ran_ado,445.96,6821.0,15370.0,31,22,94.38,0.958,20251031_081_pol_pro_Ran_ado_2025_19_Colorado2025_x006656_y015360
Unknown_Sample,20251031_081_pol_pro_Ran_ado_2025_19_Colorado2025.czi,Ran_ado,512.91,7603.0,15897.0,29,30,98.18,0.961,20251031_081_pol_pro_Ran_ado_2025_19_Colorado2025_x007168_y015360
Unknown_Sample,20251031_081_pol_pro_Ran_ado_2025_19_Colorado2025.czi,Ran_ado,649.5,8190.0,15531.0,33,33,109.25,0.962,20251031_081_pol_pro_Ran_ado_2025_19_Colorado2025_x007680_y015360
Unknown_Sample,20251031_081_pol_pro_Ran_ado_2025_19_Colorado2025.czi,Ran_ado,562.54,8129.0,15504.0,29,31,101.94,0.962,20251031_081_pol_pro_Ran_ado_2025_19_Colorado2025_x007680_y015360
Unknown_Sample,20251031_081_pol_pro_Ran_ado_2025_19_Colorado2025.czi,Ran_ado,564.08,7895.0,15888.0,31,30,101.6,0.961,20251031_081_pol_pro_Ran_ado_2025_19_Colorado2025_x007680_y015360
Unknown_Sample,20251031_081_pol_pro_Ran_ado_2025_19_Colorado2025.czi,Ran_ado,539.07,8474.0,15634.0,30,30,100.18,0.962,20251031_081_pol_pro_Ran_ado_2025_19_Colorado2025_x008192_y015360
Unknown_Sample,20251031_081_pol_pro_Ran_ado_2025_19_Colorado2025.czi,Ran_ado,597.94,8372.0,15454.0,31,32,104.43,0.961,20251031_081_pol_pro_Ran_ado_2025_19_Colorado2025_x008192_y015360
Unknown_Sample,20251031_081_pol_pro_Ran_ado_2025_19_Colorado2025.czi,Ran_ado,259.72,8198.0,15531.0,14,32,80.38,0.951,20251031_081_pol_pro_Ran_ado_2025_19_Colorado2025_x008192_y015360
Unknown_Sample,20251031_081_pol_pro_Ran_ado_2025_19_Colorado2025.czi,Ran_ado,193.54,8380.0,15994.0,31,11,73.56,0.888,20251031_081_pol_pro_Ran_ado_2025_19_Colorado2025_x008192_y015360
Unknown_Sample,20251031_081_pol_pro_Ran_ado_2025_19_Colorado2025.czi,Ran_ado,443.65,9051.0,15370.0,31,23,92.87,0.961,20251031_081_pol_pro_Ran_ado_2025_19_Colorado2025_x008704_y015360
Unknown_Sample,20251031_081_pol_pro_Ran_ado_2025_19_Colorado2025.czi,Ran_ado,697.22,9550.0,15918.0,34,33,112.43,0.96,20251031_081_pol_pro_Ran_ado_2025_19_Colorado2025_x009216_y015360
Unknown_Sample,20251031_081_pol_pro_Ran_ado_2025_19_Colorado2025.czi,Ran_ado,328.6,9714.0,15801.0,27,20,79.46,0.946,20251031_081_pol_pro_Ran_ado_2025_19_Colorado2025_x009216_y015360
Unknown_Sample,20251031_081_pol_pro_Ran_ado_2025_19_Colorado2025.czi,Ran_ado,593.33,10352.0,15569.0,30,31,105.11,0.949,20251031_081_pol_pro_Ran_ado_2025_19_Colorado2025_x009728_y015360
Unknown_Sample,20251031_081_pol_pro_Ran_ado_2025_19_Colorado2025.czi,Ran_ado,279.35,10353.0,15367.0,31,15,80.97,0.937,20251031_081_pol_pro_Ran_ado_2025_19_Colorado2025_x009728_y015360
Unknown_Sample,20251031_081_pol_pro_Ran_ado_2025_19_Colorado2025.czi,Ran_ado,683.75,10792.0,15836.0,35,33,112.67,0.96,20251031_081_pol_pro_Ran_ado_2025_19_Colorado2025_x010240_y015360
Unknown_Sample,20251031_081_pol_pro_Ran_ado_2025_19_Colorado2025.czi,Ran_ado,543.3,10814.0,15523.0,31,29,100.77,0.959,20251031_081_pol_pro_Ran_ado_2025_19_Colorado2025_x010240_y015360
Unknown_Sample,20251031_081_pol_pro_Ran_ado_2025_19_Colorado2025.czi,Ran_ado,608.72,10353.0,15569.0,32,31,105.6,0.958,20251031_081_pol_pro_Ran_ado_2025_19_Colorado2025_x010240_y015360
Unknown_Sample,20251031_081_pol_pro_Ran_ado_2025_19_Colorado2025.czi,Ran_ado,299.36,10354.0,15367.0,35,15,85.46,0.949,20251031_081_pol_pro_Ran_ado_2025_19_Colorado2025_x010240_y015360
Unknown_Sample,20251031_081_pol_pro_Ran_ado_2025_19_Colorado2025.czi,Ran_ado,468.27,10563.0,15988.0,32,23,96.04,0.942,20251031_081_pol_pro_Ran_ado_2025_19_Colorado2025_x010240_y015360
Unknown_Sample,20251031_081_pol_pro_Ran_ado_2025_19_Colorado2025.czi,Ran_ado,664.12,10890.0,15795.0,33,32,109.6,0.965,20251031_081_pol_pro_Ran_ado_2025_19_Colorado2025_x010752_y015360
Unknown_Sample,20251031_081_pol_pro_Ran_ado_2025_19_Colorado2025.czi,Ran_ado,684.52,10792.0,15836.0,35,33,112.67,0.961,20251031_081_pol_pro_Ran_ado_2025_19_Colorado2025_x010752_y015360
Unknown_Sample,20251031_081_pol_pro_Ran_ado_2025_19_Colorado2025.czi,Ran_ado,543.3,10814.0,15523.0,31,29,100.77,0.959,20251031_081_pol_pro_Ran_ado_2025_19_Colorado2025_x010752_y015360
Unknown_Sample,20251031_081_pol_pro_Ran_ado_2025_19_Colorado2025.czi,Ran_ado,115.43,11673.0,15954.0,14,14,47.31,0.937,20251031_081_pol_pro_Ran_ado_2025_19_Colorado2025_x011264_y015360
Unknown_Sample,20251031_081_pol_pro_Ran_ado_2025_19_Colorado2025.czi,Ran_ado,720.3,12001.0,15925.0,35,34,115.25,0.963,20251031_081_pol_pro_Ran_ado_2025_19_Colorado2025_x011776_y015360
Unknown_Sample,20251031_081_pol_pro_Ran_ado_2025_19_Colorado2025.czi,Ran_ado,597.17,12444.0,15741.0,34,29,105.6,0.964,20251031_081_pol_pro_Ran_ado_2025_19_Colorado2025_x012288_y015360
Unknown_Sample,20251031_081_pol_pro_Ran_ado_2025_19_Colorado2025.czi,Ran_ado,213.17,12853.0,15994.0,31,12,74.97,0.888,20251031_081_pol_pro_Ran_ado_2025_19_Colorado2025_x012288_y015360
Unknown_Sample,20251031_081_pol_pro_Ran_ado_2025_19_Colorado2025.czi,Ran_ado,640.65,13053.0,15411.0,32,33,109.01,0.963,20251031_081_pol_pro_Ran_ado_2025_19_Colorado2025_x012800_y015360
Unknown_Sample,20251031_081_pol_pro_Ran_ado_2025_19_Colorado2025.czi,Ran_ado,731.46,13207.0,15943.0,35,35,116.67,0.962,20251031_081_pol_pro_Ran_ado_2025_19_Colorado2025_x012800_y015360
Unknown_Sample,20251031_081_pol_pro_Ran_ado_2025_19_Colorado2025.czi,Ran_ado,561.77,13076.0,15615.0,30,31,100.43,0.96,20251031_081_pol_pro_Ran_ado_2025_19_Colorado2025_x012800_y015360
Unknown_Sample,20251031_081_pol_pro_Ran_ado_2025_19_Colorado2025.czi,Ran_ado,599.87,13021.0,15475.0,30,33,105.01,0.96,20251031_081_pol_pro_Ran_ado_2025_19_Colorado2025_x012800_y015360
Unknown_Sample,20251031_081_pol_pro_Ran_ado_2025_19_Colorado2025.czi,Ran_ado,157.37,12944.0,15365.0,29,11,67.21,0.942,20251031_081_pol_pro_Ran_ado_2025_19_Colorado2025_x012800_y015360
Unknown_Sample,20251031_081_pol_pro_Ran_ado_2025_19_Colorado2025.czi,Ran_ado,213.17,12853.0,15994.0,31,12,74.97,0.888,20251031_081_pol_pro_Ran_ado_2025_19_Colorado2025_x012800_y015360
Unknown_Sample,20251031_081_pol_pro_Ran_ado_2025_19_Colorado2025.czi,Ran_ado,710.3,13788.0,15515.0,34,34,114.43,0.964,20251031_081_pol_pro_Ran_ado_2025_19_Colorado2025_x013312_y015360
Unknown_Sample,20251031_081_pol_pro_Ran_ado_2025_19_Colorado2025.czi,Ran_ado,624.88,13549.0,15551.0,32,32,106.43,0.959,20251031_081_pol_pro_Ran_ado_2025_19_Colorado2025_x013312_y015360
Unknown_Sample,20251031_081_pol_pro_Ran_ado_2025_19_Colorado2025.czi,Ran_ado,563.7,14083.0,15373.0,32,27,104.04,0.968,20251031_081_pol_pro_Ran_ado_2025_19_Colorado2025_x013824_y015360
Unknown_Sample,20251031_081_pol_pro_Ran_ado_2025_19_Colorado2025.czi,Ran_ado,627.57,14036.0,15674.0,31,33,108.18,0.966,20251031_081_pol_pro_Ran_ado_2025_19_Colorado2025_x013824_y015360
Unknown_Sample,20251031_081_pol_pro_Ran_ado_2025_19_Colorado2025.czi,Ran_ado,765.71,14085.0,15473.0,35,36,119.25,0.965,20251031_081_pol_pro_Ran_ado_2025_19_Colorado2025_x013824_y015360
Unknown_Sample,20251031_081_pol_pro_Ran_ado_2025_19_Colorado2025.czi,Ran_ado,624.11,13986.0,15680.0,31,33,106.43,0.964,20251031_081_pol_pro_Ran_ado_2025_19_Colorado2025_x013824_y015360
Unknown_Sample,20251031_081_pol_pro_Ran_ado_2025_19_Colorado2025.czi,Ran_ado,655.66,14296.0,15979.0,34,32,109.25,0.962,20251031_081_pol_pro_Ran_ado_2025_19_Colorado2025_x013824_y015360
Unknown_Sample,20251031_081_pol_pro_Ran_ado_2025_19_Colorado2025.czi,Ran_ado,691.44,14130.0,15949.0,33,34,113.01,0.962,20251031_081_pol_pro_Ran_ado_2025_19_Colorado2025_x013824_y015360
Unknown_Sample,20251031_081_pol_pro_Ran_ado_2025_19_Colorado2025.czi,Ran_ado,694.91,14104.0,15518.0,34,34,113.25,0.96,20251031_081_pol_pro_Ran_ado_2025_19_Colorado2025_x013824_y015360
Unknown_Sample,20251031_081_pol_pro_Ran_ado_2025_19_Colorado2025.czi,Ran_ado,609.87,14005.0,15559.0,32,32,105.84,0.96,20251031_081_pol_pro_Ran_ado_2025_19_Colorado2025_x013824_y015360
Unknown_Sample,20251031_081_pol_pro_Ran_ado_2025_19_Colorado2025.czi,Ran_ado,730.69,14719.0,15688.0,35,34,115.84,0.96,20251031_081_pol_pro_Ran_ado_2025_19_Colorado2025_x014336_y015360
Unknown_Sample,20251031_081_pol_pro_Ran_ado_2025_19_Colorado2025.czi,Ran_ado,418.25,14658.0,15712.0,26,27,87.36,0.957,20251031_081_pol_pro_Ran_ado_2025_19_Colorado2025_x014336_y015360
Unknown_Sample,20251031_081_pol_pro_Ran_ado_2025_19_Colorado2025.czi,Ran_ado,365.92,14944.0,15660.0,27,22,84.04,0.955,20251031_081_pol_pro_Ran_ado_2025_19_Colorado2025_x014336_y015360
Unknown_Sample,20251031_081_pol_pro_Ran_ado_2025_19_Colorado2025.czi,Ran_ado,471.35,14965.0,15944.0,22,33,98.38,0.93,20251031_081_pol_pro_Ran_ado_2025_19_Colorado2025_x014336_y015360
Unknown_Sample,20251031_081_pol_pro_Ran_ado_2025_19_Colorado2025.czi,Ran_ado,327.44,14967.0,15796.0,17,32,86.38,0.912,20251031_081_pol_pro_Ran_ado_2025_19_Colorado2025_x014336_y015360
Unknown_Sample,20251031_081_pol_pro_Ran_ado_2025_19_Colorado2025.czi,Ran_ado,620.64,15293.0,15756.0,32,32,107.01,0.965,20251031_081_pol_pro_Ran_ado_2025_19_Colorado2025_x014848_y015360
Unknown_Sample,20251031_081_pol_pro_Ran_ado_2025_19_Colorado2025.czi,Ran_ado,738.39,15046.0,15932.0,34,36,116.67,0.965,20251031_081_pol_pro_Ran_ado_2025_19_Colorado2025_x014848_y015360
Unknown_Sample,20251031_081_pol_pro_Ran_ado_2025_19_Colorado2025.czi,Ran_ado,600.64,14973.0,15797.0,31,32,105.01,0.96,20251031_081_pol_pro_Ran_ado_2025_19_Colorado2025_x014848_y015360
Unknown_Sample,20251031_081_pol_pro_Ran_ado_2025_19_Colorado2025.czi,Ran_ado,674.9,14969.0,15944.0,34,33,112.43,0.958,20251031_081_pol_pro_Ran_ado_2025_19_Colorado2025_x014848_y015360
Unknown_Sample,20251031_081_pol_pro_Ran_ado_2025_19_Colorado2025.czi,Ran_ado,366.69,14944.0,15661.0,27,22,84.04,0.956,20251031_081_pol_pro_Ran_ado_2025_19_Colorado2025_x014848_y015360
Unknown_Sample,20251031_081_pol_pro_Ran_ado_2025_19_Colorado2025.czi,Ran_ado,635.27,15640.0,15556.0,33,32,109.01,0.963,20251031_081_pol_pro_Ran_ado_2025_19_Colorado2025_x015360_y015360
Unknown_Sample,20251031_081_pol_pro_Ran_ado_2025_19_Colorado2025.czi,Ran_ado,680.67,15821.0,15885.0,33,34,111.84,0.962,20251031_081_pol_pro_Ran_ado_2025_19_Colorado2025_x015360_y015360
Unknown_Sample,20251031_081_pol_pro_Ran_ado_2025_19_Colorado2025.czi,Ran_ado,562.93,15852.0,15388.0,31,29,101.36,0.961,20251031_081_pol_pro_Ran_ado_2025_19_Colorado2025_x015360_y015360
Unknown_Sample,20251031_081_pol_pro_Ran_ado_2025_19_Colorado2025.czi,Ran_ado,615.26,15892.0,15393.0,33,31,107.01,0.96,20251031_081_pol_pro_Ran_ado_2025_19_Colorado2025_x015360_y015360
Unknown_Sample,20251031_081_pol_pro_Ran_ado_2025_19_Colorado2025.czi,Ran_ado,659.89,15984.0,15722.0,31,33,110.53,0.955,20251031_081_pol_pro_Ran_ado_2025_19_Colorado2025_x015360_y015360
Unknown_Sample,20251031_081_pol_pro_Ran_ado_2025_19_Colorado2025.czi,Ran_ado,709.91,15985.0,15722.0,35,33,113.84,0.965,20251031_081_pol_pro_Ran_ado_2025_19_Colorado2025_x015872_y015360
Unknown_Sample,20251031_081_pol_pro_Ran_ado_2025_19_Colorado2025.czi,Ran_ado,617.18,15892.0,15393.0,33,31,106.43,0.961,20251031_081_pol_pro_Ran_ado_2025_19_Colorado2025_x015872_y015360
Unknown_Sample,20251031_081_pol_pro_Ran_ado_2025_19_Colorado2025.czi,Ran_ado,642.19,16044.0,15615.0,33,32,109.01,0.96,20251031_081_pol_pro_Ran_ado_2025_19_Colorado2025_x015872_y015360
Unknown_Sample,20251031_081_pol_pro_Ran_ado_2025_19_Colorado2025.czi,Ran_ado,654.89,16089.0,15501.0,32,34,110.43,0.959,20251031_081_pol_pro_Ran_ado_2025_19_Colorado2025_x015872_y015360
Unknown_Sample,20251031_081_pol_pro_Ran_ado_2025_19_Colorado2025.czi,Ran_ado,714.15,16967.0,15766.0,35,34,114.08,0.958,20251031_081_pol_pro_Ran_ado_2025_19_Colorado2025_x016384_y015360
Unknown_Sample,20251031_081_pol_pro_Ran_ado_2025_19_Colorado2025.czi,Ran_ado,620.26,16984.0,15887.0,34,30,106.43,0.954,20251031_081_pol_pro_Ran_ado_2025_19_Colorado2025_x016384_y015360
Unknown_Sample,20251031_081_pol_pro_Ran_ado_2025_19_Colorado2025.czi,Ran_ado,639.11,16987.0,15969.0,33,32,109.01,0.952,20251031_081_pol_pro_Ran_ado_2025_19_Colorado2025_x016384_y015360
Unknown_Sample,20251031_081_pol_pro_Ran_ado_2025_19_Colorado2025.czi,Ran_ado,673.74,17008.0,15839.0,31,34,113.7,0.943,20251031_081_pol_pro_Ran_ado_2025_19_Colorado2025_x016384_y015360
Unknown_Sample,20251031_081_pol_pro_Ran_ado_2025_19_Colorado2025.czi,Ran_ado,716.45,16967.0,15766.0,35,34,114.08,0.958,20251031_081_pol_pro_Ran_ado_2025_19_Colorado2025_x016896_y015360
Unknown_Sample,20251031_081_pol_pro_Ran_ado_2025_19_Colorado2025.czi,Ran_ado,732.23,17010.0,15839.0,35,34,114.67,0.956,20251031_081_pol_pro_Ran_ado_2025_19_Colorado2025_x016896_y015360
Unknown_Sample,20251031_081_pol_pro_Ran_ado_2025_19_Colorado2025.czi,Ran_ado,637.96,16984.0,15887.0,35,31,108.08,0.955,20251031_081_pol_pro_Ran_ado_2025_19_Colorado2025_x016896_y015360
Unknown_Sample,20251031_081_pol_pro_Ran_ado_2025_19_Colorado2025.czi,Ran_ado,642.19,16987.0,15969.0,34,32,109.84,0.952,20251031_081_pol_pro_Ran_ado_2025_19_Colorado2025_x016896_y015360
Unknown_Sample,20251031_081_pol_pro_Ran_ado_2025_19_Colorado2025.czi,Ran_ado,627.57,17297.0,15420.0,32,32,107.01,0.94,20251031_081_pol_pro_Ran_ado_2025_19_Colorado2025_x016896_y015360
Unknown_Sample,20251031_081_pol_pro_Ran_ado_2025_19_Colorado2025.czi,Ran_ado,562.54,17371.0,15583.0,31,31,100.08,0.936,20251031_081_pol_pro_Ran_ado_2025_19_Colorado2025_x016896_y015360
Unknown_Sample,20251031_081_pol_pro_Ran_ado_2025_19_Colorado2025.czi,Ran_ado,321.29,2096.0,16076.0,24,23,77.7,0.951,20251031_081_pol_pro_Ran_ado_2025_19_Colorado2025_x001536_y015872
Unknown_Sample,20251031_081_pol_pro_Ran_ado_2025_19_Colorado2025.czi,Ran_ado,322.06,2096.0,16076.0,24,23,77.7,0.95,20251031_081_pol_pro_Ran_ado_2025_19_Colorado2025_x002048_y015872
Unknown_Sample,20251031_081_pol_pro_Ran_ado_2025_19_Colorado2025.czi,Ran_ado,547.15,3498.0,15992.0,32,29,100.43,0.962,20251031_081_pol_pro_Ran_ado_2025_19_Colorado2025_x003072_y015872
Unknown_Sample,20251031_081_pol_pro_Ran_ado_2025_19_Colorado2025.czi,Ran_ado,588.71,3531.0,15942.0,34,29,105.6,0.96,20251031_081_pol_pro_Ran_ado_2025_19_Colorado2025_x003072_y015872
Unknown_Sample,20251031_081_pol_pro_Ran_ado_2025_19_Colorado2025.czi,Ran_ado,490.98,3883.0,16461.0,29,28,94.77,0.957,20251031_081_pol_pro_Ran_ado_2025_19_Colorado2025_x003584_y015872
Unknown_Sample,20251031_081_pol_pro_Ran_ado_2025_19_Colorado2025.czi,Ran_ado,583.71,4683.0,16226.0,31,31,103.01,0.96,20251031_081_pol_pro_Ran_ado_2025_19_Colorado2025_x004096_y015872
Unknown_Sample,20251031_081_pol_pro_Ran_ado_2025_19_Colorado2025.czi,Ran_ado,535.99,4379.0,15979.0,32,28,100.18,0.96,20251031_081_pol_pro_Ran_ado_2025_19_Colorado2025_x004096_y015872
Unknown_Sample,20251031_081_pol_pro_Ran_ado_2025_19_Colorado2025.czi,Ran_ado,523.68,4684.0,16384.0,29,30,98.18,0.959,20251031_081_pol_pro_Ran_ado_2025_19_Colorado2025_x004096_y015872
Unknown_Sample,20251031_081_pol_pro_Ran_ado_2025_19_Colorado2025.czi,Ran_ado,524.07,4652.0,16263.0,29,29,97.94,0.959,20251031_081_pol_pro_Ran_ado_2025_19_Colorado2025_x004096_y015872
Unknown_Sample,20251031_081_pol_pro_Ran_ado_2025_19_Colorado2025.czi,Ran_ado,621.03,4549.0,16415.0,32,32,106.43,0.952,20251031_081_pol_pro_Ran_ado_2025_19_Colorado2025_x004096_y015872
Unknown_Sample,20251031_081_pol_pro_Ran_ado_2025_19_Colorado2025.czi,Ran_ado,498.67,4365.0,16353.0,28,29,95.94,0.952,20251031_081_pol_pro_Ran_ado_2025_19_Colorado2025_x004096_y015872
Unknown_Sample,20251031_081_pol_pro_Ran_ado_2025_19_Colorado2025.czi,Ran_ado,522.91,4955.0,16055.0,29,29,98.53,0.96,20251031_081_pol_pro_Ran_ado_2025_19_Colorado2025_x004608_y015872
Unknown_Sample,20251031_081_pol_pro_Ran_ado_2025_19_Colorado2025.czi,Ran_ado,582.55,4683.0,16226.0,31,31,102.43,0.96,20251031_081_pol_pro_Ran_ado_2025_19_Colorado2025_x004608_y015872
Unknown_Sample,20251031_081_pol_pro_Ran_ado_2025_19_Colorado2025.czi,Ran_ado,523.68,4684.0,16384.0,29,30,98.18,0.959,20251031_081_pol_pro_Ran_ado_2025_19_Colorado2025_x004608_y015872
Unknown_Sample,20251031_081_pol_pro_Ran_ado_2025_19_Colorado2025.czi,Ran_ado,523.3,4652.0,16263.0,29,29,97.94,0.958,20251031_081_pol_pro_Ran_ado_2025_19_Colorado2025_x004608_y015872
Unknown_Sample,20251031_081_pol_pro_Ran_ado_2025_19_Colorado2025.czi,Ran_ado,573.7,4939.0,16488.0,30,32,101.84,0.953,20251031_081_pol_pro_Ran_ado_2025_19_Colorado2025_x004608_y015872
Unknown_Sample,20251031_081_pol_pro_Ran_ado_2025_19_Colorado2025.czi,Ran_ado,535.22,4777.0,16275.0,30,31,99.84,0.937,20251031_081_pol_pro_Ran_ado_2025_19_Colorado2025_x004608_y015872
Unknown_Sample,20251031_081_pol_pro_Ran_ado_2025_19_Colorado2025.czi,Ran_ado,317.44,4766.0,16298.0,23,25,76.18,0.917,20251031_081_pol_pro_Ran_ado_2025_19_Colorado2025_x004608_y015872
Unknown_Sample,20251031_081_pol_pro_Ran_ado_2025_19_Colorado2025.czi,Ran_ado,651.04,5452.0,16016.0,30,36,109.25,0.962,20251031_081_pol_pro_Ran_ado_2025_19_Colorado2025_x005120_y015872
Unknown_Sample,20251031_081_pol_pro_Ran_ado_2025_19_Colorado2025.czi,Ran_ado,545.61,5351.0,16183.0,31,29,100.77,0.961,20251031_081_pol_pro_Ran_ado_2025_19_Colorado2025_x005120_y015872
Unknown_Sample,20251031_081_pol_pro_Ran_ado_2025_19_Colorado2025.czi,Ran_ado,512.14,5381.0,15891.0,29,30,98.18,0.959,20251031_081_pol_pro_Ran_ado_2025_19_Colorado2025_x005120_y015872
Unknown_Sample,20251031_081_pol_pro_Ran_ado_2025_19_Colorado2025.czi,Ran_ado,520.6,5442.0,16308.0,30,29,98.18,0.956,20251031_081_pol_pro_Ran_ado_2025_19_Colorado2025_x005120_y015872
Unknown_Sample,20251031_081_pol_pro_Ran_ado_2025_19_Colorado2025.czi,Ran_ado,529.45,5447.0,16241.0,31,28,98.77,0.954,20251031_081_pol_pro_Ran_ado_2025_19_Colorado2025_x005120_y015872
Unknown_Sample,20251031_081_pol_pro_Ran_ado_2025_19_Colorado2025.czi,Ran_ado,647.96,5634.0,16380.0,34,32,109.25,0.953,20251031_081_pol_pro_Ran_ado_2025_19_Colorado2025_x005120_y015872
Unknown_Sample,20251031_081_pol_pro_Ran_ado_2025_19_Colorado2025.czi,Ran_ado,452.88,6254.0,15883.0,31,24,94.87,0.957,20251031_081_pol_pro_Ran_ado_2025_19_Colorado2025_x005632_y015872
Unknown_Sample,20251031_081_pol_pro_Ran_ado_2025_19_Colorado2025.czi,Ran_ado,359.0,5640.0,16380.0,19,32,88.04,0.953,20251031_081_pol_pro_Ran_ado_2025_19_Colorado2025_x005632_y015872
Unknown_Sample,20251031_081_pol_pro_Ran_ado_2025_19_Colorado2025.czi,Ran_ado,454.81,6254.0,15883.0,31,24,94.28,0.962,20251031_081_pol_pro_Ran_ado_2025_19_Colorado2025_x006144_y015872
Unknown_Sample,20251031_081_pol_pro_Ran_ado_2025_19_Colorado2025.czi,Ran_ado,647.58,6666.0,16428.0,34,32,108.67,0.961,20251031_081_pol_pro_Ran_ado_2025_19_Colorado2025_x006144_y015872
Unknown_Sample,20251031_081_pol_pro_Ran_ado_2025_19_Colorado2025.czi,Ran_ado,574.86,6398.0,16426.0,31,30,102.77,0.959,20251031_081_pol_pro_Ran_ado_2025_19_Colorado2025_x006144_y015872
Unknown_Sample,20251031_081_pol_pro_Ran_ado_2025_19_Colorado2025.czi,Ran_ado,562.16,6390.0,16235.0,30,31,101.01,0.959,20251031_081_pol_pro_Ran_ado_2025_19_Colorado2025_x006144_y015872
Unknown_Sample,20251031_081_pol_pro_Ran_ado_2025_19_Colorado2025.czi,Ran_ado,537.92,6668.0,16428.0,27,32,102.28,0.963,20251031_081_pol_pro_Ran_ado_2025_19_Colorado2025_x006656_y015872
Unknown_Sample,20251031_081_pol_pro_Ran_ado_2025_19_Colorado2025.czi,Ran_ado,600.64,6824.0,16322.0,33,31,104.67,0.958,20251031_081_pol_pro_Ran_ado_2025_19_Colorado2025_x006656_y015872
Unknown_Sample,20251031_081_pol_pro_Ran_ado_2025_19_Colorado2025.czi,Ran_ado,592.94,7138.0,16202.0,34,29,105.01,0.946,20251031_081_pol_pro_Ran_ado_2025_19_Colorado2025_x006656_y015872
Unknown_Sample,20251031_081_pol_pro_Ran_ado_2025_19_Colorado2025.czi,Ran_ado,554.85,7594.0,16033.0,31,29,101.94,0.962,20251031_081_pol_pro_Ran_ado_2025_19_Colorado2025_x007168_y015872
Unknown_Sample,20251031_081_pol_pro_Ran_ado_2025_19_Colorado2025.czi,Ran_ado,520.99,7603.0,15898.0,29,30,97.6,0.96,20251031_081_pol_pro_Ran_ado_2025_19_Colorado2025_x007168_y015872
Unknown_Sample,20251031_081_pol_pro_Ran_ado_2025_19_Colorado2025.czi,Ran_ado,636.04,7853.0,16370.0,33,32,107.84,0.964,20251031_081_pol_pro_Ran_ado_2025_19_Colorado2025_x007680_y015872
Unknown_Sample,20251031_081_pol_pro_Ran_ado_2025_19_Colorado2025.czi,Ran_ado,564.47,8017.0,16314.0,31,30,103.36,0.959,20251031_081_pol_pro_Ran_ado_2025_19_Colorado2025_x007680_y015872
Unknown_Sample,20251031_081_pol_pro_Ran_ado_2025_19_Colorado2025.czi,Ran_ado,565.62,7895.0,15888.0,31,30,102.77,0.959,20251031_081_pol_pro_Ran_ado_2025_19_Colorado2025_x007680_y015872
Unknown_Sample,20251031_081_pol_pro_Ran_ado_2025_19_Colorado2025.czi,Ran_ado,594.86,8163.0,16443.0,30,32,105.94,0.959,20251031_081_pol_pro_Ran_ado_2025_19_Colorado2025_x007680_y015872
Unknown_Sample,20251031_081_pol_pro_Ran_ado_2025_19_Colorado2025.czi,Ran_ado,729.54,8379.0,16005.0,34,36,117.25,0.964,20251031_081_pol_pro_Ran_ado_2025_19_Colorado2025_x008192_y015872
Unknown_Sample,20251031_081_pol_pro_Ran_ado_2025_19_Colorado2025.czi,Ran_ado,578.32,8724.0,16370.0,31,31,103.01,0.962,20251031_081_pol_pro_Ran_ado_2025_19_Colorado2025_x008192_y015872
Unknown_Sample,20251031_081_pol_pro_Ran_ado_2025_19_Colorado2025.czi,Ran_ado,661.43,8933.0,16444.0,33,33,109.84,0.964,20251031_081_pol_pro_Ran_ado_2025_19_Colorado2025_x008704_y015872
Unknown_Sample,20251031_081_pol_pro_Ran_ado_2025_19_Colorado2025.czi,Ran_ado,578.32,8724.0,16370.0,31,31,103.01,0.962,20251031_081_pol_pro_Ran_ado_2025_19_Colorado2025_x008704_y015872
Unknown_Sample,20251031_081_pol_pro_Ran_ado_2025_19_Colorado2025.czi,Ran_ado,581.78,8954.0,16129.0,33,29,103.6,0.962,20251031_081_pol_pro_Ran_ado_2025_19_Colorado2025_x008704_y015872
Unknown_Sample,20251031_081_pol_pro_Ran_ado_2025_19_Colorado2025.czi,Ran_ado,553.69,9063.0,16188.0,32,28,100.18,0.96,20251031_081_pol_pro_Ran_ado_2025_19_Colorado2025_x008704_y015872
Unknown_Sample,20251031_081_pol_pro_Ran_ado_2025_19_Colorado2025.czi,Ran_ado,697.98,9550.0,15918.0,34,33,112.43,0.96,20251031_081_pol_pro_Ran_ado_2025_19_Colorado2025_x009216_y015872
Unknown_Sample,20251031_081_pol_pro_Ran_ado_2025_19_Colorado2025.czi,Ran_ado,597.17,10563.0,15991.0,32,31,103.25,0.965,20251031_081_pol_pro_Ran_ado_2025_19_Colorado2025_x010240_y015872
Unknown_Sample,20251031_081_pol_pro_Ran_ado_2025_19_Colorado2025.czi,Ran_ado,731.46,10377.0,16330.0,33,37,116.67,0.962,20251031_081_pol_pro_Ran_ado_2025_19_Colorado2025_x010240_y015872
Unknown_Sample,20251031_081_pol_pro_Ran_ado_2025_19_Colorado2025.czi,Ran_ado,609.49,10589.0,16344.0,31,33,107.6,0.954,20251031_081_pol_pro_Ran_ado_2025_19_Colorado2025_x010240_y015872
Unknown_Sample,20251031_081_pol_pro_Ran_ado_2025_19_Colorado2025.czi,Ran_ado,575.63,10478.0,16498.0,33,27,105.46,0.946,20251031_081_pol_pro_Ran_ado_2025_19_Colorado2025_x010240_y015872
Unknown_Sample,20251031_081_pol_pro_Ran_ado_2025_19_Colorado2025.czi,Ran_ado,644.12,10413.0,16093.0,34,32,109.25,0.925,20251031_081_pol_pro_Ran_ado_2025_19_Colorado2025_x010240_y015872
Unknown_Sample,20251031_081_pol_pro_Ran_ado_2025_19_Colorado2025.czi,Ran_ado,582.94,10444.0,16077.0,31,32,105.84,0.921,20251031_081_pol_pro_Ran_ado_2025_19_Colorado2025_x010240_y015872
Unknown_Sample,20251031_081_pol_pro_Ran_ado_2025_19_Colorado2025.czi,Ran_ado,674.9,11760.0,16245.0,33,35,110.91,0.955,20251031_081_pol_pro_Ran_ado_2025_19_Colorado2025_x011264_y015872
Unknown_Sample,20251031_081_pol_pro_Ran_ado_2025_19_Colorado2025.czi,Ran_ado,115.43,11673.0,15954.0,14,14,47.31,0.939,20251031_081_pol_pro_Ran_ado_2025_19_Colorado2025_x011264_y015872
Unknown_Sample,20251031_081_pol_pro_Ran_ado_2025_19_Colorado2025.czi,Ran_ado,330.14,11896.0,16489.0,16,34,88.97,0.905,20251031_081_pol_pro_Ran_ado_2025_19_Colorado2025_x011264_y015872
Unknown_Sample,20251031_081_pol_pro_Ran_ado_2025_19_Colorado2025.czi,Ran_ado,742.62,11904.0,16489.0,35,35,118.43,0.965,20251031_081_pol_pro_Ran_ado_2025_19_Colorado2025_x011776_y015872
Unknown_Sample,20251031_081_pol_pro_Ran_ado_2025_19_Colorado2025.czi,Ran_ado,720.3,12001.0,15925.0,35,34,115.25,0.964,20251031_081_pol_pro_Ran_ado_2025_19_Colorado2025_x011776_y015872
Unknown_Sample,20251031_081_pol_pro_Ran_ado_2025_19_Colorado2025.czi,Ran_ado,620.26,12012.0,16268.0,32,32,105.25,0.962,20251031_081_pol_pro_Ran_ado_2025_19_Colorado2025_x011776_y015872
Unknown_Sample,20251031_081_pol_pro_Ran_ado_2025_19_Colorado2025.czi,Ran_ado,660.28,12116.0,16398.0,33,34,110.08,0.961,20251031_081_pol_pro_Ran_ado_2025_19_Colorado2025_x011776_y015872
Unknown_Sample,20251031_081_pol_pro_Ran_ado_2025_19_Colorado2025.czi,Ran_ado,569.08,12852.0,16002.0,32,30,104.18,0.963,20251031_081_pol_pro_Ran_ado_2025_19_Colorado2025_x012288_y015872
Unknown_Sample,20251031_081_pol_pro_Ran_ado_2025_19_Colorado2025.czi,Ran_ado,600.64,12655.0,16041.0,30,33,105.01,0.963,20251031_081_pol_pro_Ran_ado_2025_19_Colorado2025_x012288_y015872
Unknown_Sample,20251031_081_pol_pro_Ran_ado_2025_19_Colorado2025.czi,Ran_ado,497.9,12554.0,16395.0,29,28,95.94,0.957,20251031_081_pol_pro_Ran_ado_2025_19_Colorado2025_x012288_y015872
Unknown_Sample,20251031_081_pol_pro_Ran_ado_2025_19_Colorado2025.czi,Ran_ado,569.08,12852.0,16002.0,32,30,104.18,0.963,20251031_081_pol_pro_Ran_ado_2025_19_Colorado2025_x012800_y015872
Unknown_Sample,20251031_081_pol_pro_Ran_ado_2025_19_Colorado2025.czi,Ran_ado,731.46,13207.0,15943.0,35,35,116.67,0.962,20251031_081_pol_pro_Ran_ado_2025_19_Colorado2025_x012800_y015872
Unknown_Sample,20251031_081_pol_pro_Ran_ado_2025_19_Colorado2025.czi,Ran_ado,592.94,13151.0,16150.0,32,30,103.01,0.959,20251031_081_pol_pro_Ran_ado_2025_19_Colorado2025_x012800_y015872
Unknown_Sample,20251031_081_pol_pro_Ran_ado_2025_19_Colorado2025.czi,Ran_ado,706.45,13812.0,16261.0,33,35,113.25,0.965,20251031_081_pol_pro_Ran_ado_2025_19_Colorado2025_x013312_y015872
Unknown_Sample,20251031_081_pol_pro_Ran_ado_2025_19_Colorado2025.czi,Ran_ado,665.66,13483.0,16017.0,34,32,110.43,0.962,20251031_081_pol_pro_Ran_ado_2025_19_Colorado2025_x013312_y015872
Unknown_Sample,20251031_081_pol_pro_Ran_ado_2025_19_Colorado2025.czi,Ran_ado,654.89,14296.0,15979.0,34,32,109.25,0.964,20251031_081_pol_pro_Ran_ado_2025_19_Colorado2025_x013824_y015872
Unknown_Sample,20251031_081_pol_pro_Ran_ado_2025_19_Colorado2025.czi,Ran_ado,691.44,14130.0,15949.0,33,34,113.01,0.962,20251031_081_pol_pro_Ran_ado_2025_19_Colorado2025_x013824_y015872
Unknown_Sample,20251031_081_pol_pro_Ran_ado_2025_19_Colorado2025.czi,Ran_ado,754.93,14894.0,16050.0,36,34,117.25,0.968,20251031_081_pol_pro_Ran_ado_2025_19_Colorado2025_x014336_y015872
Unknown_Sample,20251031_081_pol_pro_Ran_ado_2025_19_Colorado2025.czi,Ran_ado,726.07,14900.0,16315.0,35,34,115.84,0.961,20251031_081_pol_pro_Ran_ado_2025_19_Colorado2025_x014336_y015872
Unknown_Sample,20251031_081_pol_pro_Ran_ado_2025_19_Colorado2025.czi,Ran_ado,687.98,14565.0,16089.0,35,33,112.08,0.961,20251031_081_pol_pro_Ran_ado_2025_19_Colorado2025_x014336_y015872
Unknown_Sample,20251031_081_pol_pro_Ran_ado_2025_19_Colorado2025.czi,Ran_ado,678.75,14539.0,16406.0,34,33,112.43,0.961,20251031_081_pol_pro_Ran_ado_2025_19_Colorado2025_x014336_y015872
Unknown_Sample,20251031_081_pol_pro_Ran_ado_2025_19_Colorado2025.czi,Ran_ado,676.44,14814.0,16155.0,31,36,111.25,0.96,20251031_081_pol_pro_Ran_ado_2025_19_Colorado2025_x014336_y015872
Unknown_Sample,20251031_081_pol_pro_Ran_ado_2025_19_Colorado2025.czi,Ran_ado,336.29,14877.0,16338.0,22,25,80.63,0.946,20251031_081_pol_pro_Ran_ado_2025_19_Colorado2025_x014336_y015872
Unknown_Sample,20251031_081_pol_pro_Ran_ado_2025_19_Colorado2025.czi,Ran_ado,471.35,14965.0,15944.0,22,33,98.38,0.93,20251031_081_pol_pro_Ran_ado_2025_19_Colorado2025_x014336_y015872
Unknown_Sample,20251031_081_pol_pro_Ran_ado_2025_19_Colorado2025.czi,Ran_ado,754.93,14894.0,16050.0,36,34,117.25,0.968,20251031_081_pol_pro_Ran_ado_2025_19_Colorado2025_x014848_y015872
Unknown_Sample,20251031_081_pol_pro_Ran_ado_2025_19_Colorado2025.czi,Ran_ado,738.0,15046.0,15932.0,34,36,116.08,0.964,20251031_081_pol_pro_Ran_ado_2025_19_Colorado2025_x014848_y015872
Unknown_Sample,20251031_081_pol_pro_Ran_ado_2025_19_Colorado2025.czi,Ran_ado,703.76,15256.0,16133.0,34,34,112.67,0.964,20251031_081_pol_pro_Ran_ado_2025_19_Colorado2025_x014848_y015872
Unknown_Sample,20251031_081_pol_pro_Ran_ado_2025_19_Colorado2025.czi,Ran_ado,739.54,15056.0,16284.0,35,35,116.08,0.963,20251031_081_pol_pro_Ran_ado_2025_19_Colorado2025_x014848_y015872
Unknown_Sample,20251031_081_pol_pro_Ran_ado_2025_19_Colorado2025.czi,Ran_ado,684.13,15297.0,16028.0,34,34,113.25,0.963,20251031_081_pol_pro_Ran_ado_2025_19_Colorado2025_x014848_y015872
Unknown_Sample,20251031_081_pol_pro_Ran_ado_2025_19_Colorado2025.czi,Ran_ado,727.61,14900.0,16315.0,35,34,115.84,0.961,20251031_081_pol_pro_Ran_ado_2025_19_Colorado2025_x014848_y015872
Unknown_Sample,20251031_081_pol_pro_Ran_ado_2025_19_Colorado2025.czi,Ran_ado,674.9,14969.0,15944.0,34,33,112.43,0.958,20251031_081_pol_pro_Ran_ado_2025_19_Colorado2025_x014848_y015872
Unknown_Sample,20251031_081_pol_pro_Ran_ado_2025_19_Colorado2025.czi,Ran_ado,337.83,14877.0,16338.0,22,25,80.63,0.947,20251031_081_pol_pro_Ran_ado_2025_19_Colorado2025_x014848_y015872
Unknown_Sample,20251031_081_pol_pro_Ran_ado_2025_19_Colorado2025.czi,Ran_ado,776.09,15661.0,16056.0,35,36,117.5,0.967,20251031_081_pol_pro_Ran_ado_2025_19_Colorado2025_x015360_y015872
Unknown_Sample,20251031_081_pol_pro_Ran_ado_2025_19_Colorado2025.czi,Ran_ado,634.5,15821.0,15886.0,33,31,109.36,0.965,20251031_081_pol_pro_Ran_ado_2025_19_Colorado2025_x015360_y015872
Unknown_Sample,20251031_081_pol_pro_Ran_ado_2025_19_Colorado2025.czi,Ran_ado,748.39,15523.0,16195.0,36,35,116.33,0.957,20251031_081_pol_pro_Ran_ado_2025_19_Colorado2025_x015360_y015872
Unknown_Sample,20251031_081_pol_pro_Ran_ado_2025_19_Colorado2025.czi,Ran_ado,554.85,16498.0,16102.0,28,32,105.46,0.913,20251031_081_pol_pro_Ran_ado_2025_19_Colorado2025_x015872_y015872
Unknown_Sample,20251031_081_pol_pro_Ran_ado_2025_19_Colorado2025.czi,Ran_ado,709.91,16752.0,16295.0,34,34,113.84,0.956,20251031_081_pol_pro_Ran_ado_2025_19_Colorado2025_x016384_y015872
Unknown_Sample,20251031_081_pol_pro_Ran_ado_2025_19_Colorado2025.czi,Ran_ado,633.34,16500.0,16102.0,34,32,109.25,0.955,20251031_081_pol_pro_Ran_ado_2025_19_Colorado2025_x016384_y015872
Unknown_Sample,20251031_081_pol_pro_Ran_ado_2025_19_Colorado2025.czi,Ran_ado,633.34,16984.0,15887.0,35,30,108.43,0.953,20251031_081_pol_pro_Ran_ado_2025_19_Colorado2025_x016384_y015872
Unknown_Sample,20251031_081_pol_pro_Ran_ado_2025_19_Colorado2025.czi,Ran_ado,639.11,16987.0,15969.0,33,32,109.01,0.952,20251031_081_pol_pro_Ran_ado_2025_19_Colorado2025_x016384_y015872
Unknown_Sample,20251031_081_pol_pro_Ran_ado_2025_19_Colorado2025.czi,Ran_ado,734.54,17070.0,16121.0,37,33,114.33,0.956,20251031_081_pol_pro_Ran_ado_2025_19_Colorado2025_x016896_y015872
Unknown_Sample,20251031_081_pol_pro_Ran_ado_2025_19_Colorado2025.czi,Ran_ado,631.42,16984.0,15887.0,35,30,107.84,0.953,20251031_081_pol_pro_Ran_ado_2025_19_Colorado2025_x016896_y015872
Unknown_Sample,20251031_081_pol_pro_Ran_ado_2025_19_Colorado2025.czi,Ran_ado,640.65,16987.0,15969.0,34,32,109.84,0.953,20251031_081_pol_pro_Ran_ado_2025_19_Colorado2025_x016896_y015872
Unknown_Sample,20251031_081_pol_pro_Ran_ado_2025_19_Colorado2025.czi,Ran_ado,642.19,17246.0,16414.0,33,32,107.84,0.944,20251031_081_pol_pro_Ran_ado_2025_19_Colorado2025_x016896_y015872
Unknown_Sample,20251031_081_pol_pro_Ran_ado_2025_19_Colorado2025.czi,Ran_ado,324.37,1494.0,16738.0,24,23,77.7,0.944,20251031_081_pol_pro_Ran_ado_2025_19_Colorado2025_x001024_y016384
Unknown_Sample,20251031_081_pol_pro_Ran_ado_2025_19_Colorado2025.czi,Ran_ado,323.6,1548.0,16798.0,20,28,78.53,0.898,20251031_081_pol_pro_Ran_ado_2025_19_Colorado2025_x001024_y016384
Unknown_Sample,20251031_081_pol_pro_Ran_ado_2025_19_Colorado2025.czi,Ran_ado,327.83,1548.0,16798.0,20,28,79.11,0.861,20251031_081_pol_pro_Ran_ado_2025_19_Colorado2025_x001536_y016384
Unknown_Sample,20251031_081_pol_pro_Ran_ado_2025_19_Colorado2025.czi,Ran_ado,490.98,3883.0,16461.0,29,28,94.77,0.957,20251031_081_pol_pro_Ran_ado_2025_19_Colorado2025_x003584_y016384
Unknown_Sample,20251031_081_pol_pro_Ran_ado_2025_19_Colorado2025.czi,Ran_ado,446.34,4212.0,16845.0,22,30,94.14,0.929,20251031_081_pol_pro_Ran_ado_2025_19_Colorado2025_x003584_y016384
Unknown_Sample,20251031_081_pol_pro_Ran_ado_2025_19_Colorado2025.czi,Ran_ado,621.8,4549.0,16415.0,32,33,107.25,0.952,20251031_081_pol_pro_Ran_ado_2025_19_Colorado2025_x004096_y016384
Unknown_Sample,20251031_081_pol_pro_Ran_ado_2025_19_Colorado2025.czi,Ran_ado,543.3,4215.0,16845.0,29,30,99.94,0.951,20251031_081_pol_pro_Ran_ado_2025_19_Colorado2025_x004096_y016384
Unknown_Sample,20251031_081_pol_pro_Ran_ado_2025_19_Colorado2025.czi,Ran_ado,245.87,4683.0,16391.0,28,16,74.04,0.945,20251031_081_pol_pro_Ran_ado_2025_19_Colorado2025_x004096_y016384
Unknown_Sample,20251031_081_pol_pro_Ran_ado_2025_19_Colorado2025.czi,Ran_ado,541.38,5041.0,16721.0,28,31,101.7,0.963,20251031_081_pol_pro_Ran_ado_2025_19_Colorado2025_x004608_y016384
Unknown_Sample,20251031_081_pol_pro_Ran_ado_2025_19_Colorado2025.czi,Ran_ado,728.38,5080.0,16940.0,35,34,115.84,0.963,20251031_081_pol_pro_Ran_ado_2025_19_Colorado2025_x004608_y016384
Unknown_Sample,20251031_081_pol_pro_Ran_ado_2025_19_Colorado2025.czi,Ran_ado,572.93,4939.0,16488.0,30,32,101.84,0.952,20251031_081_pol_pro_Ran_ado_2025_19_Colorado2025_x004608_y016384
Unknown_Sample,20251031_081_pol_pro_Ran_ado_2025_19_Colorado2025.czi,Ran_ado,244.33,4683.0,16391.0,28,16,74.04,0.946,20251031_081_pol_pro_Ran_ado_2025_19_Colorado2025_x004608_y016384
Unknown_Sample,20251031_081_pol_pro_Ran_ado_2025_19_Colorado2025.czi,Ran_ado,538.69,5495.0,16979.0,29,30,98.77,0.96,20251031_081_pol_pro_Ran_ado_2025_19_Colorado2025_x005120_y016384
Unknown_Sample,20251031_081_pol_pro_Ran_ado_2025_19_Colorado2025.czi,Ran_ado,586.01,5430.0,16554.0,29,33,104.18,0.959,20251031_081_pol_pro_Ran_ado_2025_19_Colorado2025_x005120_y016384
Unknown_Sample,20251031_081_pol_pro_Ran_ado_2025_19_Colorado2025.czi,Ran_ado,210.86,5633.0,16389.0,33,13,77.46,0.926,20251031_081_pol_pro_Ran_ado_2025_19_Colorado2025_x005120_y016384
Unknown_Sample,20251031_081_pol_pro_Ran_ado_2025_19_Colorado2025.czi,Ran_ado,607.18,6234.0,16724.0,31,32,105.6,0.962,20251031_081_pol_pro_Ran_ado_2025_19_Colorado2025_x005632_y016384
Unknown_Sample,20251031_081_pol_pro_Ran_ado_2025_19_Colorado2025.czi,Ran_ado,538.69,5817.0,16664.0,31,29,100.77,0.959,20251031_081_pol_pro_Ran_ado_2025_19_Colorado2025_x005632_y016384
Unknown_Sample,20251031_081_pol_pro_Ran_ado_2025_19_Colorado2025.czi,Ran_ado,327.44,5943.0,16951.0,24,22,78.04,0.958,20251031_081_pol_pro_Ran_ado_2025_19_Colorado2025_x005632_y016384
Unknown_Sample,20251031_081_pol_pro_Ran_ado_2025_19_Colorado2025.czi,Ran_ado,110.82,5639.0,16390.0,18,13,52.14,0.941,20251031_081_pol_pro_Ran_ado_2025_19_Colorado2025_x005632_y016384
Unknown_Sample,20251031_081_pol_pro_Ran_ado_2025_19_Colorado2025.czi,Ran_ado,607.18,6234.0,16724.0,31,32,105.6,0.962,20251031_081_pol_pro_Ran_ado_2025_19_Colorado2025_x006144_y016384
Unknown_Sample,20251031_081_pol_pro_Ran_ado_2025_19_Colorado2025.czi,Ran_ado,647.58,6666.0,16428.0,34,32,108.67,0.961,20251031_081_pol_pro_Ran_ado_2025_19_Colorado2025_x006144_y016384
Unknown_Sample,20251031_081_pol_pro_Ran_ado_2025_19_Colorado2025.czi,Ran_ado,623.72,6289.0,16863.0,31,33,108.18,0.961,20251031_081_pol_pro_Ran_ado_2025_19_Colorado2025_x006144_y016384
Unknown_Sample,20251031_081_pol_pro_Ran_ado_2025_19_Colorado2025.czi,Ran_ado,575.63,6398.0,16426.0,31,30,102.77,0.959,20251031_081_pol_pro_Ran_ado_2025_19_Colorado2025_x006144_y016384
Unknown_Sample,20251031_081_pol_pro_Ran_ado_2025_19_Colorado2025.czi,Ran_ado,539.46,6668.0,16428.0,27,32,102.28,0.964,20251031_081_pol_pro_Ran_ado_2025_19_Colorado2025_x006656_y016384
Unknown_Sample,20251031_081_pol_pro_Ran_ado_2025_19_Colorado2025.czi,Ran_ado,534.45,7039.0,16637.0,31,28,98.18,0.959,20251031_081_pol_pro_Ran_ado_2025_19_Colorado2025_x006656_y016384
Unknown_Sample,20251031_081_pol_pro_Ran_ado_2025_19_Colorado2025.czi,Ran_ado,618.72,7052.0,16965.0,33,31,106.43,0.958,20251031_081_pol_pro_Ran_ado_2025_19_Colorado2025_x006656_y016384
Unknown_Sample,20251031_081_pol_pro_Ran_ado_2025_19_Colorado2025.czi,Ran_ado,583.32,7096.0,16519.0,31,31,103.6,0.957,20251031_081_pol_pro_Ran_ado_2025_19_Colorado2025_x006656_y016384
Unknown_Sample,20251031_081_pol_pro_Ran_ado_2025_19_Colorado2025.czi,Ran_ado,669.9,7528.0,16661.0,34,32,112.18,0.942,20251031_081_pol_pro_Ran_ado_2025_19_Colorado2025_x007168_y016384
Unknown_Sample,20251031_081_pol_pro_Ran_ado_2025_19_Colorado2025.czi,Ran_ado,616.03,7996.0,16679.0,32,32,105.84,0.963,20251031_081_pol_pro_Ran_ado_2025_19_Colorado2025_x007680_y016384
Unknown_Sample,20251031_081_pol_pro_Ran_ado_2025_19_Colorado2025.czi,Ran_ado,647.96,8022.0,16618.0,35,31,109.25,0.963,20251031_081_pol_pro_Ran_ado_2025_19_Colorado2025_x007680_y016384
Unknown_Sample,20251031_081_pol_pro_Ran_ado_2025_19_Colorado2025.czi,Ran_ado,697.6,8214.0,16553.0,33,34,111.84,0.96,20251031_081_pol_pro_Ran_ado_2025_19_Colorado2025_x007680_y016384
Unknown_Sample,20251031_081_pol_pro_Ran_ado_2025_19_Colorado2025.czi,Ran_ado,608.33,8278.0,16888.0,33,30,105.01,0.96,20251031_081_pol_pro_Ran_ado_2025_19_Colorado2025_x007680_y016384
Unknown_Sample,20251031_081_pol_pro_Ran_ado_2025_19_Colorado2025.czi,Ran_ado,594.86,8163.0,16443.0,30,32,105.94,0.959,20251031_081_pol_pro_Ran_ado_2025_19_Colorado2025_x007680_y016384
Unknown_Sample,20251031_081_pol_pro_Ran_ado_2025_19_Colorado2025.czi,Ran_ado,709.14,8256.0,16922.0,32,38,114.33,0.957,20251031_081_pol_pro_Ran_ado_2025_19_Colorado2025_x007680_y016384
Unknown_Sample,20251031_081_pol_pro_Ran_ado_2025_19_Colorado2025.czi,Ran_ado,485.2,8207.0,16588.0,30,27,93.01,0.949,20251031_081_pol_pro_Ran_ado_2025_19_Colorado2025_x007680_y016384
Unknown_Sample,20251031_081_pol_pro_Ran_ado_2025_19_Colorado2025.czi,Ran_ado,698.37,8214.0,16553.0,33,34,113.01,0.96,20251031_081_pol_pro_Ran_ado_2025_19_Colorado2025_x008192_y016384
Unknown_Sample,20251031_081_pol_pro_Ran_ado_2025_19_Colorado2025.czi,Ran_ado,608.33,8278.0,16888.0,33,30,105.01,0.959,20251031_081_pol_pro_Ran_ado_2025_19_Colorado2025_x008192_y016384
Unknown_Sample,20251031_081_pol_pro_Ran_ado_2025_19_Colorado2025.czi,Ran_ado,710.68,8256.0,16922.0,32,38,115.5,0.957,20251031_081_pol_pro_Ran_ado_2025_19_Colorado2025_x008192_y016384
Unknown_Sample,20251031_081_pol_pro_Ran_ado_2025_19_Colorado2025.czi,Ran_ado,490.59,8207.0,16588.0,30,27,94.18,0.948,20251031_081_pol_pro_Ran_ado_2025_19_Colorado2025_x008192_y016384
Unknown_Sample,20251031_081_pol_pro_Ran_ado_2025_19_Colorado2025.czi,Ran_ado,662.97,8933.0,16444.0,33,33,109.84,0.964,20251031_081_pol_pro_Ran_ado_2025_19_Colorado2025_x008704_y016384
Unknown_Sample,20251031_081_pol_pro_Ran_ado_2025_19_Colorado2025.czi,Ran_ado,656.81,9301.0,16921.0,31,35,111.01,0.963,20251031_081_pol_pro_Ran_ado_2025_19_Colorado2025_x008704_y016384
Unknown_Sample,20251031_081_pol_pro_Ran_ado_2025_19_Colorado2025.czi,Ran_ado,701.45,9101.0,16701.0,33,35,113.84,0.962,20251031_081_pol_pro_Ran_ado_2025_19_Colorado2025_x008704_y016384
Unknown_Sample,20251031_081_pol_pro_Ran_ado_2025_19_Colorado2025.czi,Ran_ado,657.97,9301.0,16921.0,31,35,110.43,0.963,20251031_081_pol_pro_Ran_ado_2025_19_Colorado2025_x009216_y016384
Unknown_Sample,20251031_081_pol_pro_Ran_ado_2025_19_Colorado2025.czi,Ran_ado,657.97,9733.0,16743.0,33,32,109.6,0.962,20251031_081_pol_pro_Ran_ado_2025_19_Colorado2025_x009216_y016384
Unknown_Sample,20251031_081_pol_pro_Ran_ado_2025_19_Colorado2025.czi,Ran_ado,537.92,9754.0,16680.0,30,30,99.6,0.962,20251031_081_pol_pro_Ran_ado_2025_19_Colorado2025_x009216_y016384
Unknown_Sample,20251031_081_pol_pro_Ran_ado_2025_19_Colorado2025.czi,Ran_ado,576.4,9630.0,16738.0,33,29,104.77,0.955,20251031_081_pol_pro_Ran_ado_2025_19_Colorado2025_x009216_y016384
Unknown_Sample,20251031_081_pol_pro_Ran_ado_2025_19_Colorado2025.czi,Ran_ado,445.96,9738.0,16743.0,22,32,95.21,0.964,20251031_081_pol_pro_Ran_ado_2025_19_Colorado2025_x009728_y016384
Unknown_Sample,20251031_081_pol_pro_Ran_ado_2025_19_Colorado2025.czi,Ran_ado,592.17,10215.0,16858.0,33,30,105.01,0.962,20251031_081_pol_pro_Ran_ado_2025_19_Colorado2025_x009728_y016384
Unknown_Sample,20251031_081_pol_pro_Ran_ado_2025_19_Colorado2025.czi,Ran_ado,539.84,9754.0,16680.0,30,30,99.01,0.961,20251031_081_pol_pro_Ran_ado_2025_19_Colorado2025_x009728_y016384
Unknown_Sample,20251031_081_pol_pro_Ran_ado_2025_19_Colorado2025.czi,Ran_ado,597.56,10061.0,16574.0,31,32,103.84,0.959,20251031_081_pol_pro_Ran_ado_2025_19_Colorado2025_x009728_y016384
Unknown_Sample,20251031_081_pol_pro_Ran_ado_2025_19_Colorado2025.czi,Ran_ado,684.52,10187.0,16929.0,34,33,113.01,0.958,20251031_081_pol_pro_Ran_ado_2025_19_Colorado2025_x009728_y016384
Unknown_Sample,20251031_081_pol_pro_Ran_ado_2025_19_Colorado2025.czi,Ran_ado,593.71,10730.0,16573.0,32,31,105.01,0.962,20251031_081_pol_pro_Ran_ado_2025_19_Colorado2025_x010240_y016384
Unknown_Sample,20251031_081_pol_pro_Ran_ado_2025_19_Colorado2025.czi,Ran_ado,670.67,10478.0,16500.0,33,34,110.67,0.961,20251031_081_pol_pro_Ran_ado_2025_19_Colorado2025_x010240_y016384
Unknown_Sample,20251031_081_pol_pro_Ran_ado_2025_19_Colorado2025.czi,Ran_ado,568.32,10828.0,17011.0,34,26,104.87,0.948,20251031_081_pol_pro_Ran_ado_2025_19_Colorado2025_x010240_y016384
Unknown_Sample,20251031_081_pol_pro_Ran_ado_2025_19_Colorado2025.czi,Ran_ado,155.45,10713.0,16869.0,14,18,55.31,0.942,20251031_081_pol_pro_Ran_ado_2025_19_Colorado2025_x010240_y016384
Unknown_Sample,20251031_081_pol_pro_Ran_ado_2025_19_Colorado2025.czi,Ran_ado,799.95,11131.0,16889.0,35,38,121.5,0.964,20251031_081_pol_pro_Ran_ado_2025_19_Colorado2025_x010752_y016384
Unknown_Sample,20251031_081_pol_pro_Ran_ado_2025_19_Colorado2025.czi,Ran_ado,637.58,10998.0,16831.0,32,32,108.18,0.962,20251031_081_pol_pro_Ran_ado_2025_19_Colorado2025_x010752_y016384
Unknown_Sample,20251031_081_pol_pro_Ran_ado_2025_19_Colorado2025.czi,Ran_ado,568.32,10828.0,17011.0,34,26,104.87,0.948,20251031_081_pol_pro_Ran_ado_2025_19_Colorado2025_x010752_y016384
Unknown_Sample,20251031_081_pol_pro_Ran_ado_2025_19_Colorado2025.czi,Ran_ado,666.43,11862.0,16628.0,32,34,111.6,0.962,20251031_081_pol_pro_Ran_ado_2025_19_Colorado2025_x011264_y016384
Unknown_Sample,20251031_081_pol_pro_Ran_ado_2025_19_Colorado2025.czi,Ran_ado,664.12,11747.0,17008.0,34,31,111.94,0.955,20251031_081_pol_pro_Ran_ado_2025_19_Colorado2025_x011264_y016384
Unknown_Sample,20251031_081_pol_pro_Ran_ado_2025_19_Colorado2025.czi,Ran_ado,330.14,11896.0,16489.0,16,34,88.97,0.907,20251031_081_pol_pro_Ran_ado_2025_19_Colorado2025_x011264_y016384
Unknown_Sample,20251031_081_pol_pro_Ran_ado_2025_19_Colorado2025.czi,Ran_ado,740.7,11904.0,16489.0,35,35,117.84,0.966,20251031_081_pol_pro_Ran_ado_2025_19_Colorado2025_x011776_y016384
Unknown_Sample,20251031_081_pol_pro_Ran_ado_2025_19_Colorado2025.czi,Ran_ado,761.86,12142.0,16875.0,35,36,116.91,0.966,20251031_081_pol_pro_Ran_ado_2025_19_Colorado2025_x011776_y016384
Unknown_Sample,20251031_081_pol_pro_Ran_ado_2025_19_Colorado2025.czi,Ran_ado,624.49,12116.0,16399.0,32,32,108.18,0.965,20251031_081_pol_pro_Ran_ado_2025_19_Colorado2025_x011776_y016384
Unknown_Sample,20251031_081_pol_pro_Ran_ado_2025_19_Colorado2025.czi,Ran_ado,625.65,12206.0,16828.0,34,30,106.43,0.963,20251031_081_pol_pro_Ran_ado_2025_19_Colorado2025_x011776_y016384
Unknown_Sample,20251031_081_pol_pro_Ran_ado_2025_19_Colorado2025.czi,Ran_ado,666.43,11862.0,16628.0,32,34,111.6,0.962,20251031_081_pol_pro_Ran_ado_2025_19_Colorado2025_x011776_y016384
Unknown_Sample,20251031_081_pol_pro_Ran_ado_2025_19_Colorado2025.czi,Ran_ado,743.77,12584.0,16557.0,36,34,116.67,0.964,20251031_081_pol_pro_Ran_ado_2025_19_Colorado2025_x012288_y016384
Unknown_Sample,20251031_081_pol_pro_Ran_ado_2025_19_Colorado2025.czi,Ran_ado,702.99,12743.0,16662.0,33,35,113.84,0.961,20251031_081_pol_pro_Ran_ado_2025_19_Colorado2025_x012288_y016384
Unknown_Sample,20251031_081_pol_pro_Ran_ado_2025_19_Colorado2025.czi,Ran_ado,450.96,12554.0,16396.0,29,25,93.46,0.96,20251031_081_pol_pro_Ran_ado_2025_19_Colorado2025_x012288_y016384
Unknown_Sample,20251031_081_pol_pro_Ran_ado_2025_19_Colorado2025.czi,Ran_ado,589.86,12775.0,16903.0,32,30,103.01,0.959,20251031_081_pol_pro_Ran_ado_2025_19_Colorado2025_x012288_y016384
Unknown_Sample,20251031_081_pol_pro_Ran_ado_2025_19_Colorado2025.czi,Ran_ado,307.44,12417.0,16745.0,23,24,76.53,0.948,20251031_081_pol_pro_Ran_ado_2025_19_Colorado2025_x012288_y016384
Unknown_Sample,20251031_081_pol_pro_Ran_ado_2025_19_Colorado2025.czi,Ran_ado,573.7,13075.0,16701.0,31,30,102.18,0.965,20251031_081_pol_pro_Ran_ado_2025_19_Colorado2025_x012800_y016384
Unknown_Sample,20251031_081_pol_pro_Ran_ado_2025_19_Colorado2025.czi,Ran_ado,714.92,13217.0,16685.0,35,34,114.08,0.965,20251031_081_pol_pro_Ran_ado_2025_19_Colorado2025_x012800_y016384
Unknown_Sample,20251031_081_pol_pro_Ran_ado_2025_19_Colorado2025.czi,Ran_ado,709.14,13208.0,16551.0,34,35,113.5,0.964,20251031_081_pol_pro_Ran_ado_2025_19_Colorado2025_x012800_y016384
Unknown_Sample,20251031_081_pol_pro_Ran_ado_2025_19_Colorado2025.czi,Ran_ado,776.86,13072.0,16557.0,38,34,119.5,0.959,20251031_081_pol_pro_Ran_ado_2025_19_Colorado2025_x012800_y016384
Unknown_Sample,20251031_081_pol_pro_Ran_ado_2025_19_Colorado2025.czi,Ran_ado,710.68,13159.0,16966.0,33,34,114.18,0.957,20251031_081_pol_pro_Ran_ado_2025_19_Colorado2025_x012800_y016384
Unknown_Sample,20251031_081_pol_pro_Ran_ado_2025_19_Colorado2025.czi,Ran_ado,502.9,13381.0,17012.0,34,23,101.21,0.942,20251031_081_pol_pro_Ran_ado_2025_19_Colorado2025_x012800_y016384
Unknown_Sample,20251031_081_pol_pro_Ran_ado_2025_19_Colorado2025.czi,Ran_ado,712.22,13701.0,16945.0,33,35,113.84,0.964,20251031_081_pol_pro_Ran_ado_2025_19_Colorado2025_x013312_y016384
Unknown_Sample,20251031_081_pol_pro_Ran_ado_2025_19_Colorado2025.czi,Ran_ado,649.89,13888.0,16689.0,32,34,108.67,0.963,20251031_081_pol_pro_Ran_ado_2025_19_Colorado2025_x013312_y016384
Unknown_Sample,20251031_081_pol_pro_Ran_ado_2025_19_Colorado2025.czi,Ran_ado,477.51,13832.0,16787.0,28,28,93.36,0.96,20251031_081_pol_pro_Ran_ado_2025_19_Colorado2025_x013312_y016384
Unknown_Sample,20251031_081_pol_pro_Ran_ado_2025_19_Colorado2025.czi,Ran_ado,314.75,13512.0,16745.0,22,24,75.11,0.956,20251031_081_pol_pro_Ran_ado_2025_19_Colorado2025_x013312_y016384
Unknown_Sample,20251031_081_pol_pro_Ran_ado_2025_19_Colorado2025.czi,Ran_ado,502.9,13381.0,17012.0,34,23,101.21,0.942,20251031_081_pol_pro_Ran_ado_2025_19_Colorado2025_x013312_y016384
Unknown_Sample,20251031_081_pol_pro_Ran_ado_2025_19_Colorado2025.czi,Ran_ado,686.06,14117.0,16518.0,34,33,113.01,0.964,20251031_081_pol_pro_Ran_ado_2025_19_Colorado2025_x013824_y016384
Unknown_Sample,20251031_081_pol_pro_Ran_ado_2025_19_Colorado2025.czi,Ran_ado,401.71,13834.0,16787.0,23,28,88.63,0.964,20251031_081_pol_pro_Ran_ado_2025_19_Colorado2025_x013824_y016384
Unknown_Sample,20251031_081_pol_pro_Ran_ado_2025_19_Colorado2025.czi,Ran_ado,649.89,13888.0,16689.0,32,34,108.67,0.963,20251031_081_pol_pro_Ran_ado_2025_19_Colorado2025_x013824_y016384
Unknown_Sample,20251031_081_pol_pro_Ran_ado_2025_19_Colorado2025.czi,Ran_ado,723.0,14216.0,16544.0,37,33,115.5,0.963,20251031_081_pol_pro_Ran_ado_2025_19_Colorado2025_x013824_y016384
Unknown_Sample,20251031_081_pol_pro_Ran_ado_2025_19_Colorado2025.czi,Ran_ado,680.67,14539.0,16406.0,34,33,111.84,0.96,20251031_081_pol_pro_Ran_ado_2025_19_Colorado2025_x014336_y016384
Unknown_Sample,20251031_081_pol_pro_Ran_ado_2025_19_Colorado2025.czi,Ran_ado,594.86,15290.0,16742.0,31,31,104.77,0.965,20251031_081_pol_pro_Ran_ado_2025_19_Colorado2025_x014848_y016384
Unknown_Sample,20251031_081_pol_pro_Ran_ado_2025_19_Colorado2025.czi,Ran_ado,77.34,15340.0,16660.0,13,10,39.07,0.925,20251031_081_pol_pro_Ran_ado_2025_19_Colorado2025_x014848_y016384
Unknown_Sample,20251031_081_pol_pro_Ran_ado_2025_19_Colorado2025.czi,Ran_ado,745.31,15910.0,16887.0,36,35,117.5,0.96,20251031_081_pol_pro_Ran_ado_2025_19_Colorado2025_x015360_y016384
Unknown_Sample,20251031_081_pol_pro_Ran_ado_2025_19_Colorado2025.czi,Ran_ado,810.72,16176.0,16829.0,37,36,121.5,0.962,20251031_081_pol_pro_Ran_ado_2025_19_Colorado2025_x015872_y016384
Unknown_Sample,20251031_081_pol_pro_Ran_ado_2025_19_Colorado2025.czi,Ran_ado,744.54,15910.0,16887.0,36,35,117.5,0.96,20251031_081_pol_pro_Ran_ado_2025_19_Colorado2025_x015872_y016384
Unknown_Sample,20251031_081_pol_pro_Ran_ado_2025_19_Colorado2025.czi,Ran_ado,744.93,16365.0,16626.0,34,36,117.25,0.957,20251031_081_pol_pro_Ran_ado_2025_19_Colorado2025_x015872_y016384
Unknown_Sample,20251031_081_pol_pro_Ran_ado_2025_19_Colorado2025.czi,Ran_ado,527.14,16422.0,16549.0,28,31,97.6,0.95,20251031_081_pol_pro_Ran_ado_2025_19_Colorado2025_x015872_y016384
Unknown_Sample,20251031_081_pol_pro_Ran_ado_2025_19_Colorado2025.czi,Ran_ado,786.1,16906.0,16712.0,36,36,118.33,0.956,20251031_081_pol_pro_Ran_ado_2025_19_Colorado2025_x016384_y016384
Unknown_Sample,20251031_081_pol_pro_Ran_ado_2025_19_Colorado2025.czi,Ran_ado,527.91,16422.0,16549.0,28,31,97.6,0.949,20251031_081_pol_pro_Ran_ado_2025_19_Colorado2025_x016384_y016384
Unknown_Sample,20251031_081_pol_pro_Ran_ado_2025_19_Colorado2025.czi,Ran_ado,343.99,16587.0,16578.0,24,24,80.28,0.94,20251031_081_pol_pro_Ran_ado_2025_19_Colorado2025_x016384_y016384
Unknown_Sample,20251031_081_pol_pro_Ran_ado_2025_19_Colorado2025.czi,Ran_ado,410.56,16729.0,17015.0,41,17,100.87,0.889,20251031_081_pol_pro_Ran_ado_2025_19_Colorado2025_x016384_y016384
Unknown_Sample,20251031_081_pol_pro_Ran_ado_2025_19_Colorado2025.czi,Ran_ado,258.95,17018.0,16932.0,12,38,87.21,0.867,20251031_081_pol_pro_Ran_ado_2025_19_Colorado2025_x016384_y016384
Unknown_Sample,20251031_081_pol_pro_Ran_ado_2025_19_Colorado2025.czi,Ran_ado,655.27,16909.0,16712.0,29,36,112.53,0.961,20251031_081_pol_pro_Ran_ado_2025_19_Colorado2025_x016896_y016384
Unknown_Sample,20251031_081_pol_pro_Ran_ado_2025_19_Colorado2025.czi,Ran_ado,1038.9,17031.0,16934.0,41,43,137.05,0.955,20251031_081_pol_pro_Ran_ado_2025_19_Colorado2025_x016896_y016384
Unknown_Sample,20251031_081_pol_pro_Ran_ado_2025_19_Colorado2025.czi,Ran_ado,707.99,17347.0,16673.0,34,33,113.6,0.941,20251031_081_pol_pro_Ran_ado_2025_19_Colorado2025_x016896_y016384
Unknown_Sample,20251031_081_pol_pro_Ran_ado_2025_19_Colorado2025.czi,Ran_ado,636.04,17246.0,16414.0,33,31,107.01,0.935,20251031_081_pol_pro_Ran_ado_2025_19_Colorado2025_x016896_y016384
Unknown_Sample,20251031_081_pol_pro_Ran_ado_2025_19_Colorado2025.czi,Ran_ado,729.54,5080.0,16940.0,35,34,116.43,0.963,20251031_081_pol_pro_Ran_ado_2025_19_Colorado2025_x004608_y016896
Unknown_Sample,20251031_081_pol_pro_Ran_ado_2025_19_Colorado2025.czi,Ran_ado,759.93,5183.0,17477.0,33,37,117.84,0.947,20251031_081_pol_pro_Ran_ado_2025_19_Colorado2025_x004608_y016896
Unknown_Sample,20251031_081_pol_pro_Ran_ado_2025_19_Colorado2025.czi,Ran_ado,538.69,5495.0,16979.0,29,30,98.77,0.96,20251031_081_pol_pro_Ran_ado_2025_19_Colorado2025_x005120_y016896
Unknown_Sample,20251031_081_pol_pro_Ran_ado_2025_19_Colorado2025.czi,Ran_ado,577.55,5428.0,17512.0,33,29,103.01,0.959,20251031_081_pol_pro_Ran_ado_2025_19_Colorado2025_x005120_y016896
Unknown_Sample,20251031_081_pol_pro_Ran_ado_2025_19_Colorado2025.czi,Ran_ado,502.52,5720.0,17044.0,27,30,95.94,0.957,20251031_081_pol_pro_Ran_ado_2025_19_Colorado2025_x005120_y016896
Unknown_Sample,20251031_081_pol_pro_Ran_ado_2025_19_Colorado2025.czi,Ran_ado,601.02,5707.0,17437.0,32,31,104.43,0.957,20251031_081_pol_pro_Ran_ado_2025_19_Colorado2025_x005120_y016896
Unknown_Sample,20251031_081_pol_pro_Ran_ado_2025_19_Colorado2025.czi,Ran_ado,759.93,5183.0,17477.0,33,37,117.84,0.946,20251031_081_pol_pro_Ran_ado_2025_19_Colorado2025_x005120_y016896
Unknown_Sample,20251031_081_pol_pro_Ran_ado_2025_19_Colorado2025.czi,Ran_ado,492.13,6030.0,17043.0,30,27,96.53,0.959,20251031_081_pol_pro_Ran_ado_2025_19_Colorado2025_x005632_y016896
Unknown_Sample,20251031_081_pol_pro_Ran_ado_2025_19_Colorado2025.czi,Ran_ado,334.37,5943.0,16951.0,24,23,78.87,0.958,20251031_081_pol_pro_Ran_ado_2025_19_Colorado2025_x005632_y016896
Unknown_Sample,20251031_081_pol_pro_Ran_ado_2025_19_Colorado2025.czi,Ran_ado,510.21,5720.0,17044.0,28,30,96.77,0.958,20251031_081_pol_pro_Ran_ado_2025_19_Colorado2025_x005632_y016896
Unknown_Sample,20251031_081_pol_pro_Ran_ado_2025_19_Colorado2025.czi,Ran_ado,601.02,5707.0,17437.0,32,31,104.43,0.957,20251031_081_pol_pro_Ran_ado_2025_19_Colorado2025_x005632_y016896
Unknown_Sample,20251031_081_pol_pro_Ran_ado_2025_19_Colorado2025.czi,Ran_ado,641.04,5927.0,17490.0,34,32,109.25,0.955,20251031_081_pol_pro_Ran_ado_2025_19_Colorado2025_x005632_y016896
Unknown_Sample,20251031_081_pol_pro_Ran_ado_2025_19_Colorado2025.czi,Ran_ado,528.68,6239.0,17255.0,31,30,102.77,0.933,20251031_081_pol_pro_Ran_ado_2025_19_Colorado2025_x005632_y016896
Unknown_Sample,20251031_081_pol_pro_Ran_ado_2025_19_Colorado2025.czi,Ran_ado,537.15,6259.0,17277.0,26,34,110.63,0.85,20251031_081_pol_pro_Ran_ado_2025_19_Colorado2025_x005632_y016896
Unknown_Sample,20251031_081_pol_pro_Ran_ado_2025_19_Colorado2025.czi,Ran_ado,567.55,6346.0,17120.0,30,31,103.36,0.963,20251031_081_pol_pro_Ran_ado_2025_19_Colorado2025_x006144_y016896
Unknown_Sample,20251031_081_pol_pro_Ran_ado_2025_19_Colorado2025.czi,Ran_ado,621.41,6623.0,17444.0,33,31,107.01,0.958,20251031_081_pol_pro_Ran_ado_2025_19_Colorado2025_x006144_y016896
Unknown_Sample,20251031_081_pol_pro_Ran_ado_2025_19_Colorado2025.czi,Ran_ado,364.0,6402.0,17065.0,26,23,82.28,0.956,20251031_081_pol_pro_Ran_ado_2025_19_Colorado2025_x006144_y016896
Unknown_Sample,20251031_081_pol_pro_Ran_ado_2025_19_Colorado2025.czi,Ran_ado,571.78,6239.0,17256.0,31,30,102.77,0.935,20251031_081_pol_pro_Ran_ado_2025_19_Colorado2025_x006144_y016896
Unknown_Sample,20251031_081_pol_pro_Ran_ado_2025_19_Colorado2025.czi,Ran_ado,598.71,6262.0,17279.0,33,32,104.91,0.894,20251031_081_pol_pro_Ran_ado_2025_19_Colorado2025_x006144_y016896
Unknown_Sample,20251031_081_pol_pro_Ran_ado_2025_19_Colorado2025.czi,Ran_ado,618.72,7052.0,16965.0,33,31,106.43,0.955,20251031_081_pol_pro_Ran_ado_2025_19_Colorado2025_x006656_y016896
Unknown_Sample,20251031_081_pol_pro_Ran_ado_2025_19_Colorado2025.czi,Ran_ado,659.89,7191.0,17164.0,32,34,109.84,0.943,20251031_081_pol_pro_Ran_ado_2025_19_Colorado2025_x006656_y016896
Unknown_Sample,20251031_081_pol_pro_Ran_ado_2025_19_Colorado2025.czi,Ran_ado,774.17,7250.0,17256.0,37,35,120.08,0.938,20251031_081_pol_pro_Ran_ado_2025_19_Colorado2025_x006656_y016896
Unknown_Sample,20251031_081_pol_pro_Ran_ado_2025_19_Colorado2025.czi,Ran_ado,397.47,7271.0,17160.0,28,25,88.53,0.927,20251031_081_pol_pro_Ran_ado_2025_19_Colorado2025_x006656_y016896
Unknown_Sample,20251031_081_pol_pro_Ran_ado_2025_19_Colorado2025.czi,Ran_ado,687.98,7574.0,17348.0,34,33,111.25,0.961,20251031_081_pol_pro_Ran_ado_2025_19_Colorado2025_x007168_y016896
Unknown_Sample,20251031_081_pol_pro_Ran_ado_2025_19_Colorado2025.czi,Ran_ado,661.43,7191.0,17164.0,32,34,109.84,0.95,20251031_081_pol_pro_Ran_ado_2025_19_Colorado2025_x007168_y016896
Unknown_Sample,20251031_081_pol_pro_Ran_ado_2025_19_Colorado2025.czi,Ran_ado,589.86,7645.0,17241.0,31,31,105.36,0.948,20251031_081_pol_pro_Ran_ado_2025_19_Colorado2025_x007168_y016896
Unknown_Sample,20251031_081_pol_pro_Ran_ado_2025_19_Colorado2025.czi,Ran_ado,767.63,7250.0,17256.0,37,35,118.33,0.945,20251031_081_pol_pro_Ran_ado_2025_19_Colorado2025_x007168_y016896
Unknown_Sample,20251031_081_pol_pro_Ran_ado_2025_19_Colorado2025.czi,Ran_ado,394.4,7271.0,17160.0,28,25,88.53,0.933,20251031_081_pol_pro_Ran_ado_2025_19_Colorado2025_x007168_y016896
Unknown_Sample,20251031_081_pol_pro_Ran_ado_2025_19_Colorado2025.czi,Ran_ado,710.3,8256.0,16922.0,32,38,114.91,0.959,20251031_081_pol_pro_Ran_ado_2025_19_Colorado2025_x007680_y016896
Unknown_Sample,20251031_081_pol_pro_Ran_ado_2025_19_Colorado2025.czi,Ran_ado,663.74,8395.0,17165.0,32,34,111.01,0.965,20251031_081_pol_pro_Ran_ado_2025_19_Colorado2025_x008192_y016896
Unknown_Sample,20251031_081_pol_pro_Ran_ado_2025_19_Colorado2025.czi,Ran_ado,643.35,8724.0,17481.0,35,31,109.25,0.96,20251031_081_pol_pro_Ran_ado_2025_19_Colorado2025_x008192_y016896
Unknown_Sample,20251031_081_pol_pro_Ran_ado_2025_19_Colorado2025.czi,Ran_ado,710.3,8256.0,16922.0,32,38,114.91,0.959,20251031_081_pol_pro_Ran_ado_2025_19_Colorado2025_x008192_y016896
Unknown_Sample,20251031_081_pol_pro_Ran_ado_2025_19_Colorado2025.czi,Ran_ado,621.03,8775.0,17432.0,31,33,106.43,0.959,20251031_081_pol_pro_Ran_ado_2025_19_Colorado2025_x008192_y016896
Unknown_Sample,20251031_081_pol_pro_Ran_ado_2025_19_Colorado2025.czi,Ran_ado,409.79,8450.0,17099.0,27,25,87.7,0.953,20251031_081_pol_pro_Ran_ado_2025_19_Colorado2025_x008192_y016896
Unknown_Sample,20251031_081_pol_pro_Ran_ado_2025_19_Colorado2025.czi,Ran_ado,659.12,9301.0,16921.0,31,35,109.84,0.963,20251031_081_pol_pro_Ran_ado_2025_19_Colorado2025_x008704_y016896
Unknown_Sample,20251031_081_pol_pro_Ran_ado_2025_19_Colorado2025.czi,Ran_ado,643.73,8724.0,17481.0,35,31,109.84,0.959,20251031_081_pol_pro_Ran_ado_2025_19_Colorado2025_x008704_y016896
Unknown_Sample,20251031_081_pol_pro_Ran_ado_2025_19_Colorado2025.czi,Ran_ado,622.18,8775.0,17432.0,31,33,105.84,0.958,20251031_081_pol_pro_Ran_ado_2025_19_Colorado2025_x008704_y016896
Unknown_Sample,20251031_081_pol_pro_Ran_ado_2025_19_Colorado2025.czi,Ran_ado,701.83,9459.0,17303.0,34,34,113.25,0.963,20251031_081_pol_pro_Ran_ado_2025_19_Colorado2025_x009216_y016896
Unknown_Sample,20251031_081_pol_pro_Ran_ado_2025_19_Colorado2025.czi,Ran_ado,659.12,9301.0,16921.0,31,35,109.84,0.963,20251031_081_pol_pro_Ran_ado_2025_19_Colorado2025_x009216_y016896
Unknown_Sample,20251031_081_pol_pro_Ran_ado_2025_19_Colorado2025.czi,Ran_ado,441.34,9473.0,17398.0,32,23,91.36,0.943,20251031_081_pol_pro_Ran_ado_2025_19_Colorado2025_x009216_y016896
Unknown_Sample,20251031_081_pol_pro_Ran_ado_2025_19_Colorado2025.czi,Ran_ado,696.06,10187.0,16929.0,35,33,113.84,0.958,20251031_081_pol_pro_Ran_ado_2025_19_Colorado2025_x009728_y016896
Unknown_Sample,20251031_081_pol_pro_Ran_ado_2025_19_Colorado2025.czi,Ran_ado,674.13,9881.0,17068.0,34,32,110.43,0.94,20251031_081_pol_pro_Ran_ado_2025_19_Colorado2025_x009728_y016896
Unknown_Sample,20251031_081_pol_pro_Ran_ado_2025_19_Colorado2025.czi,Ran_ado,640.27,9908.0,17089.0,34,34,108.57,0.909,20251031_081_pol_pro_Ran_ado_2025_19_Colorado2025_x009728_y016896
Unknown_Sample,20251031_081_pol_pro_Ran_ado_2025_19_Colorado2025.czi,Ran_ado,644.5,10484.0,17450.0,31,34,107.84,0.966,20251031_081_pol_pro_Ran_ado_2025_19_Colorado2025_x010240_y016896
Unknown_Sample,20251031_081_pol_pro_Ran_ado_2025_19_Colorado2025.czi,Ran_ado,644.5,10828.0,17012.0,34,32,109.84,0.96,20251031_081_pol_pro_Ran_ado_2025_19_Colorado2025_x010240_y016896
Unknown_Sample,20251031_081_pol_pro_Ran_ado_2025_19_Colorado2025.czi,Ran_ado,664.12,10409.0,17261.0,35,32,111.25,0.959,20251031_081_pol_pro_Ran_ado_2025_19_Colorado2025_x010240_y016896
Unknown_Sample,20251031_081_pol_pro_Ran_ado_2025_19_Colorado2025.czi,Ran_ado,432.1,10532.0,17295.0,32,22,91.7,0.937,20251031_081_pol_pro_Ran_ado_2025_19_Colorado2025_x010240_y016896
Unknown_Sample,20251031_081_pol_pro_Ran_ado_2025_19_Colorado2025.czi,Ran_ado,645.27,10828.0,17012.0,34,32,109.84,0.96,20251031_081_pol_pro_Ran_ado_2025_19_Colorado2025_x010752_y016896
Unknown_Sample,20251031_081_pol_pro_Ran_ado_2025_19_Colorado2025.czi,Ran_ado,707.22,11040.0,17336.0,36,33,114.08,0.948,20251031_081_pol_pro_Ran_ado_2025_19_Colorado2025_x010752_y016896
Unknown_Sample,20251031_081_pol_pro_Ran_ado_2025_19_Colorado2025.czi,Ran_ado,208.16,11130.0,16901.0,32,13,77.21,0.943,20251031_081_pol_pro_Ran_ado_2025_19_Colorado2025_x010752_y016896
Unknown_Sample,20251031_081_pol_pro_Ran_ado_2025_19_Colorado2025.czi,Ran_ado,616.8,11258.0,17520.0,32,30,107.7,0.914,20251031_081_pol_pro_Ran_ado_2025_19_Colorado2025_x010752_y016896
Unknown_Sample,20251031_081_pol_pro_Ran_ado_2025_19_Colorado2025.czi,Ran_ado,410.56,11283.0,17507.0,28,25,88.53,0.91,20251031_081_pol_pro_Ran_ado_2025_19_Colorado2025_x010752_y016896
Unknown_Sample,20251031_081_pol_pro_Ran_ado_2025_19_Colorado2025.czi,Ran_ado,707.99,11749.0,17378.0,35,33,112.08,0.965,20251031_081_pol_pro_Ran_ado_2025_19_Colorado2025_x011264_y016896
Unknown_Sample,20251031_081_pol_pro_Ran_ado_2025_19_Colorado2025.czi,Ran_ado,666.05,11747.0,17008.0,33,33,111.01,0.963,20251031_081_pol_pro_Ran_ado_2025_19_Colorado2025_x011264_y016896
Unknown_Sample,20251031_081_pol_pro_Ran_ado_2025_19_Colorado2025.czi,Ran_ado,749.93,11715.0,17058.0,36,35,117.5,0.959,20251031_081_pol_pro_Ran_ado_2025_19_Colorado2025_x011264_y016896
Unknown_Sample,20251031_081_pol_pro_Ran_ado_2025_19_Colorado2025.czi,Ran_ado,724.15,11449.0,17335.0,36,33,115.25,0.955,20251031_081_pol_pro_Ran_ado_2025_19_Colorado2025_x011264_y016896
Unknown_Sample,20251031_081_pol_pro_Ran_ado_2025_19_Colorado2025.czi,Ran_ado,734.15,11474.0,17370.0,37,33,116.08,0.954,20251031_081_pol_pro_Ran_ado_2025_19_Colorado2025_x011264_y016896
Unknown_Sample,20251031_081_pol_pro_Ran_ado_2025_19_Colorado2025.czi,Ran_ado,359.77,11284.0,17506.0,26,25,83.36,0.911,20251031_081_pol_pro_Ran_ado_2025_19_Colorado2025_x011264_y016896
Unknown_Sample,20251031_081_pol_pro_Ran_ado_2025_19_Colorado2025.czi,Ran_ado,233.56,11269.0,17518.0,13,31,80.73,0.783,20251031_081_pol_pro_Ran_ado_2025_19_Colorado2025_x011264_y016896
Unknown_Sample,20251031_081_pol_pro_Ran_ado_2025_19_Colorado2025.czi,Ran_ado,697.22,11945.0,17362.0,34,34,113.25,0.963,20251031_081_pol_pro_Ran_ado_2025_19_Colorado2025_x011776_y016896
Unknown_Sample,20251031_081_pol_pro_Ran_ado_2025_19_Colorado2025.czi,Ran_ado,652.2,12047.0,17466.0,34,31,109.01,0.959,20251031_081_pol_pro_Ran_ado_2025_19_Colorado2025_x011776_y016896
Unknown_Sample,20251031_081_pol_pro_Ran_ado_2025_19_Colorado2025.czi,Ran_ado,446.34,12775.0,16906.0,32,22,94.63,0.959,20251031_081_pol_pro_Ran_ado_2025_19_Colorado2025_x012288_y016896
Unknown_Sample,20251031_081_pol_pro_Ran_ado_2025_19_Colorado2025.czi,Ran_ado,687.6,13381.0,17016.0,34,33,111.84,0.964,20251031_081_pol_pro_Ran_ado_2025_19_Colorado2025_x012800_y016896
Unknown_Sample,20251031_081_pol_pro_Ran_ado_2025_19_Colorado2025.czi,Ran_ado,710.68,13159.0,16966.0,33,34,114.18,0.957,20251031_081_pol_pro_Ran_ado_2025_19_Colorado2025_x012800_y016896
Unknown_Sample,20251031_081_pol_pro_Ran_ado_2025_19_Colorado2025.czi,Ran_ado,554.08,13271.0,17478.0,35,26,101.6,0.948,20251031_081_pol_pro_Ran_ado_2025_19_Colorado2025_x012800_y016896
Unknown_Sample,20251031_081_pol_pro_Ran_ado_2025_19_Colorado2025.czi,Ran_ado,712.22,13701.0,16945.0,33,35,113.84,0.964,20251031_081_pol_pro_Ran_ado_2025_19_Colorado2025_x013312_y016896
Unknown_Sample,20251031_081_pol_pro_Ran_ado_2025_19_Colorado2025.czi,Ran_ado,689.9,13381.0,17016.0,34,33,111.84,0.964,20251031_081_pol_pro_Ran_ado_2025_19_Colorado2025_x013312_y016896
Unknown_Sample,20251031_081_pol_pro_Ran_ado_2025_19_Colorado2025.czi,Ran_ado,660.66,14062.0,17185.0,34,31,109.01,0.958,20251031_081_pol_pro_Ran_ado_2025_19_Colorado2025_x013824_y016896
Unknown_Sample,20251031_081_pol_pro_Ran_ado_2025_19_Colorado2025.czi,Ran_ado,645.66,14245.0,17156.0,32,33,108.43,0.957,20251031_081_pol_pro_Ran_ado_2025_19_Colorado2025_x013824_y016896
Unknown_Sample,20251031_081_pol_pro_Ran_ado_2025_19_Colorado2025.czi,Ran_ado,907.3,14812.0,17435.0,37,40,128.91,0.964,20251031_081_pol_pro_Ran_ado_2025_19_Colorado2025_x014336_y016896
Unknown_Sample,20251031_081_pol_pro_Ran_ado_2025_19_Colorado2025.czi,Ran_ado,702.22,14917.0,17286.0,35,33,111.5,0.962,20251031_081_pol_pro_Ran_ado_2025_19_Colorado2025_x014336_y016896
Unknown_Sample,20251031_081_pol_pro_Ran_ado_2025_19_Colorado2025.czi,Ran_ado,741.46,15332.0,17036.0,33,37,115.5,0.964,20251031_081_pol_pro_Ran_ado_2025_19_Colorado2025_x014848_y016896
Unknown_Sample,20251031_081_pol_pro_Ran_ado_2025_19_Colorado2025.czi,Ran_ado,702.22,14917.0,17286.0,35,33,111.5,0.962,20251031_081_pol_pro_Ran_ado_2025_19_Colorado2025_x014848_y016896
Unknown_Sample,20251031_081_pol_pro_Ran_ado_2025_19_Colorado2025.czi,Ran_ado,393.24,15357.0,17492.0,27,25,84.77,0.952,20251031_081_pol_pro_Ran_ado_2025_19_Colorado2025_x014848_y016896
Unknown_Sample,20251031_081_pol_pro_Ran_ado_2025_19_Colorado2025.czi,Ran_ado,756.86,15975.0,17162.0,36,35,118.67,0.962,20251031_081_pol_pro_Ran_ado_2025_19_Colorado2025_x015360_y016896
Unknown_Sample,20251031_081_pol_pro_Ran_ado_2025_19_Colorado2025.czi,Ran_ado,749.16,15762.0,17061.0,36,34,117.84,0.961,20251031_081_pol_pro_Ran_ado_2025_19_Colorado2025_x015360_y016896
Unknown_Sample,20251031_081_pol_pro_Ran_ado_2025_19_Colorado2025.czi,Ran_ado,722.61,15694.0,17068.0,35,34,114.08,0.96,20251031_081_pol_pro_Ran_ado_2025_19_Colorado2025_x015360_y016896
Unknown_Sample,20251031_081_pol_pro_Ran_ado_2025_19_Colorado2025.czi,Ran_ado,755.32,15847.0,17290.0,35,37,117.15,0.957,20251031_081_pol_pro_Ran_ado_2025_19_Colorado2025_x015360_y016896
Unknown_Sample,20251031_081_pol_pro_Ran_ado_2025_19_Colorado2025.czi,Ran_ado,135.44,15365.0,17492.0,11,23,56.97,0.938,20251031_081_pol_pro_Ran_ado_2025_19_Colorado2025_x015360_y016896
Unknown_Sample,20251031_081_pol_pro_Ran_ado_2025_19_Colorado2025.czi,Ran_ado,756.86,15975.0,17162.0,36,35,118.67,0.962,20251031_081_pol_pro_Ran_ado_2025_19_Colorado2025_x015872_y016896
Unknown_Sample,20251031_081_pol_pro_Ran_ado_2025_19_Colorado2025.czi,Ran_ado,164.3,16419.0,17529.0,23,12,60.73,0.88,20251031_081_pol_pro_Ran_ado_2025_19_Colorado2025_x015872_y016896
Unknown_Sample,20251031_081_pol_pro_Ran_ado_2025_19_Colorado2025.czi,Ran_ado,889.99,16744.0,17441.0,38,38,126.33,0.96,20251031_081_pol_pro_Ran_ado_2025_19_Colorado2025_x016384_y016896
Unknown_Sample,20251031_081_pol_pro_Ran_ado_2025_19_Colorado2025.czi,Ran_ado,943.09,16602.0,17385.0,40,39,132.33,0.959,20251031_081_pol_pro_Ran_ado_2025_19_Colorado2025_x016384_y016896
Unknown_Sample,20251031_081_pol_pro_Ran_ado_2025_19_Colorado2025.czi,Ran_ado,804.57,16725.0,17183.0,38,35,121.5,0.955,20251031_081_pol_pro_Ran_ado_2025_19_Colorado2025_x016384_y016896
Unknown_Sample,20251031_081_pol_pro_Ran_ado_2025_19_Colorado2025.czi,Ran_ado,816.11,16728.0,17022.0,41,34,124.33,0.948,20251031_081_pol_pro_Ran_ado_2025_19_Colorado2025_x016384_y016896
Unknown_Sample,20251031_081_pol_pro_Ran_ado_2025_19_Colorado2025.czi,Ran_ado,164.3,16419.0,17529.0,23,12,60.73,0.882,20251031_081_pol_pro_Ran_ado_2025_19_Colorado2025_x016384_y016896
Unknown_Sample,20251031_081_pol_pro_Ran_ado_2025_19_Colorado2025.czi,Ran_ado,258.95,17018.0,16932.0,12,38,87.21,0.867,20251031_081_pol_pro_Ran_ado_2025_19_Colorado2025_x016384_y016896
Unknown_Sample,20251031_081_pol_pro_Ran_ado_2025_19_Colorado2025.czi,Ran_ado,1032.36,17031.0,16934.0,41,43,137.64,0.956,20251031_081_pol_pro_Ran_ado_2025_19_Colorado2025_x016896_y016896
Unknown_Sample,20251031_081_pol_pro_Ran_ado_2025_19_Colorado2025.czi,Ran_ado,694.14,17333.0,17030.0,34,34,112.08,0.946,20251031_081_pol_pro_Ran_ado_2025_19_Colorado2025_x016896_y016896
Unknown_Sample,20251031_081_pol_pro_Ran_ado_2025_19_Colorado2025.czi,Ran_ado,312.44,629.0,17692.0,20,23,79.66,0.652,20251031_081_pol_pro_Ran_ado_2025_19_Colorado2025_x000000_y017408
Unknown_Sample,20251031_081_pol_pro_Ran_ado_2025_19_Colorado2025.czi,Ran_ado,712.22,5097.0,17827.0,35,33,113.84,0.956,20251031_081_pol_pro_Ran_ado_2025_19_Colorado2025_x004608_y017408
Unknown_Sample,20251031_081_pol_pro_Ran_ado_2025_19_Colorado2025.czi,Ran_ado,657.97,5174.0,17813.0,34,32,109.25,0.954,20251031_081_pol_pro_Ran_ado_2025_19_Colorado2025_x004608_y017408
Unknown_Sample,20251031_081_pol_pro_Ran_ado_2025_19_Colorado2025.czi,Ran_ado,759.93,5183.0,17477.0,33,37,117.84,0.947,20251031_081_pol_pro_Ran_ado_2025_19_Colorado2025_x004608_y017408
Unknown_Sample,20251031_081_pol_pro_Ran_ado_2025_19_Colorado2025.czi,Ran_ado,732.23,5394.0,17767.0,33,36,115.84,0.96,20251031_081_pol_pro_Ran_ado_2025_19_Colorado2025_x005120_y017408
Unknown_Sample,20251031_081_pol_pro_Ran_ado_2025_19_Colorado2025.czi,Ran_ado,577.55,5428.0,17512.0,33,29,103.01,0.958,20251031_081_pol_pro_Ran_ado_2025_19_Colorado2025_x005120_y017408
Unknown_Sample,20251031_081_pol_pro_Ran_ado_2025_19_Colorado2025.czi,Ran_ado,602.18,5707.0,17437.0,32,31,103.84,0.957,20251031_081_pol_pro_Ran_ado_2025_19_Colorado2025_x005120_y017408
Unknown_Sample,20251031_081_pol_pro_Ran_ado_2025_19_Colorado2025.czi,Ran_ado,658.74,5174.0,17813.0,34,32,109.25,0.954,20251031_081_pol_pro_Ran_ado_2025_19_Colorado2025_x005120_y017408
Unknown_Sample,20251031_081_pol_pro_Ran_ado_2025_19_Colorado2025.czi,Ran_ado,759.93,5183.0,17477.0,33,37,117.84,0.947,20251031_081_pol_pro_Ran_ado_2025_19_Colorado2025_x005120_y017408
Unknown_Sample,20251031_081_pol_pro_Ran_ado_2025_19_Colorado2025.czi,Ran_ado,699.14,5862.0,17640.0,33,35,113.84,0.966,20251031_081_pol_pro_Ran_ado_2025_19_Colorado2025_x005632_y017408
Unknown_Sample,20251031_081_pol_pro_Ran_ado_2025_19_Colorado2025.czi,Ran_ado,737.62,6194.0,17758.0,34,35,117.01,0.96,20251031_081_pol_pro_Ran_ado_2025_19_Colorado2025_x005632_y017408
Unknown_Sample,20251031_081_pol_pro_Ran_ado_2025_19_Colorado2025.czi,Ran_ado,612.56,6233.0,17734.0,32,32,106.43,0.96,20251031_081_pol_pro_Ran_ado_2025_19_Colorado2025_x005632_y017408
Unknown_Sample,20251031_081_pol_pro_Ran_ado_2025_19_Colorado2025.czi,Ran_ado,602.18,5707.0,17437.0,32,31,103.84,0.958,20251031_081_pol_pro_Ran_ado_2025_19_Colorado2025_x005632_y017408
Unknown_Sample,20251031_081_pol_pro_Ran_ado_2025_19_Colorado2025.czi,Ran_ado,641.42,5927.0,17490.0,34,32,109.84,0.956,20251031_081_pol_pro_Ran_ado_2025_19_Colorado2025_x005632_y017408
Unknown_Sample,20251031_081_pol_pro_Ran_ado_2025_19_Colorado2025.czi,Ran_ado,642.19,6221.0,17829.0,30,34,107.01,0.931,20251031_081_pol_pro_Ran_ado_2025_19_Colorado2025_x005632_y017408
Unknown_Sample,20251031_081_pol_pro_Ran_ado_2025_19_Colorado2025.czi,Ran_ado,715.68,6414.0,17622.0,34,35,115.25,0.963,20251031_081_pol_pro_Ran_ado_2025_19_Colorado2025_x006144_y017408
Unknown_Sample,20251031_081_pol_pro_Ran_ado_2025_19_Colorado2025.czi,Ran_ado,740.7,6194.0,17758.0,34,36,117.84,0.959,20251031_081_pol_pro_Ran_ado_2025_19_Colorado2025_x006144_y017408
Unknown_Sample,20251031_081_pol_pro_Ran_ado_2025_19_Colorado2025.czi,Ran_ado,615.64,6233.0,17734.0,32,32,106.43,0.959,20251031_081_pol_pro_Ran_ado_2025_19_Colorado2025_x006144_y017408
Unknown_Sample,20251031_081_pol_pro_Ran_ado_2025_19_Colorado2025.czi,Ran_ado,621.41,6623.0,17444.0,33,31,107.01,0.958,20251031_081_pol_pro_Ran_ado_2025_19_Colorado2025_x006144_y017408
Unknown_Sample,20251031_081_pol_pro_Ran_ado_2025_19_Colorado2025.czi,Ran_ado,593.33,6366.0,17999.0,31,32,105.6,0.938,20251031_081_pol_pro_Ran_ado_2025_19_Colorado2025_x006144_y017408
Unknown_Sample,20251031_081_pol_pro_Ran_ado_2025_19_Colorado2025.czi,Ran_ado,647.19,6221.0,17829.0,30,35,108.43,0.928,20251031_081_pol_pro_Ran_ado_2025_19_Colorado2025_x006144_y017408
Unknown_Sample,20251031_081_pol_pro_Ran_ado_2025_19_Colorado2025.czi,Ran_ado,696.83,7126.0,17643.0,33,35,115.01,0.963,20251031_081_pol_pro_Ran_ado_2025_19_Colorado2025_x006656_y017408
Unknown_Sample,20251031_081_pol_pro_Ran_ado_2025_19_Colorado2025.czi,Ran_ado,471.74,7284.0,17560.0,23,32,97.8,0.938,20251031_081_pol_pro_Ran_ado_2025_19_Colorado2025_x006656_y017408
Unknown_Sample,20251031_081_pol_pro_Ran_ado_2025_19_Colorado2025.czi,Ran_ado,653.35,7332.0,17779.0,34,31,109.6,0.963,20251031_081_pol_pro_Ran_ado_2025_19_Colorado2025_x007168_y017408
Unknown_Sample,20251031_081_pol_pro_Ran_ado_2025_19_Colorado2025.czi,Ran_ado,663.36,7612.0,17810.0,32,34,109.25,0.963,20251031_081_pol_pro_Ran_ado_2025_19_Colorado2025_x007168_y017408
Unknown_Sample,20251031_081_pol_pro_Ran_ado_2025_19_Colorado2025.czi,Ran_ado,661.05,7447.0,17818.0,32,33,110.77,0.96,20251031_081_pol_pro_Ran_ado_2025_19_Colorado2025_x007168_y017408
Unknown_Sample,20251031_081_pol_pro_Ran_ado_2025_19_Colorado2025.czi,Ran_ado,687.6,7542.0,17760.0,35,33,112.67,0.96,20251031_081_pol_pro_Ran_ado_2025_19_Colorado2025_x007168_y017408
Unknown_Sample,20251031_081_pol_pro_Ran_ado_2025_19_Colorado2025.czi,Ran_ado,631.03,7288.0,17560.0,33,32,107.25,0.959,20251031_081_pol_pro_Ran_ado_2025_19_Colorado2025_x007168_y017408
Unknown_Sample,20251031_081_pol_pro_Ran_ado_2025_19_Colorado2025.czi,Ran_ado,697.98,8166.0,17769.0,33,35,113.25,0.965,20251031_081_pol_pro_Ran_ado_2025_19_Colorado2025_x007680_y017408
Unknown_Sample,20251031_081_pol_pro_Ran_ado_2025_19_Colorado2025.czi,Ran_ado,712.61,8410.0,17631.0,33,36,114.08,0.963,20251031_081_pol_pro_Ran_ado_2025_19_Colorado2025_x008192_y017408
Unknown_Sample,20251031_081_pol_pro_Ran_ado_2025_19_Colorado2025.czi,Ran_ado,643.35,8724.0,17481.0,35,31,109.25,0.96,20251031_081_pol_pro_Ran_ado_2025_19_Colorado2025_x008192_y017408
Unknown_Sample,20251031_081_pol_pro_Ran_ado_2025_19_Colorado2025.czi,Ran_ado,639.88,8457.0,17843.0,32,33,109.01,0.959,20251031_081_pol_pro_Ran_ado_2025_19_Colorado2025_x008192_y017408
Unknown_Sample,20251031_081_pol_pro_Ran_ado_2025_19_Colorado2025.czi,Ran_ado,622.18,8775.0,17432.0,31,33,105.84,0.959,20251031_081_pol_pro_Ran_ado_2025_19_Colorado2025_x008192_y017408
Unknown_Sample,20251031_081_pol_pro_Ran_ado_2025_19_Colorado2025.czi,Ran_ado,800.72,8448.0,18006.0,33,40,121.5,0.862,20251031_081_pol_pro_Ran_ado_2025_19_Colorado2025_x008192_y017408
Unknown_Sample,20251031_081_pol_pro_Ran_ado_2025_19_Colorado2025.czi,Ran_ado,636.42,9060.0,17622.0,32,33,108.43,0.96,20251031_081_pol_pro_Ran_ado_2025_19_Colorado2025_x008704_y017408
Unknown_Sample,20251031_081_pol_pro_Ran_ado_2025_19_Colorado2025.czi,Ran_ado,758.39,9087.0,17767.0,36,35,117.5,0.96,20251031_081_pol_pro_Ran_ado_2025_19_Colorado2025_x008704_y017408
Unknown_Sample,20251031_081_pol_pro_Ran_ado_2025_19_Colorado2025.czi,Ran_ado,783.79,9007.0,17581.0,34,39,120.33,0.96,20251031_081_pol_pro_Ran_ado_2025_19_Colorado2025_x008704_y017408
Unknown_Sample,20251031_081_pol_pro_Ran_ado_2025_19_Colorado2025.czi,Ran_ado,642.96,8725.0,17481.0,35,31,109.84,0.959,20251031_081_pol_pro_Ran_ado_2025_19_Colorado2025_x008704_y017408
Unknown_Sample,20251031_081_pol_pro_Ran_ado_2025_19_Colorado2025.czi,Ran_ado,622.18,8775.0,17432.0,31,33,105.84,0.958,20251031_081_pol_pro_Ran_ado_2025_19_Colorado2025_x008704_y017408
Unknown_Sample,20251031_081_pol_pro_Ran_ado_2025_19_Colorado2025.czi,Ran_ado,754.16,9604.0,17706.0,36,34,118.43,0.958,20251031_081_pol_pro_Ran_ado_2025_19_Colorado2025_x009216_y017408
Unknown_Sample,20251031_081_pol_pro_Ran_ado_2025_19_Colorado2025.czi,Ran_ado,745.7,9359.0,17986.0,33,37,117.25,0.924,20251031_081_pol_pro_Ran_ado_2025_19_Colorado2025_x009216_y017408
Unknown_Sample,20251031_081_pol_pro_Ran_ado_2025_19_Colorado2025.czi,Ran_ado,864.59,10038.0,17938.0,38,38,125.15,0.927,20251031_081_pol_pro_Ran_ado_2025_19_Colorado2025_x009728_y017408
Unknown_Sample,20251031_081_pol_pro_Ran_ado_2025_19_Colorado2025.czi,Ran_ado,769.94,10003.0,17950.0,37,34,118.67,0.925,20251031_081_pol_pro_Ran_ado_2025_19_Colorado2025_x009728_y017408
Unknown_Sample,20251031_081_pol_pro_Ran_ado_2025_19_Colorado2025.czi,Ran_ado,645.27,10484.0,17450.0,31,34,107.84,0.966,20251031_081_pol_pro_Ran_ado_2025_19_Colorado2025_x010240_y017408
Unknown_Sample,20251031_081_pol_pro_Ran_ado_2025_19_Colorado2025.czi,Ran_ado,821.88,10701.0,17918.0,37,36,123.25,0.966,20251031_081_pol_pro_Ran_ado_2025_19_Colorado2025_x010240_y017408
Unknown_Sample,20251031_081_pol_pro_Ran_ado_2025_19_Colorado2025.czi,Ran_ado,659.51,10571.0,17781.0,32,34,109.25,0.966,20251031_081_pol_pro_Ran_ado_2025_19_Colorado2025_x010240_y017408
Unknown_Sample,20251031_081_pol_pro_Ran_ado_2025_19_Colorado2025.czi,Ran_ado,762.63,10518.0,17617.0,36,35,118.08,0.963,20251031_081_pol_pro_Ran_ado_2025_19_Colorado2025_x010240_y017408
Unknown_Sample,20251031_081_pol_pro_Ran_ado_2025_19_Colorado2025.czi,Ran_ado,789.56,10762.0,17751.0,37,36,122.08,0.962,20251031_081_pol_pro_Ran_ado_2025_19_Colorado2025_x010240_y017408
Unknown_Sample,20251031_081_pol_pro_Ran_ado_2025_19_Colorado2025.czi,Ran_ado,693.75,10437.0,17757.0,35,33,111.5,0.962,20251031_081_pol_pro_Ran_ado_2025_19_Colorado2025_x010240_y017408
Unknown_Sample,20251031_081_pol_pro_Ran_ado_2025_19_Colorado2025.czi,Ran_ado,642.96,10765.0,17751.0,29,36,112.53,0.968,20251031_081_pol_pro_Ran_ado_2025_19_Colorado2025_x010752_y017408
Unknown_Sample,20251031_081_pol_pro_Ran_ado_2025_19_Colorado2025.czi,Ran_ado,683.75,10951.0,17749.0,36,31,111.84,0.966,20251031_081_pol_pro_Ran_ado_2025_19_Colorado2025_x010752_y017408
Unknown_Sample,20251031_081_pol_pro_Ran_ado_2025_19_Colorado2025.czi,Ran_ado,740.7,11107.0,17694.0,35,34,117.01,0.962,20251031_081_pol_pro_Ran_ado_2025_19_Colorado2025_x010752_y017408
Unknown_Sample,20251031_081_pol_pro_Ran_ado_2025_19_Colorado2025.czi,Ran_ado,917.69,11267.0,17781.0,38,39,129.5,0.961,20251031_081_pol_pro_Ran_ado_2025_19_Colorado2025_x010752_y017408
Unknown_Sample,20251031_081_pol_pro_Ran_ado_2025_19_Colorado2025.czi,Ran_ado,815.34,11332.0,17937.0,36,37,121.5,0.96,20251031_081_pol_pro_Ran_ado_2025_19_Colorado2025_x010752_y017408
Unknown_Sample,20251031_081_pol_pro_Ran_ado_2025_19_Colorado2025.czi,Ran_ado,649.89,11258.0,17521.0,32,33,109.01,0.929,20251031_081_pol_pro_Ran_ado_2025_19_Colorado2025_x010752_y017408
Unknown_Sample,20251031_081_pol_pro_Ran_ado_2025_19_Colorado2025.czi,Ran_ado,412.48,11283.0,17507.0,28,25,87.94,0.909,20251031_081_pol_pro_Ran_ado_2025_19_Colorado2025_x010752_y017408
Unknown_Sample,20251031_081_pol_pro_Ran_ado_2025_19_Colorado2025.czi,Ran_ado,806.11,11475.0,17705.0,37,36,121.5,0.963,20251031_081_pol_pro_Ran_ado_2025_19_Colorado2025_x011264_y017408
Unknown_Sample,20251031_081_pol_pro_Ran_ado_2025_19_Colorado2025.czi,Ran_ado,664.12,11515.0,17696.0,34,33,111.25,0.962,20251031_081_pol_pro_Ran_ado_2025_19_Colorado2025_x011264_y017408
Unknown_Sample,20251031_081_pol_pro_Ran_ado_2025_19_Colorado2025.czi,Ran_ado,807.26,11332.0,17937.0,36,37,120.91,0.961,20251031_081_pol_pro_Ran_ado_2025_19_Colorado2025_x011264_y017408
Unknown_Sample,20251031_081_pol_pro_Ran_ado_2025_19_Colorado2025.czi,Ran_ado,530.99,11274.0,17781.0,22,39,107.46,0.961,20251031_081_pol_pro_Ran_ado_2025_19_Colorado2025_x011264_y017408
Unknown_Sample,20251031_081_pol_pro_Ran_ado_2025_19_Colorado2025.czi,Ran_ado,440.57,11603.0,17990.0,25,29,91.7,0.947,20251031_081_pol_pro_Ran_ado_2025_19_Colorado2025_x011264_y017408
Unknown_Sample,20251031_081_pol_pro_Ran_ado_2025_19_Colorado2025.czi,Ran_ado,362.46,11284.0,17506.0,26,25,83.94,0.911,20251031_081_pol_pro_Ran_ado_2025_19_Colorado2025_x011264_y017408
Unknown_Sample,20251031_081_pol_pro_Ran_ado_2025_19_Colorado2025.czi,Ran_ado,865.36,11445.0,18003.0,35,39,131.84,0.876,20251031_081_pol_pro_Ran_ado_2025_19_Colorado2025_x011264_y017408
Unknown_Sample,20251031_081_pol_pro_Ran_ado_2025_19_Colorado2025.czi,Ran_ado,233.17,11269.0,17519.0,13,33,82.97,0.815,20251031_081_pol_pro_Ran_ado_2025_19_Colorado2025_x011264_y017408
Unknown_Sample,20251031_081_pol_pro_Ran_ado_2025_19_Colorado2025.czi,Ran_ado,786.48,12034.0,17707.0,35,37,120.08,0.964,20251031_081_pol_pro_Ran_ado_2025_19_Colorado2025_x011776_y017408
Unknown_Sample,20251031_081_pol_pro_Ran_ado_2025_19_Colorado2025.czi,Ran_ado,675.28,12135.0,17673.0,31,35,111.01,0.963,20251031_081_pol_pro_Ran_ado_2025_19_Colorado2025_x011776_y017408
Unknown_Sample,20251031_081_pol_pro_Ran_ado_2025_19_Colorado2025.czi,Ran_ado,794.56,12217.0,17601.0,36,37,120.33,0.963,20251031_081_pol_pro_Ran_ado_2025_19_Colorado2025_x011776_y017408
Unknown_Sample,20251031_081_pol_pro_Ran_ado_2025_19_Colorado2025.czi,Ran_ado,652.2,12047.0,17466.0,34,31,109.01,0.959,20251031_081_pol_pro_Ran_ado_2025_19_Colorado2025_x011776_y017408
Unknown_Sample,20251031_081_pol_pro_Ran_ado_2025_19_Colorado2025.czi,Ran_ado,567.55,12403.0,17846.0,26,34,106.04,0.939,20251031_081_pol_pro_Ran_ado_2025_19_Colorado2025_x011776_y017408
Unknown_Sample,20251031_081_pol_pro_Ran_ado_2025_19_Colorado2025.czi,Ran_ado,723.77,12650.0,17850.0,33,36,114.67,0.958,20251031_081_pol_pro_Ran_ado_2025_19_Colorado2025_x012288_y017408
Unknown_Sample,20251031_081_pol_pro_Ran_ado_2025_19_Colorado2025.czi,Ran_ado,850.74,12409.0,17846.0,41,34,125.5,0.958,20251031_081_pol_pro_Ran_ado_2025_19_Colorado2025_x012288_y017408
Unknown_Sample,20251031_081_pol_pro_Ran_ado_2025_19_Colorado2025.czi,Ran_ado,806.11,13225.0,17720.0,35,37,120.67,0.96,20251031_081_pol_pro_Ran_ado_2025_19_Colorado2025_x012800_y017408
Unknown_Sample,20251031_081_pol_pro_Ran_ado_2025_19_Colorado2025.czi,Ran_ado,756.09,13024.0,17909.0,34,36,119.01,0.957,20251031_081_pol_pro_Ran_ado_2025_19_Colorado2025_x012800_y017408
Unknown_Sample,20251031_081_pol_pro_Ran_ado_2025_19_Colorado2025.czi,Ran_ado,890.76,13162.0,17981.0,35,42,128.33,0.957,20251031_081_pol_pro_Ran_ado_2025_19_Colorado2025_x012800_y017408
Unknown_Sample,20251031_081_pol_pro_Ran_ado_2025_19_Colorado2025.czi,Ran_ado,553.31,13271.0,17478.0,35,26,101.6,0.948,20251031_081_pol_pro_Ran_ado_2025_19_Colorado2025_x012800_y017408
Unknown_Sample,20251031_081_pol_pro_Ran_ado_2025_19_Colorado2025.czi,Ran_ado,864.98,13864.0,17906.0,37,39,126.57,0.959,20251031_081_pol_pro_Ran_ado_2025_19_Colorado2025_x013312_y017408
Unknown_Sample,20251031_081_pol_pro_Ran_ado_2025_19_Colorado2025.czi,Ran_ado,394.4,13503.0,17918.0,25,25,86.04,0.944,20251031_081_pol_pro_Ran_ado_2025_19_Colorado2025_x013312_y017408
Unknown_Sample,20251031_081_pol_pro_Ran_ado_2025_19_Colorado2025.czi,Ran_ado,665.28,13777.0,17795.0,35,31,109.84,0.942,20251031_081_pol_pro_Ran_ado_2025_19_Colorado2025_x013312_y017408
Unknown_Sample,20251031_081_pol_pro_Ran_ado_2025_19_Colorado2025.czi,Ran_ado,681.82,13881.0,18001.0,29,38,112.43,0.88,20251031_081_pol_pro_Ran_ado_2025_19_Colorado2025_x013312_y017408
Unknown_Sample,20251031_081_pol_pro_Ran_ado_2025_19_Colorado2025.czi,Ran_ado,880.37,13864.0,17906.0,37,39,126.91,0.955,20251031_081_pol_pro_Ran_ado_2025_19_Colorado2025_x013824_y017408
Unknown_Sample,20251031_081_pol_pro_Ran_ado_2025_19_Colorado2025.czi,Ran_ado,802.26,14107.0,17608.0,35,38,121.5,0.954,20251031_081_pol_pro_Ran_ado_2025_19_Colorado2025_x013824_y017408
Unknown_Sample,20251031_081_pol_pro_Ran_ado_2025_19_Colorado2025.czi,Ran_ado,1045.82,14417.0,18022.0,35,48,142.08,0.935,20251031_081_pol_pro_Ran_ado_2025_19_Colorado2025_x013824_y017408
Unknown_Sample,20251031_081_pol_pro_Ran_ado_2025_19_Colorado2025.czi,Ran_ado,687.98,13880.0,18001.0,29,38,112.43,0.858,20251031_081_pol_pro_Ran_ado_2025_19_Colorado2025_x013824_y017408
Unknown_Sample,20251031_081_pol_pro_Ran_ado_2025_19_Colorado2025.czi,Ran_ado,913.08,14812.0,17435.0,37,40,129.5,0.963,20251031_081_pol_pro_Ran_ado_2025_19_Colorado2025_x014336_y017408
Unknown_Sample,20251031_081_pol_pro_Ran_ado_2025_19_Colorado2025.czi,Ran_ado,813.8,14861.0,17664.0,37,37,122.33,0.956,20251031_081_pol_pro_Ran_ado_2025_19_Colorado2025_x014336_y017408
Unknown_Sample,20251031_081_pol_pro_Ran_ado_2025_19_Colorado2025.czi,Ran_ado,1073.14,14417.0,18022.0,36,48,143.5,0.927,20251031_081_pol_pro_Ran_ado_2025_19_Colorado2025_x014336_y017408
Unknown_Sample,20251031_081_pol_pro_Ran_ado_2025_19_Colorado2025.czi,Ran_ado,726.07,14863.0,17664.0,32,36,116.18,0.962,20251031_081_pol_pro_Ran_ado_2025_19_Colorado2025_x014848_y017408
Unknown_Sample,20251031_081_pol_pro_Ran_ado_2025_19_Colorado2025.czi,Ran_ado,993.11,15068.0,17972.0,37,45,135.64,0.957,20251031_081_pol_pro_Ran_ado_2025_19_Colorado2025_x014848_y017408
Unknown_Sample,20251031_081_pol_pro_Ran_ado_2025_19_Colorado2025.czi,Ran_ado,393.24,15357.0,17492.0,27,25,84.77,0.953,20251031_081_pol_pro_Ran_ado_2025_19_Colorado2025_x014848_y017408
Unknown_Sample,20251031_081_pol_pro_Ran_ado_2025_19_Colorado2025.czi,Ran_ado,135.44,15365.0,17492.0,11,23,56.97,0.938,20251031_081_pol_pro_Ran_ado_2025_19_Colorado2025_x015360_y017408
Unknown_Sample,20251031_081_pol_pro_Ran_ado_2025_19_Colorado2025.czi,Ran_ado,409.79,16419.0,17537.0,24,28,87.7,0.948,20251031_081_pol_pro_Ran_ado_2025_19_Colorado2025_x015872_y017408
Unknown_Sample,20251031_081_pol_pro_Ran_ado_2025_19_Colorado2025.czi,Ran_ado,1021.97,16691.0,17990.0,39,43,136.57,0.96,20251031_081_pol_pro_Ran_ado_2025_19_Colorado2025_x016384_y017408
Unknown_Sample,20251031_081_pol_pro_Ran_ado_2025_19_Colorado2025.czi,Ran_ado,890.76,16744.0,17441.0,38,38,126.33,0.96,20251031_081_pol_pro_Ran_ado_2025_19_Colorado2025_x016384_y017408
Unknown_Sample,20251031_081_pol_pro_Ran_ado_2025_19_Colorado2025.czi,Ran_ado,410.94,16419.0,17537.0,24,28,87.11,0.947,20251031_081_pol_pro_Ran_ado_2025_19_Colorado2025_x016384_y017408
Unknown_Sample,20251031_081_pol_pro_Ran_ado_2025_19_Colorado2025.czi,Ran_ado,227.79,16803.0,18041.0,33,13,78.63,0.647,20251031_081_pol_pro_Ran_ado_2025_19_Colorado2025_x016384_y017408
Unknown_Sample,20251031_081_pol_pro_Ran_ado_2025_19_Colorado2025.czi,Ran_ado,909.61,17055.0,17677.0,38,40,128.57,0.962,20251031_081_pol_pro_Ran_ado_2025_19_Colorado2025_x016896_y017408
Unknown_Sample,20251031_081_pol_pro_Ran_ado_2025_19_Colorado2025.czi,Ran_ado,950.4,17128.0,17925.0,38,41,131.74,0.958,20251031_081_pol_pro_Ran_ado_2025_19_Colorado2025_x016896_y017408
Unknown_Sample,20251031_081_pol_pro_Ran_ado_2025_19_Colorado2025.czi,Ran_ado,829.96,17390.0,17804.0,36,37,122.67,0.946,20251031_081_pol_pro_Ran_ado_2025_19_Colorado2025_x016896_y017408
Unknown_Sample,20251031_081_pol_pro_Ran_ado_2025_19_Colorado2025.czi,Ran_ado,882.68,17420.0,17668.0,39,37,126.91,0.942,20251031_081_pol_pro_Ran_ado_2025_19_Colorado2025_x016896_y017408
Unknown_Sample,20251031_081_pol_pro_Ran_ado_2025_19_Colorado2025.czi,Ran_ado,985.03,17321.0,17660.0,41,39,133.74,0.937,20251031_081_pol_pro_Ran_ado_2025_19_Colorado2025_x016896_y017408
Unknown_Sample,20251031_081_pol_pro_Ran_ado_2025_19_Colorado2025.czi,Ran_ado,1173.57,17307.0,18019.0,40,50,149.05,0.929,20251031_081_pol_pro_Ran_ado_2025_19_Colorado2025_x016896_y017408
Unknown_Sample,20251031_081_pol_pro_Ran_ado_2025_19_Colorado2025.czi,Ran_ado,62.72,17102.0,17995.0,10,11,35.07,0.683,20251031_081_pol_pro_Ran_ado_2025_19_Colorado2025_x016896_y017408
Unknown_Sample,20251031_081_pol_pro_Ran_ado_2025_19_Colorado2025.czi,Ran_ado,750.7,17423.0,17668.0,32,37,120.53,0.942,20251031_081_pol_pro_Ran_ado_2025_19_Colorado2025_x017408_y017408
Unknown_Sample,20251031_081_pol_pro_Ran_ado_2025_19_Colorado2025.czi,Ran_ado,559.47,6366.0,17999.0,31,30,101.6,0.942,20251031_081_pol_pro_Ran_ado_2025_19_Colorado2025_x006144_y017920
Unknown_Sample,20251031_081_pol_pro_Ran_ado_2025_19_Colorado2025.czi,Ran_ado,781.87,8448.0,18006.0,32,40,120.08,0.892,20251031_081_pol_pro_Ran_ado_2025_19_Colorado2025_x008192_y017920
Unknown_Sample,20251031_081_pol_pro_Ran_ado_2025_19_Colorado2025.czi,Ran_ado,748.39,9359.0,17986.0,33,37,116.67,0.914,20251031_081_pol_pro_Ran_ado_2025_19_Colorado2025_x009216_y017920
Unknown_Sample,20251031_081_pol_pro_Ran_ado_2025_19_Colorado2025.czi,Ran_ado,863.44,10038.0,17938.0,39,37,126.91,0.926,20251031_081_pol_pro_Ran_ado_2025_19_Colorado2025_x009728_y017920
Unknown_Sample,20251031_081_pol_pro_Ran_ado_2025_19_Colorado2025.czi,Ran_ado,767.63,10003.0,17950.0,37,34,118.67,0.925,20251031_081_pol_pro_Ran_ado_2025_19_Colorado2025_x009728_y017920
Unknown_Sample,20251031_081_pol_pro_Ran_ado_2025_19_Colorado2025.czi,Ran_ado,355.15,10701.0,17927.0,37,17,92.87,0.939,20251031_081_pol_pro_Ran_ado_2025_19_Colorado2025_x010240_y017920
Unknown_Sample,20251031_081_pol_pro_Ran_ado_2025_19_Colorado2025.czi,Ran_ado,835.74,11331.0,17937.0,37,36,123.25,0.952,20251031_081_pol_pro_Ran_ado_2025_19_Colorado2025_x010752_y017920
Unknown_Sample,20251031_081_pol_pro_Ran_ado_2025_19_Colorado2025.czi,Ran_ado,804.57,11332.0,17937.0,36,36,120.67,0.956,20251031_081_pol_pro_Ran_ado_2025_19_Colorado2025_x011264_y017920
Unknown_Sample,20251031_081_pol_pro_Ran_ado_2025_19_Colorado2025.czi,Ran_ado,443.65,11603.0,17990.0,25,29,91.7,0.931,20251031_081_pol_pro_Ran_ado_2025_19_Colorado2025_x011264_y017920
Unknown_Sample,20251031_081_pol_pro_Ran_ado_2025_19_Colorado2025.czi,Ran_ado,948.09,11446.0,18005.0,35,44,136.91,0.869,20251031_081_pol_pro_Ran_ado_2025_19_Colorado2025_x011264_y017920
Unknown_Sample,20251031_081_pol_pro_Ran_ado_2025_19_Colorado2025.czi,Ran_ado,910.38,13162.0,17981.0,35,42,130.08,0.942,20251031_081_pol_pro_Ran_ado_2025_19_Colorado2025_x012800_y017920
Unknown_Sample,20251031_081_pol_pro_Ran_ado_2025_19_Colorado2025.czi,Ran_ado,165.45,13502.0,17925.0,25,12,62.97,0.921,20251031_081_pol_pro_Ran_ado_2025_19_Colorado2025_x013312_y017920
Unknown_Sample,20251031_081_pol_pro_Ran_ado_2025_19_Colorado2025.czi,Ran_ado,684.13,13880.0,18001.0,29,38,112.43,0.852,20251031_081_pol_pro_Ran_ado_2025_19_Colorado2025_x013312_y017920
Unknown_Sample,20251031_081_pol_pro_Ran_ado_2025_19_Colorado2025.czi,Ran_ado,1023.12,14417.0,18022.0,35,47,138.33,0.92,20251031_081_pol_pro_Ran_ado_2025_19_Colorado2025_x013824_y017920
Unknown_Sample,20251031_081_pol_pro_Ran_ado_2025_19_Colorado2025.czi,Ran_ado,686.44,13880.0,18001.0,29,38,112.43,0.84,20251031_081_pol_pro_Ran_ado_2025_19_Colorado2025_x013824_y017920
Unknown_Sample,20251031_081_pol_pro_Ran_ado_2025_19_Colorado2025.czi,Ran_ado,1020.04,14417.0,18022.0,35,47,138.33,0.92,20251031_081_pol_pro_Ran_ado_2025_19_Colorado2025_x014336_y017920
Unknown_Sample,20251031_081_pol_pro_Ran_ado_2025_19_Colorado2025.czi,Ran_ado,999.65,15068.0,17972.0,37,45,137.4,0.951,20251031_081_pol_pro_Ran_ado_2025_19_Colorado2025_x014848_y017920
Unknown_Sample,20251031_081_pol_pro_Ran_ado_2025_19_Colorado2025.czi,Ran_ado,1057.37,16691.0,17990.0,39,44,137.4,0.952,20251031_081_pol_pro_Ran_ado_2025_19_Colorado2025_x016384_y017920
Unknown_Sample,20251031_081_pol_pro_Ran_ado_2025_19_Colorado2025.czi,Ran_ado,590.63,17127.0,17931.0,38,25,110.87,0.952,20251031_081_pol_pro_Ran_ado_2025_19_Colorado2025_x016896_y017920
Unknown_Sample,20251031_081_pol_pro_Ran_ado_2025_19_Colorado2025.czi,Ran_ado,1173.18,17307.0,18019.0,40,50,148.47,0.932,20251031_081_pol_pro_Ran_ado_2025_19_Colorado2025_x016896_y017920
Unknown_Sample,20251031_081_pol_pro_Ran_ado_2025_19_Colorado2025.czi,Ran_ado,62.72,17102.0,17995.0,10,11,35.07,0.641,20251031_081_pol_pro_Ran_ado_2025_19_Colorado2025_x016896_y017920
