Sample_ID,CZI_File,Species,Area_um2,Centroid_X,Centroid_Y,Width_px,Height_px,Perimeter_px,Confidence,Tile
Unknown_Sample,20260226_279_Gen_Alg_10_8_2_Colorado2025-greenBox.czi,Gen_alg,796.49,8399.0,526.0,37,37,120.57,0.777,20260226_279_Gen_Alg_10_8_2_Colorado2025-greenBox_x008192_y000000
Unknown_Sample,20260226_279_Gen_Alg_10_8_2_Colorado2025-greenBox.czi,Gen_alg,783.79,9159.0,603.0,36,36,119.5,0.945,20260226_279_Gen_Alg_10_8_2_Colorado2025-greenBox_x008704_y000000
Unknown_Sample,20260226_279_Gen_Alg_10_8_2_Colorado2025-greenBox.czi,Gen_alg,285.89,9191.0,632.0,32,15,81.21,0.878,20260226_279_Gen_Alg_10_8_2_Colorado2025-greenBox_x008704_y000000
Unknown_Sample,20260226_279_Gen_Alg_10_8_2_Colorado2025-greenBox.czi,Gen_alg,724.92,9542.0,553.0,35,35,114.91,0.927,20260226_279_Gen_Alg_10_8_2_Colorado2025-greenBox_x009216_y000000
Unknown_Sample,20260226_279_Gen_Alg_10_8_2_Colorado2025-greenBox.czi,Gen_alg,820.73,9503.0,527.0,37,39,122.81,0.91,20260226_279_Gen_Alg_10_8_2_Colorado2025-greenBox_x009216_y000000
Unknown_Sample,20260226_279_Gen_Alg_10_8_2_Colorado2025-greenBox.czi,Gen_alg,751.47,9590.0,576.0,37,36,119.15,0.871,20260226_279_Gen_Alg_10_8_2_Colorado2025-greenBox_x009216_y000000
Unknown_Sample,20260226_279_Gen_Alg_10_8_2_Colorado2025-greenBox.czi,Gen_alg,561.0,10323.0,626.0,31,28,103.46,0.925,20260226_279_Gen_Alg_10_8_2_Colorado2025-greenBox_x009728_y000000
Unknown_Sample,20260226_279_Gen_Alg_10_8_2_Colorado2025-greenBox.czi,Gen_alg,558.31,10355.0,593.0,26,34,106.04,0.922,20260226_279_Gen_Alg_10_8_2_Colorado2025-greenBox_x009728_y000000
Unknown_Sample,20260226_279_Gen_Alg_10_8_2_Colorado2025-greenBox.czi,Gen_alg,327.83,10360.0,553.0,16,34,87.8,0.886,20260226_279_Gen_Alg_10_8_2_Colorado2025-greenBox_x009728_y000000
Unknown_Sample,20260226_279_Gen_Alg_10_8_2_Colorado2025-greenBox.czi,Gen_alg,768.78,10360.0,593.0,37,34,118.08,0.948,20260226_279_Gen_Alg_10_8_2_Colorado2025-greenBox_x010240_y000000
Unknown_Sample,20260226_279_Gen_Alg_10_8_2_Colorado2025-greenBox.czi,Gen_alg,759.93,10369.0,553.0,36,34,116.67,0.944,20260226_279_Gen_Alg_10_8_2_Colorado2025-greenBox_x010240_y000000
Unknown_Sample,20260226_279_Gen_Alg_10_8_2_Colorado2025-greenBox.czi,Gen_alg,843.82,10440.0,513.0,38,37,123.15,0.937,20260226_279_Gen_Alg_10_8_2_Colorado2025-greenBox_x010240_y000000
Unknown_Sample,20260226_279_Gen_Alg_10_8_2_Colorado2025-greenBox.czi,Gen_alg,566.78,10323.0,626.0,31,28,104.04,0.93,20260226_279_Gen_Alg_10_8_2_Colorado2025-greenBox_x010240_y000000
Unknown_Sample,20260226_279_Gen_Alg_10_8_2_Colorado2025-greenBox.czi,Gen_alg,952.32,10459.0,472.0,38,38,134.53,0.897,20260226_279_Gen_Alg_10_8_2_Colorado2025-greenBox_x010240_y000000
Unknown_Sample,20260226_279_Gen_Alg_10_8_2_Colorado2025-greenBox.czi,Gen_alg,802.64,11372.0,485.0,36,36,121.25,0.923,20260226_279_Gen_Alg_10_8_2_Colorado2025-greenBox_x010752_y000000
Unknown_Sample,20260226_279_Gen_Alg_10_8_2_Colorado2025-greenBox.czi,Gen_alg,639.11,11273.0,628.0,41,25,115.7,0.92,20260226_279_Gen_Alg_10_8_2_Colorado2025-greenBox_x010752_y000000
Unknown_Sample,20260226_279_Gen_Alg_10_8_2_Colorado2025-greenBox.czi,Gen_alg,282.43,11342.0,536.0,25,19,74.63,0.873,20260226_279_Gen_Alg_10_8_2_Colorado2025-greenBox_x010752_y000000
Unknown_Sample,20260226_279_Gen_Alg_10_8_2_Colorado2025-greenBox.czi,Gen_alg,370.16,11338.0,517.0,28,24,84.77,0.839,20260226_279_Gen_Alg_10_8_2_Colorado2025-greenBox_x010752_y000000
Unknown_Sample,20260226_279_Gen_Alg_10_8_2_Colorado2025-greenBox.czi,Gen_alg,849.59,11478.0,589.0,37,37,122.91,0.945,20260226_279_Gen_Alg_10_8_2_Colorado2025-greenBox_x011264_y000000
Unknown_Sample,20260226_279_Gen_Alg_10_8_2_Colorado2025-greenBox.czi,Gen_alg,824.58,11372.0,485.0,37,37,122.33,0.927,20260226_279_Gen_Alg_10_8_2_Colorado2025-greenBox_x011264_y000000
Unknown_Sample,20260226_279_Gen_Alg_10_8_2_Colorado2025-greenBox.czi,Gen_alg,489.44,11277.0,627.0,30,25,100.14,0.922,20260226_279_Gen_Alg_10_8_2_Colorado2025-greenBox_x011264_y000000
Unknown_Sample,20260226_279_Gen_Alg_10_8_2_Colorado2025-greenBox.czi,Gen_alg,283.2,11342.0,536.0,25,19,74.63,0.866,20260226_279_Gen_Alg_10_8_2_Colorado2025-greenBox_x011264_y000000
Unknown_Sample,20260226_279_Gen_Alg_10_8_2_Colorado2025-greenBox.czi,Gen_alg,379.77,11338.0,517.0,28,24,85.36,0.854,20260226_279_Gen_Alg_10_8_2_Colorado2025-greenBox_x011264_y000000
Unknown_Sample,20260226_279_Gen_Alg_10_8_2_Colorado2025-greenBox.czi,Gen_alg,744.16,12735.0,624.0,37,32,118.77,0.933,20260226_279_Gen_Alg_10_8_2_Colorado2025-greenBox_x012288_y000000
Unknown_Sample,20260226_279_Gen_Alg_10_8_2_Colorado2025-greenBox.czi,Gen_alg,764.17,13381.0,581.0,35,35,117.25,0.948,20260226_279_Gen_Alg_10_8_2_Colorado2025-greenBox_x012800_y000000
Unknown_Sample,20260226_279_Gen_Alg_10_8_2_Colorado2025-greenBox.czi,Gen_alg,741.85,13184.0,530.0,35,35,116.08,0.941,20260226_279_Gen_Alg_10_8_2_Colorado2025-greenBox_x012800_y000000
Unknown_Sample,20260226_279_Gen_Alg_10_8_2_Colorado2025-greenBox.czi,Gen_alg,796.49,13424.0,589.0,31,39,124.28,0.919,20260226_279_Gen_Alg_10_8_2_Colorado2025-greenBox_x012800_y000000
Unknown_Sample,20260226_279_Gen_Alg_10_8_2_Colorado2025-greenBox.czi,Gen_alg,750.31,13381.0,581.0,35,34,116.43,0.949,20260226_279_Gen_Alg_10_8_2_Colorado2025-greenBox_x013312_y000000
Unknown_Sample,20260226_279_Gen_Alg_10_8_2_Colorado2025-greenBox.czi,Gen_alg,649.89,13466.0,526.0,32,33,109.01,0.942,20260226_279_Gen_Alg_10_8_2_Colorado2025-greenBox_x013312_y000000
Unknown_Sample,20260226_279_Gen_Alg_10_8_2_Colorado2025-greenBox.czi,Gen_alg,902.69,13427.0,589.0,38,38,126.91,0.939,20260226_279_Gen_Alg_10_8_2_Colorado2025-greenBox_x013312_y000000
Unknown_Sample,20260226_279_Gen_Alg_10_8_2_Colorado2025-greenBox.czi,Gen_alg,447.88,14964.0,534.0,22,32,94.63,0.652,20260226_279_Gen_Alg_10_8_2_Colorado2025-greenBox_x014336_y000000
Unknown_Sample,20260226_279_Gen_Alg_10_8_2_Colorado2025-greenBox.czi,Gen_alg,673.74,3932.0,689.0,33,33,109.84,0.945,20260226_279_Gen_Alg_10_8_2_Colorado2025-greenBox_x003584_y000512
Unknown_Sample,20260226_279_Gen_Alg_10_8_2_Colorado2025-greenBox.czi,Gen_alg,302.43,3860.0,830.0,22,22,74.63,0.934,20260226_279_Gen_Alg_10_8_2_Colorado2025-greenBox_x003584_y000512
Unknown_Sample,20260226_279_Gen_Alg_10_8_2_Colorado2025-greenBox.czi,Gen_alg,644.5,4369.0,916.0,33,32,107.84,0.955,20260226_279_Gen_Alg_10_8_2_Colorado2025-greenBox_x004096_y000512
Unknown_Sample,20260226_279_Gen_Alg_10_8_2_Colorado2025-greenBox.czi,Gen_alg,763.78,4289.0,736.0,36,34,116.67,0.937,20260226_279_Gen_Alg_10_8_2_Colorado2025-greenBox_x004096_y000512
Unknown_Sample,20260226_279_Gen_Alg_10_8_2_Colorado2025-greenBox.czi,Gen_alg,610.26,4300.0,772.0,32,31,105.6,0.935,20260226_279_Gen_Alg_10_8_2_Colorado2025-greenBox_x004096_y000512
Unknown_Sample,20260226_279_Gen_Alg_10_8_2_Colorado2025-greenBox.czi,Gen_alg,583.71,4527.0,834.0,31,30,103.36,0.929,20260226_279_Gen_Alg_10_8_2_Colorado2025-greenBox_x004096_y000512
Unknown_Sample,20260226_279_Gen_Alg_10_8_2_Colorado2025-greenBox.czi,Gen_alg,697.22,4613.0,1135.0,36,31,114.77,0.913,20260226_279_Gen_Alg_10_8_2_Colorado2025-greenBox_x004096_y000512
Unknown_Sample,20260226_279_Gen_Alg_10_8_2_Colorado2025-greenBox.czi,Gen_alg,110.05,4334.0,804.0,15,12,45.31,0.902,20260226_279_Gen_Alg_10_8_2_Colorado2025-greenBox_x004096_y000512
Unknown_Sample,20260226_279_Gen_Alg_10_8_2_Colorado2025-greenBox.czi,Gen_alg,602.56,4899.0,1027.0,32,31,105.6,0.963,20260226_279_Gen_Alg_10_8_2_Colorado2025-greenBox_x004608_y000512
Unknown_Sample,20260226_279_Gen_Alg_10_8_2_Colorado2025-greenBox.czi,Gen_alg,794.18,4951.0,968.0,36,36,120.08,0.962,20260226_279_Gen_Alg_10_8_2_Colorado2025-greenBox_x004608_y000512
Unknown_Sample,20260226_279_Gen_Alg_10_8_2_Colorado2025-greenBox.czi,Gen_alg,815.73,5014.0,1016.0,36,36,121.25,0.959,20260226_279_Gen_Alg_10_8_2_Colorado2025-greenBox_x004608_y000512
Unknown_Sample,20260226_279_Gen_Alg_10_8_2_Colorado2025-greenBox.czi,Gen_alg,829.58,5130.0,967.0,38,36,122.91,0.957,20260226_279_Gen_Alg_10_8_2_Colorado2025-greenBox_x004608_y000512
Unknown_Sample,20260226_279_Gen_Alg_10_8_2_Colorado2025-greenBox.czi,Gen_alg,972.33,4785.0,1028.0,41,39,131.98,0.957,20260226_279_Gen_Alg_10_8_2_Colorado2025-greenBox_x004608_y000512
Unknown_Sample,20260226_279_Gen_Alg_10_8_2_Colorado2025-greenBox.czi,Gen_alg,513.68,5200.0,1075.0,28,30,96.18,0.955,20260226_279_Gen_Alg_10_8_2_Colorado2025-greenBox_x004608_y000512
Unknown_Sample,20260226_279_Gen_Alg_10_8_2_Colorado2025-greenBox.czi,Gen_alg,741.08,4976.0,713.0,34,36,116.08,0.949,20260226_279_Gen_Alg_10_8_2_Colorado2025-greenBox_x004608_y000512
Unknown_Sample,20260226_279_Gen_Alg_10_8_2_Colorado2025-greenBox.czi,Gen_alg,613.33,5168.0,960.0,32,31,105.6,0.949,20260226_279_Gen_Alg_10_8_2_Colorado2025-greenBox_x004608_y000512
Unknown_Sample,20260226_279_Gen_Alg_10_8_2_Colorado2025-greenBox.czi,Gen_alg,715.68,5029.0,687.0,35,33,114.43,0.948,20260226_279_Gen_Alg_10_8_2_Colorado2025-greenBox_x004608_y000512
Unknown_Sample,20260226_279_Gen_Alg_10_8_2_Colorado2025-greenBox.czi,Gen_alg,850.74,5226.0,849.0,37,37,124.67,0.943,20260226_279_Gen_Alg_10_8_2_Colorado2025-greenBox_x004608_y000512
Unknown_Sample,20260226_279_Gen_Alg_10_8_2_Colorado2025-greenBox.czi,Gen_alg,473.28,4618.0,1135.0,24,31,97.8,0.893,20260226_279_Gen_Alg_10_8_2_Colorado2025-greenBox_x004608_y000512
Unknown_Sample,20260226_279_Gen_Alg_10_8_2_Colorado2025-greenBox.czi,Gen_alg,718.76,5133.0,967.0,30,37,117.11,0.96,20260226_279_Gen_Alg_10_8_2_Colorado2025-greenBox_x005120_y000512
Unknown_Sample,20260226_279_Gen_Alg_10_8_2_Colorado2025-greenBox.czi,Gen_alg,521.37,5200.0,1075.0,28,30,97.36,0.951,20260226_279_Gen_Alg_10_8_2_Colorado2025-greenBox_x005120_y000512
Unknown_Sample,20260226_279_Gen_Alg_10_8_2_Colorado2025-greenBox.czi,Gen_alg,622.18,5168.0,960.0,32,31,105.01,0.948,20260226_279_Gen_Alg_10_8_2_Colorado2025-greenBox_x005120_y000512
Unknown_Sample,20260226_279_Gen_Alg_10_8_2_Colorado2025-greenBox.czi,Gen_alg,632.96,5488.0,650.0,33,31,107.01,0.947,20260226_279_Gen_Alg_10_8_2_Colorado2025-greenBox_x005120_y000512
Unknown_Sample,20260226_279_Gen_Alg_10_8_2_Colorado2025-greenBox.czi,Gen_alg,880.75,5226.0,848.0,38,39,128.33,0.945,20260226_279_Gen_Alg_10_8_2_Colorado2025-greenBox_x005120_y000512
Unknown_Sample,20260226_279_Gen_Alg_10_8_2_Colorado2025-greenBox.czi,Gen_alg,986.18,5674.0,739.0,41,39,134.33,0.941,20260226_279_Gen_Alg_10_8_2_Colorado2025-greenBox_x005120_y000512
Unknown_Sample,20260226_279_Gen_Alg_10_8_2_Colorado2025-greenBox.czi,Gen_alg,638.73,5352.0,1140.0,41,26,117.11,0.927,20260226_279_Gen_Alg_10_8_2_Colorado2025-greenBox_x005120_y000512
Unknown_Sample,20260226_279_Gen_Alg_10_8_2_Colorado2025-greenBox.czi,Gen_alg,964.25,5955.0,767.0,39,40,131.74,0.951,20260226_279_Gen_Alg_10_8_2_Colorado2025-greenBox_x005632_y000512
Unknown_Sample,20260226_279_Gen_Alg_10_8_2_Colorado2025-greenBox.czi,Gen_alg,818.04,6139.0,905.0,35,38,122.08,0.949,20260226_279_Gen_Alg_10_8_2_Colorado2025-greenBox_x005632_y000512
Unknown_Sample,20260226_279_Gen_Alg_10_8_2_Colorado2025-greenBox.czi,Gen_alg,720.69,5956.0,821.0,34,34,115.01,0.944,20260226_279_Gen_Alg_10_8_2_Colorado2025-greenBox_x005632_y000512
Unknown_Sample,20260226_279_Gen_Alg_10_8_2_Colorado2025-greenBox.czi,Gen_alg,980.8,5674.0,739.0,41,39,133.15,0.941,20260226_279_Gen_Alg_10_8_2_Colorado2025-greenBox_x005632_y000512
Unknown_Sample,20260226_279_Gen_Alg_10_8_2_Colorado2025-greenBox.czi,Gen_alg,658.74,6459.0,923.0,33,33,109.25,0.963,20260226_279_Gen_Alg_10_8_2_Colorado2025-greenBox_x006144_y000512
Unknown_Sample,20260226_279_Gen_Alg_10_8_2_Colorado2025-greenBox.czi,Gen_alg,809.57,6493.0,1062.0,35,37,121.25,0.959,20260226_279_Gen_Alg_10_8_2_Colorado2025-greenBox_x006144_y000512
Unknown_Sample,20260226_279_Gen_Alg_10_8_2_Colorado2025-greenBox.czi,Gen_alg,529.07,6398.0,863.0,29,30,98.18,0.946,20260226_279_Gen_Alg_10_8_2_Colorado2025-greenBox_x006144_y000512
Unknown_Sample,20260226_279_Gen_Alg_10_8_2_Colorado2025-greenBox.czi,Gen_alg,268.57,6149.0,906.0,14,35,84.63,0.919,20260226_279_Gen_Alg_10_8_2_Colorado2025-greenBox_x006144_y000512
Unknown_Sample,20260226_279_Gen_Alg_10_8_2_Colorado2025-greenBox.czi,Gen_alg,779.56,7093.0,827.0,37,34,119.25,0.953,20260226_279_Gen_Alg_10_8_2_Colorado2025-greenBox_x006656_y000512
Unknown_Sample,20260226_279_Gen_Alg_10_8_2_Colorado2025-greenBox.czi,Gen_alg,501.36,7228.0,1114.0,32,26,96.18,0.928,20260226_279_Gen_Alg_10_8_2_Colorado2025-greenBox_x006656_y000512
Unknown_Sample,20260226_279_Gen_Alg_10_8_2_Colorado2025-greenBox.czi,Gen_alg,502.52,7228.0,1114.0,32,26,95.6,0.925,20260226_279_Gen_Alg_10_8_2_Colorado2025-greenBox_x007168_y000512
Unknown_Sample,20260226_279_Gen_Alg_10_8_2_Colorado2025-greenBox.czi,Gen_alg,422.87,7590.0,1104.0,26,27,88.53,0.912,20260226_279_Gen_Alg_10_8_2_Colorado2025-greenBox_x007168_y000512
Unknown_Sample,20260226_279_Gen_Alg_10_8_2_Colorado2025-greenBox.czi,Gen_alg,403.63,7732.0,1136.0,26,26,87.7,0.9,20260226_279_Gen_Alg_10_8_2_Colorado2025-greenBox_x007168_y000512
Unknown_Sample,20260226_279_Gen_Alg_10_8_2_Colorado2025-greenBox.czi,Gen_alg,807.65,8222.0,921.0,39,34,121.5,0.955,20260226_279_Gen_Alg_10_8_2_Colorado2025-greenBox_x007680_y000512
Unknown_Sample,20260226_279_Gen_Alg_10_8_2_Colorado2025-greenBox.czi,Gen_alg,404.02,7732.0,1136.0,26,26,87.11,0.904,20260226_279_Gen_Alg_10_8_2_Colorado2025-greenBox_x007680_y000512
Unknown_Sample,20260226_279_Gen_Alg_10_8_2_Colorado2025-greenBox.czi,Gen_alg,557.93,8105.0,657.0,30,30,100.77,0.613,20260226_279_Gen_Alg_10_8_2_Colorado2025-greenBox_x007680_y000512
Unknown_Sample,20260226_279_Gen_Alg_10_8_2_Colorado2025-greenBox.czi,Gen_alg,643.35,8495.0,1102.0,33,32,108.43,0.953,20260226_279_Gen_Alg_10_8_2_Colorado2025-greenBox_x008192_y000512
Unknown_Sample,20260226_279_Gen_Alg_10_8_2_Colorado2025-greenBox.czi,Gen_alg,828.42,8221.0,921.0,39,35,122.33,0.953,20260226_279_Gen_Alg_10_8_2_Colorado2025-greenBox_x008192_y000512
Unknown_Sample,20260226_279_Gen_Alg_10_8_2_Colorado2025-greenBox.czi,Gen_alg,547.15,8495.0,966.0,30,30,99.6,0.952,20260226_279_Gen_Alg_10_8_2_Colorado2025-greenBox_x008192_y000512
Unknown_Sample,20260226_279_Gen_Alg_10_8_2_Colorado2025-greenBox.czi,Gen_alg,763.78,8399.0,527.0,37,34,119.84,0.906,20260226_279_Gen_Alg_10_8_2_Colorado2025-greenBox_x008192_y000512
Unknown_Sample,20260226_279_Gen_Alg_10_8_2_Colorado2025-greenBox.czi,Gen_alg,786.87,9159.0,603.0,37,36,120.33,0.952,20260226_279_Gen_Alg_10_8_2_Colorado2025-greenBox_x008704_y000512
Unknown_Sample,20260226_279_Gen_Alg_10_8_2_Colorado2025-greenBox.czi,Gen_alg,842.28,9170.0,680.0,38,37,123.15,0.95,20260226_279_Gen_Alg_10_8_2_Colorado2025-greenBox_x008704_y000512
Unknown_Sample,20260226_279_Gen_Alg_10_8_2_Colorado2025-greenBox.czi,Gen_alg,828.81,9023.0,783.0,38,36,122.91,0.949,20260226_279_Gen_Alg_10_8_2_Colorado2025-greenBox_x008704_y000512
Unknown_Sample,20260226_279_Gen_Alg_10_8_2_Colorado2025-greenBox.czi,Gen_alg,619.11,9191.0,639.0,32,32,107.01,0.947,20260226_279_Gen_Alg_10_8_2_Colorado2025-greenBox_x008704_y000512
Unknown_Sample,20260226_279_Gen_Alg_10_8_2_Colorado2025-greenBox.czi,Gen_alg,662.97,9470.0,930.0,33,32,109.01,0.95,20260226_279_Gen_Alg_10_8_2_Colorado2025-greenBox_x009216_y000512
Unknown_Sample,20260226_279_Gen_Alg_10_8_2_Colorado2025-greenBox.czi,Gen_alg,606.79,9632.0,1066.0,32,31,105.01,0.95,20260226_279_Gen_Alg_10_8_2_Colorado2025-greenBox_x009216_y000512
Unknown_Sample,20260226_279_Gen_Alg_10_8_2_Colorado2025-greenBox.czi,Gen_alg,644.12,9493.0,967.0,33,32,107.25,0.946,20260226_279_Gen_Alg_10_8_2_Colorado2025-greenBox_x009216_y000512
Unknown_Sample,20260226_279_Gen_Alg_10_8_2_Colorado2025-greenBox.czi,Gen_alg,793.02,9502.0,528.0,37,36,121.5,0.933,20260226_279_Gen_Alg_10_8_2_Colorado2025-greenBox_x009216_y000512
Unknown_Sample,20260226_279_Gen_Alg_10_8_2_Colorado2025-greenBox.czi,Gen_alg,725.69,9542.0,553.0,35,35,114.91,0.93,20260226_279_Gen_Alg_10_8_2_Colorado2025-greenBox_x009216_y000512
Unknown_Sample,20260226_279_Gen_Alg_10_8_2_Colorado2025-greenBox.czi,Gen_alg,749.93,9590.0,576.0,37,36,120.33,0.878,20260226_279_Gen_Alg_10_8_2_Colorado2025-greenBox_x009216_y000512
Unknown_Sample,20260226_279_Gen_Alg_10_8_2_Colorado2025-greenBox.czi,Gen_alg,685.29,10308.0,1076.0,33,34,111.84,0.959,20260226_279_Gen_Alg_10_8_2_Colorado2025-greenBox_x009728_y000512
Unknown_Sample,20260226_279_Gen_Alg_10_8_2_Colorado2025-greenBox.czi,Gen_alg,619.88,10323.0,627.0,31,32,106.18,0.952,20260226_279_Gen_Alg_10_8_2_Colorado2025-greenBox_x009728_y000512
Unknown_Sample,20260226_279_Gen_Alg_10_8_2_Colorado2025-greenBox.czi,Gen_alg,736.08,10350.0,1089.0,34,35,115.84,0.951,20260226_279_Gen_Alg_10_8_2_Colorado2025-greenBox_x009728_y000512
Unknown_Sample,20260226_279_Gen_Alg_10_8_2_Colorado2025-greenBox.czi,Gen_alg,799.95,10043.0,813.0,35,37,120.67,0.951,20260226_279_Gen_Alg_10_8_2_Colorado2025-greenBox_x009728_y000512
Unknown_Sample,20260226_279_Gen_Alg_10_8_2_Colorado2025-greenBox.czi,Gen_alg,571.39,10355.0,593.0,26,35,108.04,0.924,20260226_279_Gen_Alg_10_8_2_Colorado2025-greenBox_x009728_y000512
Unknown_Sample,20260226_279_Gen_Alg_10_8_2_Colorado2025-greenBox.czi,Gen_alg,331.68,10360.0,553.0,16,34,87.8,0.886,20260226_279_Gen_Alg_10_8_2_Colorado2025-greenBox_x009728_y000512
Unknown_Sample,20260226_279_Gen_Alg_10_8_2_Colorado2025-greenBox.czi,Gen_alg,163.15,10283.0,962.0,15,18,54.97,0.652,20260226_279_Gen_Alg_10_8_2_Colorado2025-greenBox_x009728_y000512
Unknown_Sample,20260226_279_Gen_Alg_10_8_2_Colorado2025-greenBox.czi,Gen_alg,748.01,10350.0,1089.0,35,35,114.91,0.957,20260226_279_Gen_Alg_10_8_2_Colorado2025-greenBox_x010240_y000512
Unknown_Sample,20260226_279_Gen_Alg_10_8_2_Colorado2025-greenBox.czi,Gen_alg,699.52,10308.0,1076.0,33,35,113.25,0.957,20260226_279_Gen_Alg_10_8_2_Colorado2025-greenBox_x010240_y000512
Unknown_Sample,20260226_279_Gen_Alg_10_8_2_Colorado2025-greenBox.czi,Gen_alg,705.68,10762.0,1074.0,32,35,113.6,0.953,20260226_279_Gen_Alg_10_8_2_Colorado2025-greenBox_x010240_y000512
Unknown_Sample,20260226_279_Gen_Alg_10_8_2_Colorado2025-greenBox.czi,Gen_alg,646.42,10323.0,627.0,33,32,107.25,0.953,20260226_279_Gen_Alg_10_8_2_Colorado2025-greenBox_x010240_y000512
Unknown_Sample,20260226_279_Gen_Alg_10_8_2_Colorado2025-greenBox.czi,Gen_alg,788.02,10360.0,593.0,37,35,118.91,0.95,20260226_279_Gen_Alg_10_8_2_Colorado2025-greenBox_x010240_y000512
Unknown_Sample,20260226_279_Gen_Alg_10_8_2_Colorado2025-greenBox.czi,Gen_alg,818.04,10458.0,880.0,37,38,122.57,0.948,20260226_279_Gen_Alg_10_8_2_Colorado2025-greenBox_x010240_y000512
Unknown_Sample,20260226_279_Gen_Alg_10_8_2_Colorado2025-greenBox.czi,Gen_alg,774.17,10369.0,553.0,36,35,118.08,0.947,20260226_279_Gen_Alg_10_8_2_Colorado2025-greenBox_x010240_y000512
Unknown_Sample,20260226_279_Gen_Alg_10_8_2_Colorado2025-greenBox.czi,Gen_alg,474.43,10440.0,520.0,38,21,102.87,0.934,20260226_279_Gen_Alg_10_8_2_Colorado2025-greenBox_x010240_y000512
Unknown_Sample,20260226_279_Gen_Alg_10_8_2_Colorado2025-greenBox.czi,Gen_alg,163.15,10283.0,962.0,15,18,54.97,0.7,20260226_279_Gen_Alg_10_8_2_Colorado2025-greenBox_x010240_y000512
Unknown_Sample,20260226_279_Gen_Alg_10_8_2_Colorado2025-greenBox.czi,Gen_alg,616.03,10764.0,1073.0,27,35,108.87,0.956,20260226_279_Gen_Alg_10_8_2_Colorado2025-greenBox_x010752_y000512
Unknown_Sample,20260226_279_Gen_Alg_10_8_2_Colorado2025-greenBox.czi,Gen_alg,831.5,11230.0,812.0,39,35,123.5,0.954,20260226_279_Gen_Alg_10_8_2_Colorado2025-greenBox_x010752_y000512
Unknown_Sample,20260226_279_Gen_Alg_10_8_2_Colorado2025-greenBox.czi,Gen_alg,667.97,11209.0,857.0,34,32,109.25,0.953,20260226_279_Gen_Alg_10_8_2_Colorado2025-greenBox_x010752_y000512
Unknown_Sample,20260226_279_Gen_Alg_10_8_2_Colorado2025-greenBox.czi,Gen_alg,1023.12,11273.0,634.0,43,40,136.81,0.951,20260226_279_Gen_Alg_10_8_2_Colorado2025-greenBox_x010752_y000512
Unknown_Sample,20260226_279_Gen_Alg_10_8_2_Colorado2025-greenBox.czi,Gen_alg,302.05,11341.0,537.0,26,20,76.87,0.881,20260226_279_Gen_Alg_10_8_2_Colorado2025-greenBox_x010752_y000512
Unknown_Sample,20260226_279_Gen_Alg_10_8_2_Colorado2025-greenBox.czi,Gen_alg,298.2,11338.0,519.0,26,19,79.56,0.769,20260226_279_Gen_Alg_10_8_2_Colorado2025-greenBox_x010752_y000512
Unknown_Sample,20260226_279_Gen_Alg_10_8_2_Colorado2025-greenBox.czi,Gen_alg,786.87,11277.0,634.0,31,40,124.53,0.951,20260226_279_Gen_Alg_10_8_2_Colorado2025-greenBox_x011264_y000512
Unknown_Sample,20260226_279_Gen_Alg_10_8_2_Colorado2025-greenBox.czi,Gen_alg,849.59,11478.0,589.0,37,37,122.91,0.95,20260226_279_Gen_Alg_10_8_2_Colorado2025-greenBox_x011264_y000512
Unknown_Sample,20260226_279_Gen_Alg_10_8_2_Colorado2025-greenBox.czi,Gen_alg,541.38,11639.0,904.0,29,30,99.36,0.95,20260226_279_Gen_Alg_10_8_2_Colorado2025-greenBox_x011264_y000512
Unknown_Sample,20260226_279_Gen_Alg_10_8_2_Colorado2025-greenBox.czi,Gen_alg,750.7,11826.0,899.0,35,35,116.67,0.948,20260226_279_Gen_Alg_10_8_2_Colorado2025-greenBox_x011264_y000512
Unknown_Sample,20260226_279_Gen_Alg_10_8_2_Colorado2025-greenBox.czi,Gen_alg,604.87,11783.0,872.0,32,32,105.25,0.947,20260226_279_Gen_Alg_10_8_2_Colorado2025-greenBox_x011264_y000512
Unknown_Sample,20260226_279_Gen_Alg_10_8_2_Colorado2025-greenBox.czi,Gen_alg,542.15,11890.0,797.0,27,31,102.04,0.924,20260226_279_Gen_Alg_10_8_2_Colorado2025-greenBox_x011264_y000512
Unknown_Sample,20260226_279_Gen_Alg_10_8_2_Colorado2025-greenBox.czi,Gen_alg,302.82,11342.0,537.0,26,20,76.87,0.882,20260226_279_Gen_Alg_10_8_2_Colorado2025-greenBox_x011264_y000512
Unknown_Sample,20260226_279_Gen_Alg_10_8_2_Colorado2025-greenBox.czi,Gen_alg,301.28,11338.0,519.0,26,19,79.56,0.785,20260226_279_Gen_Alg_10_8_2_Colorado2025-greenBox_x011264_y000512
Unknown_Sample,20260226_279_Gen_Alg_10_8_2_Colorado2025-greenBox.czi,Gen_alg,576.78,11999.0,1073.0,31,30,103.36,0.95,20260226_279_Gen_Alg_10_8_2_Colorado2025-greenBox_x011776_y000512
Unknown_Sample,20260226_279_Gen_Alg_10_8_2_Colorado2025-greenBox.czi,Gen_alg,482.89,11786.0,872.0,24,32,98.04,0.948,20260226_279_Gen_Alg_10_8_2_Colorado2025-greenBox_x011776_y000512
Unknown_Sample,20260226_279_Gen_Alg_10_8_2_Colorado2025-greenBox.czi,Gen_alg,616.03,12399.0,873.0,30,33,106.18,0.947,20260226_279_Gen_Alg_10_8_2_Colorado2025-greenBox_x011776_y000512
Unknown_Sample,20260226_279_Gen_Alg_10_8_2_Colorado2025-greenBox.czi,Gen_alg,613.72,11891.0,797.0,31,33,105.84,0.945,20260226_279_Gen_Alg_10_8_2_Colorado2025-greenBox_x011776_y000512
Unknown_Sample,20260226_279_Gen_Alg_10_8_2_Colorado2025-greenBox.czi,Gen_alg,755.7,11826.0,899.0,35,35,117.25,0.945,20260226_279_Gen_Alg_10_8_2_Colorado2025-greenBox_x011776_y000512
Unknown_Sample,20260226_279_Gen_Alg_10_8_2_Colorado2025-greenBox.czi,Gen_alg,721.46,12272.0,880.0,35,34,114.67,0.94,20260226_279_Gen_Alg_10_8_2_Colorado2025-greenBox_x011776_y000512
Unknown_Sample,20260226_279_Gen_Alg_10_8_2_Colorado2025-greenBox.czi,Gen_alg,506.75,12053.0,733.0,31,27,96.18,0.704,20260226_279_Gen_Alg_10_8_2_Colorado2025-greenBox_x011776_y000512
Unknown_Sample,20260226_279_Gen_Alg_10_8_2_Colorado2025-greenBox.czi,Gen_alg,604.87,12399.0,873.0,30,33,104.43,0.955,20260226_279_Gen_Alg_10_8_2_Colorado2025-greenBox_x012288_y000512
Unknown_Sample,20260226_279_Gen_Alg_10_8_2_Colorado2025-greenBox.czi,Gen_alg,787.64,12736.0,625.0,37,35,118.33,0.948,20260226_279_Gen_Alg_10_8_2_Colorado2025-greenBox_x012288_y000512
Unknown_Sample,20260226_279_Gen_Alg_10_8_2_Colorado2025-greenBox.czi,Gen_alg,848.82,12752.0,835.0,37,38,122.57,0.944,20260226_279_Gen_Alg_10_8_2_Colorado2025-greenBox_x012288_y000512
Unknown_Sample,20260226_279_Gen_Alg_10_8_2_Colorado2025-greenBox.czi,Gen_alg,959.63,12946.0,968.0,40,39,131.74,0.959,20260226_279_Gen_Alg_10_8_2_Colorado2025-greenBox_x012800_y000512
Unknown_Sample,20260226_279_Gen_Alg_10_8_2_Colorado2025-greenBox.czi,Gen_alg,763.78,13381.0,581.0,35,35,116.67,0.955,20260226_279_Gen_Alg_10_8_2_Colorado2025-greenBox_x012800_y000512
Unknown_Sample,20260226_279_Gen_Alg_10_8_2_Colorado2025-greenBox.czi,Gen_alg,553.69,13337.0,793.0,30,30,101.36,0.946,20260226_279_Gen_Alg_10_8_2_Colorado2025-greenBox_x012800_y000512
Unknown_Sample,20260226_279_Gen_Alg_10_8_2_Colorado2025-greenBox.czi,Gen_alg,751.85,13184.0,530.0,35,35,116.08,0.943,20260226_279_Gen_Alg_10_8_2_Colorado2025-greenBox_x012800_y000512
Unknown_Sample,20260226_279_Gen_Alg_10_8_2_Colorado2025-greenBox.czi,Gen_alg,742.23,13007.0,744.0,35,34,115.84,0.941,20260226_279_Gen_Alg_10_8_2_Colorado2025-greenBox_x012800_y000512
Unknown_Sample,20260226_279_Gen_Alg_10_8_2_Colorado2025-greenBox.czi,Gen_alg,794.18,13424.0,589.0,31,39,124.28,0.923,20260226_279_Gen_Alg_10_8_2_Colorado2025-greenBox_x012800_y000512
Unknown_Sample,20260226_279_Gen_Alg_10_8_2_Colorado2025-greenBox.czi,Gen_alg,774.94,13922.0,969.0,36,36,118.91,0.961,20260226_279_Gen_Alg_10_8_2_Colorado2025-greenBox_x013312_y000512
Unknown_Sample,20260226_279_Gen_Alg_10_8_2_Colorado2025-greenBox.czi,Gen_alg,651.04,13466.0,527.0,32,32,108.77,0.955,20260226_279_Gen_Alg_10_8_2_Colorado2025-greenBox_x013312_y000512
Unknown_Sample,20260226_279_Gen_Alg_10_8_2_Colorado2025-greenBox.czi,Gen_alg,764.94,13381.0,581.0,35,35,117.25,0.954,20260226_279_Gen_Alg_10_8_2_Colorado2025-greenBox_x013312_y000512
Unknown_Sample,20260226_279_Gen_Alg_10_8_2_Colorado2025-greenBox.czi,Gen_alg,911.54,13427.0,589.0,38,39,128.33,0.943,20260226_279_Gen_Alg_10_8_2_Colorado2025-greenBox_x013312_y000512
Unknown_Sample,20260226_279_Gen_Alg_10_8_2_Colorado2025-greenBox.czi,Gen_alg,576.4,13337.0,793.0,31,31,103.6,0.94,20260226_279_Gen_Alg_10_8_2_Colorado2025-greenBox_x013312_y000512
Unknown_Sample,20260226_279_Gen_Alg_10_8_2_Colorado2025-greenBox.czi,Gen_alg,777.25,13922.0,969.0,36,36,118.91,0.961,20260226_279_Gen_Alg_10_8_2_Colorado2025-greenBox_x013824_y000512
Unknown_Sample,20260226_279_Gen_Alg_10_8_2_Colorado2025-greenBox.czi,Gen_alg,716.07,14082.0,722.0,34,34,115.01,0.952,20260226_279_Gen_Alg_10_8_2_Colorado2025-greenBox_x013824_y000512
Unknown_Sample,20260226_279_Gen_Alg_10_8_2_Colorado2025-greenBox.czi,Gen_alg,395.55,14184.0,706.0,23,28,86.28,0.936,20260226_279_Gen_Alg_10_8_2_Colorado2025-greenBox_x013824_y000512
Unknown_Sample,20260226_279_Gen_Alg_10_8_2_Colorado2025-greenBox.czi,Gen_alg,636.81,14855.0,1067.0,32,33,106.67,0.963,20260226_279_Gen_Alg_10_8_2_Colorado2025-greenBox_x014336_y000512
Unknown_Sample,20260226_279_Gen_Alg_10_8_2_Colorado2025-greenBox.czi,Gen_alg,608.33,14952.0,972.0,31,32,106.18,0.961,20260226_279_Gen_Alg_10_8_2_Colorado2025-greenBox_x014336_y000512
Unknown_Sample,20260226_279_Gen_Alg_10_8_2_Colorado2025-greenBox.czi,Gen_alg,468.27,14964.0,534.0,22,33,98.38,0.742,20260226_279_Gen_Alg_10_8_2_Colorado2025-greenBox_x014336_y000512
Unknown_Sample,20260226_279_Gen_Alg_10_8_2_Colorado2025-greenBox.czi,Gen_alg,513.68,14858.0,1066.0,24,33,100.04,0.962,20260226_279_Gen_Alg_10_8_2_Colorado2025-greenBox_x014848_y000512
Unknown_Sample,20260226_279_Gen_Alg_10_8_2_Colorado2025-greenBox.czi,Gen_alg,608.33,14952.0,972.0,31,32,106.18,0.962,20260226_279_Gen_Alg_10_8_2_Colorado2025-greenBox_x014848_y000512
Unknown_Sample,20260226_279_Gen_Alg_10_8_2_Colorado2025-greenBox.czi,Gen_alg,591.79,15096.0,967.0,31,31,102.43,0.959,20260226_279_Gen_Alg_10_8_2_Colorado2025-greenBox_x014848_y000512
Unknown_Sample,20260226_279_Gen_Alg_10_8_2_Colorado2025-greenBox.czi,Gen_alg,676.82,15192.0,1111.0,32,35,110.67,0.958,20260226_279_Gen_Alg_10_8_2_Colorado2025-greenBox_x014848_y000512
Unknown_Sample,20260226_279_Gen_Alg_10_8_2_Colorado2025-greenBox.czi,Gen_alg,500.98,15153.0,970.0,28,30,95.6,0.955,20260226_279_Gen_Alg_10_8_2_Colorado2025-greenBox_x014848_y000512
Unknown_Sample,20260226_279_Gen_Alg_10_8_2_Colorado2025-greenBox.czi,Gen_alg,575.63,15249.0,653.0,31,30,103.94,0.945,20260226_279_Gen_Alg_10_8_2_Colorado2025-greenBox_x014848_y000512
Unknown_Sample,20260226_279_Gen_Alg_10_8_2_Colorado2025-greenBox.czi,Gen_alg,859.21,15844.0,651.0,38,37,124.33,0.954,20260226_279_Gen_Alg_10_8_2_Colorado2025-greenBox_x015360_y000512
Unknown_Sample,20260226_279_Gen_Alg_10_8_2_Colorado2025-greenBox.czi,Gen_alg,601.02,15628.0,709.0,32,31,105.6,0.948,20260226_279_Gen_Alg_10_8_2_Colorado2025-greenBox_x015360_y000512
Unknown_Sample,20260226_279_Gen_Alg_10_8_2_Colorado2025-greenBox.czi,Gen_alg,818.8,16793.0,948.0,35,39,121.74,0.95,20260226_279_Gen_Alg_10_8_2_Colorado2025-greenBox_x016384_y000512
Unknown_Sample,20260226_279_Gen_Alg_10_8_2_Colorado2025-greenBox.czi,Gen_alg,810.72,1006.0,1562.0,36,36,120.67,0.957,20260226_279_Gen_Alg_10_8_2_Colorado2025-greenBox_x000512_y001024
Unknown_Sample,20260226_279_Gen_Alg_10_8_2_Colorado2025-greenBox.czi,Gen_alg,348.61,915.0,1429.0,26,22,80.28,0.939,20260226_279_Gen_Alg_10_8_2_Colorado2025-greenBox_x000512_y001024
Unknown_Sample,20260226_279_Gen_Alg_10_8_2_Colorado2025-greenBox.czi,Gen_alg,811.88,1248.0,1645.0,36,36,123.6,0.949,20260226_279_Gen_Alg_10_8_2_Colorado2025-greenBox_x001024_y001024
Unknown_Sample,20260226_279_Gen_Alg_10_8_2_Colorado2025-greenBox.czi,Gen_alg,515.6,1901.0,1247.0,29,29,96.77,0.946,20260226_279_Gen_Alg_10_8_2_Colorado2025-greenBox_x001536_y001024
Unknown_Sample,20260226_279_Gen_Alg_10_8_2_Colorado2025-greenBox.czi,Gen_alg,466.73,1807.0,1363.0,27,28,92.53,0.945,20260226_279_Gen_Alg_10_8_2_Colorado2025-greenBox_x001536_y001024
Unknown_Sample,20260226_279_Gen_Alg_10_8_2_Colorado2025-greenBox.czi,Gen_alg,369.0,2412.0,1204.0,29,21,83.7,0.947,20260226_279_Gen_Alg_10_8_2_Colorado2025-greenBox_x002048_y001024
Unknown_Sample,20260226_279_Gen_Alg_10_8_2_Colorado2025-greenBox.czi,Gen_alg,392.09,2433.0,1235.0,26,26,86.53,0.945,20260226_279_Gen_Alg_10_8_2_Colorado2025-greenBox_x002048_y001024
Unknown_Sample,20260226_279_Gen_Alg_10_8_2_Colorado2025-greenBox.czi,Gen_alg,475.58,2192.0,1310.0,27,31,95.6,0.945,20260226_279_Gen_Alg_10_8_2_Colorado2025-greenBox_x002048_y001024
Unknown_Sample,20260226_279_Gen_Alg_10_8_2_Colorado2025-greenBox.czi,Gen_alg,551.77,2891.0,1541.0,31,30,100.43,0.956,20260226_279_Gen_Alg_10_8_2_Colorado2025-greenBox_x002560_y001024
Unknown_Sample,20260226_279_Gen_Alg_10_8_2_Colorado2025-greenBox.czi,Gen_alg,579.47,3051.0,1361.0,30,32,102.43,0.954,20260226_279_Gen_Alg_10_8_2_Colorado2025-greenBox_x002560_y001024
Unknown_Sample,20260226_279_Gen_Alg_10_8_2_Colorado2025-greenBox.czi,Gen_alg,570.24,3220.0,1398.0,30,31,101.6,0.96,20260226_279_Gen_Alg_10_8_2_Colorado2025-greenBox_x003072_y001024
Unknown_Sample,20260226_279_Gen_Alg_10_8_2_Colorado2025-greenBox.czi,Gen_alg,830.35,3513.0,1271.0,38,36,122.91,0.958,20260226_279_Gen_Alg_10_8_2_Colorado2025-greenBox_x003072_y001024
Unknown_Sample,20260226_279_Gen_Alg_10_8_2_Colorado2025-greenBox.czi,Gen_alg,824.96,3853.0,1206.0,36,37,122.08,0.966,20260226_279_Gen_Alg_10_8_2_Colorado2025-greenBox_x003584_y001024
Unknown_Sample,20260226_279_Gen_Alg_10_8_2_Colorado2025-greenBox.czi,Gen_alg,814.96,3766.0,1291.0,37,36,122.08,0.964,20260226_279_Gen_Alg_10_8_2_Colorado2025-greenBox_x003584_y001024
Unknown_Sample,20260226_279_Gen_Alg_10_8_2_Colorado2025-greenBox.czi,Gen_alg,742.23,3728.0,1274.0,36,35,117.5,0.962,20260226_279_Gen_Alg_10_8_2_Colorado2025-greenBox_x003584_y001024
Unknown_Sample,20260226_279_Gen_Alg_10_8_2_Colorado2025-greenBox.czi,Gen_alg,800.72,3802.0,1342.0,36,37,121.5,0.961,20260226_279_Gen_Alg_10_8_2_Colorado2025-greenBox_x003584_y001024
Unknown_Sample,20260226_279_Gen_Alg_10_8_2_Colorado2025-greenBox.czi,Gen_alg,616.03,4588.0,1516.0,32,32,105.84,0.963,20260226_279_Gen_Alg_10_8_2_Colorado2025-greenBox_x004096_y001024
Unknown_Sample,20260226_279_Gen_Alg_10_8_2_Colorado2025-greenBox.czi,Gen_alg,699.14,4670.0,1473.0,35,33,112.67,0.961,20260226_279_Gen_Alg_10_8_2_Colorado2025-greenBox_x004096_y001024
Unknown_Sample,20260226_279_Gen_Alg_10_8_2_Colorado2025-greenBox.czi,Gen_alg,653.35,4509.0,1326.0,32,33,109.6,0.961,20260226_279_Gen_Alg_10_8_2_Colorado2025-greenBox_x004096_y001024
Unknown_Sample,20260226_279_Gen_Alg_10_8_2_Colorado2025-greenBox.czi,Gen_alg,558.31,4467.0,1330.0,31,30,102.18,0.958,20260226_279_Gen_Alg_10_8_2_Colorado2025-greenBox_x004096_y001024
Unknown_Sample,20260226_279_Gen_Alg_10_8_2_Colorado2025-greenBox.czi,Gen_alg,642.19,4309.0,1552.0,32,33,107.84,0.957,20260226_279_Gen_Alg_10_8_2_Colorado2025-greenBox_x004096_y001024
Unknown_Sample,20260226_279_Gen_Alg_10_8_2_Colorado2025-greenBox.czi,Gen_alg,701.06,4613.0,1135.0,36,33,114.08,0.937,20260226_279_Gen_Alg_10_8_2_Colorado2025-greenBox_x004096_y001024
Unknown_Sample,20260226_279_Gen_Alg_10_8_2_Colorado2025-greenBox.czi,Gen_alg,730.69,5182.0,1633.0,34,35,114.67,0.965,20260226_279_Gen_Alg_10_8_2_Colorado2025-greenBox_x004608_y001024
Unknown_Sample,20260226_279_Gen_Alg_10_8_2_Colorado2025-greenBox.czi,Gen_alg,775.71,5217.0,1521.0,36,35,118.08,0.965,20260226_279_Gen_Alg_10_8_2_Colorado2025-greenBox_x004608_y001024
Unknown_Sample,20260226_279_Gen_Alg_10_8_2_Colorado2025-greenBox.czi,Gen_alg,878.83,4943.0,1595.0,38,39,126.57,0.963,20260226_279_Gen_Alg_10_8_2_Colorado2025-greenBox_x004608_y001024
Unknown_Sample,20260226_279_Gen_Alg_10_8_2_Colorado2025-greenBox.czi,Gen_alg,699.91,4670.0,1473.0,35,33,112.67,0.96,20260226_279_Gen_Alg_10_8_2_Colorado2025-greenBox_x004608_y001024
Unknown_Sample,20260226_279_Gen_Alg_10_8_2_Colorado2025-greenBox.czi,Gen_alg,558.31,4757.0,1362.0,31,30,101.01,0.96,20260226_279_Gen_Alg_10_8_2_Colorado2025-greenBox_x004608_y001024
Unknown_Sample,20260226_279_Gen_Alg_10_8_2_Colorado2025-greenBox.czi,Gen_alg,390.55,4899.0,1032.0,32,20,91.21,0.96,20260226_279_Gen_Alg_10_8_2_Colorado2025-greenBox_x004608_y001024
Unknown_Sample,20260226_279_Gen_Alg_10_8_2_Colorado2025-greenBox.czi,Gen_alg,734.15,5098.0,1297.0,35,34,116.43,0.959,20260226_279_Gen_Alg_10_8_2_Colorado2025-greenBox_x004608_y001024
Unknown_Sample,20260226_279_Gen_Alg_10_8_2_Colorado2025-greenBox.czi,Gen_alg,511.37,5200.0,1075.0,28,30,97.36,0.956,20260226_279_Gen_Alg_10_8_2_Colorado2025-greenBox_x004608_y001024
Unknown_Sample,20260226_279_Gen_Alg_10_8_2_Colorado2025-greenBox.czi,Gen_alg,617.18,4785.0,1034.0,41,25,115.11,0.939,20260226_279_Gen_Alg_10_8_2_Colorado2025-greenBox_x004608_y001024
Unknown_Sample,20260226_279_Gen_Alg_10_8_2_Colorado2025-greenBox.czi,Gen_alg,479.82,4618.0,1136.0,24,32,98.04,0.937,20260226_279_Gen_Alg_10_8_2_Colorado2025-greenBox_x004608_y001024
Unknown_Sample,20260226_279_Gen_Alg_10_8_2_Colorado2025-greenBox.czi,Gen_alg,200.08,5013.0,1028.0,33,11,76.97,0.932,20260226_279_Gen_Alg_10_8_2_Colorado2025-greenBox_x004608_y001024
Unknown_Sample,20260226_279_Gen_Alg_10_8_2_Colorado2025-greenBox.czi,Gen_alg,775.71,5217.0,1521.0,36,35,118.08,0.965,20260226_279_Gen_Alg_10_8_2_Colorado2025-greenBox_x005120_y001024
Unknown_Sample,20260226_279_Gen_Alg_10_8_2_Colorado2025-greenBox.czi,Gen_alg,730.69,5182.0,1633.0,34,35,114.67,0.964,20260226_279_Gen_Alg_10_8_2_Colorado2025-greenBox_x005120_y001024
Unknown_Sample,20260226_279_Gen_Alg_10_8_2_Colorado2025-greenBox.czi,Gen_alg,835.35,5507.0,1571.0,36,38,123.5,0.96,20260226_279_Gen_Alg_10_8_2_Colorado2025-greenBox_x005120_y001024
Unknown_Sample,20260226_279_Gen_Alg_10_8_2_Colorado2025-greenBox.czi,Gen_alg,1137.02,5367.0,1599.0,45,43,143.3,0.959,20260226_279_Gen_Alg_10_8_2_Colorado2025-greenBox_x005120_y001024
Unknown_Sample,20260226_279_Gen_Alg_10_8_2_Colorado2025-greenBox.czi,Gen_alg,1021.2,5352.0,1147.0,41,42,136.23,0.959,20260226_279_Gen_Alg_10_8_2_Colorado2025-greenBox_x005120_y001024
Unknown_Sample,20260226_279_Gen_Alg_10_8_2_Colorado2025-greenBox.czi,Gen_alg,509.44,5200.0,1075.0,28,30,96.77,0.957,20260226_279_Gen_Alg_10_8_2_Colorado2025-greenBox_x005120_y001024
Unknown_Sample,20260226_279_Gen_Alg_10_8_2_Colorado2025-greenBox.czi,Gen_alg,419.79,5576.0,1563.0,29,26,91.36,0.945,20260226_279_Gen_Alg_10_8_2_Colorado2025-greenBox_x005120_y001024
Unknown_Sample,20260226_279_Gen_Alg_10_8_2_Colorado2025-greenBox.czi,Gen_alg,723.77,6052.0,1509.0,34,35,114.67,0.962,20260226_279_Gen_Alg_10_8_2_Colorado2025-greenBox_x005632_y001024
Unknown_Sample,20260226_279_Gen_Alg_10_8_2_Colorado2025-greenBox.czi,Gen_alg,712.22,6141.0,1354.0,33,36,113.5,0.961,20260226_279_Gen_Alg_10_8_2_Colorado2025-greenBox_x005632_y001024
Unknown_Sample,20260226_279_Gen_Alg_10_8_2_Colorado2025-greenBox.czi,Gen_alg,757.63,6206.0,1255.0,36,35,117.5,0.961,20260226_279_Gen_Alg_10_8_2_Colorado2025-greenBox_x005632_y001024
Unknown_Sample,20260226_279_Gen_Alg_10_8_2_Colorado2025-greenBox.czi,Gen_alg,607.18,6225.0,1551.0,30,33,105.6,0.959,20260226_279_Gen_Alg_10_8_2_Colorado2025-greenBox_x005632_y001024
Unknown_Sample,20260226_279_Gen_Alg_10_8_2_Colorado2025-greenBox.czi,Gen_alg,774.17,6113.0,1486.0,36,36,118.91,0.959,20260226_279_Gen_Alg_10_8_2_Colorado2025-greenBox_x005632_y001024
Unknown_Sample,20260226_279_Gen_Alg_10_8_2_Colorado2025-greenBox.czi,Gen_alg,492.13,6040.0,1549.0,29,28,94.18,0.959,20260226_279_Gen_Alg_10_8_2_Colorado2025-greenBox_x005632_y001024
Unknown_Sample,20260226_279_Gen_Alg_10_8_2_Colorado2025-greenBox.czi,Gen_alg,273.19,5969.0,1497.0,21,23,73.46,0.941,20260226_279_Gen_Alg_10_8_2_Colorado2025-greenBox_x005632_y001024
Unknown_Sample,20260226_279_Gen_Alg_10_8_2_Colorado2025-greenBox.czi,Gen_alg,356.69,5837.0,1257.0,24,27,83.36,0.936,20260226_279_Gen_Alg_10_8_2_Colorado2025-greenBox_x005632_y001024
Unknown_Sample,20260226_279_Gen_Alg_10_8_2_Colorado2025-greenBox.czi,Gen_alg,401.71,6263.0,1548.0,19,35,94.63,0.921,20260226_279_Gen_Alg_10_8_2_Colorado2025-greenBox_x005632_y001024
Unknown_Sample,20260226_279_Gen_Alg_10_8_2_Colorado2025-greenBox.czi,Gen_alg,749.93,6270.0,1548.0,35,35,116.67,0.964,20260226_279_Gen_Alg_10_8_2_Colorado2025-greenBox_x006144_y001024
Unknown_Sample,20260226_279_Gen_Alg_10_8_2_Colorado2025-greenBox.czi,Gen_alg,798.8,6493.0,1062.0,35,37,120.08,0.962,20260226_279_Gen_Alg_10_8_2_Colorado2025-greenBox_x006144_y001024
Unknown_Sample,20260226_279_Gen_Alg_10_8_2_Colorado2025-greenBox.czi,Gen_alg,757.63,6206.0,1255.0,36,35,117.5,0.961,20260226_279_Gen_Alg_10_8_2_Colorado2025-greenBox_x006144_y001024
Unknown_Sample,20260226_279_Gen_Alg_10_8_2_Colorado2025-greenBox.czi,Gen_alg,616.8,6225.0,1551.0,31,33,105.84,0.96,20260226_279_Gen_Alg_10_8_2_Colorado2025-greenBox_x006144_y001024
Unknown_Sample,20260226_279_Gen_Alg_10_8_2_Colorado2025-greenBox.czi,Gen_alg,491.36,6678.0,1623.0,28,29,94.18,0.958,20260226_279_Gen_Alg_10_8_2_Colorado2025-greenBox_x006144_y001024
Unknown_Sample,20260226_279_Gen_Alg_10_8_2_Colorado2025-greenBox.czi,Gen_alg,733.0,6482.0,1646.0,34,34,117.36,0.956,20260226_279_Gen_Alg_10_8_2_Colorado2025-greenBox_x006144_y001024
Unknown_Sample,20260226_279_Gen_Alg_10_8_2_Colorado2025-greenBox.czi,Gen_alg,296.66,6150.0,1354.0,15,34,85.21,0.941,20260226_279_Gen_Alg_10_8_2_Colorado2025-greenBox_x006144_y001024
Unknown_Sample,20260226_279_Gen_Alg_10_8_2_Colorado2025-greenBox.czi,Gen_alg,225.48,6602.0,1221.0,20,20,66.63,0.862,20260226_279_Gen_Alg_10_8_2_Colorado2025-greenBox_x006144_y001024
Unknown_Sample,20260226_279_Gen_Alg_10_8_2_Colorado2025-greenBox.czi,Gen_alg,771.86,7127.0,1344.0,37,35,118.91,0.961,20260226_279_Gen_Alg_10_8_2_Colorado2025-greenBox_x006656_y001024
Unknown_Sample,20260226_279_Gen_Alg_10_8_2_Colorado2025-greenBox.czi,Gen_alg,607.95,6837.0,1302.0,32,32,105.25,0.961,20260226_279_Gen_Alg_10_8_2_Colorado2025-greenBox_x006656_y001024
Unknown_Sample,20260226_279_Gen_Alg_10_8_2_Colorado2025-greenBox.czi,Gen_alg,492.13,6678.0,1623.0,28,29,94.18,0.958,20260226_279_Gen_Alg_10_8_2_Colorado2025-greenBox_x006656_y001024
Unknown_Sample,20260226_279_Gen_Alg_10_8_2_Colorado2025-greenBox.czi,Gen_alg,619.88,6968.0,1316.0,31,33,107.01,0.954,20260226_279_Gen_Alg_10_8_2_Colorado2025-greenBox_x006656_y001024
Unknown_Sample,20260226_279_Gen_Alg_10_8_2_Colorado2025-greenBox.czi,Gen_alg,429.03,6869.0,1337.0,33,22,91.36,0.95,20260226_279_Gen_Alg_10_8_2_Colorado2025-greenBox_x006656_y001024
Unknown_Sample,20260226_279_Gen_Alg_10_8_2_Colorado2025-greenBox.czi,Gen_alg,481.36,7228.0,1114.0,32,25,94.18,0.932,20260226_279_Gen_Alg_10_8_2_Colorado2025-greenBox_x006656_y001024
Unknown_Sample,20260226_279_Gen_Alg_10_8_2_Colorado2025-greenBox.czi,Gen_alg,714.92,7434.0,1506.0,35,34,114.08,0.96,20260226_279_Gen_Alg_10_8_2_Colorado2025-greenBox_x007168_y001024
Unknown_Sample,20260226_279_Gen_Alg_10_8_2_Colorado2025-greenBox.czi,Gen_alg,757.63,7697.0,1288.0,36,35,117.5,0.957,20260226_279_Gen_Alg_10_8_2_Colorado2025-greenBox_x007168_y001024
Unknown_Sample,20260226_279_Gen_Alg_10_8_2_Colorado2025-greenBox.czi,Gen_alg,551.0,7464.0,1217.0,29,31,99.6,0.956,20260226_279_Gen_Alg_10_8_2_Colorado2025-greenBox_x007168_y001024
Unknown_Sample,20260226_279_Gen_Alg_10_8_2_Colorado2025-greenBox.czi,Gen_alg,400.55,7590.0,1104.0,26,26,85.36,0.932,20260226_279_Gen_Alg_10_8_2_Colorado2025-greenBox_x007168_y001024
Unknown_Sample,20260226_279_Gen_Alg_10_8_2_Colorado2025-greenBox.czi,Gen_alg,481.36,7228.0,1114.0,32,25,94.18,0.932,20260226_279_Gen_Alg_10_8_2_Colorado2025-greenBox_x007168_y001024
Unknown_Sample,20260226_279_Gen_Alg_10_8_2_Colorado2025-greenBox.czi,Gen_alg,337.45,7732.0,1137.0,24,25,80.53,0.92,20260226_279_Gen_Alg_10_8_2_Colorado2025-greenBox_x007168_y001024
Unknown_Sample,20260226_279_Gen_Alg_10_8_2_Colorado2025-greenBox.czi,Gen_alg,716.45,8009.0,1441.0,34,34,114.43,0.964,20260226_279_Gen_Alg_10_8_2_Colorado2025-greenBox_x007680_y001024
Unknown_Sample,20260226_279_Gen_Alg_10_8_2_Colorado2025-greenBox.czi,Gen_alg,840.74,7985.0,1382.0,37,37,123.5,0.964,20260226_279_Gen_Alg_10_8_2_Colorado2025-greenBox_x007680_y001024
Unknown_Sample,20260226_279_Gen_Alg_10_8_2_Colorado2025-greenBox.czi,Gen_alg,686.83,7868.0,1496.0,34,33,113.01,0.961,20260226_279_Gen_Alg_10_8_2_Colorado2025-greenBox_x007680_y001024
Unknown_Sample,20260226_279_Gen_Alg_10_8_2_Colorado2025-greenBox.czi,Gen_alg,559.08,8157.0,1279.0,30,31,101.01,0.96,20260226_279_Gen_Alg_10_8_2_Colorado2025-greenBox_x007680_y001024
Unknown_Sample,20260226_279_Gen_Alg_10_8_2_Colorado2025-greenBox.czi,Gen_alg,566.39,7943.0,1360.0,31,30,101.6,0.959,20260226_279_Gen_Alg_10_8_2_Colorado2025-greenBox_x007680_y001024
Unknown_Sample,20260226_279_Gen_Alg_10_8_2_Colorado2025-greenBox.czi,Gen_alg,637.19,8252.0,1486.0,33,32,108.43,0.959,20260226_279_Gen_Alg_10_8_2_Colorado2025-greenBox_x007680_y001024
Unknown_Sample,20260226_279_Gen_Alg_10_8_2_Colorado2025-greenBox.czi,Gen_alg,763.4,7697.0,1288.0,36,35,119.25,0.953,20260226_279_Gen_Alg_10_8_2_Colorado2025-greenBox_x007680_y001024
Unknown_Sample,20260226_279_Gen_Alg_10_8_2_Colorado2025-greenBox.czi,Gen_alg,621.03,7864.0,1650.0,35,27,110.63,0.943,20260226_279_Gen_Alg_10_8_2_Colorado2025-greenBox_x007680_y001024
Unknown_Sample,20260226_279_Gen_Alg_10_8_2_Colorado2025-greenBox.czi,Gen_alg,351.3,7732.0,1136.0,24,25,81.7,0.915,20260226_279_Gen_Alg_10_8_2_Colorado2025-greenBox_x007680_y001024
Unknown_Sample,20260226_279_Gen_Alg_10_8_2_Colorado2025-greenBox.czi,Gen_alg,537.92,8410.0,1349.0,30,30,98.43,0.96,20260226_279_Gen_Alg_10_8_2_Colorado2025-greenBox_x008192_y001024
Unknown_Sample,20260226_279_Gen_Alg_10_8_2_Colorado2025-greenBox.czi,Gen_alg,638.73,8252.0,1486.0,33,32,108.43,0.959,20260226_279_Gen_Alg_10_8_2_Colorado2025-greenBox_x008192_y001024
Unknown_Sample,20260226_279_Gen_Alg_10_8_2_Colorado2025-greenBox.czi,Gen_alg,630.65,8428.0,1281.0,32,32,105.84,0.957,20260226_279_Gen_Alg_10_8_2_Colorado2025-greenBox_x008192_y001024
Unknown_Sample,20260226_279_Gen_Alg_10_8_2_Colorado2025-greenBox.czi,Gen_alg,640.27,8495.0,1102.0,33,32,108.43,0.955,20260226_279_Gen_Alg_10_8_2_Colorado2025-greenBox_x008192_y001024
Unknown_Sample,20260226_279_Gen_Alg_10_8_2_Colorado2025-greenBox.czi,Gen_alg,455.58,8766.0,1616.0,22,34,95.11,0.948,20260226_279_Gen_Alg_10_8_2_Colorado2025-greenBox_x008192_y001024
Unknown_Sample,20260226_279_Gen_Alg_10_8_2_Colorado2025-greenBox.czi,Gen_alg,569.47,8476.0,1271.0,34,28,102.43,0.937,20260226_279_Gen_Alg_10_8_2_Colorado2025-greenBox_x008192_y001024
Unknown_Sample,20260226_279_Gen_Alg_10_8_2_Colorado2025-greenBox.czi,Gen_alg,652.2,9253.0,1459.0,34,32,108.67,0.962,20260226_279_Gen_Alg_10_8_2_Colorado2025-greenBox_x008704_y001024
Unknown_Sample,20260226_279_Gen_Alg_10_8_2_Colorado2025-greenBox.czi,Gen_alg,783.79,9162.0,1514.0,35,37,119.5,0.96,20260226_279_Gen_Alg_10_8_2_Colorado2025-greenBox_x008704_y001024
Unknown_Sample,20260226_279_Gen_Alg_10_8_2_Colorado2025-greenBox.czi,Gen_alg,482.89,8935.0,1534.0,28,28,94.53,0.955,20260226_279_Gen_Alg_10_8_2_Colorado2025-greenBox_x008704_y001024
Unknown_Sample,20260226_279_Gen_Alg_10_8_2_Colorado2025-greenBox.czi,Gen_alg,911.92,9057.0,1190.0,39,38,130.08,0.953,20260226_279_Gen_Alg_10_8_2_Colorado2025-greenBox_x008704_y001024
Unknown_Sample,20260226_279_Gen_Alg_10_8_2_Colorado2025-greenBox.czi,Gen_alg,707.99,9288.0,1479.0,34,34,113.25,0.953,20260226_279_Gen_Alg_10_8_2_Colorado2025-greenBox_x008704_y001024
Unknown_Sample,20260226_279_Gen_Alg_10_8_2_Colorado2025-greenBox.czi,Gen_alg,790.33,9048.0,1351.0,37,35,120.08,0.952,20260226_279_Gen_Alg_10_8_2_Colorado2025-greenBox_x008704_y001024
Unknown_Sample,20260226_279_Gen_Alg_10_8_2_Colorado2025-greenBox.czi,Gen_alg,455.58,8766.0,1616.0,22,34,95.11,0.948,20260226_279_Gen_Alg_10_8_2_Colorado2025-greenBox_x008704_y001024
Unknown_Sample,20260226_279_Gen_Alg_10_8_2_Colorado2025-greenBox.czi,Gen_alg,428.64,8999.0,1324.0,28,25,89.11,0.923,20260226_279_Gen_Alg_10_8_2_Colorado2025-greenBox_x008704_y001024
Unknown_Sample,20260226_279_Gen_Alg_10_8_2_Colorado2025-greenBox.czi,Gen_alg,652.58,9253.0,1459.0,34,32,109.25,0.962,20260226_279_Gen_Alg_10_8_2_Colorado2025-greenBox_x009216_y001024
Unknown_Sample,20260226_279_Gen_Alg_10_8_2_Colorado2025-greenBox.czi,Gen_alg,593.71,9632.0,1066.0,32,31,103.84,0.957,20260226_279_Gen_Alg_10_8_2_Colorado2025-greenBox_x009216_y001024
Unknown_Sample,20260226_279_Gen_Alg_10_8_2_Colorado2025-greenBox.czi,Gen_alg,707.99,9288.0,1479.0,34,34,113.25,0.953,20260226_279_Gen_Alg_10_8_2_Colorado2025-greenBox_x009216_y001024
Unknown_Sample,20260226_279_Gen_Alg_10_8_2_Colorado2025-greenBox.czi,Gen_alg,696.45,9833.0,1219.0,33,35,112.08,0.948,20260226_279_Gen_Alg_10_8_2_Colorado2025-greenBox_x009216_y001024
Unknown_Sample,20260226_279_Gen_Alg_10_8_2_Colorado2025-greenBox.czi,Gen_alg,427.87,9454.0,1244.0,26,28,88.77,0.933,20260226_279_Gen_Alg_10_8_2_Colorado2025-greenBox_x009216_y001024
Unknown_Sample,20260226_279_Gen_Alg_10_8_2_Colorado2025-greenBox.czi,Gen_alg,744.16,10179.0,1499.0,35,35,116.08,0.96,20260226_279_Gen_Alg_10_8_2_Colorado2025-greenBox_x009728_y001024
Unknown_Sample,20260226_279_Gen_Alg_10_8_2_Colorado2025-greenBox.czi,Gen_alg,681.44,10308.0,1076.0,33,34,110.67,0.96,20260226_279_Gen_Alg_10_8_2_Colorado2025-greenBox_x009728_y001024
Unknown_Sample,20260226_279_Gen_Alg_10_8_2_Colorado2025-greenBox.czi,Gen_alg,628.73,10065.0,1316.0,32,33,106.08,0.959,20260226_279_Gen_Alg_10_8_2_Colorado2025-greenBox_x009728_y001024
Unknown_Sample,20260226_279_Gen_Alg_10_8_2_Colorado2025-greenBox.czi,Gen_alg,733.77,10350.0,1089.0,34,35,115.84,0.953,20260226_279_Gen_Alg_10_8_2_Colorado2025-greenBox_x009728_y001024
Unknown_Sample,20260226_279_Gen_Alg_10_8_2_Colorado2025-greenBox.czi,Gen_alg,695.68,9833.0,1219.0,33,35,112.08,0.95,20260226_279_Gen_Alg_10_8_2_Colorado2025-greenBox_x009728_y001024
Unknown_Sample,20260226_279_Gen_Alg_10_8_2_Colorado2025-greenBox.czi,Gen_alg,524.84,10010.0,1301.0,33,26,98.77,0.941,20260226_279_Gen_Alg_10_8_2_Colorado2025-greenBox_x009728_y001024
Unknown_Sample,20260226_279_Gen_Alg_10_8_2_Colorado2025-greenBox.czi,Gen_alg,221.25,10103.0,1657.0,31,13,75.21,0.885,20260226_279_Gen_Alg_10_8_2_Colorado2025-greenBox_x009728_y001024
Unknown_Sample,20260226_279_Gen_Alg_10_8_2_Colorado2025-greenBox.czi,Gen_alg,753.39,10790.0,1344.0,35,35,116.08,0.963,20260226_279_Gen_Alg_10_8_2_Colorado2025-greenBox_x010240_y001024
Unknown_Sample,20260226_279_Gen_Alg_10_8_2_Colorado2025-greenBox.czi,Gen_alg,729.15,10350.0,1089.0,34,35,114.67,0.961,20260226_279_Gen_Alg_10_8_2_Colorado2025-greenBox_x010240_y001024
Unknown_Sample,20260226_279_Gen_Alg_10_8_2_Colorado2025-greenBox.czi,Gen_alg,680.29,10308.0,1076.0,33,34,111.25,0.961,20260226_279_Gen_Alg_10_8_2_Colorado2025-greenBox_x010240_y001024
Unknown_Sample,20260226_279_Gen_Alg_10_8_2_Colorado2025-greenBox.czi,Gen_alg,699.14,10678.0,1573.0,34,34,112.67,0.96,20260226_279_Gen_Alg_10_8_2_Colorado2025-greenBox_x010240_y001024
Unknown_Sample,20260226_279_Gen_Alg_10_8_2_Colorado2025-greenBox.czi,Gen_alg,810.72,10601.0,1276.0,36,37,122.67,0.959,20260226_279_Gen_Alg_10_8_2_Colorado2025-greenBox_x010240_y001024
Unknown_Sample,20260226_279_Gen_Alg_10_8_2_Colorado2025-greenBox.czi,Gen_alg,716.84,10433.0,1336.0,36,34,115.5,0.958,20260226_279_Gen_Alg_10_8_2_Colorado2025-greenBox_x010240_y001024
Unknown_Sample,20260226_279_Gen_Alg_10_8_2_Colorado2025-greenBox.czi,Gen_alg,738.0,10796.0,1301.0,35,35,116.08,0.957,20260226_279_Gen_Alg_10_8_2_Colorado2025-greenBox_x010240_y001024
Unknown_Sample,20260226_279_Gen_Alg_10_8_2_Colorado2025-greenBox.czi,Gen_alg,704.91,10762.0,1074.0,32,35,113.6,0.955,20260226_279_Gen_Alg_10_8_2_Colorado2025-greenBox_x010240_y001024
Unknown_Sample,20260226_279_Gen_Alg_10_8_2_Colorado2025-greenBox.czi,Gen_alg,516.37,10832.0,1274.0,29,29,96.77,0.954,20260226_279_Gen_Alg_10_8_2_Colorado2025-greenBox_x010240_y001024
Unknown_Sample,20260226_279_Gen_Alg_10_8_2_Colorado2025-greenBox.czi,Gen_alg,753.39,10790.0,1344.0,35,35,116.08,0.963,20260226_279_Gen_Alg_10_8_2_Colorado2025-greenBox_x010752_y001024
Unknown_Sample,20260226_279_Gen_Alg_10_8_2_Colorado2025-greenBox.czi,Gen_alg,744.54,11070.0,1354.0,35,35,115.5,0.962,20260226_279_Gen_Alg_10_8_2_Colorado2025-greenBox_x010752_y001024
Unknown_Sample,20260226_279_Gen_Alg_10_8_2_Colorado2025-greenBox.czi,Gen_alg,612.95,10764.0,1073.0,27,35,108.87,0.96,20260226_279_Gen_Alg_10_8_2_Colorado2025-greenBox_x010752_y001024
Unknown_Sample,20260226_279_Gen_Alg_10_8_2_Colorado2025-greenBox.czi,Gen_alg,582.55,11068.0,1641.0,31,30,102.77,0.959,20260226_279_Gen_Alg_10_8_2_Colorado2025-greenBox_x010752_y001024
Unknown_Sample,20260226_279_Gen_Alg_10_8_2_Colorado2025-greenBox.czi,Gen_alg,853.05,10947.0,1319.0,40,36,125.15,0.959,20260226_279_Gen_Alg_10_8_2_Colorado2025-greenBox_x010752_y001024
Unknown_Sample,20260226_279_Gen_Alg_10_8_2_Colorado2025-greenBox.czi,Gen_alg,735.31,10796.0,1301.0,35,35,115.5,0.957,20260226_279_Gen_Alg_10_8_2_Colorado2025-greenBox_x010752_y001024
Unknown_Sample,20260226_279_Gen_Alg_10_8_2_Colorado2025-greenBox.czi,Gen_alg,514.45,10832.0,1274.0,29,29,97.36,0.955,20260226_279_Gen_Alg_10_8_2_Colorado2025-greenBox_x010752_y001024
Unknown_Sample,20260226_279_Gen_Alg_10_8_2_Colorado2025-greenBox.czi,Gen_alg,374.39,11005.0,1163.0,27,23,83.7,0.929,20260226_279_Gen_Alg_10_8_2_Colorado2025-greenBox_x010752_y001024
Unknown_Sample,20260226_279_Gen_Alg_10_8_2_Colorado2025-greenBox.czi,Gen_alg,451.34,11373.0,1196.0,31,25,92.18,0.925,20260226_279_Gen_Alg_10_8_2_Colorado2025-greenBox_x010752_y001024
Unknown_Sample,20260226_279_Gen_Alg_10_8_2_Colorado2025-greenBox.czi,Gen_alg,749.16,11787.0,1551.0,35,35,116.67,0.958,20260226_279_Gen_Alg_10_8_2_Colorado2025-greenBox_x011264_y001024
Unknown_Sample,20260226_279_Gen_Alg_10_8_2_Colorado2025-greenBox.czi,Gen_alg,451.34,11373.0,1196.0,31,25,92.18,0.932,20260226_279_Gen_Alg_10_8_2_Colorado2025-greenBox_x011264_y001024
Unknown_Sample,20260226_279_Gen_Alg_10_8_2_Colorado2025-greenBox.czi,Gen_alg,439.42,11523.0,1201.0,30,24,89.94,0.931,20260226_279_Gen_Alg_10_8_2_Colorado2025-greenBox_x011264_y001024
Unknown_Sample,20260226_279_Gen_Alg_10_8_2_Colorado2025-greenBox.czi,Gen_alg,287.43,11776.0,1656.0,32,15,82.38,0.894,20260226_279_Gen_Alg_10_8_2_Colorado2025-greenBox_x011264_y001024
Unknown_Sample,20260226_279_Gen_Alg_10_8_2_Colorado2025-greenBox.czi,Gen_alg,660.28,11789.0,1551.0,30,35,111.94,0.964,20260226_279_Gen_Alg_10_8_2_Colorado2025-greenBox_x011776_y001024
Unknown_Sample,20260226_279_Gen_Alg_10_8_2_Colorado2025-greenBox.czi,Gen_alg,489.44,12250.0,1420.0,29,28,94.77,0.958,20260226_279_Gen_Alg_10_8_2_Colorado2025-greenBox_x011776_y001024
Unknown_Sample,20260226_279_Gen_Alg_10_8_2_Colorado2025-greenBox.czi,Gen_alg,555.23,12000.0,1073.0,30,30,100.18,0.956,20260226_279_Gen_Alg_10_8_2_Colorado2025-greenBox_x011776_y001024
Unknown_Sample,20260226_279_Gen_Alg_10_8_2_Colorado2025-greenBox.czi,Gen_alg,552.92,12247.0,1553.0,35,29,105.84,0.952,20260226_279_Gen_Alg_10_8_2_Colorado2025-greenBox_x011776_y001024
Unknown_Sample,20260226_279_Gen_Alg_10_8_2_Colorado2025-greenBox.czi,Gen_alg,302.43,12119.0,1270.0,23,22,74.28,0.936,20260226_279_Gen_Alg_10_8_2_Colorado2025-greenBox_x011776_y001024
Unknown_Sample,20260226_279_Gen_Alg_10_8_2_Colorado2025-greenBox.czi,Gen_alg,161.99,11783.0,1656.0,18,16,59.9,0.912,20260226_279_Gen_Alg_10_8_2_Colorado2025-greenBox_x011776_y001024
Unknown_Sample,20260226_279_Gen_Alg_10_8_2_Colorado2025-greenBox.czi,Gen_alg,780.71,12872.0,1475.0,37,35,119.5,0.963,20260226_279_Gen_Alg_10_8_2_Colorado2025-greenBox_x012288_y001024
Unknown_Sample,20260226_279_Gen_Alg_10_8_2_Colorado2025-greenBox.czi,Gen_alg,601.41,12443.0,1463.0,32,31,105.01,0.959,20260226_279_Gen_Alg_10_8_2_Colorado2025-greenBox_x012288_y001024
Unknown_Sample,20260226_279_Gen_Alg_10_8_2_Colorado2025-greenBox.czi,Gen_alg,533.3,12553.0,1618.0,29,30,98.77,0.958,20260226_279_Gen_Alg_10_8_2_Colorado2025-greenBox_x012288_y001024
Unknown_Sample,20260226_279_Gen_Alg_10_8_2_Colorado2025-greenBox.czi,Gen_alg,661.82,12615.0,1468.0,35,32,110.08,0.956,20260226_279_Gen_Alg_10_8_2_Colorado2025-greenBox_x012288_y001024
Unknown_Sample,20260226_279_Gen_Alg_10_8_2_Colorado2025-greenBox.czi,Gen_alg,781.87,12855.0,1408.0,36,36,121.25,0.955,20260226_279_Gen_Alg_10_8_2_Colorado2025-greenBox_x012288_y001024
Unknown_Sample,20260226_279_Gen_Alg_10_8_2_Colorado2025-greenBox.czi,Gen_alg,641.81,12582.0,1200.0,32,33,108.43,0.954,20260226_279_Gen_Alg_10_8_2_Colorado2025-greenBox_x012288_y001024
Unknown_Sample,20260226_279_Gen_Alg_10_8_2_Colorado2025-greenBox.czi,Gen_alg,780.71,12872.0,1475.0,37,35,119.5,0.963,20260226_279_Gen_Alg_10_8_2_Colorado2025-greenBox_x012800_y001024
Unknown_Sample,20260226_279_Gen_Alg_10_8_2_Colorado2025-greenBox.czi,Gen_alg,806.88,13252.0,1278.0,36,37,121.5,0.961,20260226_279_Gen_Alg_10_8_2_Colorado2025-greenBox_x012800_y001024
Unknown_Sample,20260226_279_Gen_Alg_10_8_2_Colorado2025-greenBox.czi,Gen_alg,1022.74,12985.0,1226.0,42,41,136.23,0.959,20260226_279_Gen_Alg_10_8_2_Colorado2025-greenBox_x012800_y001024
Unknown_Sample,20260226_279_Gen_Alg_10_8_2_Colorado2025-greenBox.czi,Gen_alg,663.74,13265.0,1551.0,33,33,111.01,0.957,20260226_279_Gen_Alg_10_8_2_Colorado2025-greenBox_x012800_y001024
Unknown_Sample,20260226_279_Gen_Alg_10_8_2_Colorado2025-greenBox.czi,Gen_alg,779.17,12855.0,1408.0,36,36,119.5,0.955,20260226_279_Gen_Alg_10_8_2_Colorado2025-greenBox_x012800_y001024
Unknown_Sample,20260226_279_Gen_Alg_10_8_2_Colorado2025-greenBox.czi,Gen_alg,872.29,13061.0,1274.0,38,38,125.15,0.953,20260226_279_Gen_Alg_10_8_2_Colorado2025-greenBox_x012800_y001024
Unknown_Sample,20260226_279_Gen_Alg_10_8_2_Colorado2025-greenBox.czi,Gen_alg,567.55,13159.0,1370.0,33,28,102.18,0.945,20260226_279_Gen_Alg_10_8_2_Colorado2025-greenBox_x012800_y001024
Unknown_Sample,20260226_279_Gen_Alg_10_8_2_Colorado2025-greenBox.czi,Gen_alg,357.84,13074.0,1556.0,27,22,82.28,0.943,20260226_279_Gen_Alg_10_8_2_Colorado2025-greenBox_x012800_y001024
Unknown_Sample,20260226_279_Gen_Alg_10_8_2_Colorado2025-greenBox.czi,Gen_alg,556.0,13922.0,1364.0,30,31,101.01,0.963,20260226_279_Gen_Alg_10_8_2_Colorado2025-greenBox_x013312_y001024
Unknown_Sample,20260226_279_Gen_Alg_10_8_2_Colorado2025-greenBox.czi,Gen_alg,563.7,13922.0,1364.0,31,31,101.84,0.963,20260226_279_Gen_Alg_10_8_2_Colorado2025-greenBox_x013824_y001024
Unknown_Sample,20260226_279_Gen_Alg_10_8_2_Colorado2025-greenBox.czi,Gen_alg,751.08,14121.0,1446.0,36,34,116.08,0.961,20260226_279_Gen_Alg_10_8_2_Colorado2025-greenBox_x013824_y001024
Unknown_Sample,20260226_279_Gen_Alg_10_8_2_Colorado2025-greenBox.czi,Gen_alg,442.11,14440.0,1282.0,27,27,90.53,0.956,20260226_279_Gen_Alg_10_8_2_Colorado2025-greenBox_x013824_y001024
Unknown_Sample,20260226_279_Gen_Alg_10_8_2_Colorado2025-greenBox.czi,Gen_alg,692.6,14169.0,1616.0,34,34,112.08,0.954,20260226_279_Gen_Alg_10_8_2_Colorado2025-greenBox_x013824_y001024
Unknown_Sample,20260226_279_Gen_Alg_10_8_2_Colorado2025-greenBox.czi,Gen_alg,640.65,14855.0,1067.0,32,34,107.5,0.963,20260226_279_Gen_Alg_10_8_2_Colorado2025-greenBox_x014336_y001024
Unknown_Sample,20260226_279_Gen_Alg_10_8_2_Colorado2025-greenBox.czi,Gen_alg,442.11,14440.0,1282.0,27,27,90.53,0.955,20260226_279_Gen_Alg_10_8_2_Colorado2025-greenBox_x014336_y001024
Unknown_Sample,20260226_279_Gen_Alg_10_8_2_Colorado2025-greenBox.czi,Gen_alg,923.08,15359.0,1517.0,41,37,130.33,0.965,20260226_279_Gen_Alg_10_8_2_Colorado2025-greenBox_x014848_y001024
Unknown_Sample,20260226_279_Gen_Alg_10_8_2_Colorado2025-greenBox.czi,Gen_alg,518.29,14858.0,1067.0,24,34,100.87,0.962,20260226_279_Gen_Alg_10_8_2_Colorado2025-greenBox_x014848_y001024
Unknown_Sample,20260226_279_Gen_Alg_10_8_2_Colorado2025-greenBox.czi,Gen_alg,677.21,15192.0,1111.0,32,35,111.25,0.959,20260226_279_Gen_Alg_10_8_2_Colorado2025-greenBox_x014848_y001024
Unknown_Sample,20260226_279_Gen_Alg_10_8_2_Colorado2025-greenBox.czi,Gen_alg,535.22,15371.0,1389.0,31,30,98.67,0.956,20260226_279_Gen_Alg_10_8_2_Colorado2025-greenBox_x014848_y001024
Unknown_Sample,20260226_279_Gen_Alg_10_8_2_Colorado2025-greenBox.czi,Gen_alg,455.19,15368.0,1517.0,21,37,100.87,0.958,20260226_279_Gen_Alg_10_8_2_Colorado2025-greenBox_x015360_y001024
Unknown_Sample,20260226_279_Gen_Alg_10_8_2_Colorado2025-greenBox.czi,Gen_alg,510.21,15372.0,1389.0,28,30,97.94,0.957,20260226_279_Gen_Alg_10_8_2_Colorado2025-greenBox_x015360_y001024
Unknown_Sample,20260226_279_Gen_Alg_10_8_2_Colorado2025-greenBox.czi,Gen_alg,648.35,15673.0,1552.0,33,32,109.01,0.95,20260226_279_Gen_Alg_10_8_2_Colorado2025-greenBox_x015360_y001024
Unknown_Sample,20260226_279_Gen_Alg_10_8_2_Colorado2025-greenBox.czi,Gen_alg,728.77,15562.0,1242.0,35,35,117.25,0.948,20260226_279_Gen_Alg_10_8_2_Colorado2025-greenBox_x015360_y001024
Unknown_Sample,20260226_279_Gen_Alg_10_8_2_Colorado2025-greenBox.czi,Gen_alg,469.81,16664.0,1180.0,32,25,95.36,0.937,20260226_279_Gen_Alg_10_8_2_Colorado2025-greenBox_x016384_y001024
Unknown_Sample,20260226_279_Gen_Alg_10_8_2_Colorado2025-greenBox.czi,Gen_alg,793.41,1006.0,1562.0,36,36,121.25,0.962,20260226_279_Gen_Alg_10_8_2_Colorado2025-greenBox_x000512_y001536
Unknown_Sample,20260226_279_Gen_Alg_10_8_2_Colorado2025-greenBox.czi,Gen_alg,347.45,881.0,1852.0,27,22,82.87,0.937,20260226_279_Gen_Alg_10_8_2_Colorado2025-greenBox_x000512_y001536
Unknown_Sample,20260226_279_Gen_Alg_10_8_2_Colorado2025-greenBox.czi,Gen_alg,814.57,1248.0,1646.0,36,38,122.33,0.956,20260226_279_Gen_Alg_10_8_2_Colorado2025-greenBox_x001024_y001536
Unknown_Sample,20260226_279_Gen_Alg_10_8_2_Colorado2025-greenBox.czi,Gen_alg,405.94,1346.0,1791.0,28,27,90.18,0.951,20260226_279_Gen_Alg_10_8_2_Colorado2025-greenBox_x001024_y001536
Unknown_Sample,20260226_279_Gen_Alg_10_8_2_Colorado2025-greenBox.czi,Gen_alg,585.25,2656.0,1681.0,31,31,103.01,0.959,20260226_279_Gen_Alg_10_8_2_Colorado2025-greenBox_x002048_y001536
Unknown_Sample,20260226_279_Gen_Alg_10_8_2_Colorado2025-greenBox.czi,Gen_alg,585.25,2656.0,1681.0,31,31,103.01,0.959,20260226_279_Gen_Alg_10_8_2_Colorado2025-greenBox_x002560_y001536
Unknown_Sample,20260226_279_Gen_Alg_10_8_2_Colorado2025-greenBox.czi,Gen_alg,414.4,2891.0,1545.0,31,22,92.04,0.955,20260226_279_Gen_Alg_10_8_2_Colorado2025-greenBox_x002560_y001536
Unknown_Sample,20260226_279_Gen_Alg_10_8_2_Colorado2025-greenBox.czi,Gen_alg,519.45,2849.0,1821.0,30,29,97.6,0.95,20260226_279_Gen_Alg_10_8_2_Colorado2025-greenBox_x002560_y001536
Unknown_Sample,20260226_279_Gen_Alg_10_8_2_Colorado2025-greenBox.czi,Gen_alg,414.02,2823.0,1801.0,24,31,90.77,0.947,20260226_279_Gen_Alg_10_8_2_Colorado2025-greenBox_x002560_y001536
Unknown_Sample,20260226_279_Gen_Alg_10_8_2_Colorado2025-greenBox.czi,Gen_alg,670.67,3228.0,1702.0,33,34,109.5,0.961,20260226_279_Gen_Alg_10_8_2_Colorado2025-greenBox_x003072_y001536
Unknown_Sample,20260226_279_Gen_Alg_10_8_2_Colorado2025-greenBox.czi,Gen_alg,606.79,3416.0,1988.0,31,32,103.84,0.961,20260226_279_Gen_Alg_10_8_2_Colorado2025-greenBox_x003072_y001536
Unknown_Sample,20260226_279_Gen_Alg_10_8_2_Colorado2025-greenBox.czi,Gen_alg,762.24,3386.0,2132.0,34,37,117.5,0.96,20260226_279_Gen_Alg_10_8_2_Colorado2025-greenBox_x003072_y001536
Unknown_Sample,20260226_279_Gen_Alg_10_8_2_Colorado2025-greenBox.czi,Gen_alg,1001.57,4062.0,1848.0,40,42,135.98,0.966,20260226_279_Gen_Alg_10_8_2_Colorado2025-greenBox_x003584_y001536
Unknown_Sample,20260226_279_Gen_Alg_10_8_2_Colorado2025-greenBox.czi,Gen_alg,689.52,3951.0,1812.0,34,33,112.43,0.961,20260226_279_Gen_Alg_10_8_2_Colorado2025-greenBox_x003584_y001536
Unknown_Sample,20260226_279_Gen_Alg_10_8_2_Colorado2025-greenBox.czi,Gen_alg,721.84,3916.0,1753.0,35,34,114.08,0.96,20260226_279_Gen_Alg_10_8_2_Colorado2025-greenBox_x003584_y001536
Unknown_Sample,20260226_279_Gen_Alg_10_8_2_Colorado2025-greenBox.czi,Gen_alg,162.38,4219.0,1722.0,10,31,69.8,0.848,20260226_279_Gen_Alg_10_8_2_Colorado2025-greenBox_x003584_y001536
Unknown_Sample,20260226_279_Gen_Alg_10_8_2_Colorado2025-greenBox.czi,Gen_alg,810.72,4231.0,1722.0,37,36,121.5,0.964,20260226_279_Gen_Alg_10_8_2_Colorado2025-greenBox_x004096_y001536
Unknown_Sample,20260226_279_Gen_Alg_10_8_2_Colorado2025-greenBox.czi,Gen_alg,764.17,4378.0,1916.0,34,37,116.91,0.96,20260226_279_Gen_Alg_10_8_2_Colorado2025-greenBox_x004096_y001536
Unknown_Sample,20260226_279_Gen_Alg_10_8_2_Colorado2025-greenBox.czi,Gen_alg,497.13,4499.0,1848.0,28,28,95.11,0.957,20260226_279_Gen_Alg_10_8_2_Colorado2025-greenBox_x004096_y001536
Unknown_Sample,20260226_279_Gen_Alg_10_8_2_Colorado2025-greenBox.czi,Gen_alg,648.73,4309.0,1552.0,32,33,108.43,0.956,20260226_279_Gen_Alg_10_8_2_Colorado2025-greenBox_x004096_y001536
Unknown_Sample,20260226_279_Gen_Alg_10_8_2_Colorado2025-greenBox.czi,Gen_alg,387.09,4443.0,2029.0,31,21,87.11,0.951,20260226_279_Gen_Alg_10_8_2_Colorado2025-greenBox_x004096_y001536
Unknown_Sample,20260226_279_Gen_Alg_10_8_2_Colorado2025-greenBox.czi,Gen_alg,751.47,4372.0,2160.0,38,31,119.36,0.947,20260226_279_Gen_Alg_10_8_2_Colorado2025-greenBox_x004096_y001536
Unknown_Sample,20260226_279_Gen_Alg_10_8_2_Colorado2025-greenBox.czi,Gen_alg,405.17,4295.0,2166.0,34,20,94.04,0.918,20260226_279_Gen_Alg_10_8_2_Colorado2025-greenBox_x004096_y001536
Unknown_Sample,20260226_279_Gen_Alg_10_8_2_Colorado2025-greenBox.czi,Gen_alg,730.69,5182.0,1633.0,34,35,114.67,0.965,20260226_279_Gen_Alg_10_8_2_Colorado2025-greenBox_x004608_y001536
Unknown_Sample,20260226_279_Gen_Alg_10_8_2_Colorado2025-greenBox.czi,Gen_alg,657.58,5096.0,2113.0,32,33,110.18,0.964,20260226_279_Gen_Alg_10_8_2_Colorado2025-greenBox_x004608_y001536
Unknown_Sample,20260226_279_Gen_Alg_10_8_2_Colorado2025-greenBox.czi,Gen_alg,878.83,4943.0,1595.0,38,39,126.57,0.962,20260226_279_Gen_Alg_10_8_2_Colorado2025-greenBox_x004608_y001536
Unknown_Sample,20260226_279_Gen_Alg_10_8_2_Colorado2025-greenBox.czi,Gen_alg,747.62,5209.0,1935.0,35,35,115.5,0.962,20260226_279_Gen_Alg_10_8_2_Colorado2025-greenBox_x004608_y001536
Unknown_Sample,20260226_279_Gen_Alg_10_8_2_Colorado2025-greenBox.czi,Gen_alg,843.43,5025.0,1847.0,38,37,124.91,0.961,20260226_279_Gen_Alg_10_8_2_Colorado2025-greenBox_x004608_y001536
Unknown_Sample,20260226_279_Gen_Alg_10_8_2_Colorado2025-greenBox.czi,Gen_alg,821.11,4994.0,2038.0,37,37,120.57,0.961,20260226_279_Gen_Alg_10_8_2_Colorado2025-greenBox_x004608_y001536
Unknown_Sample,20260226_279_Gen_Alg_10_8_2_Colorado2025-greenBox.czi,Gen_alg,864.59,5114.0,2050.0,38,39,124.81,0.96,20260226_279_Gen_Alg_10_8_2_Colorado2025-greenBox_x004608_y001536
Unknown_Sample,20260226_279_Gen_Alg_10_8_2_Colorado2025-greenBox.czi,Gen_alg,581.4,4839.0,1688.0,31,31,101.84,0.959,20260226_279_Gen_Alg_10_8_2_Colorado2025-greenBox_x004608_y001536
Unknown_Sample,20260226_279_Gen_Alg_10_8_2_Colorado2025-greenBox.czi,Gen_alg,811.88,4929.0,2157.0,36,36,122.43,0.954,20260226_279_Gen_Alg_10_8_2_Colorado2025-greenBox_x004608_y001536
Unknown_Sample,20260226_279_Gen_Alg_10_8_2_Colorado2025-greenBox.czi,Gen_alg,317.06,5240.0,2042.0,16,36,89.46,0.897,20260226_279_Gen_Alg_10_8_2_Colorado2025-greenBox_x004608_y001536
Unknown_Sample,20260226_279_Gen_Alg_10_8_2_Colorado2025-greenBox.czi,Gen_alg,733.0,5182.0,1632.0,34,35,114.67,0.964,20260226_279_Gen_Alg_10_8_2_Colorado2025-greenBox_x005120_y001536
Unknown_Sample,20260226_279_Gen_Alg_10_8_2_Colorado2025-greenBox.czi,Gen_alg,906.53,5251.0,2042.0,41,37,128.57,0.964,20260226_279_Gen_Alg_10_8_2_Colorado2025-greenBox_x005120_y001536
Unknown_Sample,20260226_279_Gen_Alg_10_8_2_Colorado2025-greenBox.czi,Gen_alg,590.25,5323.0,1994.0,31,31,103.6,0.964,20260226_279_Gen_Alg_10_8_2_Colorado2025-greenBox_x005120_y001536
Unknown_Sample,20260226_279_Gen_Alg_10_8_2_Colorado2025-greenBox.czi,Gen_alg,853.05,5689.0,2062.0,37,38,124.33,0.963,20260226_279_Gen_Alg_10_8_2_Colorado2025-greenBox_x005120_y001536
Unknown_Sample,20260226_279_Gen_Alg_10_8_2_Colorado2025-greenBox.czi,Gen_alg,757.63,5209.0,1935.0,36,35,116.33,0.962,20260226_279_Gen_Alg_10_8_2_Colorado2025-greenBox_x005120_y001536
Unknown_Sample,20260226_279_Gen_Alg_10_8_2_Colorado2025-greenBox.czi,Gen_alg,835.35,5507.0,1571.0,36,38,123.5,0.959,20260226_279_Gen_Alg_10_8_2_Colorado2025-greenBox_x005120_y001536
Unknown_Sample,20260226_279_Gen_Alg_10_8_2_Colorado2025-greenBox.czi,Gen_alg,1137.78,5367.0,1599.0,45,43,143.3,0.959,20260226_279_Gen_Alg_10_8_2_Colorado2025-greenBox_x005120_y001536
Unknown_Sample,20260226_279_Gen_Alg_10_8_2_Colorado2025-greenBox.czi,Gen_alg,419.79,5576.0,1563.0,29,26,91.36,0.944,20260226_279_Gen_Alg_10_8_2_Colorado2025-greenBox_x005120_y001536
Unknown_Sample,20260226_279_Gen_Alg_10_8_2_Colorado2025-greenBox.czi,Gen_alg,280.89,5125.0,2050.0,14,38,88.28,0.933,20260226_279_Gen_Alg_10_8_2_Colorado2025-greenBox_x005120_y001536
Unknown_Sample,20260226_279_Gen_Alg_10_8_2_Colorado2025-greenBox.czi,Gen_alg,853.05,5689.0,2062.0,37,38,124.33,0.963,20260226_279_Gen_Alg_10_8_2_Colorado2025-greenBox_x005632_y001536
Unknown_Sample,20260226_279_Gen_Alg_10_8_2_Colorado2025-greenBox.czi,Gen_alg,648.35,5931.0,1770.0,31,34,107.84,0.962,20260226_279_Gen_Alg_10_8_2_Colorado2025-greenBox_x005632_y001536
Unknown_Sample,20260226_279_Gen_Alg_10_8_2_Colorado2025-greenBox.czi,Gen_alg,878.06,6082.0,2038.0,38,38,126.91,0.961,20260226_279_Gen_Alg_10_8_2_Colorado2025-greenBox_x005632_y001536
Unknown_Sample,20260226_279_Gen_Alg_10_8_2_Colorado2025-greenBox.czi,Gen_alg,612.56,6225.0,1551.0,31,32,106.77,0.961,20260226_279_Gen_Alg_10_8_2_Colorado2025-greenBox_x005632_y001536
Unknown_Sample,20260226_279_Gen_Alg_10_8_2_Colorado2025-greenBox.czi,Gen_alg,504.06,6040.0,1548.0,29,28,97.11,0.959,20260226_279_Gen_Alg_10_8_2_Colorado2025-greenBox_x005632_y001536
Unknown_Sample,20260226_279_Gen_Alg_10_8_2_Colorado2025-greenBox.czi,Gen_alg,368.62,6262.0,1550.0,19,31,88.97,0.928,20260226_279_Gen_Alg_10_8_2_Colorado2025-greenBox_x005632_y001536
Unknown_Sample,20260226_279_Gen_Alg_10_8_2_Colorado2025-greenBox.czi,Gen_alg,688.75,6269.0,1549.0,35,31,113.94,0.967,20260226_279_Gen_Alg_10_8_2_Colorado2025-greenBox_x006144_y001536
Unknown_Sample,20260226_279_Gen_Alg_10_8_2_Colorado2025-greenBox.czi,Gen_alg,736.46,6482.0,1646.0,34,35,116.43,0.963,20260226_279_Gen_Alg_10_8_2_Colorado2025-greenBox_x006144_y001536
Unknown_Sample,20260226_279_Gen_Alg_10_8_2_Colorado2025-greenBox.czi,Gen_alg,612.56,6225.0,1551.0,31,32,106.77,0.962,20260226_279_Gen_Alg_10_8_2_Colorado2025-greenBox_x006144_y001536
Unknown_Sample,20260226_279_Gen_Alg_10_8_2_Colorado2025-greenBox.czi,Gen_alg,491.36,6678.0,1623.0,28,29,94.18,0.958,20260226_279_Gen_Alg_10_8_2_Colorado2025-greenBox_x006144_y001536
Unknown_Sample,20260226_279_Gen_Alg_10_8_2_Colorado2025-greenBox.czi,Gen_alg,734.92,7229.0,1674.0,36,35,115.74,0.961,20260226_279_Gen_Alg_10_8_2_Colorado2025-greenBox_x006656_y001536
Unknown_Sample,20260226_279_Gen_Alg_10_8_2_Colorado2025-greenBox.czi,Gen_alg,493.67,6678.0,1623.0,28,29,95.36,0.957,20260226_279_Gen_Alg_10_8_2_Colorado2025-greenBox_x006656_y001536
Unknown_Sample,20260226_279_Gen_Alg_10_8_2_Colorado2025-greenBox.czi,Gen_alg,731.46,7538.0,2057.0,35,34,115.84,0.962,20260226_279_Gen_Alg_10_8_2_Colorado2025-greenBox_x007168_y001536
Unknown_Sample,20260226_279_Gen_Alg_10_8_2_Colorado2025-greenBox.czi,Gen_alg,732.61,7229.0,1674.0,36,34,114.91,0.961,20260226_279_Gen_Alg_10_8_2_Colorado2025-greenBox_x007168_y001536
Unknown_Sample,20260226_279_Gen_Alg_10_8_2_Colorado2025-greenBox.czi,Gen_alg,330.52,7506.0,1780.0,21,28,80.53,0.944,20260226_279_Gen_Alg_10_8_2_Colorado2025-greenBox_x007168_y001536
Unknown_Sample,20260226_279_Gen_Alg_10_8_2_Colorado2025-greenBox.czi,Gen_alg,758.78,7864.0,1653.0,35,35,116.08,0.963,20260226_279_Gen_Alg_10_8_2_Colorado2025-greenBox_x007680_y001536
Unknown_Sample,20260226_279_Gen_Alg_10_8_2_Colorado2025-greenBox.czi,Gen_alg,857.28,7897.0,1794.0,38,38,126.91,0.963,20260226_279_Gen_Alg_10_8_2_Colorado2025-greenBox_x007680_y001536
Unknown_Sample,20260226_279_Gen_Alg_10_8_2_Colorado2025-greenBox.czi,Gen_alg,682.21,7879.0,1706.0,34,33,110.67,0.963,20260226_279_Gen_Alg_10_8_2_Colorado2025-greenBox_x007680_y001536
Unknown_Sample,20260226_279_Gen_Alg_10_8_2_Colorado2025-greenBox.czi,Gen_alg,641.42,8048.0,1984.0,32,31,108.53,0.961,20260226_279_Gen_Alg_10_8_2_Colorado2025-greenBox_x007680_y001536
Unknown_Sample,20260226_279_Gen_Alg_10_8_2_Colorado2025-greenBox.czi,Gen_alg,617.18,8150.0,1813.0,31,33,107.6,0.958,20260226_279_Gen_Alg_10_8_2_Colorado2025-greenBox_x007680_y001536
Unknown_Sample,20260226_279_Gen_Alg_10_8_2_Colorado2025-greenBox.czi,Gen_alg,661.05,8386.0,2025.0,33,33,109.25,0.958,20260226_279_Gen_Alg_10_8_2_Colorado2025-greenBox_x008192_y001536
Unknown_Sample,20260226_279_Gen_Alg_10_8_2_Colorado2025-greenBox.czi,Gen_alg,619.11,8642.0,1677.0,32,32,107.01,0.957,20260226_279_Gen_Alg_10_8_2_Colorado2025-greenBox_x008192_y001536
Unknown_Sample,20260226_279_Gen_Alg_10_8_2_Colorado2025-greenBox.czi,Gen_alg,438.65,8588.0,1758.0,31,24,93.11,0.95,20260226_279_Gen_Alg_10_8_2_Colorado2025-greenBox_x008192_y001536
Unknown_Sample,20260226_279_Gen_Alg_10_8_2_Colorado2025-greenBox.czi,Gen_alg,455.58,8766.0,1616.0,22,34,95.11,0.948,20260226_279_Gen_Alg_10_8_2_Colorado2025-greenBox_x008192_y001536
Unknown_Sample,20260226_279_Gen_Alg_10_8_2_Colorado2025-greenBox.czi,Gen_alg,857.67,9286.0,2071.0,38,38,125.15,0.965,20260226_279_Gen_Alg_10_8_2_Colorado2025-greenBox_x008704_y001536
Unknown_Sample,20260226_279_Gen_Alg_10_8_2_Colorado2025-greenBox.czi,Gen_alg,753.01,9198.0,1842.0,34,36,116.67,0.96,20260226_279_Gen_Alg_10_8_2_Colorado2025-greenBox_x008704_y001536
Unknown_Sample,20260226_279_Gen_Alg_10_8_2_Colorado2025-greenBox.czi,Gen_alg,677.98,9206.0,1710.0,33,33,110.43,0.957,20260226_279_Gen_Alg_10_8_2_Colorado2025-greenBox_x008704_y001536
Unknown_Sample,20260226_279_Gen_Alg_10_8_2_Colorado2025-greenBox.czi,Gen_alg,482.13,8876.0,1837.0,28,30,96.18,0.947,20260226_279_Gen_Alg_10_8_2_Colorado2025-greenBox_x008704_y001536
Unknown_Sample,20260226_279_Gen_Alg_10_8_2_Colorado2025-greenBox.czi,Gen_alg,466.73,8766.0,1616.0,22,34,95.7,0.94,20260226_279_Gen_Alg_10_8_2_Colorado2025-greenBox_x008704_y001536
Unknown_Sample,20260226_279_Gen_Alg_10_8_2_Colorado2025-greenBox.czi,Gen_alg,220.86,8935.0,1541.0,28,13,72.14,0.927,20260226_279_Gen_Alg_10_8_2_Colorado2025-greenBox_x008704_y001536
Unknown_Sample,20260226_279_Gen_Alg_10_8_2_Colorado2025-greenBox.czi,Gen_alg,855.36,9286.0,2071.0,38,38,125.15,0.965,20260226_279_Gen_Alg_10_8_2_Colorado2025-greenBox_x009216_y001536
Unknown_Sample,20260226_279_Gen_Alg_10_8_2_Colorado2025-greenBox.czi,Gen_alg,824.19,9674.0,2034.0,38,36,122.91,0.963,20260226_279_Gen_Alg_10_8_2_Colorado2025-greenBox_x009216_y001536
Unknown_Sample,20260226_279_Gen_Alg_10_8_2_Colorado2025-greenBox.czi,Gen_alg,772.63,9696.0,1893.0,35,36,118.08,0.96,20260226_279_Gen_Alg_10_8_2_Colorado2025-greenBox_x009216_y001536
Unknown_Sample,20260226_279_Gen_Alg_10_8_2_Colorado2025-greenBox.czi,Gen_alg,863.44,9430.0,1867.0,38,38,124.57,0.96,20260226_279_Gen_Alg_10_8_2_Colorado2025-greenBox_x009216_y001536
Unknown_Sample,20260226_279_Gen_Alg_10_8_2_Colorado2025-greenBox.czi,Gen_alg,761.86,9601.0,2126.0,36,36,117.74,0.959,20260226_279_Gen_Alg_10_8_2_Colorado2025-greenBox_x009216_y001536
Unknown_Sample,20260226_279_Gen_Alg_10_8_2_Colorado2025-greenBox.czi,Gen_alg,532.15,9480.0,1942.0,29,30,98.18,0.958,20260226_279_Gen_Alg_10_8_2_Colorado2025-greenBox_x009216_y001536
Unknown_Sample,20260226_279_Gen_Alg_10_8_2_Colorado2025-greenBox.czi,Gen_alg,609.49,9786.0,1758.0,32,32,107.6,0.957,20260226_279_Gen_Alg_10_8_2_Colorado2025-greenBox_x009216_y001536
Unknown_Sample,20260226_279_Gen_Alg_10_8_2_Colorado2025-greenBox.czi,Gen_alg,664.89,10209.0,1910.0,33,33,109.25,0.961,20260226_279_Gen_Alg_10_8_2_Colorado2025-greenBox_x009728_y001536
Unknown_Sample,20260226_279_Gen_Alg_10_8_2_Colorado2025-greenBox.czi,Gen_alg,852.28,10304.0,1818.0,38,37,124.33,0.959,20260226_279_Gen_Alg_10_8_2_Colorado2025-greenBox_x009728_y001536
Unknown_Sample,20260226_279_Gen_Alg_10_8_2_Colorado2025-greenBox.czi,Gen_alg,715.68,10104.0,1668.0,33,36,114.08,0.959,20260226_279_Gen_Alg_10_8_2_Colorado2025-greenBox_x009728_y001536
Unknown_Sample,20260226_279_Gen_Alg_10_8_2_Colorado2025-greenBox.czi,Gen_alg,609.1,9786.0,1758.0,32,32,107.01,0.957,20260226_279_Gen_Alg_10_8_2_Colorado2025-greenBox_x009728_y001536
Unknown_Sample,20260226_279_Gen_Alg_10_8_2_Colorado2025-greenBox.czi,Gen_alg,651.81,10732.0,1884.0,33,32,109.6,0.961,20260226_279_Gen_Alg_10_8_2_Colorado2025-greenBox_x010240_y001536
Unknown_Sample,20260226_279_Gen_Alg_10_8_2_Colorado2025-greenBox.czi,Gen_alg,638.73,10823.0,1827.0,33,33,108.08,0.96,20260226_279_Gen_Alg_10_8_2_Colorado2025-greenBox_x010240_y001536
Unknown_Sample,20260226_279_Gen_Alg_10_8_2_Colorado2025-greenBox.czi,Gen_alg,707.6,10678.0,1573.0,34,34,112.67,0.959,20260226_279_Gen_Alg_10_8_2_Colorado2025-greenBox_x010240_y001536
Unknown_Sample,20260226_279_Gen_Alg_10_8_2_Colorado2025-greenBox.czi,Gen_alg,852.28,10304.0,1818.0,38,37,124.33,0.959,20260226_279_Gen_Alg_10_8_2_Colorado2025-greenBox_x010240_y001536
Unknown_Sample,20260226_279_Gen_Alg_10_8_2_Colorado2025-greenBox.czi,Gen_alg,468.27,10601.0,2165.0,34,22,98.04,0.933,20260226_279_Gen_Alg_10_8_2_Colorado2025-greenBox_x010240_y001536
Unknown_Sample,20260226_279_Gen_Alg_10_8_2_Colorado2025-greenBox.czi,Gen_alg,735.31,11345.0,1967.0,35,35,115.5,0.961,20260226_279_Gen_Alg_10_8_2_Colorado2025-greenBox_x010752_y001536
Unknown_Sample,20260226_279_Gen_Alg_10_8_2_Colorado2025-greenBox.czi,Gen_alg,637.58,10823.0,1827.0,33,33,107.5,0.96,20260226_279_Gen_Alg_10_8_2_Colorado2025-greenBox_x010752_y001536
Unknown_Sample,20260226_279_Gen_Alg_10_8_2_Colorado2025-greenBox.czi,Gen_alg,582.55,11068.0,1641.0,31,30,102.77,0.959,20260226_279_Gen_Alg_10_8_2_Colorado2025-greenBox_x010752_y001536
Unknown_Sample,20260226_279_Gen_Alg_10_8_2_Colorado2025-greenBox.czi,Gen_alg,492.9,11046.0,2124.0,28,32,97.84,0.953,20260226_279_Gen_Alg_10_8_2_Colorado2025-greenBox_x010752_y001536
Unknown_Sample,20260226_279_Gen_Alg_10_8_2_Colorado2025-greenBox.czi,Gen_alg,736.85,11345.0,1967.0,35,35,115.5,0.961,20260226_279_Gen_Alg_10_8_2_Colorado2025-greenBox_x011264_y001536
Unknown_Sample,20260226_279_Gen_Alg_10_8_2_Colorado2025-greenBox.czi,Gen_alg,680.67,11776.0,1664.0,34,33,110.67,0.961,20260226_279_Gen_Alg_10_8_2_Colorado2025-greenBox_x011264_y001536
Unknown_Sample,20260226_279_Gen_Alg_10_8_2_Colorado2025-greenBox.czi,Gen_alg,723.0,11809.0,1817.0,35,34,115.84,0.96,20260226_279_Gen_Alg_10_8_2_Colorado2025-greenBox_x011264_y001536
Unknown_Sample,20260226_279_Gen_Alg_10_8_2_Colorado2025-greenBox.czi,Gen_alg,804.95,11868.0,1779.0,38,36,122.91,0.96,20260226_279_Gen_Alg_10_8_2_Colorado2025-greenBox_x011264_y001536
Unknown_Sample,20260226_279_Gen_Alg_10_8_2_Colorado2025-greenBox.czi,Gen_alg,677.98,11436.0,1750.0,35,32,111.25,0.96,20260226_279_Gen_Alg_10_8_2_Colorado2025-greenBox_x011264_y001536
Unknown_Sample,20260226_279_Gen_Alg_10_8_2_Colorado2025-greenBox.czi,Gen_alg,744.54,11787.0,1551.0,35,34,117.01,0.959,20260226_279_Gen_Alg_10_8_2_Colorado2025-greenBox_x011264_y001536
Unknown_Sample,20260226_279_Gen_Alg_10_8_2_Colorado2025-greenBox.czi,Gen_alg,732.23,11532.0,1733.0,34,35,114.67,0.958,20260226_279_Gen_Alg_10_8_2_Colorado2025-greenBox_x011264_y001536
Unknown_Sample,20260226_279_Gen_Alg_10_8_2_Colorado2025-greenBox.czi,Gen_alg,646.04,11789.0,1551.0,29,34,112.04,0.965,20260226_279_Gen_Alg_10_8_2_Colorado2025-greenBox_x011776_y001536
Unknown_Sample,20260226_279_Gen_Alg_10_8_2_Colorado2025-greenBox.czi,Gen_alg,729.92,11809.0,1817.0,35,35,115.5,0.96,20260226_279_Gen_Alg_10_8_2_Colorado2025-greenBox_x011776_y001536
Unknown_Sample,20260226_279_Gen_Alg_10_8_2_Colorado2025-greenBox.czi,Gen_alg,804.18,11868.0,1779.0,38,36,122.91,0.96,20260226_279_Gen_Alg_10_8_2_Colorado2025-greenBox_x011776_y001536
Unknown_Sample,20260226_279_Gen_Alg_10_8_2_Colorado2025-greenBox.czi,Gen_alg,557.54,12247.0,1553.0,35,29,107.01,0.954,20260226_279_Gen_Alg_10_8_2_Colorado2025-greenBox_x011776_y001536
Unknown_Sample,20260226_279_Gen_Alg_10_8_2_Colorado2025-greenBox.czi,Gen_alg,360.54,11783.0,1664.0,18,34,90.04,0.949,20260226_279_Gen_Alg_10_8_2_Colorado2025-greenBox_x011776_y001536
Unknown_Sample,20260226_279_Gen_Alg_10_8_2_Colorado2025-greenBox.czi,Gen_alg,277.42,12407.0,1959.0,18,25,75.56,0.914,20260226_279_Gen_Alg_10_8_2_Colorado2025-greenBox_x011776_y001536
Unknown_Sample,20260226_279_Gen_Alg_10_8_2_Colorado2025-greenBox.czi,Gen_alg,786.87,12566.0,1828.0,36,36,119.5,0.963,20260226_279_Gen_Alg_10_8_2_Colorado2025-greenBox_x012288_y001536
Unknown_Sample,20260226_279_Gen_Alg_10_8_2_Colorado2025-greenBox.czi,Gen_alg,542.92,12570.0,1720.0,30,30,99.01,0.961,20260226_279_Gen_Alg_10_8_2_Colorado2025-greenBox_x012288_y001536
Unknown_Sample,20260226_279_Gen_Alg_10_8_2_Colorado2025-greenBox.czi,Gen_alg,534.45,12553.0,1618.0,29,30,98.18,0.96,20260226_279_Gen_Alg_10_8_2_Colorado2025-greenBox_x012288_y001536
Unknown_Sample,20260226_279_Gen_Alg_10_8_2_Colorado2025-greenBox.czi,Gen_alg,654.89,12732.0,2107.0,33,33,109.25,0.96,20260226_279_Gen_Alg_10_8_2_Colorado2025-greenBox_x012288_y001536
Unknown_Sample,20260226_279_Gen_Alg_10_8_2_Colorado2025-greenBox.czi,Gen_alg,653.35,12506.0,1899.0,32,34,110.43,0.96,20260226_279_Gen_Alg_10_8_2_Colorado2025-greenBox_x012288_y001536
Unknown_Sample,20260226_279_Gen_Alg_10_8_2_Colorado2025-greenBox.czi,Gen_alg,353.61,12409.0,1959.0,24,25,81.7,0.95,20260226_279_Gen_Alg_10_8_2_Colorado2025-greenBox_x012288_y001536
Unknown_Sample,20260226_279_Gen_Alg_10_8_2_Colorado2025-greenBox.czi,Gen_alg,718.76,13271.0,1956.0,34,35,114.08,0.962,20260226_279_Gen_Alg_10_8_2_Colorado2025-greenBox_x012800_y001536
Unknown_Sample,20260226_279_Gen_Alg_10_8_2_Colorado2025-greenBox.czi,Gen_alg,566.01,13398.0,1986.0,30,30,101.36,0.959,20260226_279_Gen_Alg_10_8_2_Colorado2025-greenBox_x012800_y001536
Unknown_Sample,20260226_279_Gen_Alg_10_8_2_Colorado2025-greenBox.czi,Gen_alg,675.28,13265.0,1551.0,33,33,112.18,0.959,20260226_279_Gen_Alg_10_8_2_Colorado2025-greenBox_x012800_y001536
Unknown_Sample,20260226_279_Gen_Alg_10_8_2_Colorado2025-greenBox.czi,Gen_alg,359.38,13074.0,1556.0,27,22,83.46,0.943,20260226_279_Gen_Alg_10_8_2_Colorado2025-greenBox_x012800_y001536
Unknown_Sample,20260226_279_Gen_Alg_10_8_2_Colorado2025-greenBox.czi,Gen_alg,772.63,13848.0,1898.0,36,35,118.08,0.959,20260226_279_Gen_Alg_10_8_2_Colorado2025-greenBox_x013312_y001536
Unknown_Sample,20260226_279_Gen_Alg_10_8_2_Colorado2025-greenBox.czi,Gen_alg,578.32,13398.0,1987.0,30,31,102.18,0.959,20260226_279_Gen_Alg_10_8_2_Colorado2025-greenBox_x013312_y001536
Unknown_Sample,20260226_279_Gen_Alg_10_8_2_Colorado2025-greenBox.czi,Gen_alg,773.02,13964.0,1740.0,36,36,119.5,0.961,20260226_279_Gen_Alg_10_8_2_Colorado2025-greenBox_x013824_y001536
Unknown_Sample,20260226_279_Gen_Alg_10_8_2_Colorado2025-greenBox.czi,Gen_alg,772.63,13848.0,1898.0,36,35,118.08,0.959,20260226_279_Gen_Alg_10_8_2_Colorado2025-greenBox_x013824_y001536
Unknown_Sample,20260226_279_Gen_Alg_10_8_2_Colorado2025-greenBox.czi,Gen_alg,828.04,14327.0,1768.0,39,36,123.74,0.955,20260226_279_Gen_Alg_10_8_2_Colorado2025-greenBox_x013824_y001536
Unknown_Sample,20260226_279_Gen_Alg_10_8_2_Colorado2025-greenBox.czi,Gen_alg,694.14,14169.0,1616.0,34,34,112.08,0.954,20260226_279_Gen_Alg_10_8_2_Colorado2025-greenBox_x013824_y001536
Unknown_Sample,20260226_279_Gen_Alg_10_8_2_Colorado2025-greenBox.czi,Gen_alg,121.59,13958.0,1683.0,14,14,47.31,0.936,20260226_279_Gen_Alg_10_8_2_Colorado2025-greenBox_x013824_y001536
Unknown_Sample,20260226_279_Gen_Alg_10_8_2_Colorado2025-greenBox.czi,Gen_alg,234.71,14152.0,2169.0,29,14,74.97,0.888,20260226_279_Gen_Alg_10_8_2_Colorado2025-greenBox_x013824_y001536
Unknown_Sample,20260226_279_Gen_Alg_10_8_2_Colorado2025-greenBox.czi,Gen_alg,785.71,14838.0,1784.0,36,35,119.25,0.965,20260226_279_Gen_Alg_10_8_2_Colorado2025-greenBox_x014336_y001536
Unknown_Sample,20260226_279_Gen_Alg_10_8_2_Colorado2025-greenBox.czi,Gen_alg,775.33,14862.0,1718.0,37,35,119.5,0.959,20260226_279_Gen_Alg_10_8_2_Colorado2025-greenBox_x014336_y001536
Unknown_Sample,20260226_279_Gen_Alg_10_8_2_Colorado2025-greenBox.czi,Gen_alg,188.54,14340.0,1768.0,12,31,72.63,0.926,20260226_279_Gen_Alg_10_8_2_Colorado2025-greenBox_x014336_y001536
Unknown_Sample,20260226_279_Gen_Alg_10_8_2_Colorado2025-greenBox.czi,Gen_alg,736.46,14863.0,1718.0,33,35,117.94,0.964,20260226_279_Gen_Alg_10_8_2_Colorado2025-greenBox_x014848_y001536
Unknown_Sample,20260226_279_Gen_Alg_10_8_2_Colorado2025-greenBox.czi,Gen_alg,524.45,15006.0,1905.0,29,30,98.18,0.951,20260226_279_Gen_Alg_10_8_2_Colorado2025-greenBox_x014848_y001536
Unknown_Sample,20260226_279_Gen_Alg_10_8_2_Colorado2025-greenBox.czi,Gen_alg,616.8,15181.0,2083.0,34,29,106.18,0.95,20260226_279_Gen_Alg_10_8_2_Colorado2025-greenBox_x014848_y001536
Unknown_Sample,20260226_279_Gen_Alg_10_8_2_Colorado2025-greenBox.czi,Gen_alg,731.85,15437.0,2160.0,35,33,117.94,0.946,20260226_279_Gen_Alg_10_8_2_Colorado2025-greenBox_x014848_y001536
Unknown_Sample,20260226_279_Gen_Alg_10_8_2_Colorado2025-greenBox.czi,Gen_alg,651.43,15673.0,1552.0,33,32,109.01,0.95,20260226_279_Gen_Alg_10_8_2_Colorado2025-greenBox_x015360_y001536
Unknown_Sample,20260226_279_Gen_Alg_10_8_2_Colorado2025-greenBox.czi,Gen_alg,744.16,15437.0,2160.0,35,33,117.94,0.932,20260226_279_Gen_Alg_10_8_2_Colorado2025-greenBox_x015360_y001536
Unknown_Sample,20260226_279_Gen_Alg_10_8_2_Colorado2025-greenBox.czi,Gen_alg,843.82,2147.0,2563.0,38,36,123.5,0.962,20260226_279_Gen_Alg_10_8_2_Colorado2025-greenBox_x001536_y002048
Unknown_Sample,20260226_279_Gen_Alg_10_8_2_Colorado2025-greenBox.czi,Gen_alg,585.63,1892.0,2377.0,31,31,103.6,0.959,20260226_279_Gen_Alg_10_8_2_Colorado2025-greenBox_x001536_y002048
Unknown_Sample,20260226_279_Gen_Alg_10_8_2_Colorado2025-greenBox.czi,Gen_alg,707.22,2124.0,2341.0,33,35,113.25,0.959,20260226_279_Gen_Alg_10_8_2_Colorado2025-greenBox_x001536_y002048
Unknown_Sample,20260226_279_Gen_Alg_10_8_2_Colorado2025-greenBox.czi,Gen_alg,385.55,1766.0,2616.0,27,25,85.94,0.948,20260226_279_Gen_Alg_10_8_2_Colorado2025-greenBox_x001536_y002048
Unknown_Sample,20260226_279_Gen_Alg_10_8_2_Colorado2025-greenBox.czi,Gen_alg,342.07,1828.0,2285.0,30,19,84.04,0.946,20260226_279_Gen_Alg_10_8_2_Colorado2025-greenBox_x001536_y002048
Unknown_Sample,20260226_279_Gen_Alg_10_8_2_Colorado2025-greenBox.czi,Gen_alg,843.82,2147.0,2563.0,38,36,123.5,0.962,20260226_279_Gen_Alg_10_8_2_Colorado2025-greenBox_x002048_y002048
Unknown_Sample,20260226_279_Gen_Alg_10_8_2_Colorado2025-greenBox.czi,Gen_alg,690.29,2124.0,2342.0,33,34,112.43,0.96,20260226_279_Gen_Alg_10_8_2_Colorado2025-greenBox_x002048_y002048
Unknown_Sample,20260226_279_Gen_Alg_10_8_2_Colorado2025-greenBox.czi,Gen_alg,591.79,2752.0,2444.0,32,30,103.6,0.959,20260226_279_Gen_Alg_10_8_2_Colorado2025-greenBox_x002560_y002048
Unknown_Sample,20260226_279_Gen_Alg_10_8_2_Colorado2025-greenBox.czi,Gen_alg,620.26,2744.0,2249.0,33,31,107.6,0.954,20260226_279_Gen_Alg_10_8_2_Colorado2025-greenBox_x002560_y002048
Unknown_Sample,20260226_279_Gen_Alg_10_8_2_Colorado2025-greenBox.czi,Gen_alg,696.06,3375.0,2235.0,35,32,113.01,0.964,20260226_279_Gen_Alg_10_8_2_Colorado2025-greenBox_x003072_y002048
Unknown_Sample,20260226_279_Gen_Alg_10_8_2_Colorado2025-greenBox.czi,Gen_alg,762.24,3386.0,2132.0,34,37,117.5,0.961,20260226_279_Gen_Alg_10_8_2_Colorado2025-greenBox_x003072_y002048
Unknown_Sample,20260226_279_Gen_Alg_10_8_2_Colorado2025-greenBox.czi,Gen_alg,879.21,3827.0,2460.0,39,37,125.15,0.964,20260226_279_Gen_Alg_10_8_2_Colorado2025-greenBox_x003584_y002048
Unknown_Sample,20260226_279_Gen_Alg_10_8_2_Colorado2025-greenBox.czi,Gen_alg,701.45,4017.0,2315.0,34,34,112.67,0.962,20260226_279_Gen_Alg_10_8_2_Colorado2025-greenBox_x003584_y002048
Unknown_Sample,20260226_279_Gen_Alg_10_8_2_Colorado2025-greenBox.czi,Gen_alg,738.39,4191.0,2319.0,33,37,117.84,0.961,20260226_279_Gen_Alg_10_8_2_Colorado2025-greenBox_x003584_y002048
Unknown_Sample,20260226_279_Gen_Alg_10_8_2_Colorado2025-greenBox.czi,Gen_alg,806.88,3773.0,2202.0,34,39,121.5,0.96,20260226_279_Gen_Alg_10_8_2_Colorado2025-greenBox_x003584_y002048
Unknown_Sample,20260226_279_Gen_Alg_10_8_2_Colorado2025-greenBox.czi,Gen_alg,689.9,3932.0,2561.0,34,33,113.01,0.96,20260226_279_Gen_Alg_10_8_2_Colorado2025-greenBox_x003584_y002048
Unknown_Sample,20260226_279_Gen_Alg_10_8_2_Colorado2025-greenBox.czi,Gen_alg,594.48,3960.0,2536.0,30,33,105.01,0.955,20260226_279_Gen_Alg_10_8_2_Colorado2025-greenBox_x003584_y002048
Unknown_Sample,20260226_279_Gen_Alg_10_8_2_Colorado2025-greenBox.czi,Gen_alg,771.86,4294.0,2174.0,34,37,118.08,0.961,20260226_279_Gen_Alg_10_8_2_Colorado2025-greenBox_x004096_y002048
Unknown_Sample,20260226_279_Gen_Alg_10_8_2_Colorado2025-greenBox.czi,Gen_alg,736.85,4191.0,2319.0,33,37,117.84,0.961,20260226_279_Gen_Alg_10_8_2_Colorado2025-greenBox_x004096_y002048
Unknown_Sample,20260226_279_Gen_Alg_10_8_2_Colorado2025-greenBox.czi,Gen_alg,817.65,4372.0,2161.0,38,36,121.15,0.961,20260226_279_Gen_Alg_10_8_2_Colorado2025-greenBox_x004096_y002048
Unknown_Sample,20260226_279_Gen_Alg_10_8_2_Colorado2025-greenBox.czi,Gen_alg,797.64,4311.0,2238.0,36,36,119.5,0.961,20260226_279_Gen_Alg_10_8_2_Colorado2025-greenBox_x004096_y002048
Unknown_Sample,20260226_279_Gen_Alg_10_8_2_Colorado2025-greenBox.czi,Gen_alg,909.61,4442.0,2334.0,37,41,129.74,0.961,20260226_279_Gen_Alg_10_8_2_Colorado2025-greenBox_x004096_y002048
Unknown_Sample,20260226_279_Gen_Alg_10_8_2_Colorado2025-greenBox.czi,Gen_alg,690.67,4535.0,2250.0,33,35,111.5,0.952,20260226_279_Gen_Alg_10_8_2_Colorado2025-greenBox_x004096_y002048
Unknown_Sample,20260226_279_Gen_Alg_10_8_2_Colorado2025-greenBox.czi,Gen_alg,761.09,4523.0,2212.0,35,36,119.25,0.95,20260226_279_Gen_Alg_10_8_2_Colorado2025-greenBox_x004096_y002048
Unknown_Sample,20260226_279_Gen_Alg_10_8_2_Colorado2025-greenBox.czi,Gen_alg,658.35,5096.0,2113.0,32,33,110.18,0.964,20260226_279_Gen_Alg_10_8_2_Colorado2025-greenBox_x004608_y002048
Unknown_Sample,20260226_279_Gen_Alg_10_8_2_Colorado2025-greenBox.czi,Gen_alg,868.44,4912.0,2198.0,38,38,125.15,0.963,20260226_279_Gen_Alg_10_8_2_Colorado2025-greenBox_x004608_y002048
Unknown_Sample,20260226_279_Gen_Alg_10_8_2_Colorado2025-greenBox.czi,Gen_alg,781.87,5124.0,2425.0,37,35,120.08,0.962,20260226_279_Gen_Alg_10_8_2_Colorado2025-greenBox_x004608_y002048
Unknown_Sample,20260226_279_Gen_Alg_10_8_2_Colorado2025-greenBox.czi,Gen_alg,814.96,4929.0,2157.0,36,37,120.91,0.958,20260226_279_Gen_Alg_10_8_2_Colorado2025-greenBox_x004608_y002048
Unknown_Sample,20260226_279_Gen_Alg_10_8_2_Colorado2025-greenBox.czi,Gen_alg,499.06,5114.0,2057.0,38,22,103.7,0.954,20260226_279_Gen_Alg_10_8_2_Colorado2025-greenBox_x004608_y002048
Unknown_Sample,20260226_279_Gen_Alg_10_8_2_Colorado2025-greenBox.czi,Gen_alg,295.12,4823.0,2329.0,23,23,75.7,0.948,20260226_279_Gen_Alg_10_8_2_Colorado2025-greenBox_x004608_y002048
Unknown_Sample,20260226_279_Gen_Alg_10_8_2_Colorado2025-greenBox.czi,Gen_alg,160.84,4994.0,2051.0,31,10,70.97,0.937,20260226_279_Gen_Alg_10_8_2_Colorado2025-greenBox_x004608_y002048
Unknown_Sample,20260226_279_Gen_Alg_10_8_2_Colorado2025-greenBox.czi,Gen_alg,96.58,5241.0,2052.0,15,13,46.73,0.886,20260226_279_Gen_Alg_10_8_2_Colorado2025-greenBox_x004608_y002048
Unknown_Sample,20260226_279_Gen_Alg_10_8_2_Colorado2025-greenBox.czi,Gen_alg,796.87,5689.0,2063.0,37,34,122.18,0.969,20260226_279_Gen_Alg_10_8_2_Colorado2025-greenBox_x005120_y002048
Unknown_Sample,20260226_279_Gen_Alg_10_8_2_Colorado2025-greenBox.czi,Gen_alg,499.44,5129.0,2426.0,23,35,102.63,0.961,20260226_279_Gen_Alg_10_8_2_Colorado2025-greenBox_x005120_y002048
Unknown_Sample,20260226_279_Gen_Alg_10_8_2_Colorado2025-greenBox.czi,Gen_alg,911.92,5380.0,2605.0,38,39,127.74,0.961,20260226_279_Gen_Alg_10_8_2_Colorado2025-greenBox_x005120_y002048
Unknown_Sample,20260226_279_Gen_Alg_10_8_2_Colorado2025-greenBox.czi,Gen_alg,734.54,5432.0,2447.0,35,35,115.5,0.957,20260226_279_Gen_Alg_10_8_2_Colorado2025-greenBox_x005120_y002048
Unknown_Sample,20260226_279_Gen_Alg_10_8_2_Colorado2025-greenBox.czi,Gen_alg,167.76,5125.0,2056.0,14,22,62.14,0.94,20260226_279_Gen_Alg_10_8_2_Colorado2025-greenBox_x005120_y002048
Unknown_Sample,20260226_279_Gen_Alg_10_8_2_Colorado2025-greenBox.czi,Gen_alg,283.2,5251.0,2053.0,38,14,88.28,0.935,20260226_279_Gen_Alg_10_8_2_Colorado2025-greenBox_x005120_y002048
Unknown_Sample,20260226_279_Gen_Alg_10_8_2_Colorado2025-greenBox.czi,Gen_alg,796.87,5689.0,2063.0,37,34,122.18,0.969,20260226_279_Gen_Alg_10_8_2_Colorado2025-greenBox_x005632_y002048
Unknown_Sample,20260226_279_Gen_Alg_10_8_2_Colorado2025-greenBox.czi,Gen_alg,833.81,5999.0,2271.0,38,37,123.15,0.966,20260226_279_Gen_Alg_10_8_2_Colorado2025-greenBox_x005632_y002048
Unknown_Sample,20260226_279_Gen_Alg_10_8_2_Colorado2025-greenBox.czi,Gen_alg,748.39,5956.0,2378.0,35,35,116.67,0.962,20260226_279_Gen_Alg_10_8_2_Colorado2025-greenBox_x005632_y002048
Unknown_Sample,20260226_279_Gen_Alg_10_8_2_Colorado2025-greenBox.czi,Gen_alg,903.46,6192.0,2238.0,39,39,127.4,0.961,20260226_279_Gen_Alg_10_8_2_Colorado2025-greenBox_x005632_y002048
Unknown_Sample,20260226_279_Gen_Alg_10_8_2_Colorado2025-greenBox.czi,Gen_alg,571.78,6177.0,2198.0,30,32,102.43,0.956,20260226_279_Gen_Alg_10_8_2_Colorado2025-greenBox_x005632_y002048
Unknown_Sample,20260226_279_Gen_Alg_10_8_2_Colorado2025-greenBox.czi,Gen_alg,549.85,5864.0,2672.0,29,31,101.36,0.95,20260226_279_Gen_Alg_10_8_2_Colorado2025-greenBox_x005632_y002048
Unknown_Sample,20260226_279_Gen_Alg_10_8_2_Colorado2025-greenBox.czi,Gen_alg,166.99,6082.0,2051.0,32,10,71.8,0.935,20260226_279_Gen_Alg_10_8_2_Colorado2025-greenBox_x005632_y002048
Unknown_Sample,20260226_279_Gen_Alg_10_8_2_Colorado2025-greenBox.czi,Gen_alg,801.87,6729.0,2225.0,36,36,121.25,0.963,20260226_279_Gen_Alg_10_8_2_Colorado2025-greenBox_x006144_y002048
Unknown_Sample,20260226_279_Gen_Alg_10_8_2_Colorado2025-greenBox.czi,Gen_alg,634.5,6658.0,2438.0,31,33,107.01,0.963,20260226_279_Gen_Alg_10_8_2_Colorado2025-greenBox_x006144_y002048
Unknown_Sample,20260226_279_Gen_Alg_10_8_2_Colorado2025-greenBox.czi,Gen_alg,903.46,6192.0,2238.0,39,39,127.4,0.961,20260226_279_Gen_Alg_10_8_2_Colorado2025-greenBox_x006144_y002048
Unknown_Sample,20260226_279_Gen_Alg_10_8_2_Colorado2025-greenBox.czi,Gen_alg,735.31,6347.0,2366.0,34,36,116.67,0.959,20260226_279_Gen_Alg_10_8_2_Colorado2025-greenBox_x006144_y002048
Unknown_Sample,20260226_279_Gen_Alg_10_8_2_Colorado2025-greenBox.czi,Gen_alg,712.22,6527.0,2344.0,35,34,114.67,0.958,20260226_279_Gen_Alg_10_8_2_Colorado2025-greenBox_x006144_y002048
Unknown_Sample,20260226_279_Gen_Alg_10_8_2_Colorado2025-greenBox.czi,Gen_alg,751.08,6760.0,2509.0,36,34,117.25,0.958,20260226_279_Gen_Alg_10_8_2_Colorado2025-greenBox_x006144_y002048
Unknown_Sample,20260226_279_Gen_Alg_10_8_2_Colorado2025-greenBox.czi,Gen_alg,571.78,6177.0,2198.0,30,32,102.43,0.956,20260226_279_Gen_Alg_10_8_2_Colorado2025-greenBox_x006144_y002048
Unknown_Sample,20260226_279_Gen_Alg_10_8_2_Colorado2025-greenBox.czi,Gen_alg,801.87,6729.0,2225.0,36,36,121.25,0.963,20260226_279_Gen_Alg_10_8_2_Colorado2025-greenBox_x006656_y002048
Unknown_Sample,20260226_279_Gen_Alg_10_8_2_Colorado2025-greenBox.czi,Gen_alg,750.31,6760.0,2509.0,36,34,117.25,0.959,20260226_279_Gen_Alg_10_8_2_Colorado2025-greenBox_x006656_y002048
Unknown_Sample,20260226_279_Gen_Alg_10_8_2_Colorado2025-greenBox.czi,Gen_alg,713.76,6926.0,2571.0,34,35,113.5,0.959,20260226_279_Gen_Alg_10_8_2_Colorado2025-greenBox_x006656_y002048
Unknown_Sample,20260226_279_Gen_Alg_10_8_2_Colorado2025-greenBox.czi,Gen_alg,644.5,7229.0,2319.0,35,31,108.67,0.956,20260226_279_Gen_Alg_10_8_2_Colorado2025-greenBox_x006656_y002048
Unknown_Sample,20260226_279_Gen_Alg_10_8_2_Colorado2025-greenBox.czi,Gen_alg,383.62,6664.0,2438.0,19,33,91.21,0.954,20260226_279_Gen_Alg_10_8_2_Colorado2025-greenBox_x006656_y002048
Unknown_Sample,20260226_279_Gen_Alg_10_8_2_Colorado2025-greenBox.czi,Gen_alg,604.48,7538.0,2059.0,35,27,108.87,0.966,20260226_279_Gen_Alg_10_8_2_Colorado2025-greenBox_x007168_y002048
Unknown_Sample,20260226_279_Gen_Alg_10_8_2_Colorado2025-greenBox.czi,Gen_alg,645.27,7593.0,2590.0,33,33,108.67,0.958,20260226_279_Gen_Alg_10_8_2_Colorado2025-greenBox_x007168_y002048
Unknown_Sample,20260226_279_Gen_Alg_10_8_2_Colorado2025-greenBox.czi,Gen_alg,644.5,7229.0,2319.0,35,31,108.67,0.957,20260226_279_Gen_Alg_10_8_2_Colorado2025-greenBox_x007168_y002048
Unknown_Sample,20260226_279_Gen_Alg_10_8_2_Colorado2025-greenBox.czi,Gen_alg,676.44,7364.0,2400.0,34,34,109.74,0.955,20260226_279_Gen_Alg_10_8_2_Colorado2025-greenBox_x007168_y002048
Unknown_Sample,20260226_279_Gen_Alg_10_8_2_Colorado2025-greenBox.czi,Gen_alg,658.35,8069.0,2509.0,32,34,109.84,0.962,20260226_279_Gen_Alg_10_8_2_Colorado2025-greenBox_x007680_y002048
Unknown_Sample,20260226_279_Gen_Alg_10_8_2_Colorado2025-greenBox.czi,Gen_alg,662.2,8198.0,2657.0,33,33,109.84,0.961,20260226_279_Gen_Alg_10_8_2_Colorado2025-greenBox_x007680_y002048
Unknown_Sample,20260226_279_Gen_Alg_10_8_2_Colorado2025-greenBox.czi,Gen_alg,696.06,8249.0,2531.0,34,34,113.84,0.96,20260226_279_Gen_Alg_10_8_2_Colorado2025-greenBox_x007680_y002048
Unknown_Sample,20260226_279_Gen_Alg_10_8_2_Colorado2025-greenBox.czi,Gen_alg,618.34,7825.0,2516.0,32,32,105.84,0.959,20260226_279_Gen_Alg_10_8_2_Colorado2025-greenBox_x007680_y002048
Unknown_Sample,20260226_279_Gen_Alg_10_8_2_Colorado2025-greenBox.czi,Gen_alg,671.82,8341.0,2372.0,34,32,111.6,0.963,20260226_279_Gen_Alg_10_8_2_Colorado2025-greenBox_x008192_y002048
Unknown_Sample,20260226_279_Gen_Alg_10_8_2_Colorado2025-greenBox.czi,Gen_alg,497.52,8202.0,2658.0,24,33,100.04,0.962,20260226_279_Gen_Alg_10_8_2_Colorado2025-greenBox_x008192_y002048
Unknown_Sample,20260226_279_Gen_Alg_10_8_2_Colorado2025-greenBox.czi,Gen_alg,766.48,8502.0,2467.0,36,35,118.08,0.961,20260226_279_Gen_Alg_10_8_2_Colorado2025-greenBox_x008192_y002048
Unknown_Sample,20260226_279_Gen_Alg_10_8_2_Colorado2025-greenBox.czi,Gen_alg,697.22,8249.0,2531.0,34,34,113.25,0.96,20260226_279_Gen_Alg_10_8_2_Colorado2025-greenBox_x008192_y002048
Unknown_Sample,20260226_279_Gen_Alg_10_8_2_Colorado2025-greenBox.czi,Gen_alg,661.43,8639.0,2348.0,35,31,109.84,0.959,20260226_279_Gen_Alg_10_8_2_Colorado2025-greenBox_x008192_y002048
Unknown_Sample,20260226_279_Gen_Alg_10_8_2_Colorado2025-greenBox.czi,Gen_alg,683.36,8773.0,2281.0,34,33,111.25,0.957,20260226_279_Gen_Alg_10_8_2_Colorado2025-greenBox_x008192_y002048
Unknown_Sample,20260226_279_Gen_Alg_10_8_2_Colorado2025-greenBox.czi,Gen_alg,193.93,8487.0,2682.0,33,11,76.97,0.866,20260226_279_Gen_Alg_10_8_2_Colorado2025-greenBox_x008192_y002048
Unknown_Sample,20260226_279_Gen_Alg_10_8_2_Colorado2025-greenBox.czi,Gen_alg,844.58,9039.0,2660.0,38,36,123.5,0.965,20260226_279_Gen_Alg_10_8_2_Colorado2025-greenBox_x008704_y002048
Unknown_Sample,20260226_279_Gen_Alg_10_8_2_Colorado2025-greenBox.czi,Gen_alg,859.98,9286.0,2071.0,38,38,125.15,0.965,20260226_279_Gen_Alg_10_8_2_Colorado2025-greenBox_x008704_y002048
Unknown_Sample,20260226_279_Gen_Alg_10_8_2_Colorado2025-greenBox.czi,Gen_alg,678.75,9196.0,2511.0,33,34,111.25,0.962,20260226_279_Gen_Alg_10_8_2_Colorado2025-greenBox_x008704_y002048
Unknown_Sample,20260226_279_Gen_Alg_10_8_2_Colorado2025-greenBox.czi,Gen_alg,780.71,8959.0,2396.0,36,36,119.5,0.962,20260226_279_Gen_Alg_10_8_2_Colorado2025-greenBox_x008704_y002048
Unknown_Sample,20260226_279_Gen_Alg_10_8_2_Colorado2025-greenBox.czi,Gen_alg,683.36,8773.0,2281.0,34,33,111.25,0.957,20260226_279_Gen_Alg_10_8_2_Colorado2025-greenBox_x008704_y002048
Unknown_Sample,20260226_279_Gen_Alg_10_8_2_Colorado2025-greenBox.czi,Gen_alg,591.79,9232.0,2630.0,31,32,104.43,0.953,20260226_279_Gen_Alg_10_8_2_Colorado2025-greenBox_x008704_y002048
Unknown_Sample,20260226_279_Gen_Alg_10_8_2_Colorado2025-greenBox.czi,Gen_alg,372.46,9028.0,2525.0,29,22,83.94,0.947,20260226_279_Gen_Alg_10_8_2_Colorado2025-greenBox_x008704_y002048
Unknown_Sample,20260226_279_Gen_Alg_10_8_2_Colorado2025-greenBox.czi,Gen_alg,859.98,9286.0,2071.0,38,38,125.15,0.965,20260226_279_Gen_Alg_10_8_2_Colorado2025-greenBox_x009216_y002048
Unknown_Sample,20260226_279_Gen_Alg_10_8_2_Colorado2025-greenBox.czi,Gen_alg,737.23,9584.0,2490.0,34,35,115.25,0.964,20260226_279_Gen_Alg_10_8_2_Colorado2025-greenBox_x009216_y002048
Unknown_Sample,20260226_279_Gen_Alg_10_8_2_Colorado2025-greenBox.czi,Gen_alg,762.24,9601.0,2126.0,36,36,118.33,0.96,20260226_279_Gen_Alg_10_8_2_Colorado2025-greenBox_x009216_y002048
Unknown_Sample,20260226_279_Gen_Alg_10_8_2_Colorado2025-greenBox.czi,Gen_alg,634.5,9440.0,2467.0,31,33,107.01,0.959,20260226_279_Gen_Alg_10_8_2_Colorado2025-greenBox_x009216_y002048
Unknown_Sample,20260226_279_Gen_Alg_10_8_2_Colorado2025-greenBox.czi,Gen_alg,596.02,9232.0,2630.0,31,32,105.01,0.953,20260226_279_Gen_Alg_10_8_2_Colorado2025-greenBox_x009216_y002048
Unknown_Sample,20260226_279_Gen_Alg_10_8_2_Colorado2025-greenBox.czi,Gen_alg,143.52,9701.0,2683.0,27,10,63.56,0.85,20260226_279_Gen_Alg_10_8_2_Colorado2025-greenBox_x009216_y002048
Unknown_Sample,20260226_279_Gen_Alg_10_8_2_Colorado2025-greenBox.czi,Gen_alg,771.86,9974.0,2517.0,36,35,120.43,0.961,20260226_279_Gen_Alg_10_8_2_Colorado2025-greenBox_x009728_y002048
Unknown_Sample,20260226_279_Gen_Alg_10_8_2_Colorado2025-greenBox.czi,Gen_alg,673.36,9920.0,2442.0,31,36,112.43,0.959,20260226_279_Gen_Alg_10_8_2_Colorado2025-greenBox_x009728_y002048
Unknown_Sample,20260226_279_Gen_Alg_10_8_2_Colorado2025-greenBox.czi,Gen_alg,729.92,10009.0,2542.0,34,34,115.01,0.956,20260226_279_Gen_Alg_10_8_2_Colorado2025-greenBox_x009728_y002048
Unknown_Sample,20260226_279_Gen_Alg_10_8_2_Colorado2025-greenBox.czi,Gen_alg,571.78,10208.0,2414.0,31,31,102.43,0.955,20260226_279_Gen_Alg_10_8_2_Colorado2025-greenBox_x009728_y002048
Unknown_Sample,20260226_279_Gen_Alg_10_8_2_Colorado2025-greenBox.czi,Gen_alg,520.6,9883.0,2610.0,32,28,99.01,0.955,20260226_279_Gen_Alg_10_8_2_Colorado2025-greenBox_x009728_y002048
Unknown_Sample,20260226_279_Gen_Alg_10_8_2_Colorado2025-greenBox.czi,Gen_alg,529.07,10356.0,2277.0,24,34,103.21,0.932,20260226_279_Gen_Alg_10_8_2_Colorado2025-greenBox_x009728_y002048
Unknown_Sample,20260226_279_Gen_Alg_10_8_2_Colorado2025-greenBox.czi,Gen_alg,930.77,10491.0,2499.0,38,40,129.15,0.96,20260226_279_Gen_Alg_10_8_2_Colorado2025-greenBox_x010240_y002048
Unknown_Sample,20260226_279_Gen_Alg_10_8_2_Colorado2025-greenBox.czi,Gen_alg,721.84,10810.0,2247.0,34,35,115.25,0.959,20260226_279_Gen_Alg_10_8_2_Colorado2025-greenBox_x010240_y002048
Unknown_Sample,20260226_279_Gen_Alg_10_8_2_Colorado2025-greenBox.czi,Gen_alg,675.28,10602.0,2170.0,33,34,110.67,0.956,20260226_279_Gen_Alg_10_8_2_Colorado2025-greenBox_x010240_y002048
Unknown_Sample,20260226_279_Gen_Alg_10_8_2_Colorado2025-greenBox.czi,Gen_alg,706.83,10359.0,2277.0,35,34,113.5,0.955,20260226_279_Gen_Alg_10_8_2_Colorado2025-greenBox_x010240_y002048
Unknown_Sample,20260226_279_Gen_Alg_10_8_2_Colorado2025-greenBox.czi,Gen_alg,321.67,10775.0,2190.0,19,29,79.11,0.937,20260226_279_Gen_Alg_10_8_2_Colorado2025-greenBox_x010240_y002048
Unknown_Sample,20260226_279_Gen_Alg_10_8_2_Colorado2025-greenBox.czi,Gen_alg,687.6,11059.0,2416.0,34,33,111.84,0.959,20260226_279_Gen_Alg_10_8_2_Colorado2025-greenBox_x010752_y002048
Unknown_Sample,20260226_279_Gen_Alg_10_8_2_Colorado2025-greenBox.czi,Gen_alg,722.61,10810.0,2247.0,34,35,115.25,0.959,20260226_279_Gen_Alg_10_8_2_Colorado2025-greenBox_x010752_y002048
Unknown_Sample,20260226_279_Gen_Alg_10_8_2_Colorado2025-greenBox.czi,Gen_alg,494.44,11046.0,2124.0,28,32,97.84,0.953,20260226_279_Gen_Alg_10_8_2_Colorado2025-greenBox_x010752_y002048
Unknown_Sample,20260226_279_Gen_Alg_10_8_2_Colorado2025-greenBox.czi,Gen_alg,323.21,10775.0,2190.0,19,29,79.11,0.937,20260226_279_Gen_Alg_10_8_2_Colorado2025-greenBox_x010752_y002048
Unknown_Sample,20260226_279_Gen_Alg_10_8_2_Colorado2025-greenBox.czi,Gen_alg,638.34,11499.0,2437.0,32,32,108.18,0.964,20260226_279_Gen_Alg_10_8_2_Colorado2025-greenBox_x011264_y002048
Unknown_Sample,20260226_279_Gen_Alg_10_8_2_Colorado2025-greenBox.czi,Gen_alg,698.75,11516.0,2371.0,34,34,113.25,0.962,20260226_279_Gen_Alg_10_8_2_Colorado2025-greenBox_x011264_y002048
Unknown_Sample,20260226_279_Gen_Alg_10_8_2_Colorado2025-greenBox.czi,Gen_alg,729.15,12155.0,2203.0,35,35,115.5,0.961,20260226_279_Gen_Alg_10_8_2_Colorado2025-greenBox_x011776_y002048
Unknown_Sample,20260226_279_Gen_Alg_10_8_2_Colorado2025-greenBox.czi,Gen_alg,649.12,12207.0,2385.0,33,32,109.01,0.955,20260226_279_Gen_Alg_10_8_2_Colorado2025-greenBox_x011776_y002048
Unknown_Sample,20260226_279_Gen_Alg_10_8_2_Colorado2025-greenBox.czi,Gen_alg,316.29,12110.0,2325.0,27,20,78.28,0.939,20260226_279_Gen_Alg_10_8_2_Colorado2025-greenBox_x011776_y002048
Unknown_Sample,20260226_279_Gen_Alg_10_8_2_Colorado2025-greenBox.czi,Gen_alg,272.81,12084.0,2680.0,28,15,76.73,0.903,20260226_279_Gen_Alg_10_8_2_Colorado2025-greenBox_x011776_y002048
Unknown_Sample,20260226_279_Gen_Alg_10_8_2_Colorado2025-greenBox.czi,Gen_alg,218.17,12202.0,2680.0,24,16,68.38,0.899,20260226_279_Gen_Alg_10_8_2_Colorado2025-greenBox_x011776_y002048
Unknown_Sample,20260226_279_Gen_Alg_10_8_2_Colorado2025-greenBox.czi,Gen_alg,787.64,12726.0,2650.0,36,37,119.15,0.963,20260226_279_Gen_Alg_10_8_2_Colorado2025-greenBox_x012288_y002048
Unknown_Sample,20260226_279_Gen_Alg_10_8_2_Colorado2025-greenBox.czi,Gen_alg,655.66,12732.0,2107.0,33,33,109.25,0.96,20260226_279_Gen_Alg_10_8_2_Colorado2025-greenBox_x012288_y002048
Unknown_Sample,20260226_279_Gen_Alg_10_8_2_Colorado2025-greenBox.czi,Gen_alg,730.31,12730.0,2560.0,34,35,114.08,0.958,20260226_279_Gen_Alg_10_8_2_Colorado2025-greenBox_x012288_y002048
Unknown_Sample,20260226_279_Gen_Alg_10_8_2_Colorado2025-greenBox.czi,Gen_alg,951.55,13148.0,2633.0,41,39,130.81,0.96,20260226_279_Gen_Alg_10_8_2_Colorado2025-greenBox_x012800_y002048
Unknown_Sample,20260226_279_Gen_Alg_10_8_2_Colorado2025-greenBox.czi,Gen_alg,701.06,13608.0,2617.0,35,33,114.43,0.961,20260226_279_Gen_Alg_10_8_2_Colorado2025-greenBox_x013312_y002048
Unknown_Sample,20260226_279_Gen_Alg_10_8_2_Colorado2025-greenBox.czi,Gen_alg,702.22,13589.0,2212.0,35,33,112.67,0.961,20260226_279_Gen_Alg_10_8_2_Colorado2025-greenBox_x013312_y002048
Unknown_Sample,20260226_279_Gen_Alg_10_8_2_Colorado2025-greenBox.czi,Gen_alg,626.42,13448.0,2625.0,33,32,106.08,0.956,20260226_279_Gen_Alg_10_8_2_Colorado2025-greenBox_x013312_y002048
Unknown_Sample,20260226_279_Gen_Alg_10_8_2_Colorado2025-greenBox.czi,Gen_alg,465.2,13476.0,2338.0,23,33,94.53,0.951,20260226_279_Gen_Alg_10_8_2_Colorado2025-greenBox_x013312_y002048
Unknown_Sample,20260226_279_Gen_Alg_10_8_2_Colorado2025-greenBox.czi,Gen_alg,511.75,13940.0,2394.0,24,34,101.46,0.937,20260226_279_Gen_Alg_10_8_2_Colorado2025-greenBox_x013312_y002048
Unknown_Sample,20260226_279_Gen_Alg_10_8_2_Colorado2025-greenBox.czi,Gen_alg,791.49,14016.0,2382.0,37,35,119.5,0.962,20260226_279_Gen_Alg_10_8_2_Colorado2025-greenBox_x013824_y002048
Unknown_Sample,20260226_279_Gen_Alg_10_8_2_Colorado2025-greenBox.czi,Gen_alg,747.62,14001.0,2653.0,35,35,116.67,0.961,20260226_279_Gen_Alg_10_8_2_Colorado2025-greenBox_x013824_y002048
Unknown_Sample,20260226_279_Gen_Alg_10_8_2_Colorado2025-greenBox.czi,Gen_alg,729.15,13945.0,2394.0,35,34,115.84,0.961,20260226_279_Gen_Alg_10_8_2_Colorado2025-greenBox_x013824_y002048
Unknown_Sample,20260226_279_Gen_Alg_10_8_2_Colorado2025-greenBox.czi,Gen_alg,556.0,14177.0,2537.0,31,29,101.36,0.958,20260226_279_Gen_Alg_10_8_2_Colorado2025-greenBox_x013824_y002048
Unknown_Sample,20260226_279_Gen_Alg_10_8_2_Colorado2025-greenBox.czi,Gen_alg,556.77,14153.0,2176.0,29,31,101.36,0.957,20260226_279_Gen_Alg_10_8_2_Colorado2025-greenBox_x013824_y002048
Unknown_Sample,20260226_279_Gen_Alg_10_8_2_Colorado2025-greenBox.czi,Gen_alg,616.03,14500.0,2391.0,31,32,105.01,0.956,20260226_279_Gen_Alg_10_8_2_Colorado2025-greenBox_x014336_y002048
Unknown_Sample,20260226_279_Gen_Alg_10_8_2_Colorado2025-greenBox.czi,Gen_alg,797.26,15437.0,2161.0,35,38,120.91,0.95,20260226_279_Gen_Alg_10_8_2_Colorado2025-greenBox_x014848_y002048
Unknown_Sample,20260226_279_Gen_Alg_10_8_2_Colorado2025-greenBox.czi,Gen_alg,626.03,15181.0,2083.0,34,29,107.36,0.942,20260226_279_Gen_Alg_10_8_2_Colorado2025-greenBox_x014848_y002048
Unknown_Sample,20260226_279_Gen_Alg_10_8_2_Colorado2025-greenBox.czi,Gen_alg,726.07,15957.0,2219.0,33,36,115.84,0.955,20260226_279_Gen_Alg_10_8_2_Colorado2025-greenBox_x015360_y002048
Unknown_Sample,20260226_279_Gen_Alg_10_8_2_Colorado2025-greenBox.czi,Gen_alg,725.3,15779.0,2245.0,33,36,114.67,0.947,20260226_279_Gen_Alg_10_8_2_Colorado2025-greenBox_x015360_y002048
Unknown_Sample,20260226_279_Gen_Alg_10_8_2_Colorado2025-greenBox.czi,Gen_alg,818.04,15437.0,2161.0,35,38,120.91,0.942,20260226_279_Gen_Alg_10_8_2_Colorado2025-greenBox_x015360_y002048
Unknown_Sample,20260226_279_Gen_Alg_10_8_2_Colorado2025-greenBox.czi,Gen_alg,860.75,15537.0,2194.0,38,38,126.33,0.938,20260226_279_Gen_Alg_10_8_2_Colorado2025-greenBox_x015360_y002048
Unknown_Sample,20260226_279_Gen_Alg_10_8_2_Colorado2025-greenBox.czi,Gen_alg,547.54,15742.0,2249.0,29,31,99.01,0.934,20260226_279_Gen_Alg_10_8_2_Colorado2025-greenBox_x015360_y002048
Unknown_Sample,20260226_279_Gen_Alg_10_8_2_Colorado2025-greenBox.czi,Gen_alg,728.77,15957.0,2219.0,33,36,116.43,0.957,20260226_279_Gen_Alg_10_8_2_Colorado2025-greenBox_x015872_y002048
Unknown_Sample,20260226_279_Gen_Alg_10_8_2_Colorado2025-greenBox.czi,Gen_alg,635.27,16201.0,2223.0,31,34,109.01,0.953,20260226_279_Gen_Alg_10_8_2_Colorado2025-greenBox_x015872_y002048
Unknown_Sample,20260226_279_Gen_Alg_10_8_2_Colorado2025-greenBox.czi,Gen_alg,589.86,16099.0,2408.0,32,30,104.18,0.939,20260226_279_Gen_Alg_10_8_2_Colorado2025-greenBox_x015872_y002048
Unknown_Sample,20260226_279_Gen_Alg_10_8_2_Colorado2025-greenBox.czi,Gen_alg,960.02,16192.0,2664.0,42,38,133.15,0.935,20260226_279_Gen_Alg_10_8_2_Colorado2025-greenBox_x015872_y002048
Unknown_Sample,20260226_279_Gen_Alg_10_8_2_Colorado2025-greenBox.czi,Gen_alg,874.98,16668.0,2620.0,41,36,128.91,0.932,20260226_279_Gen_Alg_10_8_2_Colorado2025-greenBox_x016384_y002048
Unknown_Sample,20260226_279_Gen_Alg_10_8_2_Colorado2025-greenBox.czi,Gen_alg,349.38,624.0,3141.0,24,25,83.46,0.923,20260226_279_Gen_Alg_10_8_2_Colorado2025-greenBox_x000000_y002560
Unknown_Sample,20260226_279_Gen_Alg_10_8_2_Colorado2025-greenBox.czi,Gen_alg,326.29,624.0,3141.0,23,25,80.28,0.945,20260226_279_Gen_Alg_10_8_2_Colorado2025-greenBox_x000512_y002560
Unknown_Sample,20260226_279_Gen_Alg_10_8_2_Colorado2025-greenBox.czi,Gen_alg,675.67,1166.0,3085.0,35,32,110.08,0.962,20260226_279_Gen_Alg_10_8_2_Colorado2025-greenBox_x001024_y002560
Unknown_Sample,20260226_279_Gen_Alg_10_8_2_Colorado2025-greenBox.czi,Gen_alg,778.4,1716.0,2942.0,34,38,119.5,0.965,20260226_279_Gen_Alg_10_8_2_Colorado2025-greenBox_x001536_y002560
Unknown_Sample,20260226_279_Gen_Alg_10_8_2_Colorado2025-greenBox.czi,Gen_alg,514.06,2147.0,2569.0,38,22,105.46,0.954,20260226_279_Gen_Alg_10_8_2_Colorado2025-greenBox_x001536_y002560
Unknown_Sample,20260226_279_Gen_Alg_10_8_2_Colorado2025-greenBox.czi,Gen_alg,385.55,1766.0,2616.0,27,25,85.94,0.949,20260226_279_Gen_Alg_10_8_2_Colorado2025-greenBox_x001536_y002560
Unknown_Sample,20260226_279_Gen_Alg_10_8_2_Colorado2025-greenBox.czi,Gen_alg,684.13,2589.0,2791.0,33,34,111.25,0.962,20260226_279_Gen_Alg_10_8_2_Colorado2025-greenBox_x002048_y002560
Unknown_Sample,20260226_279_Gen_Alg_10_8_2_Colorado2025-greenBox.czi,Gen_alg,704.53,2585.0,2741.0,34,34,112.67,0.961,20260226_279_Gen_Alg_10_8_2_Colorado2025-greenBox_x002048_y002560
Unknown_Sample,20260226_279_Gen_Alg_10_8_2_Colorado2025-greenBox.czi,Gen_alg,595.63,2489.0,2745.0,32,31,105.6,0.96,20260226_279_Gen_Alg_10_8_2_Colorado2025-greenBox_x002048_y002560
Unknown_Sample,20260226_279_Gen_Alg_10_8_2_Colorado2025-greenBox.czi,Gen_alg,513.29,2147.0,2569.0,38,22,105.46,0.954,20260226_279_Gen_Alg_10_8_2_Colorado2025-greenBox_x002048_y002560
Unknown_Sample,20260226_279_Gen_Alg_10_8_2_Colorado2025-greenBox.czi,Gen_alg,622.57,2674.0,2858.0,27,37,109.94,0.942,20260226_279_Gen_Alg_10_8_2_Colorado2025-greenBox_x002048_y002560
Unknown_Sample,20260226_279_Gen_Alg_10_8_2_Colorado2025-greenBox.czi,Gen_alg,843.05,3102.0,2785.0,38,37,123.15,0.963,20260226_279_Gen_Alg_10_8_2_Colorado2025-greenBox_x002560_y002560
Unknown_Sample,20260226_279_Gen_Alg_10_8_2_Colorado2025-greenBox.czi,Gen_alg,684.13,2589.0,2791.0,33,34,111.25,0.962,20260226_279_Gen_Alg_10_8_2_Colorado2025-greenBox_x002560_y002560
Unknown_Sample,20260226_279_Gen_Alg_10_8_2_Colorado2025-greenBox.czi,Gen_alg,872.67,2894.0,2940.0,38,38,125.74,0.961,20260226_279_Gen_Alg_10_8_2_Colorado2025-greenBox_x002560_y002560
Unknown_Sample,20260226_279_Gen_Alg_10_8_2_Colorado2025-greenBox.czi,Gen_alg,706.83,2585.0,2741.0,34,34,112.67,0.96,20260226_279_Gen_Alg_10_8_2_Colorado2025-greenBox_x002560_y002560
Unknown_Sample,20260226_279_Gen_Alg_10_8_2_Colorado2025-greenBox.czi,Gen_alg,719.15,2763.0,2993.0,35,34,113.5,0.96,20260226_279_Gen_Alg_10_8_2_Colorado2025-greenBox_x002560_y002560
Unknown_Sample,20260226_279_Gen_Alg_10_8_2_Colorado2025-greenBox.czi,Gen_alg,859.98,2900.0,3106.0,38,38,125.15,0.959,20260226_279_Gen_Alg_10_8_2_Colorado2025-greenBox_x002560_y002560
Unknown_Sample,20260226_279_Gen_Alg_10_8_2_Colorado2025-greenBox.czi,Gen_alg,784.17,2678.0,2858.0,36,37,119.74,0.959,20260226_279_Gen_Alg_10_8_2_Colorado2025-greenBox_x002560_y002560
Unknown_Sample,20260226_279_Gen_Alg_10_8_2_Colorado2025-greenBox.czi,Gen_alg,888.83,3286.0,3034.0,39,38,126.57,0.964,20260226_279_Gen_Alg_10_8_2_Colorado2025-greenBox_x003072_y002560
Unknown_Sample,20260226_279_Gen_Alg_10_8_2_Colorado2025-greenBox.czi,Gen_alg,844.2,3102.0,2785.0,38,37,123.74,0.963,20260226_279_Gen_Alg_10_8_2_Colorado2025-greenBox_x003072_y002560
Unknown_Sample,20260226_279_Gen_Alg_10_8_2_Colorado2025-greenBox.czi,Gen_alg,723.0,3225.0,2763.0,34,35,114.67,0.962,20260226_279_Gen_Alg_10_8_2_Colorado2025-greenBox_x003072_y002560
Unknown_Sample,20260226_279_Gen_Alg_10_8_2_Colorado2025-greenBox.czi,Gen_alg,756.09,3555.0,2938.0,35,36,116.33,0.961,20260226_279_Gen_Alg_10_8_2_Colorado2025-greenBox_x003072_y002560
Unknown_Sample,20260226_279_Gen_Alg_10_8_2_Colorado2025-greenBox.czi,Gen_alg,720.69,3578.0,3125.0,33,36,115.84,0.961,20260226_279_Gen_Alg_10_8_2_Colorado2025-greenBox_x003072_y002560
Unknown_Sample,20260226_279_Gen_Alg_10_8_2_Colorado2025-greenBox.czi,Gen_alg,557.93,3218.0,3089.0,30,31,101.6,0.961,20260226_279_Gen_Alg_10_8_2_Colorado2025-greenBox_x003072_y002560
Unknown_Sample,20260226_279_Gen_Alg_10_8_2_Colorado2025-greenBox.czi,Gen_alg,948.09,3348.0,3110.0,40,40,132.57,0.961,20260226_279_Gen_Alg_10_8_2_Colorado2025-greenBox_x003072_y002560
Unknown_Sample,20260226_279_Gen_Alg_10_8_2_Colorado2025-greenBox.czi,Gen_alg,721.84,3510.0,2953.0,35,35,114.91,0.958,20260226_279_Gen_Alg_10_8_2_Colorado2025-greenBox_x003072_y002560
Unknown_Sample,20260226_279_Gen_Alg_10_8_2_Colorado2025-greenBox.czi,Gen_alg,571.78,3262.0,2725.0,32,30,102.43,0.957,20260226_279_Gen_Alg_10_8_2_Colorado2025-greenBox_x003072_y002560
Unknown_Sample,20260226_279_Gen_Alg_10_8_2_Colorado2025-greenBox.czi,Gen_alg,892.68,3361.0,3066.0,39,38,128.91,0.956,20260226_279_Gen_Alg_10_8_2_Colorado2025-greenBox_x003072_y002560
Unknown_Sample,20260226_279_Gen_Alg_10_8_2_Colorado2025-greenBox.czi,Gen_alg,133.9,3208.0,2942.0,15,15,50.14,0.937,20260226_279_Gen_Alg_10_8_2_Colorado2025-greenBox_x003072_y002560
Unknown_Sample,20260226_279_Gen_Alg_10_8_2_Colorado2025-greenBox.czi,Gen_alg,382.08,3932.0,2567.0,34,19,92.04,0.953,20260226_279_Gen_Alg_10_8_2_Colorado2025-greenBox_x003584_y002560
Unknown_Sample,20260226_279_Gen_Alg_10_8_2_Colorado2025-greenBox.czi,Gen_alg,610.64,4135.0,3184.0,32,31,108.53,0.949,20260226_279_Gen_Alg_10_8_2_Colorado2025-greenBox_x003584_y002560
Unknown_Sample,20260226_279_Gen_Alg_10_8_2_Colorado2025-greenBox.czi,Gen_alg,212.4,3588.0,3124.0,12,33,76.63,0.937,20260226_279_Gen_Alg_10_8_2_Colorado2025-greenBox_x003584_y002560
Unknown_Sample,20260226_279_Gen_Alg_10_8_2_Colorado2025-greenBox.czi,Gen_alg,883.06,4654.0,3033.0,38,38,128.67,0.963,20260226_279_Gen_Alg_10_8_2_Colorado2025-greenBox_x004096_y002560
Unknown_Sample,20260226_279_Gen_Alg_10_8_2_Colorado2025-greenBox.czi,Gen_alg,605.25,4692.0,2887.0,31,32,105.01,0.96,20260226_279_Gen_Alg_10_8_2_Colorado2025-greenBox_x004096_y002560
Unknown_Sample,20260226_279_Gen_Alg_10_8_2_Colorado2025-greenBox.czi,Gen_alg,935.78,4288.0,2780.0,41,39,131.4,0.96,20260226_279_Gen_Alg_10_8_2_Colorado2025-greenBox_x004096_y002560
Unknown_Sample,20260226_279_Gen_Alg_10_8_2_Colorado2025-greenBox.czi,Gen_alg,610.64,4135.0,3184.0,32,31,108.53,0.949,20260226_279_Gen_Alg_10_8_2_Colorado2025-greenBox_x004096_y002560
Unknown_Sample,20260226_279_Gen_Alg_10_8_2_Colorado2025-greenBox.czi,Gen_alg,608.33,4521.0,3187.0,36,27,109.7,0.939,20260226_279_Gen_Alg_10_8_2_Colorado2025-greenBox_x004096_y002560
Unknown_Sample,20260226_279_Gen_Alg_10_8_2_Colorado2025-greenBox.czi,Gen_alg,761.86,4935.0,2840.0,36,36,118.91,0.965,20260226_279_Gen_Alg_10_8_2_Colorado2025-greenBox_x004608_y002560
Unknown_Sample,20260226_279_Gen_Alg_10_8_2_Colorado2025-greenBox.czi,Gen_alg,885.37,4654.0,3033.0,38,38,128.67,0.963,20260226_279_Gen_Alg_10_8_2_Colorado2025-greenBox_x004608_y002560
Unknown_Sample,20260226_279_Gen_Alg_10_8_2_Colorado2025-greenBox.czi,Gen_alg,694.14,5055.0,3134.0,34,33,113.6,0.962,20260226_279_Gen_Alg_10_8_2_Colorado2025-greenBox_x004608_y002560
Unknown_Sample,20260226_279_Gen_Alg_10_8_2_Colorado2025-greenBox.czi,Gen_alg,605.25,4692.0,2887.0,31,32,105.01,0.96,20260226_279_Gen_Alg_10_8_2_Colorado2025-greenBox_x004608_y002560
Unknown_Sample,20260226_279_Gen_Alg_10_8_2_Colorado2025-greenBox.czi,Gen_alg,434.8,4883.0,2745.0,34,21,93.11,0.899,20260226_279_Gen_Alg_10_8_2_Colorado2025-greenBox_x004608_y002560
Unknown_Sample,20260226_279_Gen_Alg_10_8_2_Colorado2025-greenBox.czi,Gen_alg,667.59,4909.0,2763.0,35,38,136.21,0.899,20260226_279_Gen_Alg_10_8_2_Colorado2025-greenBox_x004608_y002560
Unknown_Sample,20260226_279_Gen_Alg_10_8_2_Colorado2025-greenBox.czi,Gen_alg,911.92,5380.0,2605.0,38,39,127.74,0.961,20260226_279_Gen_Alg_10_8_2_Colorado2025-greenBox_x005120_y002560
Unknown_Sample,20260226_279_Gen_Alg_10_8_2_Colorado2025-greenBox.czi,Gen_alg,697.6,5385.0,2939.0,32,37,113.5,0.961,20260226_279_Gen_Alg_10_8_2_Colorado2025-greenBox_x005120_y002560
Unknown_Sample,20260226_279_Gen_Alg_10_8_2_Colorado2025-greenBox.czi,Gen_alg,761.86,5411.0,2819.0,35,35,117.25,0.961,20260226_279_Gen_Alg_10_8_2_Colorado2025-greenBox_x005120_y002560
Unknown_Sample,20260226_279_Gen_Alg_10_8_2_Colorado2025-greenBox.czi,Gen_alg,773.4,5414.0,3181.0,36,35,120.43,0.955,20260226_279_Gen_Alg_10_8_2_Colorado2025-greenBox_x005120_y002560
Unknown_Sample,20260226_279_Gen_Alg_10_8_2_Colorado2025-greenBox.czi,Gen_alg,713.76,5436.0,3015.0,34,34,112.67,0.948,20260226_279_Gen_Alg_10_8_2_Colorado2025-greenBox_x005120_y002560
Unknown_Sample,20260226_279_Gen_Alg_10_8_2_Colorado2025-greenBox.czi,Gen_alg,337.45,5433.0,3045.0,28,20,79.7,0.927,20260226_279_Gen_Alg_10_8_2_Colorado2025-greenBox_x005120_y002560
Unknown_Sample,20260226_279_Gen_Alg_10_8_2_Colorado2025-greenBox.czi,Gen_alg,533.3,5865.0,2671.0,28,31,99.94,0.96,20260226_279_Gen_Alg_10_8_2_Colorado2025-greenBox_x005632_y002560
Unknown_Sample,20260226_279_Gen_Alg_10_8_2_Colorado2025-greenBox.czi,Gen_alg,522.14,6247.0,2914.0,28,31,98.18,0.955,20260226_279_Gen_Alg_10_8_2_Colorado2025-greenBox_x005632_y002560
Unknown_Sample,20260226_279_Gen_Alg_10_8_2_Colorado2025-greenBox.czi,Gen_alg,605.64,5767.0,3166.0,29,34,105.6,0.954,20260226_279_Gen_Alg_10_8_2_Colorado2025-greenBox_x005632_y002560
Unknown_Sample,20260226_279_Gen_Alg_10_8_2_Colorado2025-greenBox.czi,Gen_alg,614.87,6563.0,2848.0,31,33,105.25,0.962,20260226_279_Gen_Alg_10_8_2_Colorado2025-greenBox_x006144_y002560
Unknown_Sample,20260226_279_Gen_Alg_10_8_2_Colorado2025-greenBox.czi,Gen_alg,750.31,6753.0,3039.0,36,35,116.91,0.961,20260226_279_Gen_Alg_10_8_2_Colorado2025-greenBox_x006144_y002560
Unknown_Sample,20260226_279_Gen_Alg_10_8_2_Colorado2025-greenBox.czi,Gen_alg,777.25,6387.0,3120.0,38,33,119.25,0.961,20260226_279_Gen_Alg_10_8_2_Colorado2025-greenBox_x006144_y002560
Unknown_Sample,20260226_279_Gen_Alg_10_8_2_Colorado2025-greenBox.czi,Gen_alg,521.37,6247.0,2914.0,28,31,98.18,0.955,20260226_279_Gen_Alg_10_8_2_Colorado2025-greenBox_x006144_y002560
Unknown_Sample,20260226_279_Gen_Alg_10_8_2_Colorado2025-greenBox.czi,Gen_alg,640.65,6927.0,2573.0,34,30,110.53,0.965,20260226_279_Gen_Alg_10_8_2_Colorado2025-greenBox_x006656_y002560
Unknown_Sample,20260226_279_Gen_Alg_10_8_2_Colorado2025-greenBox.czi,Gen_alg,750.31,6753.0,3039.0,36,35,116.91,0.962,20260226_279_Gen_Alg_10_8_2_Colorado2025-greenBox_x006656_y002560
Unknown_Sample,20260226_279_Gen_Alg_10_8_2_Colorado2025-greenBox.czi,Gen_alg,493.67,6827.0,3005.0,30,27,94.18,0.961,20260226_279_Gen_Alg_10_8_2_Colorado2025-greenBox_x006656_y002560
Unknown_Sample,20260226_279_Gen_Alg_10_8_2_Colorado2025-greenBox.czi,Gen_alg,653.35,7191.0,3016.0,34,32,109.25,0.96,20260226_279_Gen_Alg_10_8_2_Colorado2025-greenBox_x006656_y002560
Unknown_Sample,20260226_279_Gen_Alg_10_8_2_Colorado2025-greenBox.czi,Gen_alg,632.19,7453.0,2827.0,33,32,106.67,0.969,20260226_279_Gen_Alg_10_8_2_Colorado2025-greenBox_x007168_y002560
Unknown_Sample,20260226_279_Gen_Alg_10_8_2_Colorado2025-greenBox.czi,Gen_alg,861.9,7493.0,2972.0,37,39,124.57,0.961,20260226_279_Gen_Alg_10_8_2_Colorado2025-greenBox_x007168_y002560
Unknown_Sample,20260226_279_Gen_Alg_10_8_2_Colorado2025-greenBox.czi,Gen_alg,653.35,7191.0,3016.0,34,32,109.25,0.96,20260226_279_Gen_Alg_10_8_2_Colorado2025-greenBox_x007168_y002560
Unknown_Sample,20260226_279_Gen_Alg_10_8_2_Colorado2025-greenBox.czi,Gen_alg,583.71,7499.0,2932.0,30,32,103.01,0.96,20260226_279_Gen_Alg_10_8_2_Colorado2025-greenBox_x007168_y002560
Unknown_Sample,20260226_279_Gen_Alg_10_8_2_Colorado2025-greenBox.czi,Gen_alg,644.89,7593.0,2590.0,33,33,109.25,0.957,20260226_279_Gen_Alg_10_8_2_Colorado2025-greenBox_x007168_y002560
Unknown_Sample,20260226_279_Gen_Alg_10_8_2_Colorado2025-greenBox.czi,Gen_alg,256.26,7336.0,3193.0,33,14,80.63,0.887,20260226_279_Gen_Alg_10_8_2_Colorado2025-greenBox_x007168_y002560
Unknown_Sample,20260226_279_Gen_Alg_10_8_2_Colorado2025-greenBox.czi,Gen_alg,661.05,8198.0,2657.0,33,33,109.25,0.962,20260226_279_Gen_Alg_10_8_2_Colorado2025-greenBox_x007680_y002560
Unknown_Sample,20260226_279_Gen_Alg_10_8_2_Colorado2025-greenBox.czi,Gen_alg,901.53,8226.0,3171.0,38,39,127.15,0.96,20260226_279_Gen_Alg_10_8_2_Colorado2025-greenBox_x007680_y002560
Unknown_Sample,20260226_279_Gen_Alg_10_8_2_Colorado2025-greenBox.czi,Gen_alg,694.52,8168.0,2847.0,34,33,115.84,0.955,20260226_279_Gen_Alg_10_8_2_Colorado2025-greenBox_x007680_y002560
Unknown_Sample,20260226_279_Gen_Alg_10_8_2_Colorado2025-greenBox.czi,Gen_alg,290.12,8057.0,2810.0,21,24,74.28,0.949,20260226_279_Gen_Alg_10_8_2_Colorado2025-greenBox_x007680_y002560
Unknown_Sample,20260226_279_Gen_Alg_10_8_2_Colorado2025-greenBox.czi,Gen_alg,435.18,8133.0,3189.0,33,22,96.04,0.93,20260226_279_Gen_Alg_10_8_2_Colorado2025-greenBox_x007680_y002560
Unknown_Sample,20260226_279_Gen_Alg_10_8_2_Colorado2025-greenBox.czi,Gen_alg,920.0,8487.0,2695.0,39,38,128.33,0.968,20260226_279_Gen_Alg_10_8_2_Colorado2025-greenBox_x008192_y002560
Unknown_Sample,20260226_279_Gen_Alg_10_8_2_Colorado2025-greenBox.czi,Gen_alg,766.86,8711.0,2834.0,36,35,118.67,0.965,20260226_279_Gen_Alg_10_8_2_Colorado2025-greenBox_x008192_y002560
Unknown_Sample,20260226_279_Gen_Alg_10_8_2_Colorado2025-greenBox.czi,Gen_alg,497.13,8202.0,2658.0,24,33,100.63,0.962,20260226_279_Gen_Alg_10_8_2_Colorado2025-greenBox_x008192_y002560
Unknown_Sample,20260226_279_Gen_Alg_10_8_2_Colorado2025-greenBox.czi,Gen_alg,783.02,8750.0,2893.0,36,36,119.5,0.961,20260226_279_Gen_Alg_10_8_2_Colorado2025-greenBox_x008192_y002560
Unknown_Sample,20260226_279_Gen_Alg_10_8_2_Colorado2025-greenBox.czi,Gen_alg,903.84,8226.0,3171.0,38,39,127.15,0.959,20260226_279_Gen_Alg_10_8_2_Colorado2025-greenBox_x008192_y002560
Unknown_Sample,20260226_279_Gen_Alg_10_8_2_Colorado2025-greenBox.czi,Gen_alg,403.25,8717.0,3191.0,37,18,96.63,0.91,20260226_279_Gen_Alg_10_8_2_Colorado2025-greenBox_x008192_y002560
Unknown_Sample,20260226_279_Gen_Alg_10_8_2_Colorado2025-greenBox.czi,Gen_alg,819.96,9167.0,2979.0,37,36,121.5,0.966,20260226_279_Gen_Alg_10_8_2_Colorado2025-greenBox_x008704_y002560
Unknown_Sample,20260226_279_Gen_Alg_10_8_2_Colorado2025-greenBox.czi,Gen_alg,844.2,9039.0,2660.0,38,36,122.91,0.966,20260226_279_Gen_Alg_10_8_2_Colorado2025-greenBox_x008704_y002560
Unknown_Sample,20260226_279_Gen_Alg_10_8_2_Colorado2025-greenBox.czi,Gen_alg,827.27,8890.0,3103.0,36,37,123.25,0.965,20260226_279_Gen_Alg_10_8_2_Colorado2025-greenBox_x008704_y002560
Unknown_Sample,20260226_279_Gen_Alg_10_8_2_Colorado2025-greenBox.czi,Gen_alg,581.4,8715.0,2834.0,27,35,108.87,0.964,20260226_279_Gen_Alg_10_8_2_Colorado2025-greenBox_x008704_y002560
Unknown_Sample,20260226_279_Gen_Alg_10_8_2_Colorado2025-greenBox.czi,Gen_alg,783.02,8750.0,2893.0,36,36,119.5,0.961,20260226_279_Gen_Alg_10_8_2_Colorado2025-greenBox_x008704_y002560
Unknown_Sample,20260226_279_Gen_Alg_10_8_2_Colorado2025-greenBox.czi,Gen_alg,664.51,8888.0,3036.0,32,34,109.84,0.958,20260226_279_Gen_Alg_10_8_2_Colorado2025-greenBox_x008704_y002560
Unknown_Sample,20260226_279_Gen_Alg_10_8_2_Colorado2025-greenBox.czi,Gen_alg,530.61,9178.0,3102.0,29,30,99.36,0.958,20260226_279_Gen_Alg_10_8_2_Colorado2025-greenBox_x008704_y002560
Unknown_Sample,20260226_279_Gen_Alg_10_8_2_Colorado2025-greenBox.czi,Gen_alg,479.82,9114.0,2764.0,29,28,94.18,0.955,20260226_279_Gen_Alg_10_8_2_Colorado2025-greenBox_x008704_y002560
Unknown_Sample,20260226_279_Gen_Alg_10_8_2_Colorado2025-greenBox.czi,Gen_alg,592.56,9232.0,2630.0,31,32,104.43,0.953,20260226_279_Gen_Alg_10_8_2_Colorado2025-greenBox_x008704_y002560
Unknown_Sample,20260226_279_Gen_Alg_10_8_2_Colorado2025-greenBox.czi,Gen_alg,400.94,8957.0,2873.0,28,26,87.6,0.947,20260226_279_Gen_Alg_10_8_2_Colorado2025-greenBox_x008704_y002560
Unknown_Sample,20260226_279_Gen_Alg_10_8_2_Colorado2025-greenBox.czi,Gen_alg,372.08,8719.0,3191.0,32,18,89.56,0.912,20260226_279_Gen_Alg_10_8_2_Colorado2025-greenBox_x008704_y002560
Unknown_Sample,20260226_279_Gen_Alg_10_8_2_Colorado2025-greenBox.czi,Gen_alg,764.55,9747.0,3001.0,36,35,118.67,0.962,20260226_279_Gen_Alg_10_8_2_Colorado2025-greenBox_x009216_y002560
Unknown_Sample,20260226_279_Gen_Alg_10_8_2_Colorado2025-greenBox.czi,Gen_alg,546.77,9405.0,2956.0,31,29,100.18,0.961,20260226_279_Gen_Alg_10_8_2_Colorado2025-greenBox_x009216_y002560
Unknown_Sample,20260226_279_Gen_Alg_10_8_2_Colorado2025-greenBox.czi,Gen_alg,577.17,9702.0,2693.0,31,31,104.77,0.955,20260226_279_Gen_Alg_10_8_2_Colorado2025-greenBox_x009216_y002560
Unknown_Sample,20260226_279_Gen_Alg_10_8_2_Colorado2025-greenBox.czi,Gen_alg,597.56,9232.0,2630.0,31,32,105.01,0.953,20260226_279_Gen_Alg_10_8_2_Colorado2025-greenBox_x009216_y002560
Unknown_Sample,20260226_279_Gen_Alg_10_8_2_Colorado2025-greenBox.czi,Gen_alg,525.99,9844.0,2860.0,23,36,104.04,0.934,20260226_279_Gen_Alg_10_8_2_Colorado2025-greenBox_x009216_y002560
Unknown_Sample,20260226_279_Gen_Alg_10_8_2_Colorado2025-greenBox.czi,Gen_alg,343.22,9556.0,3191.0,33,17,87.8,0.907,20260226_279_Gen_Alg_10_8_2_Colorado2025-greenBox_x009216_y002560
Unknown_Sample,20260226_279_Gen_Alg_10_8_2_Colorado2025-greenBox.czi,Gen_alg,634.88,10059.0,2800.0,32,32,107.6,0.962,20260226_279_Gen_Alg_10_8_2_Colorado2025-greenBox_x009728_y002560
Unknown_Sample,20260226_279_Gen_Alg_10_8_2_Colorado2025-greenBox.czi,Gen_alg,802.26,9850.0,2860.0,36,36,119.5,0.962,20260226_279_Gen_Alg_10_8_2_Colorado2025-greenBox_x009728_y002560
Unknown_Sample,20260226_279_Gen_Alg_10_8_2_Colorado2025-greenBox.czi,Gen_alg,768.4,9747.0,3001.0,36,35,118.67,0.962,20260226_279_Gen_Alg_10_8_2_Colorado2025-greenBox_x009728_y002560
Unknown_Sample,20260226_279_Gen_Alg_10_8_2_Colorado2025-greenBox.czi,Gen_alg,649.5,10105.0,3128.0,34,32,109.25,0.957,20260226_279_Gen_Alg_10_8_2_Colorado2025-greenBox_x009728_y002560
Unknown_Sample,20260226_279_Gen_Alg_10_8_2_Colorado2025-greenBox.czi,Gen_alg,520.99,9883.0,2610.0,32,28,99.6,0.956,20260226_279_Gen_Alg_10_8_2_Colorado2025-greenBox_x009728_y002560
Unknown_Sample,20260226_279_Gen_Alg_10_8_2_Colorado2025-greenBox.czi,Gen_alg,387.09,10358.0,3098.0,19,33,90.63,0.92,20260226_279_Gen_Alg_10_8_2_Colorado2025-greenBox_x009728_y002560
Unknown_Sample,20260226_279_Gen_Alg_10_8_2_Colorado2025-greenBox.czi,Gen_alg,873.83,10702.0,2759.0,39,37,127.5,0.965,20260226_279_Gen_Alg_10_8_2_Colorado2025-greenBox_x010240_y002560
Unknown_Sample,20260226_279_Gen_Alg_10_8_2_Colorado2025-greenBox.czi,Gen_alg,616.41,10364.0,3098.0,31,33,106.43,0.962,20260226_279_Gen_Alg_10_8_2_Colorado2025-greenBox_x010240_y002560
Unknown_Sample,20260226_279_Gen_Alg_10_8_2_Colorado2025-greenBox.czi,Gen_alg,594.48,10388.0,3128.0,31,32,103.84,0.954,20260226_279_Gen_Alg_10_8_2_Colorado2025-greenBox_x010240_y002560
Unknown_Sample,20260226_279_Gen_Alg_10_8_2_Colorado2025-greenBox.czi,Gen_alg,622.18,10862.0,3160.0,32,31,106.18,0.951,20260226_279_Gen_Alg_10_8_2_Colorado2025-greenBox_x010240_y002560
Unknown_Sample,20260226_279_Gen_Alg_10_8_2_Colorado2025-greenBox.czi,Gen_alg,415.56,10550.0,3119.0,23,31,89.94,0.936,20260226_279_Gen_Alg_10_8_2_Colorado2025-greenBox_x010240_y002560
Unknown_Sample,20260226_279_Gen_Alg_10_8_2_Colorado2025-greenBox.czi,Gen_alg,407.48,10530.0,3137.0,29,24,87.36,0.923,20260226_279_Gen_Alg_10_8_2_Colorado2025-greenBox_x010240_y002560
Unknown_Sample,20260226_279_Gen_Alg_10_8_2_Colorado2025-greenBox.czi,Gen_alg,622.57,10862.0,3160.0,32,31,106.77,0.961,20260226_279_Gen_Alg_10_8_2_Colorado2025-greenBox_x010752_y002560
Unknown_Sample,20260226_279_Gen_Alg_10_8_2_Colorado2025-greenBox.czi,Gen_alg,330.52,10900.0,3130.0,19,29,80.87,0.953,20260226_279_Gen_Alg_10_8_2_Colorado2025-greenBox_x010752_y002560
Unknown_Sample,20260226_279_Gen_Alg_10_8_2_Colorado2025-greenBox.czi,Gen_alg,376.31,11383.0,2823.0,18,36,93.46,0.91,20260226_279_Gen_Alg_10_8_2_Colorado2025-greenBox_x010752_y002560
Unknown_Sample,20260226_279_Gen_Alg_10_8_2_Colorado2025-greenBox.czi,Gen_alg,651.04,11635.0,2752.0,32,33,108.43,0.961,20260226_279_Gen_Alg_10_8_2_Colorado2025-greenBox_x011264_y002560
Unknown_Sample,20260226_279_Gen_Alg_10_8_2_Colorado2025-greenBox.czi,Gen_alg,834.58,11392.0,2822.0,38,36,122.33,0.961,20260226_279_Gen_Alg_10_8_2_Colorado2025-greenBox_x011264_y002560
Unknown_Sample,20260226_279_Gen_Alg_10_8_2_Colorado2025-greenBox.czi,Gen_alg,811.49,11529.0,2818.0,36,37,120.33,0.961,20260226_279_Gen_Alg_10_8_2_Colorado2025-greenBox_x011264_y002560
Unknown_Sample,20260226_279_Gen_Alg_10_8_2_Colorado2025-greenBox.czi,Gen_alg,812.65,11845.0,2809.0,37,37,122.91,0.958,20260226_279_Gen_Alg_10_8_2_Colorado2025-greenBox_x011264_y002560
Unknown_Sample,20260226_279_Gen_Alg_10_8_2_Colorado2025-greenBox.czi,Gen_alg,536.38,11779.0,2705.0,29,31,99.6,0.956,20260226_279_Gen_Alg_10_8_2_Colorado2025-greenBox_x011264_y002560
Unknown_Sample,20260226_279_Gen_Alg_10_8_2_Colorado2025-greenBox.czi,Gen_alg,584.48,11886.0,3055.0,30,32,104.18,0.955,20260226_279_Gen_Alg_10_8_2_Colorado2025-greenBox_x011264_y002560
Unknown_Sample,20260226_279_Gen_Alg_10_8_2_Colorado2025-greenBox.czi,Gen_alg,583.71,11886.0,3055.0,30,32,104.18,0.96,20260226_279_Gen_Alg_10_8_2_Colorado2025-greenBox_x011776_y002560
Unknown_Sample,20260226_279_Gen_Alg_10_8_2_Colorado2025-greenBox.czi,Gen_alg,812.65,11845.0,2809.0,37,37,122.91,0.958,20260226_279_Gen_Alg_10_8_2_Colorado2025-greenBox_x011776_y002560
Unknown_Sample,20260226_279_Gen_Alg_10_8_2_Colorado2025-greenBox.czi,Gen_alg,521.37,11992.0,2948.0,29,30,97.01,0.957,20260226_279_Gen_Alg_10_8_2_Colorado2025-greenBox_x011776_y002560
Unknown_Sample,20260226_279_Gen_Alg_10_8_2_Colorado2025-greenBox.czi,Gen_alg,492.9,11911.0,2945.0,29,29,95.01,0.956,20260226_279_Gen_Alg_10_8_2_Colorado2025-greenBox_x011776_y002560
Unknown_Sample,20260226_279_Gen_Alg_10_8_2_Colorado2025-greenBox.czi,Gen_alg,723.38,12186.0,3182.0,34,34,114.43,0.953,20260226_279_Gen_Alg_10_8_2_Colorado2025-greenBox_x011776_y002560
Unknown_Sample,20260226_279_Gen_Alg_10_8_2_Colorado2025-greenBox.czi,Gen_alg,342.84,11783.0,2706.0,18,31,86.38,0.953,20260226_279_Gen_Alg_10_8_2_Colorado2025-greenBox_x011776_y002560
Unknown_Sample,20260226_279_Gen_Alg_10_8_2_Colorado2025-greenBox.czi,Gen_alg,502.52,12200.0,2688.0,25,35,99.6,0.952,20260226_279_Gen_Alg_10_8_2_Colorado2025-greenBox_x011776_y002560
Unknown_Sample,20260226_279_Gen_Alg_10_8_2_Colorado2025-greenBox.czi,Gen_alg,308.21,12084.0,2681.0,28,18,76.87,0.944,20260226_279_Gen_Alg_10_8_2_Colorado2025-greenBox_x011776_y002560
Unknown_Sample,20260226_279_Gen_Alg_10_8_2_Colorado2025-greenBox.czi,Gen_alg,787.64,12726.0,2650.0,36,37,119.15,0.963,20260226_279_Gen_Alg_10_8_2_Colorado2025-greenBox_x012288_y002560
Unknown_Sample,20260226_279_Gen_Alg_10_8_2_Colorado2025-greenBox.czi,Gen_alg,717.99,12831.0,3087.0,35,34,115.25,0.961,20260226_279_Gen_Alg_10_8_2_Colorado2025-greenBox_x012288_y002560
Unknown_Sample,20260226_279_Gen_Alg_10_8_2_Colorado2025-greenBox.czi,Gen_alg,365.92,12730.0,2567.0,34,18,90.04,0.949,20260226_279_Gen_Alg_10_8_2_Colorado2025-greenBox_x012288_y002560
Unknown_Sample,20260226_279_Gen_Alg_10_8_2_Colorado2025-greenBox.czi,Gen_alg,950.01,13148.0,2633.0,41,39,130.81,0.961,20260226_279_Gen_Alg_10_8_2_Colorado2025-greenBox_x012800_y002560
Unknown_Sample,20260226_279_Gen_Alg_10_8_2_Colorado2025-greenBox.czi,Gen_alg,717.22,12831.0,3087.0,35,34,115.25,0.96,20260226_279_Gen_Alg_10_8_2_Colorado2025-greenBox_x012800_y002560
Unknown_Sample,20260226_279_Gen_Alg_10_8_2_Colorado2025-greenBox.czi,Gen_alg,724.92,12986.0,2881.0,36,34,113.74,0.956,20260226_279_Gen_Alg_10_8_2_Colorado2025-greenBox_x012800_y002560
Unknown_Sample,20260226_279_Gen_Alg_10_8_2_Colorado2025-greenBox.czi,Gen_alg,724.53,13662.0,2852.0,34,35,115.84,0.962,20260226_279_Gen_Alg_10_8_2_Colorado2025-greenBox_x013312_y002560
Unknown_Sample,20260226_279_Gen_Alg_10_8_2_Colorado2025-greenBox.czi,Gen_alg,701.06,13608.0,2617.0,35,33,114.43,0.962,20260226_279_Gen_Alg_10_8_2_Colorado2025-greenBox_x013312_y002560
Unknown_Sample,20260226_279_Gen_Alg_10_8_2_Colorado2025-greenBox.czi,Gen_alg,679.9,13794.0,2775.0,34,33,110.67,0.961,20260226_279_Gen_Alg_10_8_2_Colorado2025-greenBox_x013312_y002560
Unknown_Sample,20260226_279_Gen_Alg_10_8_2_Colorado2025-greenBox.czi,Gen_alg,726.46,13819.0,3085.0,36,35,115.74,0.958,20260226_279_Gen_Alg_10_8_2_Colorado2025-greenBox_x013312_y002560
Unknown_Sample,20260226_279_Gen_Alg_10_8_2_Colorado2025-greenBox.czi,Gen_alg,626.42,13448.0,2625.0,33,32,106.08,0.956,20260226_279_Gen_Alg_10_8_2_Colorado2025-greenBox_x013312_y002560
Unknown_Sample,20260226_279_Gen_Alg_10_8_2_Colorado2025-greenBox.czi,Gen_alg,747.62,14001.0,2653.0,35,35,116.67,0.962,20260226_279_Gen_Alg_10_8_2_Colorado2025-greenBox_x013824_y002560
Unknown_Sample,20260226_279_Gen_Alg_10_8_2_Colorado2025-greenBox.czi,Gen_alg,268.19,14064.0,2749.0,21,22,70.87,0.95,20260226_279_Gen_Alg_10_8_2_Colorado2025-greenBox_x013824_y002560
Unknown_Sample,20260226_279_Gen_Alg_10_8_2_Colorado2025-greenBox.czi,Gen_alg,246.64,13829.0,3084.0,14,34,82.04,0.933,20260226_279_Gen_Alg_10_8_2_Colorado2025-greenBox_x013824_y002560
Unknown_Sample,20260226_279_Gen_Alg_10_8_2_Colorado2025-greenBox.czi,Gen_alg,474.81,14248.0,3023.0,25,32,94.77,0.925,20260226_279_Gen_Alg_10_8_2_Colorado2025-greenBox_x013824_y002560
Unknown_Sample,20260226_279_Gen_Alg_10_8_2_Colorado2025-greenBox.czi,Gen_alg,445.57,14274.0,3019.0,26,30,92.77,0.922,20260226_279_Gen_Alg_10_8_2_Colorado2025-greenBox_x013824_y002560
Unknown_Sample,20260226_279_Gen_Alg_10_8_2_Colorado2025-greenBox.czi,Gen_alg,757.24,14654.0,2855.0,35,36,118.08,0.952,20260226_279_Gen_Alg_10_8_2_Colorado2025-greenBox_x014336_y002560
Unknown_Sample,20260226_279_Gen_Alg_10_8_2_Colorado2025-greenBox.czi,Gen_alg,648.35,14865.0,3149.0,33,34,109.5,0.946,20260226_279_Gen_Alg_10_8_2_Colorado2025-greenBox_x014336_y002560
Unknown_Sample,20260226_279_Gen_Alg_10_8_2_Colorado2025-greenBox.czi,Gen_alg,471.35,14966.0,2943.0,21,37,100.87,0.93,20260226_279_Gen_Alg_10_8_2_Colorado2025-greenBox_x014336_y002560
Unknown_Sample,20260226_279_Gen_Alg_10_8_2_Colorado2025-greenBox.czi,Gen_alg,984.26,15224.0,3095.0,41,40,134.57,0.961,20260226_279_Gen_Alg_10_8_2_Colorado2025-greenBox_x014848_y002560
Unknown_Sample,20260226_279_Gen_Alg_10_8_2_Colorado2025-greenBox.czi,Gen_alg,749.55,14971.0,2943.0,34,37,116.91,0.959,20260226_279_Gen_Alg_10_8_2_Colorado2025-greenBox_x014848_y002560
Unknown_Sample,20260226_279_Gen_Alg_10_8_2_Colorado2025-greenBox.czi,Gen_alg,777.25,15344.0,3054.0,38,35,119.74,0.959,20260226_279_Gen_Alg_10_8_2_Colorado2025-greenBox_x014848_y002560
Unknown_Sample,20260226_279_Gen_Alg_10_8_2_Colorado2025-greenBox.czi,Gen_alg,604.87,15468.0,2924.0,33,30,105.6,0.955,20260226_279_Gen_Alg_10_8_2_Colorado2025-greenBox_x014848_y002560
Unknown_Sample,20260226_279_Gen_Alg_10_8_2_Colorado2025-greenBox.czi,Gen_alg,778.4,15426.0,3113.0,36,38,118.81,0.954,20260226_279_Gen_Alg_10_8_2_Colorado2025-greenBox_x014848_y002560
Unknown_Sample,20260226_279_Gen_Alg_10_8_2_Colorado2025-greenBox.czi,Gen_alg,649.12,14865.0,3149.0,33,34,109.5,0.942,20260226_279_Gen_Alg_10_8_2_Colorado2025-greenBox_x014848_y002560
Unknown_Sample,20260226_279_Gen_Alg_10_8_2_Colorado2025-greenBox.czi,Gen_alg,587.17,15604.0,3154.0,30,32,102.43,0.96,20260226_279_Gen_Alg_10_8_2_Colorado2025-greenBox_x015360_y002560
Unknown_Sample,20260226_279_Gen_Alg_10_8_2_Colorado2025-greenBox.czi,Gen_alg,605.64,15468.0,2924.0,33,30,105.6,0.959,20260226_279_Gen_Alg_10_8_2_Colorado2025-greenBox_x015360_y002560
Unknown_Sample,20260226_279_Gen_Alg_10_8_2_Colorado2025-greenBox.czi,Gen_alg,781.48,15717.0,3176.0,35,36,119.84,0.959,20260226_279_Gen_Alg_10_8_2_Colorado2025-greenBox_x015360_y002560
Unknown_Sample,20260226_279_Gen_Alg_10_8_2_Colorado2025-greenBox.czi,Gen_alg,560.23,15962.0,3171.0,30,30,101.94,0.955,20260226_279_Gen_Alg_10_8_2_Colorado2025-greenBox_x015360_y002560
Unknown_Sample,20260226_279_Gen_Alg_10_8_2_Colorado2025-greenBox.czi,Gen_alg,778.4,15426.0,3113.0,36,38,118.81,0.955,20260226_279_Gen_Alg_10_8_2_Colorado2025-greenBox_x015360_y002560
Unknown_Sample,20260226_279_Gen_Alg_10_8_2_Colorado2025-greenBox.czi,Gen_alg,762.24,15926.0,3181.0,35,36,118.67,0.94,20260226_279_Gen_Alg_10_8_2_Colorado2025-greenBox_x015360_y002560
Unknown_Sample,20260226_279_Gen_Alg_10_8_2_Colorado2025-greenBox.czi,Gen_alg,457.5,15989.0,2879.0,21,34,98.38,0.918,20260226_279_Gen_Alg_10_8_2_Colorado2025-greenBox_x015360_y002560
Unknown_Sample,20260226_279_Gen_Alg_10_8_2_Colorado2025-greenBox.czi,Gen_alg,747.24,16033.0,3130.0,38,32,117.25,0.954,20260226_279_Gen_Alg_10_8_2_Colorado2025-greenBox_x015872_y002560
Unknown_Sample,20260226_279_Gen_Alg_10_8_2_Colorado2025-greenBox.czi,Gen_alg,695.29,15994.0,2879.0,33,34,113.01,0.952,20260226_279_Gen_Alg_10_8_2_Colorado2025-greenBox_x015872_y002560
Unknown_Sample,20260226_279_Gen_Alg_10_8_2_Colorado2025-greenBox.czi,Gen_alg,601.02,15962.0,3172.0,32,31,104.43,0.948,20260226_279_Gen_Alg_10_8_2_Colorado2025-greenBox_x015872_y002560
Unknown_Sample,20260226_279_Gen_Alg_10_8_2_Colorado2025-greenBox.czi,Gen_alg,885.37,16403.0,2703.0,36,41,125.98,0.946,20260226_279_Gen_Alg_10_8_2_Colorado2025-greenBox_x015872_y002560
Unknown_Sample,20260226_279_Gen_Alg_10_8_2_Colorado2025-greenBox.czi,Gen_alg,961.94,16192.0,2664.0,42,38,132.57,0.942,20260226_279_Gen_Alg_10_8_2_Colorado2025-greenBox_x015872_y002560
Unknown_Sample,20260226_279_Gen_Alg_10_8_2_Colorado2025-greenBox.czi,Gen_alg,789.56,15926.0,3181.0,36,36,121.25,0.934,20260226_279_Gen_Alg_10_8_2_Colorado2025-greenBox_x015872_y002560
Unknown_Sample,20260226_279_Gen_Alg_10_8_2_Colorado2025-greenBox.czi,Gen_alg,686.83,16498.0,2826.0,28,39,117.7,0.921,20260226_279_Gen_Alg_10_8_2_Colorado2025-greenBox_x015872_y002560
Unknown_Sample,20260226_279_Gen_Alg_10_8_2_Colorado2025-greenBox.czi,Gen_alg,879.6,16403.0,2703.0,36,41,127.74,0.947,20260226_279_Gen_Alg_10_8_2_Colorado2025-greenBox_x016384_y002560
Unknown_Sample,20260226_279_Gen_Alg_10_8_2_Colorado2025-greenBox.czi,Gen_alg,821.11,16501.0,2826.0,36,38,121.74,0.944,20260226_279_Gen_Alg_10_8_2_Colorado2025-greenBox_x016384_y002560
Unknown_Sample,20260226_279_Gen_Alg_10_8_2_Colorado2025-greenBox.czi,Gen_alg,874.98,16668.0,2620.0,41,36,128.91,0.933,20260226_279_Gen_Alg_10_8_2_Colorado2025-greenBox_x016384_y002560
Unknown_Sample,20260226_279_Gen_Alg_10_8_2_Colorado2025-greenBox.czi,Gen_alg,345.91,624.0,3141.0,24,25,82.87,0.926,20260226_279_Gen_Alg_10_8_2_Colorado2025-greenBox_x000000_y003072
Unknown_Sample,20260226_279_Gen_Alg_10_8_2_Colorado2025-greenBox.czi,Gen_alg,471.35,842.0,3318.0,27,28,92.53,0.957,20260226_279_Gen_Alg_10_8_2_Colorado2025-greenBox_x000512_y003072
Unknown_Sample,20260226_279_Gen_Alg_10_8_2_Colorado2025-greenBox.czi,Gen_alg,322.06,624.0,3141.0,23,25,79.7,0.949,20260226_279_Gen_Alg_10_8_2_Colorado2025-greenBox_x000512_y003072
Unknown_Sample,20260226_279_Gen_Alg_10_8_2_Colorado2025-greenBox.czi,Gen_alg,367.46,925.0,3427.0,27,23,83.7,0.931,20260226_279_Gen_Alg_10_8_2_Colorado2025-greenBox_x000512_y003072
Unknown_Sample,20260226_279_Gen_Alg_10_8_2_Colorado2025-greenBox.czi,Gen_alg,652.58,1166.0,3085.0,35,30,110.77,0.965,20260226_279_Gen_Alg_10_8_2_Colorado2025-greenBox_x001024_y003072
Unknown_Sample,20260226_279_Gen_Alg_10_8_2_Colorado2025-greenBox.czi,Gen_alg,313.59,1536.0,3323.0,25,23,79.7,0.942,20260226_279_Gen_Alg_10_8_2_Colorado2025-greenBox_x001024_y003072
Unknown_Sample,20260226_279_Gen_Alg_10_8_2_Colorado2025-greenBox.czi,Gen_alg,844.2,2055.0,3287.0,38,37,124.91,0.965,20260226_279_Gen_Alg_10_8_2_Colorado2025-greenBox_x001536_y003072
Unknown_Sample,20260226_279_Gen_Alg_10_8_2_Colorado2025-greenBox.czi,Gen_alg,639.11,1960.0,3267.0,32,33,106.67,0.959,20260226_279_Gen_Alg_10_8_2_Colorado2025-greenBox_x001536_y003072
Unknown_Sample,20260226_279_Gen_Alg_10_8_2_Colorado2025-greenBox.czi,Gen_alg,163.53,1541.0,3326.0,13,23,61.56,0.936,20260226_279_Gen_Alg_10_8_2_Colorado2025-greenBox_x001536_y003072
Unknown_Sample,20260226_279_Gen_Alg_10_8_2_Colorado2025-greenBox.czi,Gen_alg,933.47,2206.0,3543.0,39,39,130.91,0.966,20260226_279_Gen_Alg_10_8_2_Colorado2025-greenBox_x002048_y003072
Unknown_Sample,20260226_279_Gen_Alg_10_8_2_Colorado2025-greenBox.czi,Gen_alg,829.58,2376.0,3286.0,37,36,122.08,0.966,20260226_279_Gen_Alg_10_8_2_Colorado2025-greenBox_x002048_y003072
Unknown_Sample,20260226_279_Gen_Alg_10_8_2_Colorado2025-greenBox.czi,Gen_alg,632.96,2059.0,3288.0,27,37,112.87,0.963,20260226_279_Gen_Alg_10_8_2_Colorado2025-greenBox_x002048_y003072
Unknown_Sample,20260226_279_Gen_Alg_10_8_2_Colorado2025-greenBox.czi,Gen_alg,689.9,2577.0,3430.0,33,34,111.84,0.959,20260226_279_Gen_Alg_10_8_2_Colorado2025-greenBox_x002048_y003072
Unknown_Sample,20260226_279_Gen_Alg_10_8_2_Colorado2025-greenBox.czi,Gen_alg,561.77,2211.0,3287.0,30,31,100.43,0.958,20260226_279_Gen_Alg_10_8_2_Colorado2025-greenBox_x002048_y003072
Unknown_Sample,20260226_279_Gen_Alg_10_8_2_Colorado2025-greenBox.czi,Gen_alg,484.82,2344.0,3596.0,28,28,95.11,0.956,20260226_279_Gen_Alg_10_8_2_Colorado2025-greenBox_x002048_y003072
Unknown_Sample,20260226_279_Gen_Alg_10_8_2_Colorado2025-greenBox.czi,Gen_alg,782.64,2833.0,3241.0,36,36,120.08,0.96,20260226_279_Gen_Alg_10_8_2_Colorado2025-greenBox_x002560_y003072
Unknown_Sample,20260226_279_Gen_Alg_10_8_2_Colorado2025-greenBox.czi,Gen_alg,859.98,2900.0,3106.0,38,38,125.15,0.96,20260226_279_Gen_Alg_10_8_2_Colorado2025-greenBox_x002560_y003072
Unknown_Sample,20260226_279_Gen_Alg_10_8_2_Colorado2025-greenBox.czi,Gen_alg,675.67,2986.0,3372.0,33,33,111.6,0.959,20260226_279_Gen_Alg_10_8_2_Colorado2025-greenBox_x002560_y003072
Unknown_Sample,20260226_279_Gen_Alg_10_8_2_Colorado2025-greenBox.czi,Gen_alg,694.91,2577.0,3430.0,33,34,112.43,0.957,20260226_279_Gen_Alg_10_8_2_Colorado2025-greenBox_x002560_y003072
Unknown_Sample,20260226_279_Gen_Alg_10_8_2_Colorado2025-greenBox.czi,Gen_alg,936.93,3267.0,3308.0,40,39,131.15,0.963,20260226_279_Gen_Alg_10_8_2_Colorado2025-greenBox_x003072_y003072
Unknown_Sample,20260226_279_Gen_Alg_10_8_2_Colorado2025-greenBox.czi,Gen_alg,730.69,3578.0,3125.0,34,36,116.67,0.961,20260226_279_Gen_Alg_10_8_2_Colorado2025-greenBox_x003072_y003072
Unknown_Sample,20260226_279_Gen_Alg_10_8_2_Colorado2025-greenBox.czi,Gen_alg,948.09,3348.0,3110.0,40,40,132.57,0.96,20260226_279_Gen_Alg_10_8_2_Colorado2025-greenBox_x003072_y003072
Unknown_Sample,20260226_279_Gen_Alg_10_8_2_Colorado2025-greenBox.czi,Gen_alg,560.23,3218.0,3089.0,30,31,102.77,0.96,20260226_279_Gen_Alg_10_8_2_Colorado2025-greenBox_x003072_y003072
Unknown_Sample,20260226_279_Gen_Alg_10_8_2_Colorado2025-greenBox.czi,Gen_alg,749.93,3315.0,3586.0,35,36,117.5,0.956,20260226_279_Gen_Alg_10_8_2_Colorado2025-greenBox_x003072_y003072
Unknown_Sample,20260226_279_Gen_Alg_10_8_2_Colorado2025-greenBox.czi,Gen_alg,278.96,3360.0,3077.0,36,14,87.21,0.929,20260226_279_Gen_Alg_10_8_2_Colorado2025-greenBox_x003072_y003072
Unknown_Sample,20260226_279_Gen_Alg_10_8_2_Colorado2025-greenBox.czi,Gen_alg,935.39,3830.0,3440.0,39,40,131.15,0.962,20260226_279_Gen_Alg_10_8_2_Colorado2025-greenBox_x003584_y003072
Unknown_Sample,20260226_279_Gen_Alg_10_8_2_Colorado2025-greenBox.czi,Gen_alg,603.33,4134.0,3184.0,31,32,105.6,0.961,20260226_279_Gen_Alg_10_8_2_Colorado2025-greenBox_x003584_y003072
Unknown_Sample,20260226_279_Gen_Alg_10_8_2_Colorado2025-greenBox.czi,Gen_alg,759.55,3910.0,3415.0,35,35,118.43,0.96,20260226_279_Gen_Alg_10_8_2_Colorado2025-greenBox_x003584_y003072
Unknown_Sample,20260226_279_Gen_Alg_10_8_2_Colorado2025-greenBox.czi,Gen_alg,676.05,3871.0,3428.0,34,34,111.15,0.956,20260226_279_Gen_Alg_10_8_2_Colorado2025-greenBox_x003584_y003072
Unknown_Sample,20260226_279_Gen_Alg_10_8_2_Colorado2025-greenBox.czi,Gen_alg,210.86,3588.0,3124.0,12,33,76.63,0.938,20260226_279_Gen_Alg_10_8_2_Colorado2025-greenBox_x003584_y003072
Unknown_Sample,20260226_279_Gen_Alg_10_8_2_Colorado2025-greenBox.czi,Gen_alg,345.91,4216.0,3234.0,16,35,90.38,0.898,20260226_279_Gen_Alg_10_8_2_Colorado2025-greenBox_x003584_y003072
Unknown_Sample,20260226_279_Gen_Alg_10_8_2_Colorado2025-greenBox.czi,Gen_alg,612.56,4135.0,3184.0,32,32,106.43,0.961,20260226_279_Gen_Alg_10_8_2_Colorado2025-greenBox_x004096_y003072
Unknown_Sample,20260226_279_Gen_Alg_10_8_2_Colorado2025-greenBox.czi,Gen_alg,765.32,4521.0,3190.0,36,35,117.5,0.961,20260226_279_Gen_Alg_10_8_2_Colorado2025-greenBox_x004096_y003072
Unknown_Sample,20260226_279_Gen_Alg_10_8_2_Colorado2025-greenBox.czi,Gen_alg,809.95,4673.0,3441.0,37,37,122.33,0.96,20260226_279_Gen_Alg_10_8_2_Colorado2025-greenBox_x004096_y003072
Unknown_Sample,20260226_279_Gen_Alg_10_8_2_Colorado2025-greenBox.czi,Gen_alg,739.93,4591.0,3627.0,34,35,114.67,0.96,20260226_279_Gen_Alg_10_8_2_Colorado2025-greenBox_x004096_y003072
Unknown_Sample,20260226_279_Gen_Alg_10_8_2_Colorado2025-greenBox.czi,Gen_alg,683.36,4222.0,3235.0,32,35,111.25,0.956,20260226_279_Gen_Alg_10_8_2_Colorado2025-greenBox_x004096_y003072
Unknown_Sample,20260226_279_Gen_Alg_10_8_2_Colorado2025-greenBox.czi,Gen_alg,305.9,4657.0,3703.0,30,17,82.38,0.909,20260226_279_Gen_Alg_10_8_2_Colorado2025-greenBox_x004096_y003072
Unknown_Sample,20260226_279_Gen_Alg_10_8_2_Colorado2025-greenBox.czi,Gen_alg,790.33,5159.0,3600.0,35,37,118.91,0.963,20260226_279_Gen_Alg_10_8_2_Colorado2025-greenBox_x004608_y003072
Unknown_Sample,20260226_279_Gen_Alg_10_8_2_Colorado2025-greenBox.czi,Gen_alg,747.24,5085.0,3662.0,35,35,116.08,0.963,20260226_279_Gen_Alg_10_8_2_Colorado2025-greenBox_x004608_y003072
Unknown_Sample,20260226_279_Gen_Alg_10_8_2_Colorado2025-greenBox.czi,Gen_alg,696.06,5055.0,3134.0,34,33,113.01,0.962,20260226_279_Gen_Alg_10_8_2_Colorado2025-greenBox_x004608_y003072
Unknown_Sample,20260226_279_Gen_Alg_10_8_2_Colorado2025-greenBox.czi,Gen_alg,809.95,4673.0,3441.0,37,37,122.33,0.96,20260226_279_Gen_Alg_10_8_2_Colorado2025-greenBox_x004608_y003072
Unknown_Sample,20260226_279_Gen_Alg_10_8_2_Colorado2025-greenBox.czi,Gen_alg,306.67,4657.0,3703.0,30,17,82.38,0.91,20260226_279_Gen_Alg_10_8_2_Colorado2025-greenBox_x004608_y003072
Unknown_Sample,20260226_279_Gen_Alg_10_8_2_Colorado2025-greenBox.czi,Gen_alg,728.38,5717.0,3536.0,34,35,114.67,0.963,20260226_279_Gen_Alg_10_8_2_Colorado2025-greenBox_x005120_y003072
Unknown_Sample,20260226_279_Gen_Alg_10_8_2_Colorado2025-greenBox.czi,Gen_alg,790.33,5159.0,3600.0,35,37,118.91,0.963,20260226_279_Gen_Alg_10_8_2_Colorado2025-greenBox_x005120_y003072
Unknown_Sample,20260226_279_Gen_Alg_10_8_2_Colorado2025-greenBox.czi,Gen_alg,770.71,5414.0,3181.0,36,35,118.67,0.961,20260226_279_Gen_Alg_10_8_2_Colorado2025-greenBox_x005120_y003072
Unknown_Sample,20260226_279_Gen_Alg_10_8_2_Colorado2025-greenBox.czi,Gen_alg,858.44,5483.0,3330.0,38,38,125.15,0.959,20260226_279_Gen_Alg_10_8_2_Colorado2025-greenBox_x005120_y003072
Unknown_Sample,20260226_279_Gen_Alg_10_8_2_Colorado2025-greenBox.czi,Gen_alg,626.03,5567.0,3339.0,32,32,107.01,0.957,20260226_279_Gen_Alg_10_8_2_Colorado2025-greenBox_x005120_y003072
Unknown_Sample,20260226_279_Gen_Alg_10_8_2_Colorado2025-greenBox.czi,Gen_alg,432.49,5749.0,3249.0,21,33,94.63,0.92,20260226_279_Gen_Alg_10_8_2_Colorado2025-greenBox_x005120_y003072
Unknown_Sample,20260226_279_Gen_Alg_10_8_2_Colorado2025-greenBox.czi,Gen_alg,728.38,5717.0,3536.0,34,35,114.67,0.963,20260226_279_Gen_Alg_10_8_2_Colorado2025-greenBox_x005632_y003072
Unknown_Sample,20260226_279_Gen_Alg_10_8_2_Colorado2025-greenBox.czi,Gen_alg,776.48,6174.0,3292.0,36,36,118.91,0.962,20260226_279_Gen_Alg_10_8_2_Colorado2025-greenBox_x005632_y003072
Unknown_Sample,20260226_279_Gen_Alg_10_8_2_Colorado2025-greenBox.czi,Gen_alg,604.87,5767.0,3166.0,29,34,105.6,0.956,20260226_279_Gen_Alg_10_8_2_Colorado2025-greenBox_x005632_y003072
Unknown_Sample,20260226_279_Gen_Alg_10_8_2_Colorado2025-greenBox.czi,Gen_alg,654.89,5754.0,3248.0,33,33,109.25,0.953,20260226_279_Gen_Alg_10_8_2_Colorado2025-greenBox_x005632_y003072
Unknown_Sample,20260226_279_Gen_Alg_10_8_2_Colorado2025-greenBox.czi,Gen_alg,816.88,6589.0,3512.0,39,35,121.15,0.964,20260226_279_Gen_Alg_10_8_2_Colorado2025-greenBox_x006144_y003072
Unknown_Sample,20260226_279_Gen_Alg_10_8_2_Colorado2025-greenBox.czi,Gen_alg,775.33,6174.0,3292.0,36,36,119.5,0.963,20260226_279_Gen_Alg_10_8_2_Colorado2025-greenBox_x006144_y003072
Unknown_Sample,20260226_279_Gen_Alg_10_8_2_Colorado2025-greenBox.czi,Gen_alg,777.25,6387.0,3120.0,38,33,119.25,0.961,20260226_279_Gen_Alg_10_8_2_Colorado2025-greenBox_x006144_y003072
Unknown_Sample,20260226_279_Gen_Alg_10_8_2_Colorado2025-greenBox.czi,Gen_alg,714.15,6305.0,3281.0,34,34,113.25,0.959,20260226_279_Gen_Alg_10_8_2_Colorado2025-greenBox_x006144_y003072
Unknown_Sample,20260226_279_Gen_Alg_10_8_2_Colorado2025-greenBox.czi,Gen_alg,627.57,6611.0,3632.0,33,32,107.84,0.959,20260226_279_Gen_Alg_10_8_2_Colorado2025-greenBox_x006144_y003072
Unknown_Sample,20260226_279_Gen_Alg_10_8_2_Colorado2025-greenBox.czi,Gen_alg,595.63,6685.0,3438.0,31,31,104.77,0.958,20260226_279_Gen_Alg_10_8_2_Colorado2025-greenBox_x006144_y003072
Unknown_Sample,20260226_279_Gen_Alg_10_8_2_Colorado2025-greenBox.czi,Gen_alg,602.56,6397.0,3255.0,31,32,105.6,0.957,20260226_279_Gen_Alg_10_8_2_Colorado2025-greenBox_x006144_y003072
Unknown_Sample,20260226_279_Gen_Alg_10_8_2_Colorado2025-greenBox.czi,Gen_alg,320.52,6367.0,3704.0,34,16,87.21,0.899,20260226_279_Gen_Alg_10_8_2_Colorado2025-greenBox_x006144_y003072
Unknown_Sample,20260226_279_Gen_Alg_10_8_2_Colorado2025-greenBox.czi,Gen_alg,808.42,7253.0,3310.0,36,38,122.33,0.961,20260226_279_Gen_Alg_10_8_2_Colorado2025-greenBox_x006656_y003072
Unknown_Sample,20260226_279_Gen_Alg_10_8_2_Colorado2025-greenBox.czi,Gen_alg,595.63,6685.0,3438.0,31,31,104.77,0.958,20260226_279_Gen_Alg_10_8_2_Colorado2025-greenBox_x006656_y003072
Unknown_Sample,20260226_279_Gen_Alg_10_8_2_Colorado2025-greenBox.czi,Gen_alg,306.28,7167.0,3442.0,26,19,76.63,0.943,20260226_279_Gen_Alg_10_8_2_Colorado2025-greenBox_x006656_y003072
Unknown_Sample,20260226_279_Gen_Alg_10_8_2_Colorado2025-greenBox.czi,Gen_alg,715.3,7677.0,3226.0,34,35,113.5,0.966,20260226_279_Gen_Alg_10_8_2_Colorado2025-greenBox_x007168_y003072
Unknown_Sample,20260226_279_Gen_Alg_10_8_2_Colorado2025-greenBox.czi,Gen_alg,646.42,7414.0,3606.0,34,31,108.43,0.962,20260226_279_Gen_Alg_10_8_2_Colorado2025-greenBox_x007168_y003072
Unknown_Sample,20260226_279_Gen_Alg_10_8_2_Colorado2025-greenBox.czi,Gen_alg,805.34,7253.0,3310.0,36,38,122.33,0.961,20260226_279_Gen_Alg_10_8_2_Colorado2025-greenBox_x007168_y003072
Unknown_Sample,20260226_279_Gen_Alg_10_8_2_Colorado2025-greenBox.czi,Gen_alg,743.39,7335.0,3203.0,36,35,116.91,0.96,20260226_279_Gen_Alg_10_8_2_Colorado2025-greenBox_x007168_y003072
Unknown_Sample,20260226_279_Gen_Alg_10_8_2_Colorado2025-greenBox.czi,Gen_alg,678.75,7646.0,3285.0,32,35,111.25,0.955,20260226_279_Gen_Alg_10_8_2_Colorado2025-greenBox_x007168_y003072
Unknown_Sample,20260226_279_Gen_Alg_10_8_2_Colorado2025-greenBox.czi,Gen_alg,504.83,7764.0,3694.0,30,28,95.6,0.955,20260226_279_Gen_Alg_10_8_2_Colorado2025-greenBox_x007168_y003072
Unknown_Sample,20260226_279_Gen_Alg_10_8_2_Colorado2025-greenBox.czi,Gen_alg,145.45,7173.0,3442.0,13,19,55.31,0.939,20260226_279_Gen_Alg_10_8_2_Colorado2025-greenBox_x007168_y003072
Unknown_Sample,20260226_279_Gen_Alg_10_8_2_Colorado2025-greenBox.czi,Gen_alg,671.82,8133.0,3194.0,33,34,111.25,0.963,20260226_279_Gen_Alg_10_8_2_Colorado2025-greenBox_x007680_y003072
Unknown_Sample,20260226_279_Gen_Alg_10_8_2_Colorado2025-greenBox.czi,Gen_alg,628.73,8079.0,3330.0,31,33,106.43,0.962,20260226_279_Gen_Alg_10_8_2_Colorado2025-greenBox_x007680_y003072
Unknown_Sample,20260226_279_Gen_Alg_10_8_2_Colorado2025-greenBox.czi,Gen_alg,581.4,7971.0,3507.0,32,30,104.18,0.961,20260226_279_Gen_Alg_10_8_2_Colorado2025-greenBox_x007680_y003072
Unknown_Sample,20260226_279_Gen_Alg_10_8_2_Colorado2025-greenBox.czi,Gen_alg,865.36,8023.0,3426.0,39,38,127.15,0.961,20260226_279_Gen_Alg_10_8_2_Colorado2025-greenBox_x007680_y003072
Unknown_Sample,20260226_279_Gen_Alg_10_8_2_Colorado2025-greenBox.czi,Gen_alg,902.3,8226.0,3171.0,38,39,127.15,0.961,20260226_279_Gen_Alg_10_8_2_Colorado2025-greenBox_x007680_y003072
Unknown_Sample,20260226_279_Gen_Alg_10_8_2_Colorado2025-greenBox.czi,Gen_alg,504.83,7764.0,3694.0,30,28,95.6,0.955,20260226_279_Gen_Alg_10_8_2_Colorado2025-greenBox_x007680_y003072
Unknown_Sample,20260226_279_Gen_Alg_10_8_2_Colorado2025-greenBox.czi,Gen_alg,288.2,7686.0,3227.0,15,33,83.21,0.942,20260226_279_Gen_Alg_10_8_2_Colorado2025-greenBox_x007680_y003072
Unknown_Sample,20260226_279_Gen_Alg_10_8_2_Colorado2025-greenBox.czi,Gen_alg,794.18,8717.0,3198.0,37,36,120.91,0.963,20260226_279_Gen_Alg_10_8_2_Colorado2025-greenBox_x008192_y003072
Unknown_Sample,20260226_279_Gen_Alg_10_8_2_Colorado2025-greenBox.czi,Gen_alg,903.84,8226.0,3171.0,38,39,127.15,0.96,20260226_279_Gen_Alg_10_8_2_Colorado2025-greenBox_x008192_y003072
Unknown_Sample,20260226_279_Gen_Alg_10_8_2_Colorado2025-greenBox.czi,Gen_alg,596.79,8373.0,3591.0,32,31,103.84,0.956,20260226_279_Gen_Alg_10_8_2_Colorado2025-greenBox_x008192_y003072
Unknown_Sample,20260226_279_Gen_Alg_10_8_2_Colorado2025-greenBox.czi,Gen_alg,590.63,8814.0,3291.0,30,32,104.18,0.952,20260226_279_Gen_Alg_10_8_2_Colorado2025-greenBox_x008192_y003072
Unknown_Sample,20260226_279_Gen_Alg_10_8_2_Colorado2025-greenBox.czi,Gen_alg,459.04,8821.0,3499.0,21,35,98.04,0.929,20260226_279_Gen_Alg_10_8_2_Colorado2025-greenBox_x008192_y003072
Unknown_Sample,20260226_279_Gen_Alg_10_8_2_Colorado2025-greenBox.czi,Gen_alg,743.0,8719.0,3198.0,33,36,118.18,0.965,20260226_279_Gen_Alg_10_8_2_Colorado2025-greenBox_x008704_y003072
Unknown_Sample,20260226_279_Gen_Alg_10_8_2_Colorado2025-greenBox.czi,Gen_alg,827.27,8890.0,3103.0,36,37,123.25,0.964,20260226_279_Gen_Alg_10_8_2_Colorado2025-greenBox_x008704_y003072
Unknown_Sample,20260226_279_Gen_Alg_10_8_2_Colorado2025-greenBox.czi,Gen_alg,789.56,9226.0,3208.0,36,36,118.91,0.962,20260226_279_Gen_Alg_10_8_2_Colorado2025-greenBox_x008704_y003072
Unknown_Sample,20260226_279_Gen_Alg_10_8_2_Colorado2025-greenBox.czi,Gen_alg,766.09,9074.0,3342.0,35,36,118.67,0.962,20260226_279_Gen_Alg_10_8_2_Colorado2025-greenBox_x008704_y003072
Unknown_Sample,20260226_279_Gen_Alg_10_8_2_Colorado2025-greenBox.czi,Gen_alg,720.3,9035.0,3594.0,35,34,114.08,0.962,20260226_279_Gen_Alg_10_8_2_Colorado2025-greenBox_x008704_y003072
Unknown_Sample,20260226_279_Gen_Alg_10_8_2_Colorado2025-greenBox.czi,Gen_alg,731.85,8890.0,3541.0,35,35,114.91,0.961,20260226_279_Gen_Alg_10_8_2_Colorado2025-greenBox_x008704_y003072
Unknown_Sample,20260226_279_Gen_Alg_10_8_2_Colorado2025-greenBox.czi,Gen_alg,675.28,8826.0,3500.0,32,35,109.5,0.961,20260226_279_Gen_Alg_10_8_2_Colorado2025-greenBox_x008704_y003072
Unknown_Sample,20260226_279_Gen_Alg_10_8_2_Colorado2025-greenBox.czi,Gen_alg,711.07,9290.0,3667.0,34,34,114.43,0.96,20260226_279_Gen_Alg_10_8_2_Colorado2025-greenBox_x008704_y003072
Unknown_Sample,20260226_279_Gen_Alg_10_8_2_Colorado2025-greenBox.czi,Gen_alg,740.7,9018.0,3420.0,35,34,115.84,0.959,20260226_279_Gen_Alg_10_8_2_Colorado2025-greenBox_x008704_y003072
Unknown_Sample,20260226_279_Gen_Alg_10_8_2_Colorado2025-greenBox.czi,Gen_alg,577.55,9212.0,3313.0,32,30,103.01,0.958,20260226_279_Gen_Alg_10_8_2_Colorado2025-greenBox_x008704_y003072
Unknown_Sample,20260226_279_Gen_Alg_10_8_2_Colorado2025-greenBox.czi,Gen_alg,589.48,8814.0,3291.0,30,32,103.6,0.958,20260226_279_Gen_Alg_10_8_2_Colorado2025-greenBox_x008704_y003072
Unknown_Sample,20260226_279_Gen_Alg_10_8_2_Colorado2025-greenBox.czi,Gen_alg,531.76,9178.0,3102.0,29,30,98.77,0.958,20260226_279_Gen_Alg_10_8_2_Colorado2025-greenBox_x008704_y003072
Unknown_Sample,20260226_279_Gen_Alg_10_8_2_Colorado2025-greenBox.czi,Gen_alg,534.07,8981.0,3567.0,30,30,99.6,0.955,20260226_279_Gen_Alg_10_8_2_Colorado2025-greenBox_x008704_y003072
Unknown_Sample,20260226_279_Gen_Alg_10_8_2_Colorado2025-greenBox.czi,Gen_alg,666.43,9228.0,3208.0,29,36,113.11,0.967,20260226_279_Gen_Alg_10_8_2_Colorado2025-greenBox_x009216_y003072
Unknown_Sample,20260226_279_Gen_Alg_10_8_2_Colorado2025-greenBox.czi,Gen_alg,601.79,9499.0,3504.0,32,31,104.43,0.961,20260226_279_Gen_Alg_10_8_2_Colorado2025-greenBox_x009216_y003072
Unknown_Sample,20260226_279_Gen_Alg_10_8_2_Colorado2025-greenBox.czi,Gen_alg,676.44,9610.0,3526.0,33,34,112.43,0.96,20260226_279_Gen_Alg_10_8_2_Colorado2025-greenBox_x009216_y003072
Unknown_Sample,20260226_279_Gen_Alg_10_8_2_Colorado2025-greenBox.czi,Gen_alg,710.3,9290.0,3667.0,34,34,114.43,0.96,20260226_279_Gen_Alg_10_8_2_Colorado2025-greenBox_x009216_y003072
Unknown_Sample,20260226_279_Gen_Alg_10_8_2_Colorado2025-greenBox.czi,Gen_alg,829.19,9579.0,3492.0,38,36,122.33,0.959,20260226_279_Gen_Alg_10_8_2_Colorado2025-greenBox_x009216_y003072
Unknown_Sample,20260226_279_Gen_Alg_10_8_2_Colorado2025-greenBox.czi,Gen_alg,721.07,9561.0,3237.0,35,34,114.08,0.958,20260226_279_Gen_Alg_10_8_2_Colorado2025-greenBox_x009216_y003072
Unknown_Sample,20260226_279_Gen_Alg_10_8_2_Colorado2025-greenBox.czi,Gen_alg,622.18,9536.0,3482.0,32,32,105.84,0.957,20260226_279_Gen_Alg_10_8_2_Colorado2025-greenBox_x009216_y003072
Unknown_Sample,20260226_279_Gen_Alg_10_8_2_Colorado2025-greenBox.czi,Gen_alg,637.58,9557.0,3198.0,33,32,107.84,0.955,20260226_279_Gen_Alg_10_8_2_Colorado2025-greenBox_x009216_y003072
Unknown_Sample,20260226_279_Gen_Alg_10_8_2_Colorado2025-greenBox.czi,Gen_alg,713.38,9599.0,3293.0,34,34,114.43,0.955,20260226_279_Gen_Alg_10_8_2_Colorado2025-greenBox_x009216_y003072
Unknown_Sample,20260226_279_Gen_Alg_10_8_2_Colorado2025-greenBox.czi,Gen_alg,210.09,9221.0,3313.0,13,29,72.97,0.936,20260226_279_Gen_Alg_10_8_2_Colorado2025-greenBox_x009216_y003072
Unknown_Sample,20260226_279_Gen_Alg_10_8_2_Colorado2025-greenBox.czi,Gen_alg,734.54,10173.0,3556.0,36,35,115.15,0.96,20260226_279_Gen_Alg_10_8_2_Colorado2025-greenBox_x009728_y003072
Unknown_Sample,20260226_279_Gen_Alg_10_8_2_Colorado2025-greenBox.czi,Gen_alg,786.48,10136.0,3218.0,36,36,120.08,0.959,20260226_279_Gen_Alg_10_8_2_Colorado2025-greenBox_x009728_y003072
Unknown_Sample,20260226_279_Gen_Alg_10_8_2_Colorado2025-greenBox.czi,Gen_alg,809.57,10004.0,3622.0,37,36,120.91,0.958,20260226_279_Gen_Alg_10_8_2_Colorado2025-greenBox_x009728_y003072
Unknown_Sample,20260226_279_Gen_Alg_10_8_2_Colorado2025-greenBox.czi,Gen_alg,650.27,10105.0,3128.0,34,32,109.25,0.958,20260226_279_Gen_Alg_10_8_2_Colorado2025-greenBox_x009728_y003072
Unknown_Sample,20260226_279_Gen_Alg_10_8_2_Colorado2025-greenBox.czi,Gen_alg,577.93,10129.0,3602.0,29,32,103.94,0.957,20260226_279_Gen_Alg_10_8_2_Colorado2025-greenBox_x009728_y003072
Unknown_Sample,20260226_279_Gen_Alg_10_8_2_Colorado2025-greenBox.czi,Gen_alg,509.06,10170.0,3605.0,29,30,98.18,0.957,20260226_279_Gen_Alg_10_8_2_Colorado2025-greenBox_x009728_y003072
Unknown_Sample,20260226_279_Gen_Alg_10_8_2_Colorado2025-greenBox.czi,Gen_alg,635.65,10335.0,3479.0,33,32,108.43,0.956,20260226_279_Gen_Alg_10_8_2_Colorado2025-greenBox_x009728_y003072
Unknown_Sample,20260226_279_Gen_Alg_10_8_2_Colorado2025-greenBox.czi,Gen_alg,538.3,10257.0,3398.0,31,29,100.18,0.955,20260226_279_Gen_Alg_10_8_2_Colorado2025-greenBox_x009728_y003072
Unknown_Sample,20260226_279_Gen_Alg_10_8_2_Colorado2025-greenBox.czi,Gen_alg,387.09,10358.0,3098.0,19,33,90.63,0.92,20260226_279_Gen_Alg_10_8_2_Colorado2025-greenBox_x009728_y003072
Unknown_Sample,20260226_279_Gen_Alg_10_8_2_Colorado2025-greenBox.czi,Gen_alg,616.41,10364.0,3098.0,31,33,106.43,0.962,20260226_279_Gen_Alg_10_8_2_Colorado2025-greenBox_x010240_y003072
Unknown_Sample,20260226_279_Gen_Alg_10_8_2_Colorado2025-greenBox.czi,Gen_alg,744.93,10625.0,3611.0,35,36,116.91,0.961,20260226_279_Gen_Alg_10_8_2_Colorado2025-greenBox_x010240_y003072
Unknown_Sample,20260226_279_Gen_Alg_10_8_2_Colorado2025-greenBox.czi,Gen_alg,782.64,10570.0,3283.0,36,36,117.74,0.96,20260226_279_Gen_Alg_10_8_2_Colorado2025-greenBox_x010240_y003072
Unknown_Sample,20260226_279_Gen_Alg_10_8_2_Colorado2025-greenBox.czi,Gen_alg,691.83,10816.0,3281.0,34,33,112.43,0.959,20260226_279_Gen_Alg_10_8_2_Colorado2025-greenBox_x010240_y003072
Unknown_Sample,20260226_279_Gen_Alg_10_8_2_Colorado2025-greenBox.czi,Gen_alg,718.76,10470.0,3629.0,35,34,114.08,0.959,20260226_279_Gen_Alg_10_8_2_Colorado2025-greenBox_x010240_y003072
Unknown_Sample,20260226_279_Gen_Alg_10_8_2_Colorado2025-greenBox.czi,Gen_alg,479.05,10585.0,3358.0,28,28,93.36,0.957,20260226_279_Gen_Alg_10_8_2_Colorado2025-greenBox_x010240_y003072
Unknown_Sample,20260226_279_Gen_Alg_10_8_2_Colorado2025-greenBox.czi,Gen_alg,636.42,10335.0,3479.0,33,32,108.43,0.957,20260226_279_Gen_Alg_10_8_2_Colorado2025-greenBox_x010240_y003072
Unknown_Sample,20260226_279_Gen_Alg_10_8_2_Colorado2025-greenBox.czi,Gen_alg,538.3,10257.0,3398.0,31,29,100.18,0.955,20260226_279_Gen_Alg_10_8_2_Colorado2025-greenBox_x010240_y003072
Unknown_Sample,20260226_279_Gen_Alg_10_8_2_Colorado2025-greenBox.czi,Gen_alg,594.48,10388.0,3128.0,31,32,103.84,0.954,20260226_279_Gen_Alg_10_8_2_Colorado2025-greenBox_x010240_y003072
Unknown_Sample,20260226_279_Gen_Alg_10_8_2_Colorado2025-greenBox.czi,Gen_alg,622.18,10862.0,3160.0,32,31,106.18,0.952,20260226_279_Gen_Alg_10_8_2_Colorado2025-greenBox_x010240_y003072
Unknown_Sample,20260226_279_Gen_Alg_10_8_2_Colorado2025-greenBox.czi,Gen_alg,415.56,10550.0,3119.0,23,31,89.94,0.936,20260226_279_Gen_Alg_10_8_2_Colorado2025-greenBox_x010240_y003072
Unknown_Sample,20260226_279_Gen_Alg_10_8_2_Colorado2025-greenBox.czi,Gen_alg,408.25,10530.0,3137.0,29,24,87.36,0.924,20260226_279_Gen_Alg_10_8_2_Colorado2025-greenBox_x010240_y003072
Unknown_Sample,20260226_279_Gen_Alg_10_8_2_Colorado2025-greenBox.czi,Gen_alg,750.7,11006.0,3230.0,35,35,115.5,0.963,20260226_279_Gen_Alg_10_8_2_Colorado2025-greenBox_x010752_y003072
Unknown_Sample,20260226_279_Gen_Alg_10_8_2_Colorado2025-greenBox.czi,Gen_alg,622.18,10862.0,3160.0,32,31,106.18,0.961,20260226_279_Gen_Alg_10_8_2_Colorado2025-greenBox_x010752_y003072
Unknown_Sample,20260226_279_Gen_Alg_10_8_2_Colorado2025-greenBox.czi,Gen_alg,690.29,10816.0,3281.0,34,33,112.43,0.96,20260226_279_Gen_Alg_10_8_2_Colorado2025-greenBox_x010752_y003072
Unknown_Sample,20260226_279_Gen_Alg_10_8_2_Colorado2025-greenBox.czi,Gen_alg,668.74,11004.0,3502.0,34,33,111.25,0.959,20260226_279_Gen_Alg_10_8_2_Colorado2025-greenBox_x010752_y003072
Unknown_Sample,20260226_279_Gen_Alg_10_8_2_Colorado2025-greenBox.czi,Gen_alg,686.06,10935.0,3287.0,34,33,111.84,0.959,20260226_279_Gen_Alg_10_8_2_Colorado2025-greenBox_x010752_y003072
Unknown_Sample,20260226_279_Gen_Alg_10_8_2_Colorado2025-greenBox.czi,Gen_alg,668.74,10934.0,3239.0,35,32,110.08,0.959,20260226_279_Gen_Alg_10_8_2_Colorado2025-greenBox_x010752_y003072
Unknown_Sample,20260226_279_Gen_Alg_10_8_2_Colorado2025-greenBox.czi,Gen_alg,329.37,10900.0,3131.0,19,29,81.46,0.954,20260226_279_Gen_Alg_10_8_2_Colorado2025-greenBox_x010752_y003072
Unknown_Sample,20260226_279_Gen_Alg_10_8_2_Colorado2025-greenBox.czi,Gen_alg,656.81,11651.0,3297.0,32,33,109.01,0.959,20260226_279_Gen_Alg_10_8_2_Colorado2025-greenBox_x011264_y003072
Unknown_Sample,20260226_279_Gen_Alg_10_8_2_Colorado2025-greenBox.czi,Gen_alg,901.15,12360.0,3601.0,38,38,128.08,0.965,20260226_279_Gen_Alg_10_8_2_Colorado2025-greenBox_x011776_y003072
Unknown_Sample,20260226_279_Gen_Alg_10_8_2_Colorado2025-greenBox.czi,Gen_alg,767.63,12053.0,3534.0,35,36,117.5,0.961,20260226_279_Gen_Alg_10_8_2_Colorado2025-greenBox_x011776_y003072
Unknown_Sample,20260226_279_Gen_Alg_10_8_2_Colorado2025-greenBox.czi,Gen_alg,718.38,12186.0,3182.0,34,34,112.67,0.96,20260226_279_Gen_Alg_10_8_2_Colorado2025-greenBox_x011776_y003072
Unknown_Sample,20260226_279_Gen_Alg_10_8_2_Colorado2025-greenBox.czi,Gen_alg,559.85,12213.0,3579.0,31,30,102.18,0.958,20260226_279_Gen_Alg_10_8_2_Colorado2025-greenBox_x011776_y003072
Unknown_Sample,20260226_279_Gen_Alg_10_8_2_Colorado2025-greenBox.czi,Gen_alg,477.51,12293.0,3515.0,28,28,93.36,0.957,20260226_279_Gen_Alg_10_8_2_Colorado2025-greenBox_x011776_y003072
Unknown_Sample,20260226_279_Gen_Alg_10_8_2_Colorado2025-greenBox.czi,Gen_alg,717.22,12831.0,3087.0,35,33,116.77,0.967,20260226_279_Gen_Alg_10_8_2_Colorado2025-greenBox_x012288_y003072
Unknown_Sample,20260226_279_Gen_Alg_10_8_2_Colorado2025-greenBox.czi,Gen_alg,901.15,12360.0,3601.0,38,38,128.08,0.965,20260226_279_Gen_Alg_10_8_2_Colorado2025-greenBox_x012288_y003072
Unknown_Sample,20260226_279_Gen_Alg_10_8_2_Colorado2025-greenBox.czi,Gen_alg,351.69,12296.0,3515.0,20,28,83.8,0.962,20260226_279_Gen_Alg_10_8_2_Colorado2025-greenBox_x012288_y003072
Unknown_Sample,20260226_279_Gen_Alg_10_8_2_Colorado2025-greenBox.czi,Gen_alg,669.13,12732.0,3471.0,33,32,110.18,0.961,20260226_279_Gen_Alg_10_8_2_Colorado2025-greenBox_x012288_y003072
Unknown_Sample,20260226_279_Gen_Alg_10_8_2_Colorado2025-greenBox.czi,Gen_alg,625.65,12493.0,3330.0,32,32,107.6,0.96,20260226_279_Gen_Alg_10_8_2_Colorado2025-greenBox_x012288_y003072
Unknown_Sample,20260226_279_Gen_Alg_10_8_2_Colorado2025-greenBox.czi,Gen_alg,717.22,12831.0,3087.0,35,33,116.77,0.966,20260226_279_Gen_Alg_10_8_2_Colorado2025-greenBox_x012800_y003072
Unknown_Sample,20260226_279_Gen_Alg_10_8_2_Colorado2025-greenBox.czi,Gen_alg,671.05,13269.0,3468.0,34,32,109.25,0.962,20260226_279_Gen_Alg_10_8_2_Colorado2025-greenBox_x012800_y003072
Unknown_Sample,20260226_279_Gen_Alg_10_8_2_Colorado2025-greenBox.czi,Gen_alg,680.29,12984.0,3412.0,33,34,111.25,0.96,20260226_279_Gen_Alg_10_8_2_Colorado2025-greenBox_x012800_y003072
Unknown_Sample,20260226_279_Gen_Alg_10_8_2_Colorado2025-greenBox.czi,Gen_alg,719.15,13336.0,3210.0,35,34,115.84,0.959,20260226_279_Gen_Alg_10_8_2_Colorado2025-greenBox_x012800_y003072
Unknown_Sample,20260226_279_Gen_Alg_10_8_2_Colorado2025-greenBox.czi,Gen_alg,736.08,13168.0,3265.0,36,34,116.67,0.959,20260226_279_Gen_Alg_10_8_2_Colorado2025-greenBox_x012800_y003072
Unknown_Sample,20260226_279_Gen_Alg_10_8_2_Colorado2025-greenBox.czi,Gen_alg,984.26,12981.0,3635.0,41,40,133.4,0.958,20260226_279_Gen_Alg_10_8_2_Colorado2025-greenBox_x012800_y003072
Unknown_Sample,20260226_279_Gen_Alg_10_8_2_Colorado2025-greenBox.czi,Gen_alg,632.57,13213.0,3493.0,33,32,107.25,0.956,20260226_279_Gen_Alg_10_8_2_Colorado2025-greenBox_x012800_y003072
Unknown_Sample,20260226_279_Gen_Alg_10_8_2_Colorado2025-greenBox.czi,Gen_alg,671.05,13062.0,3555.0,33,33,110.43,0.956,20260226_279_Gen_Alg_10_8_2_Colorado2025-greenBox_x012800_y003072
Unknown_Sample,20260226_279_Gen_Alg_10_8_2_Colorado2025-greenBox.czi,Gen_alg,706.83,13326.0,3598.0,35,34,113.5,0.952,20260226_279_Gen_Alg_10_8_2_Colorado2025-greenBox_x012800_y003072
Unknown_Sample,20260226_279_Gen_Alg_10_8_2_Colorado2025-greenBox.czi,Gen_alg,183.92,12967.0,3706.0,33,10,73.8,0.858,20260226_279_Gen_Alg_10_8_2_Colorado2025-greenBox_x012800_y003072
Unknown_Sample,20260226_279_Gen_Alg_10_8_2_Colorado2025-greenBox.czi,Gen_alg,691.44,13819.0,3086.0,36,32,116.18,0.962,20260226_279_Gen_Alg_10_8_2_Colorado2025-greenBox_x013312_y003072
Unknown_Sample,20260226_279_Gen_Alg_10_8_2_Colorado2025-greenBox.czi,Gen_alg,721.07,13336.0,3210.0,35,34,115.25,0.959,20260226_279_Gen_Alg_10_8_2_Colorado2025-greenBox_x013312_y003072
Unknown_Sample,20260226_279_Gen_Alg_10_8_2_Colorado2025-greenBox.czi,Gen_alg,694.91,13327.0,3598.0,33,34,114.77,0.956,20260226_279_Gen_Alg_10_8_2_Colorado2025-greenBox_x013312_y003072
Unknown_Sample,20260226_279_Gen_Alg_10_8_2_Colorado2025-greenBox.czi,Gen_alg,648.73,14003.0,3675.0,33,33,109.25,0.962,20260226_279_Gen_Alg_10_8_2_Colorado2025-greenBox_x013824_y003072
Unknown_Sample,20260226_279_Gen_Alg_10_8_2_Colorado2025-greenBox.czi,Gen_alg,624.11,14434.0,3559.0,32,32,105.25,0.96,20260226_279_Gen_Alg_10_8_2_Colorado2025-greenBox_x013824_y003072
Unknown_Sample,20260226_279_Gen_Alg_10_8_2_Colorado2025-greenBox.czi,Gen_alg,510.21,14431.0,3634.0,29,29,96.77,0.954,20260226_279_Gen_Alg_10_8_2_Colorado2025-greenBox_x013824_y003072
Unknown_Sample,20260226_279_Gen_Alg_10_8_2_Colorado2025-greenBox.czi,Gen_alg,512.91,14228.0,3573.0,25,34,98.18,0.952,20260226_279_Gen_Alg_10_8_2_Colorado2025-greenBox_x013824_y003072
Unknown_Sample,20260226_279_Gen_Alg_10_8_2_Colorado2025-greenBox.czi,Gen_alg,238.18,13829.0,3085.0,14,31,79.56,0.937,20260226_279_Gen_Alg_10_8_2_Colorado2025-greenBox_x013824_y003072
Unknown_Sample,20260226_279_Gen_Alg_10_8_2_Colorado2025-greenBox.czi,Gen_alg,625.65,14434.0,3559.0,32,32,105.25,0.96,20260226_279_Gen_Alg_10_8_2_Colorado2025-greenBox_x014336_y003072
Unknown_Sample,20260226_279_Gen_Alg_10_8_2_Colorado2025-greenBox.czi,Gen_alg,737.23,14858.0,3577.0,35,35,117.25,0.958,20260226_279_Gen_Alg_10_8_2_Colorado2025-greenBox_x014336_y003072
Unknown_Sample,20260226_279_Gen_Alg_10_8_2_Colorado2025-greenBox.czi,Gen_alg,589.86,14913.0,3457.0,32,31,103.84,0.956,20260226_279_Gen_Alg_10_8_2_Colorado2025-greenBox_x014336_y003072
Unknown_Sample,20260226_279_Gen_Alg_10_8_2_Colorado2025-greenBox.czi,Gen_alg,511.37,14431.0,3634.0,29,29,96.18,0.955,20260226_279_Gen_Alg_10_8_2_Colorado2025-greenBox_x014336_y003072
Unknown_Sample,20260226_279_Gen_Alg_10_8_2_Colorado2025-greenBox.czi,Gen_alg,648.35,14865.0,3149.0,33,34,109.5,0.946,20260226_279_Gen_Alg_10_8_2_Colorado2025-greenBox_x014336_y003072
Unknown_Sample,20260226_279_Gen_Alg_10_8_2_Colorado2025-greenBox.czi,Gen_alg,633.34,14860.0,3577.0,28,35,111.46,0.963,20260226_279_Gen_Alg_10_8_2_Colorado2025-greenBox_x014848_y003072
Unknown_Sample,20260226_279_Gen_Alg_10_8_2_Colorado2025-greenBox.czi,Gen_alg,658.74,15331.0,3489.0,34,32,110.43,0.962,20260226_279_Gen_Alg_10_8_2_Colorado2025-greenBox_x014848_y003072
Unknown_Sample,20260226_279_Gen_Alg_10_8_2_Colorado2025-greenBox.czi,Gen_alg,985.41,15224.0,3095.0,41,40,135.15,0.961,20260226_279_Gen_Alg_10_8_2_Colorado2025-greenBox_x014848_y003072
Unknown_Sample,20260226_279_Gen_Alg_10_8_2_Colorado2025-greenBox.czi,Gen_alg,740.31,15083.0,3330.0,34,37,116.91,0.96,20260226_279_Gen_Alg_10_8_2_Colorado2025-greenBox_x014848_y003072
Unknown_Sample,20260226_279_Gen_Alg_10_8_2_Colorado2025-greenBox.czi,Gen_alg,589.86,14913.0,3457.0,32,31,103.84,0.956,20260226_279_Gen_Alg_10_8_2_Colorado2025-greenBox_x014848_y003072
Unknown_Sample,20260226_279_Gen_Alg_10_8_2_Colorado2025-greenBox.czi,Gen_alg,778.4,15426.0,3113.0,36,38,118.81,0.955,20260226_279_Gen_Alg_10_8_2_Colorado2025-greenBox_x014848_y003072
Unknown_Sample,20260226_279_Gen_Alg_10_8_2_Colorado2025-greenBox.czi,Gen_alg,625.65,15299.0,3378.0,33,33,106.91,0.953,20260226_279_Gen_Alg_10_8_2_Colorado2025-greenBox_x014848_y003072
Unknown_Sample,20260226_279_Gen_Alg_10_8_2_Colorado2025-greenBox.czi,Gen_alg,649.12,14865.0,3149.0,33,34,109.5,0.943,20260226_279_Gen_Alg_10_8_2_Colorado2025-greenBox_x014848_y003072
Unknown_Sample,20260226_279_Gen_Alg_10_8_2_Colorado2025-greenBox.czi,Gen_alg,282.81,15331.0,3555.0,26,19,74.87,0.942,20260226_279_Gen_Alg_10_8_2_Colorado2025-greenBox_x014848_y003072
Unknown_Sample,20260226_279_Gen_Alg_10_8_2_Colorado2025-greenBox.czi,Gen_alg,303.2,15480.0,3482.0,16,33,85.8,0.9,20260226_279_Gen_Alg_10_8_2_Colorado2025-greenBox_x014848_y003072
Unknown_Sample,20260226_279_Gen_Alg_10_8_2_Colorado2025-greenBox.czi,Gen_alg,756.09,15489.0,3482.0,37,34,117.5,0.96,20260226_279_Gen_Alg_10_8_2_Colorado2025-greenBox_x015360_y003072
Unknown_Sample,20260226_279_Gen_Alg_10_8_2_Colorado2025-greenBox.czi,Gen_alg,589.48,15604.0,3154.0,30,32,102.43,0.958,20260226_279_Gen_Alg_10_8_2_Colorado2025-greenBox_x015360_y003072
Unknown_Sample,20260226_279_Gen_Alg_10_8_2_Colorado2025-greenBox.czi,Gen_alg,787.25,15717.0,3176.0,35,36,119.25,0.956,20260226_279_Gen_Alg_10_8_2_Colorado2025-greenBox_x015360_y003072
Unknown_Sample,20260226_279_Gen_Alg_10_8_2_Colorado2025-greenBox.czi,Gen_alg,780.33,15426.0,3114.0,36,38,118.23,0.954,20260226_279_Gen_Alg_10_8_2_Colorado2025-greenBox_x015360_y003072
Unknown_Sample,20260226_279_Gen_Alg_10_8_2_Colorado2025-greenBox.czi,Gen_alg,694.91,15507.0,3657.0,36,32,113.25,0.95,20260226_279_Gen_Alg_10_8_2_Colorado2025-greenBox_x015360_y003072
Unknown_Sample,20260226_279_Gen_Alg_10_8_2_Colorado2025-greenBox.czi,Gen_alg,563.7,15962.0,3171.0,30,30,102.53,0.95,20260226_279_Gen_Alg_10_8_2_Colorado2025-greenBox_x015360_y003072
Unknown_Sample,20260226_279_Gen_Alg_10_8_2_Colorado2025-greenBox.czi,Gen_alg,689.9,15525.0,3508.0,34,35,112.33,0.948,20260226_279_Gen_Alg_10_8_2_Colorado2025-greenBox_x015360_y003072
Unknown_Sample,20260226_279_Gen_Alg_10_8_2_Colorado2025-greenBox.czi,Gen_alg,776.09,15926.0,3181.0,35,37,119.5,0.945,20260226_279_Gen_Alg_10_8_2_Colorado2025-greenBox_x015360_y003072
Unknown_Sample,20260226_279_Gen_Alg_10_8_2_Colorado2025-greenBox.czi,Gen_alg,763.4,15982.0,3245.0,33,36,118.77,0.937,20260226_279_Gen_Alg_10_8_2_Colorado2025-greenBox_x015360_y003072
Unknown_Sample,20260226_279_Gen_Alg_10_8_2_Colorado2025-greenBox.czi,Gen_alg,768.78,16033.0,3129.0,38,33,118.08,0.952,20260226_279_Gen_Alg_10_8_2_Colorado2025-greenBox_x015872_y003072
Unknown_Sample,20260226_279_Gen_Alg_10_8_2_Colorado2025-greenBox.czi,Gen_alg,778.4,15982.0,3245.0,33,37,119.01,0.947,20260226_279_Gen_Alg_10_8_2_Colorado2025-greenBox_x015872_y003072
Unknown_Sample,20260226_279_Gen_Alg_10_8_2_Colorado2025-greenBox.czi,Gen_alg,605.25,15962.0,3172.0,32,31,105.01,0.945,20260226_279_Gen_Alg_10_8_2_Colorado2025-greenBox_x015872_y003072
Unknown_Sample,20260226_279_Gen_Alg_10_8_2_Colorado2025-greenBox.czi,Gen_alg,796.1,16279.0,3644.0,35,37,120.67,0.943,20260226_279_Gen_Alg_10_8_2_Colorado2025-greenBox_x015872_y003072
Unknown_Sample,20260226_279_Gen_Alg_10_8_2_Colorado2025-greenBox.czi,Gen_alg,806.49,15926.0,3181.0,36,37,122.08,0.936,20260226_279_Gen_Alg_10_8_2_Colorado2025-greenBox_x015872_y003072
Unknown_Sample,20260226_279_Gen_Alg_10_8_2_Colorado2025-greenBox.czi,Gen_alg,931.16,16536.0,3427.0,42,36,129.74,0.944,20260226_279_Gen_Alg_10_8_2_Colorado2025-greenBox_x016384_y003072
Unknown_Sample,20260226_279_Gen_Alg_10_8_2_Colorado2025-greenBox.czi,Gen_alg,1001.57,16658.0,3358.0,38,43,135.15,0.937,20260226_279_Gen_Alg_10_8_2_Colorado2025-greenBox_x016384_y003072
Unknown_Sample,20260226_279_Gen_Alg_10_8_2_Colorado2025-greenBox.czi,Gen_alg,329.75,890.0,4197.0,24,22,78.04,0.931,20260226_279_Gen_Alg_10_8_2_Colorado2025-greenBox_x000512_y003584
Unknown_Sample,20260226_279_Gen_Alg_10_8_2_Colorado2025-greenBox.czi,Gen_alg,745.7,831.0,4211.0,43,27,124.28,0.926,20260226_279_Gen_Alg_10_8_2_Colorado2025-greenBox_x000512_y003584
Unknown_Sample,20260226_279_Gen_Alg_10_8_2_Colorado2025-greenBox.czi,Gen_alg,717.22,1477.0,3862.0,35,34,114.08,0.961,20260226_279_Gen_Alg_10_8_2_Colorado2025-greenBox_x001024_y003584
Unknown_Sample,20260226_279_Gen_Alg_10_8_2_Colorado2025-greenBox.czi,Gen_alg,641.04,2066.0,4055.0,33,32,107.25,0.961,20260226_279_Gen_Alg_10_8_2_Colorado2025-greenBox_x001536_y003584
Unknown_Sample,20260226_279_Gen_Alg_10_8_2_Colorado2025-greenBox.czi,Gen_alg,712.99,2032.0,4022.0,34,34,115.01,0.961,20260226_279_Gen_Alg_10_8_2_Colorado2025-greenBox_x001536_y003584
Unknown_Sample,20260226_279_Gen_Alg_10_8_2_Colorado2025-greenBox.czi,Gen_alg,730.31,1816.0,3841.0,35,34,116.43,0.959,20260226_279_Gen_Alg_10_8_2_Colorado2025-greenBox_x001536_y003584
Unknown_Sample,20260226_279_Gen_Alg_10_8_2_Colorado2025-greenBox.czi,Gen_alg,679.9,2221.0,3779.0,34,33,110.67,0.966,20260226_279_Gen_Alg_10_8_2_Colorado2025-greenBox_x002048_y003584
Unknown_Sample,20260226_279_Gen_Alg_10_8_2_Colorado2025-greenBox.czi,Gen_alg,481.36,2344.0,3596.0,28,27,94.87,0.961,20260226_279_Gen_Alg_10_8_2_Colorado2025-greenBox_x002048_y003584
Unknown_Sample,20260226_279_Gen_Alg_10_8_2_Colorado2025-greenBox.czi,Gen_alg,864.21,2648.0,3730.0,38,38,124.57,0.961,20260226_279_Gen_Alg_10_8_2_Colorado2025-greenBox_x002048_y003584
Unknown_Sample,20260226_279_Gen_Alg_10_8_2_Colorado2025-greenBox.czi,Gen_alg,646.04,2066.0,4055.0,33,32,107.84,0.96,20260226_279_Gen_Alg_10_8_2_Colorado2025-greenBox_x002048_y003584
Unknown_Sample,20260226_279_Gen_Alg_10_8_2_Colorado2025-greenBox.czi,Gen_alg,231.25,2535.0,3928.0,17,22,66.38,0.946,20260226_279_Gen_Alg_10_8_2_Colorado2025-greenBox_x002048_y003584
Unknown_Sample,20260226_279_Gen_Alg_10_8_2_Colorado2025-greenBox.czi,Gen_alg,864.98,2648.0,3730.0,38,38,124.57,0.961,20260226_279_Gen_Alg_10_8_2_Colorado2025-greenBox_x002560_y003584
Unknown_Sample,20260226_279_Gen_Alg_10_8_2_Colorado2025-greenBox.czi,Gen_alg,838.81,3029.0,4020.0,37,38,123.74,0.961,20260226_279_Gen_Alg_10_8_2_Colorado2025-greenBox_x002560_y003584
Unknown_Sample,20260226_279_Gen_Alg_10_8_2_Colorado2025-greenBox.czi,Gen_alg,621.03,3081.0,3909.0,30,34,107.6,0.958,20260226_279_Gen_Alg_10_8_2_Colorado2025-greenBox_x002560_y003584
Unknown_Sample,20260226_279_Gen_Alg_10_8_2_Colorado2025-greenBox.czi,Gen_alg,600.25,2876.0,3873.0,31,32,105.6,0.955,20260226_279_Gen_Alg_10_8_2_Colorado2025-greenBox_x002560_y003584
Unknown_Sample,20260226_279_Gen_Alg_10_8_2_Colorado2025-greenBox.czi,Gen_alg,435.95,2719.0,4049.0,31,24,92.18,0.925,20260226_279_Gen_Alg_10_8_2_Colorado2025-greenBox_x002560_y003584
Unknown_Sample,20260226_279_Gen_Alg_10_8_2_Colorado2025-greenBox.czi,Gen_alg,723.38,2751.0,4066.0,36,34,116.08,0.923,20260226_279_Gen_Alg_10_8_2_Colorado2025-greenBox_x002560_y003584
Unknown_Sample,20260226_279_Gen_Alg_10_8_2_Colorado2025-greenBox.czi,Gen_alg,1027.35,3526.0,3999.0,41,41,136.57,0.965,20260226_279_Gen_Alg_10_8_2_Colorado2025-greenBox_x003072_y003584
Unknown_Sample,20260226_279_Gen_Alg_10_8_2_Colorado2025-greenBox.czi,Gen_alg,742.23,3335.0,3722.0,35,35,116.67,0.963,20260226_279_Gen_Alg_10_8_2_Colorado2025-greenBox_x003072_y003584
Unknown_Sample,20260226_279_Gen_Alg_10_8_2_Colorado2025-greenBox.czi,Gen_alg,619.88,3333.0,3780.0,31,33,107.01,0.961,20260226_279_Gen_Alg_10_8_2_Colorado2025-greenBox_x003072_y003584
Unknown_Sample,20260226_279_Gen_Alg_10_8_2_Colorado2025-greenBox.czi,Gen_alg,530.61,3082.0,3909.0,25,34,102.87,0.961,20260226_279_Gen_Alg_10_8_2_Colorado2025-greenBox_x003072_y003584
Unknown_Sample,20260226_279_Gen_Alg_10_8_2_Colorado2025-greenBox.czi,Gen_alg,544.84,3307.0,3996.0,30,31,100.43,0.96,20260226_279_Gen_Alg_10_8_2_Colorado2025-greenBox_x003072_y003584
Unknown_Sample,20260226_279_Gen_Alg_10_8_2_Colorado2025-greenBox.czi,Gen_alg,886.53,3692.0,4091.0,38,39,128.91,0.954,20260226_279_Gen_Alg_10_8_2_Colorado2025-greenBox_x003072_y003584
Unknown_Sample,20260226_279_Gen_Alg_10_8_2_Colorado2025-greenBox.czi,Gen_alg,450.57,3315.0,3593.0,35,22,98.87,0.948,20260226_279_Gen_Alg_10_8_2_Colorado2025-greenBox_x003072_y003584
Unknown_Sample,20260226_279_Gen_Alg_10_8_2_Colorado2025-greenBox.czi,Gen_alg,875.75,3692.0,4091.0,37,39,126.91,0.962,20260226_279_Gen_Alg_10_8_2_Colorado2025-greenBox_x003584_y003584
Unknown_Sample,20260226_279_Gen_Alg_10_8_2_Colorado2025-greenBox.czi,Gen_alg,790.72,3866.0,4196.0,36,36,119.5,0.959,20260226_279_Gen_Alg_10_8_2_Colorado2025-greenBox_x003584_y003584
Unknown_Sample,20260226_279_Gen_Alg_10_8_2_Colorado2025-greenBox.czi,Gen_alg,570.62,4212.0,4164.0,25,37,108.87,0.939,20260226_279_Gen_Alg_10_8_2_Colorado2025-greenBox_x003584_y003584
Unknown_Sample,20260226_279_Gen_Alg_10_8_2_Colorado2025-greenBox.czi,Gen_alg,815.73,4610.0,3976.0,37,36,122.08,0.964,20260226_279_Gen_Alg_10_8_2_Colorado2025-greenBox_x004096_y003584
Unknown_Sample,20260226_279_Gen_Alg_10_8_2_Colorado2025-greenBox.czi,Gen_alg,836.89,4217.0,4164.0,38,37,123.15,0.961,20260226_279_Gen_Alg_10_8_2_Colorado2025-greenBox_x004096_y003584
Unknown_Sample,20260226_279_Gen_Alg_10_8_2_Colorado2025-greenBox.czi,Gen_alg,739.93,4591.0,3627.0,34,35,114.67,0.96,20260226_279_Gen_Alg_10_8_2_Colorado2025-greenBox_x004096_y003584
Unknown_Sample,20260226_279_Gen_Alg_10_8_2_Colorado2025-greenBox.czi,Gen_alg,614.87,4657.0,3710.0,30,33,106.77,0.958,20260226_279_Gen_Alg_10_8_2_Colorado2025-greenBox_x004096_y003584
Unknown_Sample,20260226_279_Gen_Alg_10_8_2_Colorado2025-greenBox.czi,Gen_alg,787.64,5159.0,3600.0,35,36,119.84,0.967,20260226_279_Gen_Alg_10_8_2_Colorado2025-greenBox_x004608_y003584
Unknown_Sample,20260226_279_Gen_Alg_10_8_2_Colorado2025-greenBox.czi,Gen_alg,799.57,4929.0,3927.0,37,36,120.91,0.963,20260226_279_Gen_Alg_10_8_2_Colorado2025-greenBox_x004608_y003584
Unknown_Sample,20260226_279_Gen_Alg_10_8_2_Colorado2025-greenBox.czi,Gen_alg,747.24,5085.0,3662.0,35,35,116.08,0.963,20260226_279_Gen_Alg_10_8_2_Colorado2025-greenBox_x004608_y003584
Unknown_Sample,20260226_279_Gen_Alg_10_8_2_Colorado2025-greenBox.czi,Gen_alg,632.57,4850.0,3870.0,31,34,108.43,0.962,20260226_279_Gen_Alg_10_8_2_Colorado2025-greenBox_x004608_y003584
Unknown_Sample,20260226_279_Gen_Alg_10_8_2_Colorado2025-greenBox.czi,Gen_alg,661.05,5112.0,3961.0,33,34,110.08,0.96,20260226_279_Gen_Alg_10_8_2_Colorado2025-greenBox_x004608_y003584
Unknown_Sample,20260226_279_Gen_Alg_10_8_2_Colorado2025-greenBox.czi,Gen_alg,614.1,4657.0,3710.0,30,33,106.77,0.958,20260226_279_Gen_Alg_10_8_2_Colorado2025-greenBox_x004608_y003584
Unknown_Sample,20260226_279_Gen_Alg_10_8_2_Colorado2025-greenBox.czi,Gen_alg,480.2,4617.0,3976.0,22,36,101.46,0.958,20260226_279_Gen_Alg_10_8_2_Colorado2025-greenBox_x004608_y003584
Unknown_Sample,20260226_279_Gen_Alg_10_8_2_Colorado2025-greenBox.czi,Gen_alg,274.73,4881.0,4136.0,23,21,73.46,0.945,20260226_279_Gen_Alg_10_8_2_Colorado2025-greenBox_x004608_y003584
Unknown_Sample,20260226_279_Gen_Alg_10_8_2_Colorado2025-greenBox.czi,Gen_alg,786.48,5159.0,3600.0,35,36,120.43,0.967,20260226_279_Gen_Alg_10_8_2_Colorado2025-greenBox_x005120_y003584
Unknown_Sample,20260226_279_Gen_Alg_10_8_2_Colorado2025-greenBox.czi,Gen_alg,746.47,5384.0,3755.0,35,35,116.08,0.964,20260226_279_Gen_Alg_10_8_2_Colorado2025-greenBox_x005120_y003584
Unknown_Sample,20260226_279_Gen_Alg_10_8_2_Colorado2025-greenBox.czi,Gen_alg,678.75,5523.0,3913.0,32,35,112.43,0.963,20260226_279_Gen_Alg_10_8_2_Colorado2025-greenBox_x005120_y003584
Unknown_Sample,20260226_279_Gen_Alg_10_8_2_Colorado2025-greenBox.czi,Gen_alg,741.85,5673.0,3753.0,35,34,115.25,0.962,20260226_279_Gen_Alg_10_8_2_Colorado2025-greenBox_x005120_y003584
Unknown_Sample,20260226_279_Gen_Alg_10_8_2_Colorado2025-greenBox.czi,Gen_alg,927.31,5629.0,4179.0,40,39,129.4,0.959,20260226_279_Gen_Alg_10_8_2_Colorado2025-greenBox_x005120_y003584
Unknown_Sample,20260226_279_Gen_Alg_10_8_2_Colorado2025-greenBox.czi,Gen_alg,608.72,5473.0,3931.0,35,29,106.43,0.959,20260226_279_Gen_Alg_10_8_2_Colorado2025-greenBox_x005120_y003584
Unknown_Sample,20260226_279_Gen_Alg_10_8_2_Colorado2025-greenBox.czi,Gen_alg,683.36,5740.0,4157.0,34,33,111.25,0.956,20260226_279_Gen_Alg_10_8_2_Colorado2025-greenBox_x005120_y003584
Unknown_Sample,20260226_279_Gen_Alg_10_8_2_Colorado2025-greenBox.czi,Gen_alg,143.52,5123.0,3962.0,10,27,63.56,0.936,20260226_279_Gen_Alg_10_8_2_Colorado2025-greenBox_x005120_y003584
Unknown_Sample,20260226_279_Gen_Alg_10_8_2_Colorado2025-greenBox.czi,Gen_alg,741.85,5673.0,3753.0,35,34,115.25,0.962,20260226_279_Gen_Alg_10_8_2_Colorado2025-greenBox_x005632_y003584
Unknown_Sample,20260226_279_Gen_Alg_10_8_2_Colorado2025-greenBox.czi,Gen_alg,682.59,5740.0,4157.0,34,33,111.25,0.961,20260226_279_Gen_Alg_10_8_2_Colorado2025-greenBox_x005632_y003584
Unknown_Sample,20260226_279_Gen_Alg_10_8_2_Colorado2025-greenBox.czi,Gen_alg,708.76,6095.0,3773.0,34,35,114.08,0.959,20260226_279_Gen_Alg_10_8_2_Colorado2025-greenBox_x005632_y003584
Unknown_Sample,20260226_279_Gen_Alg_10_8_2_Colorado2025-greenBox.czi,Gen_alg,676.05,6062.0,3835.0,31,36,110.67,0.958,20260226_279_Gen_Alg_10_8_2_Colorado2025-greenBox_x005632_y003584
Unknown_Sample,20260226_279_Gen_Alg_10_8_2_Colorado2025-greenBox.czi,Gen_alg,399.4,5639.0,4179.0,18,39,98.28,0.946,20260226_279_Gen_Alg_10_8_2_Colorado2025-greenBox_x005632_y003584
Unknown_Sample,20260226_279_Gen_Alg_10_8_2_Colorado2025-greenBox.czi,Gen_alg,357.84,5873.0,3740.0,26,25,82.77,0.94,20260226_279_Gen_Alg_10_8_2_Colorado2025-greenBox_x005632_y003584
Unknown_Sample,20260226_279_Gen_Alg_10_8_2_Colorado2025-greenBox.czi,Gen_alg,315.13,5927.0,3975.0,28,19,78.87,0.939,20260226_279_Gen_Alg_10_8_2_Colorado2025-greenBox_x005632_y003584
Unknown_Sample,20260226_279_Gen_Alg_10_8_2_Colorado2025-greenBox.czi,Gen_alg,731.85,6367.0,3712.0,35,35,114.91,0.964,20260226_279_Gen_Alg_10_8_2_Colorado2025-greenBox_x006144_y003584
Unknown_Sample,20260226_279_Gen_Alg_10_8_2_Colorado2025-greenBox.czi,Gen_alg,607.95,6510.0,3911.0,31,32,105.6,0.961,20260226_279_Gen_Alg_10_8_2_Colorado2025-greenBox_x006144_y003584
Unknown_Sample,20260226_279_Gen_Alg_10_8_2_Colorado2025-greenBox.czi,Gen_alg,650.27,6448.0,4121.0,32,34,109.25,0.961,20260226_279_Gen_Alg_10_8_2_Colorado2025-greenBox_x006144_y003584
Unknown_Sample,20260226_279_Gen_Alg_10_8_2_Colorado2025-greenBox.czi,Gen_alg,627.57,6611.0,3632.0,33,32,107.84,0.959,20260226_279_Gen_Alg_10_8_2_Colorado2025-greenBox_x006144_y003584
Unknown_Sample,20260226_279_Gen_Alg_10_8_2_Colorado2025-greenBox.czi,Gen_alg,861.13,6814.0,4069.0,36,39,124.91,0.965,20260226_279_Gen_Alg_10_8_2_Colorado2025-greenBox_x006656_y003584
Unknown_Sample,20260226_279_Gen_Alg_10_8_2_Colorado2025-greenBox.czi,Gen_alg,821.88,7054.0,3836.0,38,36,122.91,0.965,20260226_279_Gen_Alg_10_8_2_Colorado2025-greenBox_x006656_y003584
Unknown_Sample,20260226_279_Gen_Alg_10_8_2_Colorado2025-greenBox.czi,Gen_alg,694.91,7053.0,4100.0,36,32,113.25,0.964,20260226_279_Gen_Alg_10_8_2_Colorado2025-greenBox_x006656_y003584
Unknown_Sample,20260226_279_Gen_Alg_10_8_2_Colorado2025-greenBox.czi,Gen_alg,723.38,7231.0,3737.0,33,37,116.08,0.96,20260226_279_Gen_Alg_10_8_2_Colorado2025-greenBox_x006656_y003584
Unknown_Sample,20260226_279_Gen_Alg_10_8_2_Colorado2025-greenBox.czi,Gen_alg,960.4,7438.0,4029.0,39,40,131.74,0.964,20260226_279_Gen_Alg_10_8_2_Colorado2025-greenBox_x007168_y003584
Unknown_Sample,20260226_279_Gen_Alg_10_8_2_Colorado2025-greenBox.czi,Gen_alg,646.42,7414.0,3606.0,34,31,108.43,0.961,20260226_279_Gen_Alg_10_8_2_Colorado2025-greenBox_x007168_y003584
Unknown_Sample,20260226_279_Gen_Alg_10_8_2_Colorado2025-greenBox.czi,Gen_alg,723.38,7231.0,3737.0,33,37,116.08,0.96,20260226_279_Gen_Alg_10_8_2_Colorado2025-greenBox_x007168_y003584
Unknown_Sample,20260226_279_Gen_Alg_10_8_2_Colorado2025-greenBox.czi,Gen_alg,500.98,7764.0,3694.0,30,28,95.6,0.959,20260226_279_Gen_Alg_10_8_2_Colorado2025-greenBox_x007168_y003584
Unknown_Sample,20260226_279_Gen_Alg_10_8_2_Colorado2025-greenBox.czi,Gen_alg,538.3,7548.0,4044.0,29,31,99.01,0.956,20260226_279_Gen_Alg_10_8_2_Colorado2025-greenBox_x007168_y003584
Unknown_Sample,20260226_279_Gen_Alg_10_8_2_Colorado2025-greenBox.czi,Gen_alg,440.95,7501.0,4198.0,23,32,90.77,0.95,20260226_279_Gen_Alg_10_8_2_Colorado2025-greenBox_x007168_y003584
Unknown_Sample,20260226_279_Gen_Alg_10_8_2_Colorado2025-greenBox.czi,Gen_alg,356.69,7799.0,3844.0,19,32,88.04,0.914,20260226_279_Gen_Alg_10_8_2_Colorado2025-greenBox_x007168_y003584
Unknown_Sample,20260226_279_Gen_Alg_10_8_2_Colorado2025-greenBox.czi,Gen_alg,749.55,8285.0,4200.0,35,35,116.08,0.963,20260226_279_Gen_Alg_10_8_2_Colorado2025-greenBox_x007680_y003584
Unknown_Sample,20260226_279_Gen_Alg_10_8_2_Colorado2025-greenBox.czi,Gen_alg,605.64,7804.0,3844.0,32,32,105.25,0.963,20260226_279_Gen_Alg_10_8_2_Colorado2025-greenBox_x007680_y003584
Unknown_Sample,20260226_279_Gen_Alg_10_8_2_Colorado2025-greenBox.czi,Gen_alg,684.9,8238.0,4033.0,34,33,111.25,0.963,20260226_279_Gen_Alg_10_8_2_Colorado2025-greenBox_x007680_y003584
Unknown_Sample,20260226_279_Gen_Alg_10_8_2_Colorado2025-greenBox.czi,Gen_alg,683.36,7924.0,3736.0,33,34,111.25,0.962,20260226_279_Gen_Alg_10_8_2_Colorado2025-greenBox_x007680_y003584
Unknown_Sample,20260226_279_Gen_Alg_10_8_2_Colorado2025-greenBox.czi,Gen_alg,578.7,8044.0,3868.0,30,31,102.77,0.959,20260226_279_Gen_Alg_10_8_2_Colorado2025-greenBox_x007680_y003584
Unknown_Sample,20260226_279_Gen_Alg_10_8_2_Colorado2025-greenBox.czi,Gen_alg,500.98,7764.0,3694.0,30,28,95.6,0.959,20260226_279_Gen_Alg_10_8_2_Colorado2025-greenBox_x007680_y003584
Unknown_Sample,20260226_279_Gen_Alg_10_8_2_Colorado2025-greenBox.czi,Gen_alg,480.2,8099.0,3829.0,28,29,93.6,0.958,20260226_279_Gen_Alg_10_8_2_Colorado2025-greenBox_x007680_y003584
Unknown_Sample,20260226_279_Gen_Alg_10_8_2_Colorado2025-greenBox.czi,Gen_alg,483.28,8075.0,4010.0,36,22,97.94,0.944,20260226_279_Gen_Alg_10_8_2_Colorado2025-greenBox_x007680_y003584
Unknown_Sample,20260226_279_Gen_Alg_10_8_2_Colorado2025-greenBox.czi,Gen_alg,845.74,8335.0,3826.0,39,36,123.74,0.964,20260226_279_Gen_Alg_10_8_2_Colorado2025-greenBox_x008192_y003584
Unknown_Sample,20260226_279_Gen_Alg_10_8_2_Colorado2025-greenBox.czi,Gen_alg,750.7,8285.0,4200.0,35,35,116.67,0.963,20260226_279_Gen_Alg_10_8_2_Colorado2025-greenBox_x008192_y003584
Unknown_Sample,20260226_279_Gen_Alg_10_8_2_Colorado2025-greenBox.czi,Gen_alg,663.36,8729.0,3979.0,34,32,110.43,0.962,20260226_279_Gen_Alg_10_8_2_Colorado2025-greenBox_x008192_y003584
Unknown_Sample,20260226_279_Gen_Alg_10_8_2_Colorado2025-greenBox.czi,Gen_alg,685.67,8238.0,4033.0,34,33,111.25,0.962,20260226_279_Gen_Alg_10_8_2_Colorado2025-greenBox_x008192_y003584
Unknown_Sample,20260226_279_Gen_Alg_10_8_2_Colorado2025-greenBox.czi,Gen_alg,795.33,8475.0,3831.0,36,35,119.84,0.959,20260226_279_Gen_Alg_10_8_2_Colorado2025-greenBox_x008192_y003584
Unknown_Sample,20260226_279_Gen_Alg_10_8_2_Colorado2025-greenBox.czi,Gen_alg,615.64,8424.0,3968.0,33,32,106.08,0.959,20260226_279_Gen_Alg_10_8_2_Colorado2025-greenBox_x008192_y003584
Unknown_Sample,20260226_279_Gen_Alg_10_8_2_Colorado2025-greenBox.czi,Gen_alg,729.92,8624.0,3799.0,35,34,114.67,0.959,20260226_279_Gen_Alg_10_8_2_Colorado2025-greenBox_x008192_y003584
Unknown_Sample,20260226_279_Gen_Alg_10_8_2_Colorado2025-greenBox.czi,Gen_alg,499.44,8502.0,3745.0,29,29,95.6,0.955,20260226_279_Gen_Alg_10_8_2_Colorado2025-greenBox_x008192_y003584
Unknown_Sample,20260226_279_Gen_Alg_10_8_2_Colorado2025-greenBox.czi,Gen_alg,461.35,8373.0,3594.0,32,24,95.7,0.955,20260226_279_Gen_Alg_10_8_2_Colorado2025-greenBox_x008192_y003584
Unknown_Sample,20260226_279_Gen_Alg_10_8_2_Colorado2025-greenBox.czi,Gen_alg,292.43,8824.0,3724.0,15,33,83.8,0.896,20260226_279_Gen_Alg_10_8_2_Colorado2025-greenBox_x008192_y003584
Unknown_Sample,20260226_279_Gen_Alg_10_8_2_Colorado2025-greenBox.czi,Gen_alg,676.05,9091.0,4058.0,33,33,111.01,0.964,20260226_279_Gen_Alg_10_8_2_Colorado2025-greenBox_x008704_y003584
Unknown_Sample,20260226_279_Gen_Alg_10_8_2_Colorado2025-greenBox.czi,Gen_alg,626.42,9035.0,3596.0,35,28,110.28,0.964,20260226_279_Gen_Alg_10_8_2_Colorado2025-greenBox_x008704_y003584
Unknown_Sample,20260226_279_Gen_Alg_10_8_2_Colorado2025-greenBox.czi,Gen_alg,714.92,8833.0,3724.0,34,34,114.43,0.963,20260226_279_Gen_Alg_10_8_2_Colorado2025-greenBox_x008704_y003584
Unknown_Sample,20260226_279_Gen_Alg_10_8_2_Colorado2025-greenBox.czi,Gen_alg,663.36,8729.0,3979.0,34,32,110.43,0.962,20260226_279_Gen_Alg_10_8_2_Colorado2025-greenBox_x008704_y003584
Unknown_Sample,20260226_279_Gen_Alg_10_8_2_Colorado2025-greenBox.czi,Gen_alg,712.61,9290.0,3667.0,34,34,114.43,0.96,20260226_279_Gen_Alg_10_8_2_Colorado2025-greenBox_x008704_y003584
Unknown_Sample,20260226_279_Gen_Alg_10_8_2_Colorado2025-greenBox.czi,Gen_alg,484.43,9176.0,4013.0,29,28,93.01,0.958,20260226_279_Gen_Alg_10_8_2_Colorado2025-greenBox_x008704_y003584
Unknown_Sample,20260226_279_Gen_Alg_10_8_2_Colorado2025-greenBox.czi,Gen_alg,743.0,9375.0,4011.0,36,34,116.67,0.966,20260226_279_Gen_Alg_10_8_2_Colorado2025-greenBox_x009216_y003584
Unknown_Sample,20260226_279_Gen_Alg_10_8_2_Colorado2025-greenBox.czi,Gen_alg,806.49,9750.0,3833.0,36,36,122.43,0.965,20260226_279_Gen_Alg_10_8_2_Colorado2025-greenBox_x009216_y003584
Unknown_Sample,20260226_279_Gen_Alg_10_8_2_Colorado2025-greenBox.czi,Gen_alg,650.27,9448.0,3890.0,32,33,108.43,0.963,20260226_279_Gen_Alg_10_8_2_Colorado2025-greenBox_x009216_y003584
Unknown_Sample,20260226_279_Gen_Alg_10_8_2_Colorado2025-greenBox.czi,Gen_alg,722.61,9532.0,3722.0,34,35,114.08,0.962,20260226_279_Gen_Alg_10_8_2_Colorado2025-greenBox_x009216_y003584
Unknown_Sample,20260226_279_Gen_Alg_10_8_2_Colorado2025-greenBox.czi,Gen_alg,781.48,9764.0,4187.0,36,35,118.67,0.961,20260226_279_Gen_Alg_10_8_2_Colorado2025-greenBox_x009216_y003584
Unknown_Sample,20260226_279_Gen_Alg_10_8_2_Colorado2025-greenBox.czi,Gen_alg,711.84,9290.0,3667.0,34,34,114.43,0.96,20260226_279_Gen_Alg_10_8_2_Colorado2025-greenBox_x009216_y003584
Unknown_Sample,20260226_279_Gen_Alg_10_8_2_Colorado2025-greenBox.czi,Gen_alg,596.4,9357.0,3889.0,30,33,104.43,0.957,20260226_279_Gen_Alg_10_8_2_Colorado2025-greenBox_x009216_y003584
Unknown_Sample,20260226_279_Gen_Alg_10_8_2_Colorado2025-greenBox.czi,Gen_alg,808.8,9750.0,3833.0,36,36,122.43,0.966,20260226_279_Gen_Alg_10_8_2_Colorado2025-greenBox_x009728_y003584
Unknown_Sample,20260226_279_Gen_Alg_10_8_2_Colorado2025-greenBox.czi,Gen_alg,780.71,9764.0,4187.0,36,35,118.67,0.962,20260226_279_Gen_Alg_10_8_2_Colorado2025-greenBox_x009728_y003584
Unknown_Sample,20260226_279_Gen_Alg_10_8_2_Colorado2025-greenBox.czi,Gen_alg,902.3,10022.0,3793.0,39,39,129.15,0.961,20260226_279_Gen_Alg_10_8_2_Colorado2025-greenBox_x009728_y003584
Unknown_Sample,20260226_279_Gen_Alg_10_8_2_Colorado2025-greenBox.czi,Gen_alg,919.23,10079.0,3955.0,39,39,129.15,0.96,20260226_279_Gen_Alg_10_8_2_Colorado2025-greenBox_x009728_y003584
Unknown_Sample,20260226_279_Gen_Alg_10_8_2_Colorado2025-greenBox.czi,Gen_alg,747.24,10302.0,3884.0,34,36,116.08,0.96,20260226_279_Gen_Alg_10_8_2_Colorado2025-greenBox_x009728_y003584
Unknown_Sample,20260226_279_Gen_Alg_10_8_2_Colorado2025-greenBox.czi,Gen_alg,808.03,10004.0,3622.0,37,36,120.91,0.958,20260226_279_Gen_Alg_10_8_2_Colorado2025-greenBox_x009728_y003584
Unknown_Sample,20260226_279_Gen_Alg_10_8_2_Colorado2025-greenBox.czi,Gen_alg,505.6,10170.0,3605.0,29,30,98.77,0.957,20260226_279_Gen_Alg_10_8_2_Colorado2025-greenBox_x009728_y003584
Unknown_Sample,20260226_279_Gen_Alg_10_8_2_Colorado2025-greenBox.czi,Gen_alg,578.7,10129.0,3602.0,29,32,105.11,0.956,20260226_279_Gen_Alg_10_8_2_Colorado2025-greenBox_x009728_y003584
Unknown_Sample,20260226_279_Gen_Alg_10_8_2_Colorado2025-greenBox.czi,Gen_alg,680.67,10354.0,4113.0,29,37,115.7,0.95,20260226_279_Gen_Alg_10_8_2_Colorado2025-greenBox_x009728_y003584
Unknown_Sample,20260226_279_Gen_Alg_10_8_2_Colorado2025-greenBox.czi,Gen_alg,544.84,10031.0,4212.0,35,25,104.28,0.938,20260226_279_Gen_Alg_10_8_2_Colorado2025-greenBox_x009728_y003584
Unknown_Sample,20260226_279_Gen_Alg_10_8_2_Colorado2025-greenBox.czi,Gen_alg,742.62,10625.0,3611.0,35,36,116.91,0.962,20260226_279_Gen_Alg_10_8_2_Colorado2025-greenBox_x010240_y003584
Unknown_Sample,20260226_279_Gen_Alg_10_8_2_Colorado2025-greenBox.czi,Gen_alg,820.73,10356.0,4113.0,38,37,123.15,0.962,20260226_279_Gen_Alg_10_8_2_Colorado2025-greenBox_x010240_y003584
Unknown_Sample,20260226_279_Gen_Alg_10_8_2_Colorado2025-greenBox.czi,Gen_alg,772.63,10555.0,4021.0,35,36,119.25,0.961,20260226_279_Gen_Alg_10_8_2_Colorado2025-greenBox_x010240_y003584
Unknown_Sample,20260226_279_Gen_Alg_10_8_2_Colorado2025-greenBox.czi,Gen_alg,647.96,10413.0,3797.0,32,33,108.43,0.96,20260226_279_Gen_Alg_10_8_2_Colorado2025-greenBox_x010240_y003584
Unknown_Sample,20260226_279_Gen_Alg_10_8_2_Colorado2025-greenBox.czi,Gen_alg,748.01,10302.0,3884.0,34,36,116.08,0.96,20260226_279_Gen_Alg_10_8_2_Colorado2025-greenBox_x010240_y003584
Unknown_Sample,20260226_279_Gen_Alg_10_8_2_Colorado2025-greenBox.czi,Gen_alg,766.09,10652.0,3796.0,36,36,118.33,0.959,20260226_279_Gen_Alg_10_8_2_Colorado2025-greenBox_x010240_y003584
Unknown_Sample,20260226_279_Gen_Alg_10_8_2_Colorado2025-greenBox.czi,Gen_alg,611.03,10574.0,3874.0,32,31,105.6,0.959,20260226_279_Gen_Alg_10_8_2_Colorado2025-greenBox_x010240_y003584
Unknown_Sample,20260226_279_Gen_Alg_10_8_2_Colorado2025-greenBox.czi,Gen_alg,704.14,10470.0,3630.0,35,33,113.25,0.959,20260226_279_Gen_Alg_10_8_2_Colorado2025-greenBox_x010240_y003584
Unknown_Sample,20260226_279_Gen_Alg_10_8_2_Colorado2025-greenBox.czi,Gen_alg,787.64,10504.0,3885.0,38,35,120.33,0.958,20260226_279_Gen_Alg_10_8_2_Colorado2025-greenBox_x010240_y003584
Unknown_Sample,20260226_279_Gen_Alg_10_8_2_Colorado2025-greenBox.czi,Gen_alg,457.88,10921.0,3821.0,27,28,90.77,0.96,20260226_279_Gen_Alg_10_8_2_Colorado2025-greenBox_x010752_y003584
Unknown_Sample,20260226_279_Gen_Alg_10_8_2_Colorado2025-greenBox.czi,Gen_alg,644.89,11024.0,3917.0,32,34,108.08,0.96,20260226_279_Gen_Alg_10_8_2_Colorado2025-greenBox_x010752_y003584
Unknown_Sample,20260226_279_Gen_Alg_10_8_2_Colorado2025-greenBox.czi,Gen_alg,726.07,11010.0,4027.0,35,34,114.67,0.96,20260226_279_Gen_Alg_10_8_2_Colorado2025-greenBox_x010752_y003584
Unknown_Sample,20260226_279_Gen_Alg_10_8_2_Colorado2025-greenBox.czi,Gen_alg,594.86,11306.0,3789.0,31,32,104.43,0.959,20260226_279_Gen_Alg_10_8_2_Colorado2025-greenBox_x010752_y003584
Unknown_Sample,20260226_279_Gen_Alg_10_8_2_Colorado2025-greenBox.czi,Gen_alg,587.55,10888.0,4057.0,33,30,103.84,0.958,20260226_279_Gen_Alg_10_8_2_Colorado2025-greenBox_x010752_y003584
Unknown_Sample,20260226_279_Gen_Alg_10_8_2_Colorado2025-greenBox.czi,Gen_alg,175.46,11128.0,4219.0,32,10,72.97,0.855,20260226_279_Gen_Alg_10_8_2_Colorado2025-greenBox_x010752_y003584
Unknown_Sample,20260226_279_Gen_Alg_10_8_2_Colorado2025-greenBox.czi,Gen_alg,790.72,11776.0,3786.0,37,36,120.33,0.963,20260226_279_Gen_Alg_10_8_2_Colorado2025-greenBox_x011264_y003584
Unknown_Sample,20260226_279_Gen_Alg_10_8_2_Colorado2025-greenBox.czi,Gen_alg,774.94,11747.0,3745.0,36,36,118.91,0.963,20260226_279_Gen_Alg_10_8_2_Colorado2025-greenBox_x011264_y003584
Unknown_Sample,20260226_279_Gen_Alg_10_8_2_Colorado2025-greenBox.czi,Gen_alg,593.71,11306.0,3789.0,31,32,103.84,0.959,20260226_279_Gen_Alg_10_8_2_Colorado2025-greenBox_x011264_y003584
Unknown_Sample,20260226_279_Gen_Alg_10_8_2_Colorado2025-greenBox.czi,Gen_alg,684.13,11518.0,3876.0,34,33,111.25,0.951,20260226_279_Gen_Alg_10_8_2_Colorado2025-greenBox_x011264_y003584
Unknown_Sample,20260226_279_Gen_Alg_10_8_2_Colorado2025-greenBox.czi,Gen_alg,705.3,11540.0,3845.0,33,35,113.84,0.947,20260226_279_Gen_Alg_10_8_2_Colorado2025-greenBox_x011264_y003584
Unknown_Sample,20260226_279_Gen_Alg_10_8_2_Colorado2025-greenBox.czi,Gen_alg,896.14,12360.0,3601.0,38,37,129.01,0.969,20260226_279_Gen_Alg_10_8_2_Colorado2025-greenBox_x011776_y003584
Unknown_Sample,20260226_279_Gen_Alg_10_8_2_Colorado2025-greenBox.czi,Gen_alg,773.4,12334.0,4003.0,37,35,120.08,0.963,20260226_279_Gen_Alg_10_8_2_Colorado2025-greenBox_x011776_y003584
Unknown_Sample,20260226_279_Gen_Alg_10_8_2_Colorado2025-greenBox.czi,Gen_alg,658.35,12153.0,4123.0,33,33,108.67,0.962,20260226_279_Gen_Alg_10_8_2_Colorado2025-greenBox_x011776_y003584
Unknown_Sample,20260226_279_Gen_Alg_10_8_2_Colorado2025-greenBox.czi,Gen_alg,814.57,12186.0,3978.0,36,38,123.5,0.962,20260226_279_Gen_Alg_10_8_2_Colorado2025-greenBox_x011776_y003584
Unknown_Sample,20260226_279_Gen_Alg_10_8_2_Colorado2025-greenBox.czi,Gen_alg,777.25,12354.0,3809.0,36,36,120.08,0.961,20260226_279_Gen_Alg_10_8_2_Colorado2025-greenBox_x011776_y003584
Unknown_Sample,20260226_279_Gen_Alg_10_8_2_Colorado2025-greenBox.czi,Gen_alg,572.93,12262.0,3724.0,30,30,102.53,0.96,20260226_279_Gen_Alg_10_8_2_Colorado2025-greenBox_x011776_y003584
Unknown_Sample,20260226_279_Gen_Alg_10_8_2_Colorado2025-greenBox.czi,Gen_alg,679.9,12045.0,4175.0,33,35,111.5,0.959,20260226_279_Gen_Alg_10_8_2_Colorado2025-greenBox_x011776_y003584
Unknown_Sample,20260226_279_Gen_Alg_10_8_2_Colorado2025-greenBox.czi,Gen_alg,414.4,11784.0,3786.0,20,36,95.7,0.952,20260226_279_Gen_Alg_10_8_2_Colorado2025-greenBox_x011776_y003584
Unknown_Sample,20260226_279_Gen_Alg_10_8_2_Colorado2025-greenBox.czi,Gen_alg,166.22,12214.0,3588.0,28,11,66.97,0.941,20260226_279_Gen_Alg_10_8_2_Colorado2025-greenBox_x011776_y003584
Unknown_Sample,20260226_279_Gen_Alg_10_8_2_Colorado2025-greenBox.czi,Gen_alg,898.45,12360.0,3601.0,38,37,129.01,0.969,20260226_279_Gen_Alg_10_8_2_Colorado2025-greenBox_x012288_y003584
Unknown_Sample,20260226_279_Gen_Alg_10_8_2_Colorado2025-greenBox.czi,Gen_alg,773.4,12334.0,4003.0,37,35,120.08,0.963,20260226_279_Gen_Alg_10_8_2_Colorado2025-greenBox_x012288_y003584
Unknown_Sample,20260226_279_Gen_Alg_10_8_2_Colorado2025-greenBox.czi,Gen_alg,777.25,12354.0,3809.0,36,36,120.08,0.961,20260226_279_Gen_Alg_10_8_2_Colorado2025-greenBox_x012288_y003584
Unknown_Sample,20260226_279_Gen_Alg_10_8_2_Colorado2025-greenBox.czi,Gen_alg,659.12,12843.0,3993.0,33,32,109.01,0.96,20260226_279_Gen_Alg_10_8_2_Colorado2025-greenBox_x012288_y003584
Unknown_Sample,20260226_279_Gen_Alg_10_8_2_Colorado2025-greenBox.czi,Gen_alg,964.64,12803.0,4157.0,42,39,130.47,0.96,20260226_279_Gen_Alg_10_8_2_Colorado2025-greenBox_x012288_y003584
Unknown_Sample,20260226_279_Gen_Alg_10_8_2_Colorado2025-greenBox.czi,Gen_alg,721.46,12861.0,3824.0,36,33,114.67,0.96,20260226_279_Gen_Alg_10_8_2_Colorado2025-greenBox_x012288_y003584
Unknown_Sample,20260226_279_Gen_Alg_10_8_2_Colorado2025-greenBox.czi,Gen_alg,742.23,12816.0,4029.0,36,34,116.67,0.959,20260226_279_Gen_Alg_10_8_2_Colorado2025-greenBox_x012288_y003584
Unknown_Sample,20260226_279_Gen_Alg_10_8_2_Colorado2025-greenBox.czi,Gen_alg,644.5,12725.0,3885.0,33,32,107.84,0.957,20260226_279_Gen_Alg_10_8_2_Colorado2025-greenBox_x012288_y003584
Unknown_Sample,20260226_279_Gen_Alg_10_8_2_Colorado2025-greenBox.czi,Gen_alg,818.04,13086.0,3977.0,37,36,122.08,0.966,20260226_279_Gen_Alg_10_8_2_Colorado2025-greenBox_x012800_y003584
Unknown_Sample,20260226_279_Gen_Alg_10_8_2_Colorado2025-greenBox.czi,Gen_alg,957.71,13266.0,3917.0,40,41,131.64,0.962,20260226_279_Gen_Alg_10_8_2_Colorado2025-greenBox_x012800_y003584
Unknown_Sample,20260226_279_Gen_Alg_10_8_2_Colorado2025-greenBox.czi,Gen_alg,638.73,13208.0,3789.0,33,32,107.25,0.962,20260226_279_Gen_Alg_10_8_2_Colorado2025-greenBox_x012800_y003584
Unknown_Sample,20260226_279_Gen_Alg_10_8_2_Colorado2025-greenBox.czi,Gen_alg,670.67,12843.0,3992.0,33,33,109.84,0.96,20260226_279_Gen_Alg_10_8_2_Colorado2025-greenBox_x012800_y003584
Unknown_Sample,20260226_279_Gen_Alg_10_8_2_Colorado2025-greenBox.czi,Gen_alg,720.69,12861.0,3824.0,36,33,114.67,0.96,20260226_279_Gen_Alg_10_8_2_Colorado2025-greenBox_x012800_y003584
Unknown_Sample,20260226_279_Gen_Alg_10_8_2_Colorado2025-greenBox.czi,Gen_alg,692.98,13326.0,3598.0,35,32,114.18,0.959,20260226_279_Gen_Alg_10_8_2_Colorado2025-greenBox_x012800_y003584
Unknown_Sample,20260226_279_Gen_Alg_10_8_2_Colorado2025-greenBox.czi,Gen_alg,738.39,12816.0,4029.0,35,34,117.01,0.959,20260226_279_Gen_Alg_10_8_2_Colorado2025-greenBox_x012800_y003584
Unknown_Sample,20260226_279_Gen_Alg_10_8_2_Colorado2025-greenBox.czi,Gen_alg,756.86,12966.0,3717.0,37,34,117.5,0.958,20260226_279_Gen_Alg_10_8_2_Colorado2025-greenBox_x012800_y003584
Unknown_Sample,20260226_279_Gen_Alg_10_8_2_Colorado2025-greenBox.czi,Gen_alg,984.26,12981.0,3635.0,41,40,133.4,0.958,20260226_279_Gen_Alg_10_8_2_Colorado2025-greenBox_x012800_y003584
Unknown_Sample,20260226_279_Gen_Alg_10_8_2_Colorado2025-greenBox.czi,Gen_alg,573.7,12810.0,4157.0,25,39,110.53,0.957,20260226_279_Gen_Alg_10_8_2_Colorado2025-greenBox_x012800_y003584
Unknown_Sample,20260226_279_Gen_Alg_10_8_2_Colorado2025-greenBox.czi,Gen_alg,559.85,13361.0,4212.0,36,25,108.04,0.932,20260226_279_Gen_Alg_10_8_2_Colorado2025-greenBox_x012800_y003584
Unknown_Sample,20260226_279_Gen_Alg_10_8_2_Colorado2025-greenBox.czi,Gen_alg,692.6,13544.0,3728.0,34,34,112.08,0.963,20260226_279_Gen_Alg_10_8_2_Colorado2025-greenBox_x013312_y003584
Unknown_Sample,20260226_279_Gen_Alg_10_8_2_Colorado2025-greenBox.czi,Gen_alg,646.04,13525.0,3871.0,33,32,107.84,0.963,20260226_279_Gen_Alg_10_8_2_Colorado2025-greenBox_x013312_y003584
Unknown_Sample,20260226_279_Gen_Alg_10_8_2_Colorado2025-greenBox.czi,Gen_alg,671.05,13327.0,3598.0,33,32,114.28,0.96,20260226_279_Gen_Alg_10_8_2_Colorado2025-greenBox_x013312_y003584
Unknown_Sample,20260226_279_Gen_Alg_10_8_2_Colorado2025-greenBox.czi,Gen_alg,508.29,13663.0,3840.0,28,29,95.36,0.958,20260226_279_Gen_Alg_10_8_2_Colorado2025-greenBox_x013312_y003584
Unknown_Sample,20260226_279_Gen_Alg_10_8_2_Colorado2025-greenBox.czi,Gen_alg,666.43,13871.0,3994.0,33,33,110.43,0.955,20260226_279_Gen_Alg_10_8_2_Colorado2025-greenBox_x013312_y003584
Unknown_Sample,20260226_279_Gen_Alg_10_8_2_Colorado2025-greenBox.czi,Gen_alg,535.61,13659.0,4161.0,30,31,99.25,0.952,20260226_279_Gen_Alg_10_8_2_Colorado2025-greenBox_x013312_y003584
Unknown_Sample,20260226_279_Gen_Alg_10_8_2_Colorado2025-greenBox.czi,Gen_alg,559.85,13361.0,4212.0,36,25,108.04,0.933,20260226_279_Gen_Alg_10_8_2_Colorado2025-greenBox_x013312_y003584
Unknown_Sample,20260226_279_Gen_Alg_10_8_2_Colorado2025-greenBox.czi,Gen_alg,649.5,14003.0,3675.0,33,33,109.25,0.963,20260226_279_Gen_Alg_10_8_2_Colorado2025-greenBox_x013824_y003584
Unknown_Sample,20260226_279_Gen_Alg_10_8_2_Colorado2025-greenBox.czi,Gen_alg,769.94,14179.0,3878.0,36,36,118.33,0.957,20260226_279_Gen_Alg_10_8_2_Colorado2025-greenBox_x013824_y003584
Unknown_Sample,20260226_279_Gen_Alg_10_8_2_Colorado2025-greenBox.czi,Gen_alg,688.75,14446.0,4123.0,34,33,113.6,0.956,20260226_279_Gen_Alg_10_8_2_Colorado2025-greenBox_x013824_y003584
Unknown_Sample,20260226_279_Gen_Alg_10_8_2_Colorado2025-greenBox.czi,Gen_alg,637.96,14368.0,3879.0,34,32,109.25,0.955,20260226_279_Gen_Alg_10_8_2_Colorado2025-greenBox_x013824_y003584
Unknown_Sample,20260226_279_Gen_Alg_10_8_2_Colorado2025-greenBox.czi,Gen_alg,741.46,14098.0,3809.0,35,36,116.33,0.955,20260226_279_Gen_Alg_10_8_2_Colorado2025-greenBox_x013824_y003584
Unknown_Sample,20260226_279_Gen_Alg_10_8_2_Colorado2025-greenBox.czi,Gen_alg,664.89,13871.0,3994.0,33,33,110.43,0.955,20260226_279_Gen_Alg_10_8_2_Colorado2025-greenBox_x013824_y003584
Unknown_Sample,20260226_279_Gen_Alg_10_8_2_Colorado2025-greenBox.czi,Gen_alg,642.58,14094.0,4062.0,33,32,107.25,0.955,20260226_279_Gen_Alg_10_8_2_Colorado2025-greenBox_x013824_y003584
Unknown_Sample,20260226_279_Gen_Alg_10_8_2_Colorado2025-greenBox.czi,Gen_alg,510.21,14431.0,3634.0,29,29,96.77,0.954,20260226_279_Gen_Alg_10_8_2_Colorado2025-greenBox_x013824_y003584
Unknown_Sample,20260226_279_Gen_Alg_10_8_2_Colorado2025-greenBox.czi,Gen_alg,691.44,14446.0,4123.0,35,33,113.84,0.963,20260226_279_Gen_Alg_10_8_2_Colorado2025-greenBox_x014336_y003584
Unknown_Sample,20260226_279_Gen_Alg_10_8_2_Colorado2025-greenBox.czi,Gen_alg,703.76,14496.0,4178.0,34,34,112.67,0.959,20260226_279_Gen_Alg_10_8_2_Colorado2025-greenBox_x014336_y003584
Unknown_Sample,20260226_279_Gen_Alg_10_8_2_Colorado2025-greenBox.czi,Gen_alg,639.88,14368.0,3879.0,34,32,108.67,0.955,20260226_279_Gen_Alg_10_8_2_Colorado2025-greenBox_x014336_y003584
Unknown_Sample,20260226_279_Gen_Alg_10_8_2_Colorado2025-greenBox.czi,Gen_alg,511.37,14431.0,3634.0,29,29,96.18,0.954,20260226_279_Gen_Alg_10_8_2_Colorado2025-greenBox_x014336_y003584
Unknown_Sample,20260226_279_Gen_Alg_10_8_2_Colorado2025-greenBox.czi,Gen_alg,191.23,14858.0,3588.0,32,12,74.04,0.941,20260226_279_Gen_Alg_10_8_2_Colorado2025-greenBox_x014336_y003584
Unknown_Sample,20260226_279_Gen_Alg_10_8_2_Colorado2025-greenBox.czi,Gen_alg,764.94,15316.0,4095.0,37,34,118.08,0.959,20260226_279_Gen_Alg_10_8_2_Colorado2025-greenBox_x014848_y003584
Unknown_Sample,20260226_279_Gen_Alg_10_8_2_Colorado2025-greenBox.czi,Gen_alg,513.29,15330.0,4141.0,30,28,97.94,0.952,20260226_279_Gen_Alg_10_8_2_Colorado2025-greenBox_x014848_y003584
Unknown_Sample,20260226_279_Gen_Alg_10_8_2_Colorado2025-greenBox.czi,Gen_alg,179.69,14859.0,3588.0,27,12,68.73,0.936,20260226_279_Gen_Alg_10_8_2_Colorado2025-greenBox_x014848_y003584
Unknown_Sample,20260226_279_Gen_Alg_10_8_2_Colorado2025-greenBox.czi,Gen_alg,581.4,15475.0,3852.0,26,35,108.04,0.933,20260226_279_Gen_Alg_10_8_2_Colorado2025-greenBox_x014848_y003584
Unknown_Sample,20260226_279_Gen_Alg_10_8_2_Colorado2025-greenBox.czi,Gen_alg,821.5,15479.0,3853.0,37,36,122.67,0.939,20260226_279_Gen_Alg_10_8_2_Colorado2025-greenBox_x015360_y003584
Unknown_Sample,20260226_279_Gen_Alg_10_8_2_Colorado2025-greenBox.czi,Gen_alg,736.85,15507.0,3656.0,36,33,117.01,0.939,20260226_279_Gen_Alg_10_8_2_Colorado2025-greenBox_x015360_y003584
Unknown_Sample,20260226_279_Gen_Alg_10_8_2_Colorado2025-greenBox.czi,Gen_alg,982.33,16141.0,4077.0,40,40,134.33,0.956,20260226_279_Gen_Alg_10_8_2_Colorado2025-greenBox_x015872_y003584
Unknown_Sample,20260226_279_Gen_Alg_10_8_2_Colorado2025-greenBox.czi,Gen_alg,691.06,16008.0,4045.0,32,35,112.43,0.952,20260226_279_Gen_Alg_10_8_2_Colorado2025-greenBox_x015872_y003584
Unknown_Sample,20260226_279_Gen_Alg_10_8_2_Colorado2025-greenBox.czi,Gen_alg,795.33,16279.0,3644.0,35,37,120.67,0.943,20260226_279_Gen_Alg_10_8_2_Colorado2025-greenBox_x015872_y003584
Unknown_Sample,20260226_279_Gen_Alg_10_8_2_Colorado2025-greenBox.czi,Gen_alg,973.49,831.0,4215.0,43,38,133.4,0.953,20260226_279_Gen_Alg_10_8_2_Colorado2025-greenBox_x000512_y004096
Unknown_Sample,20260226_279_Gen_Alg_10_8_2_Colorado2025-greenBox.czi,Gen_alg,314.36,891.0,4197.0,23,22,77.21,0.935,20260226_279_Gen_Alg_10_8_2_Colorado2025-greenBox_x000512_y004096
Unknown_Sample,20260226_279_Gen_Alg_10_8_2_Colorado2025-greenBox.czi,Gen_alg,394.01,1060.0,4331.0,30,22,87.11,0.926,20260226_279_Gen_Alg_10_8_2_Colorado2025-greenBox_x000512_y004096
Unknown_Sample,20260226_279_Gen_Alg_10_8_2_Colorado2025-greenBox.czi,Gen_alg,646.42,1596.0,4396.0,32,34,108.08,0.961,20260226_279_Gen_Alg_10_8_2_Colorado2025-greenBox_x001024_y004096
Unknown_Sample,20260226_279_Gen_Alg_10_8_2_Colorado2025-greenBox.czi,Gen_alg,764.55,1612.0,4319.0,36,35,117.5,0.96,20260226_279_Gen_Alg_10_8_2_Colorado2025-greenBox_x001024_y004096
Unknown_Sample,20260226_279_Gen_Alg_10_8_2_Colorado2025-greenBox.czi,Gen_alg,809.19,1439.0,4588.0,36,37,120.33,0.96,20260226_279_Gen_Alg_10_8_2_Colorado2025-greenBox_x001024_y004096
Unknown_Sample,20260226_279_Gen_Alg_10_8_2_Colorado2025-greenBox.czi,Gen_alg,739.16,1413.0,4403.0,35,35,115.5,0.958,20260226_279_Gen_Alg_10_8_2_Colorado2025-greenBox_x001024_y004096
Unknown_Sample,20260226_279_Gen_Alg_10_8_2_Colorado2025-greenBox.czi,Gen_alg,816.5,1405.0,4342.0,37,37,121.74,0.955,20260226_279_Gen_Alg_10_8_2_Colorado2025-greenBox_x001024_y004096
Unknown_Sample,20260226_279_Gen_Alg_10_8_2_Colorado2025-greenBox.czi,Gen_alg,652.97,1501.0,4332.0,33,33,108.67,0.953,20260226_279_Gen_Alg_10_8_2_Colorado2025-greenBox_x001024_y004096
Unknown_Sample,20260226_279_Gen_Alg_10_8_2_Colorado2025-greenBox.czi,Gen_alg,633.34,1472.0,4614.0,32,32,107.6,0.952,20260226_279_Gen_Alg_10_8_2_Colorado2025-greenBox_x001024_y004096
Unknown_Sample,20260226_279_Gen_Alg_10_8_2_Colorado2025-greenBox.czi,Gen_alg,389.01,1060.0,4331.0,30,22,87.7,0.93,20260226_279_Gen_Alg_10_8_2_Colorado2025-greenBox_x001024_y004096
Unknown_Sample,20260226_279_Gen_Alg_10_8_2_Colorado2025-greenBox.czi,Gen_alg,803.03,2146.0,4328.0,36,36,121.84,0.963,20260226_279_Gen_Alg_10_8_2_Colorado2025-greenBox_x001536_y004096
Unknown_Sample,20260226_279_Gen_Alg_10_8_2_Colorado2025-greenBox.czi,Gen_alg,646.04,1596.0,4396.0,32,34,108.67,0.961,20260226_279_Gen_Alg_10_8_2_Colorado2025-greenBox_x001536_y004096
Unknown_Sample,20260226_279_Gen_Alg_10_8_2_Colorado2025-greenBox.czi,Gen_alg,764.55,1612.0,4319.0,36,35,117.5,0.96,20260226_279_Gen_Alg_10_8_2_Colorado2025-greenBox_x001536_y004096
Unknown_Sample,20260226_279_Gen_Alg_10_8_2_Colorado2025-greenBox.czi,Gen_alg,801.49,1872.0,4474.0,36,37,120.33,0.959,20260226_279_Gen_Alg_10_8_2_Colorado2025-greenBox_x001536_y004096
Unknown_Sample,20260226_279_Gen_Alg_10_8_2_Colorado2025-greenBox.czi,Gen_alg,369.77,1922.0,4402.0,29,22,85.7,0.943,20260226_279_Gen_Alg_10_8_2_Colorado2025-greenBox_x001536_y004096
Unknown_Sample,20260226_279_Gen_Alg_10_8_2_Colorado2025-greenBox.czi,Gen_alg,458.27,2164.0,4267.0,23,31,96.38,0.933,20260226_279_Gen_Alg_10_8_2_Colorado2025-greenBox_x001536_y004096
Unknown_Sample,20260226_279_Gen_Alg_10_8_2_Colorado2025-greenBox.czi,Gen_alg,803.03,2146.0,4328.0,36,36,121.84,0.964,20260226_279_Gen_Alg_10_8_2_Colorado2025-greenBox_x002048_y004096
Unknown_Sample,20260226_279_Gen_Alg_10_8_2_Colorado2025-greenBox.czi,Gen_alg,751.47,2480.0,4378.0,35,36,117.5,0.962,20260226_279_Gen_Alg_10_8_2_Colorado2025-greenBox_x002048_y004096
Unknown_Sample,20260226_279_Gen_Alg_10_8_2_Colorado2025-greenBox.czi,Gen_alg,735.69,2298.0,4249.0,35,34,114.08,0.961,20260226_279_Gen_Alg_10_8_2_Colorado2025-greenBox_x002048_y004096
Unknown_Sample,20260226_279_Gen_Alg_10_8_2_Colorado2025-greenBox.czi,Gen_alg,739.93,2399.0,4306.0,35,34,117.01,0.961,20260226_279_Gen_Alg_10_8_2_Colorado2025-greenBox_x002048_y004096
Unknown_Sample,20260226_279_Gen_Alg_10_8_2_Colorado2025-greenBox.czi,Gen_alg,608.72,2168.0,4267.0,32,31,105.6,0.959,20260226_279_Gen_Alg_10_8_2_Colorado2025-greenBox_x002048_y004096
Unknown_Sample,20260226_279_Gen_Alg_10_8_2_Colorado2025-greenBox.czi,Gen_alg,572.93,2426.0,4723.0,35,26,108.04,0.941,20260226_279_Gen_Alg_10_8_2_Colorado2025-greenBox_x002048_y004096
Unknown_Sample,20260226_279_Gen_Alg_10_8_2_Colorado2025-greenBox.czi,Gen_alg,738.0,3128.0,4713.0,37,33,117.25,0.96,20260226_279_Gen_Alg_10_8_2_Colorado2025-greenBox_x002560_y004096
Unknown_Sample,20260226_279_Gen_Alg_10_8_2_Colorado2025-greenBox.czi,Gen_alg,871.52,3109.0,4673.0,39,37,126.33,0.958,20260226_279_Gen_Alg_10_8_2_Colorado2025-greenBox_x002560_y004096
Unknown_Sample,20260226_279_Gen_Alg_10_8_2_Colorado2025-greenBox.czi,Gen_alg,519.83,3188.0,4426.0,25,33,102.04,0.94,20260226_279_Gen_Alg_10_8_2_Colorado2025-greenBox_x002560_y004096
Unknown_Sample,20260226_279_Gen_Alg_10_8_2_Colorado2025-greenBox.czi,Gen_alg,965.4,3321.0,4556.0,40,40,133.15,0.965,20260226_279_Gen_Alg_10_8_2_Colorado2025-greenBox_x003072_y004096
Unknown_Sample,20260226_279_Gen_Alg_10_8_2_Colorado2025-greenBox.czi,Gen_alg,706.45,3566.0,4703.0,33,34,113.6,0.961,20260226_279_Gen_Alg_10_8_2_Colorado2025-greenBox_x003072_y004096
Unknown_Sample,20260226_279_Gen_Alg_10_8_2_Colorado2025-greenBox.czi,Gen_alg,658.74,3191.0,4426.0,33,33,108.08,0.96,20260226_279_Gen_Alg_10_8_2_Colorado2025-greenBox_x003072_y004096
Unknown_Sample,20260226_279_Gen_Alg_10_8_2_Colorado2025-greenBox.czi,Gen_alg,738.0,3128.0,4713.0,37,33,117.25,0.96,20260226_279_Gen_Alg_10_8_2_Colorado2025-greenBox_x003072_y004096
Unknown_Sample,20260226_279_Gen_Alg_10_8_2_Colorado2025-greenBox.czi,Gen_alg,740.31,3250.0,4475.0,35,36,118.08,0.958,20260226_279_Gen_Alg_10_8_2_Colorado2025-greenBox_x003072_y004096
Unknown_Sample,20260226_279_Gen_Alg_10_8_2_Colorado2025-greenBox.czi,Gen_alg,871.52,3109.0,4673.0,39,37,126.33,0.957,20260226_279_Gen_Alg_10_8_2_Colorado2025-greenBox_x003072_y004096
Unknown_Sample,20260226_279_Gen_Alg_10_8_2_Colorado2025-greenBox.czi,Gen_alg,297.05,3692.0,4102.0,35,15,86.63,0.94,20260226_279_Gen_Alg_10_8_2_Colorado2025-greenBox_x003072_y004096
Unknown_Sample,20260226_279_Gen_Alg_10_8_2_Colorado2025-greenBox.czi,Gen_alg,714.92,3858.0,4708.0,35,34,116.43,0.961,20260226_279_Gen_Alg_10_8_2_Colorado2025-greenBox_x003584_y004096
Unknown_Sample,20260226_279_Gen_Alg_10_8_2_Colorado2025-greenBox.czi,Gen_alg,790.72,3866.0,4196.0,36,36,119.5,0.959,20260226_279_Gen_Alg_10_8_2_Colorado2025-greenBox_x003584_y004096
Unknown_Sample,20260226_279_Gen_Alg_10_8_2_Colorado2025-greenBox.czi,Gen_alg,299.74,3692.0,4102.0,36,15,88.04,0.943,20260226_279_Gen_Alg_10_8_2_Colorado2025-greenBox_x003584_y004096
Unknown_Sample,20260226_279_Gen_Alg_10_8_2_Colorado2025-greenBox.czi,Gen_alg,570.62,4212.0,4164.0,25,37,108.87,0.939,20260226_279_Gen_Alg_10_8_2_Colorado2025-greenBox_x003584_y004096
Unknown_Sample,20260226_279_Gen_Alg_10_8_2_Colorado2025-greenBox.czi,Gen_alg,834.2,4217.0,4164.0,38,37,122.57,0.962,20260226_279_Gen_Alg_10_8_2_Colorado2025-greenBox_x004096_y004096
Unknown_Sample,20260226_279_Gen_Alg_10_8_2_Colorado2025-greenBox.czi,Gen_alg,705.3,4238.0,4540.0,34,34,112.67,0.961,20260226_279_Gen_Alg_10_8_2_Colorado2025-greenBox_x004096_y004096
Unknown_Sample,20260226_279_Gen_Alg_10_8_2_Colorado2025-greenBox.czi,Gen_alg,701.45,4354.0,4377.0,34,34,112.67,0.958,20260226_279_Gen_Alg_10_8_2_Colorado2025-greenBox_x004096_y004096
Unknown_Sample,20260226_279_Gen_Alg_10_8_2_Colorado2025-greenBox.czi,Gen_alg,868.83,4626.0,4708.0,38,39,126.57,0.956,20260226_279_Gen_Alg_10_8_2_Colorado2025-greenBox_x004096_y004096
Unknown_Sample,20260226_279_Gen_Alg_10_8_2_Colorado2025-greenBox.czi,Gen_alg,592.94,4430.0,4462.0,30,33,105.01,0.955,20260226_279_Gen_Alg_10_8_2_Colorado2025-greenBox_x004096_y004096
Unknown_Sample,20260226_279_Gen_Alg_10_8_2_Colorado2025-greenBox.czi,Gen_alg,741.46,4968.0,4551.0,35,35,116.67,0.959,20260226_279_Gen_Alg_10_8_2_Colorado2025-greenBox_x004608_y004096
Unknown_Sample,20260226_279_Gen_Alg_10_8_2_Colorado2025-greenBox.czi,Gen_alg,602.18,5215.0,4401.0,33,30,105.01,0.958,20260226_279_Gen_Alg_10_8_2_Colorado2025-greenBox_x004608_y004096
Unknown_Sample,20260226_279_Gen_Alg_10_8_2_Colorado2025-greenBox.czi,Gen_alg,876.14,4626.0,4709.0,38,39,128.33,0.958,20260226_279_Gen_Alg_10_8_2_Colorado2025-greenBox_x004608_y004096
Unknown_Sample,20260226_279_Gen_Alg_10_8_2_Colorado2025-greenBox.czi,Gen_alg,275.88,4881.0,4136.0,23,21,74.04,0.946,20260226_279_Gen_Alg_10_8_2_Colorado2025-greenBox_x004608_y004096
Unknown_Sample,20260226_279_Gen_Alg_10_8_2_Colorado2025-greenBox.czi,Gen_alg,625.65,5386.0,4346.0,31,34,108.43,0.961,20260226_279_Gen_Alg_10_8_2_Colorado2025-greenBox_x005120_y004096
Unknown_Sample,20260226_279_Gen_Alg_10_8_2_Colorado2025-greenBox.czi,Gen_alg,927.31,5629.0,4179.0,40,39,129.4,0.96,20260226_279_Gen_Alg_10_8_2_Colorado2025-greenBox_x005120_y004096
Unknown_Sample,20260226_279_Gen_Alg_10_8_2_Colorado2025-greenBox.czi,Gen_alg,788.41,5728.0,4335.0,36,37,119.15,0.959,20260226_279_Gen_Alg_10_8_2_Colorado2025-greenBox_x005120_y004096
Unknown_Sample,20260226_279_Gen_Alg_10_8_2_Colorado2025-greenBox.czi,Gen_alg,602.18,5215.0,4401.0,33,30,105.01,0.959,20260226_279_Gen_Alg_10_8_2_Colorado2025-greenBox_x005120_y004096
Unknown_Sample,20260226_279_Gen_Alg_10_8_2_Colorado2025-greenBox.czi,Gen_alg,682.98,5740.0,4157.0,34,33,110.67,0.957,20260226_279_Gen_Alg_10_8_2_Colorado2025-greenBox_x005120_y004096
Unknown_Sample,20260226_279_Gen_Alg_10_8_2_Colorado2025-greenBox.czi,Gen_alg,612.95,5746.0,4608.0,29,34,110.87,0.942,20260226_279_Gen_Alg_10_8_2_Colorado2025-greenBox_x005120_y004096
Unknown_Sample,20260226_279_Gen_Alg_10_8_2_Colorado2025-greenBox.czi,Gen_alg,329.75,5331.0,4727.0,32,17,85.21,0.916,20260226_279_Gen_Alg_10_8_2_Colorado2025-greenBox_x005120_y004096
Unknown_Sample,20260226_279_Gen_Alg_10_8_2_Colorado2025-greenBox.czi,Gen_alg,797.26,6185.0,4541.0,36,36,121.25,0.962,20260226_279_Gen_Alg_10_8_2_Colorado2025-greenBox_x005632_y004096
Unknown_Sample,20260226_279_Gen_Alg_10_8_2_Colorado2025-greenBox.czi,Gen_alg,682.59,5740.0,4157.0,34,33,111.25,0.961,20260226_279_Gen_Alg_10_8_2_Colorado2025-greenBox_x005632_y004096
Unknown_Sample,20260226_279_Gen_Alg_10_8_2_Colorado2025-greenBox.czi,Gen_alg,806.88,6122.0,4414.0,35,39,121.15,0.961,20260226_279_Gen_Alg_10_8_2_Colorado2025-greenBox_x005632_y004096
Unknown_Sample,20260226_279_Gen_Alg_10_8_2_Colorado2025-greenBox.czi,Gen_alg,788.41,5728.0,4335.0,36,37,119.15,0.959,20260226_279_Gen_Alg_10_8_2_Colorado2025-greenBox_x005632_y004096
Unknown_Sample,20260226_279_Gen_Alg_10_8_2_Colorado2025-greenBox.czi,Gen_alg,714.15,5748.0,4609.0,35,35,116.08,0.959,20260226_279_Gen_Alg_10_8_2_Colorado2025-greenBox_x005632_y004096
Unknown_Sample,20260226_279_Gen_Alg_10_8_2_Colorado2025-greenBox.czi,Gen_alg,745.7,6035.0,4590.0,36,35,116.91,0.959,20260226_279_Gen_Alg_10_8_2_Colorado2025-greenBox_x005632_y004096
Unknown_Sample,20260226_279_Gen_Alg_10_8_2_Colorado2025-greenBox.czi,Gen_alg,399.4,5639.0,4179.0,18,39,98.28,0.946,20260226_279_Gen_Alg_10_8_2_Colorado2025-greenBox_x005632_y004096
Unknown_Sample,20260226_279_Gen_Alg_10_8_2_Colorado2025-greenBox.czi,Gen_alg,379.77,6158.0,4597.0,31,25,92.18,0.749,20260226_279_Gen_Alg_10_8_2_Colorado2025-greenBox_x005632_y004096
Unknown_Sample,20260226_279_Gen_Alg_10_8_2_Colorado2025-greenBox.czi,Gen_alg,797.26,6185.0,4541.0,36,36,121.25,0.963,20260226_279_Gen_Alg_10_8_2_Colorado2025-greenBox_x006144_y004096
Unknown_Sample,20260226_279_Gen_Alg_10_8_2_Colorado2025-greenBox.czi,Gen_alg,651.04,6448.0,4121.0,32,34,109.25,0.961,20260226_279_Gen_Alg_10_8_2_Colorado2025-greenBox_x006144_y004096
Unknown_Sample,20260226_279_Gen_Alg_10_8_2_Colorado2025-greenBox.czi,Gen_alg,756.86,6718.0,4343.0,38,33,117.5,0.961,20260226_279_Gen_Alg_10_8_2_Colorado2025-greenBox_x006144_y004096
Unknown_Sample,20260226_279_Gen_Alg_10_8_2_Colorado2025-greenBox.czi,Gen_alg,802.26,6573.0,4667.0,36,36,120.67,0.96,20260226_279_Gen_Alg_10_8_2_Colorado2025-greenBox_x006144_y004096
Unknown_Sample,20260226_279_Gen_Alg_10_8_2_Colorado2025-greenBox.czi,Gen_alg,833.43,6366.0,4573.0,37,37,122.91,0.96,20260226_279_Gen_Alg_10_8_2_Colorado2025-greenBox_x006144_y004096
Unknown_Sample,20260226_279_Gen_Alg_10_8_2_Colorado2025-greenBox.czi,Gen_alg,631.42,6593.0,4387.0,32,32,107.01,0.959,20260226_279_Gen_Alg_10_8_2_Colorado2025-greenBox_x006144_y004096
Unknown_Sample,20260226_279_Gen_Alg_10_8_2_Colorado2025-greenBox.czi,Gen_alg,384.39,6157.0,4597.0,31,25,92.18,0.741,20260226_279_Gen_Alg_10_8_2_Colorado2025-greenBox_x006144_y004096
Unknown_Sample,20260226_279_Gen_Alg_10_8_2_Colorado2025-greenBox.czi,Gen_alg,702.22,7255.0,4294.0,34,34,112.67,0.962,20260226_279_Gen_Alg_10_8_2_Colorado2025-greenBox_x006656_y004096
Unknown_Sample,20260226_279_Gen_Alg_10_8_2_Colorado2025-greenBox.czi,Gen_alg,758.39,6718.0,4343.0,38,33,118.67,0.961,20260226_279_Gen_Alg_10_8_2_Colorado2025-greenBox_x006656_y004096
Unknown_Sample,20260226_279_Gen_Alg_10_8_2_Colorado2025-greenBox.czi,Gen_alg,811.11,7222.0,4667.0,37,37,121.74,0.958,20260226_279_Gen_Alg_10_8_2_Colorado2025-greenBox_x006656_y004096
Unknown_Sample,20260226_279_Gen_Alg_10_8_2_Colorado2025-greenBox.czi,Gen_alg,462.89,7053.0,4104.0,36,21,100.04,0.957,20260226_279_Gen_Alg_10_8_2_Colorado2025-greenBox_x006656_y004096
Unknown_Sample,20260226_279_Gen_Alg_10_8_2_Colorado2025-greenBox.czi,Gen_alg,699.91,6904.0,4720.0,35,32,116.53,0.948,20260226_279_Gen_Alg_10_8_2_Colorado2025-greenBox_x006656_y004096
Unknown_Sample,20260226_279_Gen_Alg_10_8_2_Colorado2025-greenBox.czi,Gen_alg,706.83,7408.0,4658.0,35,33,115.01,0.964,20260226_279_Gen_Alg_10_8_2_Colorado2025-greenBox_x007168_y004096
Unknown_Sample,20260226_279_Gen_Alg_10_8_2_Colorado2025-greenBox.czi,Gen_alg,701.45,7255.0,4294.0,34,34,112.67,0.962,20260226_279_Gen_Alg_10_8_2_Colorado2025-greenBox_x007168_y004096
Unknown_Sample,20260226_279_Gen_Alg_10_8_2_Colorado2025-greenBox.czi,Gen_alg,944.63,7480.0,4539.0,40,39,129.98,0.961,20260226_279_Gen_Alg_10_8_2_Colorado2025-greenBox_x007168_y004096
Unknown_Sample,20260226_279_Gen_Alg_10_8_2_Colorado2025-greenBox.czi,Gen_alg,575.24,7405.0,4699.0,31,30,103.36,0.959,20260226_279_Gen_Alg_10_8_2_Colorado2025-greenBox_x007168_y004096
Unknown_Sample,20260226_279_Gen_Alg_10_8_2_Colorado2025-greenBox.czi,Gen_alg,565.24,7405.0,4569.0,31,30,101.01,0.959,20260226_279_Gen_Alg_10_8_2_Colorado2025-greenBox_x007168_y004096
Unknown_Sample,20260226_279_Gen_Alg_10_8_2_Colorado2025-greenBox.czi,Gen_alg,811.11,7222.0,4667.0,37,37,121.74,0.958,20260226_279_Gen_Alg_10_8_2_Colorado2025-greenBox_x007168_y004096
Unknown_Sample,20260226_279_Gen_Alg_10_8_2_Colorado2025-greenBox.czi,Gen_alg,701.45,7371.0,4273.0,34,34,112.67,0.958,20260226_279_Gen_Alg_10_8_2_Colorado2025-greenBox_x007168_y004096
Unknown_Sample,20260226_279_Gen_Alg_10_8_2_Colorado2025-greenBox.czi,Gen_alg,440.57,7501.0,4198.0,23,32,91.36,0.951,20260226_279_Gen_Alg_10_8_2_Colorado2025-greenBox_x007168_y004096
Unknown_Sample,20260226_279_Gen_Alg_10_8_2_Colorado2025-greenBox.czi,Gen_alg,645.27,7517.0,4720.0,32,32,109.36,0.948,20260226_279_Gen_Alg_10_8_2_Colorado2025-greenBox_x007168_y004096
Unknown_Sample,20260226_279_Gen_Alg_10_8_2_Colorado2025-greenBox.czi,Gen_alg,240.1,7801.0,4641.0,14,31,76.63,0.89,20260226_279_Gen_Alg_10_8_2_Colorado2025-greenBox_x007168_y004096
Unknown_Sample,20260226_279_Gen_Alg_10_8_2_Colorado2025-greenBox.czi,Gen_alg,749.55,8285.0,4200.0,35,35,116.08,0.965,20260226_279_Gen_Alg_10_8_2_Colorado2025-greenBox_x007680_y004096
Unknown_Sample,20260226_279_Gen_Alg_10_8_2_Colorado2025-greenBox.czi,Gen_alg,730.31,8018.0,4284.0,34,35,114.08,0.963,20260226_279_Gen_Alg_10_8_2_Colorado2025-greenBox_x007680_y004096
Unknown_Sample,20260226_279_Gen_Alg_10_8_2_Colorado2025-greenBox.czi,Gen_alg,758.78,8082.0,4623.0,36,36,118.91,0.957,20260226_279_Gen_Alg_10_8_2_Colorado2025-greenBox_x007680_y004096
Unknown_Sample,20260226_279_Gen_Alg_10_8_2_Colorado2025-greenBox.czi,Gen_alg,758.78,8072.0,4341.0,35,36,118.08,0.957,20260226_279_Gen_Alg_10_8_2_Colorado2025-greenBox_x007680_y004096
Unknown_Sample,20260226_279_Gen_Alg_10_8_2_Colorado2025-greenBox.czi,Gen_alg,554.85,7808.0,4641.0,30,31,101.6,0.956,20260226_279_Gen_Alg_10_8_2_Colorado2025-greenBox_x007680_y004096
Unknown_Sample,20260226_279_Gen_Alg_10_8_2_Colorado2025-greenBox.czi,Gen_alg,481.36,8310.0,4305.0,21,38,102.87,0.93,20260226_279_Gen_Alg_10_8_2_Colorado2025-greenBox_x007680_y004096
Unknown_Sample,20260226_279_Gen_Alg_10_8_2_Colorado2025-greenBox.czi,Gen_alg,749.93,8285.0,4200.0,35,35,116.67,0.965,20260226_279_Gen_Alg_10_8_2_Colorado2025-greenBox_x008192_y004096
Unknown_Sample,20260226_279_Gen_Alg_10_8_2_Colorado2025-greenBox.czi,Gen_alg,836.89,8316.0,4305.0,37,38,123.15,0.961,20260226_279_Gen_Alg_10_8_2_Colorado2025-greenBox_x008192_y004096
Unknown_Sample,20260226_279_Gen_Alg_10_8_2_Colorado2025-greenBox.czi,Gen_alg,629.88,8694.0,4332.0,31,33,107.01,0.955,20260226_279_Gen_Alg_10_8_2_Colorado2025-greenBox_x008192_y004096
Unknown_Sample,20260226_279_Gen_Alg_10_8_2_Colorado2025-greenBox.czi,Gen_alg,675.28,8766.0,4406.0,35,32,111.84,0.955,20260226_279_Gen_Alg_10_8_2_Colorado2025-greenBox_x008192_y004096
Unknown_Sample,20260226_279_Gen_Alg_10_8_2_Colorado2025-greenBox.czi,Gen_alg,554.46,9025.0,4669.0,30,31,101.01,0.96,20260226_279_Gen_Alg_10_8_2_Colorado2025-greenBox_x008704_y004096
Unknown_Sample,20260226_279_Gen_Alg_10_8_2_Colorado2025-greenBox.czi,Gen_alg,674.13,8854.0,4488.0,35,32,111.25,0.959,20260226_279_Gen_Alg_10_8_2_Colorado2025-greenBox_x008704_y004096
Unknown_Sample,20260226_279_Gen_Alg_10_8_2_Colorado2025-greenBox.czi,Gen_alg,634.11,8955.0,4326.0,32,33,108.43,0.959,20260226_279_Gen_Alg_10_8_2_Colorado2025-greenBox_x008704_y004096
Unknown_Sample,20260226_279_Gen_Alg_10_8_2_Colorado2025-greenBox.czi,Gen_alg,673.74,8766.0,4406.0,35,32,111.84,0.955,20260226_279_Gen_Alg_10_8_2_Colorado2025-greenBox_x008704_y004096
Unknown_Sample,20260226_279_Gen_Alg_10_8_2_Colorado2025-greenBox.czi,Gen_alg,208.16,9337.0,4457.0,12,29,72.73,0.887,20260226_279_Gen_Alg_10_8_2_Colorado2025-greenBox_x008704_y004096
Unknown_Sample,20260226_279_Gen_Alg_10_8_2_Colorado2025-greenBox.czi,Gen_alg,789.95,9764.0,4188.0,36,36,119.5,0.962,20260226_279_Gen_Alg_10_8_2_Colorado2025-greenBox_x009216_y004096
Unknown_Sample,20260226_279_Gen_Alg_10_8_2_Colorado2025-greenBox.czi,Gen_alg,619.88,9347.0,4457.0,32,32,107.01,0.96,20260226_279_Gen_Alg_10_8_2_Colorado2025-greenBox_x009216_y004096
Unknown_Sample,20260226_279_Gen_Alg_10_8_2_Colorado2025-greenBox.czi,Gen_alg,679.13,9943.0,4648.0,33,33,111.01,0.964,20260226_279_Gen_Alg_10_8_2_Colorado2025-greenBox_x009728_y004096
Unknown_Sample,20260226_279_Gen_Alg_10_8_2_Colorado2025-greenBox.czi,Gen_alg,789.18,9764.0,4188.0,36,36,119.5,0.962,20260226_279_Gen_Alg_10_8_2_Colorado2025-greenBox_x009728_y004096
Unknown_Sample,20260226_279_Gen_Alg_10_8_2_Colorado2025-greenBox.czi,Gen_alg,806.11,9918.0,4510.0,36,36,121.84,0.961,20260226_279_Gen_Alg_10_8_2_Colorado2025-greenBox_x009728_y004096
Unknown_Sample,20260226_279_Gen_Alg_10_8_2_Colorado2025-greenBox.czi,Gen_alg,697.6,10032.0,4215.0,35,33,112.67,0.96,20260226_279_Gen_Alg_10_8_2_Colorado2025-greenBox_x009728_y004096
Unknown_Sample,20260226_279_Gen_Alg_10_8_2_Colorado2025-greenBox.czi,Gen_alg,568.32,10107.0,4695.0,31,30,102.18,0.959,20260226_279_Gen_Alg_10_8_2_Colorado2025-greenBox_x009728_y004096
Unknown_Sample,20260226_279_Gen_Alg_10_8_2_Colorado2025-greenBox.czi,Gen_alg,691.83,10354.0,4113.0,29,37,117.46,0.951,20260226_279_Gen_Alg_10_8_2_Colorado2025-greenBox_x009728_y004096
Unknown_Sample,20260226_279_Gen_Alg_10_8_2_Colorado2025-greenBox.czi,Gen_alg,672.97,10812.0,4665.0,32,34,111.01,0.962,20260226_279_Gen_Alg_10_8_2_Colorado2025-greenBox_x010240_y004096
Unknown_Sample,20260226_279_Gen_Alg_10_8_2_Colorado2025-greenBox.czi,Gen_alg,833.43,10356.0,4113.0,38,37,123.74,0.962,20260226_279_Gen_Alg_10_8_2_Colorado2025-greenBox_x010240_y004096
Unknown_Sample,20260226_279_Gen_Alg_10_8_2_Colorado2025-greenBox.czi,Gen_alg,623.72,10770.0,4363.0,32,32,108.18,0.961,20260226_279_Gen_Alg_10_8_2_Colorado2025-greenBox_x010240_y004096
Unknown_Sample,20260226_279_Gen_Alg_10_8_2_Colorado2025-greenBox.czi,Gen_alg,294.35,10850.0,4729.0,37,14,88.04,0.89,20260226_279_Gen_Alg_10_8_2_Colorado2025-greenBox_x010240_y004096
Unknown_Sample,20260226_279_Gen_Alg_10_8_2_Colorado2025-greenBox.czi,Gen_alg,837.27,11128.0,4231.0,38,36,124.08,0.965,20260226_279_Gen_Alg_10_8_2_Colorado2025-greenBox_x010752_y004096
Unknown_Sample,20260226_279_Gen_Alg_10_8_2_Colorado2025-greenBox.czi,Gen_alg,642.96,11171.0,4347.0,32,33,106.67,0.963,20260226_279_Gen_Alg_10_8_2_Colorado2025-greenBox_x010752_y004096
Unknown_Sample,20260226_279_Gen_Alg_10_8_2_Colorado2025-greenBox.czi,Gen_alg,674.13,10812.0,4665.0,32,34,110.43,0.962,20260226_279_Gen_Alg_10_8_2_Colorado2025-greenBox_x010752_y004096
Unknown_Sample,20260226_279_Gen_Alg_10_8_2_Colorado2025-greenBox.czi,Gen_alg,625.26,10770.0,4363.0,32,32,108.18,0.959,20260226_279_Gen_Alg_10_8_2_Colorado2025-greenBox_x010752_y004096
Unknown_Sample,20260226_279_Gen_Alg_10_8_2_Colorado2025-greenBox.czi,Gen_alg,353.23,10940.0,4502.0,25,24,82.28,0.945,20260226_279_Gen_Alg_10_8_2_Colorado2025-greenBox_x010752_y004096
Unknown_Sample,20260226_279_Gen_Alg_10_8_2_Colorado2025-greenBox.czi,Gen_alg,302.05,11230.0,4633.0,28,19,77.7,0.939,20260226_279_Gen_Alg_10_8_2_Colorado2025-greenBox_x010752_y004096
Unknown_Sample,20260226_279_Gen_Alg_10_8_2_Colorado2025-greenBox.czi,Gen_alg,294.35,10850.0,4729.0,37,14,88.04,0.889,20260226_279_Gen_Alg_10_8_2_Colorado2025-greenBox_x010752_y004096
Unknown_Sample,20260226_279_Gen_Alg_10_8_2_Colorado2025-greenBox.czi,Gen_alg,688.75,11524.0,4458.0,34,34,112.08,0.956,20260226_279_Gen_Alg_10_8_2_Colorado2025-greenBox_x011264_y004096
Unknown_Sample,20260226_279_Gen_Alg_10_8_2_Colorado2025-greenBox.czi,Gen_alg,610.26,11880.0,4369.0,32,32,105.25,0.954,20260226_279_Gen_Alg_10_8_2_Colorado2025-greenBox_x011264_y004096
Unknown_Sample,20260226_279_Gen_Alg_10_8_2_Colorado2025-greenBox.czi,Gen_alg,819.96,11882.0,4558.0,38,36,122.33,0.953,20260226_279_Gen_Alg_10_8_2_Colorado2025-greenBox_x011264_y004096
Unknown_Sample,20260226_279_Gen_Alg_10_8_2_Colorado2025-greenBox.czi,Gen_alg,657.58,12163.0,4250.0,33,34,109.5,0.964,20260226_279_Gen_Alg_10_8_2_Colorado2025-greenBox_x011776_y004096
Unknown_Sample,20260226_279_Gen_Alg_10_8_2_Colorado2025-greenBox.czi,Gen_alg,658.35,12153.0,4123.0,33,33,108.67,0.963,20260226_279_Gen_Alg_10_8_2_Colorado2025-greenBox_x011776_y004096
Unknown_Sample,20260226_279_Gen_Alg_10_8_2_Colorado2025-greenBox.czi,Gen_alg,753.78,12315.0,4652.0,35,35,116.67,0.961,20260226_279_Gen_Alg_10_8_2_Colorado2025-greenBox_x011776_y004096
Unknown_Sample,20260226_279_Gen_Alg_10_8_2_Colorado2025-greenBox.czi,Gen_alg,679.9,12045.0,4175.0,33,35,111.5,0.959,20260226_279_Gen_Alg_10_8_2_Colorado2025-greenBox_x011776_y004096
Unknown_Sample,20260226_279_Gen_Alg_10_8_2_Colorado2025-greenBox.czi,Gen_alg,483.66,12297.0,4463.0,28,28,93.36,0.957,20260226_279_Gen_Alg_10_8_2_Colorado2025-greenBox_x011776_y004096
Unknown_Sample,20260226_279_Gen_Alg_10_8_2_Colorado2025-greenBox.czi,Gen_alg,819.19,11882.0,4558.0,38,36,122.33,0.956,20260226_279_Gen_Alg_10_8_2_Colorado2025-greenBox_x011776_y004096
Unknown_Sample,20260226_279_Gen_Alg_10_8_2_Colorado2025-greenBox.czi,Gen_alg,610.26,11880.0,4369.0,32,32,105.25,0.956,20260226_279_Gen_Alg_10_8_2_Colorado2025-greenBox_x011776_y004096
Unknown_Sample,20260226_279_Gen_Alg_10_8_2_Colorado2025-greenBox.czi,Gen_alg,850.74,12500.0,4301.0,38,37,123.15,0.962,20260226_279_Gen_Alg_10_8_2_Colorado2025-greenBox_x012288_y004096
Unknown_Sample,20260226_279_Gen_Alg_10_8_2_Colorado2025-greenBox.czi,Gen_alg,759.55,12315.0,4652.0,36,35,118.08,0.961,20260226_279_Gen_Alg_10_8_2_Colorado2025-greenBox_x012288_y004096
Unknown_Sample,20260226_279_Gen_Alg_10_8_2_Colorado2025-greenBox.czi,Gen_alg,964.64,12803.0,4157.0,42,39,130.47,0.961,20260226_279_Gen_Alg_10_8_2_Colorado2025-greenBox_x012288_y004096
Unknown_Sample,20260226_279_Gen_Alg_10_8_2_Colorado2025-greenBox.czi,Gen_alg,434.03,12299.0,4463.0,24,28,90.63,0.96,20260226_279_Gen_Alg_10_8_2_Colorado2025-greenBox_x012288_y004096
Unknown_Sample,20260226_279_Gen_Alg_10_8_2_Colorado2025-greenBox.czi,Gen_alg,584.09,12842.0,4430.0,31,30,103.94,0.955,20260226_279_Gen_Alg_10_8_2_Colorado2025-greenBox_x012288_y004096
Unknown_Sample,20260226_279_Gen_Alg_10_8_2_Colorado2025-greenBox.czi,Gen_alg,519.45,12761.0,4640.0,27,32,98.77,0.949,20260226_279_Gen_Alg_10_8_2_Colorado2025-greenBox_x012288_y004096
Unknown_Sample,20260226_279_Gen_Alg_10_8_2_Colorado2025-greenBox.czi,Gen_alg,431.33,12919.0,4419.0,19,39,99.7,0.908,20260226_279_Gen_Alg_10_8_2_Colorado2025-greenBox_x012288_y004096
Unknown_Sample,20260226_279_Gen_Alg_10_8_2_Colorado2025-greenBox.czi,Gen_alg,902.69,12927.0,4419.0,39,39,127.4,0.962,20260226_279_Gen_Alg_10_8_2_Colorado2025-greenBox_x012800_y004096
Unknown_Sample,20260226_279_Gen_Alg_10_8_2_Colorado2025-greenBox.czi,Gen_alg,793.02,13361.0,4216.0,36,36,120.67,0.961,20260226_279_Gen_Alg_10_8_2_Colorado2025-greenBox_x012800_y004096
Unknown_Sample,20260226_279_Gen_Alg_10_8_2_Colorado2025-greenBox.czi,Gen_alg,578.32,13323.0,4339.0,31,31,103.01,0.961,20260226_279_Gen_Alg_10_8_2_Colorado2025-greenBox_x012800_y004096
Unknown_Sample,20260226_279_Gen_Alg_10_8_2_Colorado2025-greenBox.czi,Gen_alg,849.59,13167.0,4657.0,37,37,124.08,0.961,20260226_279_Gen_Alg_10_8_2_Colorado2025-greenBox_x012800_y004096
Unknown_Sample,20260226_279_Gen_Alg_10_8_2_Colorado2025-greenBox.czi,Gen_alg,680.29,13048.0,4642.0,33,34,112.43,0.96,20260226_279_Gen_Alg_10_8_2_Colorado2025-greenBox_x012800_y004096
Unknown_Sample,20260226_279_Gen_Alg_10_8_2_Colorado2025-greenBox.czi,Gen_alg,786.1,13197.0,4420.0,36,36,119.5,0.957,20260226_279_Gen_Alg_10_8_2_Colorado2025-greenBox_x012800_y004096
Unknown_Sample,20260226_279_Gen_Alg_10_8_2_Colorado2025-greenBox.czi,Gen_alg,574.47,12810.0,4157.0,25,39,110.53,0.957,20260226_279_Gen_Alg_10_8_2_Colorado2025-greenBox_x012800_y004096
Unknown_Sample,20260226_279_Gen_Alg_10_8_2_Colorado2025-greenBox.czi,Gen_alg,583.32,12842.0,4430.0,31,30,103.94,0.955,20260226_279_Gen_Alg_10_8_2_Colorado2025-greenBox_x012800_y004096
Unknown_Sample,20260226_279_Gen_Alg_10_8_2_Colorado2025-greenBox.czi,Gen_alg,429.8,13002.0,4405.0,25,30,90.18,0.941,20260226_279_Gen_Alg_10_8_2_Colorado2025-greenBox_x012800_y004096
Unknown_Sample,20260226_279_Gen_Alg_10_8_2_Colorado2025-greenBox.czi,Gen_alg,791.87,13583.0,4706.0,36,36,118.91,0.965,20260226_279_Gen_Alg_10_8_2_Colorado2025-greenBox_x013312_y004096
Unknown_Sample,20260226_279_Gen_Alg_10_8_2_Colorado2025-greenBox.czi,Gen_alg,530.22,13324.0,4339.0,27,31,101.46,0.962,20260226_279_Gen_Alg_10_8_2_Colorado2025-greenBox_x013312_y004096
Unknown_Sample,20260226_279_Gen_Alg_10_8_2_Colorado2025-greenBox.czi,Gen_alg,791.87,13361.0,4216.0,36,36,121.25,0.961,20260226_279_Gen_Alg_10_8_2_Colorado2025-greenBox_x013312_y004096
Unknown_Sample,20260226_279_Gen_Alg_10_8_2_Colorado2025-greenBox.czi,Gen_alg,741.08,13699.0,4452.0,35,34,116.43,0.958,20260226_279_Gen_Alg_10_8_2_Colorado2025-greenBox_x013312_y004096
Unknown_Sample,20260226_279_Gen_Alg_10_8_2_Colorado2025-greenBox.czi,Gen_alg,705.3,13906.0,4367.0,34,34,113.84,0.956,20260226_279_Gen_Alg_10_8_2_Colorado2025-greenBox_x013312_y004096
Unknown_Sample,20260226_279_Gen_Alg_10_8_2_Colorado2025-greenBox.czi,Gen_alg,535.61,13659.0,4161.0,30,31,99.25,0.952,20260226_279_Gen_Alg_10_8_2_Colorado2025-greenBox_x013312_y004096
Unknown_Sample,20260226_279_Gen_Alg_10_8_2_Colorado2025-greenBox.czi,Gen_alg,601.41,13845.0,4606.0,32,31,105.01,0.952,20260226_279_Gen_Alg_10_8_2_Colorado2025-greenBox_x013312_y004096
Unknown_Sample,20260226_279_Gen_Alg_10_8_2_Colorado2025-greenBox.czi,Gen_alg,709.91,13905.0,4367.0,34,35,114.67,0.957,20260226_279_Gen_Alg_10_8_2_Colorado2025-greenBox_x013824_y004096
Unknown_Sample,20260226_279_Gen_Alg_10_8_2_Colorado2025-greenBox.czi,Gen_alg,687.98,14446.0,4123.0,34,33,113.6,0.956,20260226_279_Gen_Alg_10_8_2_Colorado2025-greenBox_x013824_y004096
Unknown_Sample,20260226_279_Gen_Alg_10_8_2_Colorado2025-greenBox.czi,Gen_alg,593.71,13845.0,4606.0,31,31,104.18,0.953,20260226_279_Gen_Alg_10_8_2_Colorado2025-greenBox_x013824_y004096
Unknown_Sample,20260226_279_Gen_Alg_10_8_2_Colorado2025-greenBox.czi,Gen_alg,689.9,14446.0,4123.0,35,33,113.84,0.963,20260226_279_Gen_Alg_10_8_2_Colorado2025-greenBox_x014336_y004096
Unknown_Sample,20260226_279_Gen_Alg_10_8_2_Colorado2025-greenBox.czi,Gen_alg,703.76,14496.0,4178.0,34,34,112.67,0.959,20260226_279_Gen_Alg_10_8_2_Colorado2025-greenBox_x014336_y004096
Unknown_Sample,20260226_279_Gen_Alg_10_8_2_Colorado2025-greenBox.czi,Gen_alg,689.52,14612.0,4502.0,33,34,111.25,0.957,20260226_279_Gen_Alg_10_8_2_Colorado2025-greenBox_x014336_y004096
Unknown_Sample,20260226_279_Gen_Alg_10_8_2_Colorado2025-greenBox.czi,Gen_alg,719.92,14919.0,4687.0,34,36,114.33,0.956,20260226_279_Gen_Alg_10_8_2_Colorado2025-greenBox_x014336_y004096
Unknown_Sample,20260226_279_Gen_Alg_10_8_2_Colorado2025-greenBox.czi,Gen_alg,653.74,14577.0,4480.0,32,33,109.01,0.952,20260226_279_Gen_Alg_10_8_2_Colorado2025-greenBox_x014336_y004096
Unknown_Sample,20260226_279_Gen_Alg_10_8_2_Colorado2025-greenBox.czi,Gen_alg,653.35,14772.0,4449.0,34,32,109.25,0.949,20260226_279_Gen_Alg_10_8_2_Colorado2025-greenBox_x014336_y004096
Unknown_Sample,20260226_279_Gen_Alg_10_8_2_Colorado2025-greenBox.czi,Gen_alg,492.9,14710.0,4679.0,29,31,96.67,0.949,20260226_279_Gen_Alg_10_8_2_Colorado2025-greenBox_x014336_y004096
Unknown_Sample,20260226_279_Gen_Alg_10_8_2_Colorado2025-greenBox.czi,Gen_alg,376.31,14531.0,4727.0,34,18,91.8,0.917,20260226_279_Gen_Alg_10_8_2_Colorado2025-greenBox_x014336_y004096
Unknown_Sample,20260226_279_Gen_Alg_10_8_2_Colorado2025-greenBox.czi,Gen_alg,839.2,15294.0,4324.0,39,35,123.5,0.959,20260226_279_Gen_Alg_10_8_2_Colorado2025-greenBox_x014848_y004096
Unknown_Sample,20260226_279_Gen_Alg_10_8_2_Colorado2025-greenBox.czi,Gen_alg,796.49,15274.0,4494.0,36,38,121.74,0.958,20260226_279_Gen_Alg_10_8_2_Colorado2025-greenBox_x014848_y004096
Unknown_Sample,20260226_279_Gen_Alg_10_8_2_Colorado2025-greenBox.czi,Gen_alg,691.44,15389.0,4468.0,35,32,111.84,0.957,20260226_279_Gen_Alg_10_8_2_Colorado2025-greenBox_x014848_y004096
Unknown_Sample,20260226_279_Gen_Alg_10_8_2_Colorado2025-greenBox.czi,Gen_alg,719.92,14919.0,4687.0,34,36,114.33,0.956,20260226_279_Gen_Alg_10_8_2_Colorado2025-greenBox_x014848_y004096
Unknown_Sample,20260226_279_Gen_Alg_10_8_2_Colorado2025-greenBox.czi,Gen_alg,509.83,15330.0,4141.0,30,28,97.36,0.953,20260226_279_Gen_Alg_10_8_2_Colorado2025-greenBox_x014848_y004096
Unknown_Sample,20260226_279_Gen_Alg_10_8_2_Colorado2025-greenBox.czi,Gen_alg,758.39,15457.0,4320.0,34,37,117.5,0.952,20260226_279_Gen_Alg_10_8_2_Colorado2025-greenBox_x014848_y004096
Unknown_Sample,20260226_279_Gen_Alg_10_8_2_Colorado2025-greenBox.czi,Gen_alg,557.54,15148.0,4687.0,30,31,102.18,0.949,20260226_279_Gen_Alg_10_8_2_Colorado2025-greenBox_x014848_y004096
Unknown_Sample,20260226_279_Gen_Alg_10_8_2_Colorado2025-greenBox.czi,Gen_alg,362.07,15317.0,4103.0,36,17,92.04,0.943,20260226_279_Gen_Alg_10_8_2_Colorado2025-greenBox_x014848_y004096
Unknown_Sample,20260226_279_Gen_Alg_10_8_2_Colorado2025-greenBox.czi,Gen_alg,235.48,15140.0,4729.0,29,14,73.8,0.897,20260226_279_Gen_Alg_10_8_2_Colorado2025-greenBox_x014848_y004096
Unknown_Sample,20260226_279_Gen_Alg_10_8_2_Colorado2025-greenBox.czi,Gen_alg,692.98,15389.0,4468.0,35,32,111.84,0.956,20260226_279_Gen_Alg_10_8_2_Colorado2025-greenBox_x015360_y004096
Unknown_Sample,20260226_279_Gen_Alg_10_8_2_Colorado2025-greenBox.czi,Gen_alg,759.55,15457.0,4320.0,34,37,118.08,0.951,20260226_279_Gen_Alg_10_8_2_Colorado2025-greenBox_x015360_y004096
Unknown_Sample,20260226_279_Gen_Alg_10_8_2_Colorado2025-greenBox.czi,Gen_alg,905.76,16385.0,4395.0,37,41,129.74,0.947,20260226_279_Gen_Alg_10_8_2_Colorado2025-greenBox_x015872_y004096
Unknown_Sample,20260226_279_Gen_Alg_10_8_2_Colorado2025-greenBox.czi,Gen_alg,634.11,16333.0,4696.0,32,33,107.25,0.946,20260226_279_Gen_Alg_10_8_2_Colorado2025-greenBox_x015872_y004096
Unknown_Sample,20260226_279_Gen_Alg_10_8_2_Colorado2025-greenBox.czi,Gen_alg,730.31,16240.0,4637.0,35,34,115.25,0.942,20260226_279_Gen_Alg_10_8_2_Colorado2025-greenBox_x015872_y004096
Unknown_Sample,20260226_279_Gen_Alg_10_8_2_Colorado2025-greenBox.czi,Gen_alg,868.06,16232.0,4354.0,39,37,128.08,0.941,20260226_279_Gen_Alg_10_8_2_Colorado2025-greenBox_x015872_y004096
Unknown_Sample,20260226_279_Gen_Alg_10_8_2_Colorado2025-greenBox.czi,Gen_alg,614.87,16660.0,4651.0,34,30,106.43,0.949,20260226_279_Gen_Alg_10_8_2_Colorado2025-greenBox_x016384_y004096
Unknown_Sample,20260226_279_Gen_Alg_10_8_2_Colorado2025-greenBox.czi,Gen_alg,883.06,16560.0,4467.0,40,37,125.98,0.936,20260226_279_Gen_Alg_10_8_2_Colorado2025-greenBox_x016384_y004096
Unknown_Sample,20260226_279_Gen_Alg_10_8_2_Colorado2025-greenBox.czi,Gen_alg,516.76,16392.0,4396.0,21,41,108.87,0.936,20260226_279_Gen_Alg_10_8_2_Colorado2025-greenBox_x016384_y004096
Unknown_Sample,20260226_279_Gen_Alg_10_8_2_Colorado2025-greenBox.czi,Gen_alg,549.46,798.0,5014.0,31,29,100.77,0.952,20260226_279_Gen_Alg_10_8_2_Colorado2025-greenBox_x000512_y004608
Unknown_Sample,20260226_279_Gen_Alg_10_8_2_Colorado2025-greenBox.czi,Gen_alg,410.17,1140.0,4839.0,23,28,88.63,0.927,20260226_279_Gen_Alg_10_8_2_Colorado2025-greenBox_x000512_y004608
Unknown_Sample,20260226_279_Gen_Alg_10_8_2_Colorado2025-greenBox.czi,Gen_alg,743.39,1227.0,5086.0,35,36,115.74,0.961,20260226_279_Gen_Alg_10_8_2_Colorado2025-greenBox_x001024_y004608
Unknown_Sample,20260226_279_Gen_Alg_10_8_2_Colorado2025-greenBox.czi,Gen_alg,791.1,1308.0,5082.0,36,36,118.91,0.96,20260226_279_Gen_Alg_10_8_2_Colorado2025-greenBox_x001024_y004608
Unknown_Sample,20260226_279_Gen_Alg_10_8_2_Colorado2025-greenBox.czi,Gen_alg,754.93,1398.0,5224.0,35,35,116.08,0.959,20260226_279_Gen_Alg_10_8_2_Colorado2025-greenBox_x001024_y004608
Unknown_Sample,20260226_279_Gen_Alg_10_8_2_Colorado2025-greenBox.czi,Gen_alg,480.59,1472.0,4618.0,32,23,98.38,0.958,20260226_279_Gen_Alg_10_8_2_Colorado2025-greenBox_x001024_y004608
Unknown_Sample,20260226_279_Gen_Alg_10_8_2_Colorado2025-greenBox.czi,Gen_alg,471.74,1142.0,4839.0,28,28,91.6,0.947,20260226_279_Gen_Alg_10_8_2_Colorado2025-greenBox_x001024_y004608
Unknown_Sample,20260226_279_Gen_Alg_10_8_2_Colorado2025-greenBox.czi,Gen_alg,805.72,1728.0,4763.0,37,36,122.08,0.962,20260226_279_Gen_Alg_10_8_2_Colorado2025-greenBox_x001536_y004608
Unknown_Sample,20260226_279_Gen_Alg_10_8_2_Colorado2025-greenBox.czi,Gen_alg,721.46,1902.0,4944.0,33,36,114.67,0.961,20260226_279_Gen_Alg_10_8_2_Colorado2025-greenBox_x001536_y004608
Unknown_Sample,20260226_279_Gen_Alg_10_8_2_Colorado2025-greenBox.czi,Gen_alg,671.44,1766.0,5175.0,33,34,110.67,0.959,20260226_279_Gen_Alg_10_8_2_Colorado2025-greenBox_x001536_y004608
Unknown_Sample,20260226_279_Gen_Alg_10_8_2_Colorado2025-greenBox.czi,Gen_alg,495.98,2077.0,4741.0,29,28,96.53,0.959,20260226_279_Gen_Alg_10_8_2_Colorado2025-greenBox_x001536_y004608
Unknown_Sample,20260226_279_Gen_Alg_10_8_2_Colorado2025-greenBox.czi,Gen_alg,552.92,1758.0,4958.0,30,31,101.01,0.957,20260226_279_Gen_Alg_10_8_2_Colorado2025-greenBox_x001536_y004608
Unknown_Sample,20260226_279_Gen_Alg_10_8_2_Colorado2025-greenBox.czi,Gen_alg,582.94,1890.0,4985.0,32,31,103.84,0.951,20260226_279_Gen_Alg_10_8_2_Colorado2025-greenBox_x001536_y004608
Unknown_Sample,20260226_279_Gen_Alg_10_8_2_Colorado2025-greenBox.czi,Gen_alg,320.13,1688.0,4970.0,20,27,79.46,0.946,20260226_279_Gen_Alg_10_8_2_Colorado2025-greenBox_x001536_y004608
Unknown_Sample,20260226_279_Gen_Alg_10_8_2_Colorado2025-greenBox.czi,Gen_alg,747.24,2426.0,4727.0,35,35,118.43,0.959,20260226_279_Gen_Alg_10_8_2_Colorado2025-greenBox_x002048_y004608
Unknown_Sample,20260226_279_Gen_Alg_10_8_2_Colorado2025-greenBox.czi,Gen_alg,494.44,2077.0,4741.0,29,28,96.53,0.959,20260226_279_Gen_Alg_10_8_2_Colorado2025-greenBox_x002048_y004608
Unknown_Sample,20260226_279_Gen_Alg_10_8_2_Colorado2025-greenBox.czi,Gen_alg,472.51,2208.0,4765.0,28,27,93.11,0.956,20260226_279_Gen_Alg_10_8_2_Colorado2025-greenBox_x002048_y004608
Unknown_Sample,20260226_279_Gen_Alg_10_8_2_Colorado2025-greenBox.czi,Gen_alg,576.01,2632.0,5009.0,33,29,103.01,0.95,20260226_279_Gen_Alg_10_8_2_Colorado2025-greenBox_x002048_y004608
Unknown_Sample,20260226_279_Gen_Alg_10_8_2_Colorado2025-greenBox.czi,Gen_alg,353.23,2561.0,4912.0,28,21,81.11,0.95,20260226_279_Gen_Alg_10_8_2_Colorado2025-greenBox_x002048_y004608
Unknown_Sample,20260226_279_Gen_Alg_10_8_2_Colorado2025-greenBox.czi,Gen_alg,588.71,2650.0,5042.0,31,32,104.43,0.946,20260226_279_Gen_Alg_10_8_2_Colorado2025-greenBox_x002048_y004608
Unknown_Sample,20260226_279_Gen_Alg_10_8_2_Colorado2025-greenBox.czi,Gen_alg,738.0,3128.0,4713.0,37,33,117.25,0.961,20260226_279_Gen_Alg_10_8_2_Colorado2025-greenBox_x002560_y004608
Unknown_Sample,20260226_279_Gen_Alg_10_8_2_Colorado2025-greenBox.czi,Gen_alg,709.14,2720.0,4753.0,34,34,113.84,0.96,20260226_279_Gen_Alg_10_8_2_Colorado2025-greenBox_x002560_y004608
Unknown_Sample,20260226_279_Gen_Alg_10_8_2_Colorado2025-greenBox.czi,Gen_alg,879.98,3109.0,4673.0,40,37,127.15,0.958,20260226_279_Gen_Alg_10_8_2_Colorado2025-greenBox_x002560_y004608
Unknown_Sample,20260226_279_Gen_Alg_10_8_2_Colorado2025-greenBox.czi,Gen_alg,192.77,2566.0,4913.0,16,20,62.73,0.954,20260226_279_Gen_Alg_10_8_2_Colorado2025-greenBox_x002560_y004608
Unknown_Sample,20260226_279_Gen_Alg_10_8_2_Colorado2025-greenBox.czi,Gen_alg,576.01,2632.0,5009.0,33,29,103.01,0.95,20260226_279_Gen_Alg_10_8_2_Colorado2025-greenBox_x002560_y004608
Unknown_Sample,20260226_279_Gen_Alg_10_8_2_Colorado2025-greenBox.czi,Gen_alg,590.25,2650.0,5042.0,31,32,104.43,0.946,20260226_279_Gen_Alg_10_8_2_Colorado2025-greenBox_x002560_y004608
Unknown_Sample,20260226_279_Gen_Alg_10_8_2_Colorado2025-greenBox.czi,Gen_alg,889.99,3487.0,5036.0,40,37,127.15,0.965,20260226_279_Gen_Alg_10_8_2_Colorado2025-greenBox_x003072_y004608
Unknown_Sample,20260226_279_Gen_Alg_10_8_2_Colorado2025-greenBox.czi,Gen_alg,709.14,3566.0,4703.0,34,34,113.84,0.964,20260226_279_Gen_Alg_10_8_2_Colorado2025-greenBox_x003072_y004608
Unknown_Sample,20260226_279_Gen_Alg_10_8_2_Colorado2025-greenBox.czi,Gen_alg,609.1,3357.0,4773.0,32,31,105.01,0.963,20260226_279_Gen_Alg_10_8_2_Colorado2025-greenBox_x003072_y004608
Unknown_Sample,20260226_279_Gen_Alg_10_8_2_Colorado2025-greenBox.czi,Gen_alg,766.09,3341.0,5007.0,35,36,117.5,0.963,20260226_279_Gen_Alg_10_8_2_Colorado2025-greenBox_x003072_y004608
Unknown_Sample,20260226_279_Gen_Alg_10_8_2_Colorado2025-greenBox.czi,Gen_alg,772.63,3245.0,5157.0,38,33,120.43,0.962,20260226_279_Gen_Alg_10_8_2_Colorado2025-greenBox_x003072_y004608
Unknown_Sample,20260226_279_Gen_Alg_10_8_2_Colorado2025-greenBox.czi,Gen_alg,738.0,3128.0,4713.0,37,33,117.25,0.961,20260226_279_Gen_Alg_10_8_2_Colorado2025-greenBox_x003072_y004608
Unknown_Sample,20260226_279_Gen_Alg_10_8_2_Colorado2025-greenBox.czi,Gen_alg,871.52,3109.0,4673.0,39,37,126.33,0.958,20260226_279_Gen_Alg_10_8_2_Colorado2025-greenBox_x003072_y004608
Unknown_Sample,20260226_279_Gen_Alg_10_8_2_Colorado2025-greenBox.czi,Gen_alg,692.6,3517.0,4992.0,34,34,114.43,0.957,20260226_279_Gen_Alg_10_8_2_Colorado2025-greenBox_x003072_y004608
Unknown_Sample,20260226_279_Gen_Alg_10_8_2_Colorado2025-greenBox.czi,Gen_alg,836.12,3975.0,5049.0,37,37,123.5,0.963,20260226_279_Gen_Alg_10_8_2_Colorado2025-greenBox_x003584_y004608
Unknown_Sample,20260226_279_Gen_Alg_10_8_2_Colorado2025-greenBox.czi,Gen_alg,781.48,3943.0,5110.0,36,36,119.5,0.963,20260226_279_Gen_Alg_10_8_2_Colorado2025-greenBox_x003584_y004608
Unknown_Sample,20260226_279_Gen_Alg_10_8_2_Colorado2025-greenBox.czi,Gen_alg,714.92,3858.0,4708.0,35,34,116.43,0.962,20260226_279_Gen_Alg_10_8_2_Colorado2025-greenBox_x003584_y004608
Unknown_Sample,20260226_279_Gen_Alg_10_8_2_Colorado2025-greenBox.czi,Gen_alg,812.65,4312.0,4830.0,37,36,120.91,0.962,20260226_279_Gen_Alg_10_8_2_Colorado2025-greenBox_x004096_y004608
Unknown_Sample,20260226_279_Gen_Alg_10_8_2_Colorado2025-greenBox.czi,Gen_alg,968.48,4395.0,4860.0,41,40,132.81,0.962,20260226_279_Gen_Alg_10_8_2_Colorado2025-greenBox_x004096_y004608
Unknown_Sample,20260226_279_Gen_Alg_10_8_2_Colorado2025-greenBox.czi,Gen_alg,740.31,4274.0,4805.0,36,35,115.74,0.958,20260226_279_Gen_Alg_10_8_2_Colorado2025-greenBox_x004096_y004608
Unknown_Sample,20260226_279_Gen_Alg_10_8_2_Colorado2025-greenBox.czi,Gen_alg,592.56,4504.0,4820.0,31,32,105.6,0.957,20260226_279_Gen_Alg_10_8_2_Colorado2025-greenBox_x004096_y004608
Unknown_Sample,20260226_279_Gen_Alg_10_8_2_Colorado2025-greenBox.czi,Gen_alg,868.06,4626.0,4709.0,38,39,126.57,0.956,20260226_279_Gen_Alg_10_8_2_Colorado2025-greenBox_x004096_y004608
Unknown_Sample,20260226_279_Gen_Alg_10_8_2_Colorado2025-greenBox.czi,Gen_alg,751.47,5014.0,4779.0,35,35,115.5,0.965,20260226_279_Gen_Alg_10_8_2_Colorado2025-greenBox_x004608_y004608
Unknown_Sample,20260226_279_Gen_Alg_10_8_2_Colorado2025-greenBox.czi,Gen_alg,1083.15,4956.0,5190.0,45,40,139.64,0.963,20260226_279_Gen_Alg_10_8_2_Colorado2025-greenBox_x004608_y004608
Unknown_Sample,20260226_279_Gen_Alg_10_8_2_Colorado2025-greenBox.czi,Gen_alg,767.63,4962.0,4911.0,35,36,118.67,0.962,20260226_279_Gen_Alg_10_8_2_Colorado2025-greenBox_x004608_y004608
Unknown_Sample,20260226_279_Gen_Alg_10_8_2_Colorado2025-greenBox.czi,Gen_alg,873.44,4626.0,4708.0,38,39,127.74,0.958,20260226_279_Gen_Alg_10_8_2_Colorado2025-greenBox_x004608_y004608
Unknown_Sample,20260226_279_Gen_Alg_10_8_2_Colorado2025-greenBox.czi,Gen_alg,734.54,4932.0,5229.0,35,35,116.67,0.952,20260226_279_Gen_Alg_10_8_2_Colorado2025-greenBox_x004608_y004608
Unknown_Sample,20260226_279_Gen_Alg_10_8_2_Colorado2025-greenBox.czi,Gen_alg,692.6,5295.0,5106.0,34,33,112.43,0.964,20260226_279_Gen_Alg_10_8_2_Colorado2025-greenBox_x005120_y004608
Unknown_Sample,20260226_279_Gen_Alg_10_8_2_Colorado2025-greenBox.czi,Gen_alg,578.7,5331.0,4733.0,32,30,102.43,0.963,20260226_279_Gen_Alg_10_8_2_Colorado2025-greenBox_x005120_y004608
Unknown_Sample,20260226_279_Gen_Alg_10_8_2_Colorado2025-greenBox.czi,Gen_alg,868.06,5398.0,4891.0,39,37,124.57,0.963,20260226_279_Gen_Alg_10_8_2_Colorado2025-greenBox_x005120_y004608
Unknown_Sample,20260226_279_Gen_Alg_10_8_2_Colorado2025-greenBox.czi,Gen_alg,719.53,5699.0,5104.0,35,34,114.08,0.961,20260226_279_Gen_Alg_10_8_2_Colorado2025-greenBox_x005120_y004608
Unknown_Sample,20260226_279_Gen_Alg_10_8_2_Colorado2025-greenBox.czi,Gen_alg,540.23,5345.0,5236.0,34,25,104.63,0.937,20260226_279_Gen_Alg_10_8_2_Colorado2025-greenBox_x005120_y004608
Unknown_Sample,20260226_279_Gen_Alg_10_8_2_Colorado2025-greenBox.czi,Gen_alg,343.22,5745.0,4616.0,29,19,86.14,0.937,20260226_279_Gen_Alg_10_8_2_Colorado2025-greenBox_x005120_y004608
Unknown_Sample,20260226_279_Gen_Alg_10_8_2_Colorado2025-greenBox.czi,Gen_alg,757.24,6017.0,4756.0,35,36,116.91,0.963,20260226_279_Gen_Alg_10_8_2_Colorado2025-greenBox_x005632_y004608
Unknown_Sample,20260226_279_Gen_Alg_10_8_2_Colorado2025-greenBox.czi,Gen_alg,587.94,5794.0,5181.0,32,31,104.43,0.961,20260226_279_Gen_Alg_10_8_2_Colorado2025-greenBox_x005632_y004608
Unknown_Sample,20260226_279_Gen_Alg_10_8_2_Colorado2025-greenBox.czi,Gen_alg,572.16,6035.0,4799.0,32,29,102.18,0.961,20260226_279_Gen_Alg_10_8_2_Colorado2025-greenBox_x005632_y004608
Unknown_Sample,20260226_279_Gen_Alg_10_8_2_Colorado2025-greenBox.czi,Gen_alg,717.22,5699.0,5104.0,35,34,114.08,0.961,20260226_279_Gen_Alg_10_8_2_Colorado2025-greenBox_x005632_y004608
Unknown_Sample,20260226_279_Gen_Alg_10_8_2_Colorado2025-greenBox.czi,Gen_alg,537.53,5910.0,4847.0,29,31,100.18,0.96,20260226_279_Gen_Alg_10_8_2_Colorado2025-greenBox_x005632_y004608
Unknown_Sample,20260226_279_Gen_Alg_10_8_2_Colorado2025-greenBox.czi,Gen_alg,824.19,5901.0,5171.0,36,38,121.74,0.96,20260226_279_Gen_Alg_10_8_2_Colorado2025-greenBox_x005632_y004608
Unknown_Sample,20260226_279_Gen_Alg_10_8_2_Colorado2025-greenBox.czi,Gen_alg,396.32,5748.0,4615.0,35,19,94.63,0.951,20260226_279_Gen_Alg_10_8_2_Colorado2025-greenBox_x005632_y004608
Unknown_Sample,20260226_279_Gen_Alg_10_8_2_Colorado2025-greenBox.czi,Gen_alg,303.2,6004.0,5047.0,22,25,77.11,0.939,20260226_279_Gen_Alg_10_8_2_Colorado2025-greenBox_x005632_y004608
Unknown_Sample,20260226_279_Gen_Alg_10_8_2_Colorado2025-greenBox.czi,Gen_alg,174.3,5786.0,5063.0,17,16,57.9,0.937,20260226_279_Gen_Alg_10_8_2_Colorado2025-greenBox_x005632_y004608
Unknown_Sample,20260226_279_Gen_Alg_10_8_2_Colorado2025-greenBox.czi,Gen_alg,340.53,6263.0,4753.0,18,33,88.04,0.904,20260226_279_Gen_Alg_10_8_2_Colorado2025-greenBox_x005632_y004608
Unknown_Sample,20260226_279_Gen_Alg_10_8_2_Colorado2025-greenBox.czi,Gen_alg,804.95,6329.0,5115.0,38,36,122.91,0.961,20260226_279_Gen_Alg_10_8_2_Colorado2025-greenBox_x006144_y004608
Unknown_Sample,20260226_279_Gen_Alg_10_8_2_Colorado2025-greenBox.czi,Gen_alg,802.26,6573.0,4667.0,36,36,120.67,0.96,20260226_279_Gen_Alg_10_8_2_Colorado2025-greenBox_x006144_y004608
Unknown_Sample,20260226_279_Gen_Alg_10_8_2_Colorado2025-greenBox.czi,Gen_alg,609.1,6269.0,4753.0,32,32,105.84,0.956,20260226_279_Gen_Alg_10_8_2_Colorado2025-greenBox_x006144_y004608
Unknown_Sample,20260226_279_Gen_Alg_10_8_2_Colorado2025-greenBox.czi,Gen_alg,519.45,6772.0,4784.0,24,34,103.8,0.934,20260226_279_Gen_Alg_10_8_2_Colorado2025-greenBox_x006144_y004608
Unknown_Sample,20260226_279_Gen_Alg_10_8_2_Colorado2025-greenBox.czi,Gen_alg,798.8,7169.0,4923.0,38,35,120.91,0.962,20260226_279_Gen_Alg_10_8_2_Colorado2025-greenBox_x006656_y004608
Unknown_Sample,20260226_279_Gen_Alg_10_8_2_Colorado2025-greenBox.czi,Gen_alg,746.47,6904.0,4721.0,35,36,118.08,0.961,20260226_279_Gen_Alg_10_8_2_Colorado2025-greenBox_x006656_y004608
Unknown_Sample,20260226_279_Gen_Alg_10_8_2_Colorado2025-greenBox.czi,Gen_alg,672.2,6775.0,4784.0,33,34,110.67,0.961,20260226_279_Gen_Alg_10_8_2_Colorado2025-greenBox_x006656_y004608
Unknown_Sample,20260226_279_Gen_Alg_10_8_2_Colorado2025-greenBox.czi,Gen_alg,681.44,7187.0,4869.0,33,34,111.84,0.961,20260226_279_Gen_Alg_10_8_2_Colorado2025-greenBox_x006656_y004608
Unknown_Sample,20260226_279_Gen_Alg_10_8_2_Colorado2025-greenBox.czi,Gen_alg,874.98,6904.0,5099.0,38,38,126.91,0.96,20260226_279_Gen_Alg_10_8_2_Colorado2025-greenBox_x006656_y004608
Unknown_Sample,20260226_279_Gen_Alg_10_8_2_Colorado2025-greenBox.czi,Gen_alg,811.11,7222.0,4667.0,37,37,121.74,0.958,20260226_279_Gen_Alg_10_8_2_Colorado2025-greenBox_x006656_y004608
Unknown_Sample,20260226_279_Gen_Alg_10_8_2_Colorado2025-greenBox.czi,Gen_alg,432.1,7284.0,5140.0,23,30,93.21,0.936,20260226_279_Gen_Alg_10_8_2_Colorado2025-greenBox_x006656_y004608
Unknown_Sample,20260226_279_Gen_Alg_10_8_2_Colorado2025-greenBox.czi,Gen_alg,706.83,7408.0,4658.0,35,33,115.01,0.964,20260226_279_Gen_Alg_10_8_2_Colorado2025-greenBox_x007168_y004608
Unknown_Sample,20260226_279_Gen_Alg_10_8_2_Colorado2025-greenBox.czi,Gen_alg,684.13,7187.0,4869.0,33,34,112.43,0.96,20260226_279_Gen_Alg_10_8_2_Colorado2025-greenBox_x007168_y004608
Unknown_Sample,20260226_279_Gen_Alg_10_8_2_Colorado2025-greenBox.czi,Gen_alg,675.28,7517.0,4720.0,32,35,110.67,0.96,20260226_279_Gen_Alg_10_8_2_Colorado2025-greenBox_x007168_y004608
Unknown_Sample,20260226_279_Gen_Alg_10_8_2_Colorado2025-greenBox.czi,Gen_alg,575.24,7405.0,4699.0,31,30,103.36,0.959,20260226_279_Gen_Alg_10_8_2_Colorado2025-greenBox_x007168_y004608
Unknown_Sample,20260226_279_Gen_Alg_10_8_2_Colorado2025-greenBox.czi,Gen_alg,491.36,7286.0,5140.0,28,30,96.18,0.959,20260226_279_Gen_Alg_10_8_2_Colorado2025-greenBox_x007168_y004608
Unknown_Sample,20260226_279_Gen_Alg_10_8_2_Colorado2025-greenBox.czi,Gen_alg,811.11,7222.0,4667.0,37,37,121.74,0.958,20260226_279_Gen_Alg_10_8_2_Colorado2025-greenBox_x007168_y004608
Unknown_Sample,20260226_279_Gen_Alg_10_8_2_Colorado2025-greenBox.czi,Gen_alg,443.26,7176.0,4923.0,21,35,97.46,0.956,20260226_279_Gen_Alg_10_8_2_Colorado2025-greenBox_x007168_y004608
Unknown_Sample,20260226_279_Gen_Alg_10_8_2_Colorado2025-greenBox.czi,Gen_alg,240.1,7801.0,4641.0,14,31,76.63,0.89,20260226_279_Gen_Alg_10_8_2_Colorado2025-greenBox_x007168_y004608
Unknown_Sample,20260226_279_Gen_Alg_10_8_2_Colorado2025-greenBox.czi,Gen_alg,748.01,8082.0,4623.0,36,34,118.43,0.963,20260226_279_Gen_Alg_10_8_2_Colorado2025-greenBox_x007680_y004608
Unknown_Sample,20260226_279_Gen_Alg_10_8_2_Colorado2025-greenBox.czi,Gen_alg,632.57,8017.0,4918.0,33,31,107.6,0.962,20260226_279_Gen_Alg_10_8_2_Colorado2025-greenBox_x007680_y004608
Unknown_Sample,20260226_279_Gen_Alg_10_8_2_Colorado2025-greenBox.czi,Gen_alg,762.24,7901.0,4810.0,35,36,118.67,0.962,20260226_279_Gen_Alg_10_8_2_Colorado2025-greenBox_x007680_y004608
Unknown_Sample,20260226_279_Gen_Alg_10_8_2_Colorado2025-greenBox.czi,Gen_alg,561.0,7808.0,4640.0,30,32,102.43,0.957,20260226_279_Gen_Alg_10_8_2_Colorado2025-greenBox_x007680_y004608
Unknown_Sample,20260226_279_Gen_Alg_10_8_2_Colorado2025-greenBox.czi,Gen_alg,772.63,8590.0,4828.0,38,34,120.08,0.962,20260226_279_Gen_Alg_10_8_2_Colorado2025-greenBox_x008192_y004608
Unknown_Sample,20260226_279_Gen_Alg_10_8_2_Colorado2025-greenBox.czi,Gen_alg,673.74,8719.0,5186.0,34,33,110.67,0.962,20260226_279_Gen_Alg_10_8_2_Colorado2025-greenBox_x008192_y004608
Unknown_Sample,20260226_279_Gen_Alg_10_8_2_Colorado2025-greenBox.czi,Gen_alg,699.91,8513.0,4945.0,34,33,113.01,0.961,20260226_279_Gen_Alg_10_8_2_Colorado2025-greenBox_x008192_y004608
Unknown_Sample,20260226_279_Gen_Alg_10_8_2_Colorado2025-greenBox.czi,Gen_alg,572.55,8746.0,5061.0,32,30,103.6,0.96,20260226_279_Gen_Alg_10_8_2_Colorado2025-greenBox_x008192_y004608
Unknown_Sample,20260226_279_Gen_Alg_10_8_2_Colorado2025-greenBox.czi,Gen_alg,665.28,8719.0,5186.0,33,33,112.18,0.963,20260226_279_Gen_Alg_10_8_2_Colorado2025-greenBox_x008704_y004608
Unknown_Sample,20260226_279_Gen_Alg_10_8_2_Colorado2025-greenBox.czi,Gen_alg,759.16,9236.0,5013.0,37,34,116.33,0.961,20260226_279_Gen_Alg_10_8_2_Colorado2025-greenBox_x008704_y004608
Unknown_Sample,20260226_279_Gen_Alg_10_8_2_Colorado2025-greenBox.czi,Gen_alg,554.46,9025.0,4669.0,30,31,101.01,0.96,20260226_279_Gen_Alg_10_8_2_Colorado2025-greenBox_x008704_y004608
Unknown_Sample,20260226_279_Gen_Alg_10_8_2_Colorado2025-greenBox.czi,Gen_alg,573.32,8746.0,5061.0,32,30,103.6,0.96,20260226_279_Gen_Alg_10_8_2_Colorado2025-greenBox_x008704_y004608
Unknown_Sample,20260226_279_Gen_Alg_10_8_2_Colorado2025-greenBox.czi,Gen_alg,556.0,9029.0,4865.0,29,31,101.36,0.959,20260226_279_Gen_Alg_10_8_2_Colorado2025-greenBox_x008704_y004608
Unknown_Sample,20260226_279_Gen_Alg_10_8_2_Colorado2025-greenBox.czi,Gen_alg,753.01,9146.0,4910.0,35,35,116.67,0.959,20260226_279_Gen_Alg_10_8_2_Colorado2025-greenBox_x008704_y004608
Unknown_Sample,20260226_279_Gen_Alg_10_8_2_Colorado2025-greenBox.czi,Gen_alg,641.81,9199.0,5219.0,32,34,109.25,0.958,20260226_279_Gen_Alg_10_8_2_Colorado2025-greenBox_x008704_y004608
Unknown_Sample,20260226_279_Gen_Alg_10_8_2_Colorado2025-greenBox.czi,Gen_alg,403.63,8844.0,4909.0,26,25,85.7,0.953,20260226_279_Gen_Alg_10_8_2_Colorado2025-greenBox_x008704_y004608
Unknown_Sample,20260226_279_Gen_Alg_10_8_2_Colorado2025-greenBox.czi,Gen_alg,450.57,9053.0,4821.0,26,31,93.01,0.949,20260226_279_Gen_Alg_10_8_2_Colorado2025-greenBox_x008704_y004608
Unknown_Sample,20260226_279_Gen_Alg_10_8_2_Colorado2025-greenBox.czi,Gen_alg,700.68,9412.0,4986.0,35,34,114.67,0.962,20260226_279_Gen_Alg_10_8_2_Colorado2025-greenBox_x009216_y004608
Unknown_Sample,20260226_279_Gen_Alg_10_8_2_Colorado2025-greenBox.czi,Gen_alg,773.79,9236.0,5013.0,38,34,118.33,0.961,20260226_279_Gen_Alg_10_8_2_Colorado2025-greenBox_x009216_y004608
Unknown_Sample,20260226_279_Gen_Alg_10_8_2_Colorado2025-greenBox.czi,Gen_alg,944.63,9836.0,4894.0,38,40,132.67,0.952,20260226_279_Gen_Alg_10_8_2_Colorado2025-greenBox_x009216_y004608
Unknown_Sample,20260226_279_Gen_Alg_10_8_2_Colorado2025-greenBox.czi,Gen_alg,414.79,9799.0,5043.0,26,26,88.28,0.952,20260226_279_Gen_Alg_10_8_2_Colorado2025-greenBox_x009216_y004608
Unknown_Sample,20260226_279_Gen_Alg_10_8_2_Colorado2025-greenBox.czi,Gen_alg,260.11,9849.0,4853.0,14,34,82.63,0.866,20260226_279_Gen_Alg_10_8_2_Colorado2025-greenBox_x009216_y004608
Unknown_Sample,20260226_279_Gen_Alg_10_8_2_Colorado2025-greenBox.czi,Gen_alg,679.9,9943.0,4648.0,33,33,111.01,0.963,20260226_279_Gen_Alg_10_8_2_Colorado2025-greenBox_x009728_y004608
Unknown_Sample,20260226_279_Gen_Alg_10_8_2_Colorado2025-greenBox.czi,Gen_alg,996.57,9837.0,4894.0,42,40,135.4,0.962,20260226_279_Gen_Alg_10_8_2_Colorado2025-greenBox_x009728_y004608
Unknown_Sample,20260226_279_Gen_Alg_10_8_2_Colorado2025-greenBox.czi,Gen_alg,722.61,10255.0,5110.0,35,34,114.08,0.962,20260226_279_Gen_Alg_10_8_2_Colorado2025-greenBox_x009728_y004608
Unknown_Sample,20260226_279_Gen_Alg_10_8_2_Colorado2025-greenBox.czi,Gen_alg,813.8,9860.0,4853.0,37,36,122.67,0.959,20260226_279_Gen_Alg_10_8_2_Colorado2025-greenBox_x009728_y004608
Unknown_Sample,20260226_279_Gen_Alg_10_8_2_Colorado2025-greenBox.czi,Gen_alg,568.32,10107.0,4695.0,31,30,102.18,0.959,20260226_279_Gen_Alg_10_8_2_Colorado2025-greenBox_x009728_y004608
Unknown_Sample,20260226_279_Gen_Alg_10_8_2_Colorado2025-greenBox.czi,Gen_alg,416.33,9799.0,5043.0,26,26,88.28,0.951,20260226_279_Gen_Alg_10_8_2_Colorado2025-greenBox_x009728_y004608
Unknown_Sample,20260226_279_Gen_Alg_10_8_2_Colorado2025-greenBox.czi,Gen_alg,717.99,10526.0,4954.0,35,34,115.25,0.964,20260226_279_Gen_Alg_10_8_2_Colorado2025-greenBox_x010240_y004608
Unknown_Sample,20260226_279_Gen_Alg_10_8_2_Colorado2025-greenBox.czi,Gen_alg,706.07,10255.0,5110.0,33,34,114.18,0.963,20260226_279_Gen_Alg_10_8_2_Colorado2025-greenBox_x010240_y004608
Unknown_Sample,20260226_279_Gen_Alg_10_8_2_Colorado2025-greenBox.czi,Gen_alg,672.97,10812.0,4665.0,32,34,111.01,0.963,20260226_279_Gen_Alg_10_8_2_Colorado2025-greenBox_x010240_y004608
Unknown_Sample,20260226_279_Gen_Alg_10_8_2_Colorado2025-greenBox.czi,Gen_alg,900.38,10850.0,4740.0,38,38,126.91,0.963,20260226_279_Gen_Alg_10_8_2_Colorado2025-greenBox_x010240_y004608
Unknown_Sample,20260226_279_Gen_Alg_10_8_2_Colorado2025-greenBox.czi,Gen_alg,587.55,10786.0,5052.0,34,31,106.67,0.956,20260226_279_Gen_Alg_10_8_2_Colorado2025-greenBox_x010240_y004608
Unknown_Sample,20260226_279_Gen_Alg_10_8_2_Colorado2025-greenBox.czi,Gen_alg,797.26,10936.0,4924.0,36,36,120.08,0.965,20260226_279_Gen_Alg_10_8_2_Colorado2025-greenBox_x010752_y004608
Unknown_Sample,20260226_279_Gen_Alg_10_8_2_Colorado2025-greenBox.czi,Gen_alg,672.2,10812.0,4665.0,32,34,111.01,0.962,20260226_279_Gen_Alg_10_8_2_Colorado2025-greenBox_x010752_y004608
Unknown_Sample,20260226_279_Gen_Alg_10_8_2_Colorado2025-greenBox.czi,Gen_alg,900.38,10850.0,4740.0,38,38,126.91,0.962,20260226_279_Gen_Alg_10_8_2_Colorado2025-greenBox_x010752_y004608
Unknown_Sample,20260226_279_Gen_Alg_10_8_2_Colorado2025-greenBox.czi,Gen_alg,661.82,11030.0,5221.0,33,33,110.43,0.96,20260226_279_Gen_Alg_10_8_2_Colorado2025-greenBox_x010752_y004608
Unknown_Sample,20260226_279_Gen_Alg_10_8_2_Colorado2025-greenBox.czi,Gen_alg,586.78,10786.0,5052.0,34,31,106.67,0.955,20260226_279_Gen_Alg_10_8_2_Colorado2025-greenBox_x010752_y004608
Unknown_Sample,20260226_279_Gen_Alg_10_8_2_Colorado2025-greenBox.czi,Gen_alg,302.05,11230.0,4633.0,28,19,77.7,0.939,20260226_279_Gen_Alg_10_8_2_Colorado2025-greenBox_x010752_y004608
Unknown_Sample,20260226_279_Gen_Alg_10_8_2_Colorado2025-greenBox.czi,Gen_alg,603.33,11547.0,4760.0,32,31,104.43,0.962,20260226_279_Gen_Alg_10_8_2_Colorado2025-greenBox_x011264_y004608
Unknown_Sample,20260226_279_Gen_Alg_10_8_2_Colorado2025-greenBox.czi,Gen_alg,499.06,11522.0,4796.0,28,30,96.18,0.953,20260226_279_Gen_Alg_10_8_2_Colorado2025-greenBox_x011264_y004608
Unknown_Sample,20260226_279_Gen_Alg_10_8_2_Colorado2025-greenBox.czi,Gen_alg,684.9,11504.0,4843.0,40,32,124.57,0.81,20260226_279_Gen_Alg_10_8_2_Colorado2025-greenBox_x011264_y004608
Unknown_Sample,20260226_279_Gen_Alg_10_8_2_Colorado2025-greenBox.czi,Gen_alg,858.05,12214.0,4844.0,37,37,124.08,0.966,20260226_279_Gen_Alg_10_8_2_Colorado2025-greenBox_x011776_y004608
Unknown_Sample,20260226_279_Gen_Alg_10_8_2_Colorado2025-greenBox.czi,Gen_alg,754.16,12315.0,4652.0,35,35,117.25,0.961,20260226_279_Gen_Alg_10_8_2_Colorado2025-greenBox_x011776_y004608
Unknown_Sample,20260226_279_Gen_Alg_10_8_2_Colorado2025-greenBox.czi,Gen_alg,687.21,12023.0,4839.0,33,34,111.25,0.959,20260226_279_Gen_Alg_10_8_2_Colorado2025-greenBox_x011776_y004608
Unknown_Sample,20260226_279_Gen_Alg_10_8_2_Colorado2025-greenBox.czi,Gen_alg,745.7,12639.0,5124.0,35,35,116.08,0.964,20260226_279_Gen_Alg_10_8_2_Colorado2025-greenBox_x012288_y004608
Unknown_Sample,20260226_279_Gen_Alg_10_8_2_Colorado2025-greenBox.czi,Gen_alg,735.31,12740.0,5039.0,35,35,115.5,0.963,20260226_279_Gen_Alg_10_8_2_Colorado2025-greenBox_x012288_y004608
Unknown_Sample,20260226_279_Gen_Alg_10_8_2_Colorado2025-greenBox.czi,Gen_alg,836.5,12889.0,5122.0,37,37,125.25,0.961,20260226_279_Gen_Alg_10_8_2_Colorado2025-greenBox_x012288_y004608
Unknown_Sample,20260226_279_Gen_Alg_10_8_2_Colorado2025-greenBox.czi,Gen_alg,759.55,12315.0,4652.0,36,35,118.08,0.961,20260226_279_Gen_Alg_10_8_2_Colorado2025-greenBox_x012288_y004608
Unknown_Sample,20260226_279_Gen_Alg_10_8_2_Colorado2025-greenBox.czi,Gen_alg,679.9,12539.0,5000.0,34,33,110.67,0.959,20260226_279_Gen_Alg_10_8_2_Colorado2025-greenBox_x012288_y004608
Unknown_Sample,20260226_279_Gen_Alg_10_8_2_Colorado2025-greenBox.czi,Gen_alg,520.99,12761.0,4640.0,27,32,98.77,0.949,20260226_279_Gen_Alg_10_8_2_Colorado2025-greenBox_x012288_y004608
Unknown_Sample,20260226_279_Gen_Alg_10_8_2_Colorado2025-greenBox.czi,Gen_alg,376.31,12918.0,5193.0,19,32,89.8,0.917,20260226_279_Gen_Alg_10_8_2_Colorado2025-greenBox_x012288_y004608
Unknown_Sample,20260226_279_Gen_Alg_10_8_2_Colorado2025-greenBox.czi,Gen_alg,661.05,12925.0,5193.0,34,32,110.43,0.962,20260226_279_Gen_Alg_10_8_2_Colorado2025-greenBox_x012800_y004608
Unknown_Sample,20260226_279_Gen_Alg_10_8_2_Colorado2025-greenBox.czi,Gen_alg,836.5,12889.0,5122.0,37,37,125.25,0.962,20260226_279_Gen_Alg_10_8_2_Colorado2025-greenBox_x012800_y004608
Unknown_Sample,20260226_279_Gen_Alg_10_8_2_Colorado2025-greenBox.czi,Gen_alg,851.9,13167.0,4657.0,37,37,124.08,0.96,20260226_279_Gen_Alg_10_8_2_Colorado2025-greenBox_x012800_y004608
Unknown_Sample,20260226_279_Gen_Alg_10_8_2_Colorado2025-greenBox.czi,Gen_alg,680.29,13048.0,4642.0,33,34,112.43,0.96,20260226_279_Gen_Alg_10_8_2_Colorado2025-greenBox_x012800_y004608
Unknown_Sample,20260226_279_Gen_Alg_10_8_2_Colorado2025-greenBox.czi,Gen_alg,791.87,13583.0,4706.0,36,36,118.91,0.966,20260226_279_Gen_Alg_10_8_2_Colorado2025-greenBox_x013312_y004608
Unknown_Sample,20260226_279_Gen_Alg_10_8_2_Colorado2025-greenBox.czi,Gen_alg,766.09,13887.0,5077.0,37,34,119.84,0.961,20260226_279_Gen_Alg_10_8_2_Colorado2025-greenBox_x013312_y004608
Unknown_Sample,20260226_279_Gen_Alg_10_8_2_Colorado2025-greenBox.czi,Gen_alg,822.65,13889.0,4899.0,38,36,122.91,0.96,20260226_279_Gen_Alg_10_8_2_Colorado2025-greenBox_x013312_y004608
Unknown_Sample,20260226_279_Gen_Alg_10_8_2_Colorado2025-greenBox.czi,Gen_alg,686.83,13686.0,5134.0,35,33,111.5,0.959,20260226_279_Gen_Alg_10_8_2_Colorado2025-greenBox_x013312_y004608
Unknown_Sample,20260226_279_Gen_Alg_10_8_2_Colorado2025-greenBox.czi,Gen_alg,728.38,13690.0,4920.0,35,34,114.67,0.959,20260226_279_Gen_Alg_10_8_2_Colorado2025-greenBox_x013312_y004608
Unknown_Sample,20260226_279_Gen_Alg_10_8_2_Colorado2025-greenBox.czi,Gen_alg,557.54,13465.0,5152.0,30,31,101.01,0.956,20260226_279_Gen_Alg_10_8_2_Colorado2025-greenBox_x013312_y004608
Unknown_Sample,20260226_279_Gen_Alg_10_8_2_Colorado2025-greenBox.czi,Gen_alg,697.22,13748.0,5231.0,34,33,113.6,0.956,20260226_279_Gen_Alg_10_8_2_Colorado2025-greenBox_x013312_y004608
Unknown_Sample,20260226_279_Gen_Alg_10_8_2_Colorado2025-greenBox.czi,Gen_alg,352.07,13521.0,4807.0,23,26,81.7,0.94,20260226_279_Gen_Alg_10_8_2_Colorado2025-greenBox_x013312_y004608
Unknown_Sample,20260226_279_Gen_Alg_10_8_2_Colorado2025-greenBox.czi,Gen_alg,266.65,13845.0,4614.0,31,15,79.21,0.934,20260226_279_Gen_Alg_10_8_2_Colorado2025-greenBox_x013312_y004608
Unknown_Sample,20260226_279_Gen_Alg_10_8_2_Colorado2025-greenBox.czi,Gen_alg,570.62,13940.0,5057.0,24,38,110.04,0.926,20260226_279_Gen_Alg_10_8_2_Colorado2025-greenBox_x013312_y004608
Unknown_Sample,20260226_279_Gen_Alg_10_8_2_Colorado2025-greenBox.czi,Gen_alg,813.8,13974.0,4815.0,37,36,120.33,0.966,20260226_279_Gen_Alg_10_8_2_Colorado2025-greenBox_x013824_y004608
Unknown_Sample,20260226_279_Gen_Alg_10_8_2_Colorado2025-greenBox.czi,Gen_alg,653.35,14133.0,5157.0,32,32,109.94,0.963,20260226_279_Gen_Alg_10_8_2_Colorado2025-greenBox_x013824_y004608
Unknown_Sample,20260226_279_Gen_Alg_10_8_2_Colorado2025-greenBox.czi,Gen_alg,766.09,13887.0,5077.0,37,34,119.84,0.961,20260226_279_Gen_Alg_10_8_2_Colorado2025-greenBox_x013824_y004608
Unknown_Sample,20260226_279_Gen_Alg_10_8_2_Colorado2025-greenBox.czi,Gen_alg,822.65,13889.0,4899.0,38,36,122.91,0.96,20260226_279_Gen_Alg_10_8_2_Colorado2025-greenBox_x013824_y004608
Unknown_Sample,20260226_279_Gen_Alg_10_8_2_Colorado2025-greenBox.czi,Gen_alg,921.93,14315.0,4953.0,39,39,129.74,0.959,20260226_279_Gen_Alg_10_8_2_Colorado2025-greenBox_x013824_y004608
Unknown_Sample,20260226_279_Gen_Alg_10_8_2_Colorado2025-greenBox.czi,Gen_alg,816.11,13945.0,5057.0,36,38,123.5,0.959,20260226_279_Gen_Alg_10_8_2_Colorado2025-greenBox_x013824_y004608
Unknown_Sample,20260226_279_Gen_Alg_10_8_2_Colorado2025-greenBox.czi,Gen_alg,559.85,14294.0,4868.0,30,30,100.18,0.959,20260226_279_Gen_Alg_10_8_2_Colorado2025-greenBox_x013824_y004608
Unknown_Sample,20260226_279_Gen_Alg_10_8_2_Colorado2025-greenBox.czi,Gen_alg,696.83,14441.0,5006.0,34,33,113.01,0.958,20260226_279_Gen_Alg_10_8_2_Colorado2025-greenBox_x013824_y004608
Unknown_Sample,20260226_279_Gen_Alg_10_8_2_Colorado2025-greenBox.czi,Gen_alg,345.14,14198.0,4896.0,25,25,81.36,0.944,20260226_279_Gen_Alg_10_8_2_Colorado2025-greenBox_x013824_y004608
Unknown_Sample,20260226_279_Gen_Alg_10_8_2_Colorado2025-greenBox.czi,Gen_alg,267.42,13845.0,4614.0,31,15,79.21,0.936,20260226_279_Gen_Alg_10_8_2_Colorado2025-greenBox_x013824_y004608
Unknown_Sample,20260226_279_Gen_Alg_10_8_2_Colorado2025-greenBox.czi,Gen_alg,716.45,14641.0,4987.0,34,35,114.08,0.962,20260226_279_Gen_Alg_10_8_2_Colorado2025-greenBox_x014336_y004608
Unknown_Sample,20260226_279_Gen_Alg_10_8_2_Colorado2025-greenBox.czi,Gen_alg,726.46,14557.0,5216.0,34,35,114.08,0.96,20260226_279_Gen_Alg_10_8_2_Colorado2025-greenBox_x014336_y004608
Unknown_Sample,20260226_279_Gen_Alg_10_8_2_Colorado2025-greenBox.czi,Gen_alg,733.77,14531.0,4734.0,35,36,115.15,0.96,20260226_279_Gen_Alg_10_8_2_Colorado2025-greenBox_x014336_y004608
Unknown_Sample,20260226_279_Gen_Alg_10_8_2_Colorado2025-greenBox.czi,Gen_alg,709.14,14441.0,5006.0,35,33,113.84,0.96,20260226_279_Gen_Alg_10_8_2_Colorado2025-greenBox_x014336_y004608
Unknown_Sample,20260226_279_Gen_Alg_10_8_2_Colorado2025-greenBox.czi,Gen_alg,719.92,14919.0,4687.0,34,36,114.33,0.956,20260226_279_Gen_Alg_10_8_2_Colorado2025-greenBox_x014336_y004608
Unknown_Sample,20260226_279_Gen_Alg_10_8_2_Colorado2025-greenBox.czi,Gen_alg,492.9,14710.0,4679.0,29,31,96.67,0.949,20260226_279_Gen_Alg_10_8_2_Colorado2025-greenBox_x014336_y004608
Unknown_Sample,20260226_279_Gen_Alg_10_8_2_Colorado2025-greenBox.czi,Gen_alg,738.39,15434.0,5077.0,33,37,115.5,0.963,20260226_279_Gen_Alg_10_8_2_Colorado2025-greenBox_x014848_y004608
Unknown_Sample,20260226_279_Gen_Alg_10_8_2_Colorado2025-greenBox.czi,Gen_alg,669.13,15298.0,5075.0,33,33,111.01,0.962,20260226_279_Gen_Alg_10_8_2_Colorado2025-greenBox_x014848_y004608
Unknown_Sample,20260226_279_Gen_Alg_10_8_2_Colorado2025-greenBox.czi,Gen_alg,525.99,15140.0,4736.0,29,30,97.01,0.961,20260226_279_Gen_Alg_10_8_2_Colorado2025-greenBox_x014848_y004608
Unknown_Sample,20260226_279_Gen_Alg_10_8_2_Colorado2025-greenBox.czi,Gen_alg,838.81,15030.0,4745.0,38,37,123.74,0.961,20260226_279_Gen_Alg_10_8_2_Colorado2025-greenBox_x014848_y004608
Unknown_Sample,20260226_279_Gen_Alg_10_8_2_Colorado2025-greenBox.czi,Gen_alg,723.38,15442.0,4818.0,34,35,114.08,0.959,20260226_279_Gen_Alg_10_8_2_Colorado2025-greenBox_x014848_y004608
Unknown_Sample,20260226_279_Gen_Alg_10_8_2_Colorado2025-greenBox.czi,Gen_alg,752.62,15316.0,5114.0,34,37,118.08,0.958,20260226_279_Gen_Alg_10_8_2_Colorado2025-greenBox_x014848_y004608
Unknown_Sample,20260226_279_Gen_Alg_10_8_2_Colorado2025-greenBox.czi,Gen_alg,719.15,14919.0,4687.0,34,36,114.33,0.957,20260226_279_Gen_Alg_10_8_2_Colorado2025-greenBox_x014848_y004608
Unknown_Sample,20260226_279_Gen_Alg_10_8_2_Colorado2025-greenBox.czi,Gen_alg,556.77,15148.0,4687.0,30,31,102.18,0.95,20260226_279_Gen_Alg_10_8_2_Colorado2025-greenBox_x014848_y004608
Unknown_Sample,20260226_279_Gen_Alg_10_8_2_Colorado2025-greenBox.czi,Gen_alg,597.17,15381.0,5063.0,32,32,105.25,0.934,20260226_279_Gen_Alg_10_8_2_Colorado2025-greenBox_x014848_y004608
Unknown_Sample,20260226_279_Gen_Alg_10_8_2_Colorado2025-greenBox.czi,Gen_alg,484.05,15381.0,5034.0,28,29,93.6,0.931,20260226_279_Gen_Alg_10_8_2_Colorado2025-greenBox_x014848_y004608
Unknown_Sample,20260226_279_Gen_Alg_10_8_2_Colorado2025-greenBox.czi,Gen_alg,311.67,15205.0,5240.0,34,16,86.63,0.893,20260226_279_Gen_Alg_10_8_2_Colorado2025-greenBox_x014848_y004608
Unknown_Sample,20260226_279_Gen_Alg_10_8_2_Colorado2025-greenBox.czi,Gen_alg,739.16,15434.0,5077.0,33,37,115.5,0.963,20260226_279_Gen_Alg_10_8_2_Colorado2025-greenBox_x015360_y004608
Unknown_Sample,20260226_279_Gen_Alg_10_8_2_Colorado2025-greenBox.czi,Gen_alg,759.93,15686.0,4755.0,35,36,117.5,0.961,20260226_279_Gen_Alg_10_8_2_Colorado2025-greenBox_x015360_y004608
Unknown_Sample,20260226_279_Gen_Alg_10_8_2_Colorado2025-greenBox.czi,Gen_alg,723.38,15442.0,4818.0,34,35,114.08,0.959,20260226_279_Gen_Alg_10_8_2_Colorado2025-greenBox_x015360_y004608
Unknown_Sample,20260226_279_Gen_Alg_10_8_2_Colorado2025-greenBox.czi,Gen_alg,777.25,15776.0,4982.0,36,36,120.08,0.958,20260226_279_Gen_Alg_10_8_2_Colorado2025-greenBox_x015360_y004608
Unknown_Sample,20260226_279_Gen_Alg_10_8_2_Colorado2025-greenBox.czi,Gen_alg,569.08,15697.0,4880.0,30,32,103.01,0.956,20260226_279_Gen_Alg_10_8_2_Colorado2025-greenBox_x015360_y004608
Unknown_Sample,20260226_279_Gen_Alg_10_8_2_Colorado2025-greenBox.czi,Gen_alg,881.14,15807.0,4950.0,38,38,125.74,0.954,20260226_279_Gen_Alg_10_8_2_Colorado2025-greenBox_x015360_y004608
Unknown_Sample,20260226_279_Gen_Alg_10_8_2_Colorado2025-greenBox.czi,Gen_alg,486.74,15736.0,4751.0,29,28,94.18,0.952,20260226_279_Gen_Alg_10_8_2_Colorado2025-greenBox_x015360_y004608
Unknown_Sample,20260226_279_Gen_Alg_10_8_2_Colorado2025-greenBox.czi,Gen_alg,597.94,15381.0,5063.0,32,32,105.25,0.933,20260226_279_Gen_Alg_10_8_2_Colorado2025-greenBox_x015360_y004608
Unknown_Sample,20260226_279_Gen_Alg_10_8_2_Colorado2025-greenBox.czi,Gen_alg,485.97,15381.0,5034.0,28,29,95.36,0.931,20260226_279_Gen_Alg_10_8_2_Colorado2025-greenBox_x015360_y004608
Unknown_Sample,20260226_279_Gen_Alg_10_8_2_Colorado2025-greenBox.czi,Gen_alg,645.66,16333.0,4696.0,32,34,109.25,0.948,20260226_279_Gen_Alg_10_8_2_Colorado2025-greenBox_x015872_y004608
Unknown_Sample,20260226_279_Gen_Alg_10_8_2_Colorado2025-greenBox.czi,Gen_alg,754.93,16240.0,4637.0,36,35,116.91,0.94,20260226_279_Gen_Alg_10_8_2_Colorado2025-greenBox_x015872_y004608
Unknown_Sample,20260226_279_Gen_Alg_10_8_2_Colorado2025-greenBox.czi,Gen_alg,582.55,16272.0,4980.0,32,29,101.6,0.938,20260226_279_Gen_Alg_10_8_2_Colorado2025-greenBox_x015872_y004608
Unknown_Sample,20260226_279_Gen_Alg_10_8_2_Colorado2025-greenBox.czi,Gen_alg,594.1,16185.0,5153.0,27,36,106.77,0.927,20260226_279_Gen_Alg_10_8_2_Colorado2025-greenBox_x015872_y004608
Unknown_Sample,20260226_279_Gen_Alg_10_8_2_Colorado2025-greenBox.czi,Gen_alg,617.18,16660.0,4651.0,34,30,106.43,0.949,20260226_279_Gen_Alg_10_8_2_Colorado2025-greenBox_x016384_y004608
Unknown_Sample,20260226_279_Gen_Alg_10_8_2_Colorado2025-greenBox.czi,Gen_alg,672.59,16647.0,5224.0,32,35,110.08,0.946,20260226_279_Gen_Alg_10_8_2_Colorado2025-greenBox_x016384_y004608
Unknown_Sample,20260226_279_Gen_Alg_10_8_2_Colorado2025-greenBox.czi,Gen_alg,855.36,16673.0,5152.0,38,37,124.33,0.907,20260226_279_Gen_Alg_10_8_2_Colorado2025-greenBox_x016384_y004608
Unknown_Sample,20260226_279_Gen_Alg_10_8_2_Colorado2025-greenBox.czi,Gen_alg,702.22,618.0,5466.0,34,33,113.01,0.953,20260226_279_Gen_Alg_10_8_2_Colorado2025-greenBox_x000000_y005120
Unknown_Sample,20260226_279_Gen_Alg_10_8_2_Colorado2025-greenBox.czi,Gen_alg,659.12,618.0,5467.0,33,32,109.01,0.962,20260226_279_Gen_Alg_10_8_2_Colorado2025-greenBox_x000512_y005120
Unknown_Sample,20260226_279_Gen_Alg_10_8_2_Colorado2025-greenBox.czi,Gen_alg,754.93,1398.0,5224.0,35,35,116.08,0.961,20260226_279_Gen_Alg_10_8_2_Colorado2025-greenBox_x001024_y005120
Unknown_Sample,20260226_279_Gen_Alg_10_8_2_Colorado2025-greenBox.czi,Gen_alg,840.74,1482.0,5446.0,37,37,123.5,0.957,20260226_279_Gen_Alg_10_8_2_Colorado2025-greenBox_x001024_y005120
Unknown_Sample,20260226_279_Gen_Alg_10_8_2_Colorado2025-greenBox.czi,Gen_alg,818.8,1388.0,5386.0,37,36,122.08,0.956,20260226_279_Gen_Alg_10_8_2_Colorado2025-greenBox_x001024_y005120
Unknown_Sample,20260226_279_Gen_Alg_10_8_2_Colorado2025-greenBox.czi,Gen_alg,869.21,2055.0,5613.0,36,40,125.15,0.966,20260226_279_Gen_Alg_10_8_2_Colorado2025-greenBox_x001536_y005120
Unknown_Sample,20260226_279_Gen_Alg_10_8_2_Colorado2025-greenBox.czi,Gen_alg,876.14,1763.0,5440.0,38,38,125.15,0.963,20260226_279_Gen_Alg_10_8_2_Colorado2025-greenBox_x001536_y005120
Unknown_Sample,20260226_279_Gen_Alg_10_8_2_Colorado2025-greenBox.czi,Gen_alg,671.44,1766.0,5175.0,33,34,110.67,0.959,20260226_279_Gen_Alg_10_8_2_Colorado2025-greenBox_x001536_y005120
Unknown_Sample,20260226_279_Gen_Alg_10_8_2_Colorado2025-greenBox.czi,Gen_alg,704.53,1773.0,5394.0,34,34,112.67,0.959,20260226_279_Gen_Alg_10_8_2_Colorado2025-greenBox_x001536_y005120
Unknown_Sample,20260226_279_Gen_Alg_10_8_2_Colorado2025-greenBox.czi,Gen_alg,722.61,1940.0,5729.0,36,33,114.08,0.958,20260226_279_Gen_Alg_10_8_2_Colorado2025-greenBox_x001536_y005120
Unknown_Sample,20260226_279_Gen_Alg_10_8_2_Colorado2025-greenBox.czi,Gen_alg,346.68,2168.0,5277.0,16,36,91.21,0.904,20260226_279_Gen_Alg_10_8_2_Colorado2025-greenBox_x001536_y005120
Unknown_Sample,20260226_279_Gen_Alg_10_8_2_Colorado2025-greenBox.czi,Gen_alg,729.92,2510.0,5497.0,34,35,114.67,0.965,20260226_279_Gen_Alg_10_8_2_Colorado2025-greenBox_x002048_y005120
Unknown_Sample,20260226_279_Gen_Alg_10_8_2_Colorado2025-greenBox.czi,Gen_alg,675.28,2628.0,5560.0,32,34,112.18,0.962,20260226_279_Gen_Alg_10_8_2_Colorado2025-greenBox_x002048_y005120
Unknown_Sample,20260226_279_Gen_Alg_10_8_2_Colorado2025-greenBox.czi,Gen_alg,764.17,2637.0,5610.0,38,33,116.91,0.962,20260226_279_Gen_Alg_10_8_2_Colorado2025-greenBox_x002048_y005120
Unknown_Sample,20260226_279_Gen_Alg_10_8_2_Colorado2025-greenBox.czi,Gen_alg,710.3,2552.0,5495.0,35,34,115.25,0.961,20260226_279_Gen_Alg_10_8_2_Colorado2025-greenBox_x002048_y005120
Unknown_Sample,20260226_279_Gen_Alg_10_8_2_Colorado2025-greenBox.czi,Gen_alg,686.83,2175.0,5277.0,32,35,113.01,0.961,20260226_279_Gen_Alg_10_8_2_Colorado2025-greenBox_x002048_y005120
Unknown_Sample,20260226_279_Gen_Alg_10_8_2_Colorado2025-greenBox.czi,Gen_alg,687.6,2641.0,5733.0,33,35,111.5,0.961,20260226_279_Gen_Alg_10_8_2_Colorado2025-greenBox_x002048_y005120
Unknown_Sample,20260226_279_Gen_Alg_10_8_2_Colorado2025-greenBox.czi,Gen_alg,648.73,2432.0,5540.0,31,34,109.6,0.96,20260226_279_Gen_Alg_10_8_2_Colorado2025-greenBox_x002048_y005120
Unknown_Sample,20260226_279_Gen_Alg_10_8_2_Colorado2025-greenBox.czi,Gen_alg,647.96,2059.0,5612.0,26,40,116.28,0.959,20260226_279_Gen_Alg_10_8_2_Colorado2025-greenBox_x002048_y005120
Unknown_Sample,20260226_279_Gen_Alg_10_8_2_Colorado2025-greenBox.czi,Gen_alg,732.61,2725.0,5670.0,34,35,115.25,0.963,20260226_279_Gen_Alg_10_8_2_Colorado2025-greenBox_x002560_y005120
Unknown_Sample,20260226_279_Gen_Alg_10_8_2_Colorado2025-greenBox.czi,Gen_alg,764.17,2637.0,5610.0,38,33,116.91,0.962,20260226_279_Gen_Alg_10_8_2_Colorado2025-greenBox_x002560_y005120
Unknown_Sample,20260226_279_Gen_Alg_10_8_2_Colorado2025-greenBox.czi,Gen_alg,675.28,2628.0,5560.0,32,34,112.18,0.962,20260226_279_Gen_Alg_10_8_2_Colorado2025-greenBox_x002560_y005120
Unknown_Sample,20260226_279_Gen_Alg_10_8_2_Colorado2025-greenBox.czi,Gen_alg,687.6,2641.0,5733.0,33,35,111.5,0.96,20260226_279_Gen_Alg_10_8_2_Colorado2025-greenBox_x002560_y005120
Unknown_Sample,20260226_279_Gen_Alg_10_8_2_Colorado2025-greenBox.czi,Gen_alg,791.1,3129.0,5435.0,37,35,121.25,0.96,20260226_279_Gen_Alg_10_8_2_Colorado2025-greenBox_x002560_y005120
Unknown_Sample,20260226_279_Gen_Alg_10_8_2_Colorado2025-greenBox.czi,Gen_alg,161.22,2564.0,5494.0,11,30,70.38,0.927,20260226_279_Gen_Alg_10_8_2_Colorado2025-greenBox_x002560_y005120
Unknown_Sample,20260226_279_Gen_Alg_10_8_2_Colorado2025-greenBox.czi,Gen_alg,801.49,3613.0,5673.0,35,38,120.33,0.962,20260226_279_Gen_Alg_10_8_2_Colorado2025-greenBox_x003072_y005120
Unknown_Sample,20260226_279_Gen_Alg_10_8_2_Colorado2025-greenBox.czi,Gen_alg,774.17,3245.0,5157.0,38,33,120.43,0.962,20260226_279_Gen_Alg_10_8_2_Colorado2025-greenBox_x003072_y005120
Unknown_Sample,20260226_279_Gen_Alg_10_8_2_Colorado2025-greenBox.czi,Gen_alg,698.75,3609.0,5294.0,35,33,114.43,0.962,20260226_279_Gen_Alg_10_8_2_Colorado2025-greenBox_x003072_y005120
Unknown_Sample,20260226_279_Gen_Alg_10_8_2_Colorado2025-greenBox.czi,Gen_alg,801.49,3315.0,5655.0,36,37,121.5,0.961,20260226_279_Gen_Alg_10_8_2_Colorado2025-greenBox_x003072_y005120
Unknown_Sample,20260226_279_Gen_Alg_10_8_2_Colorado2025-greenBox.czi,Gen_alg,790.33,3129.0,5435.0,37,35,121.25,0.96,20260226_279_Gen_Alg_10_8_2_Colorado2025-greenBox_x003072_y005120
Unknown_Sample,20260226_279_Gen_Alg_10_8_2_Colorado2025-greenBox.czi,Gen_alg,873.83,3658.0,5684.0,40,36,126.33,0.959,20260226_279_Gen_Alg_10_8_2_Colorado2025-greenBox_x003072_y005120
Unknown_Sample,20260226_279_Gen_Alg_10_8_2_Colorado2025-greenBox.czi,Gen_alg,570.24,3400.0,5484.0,30,32,101.25,0.955,20260226_279_Gen_Alg_10_8_2_Colorado2025-greenBox_x003072_y005120
Unknown_Sample,20260226_279_Gen_Alg_10_8_2_Colorado2025-greenBox.czi,Gen_alg,291.66,3231.0,5484.0,23,23,76.28,0.946,20260226_279_Gen_Alg_10_8_2_Colorado2025-greenBox_x003072_y005120
Unknown_Sample,20260226_279_Gen_Alg_10_8_2_Colorado2025-greenBox.czi,Gen_alg,801.49,3613.0,5673.0,35,38,120.33,0.963,20260226_279_Gen_Alg_10_8_2_Colorado2025-greenBox_x003584_y005120
Unknown_Sample,20260226_279_Gen_Alg_10_8_2_Colorado2025-greenBox.czi,Gen_alg,699.52,3609.0,5294.0,35,33,114.43,0.962,20260226_279_Gen_Alg_10_8_2_Colorado2025-greenBox_x003584_y005120
Unknown_Sample,20260226_279_Gen_Alg_10_8_2_Colorado2025-greenBox.czi,Gen_alg,758.39,3746.0,5558.0,35,35,116.67,0.959,20260226_279_Gen_Alg_10_8_2_Colorado2025-greenBox_x003584_y005120
Unknown_Sample,20260226_279_Gen_Alg_10_8_2_Colorado2025-greenBox.czi,Gen_alg,706.83,4074.0,5594.0,35,34,114.67,0.959,20260226_279_Gen_Alg_10_8_2_Colorado2025-greenBox_x003584_y005120
Unknown_Sample,20260226_279_Gen_Alg_10_8_2_Colorado2025-greenBox.czi,Gen_alg,875.37,3658.0,5684.0,40,36,126.33,0.959,20260226_279_Gen_Alg_10_8_2_Colorado2025-greenBox_x003584_y005120
Unknown_Sample,20260226_279_Gen_Alg_10_8_2_Colorado2025-greenBox.czi,Gen_alg,760.7,4163.0,5525.0,36,35,117.5,0.958,20260226_279_Gen_Alg_10_8_2_Colorado2025-greenBox_x003584_y005120
Unknown_Sample,20260226_279_Gen_Alg_10_8_2_Colorado2025-greenBox.czi,Gen_alg,704.91,3882.0,5314.0,34,35,114.08,0.957,20260226_279_Gen_Alg_10_8_2_Colorado2025-greenBox_x003584_y005120
Unknown_Sample,20260226_279_Gen_Alg_10_8_2_Colorado2025-greenBox.czi,Gen_alg,770.71,3842.0,5498.0,36,36,119.5,0.943,20260226_279_Gen_Alg_10_8_2_Colorado2025-greenBox_x003584_y005120
Unknown_Sample,20260226_279_Gen_Alg_10_8_2_Colorado2025-greenBox.czi,Gen_alg,144.68,3895.0,5289.0,15,15,52.49,0.921,20260226_279_Gen_Alg_10_8_2_Colorado2025-greenBox_x003584_y005120
Unknown_Sample,20260226_279_Gen_Alg_10_8_2_Colorado2025-greenBox.czi,Gen_alg,157.37,4218.0,5643.0,11,28,66.38,0.857,20260226_279_Gen_Alg_10_8_2_Colorado2025-greenBox_x003584_y005120
Unknown_Sample,20260226_279_Gen_Alg_10_8_2_Colorado2025-greenBox.czi,Gen_alg,771.09,4231.0,5641.0,38,34,118.91,0.962,20260226_279_Gen_Alg_10_8_2_Colorado2025-greenBox_x004096_y005120
Unknown_Sample,20260226_279_Gen_Alg_10_8_2_Colorado2025-greenBox.czi,Gen_alg,843.43,4329.0,5289.0,37,38,123.74,0.958,20260226_279_Gen_Alg_10_8_2_Colorado2025-greenBox_x004096_y005120
Unknown_Sample,20260226_279_Gen_Alg_10_8_2_Colorado2025-greenBox.czi,Gen_alg,759.16,4163.0,5525.0,36,35,117.5,0.958,20260226_279_Gen_Alg_10_8_2_Colorado2025-greenBox_x004096_y005120
Unknown_Sample,20260226_279_Gen_Alg_10_8_2_Colorado2025-greenBox.czi,Gen_alg,721.84,4585.0,5383.0,34,35,114.08,0.957,20260226_279_Gen_Alg_10_8_2_Colorado2025-greenBox_x004096_y005120
Unknown_Sample,20260226_279_Gen_Alg_10_8_2_Colorado2025-greenBox.czi,Gen_alg,564.47,4488.0,5524.0,31,32,105.01,0.947,20260226_279_Gen_Alg_10_8_2_Colorado2025-greenBox_x004096_y005120
Unknown_Sample,20260226_279_Gen_Alg_10_8_2_Colorado2025-greenBox.czi,Gen_alg,1082.38,4956.0,5190.0,45,40,139.64,0.964,20260226_279_Gen_Alg_10_8_2_Colorado2025-greenBox_x004608_y005120
Unknown_Sample,20260226_279_Gen_Alg_10_8_2_Colorado2025-greenBox.czi,Gen_alg,719.92,4932.0,5229.0,35,34,115.84,0.961,20260226_279_Gen_Alg_10_8_2_Colorado2025-greenBox_x004608_y005120
Unknown_Sample,20260226_279_Gen_Alg_10_8_2_Colorado2025-greenBox.czi,Gen_alg,956.55,4872.0,5637.0,42,38,131.4,0.961,20260226_279_Gen_Alg_10_8_2_Colorado2025-greenBox_x004608_y005120
Unknown_Sample,20260226_279_Gen_Alg_10_8_2_Colorado2025-greenBox.czi,Gen_alg,611.79,4833.0,5543.0,30,34,106.43,0.96,20260226_279_Gen_Alg_10_8_2_Colorado2025-greenBox_x004608_y005120
Unknown_Sample,20260226_279_Gen_Alg_10_8_2_Colorado2025-greenBox.czi,Gen_alg,714.15,4966.0,5278.0,34,34,113.25,0.959,20260226_279_Gen_Alg_10_8_2_Colorado2025-greenBox_x004608_y005120
Unknown_Sample,20260226_279_Gen_Alg_10_8_2_Colorado2025-greenBox.czi,Gen_alg,854.2,5672.0,5405.0,38,38,123.4,0.968,20260226_279_Gen_Alg_10_8_2_Colorado2025-greenBox_x005120_y005120
Unknown_Sample,20260226_279_Gen_Alg_10_8_2_Colorado2025-greenBox.czi,Gen_alg,773.4,5357.0,5430.0,36,36,118.91,0.962,20260226_279_Gen_Alg_10_8_2_Colorado2025-greenBox_x005120_y005120
Unknown_Sample,20260226_279_Gen_Alg_10_8_2_Colorado2025-greenBox.czi,Gen_alg,701.45,5345.0,5239.0,34,34,113.84,0.961,20260226_279_Gen_Alg_10_8_2_Colorado2025-greenBox_x005120_y005120
Unknown_Sample,20260226_279_Gen_Alg_10_8_2_Colorado2025-greenBox.czi,Gen_alg,640.65,5637.0,5264.0,31,34,107.84,0.96,20260226_279_Gen_Alg_10_8_2_Colorado2025-greenBox_x005120_y005120
Unknown_Sample,20260226_279_Gen_Alg_10_8_2_Colorado2025-greenBox.czi,Gen_alg,306.67,5752.0,5482.0,16,34,84.87,0.893,20260226_279_Gen_Alg_10_8_2_Colorado2025-greenBox_x005120_y005120
Unknown_Sample,20260226_279_Gen_Alg_10_8_2_Colorado2025-greenBox.czi,Gen_alg,854.97,5672.0,5405.0,38,38,123.4,0.969,20260226_279_Gen_Alg_10_8_2_Colorado2025-greenBox_x005632_y005120
Unknown_Sample,20260226_279_Gen_Alg_10_8_2_Colorado2025-greenBox.czi,Gen_alg,587.94,5794.0,5181.0,32,31,104.43,0.962,20260226_279_Gen_Alg_10_8_2_Colorado2025-greenBox_x005632_y005120
Unknown_Sample,20260226_279_Gen_Alg_10_8_2_Colorado2025-greenBox.czi,Gen_alg,824.19,5901.0,5171.0,36,38,121.74,0.96,20260226_279_Gen_Alg_10_8_2_Colorado2025-greenBox_x005632_y005120
Unknown_Sample,20260226_279_Gen_Alg_10_8_2_Colorado2025-greenBox.czi,Gen_alg,464.04,5641.0,5264.0,22,34,98.63,0.959,20260226_279_Gen_Alg_10_8_2_Colorado2025-greenBox_x005632_y005120
Unknown_Sample,20260226_279_Gen_Alg_10_8_2_Colorado2025-greenBox.czi,Gen_alg,654.12,5759.0,5481.0,33,34,107.74,0.953,20260226_279_Gen_Alg_10_8_2_Colorado2025-greenBox_x005632_y005120
Unknown_Sample,20260226_279_Gen_Alg_10_8_2_Colorado2025-greenBox.czi,Gen_alg,409.02,6175.0,5472.0,22,31,87.36,0.947,20260226_279_Gen_Alg_10_8_2_Colorado2025-greenBox_x005632_y005120
Unknown_Sample,20260226_279_Gen_Alg_10_8_2_Colorado2025-greenBox.czi,Gen_alg,215.47,6266.0,5596.0,12,34,79.8,0.866,20260226_279_Gen_Alg_10_8_2_Colorado2025-greenBox_x005632_y005120
Unknown_Sample,20260226_279_Gen_Alg_10_8_2_Colorado2025-greenBox.czi,Gen_alg,609.1,6432.0,5341.0,31,32,105.01,0.962,20260226_279_Gen_Alg_10_8_2_Colorado2025-greenBox_x006144_y005120
Unknown_Sample,20260226_279_Gen_Alg_10_8_2_Colorado2025-greenBox.czi,Gen_alg,869.98,6570.0,5487.0,37,38,124.33,0.961,20260226_279_Gen_Alg_10_8_2_Colorado2025-greenBox_x006144_y005120
Unknown_Sample,20260226_279_Gen_Alg_10_8_2_Colorado2025-greenBox.czi,Gen_alg,805.72,6277.0,5596.0,36,37,120.91,0.96,20260226_279_Gen_Alg_10_8_2_Colorado2025-greenBox_x006144_y005120
Unknown_Sample,20260226_279_Gen_Alg_10_8_2_Colorado2025-greenBox.czi,Gen_alg,737.62,6424.0,5477.0,33,37,116.67,0.958,20260226_279_Gen_Alg_10_8_2_Colorado2025-greenBox_x006144_y005120
Unknown_Sample,20260226_279_Gen_Alg_10_8_2_Colorado2025-greenBox.czi,Gen_alg,545.61,6402.0,5733.0,30,30,100.77,0.949,20260226_279_Gen_Alg_10_8_2_Colorado2025-greenBox_x006144_y005120
Unknown_Sample,20260226_279_Gen_Alg_10_8_2_Colorado2025-greenBox.czi,Gen_alg,409.02,6175.0,5472.0,22,31,87.36,0.947,20260226_279_Gen_Alg_10_8_2_Colorado2025-greenBox_x006144_y005120
Unknown_Sample,20260226_279_Gen_Alg_10_8_2_Colorado2025-greenBox.czi,Gen_alg,277.42,6329.0,5125.0,36,14,87.21,0.941,20260226_279_Gen_Alg_10_8_2_Colorado2025-greenBox_x006144_y005120
Unknown_Sample,20260226_279_Gen_Alg_10_8_2_Colorado2025-greenBox.czi,Gen_alg,470.97,6773.0,5517.0,21,35,99.8,0.927,20260226_279_Gen_Alg_10_8_2_Colorado2025-greenBox_x006144_y005120
Unknown_Sample,20260226_279_Gen_Alg_10_8_2_Colorado2025-greenBox.czi,Gen_alg,678.36,6932.0,5282.0,34,33,110.67,0.964,20260226_279_Gen_Alg_10_8_2_Colorado2025-greenBox_x006656_y005120
Unknown_Sample,20260226_279_Gen_Alg_10_8_2_Colorado2025-greenBox.czi,Gen_alg,859.98,6976.0,5274.0,36,39,125.5,0.963,20260226_279_Gen_Alg_10_8_2_Colorado2025-greenBox_x006656_y005120
Unknown_Sample,20260226_279_Gen_Alg_10_8_2_Colorado2025-greenBox.czi,Gen_alg,889.6,7245.0,5554.0,38,38,128.08,0.96,20260226_279_Gen_Alg_10_8_2_Colorado2025-greenBox_x006656_y005120
Unknown_Sample,20260226_279_Gen_Alg_10_8_2_Colorado2025-greenBox.czi,Gen_alg,877.29,7142.0,5523.0,39,38,127.74,0.959,20260226_279_Gen_Alg_10_8_2_Colorado2025-greenBox_x006656_y005120
Unknown_Sample,20260226_279_Gen_Alg_10_8_2_Colorado2025-greenBox.czi,Gen_alg,738.0,6779.0,5517.0,34,35,116.43,0.959,20260226_279_Gen_Alg_10_8_2_Colorado2025-greenBox_x006656_y005120
Unknown_Sample,20260226_279_Gen_Alg_10_8_2_Colorado2025-greenBox.czi,Gen_alg,846.12,6798.0,5474.0,38,37,123.15,0.958,20260226_279_Gen_Alg_10_8_2_Colorado2025-greenBox_x006656_y005120
Unknown_Sample,20260226_279_Gen_Alg_10_8_2_Colorado2025-greenBox.czi,Gen_alg,607.18,7128.0,5618.0,32,31,105.6,0.958,20260226_279_Gen_Alg_10_8_2_Colorado2025-greenBox_x006656_y005120
Unknown_Sample,20260226_279_Gen_Alg_10_8_2_Colorado2025-greenBox.czi,Gen_alg,426.72,7284.0,5140.0,23,29,92.38,0.936,20260226_279_Gen_Alg_10_8_2_Colorado2025-greenBox_x006656_y005120
Unknown_Sample,20260226_279_Gen_Alg_10_8_2_Colorado2025-greenBox.czi,Gen_alg,809.95,7575.0,5310.0,37,36,122.67,0.961,20260226_279_Gen_Alg_10_8_2_Colorado2025-greenBox_x007168_y005120
Unknown_Sample,20260226_279_Gen_Alg_10_8_2_Colorado2025-greenBox.czi,Gen_alg,554.85,7776.0,5487.0,29,31,100.77,0.96,20260226_279_Gen_Alg_10_8_2_Colorado2025-greenBox_x007168_y005120
Unknown_Sample,20260226_279_Gen_Alg_10_8_2_Colorado2025-greenBox.czi,Gen_alg,891.14,7245.0,5554.0,38,38,128.08,0.96,20260226_279_Gen_Alg_10_8_2_Colorado2025-greenBox_x007168_y005120
Unknown_Sample,20260226_279_Gen_Alg_10_8_2_Colorado2025-greenBox.czi,Gen_alg,492.9,7286.0,5140.0,28,30,96.18,0.959,20260226_279_Gen_Alg_10_8_2_Colorado2025-greenBox_x007168_y005120
Unknown_Sample,20260226_279_Gen_Alg_10_8_2_Colorado2025-greenBox.czi,Gen_alg,547.54,7422.0,5747.0,34,25,105.21,0.935,20260226_279_Gen_Alg_10_8_2_Colorado2025-greenBox_x007168_y005120
Unknown_Sample,20260226_279_Gen_Alg_10_8_2_Colorado2025-greenBox.czi,Gen_alg,763.4,8033.0,5288.0,35,36,116.91,0.964,20260226_279_Gen_Alg_10_8_2_Colorado2025-greenBox_x007680_y005120
Unknown_Sample,20260226_279_Gen_Alg_10_8_2_Colorado2025-greenBox.czi,Gen_alg,555.62,7776.0,5487.0,29,31,100.77,0.961,20260226_279_Gen_Alg_10_8_2_Colorado2025-greenBox_x007680_y005120
Unknown_Sample,20260226_279_Gen_Alg_10_8_2_Colorado2025-greenBox.czi,Gen_alg,455.19,8080.0,5454.0,28,27,91.36,0.956,20260226_279_Gen_Alg_10_8_2_Colorado2025-greenBox_x007680_y005120
Unknown_Sample,20260226_279_Gen_Alg_10_8_2_Colorado2025-greenBox.czi,Gen_alg,567.16,8253.0,5440.0,32,30,103.6,0.956,20260226_279_Gen_Alg_10_8_2_Colorado2025-greenBox_x007680_y005120
Unknown_Sample,20260226_279_Gen_Alg_10_8_2_Colorado2025-greenBox.czi,Gen_alg,507.52,8124.0,5269.0,30,29,98.18,0.952,20260226_279_Gen_Alg_10_8_2_Colorado2025-greenBox_x007680_y005120
Unknown_Sample,20260226_279_Gen_Alg_10_8_2_Colorado2025-greenBox.czi,Gen_alg,513.29,7879.0,5747.0,32,25,101.8,0.935,20260226_279_Gen_Alg_10_8_2_Colorado2025-greenBox_x007680_y005120
Unknown_Sample,20260226_279_Gen_Alg_10_8_2_Colorado2025-greenBox.czi,Gen_alg,672.97,8719.0,5186.0,34,33,110.67,0.962,20260226_279_Gen_Alg_10_8_2_Colorado2025-greenBox_x008192_y005120
Unknown_Sample,20260226_279_Gen_Alg_10_8_2_Colorado2025-greenBox.czi,Gen_alg,736.46,8438.0,5623.0,34,35,116.43,0.961,20260226_279_Gen_Alg_10_8_2_Colorado2025-greenBox_x008192_y005120
Unknown_Sample,20260226_279_Gen_Alg_10_8_2_Colorado2025-greenBox.czi,Gen_alg,784.94,8549.0,5317.0,36,36,118.91,0.961,20260226_279_Gen_Alg_10_8_2_Colorado2025-greenBox_x008192_y005120
Unknown_Sample,20260226_279_Gen_Alg_10_8_2_Colorado2025-greenBox.czi,Gen_alg,721.84,8804.0,5274.0,36,33,114.08,0.96,20260226_279_Gen_Alg_10_8_2_Colorado2025-greenBox_x008192_y005120
Unknown_Sample,20260226_279_Gen_Alg_10_8_2_Colorado2025-greenBox.czi,Gen_alg,654.12,8797.0,5737.0,33,32,108.43,0.959,20260226_279_Gen_Alg_10_8_2_Colorado2025-greenBox_x008192_y005120
Unknown_Sample,20260226_279_Gen_Alg_10_8_2_Colorado2025-greenBox.czi,Gen_alg,641.81,8630.0,5454.0,33,32,107.25,0.958,20260226_279_Gen_Alg_10_8_2_Colorado2025-greenBox_x008192_y005120
Unknown_Sample,20260226_279_Gen_Alg_10_8_2_Colorado2025-greenBox.czi,Gen_alg,567.16,8253.0,5440.0,32,30,103.6,0.956,20260226_279_Gen_Alg_10_8_2_Colorado2025-greenBox_x008192_y005120
Unknown_Sample,20260226_279_Gen_Alg_10_8_2_Colorado2025-greenBox.czi,Gen_alg,663.74,8719.0,5187.0,33,33,111.01,0.963,20260226_279_Gen_Alg_10_8_2_Colorado2025-greenBox_x008704_y005120
Unknown_Sample,20260226_279_Gen_Alg_10_8_2_Colorado2025-greenBox.czi,Gen_alg,720.69,8804.0,5274.0,36,33,114.67,0.961,20260226_279_Gen_Alg_10_8_2_Colorado2025-greenBox_x008704_y005120
Unknown_Sample,20260226_279_Gen_Alg_10_8_2_Colorado2025-greenBox.czi,Gen_alg,654.12,8797.0,5737.0,33,32,108.43,0.959,20260226_279_Gen_Alg_10_8_2_Colorado2025-greenBox_x008704_y005120
Unknown_Sample,20260226_279_Gen_Alg_10_8_2_Colorado2025-greenBox.czi,Gen_alg,637.96,9126.0,5436.0,33,32,107.25,0.959,20260226_279_Gen_Alg_10_8_2_Colorado2025-greenBox_x008704_y005120
Unknown_Sample,20260226_279_Gen_Alg_10_8_2_Colorado2025-greenBox.czi,Gen_alg,636.81,9199.0,5219.0,32,33,107.84,0.959,20260226_279_Gen_Alg_10_8_2_Colorado2025-greenBox_x008704_y005120
Unknown_Sample,20260226_279_Gen_Alg_10_8_2_Colorado2025-greenBox.czi,Gen_alg,667.97,9055.0,5561.0,34,33,112.43,0.959,20260226_279_Gen_Alg_10_8_2_Colorado2025-greenBox_x008704_y005120
Unknown_Sample,20260226_279_Gen_Alg_10_8_2_Colorado2025-greenBox.czi,Gen_alg,613.33,9304.0,5262.0,32,32,106.43,0.957,20260226_279_Gen_Alg_10_8_2_Colorado2025-greenBox_x008704_y005120
Unknown_Sample,20260226_279_Gen_Alg_10_8_2_Colorado2025-greenBox.czi,Gen_alg,659.89,9572.0,5641.0,33,33,111.01,0.959,20260226_279_Gen_Alg_10_8_2_Colorado2025-greenBox_x009216_y005120
Unknown_Sample,20260226_279_Gen_Alg_10_8_2_Colorado2025-greenBox.czi,Gen_alg,663.36,9636.0,5710.0,34,32,111.6,0.958,20260226_279_Gen_Alg_10_8_2_Colorado2025-greenBox_x009216_y005120
Unknown_Sample,20260226_279_Gen_Alg_10_8_2_Colorado2025-greenBox.czi,Gen_alg,605.25,9705.0,5353.0,32,31,105.01,0.958,20260226_279_Gen_Alg_10_8_2_Colorado2025-greenBox_x009216_y005120
Unknown_Sample,20260226_279_Gen_Alg_10_8_2_Colorado2025-greenBox.czi,Gen_alg,613.33,9304.0,5262.0,32,32,106.43,0.957,20260226_279_Gen_Alg_10_8_2_Colorado2025-greenBox_x009216_y005120
Unknown_Sample,20260226_279_Gen_Alg_10_8_2_Colorado2025-greenBox.czi,Gen_alg,515.22,9391.0,5417.0,28,33,99.84,0.946,20260226_279_Gen_Alg_10_8_2_Colorado2025-greenBox_x009216_y005120
Unknown_Sample,20260226_279_Gen_Alg_10_8_2_Colorado2025-greenBox.czi,Gen_alg,831.5,10259.0,5395.0,37,37,123.5,0.96,20260226_279_Gen_Alg_10_8_2_Colorado2025-greenBox_x009728_y005120
Unknown_Sample,20260226_279_Gen_Alg_10_8_2_Colorado2025-greenBox.czi,Gen_alg,537.53,10068.0,5268.0,30,29,98.18,0.959,20260226_279_Gen_Alg_10_8_2_Colorado2025-greenBox_x009728_y005120
Unknown_Sample,20260226_279_Gen_Alg_10_8_2_Colorado2025-greenBox.czi,Gen_alg,439.42,9938.0,5543.0,32,24,91.6,0.941,20260226_279_Gen_Alg_10_8_2_Colorado2025-greenBox_x009728_y005120
Unknown_Sample,20260226_279_Gen_Alg_10_8_2_Colorado2025-greenBox.czi,Gen_alg,853.05,10723.0,5383.0,37,38,124.33,0.962,20260226_279_Gen_Alg_10_8_2_Colorado2025-greenBox_x010240_y005120
Unknown_Sample,20260226_279_Gen_Alg_10_8_2_Colorado2025-greenBox.czi,Gen_alg,640.27,10709.0,5720.0,31,35,109.25,0.96,20260226_279_Gen_Alg_10_8_2_Colorado2025-greenBox_x010240_y005120
Unknown_Sample,20260226_279_Gen_Alg_10_8_2_Colorado2025-greenBox.czi,Gen_alg,834.97,10259.0,5395.0,37,37,124.08,0.959,20260226_279_Gen_Alg_10_8_2_Colorado2025-greenBox_x010240_y005120
Unknown_Sample,20260226_279_Gen_Alg_10_8_2_Colorado2025-greenBox.czi,Gen_alg,582.17,10721.0,5602.0,33,29,103.01,0.958,20260226_279_Gen_Alg_10_8_2_Colorado2025-greenBox_x010240_y005120
Unknown_Sample,20260226_279_Gen_Alg_10_8_2_Colorado2025-greenBox.czi,Gen_alg,626.42,10534.0,5558.0,32,32,106.43,0.957,20260226_279_Gen_Alg_10_8_2_Colorado2025-greenBox_x010240_y005120
Unknown_Sample,20260226_279_Gen_Alg_10_8_2_Colorado2025-greenBox.czi,Gen_alg,275.88,10611.0,5576.0,22,21,72.04,0.947,20260226_279_Gen_Alg_10_8_2_Colorado2025-greenBox_x010240_y005120
Unknown_Sample,20260226_279_Gen_Alg_10_8_2_Colorado2025-greenBox.czi,Gen_alg,310.9,10538.0,5309.0,19,27,78.63,0.942,20260226_279_Gen_Alg_10_8_2_Colorado2025-greenBox_x010240_y005120
Unknown_Sample,20260226_279_Gen_Alg_10_8_2_Colorado2025-greenBox.czi,Gen_alg,534.07,10867.0,5418.0,26,32,101.46,0.937,20260226_279_Gen_Alg_10_8_2_Colorado2025-greenBox_x010240_y005120
Unknown_Sample,20260226_279_Gen_Alg_10_8_2_Colorado2025-greenBox.czi,Gen_alg,746.08,10954.0,5453.0,35,35,115.5,0.961,20260226_279_Gen_Alg_10_8_2_Colorado2025-greenBox_x010752_y005120
Unknown_Sample,20260226_279_Gen_Alg_10_8_2_Colorado2025-greenBox.czi,Gen_alg,661.82,11030.0,5221.0,33,33,110.43,0.96,20260226_279_Gen_Alg_10_8_2_Colorado2025-greenBox_x010752_y005120
Unknown_Sample,20260226_279_Gen_Alg_10_8_2_Colorado2025-greenBox.czi,Gen_alg,615.64,10869.0,5418.0,32,32,106.43,0.959,20260226_279_Gen_Alg_10_8_2_Colorado2025-greenBox_x010752_y005120
Unknown_Sample,20260226_279_Gen_Alg_10_8_2_Colorado2025-greenBox.czi,Gen_alg,607.56,11081.0,5701.0,30,34,105.84,0.959,20260226_279_Gen_Alg_10_8_2_Colorado2025-greenBox_x010752_y005120
Unknown_Sample,20260226_279_Gen_Alg_10_8_2_Colorado2025-greenBox.czi,Gen_alg,585.63,11182.0,5696.0,31,32,104.43,0.957,20260226_279_Gen_Alg_10_8_2_Colorado2025-greenBox_x010752_y005120
Unknown_Sample,20260226_279_Gen_Alg_10_8_2_Colorado2025-greenBox.czi,Gen_alg,480.2,11254.0,5454.0,28,28,92.77,0.955,20260226_279_Gen_Alg_10_8_2_Colorado2025-greenBox_x010752_y005120
Unknown_Sample,20260226_279_Gen_Alg_10_8_2_Colorado2025-greenBox.czi,Gen_alg,612.56,11803.0,5663.0,31,32,105.6,0.963,20260226_279_Gen_Alg_10_8_2_Colorado2025-greenBox_x011264_y005120
Unknown_Sample,20260226_279_Gen_Alg_10_8_2_Colorado2025-greenBox.czi,Gen_alg,813.42,11663.0,5332.0,36,37,122.08,0.962,20260226_279_Gen_Alg_10_8_2_Colorado2025-greenBox_x011264_y005120
Unknown_Sample,20260226_279_Gen_Alg_10_8_2_Colorado2025-greenBox.czi,Gen_alg,709.91,11609.0,5664.0,33,36,114.67,0.961,20260226_279_Gen_Alg_10_8_2_Colorado2025-greenBox_x011264_y005120
Unknown_Sample,20260226_279_Gen_Alg_10_8_2_Colorado2025-greenBox.czi,Gen_alg,713.76,11852.0,5267.0,35,35,115.5,0.96,20260226_279_Gen_Alg_10_8_2_Colorado2025-greenBox_x011264_y005120
Unknown_Sample,20260226_279_Gen_Alg_10_8_2_Colorado2025-greenBox.czi,Gen_alg,783.02,11861.0,5557.0,36,36,119.5,0.96,20260226_279_Gen_Alg_10_8_2_Colorado2025-greenBox_x011264_y005120
Unknown_Sample,20260226_279_Gen_Alg_10_8_2_Colorado2025-greenBox.czi,Gen_alg,690.29,11554.0,5353.0,34,34,112.08,0.959,20260226_279_Gen_Alg_10_8_2_Colorado2025-greenBox_x011264_y005120
Unknown_Sample,20260226_279_Gen_Alg_10_8_2_Colorado2025-greenBox.czi,Gen_alg,95.42,11764.0,5727.0,12,13,42.49,0.923,20260226_279_Gen_Alg_10_8_2_Colorado2025-greenBox_x011264_y005120
Unknown_Sample,20260226_279_Gen_Alg_10_8_2_Colorado2025-greenBox.czi,Gen_alg,613.33,11803.0,5663.0,31,32,105.6,0.963,20260226_279_Gen_Alg_10_8_2_Colorado2025-greenBox_x011776_y005120
Unknown_Sample,20260226_279_Gen_Alg_10_8_2_Colorado2025-greenBox.czi,Gen_alg,714.53,11852.0,5267.0,35,35,115.5,0.96,20260226_279_Gen_Alg_10_8_2_Colorado2025-greenBox_x011776_y005120
Unknown_Sample,20260226_279_Gen_Alg_10_8_2_Colorado2025-greenBox.czi,Gen_alg,783.79,11861.0,5557.0,36,36,119.5,0.96,20260226_279_Gen_Alg_10_8_2_Colorado2025-greenBox_x011776_y005120
Unknown_Sample,20260226_279_Gen_Alg_10_8_2_Colorado2025-greenBox.czi,Gen_alg,430.95,11974.0,5456.0,27,26,89.11,0.955,20260226_279_Gen_Alg_10_8_2_Colorado2025-greenBox_x011776_y005120
Unknown_Sample,20260226_279_Gen_Alg_10_8_2_Colorado2025-greenBox.czi,Gen_alg,495.98,12889.0,5129.0,37,22,104.04,0.958,20260226_279_Gen_Alg_10_8_2_Colorado2025-greenBox_x012288_y005120
Unknown_Sample,20260226_279_Gen_Alg_10_8_2_Colorado2025-greenBox.czi,Gen_alg,617.57,12732.0,5508.0,32,33,106.67,0.956,20260226_279_Gen_Alg_10_8_2_Colorado2025-greenBox_x012288_y005120
Unknown_Sample,20260226_279_Gen_Alg_10_8_2_Colorado2025-greenBox.czi,Gen_alg,489.44,12639.0,5129.0,35,23,101.46,0.955,20260226_279_Gen_Alg_10_8_2_Colorado2025-greenBox_x012288_y005120
Unknown_Sample,20260226_279_Gen_Alg_10_8_2_Colorado2025-greenBox.czi,Gen_alg,378.24,12918.0,5193.0,19,32,90.38,0.919,20260226_279_Gen_Alg_10_8_2_Colorado2025-greenBox_x012288_y005120
Unknown_Sample,20260226_279_Gen_Alg_10_8_2_Colorado2025-greenBox.czi,Gen_alg,302.05,12501.0,5752.0,34,15,85.21,0.895,20260226_279_Gen_Alg_10_8_2_Colorado2025-greenBox_x012288_y005120
Unknown_Sample,20260226_279_Gen_Alg_10_8_2_Colorado2025-greenBox.czi,Gen_alg,660.28,12925.0,5193.0,34,32,110.43,0.962,20260226_279_Gen_Alg_10_8_2_Colorado2025-greenBox_x012800_y005120
Unknown_Sample,20260226_279_Gen_Alg_10_8_2_Colorado2025-greenBox.czi,Gen_alg,495.98,12889.0,5129.0,37,22,104.04,0.958,20260226_279_Gen_Alg_10_8_2_Colorado2025-greenBox_x012800_y005120
Unknown_Sample,20260226_279_Gen_Alg_10_8_2_Colorado2025-greenBox.czi,Gen_alg,654.12,13049.0,5272.0,33,33,108.08,0.956,20260226_279_Gen_Alg_10_8_2_Colorado2025-greenBox_x012800_y005120
Unknown_Sample,20260226_279_Gen_Alg_10_8_2_Colorado2025-greenBox.czi,Gen_alg,540.23,13014.0,5403.0,31,29,99.6,0.955,20260226_279_Gen_Alg_10_8_2_Colorado2025-greenBox_x012800_y005120
Unknown_Sample,20260226_279_Gen_Alg_10_8_2_Colorado2025-greenBox.czi,Gen_alg,736.46,12958.0,5404.0,34,37,116.91,0.954,20260226_279_Gen_Alg_10_8_2_Colorado2025-greenBox_x012800_y005120
Unknown_Sample,20260226_279_Gen_Alg_10_8_2_Colorado2025-greenBox.czi,Gen_alg,381.7,13352.0,5501.0,28,23,85.11,0.947,20260226_279_Gen_Alg_10_8_2_Colorado2025-greenBox_x012800_y005120
Unknown_Sample,20260226_279_Gen_Alg_10_8_2_Colorado2025-greenBox.czi,Gen_alg,278.19,13066.0,5644.0,26,17,74.38,0.933,20260226_279_Gen_Alg_10_8_2_Colorado2025-greenBox_x012800_y005120
Unknown_Sample,20260226_279_Gen_Alg_10_8_2_Colorado2025-greenBox.czi,Gen_alg,171.23,13434.0,5514.0,10,31,70.38,0.858,20260226_279_Gen_Alg_10_8_2_Colorado2025-greenBox_x012800_y005120
Unknown_Sample,20260226_279_Gen_Alg_10_8_2_Colorado2025-greenBox.czi,Gen_alg,666.05,13686.0,5134.0,35,31,112.18,0.963,20260226_279_Gen_Alg_10_8_2_Colorado2025-greenBox_x013312_y005120
Unknown_Sample,20260226_279_Gen_Alg_10_8_2_Colorado2025-greenBox.czi,Gen_alg,780.33,13781.0,5413.0,35,37,120.08,0.963,20260226_279_Gen_Alg_10_8_2_Colorado2025-greenBox_x013312_y005120
Unknown_Sample,20260226_279_Gen_Alg_10_8_2_Colorado2025-greenBox.czi,Gen_alg,703.76,13748.0,5231.0,34,34,112.67,0.961,20260226_279_Gen_Alg_10_8_2_Colorado2025-greenBox_x013312_y005120
Unknown_Sample,20260226_279_Gen_Alg_10_8_2_Colorado2025-greenBox.czi,Gen_alg,745.31,13483.0,5667.0,35,36,116.33,0.961,20260226_279_Gen_Alg_10_8_2_Colorado2025-greenBox_x013312_y005120
Unknown_Sample,20260226_279_Gen_Alg_10_8_2_Colorado2025-greenBox.czi,Gen_alg,712.99,13446.0,5513.0,33,35,113.84,0.961,20260226_279_Gen_Alg_10_8_2_Colorado2025-greenBox_x013312_y005120
Unknown_Sample,20260226_279_Gen_Alg_10_8_2_Colorado2025-greenBox.czi,Gen_alg,753.01,13506.0,5514.0,34,37,117.5,0.959,20260226_279_Gen_Alg_10_8_2_Colorado2025-greenBox_x013312_y005120
Unknown_Sample,20260226_279_Gen_Alg_10_8_2_Colorado2025-greenBox.czi,Gen_alg,703.37,13762.0,5575.0,34,35,112.91,0.959,20260226_279_Gen_Alg_10_8_2_Colorado2025-greenBox_x013312_y005120
Unknown_Sample,20260226_279_Gen_Alg_10_8_2_Colorado2025-greenBox.czi,Gen_alg,557.16,13465.0,5152.0,30,31,100.43,0.956,20260226_279_Gen_Alg_10_8_2_Colorado2025-greenBox_x013312_y005120
Unknown_Sample,20260226_279_Gen_Alg_10_8_2_Colorado2025-greenBox.czi,Gen_alg,380.93,13352.0,5501.0,28,23,85.11,0.947,20260226_279_Gen_Alg_10_8_2_Colorado2025-greenBox_x013312_y005120
Unknown_Sample,20260226_279_Gen_Alg_10_8_2_Colorado2025-greenBox.czi,Gen_alg,624.88,14202.0,5406.0,32,32,106.43,0.966,20260226_279_Gen_Alg_10_8_2_Colorado2025-greenBox_x013824_y005120
Unknown_Sample,20260226_279_Gen_Alg_10_8_2_Colorado2025-greenBox.czi,Gen_alg,664.12,14133.0,5157.0,32,33,110.77,0.963,20260226_279_Gen_Alg_10_8_2_Colorado2025-greenBox_x013824_y005120
Unknown_Sample,20260226_279_Gen_Alg_10_8_2_Colorado2025-greenBox.czi,Gen_alg,938.47,14304.0,5476.0,40,38,130.33,0.963,20260226_279_Gen_Alg_10_8_2_Colorado2025-greenBox_x013824_y005120
Unknown_Sample,20260226_279_Gen_Alg_10_8_2_Colorado2025-greenBox.czi,Gen_alg,621.8,14082.0,5458.0,33,31,107.6,0.958,20260226_279_Gen_Alg_10_8_2_Colorado2025-greenBox_x013824_y005120
Unknown_Sample,20260226_279_Gen_Alg_10_8_2_Colorado2025-greenBox.czi,Gen_alg,441.72,14398.0,5441.0,27,27,89.94,0.949,20260226_279_Gen_Alg_10_8_2_Colorado2025-greenBox_x013824_y005120
Unknown_Sample,20260226_279_Gen_Alg_10_8_2_Colorado2025-greenBox.czi,Gen_alg,726.46,14557.0,5216.0,34,35,114.08,0.961,20260226_279_Gen_Alg_10_8_2_Colorado2025-greenBox_x014336_y005120
Unknown_Sample,20260226_279_Gen_Alg_10_8_2_Colorado2025-greenBox.czi,Gen_alg,686.83,14598.0,5668.0,33,34,111.84,0.958,20260226_279_Gen_Alg_10_8_2_Colorado2025-greenBox_x014336_y005120
Unknown_Sample,20260226_279_Gen_Alg_10_8_2_Colorado2025-greenBox.czi,Gen_alg,442.49,14398.0,5441.0,27,27,89.94,0.949,20260226_279_Gen_Alg_10_8_2_Colorado2025-greenBox_x014336_y005120
Unknown_Sample,20260226_279_Gen_Alg_10_8_2_Colorado2025-greenBox.czi,Gen_alg,811.11,15339.0,5504.0,36,37,122.08,0.96,20260226_279_Gen_Alg_10_8_2_Colorado2025-greenBox_x014848_y005120
Unknown_Sample,20260226_279_Gen_Alg_10_8_2_Colorado2025-greenBox.czi,Gen_alg,665.28,15205.0,5247.0,33,33,109.84,0.96,20260226_279_Gen_Alg_10_8_2_Colorado2025-greenBox_x014848_y005120
Unknown_Sample,20260226_279_Gen_Alg_10_8_2_Colorado2025-greenBox.czi,Gen_alg,362.07,15099.0,5731.0,26,24,83.7,0.944,20260226_279_Gen_Alg_10_8_2_Colorado2025-greenBox_x014848_y005120
Unknown_Sample,20260226_279_Gen_Alg_10_8_2_Colorado2025-greenBox.czi,Gen_alg,280.89,15227.0,5524.0,18,26,74.63,0.942,20260226_279_Gen_Alg_10_8_2_Colorado2025-greenBox_x014848_y005120
Unknown_Sample,20260226_279_Gen_Alg_10_8_2_Colorado2025-greenBox.czi,Gen_alg,219.32,15316.0,5125.0,32,14,77.46,0.933,20260226_279_Gen_Alg_10_8_2_Colorado2025-greenBox_x014848_y005120
Unknown_Sample,20260226_279_Gen_Alg_10_8_2_Colorado2025-greenBox.czi,Gen_alg,595.63,15594.0,5341.0,33,29,104.77,0.954,20260226_279_Gen_Alg_10_8_2_Colorado2025-greenBox_x015360_y005120
Unknown_Sample,20260226_279_Gen_Alg_10_8_2_Colorado2025-greenBox.czi,Gen_alg,784.94,16459.0,5334.0,36,36,118.91,0.952,20260226_279_Gen_Alg_10_8_2_Colorado2025-greenBox_x015872_y005120
Unknown_Sample,20260226_279_Gen_Alg_10_8_2_Colorado2025-greenBox.czi,Gen_alg,692.98,16382.0,5665.0,33,35,112.67,0.949,20260226_279_Gen_Alg_10_8_2_Colorado2025-greenBox_x015872_y005120
Unknown_Sample,20260226_279_Gen_Alg_10_8_2_Colorado2025-greenBox.czi,Gen_alg,779.56,16008.0,5612.0,36,37,120.91,0.948,20260226_279_Gen_Alg_10_8_2_Colorado2025-greenBox_x015872_y005120
Unknown_Sample,20260226_279_Gen_Alg_10_8_2_Colorado2025-greenBox.czi,Gen_alg,748.01,16111.0,5492.0,36,35,118.08,0.944,20260226_279_Gen_Alg_10_8_2_Colorado2025-greenBox_x015872_y005120
Unknown_Sample,20260226_279_Gen_Alg_10_8_2_Colorado2025-greenBox.czi,Gen_alg,602.18,16185.0,5153.0,27,36,107.36,0.925,20260226_279_Gen_Alg_10_8_2_Colorado2025-greenBox_x015872_y005120
Unknown_Sample,20260226_279_Gen_Alg_10_8_2_Colorado2025-greenBox.czi,Gen_alg,790.33,16459.0,5334.0,36,36,118.91,0.947,20260226_279_Gen_Alg_10_8_2_Colorado2025-greenBox_x016384_y005120
Unknown_Sample,20260226_279_Gen_Alg_10_8_2_Colorado2025-greenBox.czi,Gen_alg,651.43,16647.0,5223.0,31,34,107.84,0.946,20260226_279_Gen_Alg_10_8_2_Colorado2025-greenBox_x016384_y005120
Unknown_Sample,20260226_279_Gen_Alg_10_8_2_Colorado2025-greenBox.czi,Gen_alg,304.74,16390.0,5665.0,15,35,86.63,0.918,20260226_279_Gen_Alg_10_8_2_Colorado2025-greenBox_x016384_y005120
Unknown_Sample,20260226_279_Gen_Alg_10_8_2_Colorado2025-greenBox.czi,Gen_alg,833.81,16673.0,5152.0,38,36,123.5,0.913,20260226_279_Gen_Alg_10_8_2_Colorado2025-greenBox_x016384_y005120
Unknown_Sample,20260226_279_Gen_Alg_10_8_2_Colorado2025-greenBox.czi,Gen_alg,351.3,561.0,6007.0,26,23,82.87,0.907,20260226_279_Gen_Alg_10_8_2_Colorado2025-greenBox_x000000_y005632
Unknown_Sample,20260226_279_Gen_Alg_10_8_2_Colorado2025-greenBox.czi,Gen_alg,337.83,804.0,5966.0,27,21,81.46,0.944,20260226_279_Gen_Alg_10_8_2_Colorado2025-greenBox_x000512_y005632
Unknown_Sample,20260226_279_Gen_Alg_10_8_2_Colorado2025-greenBox.czi,Gen_alg,789.56,1133.0,5876.0,37,35,122.43,0.94,20260226_279_Gen_Alg_10_8_2_Colorado2025-greenBox_x000512_y005632
Unknown_Sample,20260226_279_Gen_Alg_10_8_2_Colorado2025-greenBox.czi,Gen_alg,341.68,561.0,6006.0,26,22,81.46,0.906,20260226_279_Gen_Alg_10_8_2_Colorado2025-greenBox_x000512_y005632
Unknown_Sample,20260226_279_Gen_Alg_10_8_2_Colorado2025-greenBox.czi,Gen_alg,792.64,1382.0,6209.0,37,35,120.08,0.965,20260226_279_Gen_Alg_10_8_2_Colorado2025-greenBox_x001024_y005632
Unknown_Sample,20260226_279_Gen_Alg_10_8_2_Colorado2025-greenBox.czi,Gen_alg,614.49,1256.0,6179.0,31,32,105.01,0.96,20260226_279_Gen_Alg_10_8_2_Colorado2025-greenBox_x001024_y005632
Unknown_Sample,20260226_279_Gen_Alg_10_8_2_Colorado2025-greenBox.czi,Gen_alg,835.74,1365.0,6018.0,37,37,122.91,0.959,20260226_279_Gen_Alg_10_8_2_Colorado2025-greenBox_x001024_y005632
Unknown_Sample,20260226_279_Gen_Alg_10_8_2_Colorado2025-greenBox.czi,Gen_alg,703.37,1199.0,6206.0,34,34,113.25,0.959,20260226_279_Gen_Alg_10_8_2_Colorado2025-greenBox_x001024_y005632
Unknown_Sample,20260226_279_Gen_Alg_10_8_2_Colorado2025-greenBox.czi,Gen_alg,701.83,1453.0,6161.0,34,35,114.08,0.959,20260226_279_Gen_Alg_10_8_2_Colorado2025-greenBox_x001024_y005632
Unknown_Sample,20260226_279_Gen_Alg_10_8_2_Colorado2025-greenBox.czi,Gen_alg,620.64,1222.0,5766.0,32,32,107.01,0.957,20260226_279_Gen_Alg_10_8_2_Colorado2025-greenBox_x001024_y005632
Unknown_Sample,20260226_279_Gen_Alg_10_8_2_Colorado2025-greenBox.czi,Gen_alg,757.63,1132.0,5876.0,36,35,117.5,0.941,20260226_279_Gen_Alg_10_8_2_Colorado2025-greenBox_x001024_y005632
Unknown_Sample,20260226_279_Gen_Alg_10_8_2_Colorado2025-greenBox.czi,Gen_alg,307.44,1414.0,6173.0,26,22,78.53,0.936,20260226_279_Gen_Alg_10_8_2_Colorado2025-greenBox_x001024_y005632
Unknown_Sample,20260226_279_Gen_Alg_10_8_2_Colorado2025-greenBox.czi,Gen_alg,830.73,1742.0,6011.0,38,37,124.33,0.964,20260226_279_Gen_Alg_10_8_2_Colorado2025-greenBox_x001536_y005632
Unknown_Sample,20260226_279_Gen_Alg_10_8_2_Colorado2025-greenBox.czi,Gen_alg,699.52,2105.0,6139.0,33,35,113.25,0.959,20260226_279_Gen_Alg_10_8_2_Colorado2025-greenBox_x001536_y005632
Unknown_Sample,20260226_279_Gen_Alg_10_8_2_Colorado2025-greenBox.czi,Gen_alg,721.84,1940.0,5729.0,36,33,114.08,0.958,20260226_279_Gen_Alg_10_8_2_Colorado2025-greenBox_x001536_y005632
Unknown_Sample,20260226_279_Gen_Alg_10_8_2_Colorado2025-greenBox.czi,Gen_alg,735.31,1691.0,5856.0,36,34,115.5,0.958,20260226_279_Gen_Alg_10_8_2_Colorado2025-greenBox_x001536_y005632
Unknown_Sample,20260226_279_Gen_Alg_10_8_2_Colorado2025-greenBox.czi,Gen_alg,765.71,1754.0,6228.0,35,36,116.91,0.956,20260226_279_Gen_Alg_10_8_2_Colorado2025-greenBox_x001536_y005632
Unknown_Sample,20260226_279_Gen_Alg_10_8_2_Colorado2025-greenBox.czi,Gen_alg,420.18,1771.0,6262.0,33,20,93.8,0.921,20260226_279_Gen_Alg_10_8_2_Colorado2025-greenBox_x001536_y005632
Unknown_Sample,20260226_279_Gen_Alg_10_8_2_Colorado2025-greenBox.czi,Gen_alg,620.26,2641.0,5923.0,30,33,106.77,0.961,20260226_279_Gen_Alg_10_8_2_Colorado2025-greenBox_x002048_y005632
Unknown_Sample,20260226_279_Gen_Alg_10_8_2_Colorado2025-greenBox.czi,Gen_alg,689.14,2641.0,5733.0,33,35,111.5,0.96,20260226_279_Gen_Alg_10_8_2_Colorado2025-greenBox_x002048_y005632
Unknown_Sample,20260226_279_Gen_Alg_10_8_2_Colorado2025-greenBox.czi,Gen_alg,699.52,2105.0,6139.0,33,35,113.25,0.958,20260226_279_Gen_Alg_10_8_2_Colorado2025-greenBox_x002048_y005632
Unknown_Sample,20260226_279_Gen_Alg_10_8_2_Colorado2025-greenBox.czi,Gen_alg,314.36,2629.0,6046.0,31,18,82.87,0.899,20260226_279_Gen_Alg_10_8_2_Colorado2025-greenBox_x002048_y005632
Unknown_Sample,20260226_279_Gen_Alg_10_8_2_Colorado2025-greenBox.czi,Gen_alg,732.61,2725.0,5670.0,34,35,115.25,0.963,20260226_279_Gen_Alg_10_8_2_Colorado2025-greenBox_x002560_y005632
Unknown_Sample,20260226_279_Gen_Alg_10_8_2_Colorado2025-greenBox.czi,Gen_alg,620.26,2641.0,5923.0,30,33,106.77,0.961,20260226_279_Gen_Alg_10_8_2_Colorado2025-greenBox_x002560_y005632
Unknown_Sample,20260226_279_Gen_Alg_10_8_2_Colorado2025-greenBox.czi,Gen_alg,688.37,2641.0,5733.0,33,35,111.5,0.961,20260226_279_Gen_Alg_10_8_2_Colorado2025-greenBox_x002560_y005632
Unknown_Sample,20260226_279_Gen_Alg_10_8_2_Colorado2025-greenBox.czi,Gen_alg,315.13,2629.0,6046.0,31,18,82.87,0.9,20260226_279_Gen_Alg_10_8_2_Colorado2025-greenBox_x002560_y005632
Unknown_Sample,20260226_279_Gen_Alg_10_8_2_Colorado2025-greenBox.czi,Gen_alg,801.49,3613.0,5673.0,35,38,120.33,0.963,20260226_279_Gen_Alg_10_8_2_Colorado2025-greenBox_x003072_y005632
Unknown_Sample,20260226_279_Gen_Alg_10_8_2_Colorado2025-greenBox.czi,Gen_alg,802.26,3315.0,5655.0,36,37,121.5,0.962,20260226_279_Gen_Alg_10_8_2_Colorado2025-greenBox_x003072_y005632
Unknown_Sample,20260226_279_Gen_Alg_10_8_2_Colorado2025-greenBox.czi,Gen_alg,683.36,3594.0,5989.0,34,33,111.25,0.961,20260226_279_Gen_Alg_10_8_2_Colorado2025-greenBox_x003072_y005632
Unknown_Sample,20260226_279_Gen_Alg_10_8_2_Colorado2025-greenBox.czi,Gen_alg,704.53,3603.0,6035.0,34,34,112.67,0.961,20260226_279_Gen_Alg_10_8_2_Colorado2025-greenBox_x003072_y005632
Unknown_Sample,20260226_279_Gen_Alg_10_8_2_Colorado2025-greenBox.czi,Gen_alg,874.6,3658.0,5684.0,40,36,126.33,0.959,20260226_279_Gen_Alg_10_8_2_Colorado2025-greenBox_x003072_y005632
Unknown_Sample,20260226_279_Gen_Alg_10_8_2_Colorado2025-greenBox.czi,Gen_alg,817.65,3226.0,6162.0,36,39,121.98,0.959,20260226_279_Gen_Alg_10_8_2_Colorado2025-greenBox_x003072_y005632
Unknown_Sample,20260226_279_Gen_Alg_10_8_2_Colorado2025-greenBox.czi,Gen_alg,212.01,3307.0,6266.0,34,11,78.38,0.878,20260226_279_Gen_Alg_10_8_2_Colorado2025-greenBox_x003072_y005632
Unknown_Sample,20260226_279_Gen_Alg_10_8_2_Colorado2025-greenBox.czi,Gen_alg,594.86,3596.0,5989.0,28,33,106.28,0.968,20260226_279_Gen_Alg_10_8_2_Colorado2025-greenBox_x003584_y005632
Unknown_Sample,20260226_279_Gen_Alg_10_8_2_Colorado2025-greenBox.czi,Gen_alg,814.19,4194.0,6101.0,36,36,122.43,0.963,20260226_279_Gen_Alg_10_8_2_Colorado2025-greenBox_x003584_y005632
Unknown_Sample,20260226_279_Gen_Alg_10_8_2_Colorado2025-greenBox.czi,Gen_alg,802.26,3613.0,5673.0,35,38,120.33,0.963,20260226_279_Gen_Alg_10_8_2_Colorado2025-greenBox_x003584_y005632
Unknown_Sample,20260226_279_Gen_Alg_10_8_2_Colorado2025-greenBox.czi,Gen_alg,608.72,3977.0,5975.0,31,33,106.43,0.962,20260226_279_Gen_Alg_10_8_2_Colorado2025-greenBox_x003584_y005632
Unknown_Sample,20260226_279_Gen_Alg_10_8_2_Colorado2025-greenBox.czi,Gen_alg,812.26,3981.0,6025.0,38,36,122.33,0.962,20260226_279_Gen_Alg_10_8_2_Colorado2025-greenBox_x003584_y005632
Unknown_Sample,20260226_279_Gen_Alg_10_8_2_Colorado2025-greenBox.czi,Gen_alg,705.68,3603.0,6035.0,34,34,113.25,0.961,20260226_279_Gen_Alg_10_8_2_Colorado2025-greenBox_x003584_y005632
Unknown_Sample,20260226_279_Gen_Alg_10_8_2_Colorado2025-greenBox.czi,Gen_alg,801.87,4031.0,5950.0,36,36,120.08,0.959,20260226_279_Gen_Alg_10_8_2_Colorado2025-greenBox_x003584_y005632
Unknown_Sample,20260226_279_Gen_Alg_10_8_2_Colorado2025-greenBox.czi,Gen_alg,877.68,3658.0,5684.0,40,36,126.33,0.959,20260226_279_Gen_Alg_10_8_2_Colorado2025-greenBox_x003584_y005632
Unknown_Sample,20260226_279_Gen_Alg_10_8_2_Colorado2025-greenBox.czi,Gen_alg,779.56,3971.0,6183.0,36,37,118.57,0.959,20260226_279_Gen_Alg_10_8_2_Colorado2025-greenBox_x003584_y005632
Unknown_Sample,20260226_279_Gen_Alg_10_8_2_Colorado2025-greenBox.czi,Gen_alg,650.27,3807.0,6083.0,30,36,109.25,0.958,20260226_279_Gen_Alg_10_8_2_Colorado2025-greenBox_x003584_y005632
Unknown_Sample,20260226_279_Gen_Alg_10_8_2_Colorado2025-greenBox.czi,Gen_alg,157.37,4218.0,5643.0,11,25,62.73,0.858,20260226_279_Gen_Alg_10_8_2_Colorado2025-greenBox_x003584_y005632
Unknown_Sample,20260226_279_Gen_Alg_10_8_2_Colorado2025-greenBox.czi,Gen_alg,649.5,4231.0,5644.0,38,27,113.11,0.964,20260226_279_Gen_Alg_10_8_2_Colorado2025-greenBox_x004096_y005632
Unknown_Sample,20260226_279_Gen_Alg_10_8_2_Colorado2025-greenBox.czi,Gen_alg,813.03,4194.0,6101.0,36,36,121.84,0.962,20260226_279_Gen_Alg_10_8_2_Colorado2025-greenBox_x004096_y005632
Unknown_Sample,20260226_279_Gen_Alg_10_8_2_Colorado2025-greenBox.czi,Gen_alg,756.86,4623.0,6117.0,36,35,117.5,0.962,20260226_279_Gen_Alg_10_8_2_Colorado2025-greenBox_x004096_y005632
Unknown_Sample,20260226_279_Gen_Alg_10_8_2_Colorado2025-greenBox.czi,Gen_alg,713.76,4561.0,6119.0,34,35,113.5,0.961,20260226_279_Gen_Alg_10_8_2_Colorado2025-greenBox_x004096_y005632
Unknown_Sample,20260226_279_Gen_Alg_10_8_2_Colorado2025-greenBox.czi,Gen_alg,882.29,4318.0,5948.0,38,37,125.5,0.96,20260226_279_Gen_Alg_10_8_2_Colorado2025-greenBox_x004096_y005632
Unknown_Sample,20260226_279_Gen_Alg_10_8_2_Colorado2025-greenBox.czi,Gen_alg,781.48,4718.0,6080.0,35,36,122.18,0.952,20260226_279_Gen_Alg_10_8_2_Colorado2025-greenBox_x004096_y005632
Unknown_Sample,20260226_279_Gen_Alg_10_8_2_Colorado2025-greenBox.czi,Gen_alg,779.17,4844.0,6153.0,35,36,118.67,0.966,20260226_279_Gen_Alg_10_8_2_Colorado2025-greenBox_x004608_y005632
Unknown_Sample,20260226_279_Gen_Alg_10_8_2_Colorado2025-greenBox.czi,Gen_alg,773.4,4934.0,5952.0,37,35,118.91,0.966,20260226_279_Gen_Alg_10_8_2_Colorado2025-greenBox_x004608_y005632
Unknown_Sample,20260226_279_Gen_Alg_10_8_2_Colorado2025-greenBox.czi,Gen_alg,736.08,4623.0,6117.0,34,35,118.18,0.963,20260226_279_Gen_Alg_10_8_2_Colorado2025-greenBox_x004608_y005632
Unknown_Sample,20260226_279_Gen_Alg_10_8_2_Colorado2025-greenBox.czi,Gen_alg,787.25,4718.0,6080.0,36,36,122.43,0.961,20260226_279_Gen_Alg_10_8_2_Colorado2025-greenBox_x004608_y005632
Unknown_Sample,20260226_279_Gen_Alg_10_8_2_Colorado2025-greenBox.czi,Gen_alg,774.17,5042.0,6247.0,35,36,119.25,0.959,20260226_279_Gen_Alg_10_8_2_Colorado2025-greenBox_x004608_y005632
Unknown_Sample,20260226_279_Gen_Alg_10_8_2_Colorado2025-greenBox.czi,Gen_alg,587.55,4952.0,6189.0,31,31,104.18,0.959,20260226_279_Gen_Alg_10_8_2_Colorado2025-greenBox_x004608_y005632
Unknown_Sample,20260226_279_Gen_Alg_10_8_2_Colorado2025-greenBox.czi,Gen_alg,865.36,5093.0,6197.0,38,38,126.33,0.958,20260226_279_Gen_Alg_10_8_2_Colorado2025-greenBox_x004608_y005632
Unknown_Sample,20260226_279_Gen_Alg_10_8_2_Colorado2025-greenBox.czi,Gen_alg,644.89,4872.0,5642.0,42,25,118.28,0.955,20260226_279_Gen_Alg_10_8_2_Colorado2025-greenBox_x004608_y005632
Unknown_Sample,20260226_279_Gen_Alg_10_8_2_Colorado2025-greenBox.czi,Gen_alg,119.67,4794.0,6027.0,15,13,46.73,0.94,20260226_279_Gen_Alg_10_8_2_Colorado2025-greenBox_x004608_y005632
Unknown_Sample,20260226_279_Gen_Alg_10_8_2_Colorado2025-greenBox.czi,Gen_alg,739.16,5546.0,5859.0,35,35,116.67,0.959,20260226_279_Gen_Alg_10_8_2_Colorado2025-greenBox_x005120_y005632
Unknown_Sample,20260226_279_Gen_Alg_10_8_2_Colorado2025-greenBox.czi,Gen_alg,787.64,5337.0,6062.0,37,36,119.15,0.959,20260226_279_Gen_Alg_10_8_2_Colorado2025-greenBox_x005120_y005632
Unknown_Sample,20260226_279_Gen_Alg_10_8_2_Colorado2025-greenBox.czi,Gen_alg,397.86,5969.0,6169.0,27,25,85.94,0.953,20260226_279_Gen_Alg_10_8_2_Colorado2025-greenBox_x005632_y005632
Unknown_Sample,20260226_279_Gen_Alg_10_8_2_Colorado2025-greenBox.czi,Gen_alg,704.14,6255.0,6009.0,33,33,115.11,0.953,20260226_279_Gen_Alg_10_8_2_Colorado2025-greenBox_x005632_y005632
Unknown_Sample,20260226_279_Gen_Alg_10_8_2_Colorado2025-greenBox.czi,Gen_alg,738.0,6256.0,6009.0,36,33,115.25,0.964,20260226_279_Gen_Alg_10_8_2_Colorado2025-greenBox_x006144_y005632
Unknown_Sample,20260226_279_Gen_Alg_10_8_2_Colorado2025-greenBox.czi,Gen_alg,683.36,6458.0,6069.0,33,34,111.25,0.963,20260226_279_Gen_Alg_10_8_2_Colorado2025-greenBox_x006144_y005632
Unknown_Sample,20260226_279_Gen_Alg_10_8_2_Colorado2025-greenBox.czi,Gen_alg,846.89,6418.0,6082.0,37,38,123.15,0.962,20260226_279_Gen_Alg_10_8_2_Colorado2025-greenBox_x006144_y005632
Unknown_Sample,20260226_279_Gen_Alg_10_8_2_Colorado2025-greenBox.czi,Gen_alg,530.61,6513.0,6147.0,30,29,98.18,0.961,20260226_279_Gen_Alg_10_8_2_Colorado2025-greenBox_x006144_y005632
Unknown_Sample,20260226_279_Gen_Alg_10_8_2_Colorado2025-greenBox.czi,Gen_alg,738.77,6621.0,6231.0,36,34,116.08,0.959,20260226_279_Gen_Alg_10_8_2_Colorado2025-greenBox_x006144_y005632
Unknown_Sample,20260226_279_Gen_Alg_10_8_2_Colorado2025-greenBox.czi,Gen_alg,764.55,6563.0,5816.0,35,36,119.84,0.951,20260226_279_Gen_Alg_10_8_2_Colorado2025-greenBox_x006144_y005632
Unknown_Sample,20260226_279_Gen_Alg_10_8_2_Colorado2025-greenBox.czi,Gen_alg,682.59,6578.0,5852.0,34,33,112.43,0.947,20260226_279_Gen_Alg_10_8_2_Colorado2025-greenBox_x006144_y005632
Unknown_Sample,20260226_279_Gen_Alg_10_8_2_Colorado2025-greenBox.czi,Gen_alg,562.93,6402.0,5733.0,31,30,102.18,0.941,20260226_279_Gen_Alg_10_8_2_Colorado2025-greenBox_x006144_y005632
Unknown_Sample,20260226_279_Gen_Alg_10_8_2_Colorado2025-greenBox.czi,Gen_alg,962.33,6915.0,6121.0,41,39,131.98,0.963,20260226_279_Gen_Alg_10_8_2_Colorado2025-greenBox_x006656_y005632
Unknown_Sample,20260226_279_Gen_Alg_10_8_2_Colorado2025-greenBox.czi,Gen_alg,685.67,6956.0,5899.0,34,34,112.08,0.961,20260226_279_Gen_Alg_10_8_2_Colorado2025-greenBox_x006656_y005632
Unknown_Sample,20260226_279_Gen_Alg_10_8_2_Colorado2025-greenBox.czi,Gen_alg,696.45,6917.0,5970.0,34,34,113.25,0.96,20260226_279_Gen_Alg_10_8_2_Colorado2025-greenBox_x006656_y005632
Unknown_Sample,20260226_279_Gen_Alg_10_8_2_Colorado2025-greenBox.czi,Gen_alg,789.56,7189.0,5898.0,38,34,121.25,0.958,20260226_279_Gen_Alg_10_8_2_Colorado2025-greenBox_x006656_y005632
Unknown_Sample,20260226_279_Gen_Alg_10_8_2_Colorado2025-greenBox.czi,Gen_alg,321.29,7135.0,6263.0,32,17,85.21,0.897,20260226_279_Gen_Alg_10_8_2_Colorado2025-greenBox_x006656_y005632
Unknown_Sample,20260226_279_Gen_Alg_10_8_2_Colorado2025-greenBox.czi,Gen_alg,535.61,7745.0,5960.0,29,31,98.43,0.961,20260226_279_Gen_Alg_10_8_2_Colorado2025-greenBox_x007168_y005632
Unknown_Sample,20260226_279_Gen_Alg_10_8_2_Colorado2025-greenBox.czi,Gen_alg,702.99,7437.0,5791.0,33,35,113.84,0.961,20260226_279_Gen_Alg_10_8_2_Colorado2025-greenBox_x007168_y005632
Unknown_Sample,20260226_279_Gen_Alg_10_8_2_Colorado2025-greenBox.czi,Gen_alg,819.57,7603.0,6035.0,36,38,121.74,0.96,20260226_279_Gen_Alg_10_8_2_Colorado2025-greenBox_x007168_y005632
Unknown_Sample,20260226_279_Gen_Alg_10_8_2_Colorado2025-greenBox.czi,Gen_alg,676.05,7626.0,6223.0,33,34,111.84,0.959,20260226_279_Gen_Alg_10_8_2_Colorado2025-greenBox_x007168_y005632
Unknown_Sample,20260226_279_Gen_Alg_10_8_2_Colorado2025-greenBox.czi,Gen_alg,791.49,7189.0,5898.0,38,34,121.84,0.959,20260226_279_Gen_Alg_10_8_2_Colorado2025-greenBox_x007168_y005632
Unknown_Sample,20260226_279_Gen_Alg_10_8_2_Colorado2025-greenBox.czi,Gen_alg,701.45,7422.0,5751.0,34,34,113.84,0.948,20260226_279_Gen_Alg_10_8_2_Colorado2025-greenBox_x007168_y005632
Unknown_Sample,20260226_279_Gen_Alg_10_8_2_Colorado2025-greenBox.czi,Gen_alg,387.47,7478.0,5932.0,21,31,86.53,0.947,20260226_279_Gen_Alg_10_8_2_Colorado2025-greenBox_x007168_y005632
Unknown_Sample,20260226_279_Gen_Alg_10_8_2_Colorado2025-greenBox.czi,Gen_alg,764.94,8006.0,6167.0,36,36,118.91,0.963,20260226_279_Gen_Alg_10_8_2_Colorado2025-greenBox_x007680_y005632
Unknown_Sample,20260226_279_Gen_Alg_10_8_2_Colorado2025-greenBox.czi,Gen_alg,536.38,7745.0,5960.0,29,31,98.43,0.961,20260226_279_Gen_Alg_10_8_2_Colorado2025-greenBox_x007680_y005632
Unknown_Sample,20260226_279_Gen_Alg_10_8_2_Colorado2025-greenBox.czi,Gen_alg,581.01,8096.0,6230.0,31,31,102.43,0.961,20260226_279_Gen_Alg_10_8_2_Colorado2025-greenBox_x007680_y005632
Unknown_Sample,20260226_279_Gen_Alg_10_8_2_Colorado2025-greenBox.czi,Gen_alg,693.75,8212.0,5999.0,36,33,114.67,0.961,20260226_279_Gen_Alg_10_8_2_Colorado2025-greenBox_x007680_y005632
Unknown_Sample,20260226_279_Gen_Alg_10_8_2_Colorado2025-greenBox.czi,Gen_alg,712.22,8187.0,6096.0,36,33,114.67,0.96,20260226_279_Gen_Alg_10_8_2_Colorado2025-greenBox_x007680_y005632
Unknown_Sample,20260226_279_Gen_Alg_10_8_2_Colorado2025-greenBox.czi,Gen_alg,678.75,7879.0,5751.0,32,35,111.25,0.96,20260226_279_Gen_Alg_10_8_2_Colorado2025-greenBox_x007680_y005632
Unknown_Sample,20260226_279_Gen_Alg_10_8_2_Colorado2025-greenBox.czi,Gen_alg,558.31,8190.0,6139.0,28,33,101.01,0.959,20260226_279_Gen_Alg_10_8_2_Colorado2025-greenBox_x007680_y005632
Unknown_Sample,20260226_279_Gen_Alg_10_8_2_Colorado2025-greenBox.czi,Gen_alg,691.83,8302.0,5805.0,33,33,113.94,0.948,20260226_279_Gen_Alg_10_8_2_Colorado2025-greenBox_x007680_y005632
Unknown_Sample,20260226_279_Gen_Alg_10_8_2_Colorado2025-greenBox.czi,Gen_alg,303.97,7913.0,5916.0,27,19,77.46,0.946,20260226_279_Gen_Alg_10_8_2_Colorado2025-greenBox_x007680_y005632
Unknown_Sample,20260226_279_Gen_Alg_10_8_2_Colorado2025-greenBox.czi,Gen_alg,814.57,8506.0,6220.0,37,37,123.5,0.968,20260226_279_Gen_Alg_10_8_2_Colorado2025-greenBox_x008192_y005632
Unknown_Sample,20260226_279_Gen_Alg_10_8_2_Colorado2025-greenBox.czi,Gen_alg,761.86,8477.0,5775.0,35,36,118.08,0.965,20260226_279_Gen_Alg_10_8_2_Colorado2025-greenBox_x008192_y005632
Unknown_Sample,20260226_279_Gen_Alg_10_8_2_Colorado2025-greenBox.czi,Gen_alg,654.89,8797.0,5737.0,33,32,108.43,0.96,20260226_279_Gen_Alg_10_8_2_Colorado2025-greenBox_x008192_y005632
Unknown_Sample,20260226_279_Gen_Alg_10_8_2_Colorado2025-greenBox.czi,Gen_alg,697.6,8212.0,5999.0,36,33,114.67,0.96,20260226_279_Gen_Alg_10_8_2_Colorado2025-greenBox_x008192_y005632
Unknown_Sample,20260226_279_Gen_Alg_10_8_2_Colorado2025-greenBox.czi,Gen_alg,697.22,8303.0,5805.0,34,33,113.6,0.958,20260226_279_Gen_Alg_10_8_2_Colorado2025-greenBox_x008192_y005632
Unknown_Sample,20260226_279_Gen_Alg_10_8_2_Colorado2025-greenBox.czi,Gen_alg,841.51,8523.0,6092.0,35,40,125.5,0.958,20260226_279_Gen_Alg_10_8_2_Colorado2025-greenBox_x008192_y005632
Unknown_Sample,20260226_279_Gen_Alg_10_8_2_Colorado2025-greenBox.czi,Gen_alg,245.49,8197.0,6139.0,13,33,80.97,0.939,20260226_279_Gen_Alg_10_8_2_Colorado2025-greenBox_x008192_y005632
Unknown_Sample,20260226_279_Gen_Alg_10_8_2_Colorado2025-greenBox.czi,Gen_alg,247.8,8197.0,6095.0,15,32,79.46,0.938,20260226_279_Gen_Alg_10_8_2_Colorado2025-greenBox_x008192_y005632
Unknown_Sample,20260226_279_Gen_Alg_10_8_2_Colorado2025-greenBox.czi,Gen_alg,654.89,8797.0,5737.0,33,32,108.43,0.961,20260226_279_Gen_Alg_10_8_2_Colorado2025-greenBox_x008704_y005632
Unknown_Sample,20260226_279_Gen_Alg_10_8_2_Colorado2025-greenBox.czi,Gen_alg,374.77,9321.0,6150.0,21,30,86.28,0.948,20260226_279_Gen_Alg_10_8_2_Colorado2025-greenBox_x008704_y005632
Unknown_Sample,20260226_279_Gen_Alg_10_8_2_Colorado2025-greenBox.czi,Gen_alg,822.65,9465.0,6180.0,37,37,122.91,0.962,20260226_279_Gen_Alg_10_8_2_Colorado2025-greenBox_x009216_y005632
Unknown_Sample,20260226_279_Gen_Alg_10_8_2_Colorado2025-greenBox.czi,Gen_alg,561.39,9572.0,5643.0,33,27,104.87,0.962,20260226_279_Gen_Alg_10_8_2_Colorado2025-greenBox_x009216_y005632
Unknown_Sample,20260226_279_Gen_Alg_10_8_2_Colorado2025-greenBox.czi,Gen_alg,547.54,9757.0,5876.0,31,28,99.36,0.962,20260226_279_Gen_Alg_10_8_2_Colorado2025-greenBox_x009216_y005632
Unknown_Sample,20260226_279_Gen_Alg_10_8_2_Colorado2025-greenBox.czi,Gen_alg,674.13,9631.0,6056.0,33,34,111.25,0.961,20260226_279_Gen_Alg_10_8_2_Colorado2025-greenBox_x009216_y005632
Unknown_Sample,20260226_279_Gen_Alg_10_8_2_Colorado2025-greenBox.czi,Gen_alg,615.64,9769.0,5977.0,32,31,106.77,0.961,20260226_279_Gen_Alg_10_8_2_Colorado2025-greenBox_x009216_y005632
Unknown_Sample,20260226_279_Gen_Alg_10_8_2_Colorado2025-greenBox.czi,Gen_alg,622.57,9821.0,6079.0,32,32,107.6,0.959,20260226_279_Gen_Alg_10_8_2_Colorado2025-greenBox_x009216_y005632
Unknown_Sample,20260226_279_Gen_Alg_10_8_2_Colorado2025-greenBox.czi,Gen_alg,662.59,9636.0,5710.0,34,32,111.6,0.959,20260226_279_Gen_Alg_10_8_2_Colorado2025-greenBox_x009216_y005632
Unknown_Sample,20260226_279_Gen_Alg_10_8_2_Colorado2025-greenBox.czi,Gen_alg,371.31,9321.0,6150.0,20,30,84.87,0.949,20260226_279_Gen_Alg_10_8_2_Colorado2025-greenBox_x009216_y005632
Unknown_Sample,20260226_279_Gen_Alg_10_8_2_Colorado2025-greenBox.czi,Gen_alg,415.17,9637.0,5900.0,26,28,89.36,0.933,20260226_279_Gen_Alg_10_8_2_Colorado2025-greenBox_x009216_y005632
Unknown_Sample,20260226_279_Gen_Alg_10_8_2_Colorado2025-greenBox.czi,Gen_alg,606.79,9659.0,5922.0,33,31,104.67,0.923,20260226_279_Gen_Alg_10_8_2_Colorado2025-greenBox_x009216_y005632
Unknown_Sample,20260226_279_Gen_Alg_10_8_2_Colorado2025-greenBox.czi,Gen_alg,784.94,10124.0,6016.0,36,36,118.91,0.962,20260226_279_Gen_Alg_10_8_2_Colorado2025-greenBox_x009728_y005632
Unknown_Sample,20260226_279_Gen_Alg_10_8_2_Colorado2025-greenBox.czi,Gen_alg,558.31,9757.0,5876.0,31,29,101.36,0.962,20260226_279_Gen_Alg_10_8_2_Colorado2025-greenBox_x009728_y005632
Unknown_Sample,20260226_279_Gen_Alg_10_8_2_Colorado2025-greenBox.czi,Gen_alg,698.37,10141.0,6121.0,34,34,113.84,0.962,20260226_279_Gen_Alg_10_8_2_Colorado2025-greenBox_x009728_y005632
Unknown_Sample,20260226_279_Gen_Alg_10_8_2_Colorado2025-greenBox.czi,Gen_alg,546.0,10008.0,6139.0,30,30,100.18,0.961,20260226_279_Gen_Alg_10_8_2_Colorado2025-greenBox_x009728_y005632
Unknown_Sample,20260226_279_Gen_Alg_10_8_2_Colorado2025-greenBox.czi,Gen_alg,660.66,10025.0,6099.0,34,32,108.67,0.961,20260226_279_Gen_Alg_10_8_2_Colorado2025-greenBox_x009728_y005632
Unknown_Sample,20260226_279_Gen_Alg_10_8_2_Colorado2025-greenBox.czi,Gen_alg,616.41,9769.0,5977.0,32,31,106.77,0.961,20260226_279_Gen_Alg_10_8_2_Colorado2025-greenBox_x009728_y005632
Unknown_Sample,20260226_279_Gen_Alg_10_8_2_Colorado2025-greenBox.czi,Gen_alg,623.34,9821.0,6079.0,32,32,107.6,0.959,20260226_279_Gen_Alg_10_8_2_Colorado2025-greenBox_x009728_y005632
Unknown_Sample,20260226_279_Gen_Alg_10_8_2_Colorado2025-greenBox.czi,Gen_alg,778.02,10826.0,5837.0,34,36,118.43,0.963,20260226_279_Gen_Alg_10_8_2_Colorado2025-greenBox_x010240_y005632
Unknown_Sample,20260226_279_Gen_Alg_10_8_2_Colorado2025-greenBox.czi,Gen_alg,599.87,10541.0,6058.0,32,31,105.01,0.962,20260226_279_Gen_Alg_10_8_2_Colorado2025-greenBox_x010240_y005632
Unknown_Sample,20260226_279_Gen_Alg_10_8_2_Colorado2025-greenBox.czi,Gen_alg,640.27,10709.0,5720.0,31,35,109.25,0.96,20260226_279_Gen_Alg_10_8_2_Colorado2025-greenBox_x010240_y005632
Unknown_Sample,20260226_279_Gen_Alg_10_8_2_Colorado2025-greenBox.czi,Gen_alg,669.51,10555.0,5982.0,34,32,110.43,0.96,20260226_279_Gen_Alg_10_8_2_Colorado2025-greenBox_x010240_y005632
Unknown_Sample,20260226_279_Gen_Alg_10_8_2_Colorado2025-greenBox.czi,Gen_alg,689.14,10385.0,6046.0,35,33,112.67,0.96,20260226_279_Gen_Alg_10_8_2_Colorado2025-greenBox_x010240_y005632
Unknown_Sample,20260226_279_Gen_Alg_10_8_2_Colorado2025-greenBox.czi,Gen_alg,778.02,10826.0,5837.0,34,36,118.43,0.964,20260226_279_Gen_Alg_10_8_2_Colorado2025-greenBox_x010752_y005632
Unknown_Sample,20260226_279_Gen_Alg_10_8_2_Colorado2025-greenBox.czi,Gen_alg,627.19,11006.0,5976.0,32,32,106.43,0.962,20260226_279_Gen_Alg_10_8_2_Colorado2025-greenBox_x010752_y005632
Unknown_Sample,20260226_279_Gen_Alg_10_8_2_Colorado2025-greenBox.czi,Gen_alg,756.86,11178.0,6087.0,36,36,117.15,0.961,20260226_279_Gen_Alg_10_8_2_Colorado2025-greenBox_x010752_y005632
Unknown_Sample,20260226_279_Gen_Alg_10_8_2_Colorado2025-greenBox.czi,Gen_alg,607.56,11081.0,5701.0,30,34,105.84,0.96,20260226_279_Gen_Alg_10_8_2_Colorado2025-greenBox_x010752_y005632
Unknown_Sample,20260226_279_Gen_Alg_10_8_2_Colorado2025-greenBox.czi,Gen_alg,598.33,10992.0,6105.0,31,32,103.84,0.958,20260226_279_Gen_Alg_10_8_2_Colorado2025-greenBox_x010752_y005632
Unknown_Sample,20260226_279_Gen_Alg_10_8_2_Colorado2025-greenBox.czi,Gen_alg,585.63,11182.0,5696.0,31,32,104.43,0.958,20260226_279_Gen_Alg_10_8_2_Colorado2025-greenBox_x010752_y005632
Unknown_Sample,20260226_279_Gen_Alg_10_8_2_Colorado2025-greenBox.czi,Gen_alg,408.25,10920.0,6017.0,25,29,88.18,0.951,20260226_279_Gen_Alg_10_8_2_Colorado2025-greenBox_x010752_y005632
Unknown_Sample,20260226_279_Gen_Alg_10_8_2_Colorado2025-greenBox.czi,Gen_alg,317.44,11041.0,6208.0,26,20,79.21,0.947,20260226_279_Gen_Alg_10_8_2_Colorado2025-greenBox_x010752_y005632
Unknown_Sample,20260226_279_Gen_Alg_10_8_2_Colorado2025-greenBox.czi,Gen_alg,452.88,11323.0,6262.0,35,21,98.04,0.929,20260226_279_Gen_Alg_10_8_2_Colorado2025-greenBox_x010752_y005632
Unknown_Sample,20260226_279_Gen_Alg_10_8_2_Colorado2025-greenBox.czi,Gen_alg,612.18,11803.0,5663.0,31,32,105.01,0.963,20260226_279_Gen_Alg_10_8_2_Colorado2025-greenBox_x011264_y005632
Unknown_Sample,20260226_279_Gen_Alg_10_8_2_Colorado2025-greenBox.czi,Gen_alg,756.86,11619.0,5941.0,34,36,116.67,0.962,20260226_279_Gen_Alg_10_8_2_Colorado2025-greenBox_x011264_y005632
Unknown_Sample,20260226_279_Gen_Alg_10_8_2_Colorado2025-greenBox.czi,Gen_alg,623.34,11604.0,5901.0,32,32,106.43,0.961,20260226_279_Gen_Alg_10_8_2_Colorado2025-greenBox_x011264_y005632
Unknown_Sample,20260226_279_Gen_Alg_10_8_2_Colorado2025-greenBox.czi,Gen_alg,708.37,11609.0,5664.0,33,36,114.67,0.96,20260226_279_Gen_Alg_10_8_2_Colorado2025-greenBox_x011264_y005632
Unknown_Sample,20260226_279_Gen_Alg_10_8_2_Colorado2025-greenBox.czi,Gen_alg,562.54,11873.0,6145.0,31,30,102.77,0.96,20260226_279_Gen_Alg_10_8_2_Colorado2025-greenBox_x011264_y005632
Unknown_Sample,20260226_279_Gen_Alg_10_8_2_Colorado2025-greenBox.czi,Gen_alg,652.58,11759.0,5787.0,33,33,109.25,0.96,20260226_279_Gen_Alg_10_8_2_Colorado2025-greenBox_x011264_y005632
Unknown_Sample,20260226_279_Gen_Alg_10_8_2_Colorado2025-greenBox.czi,Gen_alg,452.88,11323.0,6262.0,35,21,98.04,0.93,20260226_279_Gen_Alg_10_8_2_Colorado2025-greenBox_x011264_y005632
Unknown_Sample,20260226_279_Gen_Alg_10_8_2_Colorado2025-greenBox.czi,Gen_alg,95.04,11764.0,5727.0,12,13,41.9,0.926,20260226_279_Gen_Alg_10_8_2_Colorado2025-greenBox_x011264_y005632
Unknown_Sample,20260226_279_Gen_Alg_10_8_2_Colorado2025-greenBox.czi,Gen_alg,206.24,11674.0,6266.0,34,12,78.63,0.884,20260226_279_Gen_Alg_10_8_2_Colorado2025-greenBox_x011264_y005632
Unknown_Sample,20260226_279_Gen_Alg_10_8_2_Colorado2025-greenBox.czi,Gen_alg,894.22,12341.0,5918.0,39,38,126.57,0.962,20260226_279_Gen_Alg_10_8_2_Colorado2025-greenBox_x011776_y005632
Unknown_Sample,20260226_279_Gen_Alg_10_8_2_Colorado2025-greenBox.czi,Gen_alg,613.72,11803.0,5663.0,31,32,106.18,0.962,20260226_279_Gen_Alg_10_8_2_Colorado2025-greenBox_x011776_y005632
Unknown_Sample,20260226_279_Gen_Alg_10_8_2_Colorado2025-greenBox.czi,Gen_alg,802.26,11931.0,6215.0,36,37,121.5,0.961,20260226_279_Gen_Alg_10_8_2_Colorado2025-greenBox_x011776_y005632
Unknown_Sample,20260226_279_Gen_Alg_10_8_2_Colorado2025-greenBox.czi,Gen_alg,561.77,11873.0,6145.0,31,30,102.77,0.961,20260226_279_Gen_Alg_10_8_2_Colorado2025-greenBox_x011776_y005632
Unknown_Sample,20260226_279_Gen_Alg_10_8_2_Colorado2025-greenBox.czi,Gen_alg,528.68,12360.0,5793.0,29,29,97.94,0.959,20260226_279_Gen_Alg_10_8_2_Colorado2025-greenBox_x011776_y005632
Unknown_Sample,20260226_279_Gen_Alg_10_8_2_Colorado2025-greenBox.czi,Gen_alg,893.84,12341.0,5918.0,39,38,125.98,0.962,20260226_279_Gen_Alg_10_8_2_Colorado2025-greenBox_x012288_y005632
Unknown_Sample,20260226_279_Gen_Alg_10_8_2_Colorado2025-greenBox.czi,Gen_alg,560.23,12460.0,5989.0,31,30,100.43,0.962,20260226_279_Gen_Alg_10_8_2_Colorado2025-greenBox_x012288_y005632
Unknown_Sample,20260226_279_Gen_Alg_10_8_2_Colorado2025-greenBox.czi,Gen_alg,659.89,12501.0,5760.0,34,32,109.84,0.962,20260226_279_Gen_Alg_10_8_2_Colorado2025-greenBox_x012288_y005632
Unknown_Sample,20260226_279_Gen_Alg_10_8_2_Colorado2025-greenBox.czi,Gen_alg,677.21,12781.0,6212.0,34,33,110.08,0.961,20260226_279_Gen_Alg_10_8_2_Colorado2025-greenBox_x012288_y005632
Unknown_Sample,20260226_279_Gen_Alg_10_8_2_Colorado2025-greenBox.czi,Gen_alg,719.15,12707.0,6202.0,34,35,114.67,0.96,20260226_279_Gen_Alg_10_8_2_Colorado2025-greenBox_x012288_y005632
Unknown_Sample,20260226_279_Gen_Alg_10_8_2_Colorado2025-greenBox.czi,Gen_alg,528.68,12360.0,5793.0,29,29,97.94,0.959,20260226_279_Gen_Alg_10_8_2_Colorado2025-greenBox_x012288_y005632
Unknown_Sample,20260226_279_Gen_Alg_10_8_2_Colorado2025-greenBox.czi,Gen_alg,461.73,12588.0,5878.0,27,28,91.94,0.956,20260226_279_Gen_Alg_10_8_2_Colorado2025-greenBox_x012288_y005632
Unknown_Sample,20260226_279_Gen_Alg_10_8_2_Colorado2025-greenBox.czi,Gen_alg,313.21,12419.0,5909.0,26,23,81.11,0.943,20260226_279_Gen_Alg_10_8_2_Colorado2025-greenBox_x012288_y005632
Unknown_Sample,20260226_279_Gen_Alg_10_8_2_Colorado2025-greenBox.czi,Gen_alg,670.67,13110.0,5883.0,34,32,109.84,0.963,20260226_279_Gen_Alg_10_8_2_Colorado2025-greenBox_x012800_y005632
Unknown_Sample,20260226_279_Gen_Alg_10_8_2_Colorado2025-greenBox.czi,Gen_alg,704.14,13330.0,5841.0,34,35,112.91,0.959,20260226_279_Gen_Alg_10_8_2_Colorado2025-greenBox_x012800_y005632
Unknown_Sample,20260226_279_Gen_Alg_10_8_2_Colorado2025-greenBox.czi,Gen_alg,278.19,13066.0,5644.0,26,17,74.38,0.937,20260226_279_Gen_Alg_10_8_2_Colorado2025-greenBox_x012800_y005632
Unknown_Sample,20260226_279_Gen_Alg_10_8_2_Colorado2025-greenBox.czi,Gen_alg,745.31,13483.0,5667.0,35,36,116.33,0.961,20260226_279_Gen_Alg_10_8_2_Colorado2025-greenBox_x013312_y005632
Unknown_Sample,20260226_279_Gen_Alg_10_8_2_Colorado2025-greenBox.czi,Gen_alg,707.6,13330.0,5841.0,34,35,113.5,0.958,20260226_279_Gen_Alg_10_8_2_Colorado2025-greenBox_x013312_y005632
Unknown_Sample,20260226_279_Gen_Alg_10_8_2_Colorado2025-greenBox.czi,Gen_alg,142.37,13946.0,6214.0,10,25,60.14,0.876,20260226_279_Gen_Alg_10_8_2_Colorado2025-greenBox_x013312_y005632
Unknown_Sample,20260226_279_Gen_Alg_10_8_2_Colorado2025-greenBox.czi,Gen_alg,416.33,13954.0,6214.0,26,25,86.28,0.957,20260226_279_Gen_Alg_10_8_2_Colorado2025-greenBox_x013824_y005632
Unknown_Sample,20260226_279_Gen_Alg_10_8_2_Colorado2025-greenBox.czi,Gen_alg,265.5,14090.0,6264.0,28,16,76.97,0.901,20260226_279_Gen_Alg_10_8_2_Colorado2025-greenBox_x013824_y005632
Unknown_Sample,20260226_279_Gen_Alg_10_8_2_Colorado2025-greenBox.czi,Gen_alg,587.17,14579.0,5825.0,31,31,102.43,0.961,20260226_279_Gen_Alg_10_8_2_Colorado2025-greenBox_x014336_y005632
Unknown_Sample,20260226_279_Gen_Alg_10_8_2_Colorado2025-greenBox.czi,Gen_alg,550.62,14761.0,6013.0,29,31,100.18,0.958,20260226_279_Gen_Alg_10_8_2_Colorado2025-greenBox_x014336_y005632
Unknown_Sample,20260226_279_Gen_Alg_10_8_2_Colorado2025-greenBox.czi,Gen_alg,686.83,14598.0,5668.0,33,34,111.84,0.958,20260226_279_Gen_Alg_10_8_2_Colorado2025-greenBox_x014336_y005632
Unknown_Sample,20260226_279_Gen_Alg_10_8_2_Colorado2025-greenBox.czi,Gen_alg,781.48,14836.0,5806.0,37,37,118.81,0.957,20260226_279_Gen_Alg_10_8_2_Colorado2025-greenBox_x014336_y005632
Unknown_Sample,20260226_279_Gen_Alg_10_8_2_Colorado2025-greenBox.czi,Gen_alg,437.49,14623.0,6074.0,27,27,89.36,0.95,20260226_279_Gen_Alg_10_8_2_Colorado2025-greenBox_x014336_y005632
Unknown_Sample,20260226_279_Gen_Alg_10_8_2_Colorado2025-greenBox.czi,Gen_alg,206.24,14969.0,6190.0,13,29,71.8,0.875,20260226_279_Gen_Alg_10_8_2_Colorado2025-greenBox_x014336_y005632
Unknown_Sample,20260226_279_Gen_Alg_10_8_2_Colorado2025-greenBox.czi,Gen_alg,889.6,15303.0,6229.0,38,38,126.91,0.965,20260226_279_Gen_Alg_10_8_2_Colorado2025-greenBox_x014848_y005632
Unknown_Sample,20260226_279_Gen_Alg_10_8_2_Colorado2025-greenBox.czi,Gen_alg,561.77,15345.0,5997.0,31,29,100.77,0.957,20260226_279_Gen_Alg_10_8_2_Colorado2025-greenBox_x014848_y005632
Unknown_Sample,20260226_279_Gen_Alg_10_8_2_Colorado2025-greenBox.czi,Gen_alg,567.16,14977.0,6191.0,30,32,102.43,0.953,20260226_279_Gen_Alg_10_8_2_Colorado2025-greenBox_x014848_y005632
Unknown_Sample,20260226_279_Gen_Alg_10_8_2_Colorado2025-greenBox.czi,Gen_alg,556.39,15264.0,6255.0,30,30,100.77,0.95,20260226_279_Gen_Alg_10_8_2_Colorado2025-greenBox_x014848_y005632
Unknown_Sample,20260226_279_Gen_Alg_10_8_2_Colorado2025-greenBox.czi,Gen_alg,364.0,15099.0,5731.0,26,24,83.11,0.944,20260226_279_Gen_Alg_10_8_2_Colorado2025-greenBox_x014848_y005632
Unknown_Sample,20260226_279_Gen_Alg_10_8_2_Colorado2025-greenBox.czi,Gen_alg,273.19,15329.0,6264.0,30,16,79.8,0.892,20260226_279_Gen_Alg_10_8_2_Colorado2025-greenBox_x014848_y005632
Unknown_Sample,20260226_279_Gen_Alg_10_8_2_Colorado2025-greenBox.czi,Gen_alg,728.0,15610.0,6050.0,36,33,114.08,0.946,20260226_279_Gen_Alg_10_8_2_Colorado2025-greenBox_x015360_y005632
Unknown_Sample,20260226_279_Gen_Alg_10_8_2_Colorado2025-greenBox.czi,Gen_alg,821.5,15566.0,6064.0,36,37,122.67,0.945,20260226_279_Gen_Alg_10_8_2_Colorado2025-greenBox_x015360_y005632
Unknown_Sample,20260226_279_Gen_Alg_10_8_2_Colorado2025-greenBox.czi,Gen_alg,693.75,16382.0,5665.0,33,35,112.67,0.949,20260226_279_Gen_Alg_10_8_2_Colorado2025-greenBox_x015872_y005632
Unknown_Sample,20260226_279_Gen_Alg_10_8_2_Colorado2025-greenBox.czi,Gen_alg,711.07,16327.0,5794.0,33,35,114.43,0.944,20260226_279_Gen_Alg_10_8_2_Colorado2025-greenBox_x015872_y005632
Unknown_Sample,20260226_279_Gen_Alg_10_8_2_Colorado2025-greenBox.czi,Gen_alg,686.83,16152.0,6197.0,33,35,112.67,0.941,20260226_279_Gen_Alg_10_8_2_Colorado2025-greenBox_x015872_y005632
Unknown_Sample,20260226_279_Gen_Alg_10_8_2_Colorado2025-greenBox.czi,Gen_alg,827.27,16486.0,5828.0,40,34,122.91,0.94,20260226_279_Gen_Alg_10_8_2_Colorado2025-greenBox_x015872_y005632
Unknown_Sample,20260226_279_Gen_Alg_10_8_2_Colorado2025-greenBox.czi,Gen_alg,797.26,16242.0,6085.0,34,38,120.08,0.934,20260226_279_Gen_Alg_10_8_2_Colorado2025-greenBox_x015872_y005632
Unknown_Sample,20260226_279_Gen_Alg_10_8_2_Colorado2025-greenBox.czi,Gen_alg,247.03,16373.0,6265.0,30,14,76.97,0.84,20260226_279_Gen_Alg_10_8_2_Colorado2025-greenBox_x015872_y005632
Unknown_Sample,20260226_279_Gen_Alg_10_8_2_Colorado2025-greenBox.czi,Gen_alg,66.18,16370.0,5867.0,11,10,38.83,0.577,20260226_279_Gen_Alg_10_8_2_Colorado2025-greenBox_x015872_y005632
Unknown_Sample,20260226_279_Gen_Alg_10_8_2_Colorado2025-greenBox.czi,Gen_alg,843.05,16486.0,5828.0,41,34,125.5,0.951,20260226_279_Gen_Alg_10_8_2_Colorado2025-greenBox_x016384_y005632
Unknown_Sample,20260226_279_Gen_Alg_10_8_2_Colorado2025-greenBox.czi,Gen_alg,307.05,16390.0,5665.0,15,35,86.63,0.919,20260226_279_Gen_Alg_10_8_2_Colorado2025-greenBox_x016384_y005632
Unknown_Sample,20260226_279_Gen_Alg_10_8_2_Colorado2025-greenBox.czi,Gen_alg,603.71,597.0,6763.0,31,32,106.18,0.941,20260226_279_Gen_Alg_10_8_2_Colorado2025-greenBox_x000000_y006144
Unknown_Sample,20260226_279_Gen_Alg_10_8_2_Colorado2025-greenBox.czi,Gen_alg,630.65,675.0,6383.0,32,32,105.84,0.961,20260226_279_Gen_Alg_10_8_2_Colorado2025-greenBox_x000512_y006144
Unknown_Sample,20260226_279_Gen_Alg_10_8_2_Colorado2025-greenBox.czi,Gen_alg,549.08,597.0,6763.0,29,31,100.18,0.955,20260226_279_Gen_Alg_10_8_2_Colorado2025-greenBox_x000512_y006144
Unknown_Sample,20260226_279_Gen_Alg_10_8_2_Colorado2025-greenBox.czi,Gen_alg,794.18,1382.0,6209.0,37,35,120.08,0.965,20260226_279_Gen_Alg_10_8_2_Colorado2025-greenBox_x001024_y006144
Unknown_Sample,20260226_279_Gen_Alg_10_8_2_Colorado2025-greenBox.czi,Gen_alg,744.54,1570.0,6669.0,35,36,116.33,0.961,20260226_279_Gen_Alg_10_8_2_Colorado2025-greenBox_x001024_y006144
Unknown_Sample,20260226_279_Gen_Alg_10_8_2_Colorado2025-greenBox.czi,Gen_alg,731.08,1389.0,6313.0,35,34,115.25,0.96,20260226_279_Gen_Alg_10_8_2_Colorado2025-greenBox_x001024_y006144
Unknown_Sample,20260226_279_Gen_Alg_10_8_2_Colorado2025-greenBox.czi,Gen_alg,615.26,1256.0,6179.0,31,32,105.01,0.96,20260226_279_Gen_Alg_10_8_2_Colorado2025-greenBox_x001024_y006144
Unknown_Sample,20260226_279_Gen_Alg_10_8_2_Colorado2025-greenBox.czi,Gen_alg,703.37,1199.0,6206.0,34,34,113.25,0.959,20260226_279_Gen_Alg_10_8_2_Colorado2025-greenBox_x001024_y006144
Unknown_Sample,20260226_279_Gen_Alg_10_8_2_Colorado2025-greenBox.czi,Gen_alg,671.82,1587.0,6539.0,33,34,111.25,0.959,20260226_279_Gen_Alg_10_8_2_Colorado2025-greenBox_x001024_y006144
Unknown_Sample,20260226_279_Gen_Alg_10_8_2_Colorado2025-greenBox.czi,Gen_alg,649.5,1344.0,6742.0,33,32,107.25,0.958,20260226_279_Gen_Alg_10_8_2_Colorado2025-greenBox_x001024_y006144
Unknown_Sample,20260226_279_Gen_Alg_10_8_2_Colorado2025-greenBox.czi,Gen_alg,704.91,1453.0,6161.0,34,35,115.25,0.957,20260226_279_Gen_Alg_10_8_2_Colorado2025-greenBox_x001024_y006144
Unknown_Sample,20260226_279_Gen_Alg_10_8_2_Colorado2025-greenBox.czi,Gen_alg,503.29,1276.0,6367.0,29,28,95.94,0.957,20260226_279_Gen_Alg_10_8_2_Colorado2025-greenBox_x001024_y006144
Unknown_Sample,20260226_279_Gen_Alg_10_8_2_Colorado2025-greenBox.czi,Gen_alg,308.98,1414.0,6173.0,26,22,78.53,0.936,20260226_279_Gen_Alg_10_8_2_Colorado2025-greenBox_x001024_y006144
Unknown_Sample,20260226_279_Gen_Alg_10_8_2_Colorado2025-greenBox.czi,Gen_alg,878.83,1977.0,6669.0,37,39,128.08,0.962,20260226_279_Gen_Alg_10_8_2_Colorado2025-greenBox_x001536_y006144
Unknown_Sample,20260226_279_Gen_Alg_10_8_2_Colorado2025-greenBox.czi,Gen_alg,744.54,1570.0,6669.0,35,36,116.33,0.96,20260226_279_Gen_Alg_10_8_2_Colorado2025-greenBox_x001536_y006144
Unknown_Sample,20260226_279_Gen_Alg_10_8_2_Colorado2025-greenBox.czi,Gen_alg,718.76,1760.0,6305.0,34,34,114.43,0.96,20260226_279_Gen_Alg_10_8_2_Colorado2025-greenBox_x001536_y006144
Unknown_Sample,20260226_279_Gen_Alg_10_8_2_Colorado2025-greenBox.czi,Gen_alg,844.58,2013.0,6590.0,39,36,124.33,0.96,20260226_279_Gen_Alg_10_8_2_Colorado2025-greenBox_x001536_y006144
Unknown_Sample,20260226_279_Gen_Alg_10_8_2_Colorado2025-greenBox.czi,Gen_alg,672.59,1587.0,6539.0,33,34,112.43,0.959,20260226_279_Gen_Alg_10_8_2_Colorado2025-greenBox_x001536_y006144
Unknown_Sample,20260226_279_Gen_Alg_10_8_2_Colorado2025-greenBox.czi,Gen_alg,765.71,1754.0,6228.0,35,36,116.91,0.957,20260226_279_Gen_Alg_10_8_2_Colorado2025-greenBox_x001536_y006144
Unknown_Sample,20260226_279_Gen_Alg_10_8_2_Colorado2025-greenBox.czi,Gen_alg,730.69,1771.0,6268.0,34,35,115.84,0.953,20260226_279_Gen_Alg_10_8_2_Colorado2025-greenBox_x001536_y006144
Unknown_Sample,20260226_279_Gen_Alg_10_8_2_Colorado2025-greenBox.czi,Gen_alg,228.17,2105.0,6149.0,32,13,77.21,0.94,20260226_279_Gen_Alg_10_8_2_Colorado2025-greenBox_x001536_y006144
Unknown_Sample,20260226_279_Gen_Alg_10_8_2_Colorado2025-greenBox.czi,Gen_alg,723.77,2549.0,6615.0,34,35,115.84,0.963,20260226_279_Gen_Alg_10_8_2_Colorado2025-greenBox_x002048_y006144
Unknown_Sample,20260226_279_Gen_Alg_10_8_2_Colorado2025-greenBox.czi,Gen_alg,812.65,2254.0,6324.0,36,37,120.91,0.961,20260226_279_Gen_Alg_10_8_2_Colorado2025-greenBox_x002048_y006144
Unknown_Sample,20260226_279_Gen_Alg_10_8_2_Colorado2025-greenBox.czi,Gen_alg,778.79,2518.0,6533.0,36,36,118.91,0.96,20260226_279_Gen_Alg_10_8_2_Colorado2025-greenBox_x002048_y006144
Unknown_Sample,20260226_279_Gen_Alg_10_8_2_Colorado2025-greenBox.czi,Gen_alg,227.4,2105.0,6149.0,32,13,77.21,0.94,20260226_279_Gen_Alg_10_8_2_Colorado2025-greenBox_x002048_y006144
Unknown_Sample,20260226_279_Gen_Alg_10_8_2_Colorado2025-greenBox.czi,Gen_alg,773.02,3051.0,6554.0,36,35,119.84,0.96,20260226_279_Gen_Alg_10_8_2_Colorado2025-greenBox_x002560_y006144
Unknown_Sample,20260226_279_Gen_Alg_10_8_2_Colorado2025-greenBox.czi,Gen_alg,718.38,2916.0,6725.0,34,35,113.5,0.959,20260226_279_Gen_Alg_10_8_2_Colorado2025-greenBox_x002560_y006144
Unknown_Sample,20260226_279_Gen_Alg_10_8_2_Colorado2025-greenBox.czi,Gen_alg,700.29,2827.0,6668.0,34,34,114.43,0.957,20260226_279_Gen_Alg_10_8_2_Colorado2025-greenBox_x002560_y006144
Unknown_Sample,20260226_279_Gen_Alg_10_8_2_Colorado2025-greenBox.czi,Gen_alg,682.59,3163.0,6393.0,31,37,112.08,0.957,20260226_279_Gen_Alg_10_8_2_Colorado2025-greenBox_x002560_y006144
Unknown_Sample,20260226_279_Gen_Alg_10_8_2_Colorado2025-greenBox.czi,Gen_alg,781.1,3307.0,6277.0,35,36,118.08,0.963,20260226_279_Gen_Alg_10_8_2_Colorado2025-greenBox_x003072_y006144
Unknown_Sample,20260226_279_Gen_Alg_10_8_2_Colorado2025-greenBox.czi,Gen_alg,582.55,3252.0,6427.0,32,30,102.43,0.962,20260226_279_Gen_Alg_10_8_2_Colorado2025-greenBox_x003072_y006144
Unknown_Sample,20260226_279_Gen_Alg_10_8_2_Colorado2025-greenBox.czi,Gen_alg,812.65,3226.0,6162.0,35,38,122.08,0.962,20260226_279_Gen_Alg_10_8_2_Colorado2025-greenBox_x003072_y006144
Unknown_Sample,20260226_279_Gen_Alg_10_8_2_Colorado2025-greenBox.czi,Gen_alg,723.77,3361.0,6452.0,35,35,117.84,0.959,20260226_279_Gen_Alg_10_8_2_Colorado2025-greenBox_x003072_y006144
Unknown_Sample,20260226_279_Gen_Alg_10_8_2_Colorado2025-greenBox.czi,Gen_alg,682.59,3163.0,6393.0,31,37,112.08,0.958,20260226_279_Gen_Alg_10_8_2_Colorado2025-greenBox_x003072_y006144
Unknown_Sample,20260226_279_Gen_Alg_10_8_2_Colorado2025-greenBox.czi,Gen_alg,821.88,3302.0,6512.0,37,38,122.57,0.957,20260226_279_Gen_Alg_10_8_2_Colorado2025-greenBox_x003072_y006144
Unknown_Sample,20260226_279_Gen_Alg_10_8_2_Colorado2025-greenBox.czi,Gen_alg,407.09,3474.0,6591.0,24,29,87.94,0.949,20260226_279_Gen_Alg_10_8_2_Colorado2025-greenBox_x003072_y006144
Unknown_Sample,20260226_279_Gen_Alg_10_8_2_Colorado2025-greenBox.czi,Gen_alg,284.73,3515.0,6776.0,34,15,84.63,0.893,20260226_279_Gen_Alg_10_8_2_Colorado2025-greenBox_x003072_y006144
Unknown_Sample,20260226_279_Gen_Alg_10_8_2_Colorado2025-greenBox.czi,Gen_alg,793.41,4187.0,6280.0,37,35,120.08,0.96,20260226_279_Gen_Alg_10_8_2_Colorado2025-greenBox_x003584_y006144
Unknown_Sample,20260226_279_Gen_Alg_10_8_2_Colorado2025-greenBox.czi,Gen_alg,779.56,3971.0,6183.0,36,37,118.57,0.959,20260226_279_Gen_Alg_10_8_2_Colorado2025-greenBox_x003584_y006144
Unknown_Sample,20260226_279_Gen_Alg_10_8_2_Colorado2025-greenBox.czi,Gen_alg,792.26,4125.0,6486.0,38,35,120.33,0.958,20260226_279_Gen_Alg_10_8_2_Colorado2025-greenBox_x003584_y006144
Unknown_Sample,20260226_279_Gen_Alg_10_8_2_Colorado2025-greenBox.czi,Gen_alg,777.63,4069.0,6587.0,35,37,118.33,0.956,20260226_279_Gen_Alg_10_8_2_Colorado2025-greenBox_x003584_y006144
Unknown_Sample,20260226_279_Gen_Alg_10_8_2_Colorado2025-greenBox.czi,Gen_alg,538.69,4102.0,6320.0,29,32,99.25,0.956,20260226_279_Gen_Alg_10_8_2_Colorado2025-greenBox_x003584_y006144
Unknown_Sample,20260226_279_Gen_Alg_10_8_2_Colorado2025-greenBox.czi,Gen_alg,839.2,4239.0,6439.0,38,36,122.33,0.964,20260226_279_Gen_Alg_10_8_2_Colorado2025-greenBox_x004096_y006144
Unknown_Sample,20260226_279_Gen_Alg_10_8_2_Colorado2025-greenBox.czi,Gen_alg,721.07,4538.0,6404.0,36,33,115.25,0.963,20260226_279_Gen_Alg_10_8_2_Colorado2025-greenBox_x004096_y006144
Unknown_Sample,20260226_279_Gen_Alg_10_8_2_Colorado2025-greenBox.czi,Gen_alg,876.91,4584.0,6499.0,38,38,125.15,0.961,20260226_279_Gen_Alg_10_8_2_Colorado2025-greenBox_x004096_y006144
Unknown_Sample,20260226_279_Gen_Alg_10_8_2_Colorado2025-greenBox.czi,Gen_alg,795.72,4187.0,6280.0,37,35,120.08,0.961,20260226_279_Gen_Alg_10_8_2_Colorado2025-greenBox_x004096_y006144
Unknown_Sample,20260226_279_Gen_Alg_10_8_2_Colorado2025-greenBox.czi,Gen_alg,720.3,4682.0,6647.0,33,36,114.08,0.961,20260226_279_Gen_Alg_10_8_2_Colorado2025-greenBox_x004096_y006144
Unknown_Sample,20260226_279_Gen_Alg_10_8_2_Colorado2025-greenBox.czi,Gen_alg,428.64,4105.0,6321.0,22,32,93.46,0.96,20260226_279_Gen_Alg_10_8_2_Colorado2025-greenBox_x004096_y006144
Unknown_Sample,20260226_279_Gen_Alg_10_8_2_Colorado2025-greenBox.czi,Gen_alg,702.6,4357.0,6683.0,33,35,113.25,0.959,20260226_279_Gen_Alg_10_8_2_Colorado2025-greenBox_x004096_y006144
Unknown_Sample,20260226_279_Gen_Alg_10_8_2_Colorado2025-greenBox.czi,Gen_alg,793.02,4125.0,6486.0,38,35,120.33,0.959,20260226_279_Gen_Alg_10_8_2_Colorado2025-greenBox_x004096_y006144
Unknown_Sample,20260226_279_Gen_Alg_10_8_2_Colorado2025-greenBox.czi,Gen_alg,580.24,4456.0,6342.0,29,33,102.43,0.956,20260226_279_Gen_Alg_10_8_2_Colorado2025-greenBox_x004096_y006144
Unknown_Sample,20260226_279_Gen_Alg_10_8_2_Colorado2025-greenBox.czi,Gen_alg,634.88,4845.0,6156.0,35,28,111.46,0.967,20260226_279_Gen_Alg_10_8_2_Colorado2025-greenBox_x004608_y006144
Unknown_Sample,20260226_279_Gen_Alg_10_8_2_Colorado2025-greenBox.czi,Gen_alg,743.0,4743.0,6617.0,35,35,116.67,0.964,20260226_279_Gen_Alg_10_8_2_Colorado2025-greenBox_x004608_y006144
Unknown_Sample,20260226_279_Gen_Alg_10_8_2_Colorado2025-greenBox.czi,Gen_alg,735.69,4893.0,6355.0,35,35,114.91,0.963,20260226_279_Gen_Alg_10_8_2_Colorado2025-greenBox_x004608_y006144
Unknown_Sample,20260226_279_Gen_Alg_10_8_2_Colorado2025-greenBox.czi,Gen_alg,808.42,5216.0,6565.0,36,37,120.33,0.962,20260226_279_Gen_Alg_10_8_2_Colorado2025-greenBox_x004608_y006144
Unknown_Sample,20260226_279_Gen_Alg_10_8_2_Colorado2025-greenBox.czi,Gen_alg,721.07,4682.0,6647.0,33,36,114.08,0.961,20260226_279_Gen_Alg_10_8_2_Colorado2025-greenBox_x004608_y006144
Unknown_Sample,20260226_279_Gen_Alg_10_8_2_Colorado2025-greenBox.czi,Gen_alg,749.93,4780.0,6398.0,35,35,116.67,0.961,20260226_279_Gen_Alg_10_8_2_Colorado2025-greenBox_x004608_y006144
Unknown_Sample,20260226_279_Gen_Alg_10_8_2_Colorado2025-greenBox.czi,Gen_alg,774.94,5042.0,6248.0,35,36,119.25,0.96,20260226_279_Gen_Alg_10_8_2_Colorado2025-greenBox_x004608_y006144
Unknown_Sample,20260226_279_Gen_Alg_10_8_2_Colorado2025-greenBox.czi,Gen_alg,864.59,5093.0,6197.0,38,38,126.33,0.959,20260226_279_Gen_Alg_10_8_2_Colorado2025-greenBox_x004608_y006144
Unknown_Sample,20260226_279_Gen_Alg_10_8_2_Colorado2025-greenBox.czi,Gen_alg,587.55,4952.0,6189.0,31,31,104.18,0.958,20260226_279_Gen_Alg_10_8_2_Colorado2025-greenBox_x004608_y006144
Unknown_Sample,20260226_279_Gen_Alg_10_8_2_Colorado2025-greenBox.czi,Gen_alg,290.51,5151.0,6351.0,17,28,77.21,0.941,20260226_279_Gen_Alg_10_8_2_Colorado2025-greenBox_x004608_y006144
Unknown_Sample,20260226_279_Gen_Alg_10_8_2_Colorado2025-greenBox.czi,Gen_alg,731.85,5293.0,6421.0,34,36,116.08,0.963,20260226_279_Gen_Alg_10_8_2_Colorado2025-greenBox_x005120_y006144
Unknown_Sample,20260226_279_Gen_Alg_10_8_2_Colorado2025-greenBox.czi,Gen_alg,924.62,5421.0,6455.0,41,37,130.33,0.963,20260226_279_Gen_Alg_10_8_2_Colorado2025-greenBox_x005120_y006144
Unknown_Sample,20260226_279_Gen_Alg_10_8_2_Colorado2025-greenBox.czi,Gen_alg,799.57,5433.0,6519.0,36,37,119.74,0.962,20260226_279_Gen_Alg_10_8_2_Colorado2025-greenBox_x005120_y006144
Unknown_Sample,20260226_279_Gen_Alg_10_8_2_Colorado2025-greenBox.czi,Gen_alg,808.42,5216.0,6565.0,36,37,120.33,0.962,20260226_279_Gen_Alg_10_8_2_Colorado2025-greenBox_x005120_y006144
Unknown_Sample,20260226_279_Gen_Alg_10_8_2_Colorado2025-greenBox.czi,Gen_alg,777.63,5387.0,6504.0,36,36,118.33,0.959,20260226_279_Gen_Alg_10_8_2_Colorado2025-greenBox_x005120_y006144
Unknown_Sample,20260226_279_Gen_Alg_10_8_2_Colorado2025-greenBox.czi,Gen_alg,291.28,5151.0,6351.0,17,28,77.21,0.941,20260226_279_Gen_Alg_10_8_2_Colorado2025-greenBox_x005120_y006144
Unknown_Sample,20260226_279_Gen_Alg_10_8_2_Colorado2025-greenBox.czi,Gen_alg,1061.98,6163.0,6750.0,41,44,139.05,0.961,20260226_279_Gen_Alg_10_8_2_Colorado2025-greenBox_x005632_y006144
Unknown_Sample,20260226_279_Gen_Alg_10_8_2_Colorado2025-greenBox.czi,Gen_alg,828.42,5941.0,6699.0,37,37,123.5,0.958,20260226_279_Gen_Alg_10_8_2_Colorado2025-greenBox_x005632_y006144
Unknown_Sample,20260226_279_Gen_Alg_10_8_2_Colorado2025-greenBox.czi,Gen_alg,398.63,5969.0,6169.0,27,25,85.94,0.953,20260226_279_Gen_Alg_10_8_2_Colorado2025-greenBox_x005632_y006144
Unknown_Sample,20260226_279_Gen_Alg_10_8_2_Colorado2025-greenBox.czi,Gen_alg,816.88,6493.0,6635.0,36,38,121.15,0.962,20260226_279_Gen_Alg_10_8_2_Colorado2025-greenBox_x006144_y006144
Unknown_Sample,20260226_279_Gen_Alg_10_8_2_Colorado2025-greenBox.czi,Gen_alg,1052.75,6163.0,6750.0,40,44,139.4,0.961,20260226_279_Gen_Alg_10_8_2_Colorado2025-greenBox_x006144_y006144
Unknown_Sample,20260226_279_Gen_Alg_10_8_2_Colorado2025-greenBox.czi,Gen_alg,672.2,6288.0,6320.0,34,34,111.5,0.961,20260226_279_Gen_Alg_10_8_2_Colorado2025-greenBox_x006144_y006144
Unknown_Sample,20260226_279_Gen_Alg_10_8_2_Colorado2025-greenBox.czi,Gen_alg,738.77,6621.0,6231.0,36,34,116.08,0.959,20260226_279_Gen_Alg_10_8_2_Colorado2025-greenBox_x006144_y006144
Unknown_Sample,20260226_279_Gen_Alg_10_8_2_Colorado2025-greenBox.czi,Gen_alg,353.99,6513.0,6152.0,30,19,85.8,0.956,20260226_279_Gen_Alg_10_8_2_Colorado2025-greenBox_x006144_y006144
Unknown_Sample,20260226_279_Gen_Alg_10_8_2_Colorado2025-greenBox.czi,Gen_alg,476.35,6604.0,6733.0,28,28,92.77,0.953,20260226_279_Gen_Alg_10_8_2_Colorado2025-greenBox_x006144_y006144
Unknown_Sample,20260226_279_Gen_Alg_10_8_2_Colorado2025-greenBox.czi,Gen_alg,676.05,7135.0,6271.0,33,33,111.01,0.959,20260226_279_Gen_Alg_10_8_2_Colorado2025-greenBox_x006656_y006144
Unknown_Sample,20260226_279_Gen_Alg_10_8_2_Colorado2025-greenBox.czi,Gen_alg,819.96,7211.0,6597.0,35,39,121.15,0.957,20260226_279_Gen_Alg_10_8_2_Colorado2025-greenBox_x006656_y006144
Unknown_Sample,20260226_279_Gen_Alg_10_8_2_Colorado2025-greenBox.czi,Gen_alg,709.14,7729.0,6390.0,34,35,113.5,0.961,20260226_279_Gen_Alg_10_8_2_Colorado2025-greenBox_x007168_y006144
Unknown_Sample,20260226_279_Gen_Alg_10_8_2_Colorado2025-greenBox.czi,Gen_alg,756.09,7504.0,6464.0,33,38,118.67,0.961,20260226_279_Gen_Alg_10_8_2_Colorado2025-greenBox_x007168_y006144
Unknown_Sample,20260226_279_Gen_Alg_10_8_2_Colorado2025-greenBox.czi,Gen_alg,629.88,7785.0,6458.0,30,35,107.84,0.96,20260226_279_Gen_Alg_10_8_2_Colorado2025-greenBox_x007168_y006144
Unknown_Sample,20260226_279_Gen_Alg_10_8_2_Colorado2025-greenBox.czi,Gen_alg,809.95,7615.0,6488.0,35,39,122.33,0.96,20260226_279_Gen_Alg_10_8_2_Colorado2025-greenBox_x007168_y006144
Unknown_Sample,20260226_279_Gen_Alg_10_8_2_Colorado2025-greenBox.czi,Gen_alg,720.3,7552.0,6731.0,33,36,114.08,0.959,20260226_279_Gen_Alg_10_8_2_Colorado2025-greenBox_x007168_y006144
Unknown_Sample,20260226_279_Gen_Alg_10_8_2_Colorado2025-greenBox.czi,Gen_alg,651.81,7371.0,6342.0,33,33,109.25,0.959,20260226_279_Gen_Alg_10_8_2_Colorado2025-greenBox_x007168_y006144
Unknown_Sample,20260226_279_Gen_Alg_10_8_2_Colorado2025-greenBox.czi,Gen_alg,684.9,7626.0,6223.0,34,34,112.08,0.959,20260226_279_Gen_Alg_10_8_2_Colorado2025-greenBox_x007168_y006144
Unknown_Sample,20260226_279_Gen_Alg_10_8_2_Colorado2025-greenBox.czi,Gen_alg,566.39,7748.0,6730.0,30,31,101.6,0.958,20260226_279_Gen_Alg_10_8_2_Colorado2025-greenBox_x007168_y006144
Unknown_Sample,20260226_279_Gen_Alg_10_8_2_Colorado2025-greenBox.czi,Gen_alg,819.19,7211.0,6597.0,35,39,121.15,0.957,20260226_279_Gen_Alg_10_8_2_Colorado2025-greenBox_x007168_y006144
Unknown_Sample,20260226_279_Gen_Alg_10_8_2_Colorado2025-greenBox.czi,Gen_alg,646.42,7756.0,6767.0,35,30,108.43,0.945,20260226_279_Gen_Alg_10_8_2_Colorado2025-greenBox_x007168_y006144
Unknown_Sample,20260226_279_Gen_Alg_10_8_2_Colorado2025-greenBox.czi,Gen_alg,878.83,8086.0,6328.0,38,38,126.91,0.968,20260226_279_Gen_Alg_10_8_2_Colorado2025-greenBox_x007680_y006144
Unknown_Sample,20260226_279_Gen_Alg_10_8_2_Colorado2025-greenBox.czi,Gen_alg,766.48,8006.0,6167.0,36,36,118.91,0.963,20260226_279_Gen_Alg_10_8_2_Colorado2025-greenBox_x007680_y006144
Unknown_Sample,20260226_279_Gen_Alg_10_8_2_Colorado2025-greenBox.czi,Gen_alg,584.86,8096.0,6230.0,32,31,103.25,0.962,20260226_279_Gen_Alg_10_8_2_Colorado2025-greenBox_x007680_y006144
Unknown_Sample,20260226_279_Gen_Alg_10_8_2_Colorado2025-greenBox.czi,Gen_alg,709.14,7729.0,6390.0,34,35,113.5,0.961,20260226_279_Gen_Alg_10_8_2_Colorado2025-greenBox_x007680_y006144
Unknown_Sample,20260226_279_Gen_Alg_10_8_2_Colorado2025-greenBox.czi,Gen_alg,629.11,7785.0,6458.0,30,35,107.84,0.961,20260226_279_Gen_Alg_10_8_2_Colorado2025-greenBox_x007680_y006144
Unknown_Sample,20260226_279_Gen_Alg_10_8_2_Colorado2025-greenBox.czi,Gen_alg,697.6,7868.0,6685.0,32,37,114.67,0.96,20260226_279_Gen_Alg_10_8_2_Colorado2025-greenBox_x007680_y006144
Unknown_Sample,20260226_279_Gen_Alg_10_8_2_Colorado2025-greenBox.czi,Gen_alg,712.61,7903.0,6711.0,36,33,114.08,0.959,20260226_279_Gen_Alg_10_8_2_Colorado2025-greenBox_x007680_y006144
Unknown_Sample,20260226_279_Gen_Alg_10_8_2_Colorado2025-greenBox.czi,Gen_alg,659.89,8031.0,6567.0,34,32,108.67,0.959,20260226_279_Gen_Alg_10_8_2_Colorado2025-greenBox_x007680_y006144
Unknown_Sample,20260226_279_Gen_Alg_10_8_2_Colorado2025-greenBox.czi,Gen_alg,566.39,7748.0,6730.0,30,31,101.6,0.958,20260226_279_Gen_Alg_10_8_2_Colorado2025-greenBox_x007680_y006144
Unknown_Sample,20260226_279_Gen_Alg_10_8_2_Colorado2025-greenBox.czi,Gen_alg,185.46,8191.0,6148.0,27,12,66.97,0.948,20260226_279_Gen_Alg_10_8_2_Colorado2025-greenBox_x007680_y006144
Unknown_Sample,20260226_279_Gen_Alg_10_8_2_Colorado2025-greenBox.czi,Gen_alg,646.42,7756.0,6767.0,35,30,108.43,0.945,20260226_279_Gen_Alg_10_8_2_Colorado2025-greenBox_x007680_y006144
Unknown_Sample,20260226_279_Gen_Alg_10_8_2_Colorado2025-greenBox.czi,Gen_alg,811.88,8506.0,6220.0,37,37,124.08,0.965,20260226_279_Gen_Alg_10_8_2_Colorado2025-greenBox_x008192_y006144
Unknown_Sample,20260226_279_Gen_Alg_10_8_2_Colorado2025-greenBox.czi,Gen_alg,883.06,8419.0,6620.0,39,37,126.33,0.959,20260226_279_Gen_Alg_10_8_2_Colorado2025-greenBox_x008192_y006144
Unknown_Sample,20260226_279_Gen_Alg_10_8_2_Colorado2025-greenBox.czi,Gen_alg,685.29,8626.0,6589.0,34,33,111.84,0.955,20260226_279_Gen_Alg_10_8_2_Colorado2025-greenBox_x008192_y006144
Unknown_Sample,20260226_279_Gen_Alg_10_8_2_Colorado2025-greenBox.czi,Gen_alg,536.38,8771.0,6409.0,27,33,98.43,0.954,20260226_279_Gen_Alg_10_8_2_Colorado2025-greenBox_x008192_y006144
Unknown_Sample,20260226_279_Gen_Alg_10_8_2_Colorado2025-greenBox.czi,Gen_alg,1160.49,8576.0,6305.0,42,47,147.05,0.947,20260226_279_Gen_Alg_10_8_2_Colorado2025-greenBox_x008192_y006144
Unknown_Sample,20260226_279_Gen_Alg_10_8_2_Colorado2025-greenBox.czi,Gen_alg,85.42,8197.0,6148.0,13,12,42.49,0.943,20260226_279_Gen_Alg_10_8_2_Colorado2025-greenBox_x008192_y006144
Unknown_Sample,20260226_279_Gen_Alg_10_8_2_Colorado2025-greenBox.czi,Gen_alg,629.49,8966.0,6406.0,32,33,108.43,0.963,20260226_279_Gen_Alg_10_8_2_Colorado2025-greenBox_x008704_y006144
Unknown_Sample,20260226_279_Gen_Alg_10_8_2_Colorado2025-greenBox.czi,Gen_alg,741.46,8856.0,6350.0,34,36,117.84,0.962,20260226_279_Gen_Alg_10_8_2_Colorado2025-greenBox_x008704_y006144
Unknown_Sample,20260226_279_Gen_Alg_10_8_2_Colorado2025-greenBox.czi,Gen_alg,742.23,9204.0,6632.0,34,36,115.5,0.959,20260226_279_Gen_Alg_10_8_2_Colorado2025-greenBox_x008704_y006144
Unknown_Sample,20260226_279_Gen_Alg_10_8_2_Colorado2025-greenBox.czi,Gen_alg,702.99,9148.0,6334.0,34,34,113.84,0.958,20260226_279_Gen_Alg_10_8_2_Colorado2025-greenBox_x008704_y006144
Unknown_Sample,20260226_279_Gen_Alg_10_8_2_Colorado2025-greenBox.czi,Gen_alg,715.3,9297.0,6368.0,35,35,115.5,0.958,20260226_279_Gen_Alg_10_8_2_Colorado2025-greenBox_x008704_y006144
Unknown_Sample,20260226_279_Gen_Alg_10_8_2_Colorado2025-greenBox.czi,Gen_alg,492.9,8901.0,6296.0,28,29,95.36,0.958,20260226_279_Gen_Alg_10_8_2_Colorado2025-greenBox_x008704_y006144
Unknown_Sample,20260226_279_Gen_Alg_10_8_2_Colorado2025-greenBox.czi,Gen_alg,678.36,9038.0,6499.0,34,33,109.5,0.955,20260226_279_Gen_Alg_10_8_2_Colorado2025-greenBox_x008704_y006144
Unknown_Sample,20260226_279_Gen_Alg_10_8_2_Colorado2025-greenBox.czi,Gen_alg,546.77,8771.0,6409.0,28,33,99.84,0.955,20260226_279_Gen_Alg_10_8_2_Colorado2025-greenBox_x008704_y006144
Unknown_Sample,20260226_279_Gen_Alg_10_8_2_Colorado2025-greenBox.czi,Gen_alg,275.5,9321.0,6153.0,20,22,74.14,0.954,20260226_279_Gen_Alg_10_8_2_Colorado2025-greenBox_x008704_y006144
Unknown_Sample,20260226_279_Gen_Alg_10_8_2_Colorado2025-greenBox.czi,Gen_alg,600.25,9283.0,6570.0,31,31,104.77,0.948,20260226_279_Gen_Alg_10_8_2_Colorado2025-greenBox_x008704_y006144
Unknown_Sample,20260226_279_Gen_Alg_10_8_2_Colorado2025-greenBox.czi,Gen_alg,758.78,9044.0,6738.0,35,35,116.08,0.941,20260226_279_Gen_Alg_10_8_2_Colorado2025-greenBox_x008704_y006144
Unknown_Sample,20260226_279_Gen_Alg_10_8_2_Colorado2025-greenBox.czi,Gen_alg,579.86,9317.0,6678.0,30,31,103.36,0.928,20260226_279_Gen_Alg_10_8_2_Colorado2025-greenBox_x008704_y006144
Unknown_Sample,20260226_279_Gen_Alg_10_8_2_Colorado2025-greenBox.czi,Gen_alg,462.89,9146.0,6740.0,27,28,92.53,0.924,20260226_279_Gen_Alg_10_8_2_Colorado2025-greenBox_x008704_y006144
Unknown_Sample,20260226_279_Gen_Alg_10_8_2_Colorado2025-greenBox.czi,Gen_alg,818.42,9178.0,6745.0,37,37,121.15,0.924,20260226_279_Gen_Alg_10_8_2_Colorado2025-greenBox_x008704_y006144
Unknown_Sample,20260226_279_Gen_Alg_10_8_2_Colorado2025-greenBox.czi,Gen_alg,567.55,9254.0,6711.0,31,31,101.84,0.924,20260226_279_Gen_Alg_10_8_2_Colorado2025-greenBox_x008704_y006144
Unknown_Sample,20260226_279_Gen_Alg_10_8_2_Colorado2025-greenBox.czi,Gen_alg,577.93,9225.0,6727.0,33,30,102.08,0.909,20260226_279_Gen_Alg_10_8_2_Colorado2025-greenBox_x008704_y006144
Unknown_Sample,20260226_279_Gen_Alg_10_8_2_Colorado2025-greenBox.czi,Gen_alg,717.61,9297.0,6368.0,35,35,115.5,0.958,20260226_279_Gen_Alg_10_8_2_Colorado2025-greenBox_x009216_y006144
Unknown_Sample,20260226_279_Gen_Alg_10_8_2_Colorado2025-greenBox.czi,Gen_alg,773.79,9821.0,6569.0,36,35,119.84,0.955,20260226_279_Gen_Alg_10_8_2_Colorado2025-greenBox_x009216_y006144
Unknown_Sample,20260226_279_Gen_Alg_10_8_2_Colorado2025-greenBox.czi,Gen_alg,858.05,9465.0,6180.0,37,38,124.91,0.955,20260226_279_Gen_Alg_10_8_2_Colorado2025-greenBox_x009216_y006144
Unknown_Sample,20260226_279_Gen_Alg_10_8_2_Colorado2025-greenBox.czi,Gen_alg,600.25,9283.0,6570.0,31,31,104.77,0.947,20260226_279_Gen_Alg_10_8_2_Colorado2025-greenBox_x009216_y006144
Unknown_Sample,20260226_279_Gen_Alg_10_8_2_Colorado2025-greenBox.czi,Gen_alg,288.58,9321.0,6153.0,21,22,74.97,0.942,20260226_279_Gen_Alg_10_8_2_Colorado2025-greenBox_x009216_y006144
Unknown_Sample,20260226_279_Gen_Alg_10_8_2_Colorado2025-greenBox.czi,Gen_alg,764.94,9687.0,6701.0,36,34,117.25,0.94,20260226_279_Gen_Alg_10_8_2_Colorado2025-greenBox_x009216_y006144
Unknown_Sample,20260226_279_Gen_Alg_10_8_2_Colorado2025-greenBox.czi,Gen_alg,547.54,9720.0,6606.0,30,30,99.01,0.934,20260226_279_Gen_Alg_10_8_2_Colorado2025-greenBox_x009216_y006144
Unknown_Sample,20260226_279_Gen_Alg_10_8_2_Colorado2025-greenBox.czi,Gen_alg,530.22,9559.0,6356.0,28,30,99.11,0.934,20260226_279_Gen_Alg_10_8_2_Colorado2025-greenBox_x009216_y006144
Unknown_Sample,20260226_279_Gen_Alg_10_8_2_Colorado2025-greenBox.czi,Gen_alg,565.24,9254.0,6711.0,30,31,101.01,0.923,20260226_279_Gen_Alg_10_8_2_Colorado2025-greenBox_x009216_y006144
Unknown_Sample,20260226_279_Gen_Alg_10_8_2_Colorado2025-greenBox.czi,Gen_alg,589.48,9318.0,6678.0,31,31,103.6,0.922,20260226_279_Gen_Alg_10_8_2_Colorado2025-greenBox_x009216_y006144
Unknown_Sample,20260226_279_Gen_Alg_10_8_2_Colorado2025-greenBox.czi,Gen_alg,510.21,9227.0,6727.0,27,30,98.28,0.916,20260226_279_Gen_Alg_10_8_2_Colorado2025-greenBox_x009216_y006144
Unknown_Sample,20260226_279_Gen_Alg_10_8_2_Colorado2025-greenBox.czi,Gen_alg,442.11,9690.0,6773.0,33,22,97.21,0.9,20260226_279_Gen_Alg_10_8_2_Colorado2025-greenBox_x009216_y006144
Unknown_Sample,20260226_279_Gen_Alg_10_8_2_Colorado2025-greenBox.czi,Gen_alg,559.47,9924.0,6290.0,31,29,100.77,0.962,20260226_279_Gen_Alg_10_8_2_Colorado2025-greenBox_x009728_y006144
Unknown_Sample,20260226_279_Gen_Alg_10_8_2_Colorado2025-greenBox.czi,Gen_alg,748.39,9821.0,6568.0,36,34,116.67,0.961,20260226_279_Gen_Alg_10_8_2_Colorado2025-greenBox_x009728_y006144
Unknown_Sample,20260226_279_Gen_Alg_10_8_2_Colorado2025-greenBox.czi,Gen_alg,622.18,9878.0,6455.0,32,32,105.84,0.96,20260226_279_Gen_Alg_10_8_2_Colorado2025-greenBox_x009728_y006144
Unknown_Sample,20260226_279_Gen_Alg_10_8_2_Colorado2025-greenBox.czi,Gen_alg,728.38,10161.0,6684.0,34,35,115.84,0.958,20260226_279_Gen_Alg_10_8_2_Colorado2025-greenBox_x009728_y006144
Unknown_Sample,20260226_279_Gen_Alg_10_8_2_Colorado2025-greenBox.czi,Gen_alg,701.06,9994.0,6724.0,34,34,113.25,0.958,20260226_279_Gen_Alg_10_8_2_Colorado2025-greenBox_x009728_y006144
Unknown_Sample,20260226_279_Gen_Alg_10_8_2_Colorado2025-greenBox.czi,Gen_alg,676.82,10199.0,6582.0,34,33,110.67,0.957,20260226_279_Gen_Alg_10_8_2_Colorado2025-greenBox_x009728_y006144
Unknown_Sample,20260226_279_Gen_Alg_10_8_2_Colorado2025-greenBox.czi,Gen_alg,811.88,10085.0,6764.0,36,37,122.08,0.954,20260226_279_Gen_Alg_10_8_2_Colorado2025-greenBox_x009728_y006144
Unknown_Sample,20260226_279_Gen_Alg_10_8_2_Colorado2025-greenBox.czi,Gen_alg,607.95,9865.0,6552.0,32,32,107.6,0.953,20260226_279_Gen_Alg_10_8_2_Colorado2025-greenBox_x009728_y006144
Unknown_Sample,20260226_279_Gen_Alg_10_8_2_Colorado2025-greenBox.czi,Gen_alg,156.99,10008.0,6148.0,27,11,64.97,0.946,20260226_279_Gen_Alg_10_8_2_Colorado2025-greenBox_x009728_y006144
Unknown_Sample,20260226_279_Gen_Alg_10_8_2_Colorado2025-greenBox.czi,Gen_alg,564.85,10330.0,6771.0,35,25,107.8,0.939,20260226_279_Gen_Alg_10_8_2_Colorado2025-greenBox_x009728_y006144
Unknown_Sample,20260226_279_Gen_Alg_10_8_2_Colorado2025-greenBox.czi,Gen_alg,867.67,10510.0,6596.0,38,38,125.15,0.964,20260226_279_Gen_Alg_10_8_2_Colorado2025-greenBox_x010240_y006144
Unknown_Sample,20260226_279_Gen_Alg_10_8_2_Colorado2025-greenBox.czi,Gen_alg,800.72,10692.0,6480.0,36,37,120.33,0.962,20260226_279_Gen_Alg_10_8_2_Colorado2025-greenBox_x010240_y006144
Unknown_Sample,20260226_279_Gen_Alg_10_8_2_Colorado2025-greenBox.czi,Gen_alg,675.28,10392.0,6406.0,33,34,110.67,0.96,20260226_279_Gen_Alg_10_8_2_Colorado2025-greenBox_x010240_y006144
Unknown_Sample,20260226_279_Gen_Alg_10_8_2_Colorado2025-greenBox.czi,Gen_alg,564.85,10330.0,6771.0,35,25,107.8,0.94,20260226_279_Gen_Alg_10_8_2_Colorado2025-greenBox_x010240_y006144
Unknown_Sample,20260226_279_Gen_Alg_10_8_2_Colorado2025-greenBox.czi,Gen_alg,345.53,10863.0,6679.0,19,30,82.28,0.937,20260226_279_Gen_Alg_10_8_2_Colorado2025-greenBox_x010240_y006144
Unknown_Sample,20260226_279_Gen_Alg_10_8_2_Colorado2025-greenBox.czi,Gen_alg,726.84,10891.0,6311.0,34,34,115.01,0.963,20260226_279_Gen_Alg_10_8_2_Colorado2025-greenBox_x010752_y006144
Unknown_Sample,20260226_279_Gen_Alg_10_8_2_Colorado2025-greenBox.czi,Gen_alg,683.75,11263.0,6392.0,33,34,111.84,0.961,20260226_279_Gen_Alg_10_8_2_Colorado2025-greenBox_x010752_y006144
Unknown_Sample,20260226_279_Gen_Alg_10_8_2_Colorado2025-greenBox.czi,Gen_alg,770.71,11324.0,6268.0,35,37,118.33,0.961,20260226_279_Gen_Alg_10_8_2_Colorado2025-greenBox_x010752_y006144
Unknown_Sample,20260226_279_Gen_Alg_10_8_2_Colorado2025-greenBox.czi,Gen_alg,722.23,10907.0,6423.0,34,35,114.67,0.96,20260226_279_Gen_Alg_10_8_2_Colorado2025-greenBox_x010752_y006144
Unknown_Sample,20260226_279_Gen_Alg_10_8_2_Colorado2025-greenBox.czi,Gen_alg,663.36,11072.0,6555.0,33,33,110.43,0.96,20260226_279_Gen_Alg_10_8_2_Colorado2025-greenBox_x010752_y006144
Unknown_Sample,20260226_279_Gen_Alg_10_8_2_Colorado2025-greenBox.czi,Gen_alg,662.97,11353.0,6407.0,33,33,109.84,0.959,20260226_279_Gen_Alg_10_8_2_Colorado2025-greenBox_x010752_y006144
Unknown_Sample,20260226_279_Gen_Alg_10_8_2_Colorado2025-greenBox.czi,Gen_alg,317.44,11041.0,6208.0,26,20,79.21,0.947,20260226_279_Gen_Alg_10_8_2_Colorado2025-greenBox_x010752_y006144
Unknown_Sample,20260226_279_Gen_Alg_10_8_2_Colorado2025-greenBox.czi,Gen_alg,343.61,10863.0,6679.0,19,30,81.7,0.942,20260226_279_Gen_Alg_10_8_2_Colorado2025-greenBox_x010752_y006144
Unknown_Sample,20260226_279_Gen_Alg_10_8_2_Colorado2025-greenBox.czi,Gen_alg,332.83,10923.0,6376.0,21,26,78.87,0.922,20260226_279_Gen_Alg_10_8_2_Colorado2025-greenBox_x010752_y006144
Unknown_Sample,20260226_279_Gen_Alg_10_8_2_Colorado2025-greenBox.czi,Gen_alg,612.95,10943.0,6392.0,36,32,109.15,0.9,20260226_279_Gen_Alg_10_8_2_Colorado2025-greenBox_x010752_y006144
Unknown_Sample,20260226_279_Gen_Alg_10_8_2_Colorado2025-greenBox.czi,Gen_alg,723.77,11673.0,6276.0,34,35,113.5,0.963,20260226_279_Gen_Alg_10_8_2_Colorado2025-greenBox_x011264_y006144
Unknown_Sample,20260226_279_Gen_Alg_10_8_2_Colorado2025-greenBox.czi,Gen_alg,701.06,11711.0,6618.0,34,34,112.08,0.962,20260226_279_Gen_Alg_10_8_2_Colorado2025-greenBox_x011264_y006144
Unknown_Sample,20260226_279_Gen_Alg_10_8_2_Colorado2025-greenBox.czi,Gen_alg,664.12,11610.0,6299.0,33,33,110.43,0.961,20260226_279_Gen_Alg_10_8_2_Colorado2025-greenBox_x011264_y006144
Unknown_Sample,20260226_279_Gen_Alg_10_8_2_Colorado2025-greenBox.czi,Gen_alg,771.86,11324.0,6268.0,35,37,118.91,0.961,20260226_279_Gen_Alg_10_8_2_Colorado2025-greenBox_x011264_y006144
Unknown_Sample,20260226_279_Gen_Alg_10_8_2_Colorado2025-greenBox.czi,Gen_alg,674.13,11353.0,6407.0,34,33,110.08,0.96,20260226_279_Gen_Alg_10_8_2_Colorado2025-greenBox_x011264_y006144
Unknown_Sample,20260226_279_Gen_Alg_10_8_2_Colorado2025-greenBox.czi,Gen_alg,744.93,11624.0,6683.0,35,35,114.91,0.959,20260226_279_Gen_Alg_10_8_2_Colorado2025-greenBox_x011264_y006144
Unknown_Sample,20260226_279_Gen_Alg_10_8_2_Colorado2025-greenBox.czi,Gen_alg,811.11,11594.0,6734.0,36,37,120.91,0.959,20260226_279_Gen_Alg_10_8_2_Colorado2025-greenBox_x011264_y006144
Unknown_Sample,20260226_279_Gen_Alg_10_8_2_Colorado2025-greenBox.czi,Gen_alg,635.65,11742.0,6554.0,32,32,107.6,0.958,20260226_279_Gen_Alg_10_8_2_Colorado2025-greenBox_x011264_y006144
Unknown_Sample,20260226_279_Gen_Alg_10_8_2_Colorado2025-greenBox.czi,Gen_alg,321.29,11873.0,6151.0,32,17,85.21,0.95,20260226_279_Gen_Alg_10_8_2_Colorado2025-greenBox_x011264_y006144
Unknown_Sample,20260226_279_Gen_Alg_10_8_2_Colorado2025-greenBox.czi,Gen_alg,340.91,11271.0,6392.0,17,34,88.63,0.948,20260226_279_Gen_Alg_10_8_2_Colorado2025-greenBox_x011264_y006144
Unknown_Sample,20260226_279_Gen_Alg_10_8_2_Colorado2025-greenBox.czi,Gen_alg,547.54,11418.0,6772.0,36,24,106.04,0.932,20260226_279_Gen_Alg_10_8_2_Colorado2025-greenBox_x011264_y006144
Unknown_Sample,20260226_279_Gen_Alg_10_8_2_Colorado2025-greenBox.czi,Gen_alg,754.16,12365.0,6515.0,36,34,118.43,0.962,20260226_279_Gen_Alg_10_8_2_Colorado2025-greenBox_x011776_y006144
Unknown_Sample,20260226_279_Gen_Alg_10_8_2_Colorado2025-greenBox.czi,Gen_alg,802.26,11931.0,6215.0,36,37,121.5,0.961,20260226_279_Gen_Alg_10_8_2_Colorado2025-greenBox_x011776_y006144
Unknown_Sample,20260226_279_Gen_Alg_10_8_2_Colorado2025-greenBox.czi,Gen_alg,317.83,11873.0,6150.0,32,17,85.8,0.95,20260226_279_Gen_Alg_10_8_2_Colorado2025-greenBox_x011776_y006144
Unknown_Sample,20260226_279_Gen_Alg_10_8_2_Colorado2025-greenBox.czi,Gen_alg,726.46,12739.0,6345.0,34,35,115.25,0.963,20260226_279_Gen_Alg_10_8_2_Colorado2025-greenBox_x012288_y006144
Unknown_Sample,20260226_279_Gen_Alg_10_8_2_Colorado2025-greenBox.czi,Gen_alg,754.16,12365.0,6515.0,36,34,118.43,0.962,20260226_279_Gen_Alg_10_8_2_Colorado2025-greenBox_x012288_y006144
Unknown_Sample,20260226_279_Gen_Alg_10_8_2_Colorado2025-greenBox.czi,Gen_alg,677.21,12781.0,6212.0,34,33,110.08,0.961,20260226_279_Gen_Alg_10_8_2_Colorado2025-greenBox_x012288_y006144
Unknown_Sample,20260226_279_Gen_Alg_10_8_2_Colorado2025-greenBox.czi,Gen_alg,719.15,12707.0,6202.0,34,35,114.67,0.96,20260226_279_Gen_Alg_10_8_2_Colorado2025-greenBox_x012288_y006144
Unknown_Sample,20260226_279_Gen_Alg_10_8_2_Colorado2025-greenBox.czi,Gen_alg,556.77,12710.0,6561.0,31,30,99.84,0.956,20260226_279_Gen_Alg_10_8_2_Colorado2025-greenBox_x012288_y006144
Unknown_Sample,20260226_279_Gen_Alg_10_8_2_Colorado2025-greenBox.czi,Gen_alg,851.51,13333.0,6620.0,37,38,124.33,0.962,20260226_279_Gen_Alg_10_8_2_Colorado2025-greenBox_x012800_y006144
Unknown_Sample,20260226_279_Gen_Alg_10_8_2_Colorado2025-greenBox.czi,Gen_alg,740.7,13180.0,6556.0,35,35,116.67,0.96,20260226_279_Gen_Alg_10_8_2_Colorado2025-greenBox_x012800_y006144
Unknown_Sample,20260226_279_Gen_Alg_10_8_2_Colorado2025-greenBox.czi,Gen_alg,634.88,13087.0,6623.0,33,32,109.6,0.955,20260226_279_Gen_Alg_10_8_2_Colorado2025-greenBox_x012800_y006144
Unknown_Sample,20260226_279_Gen_Alg_10_8_2_Colorado2025-greenBox.czi,Gen_alg,770.71,13734.0,6525.0,36,35,117.5,0.963,20260226_279_Gen_Alg_10_8_2_Colorado2025-greenBox_x013312_y006144
Unknown_Sample,20260226_279_Gen_Alg_10_8_2_Colorado2025-greenBox.czi,Gen_alg,594.1,13748.0,6472.0,31,31,103.6,0.961,20260226_279_Gen_Alg_10_8_2_Colorado2025-greenBox_x013312_y006144
Unknown_Sample,20260226_279_Gen_Alg_10_8_2_Colorado2025-greenBox.czi,Gen_alg,851.51,13333.0,6620.0,37,38,124.33,0.961,20260226_279_Gen_Alg_10_8_2_Colorado2025-greenBox_x013312_y006144
Unknown_Sample,20260226_279_Gen_Alg_10_8_2_Colorado2025-greenBox.czi,Gen_alg,517.52,13893.0,6597.0,29,30,98.18,0.959,20260226_279_Gen_Alg_10_8_2_Colorado2025-greenBox_x013312_y006144
Unknown_Sample,20260226_279_Gen_Alg_10_8_2_Colorado2025-greenBox.czi,Gen_alg,789.95,13735.0,6591.0,36,36,120.67,0.958,20260226_279_Gen_Alg_10_8_2_Colorado2025-greenBox_x013312_y006144
Unknown_Sample,20260226_279_Gen_Alg_10_8_2_Colorado2025-greenBox.czi,Gen_alg,470.58,13456.0,6456.0,34,23,95.36,0.957,20260226_279_Gen_Alg_10_8_2_Colorado2025-greenBox_x013312_y006144
Unknown_Sample,20260226_279_Gen_Alg_10_8_2_Colorado2025-greenBox.czi,Gen_alg,651.04,13768.0,6618.0,34,32,108.08,0.956,20260226_279_Gen_Alg_10_8_2_Colorado2025-greenBox_x013312_y006144
Unknown_Sample,20260226_279_Gen_Alg_10_8_2_Colorado2025-greenBox.czi,Gen_alg,219.71,13701.0,6777.0,28,13,72.73,0.892,20260226_279_Gen_Alg_10_8_2_Colorado2025-greenBox_x013312_y006144
Unknown_Sample,20260226_279_Gen_Alg_10_8_2_Colorado2025-greenBox.czi,Gen_alg,142.37,13946.0,6214.0,10,25,60.14,0.876,20260226_279_Gen_Alg_10_8_2_Colorado2025-greenBox_x013312_y006144
Unknown_Sample,20260226_279_Gen_Alg_10_8_2_Colorado2025-greenBox.czi,Gen_alg,845.74,14370.0,6337.0,38,37,123.74,0.962,20260226_279_Gen_Alg_10_8_2_Colorado2025-greenBox_x013824_y006144
Unknown_Sample,20260226_279_Gen_Alg_10_8_2_Colorado2025-greenBox.czi,Gen_alg,516.76,13893.0,6597.0,29,30,98.18,0.959,20260226_279_Gen_Alg_10_8_2_Colorado2025-greenBox_x013824_y006144
Unknown_Sample,20260226_279_Gen_Alg_10_8_2_Colorado2025-greenBox.czi,Gen_alg,559.08,14090.0,6271.0,30,31,101.01,0.958,20260226_279_Gen_Alg_10_8_2_Colorado2025-greenBox_x013824_y006144
Unknown_Sample,20260226_279_Gen_Alg_10_8_2_Colorado2025-greenBox.czi,Gen_alg,715.3,14052.0,6661.0,34,35,113.5,0.958,20260226_279_Gen_Alg_10_8_2_Colorado2025-greenBox_x013824_y006144
Unknown_Sample,20260226_279_Gen_Alg_10_8_2_Colorado2025-greenBox.czi,Gen_alg,414.02,13954.0,6214.0,26,25,86.28,0.957,20260226_279_Gen_Alg_10_8_2_Colorado2025-greenBox_x013824_y006144
Unknown_Sample,20260226_279_Gen_Alg_10_8_2_Colorado2025-greenBox.czi,Gen_alg,787.25,14837.0,6691.0,38,34,121.25,0.963,20260226_279_Gen_Alg_10_8_2_Colorado2025-greenBox_x014336_y006144
Unknown_Sample,20260226_279_Gen_Alg_10_8_2_Colorado2025-greenBox.czi,Gen_alg,845.74,14370.0,6337.0,38,37,123.74,0.962,20260226_279_Gen_Alg_10_8_2_Colorado2025-greenBox_x014336_y006144
Unknown_Sample,20260226_279_Gen_Alg_10_8_2_Colorado2025-greenBox.czi,Gen_alg,556.39,14498.0,6599.0,30,31,99.25,0.957,20260226_279_Gen_Alg_10_8_2_Colorado2025-greenBox_x014336_y006144
Unknown_Sample,20260226_279_Gen_Alg_10_8_2_Colorado2025-greenBox.czi,Gen_alg,675.28,14493.0,6469.0,33,35,111.5,0.956,20260226_279_Gen_Alg_10_8_2_Colorado2025-greenBox_x014336_y006144
Unknown_Sample,20260226_279_Gen_Alg_10_8_2_Colorado2025-greenBox.czi,Gen_alg,633.73,14669.0,6655.0,32,33,107.84,0.945,20260226_279_Gen_Alg_10_8_2_Colorado2025-greenBox_x014336_y006144
Unknown_Sample,20260226_279_Gen_Alg_10_8_2_Colorado2025-greenBox.czi,Gen_alg,205.47,14905.0,6778.0,30,12,72.97,0.883,20260226_279_Gen_Alg_10_8_2_Colorado2025-greenBox_x014336_y006144
Unknown_Sample,20260226_279_Gen_Alg_10_8_2_Colorado2025-greenBox.czi,Gen_alg,206.24,14969.0,6190.0,13,29,71.8,0.874,20260226_279_Gen_Alg_10_8_2_Colorado2025-greenBox_x014336_y006144
Unknown_Sample,20260226_279_Gen_Alg_10_8_2_Colorado2025-greenBox.czi,Gen_alg,884.99,15303.0,6229.0,37,39,126.91,0.964,20260226_279_Gen_Alg_10_8_2_Colorado2025-greenBox_x014848_y006144
Unknown_Sample,20260226_279_Gen_Alg_10_8_2_Colorado2025-greenBox.czi,Gen_alg,564.47,15264.0,6255.0,30,31,101.01,0.957,20260226_279_Gen_Alg_10_8_2_Colorado2025-greenBox_x014848_y006144
Unknown_Sample,20260226_279_Gen_Alg_10_8_2_Colorado2025-greenBox.czi,Gen_alg,683.36,15048.0,6380.0,36,33,114.08,0.956,20260226_279_Gen_Alg_10_8_2_Colorado2025-greenBox_x014848_y006144
Unknown_Sample,20260226_279_Gen_Alg_10_8_2_Colorado2025-greenBox.czi,Gen_alg,574.47,15330.0,6271.0,31,31,103.01,0.954,20260226_279_Gen_Alg_10_8_2_Colorado2025-greenBox_x014848_y006144
Unknown_Sample,20260226_279_Gen_Alg_10_8_2_Colorado2025-greenBox.czi,Gen_alg,574.09,14978.0,6191.0,31,32,103.25,0.953,20260226_279_Gen_Alg_10_8_2_Colorado2025-greenBox_x014848_y006144
Unknown_Sample,20260226_279_Gen_Alg_10_8_2_Colorado2025-greenBox.czi,Gen_alg,764.55,15325.0,6606.0,35,37,119.5,0.949,20260226_279_Gen_Alg_10_8_2_Colorado2025-greenBox_x014848_y006144
Unknown_Sample,20260226_279_Gen_Alg_10_8_2_Colorado2025-greenBox.czi,Gen_alg,127.36,14851.0,6692.0,10,27,62.38,0.92,20260226_279_Gen_Alg_10_8_2_Colorado2025-greenBox_x014848_y006144
Unknown_Sample,20260226_279_Gen_Alg_10_8_2_Colorado2025-greenBox.czi,Gen_alg,223.17,14990.0,6777.0,28,14,72.97,0.887,20260226_279_Gen_Alg_10_8_2_Colorado2025-greenBox_x014848_y006144
Unknown_Sample,20260226_279_Gen_Alg_10_8_2_Colorado2025-greenBox.czi,Gen_alg,205.47,14905.0,6778.0,30,12,72.97,0.884,20260226_279_Gen_Alg_10_8_2_Colorado2025-greenBox_x014848_y006144
Unknown_Sample,20260226_279_Gen_Alg_10_8_2_Colorado2025-greenBox.czi,Gen_alg,623.72,15500.0,6643.0,31,32,106.18,0.958,20260226_279_Gen_Alg_10_8_2_Colorado2025-greenBox_x015360_y006144
Unknown_Sample,20260226_279_Gen_Alg_10_8_2_Colorado2025-greenBox.czi,Gen_alg,666.05,15714.0,6527.0,33,33,111.01,0.942,20260226_279_Gen_Alg_10_8_2_Colorado2025-greenBox_x015360_y006144
Unknown_Sample,20260226_279_Gen_Alg_10_8_2_Colorado2025-greenBox.czi,Gen_alg,773.02,15883.0,6296.0,37,36,120.33,0.936,20260226_279_Gen_Alg_10_8_2_Colorado2025-greenBox_x015360_y006144
Unknown_Sample,20260226_279_Gen_Alg_10_8_2_Colorado2025-greenBox.czi,Gen_alg,471.74,15554.0,6698.0,27,29,93.94,0.935,20260226_279_Gen_Alg_10_8_2_Colorado2025-greenBox_x015360_y006144
Unknown_Sample,20260226_279_Gen_Alg_10_8_2_Colorado2025-greenBox.czi,Gen_alg,722.61,15581.0,6718.0,35,33,113.25,0.907,20260226_279_Gen_Alg_10_8_2_Colorado2025-greenBox_x015360_y006144
Unknown_Sample,20260226_279_Gen_Alg_10_8_2_Colorado2025-greenBox.czi,Gen_alg,786.1,16167.0,6484.0,35,38,120.33,0.953,20260226_279_Gen_Alg_10_8_2_Colorado2025-greenBox_x015872_y006144
Unknown_Sample,20260226_279_Gen_Alg_10_8_2_Colorado2025-greenBox.czi,Gen_alg,660.28,15885.0,6296.0,30,36,112.77,0.951,20260226_279_Gen_Alg_10_8_2_Colorado2025-greenBox_x015872_y006144
Unknown_Sample,20260226_279_Gen_Alg_10_8_2_Colorado2025-greenBox.czi,Gen_alg,691.83,16152.0,6197.0,33,36,112.91,0.948,20260226_279_Gen_Alg_10_8_2_Colorado2025-greenBox_x015872_y006144
Unknown_Sample,20260226_279_Gen_Alg_10_8_2_Colorado2025-greenBox.czi,Gen_alg,544.84,16373.0,6272.0,30,29,99.94,0.928,20260226_279_Gen_Alg_10_8_2_Colorado2025-greenBox_x015872_y006144
Unknown_Sample,20260226_279_Gen_Alg_10_8_2_Colorado2025-greenBox.czi,Gen_alg,671.82,16019.0,6519.0,32,36,112.08,0.921,20260226_279_Gen_Alg_10_8_2_Colorado2025-greenBox_x015872_y006144
Unknown_Sample,20260226_279_Gen_Alg_10_8_2_Colorado2025-greenBox.czi,Gen_alg,672.59,16044.0,6537.0,34,35,111.74,0.88,20260226_279_Gen_Alg_10_8_2_Colorado2025-greenBox_x015872_y006144
Unknown_Sample,20260226_279_Gen_Alg_10_8_2_Colorado2025-greenBox.czi,Gen_alg,728.38,16768.0,6567.0,36,32,115.01,0.937,20260226_279_Gen_Alg_10_8_2_Colorado2025-greenBox_x016384_y006144
Unknown_Sample,20260226_279_Gen_Alg_10_8_2_Colorado2025-greenBox.czi,Gen_alg,563.31,595.0,6950.0,31,29,101.94,0.953,20260226_279_Gen_Alg_10_8_2_Colorado2025-greenBox_x000000_y006656
Unknown_Sample,20260226_279_Gen_Alg_10_8_2_Colorado2025-greenBox.czi,Gen_alg,566.78,596.0,7228.0,29,31,101.36,0.948,20260226_279_Gen_Alg_10_8_2_Colorado2025-greenBox_x000000_y006656
Unknown_Sample,20260226_279_Gen_Alg_10_8_2_Colorado2025-greenBox.czi,Gen_alg,616.41,597.0,6763.0,31,33,106.43,0.942,20260226_279_Gen_Alg_10_8_2_Colorado2025-greenBox_x000000_y006656
Unknown_Sample,20260226_279_Gen_Alg_10_8_2_Colorado2025-greenBox.czi,Gen_alg,719.53,1009.0,6881.0,35,34,114.08,0.956,20260226_279_Gen_Alg_10_8_2_Colorado2025-greenBox_x000512_y006656
Unknown_Sample,20260226_279_Gen_Alg_10_8_2_Colorado2025-greenBox.czi,Gen_alg,554.46,597.0,6763.0,29,31,100.18,0.955,20260226_279_Gen_Alg_10_8_2_Colorado2025-greenBox_x000512_y006656
Unknown_Sample,20260226_279_Gen_Alg_10_8_2_Colorado2025-greenBox.czi,Gen_alg,512.14,679.0,6822.0,28,30,96.18,0.951,20260226_279_Gen_Alg_10_8_2_Colorado2025-greenBox_x000512_y006656
Unknown_Sample,20260226_279_Gen_Alg_10_8_2_Colorado2025-greenBox.czi,Gen_alg,576.78,596.0,7228.0,30,31,102.18,0.948,20260226_279_Gen_Alg_10_8_2_Colorado2025-greenBox_x000512_y006656
Unknown_Sample,20260226_279_Gen_Alg_10_8_2_Colorado2025-greenBox.czi,Gen_alg,543.3,595.0,6950.0,30,29,98.77,0.947,20260226_279_Gen_Alg_10_8_2_Colorado2025-greenBox_x000512_y006656
Unknown_Sample,20260226_279_Gen_Alg_10_8_2_Colorado2025-greenBox.czi,Gen_alg,437.11,1117.0,6979.0,21,34,94.28,0.923,20260226_279_Gen_Alg_10_8_2_Colorado2025-greenBox_x000512_y006656
Unknown_Sample,20260226_279_Gen_Alg_10_8_2_Colorado2025-greenBox.czi,Gen_alg,701.83,1570.0,6670.0,35,32,114.77,0.968,20260226_279_Gen_Alg_10_8_2_Colorado2025-greenBox_x001024_y006656
Unknown_Sample,20260226_279_Gen_Alg_10_8_2_Colorado2025-greenBox.czi,Gen_alg,649.5,1344.0,6742.0,33,32,107.25,0.958,20260226_279_Gen_Alg_10_8_2_Colorado2025-greenBox_x001024_y006656
Unknown_Sample,20260226_279_Gen_Alg_10_8_2_Colorado2025-greenBox.czi,Gen_alg,439.03,1117.0,6979.0,21,34,94.87,0.922,20260226_279_Gen_Alg_10_8_2_Colorado2025-greenBox_x001024_y006656
Unknown_Sample,20260226_279_Gen_Alg_10_8_2_Colorado2025-greenBox.czi,Gen_alg,792.26,1977.0,6671.0,37,33,123.7,0.971,20260226_279_Gen_Alg_10_8_2_Colorado2025-greenBox_x001536_y006656
Unknown_Sample,20260226_279_Gen_Alg_10_8_2_Colorado2025-greenBox.czi,Gen_alg,702.6,1570.0,6670.0,35,32,114.77,0.968,20260226_279_Gen_Alg_10_8_2_Colorado2025-greenBox_x001536_y006656
Unknown_Sample,20260226_279_Gen_Alg_10_8_2_Colorado2025-greenBox.czi,Gen_alg,733.0,2056.0,7071.0,35,35,116.67,0.963,20260226_279_Gen_Alg_10_8_2_Colorado2025-greenBox_x001536_y006656
Unknown_Sample,20260226_279_Gen_Alg_10_8_2_Colorado2025-greenBox.czi,Gen_alg,731.85,1956.0,7109.0,35,35,117.25,0.962,20260226_279_Gen_Alg_10_8_2_Colorado2025-greenBox_x001536_y006656
Unknown_Sample,20260226_279_Gen_Alg_10_8_2_Colorado2025-greenBox.czi,Gen_alg,831.5,1989.0,7233.0,37,38,123.15,0.96,20260226_279_Gen_Alg_10_8_2_Colorado2025-greenBox_x001536_y006656
Unknown_Sample,20260226_279_Gen_Alg_10_8_2_Colorado2025-greenBox.czi,Gen_alg,288.97,1888.0,6937.0,23,22,74.87,0.951,20260226_279_Gen_Alg_10_8_2_Colorado2025-greenBox_x001536_y006656
Unknown_Sample,20260226_279_Gen_Alg_10_8_2_Colorado2025-greenBox.czi,Gen_alg,833.04,2191.0,7121.0,38,37,124.33,0.966,20260226_279_Gen_Alg_10_8_2_Colorado2025-greenBox_x002048_y006656
Unknown_Sample,20260226_279_Gen_Alg_10_8_2_Colorado2025-greenBox.czi,Gen_alg,583.71,2059.0,7071.0,26,35,108.04,0.964,20260226_279_Gen_Alg_10_8_2_Colorado2025-greenBox_x002048_y006656
Unknown_Sample,20260226_279_Gen_Alg_10_8_2_Colorado2025-greenBox.czi,Gen_alg,168.53,2683.0,6906.0,10,32,72.97,0.844,20260226_279_Gen_Alg_10_8_2_Colorado2025-greenBox_x002048_y006656
Unknown_Sample,20260226_279_Gen_Alg_10_8_2_Colorado2025-greenBox.czi,Gen_alg,708.37,3141.0,7263.0,35,34,112.33,0.963,20260226_279_Gen_Alg_10_8_2_Colorado2025-greenBox_x002560_y006656
Unknown_Sample,20260226_279_Gen_Alg_10_8_2_Colorado2025-greenBox.czi,Gen_alg,882.29,2854.0,7040.0,39,37,127.5,0.962,20260226_279_Gen_Alg_10_8_2_Colorado2025-greenBox_x002560_y006656
Unknown_Sample,20260226_279_Gen_Alg_10_8_2_Colorado2025-greenBox.czi,Gen_alg,699.52,2997.0,7156.0,34,33,113.6,0.961,20260226_279_Gen_Alg_10_8_2_Colorado2025-greenBox_x002560_y006656
Unknown_Sample,20260226_279_Gen_Alg_10_8_2_Colorado2025-greenBox.czi,Gen_alg,718.38,2916.0,6725.0,34,35,113.5,0.96,20260226_279_Gen_Alg_10_8_2_Colorado2025-greenBox_x002560_y006656
Unknown_Sample,20260226_279_Gen_Alg_10_8_2_Colorado2025-greenBox.czi,Gen_alg,647.96,2827.0,6669.0,34,30,111.11,0.959,20260226_279_Gen_Alg_10_8_2_Colorado2025-greenBox_x002560_y006656
Unknown_Sample,20260226_279_Gen_Alg_10_8_2_Colorado2025-greenBox.czi,Gen_alg,836.89,3071.0,6978.0,38,37,121.98,0.958,20260226_279_Gen_Alg_10_8_2_Colorado2025-greenBox_x002560_y006656
Unknown_Sample,20260226_279_Gen_Alg_10_8_2_Colorado2025-greenBox.czi,Gen_alg,741.08,3012.0,6892.0,35,36,116.91,0.958,20260226_279_Gen_Alg_10_8_2_Colorado2025-greenBox_x002560_y006656
Unknown_Sample,20260226_279_Gen_Alg_10_8_2_Colorado2025-greenBox.czi,Gen_alg,849.2,2696.0,6906.0,38,38,125.15,0.955,20260226_279_Gen_Alg_10_8_2_Colorado2025-greenBox_x002560_y006656
Unknown_Sample,20260226_279_Gen_Alg_10_8_2_Colorado2025-greenBox.czi,Gen_alg,657.58,2710.0,6870.0,31,35,109.84,0.95,20260226_279_Gen_Alg_10_8_2_Colorado2025-greenBox_x002560_y006656
Unknown_Sample,20260226_279_Gen_Alg_10_8_2_Colorado2025-greenBox.czi,Gen_alg,626.03,3476.0,7135.0,33,32,107.84,0.964,20260226_279_Gen_Alg_10_8_2_Colorado2025-greenBox_x003072_y006656
Unknown_Sample,20260226_279_Gen_Alg_10_8_2_Colorado2025-greenBox.czi,Gen_alg,707.22,3141.0,7263.0,35,34,112.91,0.963,20260226_279_Gen_Alg_10_8_2_Colorado2025-greenBox_x003072_y006656
Unknown_Sample,20260226_279_Gen_Alg_10_8_2_Colorado2025-greenBox.czi,Gen_alg,732.23,3515.0,6785.0,35,35,115.5,0.962,20260226_279_Gen_Alg_10_8_2_Colorado2025-greenBox_x003072_y006656
Unknown_Sample,20260226_279_Gen_Alg_10_8_2_Colorado2025-greenBox.czi,Gen_alg,582.55,3224.0,7098.0,30,32,102.43,0.959,20260226_279_Gen_Alg_10_8_2_Colorado2025-greenBox_x003072_y006656
Unknown_Sample,20260226_279_Gen_Alg_10_8_2_Colorado2025-greenBox.czi,Gen_alg,402.86,3079.0,6978.0,19,37,95.7,0.94,20260226_279_Gen_Alg_10_8_2_Colorado2025-greenBox_x003072_y006656
Unknown_Sample,20260226_279_Gen_Alg_10_8_2_Colorado2025-greenBox.czi,Gen_alg,305.13,3611.0,7287.0,29,17,80.38,0.916,20260226_279_Gen_Alg_10_8_2_Colorado2025-greenBox_x003072_y006656
Unknown_Sample,20260226_279_Gen_Alg_10_8_2_Colorado2025-greenBox.czi,Gen_alg,756.47,4136.0,7065.0,35,35,117.25,0.964,20260226_279_Gen_Alg_10_8_2_Colorado2025-greenBox_x003584_y006656
Unknown_Sample,20260226_279_Gen_Alg_10_8_2_Colorado2025-greenBox.czi,Gen_alg,738.0,4095.0,7197.0,35,34,116.43,0.963,20260226_279_Gen_Alg_10_8_2_Colorado2025-greenBox_x003584_y006656
Unknown_Sample,20260226_279_Gen_Alg_10_8_2_Colorado2025-greenBox.czi,Gen_alg,678.75,3949.0,7108.0,33,34,111.25,0.959,20260226_279_Gen_Alg_10_8_2_Colorado2025-greenBox_x003584_y006656
Unknown_Sample,20260226_279_Gen_Alg_10_8_2_Colorado2025-greenBox.czi,Gen_alg,659.12,3965.0,7070.0,32,34,109.84,0.958,20260226_279_Gen_Alg_10_8_2_Colorado2025-greenBox_x003584_y006656
Unknown_Sample,20260226_279_Gen_Alg_10_8_2_Colorado2025-greenBox.czi,Gen_alg,723.0,4204.0,7195.0,33,36,115.84,0.952,20260226_279_Gen_Alg_10_8_2_Colorado2025-greenBox_x003584_y006656
Unknown_Sample,20260226_279_Gen_Alg_10_8_2_Colorado2025-greenBox.czi,Gen_alg,306.28,3611.0,7287.0,29,17,80.97,0.918,20260226_279_Gen_Alg_10_8_2_Colorado2025-greenBox_x003584_y006656
Unknown_Sample,20260226_279_Gen_Alg_10_8_2_Colorado2025-greenBox.czi,Gen_alg,766.48,4135.0,7065.0,36,35,118.08,0.964,20260226_279_Gen_Alg_10_8_2_Colorado2025-greenBox_x004096_y006656
Unknown_Sample,20260226_279_Gen_Alg_10_8_2_Colorado2025-greenBox.czi,Gen_alg,769.94,4706.0,6923.0,38,33,118.67,0.963,20260226_279_Gen_Alg_10_8_2_Colorado2025-greenBox_x004096_y006656
Unknown_Sample,20260226_279_Gen_Alg_10_8_2_Colorado2025-greenBox.czi,Gen_alg,674.13,4706.0,7267.0,33,33,111.6,0.961,20260226_279_Gen_Alg_10_8_2_Colorado2025-greenBox_x004096_y006656
Unknown_Sample,20260226_279_Gen_Alg_10_8_2_Colorado2025-greenBox.czi,Gen_alg,711.84,4358.0,6683.0,34,35,114.08,0.96,20260226_279_Gen_Alg_10_8_2_Colorado2025-greenBox_x004096_y006656
Unknown_Sample,20260226_279_Gen_Alg_10_8_2_Colorado2025-greenBox.czi,Gen_alg,734.92,4204.0,7195.0,34,36,116.08,0.957,20260226_279_Gen_Alg_10_8_2_Colorado2025-greenBox_x004096_y006656
Unknown_Sample,20260226_279_Gen_Alg_10_8_2_Colorado2025-greenBox.czi,Gen_alg,362.84,4103.0,7196.0,18,34,90.04,0.953,20260226_279_Gen_Alg_10_8_2_Colorado2025-greenBox_x004096_y006656
Unknown_Sample,20260226_279_Gen_Alg_10_8_2_Colorado2025-greenBox.czi,Gen_alg,596.4,4481.0,7179.0,30,33,104.43,0.952,20260226_279_Gen_Alg_10_8_2_Colorado2025-greenBox_x004096_y006656
Unknown_Sample,20260226_279_Gen_Alg_10_8_2_Colorado2025-greenBox.czi,Gen_alg,651.43,4491.0,7146.0,34,33,110.67,0.952,20260226_279_Gen_Alg_10_8_2_Colorado2025-greenBox_x004096_y006656
Unknown_Sample,20260226_279_Gen_Alg_10_8_2_Colorado2025-greenBox.czi,Gen_alg,148.91,4683.0,6659.0,30,10,67.21,0.937,20260226_279_Gen_Alg_10_8_2_Colorado2025-greenBox_x004096_y006656
Unknown_Sample,20260226_279_Gen_Alg_10_8_2_Colorado2025-greenBox.czi,Gen_alg,769.17,4706.0,6923.0,38,33,118.67,0.964,20260226_279_Gen_Alg_10_8_2_Colorado2025-greenBox_x004608_y006656
Unknown_Sample,20260226_279_Gen_Alg_10_8_2_Colorado2025-greenBox.czi,Gen_alg,719.53,4745.0,6985.0,34,34,114.43,0.963,20260226_279_Gen_Alg_10_8_2_Colorado2025-greenBox_x004608_y006656
Unknown_Sample,20260226_279_Gen_Alg_10_8_2_Colorado2025-greenBox.czi,Gen_alg,675.67,4706.0,7267.0,33,33,111.6,0.962,20260226_279_Gen_Alg_10_8_2_Colorado2025-greenBox_x004608_y006656
Unknown_Sample,20260226_279_Gen_Alg_10_8_2_Colorado2025-greenBox.czi,Gen_alg,925.0,5230.0,6946.0,37,39,132.77,0.952,20260226_279_Gen_Alg_10_8_2_Colorado2025-greenBox_x004608_y006656
Unknown_Sample,20260226_279_Gen_Alg_10_8_2_Colorado2025-greenBox.czi,Gen_alg,148.91,4683.0,6659.0,30,10,67.21,0.937,20260226_279_Gen_Alg_10_8_2_Colorado2025-greenBox_x004608_y006656
Unknown_Sample,20260226_279_Gen_Alg_10_8_2_Colorado2025-greenBox.czi,Gen_alg,998.5,5231.0,6946.0,42,39,135.15,0.962,20260226_279_Gen_Alg_10_8_2_Colorado2025-greenBox_x005120_y006656
Unknown_Sample,20260226_279_Gen_Alg_10_8_2_Colorado2025-greenBox.czi,Gen_alg,774.17,5960.0,6967.0,35,36,119.25,0.964,20260226_279_Gen_Alg_10_8_2_Colorado2025-greenBox_x005632_y006656
Unknown_Sample,20260226_279_Gen_Alg_10_8_2_Colorado2025-greenBox.czi,Gen_alg,1061.98,6163.0,6750.0,41,44,139.05,0.961,20260226_279_Gen_Alg_10_8_2_Colorado2025-greenBox_x005632_y006656
Unknown_Sample,20260226_279_Gen_Alg_10_8_2_Colorado2025-greenBox.czi,Gen_alg,721.84,6106.0,6812.0,36,33,116.43,0.959,20260226_279_Gen_Alg_10_8_2_Colorado2025-greenBox_x005632_y006656
Unknown_Sample,20260226_279_Gen_Alg_10_8_2_Colorado2025-greenBox.czi,Gen_alg,826.89,5941.0,6699.0,37,37,123.5,0.958,20260226_279_Gen_Alg_10_8_2_Colorado2025-greenBox_x005632_y006656
Unknown_Sample,20260226_279_Gen_Alg_10_8_2_Colorado2025-greenBox.czi,Gen_alg,594.48,6445.0,7156.0,31,31,104.18,0.963,20260226_279_Gen_Alg_10_8_2_Colorado2025-greenBox_x006144_y006656
Unknown_Sample,20260226_279_Gen_Alg_10_8_2_Colorado2025-greenBox.czi,Gen_alg,1051.98,6163.0,6750.0,40,44,139.4,0.962,20260226_279_Gen_Alg_10_8_2_Colorado2025-greenBox_x006144_y006656
Unknown_Sample,20260226_279_Gen_Alg_10_8_2_Colorado2025-greenBox.czi,Gen_alg,681.05,6580.0,7034.0,34,33,111.25,0.962,20260226_279_Gen_Alg_10_8_2_Colorado2025-greenBox_x006144_y006656
Unknown_Sample,20260226_279_Gen_Alg_10_8_2_Colorado2025-greenBox.czi,Gen_alg,565.24,6501.0,6801.0,29,32,102.18,0.96,20260226_279_Gen_Alg_10_8_2_Colorado2025-greenBox_x006144_y006656
Unknown_Sample,20260226_279_Gen_Alg_10_8_2_Colorado2025-greenBox.czi,Gen_alg,476.74,6604.0,6733.0,28,28,93.36,0.954,20260226_279_Gen_Alg_10_8_2_Colorado2025-greenBox_x006144_y006656
Unknown_Sample,20260226_279_Gen_Alg_10_8_2_Colorado2025-greenBox.czi,Gen_alg,236.64,6577.0,7233.0,23,21,71.7,0.782,20260226_279_Gen_Alg_10_8_2_Colorado2025-greenBox_x006144_y006656
Unknown_Sample,20260226_279_Gen_Alg_10_8_2_Colorado2025-greenBox.czi,Gen_alg,514.45,6941.0,6939.0,29,30,98.18,0.958,20260226_279_Gen_Alg_10_8_2_Colorado2025-greenBox_x006656_y006656
Unknown_Sample,20260226_279_Gen_Alg_10_8_2_Colorado2025-greenBox.czi,Gen_alg,869.21,7242.0,6806.0,36,40,123.98,0.958,20260226_279_Gen_Alg_10_8_2_Colorado2025-greenBox_x006656_y006656
Unknown_Sample,20260226_279_Gen_Alg_10_8_2_Colorado2025-greenBox.czi,Gen_alg,766.48,7623.0,7127.0,37,34,118.08,0.964,20260226_279_Gen_Alg_10_8_2_Colorado2025-greenBox_x007168_y006656
Unknown_Sample,20260226_279_Gen_Alg_10_8_2_Colorado2025-greenBox.czi,Gen_alg,662.59,7747.0,6972.0,34,32,111.6,0.961,20260226_279_Gen_Alg_10_8_2_Colorado2025-greenBox_x007168_y006656
Unknown_Sample,20260226_279_Gen_Alg_10_8_2_Colorado2025-greenBox.czi,Gen_alg,800.34,7658.0,7204.0,36,36,120.08,0.961,20260226_279_Gen_Alg_10_8_2_Colorado2025-greenBox_x007168_y006656
Unknown_Sample,20260226_279_Gen_Alg_10_8_2_Colorado2025-greenBox.czi,Gen_alg,706.45,7745.0,7189.0,32,36,113.25,0.96,20260226_279_Gen_Alg_10_8_2_Colorado2025-greenBox_x007168_y006656
Unknown_Sample,20260226_279_Gen_Alg_10_8_2_Colorado2025-greenBox.czi,Gen_alg,722.23,7552.0,6731.0,33,36,114.67,0.96,20260226_279_Gen_Alg_10_8_2_Colorado2025-greenBox_x007168_y006656
Unknown_Sample,20260226_279_Gen_Alg_10_8_2_Colorado2025-greenBox.czi,Gen_alg,566.39,7748.0,6730.0,30,31,101.6,0.958,20260226_279_Gen_Alg_10_8_2_Colorado2025-greenBox_x007168_y006656
Unknown_Sample,20260226_279_Gen_Alg_10_8_2_Colorado2025-greenBox.czi,Gen_alg,832.27,7363.0,7241.0,38,37,123.15,0.958,20260226_279_Gen_Alg_10_8_2_Colorado2025-greenBox_x007168_y006656
Unknown_Sample,20260226_279_Gen_Alg_10_8_2_Colorado2025-greenBox.czi,Gen_alg,869.21,7242.0,6806.0,36,40,123.98,0.958,20260226_279_Gen_Alg_10_8_2_Colorado2025-greenBox_x007168_y006656
Unknown_Sample,20260226_279_Gen_Alg_10_8_2_Colorado2025-greenBox.czi,Gen_alg,683.36,7737.0,6834.0,35,33,112.08,0.957,20260226_279_Gen_Alg_10_8_2_Colorado2025-greenBox_x007168_y006656
Unknown_Sample,20260226_279_Gen_Alg_10_8_2_Colorado2025-greenBox.czi,Gen_alg,532.15,7436.0,7160.0,31,30,99.84,0.956,20260226_279_Gen_Alg_10_8_2_Colorado2025-greenBox_x007168_y006656
Unknown_Sample,20260226_279_Gen_Alg_10_8_2_Colorado2025-greenBox.czi,Gen_alg,630.26,7756.0,6767.0,35,29,107.6,0.954,20260226_279_Gen_Alg_10_8_2_Colorado2025-greenBox_x007168_y006656
Unknown_Sample,20260226_279_Gen_Alg_10_8_2_Colorado2025-greenBox.czi,Gen_alg,373.62,7423.0,7023.0,19,32,86.87,0.937,20260226_279_Gen_Alg_10_8_2_Colorado2025-greenBox_x007168_y006656
Unknown_Sample,20260226_279_Gen_Alg_10_8_2_Colorado2025-greenBox.czi,Gen_alg,757.24,8282.0,6868.0,34,36,118.43,0.962,20260226_279_Gen_Alg_10_8_2_Colorado2025-greenBox_x007680_y006656
Unknown_Sample,20260226_279_Gen_Alg_10_8_2_Colorado2025-greenBox.czi,Gen_alg,661.82,7747.0,6972.0,34,32,111.6,0.962,20260226_279_Gen_Alg_10_8_2_Colorado2025-greenBox_x007680_y006656
Unknown_Sample,20260226_279_Gen_Alg_10_8_2_Colorado2025-greenBox.czi,Gen_alg,697.98,7868.0,6685.0,32,37,115.25,0.96,20260226_279_Gen_Alg_10_8_2_Colorado2025-greenBox_x007680_y006656
Unknown_Sample,20260226_279_Gen_Alg_10_8_2_Colorado2025-greenBox.czi,Gen_alg,706.45,7745.0,7189.0,32,36,113.25,0.96,20260226_279_Gen_Alg_10_8_2_Colorado2025-greenBox_x007680_y006656
Unknown_Sample,20260226_279_Gen_Alg_10_8_2_Colorado2025-greenBox.czi,Gen_alg,704.91,7881.0,7239.0,35,34,114.08,0.96,20260226_279_Gen_Alg_10_8_2_Colorado2025-greenBox_x007680_y006656
Unknown_Sample,20260226_279_Gen_Alg_10_8_2_Colorado2025-greenBox.czi,Gen_alg,712.61,7903.0,6711.0,36,33,114.08,0.96,20260226_279_Gen_Alg_10_8_2_Colorado2025-greenBox_x007680_y006656
Unknown_Sample,20260226_279_Gen_Alg_10_8_2_Colorado2025-greenBox.czi,Gen_alg,664.51,8135.0,6902.0,31,35,109.84,0.958,20260226_279_Gen_Alg_10_8_2_Colorado2025-greenBox_x007680_y006656
Unknown_Sample,20260226_279_Gen_Alg_10_8_2_Colorado2025-greenBox.czi,Gen_alg,566.39,7748.0,6730.0,30,31,101.6,0.958,20260226_279_Gen_Alg_10_8_2_Colorado2025-greenBox_x007680_y006656
Unknown_Sample,20260226_279_Gen_Alg_10_8_2_Colorado2025-greenBox.czi,Gen_alg,682.21,7737.0,6834.0,35,33,112.67,0.957,20260226_279_Gen_Alg_10_8_2_Colorado2025-greenBox_x007680_y006656
Unknown_Sample,20260226_279_Gen_Alg_10_8_2_Colorado2025-greenBox.czi,Gen_alg,630.26,7756.0,6767.0,35,29,107.6,0.954,20260226_279_Gen_Alg_10_8_2_Colorado2025-greenBox_x007680_y006656
Unknown_Sample,20260226_279_Gen_Alg_10_8_2_Colorado2025-greenBox.czi,Gen_alg,800.34,8239.0,7164.0,34,40,121.74,0.953,20260226_279_Gen_Alg_10_8_2_Colorado2025-greenBox_x007680_y006656
Unknown_Sample,20260226_279_Gen_Alg_10_8_2_Colorado2025-greenBox.czi,Gen_alg,754.55,8262.0,7203.0,35,35,116.67,0.951,20260226_279_Gen_Alg_10_8_2_Colorado2025-greenBox_x007680_y006656
Unknown_Sample,20260226_279_Gen_Alg_10_8_2_Colorado2025-greenBox.czi,Gen_alg,276.27,8112.0,7063.0,26,18,74.63,0.93,20260226_279_Gen_Alg_10_8_2_Colorado2025-greenBox_x007680_y006656
Unknown_Sample,20260226_279_Gen_Alg_10_8_2_Colorado2025-greenBox.czi,Gen_alg,803.41,8282.0,6868.0,35,37,120.08,0.953,20260226_279_Gen_Alg_10_8_2_Colorado2025-greenBox_x008192_y006656
Unknown_Sample,20260226_279_Gen_Alg_10_8_2_Colorado2025-greenBox.czi,Gen_alg,804.18,8239.0,7164.0,34,40,121.74,0.952,20260226_279_Gen_Alg_10_8_2_Colorado2025-greenBox_x008192_y006656
Unknown_Sample,20260226_279_Gen_Alg_10_8_2_Colorado2025-greenBox.czi,Gen_alg,759.93,8262.0,7203.0,35,35,116.67,0.95,20260226_279_Gen_Alg_10_8_2_Colorado2025-greenBox_x008192_y006656
Unknown_Sample,20260226_279_Gen_Alg_10_8_2_Colorado2025-greenBox.czi,Gen_alg,643.73,8524.0,6956.0,32,33,106.67,0.949,20260226_279_Gen_Alg_10_8_2_Colorado2025-greenBox_x008192_y006656
Unknown_Sample,20260226_279_Gen_Alg_10_8_2_Colorado2025-greenBox.czi,Gen_alg,659.51,8709.0,6845.0,32,33,109.6,0.94,20260226_279_Gen_Alg_10_8_2_Colorado2025-greenBox_x008192_y006656
Unknown_Sample,20260226_279_Gen_Alg_10_8_2_Colorado2025-greenBox.czi,Gen_alg,747.24,8379.0,7174.0,33,36,116.43,0.927,20260226_279_Gen_Alg_10_8_2_Colorado2025-greenBox_x008192_y006656
Unknown_Sample,20260226_279_Gen_Alg_10_8_2_Colorado2025-greenBox.czi,Gen_alg,677.98,8594.0,6961.0,32,34,110.43,0.926,20260226_279_Gen_Alg_10_8_2_Colorado2025-greenBox_x008192_y006656
Unknown_Sample,20260226_279_Gen_Alg_10_8_2_Colorado2025-greenBox.czi,Gen_alg,283.58,8825.0,6813.0,14,34,84.38,0.861,20260226_279_Gen_Alg_10_8_2_Colorado2025-greenBox_x008192_y006656
Unknown_Sample,20260226_279_Gen_Alg_10_8_2_Colorado2025-greenBox.czi,Gen_alg,767.63,9044.0,6738.0,35,36,117.5,0.937,20260226_279_Gen_Alg_10_8_2_Colorado2025-greenBox_x008704_y006656
Unknown_Sample,20260226_279_Gen_Alg_10_8_2_Colorado2025-greenBox.czi,Gen_alg,768.01,8835.0,6814.0,37,34,118.08,0.933,20260226_279_Gen_Alg_10_8_2_Colorado2025-greenBox_x008704_y006656
Unknown_Sample,20260226_279_Gen_Alg_10_8_2_Colorado2025-greenBox.czi,Gen_alg,473.28,8713.0,6844.0,22,34,98.63,0.933,20260226_279_Gen_Alg_10_8_2_Colorado2025-greenBox_x008704_y006656
Unknown_Sample,20260226_279_Gen_Alg_10_8_2_Colorado2025-greenBox.czi,Gen_alg,569.85,9254.0,6711.0,31,31,101.84,0.923,20260226_279_Gen_Alg_10_8_2_Colorado2025-greenBox_x008704_y006656
Unknown_Sample,20260226_279_Gen_Alg_10_8_2_Colorado2025-greenBox.czi,Gen_alg,820.34,9178.0,6745.0,37,37,121.74,0.923,20260226_279_Gen_Alg_10_8_2_Colorado2025-greenBox_x008704_y006656
Unknown_Sample,20260226_279_Gen_Alg_10_8_2_Colorado2025-greenBox.czi,Gen_alg,457.88,9146.0,6740.0,27,27,92.28,0.923,20260226_279_Gen_Alg_10_8_2_Colorado2025-greenBox_x008704_y006656
Unknown_Sample,20260226_279_Gen_Alg_10_8_2_Colorado2025-greenBox.czi,Gen_alg,582.17,9317.0,6678.0,30,31,103.36,0.918,20260226_279_Gen_Alg_10_8_2_Colorado2025-greenBox_x008704_y006656
Unknown_Sample,20260226_279_Gen_Alg_10_8_2_Colorado2025-greenBox.czi,Gen_alg,574.86,9225.0,6727.0,32,30,101.25,0.908,20260226_279_Gen_Alg_10_8_2_Colorado2025-greenBox_x008704_y006656
Unknown_Sample,20260226_279_Gen_Alg_10_8_2_Colorado2025-greenBox.czi,Gen_alg,772.25,9719.0,7093.0,34,37,117.5,0.946,20260226_279_Gen_Alg_10_8_2_Colorado2025-greenBox_x009216_y006656
Unknown_Sample,20260226_279_Gen_Alg_10_8_2_Colorado2025-greenBox.czi,Gen_alg,765.32,9687.0,6701.0,36,34,117.84,0.943,20260226_279_Gen_Alg_10_8_2_Colorado2025-greenBox_x009216_y006656
Unknown_Sample,20260226_279_Gen_Alg_10_8_2_Colorado2025-greenBox.czi,Gen_alg,665.28,9690.0,6778.0,32,34,111.01,0.942,20260226_279_Gen_Alg_10_8_2_Colorado2025-greenBox_x009216_y006656
Unknown_Sample,20260226_279_Gen_Alg_10_8_2_Colorado2025-greenBox.czi,Gen_alg,828.04,9673.0,6872.0,38,35,123.25,0.942,20260226_279_Gen_Alg_10_8_2_Colorado2025-greenBox_x009216_y006656
Unknown_Sample,20260226_279_Gen_Alg_10_8_2_Colorado2025-greenBox.czi,Gen_alg,946.17,9651.0,7068.0,40,38,131.5,0.924,20260226_279_Gen_Alg_10_8_2_Colorado2025-greenBox_x009216_y006656
Unknown_Sample,20260226_279_Gen_Alg_10_8_2_Colorado2025-greenBox.czi,Gen_alg,567.16,9254.0,6711.0,30,31,101.6,0.919,20260226_279_Gen_Alg_10_8_2_Colorado2025-greenBox_x009216_y006656
Unknown_Sample,20260226_279_Gen_Alg_10_8_2_Colorado2025-greenBox.czi,Gen_alg,761.86,9639.0,7029.0,35,36,119.25,0.918,20260226_279_Gen_Alg_10_8_2_Colorado2025-greenBox_x009216_y006656
Unknown_Sample,20260226_279_Gen_Alg_10_8_2_Colorado2025-greenBox.czi,Gen_alg,334.76,9681.0,6824.0,20,27,80.63,0.918,20260226_279_Gen_Alg_10_8_2_Colorado2025-greenBox_x009216_y006656
Unknown_Sample,20260226_279_Gen_Alg_10_8_2_Colorado2025-greenBox.czi,Gen_alg,589.86,9318.0,6678.0,31,31,104.18,0.916,20260226_279_Gen_Alg_10_8_2_Colorado2025-greenBox_x009216_y006656
Unknown_Sample,20260226_279_Gen_Alg_10_8_2_Colorado2025-greenBox.czi,Gen_alg,509.06,9845.0,7127.0,22,38,104.87,0.911,20260226_279_Gen_Alg_10_8_2_Colorado2025-greenBox_x009216_y006656
Unknown_Sample,20260226_279_Gen_Alg_10_8_2_Colorado2025-greenBox.czi,Gen_alg,510.6,9227.0,6727.0,27,30,98.87,0.908,20260226_279_Gen_Alg_10_8_2_Colorado2025-greenBox_x009216_y006656
Unknown_Sample,20260226_279_Gen_Alg_10_8_2_Colorado2025-greenBox.czi,Gen_alg,816.11,10339.0,7192.0,36,36,121.84,0.961,20260226_279_Gen_Alg_10_8_2_Colorado2025-greenBox_x009728_y006656
Unknown_Sample,20260226_279_Gen_Alg_10_8_2_Colorado2025-greenBox.czi,Gen_alg,851.13,9852.0,7127.0,37,38,123.74,0.961,20260226_279_Gen_Alg_10_8_2_Colorado2025-greenBox_x009728_y006656
Unknown_Sample,20260226_279_Gen_Alg_10_8_2_Colorado2025-greenBox.czi,Gen_alg,771.86,10330.0,6776.0,35,35,118.43,0.96,20260226_279_Gen_Alg_10_8_2_Colorado2025-greenBox_x009728_y006656
Unknown_Sample,20260226_279_Gen_Alg_10_8_2_Colorado2025-greenBox.czi,Gen_alg,797.26,10085.0,6764.0,36,36,120.08,0.959,20260226_279_Gen_Alg_10_8_2_Colorado2025-greenBox_x009728_y006656
Unknown_Sample,20260226_279_Gen_Alg_10_8_2_Colorado2025-greenBox.czi,Gen_alg,728.0,10161.0,6684.0,34,35,115.25,0.959,20260226_279_Gen_Alg_10_8_2_Colorado2025-greenBox_x009728_y006656
Unknown_Sample,20260226_279_Gen_Alg_10_8_2_Colorado2025-greenBox.czi,Gen_alg,746.08,9907.0,7100.0,35,35,115.5,0.959,20260226_279_Gen_Alg_10_8_2_Colorado2025-greenBox_x009728_y006656
Unknown_Sample,20260226_279_Gen_Alg_10_8_2_Colorado2025-greenBox.czi,Gen_alg,701.06,9994.0,6724.0,34,34,113.25,0.958,20260226_279_Gen_Alg_10_8_2_Colorado2025-greenBox_x009728_y006656
Unknown_Sample,20260226_279_Gen_Alg_10_8_2_Colorado2025-greenBox.czi,Gen_alg,778.79,10308.0,7086.0,36,36,118.91,0.956,20260226_279_Gen_Alg_10_8_2_Colorado2025-greenBox_x009728_y006656
Unknown_Sample,20260226_279_Gen_Alg_10_8_2_Colorado2025-greenBox.czi,Gen_alg,642.19,10005.0,6858.0,32,33,107.84,0.956,20260226_279_Gen_Alg_10_8_2_Colorado2025-greenBox_x009728_y006656
Unknown_Sample,20260226_279_Gen_Alg_10_8_2_Colorado2025-greenBox.czi,Gen_alg,820.34,9957.0,6964.0,37,36,120.91,0.955,20260226_279_Gen_Alg_10_8_2_Colorado2025-greenBox_x009728_y006656
Unknown_Sample,20260226_279_Gen_Alg_10_8_2_Colorado2025-greenBox.czi,Gen_alg,422.1,10290.0,6935.0,26,26,88.87,0.954,20260226_279_Gen_Alg_10_8_2_Colorado2025-greenBox_x009728_y006656
Unknown_Sample,20260226_279_Gen_Alg_10_8_2_Colorado2025-greenBox.czi,Gen_alg,780.71,10153.0,7195.0,36,36,119.5,0.94,20260226_279_Gen_Alg_10_8_2_Colorado2025-greenBox_x009728_y006656
Unknown_Sample,20260226_279_Gen_Alg_10_8_2_Colorado2025-greenBox.czi,Gen_alg,738.77,10528.0,7221.0,34,37,116.91,0.962,20260226_279_Gen_Alg_10_8_2_Colorado2025-greenBox_x010240_y006656
Unknown_Sample,20260226_279_Gen_Alg_10_8_2_Colorado2025-greenBox.czi,Gen_alg,778.4,10752.0,6899.0,36,36,119.5,0.962,20260226_279_Gen_Alg_10_8_2_Colorado2025-greenBox_x010240_y006656
Unknown_Sample,20260226_279_Gen_Alg_10_8_2_Colorado2025-greenBox.czi,Gen_alg,793.41,10339.0,7192.0,36,35,120.43,0.962,20260226_279_Gen_Alg_10_8_2_Colorado2025-greenBox_x010240_y006656
Unknown_Sample,20260226_279_Gen_Alg_10_8_2_Colorado2025-greenBox.czi,Gen_alg,677.21,10682.0,6870.0,35,32,111.25,0.961,20260226_279_Gen_Alg_10_8_2_Colorado2025-greenBox_x010240_y006656
Unknown_Sample,20260226_279_Gen_Alg_10_8_2_Colorado2025-greenBox.czi,Gen_alg,771.09,10330.0,6776.0,35,35,118.43,0.96,20260226_279_Gen_Alg_10_8_2_Colorado2025-greenBox_x010240_y006656
Unknown_Sample,20260226_279_Gen_Alg_10_8_2_Colorado2025-greenBox.czi,Gen_alg,542.15,10717.0,7237.0,29,31,100.18,0.96,20260226_279_Gen_Alg_10_8_2_Colorado2025-greenBox_x010240_y006656
Unknown_Sample,20260226_279_Gen_Alg_10_8_2_Colorado2025-greenBox.czi,Gen_alg,667.97,10673.0,7173.0,32,35,110.08,0.959,20260226_279_Gen_Alg_10_8_2_Colorado2025-greenBox_x010240_y006656
Unknown_Sample,20260226_279_Gen_Alg_10_8_2_Colorado2025-greenBox.czi,Gen_alg,766.86,10308.0,7086.0,36,36,119.5,0.959,20260226_279_Gen_Alg_10_8_2_Colorado2025-greenBox_x010240_y006656
Unknown_Sample,20260226_279_Gen_Alg_10_8_2_Colorado2025-greenBox.czi,Gen_alg,553.31,10582.0,7101.0,32,29,100.43,0.958,20260226_279_Gen_Alg_10_8_2_Colorado2025-greenBox_x010240_y006656
Unknown_Sample,20260226_279_Gen_Alg_10_8_2_Colorado2025-greenBox.czi,Gen_alg,419.41,10290.0,6935.0,26,26,87.11,0.958,20260226_279_Gen_Alg_10_8_2_Colorado2025-greenBox_x010240_y006656
Unknown_Sample,20260226_279_Gen_Alg_10_8_2_Colorado2025-greenBox.czi,Gen_alg,345.53,10863.0,6679.0,19,30,82.28,0.938,20260226_279_Gen_Alg_10_8_2_Colorado2025-greenBox_x010240_y006656
Unknown_Sample,20260226_279_Gen_Alg_10_8_2_Colorado2025-greenBox.czi,Gen_alg,779.94,10968.0,7252.0,37,35,118.33,0.964,20260226_279_Gen_Alg_10_8_2_Colorado2025-greenBox_x010752_y006656
Unknown_Sample,20260226_279_Gen_Alg_10_8_2_Colorado2025-greenBox.czi,Gen_alg,655.27,11303.0,7001.0,33,33,109.84,0.963,20260226_279_Gen_Alg_10_8_2_Colorado2025-greenBox_x010752_y006656
Unknown_Sample,20260226_279_Gen_Alg_10_8_2_Colorado2025-greenBox.czi,Gen_alg,828.04,11046.0,6914.0,37,37,122.91,0.962,20260226_279_Gen_Alg_10_8_2_Colorado2025-greenBox_x010752_y006656
Unknown_Sample,20260226_279_Gen_Alg_10_8_2_Colorado2025-greenBox.czi,Gen_alg,399.01,10759.0,6899.0,19,36,94.87,0.948,20260226_279_Gen_Alg_10_8_2_Colorado2025-greenBox_x010752_y006656
Unknown_Sample,20260226_279_Gen_Alg_10_8_2_Colorado2025-greenBox.czi,Gen_alg,343.61,10863.0,6679.0,19,30,81.7,0.943,20260226_279_Gen_Alg_10_8_2_Colorado2025-greenBox_x010752_y006656
Unknown_Sample,20260226_279_Gen_Alg_10_8_2_Colorado2025-greenBox.czi,Gen_alg,626.8,11649.0,7196.0,32,32,107.01,0.963,20260226_279_Gen_Alg_10_8_2_Colorado2025-greenBox_x011264_y006656
Unknown_Sample,20260226_279_Gen_Alg_10_8_2_Colorado2025-greenBox.czi,Gen_alg,663.74,11746.0,6876.0,33,33,108.67,0.962,20260226_279_Gen_Alg_10_8_2_Colorado2025-greenBox_x011264_y006656
Unknown_Sample,20260226_279_Gen_Alg_10_8_2_Colorado2025-greenBox.czi,Gen_alg,652.58,11303.0,7001.0,32,33,108.43,0.962,20260226_279_Gen_Alg_10_8_2_Colorado2025-greenBox_x011264_y006656
Unknown_Sample,20260226_279_Gen_Alg_10_8_2_Colorado2025-greenBox.czi,Gen_alg,659.12,11421.0,6905.0,34,32,109.84,0.961,20260226_279_Gen_Alg_10_8_2_Colorado2025-greenBox_x011264_y006656
Unknown_Sample,20260226_279_Gen_Alg_10_8_2_Colorado2025-greenBox.czi,Gen_alg,744.16,11624.0,6683.0,35,35,114.91,0.959,20260226_279_Gen_Alg_10_8_2_Colorado2025-greenBox_x011264_y006656
Unknown_Sample,20260226_279_Gen_Alg_10_8_2_Colorado2025-greenBox.czi,Gen_alg,785.71,11418.0,6777.0,36,35,118.08,0.959,20260226_279_Gen_Alg_10_8_2_Colorado2025-greenBox_x011264_y006656
Unknown_Sample,20260226_279_Gen_Alg_10_8_2_Colorado2025-greenBox.czi,Gen_alg,811.11,11594.0,6734.0,36,37,120.91,0.959,20260226_279_Gen_Alg_10_8_2_Colorado2025-greenBox_x011264_y006656
Unknown_Sample,20260226_279_Gen_Alg_10_8_2_Colorado2025-greenBox.czi,Gen_alg,567.55,11477.0,7179.0,31,30,101.01,0.957,20260226_279_Gen_Alg_10_8_2_Colorado2025-greenBox_x011264_y006656
Unknown_Sample,20260226_279_Gen_Alg_10_8_2_Colorado2025-greenBox.czi,Gen_alg,643.35,11629.0,7239.0,32,34,108.08,0.957,20260226_279_Gen_Alg_10_8_2_Colorado2025-greenBox_x011264_y006656
Unknown_Sample,20260226_279_Gen_Alg_10_8_2_Colorado2025-greenBox.czi,Gen_alg,788.41,12289.0,7033.0,36,36,120.67,0.964,20260226_279_Gen_Alg_10_8_2_Colorado2025-greenBox_x011776_y006656
Unknown_Sample,20260226_279_Gen_Alg_10_8_2_Colorado2025-greenBox.czi,Gen_alg,641.04,12381.0,6826.0,33,32,109.6,0.963,20260226_279_Gen_Alg_10_8_2_Colorado2025-greenBox_x011776_y006656
Unknown_Sample,20260226_279_Gen_Alg_10_8_2_Colorado2025-greenBox.czi,Gen_alg,590.25,12369.0,7020.0,31,31,103.6,0.962,20260226_279_Gen_Alg_10_8_2_Colorado2025-greenBox_x011776_y006656
Unknown_Sample,20260226_279_Gen_Alg_10_8_2_Colorado2025-greenBox.czi,Gen_alg,696.83,12081.0,7028.0,34,34,112.67,0.961,20260226_279_Gen_Alg_10_8_2_Colorado2025-greenBox_x011776_y006656
Unknown_Sample,20260226_279_Gen_Alg_10_8_2_Colorado2025-greenBox.czi,Gen_alg,689.14,12054.0,6863.0,35,33,111.5,0.956,20260226_279_Gen_Alg_10_8_2_Colorado2025-greenBox_x011776_y006656
Unknown_Sample,20260226_279_Gen_Alg_10_8_2_Colorado2025-greenBox.czi,Gen_alg,220.09,12410.0,6953.0,12,33,78.97,0.883,20260226_279_Gen_Alg_10_8_2_Colorado2025-greenBox_x011776_y006656
Unknown_Sample,20260226_279_Gen_Alg_10_8_2_Colorado2025-greenBox.czi,Gen_alg,945.01,12841.0,7047.0,40,39,131.74,0.965,20260226_279_Gen_Alg_10_8_2_Colorado2025-greenBox_x012288_y006656
Unknown_Sample,20260226_279_Gen_Alg_10_8_2_Colorado2025-greenBox.czi,Gen_alg,784.17,12853.0,6823.0,36,36,118.91,0.964,20260226_279_Gen_Alg_10_8_2_Colorado2025-greenBox_x012288_y006656
Unknown_Sample,20260226_279_Gen_Alg_10_8_2_Colorado2025-greenBox.czi,Gen_alg,641.04,12381.0,6826.0,33,32,109.6,0.963,20260226_279_Gen_Alg_10_8_2_Colorado2025-greenBox_x012288_y006656
Unknown_Sample,20260226_279_Gen_Alg_10_8_2_Colorado2025-greenBox.czi,Gen_alg,727.23,12420.0,6952.0,34,35,115.25,0.963,20260226_279_Gen_Alg_10_8_2_Colorado2025-greenBox_x012288_y006656
Unknown_Sample,20260226_279_Gen_Alg_10_8_2_Colorado2025-greenBox.czi,Gen_alg,590.25,12369.0,7020.0,31,31,103.6,0.961,20260226_279_Gen_Alg_10_8_2_Colorado2025-greenBox_x012288_y006656
Unknown_Sample,20260226_279_Gen_Alg_10_8_2_Colorado2025-greenBox.czi,Gen_alg,644.5,12731.0,6996.0,33,32,107.84,0.96,20260226_279_Gen_Alg_10_8_2_Colorado2025-greenBox_x012288_y006656
Unknown_Sample,20260226_279_Gen_Alg_10_8_2_Colorado2025-greenBox.czi,Gen_alg,712.61,12818.0,6926.0,34,34,114.43,0.96,20260226_279_Gen_Alg_10_8_2_Colorado2025-greenBox_x012288_y006656
Unknown_Sample,20260226_279_Gen_Alg_10_8_2_Colorado2025-greenBox.czi,Gen_alg,434.8,12296.0,7033.0,20,36,98.63,0.958,20260226_279_Gen_Alg_10_8_2_Colorado2025-greenBox_x012288_y006656
Unknown_Sample,20260226_279_Gen_Alg_10_8_2_Colorado2025-greenBox.czi,Gen_alg,477.12,12854.0,6995.0,29,27,93.94,0.955,20260226_279_Gen_Alg_10_8_2_Colorado2025-greenBox_x012288_y006656
Unknown_Sample,20260226_279_Gen_Alg_10_8_2_Colorado2025-greenBox.czi,Gen_alg,679.9,12912.0,7146.0,31,34,113.7,0.947,20260226_279_Gen_Alg_10_8_2_Colorado2025-greenBox_x012288_y006656
Unknown_Sample,20260226_279_Gen_Alg_10_8_2_Colorado2025-greenBox.czi,Gen_alg,945.01,12841.0,7047.0,40,39,131.74,0.965,20260226_279_Gen_Alg_10_8_2_Colorado2025-greenBox_x012800_y006656
Unknown_Sample,20260226_279_Gen_Alg_10_8_2_Colorado2025-greenBox.czi,Gen_alg,783.79,12853.0,6823.0,36,36,119.5,0.964,20260226_279_Gen_Alg_10_8_2_Colorado2025-greenBox_x012800_y006656
Unknown_Sample,20260226_279_Gen_Alg_10_8_2_Colorado2025-greenBox.czi,Gen_alg,748.39,12913.0,7146.0,35,35,116.67,0.962,20260226_279_Gen_Alg_10_8_2_Colorado2025-greenBox_x012800_y006656
Unknown_Sample,20260226_279_Gen_Alg_10_8_2_Colorado2025-greenBox.czi,Gen_alg,703.76,12818.0,6926.0,33,34,114.18,0.96,20260226_279_Gen_Alg_10_8_2_Colorado2025-greenBox_x012800_y006656
Unknown_Sample,20260226_279_Gen_Alg_10_8_2_Colorado2025-greenBox.czi,Gen_alg,731.46,13029.0,6905.0,35,35,115.5,0.96,20260226_279_Gen_Alg_10_8_2_Colorado2025-greenBox_x012800_y006656
Unknown_Sample,20260226_279_Gen_Alg_10_8_2_Colorado2025-greenBox.czi,Gen_alg,522.14,13170.0,6912.0,29,29,97.36,0.957,20260226_279_Gen_Alg_10_8_2_Colorado2025-greenBox_x012800_y006656
Unknown_Sample,20260226_279_Gen_Alg_10_8_2_Colorado2025-greenBox.czi,Gen_alg,477.12,12854.0,6995.0,29,27,93.94,0.955,20260226_279_Gen_Alg_10_8_2_Colorado2025-greenBox_x012800_y006656
Unknown_Sample,20260226_279_Gen_Alg_10_8_2_Colorado2025-greenBox.czi,Gen_alg,379.39,13081.0,7207.0,26,25,85.11,0.95,20260226_279_Gen_Alg_10_8_2_Colorado2025-greenBox_x012800_y006656
Unknown_Sample,20260226_279_Gen_Alg_10_8_2_Colorado2025-greenBox.czi,Gen_alg,188.16,12968.0,7290.0,29,11,69.56,0.876,20260226_279_Gen_Alg_10_8_2_Colorado2025-greenBox_x012800_y006656
Unknown_Sample,20260226_279_Gen_Alg_10_8_2_Colorado2025-greenBox.czi,Gen_alg,83.11,13057.0,7157.0,13,11,40.49,0.666,20260226_279_Gen_Alg_10_8_2_Colorado2025-greenBox_x012800_y006656
Unknown_Sample,20260226_279_Gen_Alg_10_8_2_Colorado2025-greenBox.czi,Gen_alg,849.97,13664.0,6960.0,39,37,126.33,0.964,20260226_279_Gen_Alg_10_8_2_Colorado2025-greenBox_x013312_y006656
Unknown_Sample,20260226_279_Gen_Alg_10_8_2_Colorado2025-greenBox.czi,Gen_alg,486.74,13701.0,6783.0,28,28,94.53,0.963,20260226_279_Gen_Alg_10_8_2_Colorado2025-greenBox_x013312_y006656
Unknown_Sample,20260226_279_Gen_Alg_10_8_2_Colorado2025-greenBox.czi,Gen_alg,636.04,13827.0,7152.0,33,33,108.67,0.959,20260226_279_Gen_Alg_10_8_2_Colorado2025-greenBox_x013312_y006656
Unknown_Sample,20260226_279_Gen_Alg_10_8_2_Colorado2025-greenBox.czi,Gen_alg,664.89,13736.0,7278.0,32,33,111.94,0.952,20260226_279_Gen_Alg_10_8_2_Colorado2025-greenBox_x013312_y006656
Unknown_Sample,20260226_279_Gen_Alg_10_8_2_Colorado2025-greenBox.czi,Gen_alg,596.4,14326.0,6988.0,32,31,104.43,0.959,20260226_279_Gen_Alg_10_8_2_Colorado2025-greenBox_x013824_y006656
Unknown_Sample,20260226_279_Gen_Alg_10_8_2_Colorado2025-greenBox.czi,Gen_alg,414.79,13832.0,7153.0,21,33,93.46,0.958,20260226_279_Gen_Alg_10_8_2_Colorado2025-greenBox_x013824_y006656
Unknown_Sample,20260226_279_Gen_Alg_10_8_2_Colorado2025-greenBox.czi,Gen_alg,775.33,14409.0,7074.0,34,38,119.5,0.958,20260226_279_Gen_Alg_10_8_2_Colorado2025-greenBox_x013824_y006656
Unknown_Sample,20260226_279_Gen_Alg_10_8_2_Colorado2025-greenBox.czi,Gen_alg,648.35,14343.0,6827.0,33,33,108.67,0.957,20260226_279_Gen_Alg_10_8_2_Colorado2025-greenBox_x013824_y006656
Unknown_Sample,20260226_279_Gen_Alg_10_8_2_Colorado2025-greenBox.czi,Gen_alg,493.67,14209.0,6865.0,29,29,95.01,0.957,20260226_279_Gen_Alg_10_8_2_Colorado2025-greenBox_x013824_y006656
Unknown_Sample,20260226_279_Gen_Alg_10_8_2_Colorado2025-greenBox.czi,Gen_alg,501.36,14052.0,6666.0,34,24,100.87,0.955,20260226_279_Gen_Alg_10_8_2_Colorado2025-greenBox_x013824_y006656
Unknown_Sample,20260226_279_Gen_Alg_10_8_2_Colorado2025-greenBox.czi,Gen_alg,680.67,14541.0,7167.0,34,33,111.84,0.963,20260226_279_Gen_Alg_10_8_2_Colorado2025-greenBox_x014336_y006656
Unknown_Sample,20260226_279_Gen_Alg_10_8_2_Colorado2025-greenBox.czi,Gen_alg,788.02,14837.0,6691.0,38,34,121.25,0.963,20260226_279_Gen_Alg_10_8_2_Colorado2025-greenBox_x014336_y006656
Unknown_Sample,20260226_279_Gen_Alg_10_8_2_Colorado2025-greenBox.czi,Gen_alg,757.24,14924.0,7261.0,35,36,118.08,0.96,20260226_279_Gen_Alg_10_8_2_Colorado2025-greenBox_x014336_y006656
Unknown_Sample,20260226_279_Gen_Alg_10_8_2_Colorado2025-greenBox.czi,Gen_alg,505.6,14346.0,6827.0,24,33,100.63,0.958,20260226_279_Gen_Alg_10_8_2_Colorado2025-greenBox_x014336_y006656
Unknown_Sample,20260226_279_Gen_Alg_10_8_2_Colorado2025-greenBox.czi,Gen_alg,721.84,14624.0,7079.0,35,35,113.74,0.958,20260226_279_Gen_Alg_10_8_2_Colorado2025-greenBox_x014336_y006656
Unknown_Sample,20260226_279_Gen_Alg_10_8_2_Colorado2025-greenBox.czi,Gen_alg,775.33,14409.0,7074.0,34,38,119.5,0.958,20260226_279_Gen_Alg_10_8_2_Colorado2025-greenBox_x014336_y006656
Unknown_Sample,20260226_279_Gen_Alg_10_8_2_Colorado2025-greenBox.czi,Gen_alg,666.05,14506.0,6979.0,33,34,109.5,0.957,20260226_279_Gen_Alg_10_8_2_Colorado2025-greenBox_x014336_y006656
Unknown_Sample,20260226_279_Gen_Alg_10_8_2_Colorado2025-greenBox.czi,Gen_alg,549.08,14564.0,7202.0,30,30,100.18,0.956,20260226_279_Gen_Alg_10_8_2_Colorado2025-greenBox_x014336_y006656
Unknown_Sample,20260226_279_Gen_Alg_10_8_2_Colorado2025-greenBox.czi,Gen_alg,682.21,14905.0,6788.0,34,33,111.84,0.954,20260226_279_Gen_Alg_10_8_2_Colorado2025-greenBox_x014336_y006656
Unknown_Sample,20260226_279_Gen_Alg_10_8_2_Colorado2025-greenBox.czi,Gen_alg,312.44,14669.0,6663.0,32,18,85.46,0.94,20260226_279_Gen_Alg_10_8_2_Colorado2025-greenBox_x014336_y006656
Unknown_Sample,20260226_279_Gen_Alg_10_8_2_Colorado2025-greenBox.czi,Gen_alg,77.72,14816.0,6812.0,12,11,38.49,0.889,20260226_279_Gen_Alg_10_8_2_Colorado2025-greenBox_x014336_y006656
Unknown_Sample,20260226_279_Gen_Alg_10_8_2_Colorado2025-greenBox.czi,Gen_alg,757.24,14924.0,7261.0,35,36,118.08,0.96,20260226_279_Gen_Alg_10_8_2_Colorado2025-greenBox_x014848_y006656
Unknown_Sample,20260226_279_Gen_Alg_10_8_2_Colorado2025-greenBox.czi,Gen_alg,607.56,15149.0,7200.0,33,30,106.18,0.959,20260226_279_Gen_Alg_10_8_2_Colorado2025-greenBox_x014848_y006656
Unknown_Sample,20260226_279_Gen_Alg_10_8_2_Colorado2025-greenBox.czi,Gen_alg,682.98,14905.0,6788.0,34,33,111.84,0.953,20260226_279_Gen_Alg_10_8_2_Colorado2025-greenBox_x014848_y006656
Unknown_Sample,20260226_279_Gen_Alg_10_8_2_Colorado2025-greenBox.czi,Gen_alg,467.5,14992.0,6783.0,29,28,94.18,0.952,20260226_279_Gen_Alg_10_8_2_Colorado2025-greenBox_x014848_y006656
Unknown_Sample,20260226_279_Gen_Alg_10_8_2_Colorado2025-greenBox.czi,Gen_alg,586.4,15410.0,6941.0,31,33,105.25,0.922,20260226_279_Gen_Alg_10_8_2_Colorado2025-greenBox_x014848_y006656
Unknown_Sample,20260226_279_Gen_Alg_10_8_2_Colorado2025-greenBox.czi,Gen_alg,127.36,14851.0,6692.0,10,27,62.38,0.919,20260226_279_Gen_Alg_10_8_2_Colorado2025-greenBox_x014848_y006656
Unknown_Sample,20260226_279_Gen_Alg_10_8_2_Colorado2025-greenBox.czi,Gen_alg,634.5,15382.0,6953.0,32,35,109.5,0.915,20260226_279_Gen_Alg_10_8_2_Colorado2025-greenBox_x014848_y006656
Unknown_Sample,20260226_279_Gen_Alg_10_8_2_Colorado2025-greenBox.czi,Gen_alg,856.13,15544.0,6825.0,39,37,125.15,0.961,20260226_279_Gen_Alg_10_8_2_Colorado2025-greenBox_x015360_y006656
Unknown_Sample,20260226_279_Gen_Alg_10_8_2_Colorado2025-greenBox.czi,Gen_alg,773.79,15623.0,7084.0,36,35,118.67,0.957,20260226_279_Gen_Alg_10_8_2_Colorado2025-greenBox_x015360_y006656
Unknown_Sample,20260226_279_Gen_Alg_10_8_2_Colorado2025-greenBox.czi,Gen_alg,606.41,15873.0,6838.0,33,30,106.77,0.953,20260226_279_Gen_Alg_10_8_2_Colorado2025-greenBox_x015360_y006656
Unknown_Sample,20260226_279_Gen_Alg_10_8_2_Colorado2025-greenBox.czi,Gen_alg,665.66,15729.0,6844.0,34,34,109.74,0.951,20260226_279_Gen_Alg_10_8_2_Colorado2025-greenBox_x015360_y006656
Unknown_Sample,20260226_279_Gen_Alg_10_8_2_Colorado2025-greenBox.czi,Gen_alg,641.81,15514.0,7188.0,33,31,108.77,0.95,20260226_279_Gen_Alg_10_8_2_Colorado2025-greenBox_x015360_y006656
Unknown_Sample,20260226_279_Gen_Alg_10_8_2_Colorado2025-greenBox.czi,Gen_alg,465.2,15554.0,6697.0,26,29,92.53,0.937,20260226_279_Gen_Alg_10_8_2_Colorado2025-greenBox_x015360_y006656
Unknown_Sample,20260226_279_Gen_Alg_10_8_2_Colorado2025-greenBox.czi,Gen_alg,590.63,15410.0,6941.0,31,33,105.84,0.92,20260226_279_Gen_Alg_10_8_2_Colorado2025-greenBox_x015360_y006656
Unknown_Sample,20260226_279_Gen_Alg_10_8_2_Colorado2025-greenBox.czi,Gen_alg,637.96,15382.0,6953.0,32,35,110.08,0.914,20260226_279_Gen_Alg_10_8_2_Colorado2025-greenBox_x015360_y006656
Unknown_Sample,20260226_279_Gen_Alg_10_8_2_Colorado2025-greenBox.czi,Gen_alg,715.68,15581.0,6718.0,35,33,113.25,0.911,20260226_279_Gen_Alg_10_8_2_Colorado2025-greenBox_x015360_y006656
Unknown_Sample,20260226_279_Gen_Alg_10_8_2_Colorado2025-greenBox.czi,Gen_alg,780.71,16468.0,6852.0,36,36,119.5,0.956,20260226_279_Gen_Alg_10_8_2_Colorado2025-greenBox_x015872_y006656
Unknown_Sample,20260226_279_Gen_Alg_10_8_2_Colorado2025-greenBox.czi,Gen_alg,716.45,16378.0,6957.0,36,32,113.25,0.944,20260226_279_Gen_Alg_10_8_2_Colorado2025-greenBox_x015872_y006656
Unknown_Sample,20260226_279_Gen_Alg_10_8_2_Colorado2025-greenBox.czi,Gen_alg,345.53,15879.0,6838.0,18,31,86.97,0.938,20260226_279_Gen_Alg_10_8_2_Colorado2025-greenBox_x015872_y006656
Unknown_Sample,20260226_279_Gen_Alg_10_8_2_Colorado2025-greenBox.czi,Gen_alg,679.52,16344.0,6894.0,35,32,112.43,0.929,20260226_279_Gen_Alg_10_8_2_Colorado2025-greenBox_x015872_y006656
Unknown_Sample,20260226_279_Gen_Alg_10_8_2_Colorado2025-greenBox.czi,Gen_alg,780.71,16468.0,6852.0,36,36,119.5,0.955,20260226_279_Gen_Alg_10_8_2_Colorado2025-greenBox_x016384_y006656
Unknown_Sample,20260226_279_Gen_Alg_10_8_2_Colorado2025-greenBox.czi,Gen_alg,791.1,16651.0,7202.0,38,34,120.08,0.951,20260226_279_Gen_Alg_10_8_2_Colorado2025-greenBox_x016384_y006656
Unknown_Sample,20260226_279_Gen_Alg_10_8_2_Colorado2025-greenBox.czi,Gen_alg,539.84,16656.0,7101.0,29,30,100.53,0.95,20260226_279_Gen_Alg_10_8_2_Colorado2025-greenBox_x016384_y006656
Unknown_Sample,20260226_279_Gen_Alg_10_8_2_Colorado2025-greenBox.czi,Gen_alg,217.78,16389.0,6957.0,13,30,73.8,0.923,20260226_279_Gen_Alg_10_8_2_Colorado2025-greenBox_x016384_y006656
Unknown_Sample,20260226_279_Gen_Alg_10_8_2_Colorado2025-greenBox.czi,Gen_alg,576.01,596.0,7228.0,30,31,102.18,0.949,20260226_279_Gen_Alg_10_8_2_Colorado2025-greenBox_x000000_y007168
Unknown_Sample,20260226_279_Gen_Alg_10_8_2_Colorado2025-greenBox.czi,Gen_alg,779.94,719.0,7698.0,35,37,119.5,0.963,20260226_279_Gen_Alg_10_8_2_Colorado2025-greenBox_x000512_y007168
Unknown_Sample,20260226_279_Gen_Alg_10_8_2_Colorado2025-greenBox.czi,Gen_alg,549.85,596.0,7229.0,29,30,100.53,0.951,20260226_279_Gen_Alg_10_8_2_Colorado2025-greenBox_x000512_y007168
Unknown_Sample,20260226_279_Gen_Alg_10_8_2_Colorado2025-greenBox.czi,Gen_alg,476.74,940.0,7613.0,35,22,96.53,0.949,20260226_279_Gen_Alg_10_8_2_Colorado2025-greenBox_x000512_y007168
Unknown_Sample,20260226_279_Gen_Alg_10_8_2_Colorado2025-greenBox.czi,Gen_alg,636.04,739.0,7375.0,33,33,107.5,0.937,20260226_279_Gen_Alg_10_8_2_Colorado2025-greenBox_x000512_y007168
Unknown_Sample,20260226_279_Gen_Alg_10_8_2_Colorado2025-greenBox.czi,Gen_alg,443.26,974.0,7683.0,28,27,91.94,0.936,20260226_279_Gen_Alg_10_8_2_Colorado2025-greenBox_x000512_y007168
Unknown_Sample,20260226_279_Gen_Alg_10_8_2_Colorado2025-greenBox.czi,Gen_alg,330.52,710.0,7370.0,19,28,80.04,0.919,20260226_279_Gen_Alg_10_8_2_Colorado2025-greenBox_x000512_y007168
Unknown_Sample,20260226_279_Gen_Alg_10_8_2_Colorado2025-greenBox.czi,Gen_alg,895.76,1239.0,7700.0,40,38,128.57,0.964,20260226_279_Gen_Alg_10_8_2_Colorado2025-greenBox_x001024_y007168
Unknown_Sample,20260226_279_Gen_Alg_10_8_2_Colorado2025-greenBox.czi,Gen_alg,763.78,1222.0,7755.0,36,35,117.5,0.963,20260226_279_Gen_Alg_10_8_2_Colorado2025-greenBox_x001024_y007168
Unknown_Sample,20260226_279_Gen_Alg_10_8_2_Colorado2025-greenBox.czi,Gen_alg,634.88,1178.0,7562.0,34,31,107.25,0.959,20260226_279_Gen_Alg_10_8_2_Colorado2025-greenBox_x001024_y007168
Unknown_Sample,20260226_279_Gen_Alg_10_8_2_Colorado2025-greenBox.czi,Gen_alg,651.04,1520.0,7442.0,30,36,109.25,0.959,20260226_279_Gen_Alg_10_8_2_Colorado2025-greenBox_x001024_y007168
Unknown_Sample,20260226_279_Gen_Alg_10_8_2_Colorado2025-greenBox.czi,Gen_alg,549.85,1440.0,7522.0,29,31,100.18,0.956,20260226_279_Gen_Alg_10_8_2_Colorado2025-greenBox_x001024_y007168
Unknown_Sample,20260226_279_Gen_Alg_10_8_2_Colorado2025-greenBox.czi,Gen_alg,707.22,1443.0,7720.0,35,34,114.08,0.954,20260226_279_Gen_Alg_10_8_2_Colorado2025-greenBox_x001024_y007168
Unknown_Sample,20260226_279_Gen_Alg_10_8_2_Colorado2025-greenBox.czi,Gen_alg,564.85,1388.0,7668.0,30,32,102.43,0.947,20260226_279_Gen_Alg_10_8_2_Colorado2025-greenBox_x001024_y007168
Unknown_Sample,20260226_279_Gen_Alg_10_8_2_Colorado2025-greenBox.czi,Gen_alg,609.49,1430.0,7795.0,37,26,112.63,0.941,20260226_279_Gen_Alg_10_8_2_Colorado2025-greenBox_x001024_y007168
Unknown_Sample,20260226_279_Gen_Alg_10_8_2_Colorado2025-greenBox.czi,Gen_alg,96.19,1394.0,7688.0,13,14,44.14,0.784,20260226_279_Gen_Alg_10_8_2_Colorado2025-greenBox_x001024_y007168
Unknown_Sample,20260226_279_Gen_Alg_10_8_2_Colorado2025-greenBox.czi,Gen_alg,832.27,1989.0,7233.0,37,38,123.15,0.96,20260226_279_Gen_Alg_10_8_2_Colorado2025-greenBox_x001536_y007168
Unknown_Sample,20260226_279_Gen_Alg_10_8_2_Colorado2025-greenBox.czi,Gen_alg,278.96,1711.0,7801.0,34,14,83.21,0.884,20260226_279_Gen_Alg_10_8_2_Colorado2025-greenBox_x001536_y007168
Unknown_Sample,20260226_279_Gen_Alg_10_8_2_Colorado2025-greenBox.czi,Gen_alg,582.94,2219.0,7697.0,31,31,103.01,0.961,20260226_279_Gen_Alg_10_8_2_Colorado2025-greenBox_x002048_y007168
Unknown_Sample,20260226_279_Gen_Alg_10_8_2_Colorado2025-greenBox.czi,Gen_alg,906.53,2390.0,7371.0,40,38,128.57,0.96,20260226_279_Gen_Alg_10_8_2_Colorado2025-greenBox_x002048_y007168
Unknown_Sample,20260226_279_Gen_Alg_10_8_2_Colorado2025-greenBox.czi,Gen_alg,369.39,2546.0,7404.0,20,30,85.46,0.948,20260226_279_Gen_Alg_10_8_2_Colorado2025-greenBox_x002048_y007168
Unknown_Sample,20260226_279_Gen_Alg_10_8_2_Colorado2025-greenBox.czi,Gen_alg,709.14,3141.0,7263.0,35,34,112.33,0.964,20260226_279_Gen_Alg_10_8_2_Colorado2025-greenBox_x002560_y007168
Unknown_Sample,20260226_279_Gen_Alg_10_8_2_Colorado2025-greenBox.czi,Gen_alg,781.87,3151.0,7700.0,36,36,118.91,0.96,20260226_279_Gen_Alg_10_8_2_Colorado2025-greenBox_x002560_y007168
Unknown_Sample,20260226_279_Gen_Alg_10_8_2_Colorado2025-greenBox.czi,Gen_alg,855.36,2842.0,7751.0,39,37,125.15,0.959,20260226_279_Gen_Alg_10_8_2_Colorado2025-greenBox_x002560_y007168
Unknown_Sample,20260226_279_Gen_Alg_10_8_2_Colorado2025-greenBox.czi,Gen_alg,707.99,3141.0,7263.0,35,34,112.91,0.964,20260226_279_Gen_Alg_10_8_2_Colorado2025-greenBox_x003072_y007168
Unknown_Sample,20260226_279_Gen_Alg_10_8_2_Colorado2025-greenBox.czi,Gen_alg,781.1,3151.0,7700.0,36,36,118.91,0.96,20260226_279_Gen_Alg_10_8_2_Colorado2025-greenBox_x003072_y007168
Unknown_Sample,20260226_279_Gen_Alg_10_8_2_Colorado2025-greenBox.czi,Gen_alg,784.94,3487.0,7468.0,38,35,120.91,0.96,20260226_279_Gen_Alg_10_8_2_Colorado2025-greenBox_x003072_y007168
Unknown_Sample,20260226_279_Gen_Alg_10_8_2_Colorado2025-greenBox.czi,Gen_alg,540.23,3395.0,7303.0,29,31,99.6,0.959,20260226_279_Gen_Alg_10_8_2_Colorado2025-greenBox_x003072_y007168
Unknown_Sample,20260226_279_Gen_Alg_10_8_2_Colorado2025-greenBox.czi,Gen_alg,719.53,3208.0,7416.0,34,35,115.25,0.959,20260226_279_Gen_Alg_10_8_2_Colorado2025-greenBox_x003072_y007168
Unknown_Sample,20260226_279_Gen_Alg_10_8_2_Colorado2025-greenBox.czi,Gen_alg,697.98,3241.0,7442.0,34,34,113.25,0.959,20260226_279_Gen_Alg_10_8_2_Colorado2025-greenBox_x003072_y007168
Unknown_Sample,20260226_279_Gen_Alg_10_8_2_Colorado2025-greenBox.czi,Gen_alg,638.73,3453.0,7485.0,30,35,108.43,0.956,20260226_279_Gen_Alg_10_8_2_Colorado2025-greenBox_x003072_y007168
Unknown_Sample,20260226_279_Gen_Alg_10_8_2_Colorado2025-greenBox.czi,Gen_alg,469.04,3612.0,7291.0,30,26,93.36,0.956,20260226_279_Gen_Alg_10_8_2_Colorado2025-greenBox_x003072_y007168
Unknown_Sample,20260226_279_Gen_Alg_10_8_2_Colorado2025-greenBox.czi,Gen_alg,871.9,4197.0,7396.0,41,35,125.74,0.964,20260226_279_Gen_Alg_10_8_2_Colorado2025-greenBox_x003584_y007168
Unknown_Sample,20260226_279_Gen_Alg_10_8_2_Colorado2025-greenBox.czi,Gen_alg,738.0,4095.0,7197.0,35,34,116.43,0.964,20260226_279_Gen_Alg_10_8_2_Colorado2025-greenBox_x003584_y007168
Unknown_Sample,20260226_279_Gen_Alg_10_8_2_Colorado2025-greenBox.czi,Gen_alg,775.71,3743.0,7590.0,35,36,118.08,0.962,20260226_279_Gen_Alg_10_8_2_Colorado2025-greenBox_x003584_y007168
Unknown_Sample,20260226_279_Gen_Alg_10_8_2_Colorado2025-greenBox.czi,Gen_alg,469.43,3612.0,7291.0,30,26,92.77,0.956,20260226_279_Gen_Alg_10_8_2_Colorado2025-greenBox_x003584_y007168
Unknown_Sample,20260226_279_Gen_Alg_10_8_2_Colorado2025-greenBox.czi,Gen_alg,723.0,4204.0,7195.0,33,36,115.84,0.952,20260226_279_Gen_Alg_10_8_2_Colorado2025-greenBox_x003584_y007168
Unknown_Sample,20260226_279_Gen_Alg_10_8_2_Colorado2025-greenBox.czi,Gen_alg,343.22,3921.0,7618.0,19,29,80.28,0.942,20260226_279_Gen_Alg_10_8_2_Colorado2025-greenBox_x003584_y007168
Unknown_Sample,20260226_279_Gen_Alg_10_8_2_Colorado2025-greenBox.czi,Gen_alg,247.41,4215.0,7796.0,17,24,72.73,0.871,20260226_279_Gen_Alg_10_8_2_Colorado2025-greenBox_x003584_y007168
Unknown_Sample,20260226_279_Gen_Alg_10_8_2_Colorado2025-greenBox.czi,Gen_alg,870.36,4197.0,7396.0,41,35,125.74,0.965,20260226_279_Gen_Alg_10_8_2_Colorado2025-greenBox_x004096_y007168
Unknown_Sample,20260226_279_Gen_Alg_10_8_2_Colorado2025-greenBox.czi,Gen_alg,546.38,4481.0,7180.0,30,29,101.11,0.962,20260226_279_Gen_Alg_10_8_2_Colorado2025-greenBox_x004096_y007168
Unknown_Sample,20260226_279_Gen_Alg_10_8_2_Colorado2025-greenBox.czi,Gen_alg,674.9,4706.0,7267.0,33,33,111.6,0.961,20260226_279_Gen_Alg_10_8_2_Colorado2025-greenBox_x004096_y007168
Unknown_Sample,20260226_279_Gen_Alg_10_8_2_Colorado2025-greenBox.czi,Gen_alg,918.85,4512.0,7758.0,38,40,129.74,0.96,20260226_279_Gen_Alg_10_8_2_Colorado2025-greenBox_x004096_y007168
Unknown_Sample,20260226_279_Gen_Alg_10_8_2_Colorado2025-greenBox.czi,Gen_alg,742.23,4329.0,7474.0,35,36,116.33,0.959,20260226_279_Gen_Alg_10_8_2_Colorado2025-greenBox_x004096_y007168
Unknown_Sample,20260226_279_Gen_Alg_10_8_2_Colorado2025-greenBox.czi,Gen_alg,734.54,4204.0,7195.0,34,36,115.5,0.957,20260226_279_Gen_Alg_10_8_2_Colorado2025-greenBox_x004096_y007168
Unknown_Sample,20260226_279_Gen_Alg_10_8_2_Colorado2025-greenBox.czi,Gen_alg,362.84,4103.0,7196.0,18,34,90.04,0.952,20260226_279_Gen_Alg_10_8_2_Colorado2025-greenBox_x004096_y007168
Unknown_Sample,20260226_279_Gen_Alg_10_8_2_Colorado2025-greenBox.czi,Gen_alg,784.17,4719.0,7701.0,33,37,121.94,0.946,20260226_279_Gen_Alg_10_8_2_Colorado2025-greenBox_x004096_y007168
Unknown_Sample,20260226_279_Gen_Alg_10_8_2_Colorado2025-greenBox.czi,Gen_alg,577.55,4225.0,7796.0,38,24,110.04,0.932,20260226_279_Gen_Alg_10_8_2_Colorado2025-greenBox_x004096_y007168
Unknown_Sample,20260226_279_Gen_Alg_10_8_2_Colorado2025-greenBox.czi,Gen_alg,844.2,4767.0,7535.0,37,38,124.91,0.967,20260226_279_Gen_Alg_10_8_2_Colorado2025-greenBox_x004608_y007168
Unknown_Sample,20260226_279_Gen_Alg_10_8_2_Colorado2025-greenBox.czi,Gen_alg,779.56,4863.0,7311.0,36,36,120.08,0.963,20260226_279_Gen_Alg_10_8_2_Colorado2025-greenBox_x004608_y007168
Unknown_Sample,20260226_279_Gen_Alg_10_8_2_Colorado2025-greenBox.czi,Gen_alg,674.13,4706.0,7267.0,33,33,111.6,0.962,20260226_279_Gen_Alg_10_8_2_Colorado2025-greenBox_x004608_y007168
Unknown_Sample,20260226_279_Gen_Alg_10_8_2_Colorado2025-greenBox.czi,Gen_alg,584.48,5004.0,7532.0,30,31,103.36,0.961,20260226_279_Gen_Alg_10_8_2_Colorado2025-greenBox_x004608_y007168
Unknown_Sample,20260226_279_Gen_Alg_10_8_2_Colorado2025-greenBox.czi,Gen_alg,519.06,4844.0,7651.0,27,32,98.18,0.958,20260226_279_Gen_Alg_10_8_2_Colorado2025-greenBox_x004608_y007168
Unknown_Sample,20260226_279_Gen_Alg_10_8_2_Colorado2025-greenBox.czi,Gen_alg,855.74,4721.0,7701.0,39,37,125.74,0.957,20260226_279_Gen_Alg_10_8_2_Colorado2025-greenBox_x004608_y007168
Unknown_Sample,20260226_279_Gen_Alg_10_8_2_Colorado2025-greenBox.czi,Gen_alg,128.9,4958.0,7415.0,15,14,49.9,0.939,20260226_279_Gen_Alg_10_8_2_Colorado2025-greenBox_x004608_y007168
Unknown_Sample,20260226_279_Gen_Alg_10_8_2_Colorado2025-greenBox.czi,Gen_alg,742.23,5700.0,7476.0,35,35,115.5,0.962,20260226_279_Gen_Alg_10_8_2_Colorado2025-greenBox_x005120_y007168
Unknown_Sample,20260226_279_Gen_Alg_10_8_2_Colorado2025-greenBox.czi,Gen_alg,680.29,5298.0,7741.0,33,34,111.25,0.96,20260226_279_Gen_Alg_10_8_2_Colorado2025-greenBox_x005120_y007168
Unknown_Sample,20260226_279_Gen_Alg_10_8_2_Colorado2025-greenBox.czi,Gen_alg,710.68,5520.0,7478.0,35,34,114.67,0.959,20260226_279_Gen_Alg_10_8_2_Colorado2025-greenBox_x005120_y007168
Unknown_Sample,20260226_279_Gen_Alg_10_8_2_Colorado2025-greenBox.czi,Gen_alg,666.43,5330.0,7764.0,33,33,110.43,0.956,20260226_279_Gen_Alg_10_8_2_Colorado2025-greenBox_x005120_y007168
Unknown_Sample,20260226_279_Gen_Alg_10_8_2_Colorado2025-greenBox.czi,Gen_alg,824.96,5886.0,7512.0,37,37,121.74,0.963,20260226_279_Gen_Alg_10_8_2_Colorado2025-greenBox_x005632_y007168
Unknown_Sample,20260226_279_Gen_Alg_10_8_2_Colorado2025-greenBox.czi,Gen_alg,611.03,6244.0,7548.0,32,32,104.08,0.962,20260226_279_Gen_Alg_10_8_2_Colorado2025-greenBox_x005632_y007168
Unknown_Sample,20260226_279_Gen_Alg_10_8_2_Colorado2025-greenBox.czi,Gen_alg,742.23,5700.0,7476.0,35,35,115.5,0.962,20260226_279_Gen_Alg_10_8_2_Colorado2025-greenBox_x005632_y007168
Unknown_Sample,20260226_279_Gen_Alg_10_8_2_Colorado2025-greenBox.czi,Gen_alg,886.53,5769.0,7436.0,38,39,126.57,0.96,20260226_279_Gen_Alg_10_8_2_Colorado2025-greenBox_x005632_y007168
Unknown_Sample,20260226_279_Gen_Alg_10_8_2_Colorado2025-greenBox.czi,Gen_alg,805.72,6084.0,7722.0,37,35,120.08,0.96,20260226_279_Gen_Alg_10_8_2_Colorado2025-greenBox_x005632_y007168
Unknown_Sample,20260226_279_Gen_Alg_10_8_2_Colorado2025-greenBox.czi,Gen_alg,679.52,5786.0,7753.0,34,33,110.08,0.956,20260226_279_Gen_Alg_10_8_2_Colorado2025-greenBox_x005632_y007168
Unknown_Sample,20260226_279_Gen_Alg_10_8_2_Colorado2025-greenBox.czi,Gen_alg,605.64,6244.0,7548.0,31,32,103.25,0.963,20260226_279_Gen_Alg_10_8_2_Colorado2025-greenBox_x006144_y007168
Unknown_Sample,20260226_279_Gen_Alg_10_8_2_Colorado2025-greenBox.czi,Gen_alg,612.18,6459.0,7735.0,31,33,105.84,0.954,20260226_279_Gen_Alg_10_8_2_Colorado2025-greenBox_x006144_y007168
Unknown_Sample,20260226_279_Gen_Alg_10_8_2_Colorado2025-greenBox.czi,Gen_alg,414.02,6299.0,7707.0,32,22,88.77,0.944,20260226_279_Gen_Alg_10_8_2_Colorado2025-greenBox_x006144_y007168
Unknown_Sample,20260226_279_Gen_Alg_10_8_2_Colorado2025-greenBox.czi,Gen_alg,237.41,6577.0,7233.0,23,21,71.7,0.775,20260226_279_Gen_Alg_10_8_2_Colorado2025-greenBox_x006144_y007168
Unknown_Sample,20260226_279_Gen_Alg_10_8_2_Colorado2025-greenBox.czi,Gen_alg,643.73,6949.0,7691.0,33,32,107.84,0.963,20260226_279_Gen_Alg_10_8_2_Colorado2025-greenBox_x006656_y007168
Unknown_Sample,20260226_279_Gen_Alg_10_8_2_Colorado2025-greenBox.czi,Gen_alg,769.17,7053.0,7544.0,36,35,118.67,0.963,20260226_279_Gen_Alg_10_8_2_Colorado2025-greenBox_x006656_y007168
Unknown_Sample,20260226_279_Gen_Alg_10_8_2_Colorado2025-greenBox.czi,Gen_alg,786.48,7099.0,7560.0,35,38,119.74,0.962,20260226_279_Gen_Alg_10_8_2_Colorado2025-greenBox_x006656_y007168
Unknown_Sample,20260226_279_Gen_Alg_10_8_2_Colorado2025-greenBox.czi,Gen_alg,775.71,6953.0,7306.0,36,37,120.91,0.96,20260226_279_Gen_Alg_10_8_2_Colorado2025-greenBox_x006656_y007168
Unknown_Sample,20260226_279_Gen_Alg_10_8_2_Colorado2025-greenBox.czi,Gen_alg,703.37,7077.0,7650.0,34,34,114.43,0.96,20260226_279_Gen_Alg_10_8_2_Colorado2025-greenBox_x006656_y007168
Unknown_Sample,20260226_279_Gen_Alg_10_8_2_Colorado2025-greenBox.czi,Gen_alg,705.3,7138.0,7781.0,35,34,112.33,0.956,20260226_279_Gen_Alg_10_8_2_Colorado2025-greenBox_x006656_y007168
Unknown_Sample,20260226_279_Gen_Alg_10_8_2_Colorado2025-greenBox.czi,Gen_alg,800.34,7658.0,7204.0,36,36,120.08,0.961,20260226_279_Gen_Alg_10_8_2_Colorado2025-greenBox_x007168_y007168
Unknown_Sample,20260226_279_Gen_Alg_10_8_2_Colorado2025-greenBox.czi,Gen_alg,664.51,7545.0,7503.0,35,32,110.67,0.961,20260226_279_Gen_Alg_10_8_2_Colorado2025-greenBox_x007168_y007168
Unknown_Sample,20260226_279_Gen_Alg_10_8_2_Colorado2025-greenBox.czi,Gen_alg,706.83,7745.0,7189.0,32,36,113.84,0.96,20260226_279_Gen_Alg_10_8_2_Colorado2025-greenBox_x007168_y007168
Unknown_Sample,20260226_279_Gen_Alg_10_8_2_Colorado2025-greenBox.czi,Gen_alg,691.44,7764.0,7413.0,31,36,111.84,0.96,20260226_279_Gen_Alg_10_8_2_Colorado2025-greenBox_x007168_y007168
Unknown_Sample,20260226_279_Gen_Alg_10_8_2_Colorado2025-greenBox.czi,Gen_alg,833.04,7363.0,7241.0,38,37,123.15,0.959,20260226_279_Gen_Alg_10_8_2_Colorado2025-greenBox_x007168_y007168
Unknown_Sample,20260226_279_Gen_Alg_10_8_2_Colorado2025-greenBox.czi,Gen_alg,880.75,7648.0,7628.0,39,39,127.98,0.955,20260226_279_Gen_Alg_10_8_2_Colorado2025-greenBox_x007168_y007168
Unknown_Sample,20260226_279_Gen_Alg_10_8_2_Colorado2025-greenBox.czi,Gen_alg,704.14,7881.0,7239.0,35,34,114.08,0.961,20260226_279_Gen_Alg_10_8_2_Colorado2025-greenBox_x007680_y007168
Unknown_Sample,20260226_279_Gen_Alg_10_8_2_Colorado2025-greenBox.czi,Gen_alg,691.44,7764.0,7413.0,31,36,111.84,0.961,20260226_279_Gen_Alg_10_8_2_Colorado2025-greenBox_x007680_y007168
Unknown_Sample,20260226_279_Gen_Alg_10_8_2_Colorado2025-greenBox.czi,Gen_alg,689.9,7902.0,7560.0,33,34,111.84,0.961,20260226_279_Gen_Alg_10_8_2_Colorado2025-greenBox_x007680_y007168
Unknown_Sample,20260226_279_Gen_Alg_10_8_2_Colorado2025-greenBox.czi,Gen_alg,707.6,7745.0,7189.0,32,36,113.84,0.96,20260226_279_Gen_Alg_10_8_2_Colorado2025-greenBox_x007680_y007168
Unknown_Sample,20260226_279_Gen_Alg_10_8_2_Colorado2025-greenBox.czi,Gen_alg,784.17,8187.0,7345.0,37,35,120.08,0.957,20260226_279_Gen_Alg_10_8_2_Colorado2025-greenBox_x007680_y007168
Unknown_Sample,20260226_279_Gen_Alg_10_8_2_Colorado2025-greenBox.czi,Gen_alg,554.46,7881.0,7656.0,33,28,102.18,0.956,20260226_279_Gen_Alg_10_8_2_Colorado2025-greenBox_x007680_y007168
Unknown_Sample,20260226_279_Gen_Alg_10_8_2_Colorado2025-greenBox.czi,Gen_alg,694.52,8119.0,7366.0,34,33,111.84,0.956,20260226_279_Gen_Alg_10_8_2_Colorado2025-greenBox_x007680_y007168
Unknown_Sample,20260226_279_Gen_Alg_10_8_2_Colorado2025-greenBox.czi,Gen_alg,766.09,8262.0,7204.0,35,36,117.5,0.95,20260226_279_Gen_Alg_10_8_2_Colorado2025-greenBox_x007680_y007168
Unknown_Sample,20260226_279_Gen_Alg_10_8_2_Colorado2025-greenBox.czi,Gen_alg,755.7,8225.0,7407.0,34,37,118.08,0.943,20260226_279_Gen_Alg_10_8_2_Colorado2025-greenBox_x007680_y007168
Unknown_Sample,20260226_279_Gen_Alg_10_8_2_Colorado2025-greenBox.czi,Gen_alg,379.77,8224.0,7650.0,22,29,84.53,0.943,20260226_279_Gen_Alg_10_8_2_Colorado2025-greenBox_x007680_y007168
Unknown_Sample,20260226_279_Gen_Alg_10_8_2_Colorado2025-greenBox.czi,Gen_alg,576.4,8298.0,7593.0,29,32,101.6,0.937,20260226_279_Gen_Alg_10_8_2_Colorado2025-greenBox_x007680_y007168
Unknown_Sample,20260226_279_Gen_Alg_10_8_2_Colorado2025-greenBox.czi,Gen_alg,313.21,8239.0,7174.0,33,17,85.46,0.936,20260226_279_Gen_Alg_10_8_2_Colorado2025-greenBox_x007680_y007168
Unknown_Sample,20260226_279_Gen_Alg_10_8_2_Colorado2025-greenBox.czi,Gen_alg,766.09,8262.0,7204.0,35,36,117.5,0.95,20260226_279_Gen_Alg_10_8_2_Colorado2025-greenBox_x008192_y007168
Unknown_Sample,20260226_279_Gen_Alg_10_8_2_Colorado2025-greenBox.czi,Gen_alg,759.16,8225.0,7407.0,34,37,117.5,0.942,20260226_279_Gen_Alg_10_8_2_Colorado2025-greenBox_x008192_y007168
Unknown_Sample,20260226_279_Gen_Alg_10_8_2_Colorado2025-greenBox.czi,Gen_alg,383.24,8224.0,7650.0,22,29,85.11,0.941,20260226_279_Gen_Alg_10_8_2_Colorado2025-greenBox_x008192_y007168
Unknown_Sample,20260226_279_Gen_Alg_10_8_2_Colorado2025-greenBox.czi,Gen_alg,313.21,8239.0,7174.0,33,17,85.46,0.935,20260226_279_Gen_Alg_10_8_2_Colorado2025-greenBox_x008192_y007168
Unknown_Sample,20260226_279_Gen_Alg_10_8_2_Colorado2025-greenBox.czi,Gen_alg,273.96,8197.0,7347.0,15,34,83.46,0.933,20260226_279_Gen_Alg_10_8_2_Colorado2025-greenBox_x008192_y007168
Unknown_Sample,20260226_279_Gen_Alg_10_8_2_Colorado2025-greenBox.czi,Gen_alg,587.94,8298.0,7593.0,30,32,103.6,0.931,20260226_279_Gen_Alg_10_8_2_Colorado2025-greenBox_x008192_y007168
Unknown_Sample,20260226_279_Gen_Alg_10_8_2_Colorado2025-greenBox.czi,Gen_alg,554.85,8379.0,7178.0,35,25,106.63,0.906,20260226_279_Gen_Alg_10_8_2_Colorado2025-greenBox_x008192_y007168
Unknown_Sample,20260226_279_Gen_Alg_10_8_2_Colorado2025-greenBox.czi,Gen_alg,930.01,9158.0,7747.0,39,39,127.98,0.958,20260226_279_Gen_Alg_10_8_2_Colorado2025-greenBox_x008704_y007168
Unknown_Sample,20260226_279_Gen_Alg_10_8_2_Colorado2025-greenBox.czi,Gen_alg,802.64,9824.0,7742.0,36,35,122.77,0.917,20260226_279_Gen_Alg_10_8_2_Colorado2025-greenBox_x009216_y007168
Unknown_Sample,20260226_279_Gen_Alg_10_8_2_Colorado2025-greenBox.czi,Gen_alg,589.86,9826.0,7331.0,29,33,104.18,0.916,20260226_279_Gen_Alg_10_8_2_Colorado2025-greenBox_x009216_y007168
Unknown_Sample,20260226_279_Gen_Alg_10_8_2_Colorado2025-greenBox.czi,Gen_alg,829.19,10339.0,7192.0,36,37,122.67,0.96,20260226_279_Gen_Alg_10_8_2_Colorado2025-greenBox_x009728_y007168
Unknown_Sample,20260226_279_Gen_Alg_10_8_2_Colorado2025-greenBox.czi,Gen_alg,838.04,9915.0,7760.0,37,37,122.91,0.945,20260226_279_Gen_Alg_10_8_2_Colorado2025-greenBox_x009728_y007168
Unknown_Sample,20260226_279_Gen_Alg_10_8_2_Colorado2025-greenBox.czi,Gen_alg,787.25,10153.0,7195.0,36,36,120.08,0.938,20260226_279_Gen_Alg_10_8_2_Colorado2025-greenBox_x009728_y007168
Unknown_Sample,20260226_279_Gen_Alg_10_8_2_Colorado2025-greenBox.czi,Gen_alg,795.33,10015.0,7628.0,37,36,121.5,0.921,20260226_279_Gen_Alg_10_8_2_Colorado2025-greenBox_x009728_y007168
Unknown_Sample,20260226_279_Gen_Alg_10_8_2_Colorado2025-greenBox.czi,Gen_alg,577.55,9826.0,7331.0,28,33,103.36,0.914,20260226_279_Gen_Alg_10_8_2_Colorado2025-greenBox_x009728_y007168
Unknown_Sample,20260226_279_Gen_Alg_10_8_2_Colorado2025-greenBox.czi,Gen_alg,854.2,9823.0,7742.0,37,36,125.6,0.901,20260226_279_Gen_Alg_10_8_2_Colorado2025-greenBox_x009728_y007168
Unknown_Sample,20260226_279_Gen_Alg_10_8_2_Colorado2025-greenBox.czi,Gen_alg,761.47,10540.0,7601.0,35,35,117.84,0.962,20260226_279_Gen_Alg_10_8_2_Colorado2025-greenBox_x010240_y007168
Unknown_Sample,20260226_279_Gen_Alg_10_8_2_Colorado2025-greenBox.czi,Gen_alg,816.11,10339.0,7192.0,36,36,121.84,0.961,20260226_279_Gen_Alg_10_8_2_Colorado2025-greenBox_x010240_y007168
Unknown_Sample,20260226_279_Gen_Alg_10_8_2_Colorado2025-greenBox.czi,Gen_alg,543.69,10717.0,7237.0,29,31,100.18,0.96,20260226_279_Gen_Alg_10_8_2_Colorado2025-greenBox_x010240_y007168
Unknown_Sample,20260226_279_Gen_Alg_10_8_2_Colorado2025-greenBox.czi,Gen_alg,751.47,10528.0,7221.0,34,37,117.5,0.959,20260226_279_Gen_Alg_10_8_2_Colorado2025-greenBox_x010240_y007168
Unknown_Sample,20260226_279_Gen_Alg_10_8_2_Colorado2025-greenBox.czi,Gen_alg,475.2,10673.0,7178.0,32,24,98.04,0.955,20260226_279_Gen_Alg_10_8_2_Colorado2025-greenBox_x010240_y007168
Unknown_Sample,20260226_279_Gen_Alg_10_8_2_Colorado2025-greenBox.czi,Gen_alg,291.66,10872.0,7652.0,16,32,83.8,0.906,20260226_279_Gen_Alg_10_8_2_Colorado2025-greenBox_x010240_y007168
Unknown_Sample,20260226_279_Gen_Alg_10_8_2_Colorado2025-greenBox.czi,Gen_alg,800.72,11073.0,7768.0,36,37,121.5,0.965,20260226_279_Gen_Alg_10_8_2_Colorado2025-greenBox_x010752_y007168
Unknown_Sample,20260226_279_Gen_Alg_10_8_2_Colorado2025-greenBox.czi,Gen_alg,779.56,10968.0,7252.0,37,35,117.74,0.964,20260226_279_Gen_Alg_10_8_2_Colorado2025-greenBox_x010752_y007168
Unknown_Sample,20260226_279_Gen_Alg_10_8_2_Colorado2025-greenBox.czi,Gen_alg,667.2,11321.0,7410.0,33,33,109.25,0.962,20260226_279_Gen_Alg_10_8_2_Colorado2025-greenBox_x010752_y007168
Unknown_Sample,20260226_279_Gen_Alg_10_8_2_Colorado2025-greenBox.czi,Gen_alg,701.83,11250.0,7376.0,34,34,113.25,0.962,20260226_279_Gen_Alg_10_8_2_Colorado2025-greenBox_x010752_y007168
Unknown_Sample,20260226_279_Gen_Alg_10_8_2_Colorado2025-greenBox.czi,Gen_alg,618.72,11281.0,7483.0,35,29,106.43,0.961,20260226_279_Gen_Alg_10_8_2_Colorado2025-greenBox_x010752_y007168
Unknown_Sample,20260226_279_Gen_Alg_10_8_2_Colorado2025-greenBox.czi,Gen_alg,644.12,10879.0,7652.0,33,33,109.25,0.961,20260226_279_Gen_Alg_10_8_2_Colorado2025-greenBox_x010752_y007168
Unknown_Sample,20260226_279_Gen_Alg_10_8_2_Colorado2025-greenBox.czi,Gen_alg,632.96,11371.0,7509.0,33,33,108.67,0.959,20260226_279_Gen_Alg_10_8_2_Colorado2025-greenBox_x010752_y007168
Unknown_Sample,20260226_279_Gen_Alg_10_8_2_Colorado2025-greenBox.czi,Gen_alg,682.59,10975.0,7680.0,35,34,111.74,0.958,20260226_279_Gen_Alg_10_8_2_Colorado2025-greenBox_x010752_y007168
Unknown_Sample,20260226_279_Gen_Alg_10_8_2_Colorado2025-greenBox.czi,Gen_alg,693.75,11445.0,7422.0,35,34,112.33,0.963,20260226_279_Gen_Alg_10_8_2_Colorado2025-greenBox_x011264_y007168
Unknown_Sample,20260226_279_Gen_Alg_10_8_2_Colorado2025-greenBox.czi,Gen_alg,626.8,11649.0,7196.0,32,32,107.01,0.963,20260226_279_Gen_Alg_10_8_2_Colorado2025-greenBox_x011264_y007168
Unknown_Sample,20260226_279_Gen_Alg_10_8_2_Colorado2025-greenBox.czi,Gen_alg,874.21,11639.0,7748.0,41,35,126.91,0.963,20260226_279_Gen_Alg_10_8_2_Colorado2025-greenBox_x011264_y007168
Unknown_Sample,20260226_279_Gen_Alg_10_8_2_Colorado2025-greenBox.czi,Gen_alg,632.96,11371.0,7509.0,33,33,108.67,0.962,20260226_279_Gen_Alg_10_8_2_Colorado2025-greenBox_x011264_y007168
Unknown_Sample,20260226_279_Gen_Alg_10_8_2_Colorado2025-greenBox.czi,Gen_alg,667.2,11321.0,7410.0,33,33,109.25,0.962,20260226_279_Gen_Alg_10_8_2_Colorado2025-greenBox_x011264_y007168
Unknown_Sample,20260226_279_Gen_Alg_10_8_2_Colorado2025-greenBox.czi,Gen_alg,686.44,11825.0,7440.0,33,35,113.25,0.962,20260226_279_Gen_Alg_10_8_2_Colorado2025-greenBox_x011264_y007168
Unknown_Sample,20260226_279_Gen_Alg_10_8_2_Colorado2025-greenBox.czi,Gen_alg,529.84,11478.0,7180.0,31,27,99.7,0.96,20260226_279_Gen_Alg_10_8_2_Colorado2025-greenBox_x011264_y007168
Unknown_Sample,20260226_279_Gen_Alg_10_8_2_Colorado2025-greenBox.czi,Gen_alg,623.34,11281.0,7484.0,35,29,106.43,0.96,20260226_279_Gen_Alg_10_8_2_Colorado2025-greenBox_x011264_y007168
Unknown_Sample,20260226_279_Gen_Alg_10_8_2_Colorado2025-greenBox.czi,Gen_alg,598.71,11792.0,7630.0,32,32,105.25,0.957,20260226_279_Gen_Alg_10_8_2_Colorado2025-greenBox_x011264_y007168
Unknown_Sample,20260226_279_Gen_Alg_10_8_2_Colorado2025-greenBox.czi,Gen_alg,645.27,11629.0,7239.0,32,34,107.5,0.957,20260226_279_Gen_Alg_10_8_2_Colorado2025-greenBox_x011264_y007168
Unknown_Sample,20260226_279_Gen_Alg_10_8_2_Colorado2025-greenBox.czi,Gen_alg,773.79,12117.0,7309.0,34,36,117.84,0.964,20260226_279_Gen_Alg_10_8_2_Colorado2025-greenBox_x011776_y007168
Unknown_Sample,20260226_279_Gen_Alg_10_8_2_Colorado2025-greenBox.czi,Gen_alg,590.25,12049.0,7305.0,32,30,104.77,0.962,20260226_279_Gen_Alg_10_8_2_Colorado2025-greenBox_x011776_y007168
Unknown_Sample,20260226_279_Gen_Alg_10_8_2_Colorado2025-greenBox.czi,Gen_alg,686.44,11825.0,7440.0,33,35,113.25,0.962,20260226_279_Gen_Alg_10_8_2_Colorado2025-greenBox_x011776_y007168
Unknown_Sample,20260226_279_Gen_Alg_10_8_2_Colorado2025-greenBox.czi,Gen_alg,693.37,12052.0,7386.0,34,34,113.25,0.962,20260226_279_Gen_Alg_10_8_2_Colorado2025-greenBox_x011776_y007168
Unknown_Sample,20260226_279_Gen_Alg_10_8_2_Colorado2025-greenBox.czi,Gen_alg,637.58,12312.0,7670.0,33,33,107.5,0.959,20260226_279_Gen_Alg_10_8_2_Colorado2025-greenBox_x011776_y007168
Unknown_Sample,20260226_279_Gen_Alg_10_8_2_Colorado2025-greenBox.czi,Gen_alg,504.83,12332.0,7308.0,29,28,94.77,0.958,20260226_279_Gen_Alg_10_8_2_Colorado2025-greenBox_x011776_y007168
Unknown_Sample,20260226_279_Gen_Alg_10_8_2_Colorado2025-greenBox.czi,Gen_alg,594.1,11792.0,7630.0,31,32,104.43,0.955,20260226_279_Gen_Alg_10_8_2_Colorado2025-greenBox_x011776_y007168
Unknown_Sample,20260226_279_Gen_Alg_10_8_2_Colorado2025-greenBox.czi,Gen_alg,489.44,12404.0,7769.0,24,32,99.8,0.934,20260226_279_Gen_Alg_10_8_2_Colorado2025-greenBox_x011776_y007168
Unknown_Sample,20260226_279_Gen_Alg_10_8_2_Colorado2025-greenBox.czi,Gen_alg,499.44,12404.0,7502.0,24,34,100.28,0.934,20260226_279_Gen_Alg_10_8_2_Colorado2025-greenBox_x011776_y007168
Unknown_Sample,20260226_279_Gen_Alg_10_8_2_Colorado2025-greenBox.czi,Gen_alg,707.22,12409.0,7502.0,35,34,112.91,0.961,20260226_279_Gen_Alg_10_8_2_Colorado2025-greenBox_x012288_y007168
Unknown_Sample,20260226_279_Gen_Alg_10_8_2_Colorado2025-greenBox.czi,Gen_alg,644.89,12407.0,7769.0,33,32,109.6,0.96,20260226_279_Gen_Alg_10_8_2_Colorado2025-greenBox_x012288_y007168
Unknown_Sample,20260226_279_Gen_Alg_10_8_2_Colorado2025-greenBox.czi,Gen_alg,637.58,12312.0,7670.0,33,33,107.5,0.959,20260226_279_Gen_Alg_10_8_2_Colorado2025-greenBox_x012288_y007168
Unknown_Sample,20260226_279_Gen_Alg_10_8_2_Colorado2025-greenBox.czi,Gen_alg,504.83,12332.0,7308.0,29,28,94.77,0.958,20260226_279_Gen_Alg_10_8_2_Colorado2025-greenBox_x012288_y007168
Unknown_Sample,20260226_279_Gen_Alg_10_8_2_Colorado2025-greenBox.czi,Gen_alg,622.95,12726.0,7622.0,32,31,106.18,0.957,20260226_279_Gen_Alg_10_8_2_Colorado2025-greenBox_x012288_y007168
Unknown_Sample,20260226_279_Gen_Alg_10_8_2_Colorado2025-greenBox.czi,Gen_alg,557.16,12728.0,7669.0,31,30,101.6,0.955,20260226_279_Gen_Alg_10_8_2_Colorado2025-greenBox_x012288_y007168
Unknown_Sample,20260226_279_Gen_Alg_10_8_2_Colorado2025-greenBox.czi,Gen_alg,767.63,12939.0,7328.0,37,35,118.33,0.959,20260226_279_Gen_Alg_10_8_2_Colorado2025-greenBox_x012800_y007168
Unknown_Sample,20260226_279_Gen_Alg_10_8_2_Colorado2025-greenBox.czi,Gen_alg,654.89,12947.0,7583.0,34,32,109.25,0.955,20260226_279_Gen_Alg_10_8_2_Colorado2025-greenBox_x012800_y007168
Unknown_Sample,20260226_279_Gen_Alg_10_8_2_Colorado2025-greenBox.czi,Gen_alg,599.87,12969.0,7299.0,32,31,103.84,0.955,20260226_279_Gen_Alg_10_8_2_Colorado2025-greenBox_x012800_y007168
Unknown_Sample,20260226_279_Gen_Alg_10_8_2_Colorado2025-greenBox.czi,Gen_alg,378.24,13081.0,7207.0,26,25,85.7,0.949,20260226_279_Gen_Alg_10_8_2_Colorado2025-greenBox_x012800_y007168
Unknown_Sample,20260226_279_Gen_Alg_10_8_2_Colorado2025-greenBox.czi,Gen_alg,363.23,13021.0,7472.0,23,27,83.11,0.947,20260226_279_Gen_Alg_10_8_2_Colorado2025-greenBox_x012800_y007168
Unknown_Sample,20260226_279_Gen_Alg_10_8_2_Colorado2025-greenBox.czi,Gen_alg,164.68,13434.0,7439.0,11,27,64.97,0.873,20260226_279_Gen_Alg_10_8_2_Colorado2025-greenBox_x012800_y007168
Unknown_Sample,20260226_279_Gen_Alg_10_8_2_Colorado2025-greenBox.czi,Gen_alg,805.72,13541.0,7421.0,35,37,121.25,0.965,20260226_279_Gen_Alg_10_8_2_Colorado2025-greenBox_x013312_y007168
Unknown_Sample,20260226_279_Gen_Alg_10_8_2_Colorado2025-greenBox.czi,Gen_alg,667.97,13856.0,7408.0,33,33,111.6,0.962,20260226_279_Gen_Alg_10_8_2_Colorado2025-greenBox_x013312_y007168
Unknown_Sample,20260226_279_Gen_Alg_10_8_2_Colorado2025-greenBox.czi,Gen_alg,503.29,13442.0,7439.0,29,29,96.77,0.959,20260226_279_Gen_Alg_10_8_2_Colorado2025-greenBox_x013312_y007168
Unknown_Sample,20260226_279_Gen_Alg_10_8_2_Colorado2025-greenBox.czi,Gen_alg,475.97,13645.0,7372.0,28,27,93.7,0.958,20260226_279_Gen_Alg_10_8_2_Colorado2025-greenBox_x013312_y007168
Unknown_Sample,20260226_279_Gen_Alg_10_8_2_Colorado2025-greenBox.czi,Gen_alg,670.28,13736.0,7278.0,32,34,110.43,0.958,20260226_279_Gen_Alg_10_8_2_Colorado2025-greenBox_x013312_y007168
Unknown_Sample,20260226_279_Gen_Alg_10_8_2_Colorado2025-greenBox.czi,Gen_alg,731.46,14151.0,7763.0,36,34,115.5,0.964,20260226_279_Gen_Alg_10_8_2_Colorado2025-greenBox_x013824_y007168
Unknown_Sample,20260226_279_Gen_Alg_10_8_2_Colorado2025-greenBox.czi,Gen_alg,754.93,14138.0,7365.0,35,35,117.25,0.963,20260226_279_Gen_Alg_10_8_2_Colorado2025-greenBox_x013824_y007168
Unknown_Sample,20260226_279_Gen_Alg_10_8_2_Colorado2025-greenBox.czi,Gen_alg,667.97,13856.0,7408.0,33,33,111.6,0.962,20260226_279_Gen_Alg_10_8_2_Colorado2025-greenBox_x013824_y007168
Unknown_Sample,20260226_279_Gen_Alg_10_8_2_Colorado2025-greenBox.czi,Gen_alg,569.85,13999.0,7448.0,31,30,102.18,0.958,20260226_279_Gen_Alg_10_8_2_Colorado2025-greenBox_x013824_y007168
Unknown_Sample,20260226_279_Gen_Alg_10_8_2_Colorado2025-greenBox.czi,Gen_alg,757.24,14924.0,7261.0,35,36,118.08,0.961,20260226_279_Gen_Alg_10_8_2_Colorado2025-greenBox_x014336_y007168
Unknown_Sample,20260226_279_Gen_Alg_10_8_2_Colorado2025-greenBox.czi,Gen_alg,609.87,14689.0,7646.0,31,32,105.01,0.956,20260226_279_Gen_Alg_10_8_2_Colorado2025-greenBox_x014336_y007168
Unknown_Sample,20260226_279_Gen_Alg_10_8_2_Colorado2025-greenBox.czi,Gen_alg,556.39,14564.0,7202.0,31,30,101.6,0.956,20260226_279_Gen_Alg_10_8_2_Colorado2025-greenBox_x014336_y007168
Unknown_Sample,20260226_279_Gen_Alg_10_8_2_Colorado2025-greenBox.czi,Gen_alg,695.29,14480.0,7664.0,33,35,112.67,0.954,20260226_279_Gen_Alg_10_8_2_Colorado2025-greenBox_x014336_y007168
Unknown_Sample,20260226_279_Gen_Alg_10_8_2_Colorado2025-greenBox.czi,Gen_alg,368.62,14732.0,7700.0,27,24,82.77,0.949,20260226_279_Gen_Alg_10_8_2_Colorado2025-greenBox_x014336_y007168
Unknown_Sample,20260226_279_Gen_Alg_10_8_2_Colorado2025-greenBox.czi,Gen_alg,333.99,14542.0,7175.0,34,17,88.63,0.948,20260226_279_Gen_Alg_10_8_2_Colorado2025-greenBox_x014336_y007168
Unknown_Sample,20260226_279_Gen_Alg_10_8_2_Colorado2025-greenBox.czi,Gen_alg,696.06,15010.0,7362.0,34,36,113.15,0.961,20260226_279_Gen_Alg_10_8_2_Colorado2025-greenBox_x014848_y007168
Unknown_Sample,20260226_279_Gen_Alg_10_8_2_Colorado2025-greenBox.czi,Gen_alg,757.24,14924.0,7261.0,35,36,118.08,0.961,20260226_279_Gen_Alg_10_8_2_Colorado2025-greenBox_x014848_y007168
Unknown_Sample,20260226_279_Gen_Alg_10_8_2_Colorado2025-greenBox.czi,Gen_alg,847.28,15331.0,7476.0,36,38,124.08,0.961,20260226_279_Gen_Alg_10_8_2_Colorado2025-greenBox_x014848_y007168
Unknown_Sample,20260226_279_Gen_Alg_10_8_2_Colorado2025-greenBox.czi,Gen_alg,721.07,15136.0,7779.0,36,34,114.91,0.959,20260226_279_Gen_Alg_10_8_2_Colorado2025-greenBox_x014848_y007168
Unknown_Sample,20260226_279_Gen_Alg_10_8_2_Colorado2025-greenBox.czi,Gen_alg,606.79,15149.0,7200.0,33,30,106.18,0.959,20260226_279_Gen_Alg_10_8_2_Colorado2025-greenBox_x014848_y007168
Unknown_Sample,20260226_279_Gen_Alg_10_8_2_Colorado2025-greenBox.czi,Gen_alg,611.03,15451.0,7633.0,34,30,107.6,0.952,20260226_279_Gen_Alg_10_8_2_Colorado2025-greenBox_x014848_y007168
Unknown_Sample,20260226_279_Gen_Alg_10_8_2_Colorado2025-greenBox.czi,Gen_alg,523.68,15546.0,7599.0,30,29,97.01,0.957,20260226_279_Gen_Alg_10_8_2_Colorado2025-greenBox_x015360_y007168
Unknown_Sample,20260226_279_Gen_Alg_10_8_2_Colorado2025-greenBox.czi,Gen_alg,611.03,15451.0,7633.0,34,30,107.6,0.951,20260226_279_Gen_Alg_10_8_2_Colorado2025-greenBox_x015360_y007168
Unknown_Sample,20260226_279_Gen_Alg_10_8_2_Colorado2025-greenBox.czi,Gen_alg,679.9,15514.0,7188.0,33,33,112.18,0.943,20260226_279_Gen_Alg_10_8_2_Colorado2025-greenBox_x015360_y007168
Unknown_Sample,20260226_279_Gen_Alg_10_8_2_Colorado2025-greenBox.czi,Gen_alg,601.79,16241.0,7749.0,31,32,104.43,0.96,20260226_279_Gen_Alg_10_8_2_Colorado2025-greenBox_x015872_y007168
Unknown_Sample,20260226_279_Gen_Alg_10_8_2_Colorado2025-greenBox.czi,Gen_alg,681.82,16482.0,7473.0,37,31,113.25,0.956,20260226_279_Gen_Alg_10_8_2_Colorado2025-greenBox_x015872_y007168
Unknown_Sample,20260226_279_Gen_Alg_10_8_2_Colorado2025-greenBox.czi,Gen_alg,804.57,16308.0,7370.0,36,36,121.84,0.955,20260226_279_Gen_Alg_10_8_2_Colorado2025-greenBox_x015872_y007168
Unknown_Sample,20260226_279_Gen_Alg_10_8_2_Colorado2025-greenBox.czi,Gen_alg,689.52,16228.0,7585.0,35,34,112.91,0.953,20260226_279_Gen_Alg_10_8_2_Colorado2025-greenBox_x015872_y007168
Unknown_Sample,20260226_279_Gen_Alg_10_8_2_Colorado2025-greenBox.czi,Gen_alg,797.26,16651.0,7202.0,38,34,120.08,0.949,20260226_279_Gen_Alg_10_8_2_Colorado2025-greenBox_x016384_y007168
Unknown_Sample,20260226_279_Gen_Alg_10_8_2_Colorado2025-greenBox.czi,Gen_alg,718.38,16482.0,7473.0,38,31,115.84,0.947,20260226_279_Gen_Alg_10_8_2_Colorado2025-greenBox_x016384_y007168
Unknown_Sample,20260226_279_Gen_Alg_10_8_2_Colorado2025-greenBox.czi,Gen_alg,335.91,481.0,8193.0,25,23,79.7,0.929,20260226_279_Gen_Alg_10_8_2_Colorado2025-greenBox_x000000_y007680
Unknown_Sample,20260226_279_Gen_Alg_10_8_2_Colorado2025-greenBox.czi,Gen_alg,867.29,705.0,8029.0,35,41,125.74,0.966,20260226_279_Gen_Alg_10_8_2_Colorado2025-greenBox_x000512_y007680
Unknown_Sample,20260226_279_Gen_Alg_10_8_2_Colorado2025-greenBox.czi,Gen_alg,782.25,719.0,7698.0,35,37,120.67,0.963,20260226_279_Gen_Alg_10_8_2_Colorado2025-greenBox_x000512_y007680
Unknown_Sample,20260226_279_Gen_Alg_10_8_2_Colorado2025-greenBox.czi,Gen_alg,629.49,1123.0,8076.0,34,30,107.6,0.961,20260226_279_Gen_Alg_10_8_2_Colorado2025-greenBox_x000512_y007680
Unknown_Sample,20260226_279_Gen_Alg_10_8_2_Colorado2025-greenBox.czi,Gen_alg,732.23,1093.0,8020.0,34,36,116.67,0.957,20260226_279_Gen_Alg_10_8_2_Colorado2025-greenBox_x000512_y007680
Unknown_Sample,20260226_279_Gen_Alg_10_8_2_Colorado2025-greenBox.czi,Gen_alg,626.03,1137.0,8031.0,30,34,108.18,0.945,20260226_279_Gen_Alg_10_8_2_Colorado2025-greenBox_x000512_y007680
Unknown_Sample,20260226_279_Gen_Alg_10_8_2_Colorado2025-greenBox.czi,Gen_alg,447.11,1050.0,8173.0,30,27,93.6,0.929,20260226_279_Gen_Alg_10_8_2_Colorado2025-greenBox_x000512_y007680
Unknown_Sample,20260226_279_Gen_Alg_10_8_2_Colorado2025-greenBox.czi,Gen_alg,295.12,973.0,7687.0,28,19,80.04,0.929,20260226_279_Gen_Alg_10_8_2_Colorado2025-greenBox_x000512_y007680
Unknown_Sample,20260226_279_Gen_Alg_10_8_2_Colorado2025-greenBox.czi,Gen_alg,382.08,1080.0,8186.0,22,29,84.53,0.92,20260226_279_Gen_Alg_10_8_2_Colorado2025-greenBox_x000512_y007680
Unknown_Sample,20260226_279_Gen_Alg_10_8_2_Colorado2025-greenBox.czi,Gen_alg,898.45,1239.0,7700.0,40,38,129.15,0.963,20260226_279_Gen_Alg_10_8_2_Colorado2025-greenBox_x001024_y007680
Unknown_Sample,20260226_279_Gen_Alg_10_8_2_Colorado2025-greenBox.czi,Gen_alg,764.55,1222.0,7754.0,36,35,117.5,0.963,20260226_279_Gen_Alg_10_8_2_Colorado2025-greenBox_x001024_y007680
Unknown_Sample,20260226_279_Gen_Alg_10_8_2_Colorado2025-greenBox.czi,Gen_alg,808.42,1430.0,7799.0,37,36,122.67,0.962,20260226_279_Gen_Alg_10_8_2_Colorado2025-greenBox_x001024_y007680
Unknown_Sample,20260226_279_Gen_Alg_10_8_2_Colorado2025-greenBox.czi,Gen_alg,629.49,1123.0,8076.0,34,30,107.6,0.961,20260226_279_Gen_Alg_10_8_2_Colorado2025-greenBox_x001024_y007680
Unknown_Sample,20260226_279_Gen_Alg_10_8_2_Colorado2025-greenBox.czi,Gen_alg,652.58,1137.0,8031.0,32,35,110.08,0.958,20260226_279_Gen_Alg_10_8_2_Colorado2025-greenBox_x001024_y007680
Unknown_Sample,20260226_279_Gen_Alg_10_8_2_Colorado2025-greenBox.czi,Gen_alg,950.01,1443.0,7953.0,40,40,131.98,0.958,20260226_279_Gen_Alg_10_8_2_Colorado2025-greenBox_x001024_y007680
Unknown_Sample,20260226_279_Gen_Alg_10_8_2_Colorado2025-greenBox.czi,Gen_alg,734.92,1093.0,8020.0,34,36,116.08,0.957,20260226_279_Gen_Alg_10_8_2_Colorado2025-greenBox_x001024_y007680
Unknown_Sample,20260226_279_Gen_Alg_10_8_2_Colorado2025-greenBox.czi,Gen_alg,709.91,1443.0,7720.0,35,34,113.5,0.954,20260226_279_Gen_Alg_10_8_2_Colorado2025-greenBox_x001024_y007680
Unknown_Sample,20260226_279_Gen_Alg_10_8_2_Colorado2025-greenBox.czi,Gen_alg,449.03,1050.0,8173.0,30,27,94.18,0.928,20260226_279_Gen_Alg_10_8_2_Colorado2025-greenBox_x001024_y007680
Unknown_Sample,20260226_279_Gen_Alg_10_8_2_Colorado2025-greenBox.czi,Gen_alg,382.85,1080.0,8186.0,22,29,84.53,0.92,20260226_279_Gen_Alg_10_8_2_Colorado2025-greenBox_x001024_y007680
Unknown_Sample,20260226_279_Gen_Alg_10_8_2_Colorado2025-greenBox.czi,Gen_alg,98.5,1394.0,7687.0,12,15,45.31,0.848,20260226_279_Gen_Alg_10_8_2_Colorado2025-greenBox_x001024_y007680
Unknown_Sample,20260226_279_Gen_Alg_10_8_2_Colorado2025-greenBox.czi,Gen_alg,720.3,1711.0,7810.0,35,34,114.08,0.964,20260226_279_Gen_Alg_10_8_2_Colorado2025-greenBox_x001536_y007680
Unknown_Sample,20260226_279_Gen_Alg_10_8_2_Colorado2025-greenBox.czi,Gen_alg,783.79,2187.0,8251.0,35,36,119.84,0.96,20260226_279_Gen_Alg_10_8_2_Colorado2025-greenBox_x002048_y007680
Unknown_Sample,20260226_279_Gen_Alg_10_8_2_Colorado2025-greenBox.czi,Gen_alg,589.48,2219.0,7697.0,31,31,104.77,0.958,20260226_279_Gen_Alg_10_8_2_Colorado2025-greenBox_x002048_y007680
Unknown_Sample,20260226_279_Gen_Alg_10_8_2_Colorado2025-greenBox.czi,Gen_alg,887.68,2814.0,7826.0,40,37,125.98,0.962,20260226_279_Gen_Alg_10_8_2_Colorado2025-greenBox_x002560_y007680
Unknown_Sample,20260226_279_Gen_Alg_10_8_2_Colorado2025-greenBox.czi,Gen_alg,983.49,3073.0,8053.0,40,40,133.74,0.962,20260226_279_Gen_Alg_10_8_2_Colorado2025-greenBox_x002560_y007680
Unknown_Sample,20260226_279_Gen_Alg_10_8_2_Colorado2025-greenBox.czi,Gen_alg,919.23,2908.0,8107.0,38,40,129.15,0.96,20260226_279_Gen_Alg_10_8_2_Colorado2025-greenBox_x002560_y007680
Unknown_Sample,20260226_279_Gen_Alg_10_8_2_Colorado2025-greenBox.czi,Gen_alg,784.17,3151.0,7700.0,36,36,120.08,0.96,20260226_279_Gen_Alg_10_8_2_Colorado2025-greenBox_x002560_y007680
Unknown_Sample,20260226_279_Gen_Alg_10_8_2_Colorado2025-greenBox.czi,Gen_alg,854.59,2842.0,7751.0,39,37,125.15,0.959,20260226_279_Gen_Alg_10_8_2_Colorado2025-greenBox_x002560_y007680
Unknown_Sample,20260226_279_Gen_Alg_10_8_2_Colorado2025-greenBox.czi,Gen_alg,759.16,3679.0,8166.0,35,36,117.5,0.962,20260226_279_Gen_Alg_10_8_2_Colorado2025-greenBox_x003072_y007680
Unknown_Sample,20260226_279_Gen_Alg_10_8_2_Colorado2025-greenBox.czi,Gen_alg,540.61,3428.0,7972.0,31,29,99.01,0.96,20260226_279_Gen_Alg_10_8_2_Colorado2025-greenBox_x003072_y007680
Unknown_Sample,20260226_279_Gen_Alg_10_8_2_Colorado2025-greenBox.czi,Gen_alg,1001.57,3326.0,7978.0,41,41,134.81,0.96,20260226_279_Gen_Alg_10_8_2_Colorado2025-greenBox_x003072_y007680
Unknown_Sample,20260226_279_Gen_Alg_10_8_2_Colorado2025-greenBox.czi,Gen_alg,782.64,3151.0,7700.0,36,36,120.08,0.96,20260226_279_Gen_Alg_10_8_2_Colorado2025-greenBox_x003072_y007680
Unknown_Sample,20260226_279_Gen_Alg_10_8_2_Colorado2025-greenBox.czi,Gen_alg,539.84,3081.0,8053.0,22,40,108.87,0.954,20260226_279_Gen_Alg_10_8_2_Colorado2025-greenBox_x003072_y007680
Unknown_Sample,20260226_279_Gen_Alg_10_8_2_Colorado2025-greenBox.czi,Gen_alg,935.39,3862.0,8193.0,39,39,129.15,0.965,20260226_279_Gen_Alg_10_8_2_Colorado2025-greenBox_x003584_y007680
Unknown_Sample,20260226_279_Gen_Alg_10_8_2_Colorado2025-greenBox.czi,Gen_alg,758.39,3679.0,8166.0,35,36,117.5,0.962,20260226_279_Gen_Alg_10_8_2_Colorado2025-greenBox_x003584_y007680
Unknown_Sample,20260226_279_Gen_Alg_10_8_2_Colorado2025-greenBox.czi,Gen_alg,643.73,4167.0,8233.0,33,32,109.01,0.961,20260226_279_Gen_Alg_10_8_2_Colorado2025-greenBox_x003584_y007680
Unknown_Sample,20260226_279_Gen_Alg_10_8_2_Colorado2025-greenBox.czi,Gen_alg,754.16,4014.0,7944.0,34,36,117.25,0.96,20260226_279_Gen_Alg_10_8_2_Colorado2025-greenBox_x003584_y007680
Unknown_Sample,20260226_279_Gen_Alg_10_8_2_Colorado2025-greenBox.czi,Gen_alg,905.38,4201.0,8029.0,38,42,130.81,0.937,20260226_279_Gen_Alg_10_8_2_Colorado2025-greenBox_x003584_y007680
Unknown_Sample,20260226_279_Gen_Alg_10_8_2_Colorado2025-greenBox.czi,Gen_alg,682.59,3861.0,7963.0,35,36,120.43,0.919,20260226_279_Gen_Alg_10_8_2_Colorado2025-greenBox_x003584_y007680
Unknown_Sample,20260226_279_Gen_Alg_10_8_2_Colorado2025-greenBox.czi,Gen_alg,614.49,4211.0,7991.0,25,37,111.21,0.912,20260226_279_Gen_Alg_10_8_2_Colorado2025-greenBox_x003584_y007680
Unknown_Sample,20260226_279_Gen_Alg_10_8_2_Colorado2025-greenBox.czi,Gen_alg,355.92,4216.0,7801.0,17,36,92.04,0.895,20260226_279_Gen_Alg_10_8_2_Colorado2025-greenBox_x003584_y007680
Unknown_Sample,20260226_279_Gen_Alg_10_8_2_Colorado2025-greenBox.czi,Gen_alg,728.0,4503.0,7953.0,34,35,115.25,0.962,20260226_279_Gen_Alg_10_8_2_Colorado2025-greenBox_x004096_y007680
Unknown_Sample,20260226_279_Gen_Alg_10_8_2_Colorado2025-greenBox.czi,Gen_alg,701.83,4438.0,8138.0,33,35,113.25,0.962,20260226_279_Gen_Alg_10_8_2_Colorado2025-greenBox_x004096_y007680
Unknown_Sample,20260226_279_Gen_Alg_10_8_2_Colorado2025-greenBox.czi,Gen_alg,814.57,4304.0,7975.0,37,36,122.67,0.961,20260226_279_Gen_Alg_10_8_2_Colorado2025-greenBox_x004096_y007680
Unknown_Sample,20260226_279_Gen_Alg_10_8_2_Colorado2025-greenBox.czi,Gen_alg,643.73,4167.0,8233.0,33,32,109.01,0.961,20260226_279_Gen_Alg_10_8_2_Colorado2025-greenBox_x004096_y007680
Unknown_Sample,20260226_279_Gen_Alg_10_8_2_Colorado2025-greenBox.czi,Gen_alg,842.28,4225.0,7801.0,38,36,123.5,0.96,20260226_279_Gen_Alg_10_8_2_Colorado2025-greenBox_x004096_y007680
Unknown_Sample,20260226_279_Gen_Alg_10_8_2_Colorado2025-greenBox.czi,Gen_alg,917.31,4512.0,7758.0,38,40,129.74,0.959,20260226_279_Gen_Alg_10_8_2_Colorado2025-greenBox_x004096_y007680
Unknown_Sample,20260226_279_Gen_Alg_10_8_2_Colorado2025-greenBox.czi,Gen_alg,623.34,4681.0,7960.0,34,31,107.25,0.956,20260226_279_Gen_Alg_10_8_2_Colorado2025-greenBox_x004096_y007680
Unknown_Sample,20260226_279_Gen_Alg_10_8_2_Colorado2025-greenBox.czi,Gen_alg,788.79,4719.0,7701.0,33,37,123.11,0.945,20260226_279_Gen_Alg_10_8_2_Colorado2025-greenBox_x004096_y007680
Unknown_Sample,20260226_279_Gen_Alg_10_8_2_Colorado2025-greenBox.czi,Gen_alg,792.64,4215.0,7991.0,35,36,119.25,0.944,20260226_279_Gen_Alg_10_8_2_Colorado2025-greenBox_x004096_y007680
Unknown_Sample,20260226_279_Gen_Alg_10_8_2_Colorado2025-greenBox.czi,Gen_alg,913.84,4201.0,8029.0,38,42,133.98,0.942,20260226_279_Gen_Alg_10_8_2_Colorado2025-greenBox_x004096_y007680
Unknown_Sample,20260226_279_Gen_Alg_10_8_2_Colorado2025-greenBox.czi,Gen_alg,778.4,4720.0,7824.0,32,38,122.53,0.941,20260226_279_Gen_Alg_10_8_2_Colorado2025-greenBox_x004096_y007680
Unknown_Sample,20260226_279_Gen_Alg_10_8_2_Colorado2025-greenBox.czi,Gen_alg,853.82,4970.0,8238.0,39,37,126.33,0.962,20260226_279_Gen_Alg_10_8_2_Colorado2025-greenBox_x004608_y007680
Unknown_Sample,20260226_279_Gen_Alg_10_8_2_Colorado2025-greenBox.czi,Gen_alg,831.5,5155.0,7999.0,37,37,123.5,0.961,20260226_279_Gen_Alg_10_8_2_Colorado2025-greenBox_x004608_y007680
Unknown_Sample,20260226_279_Gen_Alg_10_8_2_Colorado2025-greenBox.czi,Gen_alg,721.46,4942.0,8181.0,35,34,113.5,0.96,20260226_279_Gen_Alg_10_8_2_Colorado2025-greenBox_x004608_y007680
Unknown_Sample,20260226_279_Gen_Alg_10_8_2_Colorado2025-greenBox.czi,Gen_alg,880.75,4722.0,7824.0,39,38,127.15,0.959,20260226_279_Gen_Alg_10_8_2_Colorado2025-greenBox_x004608_y007680
Unknown_Sample,20260226_279_Gen_Alg_10_8_2_Colorado2025-greenBox.czi,Gen_alg,901.15,5227.0,8095.0,38,39,126.57,0.957,20260226_279_Gen_Alg_10_8_2_Colorado2025-greenBox_x004608_y007680
Unknown_Sample,20260226_279_Gen_Alg_10_8_2_Colorado2025-greenBox.czi,Gen_alg,850.74,4721.0,7701.0,38,37,126.67,0.956,20260226_279_Gen_Alg_10_8_2_Colorado2025-greenBox_x004608_y007680
Unknown_Sample,20260226_279_Gen_Alg_10_8_2_Colorado2025-greenBox.czi,Gen_alg,623.34,4681.0,7960.0,34,31,107.25,0.956,20260226_279_Gen_Alg_10_8_2_Colorado2025-greenBox_x004608_y007680
Unknown_Sample,20260226_279_Gen_Alg_10_8_2_Colorado2025-greenBox.czi,Gen_alg,360.15,5101.0,7928.0,28,23,83.94,0.946,20260226_279_Gen_Alg_10_8_2_Colorado2025-greenBox_x004608_y007680
Unknown_Sample,20260226_279_Gen_Alg_10_8_2_Colorado2025-greenBox.czi,Gen_alg,880.75,5502.0,8266.0,40,36,127.5,0.962,20260226_279_Gen_Alg_10_8_2_Colorado2025-greenBox_x005120_y007680
Unknown_Sample,20260226_279_Gen_Alg_10_8_2_Colorado2025-greenBox.czi,Gen_alg,908.84,5227.0,8095.0,39,39,127.4,0.962,20260226_279_Gen_Alg_10_8_2_Colorado2025-greenBox_x005120_y007680
Unknown_Sample,20260226_279_Gen_Alg_10_8_2_Colorado2025-greenBox.czi,Gen_alg,828.04,5155.0,7999.0,37,37,122.91,0.961,20260226_279_Gen_Alg_10_8_2_Colorado2025-greenBox_x005120_y007680
Unknown_Sample,20260226_279_Gen_Alg_10_8_2_Colorado2025-greenBox.czi,Gen_alg,808.03,5708.0,7907.0,37,36,122.08,0.961,20260226_279_Gen_Alg_10_8_2_Colorado2025-greenBox_x005120_y007680
Unknown_Sample,20260226_279_Gen_Alg_10_8_2_Colorado2025-greenBox.czi,Gen_alg,680.29,5298.0,7741.0,33,34,111.25,0.96,20260226_279_Gen_Alg_10_8_2_Colorado2025-greenBox_x005120_y007680
Unknown_Sample,20260226_279_Gen_Alg_10_8_2_Colorado2025-greenBox.czi,Gen_alg,695.29,5332.0,8174.0,35,33,112.67,0.958,20260226_279_Gen_Alg_10_8_2_Colorado2025-greenBox_x005120_y007680
Unknown_Sample,20260226_279_Gen_Alg_10_8_2_Colorado2025-greenBox.czi,Gen_alg,666.43,5330.0,7764.0,33,33,110.43,0.957,20260226_279_Gen_Alg_10_8_2_Colorado2025-greenBox_x005120_y007680
Unknown_Sample,20260226_279_Gen_Alg_10_8_2_Colorado2025-greenBox.czi,Gen_alg,736.46,6068.0,7961.0,35,35,117.25,0.962,20260226_279_Gen_Alg_10_8_2_Colorado2025-greenBox_x005632_y007680
Unknown_Sample,20260226_279_Gen_Alg_10_8_2_Colorado2025-greenBox.czi,Gen_alg,809.19,5708.0,7907.0,37,36,121.5,0.961,20260226_279_Gen_Alg_10_8_2_Colorado2025-greenBox_x005632_y007680
Unknown_Sample,20260226_279_Gen_Alg_10_8_2_Colorado2025-greenBox.czi,Gen_alg,805.72,6084.0,7722.0,37,35,120.08,0.96,20260226_279_Gen_Alg_10_8_2_Colorado2025-greenBox_x005632_y007680
Unknown_Sample,20260226_279_Gen_Alg_10_8_2_Colorado2025-greenBox.czi,Gen_alg,776.09,5863.0,8094.0,36,36,119.5,0.956,20260226_279_Gen_Alg_10_8_2_Colorado2025-greenBox_x005632_y007680
Unknown_Sample,20260226_279_Gen_Alg_10_8_2_Colorado2025-greenBox.czi,Gen_alg,679.52,5786.0,7753.0,34,33,110.08,0.956,20260226_279_Gen_Alg_10_8_2_Colorado2025-greenBox_x005632_y007680
Unknown_Sample,20260226_279_Gen_Alg_10_8_2_Colorado2025-greenBox.czi,Gen_alg,821.88,6254.0,7930.0,36,38,122.91,0.952,20260226_279_Gen_Alg_10_8_2_Colorado2025-greenBox_x005632_y007680
Unknown_Sample,20260226_279_Gen_Alg_10_8_2_Colorado2025-greenBox.czi,Gen_alg,397.47,6004.0,8310.0,34,19,93.21,0.915,20260226_279_Gen_Alg_10_8_2_Colorado2025-greenBox_x005632_y007680
Unknown_Sample,20260226_279_Gen_Alg_10_8_2_Colorado2025-greenBox.czi,Gen_alg,824.58,6254.0,7930.0,37,38,121.98,0.961,20260226_279_Gen_Alg_10_8_2_Colorado2025-greenBox_x006144_y007680
Unknown_Sample,20260226_279_Gen_Alg_10_8_2_Colorado2025-greenBox.czi,Gen_alg,612.18,6459.0,7735.0,31,33,105.84,0.954,20260226_279_Gen_Alg_10_8_2_Colorado2025-greenBox_x006144_y007680
Unknown_Sample,20260226_279_Gen_Alg_10_8_2_Colorado2025-greenBox.czi,Gen_alg,548.69,6428.0,8306.0,32,28,104.28,0.949,20260226_279_Gen_Alg_10_8_2_Colorado2025-greenBox_x006144_y007680
Unknown_Sample,20260226_279_Gen_Alg_10_8_2_Colorado2025-greenBox.czi,Gen_alg,414.02,6299.0,7707.0,32,22,88.77,0.944,20260226_279_Gen_Alg_10_8_2_Colorado2025-greenBox_x006144_y007680
Unknown_Sample,20260226_279_Gen_Alg_10_8_2_Colorado2025-greenBox.czi,Gen_alg,896.53,6906.0,8209.0,41,36,127.74,0.966,20260226_279_Gen_Alg_10_8_2_Colorado2025-greenBox_x006656_y007680
Unknown_Sample,20260226_279_Gen_Alg_10_8_2_Colorado2025-greenBox.czi,Gen_alg,591.4,6949.0,7692.0,33,28,105.7,0.964,20260226_279_Gen_Alg_10_8_2_Colorado2025-greenBox_x006656_y007680
Unknown_Sample,20260226_279_Gen_Alg_10_8_2_Colorado2025-greenBox.czi,Gen_alg,576.4,7034.0,8067.0,31,31,102.43,0.961,20260226_279_Gen_Alg_10_8_2_Colorado2025-greenBox_x006656_y007680
Unknown_Sample,20260226_279_Gen_Alg_10_8_2_Colorado2025-greenBox.czi,Gen_alg,711.84,6928.0,7892.0,34,35,116.43,0.959,20260226_279_Gen_Alg_10_8_2_Colorado2025-greenBox_x006656_y007680
Unknown_Sample,20260226_279_Gen_Alg_10_8_2_Colorado2025-greenBox.czi,Gen_alg,709.14,7138.0,7781.0,36,34,113.15,0.957,20260226_279_Gen_Alg_10_8_2_Colorado2025-greenBox_x006656_y007680
Unknown_Sample,20260226_279_Gen_Alg_10_8_2_Colorado2025-greenBox.czi,Gen_alg,620.26,7241.0,7856.0,31,33,105.25,0.942,20260226_279_Gen_Alg_10_8_2_Colorado2025-greenBox_x006656_y007680
Unknown_Sample,20260226_279_Gen_Alg_10_8_2_Colorado2025-greenBox.czi,Gen_alg,333.99,7257.0,7832.0,28,20,80.28,0.927,20260226_279_Gen_Alg_10_8_2_Colorado2025-greenBox_x006656_y007680
Unknown_Sample,20260226_279_Gen_Alg_10_8_2_Colorado2025-greenBox.czi,Gen_alg,290.51,7288.0,7885.0,16,30,81.56,0.907,20260226_279_Gen_Alg_10_8_2_Colorado2025-greenBox_x006656_y007680
Unknown_Sample,20260226_279_Gen_Alg_10_8_2_Colorado2025-greenBox.czi,Gen_alg,739.16,7445.0,8075.0,36,34,117.84,0.966,20260226_279_Gen_Alg_10_8_2_Colorado2025-greenBox_x007168_y007680
Unknown_Sample,20260226_279_Gen_Alg_10_8_2_Colorado2025-greenBox.czi,Gen_alg,716.07,7596.0,8027.0,35,34,113.5,0.964,20260226_279_Gen_Alg_10_8_2_Colorado2025-greenBox_x007168_y007680
Unknown_Sample,20260226_279_Gen_Alg_10_8_2_Colorado2025-greenBox.czi,Gen_alg,694.14,7687.0,7825.0,34,34,112.08,0.963,20260226_279_Gen_Alg_10_8_2_Colorado2025-greenBox_x007168_y007680
Unknown_Sample,20260226_279_Gen_Alg_10_8_2_Colorado2025-greenBox.czi,Gen_alg,683.75,7744.0,7834.0,35,32,111.84,0.963,20260226_279_Gen_Alg_10_8_2_Colorado2025-greenBox_x007168_y007680
Unknown_Sample,20260226_279_Gen_Alg_10_8_2_Colorado2025-greenBox.czi,Gen_alg,730.31,7646.0,7873.0,34,35,114.08,0.962,20260226_279_Gen_Alg_10_8_2_Colorado2025-greenBox_x007168_y007680
Unknown_Sample,20260226_279_Gen_Alg_10_8_2_Colorado2025-greenBox.czi,Gen_alg,680.29,7376.0,7895.0,35,32,112.43,0.961,20260226_279_Gen_Alg_10_8_2_Colorado2025-greenBox_x007168_y007680
Unknown_Sample,20260226_279_Gen_Alg_10_8_2_Colorado2025-greenBox.czi,Gen_alg,705.68,7370.0,8011.0,34,35,114.08,0.96,20260226_279_Gen_Alg_10_8_2_Colorado2025-greenBox_x007168_y007680
Unknown_Sample,20260226_279_Gen_Alg_10_8_2_Colorado2025-greenBox.czi,Gen_alg,615.64,7294.0,7886.0,32,32,106.43,0.959,20260226_279_Gen_Alg_10_8_2_Colorado2025-greenBox_x007168_y007680
Unknown_Sample,20260226_279_Gen_Alg_10_8_2_Colorado2025-greenBox.czi,Gen_alg,559.08,7318.0,8076.0,28,33,101.01,0.957,20260226_279_Gen_Alg_10_8_2_Colorado2025-greenBox_x007168_y007680
Unknown_Sample,20260226_279_Gen_Alg_10_8_2_Colorado2025-greenBox.czi,Gen_alg,620.26,7241.0,7856.0,31,33,105.25,0.942,20260226_279_Gen_Alg_10_8_2_Colorado2025-greenBox_x007168_y007680
Unknown_Sample,20260226_279_Gen_Alg_10_8_2_Colorado2025-greenBox.czi,Gen_alg,333.99,7257.0,7832.0,28,20,80.28,0.928,20260226_279_Gen_Alg_10_8_2_Colorado2025-greenBox_x007168_y007680
Unknown_Sample,20260226_279_Gen_Alg_10_8_2_Colorado2025-greenBox.czi,Gen_alg,538.3,7691.0,7825.0,26,34,104.87,0.963,20260226_279_Gen_Alg_10_8_2_Colorado2025-greenBox_x007680_y007680
Unknown_Sample,20260226_279_Gen_Alg_10_8_2_Colorado2025-greenBox.czi,Gen_alg,682.21,7744.0,7834.0,35,32,111.84,0.963,20260226_279_Gen_Alg_10_8_2_Colorado2025-greenBox_x007680_y007680
Unknown_Sample,20260226_279_Gen_Alg_10_8_2_Colorado2025-greenBox.czi,Gen_alg,773.4,8225.0,8082.0,35,37,117.74,0.962,20260226_279_Gen_Alg_10_8_2_Colorado2025-greenBox_x007680_y007680
Unknown_Sample,20260226_279_Gen_Alg_10_8_2_Colorado2025-greenBox.czi,Gen_alg,640.27,8288.0,7985.0,31,35,109.25,0.961,20260226_279_Gen_Alg_10_8_2_Colorado2025-greenBox_x007680_y007680
Unknown_Sample,20260226_279_Gen_Alg_10_8_2_Colorado2025-greenBox.czi,Gen_alg,762.24,7861.0,7897.0,38,34,118.33,0.961,20260226_279_Gen_Alg_10_8_2_Colorado2025-greenBox_x007680_y007680
Unknown_Sample,20260226_279_Gen_Alg_10_8_2_Colorado2025-greenBox.czi,Gen_alg,1064.68,8226.0,7963.0,42,41,137.98,0.947,20260226_279_Gen_Alg_10_8_2_Colorado2025-greenBox_x007680_y007680
Unknown_Sample,20260226_279_Gen_Alg_10_8_2_Colorado2025-greenBox.czi,Gen_alg,430.95,7997.0,8238.0,25,30,91.94,0.944,20260226_279_Gen_Alg_10_8_2_Colorado2025-greenBox_x007680_y007680
Unknown_Sample,20260226_279_Gen_Alg_10_8_2_Colorado2025-greenBox.czi,Gen_alg,457.5,8228.0,7997.0,33,25,95.01,0.92,20260226_279_Gen_Alg_10_8_2_Colorado2025-greenBox_x007680_y007680
Unknown_Sample,20260226_279_Gen_Alg_10_8_2_Colorado2025-greenBox.czi,Gen_alg,782.25,8225.0,8082.0,35,37,118.33,0.96,20260226_279_Gen_Alg_10_8_2_Colorado2025-greenBox_x008192_y007680
Unknown_Sample,20260226_279_Gen_Alg_10_8_2_Colorado2025-greenBox.czi,Gen_alg,699.91,8386.0,8285.0,32,36,113.84,0.96,20260226_279_Gen_Alg_10_8_2_Colorado2025-greenBox_x008192_y007680
Unknown_Sample,20260226_279_Gen_Alg_10_8_2_Colorado2025-greenBox.czi,Gen_alg,616.8,8351.0,8153.0,33,31,107.01,0.957,20260226_279_Gen_Alg_10_8_2_Colorado2025-greenBox_x008192_y007680
Unknown_Sample,20260226_279_Gen_Alg_10_8_2_Colorado2025-greenBox.czi,Gen_alg,655.27,8288.0,7985.0,31,35,109.84,0.957,20260226_279_Gen_Alg_10_8_2_Colorado2025-greenBox_x008192_y007680
Unknown_Sample,20260226_279_Gen_Alg_10_8_2_Colorado2025-greenBox.czi,Gen_alg,754.93,8575.0,8107.0,37,34,120.43,0.944,20260226_279_Gen_Alg_10_8_2_Colorado2025-greenBox_x008192_y007680
Unknown_Sample,20260226_279_Gen_Alg_10_8_2_Colorado2025-greenBox.czi,Gen_alg,1086.61,8225.0,7963.0,42,42,139.4,0.943,20260226_279_Gen_Alg_10_8_2_Colorado2025-greenBox_x008192_y007680
Unknown_Sample,20260226_279_Gen_Alg_10_8_2_Colorado2025-greenBox.czi,Gen_alg,884.22,8814.0,8249.0,36,38,129.94,0.943,20260226_279_Gen_Alg_10_8_2_Colorado2025-greenBox_x008192_y007680
Unknown_Sample,20260226_279_Gen_Alg_10_8_2_Colorado2025-greenBox.czi,Gen_alg,519.83,8725.0,8305.0,29,29,100.87,0.94,20260226_279_Gen_Alg_10_8_2_Colorado2025-greenBox_x008192_y007680
Unknown_Sample,20260226_279_Gen_Alg_10_8_2_Colorado2025-greenBox.czi,Gen_alg,1115.47,8412.0,7825.0,43,43,142.81,0.929,20260226_279_Gen_Alg_10_8_2_Colorado2025-greenBox_x008192_y007680
Unknown_Sample,20260226_279_Gen_Alg_10_8_2_Colorado2025-greenBox.czi,Gen_alg,466.35,8228.0,7997.0,33,25,95.6,0.918,20260226_279_Gen_Alg_10_8_2_Colorado2025-greenBox_x008192_y007680
Unknown_Sample,20260226_279_Gen_Alg_10_8_2_Colorado2025-greenBox.czi,Gen_alg,938.09,9158.0,7747.0,39,40,129.4,0.959,20260226_279_Gen_Alg_10_8_2_Colorado2025-greenBox_x008704_y007680
Unknown_Sample,20260226_279_Gen_Alg_10_8_2_Colorado2025-greenBox.czi,Gen_alg,913.08,8815.0,8249.0,40,38,130.33,0.943,20260226_279_Gen_Alg_10_8_2_Colorado2025-greenBox_x008704_y007680
Unknown_Sample,20260226_279_Gen_Alg_10_8_2_Colorado2025-greenBox.czi,Gen_alg,520.22,8725.0,8305.0,29,29,100.28,0.937,20260226_279_Gen_Alg_10_8_2_Colorado2025-greenBox_x008704_y007680
Unknown_Sample,20260226_279_Gen_Alg_10_8_2_Colorado2025-greenBox.czi,Gen_alg,775.33,9605.0,8197.0,35,36,118.67,0.961,20260226_279_Gen_Alg_10_8_2_Colorado2025-greenBox_x009216_y007680
Unknown_Sample,20260226_279_Gen_Alg_10_8_2_Colorado2025-greenBox.czi,Gen_alg,592.56,9819.0,8224.0,32,30,104.77,0.96,20260226_279_Gen_Alg_10_8_2_Colorado2025-greenBox_x009216_y007680
Unknown_Sample,20260226_279_Gen_Alg_10_8_2_Colorado2025-greenBox.czi,Gen_alg,664.12,9796.0,8171.0,34,32,110.43,0.95,20260226_279_Gen_Alg_10_8_2_Colorado2025-greenBox_x009216_y007680
Unknown_Sample,20260226_279_Gen_Alg_10_8_2_Colorado2025-greenBox.czi,Gen_alg,821.11,9824.0,7742.0,36,36,123.6,0.917,20260226_279_Gen_Alg_10_8_2_Colorado2025-greenBox_x009216_y007680
Unknown_Sample,20260226_279_Gen_Alg_10_8_2_Colorado2025-greenBox.czi,Gen_alg,347.84,9449.0,8289.0,20,28,83.8,0.916,20260226_279_Gen_Alg_10_8_2_Colorado2025-greenBox_x009216_y007680
Unknown_Sample,20260226_279_Gen_Alg_10_8_2_Colorado2025-greenBox.czi,Gen_alg,694.52,9574.0,8161.0,34,33,114.18,0.914,20260226_279_Gen_Alg_10_8_2_Colorado2025-greenBox_x009216_y007680
Unknown_Sample,20260226_279_Gen_Alg_10_8_2_Colorado2025-greenBox.czi,Gen_alg,687.98,9456.0,8261.0,33,34,114.77,0.912,20260226_279_Gen_Alg_10_8_2_Colorado2025-greenBox_x009216_y007680
Unknown_Sample,20260226_279_Gen_Alg_10_8_2_Colorado2025-greenBox.czi,Gen_alg,250.1,9535.0,8311.0,23,17,71.31,0.898,20260226_279_Gen_Alg_10_8_2_Colorado2025-greenBox_x009216_y007680
Unknown_Sample,20260226_279_Gen_Alg_10_8_2_Colorado2025-greenBox.czi,Gen_alg,774.56,10077.0,8108.0,35,36,118.67,0.963,20260226_279_Gen_Alg_10_8_2_Colorado2025-greenBox_x009728_y007680
Unknown_Sample,20260226_279_Gen_Alg_10_8_2_Colorado2025-greenBox.czi,Gen_alg,592.94,9819.0,8224.0,32,30,105.36,0.96,20260226_279_Gen_Alg_10_8_2_Colorado2025-greenBox_x009728_y007680
Unknown_Sample,20260226_279_Gen_Alg_10_8_2_Colorado2025-greenBox.czi,Gen_alg,697.98,10181.0,8091.0,34,34,112.08,0.96,20260226_279_Gen_Alg_10_8_2_Colorado2025-greenBox_x009728_y007680
Unknown_Sample,20260226_279_Gen_Alg_10_8_2_Colorado2025-greenBox.czi,Gen_alg,923.46,10113.0,7831.0,39,40,130.57,0.956,20260226_279_Gen_Alg_10_8_2_Colorado2025-greenBox_x009728_y007680
Unknown_Sample,20260226_279_Gen_Alg_10_8_2_Colorado2025-greenBox.czi,Gen_alg,784.17,10223.0,8140.0,36,35,119.25,0.956,20260226_279_Gen_Alg_10_8_2_Colorado2025-greenBox_x009728_y007680
Unknown_Sample,20260226_279_Gen_Alg_10_8_2_Colorado2025-greenBox.czi,Gen_alg,709.91,10195.0,7979.0,35,34,113.5,0.955,20260226_279_Gen_Alg_10_8_2_Colorado2025-greenBox_x009728_y007680
Unknown_Sample,20260226_279_Gen_Alg_10_8_2_Colorado2025-greenBox.czi,Gen_alg,856.51,10083.0,7942.0,41,34,126.08,0.952,20260226_279_Gen_Alg_10_8_2_Colorado2025-greenBox_x009728_y007680
Unknown_Sample,20260226_279_Gen_Alg_10_8_2_Colorado2025-greenBox.czi,Gen_alg,680.67,10150.0,7855.0,33,34,111.84,0.952,20260226_279_Gen_Alg_10_8_2_Colorado2025-greenBox_x009728_y007680
Unknown_Sample,20260226_279_Gen_Alg_10_8_2_Colorado2025-greenBox.czi,Gen_alg,664.12,9796.0,8171.0,34,32,110.43,0.949,20260226_279_Gen_Alg_10_8_2_Colorado2025-greenBox_x009728_y007680
Unknown_Sample,20260226_279_Gen_Alg_10_8_2_Colorado2025-greenBox.czi,Gen_alg,818.42,9915.0,7760.0,37,36,121.5,0.947,20260226_279_Gen_Alg_10_8_2_Colorado2025-greenBox_x009728_y007680
Unknown_Sample,20260226_279_Gen_Alg_10_8_2_Colorado2025-greenBox.czi,Gen_alg,758.78,10011.0,7816.0,37,34,116.91,0.946,20260226_279_Gen_Alg_10_8_2_Colorado2025-greenBox_x009728_y007680
Unknown_Sample,20260226_279_Gen_Alg_10_8_2_Colorado2025-greenBox.czi,Gen_alg,697.6,10021.0,8093.0,34,36,114.33,0.908,20260226_279_Gen_Alg_10_8_2_Colorado2025-greenBox_x009728_y007680
Unknown_Sample,20260226_279_Gen_Alg_10_8_2_Colorado2025-greenBox.czi,Gen_alg,853.43,9823.0,7742.0,37,36,125.6,0.905,20260226_279_Gen_Alg_10_8_2_Colorado2025-greenBox_x009728_y007680
Unknown_Sample,20260226_279_Gen_Alg_10_8_2_Colorado2025-greenBox.czi,Gen_alg,259.72,10304.0,8313.0,33,15,80.87,0.889,20260226_279_Gen_Alg_10_8_2_Colorado2025-greenBox_x009728_y007680
Unknown_Sample,20260226_279_Gen_Alg_10_8_2_Colorado2025-greenBox.czi,Gen_alg,196.62,10095.0,8313.0,29,13,71.21,0.873,20260226_279_Gen_Alg_10_8_2_Colorado2025-greenBox_x009728_y007680
Unknown_Sample,20260226_279_Gen_Alg_10_8_2_Colorado2025-greenBox.czi,Gen_alg,703.37,10846.0,8266.0,36,33,114.08,0.966,20260226_279_Gen_Alg_10_8_2_Colorado2025-greenBox_x010240_y007680
Unknown_Sample,20260226_279_Gen_Alg_10_8_2_Colorado2025-greenBox.czi,Gen_alg,682.98,10717.0,8119.0,32,35,111.84,0.964,20260226_279_Gen_Alg_10_8_2_Colorado2025-greenBox_x010240_y007680
Unknown_Sample,20260226_279_Gen_Alg_10_8_2_Colorado2025-greenBox.czi,Gen_alg,714.92,10643.0,8100.0,34,35,112.91,0.961,20260226_279_Gen_Alg_10_8_2_Colorado2025-greenBox_x010240_y007680
Unknown_Sample,20260226_279_Gen_Alg_10_8_2_Colorado2025-greenBox.czi,Gen_alg,724.15,10582.0,8021.0,34,35,114.08,0.961,20260226_279_Gen_Alg_10_8_2_Colorado2025-greenBox_x010240_y007680
Unknown_Sample,20260226_279_Gen_Alg_10_8_2_Colorado2025-greenBox.czi,Gen_alg,724.15,10640.0,8166.0,33,37,116.08,0.959,20260226_279_Gen_Alg_10_8_2_Colorado2025-greenBox_x010240_y007680
Unknown_Sample,20260226_279_Gen_Alg_10_8_2_Colorado2025-greenBox.czi,Gen_alg,601.79,10471.0,8249.0,32,31,105.6,0.959,20260226_279_Gen_Alg_10_8_2_Colorado2025-greenBox_x010240_y007680
Unknown_Sample,20260226_279_Gen_Alg_10_8_2_Colorado2025-greenBox.czi,Gen_alg,822.27,10834.0,8221.0,39,37,125.15,0.958,20260226_279_Gen_Alg_10_8_2_Colorado2025-greenBox_x010240_y007680
Unknown_Sample,20260226_279_Gen_Alg_10_8_2_Colorado2025-greenBox.czi,Gen_alg,557.16,10789.0,8242.0,31,30,101.6,0.958,20260226_279_Gen_Alg_10_8_2_Colorado2025-greenBox_x010240_y007680
Unknown_Sample,20260226_279_Gen_Alg_10_8_2_Colorado2025-greenBox.czi,Gen_alg,259.72,10304.0,8313.0,33,15,80.87,0.89,20260226_279_Gen_Alg_10_8_2_Colorado2025-greenBox_x010240_y007680
Unknown_Sample,20260226_279_Gen_Alg_10_8_2_Colorado2025-greenBox.czi,Gen_alg,703.37,10846.0,8266.0,36,33,114.08,0.966,20260226_279_Gen_Alg_10_8_2_Colorado2025-greenBox_x010752_y007680
Unknown_Sample,20260226_279_Gen_Alg_10_8_2_Colorado2025-greenBox.czi,Gen_alg,800.72,11073.0,7768.0,36,37,121.5,0.965,20260226_279_Gen_Alg_10_8_2_Colorado2025-greenBox_x010752_y007680
Unknown_Sample,20260226_279_Gen_Alg_10_8_2_Colorado2025-greenBox.czi,Gen_alg,971.18,11178.0,8109.0,41,39,131.4,0.963,20260226_279_Gen_Alg_10_8_2_Colorado2025-greenBox_x010752_y007680
Unknown_Sample,20260226_279_Gen_Alg_10_8_2_Colorado2025-greenBox.czi,Gen_alg,823.04,10834.0,8221.0,39,37,125.15,0.959,20260226_279_Gen_Alg_10_8_2_Colorado2025-greenBox_x010752_y007680
Unknown_Sample,20260226_279_Gen_Alg_10_8_2_Colorado2025-greenBox.czi,Gen_alg,557.16,10789.0,8242.0,31,30,101.6,0.958,20260226_279_Gen_Alg_10_8_2_Colorado2025-greenBox_x010752_y007680
Unknown_Sample,20260226_279_Gen_Alg_10_8_2_Colorado2025-greenBox.czi,Gen_alg,499.44,11142.0,7819.0,29,28,95.94,0.955,20260226_279_Gen_Alg_10_8_2_Colorado2025-greenBox_x010752_y007680
Unknown_Sample,20260226_279_Gen_Alg_10_8_2_Colorado2025-greenBox.czi,Gen_alg,348.22,10975.0,7687.0,35,18,90.87,0.947,20260226_279_Gen_Alg_10_8_2_Colorado2025-greenBox_x010752_y007680
Unknown_Sample,20260226_279_Gen_Alg_10_8_2_Colorado2025-greenBox.czi,Gen_alg,682.98,11661.0,8259.0,34,33,111.84,0.964,20260226_279_Gen_Alg_10_8_2_Colorado2025-greenBox_x011264_y007680
Unknown_Sample,20260226_279_Gen_Alg_10_8_2_Colorado2025-greenBox.czi,Gen_alg,875.75,11639.0,7748.0,41,35,126.91,0.963,20260226_279_Gen_Alg_10_8_2_Colorado2025-greenBox_x011264_y007680
Unknown_Sample,20260226_279_Gen_Alg_10_8_2_Colorado2025-greenBox.czi,Gen_alg,666.43,11454.0,7905.0,33,33,109.25,0.961,20260226_279_Gen_Alg_10_8_2_Colorado2025-greenBox_x011264_y007680
Unknown_Sample,20260226_279_Gen_Alg_10_8_2_Colorado2025-greenBox.czi,Gen_alg,625.26,11465.0,7955.0,32,31,106.18,0.96,20260226_279_Gen_Alg_10_8_2_Colorado2025-greenBox_x011264_y007680
Unknown_Sample,20260226_279_Gen_Alg_10_8_2_Colorado2025-greenBox.czi,Gen_alg,661.82,11420.0,8161.0,35,32,110.08,0.96,20260226_279_Gen_Alg_10_8_2_Colorado2025-greenBox_x011264_y007680
Unknown_Sample,20260226_279_Gen_Alg_10_8_2_Colorado2025-greenBox.czi,Gen_alg,598.33,11710.0,8137.0,32,31,105.01,0.957,20260226_279_Gen_Alg_10_8_2_Colorado2025-greenBox_x011264_y007680
Unknown_Sample,20260226_279_Gen_Alg_10_8_2_Colorado2025-greenBox.czi,Gen_alg,828.81,11459.0,8286.0,37,37,122.91,0.956,20260226_279_Gen_Alg_10_8_2_Colorado2025-greenBox_x011264_y007680
Unknown_Sample,20260226_279_Gen_Alg_10_8_2_Colorado2025-greenBox.czi,Gen_alg,645.66,11629.0,7920.0,33,32,107.25,0.956,20260226_279_Gen_Alg_10_8_2_Colorado2025-greenBox_x011264_y007680
Unknown_Sample,20260226_279_Gen_Alg_10_8_2_Colorado2025-greenBox.czi,Gen_alg,665.66,11540.0,8301.0,33,34,108.91,0.95,20260226_279_Gen_Alg_10_8_2_Colorado2025-greenBox_x011264_y007680
Unknown_Sample,20260226_279_Gen_Alg_10_8_2_Colorado2025-greenBox.czi,Gen_alg,215.47,11485.0,8314.0,34,12,78.63,0.872,20260226_279_Gen_Alg_10_8_2_Colorado2025-greenBox_x011264_y007680
Unknown_Sample,20260226_279_Gen_Alg_10_8_2_Colorado2025-greenBox.czi,Gen_alg,781.48,12253.0,8084.0,36,35,118.67,0.963,20260226_279_Gen_Alg_10_8_2_Colorado2025-greenBox_x011776_y007680
Unknown_Sample,20260226_279_Gen_Alg_10_8_2_Colorado2025-greenBox.czi,Gen_alg,786.87,12334.0,7820.0,36,36,118.33,0.963,20260226_279_Gen_Alg_10_8_2_Colorado2025-greenBox_x011776_y007680
Unknown_Sample,20260226_279_Gen_Alg_10_8_2_Colorado2025-greenBox.czi,Gen_alg,577.17,12215.0,8169.0,32,30,102.43,0.96,20260226_279_Gen_Alg_10_8_2_Colorado2025-greenBox_x011776_y007680
Unknown_Sample,20260226_279_Gen_Alg_10_8_2_Colorado2025-greenBox.czi,Gen_alg,577.55,12201.0,8273.0,31,30,102.18,0.958,20260226_279_Gen_Alg_10_8_2_Colorado2025-greenBox_x011776_y007680
Unknown_Sample,20260226_279_Gen_Alg_10_8_2_Colorado2025-greenBox.czi,Gen_alg,621.03,12156.0,7945.0,32,32,106.43,0.957,20260226_279_Gen_Alg_10_8_2_Colorado2025-greenBox_x011776_y007680
Unknown_Sample,20260226_279_Gen_Alg_10_8_2_Colorado2025-greenBox.czi,Gen_alg,490.21,12404.0,7769.0,24,32,99.8,0.934,20260226_279_Gen_Alg_10_8_2_Colorado2025-greenBox_x011776_y007680
Unknown_Sample,20260226_279_Gen_Alg_10_8_2_Colorado2025-greenBox.czi,Gen_alg,786.87,12334.0,7820.0,36,36,118.33,0.963,20260226_279_Gen_Alg_10_8_2_Colorado2025-greenBox_x012288_y007680
Unknown_Sample,20260226_279_Gen_Alg_10_8_2_Colorado2025-greenBox.czi,Gen_alg,644.5,12407.0,7769.0,33,32,109.01,0.961,20260226_279_Gen_Alg_10_8_2_Colorado2025-greenBox_x012288_y007680
Unknown_Sample,20260226_279_Gen_Alg_10_8_2_Colorado2025-greenBox.czi,Gen_alg,729.15,12859.0,8050.0,34,35,114.67,0.96,20260226_279_Gen_Alg_10_8_2_Colorado2025-greenBox_x012288_y007680
Unknown_Sample,20260226_279_Gen_Alg_10_8_2_Colorado2025-greenBox.czi,Gen_alg,758.78,12476.0,7925.0,36,35,118.08,0.959,20260226_279_Gen_Alg_10_8_2_Colorado2025-greenBox_x012288_y007680
Unknown_Sample,20260226_279_Gen_Alg_10_8_2_Colorado2025-greenBox.czi,Gen_alg,736.85,12682.0,7923.0,35,35,116.67,0.957,20260226_279_Gen_Alg_10_8_2_Colorado2025-greenBox_x012288_y007680
Unknown_Sample,20260226_279_Gen_Alg_10_8_2_Colorado2025-greenBox.czi,Gen_alg,477.89,12606.0,8309.0,35,22,100.63,0.934,20260226_279_Gen_Alg_10_8_2_Colorado2025-greenBox_x012288_y007680
Unknown_Sample,20260226_279_Gen_Alg_10_8_2_Colorado2025-greenBox.czi,Gen_alg,230.87,12921.0,8290.0,13,32,76.63,0.878,20260226_279_Gen_Alg_10_8_2_Colorado2025-greenBox_x012288_y007680
Unknown_Sample,20260226_279_Gen_Alg_10_8_2_Colorado2025-greenBox.czi,Gen_alg,729.92,12859.0,8050.0,34,35,115.84,0.96,20260226_279_Gen_Alg_10_8_2_Colorado2025-greenBox_x012800_y007680
Unknown_Sample,20260226_279_Gen_Alg_10_8_2_Colorado2025-greenBox.czi,Gen_alg,650.66,12930.0,8290.0,33,32,107.84,0.958,20260226_279_Gen_Alg_10_8_2_Colorado2025-greenBox_x012800_y007680
Unknown_Sample,20260226_279_Gen_Alg_10_8_2_Colorado2025-greenBox.czi,Gen_alg,542.15,13303.0,8242.0,30,30,99.01,0.955,20260226_279_Gen_Alg_10_8_2_Colorado2025-greenBox_x012800_y007680
Unknown_Sample,20260226_279_Gen_Alg_10_8_2_Colorado2025-greenBox.czi,Gen_alg,930.01,13666.0,7840.0,39,39,130.33,0.965,20260226_279_Gen_Alg_10_8_2_Colorado2025-greenBox_x013312_y007680
Unknown_Sample,20260226_279_Gen_Alg_10_8_2_Colorado2025-greenBox.czi,Gen_alg,612.95,13900.0,7891.0,32,32,105.84,0.963,20260226_279_Gen_Alg_10_8_2_Colorado2025-greenBox_x013312_y007680
Unknown_Sample,20260226_279_Gen_Alg_10_8_2_Colorado2025-greenBox.czi,Gen_alg,723.77,13707.0,8224.0,34,35,113.5,0.962,20260226_279_Gen_Alg_10_8_2_Colorado2025-greenBox_x013312_y007680
Unknown_Sample,20260226_279_Gen_Alg_10_8_2_Colorado2025-greenBox.czi,Gen_alg,655.27,13485.0,7909.0,33,34,108.33,0.959,20260226_279_Gen_Alg_10_8_2_Colorado2025-greenBox_x013312_y007680
Unknown_Sample,20260226_279_Gen_Alg_10_8_2_Colorado2025-greenBox.czi,Gen_alg,693.37,13660.0,8009.0,33,35,114.43,0.957,20260226_279_Gen_Alg_10_8_2_Colorado2025-greenBox_x013312_y007680
Unknown_Sample,20260226_279_Gen_Alg_10_8_2_Colorado2025-greenBox.czi,Gen_alg,290.51,13882.0,8312.0,34,15,85.21,0.893,20260226_279_Gen_Alg_10_8_2_Colorado2025-greenBox_x013312_y007680
Unknown_Sample,20260226_279_Gen_Alg_10_8_2_Colorado2025-greenBox.czi,Gen_alg,731.46,14151.0,7763.0,36,34,115.5,0.965,20260226_279_Gen_Alg_10_8_2_Colorado2025-greenBox_x013824_y007680
Unknown_Sample,20260226_279_Gen_Alg_10_8_2_Colorado2025-greenBox.czi,Gen_alg,614.49,13900.0,7891.0,32,32,105.84,0.963,20260226_279_Gen_Alg_10_8_2_Colorado2025-greenBox_x013824_y007680
Unknown_Sample,20260226_279_Gen_Alg_10_8_2_Colorado2025-greenBox.czi,Gen_alg,291.66,13882.0,8312.0,34,15,84.63,0.893,20260226_279_Gen_Alg_10_8_2_Colorado2025-greenBox_x013824_y007680
Unknown_Sample,20260226_279_Gen_Alg_10_8_2_Colorado2025-greenBox.czi,Gen_alg,879.6,14920.0,8046.0,39,37,126.91,0.964,20260226_279_Gen_Alg_10_8_2_Colorado2025-greenBox_x014336_y007680
Unknown_Sample,20260226_279_Gen_Alg_10_8_2_Colorado2025-greenBox.czi,Gen_alg,564.08,14821.0,8097.0,31,30,101.6,0.959,20260226_279_Gen_Alg_10_8_2_Colorado2025-greenBox_x014336_y007680
Unknown_Sample,20260226_279_Gen_Alg_10_8_2_Colorado2025-greenBox.czi,Gen_alg,372.08,14732.0,7700.0,27,24,83.36,0.948,20260226_279_Gen_Alg_10_8_2_Colorado2025-greenBox_x014336_y007680
Unknown_Sample,20260226_279_Gen_Alg_10_8_2_Colorado2025-greenBox.czi,Gen_alg,881.91,14920.0,8046.0,39,37,126.91,0.964,20260226_279_Gen_Alg_10_8_2_Colorado2025-greenBox_x014848_y007680
Unknown_Sample,20260226_279_Gen_Alg_10_8_2_Colorado2025-greenBox.czi,Gen_alg,736.08,15084.0,7817.0,33,38,117.5,0.961,20260226_279_Gen_Alg_10_8_2_Colorado2025-greenBox_x014848_y007680
Unknown_Sample,20260226_279_Gen_Alg_10_8_2_Colorado2025-greenBox.czi,Gen_alg,721.07,15136.0,7779.0,36,34,114.91,0.959,20260226_279_Gen_Alg_10_8_2_Colorado2025-greenBox_x014848_y007680
Unknown_Sample,20260226_279_Gen_Alg_10_8_2_Colorado2025-greenBox.czi,Gen_alg,965.02,15785.0,7968.0,39,40,131.74,0.956,20260226_279_Gen_Alg_10_8_2_Colorado2025-greenBox_x015360_y007680
Unknown_Sample,20260226_279_Gen_Alg_10_8_2_Colorado2025-greenBox.czi,Gen_alg,739.93,15741.0,7965.0,38,32,116.67,0.949,20260226_279_Gen_Alg_10_8_2_Colorado2025-greenBox_x015360_y007680
Unknown_Sample,20260226_279_Gen_Alg_10_8_2_Colorado2025-greenBox.czi,Gen_alg,603.71,16241.0,7749.0,31,32,105.01,0.961,20260226_279_Gen_Alg_10_8_2_Colorado2025-greenBox_x015872_y007680
Unknown_Sample,20260226_279_Gen_Alg_10_8_2_Colorado2025-greenBox.czi,Gen_alg,848.05,16324.0,7958.0,40,35,124.91,0.959,20260226_279_Gen_Alg_10_8_2_Colorado2025-greenBox_x015872_y007680
Unknown_Sample,20260226_279_Gen_Alg_10_8_2_Colorado2025-greenBox.czi,Gen_alg,444.03,16362.0,8291.0,27,27,89.94,0.937,20260226_279_Gen_Alg_10_8_2_Colorado2025-greenBox_x015872_y007680
Unknown_Sample,20260226_279_Gen_Alg_10_8_2_Colorado2025-greenBox.czi,Gen_alg,591.02,600.0,8439.0,31,31,102.43,0.944,20260226_279_Gen_Alg_10_8_2_Colorado2025-greenBox_x000000_y008192
Unknown_Sample,20260226_279_Gen_Alg_10_8_2_Colorado2025-greenBox.czi,Gen_alg,189.31,482.0,8197.0,25,14,66.97,0.913,20260226_279_Gen_Alg_10_8_2_Colorado2025-greenBox_x000000_y008192
Unknown_Sample,20260226_279_Gen_Alg_10_8_2_Colorado2025-greenBox.czi,Gen_alg,955.02,872.0,8509.0,40,39,131.74,0.962,20260226_279_Gen_Alg_10_8_2_Colorado2025-greenBox_x000512_y008192
Unknown_Sample,20260226_279_Gen_Alg_10_8_2_Colorado2025-greenBox.czi,Gen_alg,770.71,797.0,8660.0,36,35,119.84,0.96,20260226_279_Gen_Alg_10_8_2_Colorado2025-greenBox_x000512_y008192
Unknown_Sample,20260226_279_Gen_Alg_10_8_2_Colorado2025-greenBox.czi,Gen_alg,555.23,601.0,8439.0,29,31,99.01,0.959,20260226_279_Gen_Alg_10_8_2_Colorado2025-greenBox_x000512_y008192
Unknown_Sample,20260226_279_Gen_Alg_10_8_2_Colorado2025-greenBox.czi,Gen_alg,555.62,824.0,8820.0,38,24,109.46,0.932,20260226_279_Gen_Alg_10_8_2_Colorado2025-greenBox_x000512_y008192
Unknown_Sample,20260226_279_Gen_Alg_10_8_2_Colorado2025-greenBox.czi,Gen_alg,600.64,1116.0,8654.0,28,36,105.84,0.914,20260226_279_Gen_Alg_10_8_2_Colorado2025-greenBox_x000512_y008192
Unknown_Sample,20260226_279_Gen_Alg_10_8_2_Colorado2025-greenBox.czi,Gen_alg,471.74,1137.0,8671.0,28,31,97.6,0.906,20260226_279_Gen_Alg_10_8_2_Colorado2025-greenBox_x000512_y008192
Unknown_Sample,20260226_279_Gen_Alg_10_8_2_Colorado2025-greenBox.czi,Gen_alg,105.43,1080.0,8196.0,19,10,49.31,0.888,20260226_279_Gen_Alg_10_8_2_Colorado2025-greenBox_x000512_y008192
Unknown_Sample,20260226_279_Gen_Alg_10_8_2_Colorado2025-greenBox.czi,Gen_alg,780.33,1578.0,8412.0,37,36,119.74,0.962,20260226_279_Gen_Alg_10_8_2_Colorado2025-greenBox_x001024_y008192
Unknown_Sample,20260226_279_Gen_Alg_10_8_2_Colorado2025-greenBox.czi,Gen_alg,791.87,1564.0,8658.0,37,35,118.91,0.96,20260226_279_Gen_Alg_10_8_2_Colorado2025-greenBox_x001024_y008192
Unknown_Sample,20260226_279_Gen_Alg_10_8_2_Colorado2025-greenBox.czi,Gen_alg,714.53,1423.0,8574.0,35,34,113.5,0.958,20260226_279_Gen_Alg_10_8_2_Colorado2025-greenBox_x001024_y008192
Unknown_Sample,20260226_279_Gen_Alg_10_8_2_Colorado2025-greenBox.czi,Gen_alg,843.43,1228.0,8813.0,38,36,125.25,0.938,20260226_279_Gen_Alg_10_8_2_Colorado2025-greenBox_x001024_y008192
Unknown_Sample,20260226_279_Gen_Alg_10_8_2_Colorado2025-greenBox.czi,Gen_alg,457.88,1137.0,8671.0,27,31,95.6,0.92,20260226_279_Gen_Alg_10_8_2_Colorado2025-greenBox_x001024_y008192
Unknown_Sample,20260226_279_Gen_Alg_10_8_2_Colorado2025-greenBox.czi,Gen_alg,599.1,1116.0,8654.0,28,36,105.84,0.914,20260226_279_Gen_Alg_10_8_2_Colorado2025-greenBox_x001024_y008192
Unknown_Sample,20260226_279_Gen_Alg_10_8_2_Colorado2025-greenBox.czi,Gen_alg,105.43,1080.0,8196.0,19,10,49.31,0.887,20260226_279_Gen_Alg_10_8_2_Colorado2025-greenBox_x001024_y008192
Unknown_Sample,20260226_279_Gen_Alg_10_8_2_Colorado2025-greenBox.czi,Gen_alg,780.33,1578.0,8412.0,37,36,119.74,0.963,20260226_279_Gen_Alg_10_8_2_Colorado2025-greenBox_x001536_y008192
Unknown_Sample,20260226_279_Gen_Alg_10_8_2_Colorado2025-greenBox.czi,Gen_alg,679.13,1935.0,8649.0,33,34,110.67,0.962,20260226_279_Gen_Alg_10_8_2_Colorado2025-greenBox_x001536_y008192
Unknown_Sample,20260226_279_Gen_Alg_10_8_2_Colorado2025-greenBox.czi,Gen_alg,860.36,1681.0,8669.0,37,39,125.74,0.96,20260226_279_Gen_Alg_10_8_2_Colorado2025-greenBox_x001536_y008192
Unknown_Sample,20260226_279_Gen_Alg_10_8_2_Colorado2025-greenBox.czi,Gen_alg,789.95,1564.0,8658.0,37,35,119.5,0.96,20260226_279_Gen_Alg_10_8_2_Colorado2025-greenBox_x001536_y008192
Unknown_Sample,20260226_279_Gen_Alg_10_8_2_Colorado2025-greenBox.czi,Gen_alg,938.47,2328.0,8531.0,41,38,129.98,0.963,20260226_279_Gen_Alg_10_8_2_Colorado2025-greenBox_x002048_y008192
Unknown_Sample,20260226_279_Gen_Alg_10_8_2_Colorado2025-greenBox.czi,Gen_alg,782.25,2187.0,8251.0,35,36,119.84,0.96,20260226_279_Gen_Alg_10_8_2_Colorado2025-greenBox_x002048_y008192
Unknown_Sample,20260226_279_Gen_Alg_10_8_2_Colorado2025-greenBox.czi,Gen_alg,341.3,3107.0,8822.0,27,20,83.56,0.924,20260226_279_Gen_Alg_10_8_2_Colorado2025-greenBox_x002560_y008192
Unknown_Sample,20260226_279_Gen_Alg_10_8_2_Colorado2025-greenBox.czi,Gen_alg,791.87,3409.0,8421.0,37,35,120.08,0.963,20260226_279_Gen_Alg_10_8_2_Colorado2025-greenBox_x003072_y008192
Unknown_Sample,20260226_279_Gen_Alg_10_8_2_Colorado2025-greenBox.czi,Gen_alg,832.27,3263.0,8467.0,37,37,122.33,0.959,20260226_279_Gen_Alg_10_8_2_Colorado2025-greenBox_x003072_y008192
Unknown_Sample,20260226_279_Gen_Alg_10_8_2_Colorado2025-greenBox.czi,Gen_alg,874.98,3509.0,8810.0,38,38,125.74,0.954,20260226_279_Gen_Alg_10_8_2_Colorado2025-greenBox_x003072_y008192
Unknown_Sample,20260226_279_Gen_Alg_10_8_2_Colorado2025-greenBox.czi,Gen_alg,350.15,3685.0,8710.0,24,28,84.77,0.946,20260226_279_Gen_Alg_10_8_2_Colorado2025-greenBox_x003072_y008192
Unknown_Sample,20260226_279_Gen_Alg_10_8_2_Colorado2025-greenBox.czi,Gen_alg,342.07,3107.0,8822.0,27,20,83.56,0.925,20260226_279_Gen_Alg_10_8_2_Colorado2025-greenBox_x003072_y008192
Unknown_Sample,20260226_279_Gen_Alg_10_8_2_Colorado2025-greenBox.czi,Gen_alg,798.8,4085.0,8689.0,38,35,120.91,0.962,20260226_279_Gen_Alg_10_8_2_Colorado2025-greenBox_x003584_y008192
Unknown_Sample,20260226_279_Gen_Alg_10_8_2_Colorado2025-greenBox.czi,Gen_alg,874.21,3976.0,8490.0,38,38,126.91,0.962,20260226_279_Gen_Alg_10_8_2_Colorado2025-greenBox_x003584_y008192
Unknown_Sample,20260226_279_Gen_Alg_10_8_2_Colorado2025-greenBox.czi,Gen_alg,830.73,3733.0,8508.0,37,37,122.33,0.962,20260226_279_Gen_Alg_10_8_2_Colorado2025-greenBox_x003584_y008192
Unknown_Sample,20260226_279_Gen_Alg_10_8_2_Colorado2025-greenBox.czi,Gen_alg,643.73,4167.0,8233.0,33,32,109.01,0.961,20260226_279_Gen_Alg_10_8_2_Colorado2025-greenBox_x003584_y008192
Unknown_Sample,20260226_279_Gen_Alg_10_8_2_Colorado2025-greenBox.czi,Gen_alg,685.67,4185.0,8591.0,34,33,111.25,0.959,20260226_279_Gen_Alg_10_8_2_Colorado2025-greenBox_x003584_y008192
Unknown_Sample,20260226_279_Gen_Alg_10_8_2_Colorado2025-greenBox.czi,Gen_alg,640.65,4081.0,8810.0,33,32,109.01,0.956,20260226_279_Gen_Alg_10_8_2_Colorado2025-greenBox_x003584_y008192
Unknown_Sample,20260226_279_Gen_Alg_10_8_2_Colorado2025-greenBox.czi,Gen_alg,525.22,3862.0,8201.0,38,23,106.87,0.955,20260226_279_Gen_Alg_10_8_2_Colorado2025-greenBox_x003584_y008192
Unknown_Sample,20260226_279_Gen_Alg_10_8_2_Colorado2025-greenBox.czi,Gen_alg,350.92,3685.0,8710.0,24,28,84.77,0.947,20260226_279_Gen_Alg_10_8_2_Colorado2025-greenBox_x003584_y008192
Unknown_Sample,20260226_279_Gen_Alg_10_8_2_Colorado2025-greenBox.czi,Gen_alg,643.73,4167.0,8233.0,33,32,109.01,0.961,20260226_279_Gen_Alg_10_8_2_Colorado2025-greenBox_x004096_y008192
Unknown_Sample,20260226_279_Gen_Alg_10_8_2_Colorado2025-greenBox.czi,Gen_alg,686.83,4185.0,8591.0,34,33,110.67,0.959,20260226_279_Gen_Alg_10_8_2_Colorado2025-greenBox_x004096_y008192
Unknown_Sample,20260226_279_Gen_Alg_10_8_2_Colorado2025-greenBox.czi,Gen_alg,755.32,4660.0,8722.0,35,37,118.33,0.958,20260226_279_Gen_Alg_10_8_2_Colorado2025-greenBox_x004096_y008192
Unknown_Sample,20260226_279_Gen_Alg_10_8_2_Colorado2025-greenBox.czi,Gen_alg,677.59,4722.0,8381.0,28,38,116.87,0.949,20260226_279_Gen_Alg_10_8_2_Colorado2025-greenBox_x004096_y008192
Unknown_Sample,20260226_279_Gen_Alg_10_8_2_Colorado2025-greenBox.czi,Gen_alg,944.24,4766.0,8684.0,41,38,129.4,0.964,20260226_279_Gen_Alg_10_8_2_Colorado2025-greenBox_x004608_y008192
Unknown_Sample,20260226_279_Gen_Alg_10_8_2_Colorado2025-greenBox.czi,Gen_alg,959.63,5098.0,8632.0,39,39,132.08,0.963,20260226_279_Gen_Alg_10_8_2_Colorado2025-greenBox_x004608_y008192
Unknown_Sample,20260226_279_Gen_Alg_10_8_2_Colorado2025-greenBox.czi,Gen_alg,858.82,4726.0,8381.0,37,39,125.74,0.962,20260226_279_Gen_Alg_10_8_2_Colorado2025-greenBox_x004608_y008192
Unknown_Sample,20260226_279_Gen_Alg_10_8_2_Colorado2025-greenBox.czi,Gen_alg,853.82,4970.0,8238.0,39,37,126.33,0.962,20260226_279_Gen_Alg_10_8_2_Colorado2025-greenBox_x004608_y008192
Unknown_Sample,20260226_279_Gen_Alg_10_8_2_Colorado2025-greenBox.czi,Gen_alg,662.97,4939.0,8366.0,34,33,110.67,0.961,20260226_279_Gen_Alg_10_8_2_Colorado2025-greenBox_x004608_y008192
Unknown_Sample,20260226_279_Gen_Alg_10_8_2_Colorado2025-greenBox.czi,Gen_alg,753.78,4660.0,8722.0,35,37,118.33,0.958,20260226_279_Gen_Alg_10_8_2_Colorado2025-greenBox_x004608_y008192
Unknown_Sample,20260226_279_Gen_Alg_10_8_2_Colorado2025-greenBox.czi,Gen_alg,844.58,5044.0,8814.0,39,35,127.01,0.95,20260226_279_Gen_Alg_10_8_2_Colorado2025-greenBox_x004608_y008192
Unknown_Sample,20260226_279_Gen_Alg_10_8_2_Colorado2025-greenBox.czi,Gen_alg,612.18,5119.0,8818.0,34,28,110.04,0.947,20260226_279_Gen_Alg_10_8_2_Colorado2025-greenBox_x004608_y008192
Unknown_Sample,20260226_279_Gen_Alg_10_8_2_Colorado2025-greenBox.czi,Gen_alg,880.75,5502.0,8266.0,40,36,127.5,0.962,20260226_279_Gen_Alg_10_8_2_Colorado2025-greenBox_x005120_y008192
Unknown_Sample,20260226_279_Gen_Alg_10_8_2_Colorado2025-greenBox.czi,Gen_alg,945.01,5367.0,8498.0,41,39,131.4,0.962,20260226_279_Gen_Alg_10_8_2_Colorado2025-greenBox_x005120_y008192
Unknown_Sample,20260226_279_Gen_Alg_10_8_2_Colorado2025-greenBox.czi,Gen_alg,669.9,5693.0,8464.0,32,34,109.84,0.957,20260226_279_Gen_Alg_10_8_2_Colorado2025-greenBox_x005120_y008192
Unknown_Sample,20260226_279_Gen_Alg_10_8_2_Colorado2025-greenBox.czi,Gen_alg,300.51,5127.0,8818.0,18,28,81.56,0.943,20260226_279_Gen_Alg_10_8_2_Colorado2025-greenBox_x005120_y008192
Unknown_Sample,20260226_279_Gen_Alg_10_8_2_Colorado2025-greenBox.czi,Gen_alg,843.43,6181.0,8702.0,37,38,123.74,0.965,20260226_279_Gen_Alg_10_8_2_Colorado2025-greenBox_x005632_y008192
Unknown_Sample,20260226_279_Gen_Alg_10_8_2_Colorado2025-greenBox.czi,Gen_alg,712.22,6089.0,8520.0,36,32,115.01,0.963,20260226_279_Gen_Alg_10_8_2_Colorado2025-greenBox_x005632_y008192
Unknown_Sample,20260226_279_Gen_Alg_10_8_2_Colorado2025-greenBox.czi,Gen_alg,798.8,5996.0,8469.0,36,36,120.08,0.963,20260226_279_Gen_Alg_10_8_2_Colorado2025-greenBox_x005632_y008192
Unknown_Sample,20260226_279_Gen_Alg_10_8_2_Colorado2025-greenBox.czi,Gen_alg,910.77,6050.0,8632.0,40,38,129.15,0.962,20260226_279_Gen_Alg_10_8_2_Colorado2025-greenBox_x005632_y008192
Unknown_Sample,20260226_279_Gen_Alg_10_8_2_Colorado2025-greenBox.czi,Gen_alg,719.92,6004.0,8317.0,34,35,114.67,0.961,20260226_279_Gen_Alg_10_8_2_Colorado2025-greenBox_x005632_y008192
Unknown_Sample,20260226_279_Gen_Alg_10_8_2_Colorado2025-greenBox.czi,Gen_alg,784.94,5928.0,8437.0,36,36,120.08,0.96,20260226_279_Gen_Alg_10_8_2_Colorado2025-greenBox_x005632_y008192
Unknown_Sample,20260226_279_Gen_Alg_10_8_2_Colorado2025-greenBox.czi,Gen_alg,669.13,5693.0,8464.0,32,34,109.84,0.957,20260226_279_Gen_Alg_10_8_2_Colorado2025-greenBox_x005632_y008192
Unknown_Sample,20260226_279_Gen_Alg_10_8_2_Colorado2025-greenBox.czi,Gen_alg,417.87,6163.0,8791.0,24,31,91.94,0.944,20260226_279_Gen_Alg_10_8_2_Colorado2025-greenBox_x005632_y008192
Unknown_Sample,20260226_279_Gen_Alg_10_8_2_Colorado2025-greenBox.czi,Gen_alg,843.43,6181.0,8702.0,37,38,123.74,0.965,20260226_279_Gen_Alg_10_8_2_Colorado2025-greenBox_x006144_y008192
Unknown_Sample,20260226_279_Gen_Alg_10_8_2_Colorado2025-greenBox.czi,Gen_alg,648.73,6649.0,8540.0,32,33,109.6,0.963,20260226_279_Gen_Alg_10_8_2_Colorado2025-greenBox_x006144_y008192
Unknown_Sample,20260226_279_Gen_Alg_10_8_2_Colorado2025-greenBox.czi,Gen_alg,566.78,6428.0,8306.0,32,30,103.01,0.963,20260226_279_Gen_Alg_10_8_2_Colorado2025-greenBox_x006144_y008192
Unknown_Sample,20260226_279_Gen_Alg_10_8_2_Colorado2025-greenBox.czi,Gen_alg,629.88,6528.0,8516.0,35,30,109.01,0.962,20260226_279_Gen_Alg_10_8_2_Colorado2025-greenBox_x006144_y008192
Unknown_Sample,20260226_279_Gen_Alg_10_8_2_Colorado2025-greenBox.czi,Gen_alg,662.2,6492.0,8352.0,32,34,108.67,0.962,20260226_279_Gen_Alg_10_8_2_Colorado2025-greenBox_x006144_y008192
Unknown_Sample,20260226_279_Gen_Alg_10_8_2_Colorado2025-greenBox.czi,Gen_alg,579.86,6347.0,8541.0,31,31,103.01,0.96,20260226_279_Gen_Alg_10_8_2_Colorado2025-greenBox_x006144_y008192
Unknown_Sample,20260226_279_Gen_Alg_10_8_2_Colorado2025-greenBox.czi,Gen_alg,725.3,6637.0,8812.0,33,37,114.33,0.957,20260226_279_Gen_Alg_10_8_2_Colorado2025-greenBox_x006144_y008192
Unknown_Sample,20260226_279_Gen_Alg_10_8_2_Colorado2025-greenBox.czi,Gen_alg,419.41,6163.0,8791.0,24,31,91.94,0.944,20260226_279_Gen_Alg_10_8_2_Colorado2025-greenBox_x006144_y008192
Unknown_Sample,20260226_279_Gen_Alg_10_8_2_Colorado2025-greenBox.czi,Gen_alg,916.54,6906.0,8209.0,42,36,130.91,0.966,20260226_279_Gen_Alg_10_8_2_Colorado2025-greenBox_x006656_y008192
Unknown_Sample,20260226_279_Gen_Alg_10_8_2_Colorado2025-greenBox.czi,Gen_alg,537.53,6841.0,8431.0,28,32,99.01,0.965,20260226_279_Gen_Alg_10_8_2_Colorado2025-greenBox_x006656_y008192
Unknown_Sample,20260226_279_Gen_Alg_10_8_2_Colorado2025-greenBox.czi,Gen_alg,727.23,6865.0,8356.0,36,34,118.43,0.965,20260226_279_Gen_Alg_10_8_2_Colorado2025-greenBox_x006656_y008192
Unknown_Sample,20260226_279_Gen_Alg_10_8_2_Colorado2025-greenBox.czi,Gen_alg,744.93,7280.0,8685.0,32,36,119.11,0.949,20260226_279_Gen_Alg_10_8_2_Colorado2025-greenBox_x006656_y008192
Unknown_Sample,20260226_279_Gen_Alg_10_8_2_Colorado2025-greenBox.czi,Gen_alg,157.37,6659.0,8539.0,10,31,70.38,0.936,20260226_279_Gen_Alg_10_8_2_Colorado2025-greenBox_x006656_y008192
Unknown_Sample,20260226_279_Gen_Alg_10_8_2_Colorado2025-greenBox.czi,Gen_alg,819.96,7483.0,8584.0,37,36,121.5,0.963,20260226_279_Gen_Alg_10_8_2_Colorado2025-greenBox_x007168_y008192
Unknown_Sample,20260226_279_Gen_Alg_10_8_2_Colorado2025-greenBox.czi,Gen_alg,807.65,7281.0,8685.0,36,36,120.67,0.963,20260226_279_Gen_Alg_10_8_2_Colorado2025-greenBox_x007168_y008192
Unknown_Sample,20260226_279_Gen_Alg_10_8_2_Colorado2025-greenBox.czi,Gen_alg,719.92,7691.0,8615.0,36,33,114.67,0.958,20260226_279_Gen_Alg_10_8_2_Colorado2025-greenBox_x007168_y008192
Unknown_Sample,20260226_279_Gen_Alg_10_8_2_Colorado2025-greenBox.czi,Gen_alg,668.36,7536.0,8819.0,39,27,117.7,0.942,20260226_279_Gen_Alg_10_8_2_Colorado2025-greenBox_x007168_y008192
Unknown_Sample,20260226_279_Gen_Alg_10_8_2_Colorado2025-greenBox.czi,Gen_alg,520.22,7795.0,8694.0,25,32,101.8,0.938,20260226_279_Gen_Alg_10_8_2_Colorado2025-greenBox_x007168_y008192
Unknown_Sample,20260226_279_Gen_Alg_10_8_2_Colorado2025-greenBox.czi,Gen_alg,629.11,7693.0,8615.0,30,33,109.7,0.966,20260226_279_Gen_Alg_10_8_2_Colorado2025-greenBox_x007680_y008192
Unknown_Sample,20260226_279_Gen_Alg_10_8_2_Colorado2025-greenBox.czi,Gen_alg,697.6,7887.0,8727.0,33,35,112.67,0.963,20260226_279_Gen_Alg_10_8_2_Colorado2025-greenBox_x007680_y008192
Unknown_Sample,20260226_279_Gen_Alg_10_8_2_Colorado2025-greenBox.czi,Gen_alg,718.76,7800.0,8694.0,36,32,114.43,0.963,20260226_279_Gen_Alg_10_8_2_Colorado2025-greenBox_x007680_y008192
Unknown_Sample,20260226_279_Gen_Alg_10_8_2_Colorado2025-greenBox.czi,Gen_alg,696.06,8185.0,8763.0,34,34,113.84,0.961,20260226_279_Gen_Alg_10_8_2_Colorado2025-greenBox_x007680_y008192
Unknown_Sample,20260226_279_Gen_Alg_10_8_2_Colorado2025-greenBox.czi,Gen_alg,523.68,7924.0,8664.0,30,28,97.36,0.959,20260226_279_Gen_Alg_10_8_2_Colorado2025-greenBox_x007680_y008192
Unknown_Sample,20260226_279_Gen_Alg_10_8_2_Colorado2025-greenBox.czi,Gen_alg,483.66,7919.0,8702.0,29,28,93.01,0.956,20260226_279_Gen_Alg_10_8_2_Colorado2025-greenBox_x007680_y008192
Unknown_Sample,20260226_279_Gen_Alg_10_8_2_Colorado2025-greenBox.czi,Gen_alg,508.29,8299.0,8741.0,29,29,96.18,0.956,20260226_279_Gen_Alg_10_8_2_Colorado2025-greenBox_x007680_y008192
Unknown_Sample,20260226_279_Gen_Alg_10_8_2_Colorado2025-greenBox.czi,Gen_alg,430.95,7997.0,8238.0,25,30,91.94,0.944,20260226_279_Gen_Alg_10_8_2_Colorado2025-greenBox_x007680_y008192
Unknown_Sample,20260226_279_Gen_Alg_10_8_2_Colorado2025-greenBox.czi,Gen_alg,270.5,8313.0,8470.0,14,33,81.21,0.885,20260226_279_Gen_Alg_10_8_2_Colorado2025-greenBox_x007680_y008192
Unknown_Sample,20260226_279_Gen_Alg_10_8_2_Colorado2025-greenBox.czi,Gen_alg,694.91,8386.0,8285.0,32,36,113.25,0.962,20260226_279_Gen_Alg_10_8_2_Colorado2025-greenBox_x008192_y008192
Unknown_Sample,20260226_279_Gen_Alg_10_8_2_Colorado2025-greenBox.czi,Gen_alg,687.6,8321.0,8470.0,33,34,111.84,0.961,20260226_279_Gen_Alg_10_8_2_Colorado2025-greenBox_x008192_y008192
Unknown_Sample,20260226_279_Gen_Alg_10_8_2_Colorado2025-greenBox.czi,Gen_alg,515.99,8299.0,8741.0,29,29,97.36,0.957,20260226_279_Gen_Alg_10_8_2_Colorado2025-greenBox_x008192_y008192
Unknown_Sample,20260226_279_Gen_Alg_10_8_2_Colorado2025-greenBox.czi,Gen_alg,535.61,8725.0,8306.0,29,31,100.77,0.955,20260226_279_Gen_Alg_10_8_2_Colorado2025-greenBox_x008192_y008192
Unknown_Sample,20260226_279_Gen_Alg_10_8_2_Colorado2025-greenBox.czi,Gen_alg,883.06,8814.0,8249.0,36,38,129.36,0.943,20260226_279_Gen_Alg_10_8_2_Colorado2025-greenBox_x008192_y008192
Unknown_Sample,20260226_279_Gen_Alg_10_8_2_Colorado2025-greenBox.czi,Gen_alg,173.53,8196.0,8764.0,11,31,72.38,0.939,20260226_279_Gen_Alg_10_8_2_Colorado2025-greenBox_x008192_y008192
Unknown_Sample,20260226_279_Gen_Alg_10_8_2_Colorado2025-greenBox.czi,Gen_alg,912.31,9087.0,8544.0,39,38,128.33,0.967,20260226_279_Gen_Alg_10_8_2_Colorado2025-greenBox_x008704_y008192
Unknown_Sample,20260226_279_Gen_Alg_10_8_2_Colorado2025-greenBox.czi,Gen_alg,730.31,9268.0,8664.0,34,35,116.43,0.957,20260226_279_Gen_Alg_10_8_2_Colorado2025-greenBox_x008704_y008192
Unknown_Sample,20260226_279_Gen_Alg_10_8_2_Colorado2025-greenBox.czi,Gen_alg,536.38,8725.0,8306.0,29,31,100.77,0.955,20260226_279_Gen_Alg_10_8_2_Colorado2025-greenBox_x008704_y008192
Unknown_Sample,20260226_279_Gen_Alg_10_8_2_Colorado2025-greenBox.czi,Gen_alg,910.38,8815.0,8249.0,40,38,131.74,0.945,20260226_279_Gen_Alg_10_8_2_Colorado2025-greenBox_x008704_y008192
Unknown_Sample,20260226_279_Gen_Alg_10_8_2_Colorado2025-greenBox.czi,Gen_alg,758.01,9051.0,8362.0,37,34,121.25,0.926,20260226_279_Gen_Alg_10_8_2_Colorado2025-greenBox_x008704_y008192
Unknown_Sample,20260226_279_Gen_Alg_10_8_2_Colorado2025-greenBox.czi,Gen_alg,193.54,8988.0,8826.0,31,11,73.56,0.869,20260226_279_Gen_Alg_10_8_2_Colorado2025-greenBox_x008704_y008192
Unknown_Sample,20260226_279_Gen_Alg_10_8_2_Colorado2025-greenBox.czi,Gen_alg,563.7,9819.0,8224.0,31,30,102.18,0.964,20260226_279_Gen_Alg_10_8_2_Colorado2025-greenBox_x009216_y008192
Unknown_Sample,20260226_279_Gen_Alg_10_8_2_Colorado2025-greenBox.czi,Gen_alg,624.49,9582.0,8520.0,32,33,107.84,0.963,20260226_279_Gen_Alg_10_8_2_Colorado2025-greenBox_x009216_y008192
Unknown_Sample,20260226_279_Gen_Alg_10_8_2_Colorado2025-greenBox.czi,Gen_alg,738.39,9823.0,8559.0,36,34,116.67,0.962,20260226_279_Gen_Alg_10_8_2_Colorado2025-greenBox_x009216_y008192
Unknown_Sample,20260226_279_Gen_Alg_10_8_2_Colorado2025-greenBox.czi,Gen_alg,761.86,9830.0,8397.0,35,36,116.91,0.962,20260226_279_Gen_Alg_10_8_2_Colorado2025-greenBox_x009216_y008192
Unknown_Sample,20260226_279_Gen_Alg_10_8_2_Colorado2025-greenBox.czi,Gen_alg,640.65,9794.0,8659.0,33,32,109.01,0.961,20260226_279_Gen_Alg_10_8_2_Colorado2025-greenBox_x009216_y008192
Unknown_Sample,20260226_279_Gen_Alg_10_8_2_Colorado2025-greenBox.czi,Gen_alg,723.77,9640.0,8711.0,34,35,114.67,0.961,20260226_279_Gen_Alg_10_8_2_Colorado2025-greenBox_x009216_y008192
Unknown_Sample,20260226_279_Gen_Alg_10_8_2_Colorado2025-greenBox.czi,Gen_alg,570.62,9557.0,8363.0,30,31,102.18,0.96,20260226_279_Gen_Alg_10_8_2_Colorado2025-greenBox_x009216_y008192
Unknown_Sample,20260226_279_Gen_Alg_10_8_2_Colorado2025-greenBox.czi,Gen_alg,649.89,9753.0,8343.0,34,31,110.18,0.96,20260226_279_Gen_Alg_10_8_2_Colorado2025-greenBox_x009216_y008192
Unknown_Sample,20260226_279_Gen_Alg_10_8_2_Colorado2025-greenBox.czi,Gen_alg,512.14,9696.0,8352.0,28,30,97.36,0.959,20260226_279_Gen_Alg_10_8_2_Colorado2025-greenBox_x009216_y008192
Unknown_Sample,20260226_279_Gen_Alg_10_8_2_Colorado2025-greenBox.czi,Gen_alg,514.06,9605.0,8202.0,35,23,103.8,0.959,20260226_279_Gen_Alg_10_8_2_Colorado2025-greenBox_x009216_y008192
Unknown_Sample,20260226_279_Gen_Alg_10_8_2_Colorado2025-greenBox.czi,Gen_alg,624.11,9806.0,8611.0,32,31,106.77,0.958,20260226_279_Gen_Alg_10_8_2_Colorado2025-greenBox_x009216_y008192
Unknown_Sample,20260226_279_Gen_Alg_10_8_2_Colorado2025-greenBox.czi,Gen_alg,725.3,9268.0,8664.0,34,35,114.67,0.958,20260226_279_Gen_Alg_10_8_2_Colorado2025-greenBox_x009216_y008192
Unknown_Sample,20260226_279_Gen_Alg_10_8_2_Colorado2025-greenBox.czi,Gen_alg,368.62,9535.0,8315.0,23,26,82.28,0.95,20260226_279_Gen_Alg_10_8_2_Colorado2025-greenBox_x009216_y008192
Unknown_Sample,20260226_279_Gen_Alg_10_8_2_Colorado2025-greenBox.czi,Gen_alg,344.76,9449.0,8289.0,20,28,83.8,0.921,20260226_279_Gen_Alg_10_8_2_Colorado2025-greenBox_x009216_y008192
Unknown_Sample,20260226_279_Gen_Alg_10_8_2_Colorado2025-greenBox.czi,Gen_alg,654.12,9456.0,8261.0,32,34,112.77,0.914,20260226_279_Gen_Alg_10_8_2_Colorado2025-greenBox_x009216_y008192
Unknown_Sample,20260226_279_Gen_Alg_10_8_2_Colorado2025-greenBox.czi,Gen_alg,562.16,9819.0,8224.0,31,30,102.18,0.964,20260226_279_Gen_Alg_10_8_2_Colorado2025-greenBox_x009728_y008192
Unknown_Sample,20260226_279_Gen_Alg_10_8_2_Colorado2025-greenBox.czi,Gen_alg,738.39,9823.0,8559.0,36,34,116.67,0.963,20260226_279_Gen_Alg_10_8_2_Colorado2025-greenBox_x009728_y008192
Unknown_Sample,20260226_279_Gen_Alg_10_8_2_Colorado2025-greenBox.czi,Gen_alg,761.09,9830.0,8397.0,35,36,116.91,0.962,20260226_279_Gen_Alg_10_8_2_Colorado2025-greenBox_x009728_y008192
Unknown_Sample,20260226_279_Gen_Alg_10_8_2_Colorado2025-greenBox.czi,Gen_alg,640.65,9794.0,8659.0,33,32,109.01,0.962,20260226_279_Gen_Alg_10_8_2_Colorado2025-greenBox_x009728_y008192
Unknown_Sample,20260226_279_Gen_Alg_10_8_2_Colorado2025-greenBox.czi,Gen_alg,740.7,10044.0,8645.0,35,35,115.5,0.961,20260226_279_Gen_Alg_10_8_2_Colorado2025-greenBox_x009728_y008192
Unknown_Sample,20260226_279_Gen_Alg_10_8_2_Colorado2025-greenBox.czi,Gen_alg,637.96,10158.0,8534.0,35,30,107.25,0.961,20260226_279_Gen_Alg_10_8_2_Colorado2025-greenBox_x009728_y008192
Unknown_Sample,20260226_279_Gen_Alg_10_8_2_Colorado2025-greenBox.czi,Gen_alg,683.36,10303.0,8322.0,33,34,111.25,0.961,20260226_279_Gen_Alg_10_8_2_Colorado2025-greenBox_x009728_y008192
Unknown_Sample,20260226_279_Gen_Alg_10_8_2_Colorado2025-greenBox.czi,Gen_alg,649.89,9753.0,8343.0,34,31,110.18,0.96,20260226_279_Gen_Alg_10_8_2_Colorado2025-greenBox_x009728_y008192
Unknown_Sample,20260226_279_Gen_Alg_10_8_2_Colorado2025-greenBox.czi,Gen_alg,665.66,10190.0,8751.0,33,33,110.43,0.96,20260226_279_Gen_Alg_10_8_2_Colorado2025-greenBox_x009728_y008192
Unknown_Sample,20260226_279_Gen_Alg_10_8_2_Colorado2025-greenBox.czi,Gen_alg,635.65,10125.0,8409.0,32,34,109.25,0.96,20260226_279_Gen_Alg_10_8_2_Colorado2025-greenBox_x009728_y008192
Unknown_Sample,20260226_279_Gen_Alg_10_8_2_Colorado2025-greenBox.czi,Gen_alg,590.25,10232.0,8445.0,30,32,103.6,0.96,20260226_279_Gen_Alg_10_8_2_Colorado2025-greenBox_x009728_y008192
Unknown_Sample,20260226_279_Gen_Alg_10_8_2_Colorado2025-greenBox.czi,Gen_alg,526.76,9937.0,8390.0,31,28,98.18,0.959,20260226_279_Gen_Alg_10_8_2_Colorado2025-greenBox_x009728_y008192
Unknown_Sample,20260226_279_Gen_Alg_10_8_2_Colorado2025-greenBox.czi,Gen_alg,723.77,10082.0,8688.0,35,34,114.67,0.958,20260226_279_Gen_Alg_10_8_2_Colorado2025-greenBox_x009728_y008192
Unknown_Sample,20260226_279_Gen_Alg_10_8_2_Colorado2025-greenBox.czi,Gen_alg,624.11,9806.0,8611.0,32,31,106.77,0.958,20260226_279_Gen_Alg_10_8_2_Colorado2025-greenBox_x009728_y008192
Unknown_Sample,20260226_279_Gen_Alg_10_8_2_Colorado2025-greenBox.czi,Gen_alg,626.42,10277.0,8749.0,34,31,106.08,0.957,20260226_279_Gen_Alg_10_8_2_Colorado2025-greenBox_x009728_y008192
Unknown_Sample,20260226_279_Gen_Alg_10_8_2_Colorado2025-greenBox.czi,Gen_alg,474.43,9897.0,8397.0,30,27,94.18,0.956,20260226_279_Gen_Alg_10_8_2_Colorado2025-greenBox_x009728_y008192
Unknown_Sample,20260226_279_Gen_Alg_10_8_2_Colorado2025-greenBox.czi,Gen_alg,496.75,10094.0,8321.0,29,30,95.84,0.952,20260226_279_Gen_Alg_10_8_2_Colorado2025-greenBox_x009728_y008192
Unknown_Sample,20260226_279_Gen_Alg_10_8_2_Colorado2025-greenBox.czi,Gen_alg,703.37,10846.0,8266.0,36,33,114.08,0.966,20260226_279_Gen_Alg_10_8_2_Colorado2025-greenBox_x010240_y008192
Unknown_Sample,20260226_279_Gen_Alg_10_8_2_Colorado2025-greenBox.czi,Gen_alg,798.8,10487.0,8512.0,36,37,120.91,0.964,20260226_279_Gen_Alg_10_8_2_Colorado2025-greenBox_x010240_y008192
Unknown_Sample,20260226_279_Gen_Alg_10_8_2_Colorado2025-greenBox.czi,Gen_alg,683.36,10303.0,8322.0,33,34,111.25,0.961,20260226_279_Gen_Alg_10_8_2_Colorado2025-greenBox_x010240_y008192
Unknown_Sample,20260226_279_Gen_Alg_10_8_2_Colorado2025-greenBox.czi,Gen_alg,557.54,10767.0,8532.0,31,29,101.36,0.959,20260226_279_Gen_Alg_10_8_2_Colorado2025-greenBox_x010240_y008192
Unknown_Sample,20260226_279_Gen_Alg_10_8_2_Colorado2025-greenBox.czi,Gen_alg,601.79,10471.0,8249.0,32,31,105.6,0.959,20260226_279_Gen_Alg_10_8_2_Colorado2025-greenBox_x010240_y008192
Unknown_Sample,20260226_279_Gen_Alg_10_8_2_Colorado2025-greenBox.czi,Gen_alg,773.79,10387.0,8775.0,36,35,119.84,0.958,20260226_279_Gen_Alg_10_8_2_Colorado2025-greenBox_x010240_y008192
Unknown_Sample,20260226_279_Gen_Alg_10_8_2_Colorado2025-greenBox.czi,Gen_alg,821.11,10834.0,8221.0,39,37,124.57,0.958,20260226_279_Gen_Alg_10_8_2_Colorado2025-greenBox_x010240_y008192
Unknown_Sample,20260226_279_Gen_Alg_10_8_2_Colorado2025-greenBox.czi,Gen_alg,628.34,10277.0,8749.0,34,31,106.67,0.958,20260226_279_Gen_Alg_10_8_2_Colorado2025-greenBox_x010240_y008192
Unknown_Sample,20260226_279_Gen_Alg_10_8_2_Colorado2025-greenBox.czi,Gen_alg,557.16,10789.0,8242.0,31,30,101.6,0.958,20260226_279_Gen_Alg_10_8_2_Colorado2025-greenBox_x010240_y008192
Unknown_Sample,20260226_279_Gen_Alg_10_8_2_Colorado2025-greenBox.czi,Gen_alg,703.37,10846.0,8266.0,36,33,114.08,0.966,20260226_279_Gen_Alg_10_8_2_Colorado2025-greenBox_x010752_y008192
Unknown_Sample,20260226_279_Gen_Alg_10_8_2_Colorado2025-greenBox.czi,Gen_alg,667.59,10990.0,8399.0,33,33,109.84,0.963,20260226_279_Gen_Alg_10_8_2_Colorado2025-greenBox_x010752_y008192
Unknown_Sample,20260226_279_Gen_Alg_10_8_2_Colorado2025-greenBox.czi,Gen_alg,685.67,11131.0,8370.0,32,35,111.25,0.962,20260226_279_Gen_Alg_10_8_2_Colorado2025-greenBox_x010752_y008192
Unknown_Sample,20260226_279_Gen_Alg_10_8_2_Colorado2025-greenBox.czi,Gen_alg,525.22,10904.0,8396.0,28,30,97.36,0.961,20260226_279_Gen_Alg_10_8_2_Colorado2025-greenBox_x010752_y008192
Unknown_Sample,20260226_279_Gen_Alg_10_8_2_Colorado2025-greenBox.czi,Gen_alg,733.0,11182.0,8697.0,35,34,115.84,0.959,20260226_279_Gen_Alg_10_8_2_Colorado2025-greenBox_x010752_y008192
Unknown_Sample,20260226_279_Gen_Alg_10_8_2_Colorado2025-greenBox.czi,Gen_alg,821.88,10834.0,8221.0,39,37,124.57,0.959,20260226_279_Gen_Alg_10_8_2_Colorado2025-greenBox_x010752_y008192
Unknown_Sample,20260226_279_Gen_Alg_10_8_2_Colorado2025-greenBox.czi,Gen_alg,557.16,10789.0,8242.0,31,30,101.6,0.958,20260226_279_Gen_Alg_10_8_2_Colorado2025-greenBox_x010752_y008192
Unknown_Sample,20260226_279_Gen_Alg_10_8_2_Colorado2025-greenBox.czi,Gen_alg,619.88,11310.0,8650.0,32,32,105.84,0.958,20260226_279_Gen_Alg_10_8_2_Colorado2025-greenBox_x010752_y008192
Unknown_Sample,20260226_279_Gen_Alg_10_8_2_Colorado2025-greenBox.czi,Gen_alg,564.47,10767.0,8532.0,31,29,102.53,0.957,20260226_279_Gen_Alg_10_8_2_Colorado2025-greenBox_x010752_y008192
Unknown_Sample,20260226_279_Gen_Alg_10_8_2_Colorado2025-greenBox.czi,Gen_alg,708.37,11376.0,8357.0,31,35,115.7,0.942,20260226_279_Gen_Alg_10_8_2_Colorado2025-greenBox_x010752_y008192
Unknown_Sample,20260226_279_Gen_Alg_10_8_2_Colorado2025-greenBox.czi,Gen_alg,682.98,11661.0,8259.0,34,33,111.84,0.965,20260226_279_Gen_Alg_10_8_2_Colorado2025-greenBox_x011264_y008192
Unknown_Sample,20260226_279_Gen_Alg_10_8_2_Colorado2025-greenBox.czi,Gen_alg,581.78,11571.0,8588.0,31,31,103.6,0.964,20260226_279_Gen_Alg_10_8_2_Colorado2025-greenBox_x011264_y008192
Unknown_Sample,20260226_279_Gen_Alg_10_8_2_Colorado2025-greenBox.czi,Gen_alg,783.41,11485.0,8325.0,36,36,118.91,0.961,20260226_279_Gen_Alg_10_8_2_Colorado2025-greenBox_x011264_y008192
Unknown_Sample,20260226_279_Gen_Alg_10_8_2_Colorado2025-greenBox.czi,Gen_alg,552.92,11500.0,8605.0,32,29,101.01,0.961,20260226_279_Gen_Alg_10_8_2_Colorado2025-greenBox_x011264_y008192
Unknown_Sample,20260226_279_Gen_Alg_10_8_2_Colorado2025-greenBox.czi,Gen_alg,771.09,11378.0,8357.0,36,35,118.08,0.96,20260226_279_Gen_Alg_10_8_2_Colorado2025-greenBox_x011264_y008192
Unknown_Sample,20260226_279_Gen_Alg_10_8_2_Colorado2025-greenBox.czi,Gen_alg,677.59,11720.0,8553.0,33,33,111.01,0.959,20260226_279_Gen_Alg_10_8_2_Colorado2025-greenBox_x011264_y008192
Unknown_Sample,20260226_279_Gen_Alg_10_8_2_Colorado2025-greenBox.czi,Gen_alg,619.49,11310.0,8650.0,32,32,105.25,0.958,20260226_279_Gen_Alg_10_8_2_Colorado2025-greenBox_x011264_y008192
Unknown_Sample,20260226_279_Gen_Alg_10_8_2_Colorado2025-greenBox.czi,Gen_alg,829.58,11434.0,8736.0,38,36,122.91,0.957,20260226_279_Gen_Alg_10_8_2_Colorado2025-greenBox_x011264_y008192
Unknown_Sample,20260226_279_Gen_Alg_10_8_2_Colorado2025-greenBox.czi,Gen_alg,668.74,11540.0,8301.0,33,34,108.91,0.957,20260226_279_Gen_Alg_10_8_2_Colorado2025-greenBox_x011264_y008192
Unknown_Sample,20260226_279_Gen_Alg_10_8_2_Colorado2025-greenBox.czi,Gen_alg,835.35,11459.0,8286.0,37,37,122.33,0.956,20260226_279_Gen_Alg_10_8_2_Colorado2025-greenBox_x011264_y008192
Unknown_Sample,20260226_279_Gen_Alg_10_8_2_Colorado2025-greenBox.czi,Gen_alg,469.43,11819.0,8335.0,29,28,92.43,0.954,20260226_279_Gen_Alg_10_8_2_Colorado2025-greenBox_x011264_y008192
Unknown_Sample,20260226_279_Gen_Alg_10_8_2_Colorado2025-greenBox.czi,Gen_alg,328.21,11776.0,8660.0,24,24,78.53,0.943,20260226_279_Gen_Alg_10_8_2_Colorado2025-greenBox_x011264_y008192
Unknown_Sample,20260226_279_Gen_Alg_10_8_2_Colorado2025-greenBox.czi,Gen_alg,618.72,12219.0,8562.0,32,32,106.43,0.964,20260226_279_Gen_Alg_10_8_2_Colorado2025-greenBox_x011776_y008192
Unknown_Sample,20260226_279_Gen_Alg_10_8_2_Colorado2025-greenBox.czi,Gen_alg,684.52,11950.0,8345.0,35,34,113.5,0.962,20260226_279_Gen_Alg_10_8_2_Colorado2025-greenBox_x011776_y008192
Unknown_Sample,20260226_279_Gen_Alg_10_8_2_Colorado2025-greenBox.czi,Gen_alg,736.08,12325.0,8501.0,35,34,114.67,0.961,20260226_279_Gen_Alg_10_8_2_Colorado2025-greenBox_x011776_y008192
Unknown_Sample,20260226_279_Gen_Alg_10_8_2_Colorado2025-greenBox.czi,Gen_alg,577.55,12201.0,8273.0,31,30,102.18,0.958,20260226_279_Gen_Alg_10_8_2_Colorado2025-greenBox_x011776_y008192
Unknown_Sample,20260226_279_Gen_Alg_10_8_2_Colorado2025-greenBox.czi,Gen_alg,659.51,12113.0,8393.0,33,33,108.08,0.957,20260226_279_Gen_Alg_10_8_2_Colorado2025-greenBox_x011776_y008192
Unknown_Sample,20260226_279_Gen_Alg_10_8_2_Colorado2025-greenBox.czi,Gen_alg,671.05,12236.0,8802.0,33,33,110.43,0.956,20260226_279_Gen_Alg_10_8_2_Colorado2025-greenBox_x011776_y008192
Unknown_Sample,20260226_279_Gen_Alg_10_8_2_Colorado2025-greenBox.czi,Gen_alg,742.23,11986.0,8365.0,35,35,116.67,0.956,20260226_279_Gen_Alg_10_8_2_Colorado2025-greenBox_x011776_y008192
Unknown_Sample,20260226_279_Gen_Alg_10_8_2_Colorado2025-greenBox.czi,Gen_alg,470.2,11819.0,8335.0,29,28,92.43,0.954,20260226_279_Gen_Alg_10_8_2_Colorado2025-greenBox_x011776_y008192
Unknown_Sample,20260226_279_Gen_Alg_10_8_2_Colorado2025-greenBox.czi,Gen_alg,649.5,12129.0,8595.0,33,33,110.43,0.949,20260226_279_Gen_Alg_10_8_2_Colorado2025-greenBox_x011776_y008192
Unknown_Sample,20260226_279_Gen_Alg_10_8_2_Colorado2025-greenBox.czi,Gen_alg,173.15,11781.0,8661.0,13,24,62.97,0.934,20260226_279_Gen_Alg_10_8_2_Colorado2025-greenBox_x011776_y008192
Unknown_Sample,20260226_279_Gen_Alg_10_8_2_Colorado2025-greenBox.czi,Gen_alg,760.7,12607.0,8315.0,35,35,117.84,0.965,20260226_279_Gen_Alg_10_8_2_Colorado2025-greenBox_x012288_y008192
Unknown_Sample,20260226_279_Gen_Alg_10_8_2_Colorado2025-greenBox.czi,Gen_alg,731.08,12325.0,8501.0,35,34,115.25,0.962,20260226_279_Gen_Alg_10_8_2_Colorado2025-greenBox_x012288_y008192
Unknown_Sample,20260226_279_Gen_Alg_10_8_2_Colorado2025-greenBox.czi,Gen_alg,526.76,12808.0,8496.0,29,29,97.36,0.958,20260226_279_Gen_Alg_10_8_2_Colorado2025-greenBox_x012288_y008192
Unknown_Sample,20260226_279_Gen_Alg_10_8_2_Colorado2025-greenBox.czi,Gen_alg,231.64,12921.0,8290.0,13,32,76.63,0.879,20260226_279_Gen_Alg_10_8_2_Colorado2025-greenBox_x012288_y008192
Unknown_Sample,20260226_279_Gen_Alg_10_8_2_Colorado2025-greenBox.czi,Gen_alg,452.5,12810.0,8496.0,24,29,93.8,0.963,20260226_279_Gen_Alg_10_8_2_Colorado2025-greenBox_x012800_y008192
Unknown_Sample,20260226_279_Gen_Alg_10_8_2_Colorado2025-greenBox.czi,Gen_alg,677.21,12992.0,8378.0,33,34,111.25,0.961,20260226_279_Gen_Alg_10_8_2_Colorado2025-greenBox_x012800_y008192
Unknown_Sample,20260226_279_Gen_Alg_10_8_2_Colorado2025-greenBox.czi,Gen_alg,650.27,12930.0,8290.0,33,32,107.25,0.959,20260226_279_Gen_Alg_10_8_2_Colorado2025-greenBox_x012800_y008192
Unknown_Sample,20260226_279_Gen_Alg_10_8_2_Colorado2025-greenBox.czi,Gen_alg,542.15,13303.0,8242.0,30,30,99.01,0.955,20260226_279_Gen_Alg_10_8_2_Colorado2025-greenBox_x012800_y008192
Unknown_Sample,20260226_279_Gen_Alg_10_8_2_Colorado2025-greenBox.czi,Gen_alg,709.53,13462.0,8537.0,34,34,113.25,0.965,20260226_279_Gen_Alg_10_8_2_Colorado2025-greenBox_x013312_y008192
Unknown_Sample,20260226_279_Gen_Alg_10_8_2_Colorado2025-greenBox.czi,Gen_alg,819.96,13623.0,8433.0,37,37,122.33,0.964,20260226_279_Gen_Alg_10_8_2_Colorado2025-greenBox_x013312_y008192
Unknown_Sample,20260226_279_Gen_Alg_10_8_2_Colorado2025-greenBox.czi,Gen_alg,748.39,13882.0,8322.0,35,36,116.33,0.963,20260226_279_Gen_Alg_10_8_2_Colorado2025-greenBox_x013312_y008192
Unknown_Sample,20260226_279_Gen_Alg_10_8_2_Colorado2025-greenBox.czi,Gen_alg,757.24,13502.0,8509.0,36,35,116.91,0.962,20260226_279_Gen_Alg_10_8_2_Colorado2025-greenBox_x013312_y008192
Unknown_Sample,20260226_279_Gen_Alg_10_8_2_Colorado2025-greenBox.czi,Gen_alg,723.77,13707.0,8224.0,34,35,113.5,0.962,20260226_279_Gen_Alg_10_8_2_Colorado2025-greenBox_x013312_y008192
Unknown_Sample,20260226_279_Gen_Alg_10_8_2_Colorado2025-greenBox.czi,Gen_alg,645.66,13645.0,8643.0,33,32,109.6,0.961,20260226_279_Gen_Alg_10_8_2_Colorado2025-greenBox_x013312_y008192
Unknown_Sample,20260226_279_Gen_Alg_10_8_2_Colorado2025-greenBox.czi,Gen_alg,429.03,13504.0,8379.0,23,32,91.36,0.951,20260226_279_Gen_Alg_10_8_2_Colorado2025-greenBox_x013312_y008192
Unknown_Sample,20260226_279_Gen_Alg_10_8_2_Colorado2025-greenBox.czi,Gen_alg,372.08,13609.0,8757.0,21,31,86.53,0.944,20260226_279_Gen_Alg_10_8_2_Colorado2025-greenBox_x013312_y008192
Unknown_Sample,20260226_279_Gen_Alg_10_8_2_Colorado2025-greenBox.czi,Gen_alg,749.16,13882.0,8322.0,35,36,116.33,0.963,20260226_279_Gen_Alg_10_8_2_Colorado2025-greenBox_x013824_y008192
Unknown_Sample,20260226_279_Gen_Alg_10_8_2_Colorado2025-greenBox.czi,Gen_alg,755.32,14137.0,8713.0,35,35,116.67,0.96,20260226_279_Gen_Alg_10_8_2_Colorado2025-greenBox_x013824_y008192
Unknown_Sample,20260226_279_Gen_Alg_10_8_2_Colorado2025-greenBox.czi,Gen_alg,665.28,14169.0,8580.0,33,34,111.84,0.959,20260226_279_Gen_Alg_10_8_2_Colorado2025-greenBox_x013824_y008192
Unknown_Sample,20260226_279_Gen_Alg_10_8_2_Colorado2025-greenBox.czi,Gen_alg,780.33,14486.0,8381.0,38,35,119.74,0.963,20260226_279_Gen_Alg_10_8_2_Colorado2025-greenBox_x014336_y008192
Unknown_Sample,20260226_279_Gen_Alg_10_8_2_Colorado2025-greenBox.czi,Gen_alg,609.49,14649.0,8571.0,32,31,105.6,0.96,20260226_279_Gen_Alg_10_8_2_Colorado2025-greenBox_x014336_y008192
Unknown_Sample,20260226_279_Gen_Alg_10_8_2_Colorado2025-greenBox.czi,Gen_alg,756.47,14662.0,8801.0,34,36,117.25,0.959,20260226_279_Gen_Alg_10_8_2_Colorado2025-greenBox_x014336_y008192
Unknown_Sample,20260226_279_Gen_Alg_10_8_2_Colorado2025-greenBox.czi,Gen_alg,689.52,14758.0,8710.0,34,33,112.43,0.959,20260226_279_Gen_Alg_10_8_2_Colorado2025-greenBox_x014336_y008192
Unknown_Sample,20260226_279_Gen_Alg_10_8_2_Colorado2025-greenBox.czi,Gen_alg,582.55,14927.0,8746.0,29,33,103.6,0.959,20260226_279_Gen_Alg_10_8_2_Colorado2025-greenBox_x014336_y008192
Unknown_Sample,20260226_279_Gen_Alg_10_8_2_Colorado2025-greenBox.czi,Gen_alg,756.86,14769.0,8373.0,36,35,118.67,0.959,20260226_279_Gen_Alg_10_8_2_Colorado2025-greenBox_x014336_y008192
Unknown_Sample,20260226_279_Gen_Alg_10_8_2_Colorado2025-greenBox.czi,Gen_alg,554.08,14724.0,8442.0,32,29,100.43,0.957,20260226_279_Gen_Alg_10_8_2_Colorado2025-greenBox_x014336_y008192
Unknown_Sample,20260226_279_Gen_Alg_10_8_2_Colorado2025-greenBox.czi,Gen_alg,543.3,14863.0,8350.0,30,30,100.77,0.957,20260226_279_Gen_Alg_10_8_2_Colorado2025-greenBox_x014336_y008192
Unknown_Sample,20260226_279_Gen_Alg_10_8_2_Colorado2025-greenBox.czi,Gen_alg,676.05,14686.0,8767.0,33,34,111.84,0.953,20260226_279_Gen_Alg_10_8_2_Colorado2025-greenBox_x014336_y008192
Unknown_Sample,20260226_279_Gen_Alg_10_8_2_Colorado2025-greenBox.czi,Gen_alg,556.39,14888.0,8820.0,37,24,107.46,0.924,20260226_279_Gen_Alg_10_8_2_Colorado2025-greenBox_x014336_y008192
Unknown_Sample,20260226_279_Gen_Alg_10_8_2_Colorado2025-greenBox.czi,Gen_alg,583.32,14927.0,8746.0,29,33,103.6,0.959,20260226_279_Gen_Alg_10_8_2_Colorado2025-greenBox_x014848_y008192
Unknown_Sample,20260226_279_Gen_Alg_10_8_2_Colorado2025-greenBox.czi,Gen_alg,733.0,15186.0,8765.0,37,33,116.67,0.954,20260226_279_Gen_Alg_10_8_2_Colorado2025-greenBox_x014848_y008192
Unknown_Sample,20260226_279_Gen_Alg_10_8_2_Colorado2025-greenBox.czi,Gen_alg,550.62,14863.0,8350.0,30,30,101.36,0.951,20260226_279_Gen_Alg_10_8_2_Colorado2025-greenBox_x014848_y008192
Unknown_Sample,20260226_279_Gen_Alg_10_8_2_Colorado2025-greenBox.czi,Gen_alg,354.76,15243.0,8495.0,30,19,83.46,0.936,20260226_279_Gen_Alg_10_8_2_Colorado2025-greenBox_x014848_y008192
Unknown_Sample,20260226_279_Gen_Alg_10_8_2_Colorado2025-greenBox.czi,Gen_alg,556.39,14888.0,8820.0,37,24,107.46,0.925,20260226_279_Gen_Alg_10_8_2_Colorado2025-greenBox_x014848_y008192
Unknown_Sample,20260226_279_Gen_Alg_10_8_2_Colorado2025-greenBox.czi,Gen_alg,424.02,15458.0,8823.0,40,18,101.46,0.908,20260226_279_Gen_Alg_10_8_2_Colorado2025-greenBox_x014848_y008192
Unknown_Sample,20260226_279_Gen_Alg_10_8_2_Colorado2025-greenBox.czi,Gen_alg,750.31,15625.0,8683.0,37,34,116.91,0.95,20260226_279_Gen_Alg_10_8_2_Colorado2025-greenBox_x015360_y008192
Unknown_Sample,20260226_279_Gen_Alg_10_8_2_Colorado2025-greenBox.czi,Gen_alg,892.3,15586.0,8660.0,38,38,126.33,0.949,20260226_279_Gen_Alg_10_8_2_Colorado2025-greenBox_x015360_y008192
Unknown_Sample,20260226_279_Gen_Alg_10_8_2_Colorado2025-greenBox.czi,Gen_alg,739.54,15526.0,8514.0,33,36,116.43,0.94,20260226_279_Gen_Alg_10_8_2_Colorado2025-greenBox_x015360_y008192
Unknown_Sample,20260226_279_Gen_Alg_10_8_2_Colorado2025-greenBox.czi,Gen_alg,361.31,15632.0,8646.0,28,23,84.53,0.938,20260226_279_Gen_Alg_10_8_2_Colorado2025-greenBox_x015360_y008192
Unknown_Sample,20260226_279_Gen_Alg_10_8_2_Colorado2025-greenBox.czi,Gen_alg,427.87,15458.0,8823.0,40,18,101.46,0.906,20260226_279_Gen_Alg_10_8_2_Colorado2025-greenBox_x015360_y008192
Unknown_Sample,20260226_279_Gen_Alg_10_8_2_Colorado2025-greenBox.czi,Gen_alg,654.12,16339.0,8395.0,33,32,109.6,0.962,20260226_279_Gen_Alg_10_8_2_Colorado2025-greenBox_x015872_y008192
Unknown_Sample,20260226_279_Gen_Alg_10_8_2_Colorado2025-greenBox.czi,Gen_alg,662.59,16053.0,8366.0,33,33,109.25,0.956,20260226_279_Gen_Alg_10_8_2_Colorado2025-greenBox_x015872_y008192
Unknown_Sample,20260226_279_Gen_Alg_10_8_2_Colorado2025-greenBox.czi,Gen_alg,646.42,16070.0,8777.0,32,33,108.43,0.955,20260226_279_Gen_Alg_10_8_2_Colorado2025-greenBox_x015872_y008192
Unknown_Sample,20260226_279_Gen_Alg_10_8_2_Colorado2025-greenBox.czi,Gen_alg,996.57,16278.0,8534.0,41,42,135.05,0.953,20260226_279_Gen_Alg_10_8_2_Colorado2025-greenBox_x015872_y008192
Unknown_Sample,20260226_279_Gen_Alg_10_8_2_Colorado2025-greenBox.czi,Gen_alg,557.16,16110.0,8751.0,31,29,100.77,0.95,20260226_279_Gen_Alg_10_8_2_Colorado2025-greenBox_x015872_y008192
Unknown_Sample,20260226_279_Gen_Alg_10_8_2_Colorado2025-greenBox.czi,Gen_alg,442.88,16362.0,8291.0,27,27,89.36,0.938,20260226_279_Gen_Alg_10_8_2_Colorado2025-greenBox_x015872_y008192
Unknown_Sample,20260226_279_Gen_Alg_10_8_2_Colorado2025-greenBox.czi,Gen_alg,862.28,824.0,8826.0,38,38,125.15,0.961,20260226_279_Gen_Alg_10_8_2_Colorado2025-greenBox_x000512_y008704
Unknown_Sample,20260226_279_Gen_Alg_10_8_2_Colorado2025-greenBox.czi,Gen_alg,998.5,1079.0,9174.0,45,37,134.81,0.955,20260226_279_Gen_Alg_10_8_2_Colorado2025-greenBox_x000512_y008704
Unknown_Sample,20260226_279_Gen_Alg_10_8_2_Colorado2025-greenBox.czi,Gen_alg,807.26,1049.0,9093.0,40,34,122.91,0.955,20260226_279_Gen_Alg_10_8_2_Colorado2025-greenBox_x000512_y008704
Unknown_Sample,20260226_279_Gen_Alg_10_8_2_Colorado2025-greenBox.czi,Gen_alg,405.94,814.0,8945.0,23,29,88.87,0.949,20260226_279_Gen_Alg_10_8_2_Colorado2025-greenBox_x000512_y008704
Unknown_Sample,20260226_279_Gen_Alg_10_8_2_Colorado2025-greenBox.czi,Gen_alg,373.62,744.0,8873.0,22,29,86.87,0.937,20260226_279_Gen_Alg_10_8_2_Colorado2025-greenBox_x000512_y008704
Unknown_Sample,20260226_279_Gen_Alg_10_8_2_Colorado2025-greenBox.czi,Gen_alg,784.17,1339.0,9125.0,36,36,118.91,0.958,20260226_279_Gen_Alg_10_8_2_Colorado2025-greenBox_x001024_y008704
Unknown_Sample,20260226_279_Gen_Alg_10_8_2_Colorado2025-greenBox.czi,Gen_alg,715.68,1594.0,9015.0,35,35,114.91,0.956,20260226_279_Gen_Alg_10_8_2_Colorado2025-greenBox_x001024_y008704
Unknown_Sample,20260226_279_Gen_Alg_10_8_2_Colorado2025-greenBox.czi,Gen_alg,807.26,1049.0,9093.0,40,34,122.91,0.954,20260226_279_Gen_Alg_10_8_2_Colorado2025-greenBox_x001024_y008704
Unknown_Sample,20260226_279_Gen_Alg_10_8_2_Colorado2025-greenBox.czi,Gen_alg,998.88,1079.0,9174.0,45,37,135.4,0.954,20260226_279_Gen_Alg_10_8_2_Colorado2025-greenBox_x001024_y008704
Unknown_Sample,20260226_279_Gen_Alg_10_8_2_Colorado2025-greenBox.czi,Gen_alg,849.2,1228.0,8813.0,38,37,124.33,0.953,20260226_279_Gen_Alg_10_8_2_Colorado2025-greenBox_x001024_y008704
Unknown_Sample,20260226_279_Gen_Alg_10_8_2_Colorado2025-greenBox.czi,Gen_alg,429.41,1624.0,9326.0,32,22,91.11,0.947,20260226_279_Gen_Alg_10_8_2_Colorado2025-greenBox_x001024_y008704
Unknown_Sample,20260226_279_Gen_Alg_10_8_2_Colorado2025-greenBox.czi,Gen_alg,990.03,1934.0,9027.0,39,42,133.98,0.963,20260226_279_Gen_Alg_10_8_2_Colorado2025-greenBox_x001536_y008704
Unknown_Sample,20260226_279_Gen_Alg_10_8_2_Colorado2025-greenBox.czi,Gen_alg,872.29,1749.0,9161.0,38,37,126.67,0.959,20260226_279_Gen_Alg_10_8_2_Colorado2025-greenBox_x001536_y008704
Unknown_Sample,20260226_279_Gen_Alg_10_8_2_Colorado2025-greenBox.czi,Gen_alg,716.07,1594.0,9015.0,35,35,115.5,0.955,20260226_279_Gen_Alg_10_8_2_Colorado2025-greenBox_x001536_y008704
Unknown_Sample,20260226_279_Gen_Alg_10_8_2_Colorado2025-greenBox.czi,Gen_alg,429.41,1624.0,9326.0,32,22,91.11,0.946,20260226_279_Gen_Alg_10_8_2_Colorado2025-greenBox_x001536_y008704
Unknown_Sample,20260226_279_Gen_Alg_10_8_2_Colorado2025-greenBox.czi,Gen_alg,696.83,2644.0,8917.0,35,33,113.84,0.961,20260226_279_Gen_Alg_10_8_2_Colorado2025-greenBox_x002048_y008704
Unknown_Sample,20260226_279_Gen_Alg_10_8_2_Colorado2025-greenBox.czi,Gen_alg,816.11,2380.0,9223.0,37,36,121.5,0.96,20260226_279_Gen_Alg_10_8_2_Colorado2025-greenBox_x002048_y008704
Unknown_Sample,20260226_279_Gen_Alg_10_8_2_Colorado2025-greenBox.czi,Gen_alg,616.8,2641.0,9039.0,30,34,105.84,0.96,20260226_279_Gen_Alg_10_8_2_Colorado2025-greenBox_x002048_y008704
Unknown_Sample,20260226_279_Gen_Alg_10_8_2_Colorado2025-greenBox.czi,Gen_alg,766.86,2622.0,9223.0,36,35,118.67,0.96,20260226_279_Gen_Alg_10_8_2_Colorado2025-greenBox_x002048_y008704
Unknown_Sample,20260226_279_Gen_Alg_10_8_2_Colorado2025-greenBox.czi,Gen_alg,454.42,2504.0,9334.0,38,20,102.04,0.922,20260226_279_Gen_Alg_10_8_2_Colorado2025-greenBox_x002048_y008704
Unknown_Sample,20260226_279_Gen_Alg_10_8_2_Colorado2025-greenBox.czi,Gen_alg,970.02,2755.0,9157.0,40,40,133.15,0.962,20260226_279_Gen_Alg_10_8_2_Colorado2025-greenBox_x002560_y008704
Unknown_Sample,20260226_279_Gen_Alg_10_8_2_Colorado2025-greenBox.czi,Gen_alg,696.06,2644.0,8917.0,35,33,113.84,0.961,20260226_279_Gen_Alg_10_8_2_Colorado2025-greenBox_x002560_y008704
Unknown_Sample,20260226_279_Gen_Alg_10_8_2_Colorado2025-greenBox.czi,Gen_alg,766.09,2622.0,9223.0,36,35,118.67,0.96,20260226_279_Gen_Alg_10_8_2_Colorado2025-greenBox_x002560_y008704
Unknown_Sample,20260226_279_Gen_Alg_10_8_2_Colorado2025-greenBox.czi,Gen_alg,616.8,2641.0,9039.0,30,34,105.84,0.96,20260226_279_Gen_Alg_10_8_2_Colorado2025-greenBox_x002560_y008704
Unknown_Sample,20260226_279_Gen_Alg_10_8_2_Colorado2025-greenBox.czi,Gen_alg,530.22,2714.0,8880.0,28,31,98.77,0.958,20260226_279_Gen_Alg_10_8_2_Colorado2025-greenBox_x002560_y008704
Unknown_Sample,20260226_279_Gen_Alg_10_8_2_Colorado2025-greenBox.czi,Gen_alg,443.26,3107.0,8824.0,27,27,91.11,0.951,20260226_279_Gen_Alg_10_8_2_Colorado2025-greenBox_x002560_y008704
Unknown_Sample,20260226_279_Gen_Alg_10_8_2_Colorado2025-greenBox.czi,Gen_alg,394.01,2806.0,8939.0,31,22,89.11,0.944,20260226_279_Gen_Alg_10_8_2_Colorado2025-greenBox_x002560_y008704
Unknown_Sample,20260226_279_Gen_Alg_10_8_2_Colorado2025-greenBox.czi,Gen_alg,890.37,3314.0,9303.0,39,38,126.57,0.963,20260226_279_Gen_Alg_10_8_2_Colorado2025-greenBox_x003072_y008704
Unknown_Sample,20260226_279_Gen_Alg_10_8_2_Colorado2025-greenBox.czi,Gen_alg,726.07,3316.0,8933.0,32,37,117.01,0.962,20260226_279_Gen_Alg_10_8_2_Colorado2025-greenBox_x003072_y008704
Unknown_Sample,20260226_279_Gen_Alg_10_8_2_Colorado2025-greenBox.czi,Gen_alg,871.52,3509.0,8810.0,38,38,126.33,0.96,20260226_279_Gen_Alg_10_8_2_Colorado2025-greenBox_x003072_y008704
Unknown_Sample,20260226_279_Gen_Alg_10_8_2_Colorado2025-greenBox.czi,Gen_alg,442.88,3107.0,8824.0,27,27,90.53,0.952,20260226_279_Gen_Alg_10_8_2_Colorado2025-greenBox_x003072_y008704
Unknown_Sample,20260226_279_Gen_Alg_10_8_2_Colorado2025-greenBox.czi,Gen_alg,270.11,3684.0,8712.0,23,21,74.63,0.946,20260226_279_Gen_Alg_10_8_2_Colorado2025-greenBox_x003072_y008704
Unknown_Sample,20260226_279_Gen_Alg_10_8_2_Colorado2025-greenBox.czi,Gen_alg,739.16,4148.0,9190.0,36,34,115.5,0.961,20260226_279_Gen_Alg_10_8_2_Colorado2025-greenBox_x003584_y008704
Unknown_Sample,20260226_279_Gen_Alg_10_8_2_Colorado2025-greenBox.czi,Gen_alg,641.42,4081.0,8810.0,33,32,109.01,0.958,20260226_279_Gen_Alg_10_8_2_Colorado2025-greenBox_x003584_y008704
Unknown_Sample,20260226_279_Gen_Alg_10_8_2_Colorado2025-greenBox.czi,Gen_alg,510.6,3929.0,9092.0,37,23,100.18,0.952,20260226_279_Gen_Alg_10_8_2_Colorado2025-greenBox_x003584_y008704
Unknown_Sample,20260226_279_Gen_Alg_10_8_2_Colorado2025-greenBox.czi,Gen_alg,270.5,3684.0,8712.0,23,21,75.21,0.946,20260226_279_Gen_Alg_10_8_2_Colorado2025-greenBox_x003584_y008704
Unknown_Sample,20260226_279_Gen_Alg_10_8_2_Colorado2025-greenBox.czi,Gen_alg,796.87,4406.0,9158.0,36,37,122.67,0.963,20260226_279_Gen_Alg_10_8_2_Colorado2025-greenBox_x004096_y008704
Unknown_Sample,20260226_279_Gen_Alg_10_8_2_Colorado2025-greenBox.czi,Gen_alg,738.39,4148.0,9190.0,36,34,115.5,0.961,20260226_279_Gen_Alg_10_8_2_Colorado2025-greenBox_x004096_y008704
Unknown_Sample,20260226_279_Gen_Alg_10_8_2_Colorado2025-greenBox.czi,Gen_alg,811.49,4535.0,9107.0,38,36,122.33,0.958,20260226_279_Gen_Alg_10_8_2_Colorado2025-greenBox_x004096_y008704
Unknown_Sample,20260226_279_Gen_Alg_10_8_2_Colorado2025-greenBox.czi,Gen_alg,763.78,4660.0,8722.0,35,37,119.5,0.957,20260226_279_Gen_Alg_10_8_2_Colorado2025-greenBox_x004096_y008704
Unknown_Sample,20260226_279_Gen_Alg_10_8_2_Colorado2025-greenBox.czi,Gen_alg,318.6,4275.0,9258.0,22,25,78.28,0.942,20260226_279_Gen_Alg_10_8_2_Colorado2025-greenBox_x004096_y008704
Unknown_Sample,20260226_279_Gen_Alg_10_8_2_Colorado2025-greenBox.czi,Gen_alg,760.32,5119.0,8821.0,34,37,118.08,0.963,20260226_279_Gen_Alg_10_8_2_Colorado2025-greenBox_x004608_y008704
Unknown_Sample,20260226_279_Gen_Alg_10_8_2_Colorado2025-greenBox.czi,Gen_alg,928.85,5165.0,8898.0,39,39,130.91,0.961,20260226_279_Gen_Alg_10_8_2_Colorado2025-greenBox_x004608_y008704
Unknown_Sample,20260226_279_Gen_Alg_10_8_2_Colorado2025-greenBox.czi,Gen_alg,879.21,5044.0,8814.0,39,38,127.15,0.961,20260226_279_Gen_Alg_10_8_2_Colorado2025-greenBox_x004608_y008704
Unknown_Sample,20260226_279_Gen_Alg_10_8_2_Colorado2025-greenBox.czi,Gen_alg,763.01,4660.0,8722.0,35,37,119.5,0.956,20260226_279_Gen_Alg_10_8_2_Colorado2025-greenBox_x004608_y008704
Unknown_Sample,20260226_279_Gen_Alg_10_8_2_Colorado2025-greenBox.czi,Gen_alg,323.6,5079.0,9260.0,23,25,78.53,0.949,20260226_279_Gen_Alg_10_8_2_Colorado2025-greenBox_x004608_y008704
Unknown_Sample,20260226_279_Gen_Alg_10_8_2_Colorado2025-greenBox.czi,Gen_alg,395.94,4797.0,8898.0,20,34,90.53,0.939,20260226_279_Gen_Alg_10_8_2_Colorado2025-greenBox_x004608_y008704
Unknown_Sample,20260226_279_Gen_Alg_10_8_2_Colorado2025-greenBox.czi,Gen_alg,620.64,5283.0,8883.0,31,33,105.84,0.965,20260226_279_Gen_Alg_10_8_2_Colorado2025-greenBox_x005120_y008704
Unknown_Sample,20260226_279_Gen_Alg_10_8_2_Colorado2025-greenBox.czi,Gen_alg,917.69,5708.0,9065.0,40,38,129.15,0.962,20260226_279_Gen_Alg_10_8_2_Colorado2025-greenBox_x005120_y008704
Unknown_Sample,20260226_279_Gen_Alg_10_8_2_Colorado2025-greenBox.czi,Gen_alg,757.63,5338.0,9179.0,36,35,117.5,0.962,20260226_279_Gen_Alg_10_8_2_Colorado2025-greenBox_x005120_y008704
Unknown_Sample,20260226_279_Gen_Alg_10_8_2_Colorado2025-greenBox.czi,Gen_alg,650.66,5545.0,9165.0,33,33,108.67,0.961,20260226_279_Gen_Alg_10_8_2_Colorado2025-greenBox_x005120_y008704
Unknown_Sample,20260226_279_Gen_Alg_10_8_2_Colorado2025-greenBox.czi,Gen_alg,927.31,5165.0,8898.0,39,39,130.91,0.961,20260226_279_Gen_Alg_10_8_2_Colorado2025-greenBox_x005120_y008704
Unknown_Sample,20260226_279_Gen_Alg_10_8_2_Colorado2025-greenBox.czi,Gen_alg,486.74,5465.0,9004.0,28,29,94.18,0.961,20260226_279_Gen_Alg_10_8_2_Colorado2025-greenBox_x005120_y008704
Unknown_Sample,20260226_279_Gen_Alg_10_8_2_Colorado2025-greenBox.czi,Gen_alg,661.82,5552.0,9273.0,33,33,110.43,0.96,20260226_279_Gen_Alg_10_8_2_Colorado2025-greenBox_x005120_y008704
Unknown_Sample,20260226_279_Gen_Alg_10_8_2_Colorado2025-greenBox.czi,Gen_alg,838.43,5346.0,8933.0,36,38,123.5,0.959,20260226_279_Gen_Alg_10_8_2_Colorado2025-greenBox_x005120_y008704
Unknown_Sample,20260226_279_Gen_Alg_10_8_2_Colorado2025-greenBox.czi,Gen_alg,611.79,5475.0,8969.0,35,29,107.6,0.958,20260226_279_Gen_Alg_10_8_2_Colorado2025-greenBox_x005120_y008704
Unknown_Sample,20260226_279_Gen_Alg_10_8_2_Colorado2025-greenBox.czi,Gen_alg,702.6,5538.0,9328.0,34,32,113.94,0.952,20260226_279_Gen_Alg_10_8_2_Colorado2025-greenBox_x005120_y008704
Unknown_Sample,20260226_279_Gen_Alg_10_8_2_Colorado2025-greenBox.czi,Gen_alg,369.77,5127.0,8821.0,17,37,94.04,0.951,20260226_279_Gen_Alg_10_8_2_Colorado2025-greenBox_x005120_y008704
Unknown_Sample,20260226_279_Gen_Alg_10_8_2_Colorado2025-greenBox.czi,Gen_alg,511.37,5643.0,8946.0,35,25,99.01,0.942,20260226_279_Gen_Alg_10_8_2_Colorado2025-greenBox_x005120_y008704
Unknown_Sample,20260226_279_Gen_Alg_10_8_2_Colorado2025-greenBox.czi,Gen_alg,542.54,5748.0,8871.0,25,36,105.11,0.928,20260226_279_Gen_Alg_10_8_2_Colorado2025-greenBox_x005120_y008704
Unknown_Sample,20260226_279_Gen_Alg_10_8_2_Colorado2025-greenBox.czi,Gen_alg,916.15,5708.0,9065.0,40,38,129.15,0.962,20260226_279_Gen_Alg_10_8_2_Colorado2025-greenBox_x005632_y008704
Unknown_Sample,20260226_279_Gen_Alg_10_8_2_Colorado2025-greenBox.czi,Gen_alg,945.4,6223.0,8883.0,38,41,131.15,0.962,20260226_279_Gen_Alg_10_8_2_Colorado2025-greenBox_x005632_y008704
Unknown_Sample,20260226_279_Gen_Alg_10_8_2_Colorado2025-greenBox.czi,Gen_alg,564.08,6012.0,9258.0,31,31,102.43,0.959,20260226_279_Gen_Alg_10_8_2_Colorado2025-greenBox_x005632_y008704
Unknown_Sample,20260226_279_Gen_Alg_10_8_2_Colorado2025-greenBox.czi,Gen_alg,756.47,5752.0,8871.0,36,36,116.57,0.956,20260226_279_Gen_Alg_10_8_2_Colorado2025-greenBox_x005632_y008704
Unknown_Sample,20260226_279_Gen_Alg_10_8_2_Colorado2025-greenBox.czi,Gen_alg,444.03,5645.0,8947.0,29,25,92.28,0.948,20260226_279_Gen_Alg_10_8_2_Colorado2025-greenBox_x005632_y008704
Unknown_Sample,20260226_279_Gen_Alg_10_8_2_Colorado2025-greenBox.czi,Gen_alg,417.1,6163.0,8791.0,24,31,91.94,0.944,20260226_279_Gen_Alg_10_8_2_Colorado2025-greenBox_x005632_y008704
Unknown_Sample,20260226_279_Gen_Alg_10_8_2_Colorado2025-greenBox.czi,Gen_alg,360.54,6181.0,8711.0,35,18,90.87,0.944,20260226_279_Gen_Alg_10_8_2_Colorado2025-greenBox_x005632_y008704
Unknown_Sample,20260226_279_Gen_Alg_10_8_2_Colorado2025-greenBox.czi,Gen_alg,744.54,6571.0,8909.0,33,36,117.01,0.963,20260226_279_Gen_Alg_10_8_2_Colorado2025-greenBox_x006144_y008704
Unknown_Sample,20260226_279_Gen_Alg_10_8_2_Colorado2025-greenBox.czi,Gen_alg,891.53,6431.0,9094.0,37,40,127.15,0.962,20260226_279_Gen_Alg_10_8_2_Colorado2025-greenBox_x006144_y008704
Unknown_Sample,20260226_279_Gen_Alg_10_8_2_Colorado2025-greenBox.czi,Gen_alg,946.17,6223.0,8883.0,38,41,131.15,0.962,20260226_279_Gen_Alg_10_8_2_Colorado2025-greenBox_x006144_y008704
Unknown_Sample,20260226_279_Gen_Alg_10_8_2_Colorado2025-greenBox.czi,Gen_alg,724.53,6637.0,8812.0,33,37,114.33,0.961,20260226_279_Gen_Alg_10_8_2_Colorado2025-greenBox_x006144_y008704
Unknown_Sample,20260226_279_Gen_Alg_10_8_2_Colorado2025-greenBox.czi,Gen_alg,629.88,6744.0,9054.0,32,32,107.01,0.959,20260226_279_Gen_Alg_10_8_2_Colorado2025-greenBox_x006144_y008704
Unknown_Sample,20260226_279_Gen_Alg_10_8_2_Colorado2025-greenBox.czi,Gen_alg,417.87,6163.0,8791.0,24,31,91.94,0.945,20260226_279_Gen_Alg_10_8_2_Colorado2025-greenBox_x006144_y008704
Unknown_Sample,20260226_279_Gen_Alg_10_8_2_Colorado2025-greenBox.czi,Gen_alg,360.54,6181.0,8711.0,35,18,90.87,0.944,20260226_279_Gen_Alg_10_8_2_Colorado2025-greenBox_x006144_y008704
Unknown_Sample,20260226_279_Gen_Alg_10_8_2_Colorado2025-greenBox.czi,Gen_alg,629.11,6744.0,9054.0,32,32,107.01,0.959,20260226_279_Gen_Alg_10_8_2_Colorado2025-greenBox_x006656_y008704
Unknown_Sample,20260226_279_Gen_Alg_10_8_2_Colorado2025-greenBox.czi,Gen_alg,783.41,6936.0,9035.0,37,37,122.57,0.958,20260226_279_Gen_Alg_10_8_2_Colorado2025-greenBox_x006656_y008704
Unknown_Sample,20260226_279_Gen_Alg_10_8_2_Colorado2025-greenBox.czi,Gen_alg,766.09,7257.0,9086.0,35,37,120.67,0.956,20260226_279_Gen_Alg_10_8_2_Colorado2025-greenBox_x006656_y008704
Unknown_Sample,20260226_279_Gen_Alg_10_8_2_Colorado2025-greenBox.czi,Gen_alg,170.07,7291.0,9095.0,10,32,72.97,0.841,20260226_279_Gen_Alg_10_8_2_Colorado2025-greenBox_x006656_y008704
Unknown_Sample,20260226_279_Gen_Alg_10_8_2_Colorado2025-greenBox.czi,Gen_alg,933.85,7536.0,8824.0,39,39,130.33,0.963,20260226_279_Gen_Alg_10_8_2_Colorado2025-greenBox_x007168_y008704
Unknown_Sample,20260226_279_Gen_Alg_10_8_2_Colorado2025-greenBox.czi,Gen_alg,692.21,7512.0,9080.0,32,35,113.01,0.96,20260226_279_Gen_Alg_10_8_2_Colorado2025-greenBox_x007168_y008704
Unknown_Sample,20260226_279_Gen_Alg_10_8_2_Colorado2025-greenBox.czi,Gen_alg,736.46,7302.0,9094.0,34,36,116.08,0.96,20260226_279_Gen_Alg_10_8_2_Colorado2025-greenBox_x007168_y008704
Unknown_Sample,20260226_279_Gen_Alg_10_8_2_Colorado2025-greenBox.czi,Gen_alg,530.99,7571.0,8975.0,29,30,97.6,0.958,20260226_279_Gen_Alg_10_8_2_Colorado2025-greenBox_x007168_y008704
Unknown_Sample,20260226_279_Gen_Alg_10_8_2_Colorado2025-greenBox.czi,Gen_alg,768.4,7257.0,9086.0,35,37,120.67,0.956,20260226_279_Gen_Alg_10_8_2_Colorado2025-greenBox_x007168_y008704
Unknown_Sample,20260226_279_Gen_Alg_10_8_2_Colorado2025-greenBox.czi,Gen_alg,684.13,7956.0,9024.0,32,36,112.08,0.966,20260226_279_Gen_Alg_10_8_2_Colorado2025-greenBox_x007680_y008704
Unknown_Sample,20260226_279_Gen_Alg_10_8_2_Colorado2025-greenBox.czi,Gen_alg,697.6,7887.0,8727.0,33,35,112.67,0.964,20260226_279_Gen_Alg_10_8_2_Colorado2025-greenBox_x007680_y008704
Unknown_Sample,20260226_279_Gen_Alg_10_8_2_Colorado2025-greenBox.czi,Gen_alg,800.34,7972.0,9289.0,34,39,122.08,0.963,20260226_279_Gen_Alg_10_8_2_Colorado2025-greenBox_x007680_y008704
Unknown_Sample,20260226_279_Gen_Alg_10_8_2_Colorado2025-greenBox.czi,Gen_alg,793.02,8127.0,8892.0,37,36,120.33,0.962,20260226_279_Gen_Alg_10_8_2_Colorado2025-greenBox_x007680_y008704
Unknown_Sample,20260226_279_Gen_Alg_10_8_2_Colorado2025-greenBox.czi,Gen_alg,695.68,8185.0,8763.0,34,34,113.25,0.961,20260226_279_Gen_Alg_10_8_2_Colorado2025-greenBox_x007680_y008704
Unknown_Sample,20260226_279_Gen_Alg_10_8_2_Colorado2025-greenBox.czi,Gen_alg,508.29,8299.0,8741.0,29,29,96.18,0.956,20260226_279_Gen_Alg_10_8_2_Colorado2025-greenBox_x007680_y008704
Unknown_Sample,20260226_279_Gen_Alg_10_8_2_Colorado2025-greenBox.czi,Gen_alg,204.7,7919.0,8709.0,29,13,71.8,0.937,20260226_279_Gen_Alg_10_8_2_Colorado2025-greenBox_x007680_y008704
Unknown_Sample,20260226_279_Gen_Alg_10_8_2_Colorado2025-greenBox.czi,Gen_alg,611.79,8467.0,8966.0,30,33,104.43,0.964,20260226_279_Gen_Alg_10_8_2_Colorado2025-greenBox_x008192_y008704
Unknown_Sample,20260226_279_Gen_Alg_10_8_2_Colorado2025-greenBox.czi,Gen_alg,770.32,8804.0,8908.0,36,35,118.08,0.963,20260226_279_Gen_Alg_10_8_2_Colorado2025-greenBox_x008192_y008704
Unknown_Sample,20260226_279_Gen_Alg_10_8_2_Colorado2025-greenBox.czi,Gen_alg,661.82,8587.0,9148.0,32,34,110.43,0.963,20260226_279_Gen_Alg_10_8_2_Colorado2025-greenBox_x008192_y008704
Unknown_Sample,20260226_279_Gen_Alg_10_8_2_Colorado2025-greenBox.czi,Gen_alg,681.44,8411.0,8907.0,34,34,112.67,0.961,20260226_279_Gen_Alg_10_8_2_Colorado2025-greenBox_x008192_y008704
Unknown_Sample,20260226_279_Gen_Alg_10_8_2_Colorado2025-greenBox.czi,Gen_alg,759.93,8793.0,9037.0,36,36,119.5,0.96,20260226_279_Gen_Alg_10_8_2_Colorado2025-greenBox_x008192_y008704
Unknown_Sample,20260226_279_Gen_Alg_10_8_2_Colorado2025-greenBox.czi,Gen_alg,465.96,8329.0,9033.0,27,28,92.53,0.959,20260226_279_Gen_Alg_10_8_2_Colorado2025-greenBox_x008192_y008704
Unknown_Sample,20260226_279_Gen_Alg_10_8_2_Colorado2025-greenBox.czi,Gen_alg,509.83,8299.0,8741.0,29,29,96.18,0.957,20260226_279_Gen_Alg_10_8_2_Colorado2025-greenBox_x008192_y008704
Unknown_Sample,20260226_279_Gen_Alg_10_8_2_Colorado2025-greenBox.czi,Gen_alg,173.53,8196.0,8764.0,11,31,72.38,0.939,20260226_279_Gen_Alg_10_8_2_Colorado2025-greenBox_x008192_y008704
Unknown_Sample,20260226_279_Gen_Alg_10_8_2_Colorado2025-greenBox.czi,Gen_alg,796.1,8926.0,8892.0,36,37,120.33,0.964,20260226_279_Gen_Alg_10_8_2_Colorado2025-greenBox_x008704_y008704
Unknown_Sample,20260226_279_Gen_Alg_10_8_2_Colorado2025-greenBox.czi,Gen_alg,735.31,9305.0,9058.0,35,35,115.5,0.963,20260226_279_Gen_Alg_10_8_2_Colorado2025-greenBox_x008704_y008704
Unknown_Sample,20260226_279_Gen_Alg_10_8_2_Colorado2025-greenBox.czi,Gen_alg,656.04,8939.0,9040.0,32,34,109.84,0.963,20260226_279_Gen_Alg_10_8_2_Colorado2025-greenBox_x008704_y008704
Unknown_Sample,20260226_279_Gen_Alg_10_8_2_Colorado2025-greenBox.czi,Gen_alg,770.32,8804.0,8908.0,36,35,118.08,0.963,20260226_279_Gen_Alg_10_8_2_Colorado2025-greenBox_x008704_y008704
Unknown_Sample,20260226_279_Gen_Alg_10_8_2_Colorado2025-greenBox.czi,Gen_alg,678.36,9278.0,8926.0,34,32,111.01,0.962,20260226_279_Gen_Alg_10_8_2_Colorado2025-greenBox_x008704_y008704
Unknown_Sample,20260226_279_Gen_Alg_10_8_2_Colorado2025-greenBox.czi,Gen_alg,930.39,8980.0,9018.0,39,39,129.74,0.962,20260226_279_Gen_Alg_10_8_2_Colorado2025-greenBox_x008704_y008704
Unknown_Sample,20260226_279_Gen_Alg_10_8_2_Colorado2025-greenBox.czi,Gen_alg,765.32,8988.0,8838.0,35,36,118.67,0.962,20260226_279_Gen_Alg_10_8_2_Colorado2025-greenBox_x008704_y008704
Unknown_Sample,20260226_279_Gen_Alg_10_8_2_Colorado2025-greenBox.czi,Gen_alg,759.93,8793.0,9037.0,36,36,119.5,0.96,20260226_279_Gen_Alg_10_8_2_Colorado2025-greenBox_x008704_y008704
Unknown_Sample,20260226_279_Gen_Alg_10_8_2_Colorado2025-greenBox.czi,Gen_alg,660.28,9326.0,9314.0,33,32,109.6,0.955,20260226_279_Gen_Alg_10_8_2_Colorado2025-greenBox_x008704_y008704
Unknown_Sample,20260226_279_Gen_Alg_10_8_2_Colorado2025-greenBox.czi,Gen_alg,211.24,9338.0,8887.0,11,36,81.21,0.866,20260226_279_Gen_Alg_10_8_2_Colorado2025-greenBox_x008704_y008704
Unknown_Sample,20260226_279_Gen_Alg_10_8_2_Colorado2025-greenBox.czi,Gen_alg,718.76,9638.0,8964.0,34,34,114.43,0.964,20260226_279_Gen_Alg_10_8_2_Colorado2025-greenBox_x009216_y008704
Unknown_Sample,20260226_279_Gen_Alg_10_8_2_Colorado2025-greenBox.czi,Gen_alg,807.26,9349.0,8886.0,36,38,122.91,0.964,20260226_279_Gen_Alg_10_8_2_Colorado2025-greenBox_x009216_y008704
Unknown_Sample,20260226_279_Gen_Alg_10_8_2_Colorado2025-greenBox.czi,Gen_alg,725.69,9532.0,8999.0,34,35,115.25,0.964,20260226_279_Gen_Alg_10_8_2_Colorado2025-greenBox_x009216_y008704
Unknown_Sample,20260226_279_Gen_Alg_10_8_2_Colorado2025-greenBox.czi,Gen_alg,735.31,9305.0,9058.0,35,35,115.5,0.963,20260226_279_Gen_Alg_10_8_2_Colorado2025-greenBox_x009216_y008704
Unknown_Sample,20260226_279_Gen_Alg_10_8_2_Colorado2025-greenBox.czi,Gen_alg,678.36,9278.0,8926.0,34,32,111.01,0.963,20260226_279_Gen_Alg_10_8_2_Colorado2025-greenBox_x009216_y008704
Unknown_Sample,20260226_279_Gen_Alg_10_8_2_Colorado2025-greenBox.czi,Gen_alg,786.48,9467.0,8990.0,37,35,120.08,0.962,20260226_279_Gen_Alg_10_8_2_Colorado2025-greenBox_x009216_y008704
Unknown_Sample,20260226_279_Gen_Alg_10_8_2_Colorado2025-greenBox.czi,Gen_alg,656.04,9326.0,9314.0,33,32,110.18,0.961,20260226_279_Gen_Alg_10_8_2_Colorado2025-greenBox_x009216_y008704
Unknown_Sample,20260226_279_Gen_Alg_10_8_2_Colorado2025-greenBox.czi,Gen_alg,419.02,9782.0,9152.0,26,26,88.87,0.961,20260226_279_Gen_Alg_10_8_2_Colorado2025-greenBox_x009216_y008704
Unknown_Sample,20260226_279_Gen_Alg_10_8_2_Colorado2025-greenBox.czi,Gen_alg,740.31,9633.0,8915.0,35,35,117.25,0.961,20260226_279_Gen_Alg_10_8_2_Colorado2025-greenBox_x009216_y008704
Unknown_Sample,20260226_279_Gen_Alg_10_8_2_Colorado2025-greenBox.czi,Gen_alg,559.85,9640.0,8715.0,34,26,106.04,0.959,20260226_279_Gen_Alg_10_8_2_Colorado2025-greenBox_x009216_y008704
Unknown_Sample,20260226_279_Gen_Alg_10_8_2_Colorado2025-greenBox.czi,Gen_alg,769.55,9614.0,9274.0,35,37,118.91,0.959,20260226_279_Gen_Alg_10_8_2_Colorado2025-greenBox_x009216_y008704
Unknown_Sample,20260226_279_Gen_Alg_10_8_2_Colorado2025-greenBox.czi,Gen_alg,285.5,9814.0,9336.0,31,15,80.97,0.894,20260226_279_Gen_Alg_10_8_2_Colorado2025-greenBox_x009216_y008704
Unknown_Sample,20260226_279_Gen_Alg_10_8_2_Colorado2025-greenBox.czi,Gen_alg,884.99,10021.0,9133.0,39,38,126.57,0.961,20260226_279_Gen_Alg_10_8_2_Colorado2025-greenBox_x009728_y008704
Unknown_Sample,20260226_279_Gen_Alg_10_8_2_Colorado2025-greenBox.czi,Gen_alg,789.18,10321.0,9012.0,35,36,118.67,0.961,20260226_279_Gen_Alg_10_8_2_Colorado2025-greenBox_x009728_y008704
Unknown_Sample,20260226_279_Gen_Alg_10_8_2_Colorado2025-greenBox.czi,Gen_alg,419.02,9782.0,9152.0,26,26,88.87,0.96,20260226_279_Gen_Alg_10_8_2_Colorado2025-greenBox_x009728_y008704
Unknown_Sample,20260226_279_Gen_Alg_10_8_2_Colorado2025-greenBox.czi,Gen_alg,667.97,10190.0,8751.0,33,33,109.25,0.96,20260226_279_Gen_Alg_10_8_2_Colorado2025-greenBox_x009728_y008704
Unknown_Sample,20260226_279_Gen_Alg_10_8_2_Colorado2025-greenBox.czi,Gen_alg,627.57,10277.0,8749.0,34,31,106.67,0.958,20260226_279_Gen_Alg_10_8_2_Colorado2025-greenBox_x009728_y008704
Unknown_Sample,20260226_279_Gen_Alg_10_8_2_Colorado2025-greenBox.czi,Gen_alg,492.13,10213.0,9169.0,29,28,94.18,0.957,20260226_279_Gen_Alg_10_8_2_Colorado2025-greenBox_x009728_y008704
Unknown_Sample,20260226_279_Gen_Alg_10_8_2_Colorado2025-greenBox.czi,Gen_alg,624.11,10212.0,9019.0,31,34,108.43,0.955,20260226_279_Gen_Alg_10_8_2_Colorado2025-greenBox_x009728_y008704
Unknown_Sample,20260226_279_Gen_Alg_10_8_2_Colorado2025-greenBox.czi,Gen_alg,325.91,10321.0,8974.0,23,26,79.36,0.923,20260226_279_Gen_Alg_10_8_2_Colorado2025-greenBox_x009728_y008704
Unknown_Sample,20260226_279_Gen_Alg_10_8_2_Colorado2025-greenBox.czi,Gen_alg,305.13,10343.0,8984.0,27,20,75.36,0.904,20260226_279_Gen_Alg_10_8_2_Colorado2025-greenBox_x009728_y008704
Unknown_Sample,20260226_279_Gen_Alg_10_8_2_Colorado2025-greenBox.czi,Gen_alg,285.5,9814.0,9336.0,31,15,80.97,0.894,20260226_279_Gen_Alg_10_8_2_Colorado2025-greenBox_x009728_y008704
Unknown_Sample,20260226_279_Gen_Alg_10_8_2_Colorado2025-greenBox.czi,Gen_alg,794.95,10321.0,9012.0,36,36,120.08,0.962,20260226_279_Gen_Alg_10_8_2_Colorado2025-greenBox_x010240_y008704
Unknown_Sample,20260226_279_Gen_Alg_10_8_2_Colorado2025-greenBox.czi,Gen_alg,516.37,10388.0,9263.0,30,29,96.43,0.96,20260226_279_Gen_Alg_10_8_2_Colorado2025-greenBox_x010240_y008704
Unknown_Sample,20260226_279_Gen_Alg_10_8_2_Colorado2025-greenBox.czi,Gen_alg,773.79,10387.0,8775.0,36,35,119.84,0.959,20260226_279_Gen_Alg_10_8_2_Colorado2025-greenBox_x010240_y008704
Unknown_Sample,20260226_279_Gen_Alg_10_8_2_Colorado2025-greenBox.czi,Gen_alg,628.34,10277.0,8749.0,34,31,106.67,0.958,20260226_279_Gen_Alg_10_8_2_Colorado2025-greenBox_x010240_y008704
Unknown_Sample,20260226_279_Gen_Alg_10_8_2_Colorado2025-greenBox.czi,Gen_alg,325.14,10321.0,8974.0,23,26,79.36,0.923,20260226_279_Gen_Alg_10_8_2_Colorado2025-greenBox_x010240_y008704
Unknown_Sample,20260226_279_Gen_Alg_10_8_2_Colorado2025-greenBox.czi,Gen_alg,304.36,10343.0,8984.0,27,20,75.36,0.908,20260226_279_Gen_Alg_10_8_2_Colorado2025-greenBox_x010240_y008704
Unknown_Sample,20260226_279_Gen_Alg_10_8_2_Colorado2025-greenBox.czi,Gen_alg,726.46,11014.0,9306.0,36,34,116.08,0.966,20260226_279_Gen_Alg_10_8_2_Colorado2025-greenBox_x010752_y008704
Unknown_Sample,20260226_279_Gen_Alg_10_8_2_Colorado2025-greenBox.czi,Gen_alg,812.65,11262.0,8880.0,37,36,120.91,0.964,20260226_279_Gen_Alg_10_8_2_Colorado2025-greenBox_x010752_y008704
Unknown_Sample,20260226_279_Gen_Alg_10_8_2_Colorado2025-greenBox.czi,Gen_alg,615.64,10896.0,8992.0,32,32,106.43,0.96,20260226_279_Gen_Alg_10_8_2_Colorado2025-greenBox_x010752_y008704
Unknown_Sample,20260226_279_Gen_Alg_10_8_2_Colorado2025-greenBox.czi,Gen_alg,784.17,11042.0,9017.0,36,36,118.91,0.96,20260226_279_Gen_Alg_10_8_2_Colorado2025-greenBox_x010752_y008704
Unknown_Sample,20260226_279_Gen_Alg_10_8_2_Colorado2025-greenBox.czi,Gen_alg,198.93,11183.0,8708.0,34,11,77.21,0.925,20260226_279_Gen_Alg_10_8_2_Colorado2025-greenBox_x010752_y008704
Unknown_Sample,20260226_279_Gen_Alg_10_8_2_Colorado2025-greenBox.czi,Gen_alg,826.5,11434.0,8736.0,38,36,122.91,0.958,20260226_279_Gen_Alg_10_8_2_Colorado2025-greenBox_x011264_y008704
Unknown_Sample,20260226_279_Gen_Alg_10_8_2_Colorado2025-greenBox.czi,Gen_alg,364.38,11271.0,8880.0,18,36,92.87,0.944,20260226_279_Gen_Alg_10_8_2_Colorado2025-greenBox_x011264_y008704
Unknown_Sample,20260226_279_Gen_Alg_10_8_2_Colorado2025-greenBox.czi,Gen_alg,691.83,12333.0,8930.0,35,34,111.74,0.967,20260226_279_Gen_Alg_10_8_2_Colorado2025-greenBox_x011776_y008704
Unknown_Sample,20260226_279_Gen_Alg_10_8_2_Colorado2025-greenBox.czi,Gen_alg,643.35,12059.0,9155.0,34,32,108.08,0.965,20260226_279_Gen_Alg_10_8_2_Colorado2025-greenBox_x011776_y008704
Unknown_Sample,20260226_279_Gen_Alg_10_8_2_Colorado2025-greenBox.czi,Gen_alg,707.6,11933.0,9216.0,35,33,115.01,0.962,20260226_279_Gen_Alg_10_8_2_Colorado2025-greenBox_x011776_y008704
Unknown_Sample,20260226_279_Gen_Alg_10_8_2_Colorado2025-greenBox.czi,Gen_alg,661.82,12237.0,8802.0,33,33,109.25,0.959,20260226_279_Gen_Alg_10_8_2_Colorado2025-greenBox_x011776_y008704
Unknown_Sample,20260226_279_Gen_Alg_10_8_2_Colorado2025-greenBox.czi,Gen_alg,665.28,12197.0,8869.0,33,33,108.67,0.959,20260226_279_Gen_Alg_10_8_2_Colorado2025-greenBox_x011776_y008704
Unknown_Sample,20260226_279_Gen_Alg_10_8_2_Colorado2025-greenBox.czi,Gen_alg,691.83,12333.0,8930.0,35,34,111.74,0.966,20260226_279_Gen_Alg_10_8_2_Colorado2025-greenBox_x012288_y008704
Unknown_Sample,20260226_279_Gen_Alg_10_8_2_Colorado2025-greenBox.czi,Gen_alg,744.93,12767.0,9210.0,36,34,117.25,0.965,20260226_279_Gen_Alg_10_8_2_Colorado2025-greenBox_x012288_y008704
Unknown_Sample,20260226_279_Gen_Alg_10_8_2_Colorado2025-greenBox.czi,Gen_alg,564.47,12593.0,9251.0,30,31,101.01,0.962,20260226_279_Gen_Alg_10_8_2_Colorado2025-greenBox_x012288_y008704
Unknown_Sample,20260226_279_Gen_Alg_10_8_2_Colorado2025-greenBox.czi,Gen_alg,670.28,12600.0,9295.0,34,32,111.6,0.958,20260226_279_Gen_Alg_10_8_2_Colorado2025-greenBox_x012288_y008704
Unknown_Sample,20260226_279_Gen_Alg_10_8_2_Colorado2025-greenBox.czi,Gen_alg,618.72,12801.0,9182.0,32,32,105.25,0.957,20260226_279_Gen_Alg_10_8_2_Colorado2025-greenBox_x012288_y008704
Unknown_Sample,20260226_279_Gen_Alg_10_8_2_Colorado2025-greenBox.czi,Gen_alg,729.92,13011.0,9095.0,35,36,115.15,0.96,20260226_279_Gen_Alg_10_8_2_Colorado2025-greenBox_x012800_y008704
Unknown_Sample,20260226_279_Gen_Alg_10_8_2_Colorado2025-greenBox.czi,Gen_alg,341.68,12807.0,9182.0,18,32,86.63,0.949,20260226_279_Gen_Alg_10_8_2_Colorado2025-greenBox_x012800_y008704
Unknown_Sample,20260226_279_Gen_Alg_10_8_2_Colorado2025-greenBox.czi,Gen_alg,780.71,13515.0,8983.0,35,37,119.5,0.961,20260226_279_Gen_Alg_10_8_2_Colorado2025-greenBox_x013312_y008704
Unknown_Sample,20260226_279_Gen_Alg_10_8_2_Colorado2025-greenBox.czi,Gen_alg,637.58,13522.0,9047.0,32,32,107.01,0.96,20260226_279_Gen_Alg_10_8_2_Colorado2025-greenBox_x013312_y008704
Unknown_Sample,20260226_279_Gen_Alg_10_8_2_Colorado2025-greenBox.czi,Gen_alg,588.32,13781.0,9125.0,32,31,103.84,0.959,20260226_279_Gen_Alg_10_8_2_Colorado2025-greenBox_x013312_y008704
Unknown_Sample,20260226_279_Gen_Alg_10_8_2_Colorado2025-greenBox.czi,Gen_alg,416.71,13660.0,8839.0,26,26,87.7,0.957,20260226_279_Gen_Alg_10_8_2_Colorado2025-greenBox_x013312_y008704
Unknown_Sample,20260226_279_Gen_Alg_10_8_2_Colorado2025-greenBox.czi,Gen_alg,372.08,13609.0,8757.0,21,31,86.53,0.945,20260226_279_Gen_Alg_10_8_2_Colorado2025-greenBox_x013312_y008704
Unknown_Sample,20260226_279_Gen_Alg_10_8_2_Colorado2025-greenBox.czi,Gen_alg,629.11,14136.0,8716.0,35,28,110.87,0.967,20260226_279_Gen_Alg_10_8_2_Colorado2025-greenBox_x013824_y008704
Unknown_Sample,20260226_279_Gen_Alg_10_8_2_Colorado2025-greenBox.czi,Gen_alg,829.96,14394.0,8852.0,38,36,123.5,0.959,20260226_279_Gen_Alg_10_8_2_Colorado2025-greenBox_x013824_y008704
Unknown_Sample,20260226_279_Gen_Alg_10_8_2_Colorado2025-greenBox.czi,Gen_alg,552.92,14085.0,9020.0,31,30,102.18,0.954,20260226_279_Gen_Alg_10_8_2_Colorado2025-greenBox_x013824_y008704
Unknown_Sample,20260226_279_Gen_Alg_10_8_2_Colorado2025-greenBox.czi,Gen_alg,295.51,14456.0,8971.0,16,32,82.63,0.906,20260226_279_Gen_Alg_10_8_2_Colorado2025-greenBox_x013824_y008704
Unknown_Sample,20260226_279_Gen_Alg_10_8_2_Colorado2025-greenBox.czi,Gen_alg,171.23,14458.0,9256.0,10,31,71.56,0.856,20260226_279_Gen_Alg_10_8_2_Colorado2025-greenBox_x013824_y008704
Unknown_Sample,20260226_279_Gen_Alg_10_8_2_Colorado2025-greenBox.czi,Gen_alg,629.49,14463.0,8971.0,32,33,107.25,0.96,20260226_279_Gen_Alg_10_8_2_Colorado2025-greenBox_x014336_y008704
Unknown_Sample,20260226_279_Gen_Alg_10_8_2_Colorado2025-greenBox.czi,Gen_alg,830.73,14394.0,8852.0,38,36,123.5,0.96,20260226_279_Gen_Alg_10_8_2_Colorado2025-greenBox_x014336_y008704
Unknown_Sample,20260226_279_Gen_Alg_10_8_2_Colorado2025-greenBox.czi,Gen_alg,756.47,14662.0,8801.0,34,36,117.25,0.959,20260226_279_Gen_Alg_10_8_2_Colorado2025-greenBox_x014336_y008704
Unknown_Sample,20260226_279_Gen_Alg_10_8_2_Colorado2025-greenBox.czi,Gen_alg,819.57,14472.0,9256.0,39,35,124.08,0.959,20260226_279_Gen_Alg_10_8_2_Colorado2025-greenBox_x014336_y008704
Unknown_Sample,20260226_279_Gen_Alg_10_8_2_Colorado2025-greenBox.czi,Gen_alg,583.32,14927.0,8746.0,29,33,103.6,0.959,20260226_279_Gen_Alg_10_8_2_Colorado2025-greenBox_x014336_y008704
Unknown_Sample,20260226_279_Gen_Alg_10_8_2_Colorado2025-greenBox.czi,Gen_alg,936.16,14872.0,9031.0,40,41,131.64,0.957,20260226_279_Gen_Alg_10_8_2_Colorado2025-greenBox_x014336_y008704
Unknown_Sample,20260226_279_Gen_Alg_10_8_2_Colorado2025-greenBox.czi,Gen_alg,853.82,14888.0,8826.0,37,38,124.33,0.957,20260226_279_Gen_Alg_10_8_2_Colorado2025-greenBox_x014336_y008704
Unknown_Sample,20260226_279_Gen_Alg_10_8_2_Colorado2025-greenBox.czi,Gen_alg,710.68,14869.0,9154.0,36,34,114.33,0.955,20260226_279_Gen_Alg_10_8_2_Colorado2025-greenBox_x014336_y008704
Unknown_Sample,20260226_279_Gen_Alg_10_8_2_Colorado2025-greenBox.czi,Gen_alg,502.13,14758.0,8714.0,34,24,102.04,0.955,20260226_279_Gen_Alg_10_8_2_Colorado2025-greenBox_x014336_y008704
Unknown_Sample,20260226_279_Gen_Alg_10_8_2_Colorado2025-greenBox.czi,Gen_alg,831.5,14930.0,9139.0,39,36,123.15,0.953,20260226_279_Gen_Alg_10_8_2_Colorado2025-greenBox_x014336_y008704
Unknown_Sample,20260226_279_Gen_Alg_10_8_2_Colorado2025-greenBox.czi,Gen_alg,676.05,14686.0,8767.0,33,34,111.84,0.952,20260226_279_Gen_Alg_10_8_2_Colorado2025-greenBox_x014336_y008704
Unknown_Sample,20260226_279_Gen_Alg_10_8_2_Colorado2025-greenBox.czi,Gen_alg,662.59,14952.0,8992.0,33,32,110.77,0.952,20260226_279_Gen_Alg_10_8_2_Colorado2025-greenBox_x014336_y008704
Unknown_Sample,20260226_279_Gen_Alg_10_8_2_Colorado2025-greenBox.czi,Gen_alg,713.76,15104.0,8924.0,36,33,113.5,0.961,20260226_279_Gen_Alg_10_8_2_Colorado2025-greenBox_x014848_y008704
Unknown_Sample,20260226_279_Gen_Alg_10_8_2_Colorado2025-greenBox.czi,Gen_alg,721.46,15029.0,8878.0,34,35,115.84,0.961,20260226_279_Gen_Alg_10_8_2_Colorado2025-greenBox_x014848_y008704
Unknown_Sample,20260226_279_Gen_Alg_10_8_2_Colorado2025-greenBox.czi,Gen_alg,947.71,15459.0,8832.0,40,39,131.15,0.96,20260226_279_Gen_Alg_10_8_2_Colorado2025-greenBox_x014848_y008704
Unknown_Sample,20260226_279_Gen_Alg_10_8_2_Colorado2025-greenBox.czi,Gen_alg,583.32,14927.0,8746.0,29,33,103.6,0.959,20260226_279_Gen_Alg_10_8_2_Colorado2025-greenBox_x014848_y008704
Unknown_Sample,20260226_279_Gen_Alg_10_8_2_Colorado2025-greenBox.czi,Gen_alg,674.9,15113.0,9298.0,34,34,109.74,0.959,20260226_279_Gen_Alg_10_8_2_Colorado2025-greenBox_x014848_y008704
Unknown_Sample,20260226_279_Gen_Alg_10_8_2_Colorado2025-greenBox.czi,Gen_alg,547.54,15220.0,9322.0,29,30,100.53,0.958,20260226_279_Gen_Alg_10_8_2_Colorado2025-greenBox_x014848_y008704
Unknown_Sample,20260226_279_Gen_Alg_10_8_2_Colorado2025-greenBox.czi,Gen_alg,853.82,14888.0,8826.0,37,38,124.33,0.957,20260226_279_Gen_Alg_10_8_2_Colorado2025-greenBox_x014848_y008704
Unknown_Sample,20260226_279_Gen_Alg_10_8_2_Colorado2025-greenBox.czi,Gen_alg,936.55,14872.0,9031.0,40,41,132.23,0.956,20260226_279_Gen_Alg_10_8_2_Colorado2025-greenBox_x014848_y008704
Unknown_Sample,20260226_279_Gen_Alg_10_8_2_Colorado2025-greenBox.czi,Gen_alg,711.45,14869.0,9154.0,36,34,114.33,0.955,20260226_279_Gen_Alg_10_8_2_Colorado2025-greenBox_x014848_y008704
Unknown_Sample,20260226_279_Gen_Alg_10_8_2_Colorado2025-greenBox.czi,Gen_alg,724.92,15186.0,8765.0,37,33,116.08,0.955,20260226_279_Gen_Alg_10_8_2_Colorado2025-greenBox_x014848_y008704
Unknown_Sample,20260226_279_Gen_Alg_10_8_2_Colorado2025-greenBox.czi,Gen_alg,765.71,15044.0,9115.0,37,34,118.08,0.954,20260226_279_Gen_Alg_10_8_2_Colorado2025-greenBox_x014848_y008704
Unknown_Sample,20260226_279_Gen_Alg_10_8_2_Colorado2025-greenBox.czi,Gen_alg,661.05,14952.0,8992.0,33,32,110.77,0.953,20260226_279_Gen_Alg_10_8_2_Colorado2025-greenBox_x014848_y008704
Unknown_Sample,20260226_279_Gen_Alg_10_8_2_Colorado2025-greenBox.czi,Gen_alg,789.56,15373.0,8961.0,38,35,122.08,0.953,20260226_279_Gen_Alg_10_8_2_Colorado2025-greenBox_x014848_y008704
Unknown_Sample,20260226_279_Gen_Alg_10_8_2_Colorado2025-greenBox.czi,Gen_alg,830.73,14930.0,9140.0,39,36,123.15,0.953,20260226_279_Gen_Alg_10_8_2_Colorado2025-greenBox_x014848_y008704
Unknown_Sample,20260226_279_Gen_Alg_10_8_2_Colorado2025-greenBox.czi,Gen_alg,736.85,15374.0,8961.0,33,35,118.53,0.962,20260226_279_Gen_Alg_10_8_2_Colorado2025-greenBox_x015360_y008704
Unknown_Sample,20260226_279_Gen_Alg_10_8_2_Colorado2025-greenBox.czi,Gen_alg,968.48,15459.0,8832.0,41,39,131.98,0.958,20260226_279_Gen_Alg_10_8_2_Colorado2025-greenBox_x015360_y008704
Unknown_Sample,20260226_279_Gen_Alg_10_8_2_Colorado2025-greenBox.czi,Gen_alg,830.73,15596.0,8917.0,37,37,124.67,0.954,20260226_279_Gen_Alg_10_8_2_Colorado2025-greenBox_x015360_y008704
Unknown_Sample,20260226_279_Gen_Alg_10_8_2_Colorado2025-greenBox.czi,Gen_alg,697.22,15684.0,8913.0,32,35,113.6,0.95,20260226_279_Gen_Alg_10_8_2_Colorado2025-greenBox_x015360_y008704
Unknown_Sample,20260226_279_Gen_Alg_10_8_2_Colorado2025-greenBox.czi,Gen_alg,869.98,15517.0,9327.0,39,34,128.53,0.948,20260226_279_Gen_Alg_10_8_2_Colorado2025-greenBox_x015360_y008704
Unknown_Sample,20260226_279_Gen_Alg_10_8_2_Colorado2025-greenBox.czi,Gen_alg,801.11,15743.0,8936.0,37,36,122.08,0.939,20260226_279_Gen_Alg_10_8_2_Colorado2025-greenBox_x015360_y008704
Unknown_Sample,20260226_279_Gen_Alg_10_8_2_Colorado2025-greenBox.czi,Gen_alg,633.73,16069.0,8777.0,31,33,107.01,0.95,20260226_279_Gen_Alg_10_8_2_Colorado2025-greenBox_x015872_y008704
Unknown_Sample,20260226_279_Gen_Alg_10_8_2_Colorado2025-greenBox.czi,Gen_alg,557.93,16110.0,8751.0,31,29,100.77,0.947,20260226_279_Gen_Alg_10_8_2_Colorado2025-greenBox_x015872_y008704
Unknown_Sample,20260226_279_Gen_Alg_10_8_2_Colorado2025-greenBox.czi,Gen_alg,714.53,16358.0,9326.0,34,34,115.01,0.911,20260226_279_Gen_Alg_10_8_2_Colorado2025-greenBox_x015872_y008704
Unknown_Sample,20260226_279_Gen_Alg_10_8_2_Colorado2025-greenBox.czi,Gen_alg,692.98,744.0,9575.0,32,36,112.67,0.961,20260226_279_Gen_Alg_10_8_2_Colorado2025-greenBox_x000512_y009216
Unknown_Sample,20260226_279_Gen_Alg_10_8_2_Colorado2025-greenBox.czi,Gen_alg,606.79,1411.0,9669.0,32,32,105.84,0.962,20260226_279_Gen_Alg_10_8_2_Colorado2025-greenBox_x001024_y009216
Unknown_Sample,20260226_279_Gen_Alg_10_8_2_Colorado2025-greenBox.czi,Gen_alg,654.51,1339.0,9676.0,34,33,109.5,0.96,20260226_279_Gen_Alg_10_8_2_Colorado2025-greenBox_x001024_y009216
Unknown_Sample,20260226_279_Gen_Alg_10_8_2_Colorado2025-greenBox.czi,Gen_alg,709.91,1489.0,9661.0,35,33,113.84,0.96,20260226_279_Gen_Alg_10_8_2_Colorado2025-greenBox_x001024_y009216
Unknown_Sample,20260226_279_Gen_Alg_10_8_2_Colorado2025-greenBox.czi,Gen_alg,652.58,1226.0,9401.0,34,32,109.25,0.957,20260226_279_Gen_Alg_10_8_2_Colorado2025-greenBox_x001024_y009216
Unknown_Sample,20260226_279_Gen_Alg_10_8_2_Colorado2025-greenBox.czi,Gen_alg,419.79,1624.0,9326.0,31,22,89.7,0.95,20260226_279_Gen_Alg_10_8_2_Colorado2025-greenBox_x001024_y009216
Unknown_Sample,20260226_279_Gen_Alg_10_8_2_Colorado2025-greenBox.czi,Gen_alg,429.41,1624.0,9326.0,32,22,91.11,0.949,20260226_279_Gen_Alg_10_8_2_Colorado2025-greenBox_x001536_y009216
Unknown_Sample,20260226_279_Gen_Alg_10_8_2_Colorado2025-greenBox.czi,Gen_alg,593.33,2622.0,9227.0,36,25,108.63,0.963,20260226_279_Gen_Alg_10_8_2_Colorado2025-greenBox_x002048_y009216
Unknown_Sample,20260226_279_Gen_Alg_10_8_2_Colorado2025-greenBox.czi,Gen_alg,854.2,2504.0,9341.0,38,37,124.91,0.962,20260226_279_Gen_Alg_10_8_2_Colorado2025-greenBox_x002048_y009216
Unknown_Sample,20260226_279_Gen_Alg_10_8_2_Colorado2025-greenBox.czi,Gen_alg,606.79,2380.0,9227.0,37,26,110.87,0.953,20260226_279_Gen_Alg_10_8_2_Colorado2025-greenBox_x002048_y009216
Unknown_Sample,20260226_279_Gen_Alg_10_8_2_Colorado2025-greenBox.czi,Gen_alg,362.84,2448.0,9521.0,20,31,86.87,0.938,20260226_279_Gen_Alg_10_8_2_Colorado2025-greenBox_x002048_y009216
Unknown_Sample,20260226_279_Gen_Alg_10_8_2_Colorado2025-greenBox.czi,Gen_alg,593.33,2622.0,9227.0,36,25,108.63,0.963,20260226_279_Gen_Alg_10_8_2_Colorado2025-greenBox_x002560_y009216
Unknown_Sample,20260226_279_Gen_Alg_10_8_2_Colorado2025-greenBox.czi,Gen_alg,797.64,2808.0,9550.0,33,40,120.33,0.961,20260226_279_Gen_Alg_10_8_2_Colorado2025-greenBox_x002560_y009216
Unknown_Sample,20260226_279_Gen_Alg_10_8_2_Colorado2025-greenBox.czi,Gen_alg,1063.14,3588.0,9677.0,42,41,139.15,0.967,20260226_279_Gen_Alg_10_8_2_Colorado2025-greenBox_x003072_y009216
Unknown_Sample,20260226_279_Gen_Alg_10_8_2_Colorado2025-greenBox.czi,Gen_alg,889.6,3314.0,9303.0,39,38,126.57,0.963,20260226_279_Gen_Alg_10_8_2_Colorado2025-greenBox_x003072_y009216
Unknown_Sample,20260226_279_Gen_Alg_10_8_2_Colorado2025-greenBox.czi,Gen_alg,825.35,3597.0,9759.0,37,37,122.33,0.962,20260226_279_Gen_Alg_10_8_2_Colorado2025-greenBox_x003072_y009216
Unknown_Sample,20260226_279_Gen_Alg_10_8_2_Colorado2025-greenBox.czi,Gen_alg,814.96,3999.0,9388.0,38,35,122.08,0.964,20260226_279_Gen_Alg_10_8_2_Colorado2025-greenBox_x003584_y009216
Unknown_Sample,20260226_279_Gen_Alg_10_8_2_Colorado2025-greenBox.czi,Gen_alg,665.28,3595.0,9677.0,26,41,118.87,0.962,20260226_279_Gen_Alg_10_8_2_Colorado2025-greenBox_x003584_y009216
Unknown_Sample,20260226_279_Gen_Alg_10_8_2_Colorado2025-greenBox.czi,Gen_alg,798.41,4062.0,9454.0,36,36,120.67,0.962,20260226_279_Gen_Alg_10_8_2_Colorado2025-greenBox_x003584_y009216
Unknown_Sample,20260226_279_Gen_Alg_10_8_2_Colorado2025-greenBox.czi,Gen_alg,764.17,3598.0,9759.0,33,37,120.77,0.96,20260226_279_Gen_Alg_10_8_2_Colorado2025-greenBox_x003584_y009216
Unknown_Sample,20260226_279_Gen_Alg_10_8_2_Colorado2025-greenBox.czi,Gen_alg,605.25,4056.0,9734.0,32,31,103.84,0.957,20260226_279_Gen_Alg_10_8_2_Colorado2025-greenBox_x003584_y009216
Unknown_Sample,20260226_279_Gen_Alg_10_8_2_Colorado2025-greenBox.czi,Gen_alg,706.07,4204.0,9518.0,34,34,113.84,0.955,20260226_279_Gen_Alg_10_8_2_Colorado2025-greenBox_x003584_y009216
Unknown_Sample,20260226_279_Gen_Alg_10_8_2_Colorado2025-greenBox.czi,Gen_alg,1036.97,4511.0,9555.0,42,41,137.98,0.965,20260226_279_Gen_Alg_10_8_2_Colorado2025-greenBox_x004096_y009216
Unknown_Sample,20260226_279_Gen_Alg_10_8_2_Colorado2025-greenBox.czi,Gen_alg,716.84,4204.0,9518.0,35,34,114.67,0.962,20260226_279_Gen_Alg_10_8_2_Colorado2025-greenBox_x004096_y009216
Unknown_Sample,20260226_279_Gen_Alg_10_8_2_Colorado2025-greenBox.czi,Gen_alg,723.77,4672.0,9710.0,36,33,115.84,0.961,20260226_279_Gen_Alg_10_8_2_Colorado2025-greenBox_x004096_y009216
Unknown_Sample,20260226_279_Gen_Alg_10_8_2_Colorado2025-greenBox.czi,Gen_alg,817.65,4601.0,9557.0,37,37,122.33,0.959,20260226_279_Gen_Alg_10_8_2_Colorado2025-greenBox_x004096_y009216
Unknown_Sample,20260226_279_Gen_Alg_10_8_2_Colorado2025-greenBox.czi,Gen_alg,318.6,4275.0,9258.0,22,25,78.28,0.942,20260226_279_Gen_Alg_10_8_2_Colorado2025-greenBox_x004096_y009216
Unknown_Sample,20260226_279_Gen_Alg_10_8_2_Colorado2025-greenBox.czi,Gen_alg,322.83,4709.0,9848.0,33,16,86.38,0.899,20260226_279_Gen_Alg_10_8_2_Colorado2025-greenBox_x004096_y009216
Unknown_Sample,20260226_279_Gen_Alg_10_8_2_Colorado2025-greenBox.czi,Gen_alg,754.16,5063.0,9522.0,36,34,117.25,0.963,20260226_279_Gen_Alg_10_8_2_Colorado2025-greenBox_x004608_y009216
Unknown_Sample,20260226_279_Gen_Alg_10_8_2_Colorado2025-greenBox.czi,Gen_alg,723.77,4672.0,9710.0,36,33,115.84,0.961,20260226_279_Gen_Alg_10_8_2_Colorado2025-greenBox_x004608_y009216
Unknown_Sample,20260226_279_Gen_Alg_10_8_2_Colorado2025-greenBox.czi,Gen_alg,880.37,4985.0,9409.0,38,39,127.74,0.961,20260226_279_Gen_Alg_10_8_2_Colorado2025-greenBox_x004608_y009216
Unknown_Sample,20260226_279_Gen_Alg_10_8_2_Colorado2025-greenBox.czi,Gen_alg,323.6,5079.0,9260.0,23,25,78.53,0.949,20260226_279_Gen_Alg_10_8_2_Colorado2025-greenBox_x004608_y009216
Unknown_Sample,20260226_279_Gen_Alg_10_8_2_Colorado2025-greenBox.czi,Gen_alg,237.79,4613.0,9557.0,13,34,80.63,0.933,20260226_279_Gen_Alg_10_8_2_Colorado2025-greenBox_x004608_y009216
Unknown_Sample,20260226_279_Gen_Alg_10_8_2_Colorado2025-greenBox.czi,Gen_alg,437.11,5238.0,9447.0,21,36,99.46,0.923,20260226_279_Gen_Alg_10_8_2_Colorado2025-greenBox_x004608_y009216
Unknown_Sample,20260226_279_Gen_Alg_10_8_2_Colorado2025-greenBox.czi,Gen_alg,322.83,4709.0,9848.0,33,16,86.38,0.901,20260226_279_Gen_Alg_10_8_2_Colorado2025-greenBox_x004608_y009216
Unknown_Sample,20260226_279_Gen_Alg_10_8_2_Colorado2025-greenBox.czi,Gen_alg,748.78,5538.0,9328.0,35,35,116.08,0.964,20260226_279_Gen_Alg_10_8_2_Colorado2025-greenBox_x005120_y009216
Unknown_Sample,20260226_279_Gen_Alg_10_8_2_Colorado2025-greenBox.czi,Gen_alg,795.72,5245.0,9447.0,37,36,122.08,0.964,20260226_279_Gen_Alg_10_8_2_Colorado2025-greenBox_x005120_y009216
Unknown_Sample,20260226_279_Gen_Alg_10_8_2_Colorado2025-greenBox.czi,Gen_alg,661.82,5552.0,9273.0,33,33,110.43,0.961,20260226_279_Gen_Alg_10_8_2_Colorado2025-greenBox_x005120_y009216
Unknown_Sample,20260226_279_Gen_Alg_10_8_2_Colorado2025-greenBox.czi,Gen_alg,1074.3,5334.0,9516.0,43,42,141.4,0.96,20260226_279_Gen_Alg_10_8_2_Colorado2025-greenBox_x005120_y009216
Unknown_Sample,20260226_279_Gen_Alg_10_8_2_Colorado2025-greenBox.czi,Gen_alg,870.36,6157.0,9831.0,38,38,126.91,0.962,20260226_279_Gen_Alg_10_8_2_Colorado2025-greenBox_x005632_y009216
Unknown_Sample,20260226_279_Gen_Alg_10_8_2_Colorado2025-greenBox.czi,Gen_alg,562.16,6012.0,9258.0,31,31,101.84,0.959,20260226_279_Gen_Alg_10_8_2_Colorado2025-greenBox_x005632_y009216
Unknown_Sample,20260226_279_Gen_Alg_10_8_2_Colorado2025-greenBox.czi,Gen_alg,610.26,5924.0,9399.0,31,32,105.6,0.958,20260226_279_Gen_Alg_10_8_2_Colorado2025-greenBox_x005632_y009216
Unknown_Sample,20260226_279_Gen_Alg_10_8_2_Colorado2025-greenBox.czi,Gen_alg,612.56,6012.0,9822.0,32,32,106.43,0.955,20260226_279_Gen_Alg_10_8_2_Colorado2025-greenBox_x005632_y009216
Unknown_Sample,20260226_279_Gen_Alg_10_8_2_Colorado2025-greenBox.czi,Gen_alg,931.16,6223.0,9521.0,39,41,131.4,0.937,20260226_279_Gen_Alg_10_8_2_Colorado2025-greenBox_x005632_y009216
Unknown_Sample,20260226_279_Gen_Alg_10_8_2_Colorado2025-greenBox.czi,Gen_alg,527.14,6261.0,9512.0,24,39,107.94,0.881,20260226_279_Gen_Alg_10_8_2_Colorado2025-greenBox_x005632_y009216
Unknown_Sample,20260226_279_Gen_Alg_10_8_2_Colorado2025-greenBox.czi,Gen_alg,310.13,6240.0,9498.0,27,19,78.63,0.845,20260226_279_Gen_Alg_10_8_2_Colorado2025-greenBox_x005632_y009216
Unknown_Sample,20260226_279_Gen_Alg_10_8_2_Colorado2025-greenBox.czi,Gen_alg,795.72,6159.0,9831.0,33,38,122.77,0.963,20260226_279_Gen_Alg_10_8_2_Colorado2025-greenBox_x006144_y009216
Unknown_Sample,20260226_279_Gen_Alg_10_8_2_Colorado2025-greenBox.czi,Gen_alg,778.02,6614.0,9563.0,35,38,120.91,0.961,20260226_279_Gen_Alg_10_8_2_Colorado2025-greenBox_x006144_y009216
Unknown_Sample,20260226_279_Gen_Alg_10_8_2_Colorado2025-greenBox.czi,Gen_alg,655.27,6310.0,9751.0,33,32,110.18,0.959,20260226_279_Gen_Alg_10_8_2_Colorado2025-greenBox_x006144_y009216
Unknown_Sample,20260226_279_Gen_Alg_10_8_2_Colorado2025-greenBox.czi,Gen_alg,577.17,6771.0,9461.0,27,34,108.63,0.938,20260226_279_Gen_Alg_10_8_2_Colorado2025-greenBox_x006144_y009216
Unknown_Sample,20260226_279_Gen_Alg_10_8_2_Colorado2025-greenBox.czi,Gen_alg,931.16,6223.0,9521.0,39,41,131.4,0.937,20260226_279_Gen_Alg_10_8_2_Colorado2025-greenBox_x006144_y009216
Unknown_Sample,20260226_279_Gen_Alg_10_8_2_Colorado2025-greenBox.czi,Gen_alg,393.63,6774.0,9650.0,20,32,91.21,0.925,20260226_279_Gen_Alg_10_8_2_Colorado2025-greenBox_x006144_y009216
Unknown_Sample,20260226_279_Gen_Alg_10_8_2_Colorado2025-greenBox.czi,Gen_alg,752.24,6265.0,9513.0,35,39,121.15,0.904,20260226_279_Gen_Alg_10_8_2_Colorado2025-greenBox_x006144_y009216
Unknown_Sample,20260226_279_Gen_Alg_10_8_2_Colorado2025-greenBox.czi,Gen_alg,310.9,6240.0,9498.0,27,19,78.63,0.832,20260226_279_Gen_Alg_10_8_2_Colorado2025-greenBox_x006144_y009216
Unknown_Sample,20260226_279_Gen_Alg_10_8_2_Colorado2025-greenBox.czi,Gen_alg,594.48,6778.0,9650.0,30,32,104.18,0.964,20260226_279_Gen_Alg_10_8_2_Colorado2025-greenBox_x006656_y009216
Unknown_Sample,20260226_279_Gen_Alg_10_8_2_Colorado2025-greenBox.czi,Gen_alg,734.92,6774.0,9461.0,36,34,116.08,0.963,20260226_279_Gen_Alg_10_8_2_Colorado2025-greenBox_x006656_y009216
Unknown_Sample,20260226_279_Gen_Alg_10_8_2_Colorado2025-greenBox.czi,Gen_alg,816.11,7219.0,9446.0,37,37,122.33,0.961,20260226_279_Gen_Alg_10_8_2_Colorado2025-greenBox_x006656_y009216
Unknown_Sample,20260226_279_Gen_Alg_10_8_2_Colorado2025-greenBox.czi,Gen_alg,817.65,6874.0,9366.0,37,37,122.33,0.96,20260226_279_Gen_Alg_10_8_2_Colorado2025-greenBox_x006656_y009216
Unknown_Sample,20260226_279_Gen_Alg_10_8_2_Colorado2025-greenBox.czi,Gen_alg,689.9,6931.0,9357.0,36,32,113.84,0.959,20260226_279_Gen_Alg_10_8_2_Colorado2025-greenBox_x006656_y009216
Unknown_Sample,20260226_279_Gen_Alg_10_8_2_Colorado2025-greenBox.czi,Gen_alg,816.11,7179.0,9755.0,37,36,121.5,0.958,20260226_279_Gen_Alg_10_8_2_Colorado2025-greenBox_x006656_y009216
Unknown_Sample,20260226_279_Gen_Alg_10_8_2_Colorado2025-greenBox.czi,Gen_alg,862.28,7122.0,9408.0,38,39,127.15,0.947,20260226_279_Gen_Alg_10_8_2_Colorado2025-greenBox_x006656_y009216
Unknown_Sample,20260226_279_Gen_Alg_10_8_2_Colorado2025-greenBox.czi,Gen_alg,618.34,7130.0,9374.0,33,31,107.01,0.939,20260226_279_Gen_Alg_10_8_2_Colorado2025-greenBox_x006656_y009216
Unknown_Sample,20260226_279_Gen_Alg_10_8_2_Colorado2025-greenBox.czi,Gen_alg,303.59,7214.0,9807.0,25,25,80.18,0.928,20260226_279_Gen_Alg_10_8_2_Colorado2025-greenBox_x006656_y009216
Unknown_Sample,20260226_279_Gen_Alg_10_8_2_Colorado2025-greenBox.czi,Gen_alg,704.53,7181.0,9755.0,31,36,117.7,0.963,20260226_279_Gen_Alg_10_8_2_Colorado2025-greenBox_x007168_y009216
Unknown_Sample,20260226_279_Gen_Alg_10_8_2_Colorado2025-greenBox.czi,Gen_alg,797.64,7669.0,9599.0,36,36,119.5,0.963,20260226_279_Gen_Alg_10_8_2_Colorado2025-greenBox_x007168_y009216
Unknown_Sample,20260226_279_Gen_Alg_10_8_2_Colorado2025-greenBox.czi,Gen_alg,730.69,7681.0,9431.0,35,35,117.84,0.961,20260226_279_Gen_Alg_10_8_2_Colorado2025-greenBox_x007168_y009216
Unknown_Sample,20260226_279_Gen_Alg_10_8_2_Colorado2025-greenBox.czi,Gen_alg,829.19,7219.0,9446.0,38,37,123.15,0.96,20260226_279_Gen_Alg_10_8_2_Colorado2025-greenBox_x007168_y009216
Unknown_Sample,20260226_279_Gen_Alg_10_8_2_Colorado2025-greenBox.czi,Gen_alg,695.29,7543.0,9814.0,33,34,111.84,0.96,20260226_279_Gen_Alg_10_8_2_Colorado2025-greenBox_x007168_y009216
Unknown_Sample,20260226_279_Gen_Alg_10_8_2_Colorado2025-greenBox.czi,Gen_alg,312.82,7214.0,9806.0,25,26,81.01,0.927,20260226_279_Gen_Alg_10_8_2_Colorado2025-greenBox_x007168_y009216
Unknown_Sample,20260226_279_Gen_Alg_10_8_2_Colorado2025-greenBox.czi,Gen_alg,800.34,7972.0,9289.0,34,39,122.08,0.964,20260226_279_Gen_Alg_10_8_2_Colorado2025-greenBox_x007680_y009216
Unknown_Sample,20260226_279_Gen_Alg_10_8_2_Colorado2025-greenBox.czi,Gen_alg,717.99,8166.0,9658.0,32,37,112.91,0.962,20260226_279_Gen_Alg_10_8_2_Colorado2025-greenBox_x007680_y009216
Unknown_Sample,20260226_279_Gen_Alg_10_8_2_Colorado2025-greenBox.czi,Gen_alg,889.6,7987.0,9674.0,36,40,129.25,0.962,20260226_279_Gen_Alg_10_8_2_Colorado2025-greenBox_x007680_y009216
Unknown_Sample,20260226_279_Gen_Alg_10_8_2_Colorado2025-greenBox.czi,Gen_alg,923.46,7986.0,9753.0,38,40,129.74,0.96,20260226_279_Gen_Alg_10_8_2_Colorado2025-greenBox_x007680_y009216
Unknown_Sample,20260226_279_Gen_Alg_10_8_2_Colorado2025-greenBox.czi,Gen_alg,416.33,7688.0,9431.0,19,35,95.8,0.955,20260226_279_Gen_Alg_10_8_2_Colorado2025-greenBox_x007680_y009216
Unknown_Sample,20260226_279_Gen_Alg_10_8_2_Colorado2025-greenBox.czi,Gen_alg,737.23,8786.0,9422.0,36,34,114.91,0.962,20260226_279_Gen_Alg_10_8_2_Colorado2025-greenBox_x008192_y009216
Unknown_Sample,20260226_279_Gen_Alg_10_8_2_Colorado2025-greenBox.czi,Gen_alg,707.22,8495.0,9474.0,35,34,114.08,0.962,20260226_279_Gen_Alg_10_8_2_Colorado2025-greenBox_x008192_y009216
Unknown_Sample,20260226_279_Gen_Alg_10_8_2_Colorado2025-greenBox.czi,Gen_alg,774.56,8651.0,9784.0,34,38,118.33,0.96,20260226_279_Gen_Alg_10_8_2_Colorado2025-greenBox_x008192_y009216
Unknown_Sample,20260226_279_Gen_Alg_10_8_2_Colorado2025-greenBox.czi,Gen_alg,708.76,8362.0,9817.0,35,33,114.43,0.959,20260226_279_Gen_Alg_10_8_2_Colorado2025-greenBox_x008192_y009216
Unknown_Sample,20260226_279_Gen_Alg_10_8_2_Colorado2025-greenBox.czi,Gen_alg,831.89,8965.0,9515.0,36,37,122.08,0.964,20260226_279_Gen_Alg_10_8_2_Colorado2025-greenBox_x008704_y009216
Unknown_Sample,20260226_279_Gen_Alg_10_8_2_Colorado2025-greenBox.czi,Gen_alg,861.52,9170.0,9361.0,37,38,125.5,0.963,20260226_279_Gen_Alg_10_8_2_Colorado2025-greenBox_x008704_y009216
Unknown_Sample,20260226_279_Gen_Alg_10_8_2_Colorado2025-greenBox.czi,Gen_alg,736.46,8786.0,9422.0,36,34,114.91,0.962,20260226_279_Gen_Alg_10_8_2_Colorado2025-greenBox_x008704_y009216
Unknown_Sample,20260226_279_Gen_Alg_10_8_2_Colorado2025-greenBox.czi,Gen_alg,531.38,9106.0,9676.0,29,30,98.18,0.962,20260226_279_Gen_Alg_10_8_2_Colorado2025-greenBox_x008704_y009216
Unknown_Sample,20260226_279_Gen_Alg_10_8_2_Colorado2025-greenBox.czi,Gen_alg,685.67,8953.0,9770.0,34,34,110.91,0.96,20260226_279_Gen_Alg_10_8_2_Colorado2025-greenBox_x008704_y009216
Unknown_Sample,20260226_279_Gen_Alg_10_8_2_Colorado2025-greenBox.czi,Gen_alg,692.6,8918.0,9455.0,34,34,113.25,0.96,20260226_279_Gen_Alg_10_8_2_Colorado2025-greenBox_x008704_y009216
Unknown_Sample,20260226_279_Gen_Alg_10_8_2_Colorado2025-greenBox.czi,Gen_alg,623.34,9221.0,9557.0,32,32,108.77,0.958,20260226_279_Gen_Alg_10_8_2_Colorado2025-greenBox_x008704_y009216
Unknown_Sample,20260226_279_Gen_Alg_10_8_2_Colorado2025-greenBox.czi,Gen_alg,660.28,9326.0,9314.0,33,32,109.6,0.955,20260226_279_Gen_Alg_10_8_2_Colorado2025-greenBox_x008704_y009216
Unknown_Sample,20260226_279_Gen_Alg_10_8_2_Colorado2025-greenBox.czi,Gen_alg,320.9,8985.0,9565.0,19,28,79.46,0.95,20260226_279_Gen_Alg_10_8_2_Colorado2025-greenBox_x008704_y009216
Unknown_Sample,20260226_279_Gen_Alg_10_8_2_Colorado2025-greenBox.czi,Gen_alg,599.1,8857.0,9415.0,31,32,106.18,0.95,20260226_279_Gen_Alg_10_8_2_Colorado2025-greenBox_x008704_y009216
Unknown_Sample,20260226_279_Gen_Alg_10_8_2_Colorado2025-greenBox.czi,Gen_alg,613.33,8846.0,9456.0,37,30,108.91,0.931,20260226_279_Gen_Alg_10_8_2_Colorado2025-greenBox_x008704_y009216
Unknown_Sample,20260226_279_Gen_Alg_10_8_2_Colorado2025-greenBox.czi,Gen_alg,372.85,9208.0,9847.0,36,18,92.87,0.909,20260226_279_Gen_Alg_10_8_2_Colorado2025-greenBox_x008704_y009216
Unknown_Sample,20260226_279_Gen_Alg_10_8_2_Colorado2025-greenBox.czi,Gen_alg,400.17,8875.0,9442.0,30,24,88.77,0.876,20260226_279_Gen_Alg_10_8_2_Colorado2025-greenBox_x008704_y009216
Unknown_Sample,20260226_279_Gen_Alg_10_8_2_Colorado2025-greenBox.czi,Gen_alg,759.55,9434.0,9497.0,34,37,118.08,0.964,20260226_279_Gen_Alg_10_8_2_Colorado2025-greenBox_x009216_y009216
Unknown_Sample,20260226_279_Gen_Alg_10_8_2_Colorado2025-greenBox.czi,Gen_alg,690.29,9778.0,9364.0,34,34,112.08,0.962,20260226_279_Gen_Alg_10_8_2_Colorado2025-greenBox_x009216_y009216
Unknown_Sample,20260226_279_Gen_Alg_10_8_2_Colorado2025-greenBox.czi,Gen_alg,654.12,9326.0,9314.0,33,32,109.6,0.962,20260226_279_Gen_Alg_10_8_2_Colorado2025-greenBox_x009216_y009216
Unknown_Sample,20260226_279_Gen_Alg_10_8_2_Colorado2025-greenBox.czi,Gen_alg,696.45,9653.0,9592.0,35,33,112.08,0.962,20260226_279_Gen_Alg_10_8_2_Colorado2025-greenBox_x009216_y009216
Unknown_Sample,20260226_279_Gen_Alg_10_8_2_Colorado2025-greenBox.czi,Gen_alg,662.59,9447.0,9388.0,32,34,110.43,0.962,20260226_279_Gen_Alg_10_8_2_Colorado2025-greenBox_x009216_y009216
Unknown_Sample,20260226_279_Gen_Alg_10_8_2_Colorado2025-greenBox.czi,Gen_alg,621.8,9814.0,9344.0,31,32,106.77,0.961,20260226_279_Gen_Alg_10_8_2_Colorado2025-greenBox_x009216_y009216
Unknown_Sample,20260226_279_Gen_Alg_10_8_2_Colorado2025-greenBox.czi,Gen_alg,624.49,9740.0,9366.0,30,34,105.84,0.961,20260226_279_Gen_Alg_10_8_2_Colorado2025-greenBox_x009216_y009216
Unknown_Sample,20260226_279_Gen_Alg_10_8_2_Colorado2025-greenBox.czi,Gen_alg,768.78,9614.0,9274.0,35,37,118.91,0.959,20260226_279_Gen_Alg_10_8_2_Colorado2025-greenBox_x009216_y009216
Unknown_Sample,20260226_279_Gen_Alg_10_8_2_Colorado2025-greenBox.czi,Gen_alg,678.36,9470.0,9477.0,34,33,110.67,0.958,20260226_279_Gen_Alg_10_8_2_Colorado2025-greenBox_x009216_y009216
Unknown_Sample,20260226_279_Gen_Alg_10_8_2_Colorado2025-greenBox.czi,Gen_alg,454.04,9225.0,9557.0,22,32,96.97,0.958,20260226_279_Gen_Alg_10_8_2_Colorado2025-greenBox_x009216_y009216
Unknown_Sample,20260226_279_Gen_Alg_10_8_2_Colorado2025-greenBox.czi,Gen_alg,675.28,9802.0,9842.0,37,28,114.87,0.945,20260226_279_Gen_Alg_10_8_2_Colorado2025-greenBox_x009216_y009216
Unknown_Sample,20260226_279_Gen_Alg_10_8_2_Colorado2025-greenBox.czi,Gen_alg,88.5,9220.0,9848.0,11,16,45.31,0.896,20260226_279_Gen_Alg_10_8_2_Colorado2025-greenBox_x009216_y009216
Unknown_Sample,20260226_279_Gen_Alg_10_8_2_Colorado2025-greenBox.czi,Gen_alg,692.6,9778.0,9364.0,34,34,112.08,0.963,20260226_279_Gen_Alg_10_8_2_Colorado2025-greenBox_x009728_y009216
Unknown_Sample,20260226_279_Gen_Alg_10_8_2_Colorado2025-greenBox.czi,Gen_alg,772.63,9971.0,9463.0,37,34,118.08,0.962,20260226_279_Gen_Alg_10_8_2_Colorado2025-greenBox_x009728_y009216
Unknown_Sample,20260226_279_Gen_Alg_10_8_2_Colorado2025-greenBox.czi,Gen_alg,909.23,9970.0,9621.0,38,39,128.33,0.962,20260226_279_Gen_Alg_10_8_2_Colorado2025-greenBox_x009728_y009216
Unknown_Sample,20260226_279_Gen_Alg_10_8_2_Colorado2025-greenBox.czi,Gen_alg,654.89,9875.0,9746.0,33,33,108.08,0.962,20260226_279_Gen_Alg_10_8_2_Colorado2025-greenBox_x009728_y009216
Unknown_Sample,20260226_279_Gen_Alg_10_8_2_Colorado2025-greenBox.czi,Gen_alg,601.79,9741.0,9366.0,28,34,105.94,0.961,20260226_279_Gen_Alg_10_8_2_Colorado2025-greenBox_x009728_y009216
Unknown_Sample,20260226_279_Gen_Alg_10_8_2_Colorado2025-greenBox.czi,Gen_alg,621.8,9814.0,9344.0,31,32,106.77,0.961,20260226_279_Gen_Alg_10_8_2_Colorado2025-greenBox_x009728_y009216
Unknown_Sample,20260226_279_Gen_Alg_10_8_2_Colorado2025-greenBox.czi,Gen_alg,669.13,10208.0,9613.0,33,34,110.67,0.961,20260226_279_Gen_Alg_10_8_2_Colorado2025-greenBox_x009728_y009216
Unknown_Sample,20260226_279_Gen_Alg_10_8_2_Colorado2025-greenBox.czi,Gen_alg,880.75,10025.0,9738.0,40,37,125.98,0.959,20260226_279_Gen_Alg_10_8_2_Colorado2025-greenBox_x009728_y009216
Unknown_Sample,20260226_279_Gen_Alg_10_8_2_Colorado2025-greenBox.czi,Gen_alg,673.74,9802.0,9842.0,37,28,114.87,0.943,20260226_279_Gen_Alg_10_8_2_Colorado2025-greenBox_x009728_y009216
Unknown_Sample,20260226_279_Gen_Alg_10_8_2_Colorado2025-greenBox.czi,Gen_alg,813.42,10394.0,9624.0,37,37,121.74,0.965,20260226_279_Gen_Alg_10_8_2_Colorado2025-greenBox_x010240_y009216
Unknown_Sample,20260226_279_Gen_Alg_10_8_2_Colorado2025-greenBox.czi,Gen_alg,850.74,10709.0,9823.0,37,38,124.33,0.963,20260226_279_Gen_Alg_10_8_2_Colorado2025-greenBox_x010240_y009216
Unknown_Sample,20260226_279_Gen_Alg_10_8_2_Colorado2025-greenBox.czi,Gen_alg,516.37,10388.0,9263.0,30,29,96.43,0.96,20260226_279_Gen_Alg_10_8_2_Colorado2025-greenBox_x010240_y009216
Unknown_Sample,20260226_279_Gen_Alg_10_8_2_Colorado2025-greenBox.czi,Gen_alg,727.61,11014.0,9306.0,36,34,115.5,0.967,20260226_279_Gen_Alg_10_8_2_Colorado2025-greenBox_x010752_y009216
Unknown_Sample,20260226_279_Gen_Alg_10_8_2_Colorado2025-greenBox.czi,Gen_alg,588.71,10946.0,9615.0,33,30,104.43,0.961,20260226_279_Gen_Alg_10_8_2_Colorado2025-greenBox_x010752_y009216
Unknown_Sample,20260226_279_Gen_Alg_10_8_2_Colorado2025-greenBox.czi,Gen_alg,375.54,11234.0,9690.0,21,30,86.28,0.949,20260226_279_Gen_Alg_10_8_2_Colorado2025-greenBox_x010752_y009216
Unknown_Sample,20260226_279_Gen_Alg_10_8_2_Colorado2025-greenBox.czi,Gen_alg,283.2,10929.0,9427.0,20,24,74.63,0.948,20260226_279_Gen_Alg_10_8_2_Colorado2025-greenBox_x010752_y009216
Unknown_Sample,20260226_279_Gen_Alg_10_8_2_Colorado2025-greenBox.czi,Gen_alg,291.28,11043.0,9815.0,21,24,74.87,0.918,20260226_279_Gen_Alg_10_8_2_Colorado2025-greenBox_x010752_y009216
Unknown_Sample,20260226_279_Gen_Alg_10_8_2_Colorado2025-greenBox.czi,Gen_alg,564.08,11066.0,9803.0,31,30,101.6,0.914,20260226_279_Gen_Alg_10_8_2_Colorado2025-greenBox_x010752_y009216
Unknown_Sample,20260226_279_Gen_Alg_10_8_2_Colorado2025-greenBox.czi,Gen_alg,314.75,11092.0,9804.0,21,25,78.63,0.91,20260226_279_Gen_Alg_10_8_2_Colorado2025-greenBox_x010752_y009216
Unknown_Sample,20260226_279_Gen_Alg_10_8_2_Colorado2025-greenBox.czi,Gen_alg,686.44,11809.0,9668.0,34,33,113.6,0.964,20260226_279_Gen_Alg_10_8_2_Colorado2025-greenBox_x011264_y009216
Unknown_Sample,20260226_279_Gen_Alg_10_8_2_Colorado2025-greenBox.czi,Gen_alg,796.49,11782.0,9809.0,37,36,119.74,0.964,20260226_279_Gen_Alg_10_8_2_Colorado2025-greenBox_x011264_y009216
Unknown_Sample,20260226_279_Gen_Alg_10_8_2_Colorado2025-greenBox.czi,Gen_alg,526.76,11493.0,9473.0,30,29,98.18,0.959,20260226_279_Gen_Alg_10_8_2_Colorado2025-greenBox_x011264_y009216
Unknown_Sample,20260226_279_Gen_Alg_10_8_2_Colorado2025-greenBox.czi,Gen_alg,572.16,11565.0,9753.0,30,32,103.01,0.957,20260226_279_Gen_Alg_10_8_2_Colorado2025-greenBox_x011264_y009216
Unknown_Sample,20260226_279_Gen_Alg_10_8_2_Colorado2025-greenBox.czi,Gen_alg,521.37,11473.0,9828.0,30,29,98.18,0.956,20260226_279_Gen_Alg_10_8_2_Colorado2025-greenBox_x011264_y009216
Unknown_Sample,20260226_279_Gen_Alg_10_8_2_Colorado2025-greenBox.czi,Gen_alg,637.96,11585.0,9712.0,33,31,107.6,0.955,20260226_279_Gen_Alg_10_8_2_Colorado2025-greenBox_x011264_y009216
Unknown_Sample,20260226_279_Gen_Alg_10_8_2_Colorado2025-greenBox.czi,Gen_alg,465.96,11686.0,9520.0,28,28,94.18,0.929,20260226_279_Gen_Alg_10_8_2_Colorado2025-greenBox_x011264_y009216
Unknown_Sample,20260226_279_Gen_Alg_10_8_2_Colorado2025-greenBox.czi,Gen_alg,554.08,11711.0,9539.0,34,33,122.12,0.903,20260226_279_Gen_Alg_10_8_2_Colorado2025-greenBox_x011264_y009216
Unknown_Sample,20260226_279_Gen_Alg_10_8_2_Colorado2025-greenBox.czi,Gen_alg,220.09,11502.0,9850.0,32,12,76.97,0.868,20260226_279_Gen_Alg_10_8_2_Colorado2025-greenBox_x011264_y009216
Unknown_Sample,20260226_279_Gen_Alg_10_8_2_Colorado2025-greenBox.czi,Gen_alg,753.39,12304.0,9471.0,36,35,116.91,0.965,20260226_279_Gen_Alg_10_8_2_Colorado2025-greenBox_x011776_y009216
Unknown_Sample,20260226_279_Gen_Alg_10_8_2_Colorado2025-greenBox.czi,Gen_alg,687.21,11809.0,9668.0,34,33,113.6,0.964,20260226_279_Gen_Alg_10_8_2_Colorado2025-greenBox_x011776_y009216
Unknown_Sample,20260226_279_Gen_Alg_10_8_2_Colorado2025-greenBox.czi,Gen_alg,691.06,12366.0,9622.0,34,33,111.25,0.963,20260226_279_Gen_Alg_10_8_2_Colorado2025-greenBox_x011776_y009216
Unknown_Sample,20260226_279_Gen_Alg_10_8_2_Colorado2025-greenBox.czi,Gen_alg,713.76,11991.0,9575.0,36,32,113.84,0.962,20260226_279_Gen_Alg_10_8_2_Colorado2025-greenBox_x011776_y009216
Unknown_Sample,20260226_279_Gen_Alg_10_8_2_Colorado2025-greenBox.czi,Gen_alg,606.79,12101.0,9532.0,32,31,105.01,0.962,20260226_279_Gen_Alg_10_8_2_Colorado2025-greenBox_x011776_y009216
Unknown_Sample,20260226_279_Gen_Alg_10_8_2_Colorado2025-greenBox.czi,Gen_alg,575.63,11786.0,9809.0,26,36,108.28,0.962,20260226_279_Gen_Alg_10_8_2_Colorado2025-greenBox_x011776_y009216
Unknown_Sample,20260226_279_Gen_Alg_10_8_2_Colorado2025-greenBox.czi,Gen_alg,675.28,12253.0,9480.0,33,34,110.67,0.961,20260226_279_Gen_Alg_10_8_2_Colorado2025-greenBox_x011776_y009216
Unknown_Sample,20260226_279_Gen_Alg_10_8_2_Colorado2025-greenBox.czi,Gen_alg,746.85,12205.0,9725.0,34,36,116.67,0.957,20260226_279_Gen_Alg_10_8_2_Colorado2025-greenBox_x011776_y009216
Unknown_Sample,20260226_279_Gen_Alg_10_8_2_Colorado2025-greenBox.czi,Gen_alg,383.24,11933.0,9223.0,35,18,92.63,0.952,20260226_279_Gen_Alg_10_8_2_Colorado2025-greenBox_x011776_y009216
Unknown_Sample,20260226_279_Gen_Alg_10_8_2_Colorado2025-greenBox.czi,Gen_alg,691.83,12366.0,9622.0,34,33,111.25,0.964,20260226_279_Gen_Alg_10_8_2_Colorado2025-greenBox_x012288_y009216
Unknown_Sample,20260226_279_Gen_Alg_10_8_2_Colorado2025-greenBox.czi,Gen_alg,748.39,12603.0,9387.0,35,35,116.67,0.963,20260226_279_Gen_Alg_10_8_2_Colorado2025-greenBox_x012288_y009216
Unknown_Sample,20260226_279_Gen_Alg_10_8_2_Colorado2025-greenBox.czi,Gen_alg,563.7,12593.0,9251.0,30,31,101.01,0.962,20260226_279_Gen_Alg_10_8_2_Colorado2025-greenBox_x012288_y009216
Unknown_Sample,20260226_279_Gen_Alg_10_8_2_Colorado2025-greenBox.czi,Gen_alg,744.54,12304.0,9471.0,35,35,117.84,0.962,20260226_279_Gen_Alg_10_8_2_Colorado2025-greenBox_x012288_y009216
Unknown_Sample,20260226_279_Gen_Alg_10_8_2_Colorado2025-greenBox.czi,Gen_alg,747.24,12722.0,9730.0,35,36,116.91,0.96,20260226_279_Gen_Alg_10_8_2_Colorado2025-greenBox_x012288_y009216
Unknown_Sample,20260226_279_Gen_Alg_10_8_2_Colorado2025-greenBox.czi,Gen_alg,659.51,12600.0,9296.0,34,32,110.43,0.958,20260226_279_Gen_Alg_10_8_2_Colorado2025-greenBox_x012288_y009216
Unknown_Sample,20260226_279_Gen_Alg_10_8_2_Colorado2025-greenBox.czi,Gen_alg,554.85,12872.0,9787.0,30,30,99.6,0.954,20260226_279_Gen_Alg_10_8_2_Colorado2025-greenBox_x012288_y009216
Unknown_Sample,20260226_279_Gen_Alg_10_8_2_Colorado2025-greenBox.czi,Gen_alg,479.05,12574.0,9756.0,25,32,95.36,0.952,20260226_279_Gen_Alg_10_8_2_Colorado2025-greenBox_x012288_y009216
Unknown_Sample,20260226_279_Gen_Alg_10_8_2_Colorado2025-greenBox.czi,Gen_alg,574.09,12755.0,9449.0,30,31,101.6,0.944,20260226_279_Gen_Alg_10_8_2_Colorado2025-greenBox_x012288_y009216
Unknown_Sample,20260226_279_Gen_Alg_10_8_2_Colorado2025-greenBox.czi,Gen_alg,226.63,12766.0,9220.0,33,12,78.38,0.933,20260226_279_Gen_Alg_10_8_2_Colorado2025-greenBox_x012288_y009216
Unknown_Sample,20260226_279_Gen_Alg_10_8_2_Colorado2025-greenBox.czi,Gen_alg,474.43,12779.0,9466.0,25,33,96.18,0.915,20260226_279_Gen_Alg_10_8_2_Colorado2025-greenBox_x012288_y009216
Unknown_Sample,20260226_279_Gen_Alg_10_8_2_Colorado2025-greenBox.czi,Gen_alg,637.96,13178.0,9706.0,32,33,107.25,0.96,20260226_279_Gen_Alg_10_8_2_Colorado2025-greenBox_x012800_y009216
Unknown_Sample,20260226_279_Gen_Alg_10_8_2_Colorado2025-greenBox.czi,Gen_alg,547.15,13002.0,9374.0,30,30,100.77,0.959,20260226_279_Gen_Alg_10_8_2_Colorado2025-greenBox_x012800_y009216
Unknown_Sample,20260226_279_Gen_Alg_10_8_2_Colorado2025-greenBox.czi,Gen_alg,554.85,12872.0,9787.0,30,30,99.6,0.954,20260226_279_Gen_Alg_10_8_2_Colorado2025-greenBox_x012800_y009216
Unknown_Sample,20260226_279_Gen_Alg_10_8_2_Colorado2025-greenBox.czi,Gen_alg,775.33,13487.0,9826.0,36,36,118.33,0.963,20260226_279_Gen_Alg_10_8_2_Colorado2025-greenBox_x013312_y009216
Unknown_Sample,20260226_279_Gen_Alg_10_8_2_Colorado2025-greenBox.czi,Gen_alg,743.39,13640.0,9667.0,35,35,117.25,0.961,20260226_279_Gen_Alg_10_8_2_Colorado2025-greenBox_x013312_y009216
Unknown_Sample,20260226_279_Gen_Alg_10_8_2_Colorado2025-greenBox.czi,Gen_alg,630.65,13712.0,9663.0,32,32,107.01,0.958,20260226_279_Gen_Alg_10_8_2_Colorado2025-greenBox_x013312_y009216
Unknown_Sample,20260226_279_Gen_Alg_10_8_2_Colorado2025-greenBox.czi,Gen_alg,597.56,13576.0,9632.0,31,31,104.18,0.957,20260226_279_Gen_Alg_10_8_2_Colorado2025-greenBox_x013312_y009216
Unknown_Sample,20260226_279_Gen_Alg_10_8_2_Colorado2025-greenBox.czi,Gen_alg,652.58,13785.0,9840.0,34,31,110.77,0.954,20260226_279_Gen_Alg_10_8_2_Colorado2025-greenBox_x013312_y009216
Unknown_Sample,20260226_279_Gen_Alg_10_8_2_Colorado2025-greenBox.czi,Gen_alg,461.73,13754.0,9403.0,31,27,94.43,0.951,20260226_279_Gen_Alg_10_8_2_Colorado2025-greenBox_x013312_y009216
Unknown_Sample,20260226_279_Gen_Alg_10_8_2_Colorado2025-greenBox.czi,Gen_alg,509.06,14114.0,9800.0,29,28,96.53,0.956,20260226_279_Gen_Alg_10_8_2_Colorado2025-greenBox_x013824_y009216
Unknown_Sample,20260226_279_Gen_Alg_10_8_2_Colorado2025-greenBox.czi,Gen_alg,640.27,14326.0,9834.0,33,32,107.25,0.954,20260226_279_Gen_Alg_10_8_2_Colorado2025-greenBox_x013824_y009216
Unknown_Sample,20260226_279_Gen_Alg_10_8_2_Colorado2025-greenBox.czi,Gen_alg,172.76,14458.0,9256.0,10,31,71.56,0.854,20260226_279_Gen_Alg_10_8_2_Colorado2025-greenBox_x013824_y009216
Unknown_Sample,20260226_279_Gen_Alg_10_8_2_Colorado2025-greenBox.czi,Gen_alg,822.27,14472.0,9256.0,39,35,124.67,0.958,20260226_279_Gen_Alg_10_8_2_Colorado2025-greenBox_x014336_y009216
Unknown_Sample,20260226_279_Gen_Alg_10_8_2_Colorado2025-greenBox.czi,Gen_alg,817.65,15177.0,9817.0,40,35,121.98,0.963,20260226_279_Gen_Alg_10_8_2_Colorado2025-greenBox_x014848_y009216
Unknown_Sample,20260226_279_Gen_Alg_10_8_2_Colorado2025-greenBox.czi,Gen_alg,735.31,15227.0,9620.0,35,36,115.15,0.96,20260226_279_Gen_Alg_10_8_2_Colorado2025-greenBox_x014848_y009216
Unknown_Sample,20260226_279_Gen_Alg_10_8_2_Colorado2025-greenBox.czi,Gen_alg,547.54,15220.0,9322.0,29,30,100.53,0.959,20260226_279_Gen_Alg_10_8_2_Colorado2025-greenBox_x014848_y009216
Unknown_Sample,20260226_279_Gen_Alg_10_8_2_Colorado2025-greenBox.czi,Gen_alg,674.9,15113.0,9298.0,34,34,109.74,0.959,20260226_279_Gen_Alg_10_8_2_Colorado2025-greenBox_x014848_y009216
Unknown_Sample,20260226_279_Gen_Alg_10_8_2_Colorado2025-greenBox.czi,Gen_alg,643.73,15063.0,9758.0,32,34,108.67,0.959,20260226_279_Gen_Alg_10_8_2_Colorado2025-greenBox_x014848_y009216
Unknown_Sample,20260226_279_Gen_Alg_10_8_2_Colorado2025-greenBox.czi,Gen_alg,682.21,15210.0,9434.0,33,35,110.33,0.959,20260226_279_Gen_Alg_10_8_2_Colorado2025-greenBox_x014848_y009216
Unknown_Sample,20260226_279_Gen_Alg_10_8_2_Colorado2025-greenBox.czi,Gen_alg,706.07,15359.0,9474.0,34,35,113.5,0.957,20260226_279_Gen_Alg_10_8_2_Colorado2025-greenBox_x014848_y009216
Unknown_Sample,20260226_279_Gen_Alg_10_8_2_Colorado2025-greenBox.czi,Gen_alg,714.15,15082.0,9525.0,36,33,116.43,0.956,20260226_279_Gen_Alg_10_8_2_Colorado2025-greenBox_x014848_y009216
Unknown_Sample,20260226_279_Gen_Alg_10_8_2_Colorado2025-greenBox.czi,Gen_alg,385.55,15125.0,9626.0,27,24,87.46,0.951,20260226_279_Gen_Alg_10_8_2_Colorado2025-greenBox_x014848_y009216
Unknown_Sample,20260226_279_Gen_Alg_10_8_2_Colorado2025-greenBox.czi,Gen_alg,420.18,15476.0,9690.0,23,29,90.63,0.934,20260226_279_Gen_Alg_10_8_2_Colorado2025-greenBox_x014848_y009216
Unknown_Sample,20260226_279_Gen_Alg_10_8_2_Colorado2025-greenBox.czi,Gen_alg,1009.65,15517.0,9330.0,39,43,135.4,0.961,20260226_279_Gen_Alg_10_8_2_Colorado2025-greenBox_x015360_y009216
Unknown_Sample,20260226_279_Gen_Alg_10_8_2_Colorado2025-greenBox.czi,Gen_alg,839.58,15588.0,9408.0,39,36,123.74,0.956,20260226_279_Gen_Alg_10_8_2_Colorado2025-greenBox_x015360_y009216
Unknown_Sample,20260226_279_Gen_Alg_10_8_2_Colorado2025-greenBox.czi,Gen_alg,494.44,15478.0,9691.0,28,29,95.36,0.953,20260226_279_Gen_Alg_10_8_2_Colorado2025-greenBox_x015360_y009216
Unknown_Sample,20260226_279_Gen_Alg_10_8_2_Colorado2025-greenBox.czi,Gen_alg,342.84,15367.0,9475.0,17,34,88.04,0.944,20260226_279_Gen_Alg_10_8_2_Colorado2025-greenBox_x015360_y009216
Unknown_Sample,20260226_279_Gen_Alg_10_8_2_Colorado2025-greenBox.czi,Gen_alg,711.45,15780.0,9670.0,35,33,113.84,0.937,20260226_279_Gen_Alg_10_8_2_Colorado2025-greenBox_x015360_y009216
Unknown_Sample,20260226_279_Gen_Alg_10_8_2_Colorado2025-greenBox.czi,Gen_alg,898.45,16294.0,9754.0,37,39,127.5,0.949,20260226_279_Gen_Alg_10_8_2_Colorado2025-greenBox_x015872_y009216
Unknown_Sample,20260226_279_Gen_Alg_10_8_2_Colorado2025-greenBox.czi,Gen_alg,856.13,16271.0,9671.0,36,40,123.98,0.946,20260226_279_Gen_Alg_10_8_2_Colorado2025-greenBox_x015872_y009216
Unknown_Sample,20260226_279_Gen_Alg_10_8_2_Colorado2025-greenBox.czi,Gen_alg,684.13,16358.0,9326.0,33,33,111.6,0.916,20260226_279_Gen_Alg_10_8_2_Colorado2025-greenBox_x015872_y009216
Unknown_Sample,20260226_279_Gen_Alg_10_8_2_Colorado2025-greenBox.czi,Gen_alg,611.41,16614.0,9755.0,32,31,105.01,0.949,20260226_279_Gen_Alg_10_8_2_Colorado2025-greenBox_x016384_y009216
Unknown_Sample,20260226_279_Gen_Alg_10_8_2_Colorado2025-greenBox.czi,Gen_alg,896.14,16587.0,9553.0,40,38,127.98,0.937,20260226_279_Gen_Alg_10_8_2_Colorado2025-greenBox_x016384_y009216
Unknown_Sample,20260226_279_Gen_Alg_10_8_2_Colorado2025-greenBox.czi,Gen_alg,834.58,16525.0,9756.0,38,36,124.67,0.936,20260226_279_Gen_Alg_10_8_2_Colorado2025-greenBox_x016384_y009216
Unknown_Sample,20260226_279_Gen_Alg_10_8_2_Colorado2025-greenBox.czi,Gen_alg,542.54,451.0,9875.0,29,29,99.11,0.945,20260226_279_Gen_Alg_10_8_2_Colorado2025-greenBox_x000000_y009728
Unknown_Sample,20260226_279_Gen_Alg_10_8_2_Colorado2025-greenBox.czi,Gen_alg,936.16,1062.0,10162.0,41,37,130.33,0.954,20260226_279_Gen_Alg_10_8_2_Colorado2025-greenBox_x000512_y009728
Unknown_Sample,20260226_279_Gen_Alg_10_8_2_Colorado2025-greenBox.czi,Gen_alg,846.12,1131.0,10241.0,38,36,123.5,0.954,20260226_279_Gen_Alg_10_8_2_Colorado2025-greenBox_x000512_y009728
Unknown_Sample,20260226_279_Gen_Alg_10_8_2_Colorado2025-greenBox.czi,Gen_alg,845.74,1131.0,10241.0,38,36,124.08,0.961,20260226_279_Gen_Alg_10_8_2_Colorado2025-greenBox_x001024_y009728
Unknown_Sample,20260226_279_Gen_Alg_10_8_2_Colorado2025-greenBox.czi,Gen_alg,884.22,1393.0,10061.0,39,38,126.57,0.96,20260226_279_Gen_Alg_10_8_2_Colorado2025-greenBox_x001024_y009728
Unknown_Sample,20260226_279_Gen_Alg_10_8_2_Colorado2025-greenBox.czi,Gen_alg,543.3,1294.0,9965.0,30,30,99.6,0.957,20260226_279_Gen_Alg_10_8_2_Colorado2025-greenBox_x001024_y009728
Unknown_Sample,20260226_279_Gen_Alg_10_8_2_Colorado2025-greenBox.czi,Gen_alg,933.85,1062.0,10162.0,41,37,130.33,0.954,20260226_279_Gen_Alg_10_8_2_Colorado2025-greenBox_x001024_y009728
Unknown_Sample,20260226_279_Gen_Alg_10_8_2_Colorado2025-greenBox.czi,Gen_alg,852.28,2140.0,10210.0,37,37,123.5,0.96,20260226_279_Gen_Alg_10_8_2_Colorado2025-greenBox_x001536_y009728
Unknown_Sample,20260226_279_Gen_Alg_10_8_2_Colorado2025-greenBox.czi,Gen_alg,931.54,1725.0,10116.0,41,39,130.81,0.957,20260226_279_Gen_Alg_10_8_2_Colorado2025-greenBox_x001536_y009728
Unknown_Sample,20260226_279_Gen_Alg_10_8_2_Colorado2025-greenBox.czi,Gen_alg,423.25,1754.0,10167.0,33,22,91.94,0.952,20260226_279_Gen_Alg_10_8_2_Colorado2025-greenBox_x001536_y009728
Unknown_Sample,20260226_279_Gen_Alg_10_8_2_Colorado2025-greenBox.czi,Gen_alg,853.05,2140.0,10210.0,37,37,124.67,0.96,20260226_279_Gen_Alg_10_8_2_Colorado2025-greenBox_x002048_y009728
Unknown_Sample,20260226_279_Gen_Alg_10_8_2_Colorado2025-greenBox.czi,Gen_alg,652.2,2790.0,9872.0,33,33,109.84,0.964,20260226_279_Gen_Alg_10_8_2_Colorado2025-greenBox_x002560_y009728
Unknown_Sample,20260226_279_Gen_Alg_10_8_2_Colorado2025-greenBox.czi,Gen_alg,716.45,3061.0,10287.0,34,35,115.25,0.957,20260226_279_Gen_Alg_10_8_2_Colorado2025-greenBox_x002560_y009728
Unknown_Sample,20260226_279_Gen_Alg_10_8_2_Colorado2025-greenBox.czi,Gen_alg,964.64,3518.0,10333.0,42,38,133.15,0.964,20260226_279_Gen_Alg_10_8_2_Colorado2025-greenBox_x003072_y009728
Unknown_Sample,20260226_279_Gen_Alg_10_8_2_Colorado2025-greenBox.czi,Gen_alg,825.35,3597.0,9759.0,37,37,122.33,0.962,20260226_279_Gen_Alg_10_8_2_Colorado2025-greenBox_x003072_y009728
Unknown_Sample,20260226_279_Gen_Alg_10_8_2_Colorado2025-greenBox.czi,Gen_alg,794.18,3321.0,10193.0,36,37,120.91,0.959,20260226_279_Gen_Alg_10_8_2_Colorado2025-greenBox_x003072_y009728
Unknown_Sample,20260226_279_Gen_Alg_10_8_2_Colorado2025-greenBox.czi,Gen_alg,456.35,3624.0,10039.0,23,34,94.77,0.952,20260226_279_Gen_Alg_10_8_2_Colorado2025-greenBox_x003072_y009728
Unknown_Sample,20260226_279_Gen_Alg_10_8_2_Colorado2025-greenBox.czi,Gen_alg,634.11,3283.0,10354.0,35,28,111.46,0.946,20260226_279_Gen_Alg_10_8_2_Colorado2025-greenBox_x003072_y009728
Unknown_Sample,20260226_279_Gen_Alg_10_8_2_Colorado2025-greenBox.czi,Gen_alg,444.8,3632.0,9904.0,21,35,95.11,0.944,20260226_279_Gen_Alg_10_8_2_Colorado2025-greenBox_x003072_y009728
Unknown_Sample,20260226_279_Gen_Alg_10_8_2_Colorado2025-greenBox.czi,Gen_alg,764.94,3598.0,9759.0,33,37,120.77,0.96,20260226_279_Gen_Alg_10_8_2_Colorado2025-greenBox_x003584_y009728
Unknown_Sample,20260226_279_Gen_Alg_10_8_2_Colorado2025-greenBox.czi,Gen_alg,635.27,3848.0,10275.0,35,30,107.84,0.959,20260226_279_Gen_Alg_10_8_2_Colorado2025-greenBox_x003584_y009728
Unknown_Sample,20260226_279_Gen_Alg_10_8_2_Colorado2025-greenBox.czi,Gen_alg,685.29,3865.0,10223.0,33,34,113.01,0.959,20260226_279_Gen_Alg_10_8_2_Colorado2025-greenBox_x003584_y009728
Unknown_Sample,20260226_279_Gen_Alg_10_8_2_Colorado2025-greenBox.czi,Gen_alg,448.65,4056.0,9737.0,32,22,95.8,0.954,20260226_279_Gen_Alg_10_8_2_Colorado2025-greenBox_x003584_y009728
Unknown_Sample,20260226_279_Gen_Alg_10_8_2_Colorado2025-greenBox.czi,Gen_alg,457.11,3624.0,10039.0,23,34,94.77,0.951,20260226_279_Gen_Alg_10_8_2_Colorado2025-greenBox_x003584_y009728
Unknown_Sample,20260226_279_Gen_Alg_10_8_2_Colorado2025-greenBox.czi,Gen_alg,444.8,3632.0,9904.0,21,35,95.11,0.944,20260226_279_Gen_Alg_10_8_2_Colorado2025-greenBox_x003584_y009728
Unknown_Sample,20260226_279_Gen_Alg_10_8_2_Colorado2025-greenBox.czi,Gen_alg,491.74,4213.0,9997.0,22,36,101.46,0.928,20260226_279_Gen_Alg_10_8_2_Colorado2025-greenBox_x003584_y009728
Unknown_Sample,20260226_279_Gen_Alg_10_8_2_Colorado2025-greenBox.czi,Gen_alg,813.42,4219.0,9997.0,37,36,122.08,0.959,20260226_279_Gen_Alg_10_8_2_Colorado2025-greenBox_x004096_y009728
Unknown_Sample,20260226_279_Gen_Alg_10_8_2_Colorado2025-greenBox.czi,Gen_alg,601.79,4519.0,10240.0,34,30,105.25,0.957,20260226_279_Gen_Alg_10_8_2_Colorado2025-greenBox_x004096_y009728
Unknown_Sample,20260226_279_Gen_Alg_10_8_2_Colorado2025-greenBox.czi,Gen_alg,627.19,4710.0,9854.0,33,31,107.6,0.957,20260226_279_Gen_Alg_10_8_2_Colorado2025-greenBox_x004096_y009728
Unknown_Sample,20260226_279_Gen_Alg_10_8_2_Colorado2025-greenBox.czi,Gen_alg,836.89,5081.0,10117.0,37,37,124.67,0.963,20260226_279_Gen_Alg_10_8_2_Colorado2025-greenBox_x004608_y009728
Unknown_Sample,20260226_279_Gen_Alg_10_8_2_Colorado2025-greenBox.czi,Gen_alg,796.87,4976.0,10313.0,38,34,120.67,0.962,20260226_279_Gen_Alg_10_8_2_Colorado2025-greenBox_x004608_y009728
Unknown_Sample,20260226_279_Gen_Alg_10_8_2_Colorado2025-greenBox.czi,Gen_alg,815.34,4868.0,10073.0,37,37,123.5,0.962,20260226_279_Gen_Alg_10_8_2_Colorado2025-greenBox_x004608_y009728
Unknown_Sample,20260226_279_Gen_Alg_10_8_2_Colorado2025-greenBox.czi,Gen_alg,627.19,4710.0,9854.0,33,31,107.6,0.958,20260226_279_Gen_Alg_10_8_2_Colorado2025-greenBox_x004608_y009728
Unknown_Sample,20260226_279_Gen_Alg_10_8_2_Colorado2025-greenBox.czi,Gen_alg,710.3,5041.0,10351.0,35,32,115.94,0.956,20260226_279_Gen_Alg_10_8_2_Colorado2025-greenBox_x004608_y009728
Unknown_Sample,20260226_279_Gen_Alg_10_8_2_Colorado2025-greenBox.czi,Gen_alg,720.69,5111.0,10352.0,35,33,118.53,0.951,20260226_279_Gen_Alg_10_8_2_Colorado2025-greenBox_x004608_y009728
Unknown_Sample,20260226_279_Gen_Alg_10_8_2_Colorado2025-greenBox.czi,Gen_alg,559.08,5457.0,10148.0,30,30,101.36,0.962,20260226_279_Gen_Alg_10_8_2_Colorado2025-greenBox_x005120_y009728
Unknown_Sample,20260226_279_Gen_Alg_10_8_2_Colorado2025-greenBox.czi,Gen_alg,966.56,5313.0,10239.0,41,40,134.57,0.962,20260226_279_Gen_Alg_10_8_2_Colorado2025-greenBox_x005120_y009728
Unknown_Sample,20260226_279_Gen_Alg_10_8_2_Colorado2025-greenBox.czi,Gen_alg,727.23,5682.0,10174.0,36,33,115.25,0.96,20260226_279_Gen_Alg_10_8_2_Colorado2025-greenBox_x005120_y009728
Unknown_Sample,20260226_279_Gen_Alg_10_8_2_Colorado2025-greenBox.czi,Gen_alg,813.03,5427.0,10250.0,37,37,122.33,0.959,20260226_279_Gen_Alg_10_8_2_Colorado2025-greenBox_x005120_y009728
Unknown_Sample,20260226_279_Gen_Alg_10_8_2_Colorado2025-greenBox.czi,Gen_alg,662.2,5561.0,9886.0,33,33,109.84,0.959,20260226_279_Gen_Alg_10_8_2_Colorado2025-greenBox_x005120_y009728
Unknown_Sample,20260226_279_Gen_Alg_10_8_2_Colorado2025-greenBox.czi,Gen_alg,350.92,5636.0,9980.0,29,20,82.28,0.947,20260226_279_Gen_Alg_10_8_2_Colorado2025-greenBox_x005120_y009728
Unknown_Sample,20260226_279_Gen_Alg_10_8_2_Colorado2025-greenBox.czi,Gen_alg,197.01,5754.0,10111.0,11,34,76.63,0.848,20260226_279_Gen_Alg_10_8_2_Colorado2025-greenBox_x005120_y009728
Unknown_Sample,20260226_279_Gen_Alg_10_8_2_Colorado2025-greenBox.czi,Gen_alg,832.27,6135.0,9881.0,37,37,123.5,0.965,20260226_279_Gen_Alg_10_8_2_Colorado2025-greenBox_x005632_y009728
Unknown_Sample,20260226_279_Gen_Alg_10_8_2_Colorado2025-greenBox.czi,Gen_alg,869.21,6157.0,9831.0,38,38,126.33,0.963,20260226_279_Gen_Alg_10_8_2_Colorado2025-greenBox_x005632_y009728
Unknown_Sample,20260226_279_Gen_Alg_10_8_2_Colorado2025-greenBox.czi,Gen_alg,792.64,6042.0,10056.0,35,37,118.91,0.963,20260226_279_Gen_Alg_10_8_2_Colorado2025-greenBox_x005632_y009728
Unknown_Sample,20260226_279_Gen_Alg_10_8_2_Colorado2025-greenBox.czi,Gen_alg,939.62,5768.0,10110.0,39,40,130.57,0.962,20260226_279_Gen_Alg_10_8_2_Colorado2025-greenBox_x005632_y009728
Unknown_Sample,20260226_279_Gen_Alg_10_8_2_Colorado2025-greenBox.czi,Gen_alg,1131.24,6015.0,9928.0,44,43,144.23,0.962,20260226_279_Gen_Alg_10_8_2_Colorado2025-greenBox_x005632_y009728
Unknown_Sample,20260226_279_Gen_Alg_10_8_2_Colorado2025-greenBox.czi,Gen_alg,802.64,6168.0,10063.0,37,36,120.91,0.961,20260226_279_Gen_Alg_10_8_2_Colorado2025-greenBox_x005632_y009728
Unknown_Sample,20260226_279_Gen_Alg_10_8_2_Colorado2025-greenBox.czi,Gen_alg,987.72,6018.0,10337.0,40,42,135.98,0.96,20260226_279_Gen_Alg_10_8_2_Colorado2025-greenBox_x005632_y009728
Unknown_Sample,20260226_279_Gen_Alg_10_8_2_Colorado2025-greenBox.czi,Gen_alg,727.23,5682.0,10174.0,36,33,115.25,0.96,20260226_279_Gen_Alg_10_8_2_Colorado2025-greenBox_x005632_y009728
Unknown_Sample,20260226_279_Gen_Alg_10_8_2_Colorado2025-greenBox.czi,Gen_alg,612.56,6012.0,9822.0,32,32,106.43,0.955,20260226_279_Gen_Alg_10_8_2_Colorado2025-greenBox_x005632_y009728
Unknown_Sample,20260226_279_Gen_Alg_10_8_2_Colorado2025-greenBox.czi,Gen_alg,248.95,5640.0,9980.0,20,21,70.38,0.953,20260226_279_Gen_Alg_10_8_2_Colorado2025-greenBox_x005632_y009728
Unknown_Sample,20260226_279_Gen_Alg_10_8_2_Colorado2025-greenBox.czi,Gen_alg,796.87,6159.0,9831.0,33,38,122.18,0.966,20260226_279_Gen_Alg_10_8_2_Colorado2025-greenBox_x006144_y009728
Unknown_Sample,20260226_279_Gen_Alg_10_8_2_Colorado2025-greenBox.czi,Gen_alg,760.32,6359.0,9928.0,36,35,118.08,0.963,20260226_279_Gen_Alg_10_8_2_Colorado2025-greenBox_x006144_y009728
Unknown_Sample,20260226_279_Gen_Alg_10_8_2_Colorado2025-greenBox.czi,Gen_alg,739.93,6599.0,10031.0,35,35,116.67,0.962,20260226_279_Gen_Alg_10_8_2_Colorado2025-greenBox_x006144_y009728
Unknown_Sample,20260226_279_Gen_Alg_10_8_2_Colorado2025-greenBox.czi,Gen_alg,867.29,6479.0,10245.0,37,39,125.74,0.961,20260226_279_Gen_Alg_10_8_2_Colorado2025-greenBox_x006144_y009728
Unknown_Sample,20260226_279_Gen_Alg_10_8_2_Colorado2025-greenBox.czi,Gen_alg,804.57,6168.0,10064.0,37,36,121.5,0.961,20260226_279_Gen_Alg_10_8_2_Colorado2025-greenBox_x006144_y009728
Unknown_Sample,20260226_279_Gen_Alg_10_8_2_Colorado2025-greenBox.czi,Gen_alg,811.49,6470.0,10332.0,37,36,121.5,0.959,20260226_279_Gen_Alg_10_8_2_Colorado2025-greenBox_x006144_y009728
Unknown_Sample,20260226_279_Gen_Alg_10_8_2_Colorado2025-greenBox.czi,Gen_alg,655.27,6310.0,9751.0,33,32,110.18,0.959,20260226_279_Gen_Alg_10_8_2_Colorado2025-greenBox_x006144_y009728
Unknown_Sample,20260226_279_Gen_Alg_10_8_2_Colorado2025-greenBox.czi,Gen_alg,726.46,6766.0,9905.0,34,35,115.25,0.955,20260226_279_Gen_Alg_10_8_2_Colorado2025-greenBox_x006144_y009728
Unknown_Sample,20260226_279_Gen_Alg_10_8_2_Colorado2025-greenBox.czi,Gen_alg,166.61,6147.0,9880.0,10,32,72.38,0.923,20260226_279_Gen_Alg_10_8_2_Colorado2025-greenBox_x006144_y009728
Unknown_Sample,20260226_279_Gen_Alg_10_8_2_Colorado2025-greenBox.czi,Gen_alg,721.46,6766.0,9905.0,34,35,113.5,0.964,20260226_279_Gen_Alg_10_8_2_Colorado2025-greenBox_x006656_y009728
Unknown_Sample,20260226_279_Gen_Alg_10_8_2_Colorado2025-greenBox.czi,Gen_alg,912.31,6899.0,10085.0,38,39,129.5,0.962,20260226_279_Gen_Alg_10_8_2_Colorado2025-greenBox_x006656_y009728
Unknown_Sample,20260226_279_Gen_Alg_10_8_2_Colorado2025-greenBox.czi,Gen_alg,679.13,6828.0,9883.0,32,35,111.84,0.961,20260226_279_Gen_Alg_10_8_2_Colorado2025-greenBox_x006656_y009728
Unknown_Sample,20260226_279_Gen_Alg_10_8_2_Colorado2025-greenBox.czi,Gen_alg,965.02,6907.0,9990.0,39,41,133.74,0.961,20260226_279_Gen_Alg_10_8_2_Colorado2025-greenBox_x006656_y009728
Unknown_Sample,20260226_279_Gen_Alg_10_8_2_Colorado2025-greenBox.czi,Gen_alg,787.25,7004.0,10219.0,36,37,118.57,0.96,20260226_279_Gen_Alg_10_8_2_Colorado2025-greenBox_x006656_y009728
Unknown_Sample,20260226_279_Gen_Alg_10_8_2_Colorado2025-greenBox.czi,Gen_alg,833.43,7029.0,10324.0,37,37,122.91,0.96,20260226_279_Gen_Alg_10_8_2_Colorado2025-greenBox_x006656_y009728
Unknown_Sample,20260226_279_Gen_Alg_10_8_2_Colorado2025-greenBox.czi,Gen_alg,531.76,6856.0,10035.0,29,31,97.25,0.959,20260226_279_Gen_Alg_10_8_2_Colorado2025-greenBox_x006656_y009728
Unknown_Sample,20260226_279_Gen_Alg_10_8_2_Colorado2025-greenBox.czi,Gen_alg,816.88,7179.0,9755.0,37,36,121.5,0.958,20260226_279_Gen_Alg_10_8_2_Colorado2025-greenBox_x006656_y009728
Unknown_Sample,20260226_279_Gen_Alg_10_8_2_Colorado2025-greenBox.czi,Gen_alg,312.82,7214.0,9806.0,25,26,81.01,0.928,20260226_279_Gen_Alg_10_8_2_Colorado2025-greenBox_x006656_y009728
Unknown_Sample,20260226_279_Gen_Alg_10_8_2_Colorado2025-greenBox.czi,Gen_alg,706.07,7181.0,9755.0,31,36,117.7,0.963,20260226_279_Gen_Alg_10_8_2_Colorado2025-greenBox_x007168_y009728
Unknown_Sample,20260226_279_Gen_Alg_10_8_2_Colorado2025-greenBox.czi,Gen_alg,681.44,7652.0,9864.0,33,35,111.5,0.962,20260226_279_Gen_Alg_10_8_2_Colorado2025-greenBox_x007168_y009728
Unknown_Sample,20260226_279_Gen_Alg_10_8_2_Colorado2025-greenBox.czi,Gen_alg,638.73,7550.0,10291.0,31,34,108.43,0.961,20260226_279_Gen_Alg_10_8_2_Colorado2025-greenBox_x007168_y009728
Unknown_Sample,20260226_279_Gen_Alg_10_8_2_Colorado2025-greenBox.czi,Gen_alg,694.14,7543.0,9814.0,33,34,111.25,0.96,20260226_279_Gen_Alg_10_8_2_Colorado2025-greenBox_x007168_y009728
Unknown_Sample,20260226_279_Gen_Alg_10_8_2_Colorado2025-greenBox.czi,Gen_alg,776.86,7478.0,10212.0,36,36,119.5,0.96,20260226_279_Gen_Alg_10_8_2_Colorado2025-greenBox_x007168_y009728
Unknown_Sample,20260226_279_Gen_Alg_10_8_2_Colorado2025-greenBox.czi,Gen_alg,870.36,7651.0,10334.0,37,40,126.57,0.958,20260226_279_Gen_Alg_10_8_2_Colorado2025-greenBox_x007168_y009728
Unknown_Sample,20260226_279_Gen_Alg_10_8_2_Colorado2025-greenBox.czi,Gen_alg,829.58,7410.0,10242.0,35,39,122.91,0.956,20260226_279_Gen_Alg_10_8_2_Colorado2025-greenBox_x007168_y009728
Unknown_Sample,20260226_279_Gen_Alg_10_8_2_Colorado2025-greenBox.czi,Gen_alg,863.05,7394.0,10280.0,38,38,125.15,0.956,20260226_279_Gen_Alg_10_8_2_Colorado2025-greenBox_x007168_y009728
Unknown_Sample,20260226_279_Gen_Alg_10_8_2_Colorado2025-greenBox.czi,Gen_alg,313.59,7214.0,9806.0,25,26,81.01,0.927,20260226_279_Gen_Alg_10_8_2_Colorado2025-greenBox_x007168_y009728
Unknown_Sample,20260226_279_Gen_Alg_10_8_2_Colorado2025-greenBox.czi,Gen_alg,381.7,7799.0,10057.0,17,38,96.63,0.905,20260226_279_Gen_Alg_10_8_2_Colorado2025-greenBox_x007168_y009728
Unknown_Sample,20260226_279_Gen_Alg_10_8_2_Colorado2025-greenBox.czi,Gen_alg,842.66,7903.0,10106.0,39,35,124.08,0.966,20260226_279_Gen_Alg_10_8_2_Colorado2025-greenBox_x007680_y009728
Unknown_Sample,20260226_279_Gen_Alg_10_8_2_Colorado2025-greenBox.czi,Gen_alg,939.24,7809.0,10057.0,40,39,131.15,0.963,20260226_279_Gen_Alg_10_8_2_Colorado2025-greenBox_x007680_y009728
Unknown_Sample,20260226_279_Gen_Alg_10_8_2_Colorado2025-greenBox.czi,Gen_alg,926.93,7986.0,9753.0,38,40,130.33,0.96,20260226_279_Gen_Alg_10_8_2_Colorado2025-greenBox_x007680_y009728
Unknown_Sample,20260226_279_Gen_Alg_10_8_2_Colorado2025-greenBox.czi,Gen_alg,771.48,8292.0,9908.0,38,34,119.5,0.959,20260226_279_Gen_Alg_10_8_2_Colorado2025-greenBox_x007680_y009728
Unknown_Sample,20260226_279_Gen_Alg_10_8_2_Colorado2025-greenBox.czi,Gen_alg,724.53,8131.0,9908.0,36,34,115.5,0.958,20260226_279_Gen_Alg_10_8_2_Colorado2025-greenBox_x007680_y009728
Unknown_Sample,20260226_279_Gen_Alg_10_8_2_Colorado2025-greenBox.czi,Gen_alg,583.71,8184.0,10169.0,32,31,105.01,0.955,20260226_279_Gen_Alg_10_8_2_Colorado2025-greenBox_x007680_y009728
Unknown_Sample,20260226_279_Gen_Alg_10_8_2_Colorado2025-greenBox.czi,Gen_alg,748.78,8526.0,10232.0,35,35,117.25,0.965,20260226_279_Gen_Alg_10_8_2_Colorado2025-greenBox_x008192_y009728
Unknown_Sample,20260226_279_Gen_Alg_10_8_2_Colorado2025-greenBox.czi,Gen_alg,943.09,8407.0,10039.0,41,38,131.15,0.965,20260226_279_Gen_Alg_10_8_2_Colorado2025-greenBox_x008192_y009728
Unknown_Sample,20260226_279_Gen_Alg_10_8_2_Colorado2025-greenBox.czi,Gen_alg,698.75,8645.0,10326.0,33,36,111.74,0.96,20260226_279_Gen_Alg_10_8_2_Colorado2025-greenBox_x008192_y009728
Unknown_Sample,20260226_279_Gen_Alg_10_8_2_Colorado2025-greenBox.czi,Gen_alg,774.56,8651.0,9784.0,34,38,118.33,0.96,20260226_279_Gen_Alg_10_8_2_Colorado2025-greenBox_x008192_y009728
Unknown_Sample,20260226_279_Gen_Alg_10_8_2_Colorado2025-greenBox.czi,Gen_alg,693.75,8688.0,10062.0,34,34,112.67,0.96,20260226_279_Gen_Alg_10_8_2_Colorado2025-greenBox_x008192_y009728
Unknown_Sample,20260226_279_Gen_Alg_10_8_2_Colorado2025-greenBox.czi,Gen_alg,706.45,8362.0,9817.0,35,33,114.43,0.959,20260226_279_Gen_Alg_10_8_2_Colorado2025-greenBox_x008192_y009728
Unknown_Sample,20260226_279_Gen_Alg_10_8_2_Colorado2025-greenBox.czi,Gen_alg,768.78,8292.0,9908.0,38,34,118.91,0.958,20260226_279_Gen_Alg_10_8_2_Colorado2025-greenBox_x008192_y009728
Unknown_Sample,20260226_279_Gen_Alg_10_8_2_Colorado2025-greenBox.czi,Gen_alg,839.58,9198.0,10319.0,36,39,124.91,0.967,20260226_279_Gen_Alg_10_8_2_Colorado2025-greenBox_x008704_y009728
Unknown_Sample,20260226_279_Gen_Alg_10_8_2_Colorado2025-greenBox.czi,Gen_alg,627.19,9170.0,10245.0,31,34,107.25,0.965,20260226_279_Gen_Alg_10_8_2_Colorado2025-greenBox_x008704_y009728
Unknown_Sample,20260226_279_Gen_Alg_10_8_2_Colorado2025-greenBox.czi,Gen_alg,814.19,9208.0,9855.0,37,37,121.74,0.964,20260226_279_Gen_Alg_10_8_2_Colorado2025-greenBox_x008704_y009728
Unknown_Sample,20260226_279_Gen_Alg_10_8_2_Colorado2025-greenBox.czi,Gen_alg,754.55,8910.0,9918.0,35,35,117.84,0.963,20260226_279_Gen_Alg_10_8_2_Colorado2025-greenBox_x008704_y009728
Unknown_Sample,20260226_279_Gen_Alg_10_8_2_Colorado2025-greenBox.czi,Gen_alg,968.1,8914.0,10108.0,40,40,132.57,0.961,20260226_279_Gen_Alg_10_8_2_Colorado2025-greenBox_x008704_y009728
Unknown_Sample,20260226_279_Gen_Alg_10_8_2_Colorado2025-greenBox.czi,Gen_alg,751.85,8931.0,9865.0,35,36,116.91,0.961,20260226_279_Gen_Alg_10_8_2_Colorado2025-greenBox_x008704_y009728
Unknown_Sample,20260226_279_Gen_Alg_10_8_2_Colorado2025-greenBox.czi,Gen_alg,668.74,9318.0,10181.0,33,33,110.43,0.96,20260226_279_Gen_Alg_10_8_2_Colorado2025-greenBox_x008704_y009728
Unknown_Sample,20260226_279_Gen_Alg_10_8_2_Colorado2025-greenBox.czi,Gen_alg,688.37,8953.0,9770.0,34,34,111.5,0.96,20260226_279_Gen_Alg_10_8_2_Colorado2025-greenBox_x008704_y009728
Unknown_Sample,20260226_279_Gen_Alg_10_8_2_Colorado2025-greenBox.czi,Gen_alg,679.13,9009.0,9929.0,33,34,110.67,0.955,20260226_279_Gen_Alg_10_8_2_Colorado2025-greenBox_x008704_y009728
Unknown_Sample,20260226_279_Gen_Alg_10_8_2_Colorado2025-greenBox.czi,Gen_alg,206.24,9022.0,9951.0,27,16,70.28,0.571,20260226_279_Gen_Alg_10_8_2_Colorado2025-greenBox_x008704_y009728
Unknown_Sample,20260226_279_Gen_Alg_10_8_2_Colorado2025-greenBox.czi,Gen_alg,712.61,9429.0,10074.0,34,34,113.25,0.967,20260226_279_Gen_Alg_10_8_2_Colorado2025-greenBox_x009216_y009728
Unknown_Sample,20260226_279_Gen_Alg_10_8_2_Colorado2025-greenBox.czi,Gen_alg,830.35,9571.0,10080.0,37,38,122.57,0.964,20260226_279_Gen_Alg_10_8_2_Colorado2025-greenBox_x009216_y009728
Unknown_Sample,20260226_279_Gen_Alg_10_8_2_Colorado2025-greenBox.czi,Gen_alg,555.23,9435.0,9955.0,30,30,101.36,0.962,20260226_279_Gen_Alg_10_8_2_Colorado2025-greenBox_x009216_y009728
Unknown_Sample,20260226_279_Gen_Alg_10_8_2_Colorado2025-greenBox.czi,Gen_alg,809.57,9802.0,9845.0,37,36,120.91,0.961,20260226_279_Gen_Alg_10_8_2_Colorado2025-greenBox_x009216_y009728
Unknown_Sample,20260226_279_Gen_Alg_10_8_2_Colorado2025-greenBox.czi,Gen_alg,668.74,9318.0,10181.0,33,33,110.43,0.961,20260226_279_Gen_Alg_10_8_2_Colorado2025-greenBox_x009216_y009728
Unknown_Sample,20260226_279_Gen_Alg_10_8_2_Colorado2025-greenBox.czi,Gen_alg,980.41,9508.0,10344.0,39,40,132.91,0.96,20260226_279_Gen_Alg_10_8_2_Colorado2025-greenBox_x009216_y009728
Unknown_Sample,20260226_279_Gen_Alg_10_8_2_Colorado2025-greenBox.czi,Gen_alg,711.84,9459.0,10349.0,34,34,114.43,0.953,20260226_279_Gen_Alg_10_8_2_Colorado2025-greenBox_x009216_y009728
Unknown_Sample,20260226_279_Gen_Alg_10_8_2_Colorado2025-greenBox.czi,Gen_alg,726.07,9806.0,10351.0,34,34,116.18,0.952,20260226_279_Gen_Alg_10_8_2_Colorado2025-greenBox_x009216_y009728
Unknown_Sample,20260226_279_Gen_Alg_10_8_2_Colorado2025-greenBox.czi,Gen_alg,192.77,9220.0,9856.0,11,33,75.21,0.933,20260226_279_Gen_Alg_10_8_2_Colorado2025-greenBox_x009216_y009728
Unknown_Sample,20260226_279_Gen_Alg_10_8_2_Colorado2025-greenBox.czi,Gen_alg,807.65,9951.0,10244.0,37,35,120.67,0.964,20260226_279_Gen_Alg_10_8_2_Colorado2025-greenBox_x009728_y009728
Unknown_Sample,20260226_279_Gen_Alg_10_8_2_Colorado2025-greenBox.czi,Gen_alg,778.79,9970.0,9953.0,36,36,120.08,0.964,20260226_279_Gen_Alg_10_8_2_Colorado2025-greenBox_x009728_y009728
Unknown_Sample,20260226_279_Gen_Alg_10_8_2_Colorado2025-greenBox.czi,Gen_alg,750.7,10025.0,9741.0,40,30,121.36,0.961,20260226_279_Gen_Alg_10_8_2_Colorado2025-greenBox_x009728_y009728
Unknown_Sample,20260226_279_Gen_Alg_10_8_2_Colorado2025-greenBox.czi,Gen_alg,657.2,9875.0,9746.0,33,33,109.25,0.961,20260226_279_Gen_Alg_10_8_2_Colorado2025-greenBox_x009728_y009728
Unknown_Sample,20260226_279_Gen_Alg_10_8_2_Colorado2025-greenBox.czi,Gen_alg,644.12,10340.0,10093.0,33,32,108.43,0.961,20260226_279_Gen_Alg_10_8_2_Colorado2025-greenBox_x009728_y009728
Unknown_Sample,20260226_279_Gen_Alg_10_8_2_Colorado2025-greenBox.czi,Gen_alg,809.19,9802.0,9845.0,37,36,120.33,0.96,20260226_279_Gen_Alg_10_8_2_Colorado2025-greenBox_x009728_y009728
Unknown_Sample,20260226_279_Gen_Alg_10_8_2_Colorado2025-greenBox.czi,Gen_alg,747.62,9985.0,10293.0,37,34,117.5,0.957,20260226_279_Gen_Alg_10_8_2_Colorado2025-greenBox_x009728_y009728
Unknown_Sample,20260226_279_Gen_Alg_10_8_2_Colorado2025-greenBox.czi,Gen_alg,815.73,10081.0,10095.0,38,36,121.74,0.956,20260226_279_Gen_Alg_10_8_2_Colorado2025-greenBox_x009728_y009728
Unknown_Sample,20260226_279_Gen_Alg_10_8_2_Colorado2025-greenBox.czi,Gen_alg,726.07,9806.0,10351.0,34,34,116.18,0.952,20260226_279_Gen_Alg_10_8_2_Colorado2025-greenBox_x009728_y009728
Unknown_Sample,20260226_279_Gen_Alg_10_8_2_Colorado2025-greenBox.czi,Gen_alg,756.09,10842.0,10265.0,36,35,117.5,0.963,20260226_279_Gen_Alg_10_8_2_Colorado2025-greenBox_x010240_y009728
Unknown_Sample,20260226_279_Gen_Alg_10_8_2_Colorado2025-greenBox.czi,Gen_alg,850.74,10709.0,9823.0,37,38,124.33,0.963,20260226_279_Gen_Alg_10_8_2_Colorado2025-greenBox_x010240_y009728
Unknown_Sample,20260226_279_Gen_Alg_10_8_2_Colorado2025-greenBox.czi,Gen_alg,751.08,10655.0,10063.0,36,35,116.91,0.961,20260226_279_Gen_Alg_10_8_2_Colorado2025-greenBox_x010240_y009728
Unknown_Sample,20260226_279_Gen_Alg_10_8_2_Colorado2025-greenBox.czi,Gen_alg,644.12,10340.0,10093.0,33,32,108.43,0.961,20260226_279_Gen_Alg_10_8_2_Colorado2025-greenBox_x010240_y009728
Unknown_Sample,20260226_279_Gen_Alg_10_8_2_Colorado2025-greenBox.czi,Gen_alg,618.34,10463.0,9898.0,32,31,106.18,0.961,20260226_279_Gen_Alg_10_8_2_Colorado2025-greenBox_x010240_y009728
Unknown_Sample,20260226_279_Gen_Alg_10_8_2_Colorado2025-greenBox.czi,Gen_alg,771.48,10810.0,10135.0,35,36,118.67,0.959,20260226_279_Gen_Alg_10_8_2_Colorado2025-greenBox_x010240_y009728
Unknown_Sample,20260226_279_Gen_Alg_10_8_2_Colorado2025-greenBox.czi,Gen_alg,756.09,10842.0,10265.0,36,35,117.5,0.963,20260226_279_Gen_Alg_10_8_2_Colorado2025-greenBox_x010752_y009728
Unknown_Sample,20260226_279_Gen_Alg_10_8_2_Colorado2025-greenBox.czi,Gen_alg,946.17,11097.0,10062.0,40,39,131.15,0.963,20260226_279_Gen_Alg_10_8_2_Colorado2025-greenBox_x010752_y009728
Unknown_Sample,20260226_279_Gen_Alg_10_8_2_Colorado2025-greenBox.czi,Gen_alg,771.09,10810.0,10135.0,35,36,118.08,0.959,20260226_279_Gen_Alg_10_8_2_Colorado2025-greenBox_x010752_y009728
Unknown_Sample,20260226_279_Gen_Alg_10_8_2_Colorado2025-greenBox.czi,Gen_alg,581.01,11226.0,9865.0,30,32,103.6,0.958,20260226_279_Gen_Alg_10_8_2_Colorado2025-greenBox_x010752_y009728
Unknown_Sample,20260226_279_Gen_Alg_10_8_2_Colorado2025-greenBox.czi,Gen_alg,498.67,11360.0,10258.0,28,29,95.94,0.957,20260226_279_Gen_Alg_10_8_2_Colorado2025-greenBox_x010752_y009728
Unknown_Sample,20260226_279_Gen_Alg_10_8_2_Colorado2025-greenBox.czi,Gen_alg,484.05,11382.0,10303.0,21,38,102.28,0.926,20260226_279_Gen_Alg_10_8_2_Colorado2025-greenBox_x010752_y009728
Unknown_Sample,20260226_279_Gen_Alg_10_8_2_Colorado2025-greenBox.czi,Gen_alg,291.28,11043.0,9815.0,21,24,74.87,0.919,20260226_279_Gen_Alg_10_8_2_Colorado2025-greenBox_x010752_y009728
Unknown_Sample,20260226_279_Gen_Alg_10_8_2_Colorado2025-greenBox.czi,Gen_alg,564.08,11066.0,9803.0,31,30,101.6,0.915,20260226_279_Gen_Alg_10_8_2_Colorado2025-greenBox_x010752_y009728
Unknown_Sample,20260226_279_Gen_Alg_10_8_2_Colorado2025-greenBox.czi,Gen_alg,314.75,11092.0,9804.0,21,25,78.63,0.91,20260226_279_Gen_Alg_10_8_2_Colorado2025-greenBox_x010752_y009728
Unknown_Sample,20260226_279_Gen_Alg_10_8_2_Colorado2025-greenBox.czi,Gen_alg,322.44,11384.0,9963.0,16,35,87.46,0.899,20260226_279_Gen_Alg_10_8_2_Colorado2025-greenBox_x010752_y009728
Unknown_Sample,20260226_279_Gen_Alg_10_8_2_Colorado2025-greenBox.czi,Gen_alg,168.53,11071.0,10362.0,31,10,70.97,0.859,20260226_279_Gen_Alg_10_8_2_Colorado2025-greenBox_x010752_y009728
Unknown_Sample,20260226_279_Gen_Alg_10_8_2_Colorado2025-greenBox.czi,Gen_alg,795.72,11782.0,9809.0,37,36,119.74,0.964,20260226_279_Gen_Alg_10_8_2_Colorado2025-greenBox_x011264_y009728
Unknown_Sample,20260226_279_Gen_Alg_10_8_2_Colorado2025-greenBox.czi,Gen_alg,852.67,11723.0,10001.0,37,38,124.91,0.964,20260226_279_Gen_Alg_10_8_2_Colorado2025-greenBox_x011264_y009728
Unknown_Sample,20260226_279_Gen_Alg_10_8_2_Colorado2025-greenBox.czi,Gen_alg,843.43,11388.0,10303.0,37,37,124.08,0.963,20260226_279_Gen_Alg_10_8_2_Colorado2025-greenBox_x011264_y009728
Unknown_Sample,20260226_279_Gen_Alg_10_8_2_Colorado2025-greenBox.czi,Gen_alg,745.31,11392.0,9963.0,34,36,115.5,0.962,20260226_279_Gen_Alg_10_8_2_Colorado2025-greenBox_x011264_y009728
Unknown_Sample,20260226_279_Gen_Alg_10_8_2_Colorado2025-greenBox.czi,Gen_alg,621.03,11812.0,9955.0,33,31,107.6,0.96,20260226_279_Gen_Alg_10_8_2_Colorado2025-greenBox_x011264_y009728
Unknown_Sample,20260226_279_Gen_Alg_10_8_2_Colorado2025-greenBox.czi,Gen_alg,662.97,11638.0,10317.0,34,32,111.01,0.958,20260226_279_Gen_Alg_10_8_2_Colorado2025-greenBox_x011264_y009728
Unknown_Sample,20260226_279_Gen_Alg_10_8_2_Colorado2025-greenBox.czi,Gen_alg,499.06,11360.0,10258.0,28,29,96.53,0.958,20260226_279_Gen_Alg_10_8_2_Colorado2025-greenBox_x011264_y009728
Unknown_Sample,20260226_279_Gen_Alg_10_8_2_Colorado2025-greenBox.czi,Gen_alg,521.37,11473.0,9828.0,30,29,98.18,0.957,20260226_279_Gen_Alg_10_8_2_Colorado2025-greenBox_x011264_y009728
Unknown_Sample,20260226_279_Gen_Alg_10_8_2_Colorado2025-greenBox.czi,Gen_alg,576.01,11835.0,9895.0,31,31,103.01,0.957,20260226_279_Gen_Alg_10_8_2_Colorado2025-greenBox_x011264_y009728
Unknown_Sample,20260226_279_Gen_Alg_10_8_2_Colorado2025-greenBox.czi,Gen_alg,575.24,11565.0,9753.0,30,32,103.01,0.957,20260226_279_Gen_Alg_10_8_2_Colorado2025-greenBox_x011264_y009728
Unknown_Sample,20260226_279_Gen_Alg_10_8_2_Colorado2025-greenBox.czi,Gen_alg,617.18,11765.0,10352.0,32,31,106.77,0.953,20260226_279_Gen_Alg_10_8_2_Colorado2025-greenBox_x011264_y009728
Unknown_Sample,20260226_279_Gen_Alg_10_8_2_Colorado2025-greenBox.czi,Gen_alg,709.91,11502.0,9860.0,34,34,113.84,0.935,20260226_279_Gen_Alg_10_8_2_Colorado2025-greenBox_x011264_y009728
Unknown_Sample,20260226_279_Gen_Alg_10_8_2_Colorado2025-greenBox.czi,Gen_alg,397.47,11570.0,10358.0,35,19,94.04,0.915,20260226_279_Gen_Alg_10_8_2_Colorado2025-greenBox_x011264_y009728
Unknown_Sample,20260226_279_Gen_Alg_10_8_2_Colorado2025-greenBox.czi,Gen_alg,320.9,11470.0,9861.0,27,21,79.11,0.903,20260226_279_Gen_Alg_10_8_2_Colorado2025-greenBox_x011264_y009728
Unknown_Sample,20260226_279_Gen_Alg_10_8_2_Colorado2025-greenBox.czi,Gen_alg,737.23,12237.0,10241.0,35,35,116.08,0.964,20260226_279_Gen_Alg_10_8_2_Colorado2025-greenBox_x011776_y009728
Unknown_Sample,20260226_279_Gen_Alg_10_8_2_Colorado2025-greenBox.czi,Gen_alg,749.55,11960.0,10131.0,36,35,116.91,0.963,20260226_279_Gen_Alg_10_8_2_Colorado2025-greenBox_x011776_y009728
Unknown_Sample,20260226_279_Gen_Alg_10_8_2_Colorado2025-greenBox.czi,Gen_alg,619.11,11972.0,10213.0,32,32,105.84,0.962,20260226_279_Gen_Alg_10_8_2_Colorado2025-greenBox_x011776_y009728
Unknown_Sample,20260226_279_Gen_Alg_10_8_2_Colorado2025-greenBox.czi,Gen_alg,575.63,11786.0,9809.0,26,36,108.28,0.962,20260226_279_Gen_Alg_10_8_2_Colorado2025-greenBox_x011776_y009728
Unknown_Sample,20260226_279_Gen_Alg_10_8_2_Colorado2025-greenBox.czi,Gen_alg,618.34,11975.0,10323.0,32,31,106.18,0.961,20260226_279_Gen_Alg_10_8_2_Colorado2025-greenBox_x011776_y009728
Unknown_Sample,20260226_279_Gen_Alg_10_8_2_Colorado2025-greenBox.czi,Gen_alg,501.36,12321.0,10206.0,29,29,95.01,0.96,20260226_279_Gen_Alg_10_8_2_Colorado2025-greenBox_x011776_y009728
Unknown_Sample,20260226_279_Gen_Alg_10_8_2_Colorado2025-greenBox.czi,Gen_alg,621.03,11812.0,9955.0,33,31,107.6,0.959,20260226_279_Gen_Alg_10_8_2_Colorado2025-greenBox_x011776_y009728
Unknown_Sample,20260226_279_Gen_Alg_10_8_2_Colorado2025-greenBox.czi,Gen_alg,558.7,12312.0,9869.0,29,32,100.43,0.959,20260226_279_Gen_Alg_10_8_2_Colorado2025-greenBox_x011776_y009728
Unknown_Sample,20260226_279_Gen_Alg_10_8_2_Colorado2025-greenBox.czi,Gen_alg,563.31,12061.0,9969.0,31,30,101.6,0.957,20260226_279_Gen_Alg_10_8_2_Colorado2025-greenBox_x011776_y009728
Unknown_Sample,20260226_279_Gen_Alg_10_8_2_Colorado2025-greenBox.czi,Gen_alg,576.01,11835.0,9895.0,31,31,103.01,0.956,20260226_279_Gen_Alg_10_8_2_Colorado2025-greenBox_x011776_y009728
Unknown_Sample,20260226_279_Gen_Alg_10_8_2_Colorado2025-greenBox.czi,Gen_alg,683.36,12002.0,10142.0,34,33,112.43,0.952,20260226_279_Gen_Alg_10_8_2_Colorado2025-greenBox_x011776_y009728
Unknown_Sample,20260226_279_Gen_Alg_10_8_2_Colorado2025-greenBox.czi,Gen_alg,305.9,12205.0,9734.0,33,16,84.04,0.939,20260226_279_Gen_Alg_10_8_2_Colorado2025-greenBox_x011776_y009728
Unknown_Sample,20260226_279_Gen_Alg_10_8_2_Colorado2025-greenBox.czi,Gen_alg,917.69,12684.0,10021.0,40,39,131.15,0.961,20260226_279_Gen_Alg_10_8_2_Colorado2025-greenBox_x012288_y009728
Unknown_Sample,20260226_279_Gen_Alg_10_8_2_Colorado2025-greenBox.czi,Gen_alg,749.93,12538.0,10068.0,35,36,116.33,0.96,20260226_279_Gen_Alg_10_8_2_Colorado2025-greenBox_x012288_y009728
Unknown_Sample,20260226_279_Gen_Alg_10_8_2_Colorado2025-greenBox.czi,Gen_alg,658.74,12743.0,10073.0,33,33,109.25,0.96,20260226_279_Gen_Alg_10_8_2_Colorado2025-greenBox_x012288_y009728
Unknown_Sample,20260226_279_Gen_Alg_10_8_2_Colorado2025-greenBox.czi,Gen_alg,584.09,12875.0,10039.0,31,30,102.77,0.96,20260226_279_Gen_Alg_10_8_2_Colorado2025-greenBox_x012288_y009728
Unknown_Sample,20260226_279_Gen_Alg_10_8_2_Colorado2025-greenBox.czi,Gen_alg,501.36,12321.0,10206.0,29,29,95.01,0.959,20260226_279_Gen_Alg_10_8_2_Colorado2025-greenBox_x012288_y009728
Unknown_Sample,20260226_279_Gen_Alg_10_8_2_Colorado2025-greenBox.czi,Gen_alg,557.93,12312.0,9869.0,29,32,100.43,0.959,20260226_279_Gen_Alg_10_8_2_Colorado2025-greenBox_x012288_y009728
Unknown_Sample,20260226_279_Gen_Alg_10_8_2_Colorado2025-greenBox.czi,Gen_alg,900.38,12572.0,10214.0,39,39,128.57,0.957,20260226_279_Gen_Alg_10_8_2_Colorado2025-greenBox_x012288_y009728
Unknown_Sample,20260226_279_Gen_Alg_10_8_2_Colorado2025-greenBox.czi,Gen_alg,554.85,12872.0,9787.0,30,30,99.6,0.954,20260226_279_Gen_Alg_10_8_2_Colorado2025-greenBox_x012288_y009728
Unknown_Sample,20260226_279_Gen_Alg_10_8_2_Colorado2025-greenBox.czi,Gen_alg,451.34,12722.0,9736.0,35,22,98.87,0.953,20260226_279_Gen_Alg_10_8_2_Colorado2025-greenBox_x012288_y009728
Unknown_Sample,20260226_279_Gen_Alg_10_8_2_Colorado2025-greenBox.czi,Gen_alg,479.82,12574.0,9756.0,25,32,95.36,0.952,20260226_279_Gen_Alg_10_8_2_Colorado2025-greenBox_x012288_y009728
Unknown_Sample,20260226_279_Gen_Alg_10_8_2_Colorado2025-greenBox.czi,Gen_alg,603.33,12567.0,10045.0,32,32,105.25,0.951,20260226_279_Gen_Alg_10_8_2_Colorado2025-greenBox_x012288_y009728
Unknown_Sample,20260226_279_Gen_Alg_10_8_2_Colorado2025-greenBox.czi,Gen_alg,624.88,12630.0,10355.0,36,27,111.46,0.947,20260226_279_Gen_Alg_10_8_2_Colorado2025-greenBox_x012288_y009728
Unknown_Sample,20260226_279_Gen_Alg_10_8_2_Colorado2025-greenBox.czi,Gen_alg,585.25,12875.0,10039.0,31,30,103.36,0.96,20260226_279_Gen_Alg_10_8_2_Colorado2025-greenBox_x012800_y009728
Unknown_Sample,20260226_279_Gen_Alg_10_8_2_Colorado2025-greenBox.czi,Gen_alg,636.42,12987.0,9892.0,33,33,108.08,0.958,20260226_279_Gen_Alg_10_8_2_Colorado2025-greenBox_x012800_y009728
Unknown_Sample,20260226_279_Gen_Alg_10_8_2_Colorado2025-greenBox.czi,Gen_alg,664.89,13203.0,10150.0,32,34,110.43,0.958,20260226_279_Gen_Alg_10_8_2_Colorado2025-greenBox_x012800_y009728
Unknown_Sample,20260226_279_Gen_Alg_10_8_2_Colorado2025-greenBox.czi,Gen_alg,554.85,12872.0,9787.0,30,30,99.6,0.954,20260226_279_Gen_Alg_10_8_2_Colorado2025-greenBox_x012800_y009728
Unknown_Sample,20260226_279_Gen_Alg_10_8_2_Colorado2025-greenBox.czi,Gen_alg,587.17,13334.0,10353.0,32,29,106.28,0.954,20260226_279_Gen_Alg_10_8_2_Colorado2025-greenBox_x012800_y009728
Unknown_Sample,20260226_279_Gen_Alg_10_8_2_Colorado2025-greenBox.czi,Gen_alg,775.33,13487.0,9826.0,36,36,118.33,0.963,20260226_279_Gen_Alg_10_8_2_Colorado2025-greenBox_x013312_y009728
Unknown_Sample,20260226_279_Gen_Alg_10_8_2_Colorado2025-greenBox.czi,Gen_alg,770.71,13897.0,10280.0,36,35,119.84,0.961,20260226_279_Gen_Alg_10_8_2_Colorado2025-greenBox_x013312_y009728
Unknown_Sample,20260226_279_Gen_Alg_10_8_2_Colorado2025-greenBox.czi,Gen_alg,769.55,13612.0,9892.0,35,36,116.91,0.96,20260226_279_Gen_Alg_10_8_2_Colorado2025-greenBox_x013312_y009728
Unknown_Sample,20260226_279_Gen_Alg_10_8_2_Colorado2025-greenBox.czi,Gen_alg,665.66,13785.0,9840.0,34,33,110.08,0.96,20260226_279_Gen_Alg_10_8_2_Colorado2025-greenBox_x013312_y009728
Unknown_Sample,20260226_279_Gen_Alg_10_8_2_Colorado2025-greenBox.czi,Gen_alg,517.14,13749.0,10273.0,30,28,97.94,0.959,20260226_279_Gen_Alg_10_8_2_Colorado2025-greenBox_x013312_y009728
Unknown_Sample,20260226_279_Gen_Alg_10_8_2_Colorado2025-greenBox.czi,Gen_alg,457.5,13893.0,10109.0,28,28,91.01,0.959,20260226_279_Gen_Alg_10_8_2_Colorado2025-greenBox_x013312_y009728
Unknown_Sample,20260226_279_Gen_Alg_10_8_2_Colorado2025-greenBox.czi,Gen_alg,588.71,13334.0,10353.0,32,29,106.28,0.953,20260226_279_Gen_Alg_10_8_2_Colorado2025-greenBox_x013312_y009728
Unknown_Sample,20260226_279_Gen_Alg_10_8_2_Colorado2025-greenBox.czi,Gen_alg,770.71,13897.0,10280.0,36,35,119.84,0.961,20260226_279_Gen_Alg_10_8_2_Colorado2025-greenBox_x013824_y009728
Unknown_Sample,20260226_279_Gen_Alg_10_8_2_Colorado2025-greenBox.czi,Gen_alg,584.48,14274.0,9995.0,30,32,103.01,0.96,20260226_279_Gen_Alg_10_8_2_Colorado2025-greenBox_x013824_y009728
Unknown_Sample,20260226_279_Gen_Alg_10_8_2_Colorado2025-greenBox.czi,Gen_alg,457.5,13893.0,10109.0,28,28,91.01,0.959,20260226_279_Gen_Alg_10_8_2_Colorado2025-greenBox_x013824_y009728
Unknown_Sample,20260226_279_Gen_Alg_10_8_2_Colorado2025-greenBox.czi,Gen_alg,672.59,14255.0,10296.0,35,32,111.25,0.958,20260226_279_Gen_Alg_10_8_2_Colorado2025-greenBox_x013824_y009728
Unknown_Sample,20260226_279_Gen_Alg_10_8_2_Colorado2025-greenBox.czi,Gen_alg,702.99,14167.0,9901.0,34,35,113.5,0.958,20260226_279_Gen_Alg_10_8_2_Colorado2025-greenBox_x013824_y009728
Unknown_Sample,20260226_279_Gen_Alg_10_8_2_Colorado2025-greenBox.czi,Gen_alg,508.29,14114.0,9800.0,29,28,96.53,0.957,20260226_279_Gen_Alg_10_8_2_Colorado2025-greenBox_x013824_y009728
Unknown_Sample,20260226_279_Gen_Alg_10_8_2_Colorado2025-greenBox.czi,Gen_alg,578.7,13961.0,10093.0,32,30,102.43,0.956,20260226_279_Gen_Alg_10_8_2_Colorado2025-greenBox_x013824_y009728
Unknown_Sample,20260226_279_Gen_Alg_10_8_2_Colorado2025-greenBox.czi,Gen_alg,638.34,14326.0,9834.0,33,32,106.67,0.955,20260226_279_Gen_Alg_10_8_2_Colorado2025-greenBox_x013824_y009728
Unknown_Sample,20260226_279_Gen_Alg_10_8_2_Colorado2025-greenBox.czi,Gen_alg,689.9,14108.0,10081.0,35,33,111.5,0.955,20260226_279_Gen_Alg_10_8_2_Colorado2025-greenBox_x013824_y009728
Unknown_Sample,20260226_279_Gen_Alg_10_8_2_Colorado2025-greenBox.czi,Gen_alg,717.61,14018.0,9939.0,34,36,115.5,0.948,20260226_279_Gen_Alg_10_8_2_Colorado2025-greenBox_x013824_y009728
Unknown_Sample,20260226_279_Gen_Alg_10_8_2_Colorado2025-greenBox.czi,Gen_alg,289.74,14039.0,9958.0,20,26,78.04,0.875,20260226_279_Gen_Alg_10_8_2_Colorado2025-greenBox_x013824_y009728
Unknown_Sample,20260226_279_Gen_Alg_10_8_2_Colorado2025-greenBox.czi,Gen_alg,627.96,14700.0,10148.0,32,33,107.25,0.963,20260226_279_Gen_Alg_10_8_2_Colorado2025-greenBox_x014336_y009728
Unknown_Sample,20260226_279_Gen_Alg_10_8_2_Colorado2025-greenBox.czi,Gen_alg,760.7,14509.0,9964.0,35,36,117.5,0.959,20260226_279_Gen_Alg_10_8_2_Colorado2025-greenBox_x014336_y009728
Unknown_Sample,20260226_279_Gen_Alg_10_8_2_Colorado2025-greenBox.czi,Gen_alg,630.26,14808.0,10353.0,34,29,110.28,0.949,20260226_279_Gen_Alg_10_8_2_Colorado2025-greenBox_x014336_y009728
Unknown_Sample,20260226_279_Gen_Alg_10_8_2_Colorado2025-greenBox.czi,Gen_alg,820.73,15177.0,9817.0,40,35,121.98,0.964,20260226_279_Gen_Alg_10_8_2_Colorado2025-greenBox_x014848_y009728
Unknown_Sample,20260226_279_Gen_Alg_10_8_2_Colorado2025-greenBox.czi,Gen_alg,833.81,15350.0,10239.0,37,38,124.33,0.962,20260226_279_Gen_Alg_10_8_2_Colorado2025-greenBox_x014848_y009728
Unknown_Sample,20260226_279_Gen_Alg_10_8_2_Colorado2025-greenBox.czi,Gen_alg,697.98,15140.0,10017.0,34,34,112.08,0.96,20260226_279_Gen_Alg_10_8_2_Colorado2025-greenBox_x014848_y009728
Unknown_Sample,20260226_279_Gen_Alg_10_8_2_Colorado2025-greenBox.czi,Gen_alg,711.84,15258.0,10114.0,33,36,112.91,0.96,20260226_279_Gen_Alg_10_8_2_Colorado2025-greenBox_x014848_y009728
Unknown_Sample,20260226_279_Gen_Alg_10_8_2_Colorado2025-greenBox.czi,Gen_alg,644.5,15063.0,9758.0,32,34,108.67,0.959,20260226_279_Gen_Alg_10_8_2_Colorado2025-greenBox_x014848_y009728
Unknown_Sample,20260226_279_Gen_Alg_10_8_2_Colorado2025-greenBox.czi,Gen_alg,760.7,15386.0,10299.0,35,35,119.01,0.956,20260226_279_Gen_Alg_10_8_2_Colorado2025-greenBox_x014848_y009728
Unknown_Sample,20260226_279_Gen_Alg_10_8_2_Colorado2025-greenBox.czi,Gen_alg,861.13,15908.0,10310.0,37,40,126.57,0.958,20260226_279_Gen_Alg_10_8_2_Colorado2025-greenBox_x015360_y009728
Unknown_Sample,20260226_279_Gen_Alg_10_8_2_Colorado2025-greenBox.czi,Gen_alg,781.48,15386.0,10299.0,36,35,119.84,0.953,20260226_279_Gen_Alg_10_8_2_Colorado2025-greenBox_x015360_y009728
Unknown_Sample,20260226_279_Gen_Alg_10_8_2_Colorado2025-greenBox.czi,Gen_alg,741.46,15696.0,10249.0,37,33,115.5,0.95,20260226_279_Gen_Alg_10_8_2_Colorado2025-greenBox_x015360_y009728
Unknown_Sample,20260226_279_Gen_Alg_10_8_2_Colorado2025-greenBox.czi,Gen_alg,403.25,15989.0,10295.0,21,30,90.97,0.913,20260226_279_Gen_Alg_10_8_2_Colorado2025-greenBox_x015360_y009728
Unknown_Sample,20260226_279_Gen_Alg_10_8_2_Colorado2025-greenBox.czi,Gen_alg,861.9,15908.0,10310.0,37,40,126.57,0.962,20260226_279_Gen_Alg_10_8_2_Colorado2025-greenBox_x015872_y009728
Unknown_Sample,20260226_279_Gen_Alg_10_8_2_Colorado2025-greenBox.czi,Gen_alg,861.13,16142.0,9984.0,39,37,125.74,0.956,20260226_279_Gen_Alg_10_8_2_Colorado2025-greenBox_x015872_y009728
Unknown_Sample,20260226_279_Gen_Alg_10_8_2_Colorado2025-greenBox.czi,Gen_alg,590.63,15994.0,10295.0,31,31,104.18,0.956,20260226_279_Gen_Alg_10_8_2_Colorado2025-greenBox_x015872_y009728
Unknown_Sample,20260226_279_Gen_Alg_10_8_2_Colorado2025-greenBox.czi,Gen_alg,871.13,16294.0,9754.0,37,39,125.74,0.954,20260226_279_Gen_Alg_10_8_2_Colorado2025-greenBox_x015872_y009728
Unknown_Sample,20260226_279_Gen_Alg_10_8_2_Colorado2025-greenBox.czi,Gen_alg,589.09,16453.0,10143.0,31,32,103.84,0.953,20260226_279_Gen_Alg_10_8_2_Colorado2025-greenBox_x015872_y009728
Unknown_Sample,20260226_279_Gen_Alg_10_8_2_Colorado2025-greenBox.czi,Gen_alg,610.26,16614.0,9755.0,32,31,105.6,0.946,20260226_279_Gen_Alg_10_8_2_Colorado2025-greenBox_x016384_y009728
Unknown_Sample,20260226_279_Gen_Alg_10_8_2_Colorado2025-greenBox.czi,Gen_alg,612.95,16453.0,10143.0,32,32,105.84,0.946,20260226_279_Gen_Alg_10_8_2_Colorado2025-greenBox_x016384_y009728
Unknown_Sample,20260226_279_Gen_Alg_10_8_2_Colorado2025-greenBox.czi,Gen_alg,796.49,16525.0,9756.0,37,36,122.08,0.944,20260226_279_Gen_Alg_10_8_2_Colorado2025-greenBox_x016384_y009728
Unknown_Sample,20260226_279_Gen_Alg_10_8_2_Colorado2025-greenBox.czi,Gen_alg,254.72,17161.0,10148.0,32,27,135.66,0.62,20260226_279_Gen_Alg_10_8_2_Colorado2025-greenBox_x016896_y009728
Unknown_Sample,20260226_279_Gen_Alg_10_8_2_Colorado2025-greenBox.czi,Gen_alg,986.95,989.0,10417.0,43,38,133.98,0.959,20260226_279_Gen_Alg_10_8_2_Colorado2025-greenBox_x000512_y010240
Unknown_Sample,20260226_279_Gen_Alg_10_8_2_Colorado2025-greenBox.czi,Gen_alg,599.87,932.0,10503.0,32,31,103.84,0.956,20260226_279_Gen_Alg_10_8_2_Colorado2025-greenBox_x000512_y010240
Unknown_Sample,20260226_279_Gen_Alg_10_8_2_Colorado2025-greenBox.czi,Gen_alg,581.78,751.0,10803.0,29,33,104.77,0.949,20260226_279_Gen_Alg_10_8_2_Colorado2025-greenBox_x000512_y010240
Unknown_Sample,20260226_279_Gen_Alg_10_8_2_Colorado2025-greenBox.czi,Gen_alg,452.5,1132.0,10248.0,37,20,99.46,0.945,20260226_279_Gen_Alg_10_8_2_Colorado2025-greenBox_x000512_y010240
Unknown_Sample,20260226_279_Gen_Alg_10_8_2_Colorado2025-greenBox.czi,Gen_alg,409.79,659.0,10628.0,21,33,91.7,0.924,20260226_279_Gen_Alg_10_8_2_Colorado2025-greenBox_x000512_y010240
Unknown_Sample,20260226_279_Gen_Alg_10_8_2_Colorado2025-greenBox.czi,Gen_alg,332.06,1004.0,10586.0,22,27,82.87,0.915,20260226_279_Gen_Alg_10_8_2_Colorado2025-greenBox_x000512_y010240
Unknown_Sample,20260226_279_Gen_Alg_10_8_2_Colorado2025-greenBox.czi,Gen_alg,880.37,1164.0,10460.0,37,39,125.74,0.962,20260226_279_Gen_Alg_10_8_2_Colorado2025-greenBox_x001024_y010240
Unknown_Sample,20260226_279_Gen_Alg_10_8_2_Colorado2025-greenBox.czi,Gen_alg,591.4,1268.0,10499.0,30,32,103.01,0.96,20260226_279_Gen_Alg_10_8_2_Colorado2025-greenBox_x001024_y010240
Unknown_Sample,20260226_279_Gen_Alg_10_8_2_Colorado2025-greenBox.czi,Gen_alg,457.5,1131.0,10248.0,38,20,100.87,0.952,20260226_279_Gen_Alg_10_8_2_Colorado2025-greenBox_x001024_y010240
Unknown_Sample,20260226_279_Gen_Alg_10_8_2_Colorado2025-greenBox.czi,Gen_alg,784.17,2026.0,10399.0,36,36,118.91,0.963,20260226_279_Gen_Alg_10_8_2_Colorado2025-greenBox_x001536_y010240
Unknown_Sample,20260226_279_Gen_Alg_10_8_2_Colorado2025-greenBox.czi,Gen_alg,348.61,1773.0,10577.0,19,31,84.28,0.945,20260226_279_Gen_Alg_10_8_2_Colorado2025-greenBox_x001536_y010240
Unknown_Sample,20260226_279_Gen_Alg_10_8_2_Colorado2025-greenBox.czi,Gen_alg,866.9,2360.0,10642.0,39,37,127.5,0.964,20260226_279_Gen_Alg_10_8_2_Colorado2025-greenBox_x002048_y010240
Unknown_Sample,20260226_279_Gen_Alg_10_8_2_Colorado2025-greenBox.czi,Gen_alg,956.94,2959.0,10512.0,40,40,133.15,0.969,20260226_279_Gen_Alg_10_8_2_Colorado2025-greenBox_x002560_y010240
Unknown_Sample,20260226_279_Gen_Alg_10_8_2_Colorado2025-greenBox.czi,Gen_alg,869.6,2865.0,10659.0,38,38,125.74,0.961,20260226_279_Gen_Alg_10_8_2_Colorado2025-greenBox_x002560_y010240
Unknown_Sample,20260226_279_Gen_Alg_10_8_2_Colorado2025-greenBox.czi,Gen_alg,950.01,3121.0,10851.0,39,40,132.33,0.959,20260226_279_Gen_Alg_10_8_2_Colorado2025-greenBox_x002560_y010240
Unknown_Sample,20260226_279_Gen_Alg_10_8_2_Colorado2025-greenBox.czi,Gen_alg,716.45,3061.0,10287.0,34,35,115.25,0.957,20260226_279_Gen_Alg_10_8_2_Colorado2025-greenBox_x002560_y010240
Unknown_Sample,20260226_279_Gen_Alg_10_8_2_Colorado2025-greenBox.czi,Gen_alg,964.64,3518.0,10333.0,42,38,133.15,0.964,20260226_279_Gen_Alg_10_8_2_Colorado2025-greenBox_x003072_y010240
Unknown_Sample,20260226_279_Gen_Alg_10_8_2_Colorado2025-greenBox.czi,Gen_alg,867.67,3494.0,10646.0,36,40,126.33,0.962,20260226_279_Gen_Alg_10_8_2_Colorado2025-greenBox_x003072_y010240
Unknown_Sample,20260226_279_Gen_Alg_10_8_2_Colorado2025-greenBox.czi,Gen_alg,950.78,3121.0,10851.0,39,40,132.33,0.959,20260226_279_Gen_Alg_10_8_2_Colorado2025-greenBox_x003072_y010240
Unknown_Sample,20260226_279_Gen_Alg_10_8_2_Colorado2025-greenBox.czi,Gen_alg,834.97,3449.0,10415.0,38,37,123.74,0.958,20260226_279_Gen_Alg_10_8_2_Colorado2025-greenBox_x003072_y010240
Unknown_Sample,20260226_279_Gen_Alg_10_8_2_Colorado2025-greenBox.czi,Gen_alg,713.76,3284.0,10355.0,36,33,115.84,0.949,20260226_279_Gen_Alg_10_8_2_Colorado2025-greenBox_x003072_y010240
Unknown_Sample,20260226_279_Gen_Alg_10_8_2_Colorado2025-greenBox.czi,Gen_alg,816.11,3253.0,10387.0,37,38,123.15,0.94,20260226_279_Gen_Alg_10_8_2_Colorado2025-greenBox_x003072_y010240
Unknown_Sample,20260226_279_Gen_Alg_10_8_2_Colorado2025-greenBox.czi,Gen_alg,642.58,3290.0,10393.0,37,32,111.74,0.911,20260226_279_Gen_Alg_10_8_2_Colorado2025-greenBox_x003072_y010240
Unknown_Sample,20260226_279_Gen_Alg_10_8_2_Colorado2025-greenBox.czi,Gen_alg,899.22,3951.0,10514.0,38,40,127.98,0.962,20260226_279_Gen_Alg_10_8_2_Colorado2025-greenBox_x003584_y010240
Unknown_Sample,20260226_279_Gen_Alg_10_8_2_Colorado2025-greenBox.czi,Gen_alg,881.91,3777.0,10643.0,38,38,126.91,0.961,20260226_279_Gen_Alg_10_8_2_Colorado2025-greenBox_x003584_y010240
Unknown_Sample,20260226_279_Gen_Alg_10_8_2_Colorado2025-greenBox.czi,Gen_alg,635.27,3848.0,10275.0,35,30,107.84,0.96,20260226_279_Gen_Alg_10_8_2_Colorado2025-greenBox_x003584_y010240
Unknown_Sample,20260226_279_Gen_Alg_10_8_2_Colorado2025-greenBox.czi,Gen_alg,867.67,4669.0,10725.0,39,37,125.15,0.963,20260226_279_Gen_Alg_10_8_2_Colorado2025-greenBox_x004096_y010240
Unknown_Sample,20260226_279_Gen_Alg_10_8_2_Colorado2025-greenBox.czi,Gen_alg,746.08,4400.0,10459.0,36,35,119.84,0.962,20260226_279_Gen_Alg_10_8_2_Colorado2025-greenBox_x004096_y010240
Unknown_Sample,20260226_279_Gen_Alg_10_8_2_Colorado2025-greenBox.czi,Gen_alg,754.55,4593.0,10637.0,34,37,117.5,0.961,20260226_279_Gen_Alg_10_8_2_Colorado2025-greenBox_x004096_y010240
Unknown_Sample,20260226_279_Gen_Alg_10_8_2_Colorado2025-greenBox.czi,Gen_alg,949.24,4253.0,10846.0,41,38,132.33,0.961,20260226_279_Gen_Alg_10_8_2_Colorado2025-greenBox_x004096_y010240
Unknown_Sample,20260226_279_Gen_Alg_10_8_2_Colorado2025-greenBox.czi,Gen_alg,831.12,4450.0,10386.0,36,39,124.91,0.957,20260226_279_Gen_Alg_10_8_2_Colorado2025-greenBox_x004096_y010240
Unknown_Sample,20260226_279_Gen_Alg_10_8_2_Colorado2025-greenBox.czi,Gen_alg,290.51,4518.0,10246.0,33,15,83.21,0.941,20260226_279_Gen_Alg_10_8_2_Colorado2025-greenBox_x004096_y010240
Unknown_Sample,20260226_279_Gen_Alg_10_8_2_Colorado2025-greenBox.czi,Gen_alg,817.27,4570.0,10817.0,35,41,136.12,0.939,20260226_279_Gen_Alg_10_8_2_Colorado2025-greenBox_x004096_y010240
Unknown_Sample,20260226_279_Gen_Alg_10_8_2_Colorado2025-greenBox.czi,Gen_alg,374.39,4652.0,10872.0,40,17,97.7,0.898,20260226_279_Gen_Alg_10_8_2_Colorado2025-greenBox_x004096_y010240
Unknown_Sample,20260226_279_Gen_Alg_10_8_2_Colorado2025-greenBox.czi,Gen_alg,399.01,4569.0,10787.0,32,22,89.36,0.885,20260226_279_Gen_Alg_10_8_2_Colorado2025-greenBox_x004096_y010240
Unknown_Sample,20260226_279_Gen_Alg_10_8_2_Colorado2025-greenBox.czi,Gen_alg,780.71,5111.0,10353.0,35,37,119.5,0.965,20260226_279_Gen_Alg_10_8_2_Colorado2025-greenBox_x004608_y010240
Unknown_Sample,20260226_279_Gen_Alg_10_8_2_Colorado2025-greenBox.czi,Gen_alg,645.27,5114.0,10697.0,31,35,108.67,0.964,20260226_279_Gen_Alg_10_8_2_Colorado2025-greenBox_x004608_y010240
Unknown_Sample,20260226_279_Gen_Alg_10_8_2_Colorado2025-greenBox.czi,Gen_alg,748.01,5041.0,10352.0,35,35,117.25,0.963,20260226_279_Gen_Alg_10_8_2_Colorado2025-greenBox_x004608_y010240
Unknown_Sample,20260226_279_Gen_Alg_10_8_2_Colorado2025-greenBox.czi,Gen_alg,867.67,4669.0,10725.0,39,37,125.15,0.963,20260226_279_Gen_Alg_10_8_2_Colorado2025-greenBox_x004608_y010240
Unknown_Sample,20260226_279_Gen_Alg_10_8_2_Colorado2025-greenBox.czi,Gen_alg,784.94,4769.0,10678.0,36,36,118.91,0.963,20260226_279_Gen_Alg_10_8_2_Colorado2025-greenBox_x004608_y010240
Unknown_Sample,20260226_279_Gen_Alg_10_8_2_Colorado2025-greenBox.czi,Gen_alg,619.49,4836.0,10613.0,32,33,107.25,0.963,20260226_279_Gen_Alg_10_8_2_Colorado2025-greenBox_x004608_y010240
Unknown_Sample,20260226_279_Gen_Alg_10_8_2_Colorado2025-greenBox.czi,Gen_alg,797.64,4976.0,10314.0,38,34,120.67,0.962,20260226_279_Gen_Alg_10_8_2_Colorado2025-greenBox_x004608_y010240
Unknown_Sample,20260226_279_Gen_Alg_10_8_2_Colorado2025-greenBox.czi,Gen_alg,679.13,4897.0,10497.0,33,34,111.84,0.961,20260226_279_Gen_Alg_10_8_2_Colorado2025-greenBox_x004608_y010240
Unknown_Sample,20260226_279_Gen_Alg_10_8_2_Colorado2025-greenBox.czi,Gen_alg,883.45,5072.0,10653.0,37,39,125.74,0.96,20260226_279_Gen_Alg_10_8_2_Colorado2025-greenBox_x004608_y010240
Unknown_Sample,20260226_279_Gen_Alg_10_8_2_Colorado2025-greenBox.czi,Gen_alg,827.65,5014.0,10863.0,39,33,125.36,0.957,20260226_279_Gen_Alg_10_8_2_Colorado2025-greenBox_x004608_y010240
Unknown_Sample,20260226_279_Gen_Alg_10_8_2_Colorado2025-greenBox.czi,Gen_alg,375.93,4652.0,10872.0,40,17,97.7,0.899,20260226_279_Gen_Alg_10_8_2_Colorado2025-greenBox_x004608_y010240
Unknown_Sample,20260226_279_Gen_Alg_10_8_2_Colorado2025-greenBox.czi,Gen_alg,876.52,5511.0,10529.0,38,38,125.74,0.967,20260226_279_Gen_Alg_10_8_2_Colorado2025-greenBox_x005120_y010240
Unknown_Sample,20260226_279_Gen_Alg_10_8_2_Colorado2025-greenBox.czi,Gen_alg,685.29,5427.0,10252.0,37,30,116.53,0.964,20260226_279_Gen_Alg_10_8_2_Colorado2025-greenBox_x005120_y010240
Unknown_Sample,20260226_279_Gen_Alg_10_8_2_Colorado2025-greenBox.czi,Gen_alg,754.16,5260.0,10794.0,34,38,117.74,0.956,20260226_279_Gen_Alg_10_8_2_Colorado2025-greenBox_x005120_y010240
Unknown_Sample,20260226_279_Gen_Alg_10_8_2_Colorado2025-greenBox.czi,Gen_alg,471.35,5312.0,10248.0,40,21,105.7,0.947,20260226_279_Gen_Alg_10_8_2_Colorado2025-greenBox_x005120_y010240
Unknown_Sample,20260226_279_Gen_Alg_10_8_2_Colorado2025-greenBox.czi,Gen_alg,697.98,5745.0,10757.0,30,36,115.11,0.945,20260226_279_Gen_Alg_10_8_2_Colorado2025-greenBox_x005120_y010240
Unknown_Sample,20260226_279_Gen_Alg_10_8_2_Colorado2025-greenBox.czi,Gen_alg,185.46,5124.0,10698.0,11,32,73.8,0.931,20260226_279_Gen_Alg_10_8_2_Colorado2025-greenBox_x005120_y010240
Unknown_Sample,20260226_279_Gen_Alg_10_8_2_Colorado2025-greenBox.czi,Gen_alg,832.27,6240.0,10589.0,35,39,123.5,0.965,20260226_279_Gen_Alg_10_8_2_Colorado2025-greenBox_x005632_y010240
Unknown_Sample,20260226_279_Gen_Alg_10_8_2_Colorado2025-greenBox.czi,Gen_alg,935.39,5914.0,10719.0,40,39,129.98,0.963,20260226_279_Gen_Alg_10_8_2_Colorado2025-greenBox_x005632_y010240
Unknown_Sample,20260226_279_Gen_Alg_10_8_2_Colorado2025-greenBox.czi,Gen_alg,949.63,6219.0,10385.0,40,40,131.4,0.961,20260226_279_Gen_Alg_10_8_2_Colorado2025-greenBox_x005632_y010240
Unknown_Sample,20260226_279_Gen_Alg_10_8_2_Colorado2025-greenBox.czi,Gen_alg,987.34,6018.0,10337.0,40,42,135.4,0.961,20260226_279_Gen_Alg_10_8_2_Colorado2025-greenBox_x005632_y010240
Unknown_Sample,20260226_279_Gen_Alg_10_8_2_Colorado2025-greenBox.czi,Gen_alg,773.4,5746.0,10757.0,35,36,119.25,0.959,20260226_279_Gen_Alg_10_8_2_Colorado2025-greenBox_x005632_y010240
Unknown_Sample,20260226_279_Gen_Alg_10_8_2_Colorado2025-greenBox.czi,Gen_alg,685.67,6142.0,10787.0,32,36,112.08,0.939,20260226_279_Gen_Alg_10_8_2_Colorado2025-greenBox_x005632_y010240
Unknown_Sample,20260226_279_Gen_Alg_10_8_2_Colorado2025-greenBox.czi,Gen_alg,421.72,6149.0,10754.0,23,33,92.77,0.86,20260226_279_Gen_Alg_10_8_2_Colorado2025-greenBox_x005632_y010240
Unknown_Sample,20260226_279_Gen_Alg_10_8_2_Colorado2025-greenBox.czi,Gen_alg,843.82,6241.0,10589.0,36,39,124.33,0.964,20260226_279_Gen_Alg_10_8_2_Colorado2025-greenBox_x006144_y010240
Unknown_Sample,20260226_279_Gen_Alg_10_8_2_Colorado2025-greenBox.czi,Gen_alg,804.18,6620.0,10425.0,37,36,120.91,0.964,20260226_279_Gen_Alg_10_8_2_Colorado2025-greenBox_x006144_y010240
Unknown_Sample,20260226_279_Gen_Alg_10_8_2_Colorado2025-greenBox.czi,Gen_alg,918.85,6370.0,10490.0,41,38,130.57,0.964,20260226_279_Gen_Alg_10_8_2_Colorado2025-greenBox_x006144_y010240
Unknown_Sample,20260226_279_Gen_Alg_10_8_2_Colorado2025-greenBox.czi,Gen_alg,817.27,6587.0,10584.0,36,37,120.91,0.962,20260226_279_Gen_Alg_10_8_2_Colorado2025-greenBox_x006144_y010240
Unknown_Sample,20260226_279_Gen_Alg_10_8_2_Colorado2025-greenBox.czi,Gen_alg,625.65,6691.0,10703.0,31,34,107.25,0.961,20260226_279_Gen_Alg_10_8_2_Colorado2025-greenBox_x006144_y010240
Unknown_Sample,20260226_279_Gen_Alg_10_8_2_Colorado2025-greenBox.czi,Gen_alg,949.63,6219.0,10385.0,40,40,131.4,0.961,20260226_279_Gen_Alg_10_8_2_Colorado2025-greenBox_x006144_y010240
Unknown_Sample,20260226_279_Gen_Alg_10_8_2_Colorado2025-greenBox.czi,Gen_alg,588.71,6479.0,10250.0,37,26,110.28,0.96,20260226_279_Gen_Alg_10_8_2_Colorado2025-greenBox_x006144_y010240
Unknown_Sample,20260226_279_Gen_Alg_10_8_2_Colorado2025-greenBox.czi,Gen_alg,810.72,6470.0,10332.0,37,36,121.5,0.959,20260226_279_Gen_Alg_10_8_2_Colorado2025-greenBox_x006144_y010240
Unknown_Sample,20260226_279_Gen_Alg_10_8_2_Colorado2025-greenBox.czi,Gen_alg,729.92,6608.0,10511.0,35,36,116.33,0.94,20260226_279_Gen_Alg_10_8_2_Colorado2025-greenBox_x006144_y010240
Unknown_Sample,20260226_279_Gen_Alg_10_8_2_Colorado2025-greenBox.czi,Gen_alg,621.8,6602.0,10545.0,32,33,107.25,0.907,20260226_279_Gen_Alg_10_8_2_Colorado2025-greenBox_x006144_y010240
Unknown_Sample,20260226_279_Gen_Alg_10_8_2_Colorado2025-greenBox.czi,Gen_alg,290.12,6150.0,10787.0,15,36,88.63,0.904,20260226_279_Gen_Alg_10_8_2_Colorado2025-greenBox_x006144_y010240
Unknown_Sample,20260226_279_Gen_Alg_10_8_2_Colorado2025-greenBox.czi,Gen_alg,362.46,6626.0,10534.0,26,25,85.11,0.871,20260226_279_Gen_Alg_10_8_2_Colorado2025-greenBox_x006144_y010240
Unknown_Sample,20260226_279_Gen_Alg_10_8_2_Colorado2025-greenBox.czi,Gen_alg,326.29,6151.0,10752.0,18,32,86.63,0.679,20260226_279_Gen_Alg_10_8_2_Colorado2025-greenBox_x006144_y010240
Unknown_Sample,20260226_279_Gen_Alg_10_8_2_Colorado2025-greenBox.czi,Gen_alg,682.98,7020.0,10455.0,34,33,111.84,0.964,20260226_279_Gen_Alg_10_8_2_Colorado2025-greenBox_x006656_y010240
Unknown_Sample,20260226_279_Gen_Alg_10_8_2_Colorado2025-greenBox.czi,Gen_alg,624.49,6691.0,10703.0,31,34,106.67,0.961,20260226_279_Gen_Alg_10_8_2_Colorado2025-greenBox_x006656_y010240
Unknown_Sample,20260226_279_Gen_Alg_10_8_2_Colorado2025-greenBox.czi,Gen_alg,992.72,7098.0,10621.0,42,40,135.4,0.961,20260226_279_Gen_Alg_10_8_2_Colorado2025-greenBox_x006656_y010240
Unknown_Sample,20260226_279_Gen_Alg_10_8_2_Colorado2025-greenBox.czi,Gen_alg,990.8,7083.0,10783.0,42,39,133.98,0.961,20260226_279_Gen_Alg_10_8_2_Colorado2025-greenBox_x006656_y010240
Unknown_Sample,20260226_279_Gen_Alg_10_8_2_Colorado2025-greenBox.czi,Gen_alg,721.07,7067.0,10826.0,36,33,115.25,0.961,20260226_279_Gen_Alg_10_8_2_Colorado2025-greenBox_x006656_y010240
Unknown_Sample,20260226_279_Gen_Alg_10_8_2_Colorado2025-greenBox.czi,Gen_alg,832.27,7029.0,10324.0,37,37,122.33,0.96,20260226_279_Gen_Alg_10_8_2_Colorado2025-greenBox_x006656_y010240
Unknown_Sample,20260226_279_Gen_Alg_10_8_2_Colorado2025-greenBox.czi,Gen_alg,1068.91,6886.0,10720.0,46,40,141.05,0.957,20260226_279_Gen_Alg_10_8_2_Colorado2025-greenBox_x006656_y010240
Unknown_Sample,20260226_279_Gen_Alg_10_8_2_Colorado2025-greenBox.czi,Gen_alg,846.89,7488.0,10694.0,37,37,124.67,0.965,20260226_279_Gen_Alg_10_8_2_Colorado2025-greenBox_x007168_y010240
Unknown_Sample,20260226_279_Gen_Alg_10_8_2_Colorado2025-greenBox.czi,Gen_alg,753.78,7591.0,10752.0,35,36,116.33,0.963,20260226_279_Gen_Alg_10_8_2_Colorado2025-greenBox_x007168_y010240
Unknown_Sample,20260226_279_Gen_Alg_10_8_2_Colorado2025-greenBox.czi,Gen_alg,781.48,7520.0,10766.0,36,36,118.33,0.963,20260226_279_Gen_Alg_10_8_2_Colorado2025-greenBox_x007168_y010240
Unknown_Sample,20260226_279_Gen_Alg_10_8_2_Colorado2025-greenBox.czi,Gen_alg,666.05,7740.0,10851.0,34,32,109.84,0.962,20260226_279_Gen_Alg_10_8_2_Colorado2025-greenBox_x007168_y010240
Unknown_Sample,20260226_279_Gen_Alg_10_8_2_Colorado2025-greenBox.czi,Gen_alg,639.5,7550.0,10291.0,31,34,108.43,0.961,20260226_279_Gen_Alg_10_8_2_Colorado2025-greenBox_x007168_y010240
Unknown_Sample,20260226_279_Gen_Alg_10_8_2_Colorado2025-greenBox.czi,Gen_alg,870.36,7651.0,10334.0,37,40,126.57,0.959,20260226_279_Gen_Alg_10_8_2_Colorado2025-greenBox_x007168_y010240
Unknown_Sample,20260226_279_Gen_Alg_10_8_2_Colorado2025-greenBox.czi,Gen_alg,863.05,7394.0,10280.0,38,38,125.15,0.956,20260226_279_Gen_Alg_10_8_2_Colorado2025-greenBox_x007168_y010240
Unknown_Sample,20260226_279_Gen_Alg_10_8_2_Colorado2025-greenBox.czi,Gen_alg,472.89,7411.0,10249.0,35,22,100.04,0.95,20260226_279_Gen_Alg_10_8_2_Colorado2025-greenBox_x007168_y010240
Unknown_Sample,20260226_279_Gen_Alg_10_8_2_Colorado2025-greenBox.czi,Gen_alg,302.05,7423.0,10715.0,19,26,76.04,0.945,20260226_279_Gen_Alg_10_8_2_Colorado2025-greenBox_x007168_y010240
Unknown_Sample,20260226_279_Gen_Alg_10_8_2_Colorado2025-greenBox.czi,Gen_alg,984.26,7982.0,10613.0,40,40,132.57,0.968,20260226_279_Gen_Alg_10_8_2_Colorado2025-greenBox_x007680_y010240
Unknown_Sample,20260226_279_Gen_Alg_10_8_2_Colorado2025-greenBox.czi,Gen_alg,708.76,8043.0,10678.0,34,34,113.25,0.964,20260226_279_Gen_Alg_10_8_2_Colorado2025-greenBox_x007680_y010240
Unknown_Sample,20260226_279_Gen_Alg_10_8_2_Colorado2025-greenBox.czi,Gen_alg,823.81,8240.0,10633.0,37,37,121.15,0.963,20260226_279_Gen_Alg_10_8_2_Colorado2025-greenBox_x007680_y010240
Unknown_Sample,20260226_279_Gen_Alg_10_8_2_Colorado2025-greenBox.czi,Gen_alg,666.05,7740.0,10851.0,34,32,109.84,0.963,20260226_279_Gen_Alg_10_8_2_Colorado2025-greenBox_x007680_y010240
Unknown_Sample,20260226_279_Gen_Alg_10_8_2_Colorado2025-greenBox.czi,Gen_alg,659.51,7911.0,10620.0,32,34,110.43,0.961,20260226_279_Gen_Alg_10_8_2_Colorado2025-greenBox_x007680_y010240
Unknown_Sample,20260226_279_Gen_Alg_10_8_2_Colorado2025-greenBox.czi,Gen_alg,785.71,8101.0,10736.0,38,35,120.91,0.961,20260226_279_Gen_Alg_10_8_2_Colorado2025-greenBox_x007680_y010240
Unknown_Sample,20260226_279_Gen_Alg_10_8_2_Colorado2025-greenBox.czi,Gen_alg,848.05,7859.0,10610.0,37,40,125.4,0.958,20260226_279_Gen_Alg_10_8_2_Colorado2025-greenBox_x007680_y010240
Unknown_Sample,20260226_279_Gen_Alg_10_8_2_Colorado2025-greenBox.czi,Gen_alg,599.87,8307.0,10588.0,26,37,110.87,0.941,20260226_279_Gen_Alg_10_8_2_Colorado2025-greenBox_x007680_y010240
Unknown_Sample,20260226_279_Gen_Alg_10_8_2_Colorado2025-greenBox.czi,Gen_alg,602.56,7831.0,10867.0,38,26,112.28,0.941,20260226_279_Gen_Alg_10_8_2_Colorado2025-greenBox_x007680_y010240
Unknown_Sample,20260226_279_Gen_Alg_10_8_2_Colorado2025-greenBox.czi,Gen_alg,843.05,8312.0,10588.0,38,37,123.15,0.966,20260226_279_Gen_Alg_10_8_2_Colorado2025-greenBox_x008192_y010240
Unknown_Sample,20260226_279_Gen_Alg_10_8_2_Colorado2025-greenBox.czi,Gen_alg,865.75,8456.0,10546.0,38,37,124.91,0.964,20260226_279_Gen_Alg_10_8_2_Colorado2025-greenBox_x008192_y010240
Unknown_Sample,20260226_279_Gen_Alg_10_8_2_Colorado2025-greenBox.czi,Gen_alg,823.81,8240.0,10633.0,37,37,121.15,0.963,20260226_279_Gen_Alg_10_8_2_Colorado2025-greenBox_x008192_y010240
Unknown_Sample,20260226_279_Gen_Alg_10_8_2_Colorado2025-greenBox.czi,Gen_alg,699.52,8645.0,10326.0,33,36,111.74,0.961,20260226_279_Gen_Alg_10_8_2_Colorado2025-greenBox_x008192_y010240
Unknown_Sample,20260226_279_Gen_Alg_10_8_2_Colorado2025-greenBox.czi,Gen_alg,162.38,8525.0,10243.0,31,10,70.97,0.926,20260226_279_Gen_Alg_10_8_2_Colorado2025-greenBox_x008192_y010240
Unknown_Sample,20260226_279_Gen_Alg_10_8_2_Colorado2025-greenBox.czi,Gen_alg,80.42,8661.0,10724.0,12,11,39.07,0.91,20260226_279_Gen_Alg_10_8_2_Colorado2025-greenBox_x008192_y010240
Unknown_Sample,20260226_279_Gen_Alg_10_8_2_Colorado2025-greenBox.czi,Gen_alg,839.58,9198.0,10319.0,36,39,124.91,0.968,20260226_279_Gen_Alg_10_8_2_Colorado2025-greenBox_x008704_y010240
Unknown_Sample,20260226_279_Gen_Alg_10_8_2_Colorado2025-greenBox.czi,Gen_alg,774.56,9140.0,10713.0,35,36,118.67,0.962,20260226_279_Gen_Alg_10_8_2_Colorado2025-greenBox_x008704_y010240
Unknown_Sample,20260226_279_Gen_Alg_10_8_2_Colorado2025-greenBox.czi,Gen_alg,723.0,9257.0,10667.0,37,33,116.67,0.959,20260226_279_Gen_Alg_10_8_2_Colorado2025-greenBox_x008704_y010240
Unknown_Sample,20260226_279_Gen_Alg_10_8_2_Colorado2025-greenBox.czi,Gen_alg,436.34,9171.0,10249.0,31,23,94.63,0.959,20260226_279_Gen_Alg_10_8_2_Colorado2025-greenBox_x008704_y010240
Unknown_Sample,20260226_279_Gen_Alg_10_8_2_Colorado2025-greenBox.czi,Gen_alg,977.33,9508.0,10344.0,39,40,132.91,0.962,20260226_279_Gen_Alg_10_8_2_Colorado2025-greenBox_x009216_y010240
Unknown_Sample,20260226_279_Gen_Alg_10_8_2_Colorado2025-greenBox.czi,Gen_alg,734.92,9806.0,10351.0,34,36,116.08,0.961,20260226_279_Gen_Alg_10_8_2_Colorado2025-greenBox_x009216_y010240
Unknown_Sample,20260226_279_Gen_Alg_10_8_2_Colorado2025-greenBox.czi,Gen_alg,557.16,9762.0,10550.0,31,30,101.6,0.961,20260226_279_Gen_Alg_10_8_2_Colorado2025-greenBox_x009216_y010240
Unknown_Sample,20260226_279_Gen_Alg_10_8_2_Colorado2025-greenBox.czi,Gen_alg,719.53,9458.0,10349.0,35,34,114.08,0.961,20260226_279_Gen_Alg_10_8_2_Colorado2025-greenBox_x009216_y010240
Unknown_Sample,20260226_279_Gen_Alg_10_8_2_Colorado2025-greenBox.czi,Gen_alg,729.92,9258.0,10667.0,38,33,117.5,0.96,20260226_279_Gen_Alg_10_8_2_Colorado2025-greenBox_x009216_y010240
Unknown_Sample,20260226_279_Gen_Alg_10_8_2_Colorado2025-greenBox.czi,Gen_alg,879.21,9837.0,10558.0,37,38,129.01,0.955,20260226_279_Gen_Alg_10_8_2_Colorado2025-greenBox_x009216_y010240
Unknown_Sample,20260226_279_Gen_Alg_10_8_2_Colorado2025-greenBox.czi,Gen_alg,613.72,9579.0,10864.0,33,30,106.18,0.952,20260226_279_Gen_Alg_10_8_2_Colorado2025-greenBox_x009216_y010240
Unknown_Sample,20260226_279_Gen_Alg_10_8_2_Colorado2025-greenBox.czi,Gen_alg,594.1,9542.0,10866.0,34,27,107.46,0.944,20260226_279_Gen_Alg_10_8_2_Colorado2025-greenBox_x009216_y010240
Unknown_Sample,20260226_279_Gen_Alg_10_8_2_Colorado2025-greenBox.czi,Gen_alg,901.15,9838.0,10558.0,39,38,128.91,0.965,20260226_279_Gen_Alg_10_8_2_Colorado2025-greenBox_x009728_y010240
Unknown_Sample,20260226_279_Gen_Alg_10_8_2_Colorado2025-greenBox.czi,Gen_alg,703.37,10325.0,10591.0,36,32,113.25,0.964,20260226_279_Gen_Alg_10_8_2_Colorado2025-greenBox_x009728_y010240
Unknown_Sample,20260226_279_Gen_Alg_10_8_2_Colorado2025-greenBox.czi,Gen_alg,734.92,9806.0,10351.0,34,36,116.08,0.961,20260226_279_Gen_Alg_10_8_2_Colorado2025-greenBox_x009728_y010240
Unknown_Sample,20260226_279_Gen_Alg_10_8_2_Colorado2025-greenBox.czi,Gen_alg,554.85,9763.0,10550.0,31,30,101.6,0.961,20260226_279_Gen_Alg_10_8_2_Colorado2025-greenBox_x009728_y010240
Unknown_Sample,20260226_279_Gen_Alg_10_8_2_Colorado2025-greenBox.czi,Gen_alg,627.19,10188.0,10419.0,32,33,109.6,0.96,20260226_279_Gen_Alg_10_8_2_Colorado2025-greenBox_x009728_y010240
Unknown_Sample,20260226_279_Gen_Alg_10_8_2_Colorado2025-greenBox.czi,Gen_alg,532.53,9951.0,10249.0,37,23,105.46,0.957,20260226_279_Gen_Alg_10_8_2_Colorado2025-greenBox_x009728_y010240
Unknown_Sample,20260226_279_Gen_Alg_10_8_2_Colorado2025-greenBox.czi,Gen_alg,747.62,9985.0,10293.0,37,34,117.5,0.957,20260226_279_Gen_Alg_10_8_2_Colorado2025-greenBox_x009728_y010240
Unknown_Sample,20260226_279_Gen_Alg_10_8_2_Colorado2025-greenBox.czi,Gen_alg,266.65,10066.0,10873.0,37,13,87.21,0.884,20260226_279_Gen_Alg_10_8_2_Colorado2025-greenBox_x009728_y010240
Unknown_Sample,20260226_279_Gen_Alg_10_8_2_Colorado2025-greenBox.czi,Gen_alg,703.37,10325.0,10591.0,36,32,113.25,0.964,20260226_279_Gen_Alg_10_8_2_Colorado2025-greenBox_x010240_y010240
Unknown_Sample,20260226_279_Gen_Alg_10_8_2_Colorado2025-greenBox.czi,Gen_alg,736.85,10799.0,10401.0,34,36,115.5,0.964,20260226_279_Gen_Alg_10_8_2_Colorado2025-greenBox_x010240_y010240
Unknown_Sample,20260226_279_Gen_Alg_10_8_2_Colorado2025-greenBox.czi,Gen_alg,794.56,10719.0,10747.0,36,36,120.67,0.964,20260226_279_Gen_Alg_10_8_2_Colorado2025-greenBox_x010240_y010240
Unknown_Sample,20260226_279_Gen_Alg_10_8_2_Colorado2025-greenBox.czi,Gen_alg,756.09,10842.0,10265.0,36,35,117.5,0.963,20260226_279_Gen_Alg_10_8_2_Colorado2025-greenBox_x010240_y010240
Unknown_Sample,20260226_279_Gen_Alg_10_8_2_Colorado2025-greenBox.czi,Gen_alg,831.12,10693.0,10798.0,37,37,121.74,0.963,20260226_279_Gen_Alg_10_8_2_Colorado2025-greenBox_x010240_y010240
Unknown_Sample,20260226_279_Gen_Alg_10_8_2_Colorado2025-greenBox.czi,Gen_alg,786.87,10745.0,10685.0,35,37,119.5,0.962,20260226_279_Gen_Alg_10_8_2_Colorado2025-greenBox_x010240_y010240
Unknown_Sample,20260226_279_Gen_Alg_10_8_2_Colorado2025-greenBox.czi,Gen_alg,736.85,10799.0,10401.0,34,36,115.5,0.964,20260226_279_Gen_Alg_10_8_2_Colorado2025-greenBox_x010752_y010240
Unknown_Sample,20260226_279_Gen_Alg_10_8_2_Colorado2025-greenBox.czi,Gen_alg,755.32,10842.0,10265.0,36,35,117.5,0.963,20260226_279_Gen_Alg_10_8_2_Colorado2025-greenBox_x010752_y010240
Unknown_Sample,20260226_279_Gen_Alg_10_8_2_Colorado2025-greenBox.czi,Gen_alg,650.27,11293.0,10755.0,32,34,109.25,0.962,20260226_279_Gen_Alg_10_8_2_Colorado2025-greenBox_x010752_y010240
Unknown_Sample,20260226_279_Gen_Alg_10_8_2_Colorado2025-greenBox.czi,Gen_alg,740.31,10911.0,10501.0,35,36,115.74,0.962,20260226_279_Gen_Alg_10_8_2_Colorado2025-greenBox_x010752_y010240
Unknown_Sample,20260226_279_Gen_Alg_10_8_2_Colorado2025-greenBox.czi,Gen_alg,599.87,11071.0,10372.0,32,31,105.01,0.959,20260226_279_Gen_Alg_10_8_2_Colorado2025-greenBox_x010752_y010240
Unknown_Sample,20260226_279_Gen_Alg_10_8_2_Colorado2025-greenBox.czi,Gen_alg,653.35,11002.0,10645.0,33,33,110.08,0.958,20260226_279_Gen_Alg_10_8_2_Colorado2025-greenBox_x010752_y010240
Unknown_Sample,20260226_279_Gen_Alg_10_8_2_Colorado2025-greenBox.czi,Gen_alg,500.59,11360.0,10258.0,28,29,95.36,0.957,20260226_279_Gen_Alg_10_8_2_Colorado2025-greenBox_x010752_y010240
Unknown_Sample,20260226_279_Gen_Alg_10_8_2_Colorado2025-greenBox.czi,Gen_alg,900.38,11346.0,10785.0,38,40,129.4,0.957,20260226_279_Gen_Alg_10_8_2_Colorado2025-greenBox_x010752_y010240
Unknown_Sample,20260226_279_Gen_Alg_10_8_2_Colorado2025-greenBox.czi,Gen_alg,219.32,10756.0,10686.0,12,33,77.8,0.936,20260226_279_Gen_Alg_10_8_2_Colorado2025-greenBox_x010752_y010240
Unknown_Sample,20260226_279_Gen_Alg_10_8_2_Colorado2025-greenBox.czi,Gen_alg,486.36,11382.0,10303.0,21,38,102.28,0.925,20260226_279_Gen_Alg_10_8_2_Colorado2025-greenBox_x010752_y010240
Unknown_Sample,20260226_279_Gen_Alg_10_8_2_Colorado2025-greenBox.czi,Gen_alg,491.36,11746.0,10712.0,28,28,94.53,0.965,20260226_279_Gen_Alg_10_8_2_Colorado2025-greenBox_x011264_y010240
Unknown_Sample,20260226_279_Gen_Alg_10_8_2_Colorado2025-greenBox.czi,Gen_alg,844.2,11388.0,10303.0,37,37,124.08,0.963,20260226_279_Gen_Alg_10_8_2_Colorado2025-greenBox_x011264_y010240
Unknown_Sample,20260226_279_Gen_Alg_10_8_2_Colorado2025-greenBox.czi,Gen_alg,649.5,11293.0,10755.0,32,34,109.25,0.963,20260226_279_Gen_Alg_10_8_2_Colorado2025-greenBox_x011264_y010240
Unknown_Sample,20260226_279_Gen_Alg_10_8_2_Colorado2025-greenBox.czi,Gen_alg,551.77,11744.0,10541.0,31,30,100.43,0.959,20260226_279_Gen_Alg_10_8_2_Colorado2025-greenBox_x011264_y010240
Unknown_Sample,20260226_279_Gen_Alg_10_8_2_Colorado2025-greenBox.czi,Gen_alg,616.03,11765.0,10351.0,32,32,105.84,0.958,20260226_279_Gen_Alg_10_8_2_Colorado2025-greenBox_x011264_y010240
Unknown_Sample,20260226_279_Gen_Alg_10_8_2_Colorado2025-greenBox.czi,Gen_alg,586.01,11788.0,10591.0,39,25,107.01,0.958,20260226_279_Gen_Alg_10_8_2_Colorado2025-greenBox_x011264_y010240
Unknown_Sample,20260226_279_Gen_Alg_10_8_2_Colorado2025-greenBox.czi,Gen_alg,671.82,11638.0,10317.0,34,33,111.25,0.958,20260226_279_Gen_Alg_10_8_2_Colorado2025-greenBox_x011264_y010240
Unknown_Sample,20260226_279_Gen_Alg_10_8_2_Colorado2025-greenBox.czi,Gen_alg,499.44,11360.0,10258.0,28,29,95.94,0.958,20260226_279_Gen_Alg_10_8_2_Colorado2025-greenBox_x011264_y010240
Unknown_Sample,20260226_279_Gen_Alg_10_8_2_Colorado2025-greenBox.czi,Gen_alg,900.38,11346.0,10785.0,38,40,129.4,0.957,20260226_279_Gen_Alg_10_8_2_Colorado2025-greenBox_x011264_y010240
Unknown_Sample,20260226_279_Gen_Alg_10_8_2_Colorado2025-greenBox.czi,Gen_alg,693.37,11570.0,10365.0,35,33,112.08,0.957,20260226_279_Gen_Alg_10_8_2_Colorado2025-greenBox_x011264_y010240
Unknown_Sample,20260226_279_Gen_Alg_10_8_2_Colorado2025-greenBox.czi,Gen_alg,634.88,11817.0,10866.0,36,28,112.28,0.946,20260226_279_Gen_Alg_10_8_2_Colorado2025-greenBox_x011264_y010240
Unknown_Sample,20260226_279_Gen_Alg_10_8_2_Colorado2025-greenBox.czi,Gen_alg,412.48,11893.0,10554.0,22,30,91.8,0.927,20260226_279_Gen_Alg_10_8_2_Colorado2025-greenBox_x011264_y010240
Unknown_Sample,20260226_279_Gen_Alg_10_8_2_Colorado2025-greenBox.czi,Gen_alg,269.34,11400.0,10873.0,33,14,81.8,0.883,20260226_279_Gen_Alg_10_8_2_Colorado2025-greenBox_x011264_y010240
Unknown_Sample,20260226_279_Gen_Alg_10_8_2_Colorado2025-greenBox.czi,Gen_alg,519.45,11790.0,10591.0,33,25,101.46,0.966,20260226_279_Gen_Alg_10_8_2_Colorado2025-greenBox_x011776_y010240
Unknown_Sample,20260226_279_Gen_Alg_10_8_2_Colorado2025-greenBox.czi,Gen_alg,748.01,11920.0,10656.0,34,37,116.91,0.964,20260226_279_Gen_Alg_10_8_2_Colorado2025-greenBox_x011776_y010240
Unknown_Sample,20260226_279_Gen_Alg_10_8_2_Colorado2025-greenBox.czi,Gen_alg,794.95,12141.0,10400.0,35,37,121.25,0.964,20260226_279_Gen_Alg_10_8_2_Colorado2025-greenBox_x011776_y010240
Unknown_Sample,20260226_279_Gen_Alg_10_8_2_Colorado2025-greenBox.czi,Gen_alg,647.58,12235.0,10437.0,33,33,109.84,0.962,20260226_279_Gen_Alg_10_8_2_Colorado2025-greenBox_x011776_y010240
Unknown_Sample,20260226_279_Gen_Alg_10_8_2_Colorado2025-greenBox.czi,Gen_alg,618.34,11975.0,10323.0,32,31,106.18,0.961,20260226_279_Gen_Alg_10_8_2_Colorado2025-greenBox_x011776_y010240
Unknown_Sample,20260226_279_Gen_Alg_10_8_2_Colorado2025-greenBox.czi,Gen_alg,679.52,12144.0,10607.0,34,33,111.25,0.961,20260226_279_Gen_Alg_10_8_2_Colorado2025-greenBox_x011776_y010240
Unknown_Sample,20260226_279_Gen_Alg_10_8_2_Colorado2025-greenBox.czi,Gen_alg,750.31,12226.0,10594.0,35,35,116.08,0.959,20260226_279_Gen_Alg_10_8_2_Colorado2025-greenBox_x011776_y010240
Unknown_Sample,20260226_279_Gen_Alg_10_8_2_Colorado2025-greenBox.czi,Gen_alg,566.01,11897.0,10554.0,31,30,102.18,0.957,20260226_279_Gen_Alg_10_8_2_Colorado2025-greenBox_x011776_y010240
Unknown_Sample,20260226_279_Gen_Alg_10_8_2_Colorado2025-greenBox.czi,Gen_alg,398.24,12237.0,10248.0,34,20,94.04,0.953,20260226_279_Gen_Alg_10_8_2_Colorado2025-greenBox_x011776_y010240
Unknown_Sample,20260226_279_Gen_Alg_10_8_2_Colorado2025-greenBox.czi,Gen_alg,634.5,11817.0,10866.0,36,28,111.7,0.946,20260226_279_Gen_Alg_10_8_2_Colorado2025-greenBox_x011776_y010240
Unknown_Sample,20260226_279_Gen_Alg_10_8_2_Colorado2025-greenBox.czi,Gen_alg,777.63,12630.0,10358.0,36,35,118.67,0.964,20260226_279_Gen_Alg_10_8_2_Colorado2025-greenBox_x012288_y010240
Unknown_Sample,20260226_279_Gen_Alg_10_8_2_Colorado2025-greenBox.czi,Gen_alg,555.62,12729.0,10690.0,31,30,101.6,0.956,20260226_279_Gen_Alg_10_8_2_Colorado2025-greenBox_x012288_y010240
Unknown_Sample,20260226_279_Gen_Alg_10_8_2_Colorado2025-greenBox.czi,Gen_alg,663.74,12632.0,10806.0,33,34,110.67,0.954,20260226_279_Gen_Alg_10_8_2_Colorado2025-greenBox_x012288_y010240
Unknown_Sample,20260226_279_Gen_Alg_10_8_2_Colorado2025-greenBox.czi,Gen_alg,566.78,12915.0,10862.0,26,34,106.04,0.932,20260226_279_Gen_Alg_10_8_2_Colorado2025-greenBox_x012288_y010240
Unknown_Sample,20260226_279_Gen_Alg_10_8_2_Colorado2025-greenBox.czi,Gen_alg,600.25,12963.0,10756.0,32,31,105.6,0.962,20260226_279_Gen_Alg_10_8_2_Colorado2025-greenBox_x012800_y010240
Unknown_Sample,20260226_279_Gen_Alg_10_8_2_Colorado2025-greenBox.czi,Gen_alg,809.19,13133.0,10427.0,37,36,120.33,0.962,20260226_279_Gen_Alg_10_8_2_Colorado2025-greenBox_x012800_y010240
Unknown_Sample,20260226_279_Gen_Alg_10_8_2_Colorado2025-greenBox.czi,Gen_alg,878.06,12940.0,10579.0,40,37,126.57,0.961,20260226_279_Gen_Alg_10_8_2_Colorado2025-greenBox_x012800_y010240
Unknown_Sample,20260226_279_Gen_Alg_10_8_2_Colorado2025-greenBox.czi,Gen_alg,861.52,13148.0,10530.0,37,38,126.67,0.96,20260226_279_Gen_Alg_10_8_2_Colorado2025-greenBox_x012800_y010240
Unknown_Sample,20260226_279_Gen_Alg_10_8_2_Colorado2025-greenBox.czi,Gen_alg,614.87,13334.0,10354.0,32,32,106.43,0.956,20260226_279_Gen_Alg_10_8_2_Colorado2025-greenBox_x012800_y010240
Unknown_Sample,20260226_279_Gen_Alg_10_8_2_Colorado2025-greenBox.czi,Gen_alg,664.51,12917.0,10862.0,32,34,111.01,0.948,20260226_279_Gen_Alg_10_8_2_Colorado2025-greenBox_x012800_y010240
Unknown_Sample,20260226_279_Gen_Alg_10_8_2_Colorado2025-greenBox.czi,Gen_alg,770.71,13897.0,10280.0,36,35,119.84,0.961,20260226_279_Gen_Alg_10_8_2_Colorado2025-greenBox_x013312_y010240
Unknown_Sample,20260226_279_Gen_Alg_10_8_2_Colorado2025-greenBox.czi,Gen_alg,736.46,13479.0,10682.0,35,36,116.91,0.961,20260226_279_Gen_Alg_10_8_2_Colorado2025-greenBox_x013312_y010240
Unknown_Sample,20260226_279_Gen_Alg_10_8_2_Colorado2025-greenBox.czi,Gen_alg,517.14,13749.0,10273.0,30,28,97.94,0.959,20260226_279_Gen_Alg_10_8_2_Colorado2025-greenBox_x013312_y010240
Unknown_Sample,20260226_279_Gen_Alg_10_8_2_Colorado2025-greenBox.czi,Gen_alg,556.39,13884.0,10688.0,30,30,99.6,0.959,20260226_279_Gen_Alg_10_8_2_Colorado2025-greenBox_x013312_y010240
Unknown_Sample,20260226_279_Gen_Alg_10_8_2_Colorado2025-greenBox.czi,Gen_alg,586.4,13529.0,10448.0,32,31,104.43,0.959,20260226_279_Gen_Alg_10_8_2_Colorado2025-greenBox_x013312_y010240
Unknown_Sample,20260226_279_Gen_Alg_10_8_2_Colorado2025-greenBox.czi,Gen_alg,679.52,13911.0,10845.0,33,33,111.6,0.958,20260226_279_Gen_Alg_10_8_2_Colorado2025-greenBox_x013312_y010240
Unknown_Sample,20260226_279_Gen_Alg_10_8_2_Colorado2025-greenBox.czi,Gen_alg,615.64,13334.0,10354.0,32,32,106.43,0.956,20260226_279_Gen_Alg_10_8_2_Colorado2025-greenBox_x013312_y010240
Unknown_Sample,20260226_279_Gen_Alg_10_8_2_Colorado2025-greenBox.czi,Gen_alg,540.23,13535.0,10852.0,30,30,98.43,0.956,20260226_279_Gen_Alg_10_8_2_Colorado2025-greenBox_x013312_y010240
Unknown_Sample,20260226_279_Gen_Alg_10_8_2_Colorado2025-greenBox.czi,Gen_alg,582.94,13939.0,10656.0,26,35,108.04,0.933,20260226_279_Gen_Alg_10_8_2_Colorado2025-greenBox_x013312_y010240
Unknown_Sample,20260226_279_Gen_Alg_10_8_2_Colorado2025-greenBox.czi,Gen_alg,770.71,13897.0,10280.0,36,35,119.84,0.961,20260226_279_Gen_Alg_10_8_2_Colorado2025-greenBox_x013824_y010240
Unknown_Sample,20260226_279_Gen_Alg_10_8_2_Colorado2025-greenBox.czi,Gen_alg,691.83,13985.0,10497.0,34,33,111.25,0.96,20260226_279_Gen_Alg_10_8_2_Colorado2025-greenBox_x013824_y010240
Unknown_Sample,20260226_279_Gen_Alg_10_8_2_Colorado2025-greenBox.czi,Gen_alg,754.93,14039.0,10667.0,35,37,118.91,0.96,20260226_279_Gen_Alg_10_8_2_Colorado2025-greenBox_x013824_y010240
Unknown_Sample,20260226_279_Gen_Alg_10_8_2_Colorado2025-greenBox.czi,Gen_alg,556.39,13884.0,10688.0,30,30,99.6,0.959,20260226_279_Gen_Alg_10_8_2_Colorado2025-greenBox_x013824_y010240
Unknown_Sample,20260226_279_Gen_Alg_10_8_2_Colorado2025-greenBox.czi,Gen_alg,674.13,14255.0,10296.0,35,32,111.25,0.958,20260226_279_Gen_Alg_10_8_2_Colorado2025-greenBox_x013824_y010240
Unknown_Sample,20260226_279_Gen_Alg_10_8_2_Colorado2025-greenBox.czi,Gen_alg,601.79,14420.0,10617.0,31,32,104.43,0.958,20260226_279_Gen_Alg_10_8_2_Colorado2025-greenBox_x013824_y010240
Unknown_Sample,20260226_279_Gen_Alg_10_8_2_Colorado2025-greenBox.czi,Gen_alg,684.13,13911.0,10845.0,34,33,112.43,0.957,20260226_279_Gen_Alg_10_8_2_Colorado2025-greenBox_x013824_y010240
Unknown_Sample,20260226_279_Gen_Alg_10_8_2_Colorado2025-greenBox.czi,Gen_alg,758.39,13943.0,10656.0,36,35,118.67,0.956,20260226_279_Gen_Alg_10_8_2_Colorado2025-greenBox_x013824_y010240
Unknown_Sample,20260226_279_Gen_Alg_10_8_2_Colorado2025-greenBox.czi,Gen_alg,731.85,14079.0,10828.0,36,35,115.74,0.952,20260226_279_Gen_Alg_10_8_2_Colorado2025-greenBox_x013824_y010240
Unknown_Sample,20260226_279_Gen_Alg_10_8_2_Colorado2025-greenBox.czi,Gen_alg,918.46,14817.0,10684.0,37,41,129.15,0.966,20260226_279_Gen_Alg_10_8_2_Colorado2025-greenBox_x014336_y010240
Unknown_Sample,20260226_279_Gen_Alg_10_8_2_Colorado2025-greenBox.czi,Gen_alg,630.26,14515.0,10596.0,34,32,108.08,0.963,20260226_279_Gen_Alg_10_8_2_Colorado2025-greenBox_x014336_y010240
Unknown_Sample,20260226_279_Gen_Alg_10_8_2_Colorado2025-greenBox.czi,Gen_alg,601.79,14420.0,10617.0,31,32,104.43,0.958,20260226_279_Gen_Alg_10_8_2_Colorado2025-greenBox_x014336_y010240
Unknown_Sample,20260226_279_Gen_Alg_10_8_2_Colorado2025-greenBox.czi,Gen_alg,706.45,14809.0,10355.0,34,35,115.25,0.956,20260226_279_Gen_Alg_10_8_2_Colorado2025-greenBox_x014336_y010240
Unknown_Sample,20260226_279_Gen_Alg_10_8_2_Colorado2025-greenBox.czi,Gen_alg,818.8,14888.0,10854.0,38,36,121.74,0.952,20260226_279_Gen_Alg_10_8_2_Colorado2025-greenBox_x014336_y010240
Unknown_Sample,20260226_279_Gen_Alg_10_8_2_Colorado2025-greenBox.czi,Gen_alg,546.0,14805.0,10866.0,31,27,103.21,0.948,20260226_279_Gen_Alg_10_8_2_Colorado2025-greenBox_x014336_y010240
Unknown_Sample,20260226_279_Gen_Alg_10_8_2_Colorado2025-greenBox.czi,Gen_alg,427.87,14704.0,10870.0,34,20,95.8,0.92,20260226_279_Gen_Alg_10_8_2_Colorado2025-greenBox_x014336_y010240
Unknown_Sample,20260226_279_Gen_Alg_10_8_2_Colorado2025-greenBox.czi,Gen_alg,805.72,15438.0,10516.0,36,37,122.08,0.963,20260226_279_Gen_Alg_10_8_2_Colorado2025-greenBox_x014848_y010240
Unknown_Sample,20260226_279_Gen_Alg_10_8_2_Colorado2025-greenBox.czi,Gen_alg,666.05,15044.0,10394.0,32,35,110.67,0.96,20260226_279_Gen_Alg_10_8_2_Colorado2025-greenBox_x014848_y010240
Unknown_Sample,20260226_279_Gen_Alg_10_8_2_Colorado2025-greenBox.czi,Gen_alg,591.79,15111.0,10607.0,31,32,104.43,0.957,20260226_279_Gen_Alg_10_8_2_Colorado2025-greenBox_x014848_y010240
Unknown_Sample,20260226_279_Gen_Alg_10_8_2_Colorado2025-greenBox.czi,Gen_alg,554.08,15082.0,10648.0,30,31,100.43,0.957,20260226_279_Gen_Alg_10_8_2_Colorado2025-greenBox_x014848_y010240
Unknown_Sample,20260226_279_Gen_Alg_10_8_2_Colorado2025-greenBox.czi,Gen_alg,760.7,15386.0,10299.0,35,35,119.01,0.956,20260226_279_Gen_Alg_10_8_2_Colorado2025-greenBox_x014848_y010240
Unknown_Sample,20260226_279_Gen_Alg_10_8_2_Colorado2025-greenBox.czi,Gen_alg,827.65,15182.0,10800.0,38,37,123.15,0.956,20260226_279_Gen_Alg_10_8_2_Colorado2025-greenBox_x014848_y010240
Unknown_Sample,20260226_279_Gen_Alg_10_8_2_Colorado2025-greenBox.czi,Gen_alg,671.05,15163.0,10694.0,34,33,110.08,0.955,20260226_279_Gen_Alg_10_8_2_Colorado2025-greenBox_x014848_y010240
Unknown_Sample,20260226_279_Gen_Alg_10_8_2_Colorado2025-greenBox.czi,Gen_alg,822.65,14888.0,10854.0,38,36,121.74,0.953,20260226_279_Gen_Alg_10_8_2_Colorado2025-greenBox_x014848_y010240
Unknown_Sample,20260226_279_Gen_Alg_10_8_2_Colorado2025-greenBox.czi,Gen_alg,400.55,15351.0,10247.0,37,19,96.87,0.947,20260226_279_Gen_Alg_10_8_2_Colorado2025-greenBox_x014848_y010240
Unknown_Sample,20260226_279_Gen_Alg_10_8_2_Colorado2025-greenBox.czi,Gen_alg,633.73,15697.0,10251.0,37,27,112.87,0.961,20260226_279_Gen_Alg_10_8_2_Colorado2025-greenBox_x015360_y010240
Unknown_Sample,20260226_279_Gen_Alg_10_8_2_Colorado2025-greenBox.czi,Gen_alg,826.89,15438.0,10516.0,36,38,122.33,0.959,20260226_279_Gen_Alg_10_8_2_Colorado2025-greenBox_x015360_y010240
Unknown_Sample,20260226_279_Gen_Alg_10_8_2_Colorado2025-greenBox.czi,Gen_alg,868.06,15908.0,10310.0,37,40,126.57,0.959,20260226_279_Gen_Alg_10_8_2_Colorado2025-greenBox_x015360_y010240
Unknown_Sample,20260226_279_Gen_Alg_10_8_2_Colorado2025-greenBox.czi,Gen_alg,798.41,15499.0,10705.0,35,37,120.67,0.955,20260226_279_Gen_Alg_10_8_2_Colorado2025-greenBox_x015360_y010240
Unknown_Sample,20260226_279_Gen_Alg_10_8_2_Colorado2025-greenBox.czi,Gen_alg,785.71,15386.0,10299.0,36,35,119.25,0.951,20260226_279_Gen_Alg_10_8_2_Colorado2025-greenBox_x015360_y010240
Unknown_Sample,20260226_279_Gen_Alg_10_8_2_Colorado2025-greenBox.czi,Gen_alg,405.17,15989.0,10295.0,21,30,91.56,0.918,20260226_279_Gen_Alg_10_8_2_Colorado2025-greenBox_x015360_y010240
Unknown_Sample,20260226_279_Gen_Alg_10_8_2_Colorado2025-greenBox.czi,Gen_alg,84.65,15363.0,10246.0,10,18,48.49,0.756,20260226_279_Gen_Alg_10_8_2_Colorado2025-greenBox_x015360_y010240
Unknown_Sample,20260226_279_Gen_Alg_10_8_2_Colorado2025-greenBox.czi,Gen_alg,866.9,15908.0,10310.0,37,40,125.98,0.959,20260226_279_Gen_Alg_10_8_2_Colorado2025-greenBox_x015872_y010240
Unknown_Sample,20260226_279_Gen_Alg_10_8_2_Colorado2025-greenBox.czi,Gen_alg,770.32,16177.0,10475.0,36,35,119.25,0.959,20260226_279_Gen_Alg_10_8_2_Colorado2025-greenBox_x015872_y010240
Unknown_Sample,20260226_279_Gen_Alg_10_8_2_Colorado2025-greenBox.czi,Gen_alg,668.74,16163.0,10607.0,32,35,110.08,0.955,20260226_279_Gen_Alg_10_8_2_Colorado2025-greenBox_x015872_y010240
Unknown_Sample,20260226_279_Gen_Alg_10_8_2_Colorado2025-greenBox.czi,Gen_alg,593.71,15993.0,10295.0,31,31,104.18,0.953,20260226_279_Gen_Alg_10_8_2_Colorado2025-greenBox_x015872_y010240
Unknown_Sample,20260226_279_Gen_Alg_10_8_2_Colorado2025-greenBox.czi,Gen_alg,623.34,16320.0,10432.0,29,36,107.25,0.95,20260226_279_Gen_Alg_10_8_2_Colorado2025-greenBox_x015872_y010240
Unknown_Sample,20260226_279_Gen_Alg_10_8_2_Colorado2025-greenBox.czi,Gen_alg,701.45,16105.0,10812.0,33,35,113.84,0.942,20260226_279_Gen_Alg_10_8_2_Colorado2025-greenBox_x015872_y010240
Unknown_Sample,20260226_279_Gen_Alg_10_8_2_Colorado2025-greenBox.czi,Gen_alg,565.62,16299.0,10807.0,33,29,102.43,0.931,20260226_279_Gen_Alg_10_8_2_Colorado2025-greenBox_x015872_y010240
Unknown_Sample,20260226_279_Gen_Alg_10_8_2_Colorado2025-greenBox.czi,Gen_alg,621.03,16499.0,10859.0,26,38,111.11,0.911,20260226_279_Gen_Alg_10_8_2_Colorado2025-greenBox_x015872_y010240
Unknown_Sample,20260226_279_Gen_Alg_10_8_2_Colorado2025-greenBox.czi,Gen_alg,960.4,16857.0,10618.0,38,41,132.91,0.947,20260226_279_Gen_Alg_10_8_2_Colorado2025-greenBox_x016384_y010240
Unknown_Sample,20260226_279_Gen_Alg_10_8_2_Colorado2025-greenBox.czi,Gen_alg,840.35,16502.0,10859.0,37,38,124.91,0.935,20260226_279_Gen_Alg_10_8_2_Colorado2025-greenBox_x016384_y010240
Unknown_Sample,20260226_279_Gen_Alg_10_8_2_Colorado2025-greenBox.czi,Gen_alg,673.36,16896.0,10866.0,36,28,114.63,0.934,20260226_279_Gen_Alg_10_8_2_Colorado2025-greenBox_x016384_y010240
Unknown_Sample,20260226_279_Gen_Alg_10_8_2_Colorado2025-greenBox.czi,Gen_alg,360.92,16904.0,10866.0,20,28,86.14,0.926,20260226_279_Gen_Alg_10_8_2_Colorado2025-greenBox_x016896_y010240
Unknown_Sample,20260226_279_Gen_Alg_10_8_2_Colorado2025-greenBox.czi,Gen_alg,586.01,751.0,10803.0,29,33,104.18,0.947,20260226_279_Gen_Alg_10_8_2_Colorado2025-greenBox_x000512_y010752
Unknown_Sample,20260226_279_Gen_Alg_10_8_2_Colorado2025-greenBox.czi,Gen_alg,791.1,1673.0,11049.0,37,36,120.91,0.961,20260226_279_Gen_Alg_10_8_2_Colorado2025-greenBox_x001536_y010752
Unknown_Sample,20260226_279_Gen_Alg_10_8_2_Colorado2025-greenBox.czi,Gen_alg,476.35,2121.0,11199.0,27,29,93.94,0.959,20260226_279_Gen_Alg_10_8_2_Colorado2025-greenBox_x001536_y010752
Unknown_Sample,20260226_279_Gen_Alg_10_8_2_Colorado2025-greenBox.czi,Gen_alg,884.6,2247.0,11040.0,39,37,126.33,0.967,20260226_279_Gen_Alg_10_8_2_Colorado2025-greenBox_x002048_y010752
Unknown_Sample,20260226_279_Gen_Alg_10_8_2_Colorado2025-greenBox.czi,Gen_alg,699.91,2347.0,11093.0,35,33,112.67,0.961,20260226_279_Gen_Alg_10_8_2_Colorado2025-greenBox_x002048_y010752
Unknown_Sample,20260226_279_Gen_Alg_10_8_2_Colorado2025-greenBox.czi,Gen_alg,776.86,2625.0,11307.0,35,37,119.5,0.96,20260226_279_Gen_Alg_10_8_2_Colorado2025-greenBox_x002048_y010752
Unknown_Sample,20260226_279_Gen_Alg_10_8_2_Colorado2025-greenBox.czi,Gen_alg,840.35,2476.0,10907.0,40,35,122.57,0.96,20260226_279_Gen_Alg_10_8_2_Colorado2025-greenBox_x002048_y010752
Unknown_Sample,20260226_279_Gen_Alg_10_8_2_Colorado2025-greenBox.czi,Gen_alg,612.95,2644.0,11223.0,30,33,105.01,0.959,20260226_279_Gen_Alg_10_8_2_Colorado2025-greenBox_x002048_y010752
Unknown_Sample,20260226_279_Gen_Alg_10_8_2_Colorado2025-greenBox.czi,Gen_alg,476.35,2121.0,11199.0,27,29,93.94,0.959,20260226_279_Gen_Alg_10_8_2_Colorado2025-greenBox_x002048_y010752
Unknown_Sample,20260226_279_Gen_Alg_10_8_2_Colorado2025-greenBox.czi,Gen_alg,470.2,2560.0,11259.0,34,24,95.6,0.943,20260226_279_Gen_Alg_10_8_2_Colorado2025-greenBox_x002048_y010752
Unknown_Sample,20260226_279_Gen_Alg_10_8_2_Colorado2025-greenBox.czi,Gen_alg,855.36,2995.0,11301.0,40,36,125.15,0.962,20260226_279_Gen_Alg_10_8_2_Colorado2025-greenBox_x002560_y010752
Unknown_Sample,20260226_279_Gen_Alg_10_8_2_Colorado2025-greenBox.czi,Gen_alg,948.47,3121.0,10851.0,39,40,132.33,0.961,20260226_279_Gen_Alg_10_8_2_Colorado2025-greenBox_x002560_y010752
Unknown_Sample,20260226_279_Gen_Alg_10_8_2_Colorado2025-greenBox.czi,Gen_alg,794.18,2885.0,11273.0,37,36,119.74,0.96,20260226_279_Gen_Alg_10_8_2_Colorado2025-greenBox_x002560_y010752
Unknown_Sample,20260226_279_Gen_Alg_10_8_2_Colorado2025-greenBox.czi,Gen_alg,778.4,2625.0,11307.0,35,37,119.5,0.96,20260226_279_Gen_Alg_10_8_2_Colorado2025-greenBox_x002560_y010752
Unknown_Sample,20260226_279_Gen_Alg_10_8_2_Colorado2025-greenBox.czi,Gen_alg,611.41,2644.0,11223.0,30,33,106.18,0.959,20260226_279_Gen_Alg_10_8_2_Colorado2025-greenBox_x002560_y010752
Unknown_Sample,20260226_279_Gen_Alg_10_8_2_Colorado2025-greenBox.czi,Gen_alg,829.96,2826.0,11268.0,42,33,123.15,0.959,20260226_279_Gen_Alg_10_8_2_Colorado2025-greenBox_x002560_y010752
Unknown_Sample,20260226_279_Gen_Alg_10_8_2_Colorado2025-greenBox.czi,Gen_alg,953.48,2867.0,11153.0,41,38,131.74,0.957,20260226_279_Gen_Alg_10_8_2_Colorado2025-greenBox_x002560_y010752
Unknown_Sample,20260226_279_Gen_Alg_10_8_2_Colorado2025-greenBox.czi,Gen_alg,235.48,2567.0,11261.0,18,23,69.8,0.944,20260226_279_Gen_Alg_10_8_2_Colorado2025-greenBox_x002560_y010752
Unknown_Sample,20260226_279_Gen_Alg_10_8_2_Colorado2025-greenBox.czi,Gen_alg,950.4,3121.0,10851.0,39,40,132.91,0.96,20260226_279_Gen_Alg_10_8_2_Colorado2025-greenBox_x003072_y010752
Unknown_Sample,20260226_279_Gen_Alg_10_8_2_Colorado2025-greenBox.czi,Gen_alg,868.06,3952.0,11248.0,39,37,125.74,0.966,20260226_279_Gen_Alg_10_8_2_Colorado2025-greenBox_x003584_y010752
Unknown_Sample,20260226_279_Gen_Alg_10_8_2_Colorado2025-greenBox.czi,Gen_alg,900.76,4000.0,10930.0,38,38,128.67,0.964,20260226_279_Gen_Alg_10_8_2_Colorado2025-greenBox_x003584_y010752
Unknown_Sample,20260226_279_Gen_Alg_10_8_2_Colorado2025-greenBox.czi,Gen_alg,549.85,4213.0,11069.0,23,38,108.04,0.932,20260226_279_Gen_Alg_10_8_2_Colorado2025-greenBox_x003584_y010752
Unknown_Sample,20260226_279_Gen_Alg_10_8_2_Colorado2025-greenBox.czi,Gen_alg,342.84,4067.0,10933.0,27,23,82.53,0.929,20260226_279_Gen_Alg_10_8_2_Colorado2025-greenBox_x003584_y010752
Unknown_Sample,20260226_279_Gen_Alg_10_8_2_Colorado2025-greenBox.czi,Gen_alg,352.84,3872.0,11383.0,35,18,92.04,0.884,20260226_279_Gen_Alg_10_8_2_Colorado2025-greenBox_x003584_y010752
Unknown_Sample,20260226_279_Gen_Alg_10_8_2_Colorado2025-greenBox.czi,Gen_alg,265.11,4217.0,11139.0,14,34,82.04,0.882,20260226_279_Gen_Alg_10_8_2_Colorado2025-greenBox_x003584_y010752
Unknown_Sample,20260226_279_Gen_Alg_10_8_2_Colorado2025-greenBox.czi,Gen_alg,607.56,4666.0,11139.0,31,33,105.84,0.961,20260226_279_Gen_Alg_10_8_2_Colorado2025-greenBox_x004096_y010752
Unknown_Sample,20260226_279_Gen_Alg_10_8_2_Colorado2025-greenBox.czi,Gen_alg,948.47,4253.0,10846.0,41,38,132.33,0.961,20260226_279_Gen_Alg_10_8_2_Colorado2025-greenBox_x004096_y010752
Unknown_Sample,20260226_279_Gen_Alg_10_8_2_Colorado2025-greenBox.czi,Gen_alg,736.85,4227.0,11140.0,35,34,114.67,0.96,20260226_279_Gen_Alg_10_8_2_Colorado2025-greenBox_x004096_y010752
Unknown_Sample,20260226_279_Gen_Alg_10_8_2_Colorado2025-greenBox.czi,Gen_alg,678.75,4289.0,11337.0,34,33,110.08,0.958,20260226_279_Gen_Alg_10_8_2_Colorado2025-greenBox_x004096_y010752
Unknown_Sample,20260226_279_Gen_Alg_10_8_2_Colorado2025-greenBox.czi,Gen_alg,734.15,4216.0,11068.0,32,38,117.25,0.957,20260226_279_Gen_Alg_10_8_2_Colorado2025-greenBox_x004096_y010752
Unknown_Sample,20260226_279_Gen_Alg_10_8_2_Colorado2025-greenBox.czi,Gen_alg,917.31,4652.0,10881.0,39,39,128.57,0.957,20260226_279_Gen_Alg_10_8_2_Colorado2025-greenBox_x004096_y010752
Unknown_Sample,20260226_279_Gen_Alg_10_8_2_Colorado2025-greenBox.czi,Gen_alg,964.64,4267.0,11163.0,41,39,131.98,0.955,20260226_279_Gen_Alg_10_8_2_Colorado2025-greenBox_x004096_y010752
Unknown_Sample,20260226_279_Gen_Alg_10_8_2_Colorado2025-greenBox.czi,Gen_alg,828.04,4570.0,10817.0,36,41,134.68,0.939,20260226_279_Gen_Alg_10_8_2_Colorado2025-greenBox_x004096_y010752
Unknown_Sample,20260226_279_Gen_Alg_10_8_2_Colorado2025-greenBox.czi,Gen_alg,399.78,4569.0,10788.0,32,23,90.18,0.888,20260226_279_Gen_Alg_10_8_2_Colorado2025-greenBox_x004096_y010752
Unknown_Sample,20260226_279_Gen_Alg_10_8_2_Colorado2025-greenBox.czi,Gen_alg,885.37,5014.0,10864.0,39,37,127.5,0.967,20260226_279_Gen_Alg_10_8_2_Colorado2025-greenBox_x004608_y010752
Unknown_Sample,20260226_279_Gen_Alg_10_8_2_Colorado2025-greenBox.czi,Gen_alg,897.68,4840.0,11153.0,41,37,129.15,0.965,20260226_279_Gen_Alg_10_8_2_Colorado2025-greenBox_x004608_y010752
Unknown_Sample,20260226_279_Gen_Alg_10_8_2_Colorado2025-greenBox.czi,Gen_alg,788.02,4911.0,11236.0,36,36,121.25,0.963,20260226_279_Gen_Alg_10_8_2_Colorado2025-greenBox_x004608_y010752
Unknown_Sample,20260226_279_Gen_Alg_10_8_2_Colorado2025-greenBox.czi,Gen_alg,706.45,5100.0,11112.0,35,33,114.43,0.962,20260226_279_Gen_Alg_10_8_2_Colorado2025-greenBox_x004608_y010752
Unknown_Sample,20260226_279_Gen_Alg_10_8_2_Colorado2025-greenBox.czi,Gen_alg,649.89,4966.0,11039.0,33,32,109.01,0.962,20260226_279_Gen_Alg_10_8_2_Colorado2025-greenBox_x004608_y010752
Unknown_Sample,20260226_279_Gen_Alg_10_8_2_Colorado2025-greenBox.czi,Gen_alg,607.56,4666.0,11139.0,31,33,105.84,0.961,20260226_279_Gen_Alg_10_8_2_Colorado2025-greenBox_x004608_y010752
Unknown_Sample,20260226_279_Gen_Alg_10_8_2_Colorado2025-greenBox.czi,Gen_alg,647.96,4936.0,10899.0,33,33,110.43,0.958,20260226_279_Gen_Alg_10_8_2_Colorado2025-greenBox_x004608_y010752
Unknown_Sample,20260226_279_Gen_Alg_10_8_2_Colorado2025-greenBox.czi,Gen_alg,917.31,4652.0,10881.0,39,39,128.57,0.957,20260226_279_Gen_Alg_10_8_2_Colorado2025-greenBox_x004608_y010752
Unknown_Sample,20260226_279_Gen_Alg_10_8_2_Colorado2025-greenBox.czi,Gen_alg,344.38,4766.0,10906.0,19,30,82.87,0.943,20260226_279_Gen_Alg_10_8_2_Colorado2025-greenBox_x004608_y010752
Unknown_Sample,20260226_279_Gen_Alg_10_8_2_Colorado2025-greenBox.czi,Gen_alg,838.43,5271.0,11184.0,37,37,123.5,0.965,20260226_279_Gen_Alg_10_8_2_Colorado2025-greenBox_x005120_y010752
Unknown_Sample,20260226_279_Gen_Alg_10_8_2_Colorado2025-greenBox.czi,Gen_alg,993.49,5339.0,10899.0,40,41,133.4,0.961,20260226_279_Gen_Alg_10_8_2_Colorado2025-greenBox_x005120_y010752
Unknown_Sample,20260226_279_Gen_Alg_10_8_2_Colorado2025-greenBox.czi,Gen_alg,892.3,5539.0,11055.0,39,38,127.15,0.96,20260226_279_Gen_Alg_10_8_2_Colorado2025-greenBox_x005120_y010752
Unknown_Sample,20260226_279_Gen_Alg_10_8_2_Colorado2025-greenBox.czi,Gen_alg,883.45,5564.0,10941.0,39,37,126.91,0.959,20260226_279_Gen_Alg_10_8_2_Colorado2025-greenBox_x005120_y010752
Unknown_Sample,20260226_279_Gen_Alg_10_8_2_Colorado2025-greenBox.czi,Gen_alg,754.16,5260.0,10794.0,34,38,117.74,0.957,20260226_279_Gen_Alg_10_8_2_Colorado2025-greenBox_x005120_y010752
Unknown_Sample,20260226_279_Gen_Alg_10_8_2_Colorado2025-greenBox.czi,Gen_alg,470.58,5744.0,10762.0,30,24,97.56,0.945,20260226_279_Gen_Alg_10_8_2_Colorado2025-greenBox_x005120_y010752
Unknown_Sample,20260226_279_Gen_Alg_10_8_2_Colorado2025-greenBox.czi,Gen_alg,640.27,5769.0,11357.0,33,33,108.08,0.96,20260226_279_Gen_Alg_10_8_2_Colorado2025-greenBox_x005632_y010752
Unknown_Sample,20260226_279_Gen_Alg_10_8_2_Colorado2025-greenBox.czi,Gen_alg,526.37,5746.0,10762.0,35,24,104.63,0.957,20260226_279_Gen_Alg_10_8_2_Colorado2025-greenBox_x005632_y010752
Unknown_Sample,20260226_279_Gen_Alg_10_8_2_Colorado2025-greenBox.czi,Gen_alg,682.59,6142.0,10787.0,32,36,114.08,0.94,20260226_279_Gen_Alg_10_8_2_Colorado2025-greenBox_x005632_y010752
Unknown_Sample,20260226_279_Gen_Alg_10_8_2_Colorado2025-greenBox.czi,Gen_alg,843.43,6422.0,11350.0,37,38,124.91,0.964,20260226_279_Gen_Alg_10_8_2_Colorado2025-greenBox_x006144_y010752
Unknown_Sample,20260226_279_Gen_Alg_10_8_2_Colorado2025-greenBox.czi,Gen_alg,666.05,6461.0,10893.0,35,32,110.67,0.961,20260226_279_Gen_Alg_10_8_2_Colorado2025-greenBox_x006144_y010752
Unknown_Sample,20260226_279_Gen_Alg_10_8_2_Colorado2025-greenBox.czi,Gen_alg,628.34,6630.0,11234.0,32,32,107.01,0.96,20260226_279_Gen_Alg_10_8_2_Colorado2025-greenBox_x006144_y010752
Unknown_Sample,20260226_279_Gen_Alg_10_8_2_Colorado2025-greenBox.czi,Gen_alg,852.28,6554.0,11054.0,39,36,125.5,0.96,20260226_279_Gen_Alg_10_8_2_Colorado2025-greenBox_x006144_y010752
Unknown_Sample,20260226_279_Gen_Alg_10_8_2_Colorado2025-greenBox.czi,Gen_alg,507.52,6297.0,10907.0,27,30,96.53,0.958,20260226_279_Gen_Alg_10_8_2_Colorado2025-greenBox_x006144_y010752
Unknown_Sample,20260226_279_Gen_Alg_10_8_2_Colorado2025-greenBox.czi,Gen_alg,294.74,6150.0,10786.0,15,36,87.46,0.906,20260226_279_Gen_Alg_10_8_2_Colorado2025-greenBox_x006144_y010752
Unknown_Sample,20260226_279_Gen_Alg_10_8_2_Colorado2025-greenBox.czi,Gen_alg,241.26,6681.0,11385.0,31,14,77.21,0.883,20260226_279_Gen_Alg_10_8_2_Colorado2025-greenBox_x006144_y010752
Unknown_Sample,20260226_279_Gen_Alg_10_8_2_Colorado2025-greenBox.czi,Gen_alg,856.9,7071.0,11193.0,38,38,125.15,0.963,20260226_279_Gen_Alg_10_8_2_Colorado2025-greenBox_x006656_y010752
Unknown_Sample,20260226_279_Gen_Alg_10_8_2_Colorado2025-greenBox.czi,Gen_alg,986.95,7096.0,11094.0,41,40,133.98,0.963,20260226_279_Gen_Alg_10_8_2_Colorado2025-greenBox_x006656_y010752
Unknown_Sample,20260226_279_Gen_Alg_10_8_2_Colorado2025-greenBox.czi,Gen_alg,687.98,6841.0,11334.0,35,33,113.25,0.961,20260226_279_Gen_Alg_10_8_2_Colorado2025-greenBox_x006656_y010752
Unknown_Sample,20260226_279_Gen_Alg_10_8_2_Colorado2025-greenBox.czi,Gen_alg,723.38,7067.0,10826.0,36,33,115.25,0.961,20260226_279_Gen_Alg_10_8_2_Colorado2025-greenBox_x006656_y010752
Unknown_Sample,20260226_279_Gen_Alg_10_8_2_Colorado2025-greenBox.czi,Gen_alg,992.34,7083.0,10783.0,42,39,133.98,0.961,20260226_279_Gen_Alg_10_8_2_Colorado2025-greenBox_x006656_y010752
Unknown_Sample,20260226_279_Gen_Alg_10_8_2_Colorado2025-greenBox.czi,Gen_alg,654.51,6946.0,11369.0,34,33,110.67,0.96,20260226_279_Gen_Alg_10_8_2_Colorado2025-greenBox_x006656_y010752
Unknown_Sample,20260226_279_Gen_Alg_10_8_2_Colorado2025-greenBox.czi,Gen_alg,589.86,7063.0,10948.0,30,33,103.84,0.959,20260226_279_Gen_Alg_10_8_2_Colorado2025-greenBox_x006656_y010752
Unknown_Sample,20260226_279_Gen_Alg_10_8_2_Colorado2025-greenBox.czi,Gen_alg,779.94,7203.0,11304.0,36,37,120.33,0.958,20260226_279_Gen_Alg_10_8_2_Colorado2025-greenBox_x006656_y010752
Unknown_Sample,20260226_279_Gen_Alg_10_8_2_Colorado2025-greenBox.czi,Gen_alg,607.95,7206.0,11248.0,32,32,105.25,0.957,20260226_279_Gen_Alg_10_8_2_Colorado2025-greenBox_x006656_y010752
Unknown_Sample,20260226_279_Gen_Alg_10_8_2_Colorado2025-greenBox.czi,Gen_alg,744.16,7280.0,11238.0,32,36,119.11,0.95,20260226_279_Gen_Alg_10_8_2_Colorado2025-greenBox_x006656_y010752
Unknown_Sample,20260226_279_Gen_Alg_10_8_2_Colorado2025-greenBox.czi,Gen_alg,243.18,6681.0,11385.0,31,14,76.63,0.887,20260226_279_Gen_Alg_10_8_2_Colorado2025-greenBox_x006656_y010752
Unknown_Sample,20260226_279_Gen_Alg_10_8_2_Colorado2025-greenBox.czi,Gen_alg,761.86,7520.0,10767.0,36,34,119.6,0.969,20260226_279_Gen_Alg_10_8_2_Colorado2025-greenBox_x007168_y010752
Unknown_Sample,20260226_279_Gen_Alg_10_8_2_Colorado2025-greenBox.czi,Gen_alg,664.89,7740.0,10851.0,34,32,109.25,0.963,20260226_279_Gen_Alg_10_8_2_Colorado2025-greenBox_x007168_y010752
Unknown_Sample,20260226_279_Gen_Alg_10_8_2_Colorado2025-greenBox.czi,Gen_alg,965.79,7411.0,11160.0,41,40,133.4,0.961,20260226_279_Gen_Alg_10_8_2_Colorado2025-greenBox_x007168_y010752
Unknown_Sample,20260226_279_Gen_Alg_10_8_2_Colorado2025-greenBox.czi,Gen_alg,819.96,7281.0,11238.0,38,36,122.33,0.961,20260226_279_Gen_Alg_10_8_2_Colorado2025-greenBox_x007168_y010752
Unknown_Sample,20260226_279_Gen_Alg_10_8_2_Colorado2025-greenBox.czi,Gen_alg,589.09,7449.0,10945.0,33,30,103.84,0.959,20260226_279_Gen_Alg_10_8_2_Colorado2025-greenBox_x007168_y010752
Unknown_Sample,20260226_279_Gen_Alg_10_8_2_Colorado2025-greenBox.czi,Gen_alg,778.79,7203.0,11304.0,36,37,119.74,0.958,20260226_279_Gen_Alg_10_8_2_Colorado2025-greenBox_x007168_y010752
Unknown_Sample,20260226_279_Gen_Alg_10_8_2_Colorado2025-greenBox.czi,Gen_alg,607.18,7206.0,11248.0,32,32,105.25,0.957,20260226_279_Gen_Alg_10_8_2_Colorado2025-greenBox_x007168_y010752
Unknown_Sample,20260226_279_Gen_Alg_10_8_2_Colorado2025-greenBox.czi,Gen_alg,387.09,7591.0,10759.0,35,19,93.46,0.951,20260226_279_Gen_Alg_10_8_2_Colorado2025-greenBox_x007168_y010752
Unknown_Sample,20260226_279_Gen_Alg_10_8_2_Colorado2025-greenBox.czi,Gen_alg,516.76,7796.0,11149.0,24,33,100.04,0.937,20260226_279_Gen_Alg_10_8_2_Colorado2025-greenBox_x007168_y010752
Unknown_Sample,20260226_279_Gen_Alg_10_8_2_Colorado2025-greenBox.czi,Gen_alg,868.06,7831.0,10872.0,38,38,125.74,0.966,20260226_279_Gen_Alg_10_8_2_Colorado2025-greenBox_x007680_y010752
Unknown_Sample,20260226_279_Gen_Alg_10_8_2_Colorado2025-greenBox.czi,Gen_alg,664.12,7740.0,10851.0,34,32,109.25,0.963,20260226_279_Gen_Alg_10_8_2_Colorado2025-greenBox_x007680_y010752
Unknown_Sample,20260226_279_Gen_Alg_10_8_2_Colorado2025-greenBox.czi,Gen_alg,657.58,7799.0,11148.0,33,33,108.67,0.96,20260226_279_Gen_Alg_10_8_2_Colorado2025-greenBox_x007680_y010752
Unknown_Sample,20260226_279_Gen_Alg_10_8_2_Colorado2025-greenBox.czi,Gen_alg,783.79,8106.0,10891.0,35,39,122.33,0.955,20260226_279_Gen_Alg_10_8_2_Colorado2025-greenBox_x007680_y010752
Unknown_Sample,20260226_279_Gen_Alg_10_8_2_Colorado2025-greenBox.czi,Gen_alg,575.24,8340.0,10943.0,28,36,107.01,0.945,20260226_279_Gen_Alg_10_8_2_Colorado2025-greenBox_x008192_y010752
Unknown_Sample,20260226_279_Gen_Alg_10_8_2_Colorado2025-greenBox.czi,Gen_alg,312.44,8825.0,11031.0,14,37,89.8,0.875,20260226_279_Gen_Alg_10_8_2_Colorado2025-greenBox_x008192_y010752
Unknown_Sample,20260226_279_Gen_Alg_10_8_2_Colorado2025-greenBox.czi,Gen_alg,853.43,9223.0,11296.0,38,38,124.57,0.967,20260226_279_Gen_Alg_10_8_2_Colorado2025-greenBox_x008704_y010752
Unknown_Sample,20260226_279_Gen_Alg_10_8_2_Colorado2025-greenBox.czi,Gen_alg,948.86,9246.0,11221.0,38,42,131.4,0.965,20260226_279_Gen_Alg_10_8_2_Colorado2025-greenBox_x008704_y010752
Unknown_Sample,20260226_279_Gen_Alg_10_8_2_Colorado2025-greenBox.czi,Gen_alg,602.95,9287.0,11104.0,31,32,105.01,0.961,20260226_279_Gen_Alg_10_8_2_Colorado2025-greenBox_x008704_y010752
Unknown_Sample,20260226_279_Gen_Alg_10_8_2_Colorado2025-greenBox.czi,Gen_alg,884.6,8835.0,11031.0,37,38,126.67,0.958,20260226_279_Gen_Alg_10_8_2_Colorado2025-greenBox_x008704_y010752
Unknown_Sample,20260226_279_Gen_Alg_10_8_2_Colorado2025-greenBox.czi,Gen_alg,776.09,9322.0,11175.0,35,36,118.67,0.955,20260226_279_Gen_Alg_10_8_2_Colorado2025-greenBox_x008704_y010752
Unknown_Sample,20260226_279_Gen_Alg_10_8_2_Colorado2025-greenBox.czi,Gen_alg,948.86,9246.0,11221.0,38,42,131.4,0.965,20260226_279_Gen_Alg_10_8_2_Colorado2025-greenBox_x009216_y010752
Unknown_Sample,20260226_279_Gen_Alg_10_8_2_Colorado2025-greenBox.czi,Gen_alg,673.74,9646.0,11201.0,33,33,109.84,0.964,20260226_279_Gen_Alg_10_8_2_Colorado2025-greenBox_x009216_y010752
Unknown_Sample,20260226_279_Gen_Alg_10_8_2_Colorado2025-greenBox.czi,Gen_alg,643.35,9227.0,11296.0,27,38,114.28,0.964,20260226_279_Gen_Alg_10_8_2_Colorado2025-greenBox_x009216_y010752
Unknown_Sample,20260226_279_Gen_Alg_10_8_2_Colorado2025-greenBox.czi,Gen_alg,835.74,9497.0,11071.0,37,37,124.08,0.963,20260226_279_Gen_Alg_10_8_2_Colorado2025-greenBox_x009216_y010752
Unknown_Sample,20260226_279_Gen_Alg_10_8_2_Colorado2025-greenBox.czi,Gen_alg,601.79,9287.0,11104.0,31,32,105.6,0.961,20260226_279_Gen_Alg_10_8_2_Colorado2025-greenBox_x009216_y010752
Unknown_Sample,20260226_279_Gen_Alg_10_8_2_Colorado2025-greenBox.czi,Gen_alg,750.31,9627.0,11292.0,36,35,116.91,0.961,20260226_279_Gen_Alg_10_8_2_Colorado2025-greenBox_x009216_y010752
Unknown_Sample,20260226_279_Gen_Alg_10_8_2_Colorado2025-greenBox.czi,Gen_alg,765.71,9545.0,10949.0,35,36,118.08,0.961,20260226_279_Gen_Alg_10_8_2_Colorado2025-greenBox_x009216_y010752
Unknown_Sample,20260226_279_Gen_Alg_10_8_2_Colorado2025-greenBox.czi,Gen_alg,693.75,9542.0,10869.0,34,33,111.84,0.96,20260226_279_Gen_Alg_10_8_2_Colorado2025-greenBox_x009216_y010752
Unknown_Sample,20260226_279_Gen_Alg_10_8_2_Colorado2025-greenBox.czi,Gen_alg,779.94,9323.0,11175.0,36,36,119.5,0.958,20260226_279_Gen_Alg_10_8_2_Colorado2025-greenBox_x009216_y010752
Unknown_Sample,20260226_279_Gen_Alg_10_8_2_Colorado2025-greenBox.czi,Gen_alg,611.03,9579.0,10864.0,33,30,104.43,0.957,20260226_279_Gen_Alg_10_8_2_Colorado2025-greenBox_x009216_y010752
Unknown_Sample,20260226_279_Gen_Alg_10_8_2_Colorado2025-greenBox.czi,Gen_alg,318.21,9399.0,11193.0,22,25,78.87,0.952,20260226_279_Gen_Alg_10_8_2_Colorado2025-greenBox_x009216_y010752
Unknown_Sample,20260226_279_Gen_Alg_10_8_2_Colorado2025-greenBox.czi,Gen_alg,156.22,9848.0,11079.0,14,18,56.49,0.89,20260226_279_Gen_Alg_10_8_2_Colorado2025-greenBox_x009216_y010752
Unknown_Sample,20260226_279_Gen_Alg_10_8_2_Colorado2025-greenBox.czi,Gen_alg,833.04,10057.0,11013.0,37,37,123.5,0.961,20260226_279_Gen_Alg_10_8_2_Colorado2025-greenBox_x009728_y010752
Unknown_Sample,20260226_279_Gen_Alg_10_8_2_Colorado2025-greenBox.czi,Gen_alg,982.33,10067.0,10886.0,40,40,133.15,0.961,20260226_279_Gen_Alg_10_8_2_Colorado2025-greenBox_x009728_y010752
Unknown_Sample,20260226_279_Gen_Alg_10_8_2_Colorado2025-greenBox.czi,Gen_alg,758.78,10291.0,11097.0,35,35,117.25,0.958,20260226_279_Gen_Alg_10_8_2_Colorado2025-greenBox_x009728_y010752
Unknown_Sample,20260226_279_Gen_Alg_10_8_2_Colorado2025-greenBox.czi,Gen_alg,388.24,9889.0,11008.0,26,26,86.53,0.945,20260226_279_Gen_Alg_10_8_2_Colorado2025-greenBox_x009728_y010752
Unknown_Sample,20260226_279_Gen_Alg_10_8_2_Colorado2025-greenBox.czi,Gen_alg,335.91,9855.0,11079.0,29,19,82.04,0.935,20260226_279_Gen_Alg_10_8_2_Colorado2025-greenBox_x009728_y010752
Unknown_Sample,20260226_279_Gen_Alg_10_8_2_Colorado2025-greenBox.czi,Gen_alg,696.06,10702.0,11105.0,34,33,113.01,0.964,20260226_279_Gen_Alg_10_8_2_Colorado2025-greenBox_x010240_y010752
Unknown_Sample,20260226_279_Gen_Alg_10_8_2_Colorado2025-greenBox.czi,Gen_alg,831.89,10693.0,10798.0,37,37,121.74,0.963,20260226_279_Gen_Alg_10_8_2_Colorado2025-greenBox_x010240_y010752
Unknown_Sample,20260226_279_Gen_Alg_10_8_2_Colorado2025-greenBox.czi,Gen_alg,769.94,10549.0,11150.0,36,35,118.67,0.963,20260226_279_Gen_Alg_10_8_2_Colorado2025-greenBox_x010240_y010752
Unknown_Sample,20260226_279_Gen_Alg_10_8_2_Colorado2025-greenBox.czi,Gen_alg,666.05,10460.0,10925.0,33,33,111.01,0.96,20260226_279_Gen_Alg_10_8_2_Colorado2025-greenBox_x010240_y010752
Unknown_Sample,20260226_279_Gen_Alg_10_8_2_Colorado2025-greenBox.czi,Gen_alg,768.01,10291.0,11096.0,35,36,118.08,0.958,20260226_279_Gen_Alg_10_8_2_Colorado2025-greenBox_x010240_y010752
Unknown_Sample,20260226_279_Gen_Alg_10_8_2_Colorado2025-greenBox.czi,Gen_alg,267.42,10719.0,10757.0,35,14,84.04,0.937,20260226_279_Gen_Alg_10_8_2_Colorado2025-greenBox_x010240_y010752
Unknown_Sample,20260226_279_Gen_Alg_10_8_2_Colorado2025-greenBox.czi,Gen_alg,781.1,11266.0,11050.0,37,35,118.91,0.961,20260226_279_Gen_Alg_10_8_2_Colorado2025-greenBox_x010752_y010752
Unknown_Sample,20260226_279_Gen_Alg_10_8_2_Colorado2025-greenBox.czi,Gen_alg,399.01,11293.0,10760.0,32,21,92.04,0.958,20260226_279_Gen_Alg_10_8_2_Colorado2025-greenBox_x010752_y010752
Unknown_Sample,20260226_279_Gen_Alg_10_8_2_Colorado2025-greenBox.czi,Gen_alg,894.99,11346.0,10785.0,38,39,127.74,0.957,20260226_279_Gen_Alg_10_8_2_Colorado2025-greenBox_x010752_y010752
Unknown_Sample,20260226_279_Gen_Alg_10_8_2_Colorado2025-greenBox.czi,Gen_alg,370.16,11255.0,11173.0,21,29,84.28,0.952,20260226_279_Gen_Alg_10_8_2_Colorado2025-greenBox_x010752_y010752
Unknown_Sample,20260226_279_Gen_Alg_10_8_2_Colorado2025-greenBox.czi,Gen_alg,500.21,11380.0,11271.0,24,33,100.63,0.933,20260226_279_Gen_Alg_10_8_2_Colorado2025-greenBox_x010752_y010752
Unknown_Sample,20260226_279_Gen_Alg_10_8_2_Colorado2025-greenBox.czi,Gen_alg,788.02,11535.0,11270.0,37,36,119.74,0.961,20260226_279_Gen_Alg_10_8_2_Colorado2025-greenBox_x011264_y010752
Unknown_Sample,20260226_279_Gen_Alg_10_8_2_Colorado2025-greenBox.czi,Gen_alg,680.29,11384.0,11271.0,34,33,111.25,0.96,20260226_279_Gen_Alg_10_8_2_Colorado2025-greenBox_x011264_y010752
Unknown_Sample,20260226_279_Gen_Alg_10_8_2_Colorado2025-greenBox.czi,Gen_alg,758.01,11814.0,11170.0,36,35,118.08,0.959,20260226_279_Gen_Alg_10_8_2_Colorado2025-greenBox_x011264_y010752
Unknown_Sample,20260226_279_Gen_Alg_10_8_2_Colorado2025-greenBox.czi,Gen_alg,716.84,11400.0,10882.0,35,34,113.5,0.959,20260226_279_Gen_Alg_10_8_2_Colorado2025-greenBox_x011264_y010752
Unknown_Sample,20260226_279_Gen_Alg_10_8_2_Colorado2025-greenBox.czi,Gen_alg,399.01,11293.0,10760.0,32,21,92.04,0.958,20260226_279_Gen_Alg_10_8_2_Colorado2025-greenBox_x011264_y010752
Unknown_Sample,20260226_279_Gen_Alg_10_8_2_Colorado2025-greenBox.czi,Gen_alg,762.63,11817.0,10869.0,36,36,118.91,0.958,20260226_279_Gen_Alg_10_8_2_Colorado2025-greenBox_x011264_y010752
Unknown_Sample,20260226_279_Gen_Alg_10_8_2_Colorado2025-greenBox.czi,Gen_alg,746.08,11745.0,11027.0,35,35,116.67,0.957,20260226_279_Gen_Alg_10_8_2_Colorado2025-greenBox_x011264_y010752
Unknown_Sample,20260226_279_Gen_Alg_10_8_2_Colorado2025-greenBox.czi,Gen_alg,901.92,11346.0,10785.0,38,40,129.4,0.957,20260226_279_Gen_Alg_10_8_2_Colorado2025-greenBox_x011264_y010752
Unknown_Sample,20260226_279_Gen_Alg_10_8_2_Colorado2025-greenBox.czi,Gen_alg,460.58,11273.0,11050.0,22,35,98.87,0.957,20260226_279_Gen_Alg_10_8_2_Colorado2025-greenBox_x011264_y010752
Unknown_Sample,20260226_279_Gen_Alg_10_8_2_Colorado2025-greenBox.czi,Gen_alg,746.08,11930.0,10994.0,34,36,116.67,0.96,20260226_279_Gen_Alg_10_8_2_Colorado2025-greenBox_x011776_y010752
Unknown_Sample,20260226_279_Gen_Alg_10_8_2_Colorado2025-greenBox.czi,Gen_alg,757.24,11814.0,11170.0,36,35,118.08,0.959,20260226_279_Gen_Alg_10_8_2_Colorado2025-greenBox_x011776_y010752
Unknown_Sample,20260226_279_Gen_Alg_10_8_2_Colorado2025-greenBox.czi,Gen_alg,786.1,12267.0,11286.0,36,36,119.5,0.959,20260226_279_Gen_Alg_10_8_2_Colorado2025-greenBox_x011776_y010752
Unknown_Sample,20260226_279_Gen_Alg_10_8_2_Colorado2025-greenBox.czi,Gen_alg,563.31,12260.0,11175.0,30,31,101.6,0.959,20260226_279_Gen_Alg_10_8_2_Colorado2025-greenBox_x011776_y010752
Unknown_Sample,20260226_279_Gen_Alg_10_8_2_Colorado2025-greenBox.czi,Gen_alg,469.43,12145.0,11340.0,28,27,93.11,0.959,20260226_279_Gen_Alg_10_8_2_Colorado2025-greenBox_x011776_y010752
Unknown_Sample,20260226_279_Gen_Alg_10_8_2_Colorado2025-greenBox.czi,Gen_alg,762.63,11817.0,10869.0,36,36,118.91,0.958,20260226_279_Gen_Alg_10_8_2_Colorado2025-greenBox_x011776_y010752
Unknown_Sample,20260226_279_Gen_Alg_10_8_2_Colorado2025-greenBox.czi,Gen_alg,742.23,12565.0,11164.0,35,35,114.33,0.962,20260226_279_Gen_Alg_10_8_2_Colorado2025-greenBox_x012288_y010752
Unknown_Sample,20260226_279_Gen_Alg_10_8_2_Colorado2025-greenBox.czi,Gen_alg,614.1,12654.0,10978.0,32,31,106.77,0.961,20260226_279_Gen_Alg_10_8_2_Colorado2025-greenBox_x012288_y010752
Unknown_Sample,20260226_279_Gen_Alg_10_8_2_Colorado2025-greenBox.czi,Gen_alg,689.14,12832.0,11055.0,33,34,113.01,0.959,20260226_279_Gen_Alg_10_8_2_Colorado2025-greenBox_x012288_y010752
Unknown_Sample,20260226_279_Gen_Alg_10_8_2_Colorado2025-greenBox.czi,Gen_alg,450.96,12429.0,11250.0,27,28,90.77,0.959,20260226_279_Gen_Alg_10_8_2_Colorado2025-greenBox_x012288_y010752
Unknown_Sample,20260226_279_Gen_Alg_10_8_2_Colorado2025-greenBox.czi,Gen_alg,654.12,12694.0,11006.0,32,33,109.6,0.957,20260226_279_Gen_Alg_10_8_2_Colorado2025-greenBox_x012288_y010752
Unknown_Sample,20260226_279_Gen_Alg_10_8_2_Colorado2025-greenBox.czi,Gen_alg,807.26,12818.0,10927.0,37,36,120.91,0.956,20260226_279_Gen_Alg_10_8_2_Colorado2025-greenBox_x012288_y010752
Unknown_Sample,20260226_279_Gen_Alg_10_8_2_Colorado2025-greenBox.czi,Gen_alg,652.58,12808.0,11198.0,33,33,109.25,0.955,20260226_279_Gen_Alg_10_8_2_Colorado2025-greenBox_x012288_y010752
Unknown_Sample,20260226_279_Gen_Alg_10_8_2_Colorado2025-greenBox.czi,Gen_alg,664.89,12632.0,10806.0,33,34,110.08,0.955,20260226_279_Gen_Alg_10_8_2_Colorado2025-greenBox_x012288_y010752
Unknown_Sample,20260226_279_Gen_Alg_10_8_2_Colorado2025-greenBox.czi,Gen_alg,569.08,12774.0,11372.0,31,31,101.84,0.953,20260226_279_Gen_Alg_10_8_2_Colorado2025-greenBox_x012288_y010752
Unknown_Sample,20260226_279_Gen_Alg_10_8_2_Colorado2025-greenBox.czi,Gen_alg,563.31,12915.0,10862.0,26,34,104.28,0.94,20260226_279_Gen_Alg_10_8_2_Colorado2025-greenBox_x012288_y010752
Unknown_Sample,20260226_279_Gen_Alg_10_8_2_Colorado2025-greenBox.czi,Gen_alg,317.06,12919.0,11216.0,17,30,82.97,0.902,20260226_279_Gen_Alg_10_8_2_Colorado2025-greenBox_x012288_y010752
Unknown_Sample,20260226_279_Gen_Alg_10_8_2_Colorado2025-greenBox.czi,Gen_alg,609.1,12925.0,11216.0,33,31,105.84,0.963,20260226_279_Gen_Alg_10_8_2_Colorado2025-greenBox_x012800_y010752
Unknown_Sample,20260226_279_Gen_Alg_10_8_2_Colorado2025-greenBox.czi,Gen_alg,421.33,12963.0,10761.0,32,21,94.38,0.96,20260226_279_Gen_Alg_10_8_2_Colorado2025-greenBox_x012800_y010752
Unknown_Sample,20260226_279_Gen_Alg_10_8_2_Colorado2025-greenBox.czi,Gen_alg,689.9,12832.0,11055.0,33,34,113.01,0.959,20260226_279_Gen_Alg_10_8_2_Colorado2025-greenBox_x012800_y010752
Unknown_Sample,20260226_279_Gen_Alg_10_8_2_Colorado2025-greenBox.czi,Gen_alg,534.07,12811.0,11198.0,26,33,103.46,0.958,20260226_279_Gen_Alg_10_8_2_Colorado2025-greenBox_x012800_y010752
Unknown_Sample,20260226_279_Gen_Alg_10_8_2_Colorado2025-greenBox.czi,Gen_alg,679.52,12917.0,10862.0,34,34,112.08,0.956,20260226_279_Gen_Alg_10_8_2_Colorado2025-greenBox_x012800_y010752
Unknown_Sample,20260226_279_Gen_Alg_10_8_2_Colorado2025-greenBox.czi,Gen_alg,810.72,12818.0,10927.0,37,36,121.5,0.954,20260226_279_Gen_Alg_10_8_2_Colorado2025-greenBox_x012800_y010752
Unknown_Sample,20260226_279_Gen_Alg_10_8_2_Colorado2025-greenBox.czi,Gen_alg,538.69,13371.0,11122.0,33,29,102.43,0.953,20260226_279_Gen_Alg_10_8_2_Colorado2025-greenBox_x012800_y010752
Unknown_Sample,20260226_279_Gen_Alg_10_8_2_Colorado2025-greenBox.czi,Gen_alg,643.35,13777.0,11241.0,32,34,109.25,0.96,20260226_279_Gen_Alg_10_8_2_Colorado2025-greenBox_x013312_y010752
Unknown_Sample,20260226_279_Gen_Alg_10_8_2_Colorado2025-greenBox.czi,Gen_alg,569.85,13662.0,11239.0,30,32,101.84,0.96,20260226_279_Gen_Alg_10_8_2_Colorado2025-greenBox_x013312_y010752
Unknown_Sample,20260226_279_Gen_Alg_10_8_2_Colorado2025-greenBox.czi,Gen_alg,630.26,13576.0,11096.0,31,34,108.43,0.959,20260226_279_Gen_Alg_10_8_2_Colorado2025-greenBox_x013312_y010752
Unknown_Sample,20260226_279_Gen_Alg_10_8_2_Colorado2025-greenBox.czi,Gen_alg,689.52,13911.0,10845.0,33,34,112.43,0.958,20260226_279_Gen_Alg_10_8_2_Colorado2025-greenBox_x013312_y010752
Unknown_Sample,20260226_279_Gen_Alg_10_8_2_Colorado2025-greenBox.czi,Gen_alg,538.69,13535.0,10852.0,30,30,98.43,0.957,20260226_279_Gen_Alg_10_8_2_Colorado2025-greenBox_x013312_y010752
Unknown_Sample,20260226_279_Gen_Alg_10_8_2_Colorado2025-greenBox.czi,Gen_alg,538.69,13371.0,11122.0,33,29,102.43,0.953,20260226_279_Gen_Alg_10_8_2_Colorado2025-greenBox_x013312_y010752
Unknown_Sample,20260226_279_Gen_Alg_10_8_2_Colorado2025-greenBox.czi,Gen_alg,840.74,14143.0,11053.0,38,37,123.15,0.965,20260226_279_Gen_Alg_10_8_2_Colorado2025-greenBox_x013824_y010752
Unknown_Sample,20260226_279_Gen_Alg_10_8_2_Colorado2025-greenBox.czi,Gen_alg,535.61,14169.0,11275.0,31,29,98.43,0.958,20260226_279_Gen_Alg_10_8_2_Colorado2025-greenBox_x013824_y010752
Unknown_Sample,20260226_279_Gen_Alg_10_8_2_Colorado2025-greenBox.czi,Gen_alg,689.52,13911.0,10845.0,33,34,112.43,0.958,20260226_279_Gen_Alg_10_8_2_Colorado2025-greenBox_x013824_y010752
Unknown_Sample,20260226_279_Gen_Alg_10_8_2_Colorado2025-greenBox.czi,Gen_alg,732.61,14079.0,10828.0,36,35,115.74,0.952,20260226_279_Gen_Alg_10_8_2_Colorado2025-greenBox_x013824_y010752
Unknown_Sample,20260226_279_Gen_Alg_10_8_2_Colorado2025-greenBox.czi,Gen_alg,728.77,14704.0,10876.0,34,35,115.25,0.96,20260226_279_Gen_Alg_10_8_2_Colorado2025-greenBox_x014336_y010752
Unknown_Sample,20260226_279_Gen_Alg_10_8_2_Colorado2025-greenBox.czi,Gen_alg,728.0,14771.0,11091.0,35,35,114.91,0.96,20260226_279_Gen_Alg_10_8_2_Colorado2025-greenBox_x014336_y010752
Unknown_Sample,20260226_279_Gen_Alg_10_8_2_Colorado2025-greenBox.czi,Gen_alg,758.01,14668.0,11367.0,35,36,115.74,0.958,20260226_279_Gen_Alg_10_8_2_Colorado2025-greenBox_x014336_y010752
Unknown_Sample,20260226_279_Gen_Alg_10_8_2_Colorado2025-greenBox.czi,Gen_alg,609.49,14805.0,10868.0,31,32,105.6,0.956,20260226_279_Gen_Alg_10_8_2_Colorado2025-greenBox_x014336_y010752
Unknown_Sample,20260226_279_Gen_Alg_10_8_2_Colorado2025-greenBox.czi,Gen_alg,597.56,14702.0,11098.0,31,32,105.01,0.956,20260226_279_Gen_Alg_10_8_2_Colorado2025-greenBox_x014336_y010752
Unknown_Sample,20260226_279_Gen_Alg_10_8_2_Colorado2025-greenBox.czi,Gen_alg,820.34,14888.0,10854.0,38,36,121.74,0.954,20260226_279_Gen_Alg_10_8_2_Colorado2025-greenBox_x014336_y010752
Unknown_Sample,20260226_279_Gen_Alg_10_8_2_Colorado2025-greenBox.czi,Gen_alg,826.89,15182.0,10800.0,38,37,123.15,0.955,20260226_279_Gen_Alg_10_8_2_Colorado2025-greenBox_x014848_y010752
Unknown_Sample,20260226_279_Gen_Alg_10_8_2_Colorado2025-greenBox.czi,Gen_alg,536.38,15042.0,11129.0,30,30,99.6,0.955,20260226_279_Gen_Alg_10_8_2_Colorado2025-greenBox_x014848_y010752
Unknown_Sample,20260226_279_Gen_Alg_10_8_2_Colorado2025-greenBox.czi,Gen_alg,824.58,14888.0,10854.0,38,36,122.33,0.954,20260226_279_Gen_Alg_10_8_2_Colorado2025-greenBox_x014848_y010752
Unknown_Sample,20260226_279_Gen_Alg_10_8_2_Colorado2025-greenBox.czi,Gen_alg,696.83,15008.0,11138.0,34,35,112.33,0.952,20260226_279_Gen_Alg_10_8_2_Colorado2025-greenBox_x014848_y010752
Unknown_Sample,20260226_279_Gen_Alg_10_8_2_Colorado2025-greenBox.czi,Gen_alg,380.93,15227.0,11379.0,27,25,89.46,0.931,20260226_279_Gen_Alg_10_8_2_Colorado2025-greenBox_x014848_y010752
Unknown_Sample,20260226_279_Gen_Alg_10_8_2_Colorado2025-greenBox.czi,Gen_alg,821.5,15553.0,10956.0,37,37,123.5,0.956,20260226_279_Gen_Alg_10_8_2_Colorado2025-greenBox_x015360_y010752
Unknown_Sample,20260226_279_Gen_Alg_10_8_2_Colorado2025-greenBox.czi,Gen_alg,695.29,15666.0,10955.0,33,35,111.5,0.954,20260226_279_Gen_Alg_10_8_2_Colorado2025-greenBox_x015360_y010752
Unknown_Sample,20260226_279_Gen_Alg_10_8_2_Colorado2025-greenBox.czi,Gen_alg,614.49,16469.0,10933.0,30,34,105.84,0.95,20260226_279_Gen_Alg_10_8_2_Colorado2025-greenBox_x015872_y010752
Unknown_Sample,20260226_279_Gen_Alg_10_8_2_Colorado2025-greenBox.czi,Gen_alg,705.3,16105.0,10812.0,33,35,112.67,0.941,20260226_279_Gen_Alg_10_8_2_Colorado2025-greenBox_x015872_y010752
Unknown_Sample,20260226_279_Gen_Alg_10_8_2_Colorado2025-greenBox.czi,Gen_alg,642.19,16223.0,11264.0,30,36,109.84,0.935,20260226_279_Gen_Alg_10_8_2_Colorado2025-greenBox_x015872_y010752
Unknown_Sample,20260226_279_Gen_Alg_10_8_2_Colorado2025-greenBox.czi,Gen_alg,800.34,16194.0,11037.0,35,38,120.91,0.932,20260226_279_Gen_Alg_10_8_2_Colorado2025-greenBox_x015872_y010752
Unknown_Sample,20260226_279_Gen_Alg_10_8_2_Colorado2025-greenBox.czi,Gen_alg,556.39,16299.0,10807.0,33,28,101.6,0.928,20260226_279_Gen_Alg_10_8_2_Colorado2025-greenBox_x015872_y010752
Unknown_Sample,20260226_279_Gen_Alg_10_8_2_Colorado2025-greenBox.czi,Gen_alg,618.34,16499.0,10859.0,26,38,110.53,0.921,20260226_279_Gen_Alg_10_8_2_Colorado2025-greenBox_x015872_y010752
Unknown_Sample,20260226_279_Gen_Alg_10_8_2_Colorado2025-greenBox.czi,Gen_alg,416.71,16213.0,11094.0,22,30,88.87,0.913,20260226_279_Gen_Alg_10_8_2_Colorado2025-greenBox_x015872_y010752
Unknown_Sample,20260226_279_Gen_Alg_10_8_2_Colorado2025-greenBox.czi,Gen_alg,863.82,16896.0,10869.0,36,39,125.5,0.946,20260226_279_Gen_Alg_10_8_2_Colorado2025-greenBox_x016384_y010752
Unknown_Sample,20260226_279_Gen_Alg_10_8_2_Colorado2025-greenBox.czi,Gen_alg,627.57,16469.0,10933.0,30,34,107.01,0.942,20260226_279_Gen_Alg_10_8_2_Colorado2025-greenBox_x016384_y010752
Unknown_Sample,20260226_279_Gen_Alg_10_8_2_Colorado2025-greenBox.czi,Gen_alg,837.27,16502.0,10859.0,37,38,122.57,0.941,20260226_279_Gen_Alg_10_8_2_Colorado2025-greenBox_x016384_y010752
Unknown_Sample,20260226_279_Gen_Alg_10_8_2_Colorado2025-greenBox.czi,Gen_alg,861.9,16639.0,10956.0,36,39,123.74,0.94,20260226_279_Gen_Alg_10_8_2_Colorado2025-greenBox_x016384_y010752
Unknown_Sample,20260226_279_Gen_Alg_10_8_2_Colorado2025-greenBox.czi,Gen_alg,654.12,16788.0,11378.0,35,29,114.63,0.934,20260226_279_Gen_Alg_10_8_2_Colorado2025-greenBox_x016384_y010752
Unknown_Sample,20260226_279_Gen_Alg_10_8_2_Colorado2025-greenBox.czi,Gen_alg,618.72,16933.0,10980.0,32,32,106.43,0.913,20260226_279_Gen_Alg_10_8_2_Colorado2025-greenBox_x016384_y010752
Unknown_Sample,20260226_279_Gen_Alg_10_8_2_Colorado2025-greenBox.czi,Gen_alg,426.33,16903.0,10869.0,19,38,99.46,0.939,20260226_279_Gen_Alg_10_8_2_Colorado2025-greenBox_x016896_y010752
Unknown_Sample,20260226_279_Gen_Alg_10_8_2_Colorado2025-greenBox.czi,Gen_alg,613.72,16933.0,10980.0,32,32,105.84,0.917,20260226_279_Gen_Alg_10_8_2_Colorado2025-greenBox_x016896_y010752
Unknown_Sample,20260226_279_Gen_Alg_10_8_2_Colorado2025-greenBox.czi,Gen_alg,839.58,1368.0,11489.0,38,37,122.57,0.964,20260226_279_Gen_Alg_10_8_2_Colorado2025-greenBox_x001024_y011264
Unknown_Sample,20260226_279_Gen_Alg_10_8_2_Colorado2025-greenBox.czi,Gen_alg,930.77,2013.0,11402.0,39,40,129.98,0.96,20260226_279_Gen_Alg_10_8_2_Colorado2025-greenBox_x001536_y011264
Unknown_Sample,20260226_279_Gen_Alg_10_8_2_Colorado2025-greenBox.czi,Gen_alg,953.09,2561.0,11713.0,39,40,131.15,0.962,20260226_279_Gen_Alg_10_8_2_Colorado2025-greenBox_x002048_y011264
Unknown_Sample,20260226_279_Gen_Alg_10_8_2_Colorado2025-greenBox.czi,Gen_alg,777.63,2625.0,11307.0,35,37,119.5,0.961,20260226_279_Gen_Alg_10_8_2_Colorado2025-greenBox_x002048_y011264
Unknown_Sample,20260226_279_Gen_Alg_10_8_2_Colorado2025-greenBox.czi,Gen_alg,584.09,2317.0,11657.0,33,33,105.74,0.92,20260226_279_Gen_Alg_10_8_2_Colorado2025-greenBox_x002048_y011264
Unknown_Sample,20260226_279_Gen_Alg_10_8_2_Colorado2025-greenBox.czi,Gen_alg,286.27,2298.0,11671.0,21,24,73.11,0.889,20260226_279_Gen_Alg_10_8_2_Colorado2025-greenBox_x002048_y011264
Unknown_Sample,20260226_279_Gen_Alg_10_8_2_Colorado2025-greenBox.czi,Gen_alg,857.28,2995.0,11301.0,40,36,124.57,0.962,20260226_279_Gen_Alg_10_8_2_Colorado2025-greenBox_x002560_y011264
Unknown_Sample,20260226_279_Gen_Alg_10_8_2_Colorado2025-greenBox.czi,Gen_alg,988.49,3078.0,11782.0,41,40,132.81,0.962,20260226_279_Gen_Alg_10_8_2_Colorado2025-greenBox_x002560_y011264
Unknown_Sample,20260226_279_Gen_Alg_10_8_2_Colorado2025-greenBox.czi,Gen_alg,779.17,2625.0,11307.0,35,37,119.5,0.961,20260226_279_Gen_Alg_10_8_2_Colorado2025-greenBox_x002560_y011264
Unknown_Sample,20260226_279_Gen_Alg_10_8_2_Colorado2025-greenBox.czi,Gen_alg,647.58,2885.0,11276.0,37,28,112.53,0.957,20260226_279_Gen_Alg_10_8_2_Colorado2025-greenBox_x002560_y011264
Unknown_Sample,20260226_279_Gen_Alg_10_8_2_Colorado2025-greenBox.czi,Gen_alg,536.38,2569.0,11713.0,22,40,109.46,0.956,20260226_279_Gen_Alg_10_8_2_Colorado2025-greenBox_x002560_y011264
Unknown_Sample,20260226_279_Gen_Alg_10_8_2_Colorado2025-greenBox.czi,Gen_alg,560.62,2827.0,11273.0,42,22,111.7,0.955,20260226_279_Gen_Alg_10_8_2_Colorado2025-greenBox_x002560_y011264
Unknown_Sample,20260226_279_Gen_Alg_10_8_2_Colorado2025-greenBox.czi,Gen_alg,778.79,3299.0,11632.0,35,36,119.25,0.963,20260226_279_Gen_Alg_10_8_2_Colorado2025-greenBox_x003072_y011264
Unknown_Sample,20260226_279_Gen_Alg_10_8_2_Colorado2025-greenBox.czi,Gen_alg,675.67,3083.0,11782.0,27,40,117.11,0.961,20260226_279_Gen_Alg_10_8_2_Colorado2025-greenBox_x003072_y011264
Unknown_Sample,20260226_279_Gen_Alg_10_8_2_Colorado2025-greenBox.czi,Gen_alg,810.34,3878.0,11774.0,37,36,122.08,0.964,20260226_279_Gen_Alg_10_8_2_Colorado2025-greenBox_x003584_y011264
Unknown_Sample,20260226_279_Gen_Alg_10_8_2_Colorado2025-greenBox.czi,Gen_alg,727.23,3873.0,11390.0,36,34,116.08,0.958,20260226_279_Gen_Alg_10_8_2_Colorado2025-greenBox_x003584_y011264
Unknown_Sample,20260226_279_Gen_Alg_10_8_2_Colorado2025-greenBox.czi,Gen_alg,711.07,3855.0,11863.0,34,35,114.08,0.958,20260226_279_Gen_Alg_10_8_2_Colorado2025-greenBox_x003584_y011264
Unknown_Sample,20260226_279_Gen_Alg_10_8_2_Colorado2025-greenBox.czi,Gen_alg,324.75,3788.0,11896.0,35,17,88.28,0.898,20260226_279_Gen_Alg_10_8_2_Colorado2025-greenBox_x003584_y011264
Unknown_Sample,20260226_279_Gen_Alg_10_8_2_Colorado2025-greenBox.czi,Gen_alg,826.89,4495.0,11603.0,39,36,123.15,0.964,20260226_279_Gen_Alg_10_8_2_Colorado2025-greenBox_x004096_y011264
Unknown_Sample,20260226_279_Gen_Alg_10_8_2_Colorado2025-greenBox.czi,Gen_alg,807.65,4400.0,11538.0,37,36,121.5,0.962,20260226_279_Gen_Alg_10_8_2_Colorado2025-greenBox_x004096_y011264
Unknown_Sample,20260226_279_Gen_Alg_10_8_2_Colorado2025-greenBox.czi,Gen_alg,659.51,4237.0,11615.0,33,33,109.25,0.961,20260226_279_Gen_Alg_10_8_2_Colorado2025-greenBox_x004096_y011264
Unknown_Sample,20260226_279_Gen_Alg_10_8_2_Colorado2025-greenBox.czi,Gen_alg,948.86,4326.0,11785.0,40,39,131.74,0.96,20260226_279_Gen_Alg_10_8_2_Colorado2025-greenBox_x004096_y011264
Unknown_Sample,20260226_279_Gen_Alg_10_8_2_Colorado2025-greenBox.czi,Gen_alg,659.51,4589.0,11470.0,32,34,110.43,0.959,20260226_279_Gen_Alg_10_8_2_Colorado2025-greenBox_x004096_y011264
Unknown_Sample,20260226_279_Gen_Alg_10_8_2_Colorado2025-greenBox.czi,Gen_alg,678.75,4289.0,11337.0,34,33,110.08,0.959,20260226_279_Gen_Alg_10_8_2_Colorado2025-greenBox_x004096_y011264
Unknown_Sample,20260226_279_Gen_Alg_10_8_2_Colorado2025-greenBox.czi,Gen_alg,971.56,4682.0,11731.0,40,41,135.15,0.957,20260226_279_Gen_Alg_10_8_2_Colorado2025-greenBox_x004096_y011264
Unknown_Sample,20260226_279_Gen_Alg_10_8_2_Colorado2025-greenBox.czi,Gen_alg,582.17,4723.0,11882.0,25,36,109.21,0.941,20260226_279_Gen_Alg_10_8_2_Colorado2025-greenBox_x004096_y011264
Unknown_Sample,20260226_279_Gen_Alg_10_8_2_Colorado2025-greenBox.czi,Gen_alg,812.26,4728.0,11881.0,36,36,121.84,0.963,20260226_279_Gen_Alg_10_8_2_Colorado2025-greenBox_x004608_y011264
Unknown_Sample,20260226_279_Gen_Alg_10_8_2_Colorado2025-greenBox.czi,Gen_alg,328.6,5135.0,11527.0,24,23,78.28,0.958,20260226_279_Gen_Alg_10_8_2_Colorado2025-greenBox_x004608_y011264
Unknown_Sample,20260226_279_Gen_Alg_10_8_2_Colorado2025-greenBox.czi,Gen_alg,971.56,4682.0,11731.0,40,41,135.15,0.957,20260226_279_Gen_Alg_10_8_2_Colorado2025-greenBox_x004608_y011264
Unknown_Sample,20260226_279_Gen_Alg_10_8_2_Colorado2025-greenBox.czi,Gen_alg,287.43,5184.0,11649.0,19,26,76.04,0.947,20260226_279_Gen_Alg_10_8_2_Colorado2025-greenBox_x004608_y011264
Unknown_Sample,20260226_279_Gen_Alg_10_8_2_Colorado2025-greenBox.czi,Gen_alg,164.3,5155.0,11898.0,29,10,67.56,0.874,20260226_279_Gen_Alg_10_8_2_Colorado2025-greenBox_x004608_y011264
Unknown_Sample,20260226_279_Gen_Alg_10_8_2_Colorado2025-greenBox.czi,Gen_alg,827.27,5479.0,11484.0,37,36,123.25,0.967,20260226_279_Gen_Alg_10_8_2_Colorado2025-greenBox_x005120_y011264
Unknown_Sample,20260226_279_Gen_Alg_10_8_2_Colorado2025-greenBox.czi,Gen_alg,824.19,5381.0,11629.0,37,37,122.91,0.964,20260226_279_Gen_Alg_10_8_2_Colorado2025-greenBox_x005120_y011264
Unknown_Sample,20260226_279_Gen_Alg_10_8_2_Colorado2025-greenBox.czi,Gen_alg,783.41,5577.0,11414.0,36,36,120.08,0.962,20260226_279_Gen_Alg_10_8_2_Colorado2025-greenBox_x005120_y011264
Unknown_Sample,20260226_279_Gen_Alg_10_8_2_Colorado2025-greenBox.czi,Gen_alg,836.89,5395.0,11455.0,37,37,123.5,0.962,20260226_279_Gen_Alg_10_8_2_Colorado2025-greenBox_x005120_y011264
Unknown_Sample,20260226_279_Gen_Alg_10_8_2_Colorado2025-greenBox.czi,Gen_alg,709.14,5613.0,11473.0,37,32,114.67,0.961,20260226_279_Gen_Alg_10_8_2_Colorado2025-greenBox_x005120_y011264
Unknown_Sample,20260226_279_Gen_Alg_10_8_2_Colorado2025-greenBox.czi,Gen_alg,328.6,5135.0,11527.0,24,23,78.28,0.958,20260226_279_Gen_Alg_10_8_2_Colorado2025-greenBox_x005120_y011264
Unknown_Sample,20260226_279_Gen_Alg_10_8_2_Colorado2025-greenBox.czi,Gen_alg,286.66,5184.0,11649.0,19,26,76.04,0.947,20260226_279_Gen_Alg_10_8_2_Colorado2025-greenBox_x005120_y011264
Unknown_Sample,20260226_279_Gen_Alg_10_8_2_Colorado2025-greenBox.czi,Gen_alg,165.84,5155.0,11898.0,29,10,67.56,0.874,20260226_279_Gen_Alg_10_8_2_Colorado2025-greenBox_x005120_y011264
Unknown_Sample,20260226_279_Gen_Alg_10_8_2_Colorado2025-greenBox.czi,Gen_alg,639.88,5769.0,11357.0,33,33,107.5,0.961,20260226_279_Gen_Alg_10_8_2_Colorado2025-greenBox_x005632_y011264
Unknown_Sample,20260226_279_Gen_Alg_10_8_2_Colorado2025-greenBox.czi,Gen_alg,692.6,5832.0,11746.0,35,34,112.91,0.96,20260226_279_Gen_Alg_10_8_2_Colorado2025-greenBox_x005632_y011264
Unknown_Sample,20260226_279_Gen_Alg_10_8_2_Colorado2025-greenBox.czi,Gen_alg,819.57,6255.0,11802.0,35,38,125.6,0.948,20260226_279_Gen_Alg_10_8_2_Colorado2025-greenBox_x005632_y011264
Unknown_Sample,20260226_279_Gen_Alg_10_8_2_Colorado2025-greenBox.czi,Gen_alg,843.43,6422.0,11350.0,37,38,124.91,0.964,20260226_279_Gen_Alg_10_8_2_Colorado2025-greenBox_x006144_y011264
Unknown_Sample,20260226_279_Gen_Alg_10_8_2_Colorado2025-greenBox.czi,Gen_alg,954.25,6540.0,11539.0,39,41,132.57,0.962,20260226_279_Gen_Alg_10_8_2_Colorado2025-greenBox_x006144_y011264
Unknown_Sample,20260226_279_Gen_Alg_10_8_2_Colorado2025-greenBox.czi,Gen_alg,731.08,6658.0,11824.0,37,33,116.08,0.961,20260226_279_Gen_Alg_10_8_2_Colorado2025-greenBox_x006144_y011264
Unknown_Sample,20260226_279_Gen_Alg_10_8_2_Colorado2025-greenBox.czi,Gen_alg,864.98,6256.0,11802.0,39,38,127.74,0.961,20260226_279_Gen_Alg_10_8_2_Colorado2025-greenBox_x006144_y011264
Unknown_Sample,20260226_279_Gen_Alg_10_8_2_Colorado2025-greenBox.czi,Gen_alg,465.58,6701.0,11655.0,28,27,93.11,0.958,20260226_279_Gen_Alg_10_8_2_Colorado2025-greenBox_x006144_y011264
Unknown_Sample,20260226_279_Gen_Alg_10_8_2_Colorado2025-greenBox.czi,Gen_alg,601.41,6681.0,11393.0,32,31,103.84,0.958,20260226_279_Gen_Alg_10_8_2_Colorado2025-greenBox_x006144_y011264
Unknown_Sample,20260226_279_Gen_Alg_10_8_2_Colorado2025-greenBox.czi,Gen_alg,890.37,7056.0,11794.0,38,38,128.08,0.962,20260226_279_Gen_Alg_10_8_2_Colorado2025-greenBox_x006656_y011264
Unknown_Sample,20260226_279_Gen_Alg_10_8_2_Colorado2025-greenBox.czi,Gen_alg,430.57,6664.0,11825.0,21,33,96.38,0.961,20260226_279_Gen_Alg_10_8_2_Colorado2025-greenBox_x006656_y011264
Unknown_Sample,20260226_279_Gen_Alg_10_8_2_Colorado2025-greenBox.czi,Gen_alg,654.89,6946.0,11369.0,34,33,110.08,0.961,20260226_279_Gen_Alg_10_8_2_Colorado2025-greenBox_x006656_y011264
Unknown_Sample,20260226_279_Gen_Alg_10_8_2_Colorado2025-greenBox.czi,Gen_alg,879.98,7051.0,11879.0,39,38,125.98,0.961,20260226_279_Gen_Alg_10_8_2_Colorado2025-greenBox_x006656_y011264
Unknown_Sample,20260226_279_Gen_Alg_10_8_2_Colorado2025-greenBox.czi,Gen_alg,687.98,6841.0,11334.0,35,33,113.25,0.961,20260226_279_Gen_Alg_10_8_2_Colorado2025-greenBox_x006656_y011264
Unknown_Sample,20260226_279_Gen_Alg_10_8_2_Colorado2025-greenBox.czi,Gen_alg,781.1,7194.0,11602.0,36,35,118.08,0.96,20260226_279_Gen_Alg_10_8_2_Colorado2025-greenBox_x006656_y011264
Unknown_Sample,20260226_279_Gen_Alg_10_8_2_Colorado2025-greenBox.czi,Gen_alg,465.58,6701.0,11655.0,28,27,93.11,0.958,20260226_279_Gen_Alg_10_8_2_Colorado2025-greenBox_x006656_y011264
Unknown_Sample,20260226_279_Gen_Alg_10_8_2_Colorado2025-greenBox.czi,Gen_alg,601.41,6681.0,11393.0,32,31,103.84,0.958,20260226_279_Gen_Alg_10_8_2_Colorado2025-greenBox_x006656_y011264
Unknown_Sample,20260226_279_Gen_Alg_10_8_2_Colorado2025-greenBox.czi,Gen_alg,782.25,7203.0,11304.0,36,37,120.33,0.957,20260226_279_Gen_Alg_10_8_2_Colorado2025-greenBox_x006656_y011264
Unknown_Sample,20260226_279_Gen_Alg_10_8_2_Colorado2025-greenBox.czi,Gen_alg,765.32,7718.0,11663.0,34,37,119.84,0.964,20260226_279_Gen_Alg_10_8_2_Colorado2025-greenBox_x007168_y011264
Unknown_Sample,20260226_279_Gen_Alg_10_8_2_Colorado2025-greenBox.czi,Gen_alg,1011.96,7565.0,11577.0,41,40,135.74,0.964,20260226_279_Gen_Alg_10_8_2_Colorado2025-greenBox_x007168_y011264
Unknown_Sample,20260226_279_Gen_Alg_10_8_2_Colorado2025-greenBox.czi,Gen_alg,898.07,7444.0,11552.0,39,39,128.57,0.963,20260226_279_Gen_Alg_10_8_2_Colorado2025-greenBox_x007168_y011264
Unknown_Sample,20260226_279_Gen_Alg_10_8_2_Colorado2025-greenBox.czi,Gen_alg,694.91,7371.0,11638.0,33,34,113.6,0.961,20260226_279_Gen_Alg_10_8_2_Colorado2025-greenBox_x007168_y011264
Unknown_Sample,20260226_279_Gen_Alg_10_8_2_Colorado2025-greenBox.czi,Gen_alg,779.17,7194.0,11602.0,36,35,118.67,0.96,20260226_279_Gen_Alg_10_8_2_Colorado2025-greenBox_x007168_y011264
Unknown_Sample,20260226_279_Gen_Alg_10_8_2_Colorado2025-greenBox.czi,Gen_alg,656.43,7606.0,11729.0,33,33,109.25,0.959,20260226_279_Gen_Alg_10_8_2_Colorado2025-greenBox_x007168_y011264
Unknown_Sample,20260226_279_Gen_Alg_10_8_2_Colorado2025-greenBox.czi,Gen_alg,782.25,7203.0,11304.0,36,37,120.33,0.957,20260226_279_Gen_Alg_10_8_2_Colorado2025-greenBox_x007168_y011264
Unknown_Sample,20260226_279_Gen_Alg_10_8_2_Colorado2025-greenBox.czi,Gen_alg,813.42,7791.0,11683.0,33,38,122.77,0.947,20260226_279_Gen_Alg_10_8_2_Colorado2025-greenBox_x007168_y011264
Unknown_Sample,20260226_279_Gen_Alg_10_8_2_Colorado2025-greenBox.czi,Gen_alg,712.61,7793.0,11808.0,30,37,118.28,0.941,20260226_279_Gen_Alg_10_8_2_Colorado2025-greenBox_x007168_y011264
Unknown_Sample,20260226_279_Gen_Alg_10_8_2_Colorado2025-greenBox.czi,Gen_alg,420.56,7798.0,11431.0,19,36,96.04,0.923,20260226_279_Gen_Alg_10_8_2_Colorado2025-greenBox_x007168_y011264
Unknown_Sample,20260226_279_Gen_Alg_10_8_2_Colorado2025-greenBox.czi,Gen_alg,814.57,7805.0,11431.0,37,37,121.15,0.967,20260226_279_Gen_Alg_10_8_2_Colorado2025-greenBox_x007680_y011264
Unknown_Sample,20260226_279_Gen_Alg_10_8_2_Colorado2025-greenBox.czi,Gen_alg,765.32,7718.0,11663.0,34,37,119.84,0.964,20260226_279_Gen_Alg_10_8_2_Colorado2025-greenBox_x007680_y011264
Unknown_Sample,20260226_279_Gen_Alg_10_8_2_Colorado2025-greenBox.czi,Gen_alg,880.37,8203.0,11518.0,38,39,126.57,0.959,20260226_279_Gen_Alg_10_8_2_Colorado2025-greenBox_x007680_y011264
Unknown_Sample,20260226_279_Gen_Alg_10_8_2_Colorado2025-greenBox.czi,Gen_alg,856.51,7796.0,11808.0,39,37,124.57,0.957,20260226_279_Gen_Alg_10_8_2_Colorado2025-greenBox_x007680_y011264
Unknown_Sample,20260226_279_Gen_Alg_10_8_2_Colorado2025-greenBox.czi,Gen_alg,856.9,7792.0,11683.0,37,38,124.33,0.953,20260226_279_Gen_Alg_10_8_2_Colorado2025-greenBox_x007680_y011264
Unknown_Sample,20260226_279_Gen_Alg_10_8_2_Colorado2025-greenBox.czi,Gen_alg,654.89,7824.0,11662.0,33,33,109.25,0.952,20260226_279_Gen_Alg_10_8_2_Colorado2025-greenBox_x007680_y011264
Unknown_Sample,20260226_279_Gen_Alg_10_8_2_Colorado2025-greenBox.czi,Gen_alg,768.4,7838.0,11821.0,35,37,119.5,0.948,20260226_279_Gen_Alg_10_8_2_Colorado2025-greenBox_x007680_y011264
Unknown_Sample,20260226_279_Gen_Alg_10_8_2_Colorado2025-greenBox.czi,Gen_alg,741.46,7874.0,11838.0,37,34,117.5,0.944,20260226_279_Gen_Alg_10_8_2_Colorado2025-greenBox_x007680_y011264
Unknown_Sample,20260226_279_Gen_Alg_10_8_2_Colorado2025-greenBox.czi,Gen_alg,763.4,8205.0,11517.0,31,39,120.77,0.963,20260226_279_Gen_Alg_10_8_2_Colorado2025-greenBox_x008192_y011264
Unknown_Sample,20260226_279_Gen_Alg_10_8_2_Colorado2025-greenBox.czi,Gen_alg,796.49,8518.0,11762.0,36,37,120.91,0.962,20260226_279_Gen_Alg_10_8_2_Colorado2025-greenBox_x008192_y011264
Unknown_Sample,20260226_279_Gen_Alg_10_8_2_Colorado2025-greenBox.czi,Gen_alg,705.3,8426.0,11620.0,35,34,113.5,0.962,20260226_279_Gen_Alg_10_8_2_Colorado2025-greenBox_x008192_y011264
Unknown_Sample,20260226_279_Gen_Alg_10_8_2_Colorado2025-greenBox.czi,Gen_alg,696.83,8700.0,11591.0,34,35,114.67,0.959,20260226_279_Gen_Alg_10_8_2_Colorado2025-greenBox_x008192_y011264
Unknown_Sample,20260226_279_Gen_Alg_10_8_2_Colorado2025-greenBox.czi,Gen_alg,440.18,8425.0,11671.0,31,23,91.11,0.954,20260226_279_Gen_Alg_10_8_2_Colorado2025-greenBox_x008192_y011264
Unknown_Sample,20260226_279_Gen_Alg_10_8_2_Colorado2025-greenBox.czi,Gen_alg,314.75,8803.0,11730.0,18,28,77.46,0.943,20260226_279_Gen_Alg_10_8_2_Colorado2025-greenBox_x008192_y011264
Unknown_Sample,20260226_279_Gen_Alg_10_8_2_Colorado2025-greenBox.czi,Gen_alg,852.67,9223.0,11296.0,38,38,124.57,0.967,20260226_279_Gen_Alg_10_8_2_Colorado2025-greenBox_x008704_y011264
Unknown_Sample,20260226_279_Gen_Alg_10_8_2_Colorado2025-greenBox.czi,Gen_alg,886.14,9259.0,11425.0,38,38,127.5,0.964,20260226_279_Gen_Alg_10_8_2_Colorado2025-greenBox_x008704_y011264
Unknown_Sample,20260226_279_Gen_Alg_10_8_2_Colorado2025-greenBox.czi,Gen_alg,885.37,8868.0,11438.0,38,38,126.33,0.963,20260226_279_Gen_Alg_10_8_2_Colorado2025-greenBox_x008704_y011264
Unknown_Sample,20260226_279_Gen_Alg_10_8_2_Colorado2025-greenBox.czi,Gen_alg,804.95,9125.0,11576.0,37,36,120.91,0.962,20260226_279_Gen_Alg_10_8_2_Colorado2025-greenBox_x008704_y011264
Unknown_Sample,20260226_279_Gen_Alg_10_8_2_Colorado2025-greenBox.czi,Gen_alg,601.79,9258.0,11695.0,32,31,104.43,0.961,20260226_279_Gen_Alg_10_8_2_Colorado2025-greenBox_x008704_y011264
Unknown_Sample,20260226_279_Gen_Alg_10_8_2_Colorado2025-greenBox.czi,Gen_alg,827.27,8963.0,11580.0,36,37,122.08,0.961,20260226_279_Gen_Alg_10_8_2_Colorado2025-greenBox_x008704_y011264
Unknown_Sample,20260226_279_Gen_Alg_10_8_2_Colorado2025-greenBox.czi,Gen_alg,665.28,8969.0,11882.0,32,35,109.5,0.956,20260226_279_Gen_Alg_10_8_2_Colorado2025-greenBox_x008704_y011264
Unknown_Sample,20260226_279_Gen_Alg_10_8_2_Colorado2025-greenBox.czi,Gen_alg,425.18,8977.0,11437.0,27,26,88.53,0.954,20260226_279_Gen_Alg_10_8_2_Colorado2025-greenBox_x008704_y011264
Unknown_Sample,20260226_279_Gen_Alg_10_8_2_Colorado2025-greenBox.czi,Gen_alg,314.75,8803.0,11730.0,18,28,77.46,0.943,20260226_279_Gen_Alg_10_8_2_Colorado2025-greenBox_x008704_y011264
Unknown_Sample,20260226_279_Gen_Alg_10_8_2_Colorado2025-greenBox.czi,Gen_alg,265.11,8709.0,11591.0,14,35,85.21,0.93,20260226_279_Gen_Alg_10_8_2_Colorado2025-greenBox_x008704_y011264
Unknown_Sample,20260226_279_Gen_Alg_10_8_2_Colorado2025-greenBox.czi,Gen_alg,327.44,9263.0,11891.0,23,25,80.87,0.928,20260226_279_Gen_Alg_10_8_2_Colorado2025-greenBox_x008704_y011264
Unknown_Sample,20260226_279_Gen_Alg_10_8_2_Colorado2025-greenBox.czi,Gen_alg,643.35,9227.0,11296.0,27,38,114.28,0.964,20260226_279_Gen_Alg_10_8_2_Colorado2025-greenBox_x009216_y011264
Unknown_Sample,20260226_279_Gen_Alg_10_8_2_Colorado2025-greenBox.czi,Gen_alg,886.14,9259.0,11425.0,38,38,127.5,0.964,20260226_279_Gen_Alg_10_8_2_Colorado2025-greenBox_x009216_y011264
Unknown_Sample,20260226_279_Gen_Alg_10_8_2_Colorado2025-greenBox.czi,Gen_alg,600.25,9258.0,11695.0,32,31,104.43,0.962,20260226_279_Gen_Alg_10_8_2_Colorado2025-greenBox_x009216_y011264
Unknown_Sample,20260226_279_Gen_Alg_10_8_2_Colorado2025-greenBox.czi,Gen_alg,892.3,9604.0,11710.0,38,38,127.5,0.962,20260226_279_Gen_Alg_10_8_2_Colorado2025-greenBox_x009216_y011264
Unknown_Sample,20260226_279_Gen_Alg_10_8_2_Colorado2025-greenBox.czi,Gen_alg,751.08,9627.0,11292.0,36,35,116.91,0.962,20260226_279_Gen_Alg_10_8_2_Colorado2025-greenBox_x009216_y011264
Unknown_Sample,20260226_279_Gen_Alg_10_8_2_Colorado2025-greenBox.czi,Gen_alg,630.26,9719.0,11528.0,32,32,107.6,0.96,20260226_279_Gen_Alg_10_8_2_Colorado2025-greenBox_x009216_y011264
Unknown_Sample,20260226_279_Gen_Alg_10_8_2_Colorado2025-greenBox.czi,Gen_alg,699.52,9373.0,11890.0,37,29,116.28,0.95,20260226_279_Gen_Alg_10_8_2_Colorado2025-greenBox_x009216_y011264
Unknown_Sample,20260226_279_Gen_Alg_10_8_2_Colorado2025-greenBox.czi,Gen_alg,326.68,9263.0,11891.0,23,25,80.87,0.929,20260226_279_Gen_Alg_10_8_2_Colorado2025-greenBox_x009216_y011264
Unknown_Sample,20260226_279_Gen_Alg_10_8_2_Colorado2025-greenBox.czi,Gen_alg,649.5,9947.0,11588.0,32,33,108.43,0.966,20260226_279_Gen_Alg_10_8_2_Colorado2025-greenBox_x009728_y011264
Unknown_Sample,20260226_279_Gen_Alg_10_8_2_Colorado2025-greenBox.czi,Gen_alg,653.35,9951.0,11489.0,33,32,108.43,0.963,20260226_279_Gen_Alg_10_8_2_Colorado2025-greenBox_x009728_y011264
Unknown_Sample,20260226_279_Gen_Alg_10_8_2_Colorado2025-greenBox.czi,Gen_alg,751.08,10299.0,11692.0,37,34,118.08,0.959,20260226_279_Gen_Alg_10_8_2_Colorado2025-greenBox_x009728_y011264
Unknown_Sample,20260226_279_Gen_Alg_10_8_2_Colorado2025-greenBox.czi,Gen_alg,774.56,10192.0,11876.0,37,35,118.33,0.957,20260226_279_Gen_Alg_10_8_2_Colorado2025-greenBox_x009728_y011264
Unknown_Sample,20260226_279_Gen_Alg_10_8_2_Colorado2025-greenBox.czi,Gen_alg,693.37,10348.0,11686.0,34,33,111.25,0.953,20260226_279_Gen_Alg_10_8_2_Colorado2025-greenBox_x009728_y011264
Unknown_Sample,20260226_279_Gen_Alg_10_8_2_Colorado2025-greenBox.czi,Gen_alg,758.01,10034.0,11570.0,36,34,118.43,0.953,20260226_279_Gen_Alg_10_8_2_Colorado2025-greenBox_x009728_y011264
Unknown_Sample,20260226_279_Gen_Alg_10_8_2_Colorado2025-greenBox.czi,Gen_alg,671.44,10354.0,11835.0,28,38,114.53,0.947,20260226_279_Gen_Alg_10_8_2_Colorado2025-greenBox_x009728_y011264
Unknown_Sample,20260226_279_Gen_Alg_10_8_2_Colorado2025-greenBox.czi,Gen_alg,666.05,10023.0,11532.0,33,33,111.01,0.947,20260226_279_Gen_Alg_10_8_2_Colorado2025-greenBox_x009728_y011264
Unknown_Sample,20260226_279_Gen_Alg_10_8_2_Colorado2025-greenBox.czi,Gen_alg,491.36,10357.0,11642.0,22,35,101.21,0.935,20260226_279_Gen_Alg_10_8_2_Colorado2025-greenBox_x009728_y011264
Unknown_Sample,20260226_279_Gen_Alg_10_8_2_Colorado2025-greenBox.czi,Gen_alg,223.17,10119.0,11545.0,18,21,65.8,0.884,20260226_279_Gen_Alg_10_8_2_Colorado2025-greenBox_x009728_y011264
Unknown_Sample,20260226_279_Gen_Alg_10_8_2_Colorado2025-greenBox.czi,Gen_alg,671.82,10574.0,11720.0,33,33,110.43,0.963,20260226_279_Gen_Alg_10_8_2_Colorado2025-greenBox_x010240_y011264
Unknown_Sample,20260226_279_Gen_Alg_10_8_2_Colorado2025-greenBox.czi,Gen_alg,687.6,10410.0,11786.0,33,34,111.84,0.963,20260226_279_Gen_Alg_10_8_2_Colorado2025-greenBox_x010240_y011264
Unknown_Sample,20260226_279_Gen_Alg_10_8_2_Colorado2025-greenBox.czi,Gen_alg,702.99,10701.0,11846.0,34,34,112.67,0.962,20260226_279_Gen_Alg_10_8_2_Colorado2025-greenBox_x010240_y011264
Unknown_Sample,20260226_279_Gen_Alg_10_8_2_Colorado2025-greenBox.czi,Gen_alg,861.52,10358.0,11835.0,38,38,123.98,0.961,20260226_279_Gen_Alg_10_8_2_Colorado2025-greenBox_x010240_y011264
Unknown_Sample,20260226_279_Gen_Alg_10_8_2_Colorado2025-greenBox.czi,Gen_alg,816.5,10650.0,11811.0,37,37,124.08,0.961,20260226_279_Gen_Alg_10_8_2_Colorado2025-greenBox_x010240_y011264
Unknown_Sample,20260226_279_Gen_Alg_10_8_2_Colorado2025-greenBox.czi,Gen_alg,688.75,10564.0,11648.0,34,33,111.25,0.96,20260226_279_Gen_Alg_10_8_2_Colorado2025-greenBox_x010240_y011264
Unknown_Sample,20260226_279_Gen_Alg_10_8_2_Colorado2025-greenBox.czi,Gen_alg,751.85,10299.0,11692.0,37,34,118.08,0.959,20260226_279_Gen_Alg_10_8_2_Colorado2025-greenBox_x010240_y011264
Unknown_Sample,20260226_279_Gen_Alg_10_8_2_Colorado2025-greenBox.czi,Gen_alg,783.41,10678.0,11767.0,37,36,120.91,0.959,20260226_279_Gen_Alg_10_8_2_Colorado2025-greenBox_x010240_y011264
Unknown_Sample,20260226_279_Gen_Alg_10_8_2_Colorado2025-greenBox.czi,Gen_alg,693.37,10523.0,11780.0,34,35,114.08,0.959,20260226_279_Gen_Alg_10_8_2_Colorado2025-greenBox_x010240_y011264
Unknown_Sample,20260226_279_Gen_Alg_10_8_2_Colorado2025-greenBox.czi,Gen_alg,692.21,10348.0,11686.0,34,33,111.84,0.959,20260226_279_Gen_Alg_10_8_2_Colorado2025-greenBox_x010240_y011264
Unknown_Sample,20260226_279_Gen_Alg_10_8_2_Colorado2025-greenBox.czi,Gen_alg,702.99,10436.0,11507.0,34,35,114.67,0.958,20260226_279_Gen_Alg_10_8_2_Colorado2025-greenBox_x010240_y011264
Unknown_Sample,20260226_279_Gen_Alg_10_8_2_Colorado2025-greenBox.czi,Gen_alg,868.83,10444.0,11442.0,38,38,125.74,0.958,20260226_279_Gen_Alg_10_8_2_Colorado2025-greenBox_x010240_y011264
Unknown_Sample,20260226_279_Gen_Alg_10_8_2_Colorado2025-greenBox.czi,Gen_alg,761.09,10363.0,11642.0,36,35,120.43,0.951,20260226_279_Gen_Alg_10_8_2_Colorado2025-greenBox_x010240_y011264
Unknown_Sample,20260226_279_Gen_Alg_10_8_2_Colorado2025-greenBox.czi,Gen_alg,610.26,10383.0,11674.0,31,32,107.6,0.937,20260226_279_Gen_Alg_10_8_2_Colorado2025-greenBox_x010240_y011264
Unknown_Sample,20260226_279_Gen_Alg_10_8_2_Colorado2025-greenBox.czi,Gen_alg,594.1,11171.0,11421.0,31,31,103.6,0.962,20260226_279_Gen_Alg_10_8_2_Colorado2025-greenBox_x010752_y011264
Unknown_Sample,20260226_279_Gen_Alg_10_8_2_Colorado2025-greenBox.czi,Gen_alg,380.54,11380.0,11275.0,24,24,86.73,0.936,20260226_279_Gen_Alg_10_8_2_Colorado2025-greenBox_x010752_y011264
Unknown_Sample,20260226_279_Gen_Alg_10_8_2_Colorado2025-greenBox.czi,Gen_alg,654.89,11422.0,11507.0,33,33,109.25,0.962,20260226_279_Gen_Alg_10_8_2_Colorado2025-greenBox_x011264_y011264
Unknown_Sample,20260226_279_Gen_Alg_10_8_2_Colorado2025-greenBox.czi,Gen_alg,815.73,11613.0,11835.0,37,36,122.08,0.961,20260226_279_Gen_Alg_10_8_2_Colorado2025-greenBox_x011264_y011264
Unknown_Sample,20260226_279_Gen_Alg_10_8_2_Colorado2025-greenBox.czi,Gen_alg,529.45,11384.0,11274.0,34,24,101.46,0.961,20260226_279_Gen_Alg_10_8_2_Colorado2025-greenBox_x011264_y011264
Unknown_Sample,20260226_279_Gen_Alg_10_8_2_Colorado2025-greenBox.czi,Gen_alg,669.9,11827.0,11824.0,34,33,111.84,0.96,20260226_279_Gen_Alg_10_8_2_Colorado2025-greenBox_x011264_y011264
Unknown_Sample,20260226_279_Gen_Alg_10_8_2_Colorado2025-greenBox.czi,Gen_alg,603.33,11755.0,11843.0,31,32,105.6,0.96,20260226_279_Gen_Alg_10_8_2_Colorado2025-greenBox_x011264_y011264
Unknown_Sample,20260226_279_Gen_Alg_10_8_2_Colorado2025-greenBox.czi,Gen_alg,566.78,11535.0,11274.0,37,25,107.7,0.958,20260226_279_Gen_Alg_10_8_2_Colorado2025-greenBox_x011264_y011264
Unknown_Sample,20260226_279_Gen_Alg_10_8_2_Colorado2025-greenBox.czi,Gen_alg,958.48,11523.0,11403.0,40,39,131.15,0.957,20260226_279_Gen_Alg_10_8_2_Colorado2025-greenBox_x011264_y011264
Unknown_Sample,20260226_279_Gen_Alg_10_8_2_Colorado2025-greenBox.czi,Gen_alg,312.05,11462.0,11896.0,32,16,84.38,0.894,20260226_279_Gen_Alg_10_8_2_Colorado2025-greenBox_x011264_y011264
Unknown_Sample,20260226_279_Gen_Alg_10_8_2_Colorado2025-greenBox.czi,Gen_alg,555.62,12153.0,11424.0,30,31,102.77,0.964,20260226_279_Gen_Alg_10_8_2_Colorado2025-greenBox_x011776_y011264
Unknown_Sample,20260226_279_Gen_Alg_10_8_2_Colorado2025-greenBox.czi,Gen_alg,736.85,12287.0,11712.0,35,36,116.33,0.962,20260226_279_Gen_Alg_10_8_2_Colorado2025-greenBox_x011776_y011264
Unknown_Sample,20260226_279_Gen_Alg_10_8_2_Colorado2025-greenBox.czi,Gen_alg,672.97,11827.0,11824.0,34,33,111.84,0.96,20260226_279_Gen_Alg_10_8_2_Colorado2025-greenBox_x011776_y011264
Unknown_Sample,20260226_279_Gen_Alg_10_8_2_Colorado2025-greenBox.czi,Gen_alg,470.2,12145.0,11340.0,28,27,93.11,0.959,20260226_279_Gen_Alg_10_8_2_Colorado2025-greenBox_x011776_y011264
Unknown_Sample,20260226_279_Gen_Alg_10_8_2_Colorado2025-greenBox.czi,Gen_alg,799.18,12267.0,11285.0,36,37,121.5,0.959,20260226_279_Gen_Alg_10_8_2_Colorado2025-greenBox_x011776_y011264
Unknown_Sample,20260226_279_Gen_Alg_10_8_2_Colorado2025-greenBox.czi,Gen_alg,743.77,12199.0,11699.0,35,35,116.67,0.957,20260226_279_Gen_Alg_10_8_2_Colorado2025-greenBox_x011776_y011264
Unknown_Sample,20260226_279_Gen_Alg_10_8_2_Colorado2025-greenBox.czi,Gen_alg,321.67,11915.0,11691.0,27,19,78.63,0.948,20260226_279_Gen_Alg_10_8_2_Colorado2025-greenBox_x011776_y011264
Unknown_Sample,20260226_279_Gen_Alg_10_8_2_Colorado2025-greenBox.czi,Gen_alg,773.79,12562.0,11756.0,36,35,117.5,0.962,20260226_279_Gen_Alg_10_8_2_Colorado2025-greenBox_x012288_y011264
Unknown_Sample,20260226_279_Gen_Alg_10_8_2_Colorado2025-greenBox.czi,Gen_alg,606.41,12879.0,11559.0,32,31,104.43,0.957,20260226_279_Gen_Alg_10_8_2_Colorado2025-greenBox_x012288_y011264
Unknown_Sample,20260226_279_Gen_Alg_10_8_2_Colorado2025-greenBox.czi,Gen_alg,568.7,12773.0,11372.0,31,31,101.25,0.956,20260226_279_Gen_Alg_10_8_2_Colorado2025-greenBox_x012288_y011264
Unknown_Sample,20260226_279_Gen_Alg_10_8_2_Colorado2025-greenBox.czi,Gen_alg,351.3,12295.0,11712.0,18,35,90.87,0.948,20260226_279_Gen_Alg_10_8_2_Colorado2025-greenBox_x012288_y011264
Unknown_Sample,20260226_279_Gen_Alg_10_8_2_Colorado2025-greenBox.czi,Gen_alg,605.64,12879.0,11559.0,32,31,104.43,0.96,20260226_279_Gen_Alg_10_8_2_Colorado2025-greenBox_x012800_y011264
Unknown_Sample,20260226_279_Gen_Alg_10_8_2_Colorado2025-greenBox.czi,Gen_alg,695.68,12979.0,11505.0,35,33,114.43,0.959,20260226_279_Gen_Alg_10_8_2_Colorado2025-greenBox_x012800_y011264
Unknown_Sample,20260226_279_Gen_Alg_10_8_2_Colorado2025-greenBox.czi,Gen_alg,649.5,13000.0,11449.0,33,33,109.25,0.955,20260226_279_Gen_Alg_10_8_2_Colorado2025-greenBox_x012800_y011264
Unknown_Sample,20260226_279_Gen_Alg_10_8_2_Colorado2025-greenBox.czi,Gen_alg,607.18,12950.0,11685.0,31,33,106.43,0.947,20260226_279_Gen_Alg_10_8_2_Colorado2025-greenBox_x012800_y011264
Unknown_Sample,20260226_279_Gen_Alg_10_8_2_Colorado2025-greenBox.czi,Gen_alg,657.97,13870.0,11474.0,32,33,108.43,0.963,20260226_279_Gen_Alg_10_8_2_Colorado2025-greenBox_x013312_y011264
Unknown_Sample,20260226_279_Gen_Alg_10_8_2_Colorado2025-greenBox.czi,Gen_alg,669.13,13474.0,11733.0,33,33,109.84,0.963,20260226_279_Gen_Alg_10_8_2_Colorado2025-greenBox_x013312_y011264
Unknown_Sample,20260226_279_Gen_Alg_10_8_2_Colorado2025-greenBox.czi,Gen_alg,733.0,13519.0,11853.0,34,36,115.5,0.96,20260226_279_Gen_Alg_10_8_2_Colorado2025-greenBox_x013312_y011264
Unknown_Sample,20260226_279_Gen_Alg_10_8_2_Colorado2025-greenBox.czi,Gen_alg,293.58,13944.0,11574.0,16,31,82.38,0.89,20260226_279_Gen_Alg_10_8_2_Colorado2025-greenBox_x013312_y011264
Unknown_Sample,20260226_279_Gen_Alg_10_8_2_Colorado2025-greenBox.czi,Gen_alg,657.97,13870.0,11474.0,32,33,108.43,0.963,20260226_279_Gen_Alg_10_8_2_Colorado2025-greenBox_x013824_y011264
Unknown_Sample,20260226_279_Gen_Alg_10_8_2_Colorado2025-greenBox.czi,Gen_alg,844.58,14160.0,11521.0,37,38,123.15,0.963,20260226_279_Gen_Alg_10_8_2_Colorado2025-greenBox_x013824_y011264
Unknown_Sample,20260226_279_Gen_Alg_10_8_2_Colorado2025-greenBox.czi,Gen_alg,510.6,14169.0,11276.0,31,27,98.53,0.963,20260226_279_Gen_Alg_10_8_2_Colorado2025-greenBox_x013824_y011264
Unknown_Sample,20260226_279_Gen_Alg_10_8_2_Colorado2025-greenBox.czi,Gen_alg,533.69,14054.0,11587.0,30,30,99.01,0.963,20260226_279_Gen_Alg_10_8_2_Colorado2025-greenBox_x013824_y011264
Unknown_Sample,20260226_279_Gen_Alg_10_8_2_Colorado2025-greenBox.czi,Gen_alg,504.06,14205.0,11653.0,29,28,97.11,0.961,20260226_279_Gen_Alg_10_8_2_Colorado2025-greenBox_x013824_y011264
Unknown_Sample,20260226_279_Gen_Alg_10_8_2_Colorado2025-greenBox.czi,Gen_alg,710.3,14100.0,11670.0,37,33,113.74,0.96,20260226_279_Gen_Alg_10_8_2_Colorado2025-greenBox_x013824_y011264
Unknown_Sample,20260226_279_Gen_Alg_10_8_2_Colorado2025-greenBox.czi,Gen_alg,542.54,14381.0,11473.0,30,29,99.94,0.959,20260226_279_Gen_Alg_10_8_2_Colorado2025-greenBox_x013824_y011264
Unknown_Sample,20260226_279_Gen_Alg_10_8_2_Colorado2025-greenBox.czi,Gen_alg,596.02,13951.0,11574.0,32,31,106.18,0.95,20260226_279_Gen_Alg_10_8_2_Colorado2025-greenBox_x013824_y011264
Unknown_Sample,20260226_279_Gen_Alg_10_8_2_Colorado2025-greenBox.czi,Gen_alg,690.67,14701.0,11552.0,34,33,111.84,0.962,20260226_279_Gen_Alg_10_8_2_Colorado2025-greenBox_x014336_y011264
Unknown_Sample,20260226_279_Gen_Alg_10_8_2_Colorado2025-greenBox.czi,Gen_alg,541.38,14381.0,11473.0,30,29,100.53,0.959,20260226_279_Gen_Alg_10_8_2_Colorado2025-greenBox_x014336_y011264
Unknown_Sample,20260226_279_Gen_Alg_10_8_2_Colorado2025-greenBox.czi,Gen_alg,756.47,14668.0,11367.0,35,36,115.74,0.958,20260226_279_Gen_Alg_10_8_2_Colorado2025-greenBox_x014336_y011264
Unknown_Sample,20260226_279_Gen_Alg_10_8_2_Colorado2025-greenBox.czi,Gen_alg,727.61,14639.0,11710.0,36,34,114.33,0.957,20260226_279_Gen_Alg_10_8_2_Colorado2025-greenBox_x014336_y011264
Unknown_Sample,20260226_279_Gen_Alg_10_8_2_Colorado2025-greenBox.czi,Gen_alg,438.26,14965.0,11701.0,22,33,96.04,0.925,20260226_279_Gen_Alg_10_8_2_Colorado2025-greenBox_x014336_y011264
Unknown_Sample,20260226_279_Gen_Alg_10_8_2_Colorado2025-greenBox.czi,Gen_alg,319.75,14967.0,11596.0,17,31,84.38,0.908,20260226_279_Gen_Alg_10_8_2_Colorado2025-greenBox_x014336_y011264
Unknown_Sample,20260226_279_Gen_Alg_10_8_2_Colorado2025-greenBox.czi,Gen_alg,631.8,15348.0,11850.0,32,33,107.25,0.964,20260226_279_Gen_Alg_10_8_2_Colorado2025-greenBox_x014848_y011264
Unknown_Sample,20260226_279_Gen_Alg_10_8_2_Colorado2025-greenBox.czi,Gen_alg,785.71,15175.0,11774.0,37,36,120.91,0.961,20260226_279_Gen_Alg_10_8_2_Colorado2025-greenBox_x014848_y011264
Unknown_Sample,20260226_279_Gen_Alg_10_8_2_Colorado2025-greenBox.czi,Gen_alg,650.66,15279.0,11856.0,33,32,109.01,0.959,20260226_279_Gen_Alg_10_8_2_Colorado2025-greenBox_x014848_y011264
Unknown_Sample,20260226_279_Gen_Alg_10_8_2_Colorado2025-greenBox.czi,Gen_alg,589.48,14969.0,11701.0,31,32,103.25,0.958,20260226_279_Gen_Alg_10_8_2_Colorado2025-greenBox_x014848_y011264
Unknown_Sample,20260226_279_Gen_Alg_10_8_2_Colorado2025-greenBox.czi,Gen_alg,584.86,14973.0,11596.0,31,31,103.6,0.958,20260226_279_Gen_Alg_10_8_2_Colorado2025-greenBox_x014848_y011264
Unknown_Sample,20260226_279_Gen_Alg_10_8_2_Colorado2025-greenBox.czi,Gen_alg,575.63,14990.0,11556.0,31,31,102.43,0.956,20260226_279_Gen_Alg_10_8_2_Colorado2025-greenBox_x014848_y011264
Unknown_Sample,20260226_279_Gen_Alg_10_8_2_Colorado2025-greenBox.czi,Gen_alg,662.97,15008.0,11888.0,33,31,112.87,0.952,20260226_279_Gen_Alg_10_8_2_Colorado2025-greenBox_x014848_y011264
Unknown_Sample,20260226_279_Gen_Alg_10_8_2_Colorado2025-greenBox.czi,Gen_alg,409.4,15227.0,11380.0,27,28,89.6,0.942,20260226_279_Gen_Alg_10_8_2_Colorado2025-greenBox_x014848_y011264
Unknown_Sample,20260226_279_Gen_Alg_10_8_2_Colorado2025-greenBox.czi,Gen_alg,552.92,15842.0,11502.0,32,29,102.18,0.956,20260226_279_Gen_Alg_10_8_2_Colorado2025-greenBox_x015360_y011264
Unknown_Sample,20260226_279_Gen_Alg_10_8_2_Colorado2025-greenBox.czi,Gen_alg,838.04,15827.0,11617.0,36,40,123.4,0.955,20260226_279_Gen_Alg_10_8_2_Colorado2025-greenBox_x015360_y011264
Unknown_Sample,20260226_279_Gen_Alg_10_8_2_Colorado2025-greenBox.czi,Gen_alg,541.0,15838.0,11554.0,29,31,99.6,0.954,20260226_279_Gen_Alg_10_8_2_Colorado2025-greenBox_x015360_y011264
Unknown_Sample,20260226_279_Gen_Alg_10_8_2_Colorado2025-greenBox.czi,Gen_alg,296.66,15740.0,11794.0,25,21,76.87,0.939,20260226_279_Gen_Alg_10_8_2_Colorado2025-greenBox_x015360_y011264
Unknown_Sample,20260226_279_Gen_Alg_10_8_2_Colorado2025-greenBox.czi,Gen_alg,327.06,16222.0,11271.0,29,19,82.63,0.922,20260226_279_Gen_Alg_10_8_2_Colorado2025-greenBox_x015872_y011264
Unknown_Sample,20260226_279_Gen_Alg_10_8_2_Colorado2025-greenBox.czi,Gen_alg,914.61,16492.0,11882.0,39,38,135.36,0.905,20260226_279_Gen_Alg_10_8_2_Colorado2025-greenBox_x015872_y011264
Unknown_Sample,20260226_279_Gen_Alg_10_8_2_Colorado2025-greenBox.czi,Gen_alg,829.58,16788.0,11381.0,36,38,122.91,0.951,20260226_279_Gen_Alg_10_8_2_Colorado2025-greenBox_x016384_y011264
Unknown_Sample,20260226_279_Gen_Alg_10_8_2_Colorado2025-greenBox.czi,Gen_alg,865.36,16596.0,11573.0,37,39,126.33,0.949,20260226_279_Gen_Alg_10_8_2_Colorado2025-greenBox_x016384_y011264
Unknown_Sample,20260226_279_Gen_Alg_10_8_2_Colorado2025-greenBox.czi,Gen_alg,853.43,16888.0,11769.0,37,38,126.08,0.94,20260226_279_Gen_Alg_10_8_2_Colorado2025-greenBox_x016384_y011264
Unknown_Sample,20260226_279_Gen_Alg_10_8_2_Colorado2025-greenBox.czi,Gen_alg,725.3,16799.0,11425.0,35,34,114.67,0.929,20260226_279_Gen_Alg_10_8_2_Colorado2025-greenBox_x016384_y011264
Unknown_Sample,20260226_279_Gen_Alg_10_8_2_Colorado2025-greenBox.czi,Gen_alg,1044.67,16847.0,11790.0,44,39,137.98,0.928,20260226_279_Gen_Alg_10_8_2_Colorado2025-greenBox_x016384_y011264
Unknown_Sample,20260226_279_Gen_Alg_10_8_2_Colorado2025-greenBox.czi,Gen_alg,923.85,16491.0,11882.0,42,38,133.15,0.916,20260226_279_Gen_Alg_10_8_2_Colorado2025-greenBox_x016384_y011264
Unknown_Sample,20260226_279_Gen_Alg_10_8_2_Colorado2025-greenBox.czi,Gen_alg,223.56,16901.0,11767.0,13,32,77.21,0.903,20260226_279_Gen_Alg_10_8_2_Colorado2025-greenBox_x016896_y011264
Unknown_Sample,20260226_279_Gen_Alg_10_8_2_Colorado2025-greenBox.czi,Gen_alg,954.63,2585.0,12181.0,40,38,131.5,0.961,20260226_279_Gen_Alg_10_8_2_Colorado2025-greenBox_x002048_y011776
Unknown_Sample,20260226_279_Gen_Alg_10_8_2_Colorado2025-greenBox.czi,Gen_alg,435.95,2491.0,12301.0,35,21,93.36,0.953,20260226_279_Gen_Alg_10_8_2_Colorado2025-greenBox_x002048_y011776
Unknown_Sample,20260226_279_Gen_Alg_10_8_2_Colorado2025-greenBox.czi,Gen_alg,830.73,2989.0,12258.0,36,38,123.5,0.962,20260226_279_Gen_Alg_10_8_2_Colorado2025-greenBox_x002560_y011776
Unknown_Sample,20260226_279_Gen_Alg_10_8_2_Colorado2025-greenBox.czi,Gen_alg,956.17,2585.0,12181.0,40,38,132.67,0.961,20260226_279_Gen_Alg_10_8_2_Colorado2025-greenBox_x002560_y011776
Unknown_Sample,20260226_279_Gen_Alg_10_8_2_Colorado2025-greenBox.czi,Gen_alg,698.75,3077.0,11787.0,41,27,120.28,0.961,20260226_279_Gen_Alg_10_8_2_Colorado2025-greenBox_x002560_y011776
Unknown_Sample,20260226_279_Gen_Alg_10_8_2_Colorado2025-greenBox.czi,Gen_alg,468.27,3083.0,11787.0,27,27,97.56,0.967,20260226_279_Gen_Alg_10_8_2_Colorado2025-greenBox_x003072_y011776
Unknown_Sample,20260226_279_Gen_Alg_10_8_2_Colorado2025-greenBox.czi,Gen_alg,741.08,3557.0,12231.0,38,33,116.91,0.959,20260226_279_Gen_Alg_10_8_2_Colorado2025-greenBox_x003072_y011776
Unknown_Sample,20260226_279_Gen_Alg_10_8_2_Colorado2025-greenBox.czi,Gen_alg,199.31,3504.0,12110.0,17,20,60.63,0.94,20260226_279_Gen_Alg_10_8_2_Colorado2025-greenBox_x003072_y011776
Unknown_Sample,20260226_279_Gen_Alg_10_8_2_Colorado2025-greenBox.czi,Gen_alg,1006.96,3862.0,12068.0,40,41,135.15,0.965,20260226_279_Gen_Alg_10_8_2_Colorado2025-greenBox_x003584_y011776
Unknown_Sample,20260226_279_Gen_Alg_10_8_2_Colorado2025-greenBox.czi,Gen_alg,989.26,3994.0,12068.0,40,41,135.15,0.96,20260226_279_Gen_Alg_10_8_2_Colorado2025-greenBox_x003584_y011776
Unknown_Sample,20260226_279_Gen_Alg_10_8_2_Colorado2025-greenBox.czi,Gen_alg,711.07,3855.0,11863.0,34,35,114.08,0.958,20260226_279_Gen_Alg_10_8_2_Colorado2025-greenBox_x003584_y011776
Unknown_Sample,20260226_279_Gen_Alg_10_8_2_Colorado2025-greenBox.czi,Gen_alg,366.31,3878.0,11783.0,37,17,94.63,0.95,20260226_279_Gen_Alg_10_8_2_Colorado2025-greenBox_x003584_y011776
Unknown_Sample,20260226_279_Gen_Alg_10_8_2_Colorado2025-greenBox.czi,Gen_alg,802.26,3788.0,11905.0,36,38,121.15,0.947,20260226_279_Gen_Alg_10_8_2_Colorado2025-greenBox_x003584_y011776
Unknown_Sample,20260226_279_Gen_Alg_10_8_2_Colorado2025-greenBox.czi,Gen_alg,788.41,3799.0,11944.0,37,38,121.98,0.945,20260226_279_Gen_Alg_10_8_2_Colorado2025-greenBox_x003584_y011776
Unknown_Sample,20260226_279_Gen_Alg_10_8_2_Colorado2025-greenBox.czi,Gen_alg,766.09,4326.0,11789.0,40,30,122.53,0.964,20260226_279_Gen_Alg_10_8_2_Colorado2025-greenBox_x004096_y011776
Unknown_Sample,20260226_279_Gen_Alg_10_8_2_Colorado2025-greenBox.czi,Gen_alg,944.63,4430.0,12128.0,39,40,131.15,0.964,20260226_279_Gen_Alg_10_8_2_Colorado2025-greenBox_x004096_y011776
Unknown_Sample,20260226_279_Gen_Alg_10_8_2_Colorado2025-greenBox.czi,Gen_alg,776.48,4269.0,12021.0,35,35,118.43,0.963,20260226_279_Gen_Alg_10_8_2_Colorado2025-greenBox_x004096_y011776
Unknown_Sample,20260226_279_Gen_Alg_10_8_2_Colorado2025-greenBox.czi,Gen_alg,1030.05,4268.0,12381.0,43,40,139.15,0.962,20260226_279_Gen_Alg_10_8_2_Colorado2025-greenBox_x004096_y011776
Unknown_Sample,20260226_279_Gen_Alg_10_8_2_Colorado2025-greenBox.czi,Gen_alg,871.13,4708.0,12017.0,37,39,126.91,0.962,20260226_279_Gen_Alg_10_8_2_Colorado2025-greenBox_x004096_y011776
Unknown_Sample,20260226_279_Gen_Alg_10_8_2_Colorado2025-greenBox.czi,Gen_alg,581.01,4723.0,11882.0,25,36,108.63,0.944,20260226_279_Gen_Alg_10_8_2_Colorado2025-greenBox_x004096_y011776
Unknown_Sample,20260226_279_Gen_Alg_10_8_2_Colorado2025-greenBox.czi,Gen_alg,925.77,5223.0,12326.0,39,40,130.57,0.967,20260226_279_Gen_Alg_10_8_2_Colorado2025-greenBox_x004608_y011776
Unknown_Sample,20260226_279_Gen_Alg_10_8_2_Colorado2025-greenBox.czi,Gen_alg,810.34,4728.0,11881.0,36,36,121.25,0.965,20260226_279_Gen_Alg_10_8_2_Colorado2025-greenBox_x004608_y011776
Unknown_Sample,20260226_279_Gen_Alg_10_8_2_Colorado2025-greenBox.czi,Gen_alg,610.26,5155.0,11908.0,32,31,104.43,0.964,20260226_279_Gen_Alg_10_8_2_Colorado2025-greenBox_x004608_y011776
Unknown_Sample,20260226_279_Gen_Alg_10_8_2_Colorado2025-greenBox.czi,Gen_alg,869.21,4708.0,12017.0,37,39,127.5,0.962,20260226_279_Gen_Alg_10_8_2_Colorado2025-greenBox_x004608_y011776
Unknown_Sample,20260226_279_Gen_Alg_10_8_2_Colorado2025-greenBox.czi,Gen_alg,733.77,5040.0,12334.0,34,37,115.15,0.961,20260226_279_Gen_Alg_10_8_2_Colorado2025-greenBox_x004608_y011776
Unknown_Sample,20260226_279_Gen_Alg_10_8_2_Colorado2025-greenBox.czi,Gen_alg,726.46,5224.0,11941.0,35,34,115.25,0.958,20260226_279_Gen_Alg_10_8_2_Colorado2025-greenBox_x004608_y011776
Unknown_Sample,20260226_279_Gen_Alg_10_8_2_Colorado2025-greenBox.czi,Gen_alg,472.51,4826.0,12337.0,37,24,100.43,0.945,20260226_279_Gen_Alg_10_8_2_Colorado2025-greenBox_x004608_y011776
Unknown_Sample,20260226_279_Gen_Alg_10_8_2_Colorado2025-greenBox.czi,Gen_alg,929.24,5223.0,12326.0,39,40,129.98,0.972,20260226_279_Gen_Alg_10_8_2_Colorado2025-greenBox_x005120_y011776
Unknown_Sample,20260226_279_Gen_Alg_10_8_2_Colorado2025-greenBox.czi,Gen_alg,610.26,5155.0,11908.0,32,31,104.43,0.963,20260226_279_Gen_Alg_10_8_2_Colorado2025-greenBox_x005120_y011776
Unknown_Sample,20260226_279_Gen_Alg_10_8_2_Colorado2025-greenBox.czi,Gen_alg,728.38,5365.0,12135.0,34,36,114.33,0.963,20260226_279_Gen_Alg_10_8_2_Colorado2025-greenBox_x005120_y011776
Unknown_Sample,20260226_279_Gen_Alg_10_8_2_Colorado2025-greenBox.czi,Gen_alg,779.94,5512.0,12059.0,37,34,119.84,0.963,20260226_279_Gen_Alg_10_8_2_Colorado2025-greenBox_x005120_y011776
Unknown_Sample,20260226_279_Gen_Alg_10_8_2_Colorado2025-greenBox.czi,Gen_alg,854.97,5402.0,12383.0,36,39,124.91,0.962,20260226_279_Gen_Alg_10_8_2_Colorado2025-greenBox_x005120_y011776
Unknown_Sample,20260226_279_Gen_Alg_10_8_2_Colorado2025-greenBox.czi,Gen_alg,842.28,5448.0,12132.0,37,37,123.5,0.962,20260226_279_Gen_Alg_10_8_2_Colorado2025-greenBox_x005120_y011776
Unknown_Sample,20260226_279_Gen_Alg_10_8_2_Colorado2025-greenBox.czi,Gen_alg,577.55,5599.0,12345.0,29,33,101.84,0.959,20260226_279_Gen_Alg_10_8_2_Colorado2025-greenBox_x005120_y011776
Unknown_Sample,20260226_279_Gen_Alg_10_8_2_Colorado2025-greenBox.czi,Gen_alg,724.92,5224.0,11941.0,35,34,115.25,0.959,20260226_279_Gen_Alg_10_8_2_Colorado2025-greenBox_x005120_y011776
Unknown_Sample,20260226_279_Gen_Alg_10_8_2_Colorado2025-greenBox.czi,Gen_alg,723.77,5579.0,12148.0,36,34,115.5,0.959,20260226_279_Gen_Alg_10_8_2_Colorado2025-greenBox_x005120_y011776
Unknown_Sample,20260226_279_Gen_Alg_10_8_2_Colorado2025-greenBox.czi,Gen_alg,623.72,5747.0,12217.0,27,38,112.53,0.942,20260226_279_Gen_Alg_10_8_2_Colorado2025-greenBox_x005120_y011776
Unknown_Sample,20260226_279_Gen_Alg_10_8_2_Colorado2025-greenBox.czi,Gen_alg,858.44,5751.0,12217.0,38,38,123.98,0.964,20260226_279_Gen_Alg_10_8_2_Colorado2025-greenBox_x005632_y011776
Unknown_Sample,20260226_279_Gen_Alg_10_8_2_Colorado2025-greenBox.czi,Gen_alg,821.5,6255.0,11802.0,35,38,126.18,0.948,20260226_279_Gen_Alg_10_8_2_Colorado2025-greenBox_x005632_y011776
Unknown_Sample,20260226_279_Gen_Alg_10_8_2_Colorado2025-greenBox.czi,Gen_alg,962.33,6252.0,12226.0,39,44,137.98,0.912,20260226_279_Gen_Alg_10_8_2_Colorado2025-greenBox_x005632_y011776
Unknown_Sample,20260226_279_Gen_Alg_10_8_2_Colorado2025-greenBox.czi,Gen_alg,366.31,5923.0,12407.0,36,17,92.63,0.903,20260226_279_Gen_Alg_10_8_2_Colorado2025-greenBox_x005632_y011776
Unknown_Sample,20260226_279_Gen_Alg_10_8_2_Colorado2025-greenBox.czi,Gen_alg,389.78,6223.0,12239.0,27,26,88.53,0.897,20260226_279_Gen_Alg_10_8_2_Colorado2025-greenBox_x005632_y011776
Unknown_Sample,20260226_279_Gen_Alg_10_8_2_Colorado2025-greenBox.czi,Gen_alg,606.41,6523.0,11940.0,31,32,104.43,0.964,20260226_279_Gen_Alg_10_8_2_Colorado2025-greenBox_x006144_y011776
Unknown_Sample,20260226_279_Gen_Alg_10_8_2_Colorado2025-greenBox.czi,Gen_alg,912.69,6492.0,11991.0,39,39,128.57,0.963,20260226_279_Gen_Alg_10_8_2_Colorado2025-greenBox_x006144_y011776
Unknown_Sample,20260226_279_Gen_Alg_10_8_2_Colorado2025-greenBox.czi,Gen_alg,863.82,6256.0,11802.0,39,38,127.98,0.961,20260226_279_Gen_Alg_10_8_2_Colorado2025-greenBox_x006144_y011776
Unknown_Sample,20260226_279_Gen_Alg_10_8_2_Colorado2025-greenBox.czi,Gen_alg,732.23,6658.0,11824.0,37,33,116.67,0.961,20260226_279_Gen_Alg_10_8_2_Colorado2025-greenBox_x006144_y011776
Unknown_Sample,20260226_279_Gen_Alg_10_8_2_Colorado2025-greenBox.czi,Gen_alg,963.87,6252.0,12226.0,39,44,135.64,0.925,20260226_279_Gen_Alg_10_8_2_Colorado2025-greenBox_x006144_y011776
Unknown_Sample,20260226_279_Gen_Alg_10_8_2_Colorado2025-greenBox.czi,Gen_alg,389.01,6223.0,12239.0,27,26,88.53,0.896,20260226_279_Gen_Alg_10_8_2_Colorado2025-greenBox_x006144_y011776
Unknown_Sample,20260226_279_Gen_Alg_10_8_2_Colorado2025-greenBox.czi,Gen_alg,903.07,7056.0,11794.0,38,38,129.84,0.963,20260226_279_Gen_Alg_10_8_2_Colorado2025-greenBox_x006656_y011776
Unknown_Sample,20260226_279_Gen_Alg_10_8_2_Colorado2025-greenBox.czi,Gen_alg,881.52,7051.0,11879.0,39,38,125.98,0.962,20260226_279_Gen_Alg_10_8_2_Colorado2025-greenBox_x006656_y011776
Unknown_Sample,20260226_279_Gen_Alg_10_8_2_Colorado2025-greenBox.czi,Gen_alg,430.57,6664.0,11825.0,21,33,96.38,0.961,20260226_279_Gen_Alg_10_8_2_Colorado2025-greenBox_x006656_y011776
Unknown_Sample,20260226_279_Gen_Alg_10_8_2_Colorado2025-greenBox.czi,Gen_alg,720.3,6965.0,12125.0,36,34,114.91,0.96,20260226_279_Gen_Alg_10_8_2_Colorado2025-greenBox_x006656_y011776
Unknown_Sample,20260226_279_Gen_Alg_10_8_2_Colorado2025-greenBox.czi,Gen_alg,413.25,7287.0,12000.0,18,39,98.28,0.911,20260226_279_Gen_Alg_10_8_2_Colorado2025-greenBox_x006656_y011776
Unknown_Sample,20260226_279_Gen_Alg_10_8_2_Colorado2025-greenBox.czi,Gen_alg,942.32,7296.0,12000.0,40,39,129.98,0.964,20260226_279_Gen_Alg_10_8_2_Colorado2025-greenBox_x007168_y011776
Unknown_Sample,20260226_279_Gen_Alg_10_8_2_Colorado2025-greenBox.czi,Gen_alg,602.18,7396.0,12026.0,31,32,105.01,0.962,20260226_279_Gen_Alg_10_8_2_Colorado2025-greenBox_x007168_y011776
Unknown_Sample,20260226_279_Gen_Alg_10_8_2_Colorado2025-greenBox.czi,Gen_alg,715.3,7793.0,11808.0,30,37,118.87,0.942,20260226_279_Gen_Alg_10_8_2_Colorado2025-greenBox_x007168_y011776
Unknown_Sample,20260226_279_Gen_Alg_10_8_2_Colorado2025-greenBox.czi,Gen_alg,795.72,8101.0,12279.0,36,36,120.08,0.965,20260226_279_Gen_Alg_10_8_2_Colorado2025-greenBox_x007680_y011776
Unknown_Sample,20260226_279_Gen_Alg_10_8_2_Colorado2025-greenBox.czi,Gen_alg,819.19,8168.0,12232.0,38,36,121.15,0.964,20260226_279_Gen_Alg_10_8_2_Colorado2025-greenBox_x007680_y011776
Unknown_Sample,20260226_279_Gen_Alg_10_8_2_Colorado2025-greenBox.czi,Gen_alg,838.81,7925.0,12194.0,37,38,123.74,0.961,20260226_279_Gen_Alg_10_8_2_Colorado2025-greenBox_x007680_y011776
Unknown_Sample,20260226_279_Gen_Alg_10_8_2_Colorado2025-greenBox.czi,Gen_alg,929.62,7825.0,12285.0,40,39,130.57,0.96,20260226_279_Gen_Alg_10_8_2_Colorado2025-greenBox_x007680_y011776
Unknown_Sample,20260226_279_Gen_Alg_10_8_2_Colorado2025-greenBox.czi,Gen_alg,855.36,7796.0,11808.0,39,37,123.98,0.957,20260226_279_Gen_Alg_10_8_2_Colorado2025-greenBox_x007680_y011776
Unknown_Sample,20260226_279_Gen_Alg_10_8_2_Colorado2025-greenBox.czi,Gen_alg,522.91,7911.0,11971.0,29,30,99.36,0.956,20260226_279_Gen_Alg_10_8_2_Colorado2025-greenBox_x007680_y011776
Unknown_Sample,20260226_279_Gen_Alg_10_8_2_Colorado2025-greenBox.czi,Gen_alg,724.92,7819.0,12243.0,35,35,117.25,0.956,20260226_279_Gen_Alg_10_8_2_Colorado2025-greenBox_x007680_y011776
Unknown_Sample,20260226_279_Gen_Alg_10_8_2_Colorado2025-greenBox.czi,Gen_alg,767.63,7838.0,11821.0,35,37,119.5,0.949,20260226_279_Gen_Alg_10_8_2_Colorado2025-greenBox_x007680_y011776
Unknown_Sample,20260226_279_Gen_Alg_10_8_2_Colorado2025-greenBox.czi,Gen_alg,741.46,7874.0,11838.0,37,34,117.5,0.944,20260226_279_Gen_Alg_10_8_2_Colorado2025-greenBox_x007680_y011776
Unknown_Sample,20260226_279_Gen_Alg_10_8_2_Colorado2025-greenBox.czi,Gen_alg,683.75,8479.0,12240.0,35,33,112.67,0.962,20260226_279_Gen_Alg_10_8_2_Colorado2025-greenBox_x008192_y011776
Unknown_Sample,20260226_279_Gen_Alg_10_8_2_Colorado2025-greenBox.czi,Gen_alg,858.05,8391.0,11972.0,39,37,125.74,0.962,20260226_279_Gen_Alg_10_8_2_Colorado2025-greenBox_x008192_y011776
Unknown_Sample,20260226_279_Gen_Alg_10_8_2_Colorado2025-greenBox.czi,Gen_alg,675.67,8708.0,12303.0,34,33,111.25,0.961,20260226_279_Gen_Alg_10_8_2_Colorado2025-greenBox_x008192_y011776
Unknown_Sample,20260226_279_Gen_Alg_10_8_2_Colorado2025-greenBox.czi,Gen_alg,846.12,8672.0,12386.0,37,37,124.67,0.957,20260226_279_Gen_Alg_10_8_2_Colorado2025-greenBox_x008192_y011776
Unknown_Sample,20260226_279_Gen_Alg_10_8_2_Colorado2025-greenBox.czi,Gen_alg,649.89,8755.0,12286.0,34,32,108.67,0.955,20260226_279_Gen_Alg_10_8_2_Colorado2025-greenBox_x008192_y011776
Unknown_Sample,20260226_279_Gen_Alg_10_8_2_Colorado2025-greenBox.czi,Gen_alg,724.53,9133.0,12130.0,34,35,114.67,0.963,20260226_279_Gen_Alg_10_8_2_Colorado2025-greenBox_x008704_y011776
Unknown_Sample,20260226_279_Gen_Alg_10_8_2_Colorado2025-greenBox.czi,Gen_alg,794.18,9207.0,11964.0,37,36,119.74,0.962,20260226_279_Gen_Alg_10_8_2_Colorado2025-greenBox_x008704_y011776
Unknown_Sample,20260226_279_Gen_Alg_10_8_2_Colorado2025-greenBox.czi,Gen_alg,773.4,9150.0,12316.0,35,37,118.91,0.961,20260226_279_Gen_Alg_10_8_2_Colorado2025-greenBox_x008704_y011776
Unknown_Sample,20260226_279_Gen_Alg_10_8_2_Colorado2025-greenBox.czi,Gen_alg,662.2,8969.0,11882.0,32,35,109.5,0.958,20260226_279_Gen_Alg_10_8_2_Colorado2025-greenBox_x008704_y011776
Unknown_Sample,20260226_279_Gen_Alg_10_8_2_Colorado2025-greenBox.czi,Gen_alg,447.88,8713.0,12303.0,22,33,96.63,0.957,20260226_279_Gen_Alg_10_8_2_Colorado2025-greenBox_x008704_y011776
Unknown_Sample,20260226_279_Gen_Alg_10_8_2_Colorado2025-greenBox.czi,Gen_alg,649.89,8755.0,12286.0,34,32,108.67,0.955,20260226_279_Gen_Alg_10_8_2_Colorado2025-greenBox_x008704_y011776
Unknown_Sample,20260226_279_Gen_Alg_10_8_2_Colorado2025-greenBox.czi,Gen_alg,358.61,9263.0,11892.0,23,29,84.77,0.952,20260226_279_Gen_Alg_10_8_2_Colorado2025-greenBox_x008704_y011776
Unknown_Sample,20260226_279_Gen_Alg_10_8_2_Colorado2025-greenBox.czi,Gen_alg,629.88,9563.0,12305.0,31,33,107.01,0.964,20260226_279_Gen_Alg_10_8_2_Colorado2025-greenBox_x009216_y011776
Unknown_Sample,20260226_279_Gen_Alg_10_8_2_Colorado2025-greenBox.czi,Gen_alg,848.05,9765.0,12157.0,37,37,124.08,0.962,20260226_279_Gen_Alg_10_8_2_Colorado2025-greenBox_x009216_y011776
Unknown_Sample,20260226_279_Gen_Alg_10_8_2_Colorado2025-greenBox.czi,Gen_alg,829.19,9374.0,11892.0,37,37,121.15,0.961,20260226_279_Gen_Alg_10_8_2_Colorado2025-greenBox_x009216_y011776
Unknown_Sample,20260226_279_Gen_Alg_10_8_2_Colorado2025-greenBox.czi,Gen_alg,714.15,9422.0,12379.0,34,34,114.43,0.96,20260226_279_Gen_Alg_10_8_2_Colorado2025-greenBox_x009216_y011776
Unknown_Sample,20260226_279_Gen_Alg_10_8_2_Colorado2025-greenBox.czi,Gen_alg,878.45,9634.0,12091.0,38,39,125.98,0.96,20260226_279_Gen_Alg_10_8_2_Colorado2025-greenBox_x009216_y011776
Unknown_Sample,20260226_279_Gen_Alg_10_8_2_Colorado2025-greenBox.czi,Gen_alg,358.61,9263.0,11892.0,23,29,84.77,0.952,20260226_279_Gen_Alg_10_8_2_Colorado2025-greenBox_x009216_y011776
Unknown_Sample,20260226_279_Gen_Alg_10_8_2_Colorado2025-greenBox.czi,Gen_alg,154.3,9220.0,11964.0,11,30,68.04,0.927,20260226_279_Gen_Alg_10_8_2_Colorado2025-greenBox_x009216_y011776
Unknown_Sample,20260226_279_Gen_Alg_10_8_2_Colorado2025-greenBox.czi,Gen_alg,847.28,9765.0,12157.0,37,37,124.08,0.963,20260226_279_Gen_Alg_10_8_2_Colorado2025-greenBox_x009728_y011776
Unknown_Sample,20260226_279_Gen_Alg_10_8_2_Colorado2025-greenBox.czi,Gen_alg,817.27,9916.0,12278.0,37,36,120.91,0.963,20260226_279_Gen_Alg_10_8_2_Colorado2025-greenBox_x009728_y011776
Unknown_Sample,20260226_279_Gen_Alg_10_8_2_Colorado2025-greenBox.czi,Gen_alg,769.17,10284.0,12365.0,35,36,117.5,0.962,20260226_279_Gen_Alg_10_8_2_Colorado2025-greenBox_x009728_y011776
Unknown_Sample,20260226_279_Gen_Alg_10_8_2_Colorado2025-greenBox.czi,Gen_alg,741.85,10181.0,12348.0,36,34,116.08,0.962,20260226_279_Gen_Alg_10_8_2_Colorado2025-greenBox_x009728_y011776
Unknown_Sample,20260226_279_Gen_Alg_10_8_2_Colorado2025-greenBox.czi,Gen_alg,915.38,10185.0,12302.0,41,37,127.98,0.96,20260226_279_Gen_Alg_10_8_2_Colorado2025-greenBox_x009728_y011776
Unknown_Sample,20260226_279_Gen_Alg_10_8_2_Colorado2025-greenBox.czi,Gen_alg,761.09,10091.0,12064.0,36,35,116.91,0.959,20260226_279_Gen_Alg_10_8_2_Colorado2025-greenBox_x009728_y011776
Unknown_Sample,20260226_279_Gen_Alg_10_8_2_Colorado2025-greenBox.czi,Gen_alg,773.79,10192.0,11876.0,37,35,118.33,0.958,20260226_279_Gen_Alg_10_8_2_Colorado2025-greenBox_x009728_y011776
Unknown_Sample,20260226_279_Gen_Alg_10_8_2_Colorado2025-greenBox.czi,Gen_alg,666.05,10150.0,12214.0,32,35,110.67,0.957,20260226_279_Gen_Alg_10_8_2_Colorado2025-greenBox_x009728_y011776
Unknown_Sample,20260226_279_Gen_Alg_10_8_2_Colorado2025-greenBox.czi,Gen_alg,760.7,10063.0,12103.0,36,35,118.67,0.951,20260226_279_Gen_Alg_10_8_2_Colorado2025-greenBox_x009728_y011776
Unknown_Sample,20260226_279_Gen_Alg_10_8_2_Colorado2025-greenBox.czi,Gen_alg,671.44,10354.0,11835.0,28,38,114.53,0.948,20260226_279_Gen_Alg_10_8_2_Colorado2025-greenBox_x009728_y011776
Unknown_Sample,20260226_279_Gen_Alg_10_8_2_Colorado2025-greenBox.czi,Gen_alg,733.0,10072.0,12141.0,34,36,116.67,0.945,20260226_279_Gen_Alg_10_8_2_Colorado2025-greenBox_x009728_y011776
Unknown_Sample,20260226_279_Gen_Alg_10_8_2_Colorado2025-greenBox.czi,Gen_alg,427.49,10304.0,11949.0,25,31,91.01,0.945,20260226_279_Gen_Alg_10_8_2_Colorado2025-greenBox_x009728_y011776
Unknown_Sample,20260226_279_Gen_Alg_10_8_2_Colorado2025-greenBox.czi,Gen_alg,367.46,10000.0,12232.0,21,29,84.87,0.942,20260226_279_Gen_Alg_10_8_2_Colorado2025-greenBox_x009728_y011776
Unknown_Sample,20260226_279_Gen_Alg_10_8_2_Colorado2025-greenBox.czi,Gen_alg,605.64,10410.0,11788.0,33,28,107.46,0.967,20260226_279_Gen_Alg_10_8_2_Colorado2025-greenBox_x010240_y011776
Unknown_Sample,20260226_279_Gen_Alg_10_8_2_Colorado2025-greenBox.czi,Gen_alg,843.05,10538.0,12281.0,38,37,123.15,0.964,20260226_279_Gen_Alg_10_8_2_Colorado2025-greenBox_x010240_y011776
Unknown_Sample,20260226_279_Gen_Alg_10_8_2_Colorado2025-greenBox.czi,Gen_alg,818.42,10641.0,12269.0,36,37,121.5,0.963,20260226_279_Gen_Alg_10_8_2_Colorado2025-greenBox_x010240_y011776
Unknown_Sample,20260226_279_Gen_Alg_10_8_2_Colorado2025-greenBox.czi,Gen_alg,702.99,10701.0,11846.0,34,34,112.67,0.963,20260226_279_Gen_Alg_10_8_2_Colorado2025-greenBox_x010240_y011776
Unknown_Sample,20260226_279_Gen_Alg_10_8_2_Colorado2025-greenBox.czi,Gen_alg,769.17,10284.0,12365.0,35,36,117.5,0.962,20260226_279_Gen_Alg_10_8_2_Colorado2025-greenBox_x010240_y011776
Unknown_Sample,20260226_279_Gen_Alg_10_8_2_Colorado2025-greenBox.czi,Gen_alg,616.41,10396.0,11915.0,31,33,106.43,0.961,20260226_279_Gen_Alg_10_8_2_Colorado2025-greenBox_x010240_y011776
Unknown_Sample,20260226_279_Gen_Alg_10_8_2_Colorado2025-greenBox.czi,Gen_alg,871.13,10358.0,11835.0,38,39,125.4,0.961,20260226_279_Gen_Alg_10_8_2_Colorado2025-greenBox_x010240_y011776
Unknown_Sample,20260226_279_Gen_Alg_10_8_2_Colorado2025-greenBox.czi,Gen_alg,816.5,10650.0,11811.0,37,37,124.08,0.961,20260226_279_Gen_Alg_10_8_2_Colorado2025-greenBox_x010240_y011776
Unknown_Sample,20260226_279_Gen_Alg_10_8_2_Colorado2025-greenBox.czi,Gen_alg,816.11,10461.0,12078.0,36,37,121.5,0.961,20260226_279_Gen_Alg_10_8_2_Colorado2025-greenBox_x010240_y011776
Unknown_Sample,20260226_279_Gen_Alg_10_8_2_Colorado2025-greenBox.czi,Gen_alg,758.01,10808.0,11980.0,35,36,118.08,0.96,20260226_279_Gen_Alg_10_8_2_Colorado2025-greenBox_x010240_y011776
Unknown_Sample,20260226_279_Gen_Alg_10_8_2_Colorado2025-greenBox.czi,Gen_alg,450.19,10523.0,11785.0,34,22,98.63,0.958,20260226_279_Gen_Alg_10_8_2_Colorado2025-greenBox_x010240_y011776
Unknown_Sample,20260226_279_Gen_Alg_10_8_2_Colorado2025-greenBox.czi,Gen_alg,659.12,10560.0,11932.0,32,35,110.67,0.957,20260226_279_Gen_Alg_10_8_2_Colorado2025-greenBox_x010240_y011776
Unknown_Sample,20260226_279_Gen_Alg_10_8_2_Colorado2025-greenBox.czi,Gen_alg,614.49,10591.0,12196.0,32,32,105.84,0.957,20260226_279_Gen_Alg_10_8_2_Colorado2025-greenBox_x010240_y011776
Unknown_Sample,20260226_279_Gen_Alg_10_8_2_Colorado2025-greenBox.czi,Gen_alg,435.95,10765.0,12368.0,30,25,91.36,0.951,20260226_279_Gen_Alg_10_8_2_Colorado2025-greenBox_x010240_y011776
Unknown_Sample,20260226_279_Gen_Alg_10_8_2_Colorado2025-greenBox.czi,Gen_alg,427.49,10304.0,11949.0,25,31,91.01,0.945,20260226_279_Gen_Alg_10_8_2_Colorado2025-greenBox_x010240_y011776
Unknown_Sample,20260226_279_Gen_Alg_10_8_2_Colorado2025-greenBox.czi,Gen_alg,161.61,10679.0,11779.0,31,10,70.97,0.922,20260226_279_Gen_Alg_10_8_2_Colorado2025-greenBox_x010240_y011776
Unknown_Sample,20260226_279_Gen_Alg_10_8_2_Colorado2025-greenBox.czi,Gen_alg,758.78,10808.0,11980.0,35,36,118.08,0.959,20260226_279_Gen_Alg_10_8_2_Colorado2025-greenBox_x010752_y011776
Unknown_Sample,20260226_279_Gen_Alg_10_8_2_Colorado2025-greenBox.czi,Gen_alg,584.48,11073.0,12126.0,31,31,103.01,0.959,20260226_279_Gen_Alg_10_8_2_Colorado2025-greenBox_x010752_y011776
Unknown_Sample,20260226_279_Gen_Alg_10_8_2_Colorado2025-greenBox.czi,Gen_alg,427.1,10765.0,12368.0,29,25,91.11,0.955,20260226_279_Gen_Alg_10_8_2_Colorado2025-greenBox_x010752_y011776
Unknown_Sample,20260226_279_Gen_Alg_10_8_2_Colorado2025-greenBox.czi,Gen_alg,816.5,11613.0,11835.0,37,36,122.08,0.962,20260226_279_Gen_Alg_10_8_2_Colorado2025-greenBox_x011264_y011776
Unknown_Sample,20260226_279_Gen_Alg_10_8_2_Colorado2025-greenBox.czi,Gen_alg,603.33,11755.0,11843.0,31,32,105.6,0.96,20260226_279_Gen_Alg_10_8_2_Colorado2025-greenBox_x011264_y011776
Unknown_Sample,20260226_279_Gen_Alg_10_8_2_Colorado2025-greenBox.czi,Gen_alg,669.9,11827.0,11824.0,34,33,111.84,0.96,20260226_279_Gen_Alg_10_8_2_Colorado2025-greenBox_x011264_y011776
Unknown_Sample,20260226_279_Gen_Alg_10_8_2_Colorado2025-greenBox.czi,Gen_alg,676.82,11462.0,11903.0,33,33,109.84,0.958,20260226_279_Gen_Alg_10_8_2_Colorado2025-greenBox_x011264_y011776
Unknown_Sample,20260226_279_Gen_Alg_10_8_2_Colorado2025-greenBox.czi,Gen_alg,707.6,11488.0,12120.0,34,35,114.67,0.955,20260226_279_Gen_Alg_10_8_2_Colorado2025-greenBox_x011264_y011776
Unknown_Sample,20260226_279_Gen_Alg_10_8_2_Colorado2025-greenBox.czi,Gen_alg,333.22,11448.0,12326.0,24,25,79.94,0.939,20260226_279_Gen_Alg_10_8_2_Colorado2025-greenBox_x011264_y011776
Unknown_Sample,20260226_279_Gen_Alg_10_8_2_Colorado2025-greenBox.czi,Gen_alg,883.06,11976.0,12269.0,39,38,127.15,0.963,20260226_279_Gen_Alg_10_8_2_Colorado2025-greenBox_x011776_y011776
Unknown_Sample,20260226_279_Gen_Alg_10_8_2_Colorado2025-greenBox.czi,Gen_alg,766.86,12281.0,12057.0,35,36,117.5,0.961,20260226_279_Gen_Alg_10_8_2_Colorado2025-greenBox_x011776_y011776
Unknown_Sample,20260226_279_Gen_Alg_10_8_2_Colorado2025-greenBox.czi,Gen_alg,672.97,11827.0,11824.0,34,33,111.84,0.96,20260226_279_Gen_Alg_10_8_2_Colorado2025-greenBox_x011776_y011776
Unknown_Sample,20260226_279_Gen_Alg_10_8_2_Colorado2025-greenBox.czi,Gen_alg,746.85,12293.0,12018.0,35,35,115.5,0.953,20260226_279_Gen_Alg_10_8_2_Colorado2025-greenBox_x011776_y011776
Unknown_Sample,20260226_279_Gen_Alg_10_8_2_Colorado2025-greenBox.czi,Gen_alg,257.42,12162.0,12409.0,33,13,80.38,0.892,20260226_279_Gen_Alg_10_8_2_Colorado2025-greenBox_x011776_y011776
Unknown_Sample,20260226_279_Gen_Alg_10_8_2_Colorado2025-greenBox.czi,Gen_alg,508.29,12297.0,12018.0,23,35,102.04,0.958,20260226_279_Gen_Alg_10_8_2_Colorado2025-greenBox_x012288_y011776
Unknown_Sample,20260226_279_Gen_Alg_10_8_2_Colorado2025-greenBox.czi,Gen_alg,811.49,12793.0,12356.0,36,38,122.33,0.957,20260226_279_Gen_Alg_10_8_2_Colorado2025-greenBox_x012288_y011776
Unknown_Sample,20260226_279_Gen_Alg_10_8_2_Colorado2025-greenBox.czi,Gen_alg,548.31,12914.0,12282.0,27,32,101.7,0.94,20260226_279_Gen_Alg_10_8_2_Colorado2025-greenBox_x012288_y011776
Unknown_Sample,20260226_279_Gen_Alg_10_8_2_Colorado2025-greenBox.czi,Gen_alg,197.78,12292.0,12057.0,11,32,74.97,0.92,20260226_279_Gen_Alg_10_8_2_Colorado2025-greenBox_x012288_y011776
Unknown_Sample,20260226_279_Gen_Alg_10_8_2_Colorado2025-greenBox.czi,Gen_alg,296.66,12920.0,12320.0,15,35,86.04,0.883,20260226_279_Gen_Alg_10_8_2_Colorado2025-greenBox_x012288_y011776
Unknown_Sample,20260226_279_Gen_Alg_10_8_2_Colorado2025-greenBox.czi,Gen_alg,639.11,13027.0,12270.0,33,32,106.67,0.962,20260226_279_Gen_Alg_10_8_2_Colorado2025-greenBox_x012800_y011776
Unknown_Sample,20260226_279_Gen_Alg_10_8_2_Colorado2025-greenBox.czi,Gen_alg,841.12,13375.0,12000.0,36,39,123.74,0.961,20260226_279_Gen_Alg_10_8_2_Colorado2025-greenBox_x012800_y011776
Unknown_Sample,20260226_279_Gen_Alg_10_8_2_Colorado2025-greenBox.czi,Gen_alg,675.28,13242.0,12345.0,33,34,110.67,0.96,20260226_279_Gen_Alg_10_8_2_Colorado2025-greenBox_x012800_y011776
Unknown_Sample,20260226_279_Gen_Alg_10_8_2_Colorado2025-greenBox.czi,Gen_alg,818.8,12996.0,12354.0,38,36,121.74,0.959,20260226_279_Gen_Alg_10_8_2_Colorado2025-greenBox_x012800_y011776
Unknown_Sample,20260226_279_Gen_Alg_10_8_2_Colorado2025-greenBox.czi,Gen_alg,598.71,13247.0,12306.0,32,31,104.43,0.958,20260226_279_Gen_Alg_10_8_2_Colorado2025-greenBox_x012800_y011776
Unknown_Sample,20260226_279_Gen_Alg_10_8_2_Colorado2025-greenBox.czi,Gen_alg,777.25,12930.0,12321.0,36,35,118.08,0.957,20260226_279_Gen_Alg_10_8_2_Colorado2025-greenBox_x012800_y011776
Unknown_Sample,20260226_279_Gen_Alg_10_8_2_Colorado2025-greenBox.czi,Gen_alg,620.26,13302.0,12358.0,31,33,106.43,0.957,20260226_279_Gen_Alg_10_8_2_Colorado2025-greenBox_x012800_y011776
Unknown_Sample,20260226_279_Gen_Alg_10_8_2_Colorado2025-greenBox.czi,Gen_alg,595.63,12915.0,12282.0,31,32,103.25,0.951,20260226_279_Gen_Alg_10_8_2_Colorado2025-greenBox_x012800_y011776
Unknown_Sample,20260226_279_Gen_Alg_10_8_2_Colorado2025-greenBox.czi,Gen_alg,231.25,12804.0,12357.0,12,36,82.04,0.934,20260226_279_Gen_Alg_10_8_2_Colorado2025-greenBox_x012800_y011776
Unknown_Sample,20260226_279_Gen_Alg_10_8_2_Colorado2025-greenBox.czi,Gen_alg,806.88,13870.0,12359.0,37,36,122.67,0.964,20260226_279_Gen_Alg_10_8_2_Colorado2025-greenBox_x013312_y011776
Unknown_Sample,20260226_279_Gen_Alg_10_8_2_Colorado2025-greenBox.czi,Gen_alg,631.42,13918.0,12371.0,32,32,107.01,0.962,20260226_279_Gen_Alg_10_8_2_Colorado2025-greenBox_x013312_y011776
Unknown_Sample,20260226_279_Gen_Alg_10_8_2_Colorado2025-greenBox.czi,Gen_alg,705.3,13717.0,12380.0,34,34,113.84,0.962,20260226_279_Gen_Alg_10_8_2_Colorado2025-greenBox_x013312_y011776
Unknown_Sample,20260226_279_Gen_Alg_10_8_2_Colorado2025-greenBox.czi,Gen_alg,841.89,13375.0,12000.0,36,39,123.74,0.961,20260226_279_Gen_Alg_10_8_2_Colorado2025-greenBox_x013312_y011776
Unknown_Sample,20260226_279_Gen_Alg_10_8_2_Colorado2025-greenBox.czi,Gen_alg,730.69,13519.0,11853.0,34,36,115.5,0.961,20260226_279_Gen_Alg_10_8_2_Colorado2025-greenBox_x013312_y011776
Unknown_Sample,20260226_279_Gen_Alg_10_8_2_Colorado2025-greenBox.czi,Gen_alg,672.59,13906.0,11939.0,34,33,111.25,0.957,20260226_279_Gen_Alg_10_8_2_Colorado2025-greenBox_x013312_y011776
Unknown_Sample,20260226_279_Gen_Alg_10_8_2_Colorado2025-greenBox.czi,Gen_alg,371.69,13617.0,12063.0,28,24,85.94,0.95,20260226_279_Gen_Alg_10_8_2_Colorado2025-greenBox_x013312_y011776
Unknown_Sample,20260226_279_Gen_Alg_10_8_2_Colorado2025-greenBox.czi,Gen_alg,687.21,13449.0,12401.0,36,31,117.11,0.948,20260226_279_Gen_Alg_10_8_2_Colorado2025-greenBox_x013312_y011776
Unknown_Sample,20260226_279_Gen_Alg_10_8_2_Colorado2025-greenBox.czi,Gen_alg,806.88,13870.0,12359.0,37,36,122.67,0.964,20260226_279_Gen_Alg_10_8_2_Colorado2025-greenBox_x013824_y011776
Unknown_Sample,20260226_279_Gen_Alg_10_8_2_Colorado2025-greenBox.czi,Gen_alg,631.42,13918.0,12371.0,32,32,107.01,0.963,20260226_279_Gen_Alg_10_8_2_Colorado2025-greenBox_x013824_y011776
Unknown_Sample,20260226_279_Gen_Alg_10_8_2_Colorado2025-greenBox.czi,Gen_alg,622.57,14001.0,12101.0,33,32,106.08,0.961,20260226_279_Gen_Alg_10_8_2_Colorado2025-greenBox_x013824_y011776
Unknown_Sample,20260226_279_Gen_Alg_10_8_2_Colorado2025-greenBox.czi,Gen_alg,541.77,14180.0,12239.0,30,30,98.43,0.958,20260226_279_Gen_Alg_10_8_2_Colorado2025-greenBox_x013824_y011776
Unknown_Sample,20260226_279_Gen_Alg_10_8_2_Colorado2025-greenBox.czi,Gen_alg,672.59,13906.0,11939.0,34,33,111.25,0.957,20260226_279_Gen_Alg_10_8_2_Colorado2025-greenBox_x013824_y011776
Unknown_Sample,20260226_279_Gen_Alg_10_8_2_Colorado2025-greenBox.czi,Gen_alg,353.61,14158.0,12049.0,19,30,82.87,0.945,20260226_279_Gen_Alg_10_8_2_Colorado2025-greenBox_x013824_y011776
Unknown_Sample,20260226_279_Gen_Alg_10_8_2_Colorado2025-greenBox.czi,Gen_alg,557.54,14451.0,12267.0,25,35,106.04,0.938,20260226_279_Gen_Alg_10_8_2_Colorado2025-greenBox_x013824_y011776
Unknown_Sample,20260226_279_Gen_Alg_10_8_2_Colorado2025-greenBox.czi,Gen_alg,648.35,14490.0,12234.0,34,32,107.5,0.958,20260226_279_Gen_Alg_10_8_2_Colorado2025-greenBox_x014336_y011776
Unknown_Sample,20260226_279_Gen_Alg_10_8_2_Colorado2025-greenBox.czi,Gen_alg,592.94,14956.0,11942.0,30,32,104.18,0.957,20260226_279_Gen_Alg_10_8_2_Colorado2025-greenBox_x014336_y011776
Unknown_Sample,20260226_279_Gen_Alg_10_8_2_Colorado2025-greenBox.czi,Gen_alg,701.83,14455.0,12266.0,33,35,112.08,0.957,20260226_279_Gen_Alg_10_8_2_Colorado2025-greenBox_x014336_y011776
Unknown_Sample,20260226_279_Gen_Alg_10_8_2_Colorado2025-greenBox.czi,Gen_alg,631.8,15348.0,11850.0,32,33,107.25,0.964,20260226_279_Gen_Alg_10_8_2_Colorado2025-greenBox_x014848_y011776
Unknown_Sample,20260226_279_Gen_Alg_10_8_2_Colorado2025-greenBox.czi,Gen_alg,751.47,15146.0,12156.0,35,35,117.84,0.96,20260226_279_Gen_Alg_10_8_2_Colorado2025-greenBox_x014848_y011776
Unknown_Sample,20260226_279_Gen_Alg_10_8_2_Colorado2025-greenBox.czi,Gen_alg,651.81,15279.0,11856.0,33,32,109.6,0.96,20260226_279_Gen_Alg_10_8_2_Colorado2025-greenBox_x014848_y011776
Unknown_Sample,20260226_279_Gen_Alg_10_8_2_Colorado2025-greenBox.czi,Gen_alg,479.43,15381.0,12217.0,27,29,93.94,0.96,20260226_279_Gen_Alg_10_8_2_Colorado2025-greenBox_x014848_y011776
Unknown_Sample,20260226_279_Gen_Alg_10_8_2_Colorado2025-greenBox.czi,Gen_alg,589.86,14956.0,11942.0,30,32,104.18,0.959,20260226_279_Gen_Alg_10_8_2_Colorado2025-greenBox_x014848_y011776
Unknown_Sample,20260226_279_Gen_Alg_10_8_2_Colorado2025-greenBox.czi,Gen_alg,884.22,15450.0,12000.0,37,40,127.74,0.959,20260226_279_Gen_Alg_10_8_2_Colorado2025-greenBox_x014848_y011776
Unknown_Sample,20260226_279_Gen_Alg_10_8_2_Colorado2025-greenBox.czi,Gen_alg,761.86,15008.0,11891.0,34,38,118.91,0.959,20260226_279_Gen_Alg_10_8_2_Colorado2025-greenBox_x014848_y011776
Unknown_Sample,20260226_279_Gen_Alg_10_8_2_Colorado2025-greenBox.czi,Gen_alg,834.2,15429.0,12371.0,36,38,122.91,0.958,20260226_279_Gen_Alg_10_8_2_Colorado2025-greenBox_x014848_y011776
Unknown_Sample,20260226_279_Gen_Alg_10_8_2_Colorado2025-greenBox.czi,Gen_alg,357.84,15175.0,11782.0,37,18,94.28,0.941,20260226_279_Gen_Alg_10_8_2_Colorado2025-greenBox_x014848_y011776
Unknown_Sample,20260226_279_Gen_Alg_10_8_2_Colorado2025-greenBox.czi,Gen_alg,287.43,15150.0,12009.0,19,26,74.87,0.938,20260226_279_Gen_Alg_10_8_2_Colorado2025-greenBox_x014848_y011776
Unknown_Sample,20260226_279_Gen_Alg_10_8_2_Colorado2025-greenBox.czi,Gen_alg,894.22,15450.0,12000.0,37,41,128.57,0.96,20260226_279_Gen_Alg_10_8_2_Colorado2025-greenBox_x015360_y011776
Unknown_Sample,20260226_279_Gen_Alg_10_8_2_Colorado2025-greenBox.czi,Gen_alg,724.15,15657.0,12238.0,38,32,116.08,0.959,20260226_279_Gen_Alg_10_8_2_Colorado2025-greenBox_x015360_y011776
Unknown_Sample,20260226_279_Gen_Alg_10_8_2_Colorado2025-greenBox.czi,Gen_alg,479.43,15381.0,12217.0,27,29,93.94,0.959,20260226_279_Gen_Alg_10_8_2_Colorado2025-greenBox_x015360_y011776
Unknown_Sample,20260226_279_Gen_Alg_10_8_2_Colorado2025-greenBox.czi,Gen_alg,835.74,15429.0,12372.0,36,38,122.91,0.958,20260226_279_Gen_Alg_10_8_2_Colorado2025-greenBox_x015360_y011776
Unknown_Sample,20260226_279_Gen_Alg_10_8_2_Colorado2025-greenBox.czi,Gen_alg,639.5,15810.0,12390.0,32,33,107.25,0.958,20260226_279_Gen_Alg_10_8_2_Colorado2025-greenBox_x015360_y011776
Unknown_Sample,20260226_279_Gen_Alg_10_8_2_Colorado2025-greenBox.czi,Gen_alg,512.52,15628.0,11992.0,29,29,96.77,0.957,20260226_279_Gen_Alg_10_8_2_Colorado2025-greenBox_x015360_y011776
Unknown_Sample,20260226_279_Gen_Alg_10_8_2_Colorado2025-greenBox.czi,Gen_alg,352.46,15497.0,12072.0,20,29,82.28,0.946,20260226_279_Gen_Alg_10_8_2_Colorado2025-greenBox_x015360_y011776
Unknown_Sample,20260226_279_Gen_Alg_10_8_2_Colorado2025-greenBox.czi,Gen_alg,656.43,15736.0,12026.0,32,35,111.25,0.944,20260226_279_Gen_Alg_10_8_2_Colorado2025-greenBox_x015360_y011776
Unknown_Sample,20260226_279_Gen_Alg_10_8_2_Colorado2025-greenBox.czi,Gen_alg,285.89,15740.0,11794.0,25,20,76.04,0.941,20260226_279_Gen_Alg_10_8_2_Colorado2025-greenBox_x015360_y011776
Unknown_Sample,20260226_279_Gen_Alg_10_8_2_Colorado2025-greenBox.czi,Gen_alg,931.54,16492.0,11882.0,39,37,132.18,0.92,20260226_279_Gen_Alg_10_8_2_Colorado2025-greenBox_x015872_y011776
Unknown_Sample,20260226_279_Gen_Alg_10_8_2_Colorado2025-greenBox.czi,Gen_alg,847.66,16597.0,12199.0,35,39,124.67,0.954,20260226_279_Gen_Alg_10_8_2_Colorado2025-greenBox_x016384_y011776
Unknown_Sample,20260226_279_Gen_Alg_10_8_2_Colorado2025-greenBox.czi,Gen_alg,736.08,16718.0,12143.0,36,34,116.67,0.947,20260226_279_Gen_Alg_10_8_2_Colorado2025-greenBox_x016384_y011776
Unknown_Sample,20260226_279_Gen_Alg_10_8_2_Colorado2025-greenBox.czi,Gen_alg,763.01,16641.0,12058.0,35,35,117.84,0.942,20260226_279_Gen_Alg_10_8_2_Colorado2025-greenBox_x016384_y011776
Unknown_Sample,20260226_279_Gen_Alg_10_8_2_Colorado2025-greenBox.czi,Gen_alg,526.76,16557.0,12155.0,30,29,98.18,0.937,20260226_279_Gen_Alg_10_8_2_Colorado2025-greenBox_x016384_y011776
Unknown_Sample,20260226_279_Gen_Alg_10_8_2_Colorado2025-greenBox.czi,Gen_alg,935.39,16848.0,11791.0,43,34,134.18,0.936,20260226_279_Gen_Alg_10_8_2_Colorado2025-greenBox_x016384_y011776
Unknown_Sample,20260226_279_Gen_Alg_10_8_2_Colorado2025-greenBox.czi,Gen_alg,915.38,16492.0,11882.0,40,37,128.33,0.933,20260226_279_Gen_Alg_10_8_2_Colorado2025-greenBox_x016384_y011776
Unknown_Sample,20260226_279_Gen_Alg_10_8_2_Colorado2025-greenBox.czi,Gen_alg,228.94,16886.0,11781.0,32,13,77.21,0.901,20260226_279_Gen_Alg_10_8_2_Colorado2025-greenBox_x016384_y011776
Unknown_Sample,20260226_279_Gen_Alg_10_8_2_Colorado2025-greenBox.czi,Gen_alg,68.11,16778.0,12188.0,12,10,43.07,0.64,20260226_279_Gen_Alg_10_8_2_Colorado2025-greenBox_x016384_y011776
Unknown_Sample,20260226_279_Gen_Alg_10_8_2_Colorado2025-greenBox.czi,Gen_alg,51.94,16779.0,12164.0,11,11,50.73,0.617,20260226_279_Gen_Alg_10_8_2_Colorado2025-greenBox_x016384_y011776
Unknown_Sample,20260226_279_Gen_Alg_10_8_2_Colorado2025-greenBox.czi,Gen_alg,475.2,862.0,12741.0,29,30,95.84,0.953,20260226_279_Gen_Alg_10_8_2_Colorado2025-greenBox_x000512_y012288
Unknown_Sample,20260226_279_Gen_Alg_10_8_2_Colorado2025-greenBox.czi,Gen_alg,594.48,2624.0,12635.0,31,32,105.01,0.959,20260226_279_Gen_Alg_10_8_2_Colorado2025-greenBox_x002048_y012288
Unknown_Sample,20260226_279_Gen_Alg_10_8_2_Colorado2025-greenBox.czi,Gen_alg,439.03,2491.0,12301.0,35,21,94.53,0.953,20260226_279_Gen_Alg_10_8_2_Colorado2025-greenBox_x002048_y012288
Unknown_Sample,20260226_279_Gen_Alg_10_8_2_Colorado2025-greenBox.czi,Gen_alg,796.1,2912.0,12444.0,38,35,121.5,0.962,20260226_279_Gen_Alg_10_8_2_Colorado2025-greenBox_x002560_y012288
Unknown_Sample,20260226_279_Gen_Alg_10_8_2_Colorado2025-greenBox.czi,Gen_alg,762.63,2722.0,12617.0,38,34,117.74,0.96,20260226_279_Gen_Alg_10_8_2_Colorado2025-greenBox_x002560_y012288
Unknown_Sample,20260226_279_Gen_Alg_10_8_2_Colorado2025-greenBox.czi,Gen_alg,711.45,2757.0,12838.0,35,34,113.5,0.959,20260226_279_Gen_Alg_10_8_2_Colorado2025-greenBox_x002560_y012288
Unknown_Sample,20260226_279_Gen_Alg_10_8_2_Colorado2025-greenBox.czi,Gen_alg,592.56,2624.0,12635.0,31,32,104.43,0.959,20260226_279_Gen_Alg_10_8_2_Colorado2025-greenBox_x002560_y012288
Unknown_Sample,20260226_279_Gen_Alg_10_8_2_Colorado2025-greenBox.czi,Gen_alg,663.36,2758.0,12603.0,32,35,111.25,0.953,20260226_279_Gen_Alg_10_8_2_Colorado2025-greenBox_x002560_y012288
Unknown_Sample,20260226_279_Gen_Alg_10_8_2_Colorado2025-greenBox.czi,Gen_alg,361.31,3379.0,12467.0,25,29,88.18,0.935,20260226_279_Gen_Alg_10_8_2_Colorado2025-greenBox_x003072_y012288
Unknown_Sample,20260226_279_Gen_Alg_10_8_2_Colorado2025-greenBox.czi,Gen_alg,742.62,4147.0,12718.0,35,35,117.25,0.96,20260226_279_Gen_Alg_10_8_2_Colorado2025-greenBox_x003584_y012288
Unknown_Sample,20260226_279_Gen_Alg_10_8_2_Colorado2025-greenBox.czi,Gen_alg,814.96,4257.0,12601.0,38,36,121.74,0.964,20260226_279_Gen_Alg_10_8_2_Colorado2025-greenBox_x004096_y012288
Unknown_Sample,20260226_279_Gen_Alg_10_8_2_Colorado2025-greenBox.czi,Gen_alg,1029.28,4268.0,12381.0,43,40,137.98,0.962,20260226_279_Gen_Alg_10_8_2_Colorado2025-greenBox_x004096_y012288
Unknown_Sample,20260226_279_Gen_Alg_10_8_2_Colorado2025-greenBox.czi,Gen_alg,742.62,4147.0,12718.0,35,35,117.25,0.96,20260226_279_Gen_Alg_10_8_2_Colorado2025-greenBox_x004096_y012288
Unknown_Sample,20260226_279_Gen_Alg_10_8_2_Colorado2025-greenBox.czi,Gen_alg,749.16,4532.0,12586.0,35,35,116.67,0.96,20260226_279_Gen_Alg_10_8_2_Colorado2025-greenBox_x004096_y012288
Unknown_Sample,20260226_279_Gen_Alg_10_8_2_Colorado2025-greenBox.czi,Gen_alg,427.49,4244.0,12773.0,22,32,90.53,0.942,20260226_279_Gen_Alg_10_8_2_Colorado2025-greenBox_x004096_y012288
Unknown_Sample,20260226_279_Gen_Alg_10_8_2_Colorado2025-greenBox.czi,Gen_alg,926.93,5223.0,12326.0,39,40,129.98,0.97,20260226_279_Gen_Alg_10_8_2_Colorado2025-greenBox_x004608_y012288
Unknown_Sample,20260226_279_Gen_Alg_10_8_2_Colorado2025-greenBox.czi,Gen_alg,733.77,5040.0,12334.0,34,37,115.15,0.961,20260226_279_Gen_Alg_10_8_2_Colorado2025-greenBox_x004608_y012288
Unknown_Sample,20260226_279_Gen_Alg_10_8_2_Colorado2025-greenBox.czi,Gen_alg,242.02,5204.0,12578.0,15,26,69.21,0.95,20260226_279_Gen_Alg_10_8_2_Colorado2025-greenBox_x004608_y012288
Unknown_Sample,20260226_279_Gen_Alg_10_8_2_Colorado2025-greenBox.czi,Gen_alg,472.89,4826.0,12337.0,37,24,101.01,0.944,20260226_279_Gen_Alg_10_8_2_Colorado2025-greenBox_x004608_y012288
Unknown_Sample,20260226_279_Gen_Alg_10_8_2_Colorado2025-greenBox.czi,Gen_alg,930.39,5223.0,12326.0,39,40,129.4,0.973,20260226_279_Gen_Alg_10_8_2_Colorado2025-greenBox_x005120_y012288
Unknown_Sample,20260226_279_Gen_Alg_10_8_2_Colorado2025-greenBox.czi,Gen_alg,854.97,5402.0,12383.0,36,39,124.91,0.963,20260226_279_Gen_Alg_10_8_2_Colorado2025-greenBox_x005120_y012288
Unknown_Sample,20260226_279_Gen_Alg_10_8_2_Colorado2025-greenBox.czi,Gen_alg,1048.13,5566.0,12694.0,42,42,137.05,0.962,20260226_279_Gen_Alg_10_8_2_Colorado2025-greenBox_x005120_y012288
Unknown_Sample,20260226_279_Gen_Alg_10_8_2_Colorado2025-greenBox.czi,Gen_alg,875.75,5316.0,12886.0,37,39,126.91,0.961,20260226_279_Gen_Alg_10_8_2_Colorado2025-greenBox_x005120_y012288
Unknown_Sample,20260226_279_Gen_Alg_10_8_2_Colorado2025-greenBox.czi,Gen_alg,578.32,5599.0,12345.0,29,33,101.84,0.96,20260226_279_Gen_Alg_10_8_2_Colorado2025-greenBox_x005120_y012288
Unknown_Sample,20260226_279_Gen_Alg_10_8_2_Colorado2025-greenBox.czi,Gen_alg,873.44,5419.0,12532.0,37,39,126.91,0.96,20260226_279_Gen_Alg_10_8_2_Colorado2025-greenBox_x005120_y012288
Unknown_Sample,20260226_279_Gen_Alg_10_8_2_Colorado2025-greenBox.czi,Gen_alg,919.23,5713.0,12677.0,39,40,129.98,0.958,20260226_279_Gen_Alg_10_8_2_Colorado2025-greenBox_x005120_y012288
Unknown_Sample,20260226_279_Gen_Alg_10_8_2_Colorado2025-greenBox.czi,Gen_alg,242.02,5204.0,12578.0,15,26,69.21,0.95,20260226_279_Gen_Alg_10_8_2_Colorado2025-greenBox_x005120_y012288
Unknown_Sample,20260226_279_Gen_Alg_10_8_2_Colorado2025-greenBox.czi,Gen_alg,811.49,6032.0,12610.0,38,34,120.67,0.965,20260226_279_Gen_Alg_10_8_2_Colorado2025-greenBox_x005632_y012288
Unknown_Sample,20260226_279_Gen_Alg_10_8_2_Colorado2025-greenBox.czi,Gen_alg,873.06,5923.0,12417.0,38,38,126.33,0.962,20260226_279_Gen_Alg_10_8_2_Colorado2025-greenBox_x005632_y012288
Unknown_Sample,20260226_279_Gen_Alg_10_8_2_Colorado2025-greenBox.czi,Gen_alg,729.92,6015.0,12568.0,35,35,116.67,0.962,20260226_279_Gen_Alg_10_8_2_Colorado2025-greenBox_x005632_y012288
Unknown_Sample,20260226_279_Gen_Alg_10_8_2_Colorado2025-greenBox.czi,Gen_alg,793.41,5772.0,12717.0,36,36,118.91,0.962,20260226_279_Gen_Alg_10_8_2_Colorado2025-greenBox_x005632_y012288
Unknown_Sample,20260226_279_Gen_Alg_10_8_2_Colorado2025-greenBox.czi,Gen_alg,648.73,6107.0,12862.0,33,32,109.6,0.96,20260226_279_Gen_Alg_10_8_2_Colorado2025-greenBox_x005632_y012288
Unknown_Sample,20260226_279_Gen_Alg_10_8_2_Colorado2025-greenBox.czi,Gen_alg,919.23,5713.0,12677.0,39,40,129.98,0.958,20260226_279_Gen_Alg_10_8_2_Colorado2025-greenBox_x005632_y012288
Unknown_Sample,20260226_279_Gen_Alg_10_8_2_Colorado2025-greenBox.czi,Gen_alg,866.52,6625.0,12461.0,38,37,127.25,0.965,20260226_279_Gen_Alg_10_8_2_Colorado2025-greenBox_x006144_y012288
Unknown_Sample,20260226_279_Gen_Alg_10_8_2_Colorado2025-greenBox.czi,Gen_alg,816.88,6364.0,12542.0,38,35,120.33,0.964,20260226_279_Gen_Alg_10_8_2_Colorado2025-greenBox_x006144_y012288
Unknown_Sample,20260226_279_Gen_Alg_10_8_2_Colorado2025-greenBox.czi,Gen_alg,773.79,6741.0,12670.0,36,36,119.5,0.963,20260226_279_Gen_Alg_10_8_2_Colorado2025-greenBox_x006144_y012288
Unknown_Sample,20260226_279_Gen_Alg_10_8_2_Colorado2025-greenBox.czi,Gen_alg,890.76,6386.0,12662.0,39,38,129.5,0.961,20260226_279_Gen_Alg_10_8_2_Colorado2025-greenBox_x006144_y012288
Unknown_Sample,20260226_279_Gen_Alg_10_8_2_Colorado2025-greenBox.czi,Gen_alg,865.36,6597.0,12835.0,37,38,125.5,0.96,20260226_279_Gen_Alg_10_8_2_Colorado2025-greenBox_x006144_y012288
Unknown_Sample,20260226_279_Gen_Alg_10_8_2_Colorado2025-greenBox.czi,Gen_alg,849.59,6452.0,12581.0,38,37,123.74,0.96,20260226_279_Gen_Alg_10_8_2_Colorado2025-greenBox_x006144_y012288
Unknown_Sample,20260226_279_Gen_Alg_10_8_2_Colorado2025-greenBox.czi,Gen_alg,797.64,6762.0,12436.0,39,35,122.33,0.958,20260226_279_Gen_Alg_10_8_2_Colorado2025-greenBox_x006144_y012288
Unknown_Sample,20260226_279_Gen_Alg_10_8_2_Colorado2025-greenBox.czi,Gen_alg,156.22,6775.0,12680.0,17,15,55.31,0.896,20260226_279_Gen_Alg_10_8_2_Colorado2025-greenBox_x006144_y012288
Unknown_Sample,20260226_279_Gen_Alg_10_8_2_Colorado2025-greenBox.czi,Gen_alg,774.17,6741.0,12670.0,36,36,118.91,0.964,20260226_279_Gen_Alg_10_8_2_Colorado2025-greenBox_x006656_y012288
Unknown_Sample,20260226_279_Gen_Alg_10_8_2_Colorado2025-greenBox.czi,Gen_alg,760.7,6893.0,12690.0,37,34,118.67,0.963,20260226_279_Gen_Alg_10_8_2_Colorado2025-greenBox_x006656_y012288
Unknown_Sample,20260226_279_Gen_Alg_10_8_2_Colorado2025-greenBox.czi,Gen_alg,805.34,6762.0,12436.0,39,35,122.33,0.962,20260226_279_Gen_Alg_10_8_2_Colorado2025-greenBox_x006656_y012288
Unknown_Sample,20260226_279_Gen_Alg_10_8_2_Colorado2025-greenBox.czi,Gen_alg,155.07,6774.0,12680.0,17,15,53.56,0.936,20260226_279_Gen_Alg_10_8_2_Colorado2025-greenBox_x006656_y012288
Unknown_Sample,20260226_279_Gen_Alg_10_8_2_Colorado2025-greenBox.czi,Gen_alg,740.31,7711.0,12665.0,36,35,116.91,0.966,20260226_279_Gen_Alg_10_8_2_Colorado2025-greenBox_x007168_y012288
Unknown_Sample,20260226_279_Gen_Alg_10_8_2_Colorado2025-greenBox.czi,Gen_alg,814.96,7427.0,12428.0,37,36,120.91,0.96,20260226_279_Gen_Alg_10_8_2_Colorado2025-greenBox_x007168_y012288
Unknown_Sample,20260226_279_Gen_Alg_10_8_2_Colorado2025-greenBox.czi,Gen_alg,355.15,7455.0,12669.0,29,21,82.53,0.949,20260226_279_Gen_Alg_10_8_2_Colorado2025-greenBox_x007168_y012288
Unknown_Sample,20260226_279_Gen_Alg_10_8_2_Colorado2025-greenBox.czi,Gen_alg,741.08,7711.0,12665.0,36,35,116.91,0.966,20260226_279_Gen_Alg_10_8_2_Colorado2025-greenBox_x007680_y012288
Unknown_Sample,20260226_279_Gen_Alg_10_8_2_Colorado2025-greenBox.czi,Gen_alg,660.28,7924.0,12435.0,34,32,109.25,0.966,20260226_279_Gen_Alg_10_8_2_Colorado2025-greenBox_x007680_y012288
Unknown_Sample,20260226_279_Gen_Alg_10_8_2_Colorado2025-greenBox.czi,Gen_alg,849.2,8055.0,12436.0,38,37,124.33,0.965,20260226_279_Gen_Alg_10_8_2_Colorado2025-greenBox_x007680_y012288
Unknown_Sample,20260226_279_Gen_Alg_10_8_2_Colorado2025-greenBox.czi,Gen_alg,736.46,8267.0,12430.0,37,33,116.08,0.961,20260226_279_Gen_Alg_10_8_2_Colorado2025-greenBox_x007680_y012288
Unknown_Sample,20260226_279_Gen_Alg_10_8_2_Colorado2025-greenBox.czi,Gen_alg,559.08,8086.0,12532.0,31,29,100.18,0.961,20260226_279_Gen_Alg_10_8_2_Colorado2025-greenBox_x007680_y012288
Unknown_Sample,20260226_279_Gen_Alg_10_8_2_Colorado2025-greenBox.czi,Gen_alg,696.45,8130.0,12912.0,34,32,115.11,0.952,20260226_279_Gen_Alg_10_8_2_Colorado2025-greenBox_x007680_y012288
Unknown_Sample,20260226_279_Gen_Alg_10_8_2_Colorado2025-greenBox.czi,Gen_alg,385.16,7825.0,12295.0,39,18,97.7,0.945,20260226_279_Gen_Alg_10_8_2_Colorado2025-greenBox_x007680_y012288
Unknown_Sample,20260226_279_Gen_Alg_10_8_2_Colorado2025-greenBox.czi,Gen_alg,159.3,8100.0,12291.0,31,10,69.8,0.925,20260226_279_Gen_Alg_10_8_2_Colorado2025-greenBox_x007680_y012288
Unknown_Sample,20260226_279_Gen_Alg_10_8_2_Colorado2025-greenBox.czi,Gen_alg,672.2,8708.0,12303.0,34,32,112.18,0.962,20260226_279_Gen_Alg_10_8_2_Colorado2025-greenBox_x008192_y012288
Unknown_Sample,20260226_279_Gen_Alg_10_8_2_Colorado2025-greenBox.czi,Gen_alg,523.68,8424.0,12702.0,30,28,97.36,0.961,20260226_279_Gen_Alg_10_8_2_Colorado2025-greenBox_x008192_y012288
Unknown_Sample,20260226_279_Gen_Alg_10_8_2_Colorado2025-greenBox.czi,Gen_alg,735.69,8267.0,12430.0,37,33,116.08,0.961,20260226_279_Gen_Alg_10_8_2_Colorado2025-greenBox_x008192_y012288
Unknown_Sample,20260226_279_Gen_Alg_10_8_2_Colorado2025-greenBox.czi,Gen_alg,599.48,8812.0,12891.0,30,32,104.77,0.96,20260226_279_Gen_Alg_10_8_2_Colorado2025-greenBox_x008192_y012288
Unknown_Sample,20260226_279_Gen_Alg_10_8_2_Colorado2025-greenBox.czi,Gen_alg,844.58,8672.0,12386.0,37,37,124.67,0.958,20260226_279_Gen_Alg_10_8_2_Colorado2025-greenBox_x008192_y012288
Unknown_Sample,20260226_279_Gen_Alg_10_8_2_Colorado2025-greenBox.czi,Gen_alg,767.63,8730.0,12909.0,35,36,119.84,0.953,20260226_279_Gen_Alg_10_8_2_Colorado2025-greenBox_x008192_y012288
Unknown_Sample,20260226_279_Gen_Alg_10_8_2_Colorado2025-greenBox.czi,Gen_alg,303.59,8755.0,12294.0,34,15,85.21,0.943,20260226_279_Gen_Alg_10_8_2_Colorado2025-greenBox_x008192_y012288
Unknown_Sample,20260226_279_Gen_Alg_10_8_2_Colorado2025-greenBox.czi,Gen_alg,665.28,8456.0,12678.0,33,34,111.84,0.936,20260226_279_Gen_Alg_10_8_2_Colorado2025-greenBox_x008192_y012288
Unknown_Sample,20260226_279_Gen_Alg_10_8_2_Colorado2025-greenBox.czi,Gen_alg,654.89,8463.0,12713.0,31,37,110.91,0.933,20260226_279_Gen_Alg_10_8_2_Colorado2025-greenBox_x008192_y012288
Unknown_Sample,20260226_279_Gen_Alg_10_8_2_Colorado2025-greenBox.czi,Gen_alg,831.89,9079.0,12594.0,37,37,124.08,0.965,20260226_279_Gen_Alg_10_8_2_Colorado2025-greenBox_x008704_y012288
Unknown_Sample,20260226_279_Gen_Alg_10_8_2_Colorado2025-greenBox.czi,Gen_alg,597.94,8812.0,12891.0,30,32,104.77,0.964,20260226_279_Gen_Alg_10_8_2_Colorado2025-greenBox_x008704_y012288
Unknown_Sample,20260226_279_Gen_Alg_10_8_2_Colorado2025-greenBox.czi,Gen_alg,769.17,9313.0,12458.0,35,37,118.33,0.962,20260226_279_Gen_Alg_10_8_2_Colorado2025-greenBox_x008704_y012288
Unknown_Sample,20260226_279_Gen_Alg_10_8_2_Colorado2025-greenBox.czi,Gen_alg,774.17,9150.0,12316.0,35,37,118.91,0.962,20260226_279_Gen_Alg_10_8_2_Colorado2025-greenBox_x008704_y012288
Unknown_Sample,20260226_279_Gen_Alg_10_8_2_Colorado2025-greenBox.czi,Gen_alg,726.46,8994.0,12439.0,35,34,115.25,0.961,20260226_279_Gen_Alg_10_8_2_Colorado2025-greenBox_x008704_y012288
Unknown_Sample,20260226_279_Gen_Alg_10_8_2_Colorado2025-greenBox.czi,Gen_alg,441.72,8713.0,12303.0,22,32,96.97,0.958,20260226_279_Gen_Alg_10_8_2_Colorado2025-greenBox_x008704_y012288
Unknown_Sample,20260226_279_Gen_Alg_10_8_2_Colorado2025-greenBox.czi,Gen_alg,769.94,8730.0,12909.0,35,36,119.84,0.953,20260226_279_Gen_Alg_10_8_2_Colorado2025-greenBox_x008704_y012288
Unknown_Sample,20260226_279_Gen_Alg_10_8_2_Colorado2025-greenBox.czi,Gen_alg,304.36,8755.0,12294.0,34,15,85.21,0.943,20260226_279_Gen_Alg_10_8_2_Colorado2025-greenBox_x008704_y012288
Unknown_Sample,20260226_279_Gen_Alg_10_8_2_Colorado2025-greenBox.czi,Gen_alg,889.99,9775.0,12574.0,41,36,129.5,0.964,20260226_279_Gen_Alg_10_8_2_Colorado2025-greenBox_x009216_y012288
Unknown_Sample,20260226_279_Gen_Alg_10_8_2_Colorado2025-greenBox.czi,Gen_alg,771.09,9313.0,12458.0,35,37,118.91,0.963,20260226_279_Gen_Alg_10_8_2_Colorado2025-greenBox_x009216_y012288
Unknown_Sample,20260226_279_Gen_Alg_10_8_2_Colorado2025-greenBox.czi,Gen_alg,636.04,9563.0,12305.0,31,33,108.18,0.963,20260226_279_Gen_Alg_10_8_2_Colorado2025-greenBox_x009216_y012288
Unknown_Sample,20260226_279_Gen_Alg_10_8_2_Colorado2025-greenBox.czi,Gen_alg,549.08,9723.0,12865.0,30,29,100.53,0.962,20260226_279_Gen_Alg_10_8_2_Colorado2025-greenBox_x009216_y012288
Unknown_Sample,20260226_279_Gen_Alg_10_8_2_Colorado2025-greenBox.czi,Gen_alg,712.61,9422.0,12379.0,34,34,114.43,0.96,20260226_279_Gen_Alg_10_8_2_Colorado2025-greenBox_x009216_y012288
Unknown_Sample,20260226_279_Gen_Alg_10_8_2_Colorado2025-greenBox.czi,Gen_alg,801.11,9644.0,12579.0,36,36,121.25,0.96,20260226_279_Gen_Alg_10_8_2_Colorado2025-greenBox_x009216_y012288
Unknown_Sample,20260226_279_Gen_Alg_10_8_2_Colorado2025-greenBox.czi,Gen_alg,743.77,9423.0,12885.0,35,35,115.5,0.96,20260226_279_Gen_Alg_10_8_2_Colorado2025-greenBox_x009216_y012288
Unknown_Sample,20260226_279_Gen_Alg_10_8_2_Colorado2025-greenBox.czi,Gen_alg,892.68,9775.0,12574.0,41,36,128.91,0.965,20260226_279_Gen_Alg_10_8_2_Colorado2025-greenBox_x009728_y012288
Unknown_Sample,20260226_279_Gen_Alg_10_8_2_Colorado2025-greenBox.czi,Gen_alg,858.05,10185.0,12303.0,41,33,126.43,0.964,20260226_279_Gen_Alg_10_8_2_Colorado2025-greenBox_x009728_y012288
Unknown_Sample,20260226_279_Gen_Alg_10_8_2_Colorado2025-greenBox.czi,Gen_alg,769.17,10284.0,12365.0,35,36,117.5,0.962,20260226_279_Gen_Alg_10_8_2_Colorado2025-greenBox_x009728_y012288
Unknown_Sample,20260226_279_Gen_Alg_10_8_2_Colorado2025-greenBox.czi,Gen_alg,741.85,10181.0,12348.0,36,34,116.08,0.962,20260226_279_Gen_Alg_10_8_2_Colorado2025-greenBox_x009728_y012288
Unknown_Sample,20260226_279_Gen_Alg_10_8_2_Colorado2025-greenBox.czi,Gen_alg,171.61,9732.0,12866.0,11,28,68.14,0.949,20260226_279_Gen_Alg_10_8_2_Colorado2025-greenBox_x009728_y012288
Unknown_Sample,20260226_279_Gen_Alg_10_8_2_Colorado2025-greenBox.czi,Gen_alg,731.46,10771.0,12428.0,34,36,115.5,0.964,20260226_279_Gen_Alg_10_8_2_Colorado2025-greenBox_x010240_y012288
Unknown_Sample,20260226_279_Gen_Alg_10_8_2_Colorado2025-greenBox.czi,Gen_alg,769.17,10284.0,12365.0,35,36,117.5,0.962,20260226_279_Gen_Alg_10_8_2_Colorado2025-greenBox_x010240_y012288
Unknown_Sample,20260226_279_Gen_Alg_10_8_2_Colorado2025-greenBox.czi,Gen_alg,683.36,10559.0,12646.0,34,33,111.25,0.962,20260226_279_Gen_Alg_10_8_2_Colorado2025-greenBox_x010240_y012288
Unknown_Sample,20260226_279_Gen_Alg_10_8_2_Colorado2025-greenBox.czi,Gen_alg,681.82,10490.0,12640.0,34,33,111.25,0.962,20260226_279_Gen_Alg_10_8_2_Colorado2025-greenBox_x010240_y012288
Unknown_Sample,20260226_279_Gen_Alg_10_8_2_Colorado2025-greenBox.czi,Gen_alg,674.51,10769.0,12743.0,33,34,110.67,0.961,20260226_279_Gen_Alg_10_8_2_Colorado2025-greenBox_x010240_y012288
Unknown_Sample,20260226_279_Gen_Alg_10_8_2_Colorado2025-greenBox.czi,Gen_alg,804.57,10582.0,12708.0,37,37,121.15,0.961,20260226_279_Gen_Alg_10_8_2_Colorado2025-greenBox_x010240_y012288
Unknown_Sample,20260226_279_Gen_Alg_10_8_2_Colorado2025-greenBox.czi,Gen_alg,435.18,10765.0,12368.0,30,25,91.36,0.952,20260226_279_Gen_Alg_10_8_2_Colorado2025-greenBox_x010240_y012288
Unknown_Sample,20260226_279_Gen_Alg_10_8_2_Colorado2025-greenBox.czi,Gen_alg,235.1,10537.0,12293.0,34,13,80.04,0.942,20260226_279_Gen_Alg_10_8_2_Colorado2025-greenBox_x010240_y012288
Unknown_Sample,20260226_279_Gen_Alg_10_8_2_Colorado2025-greenBox.czi,Gen_alg,728.38,10903.0,12788.0,36,34,114.33,0.966,20260226_279_Gen_Alg_10_8_2_Colorado2025-greenBox_x010752_y012288
Unknown_Sample,20260226_279_Gen_Alg_10_8_2_Colorado2025-greenBox.czi,Gen_alg,733.38,10771.0,12428.0,34,36,116.08,0.965,20260226_279_Gen_Alg_10_8_2_Colorado2025-greenBox_x010752_y012288
Unknown_Sample,20260226_279_Gen_Alg_10_8_2_Colorado2025-greenBox.czi,Gen_alg,887.68,11264.0,12658.0,39,38,127.15,0.964,20260226_279_Gen_Alg_10_8_2_Colorado2025-greenBox_x010752_y012288
Unknown_Sample,20260226_279_Gen_Alg_10_8_2_Colorado2025-greenBox.czi,Gen_alg,956.94,11216.0,12836.0,41,39,131.98,0.961,20260226_279_Gen_Alg_10_8_2_Colorado2025-greenBox_x010752_y012288
Unknown_Sample,20260226_279_Gen_Alg_10_8_2_Colorado2025-greenBox.czi,Gen_alg,751.47,11047.0,12675.0,35,37,117.15,0.961,20260226_279_Gen_Alg_10_8_2_Colorado2025-greenBox_x010752_y012288
Unknown_Sample,20260226_279_Gen_Alg_10_8_2_Colorado2025-greenBox.czi,Gen_alg,778.02,10962.0,12624.0,37,36,118.57,0.96,20260226_279_Gen_Alg_10_8_2_Colorado2025-greenBox_x010752_y012288
Unknown_Sample,20260226_279_Gen_Alg_10_8_2_Colorado2025-greenBox.czi,Gen_alg,679.13,10769.0,12743.0,33,34,110.67,0.959,20260226_279_Gen_Alg_10_8_2_Colorado2025-greenBox_x010752_y012288
Unknown_Sample,20260226_279_Gen_Alg_10_8_2_Colorado2025-greenBox.czi,Gen_alg,432.49,11189.0,12683.0,26,27,89.11,0.956,20260226_279_Gen_Alg_10_8_2_Colorado2025-greenBox_x010752_y012288
Unknown_Sample,20260226_279_Gen_Alg_10_8_2_Colorado2025-greenBox.czi,Gen_alg,427.1,10765.0,12368.0,29,25,91.11,0.956,20260226_279_Gen_Alg_10_8_2_Colorado2025-greenBox_x010752_y012288
Unknown_Sample,20260226_279_Gen_Alg_10_8_2_Colorado2025-greenBox.czi,Gen_alg,612.56,11377.0,12874.0,30,32,107.11,0.942,20260226_279_Gen_Alg_10_8_2_Colorado2025-greenBox_x010752_y012288
Unknown_Sample,20260226_279_Gen_Alg_10_8_2_Colorado2025-greenBox.czi,Gen_alg,936.93,11407.0,12477.0,40,39,131.15,0.963,20260226_279_Gen_Alg_10_8_2_Colorado2025-greenBox_x011264_y012288
Unknown_Sample,20260226_279_Gen_Alg_10_8_2_Colorado2025-greenBox.czi,Gen_alg,680.67,11666.0,12753.0,33,34,111.84,0.962,20260226_279_Gen_Alg_10_8_2_Colorado2025-greenBox_x011264_y012288
Unknown_Sample,20260226_279_Gen_Alg_10_8_2_Colorado2025-greenBox.czi,Gen_alg,717.99,11448.0,12550.0,35,34,114.08,0.961,20260226_279_Gen_Alg_10_8_2_Colorado2025-greenBox_x011264_y012288
Unknown_Sample,20260226_279_Gen_Alg_10_8_2_Colorado2025-greenBox.czi,Gen_alg,605.64,11547.0,12630.0,32,31,104.43,0.961,20260226_279_Gen_Alg_10_8_2_Colorado2025-greenBox_x011264_y012288
Unknown_Sample,20260226_279_Gen_Alg_10_8_2_Colorado2025-greenBox.czi,Gen_alg,681.05,11378.0,12874.0,35,32,111.25,0.96,20260226_279_Gen_Alg_10_8_2_Colorado2025-greenBox_x011264_y012288
Unknown_Sample,20260226_279_Gen_Alg_10_8_2_Colorado2025-greenBox.czi,Gen_alg,823.81,11414.0,12698.0,37,37,121.15,0.96,20260226_279_Gen_Alg_10_8_2_Colorado2025-greenBox_x011264_y012288
Unknown_Sample,20260226_279_Gen_Alg_10_8_2_Colorado2025-greenBox.czi,Gen_alg,476.74,11693.0,12584.0,28,28,93.36,0.956,20260226_279_Gen_Alg_10_8_2_Colorado2025-greenBox_x011264_y012288
Unknown_Sample,20260226_279_Gen_Alg_10_8_2_Colorado2025-greenBox.czi,Gen_alg,469.81,11272.0,12659.0,21,38,102.87,0.955,20260226_279_Gen_Alg_10_8_2_Colorado2025-greenBox_x011264_y012288
Unknown_Sample,20260226_279_Gen_Alg_10_8_2_Colorado2025-greenBox.czi,Gen_alg,333.22,11448.0,12326.0,24,25,79.94,0.94,20260226_279_Gen_Alg_10_8_2_Colorado2025-greenBox_x011264_y012288
Unknown_Sample,20260226_279_Gen_Alg_10_8_2_Colorado2025-greenBox.czi,Gen_alg,347.45,11839.0,12919.0,33,18,88.04,0.902,20260226_279_Gen_Alg_10_8_2_Colorado2025-greenBox_x011264_y012288
Unknown_Sample,20260226_279_Gen_Alg_10_8_2_Colorado2025-greenBox.czi,Gen_alg,746.85,11947.0,12609.0,36,35,116.33,0.963,20260226_279_Gen_Alg_10_8_2_Colorado2025-greenBox_x011776_y012288
Unknown_Sample,20260226_279_Gen_Alg_10_8_2_Colorado2025-greenBox.czi,Gen_alg,880.37,11947.0,12817.0,37,39,126.91,0.962,20260226_279_Gen_Alg_10_8_2_Colorado2025-greenBox_x011776_y012288
Unknown_Sample,20260226_279_Gen_Alg_10_8_2_Colorado2025-greenBox.czi,Gen_alg,697.6,12162.0,12418.0,34,33,111.84,0.962,20260226_279_Gen_Alg_10_8_2_Colorado2025-greenBox_x011776_y012288
Unknown_Sample,20260226_279_Gen_Alg_10_8_2_Colorado2025-greenBox.czi,Gen_alg,596.4,12361.0,12871.0,32,31,104.43,0.959,20260226_279_Gen_Alg_10_8_2_Colorado2025-greenBox_x011776_y012288
Unknown_Sample,20260226_279_Gen_Alg_10_8_2_Colorado2025-greenBox.czi,Gen_alg,664.89,12003.0,12530.0,33,33,110.43,0.958,20260226_279_Gen_Alg_10_8_2_Colorado2025-greenBox_x011776_y012288
Unknown_Sample,20260226_279_Gen_Alg_10_8_2_Colorado2025-greenBox.czi,Gen_alg,347.45,11839.0,12919.0,33,18,88.04,0.901,20260226_279_Gen_Alg_10_8_2_Colorado2025-greenBox_x011776_y012288
Unknown_Sample,20260226_279_Gen_Alg_10_8_2_Colorado2025-greenBox.czi,Gen_alg,762.63,12897.0,12464.0,35,36,119.25,0.961,20260226_279_Gen_Alg_10_8_2_Colorado2025-greenBox_x012288_y012288
Unknown_Sample,20260226_279_Gen_Alg_10_8_2_Colorado2025-greenBox.czi,Gen_alg,597.94,12361.0,12871.0,32,31,104.43,0.959,20260226_279_Gen_Alg_10_8_2_Colorado2025-greenBox_x012288_y012288
Unknown_Sample,20260226_279_Gen_Alg_10_8_2_Colorado2025-greenBox.czi,Gen_alg,811.88,12793.0,12356.0,37,38,122.57,0.957,20260226_279_Gen_Alg_10_8_2_Colorado2025-greenBox_x012288_y012288
Unknown_Sample,20260226_279_Gen_Alg_10_8_2_Colorado2025-greenBox.czi,Gen_alg,681.82,12824.0,12604.0,35,34,111.74,0.956,20260226_279_Gen_Alg_10_8_2_Colorado2025-greenBox_x012288_y012288
Unknown_Sample,20260226_279_Gen_Alg_10_8_2_Colorado2025-greenBox.czi,Gen_alg,152.37,12914.0,12292.0,26,11,64.14,0.897,20260226_279_Gen_Alg_10_8_2_Colorado2025-greenBox_x012288_y012288
Unknown_Sample,20260226_279_Gen_Alg_10_8_2_Colorado2025-greenBox.czi,Gen_alg,295.89,12920.0,12320.0,15,35,86.04,0.883,20260226_279_Gen_Alg_10_8_2_Colorado2025-greenBox_x012288_y012288
Unknown_Sample,20260226_279_Gen_Alg_10_8_2_Colorado2025-greenBox.czi,Gen_alg,877.29,13165.0,12694.0,39,37,125.74,0.963,20260226_279_Gen_Alg_10_8_2_Colorado2025-greenBox_x012800_y012288
Unknown_Sample,20260226_279_Gen_Alg_10_8_2_Colorado2025-greenBox.czi,Gen_alg,762.63,12897.0,12464.0,35,36,119.25,0.961,20260226_279_Gen_Alg_10_8_2_Colorado2025-greenBox_x012800_y012288
Unknown_Sample,20260226_279_Gen_Alg_10_8_2_Colorado2025-greenBox.czi,Gen_alg,819.57,12996.0,12354.0,38,36,121.74,0.96,20260226_279_Gen_Alg_10_8_2_Colorado2025-greenBox_x012800_y012288
Unknown_Sample,20260226_279_Gen_Alg_10_8_2_Colorado2025-greenBox.czi,Gen_alg,675.28,13242.0,12345.0,33,34,110.67,0.96,20260226_279_Gen_Alg_10_8_2_Colorado2025-greenBox_x012800_y012288
Unknown_Sample,20260226_279_Gen_Alg_10_8_2_Colorado2025-greenBox.czi,Gen_alg,602.95,13247.0,12305.0,32,31,105.01,0.957,20260226_279_Gen_Alg_10_8_2_Colorado2025-greenBox_x012800_y012288
Unknown_Sample,20260226_279_Gen_Alg_10_8_2_Colorado2025-greenBox.czi,Gen_alg,620.26,13302.0,12358.0,31,33,106.43,0.957,20260226_279_Gen_Alg_10_8_2_Colorado2025-greenBox_x012800_y012288
Unknown_Sample,20260226_279_Gen_Alg_10_8_2_Colorado2025-greenBox.czi,Gen_alg,682.59,12824.0,12604.0,35,34,111.74,0.956,20260226_279_Gen_Alg_10_8_2_Colorado2025-greenBox_x012800_y012288
Unknown_Sample,20260226_279_Gen_Alg_10_8_2_Colorado2025-greenBox.czi,Gen_alg,672.97,13300.0,12613.0,33,35,110.33,0.956,20260226_279_Gen_Alg_10_8_2_Colorado2025-greenBox_x012800_y012288
Unknown_Sample,20260226_279_Gen_Alg_10_8_2_Colorado2025-greenBox.czi,Gen_alg,778.02,12930.0,12321.0,36,35,118.08,0.954,20260226_279_Gen_Alg_10_8_2_Colorado2025-greenBox_x012800_y012288
Unknown_Sample,20260226_279_Gen_Alg_10_8_2_Colorado2025-greenBox.czi,Gen_alg,729.54,13267.0,12639.0,36,35,115.74,0.953,20260226_279_Gen_Alg_10_8_2_Colorado2025-greenBox_x012800_y012288
Unknown_Sample,20260226_279_Gen_Alg_10_8_2_Colorado2025-greenBox.czi,Gen_alg,498.29,13427.0,12604.0,25,31,100.38,0.94,20260226_279_Gen_Alg_10_8_2_Colorado2025-greenBox_x012800_y012288
Unknown_Sample,20260226_279_Gen_Alg_10_8_2_Colorado2025-greenBox.czi,Gen_alg,231.25,12804.0,12357.0,12,36,82.04,0.935,20260226_279_Gen_Alg_10_8_2_Colorado2025-greenBox_x012800_y012288
Unknown_Sample,20260226_279_Gen_Alg_10_8_2_Colorado2025-greenBox.czi,Gen_alg,160.07,12915.0,12292.0,29,11,67.8,0.919,20260226_279_Gen_Alg_10_8_2_Colorado2025-greenBox_x012800_y012288
Unknown_Sample,20260226_279_Gen_Alg_10_8_2_Colorado2025-greenBox.czi,Gen_alg,805.34,13871.0,12359.0,37,36,122.67,0.964,20260226_279_Gen_Alg_10_8_2_Colorado2025-greenBox_x013312_y012288
Unknown_Sample,20260226_279_Gen_Alg_10_8_2_Colorado2025-greenBox.czi,Gen_alg,631.42,13918.0,12371.0,32,32,107.01,0.963,20260226_279_Gen_Alg_10_8_2_Colorado2025-greenBox_x013312_y012288
Unknown_Sample,20260226_279_Gen_Alg_10_8_2_Colorado2025-greenBox.czi,Gen_alg,705.3,13717.0,12380.0,34,34,113.84,0.962,20260226_279_Gen_Alg_10_8_2_Colorado2025-greenBox_x013312_y012288
Unknown_Sample,20260226_279_Gen_Alg_10_8_2_Colorado2025-greenBox.czi,Gen_alg,580.63,13429.0,12604.0,31,31,104.18,0.96,20260226_279_Gen_Alg_10_8_2_Colorado2025-greenBox_x013312_y012288
Unknown_Sample,20260226_279_Gen_Alg_10_8_2_Colorado2025-greenBox.czi,Gen_alg,712.22,13896.0,12751.0,34,35,114.67,0.958,20260226_279_Gen_Alg_10_8_2_Colorado2025-greenBox_x013312_y012288
Unknown_Sample,20260226_279_Gen_Alg_10_8_2_Colorado2025-greenBox.czi,Gen_alg,762.24,13449.0,12403.0,35,37,118.33,0.957,20260226_279_Gen_Alg_10_8_2_Colorado2025-greenBox_x013312_y012288
Unknown_Sample,20260226_279_Gen_Alg_10_8_2_Colorado2025-greenBox.czi,Gen_alg,672.59,13905.0,12792.0,34,33,112.43,0.955,20260226_279_Gen_Alg_10_8_2_Colorado2025-greenBox_x013312_y012288
Unknown_Sample,20260226_279_Gen_Alg_10_8_2_Colorado2025-greenBox.czi,Gen_alg,475.2,13674.0,12792.0,24,33,94.18,0.955,20260226_279_Gen_Alg_10_8_2_Colorado2025-greenBox_x013312_y012288
Unknown_Sample,20260226_279_Gen_Alg_10_8_2_Colorado2025-greenBox.czi,Gen_alg,393.24,13604.0,12673.0,26,26,87.11,0.926,20260226_279_Gen_Alg_10_8_2_Colorado2025-greenBox_x013312_y012288
Unknown_Sample,20260226_279_Gen_Alg_10_8_2_Colorado2025-greenBox.czi,Gen_alg,453.27,13623.0,12692.0,30,30,114.43,0.9,20260226_279_Gen_Alg_10_8_2_Colorado2025-greenBox_x013312_y012288
Unknown_Sample,20260226_279_Gen_Alg_10_8_2_Colorado2025-greenBox.czi,Gen_alg,806.11,13871.0,12359.0,37,36,122.67,0.964,20260226_279_Gen_Alg_10_8_2_Colorado2025-greenBox_x013824_y012288
Unknown_Sample,20260226_279_Gen_Alg_10_8_2_Colorado2025-greenBox.czi,Gen_alg,631.42,13918.0,12371.0,32,32,107.01,0.963,20260226_279_Gen_Alg_10_8_2_Colorado2025-greenBox_x013824_y012288
Unknown_Sample,20260226_279_Gen_Alg_10_8_2_Colorado2025-greenBox.czi,Gen_alg,683.36,13989.0,12667.0,34,34,112.08,0.961,20260226_279_Gen_Alg_10_8_2_Colorado2025-greenBox_x013824_y012288
Unknown_Sample,20260226_279_Gen_Alg_10_8_2_Colorado2025-greenBox.czi,Gen_alg,769.55,14405.0,12544.0,35,36,116.91,0.961,20260226_279_Gen_Alg_10_8_2_Colorado2025-greenBox_x013824_y012288
Unknown_Sample,20260226_279_Gen_Alg_10_8_2_Colorado2025-greenBox.czi,Gen_alg,712.22,13896.0,12751.0,34,35,114.67,0.957,20260226_279_Gen_Alg_10_8_2_Colorado2025-greenBox_x013824_y012288
Unknown_Sample,20260226_279_Gen_Alg_10_8_2_Colorado2025-greenBox.czi,Gen_alg,672.59,13905.0,12792.0,34,33,112.43,0.955,20260226_279_Gen_Alg_10_8_2_Colorado2025-greenBox_x013824_y012288
Unknown_Sample,20260226_279_Gen_Alg_10_8_2_Colorado2025-greenBox.czi,Gen_alg,520.99,14122.0,12505.0,29,30,98.77,0.93,20260226_279_Gen_Alg_10_8_2_Colorado2025-greenBox_x013824_y012288
Unknown_Sample,20260226_279_Gen_Alg_10_8_2_Colorado2025-greenBox.czi,Gen_alg,370.92,14131.0,12479.0,23,27,83.11,0.924,20260226_279_Gen_Alg_10_8_2_Colorado2025-greenBox_x013824_y012288
Unknown_Sample,20260226_279_Gen_Alg_10_8_2_Colorado2025-greenBox.czi,Gen_alg,770.32,14405.0,12544.0,35,36,116.91,0.961,20260226_279_Gen_Alg_10_8_2_Colorado2025-greenBox_x014336_y012288
Unknown_Sample,20260226_279_Gen_Alg_10_8_2_Colorado2025-greenBox.czi,Gen_alg,683.36,14684.0,12493.0,33,34,111.25,0.96,20260226_279_Gen_Alg_10_8_2_Colorado2025-greenBox_x014336_y012288
Unknown_Sample,20260226_279_Gen_Alg_10_8_2_Colorado2025-greenBox.czi,Gen_alg,542.15,14602.0,12704.0,29,31,99.01,0.957,20260226_279_Gen_Alg_10_8_2_Colorado2025-greenBox_x014336_y012288
Unknown_Sample,20260226_279_Gen_Alg_10_8_2_Colorado2025-greenBox.czi,Gen_alg,836.12,15429.0,12372.0,36,38,123.5,0.959,20260226_279_Gen_Alg_10_8_2_Colorado2025-greenBox_x014848_y012288
Unknown_Sample,20260226_279_Gen_Alg_10_8_2_Colorado2025-greenBox.czi,Gen_alg,836.12,15429.0,12372.0,36,38,123.5,0.959,20260226_279_Gen_Alg_10_8_2_Colorado2025-greenBox_x015360_y012288
Unknown_Sample,20260226_279_Gen_Alg_10_8_2_Colorado2025-greenBox.czi,Gen_alg,833.04,15803.0,12828.0,36,39,123.15,0.958,20260226_279_Gen_Alg_10_8_2_Colorado2025-greenBox_x015360_y012288
Unknown_Sample,20260226_279_Gen_Alg_10_8_2_Colorado2025-greenBox.czi,Gen_alg,640.27,15810.0,12390.0,32,33,107.25,0.958,20260226_279_Gen_Alg_10_8_2_Colorado2025-greenBox_x015360_y012288
Unknown_Sample,20260226_279_Gen_Alg_10_8_2_Colorado2025-greenBox.czi,Gen_alg,678.36,16396.0,12818.0,33,34,110.67,0.951,20260226_279_Gen_Alg_10_8_2_Colorado2025-greenBox_x015872_y012288
Unknown_Sample,20260226_279_Gen_Alg_10_8_2_Colorado2025-greenBox.czi,Gen_alg,1078.91,16377.0,12515.0,44,40,141.74,0.938,20260226_279_Gen_Alg_10_8_2_Colorado2025-greenBox_x015872_y012288
Unknown_Sample,20260226_279_Gen_Alg_10_8_2_Colorado2025-greenBox.czi,Gen_alg,632.57,16397.0,12818.0,30,34,108.77,0.951,20260226_279_Gen_Alg_10_8_2_Colorado2025-greenBox_x016384_y012288
Unknown_Sample,20260226_279_Gen_Alg_10_8_2_Colorado2025-greenBox.czi,Gen_alg,361.69,16390.0,12515.0,17,39,96.28,0.911,20260226_279_Gen_Alg_10_8_2_Colorado2025-greenBox_x016384_y012288
Unknown_Sample,20260226_279_Gen_Alg_10_8_2_Colorado2025-greenBox.czi,Gen_alg,544.07,328.0,13204.0,36,25,103.94,0.917,20260226_279_Gen_Alg_10_8_2_Colorado2025-greenBox_x000000_y012800
Unknown_Sample,20260226_279_Gen_Alg_10_8_2_Colorado2025-greenBox.czi,Gen_alg,769.17,2612.0,13206.0,36,36,120.67,0.959,20260226_279_Gen_Alg_10_8_2_Colorado2025-greenBox_x002048_y012800
Unknown_Sample,20260226_279_Gen_Alg_10_8_2_Colorado2025-greenBox.czi,Gen_alg,732.61,3140.0,13118.0,38,32,116.08,0.96,20260226_279_Gen_Alg_10_8_2_Colorado2025-greenBox_x002560_y012800
Unknown_Sample,20260226_279_Gen_Alg_10_8_2_Colorado2025-greenBox.czi,Gen_alg,710.68,2757.0,12838.0,35,34,113.5,0.959,20260226_279_Gen_Alg_10_8_2_Colorado2025-greenBox_x002560_y012800
Unknown_Sample,20260226_279_Gen_Alg_10_8_2_Colorado2025-greenBox.czi,Gen_alg,772.63,2612.0,13206.0,36,36,120.08,0.959,20260226_279_Gen_Alg_10_8_2_Colorado2025-greenBox_x002560_y012800
Unknown_Sample,20260226_279_Gen_Alg_10_8_2_Colorado2025-greenBox.czi,Gen_alg,829.96,3173.0,12939.0,37,38,123.15,0.954,20260226_279_Gen_Alg_10_8_2_Colorado2025-greenBox_x002560_y012800
Unknown_Sample,20260226_279_Gen_Alg_10_8_2_Colorado2025-greenBox.czi,Gen_alg,954.25,3124.0,13235.0,40,40,133.74,0.946,20260226_279_Gen_Alg_10_8_2_Colorado2025-greenBox_x002560_y012800
Unknown_Sample,20260226_279_Gen_Alg_10_8_2_Colorado2025-greenBox.czi,Gen_alg,1203.97,3165.0,13251.0,44,46,148.47,0.923,20260226_279_Gen_Alg_10_8_2_Colorado2025-greenBox_x002560_y012800
Unknown_Sample,20260226_279_Gen_Alg_10_8_2_Colorado2025-greenBox.czi,Gen_alg,1033.13,3359.0,13203.0,38,45,136.81,0.966,20260226_279_Gen_Alg_10_8_2_Colorado2025-greenBox_x003072_y012800
Unknown_Sample,20260226_279_Gen_Alg_10_8_2_Colorado2025-greenBox.czi,Gen_alg,964.25,3313.0,13020.0,39,41,132.57,0.963,20260226_279_Gen_Alg_10_8_2_Colorado2025-greenBox_x003072_y012800
Unknown_Sample,20260226_279_Gen_Alg_10_8_2_Colorado2025-greenBox.czi,Gen_alg,732.61,3140.0,13118.0,38,32,116.08,0.96,20260226_279_Gen_Alg_10_8_2_Colorado2025-greenBox_x003072_y012800
Unknown_Sample,20260226_279_Gen_Alg_10_8_2_Colorado2025-greenBox.czi,Gen_alg,827.65,3173.0,12939.0,37,38,123.15,0.955,20260226_279_Gen_Alg_10_8_2_Colorado2025-greenBox_x003072_y012800
Unknown_Sample,20260226_279_Gen_Alg_10_8_2_Colorado2025-greenBox.czi,Gen_alg,954.25,3124.0,13235.0,40,40,133.74,0.946,20260226_279_Gen_Alg_10_8_2_Colorado2025-greenBox_x003072_y012800
Unknown_Sample,20260226_279_Gen_Alg_10_8_2_Colorado2025-greenBox.czi,Gen_alg,1203.2,3165.0,13251.0,44,46,148.47,0.923,20260226_279_Gen_Alg_10_8_2_Colorado2025-greenBox_x003072_y012800
Unknown_Sample,20260226_279_Gen_Alg_10_8_2_Colorado2025-greenBox.czi,Gen_alg,813.03,3893.0,13030.0,37,36,121.5,0.961,20260226_279_Gen_Alg_10_8_2_Colorado2025-greenBox_x003584_y012800
Unknown_Sample,20260226_279_Gen_Alg_10_8_2_Colorado2025-greenBox.czi,Gen_alg,826.89,4008.0,13368.0,38,37,123.15,0.961,20260226_279_Gen_Alg_10_8_2_Colorado2025-greenBox_x003584_y012800
Unknown_Sample,20260226_279_Gen_Alg_10_8_2_Colorado2025-greenBox.czi,Gen_alg,290.89,3988.0,13115.0,27,18,75.46,0.946,20260226_279_Gen_Alg_10_8_2_Colorado2025-greenBox_x003584_y012800
Unknown_Sample,20260226_279_Gen_Alg_10_8_2_Colorado2025-greenBox.czi,Gen_alg,930.39,4256.0,13403.0,40,38,129.74,0.961,20260226_279_Gen_Alg_10_8_2_Colorado2025-greenBox_x004096_y012800
Unknown_Sample,20260226_279_Gen_Alg_10_8_2_Colorado2025-greenBox.czi,Gen_alg,838.43,4526.0,13116.0,39,36,123.15,0.96,20260226_279_Gen_Alg_10_8_2_Colorado2025-greenBox_x004096_y012800
Unknown_Sample,20260226_279_Gen_Alg_10_8_2_Colorado2025-greenBox.czi,Gen_alg,677.98,4398.0,13343.0,34,34,112.08,0.958,20260226_279_Gen_Alg_10_8_2_Colorado2025-greenBox_x004096_y012800
Unknown_Sample,20260226_279_Gen_Alg_10_8_2_Colorado2025-greenBox.czi,Gen_alg,317.44,4479.0,13431.0,32,17,85.21,0.908,20260226_279_Gen_Alg_10_8_2_Colorado2025-greenBox_x004096_y012800
Unknown_Sample,20260226_279_Gen_Alg_10_8_2_Colorado2025-greenBox.czi,Gen_alg,698.37,4971.0,13097.0,35,33,113.84,0.96,20260226_279_Gen_Alg_10_8_2_Colorado2025-greenBox_x004608_y012800
Unknown_Sample,20260226_279_Gen_Alg_10_8_2_Colorado2025-greenBox.czi,Gen_alg,754.55,5233.0,13260.0,31,38,121.7,0.943,20260226_279_Gen_Alg_10_8_2_Colorado2025-greenBox_x004608_y012800
Unknown_Sample,20260226_279_Gen_Alg_10_8_2_Colorado2025-greenBox.czi,Gen_alg,386.7,5238.0,13333.0,20,31,90.38,0.926,20260226_279_Gen_Alg_10_8_2_Colorado2025-greenBox_x004608_y012800
Unknown_Sample,20260226_279_Gen_Alg_10_8_2_Colorado2025-greenBox.czi,Gen_alg,363.61,5239.0,13164.0,17,37,92.87,0.911,20260226_279_Gen_Alg_10_8_2_Colorado2025-greenBox_x004608_y012800
Unknown_Sample,20260226_279_Gen_Alg_10_8_2_Colorado2025-greenBox.czi,Gen_alg,894.61,5250.0,13165.0,39,37,126.33,0.962,20260226_279_Gen_Alg_10_8_2_Colorado2025-greenBox_x005120_y012800
Unknown_Sample,20260226_279_Gen_Alg_10_8_2_Colorado2025-greenBox.czi,Gen_alg,561.39,5242.0,13333.0,30,31,102.18,0.962,20260226_279_Gen_Alg_10_8_2_Colorado2025-greenBox_x005120_y012800
Unknown_Sample,20260226_279_Gen_Alg_10_8_2_Colorado2025-greenBox.czi,Gen_alg,796.87,5593.0,12993.0,36,36,119.5,0.961,20260226_279_Gen_Alg_10_8_2_Colorado2025-greenBox_x005120_y012800
Unknown_Sample,20260226_279_Gen_Alg_10_8_2_Colorado2025-greenBox.czi,Gen_alg,804.95,5674.0,13365.0,37,36,122.08,0.961,20260226_279_Gen_Alg_10_8_2_Colorado2025-greenBox_x005120_y012800
Unknown_Sample,20260226_279_Gen_Alg_10_8_2_Colorado2025-greenBox.czi,Gen_alg,875.75,5316.0,12886.0,37,39,126.91,0.961,20260226_279_Gen_Alg_10_8_2_Colorado2025-greenBox_x005120_y012800
Unknown_Sample,20260226_279_Gen_Alg_10_8_2_Colorado2025-greenBox.czi,Gen_alg,965.79,5610.0,13125.0,40,39,132.91,0.96,20260226_279_Gen_Alg_10_8_2_Colorado2025-greenBox_x005120_y012800
Unknown_Sample,20260226_279_Gen_Alg_10_8_2_Colorado2025-greenBox.czi,Gen_alg,902.3,5236.0,13260.0,39,38,127.15,0.958,20260226_279_Gen_Alg_10_8_2_Colorado2025-greenBox_x005120_y012800
Unknown_Sample,20260226_279_Gen_Alg_10_8_2_Colorado2025-greenBox.czi,Gen_alg,1102.39,5739.0,13215.0,41,43,143.5,0.953,20260226_279_Gen_Alg_10_8_2_Colorado2025-greenBox_x005120_y012800
Unknown_Sample,20260226_279_Gen_Alg_10_8_2_Colorado2025-greenBox.czi,Gen_alg,201.24,5708.0,13432.0,21,16,63.56,0.897,20260226_279_Gen_Alg_10_8_2_Colorado2025-greenBox_x005120_y012800
Unknown_Sample,20260226_279_Gen_Alg_10_8_2_Colorado2025-greenBox.czi,Gen_alg,1046.21,6173.0,13240.0,42,42,138.81,0.963,20260226_279_Gen_Alg_10_8_2_Colorado2025-greenBox_x005632_y012800
Unknown_Sample,20260226_279_Gen_Alg_10_8_2_Colorado2025-greenBox.czi,Gen_alg,1142.02,5740.0,13215.0,44,44,145.05,0.962,20260226_279_Gen_Alg_10_8_2_Colorado2025-greenBox_x005632_y012800
Unknown_Sample,20260226_279_Gen_Alg_10_8_2_Colorado2025-greenBox.czi,Gen_alg,737.23,6072.0,13252.0,35,35,116.08,0.962,20260226_279_Gen_Alg_10_8_2_Colorado2025-greenBox_x005632_y012800
Unknown_Sample,20260226_279_Gen_Alg_10_8_2_Colorado2025-greenBox.czi,Gen_alg,804.95,5674.0,13365.0,37,36,122.08,0.961,20260226_279_Gen_Alg_10_8_2_Colorado2025-greenBox_x005632_y012800
Unknown_Sample,20260226_279_Gen_Alg_10_8_2_Colorado2025-greenBox.czi,Gen_alg,648.73,6107.0,12862.0,33,32,109.6,0.961,20260226_279_Gen_Alg_10_8_2_Colorado2025-greenBox_x005632_y012800
Unknown_Sample,20260226_279_Gen_Alg_10_8_2_Colorado2025-greenBox.czi,Gen_alg,896.91,5883.0,13214.0,39,39,127.98,0.96,20260226_279_Gen_Alg_10_8_2_Colorado2025-greenBox_x005632_y012800
Unknown_Sample,20260226_279_Gen_Alg_10_8_2_Colorado2025-greenBox.czi,Gen_alg,732.23,5900.0,13042.0,33,37,115.5,0.958,20260226_279_Gen_Alg_10_8_2_Colorado2025-greenBox_x005632_y012800
Unknown_Sample,20260226_279_Gen_Alg_10_8_2_Colorado2025-greenBox.czi,Gen_alg,873.06,6217.0,12963.0,39,38,125.98,0.957,20260226_279_Gen_Alg_10_8_2_Colorado2025-greenBox_x005632_y012800
Unknown_Sample,20260226_279_Gen_Alg_10_8_2_Colorado2025-greenBox.czi,Gen_alg,686.83,6257.0,13099.0,30,36,115.7,0.949,20260226_279_Gen_Alg_10_8_2_Colorado2025-greenBox_x005632_y012800
Unknown_Sample,20260226_279_Gen_Alg_10_8_2_Colorado2025-greenBox.czi,Gen_alg,202.39,5708.0,13432.0,21,16,64.14,0.897,20260226_279_Gen_Alg_10_8_2_Colorado2025-greenBox_x005632_y012800
Unknown_Sample,20260226_279_Gen_Alg_10_8_2_Colorado2025-greenBox.czi,Gen_alg,1047.75,6173.0,13240.0,42,42,138.81,0.963,20260226_279_Gen_Alg_10_8_2_Colorado2025-greenBox_x006144_y012800
Unknown_Sample,20260226_279_Gen_Alg_10_8_2_Colorado2025-greenBox.czi,Gen_alg,877.68,6597.0,12835.0,37,39,126.33,0.961,20260226_279_Gen_Alg_10_8_2_Colorado2025-greenBox_x006144_y012800
Unknown_Sample,20260226_279_Gen_Alg_10_8_2_Colorado2025-greenBox.czi,Gen_alg,798.03,6259.0,13099.0,37,36,120.91,0.961,20260226_279_Gen_Alg_10_8_2_Colorado2025-greenBox_x006144_y012800
Unknown_Sample,20260226_279_Gen_Alg_10_8_2_Colorado2025-greenBox.czi,Gen_alg,628.73,6658.0,13265.0,32,33,108.43,0.958,20260226_279_Gen_Alg_10_8_2_Colorado2025-greenBox_x006144_y012800
Unknown_Sample,20260226_279_Gen_Alg_10_8_2_Colorado2025-greenBox.czi,Gen_alg,872.29,6217.0,12963.0,39,38,125.98,0.957,20260226_279_Gen_Alg_10_8_2_Colorado2025-greenBox_x006144_y012800
Unknown_Sample,20260226_279_Gen_Alg_10_8_2_Colorado2025-greenBox.czi,Gen_alg,579.47,6503.0,13072.0,30,32,103.6,0.94,20260226_279_Gen_Alg_10_8_2_Colorado2025-greenBox_x006144_y012800
Unknown_Sample,20260226_279_Gen_Alg_10_8_2_Colorado2025-greenBox.czi,Gen_alg,971.56,6529.0,13099.0,43,42,156.93,0.902,20260226_279_Gen_Alg_10_8_2_Colorado2025-greenBox_x006144_y012800
Unknown_Sample,20260226_279_Gen_Alg_10_8_2_Colorado2025-greenBox.czi,Gen_alg,867.67,7097.0,13231.0,37,38,126.67,0.964,20260226_279_Gen_Alg_10_8_2_Colorado2025-greenBox_x006656_y012800
Unknown_Sample,20260226_279_Gen_Alg_10_8_2_Colorado2025-greenBox.czi,Gen_alg,1003.11,6972.0,13407.0,41,41,135.98,0.963,20260226_279_Gen_Alg_10_8_2_Colorado2025-greenBox_x006656_y012800
Unknown_Sample,20260226_279_Gen_Alg_10_8_2_Colorado2025-greenBox.czi,Gen_alg,607.18,7062.0,13066.0,31,32,104.43,0.961,20260226_279_Gen_Alg_10_8_2_Colorado2025-greenBox_x006656_y012800
Unknown_Sample,20260226_279_Gen_Alg_10_8_2_Colorado2025-greenBox.czi,Gen_alg,362.84,6663.0,13266.0,19,33,90.04,0.948,20260226_279_Gen_Alg_10_8_2_Colorado2025-greenBox_x006656_y012800
Unknown_Sample,20260226_279_Gen_Alg_10_8_2_Colorado2025-greenBox.czi,Gen_alg,665.66,7575.0,13216.0,35,31,110.43,0.961,20260226_279_Gen_Alg_10_8_2_Colorado2025-greenBox_x007168_y012800
Unknown_Sample,20260226_279_Gen_Alg_10_8_2_Colorado2025-greenBox.czi,Gen_alg,546.38,7364.0,13026.0,30,30,99.6,0.96,20260226_279_Gen_Alg_10_8_2_Colorado2025-greenBox_x007168_y012800
Unknown_Sample,20260226_279_Gen_Alg_10_8_2_Colorado2025-greenBox.czi,Gen_alg,310.13,7672.0,13432.0,36,15,88.63,0.893,20260226_279_Gen_Alg_10_8_2_Colorado2025-greenBox_x007168_y012800
Unknown_Sample,20260226_279_Gen_Alg_10_8_2_Colorado2025-greenBox.czi,Gen_alg,776.86,8198.0,12994.0,36,36,119.5,0.965,20260226_279_Gen_Alg_10_8_2_Colorado2025-greenBox_x007680_y012800
Unknown_Sample,20260226_279_Gen_Alg_10_8_2_Colorado2025-greenBox.czi,Gen_alg,742.62,8130.0,12913.0,34,36,116.08,0.964,20260226_279_Gen_Alg_10_8_2_Colorado2025-greenBox_x007680_y012800
Unknown_Sample,20260226_279_Gen_Alg_10_8_2_Colorado2025-greenBox.czi,Gen_alg,917.31,8290.0,12943.0,39,40,129.4,0.962,20260226_279_Gen_Alg_10_8_2_Colorado2025-greenBox_x007680_y012800
Unknown_Sample,20260226_279_Gen_Alg_10_8_2_Colorado2025-greenBox.czi,Gen_alg,847.66,8230.0,13263.0,38,37,125.5,0.962,20260226_279_Gen_Alg_10_8_2_Colorado2025-greenBox_x007680_y012800
Unknown_Sample,20260226_279_Gen_Alg_10_8_2_Colorado2025-greenBox.czi,Gen_alg,628.73,8280.0,13018.0,31,34,106.08,0.961,20260226_279_Gen_Alg_10_8_2_Colorado2025-greenBox_x007680_y012800
Unknown_Sample,20260226_279_Gen_Alg_10_8_2_Colorado2025-greenBox.czi,Gen_alg,919.23,7836.0,13364.0,39,40,130.81,0.957,20260226_279_Gen_Alg_10_8_2_Colorado2025-greenBox_x007680_y012800
Unknown_Sample,20260226_279_Gen_Alg_10_8_2_Colorado2025-greenBox.czi,Gen_alg,610.64,8053.0,13136.0,33,31,104.67,0.957,20260226_279_Gen_Alg_10_8_2_Colorado2025-greenBox_x007680_y012800
Unknown_Sample,20260226_279_Gen_Alg_10_8_2_Colorado2025-greenBox.czi,Gen_alg,73.88,7684.0,13434.0,11,12,39.66,0.899,20260226_279_Gen_Alg_10_8_2_Colorado2025-greenBox_x007680_y012800
Unknown_Sample,20260226_279_Gen_Alg_10_8_2_Colorado2025-greenBox.czi,Gen_alg,564.08,8202.0,12994.0,25,36,107.46,0.962,20260226_279_Gen_Alg_10_8_2_Colorado2025-greenBox_x008192_y012800
Unknown_Sample,20260226_279_Gen_Alg_10_8_2_Colorado2025-greenBox.czi,Gen_alg,918.46,8290.0,12943.0,39,40,129.98,0.962,20260226_279_Gen_Alg_10_8_2_Colorado2025-greenBox_x008192_y012800
Unknown_Sample,20260226_279_Gen_Alg_10_8_2_Colorado2025-greenBox.czi,Gen_alg,859.21,8230.0,13263.0,39,37,126.33,0.962,20260226_279_Gen_Alg_10_8_2_Colorado2025-greenBox_x008192_y012800
Unknown_Sample,20260226_279_Gen_Alg_10_8_2_Colorado2025-greenBox.czi,Gen_alg,862.67,8742.0,13202.0,38,38,125.74,0.962,20260226_279_Gen_Alg_10_8_2_Colorado2025-greenBox_x008192_y012800
Unknown_Sample,20260226_279_Gen_Alg_10_8_2_Colorado2025-greenBox.czi,Gen_alg,753.01,8730.0,12909.0,35,35,116.67,0.961,20260226_279_Gen_Alg_10_8_2_Colorado2025-greenBox_x008192_y012800
Unknown_Sample,20260226_279_Gen_Alg_10_8_2_Colorado2025-greenBox.czi,Gen_alg,630.65,8280.0,13018.0,31,34,106.67,0.961,20260226_279_Gen_Alg_10_8_2_Colorado2025-greenBox_x008192_y012800
Unknown_Sample,20260226_279_Gen_Alg_10_8_2_Colorado2025-greenBox.czi,Gen_alg,598.71,8812.0,12891.0,30,32,104.77,0.96,20260226_279_Gen_Alg_10_8_2_Colorado2025-greenBox_x008192_y012800
Unknown_Sample,20260226_279_Gen_Alg_10_8_2_Colorado2025-greenBox.czi,Gen_alg,815.34,8636.0,13400.0,37,36,120.33,0.96,20260226_279_Gen_Alg_10_8_2_Colorado2025-greenBox_x008192_y012800
Unknown_Sample,20260226_279_Gen_Alg_10_8_2_Colorado2025-greenBox.czi,Gen_alg,597.17,8812.0,12891.0,30,32,104.77,0.964,20260226_279_Gen_Alg_10_8_2_Colorado2025-greenBox_x008704_y012800
Unknown_Sample,20260226_279_Gen_Alg_10_8_2_Colorado2025-greenBox.czi,Gen_alg,787.64,8880.0,13376.0,37,35,119.5,0.963,20260226_279_Gen_Alg_10_8_2_Colorado2025-greenBox_x008704_y012800
Unknown_Sample,20260226_279_Gen_Alg_10_8_2_Colorado2025-greenBox.czi,Gen_alg,574.86,9226.0,13373.0,30,32,102.43,0.962,20260226_279_Gen_Alg_10_8_2_Colorado2025-greenBox_x008704_y012800
Unknown_Sample,20260226_279_Gen_Alg_10_8_2_Colorado2025-greenBox.czi,Gen_alg,862.67,8742.0,13202.0,38,38,125.74,0.962,20260226_279_Gen_Alg_10_8_2_Colorado2025-greenBox_x008704_y012800
Unknown_Sample,20260226_279_Gen_Alg_10_8_2_Colorado2025-greenBox.czi,Gen_alg,753.01,8730.0,12909.0,35,35,116.67,0.961,20260226_279_Gen_Alg_10_8_2_Colorado2025-greenBox_x008704_y012800
Unknown_Sample,20260226_279_Gen_Alg_10_8_2_Colorado2025-greenBox.czi,Gen_alg,758.01,9249.0,13220.0,35,35,117.25,0.96,20260226_279_Gen_Alg_10_8_2_Colorado2025-greenBox_x008704_y012800
Unknown_Sample,20260226_279_Gen_Alg_10_8_2_Colorado2025-greenBox.czi,Gen_alg,849.59,8841.0,12994.0,37,37,124.08,0.96,20260226_279_Gen_Alg_10_8_2_Colorado2025-greenBox_x008704_y012800
Unknown_Sample,20260226_279_Gen_Alg_10_8_2_Colorado2025-greenBox.czi,Gen_alg,865.36,9154.0,13089.0,37,41,129.15,0.954,20260226_279_Gen_Alg_10_8_2_Colorado2025-greenBox_x008704_y012800
Unknown_Sample,20260226_279_Gen_Alg_10_8_2_Colorado2025-greenBox.czi,Gen_alg,510.6,9227.0,13373.0,26,31,98.87,0.964,20260226_279_Gen_Alg_10_8_2_Colorado2025-greenBox_x009216_y012800
Unknown_Sample,20260226_279_Gen_Alg_10_8_2_Colorado2025-greenBox.czi,Gen_alg,767.63,9520.0,13115.0,36,35,117.5,0.963,20260226_279_Gen_Alg_10_8_2_Colorado2025-greenBox_x009216_y012800
Unknown_Sample,20260226_279_Gen_Alg_10_8_2_Colorado2025-greenBox.czi,Gen_alg,692.98,9358.0,13256.0,34,33,111.84,0.963,20260226_279_Gen_Alg_10_8_2_Colorado2025-greenBox_x009216_y012800
Unknown_Sample,20260226_279_Gen_Alg_10_8_2_Colorado2025-greenBox.czi,Gen_alg,549.08,9723.0,12865.0,30,29,100.53,0.962,20260226_279_Gen_Alg_10_8_2_Colorado2025-greenBox_x009216_y012800
Unknown_Sample,20260226_279_Gen_Alg_10_8_2_Colorado2025-greenBox.czi,Gen_alg,757.24,9249.0,13220.0,35,35,117.25,0.96,20260226_279_Gen_Alg_10_8_2_Colorado2025-greenBox_x009216_y012800
Unknown_Sample,20260226_279_Gen_Alg_10_8_2_Colorado2025-greenBox.czi,Gen_alg,743.77,9423.0,12885.0,35,35,115.5,0.96,20260226_279_Gen_Alg_10_8_2_Colorado2025-greenBox_x009216_y012800
Unknown_Sample,20260226_279_Gen_Alg_10_8_2_Colorado2025-greenBox.czi,Gen_alg,878.45,9665.0,13267.0,38,38,127.5,0.96,20260226_279_Gen_Alg_10_8_2_Colorado2025-greenBox_x009216_y012800
Unknown_Sample,20260226_279_Gen_Alg_10_8_2_Colorado2025-greenBox.czi,Gen_alg,608.33,9454.0,13207.0,31,32,105.01,0.958,20260226_279_Gen_Alg_10_8_2_Colorado2025-greenBox_x009216_y012800
Unknown_Sample,20260226_279_Gen_Alg_10_8_2_Colorado2025-greenBox.czi,Gen_alg,699.52,9952.0,13278.0,35,33,113.25,0.962,20260226_279_Gen_Alg_10_8_2_Colorado2025-greenBox_x009728_y012800
Unknown_Sample,20260226_279_Gen_Alg_10_8_2_Colorado2025-greenBox.czi,Gen_alg,689.52,10002.0,13009.0,34,34,110.91,0.96,20260226_279_Gen_Alg_10_8_2_Colorado2025-greenBox_x009728_y012800
Unknown_Sample,20260226_279_Gen_Alg_10_8_2_Colorado2025-greenBox.czi,Gen_alg,170.84,9732.0,12866.0,11,28,68.14,0.95,20260226_279_Gen_Alg_10_8_2_Colorado2025-greenBox_x009728_y012800
Unknown_Sample,20260226_279_Gen_Alg_10_8_2_Colorado2025-greenBox.czi,Gen_alg,484.82,10257.0,13290.0,30,30,99.6,0.948,20260226_279_Gen_Alg_10_8_2_Colorado2025-greenBox_x009728_y012800
Unknown_Sample,20260226_279_Gen_Alg_10_8_2_Colorado2025-greenBox.czi,Gen_alg,389.01,10358.0,13368.0,20,32,91.21,0.917,20260226_279_Gen_Alg_10_8_2_Colorado2025-greenBox_x009728_y012800
Unknown_Sample,20260226_279_Gen_Alg_10_8_2_Colorado2025-greenBox.czi,Gen_alg,990.8,10425.0,13114.0,40,41,133.98,0.962,20260226_279_Gen_Alg_10_8_2_Colorado2025-greenBox_x010240_y012800
Unknown_Sample,20260226_279_Gen_Alg_10_8_2_Colorado2025-greenBox.czi,Gen_alg,622.57,10363.0,13368.0,33,32,106.08,0.961,20260226_279_Gen_Alg_10_8_2_Colorado2025-greenBox_x010240_y012800
Unknown_Sample,20260226_279_Gen_Alg_10_8_2_Colorado2025-greenBox.czi,Gen_alg,777.63,10445.0,13423.0,36,34,120.18,0.959,20260226_279_Gen_Alg_10_8_2_Colorado2025-greenBox_x010240_y012800
Unknown_Sample,20260226_279_Gen_Alg_10_8_2_Colorado2025-greenBox.czi,Gen_alg,866.13,10512.0,13362.0,38,38,126.33,0.959,20260226_279_Gen_Alg_10_8_2_Colorado2025-greenBox_x010240_y012800
Unknown_Sample,20260226_279_Gen_Alg_10_8_2_Colorado2025-greenBox.czi,Gen_alg,485.2,10256.0,13290.0,30,30,99.01,0.946,20260226_279_Gen_Alg_10_8_2_Colorado2025-greenBox_x010240_y012800
Unknown_Sample,20260226_279_Gen_Alg_10_8_2_Colorado2025-greenBox.czi,Gen_alg,901.92,11207.0,13228.0,39,38,128.91,0.964,20260226_279_Gen_Alg_10_8_2_Colorado2025-greenBox_x010752_y012800
Unknown_Sample,20260226_279_Gen_Alg_10_8_2_Colorado2025-greenBox.czi,Gen_alg,956.94,11216.0,12836.0,41,39,131.98,0.962,20260226_279_Gen_Alg_10_8_2_Colorado2025-greenBox_x010752_y012800
Unknown_Sample,20260226_279_Gen_Alg_10_8_2_Colorado2025-greenBox.czi,Gen_alg,785.33,11286.0,13011.0,35,37,120.67,0.96,20260226_279_Gen_Alg_10_8_2_Colorado2025-greenBox_x010752_y012800
Unknown_Sample,20260226_279_Gen_Alg_10_8_2_Colorado2025-greenBox.czi,Gen_alg,612.56,11377.0,12874.0,30,32,107.11,0.942,20260226_279_Gen_Alg_10_8_2_Colorado2025-greenBox_x010752_y012800
Unknown_Sample,20260226_279_Gen_Alg_10_8_2_Colorado2025-greenBox.czi,Gen_alg,438.65,11382.0,13013.0,21,34,96.63,0.92,20260226_279_Gen_Alg_10_8_2_Colorado2025-greenBox_x010752_y012800
Unknown_Sample,20260226_279_Gen_Alg_10_8_2_Colorado2025-greenBox.czi,Gen_alg,680.29,11378.0,12874.0,35,32,111.25,0.961,20260226_279_Gen_Alg_10_8_2_Colorado2025-greenBox_x011264_y012800
Unknown_Sample,20260226_279_Gen_Alg_10_8_2_Colorado2025-greenBox.czi,Gen_alg,721.07,11839.0,12967.0,35,34,115.25,0.96,20260226_279_Gen_Alg_10_8_2_Colorado2025-greenBox_x011264_y012800
Unknown_Sample,20260226_279_Gen_Alg_10_8_2_Colorado2025-greenBox.czi,Gen_alg,786.87,11286.0,13011.0,35,37,120.67,0.96,20260226_279_Gen_Alg_10_8_2_Colorado2025-greenBox_x011264_y012800
Unknown_Sample,20260226_279_Gen_Alg_10_8_2_Colorado2025-greenBox.czi,Gen_alg,667.59,11747.0,13095.0,33,34,110.67,0.959,20260226_279_Gen_Alg_10_8_2_Colorado2025-greenBox_x011264_y012800
Unknown_Sample,20260226_279_Gen_Alg_10_8_2_Colorado2025-greenBox.czi,Gen_alg,677.98,11839.0,12926.0,33,34,111.25,0.958,20260226_279_Gen_Alg_10_8_2_Colorado2025-greenBox_x011264_y012800
Unknown_Sample,20260226_279_Gen_Alg_10_8_2_Colorado2025-greenBox.czi,Gen_alg,698.37,11387.0,13013.0,34,34,112.67,0.957,20260226_279_Gen_Alg_10_8_2_Colorado2025-greenBox_x011264_y012800
Unknown_Sample,20260226_279_Gen_Alg_10_8_2_Colorado2025-greenBox.czi,Gen_alg,728.77,11786.0,13345.0,35,35,114.91,0.956,20260226_279_Gen_Alg_10_8_2_Colorado2025-greenBox_x011264_y012800
Unknown_Sample,20260226_279_Gen_Alg_10_8_2_Colorado2025-greenBox.czi,Gen_alg,750.31,11405.0,13187.0,35,36,116.91,0.956,20260226_279_Gen_Alg_10_8_2_Colorado2025-greenBox_x011264_y012800
Unknown_Sample,20260226_279_Gen_Alg_10_8_2_Colorado2025-greenBox.czi,Gen_alg,875.37,11947.0,12817.0,37,38,127.84,0.963,20260226_279_Gen_Alg_10_8_2_Colorado2025-greenBox_x011776_y012800
Unknown_Sample,20260226_279_Gen_Alg_10_8_2_Colorado2025-greenBox.czi,Gen_alg,946.94,12218.0,13413.0,40,40,130.81,0.961,20260226_279_Gen_Alg_10_8_2_Colorado2025-greenBox_x011776_y012800
Unknown_Sample,20260226_279_Gen_Alg_10_8_2_Colorado2025-greenBox.czi,Gen_alg,636.42,11788.0,13345.0,29,35,109.94,0.961,20260226_279_Gen_Alg_10_8_2_Colorado2025-greenBox_x011776_y012800
Unknown_Sample,20260226_279_Gen_Alg_10_8_2_Colorado2025-greenBox.czi,Gen_alg,721.07,11839.0,12967.0,35,34,115.25,0.96,20260226_279_Gen_Alg_10_8_2_Colorado2025-greenBox_x011776_y012800
Unknown_Sample,20260226_279_Gen_Alg_10_8_2_Colorado2025-greenBox.czi,Gen_alg,596.79,12361.0,12871.0,32,31,105.01,0.959,20260226_279_Gen_Alg_10_8_2_Colorado2025-greenBox_x011776_y012800
Unknown_Sample,20260226_279_Gen_Alg_10_8_2_Colorado2025-greenBox.czi,Gen_alg,811.11,12134.0,12957.0,37,37,121.74,0.959,20260226_279_Gen_Alg_10_8_2_Colorado2025-greenBox_x011776_y012800
Unknown_Sample,20260226_279_Gen_Alg_10_8_2_Colorado2025-greenBox.czi,Gen_alg,677.98,11839.0,12926.0,33,34,111.25,0.958,20260226_279_Gen_Alg_10_8_2_Colorado2025-greenBox_x011776_y012800
Unknown_Sample,20260226_279_Gen_Alg_10_8_2_Colorado2025-greenBox.czi,Gen_alg,577.17,11967.0,13106.0,30,31,102.77,0.958,20260226_279_Gen_Alg_10_8_2_Colorado2025-greenBox_x011776_y012800
Unknown_Sample,20260226_279_Gen_Alg_10_8_2_Colorado2025-greenBox.czi,Gen_alg,636.04,11961.0,13145.0,32,33,107.84,0.957,20260226_279_Gen_Alg_10_8_2_Colorado2025-greenBox_x011776_y012800
Unknown_Sample,20260226_279_Gen_Alg_10_8_2_Colorado2025-greenBox.czi,Gen_alg,854.2,12479.0,13293.0,37,37,125.25,0.963,20260226_279_Gen_Alg_10_8_2_Colorado2025-greenBox_x012288_y012800
Unknown_Sample,20260226_279_Gen_Alg_10_8_2_Colorado2025-greenBox.czi,Gen_alg,597.94,12361.0,12871.0,32,31,104.43,0.96,20260226_279_Gen_Alg_10_8_2_Colorado2025-greenBox_x012288_y012800
Unknown_Sample,20260226_279_Gen_Alg_10_8_2_Colorado2025-greenBox.czi,Gen_alg,310.51,13074.0,13204.0,24,24,79.7,0.933,20260226_279_Gen_Alg_10_8_2_Colorado2025-greenBox_x012800_y012800
Unknown_Sample,20260226_279_Gen_Alg_10_8_2_Colorado2025-greenBox.czi,Gen_alg,255.88,13433.0,13096.0,15,32,80.04,0.888,20260226_279_Gen_Alg_10_8_2_Colorado2025-greenBox_x012800_y012800
Unknown_Sample,20260226_279_Gen_Alg_10_8_2_Colorado2025-greenBox.czi,Gen_alg,801.49,13568.0,13135.0,37,35,120.67,0.96,20260226_279_Gen_Alg_10_8_2_Colorado2025-greenBox_x013312_y012800
Unknown_Sample,20260226_279_Gen_Alg_10_8_2_Colorado2025-greenBox.czi,Gen_alg,587.94,13440.0,13095.0,31,32,102.08,0.959,20260226_279_Gen_Alg_10_8_2_Colorado2025-greenBox_x013312_y012800
Unknown_Sample,20260226_279_Gen_Alg_10_8_2_Colorado2025-greenBox.czi,Gen_alg,754.16,13535.0,13171.0,35,35,117.25,0.958,20260226_279_Gen_Alg_10_8_2_Colorado2025-greenBox_x013312_y012800
Unknown_Sample,20260226_279_Gen_Alg_10_8_2_Colorado2025-greenBox.czi,Gen_alg,790.33,13689.0,13348.0,36,37,120.91,0.956,20260226_279_Gen_Alg_10_8_2_Colorado2025-greenBox_x013312_y012800
Unknown_Sample,20260226_279_Gen_Alg_10_8_2_Colorado2025-greenBox.czi,Gen_alg,367.08,13636.0,13055.0,21,29,83.11,0.946,20260226_279_Gen_Alg_10_8_2_Colorado2025-greenBox_x013312_y012800
Unknown_Sample,20260226_279_Gen_Alg_10_8_2_Colorado2025-greenBox.czi,Gen_alg,98.89,13672.0,12803.0,20,10,49.56,0.937,20260226_279_Gen_Alg_10_8_2_Colorado2025-greenBox_x013312_y012800
Unknown_Sample,20260226_279_Gen_Alg_10_8_2_Colorado2025-greenBox.czi,Gen_alg,142.75,13904.0,12803.0,28,10,64.38,0.93,20260226_279_Gen_Alg_10_8_2_Colorado2025-greenBox_x013312_y012800
Unknown_Sample,20260226_279_Gen_Alg_10_8_2_Colorado2025-greenBox.czi,Gen_alg,141.98,13904.0,12803.0,28,10,64.38,0.93,20260226_279_Gen_Alg_10_8_2_Colorado2025-greenBox_x013824_y012800
Unknown_Sample,20260226_279_Gen_Alg_10_8_2_Colorado2025-greenBox.czi,Gen_alg,238.95,14457.0,13328.0,14,30,75.21,0.886,20260226_279_Gen_Alg_10_8_2_Colorado2025-greenBox_x013824_y012800
Unknown_Sample,20260226_279_Gen_Alg_10_8_2_Colorado2025-greenBox.czi,Gen_alg,619.11,14465.0,13328.0,32,33,106.67,0.958,20260226_279_Gen_Alg_10_8_2_Colorado2025-greenBox_x014336_y012800
Unknown_Sample,20260226_279_Gen_Alg_10_8_2_Colorado2025-greenBox.czi,Gen_alg,627.19,14539.0,13421.0,31,32,106.77,0.956,20260226_279_Gen_Alg_10_8_2_Colorado2025-greenBox_x014336_y012800
Unknown_Sample,20260226_279_Gen_Alg_10_8_2_Colorado2025-greenBox.czi,Gen_alg,338.99,15229.0,13432.0,35,17,90.04,0.893,20260226_279_Gen_Alg_10_8_2_Colorado2025-greenBox_x014848_y012800
Unknown_Sample,20260226_279_Gen_Alg_10_8_2_Colorado2025-greenBox.czi,Gen_alg,693.37,15659.0,13305.0,32,35,112.43,0.963,20260226_279_Gen_Alg_10_8_2_Colorado2025-greenBox_x015360_y012800
Unknown_Sample,20260226_279_Gen_Alg_10_8_2_Colorado2025-greenBox.czi,Gen_alg,752.24,15528.0,12965.0,34,37,118.67,0.962,20260226_279_Gen_Alg_10_8_2_Colorado2025-greenBox_x015360_y012800
Unknown_Sample,20260226_279_Gen_Alg_10_8_2_Colorado2025-greenBox.czi,Gen_alg,639.11,15868.0,13043.0,32,33,107.84,0.96,20260226_279_Gen_Alg_10_8_2_Colorado2025-greenBox_x015360_y012800
Unknown_Sample,20260226_279_Gen_Alg_10_8_2_Colorado2025-greenBox.czi,Gen_alg,832.27,15803.0,12828.0,36,39,123.15,0.958,20260226_279_Gen_Alg_10_8_2_Colorado2025-greenBox_x015360_y012800
Unknown_Sample,20260226_279_Gen_Alg_10_8_2_Colorado2025-greenBox.czi,Gen_alg,681.82,15564.0,13309.0,33,34,111.25,0.957,20260226_279_Gen_Alg_10_8_2_Colorado2025-greenBox_x015360_y012800
Unknown_Sample,20260226_279_Gen_Alg_10_8_2_Colorado2025-greenBox.czi,Gen_alg,863.44,16450.0,13033.0,37,39,125.74,0.959,20260226_279_Gen_Alg_10_8_2_Colorado2025-greenBox_x015872_y012800
Unknown_Sample,20260226_279_Gen_Alg_10_8_2_Colorado2025-greenBox.czi,Gen_alg,761.86,16191.0,13153.0,34,37,118.08,0.959,20260226_279_Gen_Alg_10_8_2_Colorado2025-greenBox_x015872_y012800
Unknown_Sample,20260226_279_Gen_Alg_10_8_2_Colorado2025-greenBox.czi,Gen_alg,826.89,16471.0,13123.0,36,39,123.15,0.956,20260226_279_Gen_Alg_10_8_2_Colorado2025-greenBox_x015872_y012800
Unknown_Sample,20260226_279_Gen_Alg_10_8_2_Colorado2025-greenBox.czi,Gen_alg,722.23,16129.0,13399.0,36,33,114.67,0.956,20260226_279_Gen_Alg_10_8_2_Colorado2025-greenBox_x015872_y012800
Unknown_Sample,20260226_279_Gen_Alg_10_8_2_Colorado2025-greenBox.czi,Gen_alg,676.44,16396.0,12817.0,33,34,110.08,0.953,20260226_279_Gen_Alg_10_8_2_Colorado2025-greenBox_x015872_y012800
Unknown_Sample,20260226_279_Gen_Alg_10_8_2_Colorado2025-greenBox.czi,Gen_alg,365.54,16063.0,12940.0,26,24,81.94,0.939,20260226_279_Gen_Alg_10_8_2_Colorado2025-greenBox_x015872_y012800
Unknown_Sample,20260226_279_Gen_Alg_10_8_2_Colorado2025-greenBox.czi,Gen_alg,237.02,15877.0,13044.0,13,32,77.8,0.937,20260226_279_Gen_Alg_10_8_2_Colorado2025-greenBox_x015872_y012800
Unknown_Sample,20260226_279_Gen_Alg_10_8_2_Colorado2025-greenBox.czi,Gen_alg,610.26,16397.0,12817.0,30,33,107.94,0.957,20260226_279_Gen_Alg_10_8_2_Colorado2025-greenBox_x016384_y012800
Unknown_Sample,20260226_279_Gen_Alg_10_8_2_Colorado2025-greenBox.czi,Gen_alg,883.83,16450.0,13033.0,37,39,126.33,0.954,20260226_279_Gen_Alg_10_8_2_Colorado2025-greenBox_x016384_y012800
Unknown_Sample,20260226_279_Gen_Alg_10_8_2_Colorado2025-greenBox.czi,Gen_alg,845.74,16591.0,13306.0,35,40,123.74,0.948,20260226_279_Gen_Alg_10_8_2_Colorado2025-greenBox_x016384_y012800
Unknown_Sample,20260226_279_Gen_Alg_10_8_2_Colorado2025-greenBox.czi,Gen_alg,867.29,16471.0,13124.0,37,39,125.74,0.945,20260226_279_Gen_Alg_10_8_2_Colorado2025-greenBox_x016384_y012800
Unknown_Sample,20260226_279_Gen_Alg_10_8_2_Colorado2025-greenBox.czi,Gen_alg,532.53,2610.0,13783.0,30,32,102.43,0.949,20260226_279_Gen_Alg_10_8_2_Colorado2025-greenBox_x002048_y013312
Unknown_Sample,20260226_279_Gen_Alg_10_8_2_Colorado2025-greenBox.czi,Gen_alg,1041.98,2873.0,13658.0,43,40,136.23,0.963,20260226_279_Gen_Alg_10_8_2_Colorado2025-greenBox_x002560_y013312
Unknown_Sample,20260226_279_Gen_Alg_10_8_2_Colorado2025-greenBox.czi,Gen_alg,1154.33,3036.0,13866.0,43,45,145.05,0.96,20260226_279_Gen_Alg_10_8_2_Colorado2025-greenBox_x002560_y013312
Unknown_Sample,20260226_279_Gen_Alg_10_8_2_Colorado2025-greenBox.czi,Gen_alg,532.53,2610.0,13783.0,30,32,102.43,0.948,20260226_279_Gen_Alg_10_8_2_Colorado2025-greenBox_x002560_y013312
Unknown_Sample,20260226_279_Gen_Alg_10_8_2_Colorado2025-greenBox.czi,Gen_alg,928.08,3183.0,13759.0,35,42,133.6,0.948,20260226_279_Gen_Alg_10_8_2_Colorado2025-greenBox_x002560_y013312
Unknown_Sample,20260226_279_Gen_Alg_10_8_2_Colorado2025-greenBox.czi,Gen_alg,1083.15,3185.0,13759.0,44,41,139.64,0.961,20260226_279_Gen_Alg_10_8_2_Colorado2025-greenBox_x003072_y013312
Unknown_Sample,20260226_279_Gen_Alg_10_8_2_Colorado2025-greenBox.czi,Gen_alg,941.16,3412.0,13498.0,40,40,132.57,0.958,20260226_279_Gen_Alg_10_8_2_Colorado2025-greenBox_x003072_y013312
Unknown_Sample,20260226_279_Gen_Alg_10_8_2_Colorado2025-greenBox.czi,Gen_alg,999.65,3689.0,13603.0,42,41,136.23,0.956,20260226_279_Gen_Alg_10_8_2_Colorado2025-greenBox_x003072_y013312
Unknown_Sample,20260226_279_Gen_Alg_10_8_2_Colorado2025-greenBox.czi,Gen_alg,471.74,3702.0,13550.0,21,38,102.28,0.926,20260226_279_Gen_Alg_10_8_2_Colorado2025-greenBox_x003072_y013312
Unknown_Sample,20260226_279_Gen_Alg_10_8_2_Colorado2025-greenBox.czi,Gen_alg,1016.96,4164.0,13592.0,41,41,137.15,0.964,20260226_279_Gen_Alg_10_8_2_Colorado2025-greenBox_x003584_y013312
Unknown_Sample,20260226_279_Gen_Alg_10_8_2_Colorado2025-greenBox.czi,Gen_alg,1053.52,3712.0,13552.0,45,39,138.23,0.963,20260226_279_Gen_Alg_10_8_2_Colorado2025-greenBox_x003584_y013312
Unknown_Sample,20260226_279_Gen_Alg_10_8_2_Colorado2025-greenBox.czi,Gen_alg,826.89,4008.0,13368.0,38,37,123.15,0.961,20260226_279_Gen_Alg_10_8_2_Colorado2025-greenBox_x003584_y013312
Unknown_Sample,20260226_279_Gen_Alg_10_8_2_Colorado2025-greenBox.czi,Gen_alg,988.49,3689.0,13603.0,41,41,134.81,0.96,20260226_279_Gen_Alg_10_8_2_Colorado2025-greenBox_x003584_y013312
Unknown_Sample,20260226_279_Gen_Alg_10_8_2_Colorado2025-greenBox.czi,Gen_alg,994.26,4037.0,13555.0,39,42,134.57,0.959,20260226_279_Gen_Alg_10_8_2_Colorado2025-greenBox_x003584_y013312
Unknown_Sample,20260226_279_Gen_Alg_10_8_2_Colorado2025-greenBox.czi,Gen_alg,1015.81,4164.0,13592.0,41,41,136.57,0.964,20260226_279_Gen_Alg_10_8_2_Colorado2025-greenBox_x004096_y013312
Unknown_Sample,20260226_279_Gen_Alg_10_8_2_Colorado2025-greenBox.czi,Gen_alg,943.86,4539.0,13696.0,40,39,131.15,0.963,20260226_279_Gen_Alg_10_8_2_Colorado2025-greenBox_x004096_y013312
Unknown_Sample,20260226_279_Gen_Alg_10_8_2_Colorado2025-greenBox.czi,Gen_alg,929.62,4256.0,13403.0,40,38,129.74,0.961,20260226_279_Gen_Alg_10_8_2_Colorado2025-greenBox_x004096_y013312
Unknown_Sample,20260226_279_Gen_Alg_10_8_2_Colorado2025-greenBox.czi,Gen_alg,873.83,4704.0,13552.0,38,38,126.33,0.961,20260226_279_Gen_Alg_10_8_2_Colorado2025-greenBox_x004096_y013312
Unknown_Sample,20260226_279_Gen_Alg_10_8_2_Colorado2025-greenBox.czi,Gen_alg,656.04,4478.0,13439.0,32,34,109.84,0.96,20260226_279_Gen_Alg_10_8_2_Colorado2025-greenBox_x004096_y013312
Unknown_Sample,20260226_279_Gen_Alg_10_8_2_Colorado2025-greenBox.czi,Gen_alg,708.76,4525.0,13843.0,31,38,114.08,0.96,20260226_279_Gen_Alg_10_8_2_Colorado2025-greenBox_x004096_y013312
Unknown_Sample,20260226_279_Gen_Alg_10_8_2_Colorado2025-greenBox.czi,Gen_alg,677.98,4398.0,13343.0,34,34,112.08,0.958,20260226_279_Gen_Alg_10_8_2_Colorado2025-greenBox_x004096_y013312
Unknown_Sample,20260226_279_Gen_Alg_10_8_2_Colorado2025-greenBox.czi,Gen_alg,872.67,4704.0,13552.0,38,38,125.74,0.961,20260226_279_Gen_Alg_10_8_2_Colorado2025-greenBox_x004608_y013312
Unknown_Sample,20260226_279_Gen_Alg_10_8_2_Colorado2025-greenBox.czi,Gen_alg,1133.55,5054.0,13738.0,43,44,145.4,0.947,20260226_279_Gen_Alg_10_8_2_Colorado2025-greenBox_x004608_y013312
Unknown_Sample,20260226_279_Gen_Alg_10_8_2_Colorado2025-greenBox.czi,Gen_alg,771.86,5090.0,13719.0,37,36,119.74,0.932,20260226_279_Gen_Alg_10_8_2_Colorado2025-greenBox_x004608_y013312
Unknown_Sample,20260226_279_Gen_Alg_10_8_2_Colorado2025-greenBox.czi,Gen_alg,1042.36,5118.0,13750.0,42,41,139.15,0.93,20260226_279_Gen_Alg_10_8_2_Colorado2025-greenBox_x004608_y013312
Unknown_Sample,20260226_279_Gen_Alg_10_8_2_Colorado2025-greenBox.czi,Gen_alg,387.09,5238.0,13333.0,20,31,90.97,0.926,20260226_279_Gen_Alg_10_8_2_Colorado2025-greenBox_x004608_y013312
Unknown_Sample,20260226_279_Gen_Alg_10_8_2_Colorado2025-greenBox.czi,Gen_alg,317.44,4895.0,13944.0,37,15,90.04,0.885,20260226_279_Gen_Alg_10_8_2_Colorado2025-greenBox_x004608_y013312
Unknown_Sample,20260226_279_Gen_Alg_10_8_2_Colorado2025-greenBox.czi,Gen_alg,561.77,5242.0,13333.0,30,31,102.77,0.962,20260226_279_Gen_Alg_10_8_2_Colorado2025-greenBox_x005120_y013312
Unknown_Sample,20260226_279_Gen_Alg_10_8_2_Colorado2025-greenBox.czi,Gen_alg,804.95,5674.0,13365.0,37,36,122.08,0.961,20260226_279_Gen_Alg_10_8_2_Colorado2025-greenBox_x005120_y013312
Unknown_Sample,20260226_279_Gen_Alg_10_8_2_Colorado2025-greenBox.czi,Gen_alg,814.57,5434.0,13803.0,37,36,120.33,0.961,20260226_279_Gen_Alg_10_8_2_Colorado2025-greenBox_x005120_y013312
Unknown_Sample,20260226_279_Gen_Alg_10_8_2_Colorado2025-greenBox.czi,Gen_alg,459.81,5128.0,13750.0,19,40,104.04,0.954,20260226_279_Gen_Alg_10_8_2_Colorado2025-greenBox_x005120_y013312
Unknown_Sample,20260226_279_Gen_Alg_10_8_2_Colorado2025-greenBox.czi,Gen_alg,788.79,5464.0,13579.0,37,36,120.91,0.952,20260226_279_Gen_Alg_10_8_2_Colorado2025-greenBox_x005120_y013312
Unknown_Sample,20260226_279_Gen_Alg_10_8_2_Colorado2025-greenBox.czi,Gen_alg,365.15,5709.0,13437.0,22,29,83.36,0.946,20260226_279_Gen_Alg_10_8_2_Colorado2025-greenBox_x005120_y013312
Unknown_Sample,20260226_279_Gen_Alg_10_8_2_Colorado2025-greenBox.czi,Gen_alg,843.05,5501.0,13602.0,38,38,125.15,0.942,20260226_279_Gen_Alg_10_8_2_Colorado2025-greenBox_x005120_y013312
Unknown_Sample,20260226_279_Gen_Alg_10_8_2_Colorado2025-greenBox.czi,Gen_alg,769.55,5852.0,13664.0,35,36,119.25,0.962,20260226_279_Gen_Alg_10_8_2_Colorado2025-greenBox_x005632_y013312
Unknown_Sample,20260226_279_Gen_Alg_10_8_2_Colorado2025-greenBox.czi,Gen_alg,804.95,5674.0,13365.0,37,36,122.08,0.961,20260226_279_Gen_Alg_10_8_2_Colorado2025-greenBox_x005632_y013312
Unknown_Sample,20260226_279_Gen_Alg_10_8_2_Colorado2025-greenBox.czi,Gen_alg,961.17,5907.0,13461.0,40,40,132.57,0.961,20260226_279_Gen_Alg_10_8_2_Colorado2025-greenBox_x005632_y013312
Unknown_Sample,20260226_279_Gen_Alg_10_8_2_Colorado2025-greenBox.czi,Gen_alg,903.07,6183.0,13608.0,39,39,129.15,0.961,20260226_279_Gen_Alg_10_8_2_Colorado2025-greenBox_x005632_y013312
Unknown_Sample,20260226_279_Gen_Alg_10_8_2_Colorado2025-greenBox.czi,Gen_alg,428.64,6010.0,13670.0,27,27,89.94,0.953,20260226_279_Gen_Alg_10_8_2_Colorado2025-greenBox_x005632_y013312
Unknown_Sample,20260226_279_Gen_Alg_10_8_2_Colorado2025-greenBox.czi,Gen_alg,365.54,5709.0,13437.0,22,29,83.94,0.946,20260226_279_Gen_Alg_10_8_2_Colorado2025-greenBox_x005632_y013312
Unknown_Sample,20260226_279_Gen_Alg_10_8_2_Colorado2025-greenBox.czi,Gen_alg,636.42,6099.0,13939.0,39,26,115.46,0.928,20260226_279_Gen_Alg_10_8_2_Colorado2025-greenBox_x005632_y013312
Unknown_Sample,20260226_279_Gen_Alg_10_8_2_Colorado2025-greenBox.czi,Gen_alg,815.73,6660.0,13549.0,37,37,121.74,0.962,20260226_279_Gen_Alg_10_8_2_Colorado2025-greenBox_x006144_y013312
Unknown_Sample,20260226_279_Gen_Alg_10_8_2_Colorado2025-greenBox.czi,Gen_alg,903.07,6183.0,13608.0,39,39,129.15,0.961,20260226_279_Gen_Alg_10_8_2_Colorado2025-greenBox_x006144_y013312
Unknown_Sample,20260226_279_Gen_Alg_10_8_2_Colorado2025-greenBox.czi,Gen_alg,913.84,7120.0,13909.0,41,37,129.15,0.964,20260226_279_Gen_Alg_10_8_2_Colorado2025-greenBox_x006656_y013312
Unknown_Sample,20260226_279_Gen_Alg_10_8_2_Colorado2025-greenBox.czi,Gen_alg,920.0,6843.0,13616.0,39,39,129.15,0.964,20260226_279_Gen_Alg_10_8_2_Colorado2025-greenBox_x006656_y013312
Unknown_Sample,20260226_279_Gen_Alg_10_8_2_Colorado2025-greenBox.czi,Gen_alg,1003.11,6972.0,13407.0,41,41,135.98,0.963,20260226_279_Gen_Alg_10_8_2_Colorado2025-greenBox_x006656_y013312
Unknown_Sample,20260226_279_Gen_Alg_10_8_2_Colorado2025-greenBox.czi,Gen_alg,534.07,6665.0,13549.0,23,37,105.46,0.961,20260226_279_Gen_Alg_10_8_2_Colorado2025-greenBox_x006656_y013312
Unknown_Sample,20260226_279_Gen_Alg_10_8_2_Colorado2025-greenBox.czi,Gen_alg,780.33,7671.0,13441.0,37,35,120.08,0.966,20260226_279_Gen_Alg_10_8_2_Colorado2025-greenBox_x007168_y013312
Unknown_Sample,20260226_279_Gen_Alg_10_8_2_Colorado2025-greenBox.czi,Gen_alg,784.56,7745.0,13777.0,37,36,120.33,0.962,20260226_279_Gen_Alg_10_8_2_Colorado2025-greenBox_x007168_y013312
Unknown_Sample,20260226_279_Gen_Alg_10_8_2_Colorado2025-greenBox.czi,Gen_alg,886.91,7636.0,13869.0,40,38,127.98,0.962,20260226_279_Gen_Alg_10_8_2_Colorado2025-greenBox_x007168_y013312
Unknown_Sample,20260226_279_Gen_Alg_10_8_2_Colorado2025-greenBox.czi,Gen_alg,869.21,7635.0,13474.0,38,38,125.15,0.961,20260226_279_Gen_Alg_10_8_2_Colorado2025-greenBox_x007168_y013312
Unknown_Sample,20260226_279_Gen_Alg_10_8_2_Colorado2025-greenBox.czi,Gen_alg,780.33,7310.0,13903.0,36,36,118.91,0.959,20260226_279_Gen_Alg_10_8_2_Colorado2025-greenBox_x007168_y013312
Unknown_Sample,20260226_279_Gen_Alg_10_8_2_Colorado2025-greenBox.czi,Gen_alg,773.79,7911.0,13516.0,35,36,118.67,0.962,20260226_279_Gen_Alg_10_8_2_Colorado2025-greenBox_x007680_y013312
Unknown_Sample,20260226_279_Gen_Alg_10_8_2_Colorado2025-greenBox.czi,Gen_alg,785.71,7745.0,13777.0,37,36,119.74,0.962,20260226_279_Gen_Alg_10_8_2_Colorado2025-greenBox_x007680_y013312
Unknown_Sample,20260226_279_Gen_Alg_10_8_2_Colorado2025-greenBox.czi,Gen_alg,710.68,8074.0,13533.0,34,34,112.67,0.962,20260226_279_Gen_Alg_10_8_2_Colorado2025-greenBox_x007680_y013312
Unknown_Sample,20260226_279_Gen_Alg_10_8_2_Colorado2025-greenBox.czi,Gen_alg,917.69,7836.0,13364.0,39,40,130.81,0.958,20260226_279_Gen_Alg_10_8_2_Colorado2025-greenBox_x007680_y013312
Unknown_Sample,20260226_279_Gen_Alg_10_8_2_Colorado2025-greenBox.czi,Gen_alg,168.92,7684.0,13440.0,11,28,67.56,0.942,20260226_279_Gen_Alg_10_8_2_Colorado2025-greenBox_x007680_y013312
Unknown_Sample,20260226_279_Gen_Alg_10_8_2_Colorado2025-greenBox.czi,Gen_alg,552.15,8245.0,13940.0,38,24,108.87,0.933,20260226_279_Gen_Alg_10_8_2_Colorado2025-greenBox_x007680_y013312
Unknown_Sample,20260226_279_Gen_Alg_10_8_2_Colorado2025-greenBox.czi,Gen_alg,233.17,8313.0,13532.0,13,32,76.63,0.881,20260226_279_Gen_Alg_10_8_2_Colorado2025-greenBox_x007680_y013312
Unknown_Sample,20260226_279_Gen_Alg_10_8_2_Colorado2025-greenBox.czi,Gen_alg,185.85,8314.0,13755.0,12,30,72.38,0.881,20260226_279_Gen_Alg_10_8_2_Colorado2025-greenBox_x007680_y013312
Unknown_Sample,20260226_279_Gen_Alg_10_8_2_Colorado2025-greenBox.czi,Gen_alg,639.88,8322.0,13533.0,32,33,107.84,0.963,20260226_279_Gen_Alg_10_8_2_Colorado2025-greenBox_x008192_y013312
Unknown_Sample,20260226_279_Gen_Alg_10_8_2_Colorado2025-greenBox.czi,Gen_alg,656.04,8324.0,13754.0,34,32,109.84,0.962,20260226_279_Gen_Alg_10_8_2_Colorado2025-greenBox_x008192_y013312
Unknown_Sample,20260226_279_Gen_Alg_10_8_2_Colorado2025-greenBox.czi,Gen_alg,856.9,8809.0,13735.0,37,38,124.33,0.962,20260226_279_Gen_Alg_10_8_2_Colorado2025-greenBox_x008192_y013312
Unknown_Sample,20260226_279_Gen_Alg_10_8_2_Colorado2025-greenBox.czi,Gen_alg,815.34,8636.0,13400.0,37,36,120.33,0.96,20260226_279_Gen_Alg_10_8_2_Colorado2025-greenBox_x008192_y013312
Unknown_Sample,20260226_279_Gen_Alg_10_8_2_Colorado2025-greenBox.czi,Gen_alg,848.43,8408.0,13933.0,37,37,125.84,0.96,20260226_279_Gen_Alg_10_8_2_Colorado2025-greenBox_x008192_y013312
Unknown_Sample,20260226_279_Gen_Alg_10_8_2_Colorado2025-greenBox.czi,Gen_alg,552.15,8245.0,13940.0,38,24,108.87,0.932,20260226_279_Gen_Alg_10_8_2_Colorado2025-greenBox_x008192_y013312
Unknown_Sample,20260226_279_Gen_Alg_10_8_2_Colorado2025-greenBox.czi,Gen_alg,855.36,8809.0,13735.0,37,38,124.33,0.964,20260226_279_Gen_Alg_10_8_2_Colorado2025-greenBox_x008704_y013312
Unknown_Sample,20260226_279_Gen_Alg_10_8_2_Colorado2025-greenBox.czi,Gen_alg,796.49,8880.0,13376.0,38,35,119.74,0.963,20260226_279_Gen_Alg_10_8_2_Colorado2025-greenBox_x008704_y013312
Unknown_Sample,20260226_279_Gen_Alg_10_8_2_Colorado2025-greenBox.czi,Gen_alg,737.62,9164.0,13461.0,34,35,115.84,0.962,20260226_279_Gen_Alg_10_8_2_Colorado2025-greenBox_x008704_y013312
Unknown_Sample,20260226_279_Gen_Alg_10_8_2_Colorado2025-greenBox.czi,Gen_alg,574.86,9226.0,13373.0,30,32,102.43,0.962,20260226_279_Gen_Alg_10_8_2_Colorado2025-greenBox_x008704_y013312
Unknown_Sample,20260226_279_Gen_Alg_10_8_2_Colorado2025-greenBox.czi,Gen_alg,617.95,9065.0,13877.0,32,32,106.43,0.962,20260226_279_Gen_Alg_10_8_2_Colorado2025-greenBox_x008704_y013312
Unknown_Sample,20260226_279_Gen_Alg_10_8_2_Colorado2025-greenBox.czi,Gen_alg,736.85,8953.0,13742.0,35,35,114.33,0.962,20260226_279_Gen_Alg_10_8_2_Colorado2025-greenBox_x008704_y013312
Unknown_Sample,20260226_279_Gen_Alg_10_8_2_Colorado2025-greenBox.czi,Gen_alg,813.03,8893.0,13804.0,37,36,122.67,0.962,20260226_279_Gen_Alg_10_8_2_Colorado2025-greenBox_x008704_y013312
Unknown_Sample,20260226_279_Gen_Alg_10_8_2_Colorado2025-greenBox.czi,Gen_alg,680.67,8922.0,13477.0,35,33,113.84,0.959,20260226_279_Gen_Alg_10_8_2_Colorado2025-greenBox_x008704_y013312
Unknown_Sample,20260226_279_Gen_Alg_10_8_2_Colorado2025-greenBox.czi,Gen_alg,511.37,9227.0,13373.0,26,31,98.87,0.964,20260226_279_Gen_Alg_10_8_2_Colorado2025-greenBox_x009216_y013312
Unknown_Sample,20260226_279_Gen_Alg_10_8_2_Colorado2025-greenBox.czi,Gen_alg,623.34,9590.0,13711.0,34,30,106.43,0.958,20260226_279_Gen_Alg_10_8_2_Colorado2025-greenBox_x009216_y013312
Unknown_Sample,20260226_279_Gen_Alg_10_8_2_Colorado2025-greenBox.czi,Gen_alg,712.61,10033.0,13538.0,36,33,114.08,0.96,20260226_279_Gen_Alg_10_8_2_Colorado2025-greenBox_x009728_y013312
Unknown_Sample,20260226_279_Gen_Alg_10_8_2_Colorado2025-greenBox.czi,Gen_alg,806.11,10019.0,13697.0,36,37,121.5,0.945,20260226_279_Gen_Alg_10_8_2_Colorado2025-greenBox_x009728_y013312
Unknown_Sample,20260226_279_Gen_Alg_10_8_2_Colorado2025-greenBox.czi,Gen_alg,826.12,10029.0,13736.0,37,41,159.98,0.942,20260226_279_Gen_Alg_10_8_2_Colorado2025-greenBox_x009728_y013312
Unknown_Sample,20260226_279_Gen_Alg_10_8_2_Colorado2025-greenBox.czi,Gen_alg,389.01,10358.0,13368.0,20,32,91.21,0.918,20260226_279_Gen_Alg_10_8_2_Colorado2025-greenBox_x009728_y013312
Unknown_Sample,20260226_279_Gen_Alg_10_8_2_Colorado2025-greenBox.czi,Gen_alg,779.94,10445.0,13423.0,36,35,117.5,0.965,20260226_279_Gen_Alg_10_8_2_Colorado2025-greenBox_x010240_y013312
Unknown_Sample,20260226_279_Gen_Alg_10_8_2_Colorado2025-greenBox.czi,Gen_alg,620.64,10363.0,13368.0,33,32,106.67,0.961,20260226_279_Gen_Alg_10_8_2_Colorado2025-greenBox_x010240_y013312
Unknown_Sample,20260226_279_Gen_Alg_10_8_2_Colorado2025-greenBox.czi,Gen_alg,866.13,10512.0,13362.0,38,38,126.33,0.959,20260226_279_Gen_Alg_10_8_2_Colorado2025-greenBox_x010240_y013312
Unknown_Sample,20260226_279_Gen_Alg_10_8_2_Colorado2025-greenBox.czi,Gen_alg,275.12,10873.0,13636.0,15,34,84.04,0.888,20260226_279_Gen_Alg_10_8_2_Colorado2025-greenBox_x010240_y013312
Unknown_Sample,20260226_279_Gen_Alg_10_8_2_Colorado2025-greenBox.czi,Gen_alg,823.04,10924.0,13544.0,37,36,122.67,0.965,20260226_279_Gen_Alg_10_8_2_Colorado2025-greenBox_x010752_y013312
Unknown_Sample,20260226_279_Gen_Alg_10_8_2_Colorado2025-greenBox.czi,Gen_alg,751.08,10977.0,13563.0,36,35,116.91,0.962,20260226_279_Gen_Alg_10_8_2_Colorado2025-greenBox_x010752_y013312
Unknown_Sample,20260226_279_Gen_Alg_10_8_2_Colorado2025-greenBox.czi,Gen_alg,732.23,10882.0,13636.0,35,34,114.67,0.962,20260226_279_Gen_Alg_10_8_2_Colorado2025-greenBox_x010752_y013312
Unknown_Sample,20260226_279_Gen_Alg_10_8_2_Colorado2025-greenBox.czi,Gen_alg,748.78,11298.0,13862.0,35,36,118.08,0.959,20260226_279_Gen_Alg_10_8_2_Colorado2025-greenBox_x010752_y013312
Unknown_Sample,20260226_279_Gen_Alg_10_8_2_Colorado2025-greenBox.czi,Gen_alg,750.31,11298.0,13862.0,35,36,118.08,0.959,20260226_279_Gen_Alg_10_8_2_Colorado2025-greenBox_x011264_y013312
Unknown_Sample,20260226_279_Gen_Alg_10_8_2_Colorado2025-greenBox.czi,Gen_alg,728.77,11786.0,13345.0,35,35,114.91,0.956,20260226_279_Gen_Alg_10_8_2_Colorado2025-greenBox_x011264_y013312
Unknown_Sample,20260226_279_Gen_Alg_10_8_2_Colorado2025-greenBox.czi,Gen_alg,615.64,11742.0,13606.0,32,31,105.6,0.956,20260226_279_Gen_Alg_10_8_2_Colorado2025-greenBox_x011264_y013312
Unknown_Sample,20260226_279_Gen_Alg_10_8_2_Colorado2025-greenBox.czi,Gen_alg,353.61,11896.0,13617.0,16,39,94.87,0.897,20260226_279_Gen_Alg_10_8_2_Colorado2025-greenBox_x011264_y013312
Unknown_Sample,20260226_279_Gen_Alg_10_8_2_Colorado2025-greenBox.czi,Gen_alg,187.77,11898.0,13801.0,11,31,71.8,0.869,20260226_279_Gen_Alg_10_8_2_Colorado2025-greenBox_x011264_y013312
Unknown_Sample,20260226_279_Gen_Alg_10_8_2_Colorado2025-greenBox.czi,Gen_alg,732.61,12279.0,13506.0,34,35,114.08,0.964,20260226_279_Gen_Alg_10_8_2_Colorado2025-greenBox_x011776_y013312
Unknown_Sample,20260226_279_Gen_Alg_10_8_2_Colorado2025-greenBox.czi,Gen_alg,745.31,12358.0,13583.0,36,34,116.67,0.963,20260226_279_Gen_Alg_10_8_2_Colorado2025-greenBox_x011776_y013312
Unknown_Sample,20260226_279_Gen_Alg_10_8_2_Colorado2025-greenBox.czi,Gen_alg,945.4,12218.0,13413.0,40,40,130.81,0.962,20260226_279_Gen_Alg_10_8_2_Colorado2025-greenBox_x011776_y013312
Unknown_Sample,20260226_279_Gen_Alg_10_8_2_Colorado2025-greenBox.czi,Gen_alg,637.58,11788.0,13345.0,29,35,110.53,0.961,20260226_279_Gen_Alg_10_8_2_Colorado2025-greenBox_x011776_y013312
Unknown_Sample,20260226_279_Gen_Alg_10_8_2_Colorado2025-greenBox.czi,Gen_alg,759.55,12276.0,13601.0,36,35,116.91,0.96,20260226_279_Gen_Alg_10_8_2_Colorado2025-greenBox_x011776_y013312
Unknown_Sample,20260226_279_Gen_Alg_10_8_2_Colorado2025-greenBox.czi,Gen_alg,891.14,11906.0,13617.0,38,39,127.74,0.96,20260226_279_Gen_Alg_10_8_2_Colorado2025-greenBox_x011776_y013312
Unknown_Sample,20260226_279_Gen_Alg_10_8_2_Colorado2025-greenBox.czi,Gen_alg,676.82,11908.0,13801.0,33,34,110.67,0.958,20260226_279_Gen_Alg_10_8_2_Colorado2025-greenBox_x011776_y013312
Unknown_Sample,20260226_279_Gen_Alg_10_8_2_Colorado2025-greenBox.czi,Gen_alg,505.98,12107.0,13564.0,32,27,99.36,0.955,20260226_279_Gen_Alg_10_8_2_Colorado2025-greenBox_x011776_y013312
Unknown_Sample,20260226_279_Gen_Alg_10_8_2_Colorado2025-greenBox.czi,Gen_alg,746.85,12358.0,13583.0,36,34,116.67,0.963,20260226_279_Gen_Alg_10_8_2_Colorado2025-greenBox_x012288_y013312
Unknown_Sample,20260226_279_Gen_Alg_10_8_2_Colorado2025-greenBox.czi,Gen_alg,584.86,12773.0,13796.0,30,32,102.43,0.96,20260226_279_Gen_Alg_10_8_2_Colorado2025-greenBox_x012288_y013312
Unknown_Sample,20260226_279_Gen_Alg_10_8_2_Colorado2025-greenBox.czi,Gen_alg,571.39,12553.0,13504.0,31,30,101.01,0.96,20260226_279_Gen_Alg_10_8_2_Colorado2025-greenBox_x012288_y013312
Unknown_Sample,20260226_279_Gen_Alg_10_8_2_Colorado2025-greenBox.czi,Gen_alg,146.6,12291.0,13505.0,10,30,68.38,0.928,20260226_279_Gen_Alg_10_8_2_Colorado2025-greenBox_x012288_y013312
Unknown_Sample,20260226_279_Gen_Alg_10_8_2_Colorado2025-greenBox.czi,Gen_alg,690.29,13236.0,13885.0,33,34,111.25,0.963,20260226_279_Gen_Alg_10_8_2_Colorado2025-greenBox_x012800_y013312
Unknown_Sample,20260226_279_Gen_Alg_10_8_2_Colorado2025-greenBox.czi,Gen_alg,819.96,13030.0,13543.0,37,37,122.33,0.961,20260226_279_Gen_Alg_10_8_2_Colorado2025-greenBox_x012800_y013312
Unknown_Sample,20260226_279_Gen_Alg_10_8_2_Colorado2025-greenBox.czi,Gen_alg,531.38,13024.0,13450.0,29,30,98.18,0.957,20260226_279_Gen_Alg_10_8_2_Colorado2025-greenBox_x012800_y013312
Unknown_Sample,20260226_279_Gen_Alg_10_8_2_Colorado2025-greenBox.czi,Gen_alg,702.6,12983.0,13706.0,34,35,114.08,0.954,20260226_279_Gen_Alg_10_8_2_Colorado2025-greenBox_x012800_y013312
Unknown_Sample,20260226_279_Gen_Alg_10_8_2_Colorado2025-greenBox.czi,Gen_alg,287.04,13273.0,13512.0,23,23,75.11,0.936,20260226_279_Gen_Alg_10_8_2_Colorado2025-greenBox_x012800_y013312
Unknown_Sample,20260226_279_Gen_Alg_10_8_2_Colorado2025-greenBox.czi,Gen_alg,762.63,13764.0,13882.0,35,37,118.91,0.963,20260226_279_Gen_Alg_10_8_2_Colorado2025-greenBox_x013312_y013312
Unknown_Sample,20260226_279_Gen_Alg_10_8_2_Colorado2025-greenBox.czi,Gen_alg,796.49,13689.0,13348.0,36,38,121.74,0.956,20260226_279_Gen_Alg_10_8_2_Colorado2025-greenBox_x013312_y013312
Unknown_Sample,20260226_279_Gen_Alg_10_8_2_Colorado2025-greenBox.czi,Gen_alg,242.79,14457.0,13328.0,14,30,76.38,0.882,20260226_279_Gen_Alg_10_8_2_Colorado2025-greenBox_x013824_y013312
Unknown_Sample,20260226_279_Gen_Alg_10_8_2_Colorado2025-greenBox.czi,Gen_alg,627.96,14539.0,13421.0,31,32,106.77,0.962,20260226_279_Gen_Alg_10_8_2_Colorado2025-greenBox_x014336_y013312
Unknown_Sample,20260226_279_Gen_Alg_10_8_2_Colorado2025-greenBox.czi,Gen_alg,811.88,14629.0,13537.0,35,39,122.91,0.961,20260226_279_Gen_Alg_10_8_2_Colorado2025-greenBox_x014336_y013312
Unknown_Sample,20260226_279_Gen_Alg_10_8_2_Colorado2025-greenBox.czi,Gen_alg,625.65,14465.0,13328.0,32,33,107.25,0.957,20260226_279_Gen_Alg_10_8_2_Colorado2025-greenBox_x014336_y013312
Unknown_Sample,20260226_279_Gen_Alg_10_8_2_Colorado2025-greenBox.czi,Gen_alg,560.62,14961.0,13920.0,29,30,102.87,0.95,20260226_279_Gen_Alg_10_8_2_Colorado2025-greenBox_x014336_y013312
Unknown_Sample,20260226_279_Gen_Alg_10_8_2_Colorado2025-greenBox.czi,Gen_alg,369.77,14835.0,13547.0,26,26,86.53,0.94,20260226_279_Gen_Alg_10_8_2_Colorado2025-greenBox_x014336_y013312
Unknown_Sample,20260226_279_Gen_Alg_10_8_2_Colorado2025-greenBox.czi,Gen_alg,815.34,15230.0,13441.0,36,37,122.33,0.962,20260226_279_Gen_Alg_10_8_2_Colorado2025-greenBox_x014848_y013312
Unknown_Sample,20260226_279_Gen_Alg_10_8_2_Colorado2025-greenBox.czi,Gen_alg,602.18,14962.0,13920.0,33,30,105.01,0.962,20260226_279_Gen_Alg_10_8_2_Colorado2025-greenBox_x014848_y013312
Unknown_Sample,20260226_279_Gen_Alg_10_8_2_Colorado2025-greenBox.czi,Gen_alg,741.46,14991.0,13859.0,34,36,116.67,0.961,20260226_279_Gen_Alg_10_8_2_Colorado2025-greenBox_x014848_y013312
Unknown_Sample,20260226_279_Gen_Alg_10_8_2_Colorado2025-greenBox.czi,Gen_alg,829.96,15257.0,13821.0,37,37,123.5,0.961,20260226_279_Gen_Alg_10_8_2_Colorado2025-greenBox_x014848_y013312
Unknown_Sample,20260226_279_Gen_Alg_10_8_2_Colorado2025-greenBox.czi,Gen_alg,714.53,15115.0,13599.0,36,34,114.33,0.952,20260226_279_Gen_Alg_10_8_2_Colorado2025-greenBox_x014848_y013312
Unknown_Sample,20260226_279_Gen_Alg_10_8_2_Colorado2025-greenBox.czi,Gen_alg,624.11,15504.0,13716.0,33,31,106.43,0.959,20260226_279_Gen_Alg_10_8_2_Colorado2025-greenBox_x015360_y013312
Unknown_Sample,20260226_279_Gen_Alg_10_8_2_Colorado2025-greenBox.czi,Gen_alg,810.72,15620.0,13695.0,38,35,121.5,0.956,20260226_279_Gen_Alg_10_8_2_Colorado2025-greenBox_x015360_y013312
Unknown_Sample,20260226_279_Gen_Alg_10_8_2_Colorado2025-greenBox.czi,Gen_alg,636.81,15908.0,13476.0,33,32,107.84,0.955,20260226_279_Gen_Alg_10_8_2_Colorado2025-greenBox_x015360_y013312
Unknown_Sample,20260226_279_Gen_Alg_10_8_2_Colorado2025-greenBox.czi,Gen_alg,189.69,15659.0,13316.0,30,12,72.38,0.943,20260226_279_Gen_Alg_10_8_2_Colorado2025-greenBox_x015360_y013312
Unknown_Sample,20260226_279_Gen_Alg_10_8_2_Colorado2025-greenBox.czi,Gen_alg,262.03,15564.0,13317.0,32,15,80.04,0.941,20260226_279_Gen_Alg_10_8_2_Colorado2025-greenBox_x015360_y013312
Unknown_Sample,20260226_279_Gen_Alg_10_8_2_Colorado2025-greenBox.czi,Gen_alg,311.28,15960.0,13945.0,39,14,93.21,0.885,20260226_279_Gen_Alg_10_8_2_Colorado2025-greenBox_x015360_y013312
Unknown_Sample,20260226_279_Gen_Alg_10_8_2_Colorado2025-greenBox.czi,Gen_alg,719.53,16067.0,13773.0,36,33,115.25,0.96,20260226_279_Gen_Alg_10_8_2_Colorado2025-greenBox_x015872_y013312
Unknown_Sample,20260226_279_Gen_Alg_10_8_2_Colorado2025-greenBox.czi,Gen_alg,533.3,16239.0,13574.0,31,29,98.43,0.956,20260226_279_Gen_Alg_10_8_2_Colorado2025-greenBox_x015872_y013312
Unknown_Sample,20260226_279_Gen_Alg_10_8_2_Colorado2025-greenBox.czi,Gen_alg,724.53,16129.0,13399.0,36,33,114.67,0.956,20260226_279_Gen_Alg_10_8_2_Colorado2025-greenBox_x015872_y013312
Unknown_Sample,20260226_279_Gen_Alg_10_8_2_Colorado2025-greenBox.czi,Gen_alg,631.03,15908.0,13476.0,33,32,108.43,0.955,20260226_279_Gen_Alg_10_8_2_Colorado2025-greenBox_x015872_y013312
Unknown_Sample,20260226_279_Gen_Alg_10_8_2_Colorado2025-greenBox.czi,Gen_alg,384.39,16319.0,13524.0,28,23,84.53,0.945,20260226_279_Gen_Alg_10_8_2_Colorado2025-greenBox_x015872_y013312
Unknown_Sample,20260226_279_Gen_Alg_10_8_2_Colorado2025-greenBox.czi,Gen_alg,493.67,16257.0,13471.0,29,29,96.18,0.944,20260226_279_Gen_Alg_10_8_2_Colorado2025-greenBox_x015872_y013312
Unknown_Sample,20260226_279_Gen_Alg_10_8_2_Colorado2025-greenBox.czi,Gen_alg,311.28,15960.0,13945.0,39,14,93.21,0.886,20260226_279_Gen_Alg_10_8_2_Colorado2025-greenBox_x015872_y013312
Unknown_Sample,20260226_279_Gen_Alg_10_8_2_Colorado2025-greenBox.czi,Gen_alg,288.97,16591.0,13318.0,35,15,86.04,0.916,20260226_279_Gen_Alg_10_8_2_Colorado2025-greenBox_x016384_y013312
Unknown_Sample,20260226_279_Gen_Alg_10_8_2_Colorado2025-greenBox.czi,Gen_alg,1155.1,3036.0,13866.0,43,45,145.05,0.96,20260226_279_Gen_Alg_10_8_2_Colorado2025-greenBox_x002560_y013824
Unknown_Sample,20260226_279_Gen_Alg_10_8_2_Colorado2025-greenBox.czi,Gen_alg,911.92,2913.0,14087.0,40,38,129.74,0.96,20260226_279_Gen_Alg_10_8_2_Colorado2025-greenBox_x002560_y013824
Unknown_Sample,20260226_279_Gen_Alg_10_8_2_Colorado2025-greenBox.czi,Gen_alg,446.73,3039.0,13958.0,24,32,93.36,0.951,20260226_279_Gen_Alg_10_8_2_Colorado2025-greenBox_x002560_y013824
Unknown_Sample,20260226_279_Gen_Alg_10_8_2_Colorado2025-greenBox.czi,Gen_alg,1107.0,3288.0,14085.0,42,43,141.98,0.968,20260226_279_Gen_Alg_10_8_2_Colorado2025-greenBox_x003072_y013824
Unknown_Sample,20260226_279_Gen_Alg_10_8_2_Colorado2025-greenBox.czi,Gen_alg,1021.58,3675.0,14223.0,41,41,135.98,0.963,20260226_279_Gen_Alg_10_8_2_Colorado2025-greenBox_x003072_y013824
Unknown_Sample,20260226_279_Gen_Alg_10_8_2_Colorado2025-greenBox.czi,Gen_alg,950.4,3959.0,14186.0,38,42,130.23,0.965,20260226_279_Gen_Alg_10_8_2_Colorado2025-greenBox_x003584_y013824
Unknown_Sample,20260226_279_Gen_Alg_10_8_2_Colorado2025-greenBox.czi,Gen_alg,944.24,3902.0,14074.0,40,38,130.91,0.963,20260226_279_Gen_Alg_10_8_2_Colorado2025-greenBox_x003584_y013824
Unknown_Sample,20260226_279_Gen_Alg_10_8_2_Colorado2025-greenBox.czi,Gen_alg,1021.58,3675.0,14223.0,41,41,135.98,0.963,20260226_279_Gen_Alg_10_8_2_Colorado2025-greenBox_x003584_y013824
Unknown_Sample,20260226_279_Gen_Alg_10_8_2_Colorado2025-greenBox.czi,Gen_alg,1013.12,4432.0,14356.0,41,42,136.81,0.964,20260226_279_Gen_Alg_10_8_2_Colorado2025-greenBox_x004096_y013824
Unknown_Sample,20260226_279_Gen_Alg_10_8_2_Colorado2025-greenBox.czi,Gen_alg,791.49,4254.0,14284.0,36,36,119.5,0.963,20260226_279_Gen_Alg_10_8_2_Colorado2025-greenBox_x004096_y013824
Unknown_Sample,20260226_279_Gen_Alg_10_8_2_Colorado2025-greenBox.czi,Gen_alg,925.77,4488.0,14127.0,37,42,129.4,0.963,20260226_279_Gen_Alg_10_8_2_Colorado2025-greenBox_x004096_y013824
Unknown_Sample,20260226_279_Gen_Alg_10_8_2_Colorado2025-greenBox.czi,Gen_alg,715.68,4525.0,13843.0,31,38,115.25,0.958,20260226_279_Gen_Alg_10_8_2_Colorado2025-greenBox_x004096_y013824
Unknown_Sample,20260226_279_Gen_Alg_10_8_2_Colorado2025-greenBox.czi,Gen_alg,757.63,4763.0,14114.0,35,36,118.67,0.961,20260226_279_Gen_Alg_10_8_2_Colorado2025-greenBox_x004608_y013824
Unknown_Sample,20260226_279_Gen_Alg_10_8_2_Colorado2025-greenBox.czi,Gen_alg,864.21,4895.0,13954.0,38,38,126.91,0.961,20260226_279_Gen_Alg_10_8_2_Colorado2025-greenBox_x004608_y013824
Unknown_Sample,20260226_279_Gen_Alg_10_8_2_Colorado2025-greenBox.czi,Gen_alg,562.16,5096.0,14249.0,31,29,101.36,0.956,20260226_279_Gen_Alg_10_8_2_Colorado2025-greenBox_x004608_y013824
Unknown_Sample,20260226_279_Gen_Alg_10_8_2_Colorado2025-greenBox.czi,Gen_alg,994.26,5333.0,14072.0,41,40,134.57,0.96,20260226_279_Gen_Alg_10_8_2_Colorado2025-greenBox_x005120_y013824
Unknown_Sample,20260226_279_Gen_Alg_10_8_2_Colorado2025-greenBox.czi,Gen_alg,819.19,5560.0,14399.0,38,37,124.33,0.958,20260226_279_Gen_Alg_10_8_2_Colorado2025-greenBox_x005120_y013824
Unknown_Sample,20260226_279_Gen_Alg_10_8_2_Colorado2025-greenBox.czi,Gen_alg,397.09,5733.0,13962.0,27,25,87.11,0.947,20260226_279_Gen_Alg_10_8_2_Colorado2025-greenBox_x005120_y013824
Unknown_Sample,20260226_279_Gen_Alg_10_8_2_Colorado2025-greenBox.czi,Gen_alg,891.53,6198.0,14269.0,38,39,127.15,0.959,20260226_279_Gen_Alg_10_8_2_Colorado2025-greenBox_x005632_y013824
Unknown_Sample,20260226_279_Gen_Alg_10_8_2_Colorado2025-greenBox.czi,Gen_alg,962.33,6100.0,14017.0,39,40,132.33,0.956,20260226_279_Gen_Alg_10_8_2_Colorado2025-greenBox_x005632_y013824
Unknown_Sample,20260226_279_Gen_Alg_10_8_2_Colorado2025-greenBox.czi,Gen_alg,946.94,6099.0,13945.0,40,40,131.98,0.954,20260226_279_Gen_Alg_10_8_2_Colorado2025-greenBox_x005632_y013824
Unknown_Sample,20260226_279_Gen_Alg_10_8_2_Colorado2025-greenBox.czi,Gen_alg,773.02,6132.0,14115.0,36,37,117.98,0.952,20260226_279_Gen_Alg_10_8_2_Colorado2025-greenBox_x005632_y013824
Unknown_Sample,20260226_279_Gen_Alg_10_8_2_Colorado2025-greenBox.czi,Gen_alg,397.09,5733.0,13962.0,27,25,87.11,0.947,20260226_279_Gen_Alg_10_8_2_Colorado2025-greenBox_x005632_y013824
Unknown_Sample,20260226_279_Gen_Alg_10_8_2_Colorado2025-greenBox.czi,Gen_alg,1007.35,6536.0,14283.0,40,41,134.57,0.966,20260226_279_Gen_Alg_10_8_2_Colorado2025-greenBox_x006144_y013824
Unknown_Sample,20260226_279_Gen_Alg_10_8_2_Colorado2025-greenBox.czi,Gen_alg,890.37,6198.0,14269.0,38,39,127.74,0.959,20260226_279_Gen_Alg_10_8_2_Colorado2025-greenBox_x006144_y013824
Unknown_Sample,20260226_279_Gen_Alg_10_8_2_Colorado2025-greenBox.czi,Gen_alg,913.84,7120.0,13909.0,41,37,129.15,0.965,20260226_279_Gen_Alg_10_8_2_Colorado2025-greenBox_x006656_y013824
Unknown_Sample,20260226_279_Gen_Alg_10_8_2_Colorado2025-greenBox.czi,Gen_alg,678.36,7109.0,14163.0,32,36,112.67,0.96,20260226_279_Gen_Alg_10_8_2_Colorado2025-greenBox_x006656_y013824
Unknown_Sample,20260226_279_Gen_Alg_10_8_2_Colorado2025-greenBox.czi,Gen_alg,787.64,7377.0,14134.0,36,36,120.67,0.964,20260226_279_Gen_Alg_10_8_2_Colorado2025-greenBox_x007168_y013824
Unknown_Sample,20260226_279_Gen_Alg_10_8_2_Colorado2025-greenBox.czi,Gen_alg,887.68,7636.0,13869.0,40,38,127.98,0.962,20260226_279_Gen_Alg_10_8_2_Colorado2025-greenBox_x007168_y013824
Unknown_Sample,20260226_279_Gen_Alg_10_8_2_Colorado2025-greenBox.czi,Gen_alg,532.53,7737.0,14059.0,29,30,98.77,0.96,20260226_279_Gen_Alg_10_8_2_Colorado2025-greenBox_x007168_y013824
Unknown_Sample,20260226_279_Gen_Alg_10_8_2_Colorado2025-greenBox.czi,Gen_alg,779.56,7310.0,13903.0,36,36,118.91,0.959,20260226_279_Gen_Alg_10_8_2_Colorado2025-greenBox_x007168_y013824
Unknown_Sample,20260226_279_Gen_Alg_10_8_2_Colorado2025-greenBox.czi,Gen_alg,944.24,7322.0,14250.0,39,40,131.74,0.957,20260226_279_Gen_Alg_10_8_2_Colorado2025-greenBox_x007168_y013824
Unknown_Sample,20260226_279_Gen_Alg_10_8_2_Colorado2025-greenBox.czi,Gen_alg,771.86,8071.0,14258.0,37,34,118.08,0.967,20260226_279_Gen_Alg_10_8_2_Colorado2025-greenBox_x007680_y013824
Unknown_Sample,20260226_279_Gen_Alg_10_8_2_Colorado2025-greenBox.czi,Gen_alg,838.81,8246.0,13946.0,38,36,122.91,0.964,20260226_279_Gen_Alg_10_8_2_Colorado2025-greenBox_x007680_y013824
Unknown_Sample,20260226_279_Gen_Alg_10_8_2_Colorado2025-greenBox.czi,Gen_alg,953.48,8192.0,14298.0,40,40,131.4,0.964,20260226_279_Gen_Alg_10_8_2_Colorado2025-greenBox_x007680_y013824
Unknown_Sample,20260226_279_Gen_Alg_10_8_2_Colorado2025-greenBox.czi,Gen_alg,532.53,7737.0,14059.0,29,30,98.77,0.96,20260226_279_Gen_Alg_10_8_2_Colorado2025-greenBox_x007680_y013824
Unknown_Sample,20260226_279_Gen_Alg_10_8_2_Colorado2025-greenBox.czi,Gen_alg,838.81,8246.0,13946.0,38,36,122.91,0.964,20260226_279_Gen_Alg_10_8_2_Colorado2025-greenBox_x008192_y013824
Unknown_Sample,20260226_279_Gen_Alg_10_8_2_Colorado2025-greenBox.czi,Gen_alg,855.74,8408.0,13933.0,38,37,124.91,0.963,20260226_279_Gen_Alg_10_8_2_Colorado2025-greenBox_x008192_y013824
Unknown_Sample,20260226_279_Gen_Alg_10_8_2_Colorado2025-greenBox.czi,Gen_alg,480.2,8200.0,14298.0,20,40,104.28,0.957,20260226_279_Gen_Alg_10_8_2_Colorado2025-greenBox_x008192_y013824
Unknown_Sample,20260226_279_Gen_Alg_10_8_2_Colorado2025-greenBox.czi,Gen_alg,910.38,9071.0,14144.0,40,38,128.57,0.964,20260226_279_Gen_Alg_10_8_2_Colorado2025-greenBox_x008704_y013824
Unknown_Sample,20260226_279_Gen_Alg_10_8_2_Colorado2025-greenBox.czi,Gen_alg,616.41,8899.0,13980.0,34,30,106.43,0.963,20260226_279_Gen_Alg_10_8_2_Colorado2025-greenBox_x008704_y013824
Unknown_Sample,20260226_279_Gen_Alg_10_8_2_Colorado2025-greenBox.czi,Gen_alg,617.95,9065.0,13877.0,32,32,106.43,0.962,20260226_279_Gen_Alg_10_8_2_Colorado2025-greenBox_x008704_y013824
Unknown_Sample,20260226_279_Gen_Alg_10_8_2_Colorado2025-greenBox.czi,Gen_alg,940.78,9314.0,14287.0,39,39,130.33,0.962,20260226_279_Gen_Alg_10_8_2_Colorado2025-greenBox_x008704_y013824
Unknown_Sample,20260226_279_Gen_Alg_10_8_2_Colorado2025-greenBox.czi,Gen_alg,795.33,9132.0,14175.0,36,36,119.5,0.961,20260226_279_Gen_Alg_10_8_2_Colorado2025-greenBox_x008704_y013824
Unknown_Sample,20260226_279_Gen_Alg_10_8_2_Colorado2025-greenBox.czi,Gen_alg,862.67,9081.0,14412.0,39,37,124.57,0.96,20260226_279_Gen_Alg_10_8_2_Colorado2025-greenBox_x008704_y013824
Unknown_Sample,20260226_279_Gen_Alg_10_8_2_Colorado2025-greenBox.czi,Gen_alg,890.37,9591.0,14100.0,38,39,127.74,0.965,20260226_279_Gen_Alg_10_8_2_Colorado2025-greenBox_x009216_y013824
Unknown_Sample,20260226_279_Gen_Alg_10_8_2_Colorado2025-greenBox.czi,Gen_alg,1021.58,9508.0,14421.0,41,41,134.81,0.963,20260226_279_Gen_Alg_10_8_2_Colorado2025-greenBox_x009216_y013824
Unknown_Sample,20260226_279_Gen_Alg_10_8_2_Colorado2025-greenBox.czi,Gen_alg,651.43,9832.0,14420.0,33,32,109.01,0.963,20260226_279_Gen_Alg_10_8_2_Colorado2025-greenBox_x009216_y013824
Unknown_Sample,20260226_279_Gen_Alg_10_8_2_Colorado2025-greenBox.czi,Gen_alg,941.55,9314.0,14287.0,39,39,130.33,0.962,20260226_279_Gen_Alg_10_8_2_Colorado2025-greenBox_x009216_y013824
Unknown_Sample,20260226_279_Gen_Alg_10_8_2_Colorado2025-greenBox.czi,Gen_alg,738.77,9786.0,14048.0,36,34,114.91,0.959,20260226_279_Gen_Alg_10_8_2_Colorado2025-greenBox_x009216_y013824
Unknown_Sample,20260226_279_Gen_Alg_10_8_2_Colorado2025-greenBox.czi,Gen_alg,647.96,9832.0,14420.0,33,32,109.6,0.964,20260226_279_Gen_Alg_10_8_2_Colorado2025-greenBox_x009728_y013824
Unknown_Sample,20260226_279_Gen_Alg_10_8_2_Colorado2025-greenBox.czi,Gen_alg,738.77,9786.0,14048.0,36,34,114.91,0.959,20260226_279_Gen_Alg_10_8_2_Colorado2025-greenBox_x009728_y013824
Unknown_Sample,20260226_279_Gen_Alg_10_8_2_Colorado2025-greenBox.czi,Gen_alg,924.62,10024.0,14387.0,39,39,129.15,0.958,20260226_279_Gen_Alg_10_8_2_Colorado2025-greenBox_x009728_y013824
Unknown_Sample,20260226_279_Gen_Alg_10_8_2_Colorado2025-greenBox.czi,Gen_alg,592.94,10225.0,14047.0,32,30,104.18,0.957,20260226_279_Gen_Alg_10_8_2_Colorado2025-greenBox_x009728_y013824
Unknown_Sample,20260226_279_Gen_Alg_10_8_2_Colorado2025-greenBox.czi,Gen_alg,676.05,10225.0,14370.0,34,34,123.5,0.928,20260226_279_Gen_Alg_10_8_2_Colorado2025-greenBox_x009728_y013824
Unknown_Sample,20260226_279_Gen_Alg_10_8_2_Colorado2025-greenBox.czi,Gen_alg,309.75,10202.0,14349.0,24,21,77.21,0.914,20260226_279_Gen_Alg_10_8_2_Colorado2025-greenBox_x009728_y013824
Unknown_Sample,20260226_279_Gen_Alg_10_8_2_Colorado2025-greenBox.czi,Gen_alg,297.05,10226.0,14344.0,23,22,74.28,0.891,20260226_279_Gen_Alg_10_8_2_Colorado2025-greenBox_x009728_y013824
Unknown_Sample,20260226_279_Gen_Alg_10_8_2_Colorado2025-greenBox.czi,Gen_alg,904.99,10560.0,14191.0,39,39,128.57,0.966,20260226_279_Gen_Alg_10_8_2_Colorado2025-greenBox_x010240_y013824
Unknown_Sample,20260226_279_Gen_Alg_10_8_2_Colorado2025-greenBox.czi,Gen_alg,589.09,10555.0,14408.0,33,30,103.84,0.962,20260226_279_Gen_Alg_10_8_2_Colorado2025-greenBox_x010240_y013824
Unknown_Sample,20260226_279_Gen_Alg_10_8_2_Colorado2025-greenBox.czi,Gen_alg,649.5,10384.0,14378.0,33,32,108.43,0.962,20260226_279_Gen_Alg_10_8_2_Colorado2025-greenBox_x010240_y013824
Unknown_Sample,20260226_279_Gen_Alg_10_8_2_Colorado2025-greenBox.czi,Gen_alg,821.88,10694.0,14413.0,37,37,122.91,0.962,20260226_279_Gen_Alg_10_8_2_Colorado2025-greenBox_x010240_y013824
Unknown_Sample,20260226_279_Gen_Alg_10_8_2_Colorado2025-greenBox.czi,Gen_alg,600.25,10601.0,14285.0,33,30,105.6,0.962,20260226_279_Gen_Alg_10_8_2_Colorado2025-greenBox_x010240_y013824
Unknown_Sample,20260226_279_Gen_Alg_10_8_2_Colorado2025-greenBox.czi,Gen_alg,839.58,10473.0,14229.0,38,37,124.91,0.961,20260226_279_Gen_Alg_10_8_2_Colorado2025-greenBox_x010240_y013824
Unknown_Sample,20260226_279_Gen_Alg_10_8_2_Colorado2025-greenBox.czi,Gen_alg,803.8,10844.0,14178.0,36,37,120.33,0.958,20260226_279_Gen_Alg_10_8_2_Colorado2025-greenBox_x010240_y013824
Unknown_Sample,20260226_279_Gen_Alg_10_8_2_Colorado2025-greenBox.czi,Gen_alg,715.3,10379.0,14065.0,34,35,114.67,0.956,20260226_279_Gen_Alg_10_8_2_Colorado2025-greenBox_x010240_y013824
Unknown_Sample,20260226_279_Gen_Alg_10_8_2_Colorado2025-greenBox.czi,Gen_alg,755.7,11279.0,14039.0,36,35,118.08,0.963,20260226_279_Gen_Alg_10_8_2_Colorado2025-greenBox_x010752_y013824
Unknown_Sample,20260226_279_Gen_Alg_10_8_2_Colorado2025-greenBox.czi,Gen_alg,747.24,11298.0,13862.0,35,36,118.08,0.959,20260226_279_Gen_Alg_10_8_2_Colorado2025-greenBox_x010752_y013824
Unknown_Sample,20260226_279_Gen_Alg_10_8_2_Colorado2025-greenBox.czi,Gen_alg,804.95,10844.0,14178.0,36,37,120.91,0.958,20260226_279_Gen_Alg_10_8_2_Colorado2025-greenBox_x010752_y013824
Unknown_Sample,20260226_279_Gen_Alg_10_8_2_Colorado2025-greenBox.czi,Gen_alg,494.44,11378.0,14017.0,27,29,95.7,0.942,20260226_279_Gen_Alg_10_8_2_Colorado2025-greenBox_x010752_y013824
Unknown_Sample,20260226_279_Gen_Alg_10_8_2_Colorado2025-greenBox.czi,Gen_alg,777.25,11593.0,14337.0,36,36,120.08,0.964,20260226_279_Gen_Alg_10_8_2_Colorado2025-greenBox_x011264_y013824
Unknown_Sample,20260226_279_Gen_Alg_10_8_2_Colorado2025-greenBox.czi,Gen_alg,738.39,11279.0,14039.0,34,35,118.18,0.963,20260226_279_Gen_Alg_10_8_2_Colorado2025-greenBox_x011264_y013824
Unknown_Sample,20260226_279_Gen_Alg_10_8_2_Colorado2025-greenBox.czi,Gen_alg,811.88,11563.0,14280.0,37,36,120.91,0.96,20260226_279_Gen_Alg_10_8_2_Colorado2025-greenBox_x011264_y013824
Unknown_Sample,20260226_279_Gen_Alg_10_8_2_Colorado2025-greenBox.czi,Gen_alg,748.78,11298.0,13862.0,35,36,118.08,0.959,20260226_279_Gen_Alg_10_8_2_Colorado2025-greenBox_x011264_y013824
Unknown_Sample,20260226_279_Gen_Alg_10_8_2_Colorado2025-greenBox.czi,Gen_alg,521.37,11378.0,14017.0,29,30,98.18,0.959,20260226_279_Gen_Alg_10_8_2_Colorado2025-greenBox_x011264_y013824
Unknown_Sample,20260226_279_Gen_Alg_10_8_2_Colorado2025-greenBox.czi,Gen_alg,646.81,11944.0,14119.0,33,32,109.01,0.961,20260226_279_Gen_Alg_10_8_2_Colorado2025-greenBox_x011776_y013824
Unknown_Sample,20260226_279_Gen_Alg_10_8_2_Colorado2025-greenBox.czi,Gen_alg,690.29,13236.0,13885.0,33,34,111.25,0.963,20260226_279_Gen_Alg_10_8_2_Colorado2025-greenBox_x012800_y013824
Unknown_Sample,20260226_279_Gen_Alg_10_8_2_Colorado2025-greenBox.czi,Gen_alg,914.23,13164.0,14322.0,39,39,128.57,0.96,20260226_279_Gen_Alg_10_8_2_Colorado2025-greenBox_x012800_y013824
Unknown_Sample,20260226_279_Gen_Alg_10_8_2_Colorado2025-greenBox.czi,Gen_alg,522.53,12947.0,14247.0,25,35,99.6,0.952,20260226_279_Gen_Alg_10_8_2_Colorado2025-greenBox_x012800_y013824
Unknown_Sample,20260226_279_Gen_Alg_10_8_2_Colorado2025-greenBox.czi,Gen_alg,838.04,13608.0,14058.0,37,38,122.57,0.963,20260226_279_Gen_Alg_10_8_2_Colorado2025-greenBox_x013312_y013824
Unknown_Sample,20260226_279_Gen_Alg_10_8_2_Colorado2025-greenBox.czi,Gen_alg,760.7,13764.0,13882.0,35,37,118.33,0.962,20260226_279_Gen_Alg_10_8_2_Colorado2025-greenBox_x013312_y013824
Unknown_Sample,20260226_279_Gen_Alg_10_8_2_Colorado2025-greenBox.czi,Gen_alg,811.88,13650.0,14047.0,38,36,122.91,0.954,20260226_279_Gen_Alg_10_8_2_Colorado2025-greenBox_x013312_y013824
Unknown_Sample,20260226_279_Gen_Alg_10_8_2_Colorado2025-greenBox.czi,Gen_alg,717.61,14073.0,14031.0,34,34,113.84,0.96,20260226_279_Gen_Alg_10_8_2_Colorado2025-greenBox_x013824_y013824
Unknown_Sample,20260226_279_Gen_Alg_10_8_2_Colorado2025-greenBox.czi,Gen_alg,795.33,14291.0,14412.0,35,38,121.5,0.959,20260226_279_Gen_Alg_10_8_2_Colorado2025-greenBox_x013824_y013824
Unknown_Sample,20260226_279_Gen_Alg_10_8_2_Colorado2025-greenBox.czi,Gen_alg,816.11,14227.0,14234.0,36,39,123.15,0.952,20260226_279_Gen_Alg_10_8_2_Colorado2025-greenBox_x013824_y013824
Unknown_Sample,20260226_279_Gen_Alg_10_8_2_Colorado2025-greenBox.czi,Gen_alg,715.68,14479.0,14148.0,34,36,114.91,0.959,20260226_279_Gen_Alg_10_8_2_Colorado2025-greenBox_x014336_y013824
Unknown_Sample,20260226_279_Gen_Alg_10_8_2_Colorado2025-greenBox.czi,Gen_alg,684.9,14498.0,14304.0,34,33,112.43,0.955,20260226_279_Gen_Alg_10_8_2_Colorado2025-greenBox_x014336_y013824
Unknown_Sample,20260226_279_Gen_Alg_10_8_2_Colorado2025-greenBox.czi,Gen_alg,561.0,14961.0,13920.0,29,30,103.46,0.95,20260226_279_Gen_Alg_10_8_2_Colorado2025-greenBox_x014336_y013824
Unknown_Sample,20260226_279_Gen_Alg_10_8_2_Colorado2025-greenBox.czi,Gen_alg,414.02,14564.0,14229.0,21,33,89.94,0.947,20260226_279_Gen_Alg_10_8_2_Colorado2025-greenBox_x014336_y013824
Unknown_Sample,20260226_279_Gen_Alg_10_8_2_Colorado2025-greenBox.czi,Gen_alg,375.16,14557.0,14455.0,35,19,92.87,0.904,20260226_279_Gen_Alg_10_8_2_Colorado2025-greenBox_x014336_y013824
Unknown_Sample,20260226_279_Gen_Alg_10_8_2_Colorado2025-greenBox.czi,Gen_alg,602.95,14962.0,13920.0,33,30,105.01,0.962,20260226_279_Gen_Alg_10_8_2_Colorado2025-greenBox_x014848_y013824
Unknown_Sample,20260226_279_Gen_Alg_10_8_2_Colorado2025-greenBox.czi,Gen_alg,743.39,14991.0,13859.0,34,36,117.25,0.961,20260226_279_Gen_Alg_10_8_2_Colorado2025-greenBox_x014848_y013824
Unknown_Sample,20260226_279_Gen_Alg_10_8_2_Colorado2025-greenBox.czi,Gen_alg,343.22,15257.0,13830.0,37,16,91.46,0.944,20260226_279_Gen_Alg_10_8_2_Colorado2025-greenBox_x014848_y013824
Unknown_Sample,20260226_279_Gen_Alg_10_8_2_Colorado2025-greenBox.czi,Gen_alg,544.07,15372.0,14315.0,31,30,100.43,0.937,20260226_279_Gen_Alg_10_8_2_Colorado2025-greenBox_x014848_y013824
Unknown_Sample,20260226_279_Gen_Alg_10_8_2_Colorado2025-greenBox.czi,Gen_alg,498.67,15387.0,14341.0,31,34,201.7,0.898,20260226_279_Gen_Alg_10_8_2_Colorado2025-greenBox_x014848_y013824
Unknown_Sample,20260226_279_Gen_Alg_10_8_2_Colorado2025-greenBox.czi,Gen_alg,894.22,15959.0,13955.0,39,38,127.74,0.962,20260226_279_Gen_Alg_10_8_2_Colorado2025-greenBox_x015360_y013824
Unknown_Sample,20260226_279_Gen_Alg_10_8_2_Colorado2025-greenBox.czi,Gen_alg,521.76,15373.0,14315.0,28,30,99.11,0.939,20260226_279_Gen_Alg_10_8_2_Colorado2025-greenBox_x015360_y013824
Unknown_Sample,20260226_279_Gen_Alg_10_8_2_Colorado2025-greenBox.czi,Gen_alg,522.91,15387.0,14340.0,31,34,138.09,0.895,20260226_279_Gen_Alg_10_8_2_Colorado2025-greenBox_x015360_y013824
Unknown_Sample,20260226_279_Gen_Alg_10_8_2_Colorado2025-greenBox.czi,Gen_alg,894.99,15959.0,13955.0,39,38,127.74,0.962,20260226_279_Gen_Alg_10_8_2_Colorado2025-greenBox_x015872_y013824
Unknown_Sample,20260226_279_Gen_Alg_10_8_2_Colorado2025-greenBox.czi,Gen_alg,659.89,16089.0,14020.0,33,33,109.84,0.959,20260226_279_Gen_Alg_10_8_2_Colorado2025-greenBox_x015872_y013824
Unknown_Sample,20260226_279_Gen_Alg_10_8_2_Colorado2025-greenBox.czi,Gen_alg,485.2,16362.0,14291.0,28,30,95.01,0.878,20260226_279_Gen_Alg_10_8_2_Colorado2025-greenBox_x015872_y013824
Unknown_Sample,20260226_279_Gen_Alg_10_8_2_Colorado2025-greenBox.czi,Gen_alg,1031.2,16571.0,14354.0,40,42,136.57,0.955,20260226_279_Gen_Alg_10_8_2_Colorado2025-greenBox_x016384_y013824
Unknown_Sample,20260226_279_Gen_Alg_10_8_2_Colorado2025-greenBox.czi,Gen_alg,356.69,1390.0,14658.0,26,24,82.53,0.937,20260226_279_Gen_Alg_10_8_2_Colorado2025-greenBox_x001024_y014336
Unknown_Sample,20260226_279_Gen_Alg_10_8_2_Colorado2025-greenBox.czi,Gen_alg,426.33,2127.0,14886.0,26,28,91.11,0.956,20260226_279_Gen_Alg_10_8_2_Colorado2025-greenBox_x001536_y014336
Unknown_Sample,20260226_279_Gen_Alg_10_8_2_Colorado2025-greenBox.czi,Gen_alg,427.1,2127.0,14886.0,26,28,91.11,0.956,20260226_279_Gen_Alg_10_8_2_Colorado2025-greenBox_x002048_y014336
Unknown_Sample,20260226_279_Gen_Alg_10_8_2_Colorado2025-greenBox.czi,Gen_alg,491.36,2577.0,14820.0,26,32,95.01,0.953,20260226_279_Gen_Alg_10_8_2_Colorado2025-greenBox_x002048_y014336
Unknown_Sample,20260226_279_Gen_Alg_10_8_2_Colorado2025-greenBox.czi,Gen_alg,491.74,2577.0,14820.0,26,32,95.6,0.951,20260226_279_Gen_Alg_10_8_2_Colorado2025-greenBox_x002560_y014336
Unknown_Sample,20260226_279_Gen_Alg_10_8_2_Colorado2025-greenBox.czi,Gen_alg,746.47,3662.0,14653.0,36,34,116.08,0.964,20260226_279_Gen_Alg_10_8_2_Colorado2025-greenBox_x003072_y014336
Unknown_Sample,20260226_279_Gen_Alg_10_8_2_Colorado2025-greenBox.czi,Gen_alg,1001.96,3927.0,14751.0,40,41,134.57,0.966,20260226_279_Gen_Alg_10_8_2_Colorado2025-greenBox_x003584_y014336
Unknown_Sample,20260226_279_Gen_Alg_10_8_2_Colorado2025-greenBox.czi,Gen_alg,746.47,3662.0,14653.0,36,34,116.08,0.964,20260226_279_Gen_Alg_10_8_2_Colorado2025-greenBox_x003584_y014336
Unknown_Sample,20260226_279_Gen_Alg_10_8_2_Colorado2025-greenBox.czi,Gen_alg,1129.32,4119.0,14517.0,43,43,145.15,0.963,20260226_279_Gen_Alg_10_8_2_Colorado2025-greenBox_x003584_y014336
Unknown_Sample,20260226_279_Gen_Alg_10_8_2_Colorado2025-greenBox.czi,Gen_alg,913.84,3991.0,14556.0,39,38,129.5,0.954,20260226_279_Gen_Alg_10_8_2_Colorado2025-greenBox_x003584_y014336
Unknown_Sample,20260226_279_Gen_Alg_10_8_2_Colorado2025-greenBox.czi,Gen_alg,803.41,4030.0,14566.0,38,36,122.91,0.94,20260226_279_Gen_Alg_10_8_2_Colorado2025-greenBox_x003584_y014336
Unknown_Sample,20260226_279_Gen_Alg_10_8_2_Colorado2025-greenBox.czi,Gen_alg,1002.34,4660.0,14776.0,41,40,135.15,0.966,20260226_279_Gen_Alg_10_8_2_Colorado2025-greenBox_x004096_y014336
Unknown_Sample,20260226_279_Gen_Alg_10_8_2_Colorado2025-greenBox.czi,Gen_alg,1020.81,4432.0,14356.0,41,42,139.15,0.964,20260226_279_Gen_Alg_10_8_2_Colorado2025-greenBox_x004096_y014336
Unknown_Sample,20260226_279_Gen_Alg_10_8_2_Colorado2025-greenBox.czi,Gen_alg,1131.24,4118.0,14517.0,43,43,145.74,0.962,20260226_279_Gen_Alg_10_8_2_Colorado2025-greenBox_x004096_y014336
Unknown_Sample,20260226_279_Gen_Alg_10_8_2_Colorado2025-greenBox.czi,Gen_alg,971.56,4502.0,14746.0,40,40,131.98,0.962,20260226_279_Gen_Alg_10_8_2_Colorado2025-greenBox_x004096_y014336
Unknown_Sample,20260226_279_Gen_Alg_10_8_2_Colorado2025-greenBox.czi,Gen_alg,1014.27,4266.0,14680.0,40,42,137.74,0.961,20260226_279_Gen_Alg_10_8_2_Colorado2025-greenBox_x004096_y014336
Unknown_Sample,20260226_279_Gen_Alg_10_8_2_Colorado2025-greenBox.czi,Gen_alg,735.31,4393.0,14552.0,31,39,116.67,0.958,20260226_279_Gen_Alg_10_8_2_Colorado2025-greenBox_x004096_y014336
Unknown_Sample,20260226_279_Gen_Alg_10_8_2_Colorado2025-greenBox.czi,Gen_alg,442.49,4401.0,14903.0,28,27,91.94,0.955,20260226_279_Gen_Alg_10_8_2_Colorado2025-greenBox_x004096_y014336
Unknown_Sample,20260226_279_Gen_Alg_10_8_2_Colorado2025-greenBox.czi,Gen_alg,1002.73,4660.0,14776.0,41,40,135.74,0.967,20260226_279_Gen_Alg_10_8_2_Colorado2025-greenBox_x004608_y014336
Unknown_Sample,20260226_279_Gen_Alg_10_8_2_Colorado2025-greenBox.czi,Gen_alg,394.78,4933.0,14881.0,23,30,87.94,0.948,20260226_279_Gen_Alg_10_8_2_Colorado2025-greenBox_x004608_y014336
Unknown_Sample,20260226_279_Gen_Alg_10_8_2_Colorado2025-greenBox.czi,Gen_alg,672.97,5235.0,14478.0,26,41,118.87,0.944,20260226_279_Gen_Alg_10_8_2_Colorado2025-greenBox_x004608_y014336
Unknown_Sample,20260226_279_Gen_Alg_10_8_2_Colorado2025-greenBox.czi,Gen_alg,1013.5,5241.0,14478.0,40,41,135.74,0.965,20260226_279_Gen_Alg_10_8_2_Colorado2025-greenBox_x005120_y014336
Unknown_Sample,20260226_279_Gen_Alg_10_8_2_Colorado2025-greenBox.czi,Gen_alg,717.61,5263.0,14932.0,36,34,115.5,0.964,20260226_279_Gen_Alg_10_8_2_Colorado2025-greenBox_x005120_y014336
Unknown_Sample,20260226_279_Gen_Alg_10_8_2_Colorado2025-greenBox.czi,Gen_alg,798.41,5419.0,14505.0,39,34,121.5,0.963,20260226_279_Gen_Alg_10_8_2_Colorado2025-greenBox_x005120_y014336
Unknown_Sample,20260226_279_Gen_Alg_10_8_2_Colorado2025-greenBox.czi,Gen_alg,819.19,5560.0,14399.0,38,37,124.33,0.958,20260226_279_Gen_Alg_10_8_2_Colorado2025-greenBox_x005120_y014336
Unknown_Sample,20260226_279_Gen_Alg_10_8_2_Colorado2025-greenBox.czi,Gen_alg,872.29,6049.0,14885.0,39,38,128.33,0.957,20260226_279_Gen_Alg_10_8_2_Colorado2025-greenBox_x005632_y014336
Unknown_Sample,20260226_279_Gen_Alg_10_8_2_Colorado2025-greenBox.czi,Gen_alg,387.85,6070.0,14489.0,28,25,87.94,0.946,20260226_279_Gen_Alg_10_8_2_Colorado2025-greenBox_x005632_y014336
Unknown_Sample,20260226_279_Gen_Alg_10_8_2_Colorado2025-greenBox.czi,Gen_alg,469.81,7032.0,14818.0,24,33,95.36,0.957,20260226_279_Gen_Alg_10_8_2_Colorado2025-greenBox_x006656_y014336
Unknown_Sample,20260226_279_Gen_Alg_10_8_2_Colorado2025-greenBox.czi,Gen_alg,854.97,7942.0,14820.0,38,37,123.74,0.964,20260226_279_Gen_Alg_10_8_2_Colorado2025-greenBox_x007680_y014336
Unknown_Sample,20260226_279_Gen_Alg_10_8_2_Colorado2025-greenBox.czi,Gen_alg,532.15,8261.0,14665.0,29,33,103.01,0.949,20260226_279_Gen_Alg_10_8_2_Colorado2025-greenBox_x007680_y014336
Unknown_Sample,20260226_279_Gen_Alg_10_8_2_Colorado2025-greenBox.czi,Gen_alg,833.43,8597.0,14565.0,37,37,121.74,0.964,20260226_279_Gen_Alg_10_8_2_Colorado2025-greenBox_x008192_y014336
Unknown_Sample,20260226_279_Gen_Alg_10_8_2_Colorado2025-greenBox.czi,Gen_alg,1023.51,8713.0,14704.0,41,42,135.05,0.964,20260226_279_Gen_Alg_10_8_2_Colorado2025-greenBox_x008192_y014336
Unknown_Sample,20260226_279_Gen_Alg_10_8_2_Colorado2025-greenBox.czi,Gen_alg,853.82,8384.0,14680.0,38,37,125.5,0.964,20260226_279_Gen_Alg_10_8_2_Colorado2025-greenBox_x008192_y014336
Unknown_Sample,20260226_279_Gen_Alg_10_8_2_Colorado2025-greenBox.czi,Gen_alg,838.04,8771.0,14833.0,38,37,123.74,0.962,20260226_279_Gen_Alg_10_8_2_Colorado2025-greenBox_x008192_y014336
Unknown_Sample,20260226_279_Gen_Alg_10_8_2_Colorado2025-greenBox.czi,Gen_alg,569.85,8472.0,14781.0,31,30,101.01,0.96,20260226_279_Gen_Alg_10_8_2_Colorado2025-greenBox_x008192_y014336
Unknown_Sample,20260226_279_Gen_Alg_10_8_2_Colorado2025-greenBox.czi,Gen_alg,729.54,8522.0,14769.0,34,35,115.25,0.96,20260226_279_Gen_Alg_10_8_2_Colorado2025-greenBox_x008192_y014336
Unknown_Sample,20260226_279_Gen_Alg_10_8_2_Colorado2025-greenBox.czi,Gen_alg,531.38,8261.0,14665.0,29,33,103.01,0.949,20260226_279_Gen_Alg_10_8_2_Colorado2025-greenBox_x008192_y014336
Unknown_Sample,20260226_279_Gen_Alg_10_8_2_Colorado2025-greenBox.czi,Gen_alg,796.49,8717.0,14704.0,30,42,125.94,0.965,20260226_279_Gen_Alg_10_8_2_Colorado2025-greenBox_x008704_y014336
Unknown_Sample,20260226_279_Gen_Alg_10_8_2_Colorado2025-greenBox.czi,Gen_alg,836.12,8771.0,14833.0,38,37,124.33,0.962,20260226_279_Gen_Alg_10_8_2_Colorado2025-greenBox_x008704_y014336
Unknown_Sample,20260226_279_Gen_Alg_10_8_2_Colorado2025-greenBox.czi,Gen_alg,871.9,9081.0,14412.0,39,38,125.4,0.96,20260226_279_Gen_Alg_10_8_2_Colorado2025-greenBox_x008704_y014336
Unknown_Sample,20260226_279_Gen_Alg_10_8_2_Colorado2025-greenBox.czi,Gen_alg,830.35,8973.0,14826.0,38,37,123.74,0.955,20260226_279_Gen_Alg_10_8_2_Colorado2025-greenBox_x008704_y014336
Unknown_Sample,20260226_279_Gen_Alg_10_8_2_Colorado2025-greenBox.czi,Gen_alg,923.08,9567.0,14527.0,38,40,127.98,0.969,20260226_279_Gen_Alg_10_8_2_Colorado2025-greenBox_x009216_y014336
Unknown_Sample,20260226_279_Gen_Alg_10_8_2_Colorado2025-greenBox.czi,Gen_alg,1021.58,9508.0,14421.0,41,41,134.81,0.963,20260226_279_Gen_Alg_10_8_2_Colorado2025-greenBox_x009216_y014336
Unknown_Sample,20260226_279_Gen_Alg_10_8_2_Colorado2025-greenBox.czi,Gen_alg,652.58,9415.0,14627.0,34,31,109.6,0.963,20260226_279_Gen_Alg_10_8_2_Colorado2025-greenBox_x009216_y014336
Unknown_Sample,20260226_279_Gen_Alg_10_8_2_Colorado2025-greenBox.czi,Gen_alg,651.43,9832.0,14420.0,33,32,109.01,0.963,20260226_279_Gen_Alg_10_8_2_Colorado2025-greenBox_x009216_y014336
Unknown_Sample,20260226_279_Gen_Alg_10_8_2_Colorado2025-greenBox.czi,Gen_alg,647.96,9832.0,14420.0,33,32,109.6,0.964,20260226_279_Gen_Alg_10_8_2_Colorado2025-greenBox_x009728_y014336
Unknown_Sample,20260226_279_Gen_Alg_10_8_2_Colorado2025-greenBox.czi,Gen_alg,626.42,10285.0,14469.0,34,31,107.25,0.959,20260226_279_Gen_Alg_10_8_2_Colorado2025-greenBox_x009728_y014336
Unknown_Sample,20260226_279_Gen_Alg_10_8_2_Colorado2025-greenBox.czi,Gen_alg,924.62,10024.0,14387.0,39,39,129.15,0.958,20260226_279_Gen_Alg_10_8_2_Colorado2025-greenBox_x009728_y014336
Unknown_Sample,20260226_279_Gen_Alg_10_8_2_Colorado2025-greenBox.czi,Gen_alg,363.23,10338.0,14532.0,29,22,83.94,0.943,20260226_279_Gen_Alg_10_8_2_Colorado2025-greenBox_x009728_y014336
Unknown_Sample,20260226_279_Gen_Alg_10_8_2_Colorado2025-greenBox.czi,Gen_alg,295.12,9938.0,14622.0,28,17,76.04,0.941,20260226_279_Gen_Alg_10_8_2_Colorado2025-greenBox_x009728_y014336
Unknown_Sample,20260226_279_Gen_Alg_10_8_2_Colorado2025-greenBox.czi,Gen_alg,675.28,10225.0,14370.0,34,34,124.67,0.926,20260226_279_Gen_Alg_10_8_2_Colorado2025-greenBox_x009728_y014336
Unknown_Sample,20260226_279_Gen_Alg_10_8_2_Colorado2025-greenBox.czi,Gen_alg,318.98,10202.0,14348.0,25,21,79.21,0.913,20260226_279_Gen_Alg_10_8_2_Colorado2025-greenBox_x009728_y014336
Unknown_Sample,20260226_279_Gen_Alg_10_8_2_Colorado2025-greenBox.czi,Gen_alg,294.35,10226.0,14345.0,23,21,75.21,0.885,20260226_279_Gen_Alg_10_8_2_Colorado2025-greenBox_x009728_y014336
Unknown_Sample,20260226_279_Gen_Alg_10_8_2_Colorado2025-greenBox.czi,Gen_alg,590.63,10555.0,14408.0,33,30,103.84,0.963,20260226_279_Gen_Alg_10_8_2_Colorado2025-greenBox_x010240_y014336
Unknown_Sample,20260226_279_Gen_Alg_10_8_2_Colorado2025-greenBox.czi,Gen_alg,821.88,10694.0,14413.0,37,37,122.91,0.963,20260226_279_Gen_Alg_10_8_2_Colorado2025-greenBox_x010240_y014336
Unknown_Sample,20260226_279_Gen_Alg_10_8_2_Colorado2025-greenBox.czi,Gen_alg,649.5,10384.0,14378.0,33,32,108.43,0.962,20260226_279_Gen_Alg_10_8_2_Colorado2025-greenBox_x010240_y014336
Unknown_Sample,20260226_279_Gen_Alg_10_8_2_Colorado2025-greenBox.czi,Gen_alg,666.82,10820.0,14669.0,34,34,109.15,0.962,20260226_279_Gen_Alg_10_8_2_Colorado2025-greenBox_x010240_y014336
Unknown_Sample,20260226_279_Gen_Alg_10_8_2_Colorado2025-greenBox.czi,Gen_alg,630.26,10285.0,14469.0,34,31,107.25,0.958,20260226_279_Gen_Alg_10_8_2_Colorado2025-greenBox_x010240_y014336
Unknown_Sample,20260226_279_Gen_Alg_10_8_2_Colorado2025-greenBox.czi,Gen_alg,363.23,10338.0,14532.0,29,22,83.94,0.943,20260226_279_Gen_Alg_10_8_2_Colorado2025-greenBox_x010240_y014336
Unknown_Sample,20260226_279_Gen_Alg_10_8_2_Colorado2025-greenBox.czi,Gen_alg,748.78,11081.0,14668.0,35,36,116.91,0.963,20260226_279_Gen_Alg_10_8_2_Colorado2025-greenBox_x010752_y014336
Unknown_Sample,20260226_279_Gen_Alg_10_8_2_Colorado2025-greenBox.czi,Gen_alg,813.03,11042.0,14936.0,38,36,122.33,0.962,20260226_279_Gen_Alg_10_8_2_Colorado2025-greenBox_x010752_y014336
Unknown_Sample,20260226_279_Gen_Alg_10_8_2_Colorado2025-greenBox.czi,Gen_alg,893.45,11094.0,14916.0,38,39,127.74,0.961,20260226_279_Gen_Alg_10_8_2_Colorado2025-greenBox_x010752_y014336
Unknown_Sample,20260226_279_Gen_Alg_10_8_2_Colorado2025-greenBox.czi,Gen_alg,666.82,10820.0,14669.0,34,34,109.15,0.961,20260226_279_Gen_Alg_10_8_2_Colorado2025-greenBox_x010752_y014336
Unknown_Sample,20260226_279_Gen_Alg_10_8_2_Colorado2025-greenBox.czi,Gen_alg,422.48,11593.0,14344.0,36,20,97.46,0.956,20260226_279_Gen_Alg_10_8_2_Colorado2025-greenBox_x011264_y014336
Unknown_Sample,20260226_279_Gen_Alg_10_8_2_Colorado2025-greenBox.czi,Gen_alg,693.37,11947.0,14768.0,34,33,111.25,0.96,20260226_279_Gen_Alg_10_8_2_Colorado2025-greenBox_x011776_y014336
Unknown_Sample,20260226_279_Gen_Alg_10_8_2_Colorado2025-greenBox.czi,Gen_alg,203.93,12407.0,14553.0,17,19,63.31,0.908,20260226_279_Gen_Alg_10_8_2_Colorado2025-greenBox_x011776_y014336
Unknown_Sample,20260226_279_Gen_Alg_10_8_2_Colorado2025-greenBox.czi,Gen_alg,848.82,12828.0,14744.0,36,38,124.08,0.965,20260226_279_Gen_Alg_10_8_2_Colorado2025-greenBox_x012288_y014336
Unknown_Sample,20260226_279_Gen_Alg_10_8_2_Colorado2025-greenBox.czi,Gen_alg,751.08,12529.0,14749.0,35,35,117.25,0.964,20260226_279_Gen_Alg_10_8_2_Colorado2025-greenBox_x012288_y014336
Unknown_Sample,20260226_279_Gen_Alg_10_8_2_Colorado2025-greenBox.czi,Gen_alg,648.73,12866.0,14665.0,35,31,108.08,0.959,20260226_279_Gen_Alg_10_8_2_Colorado2025-greenBox_x012288_y014336
Unknown_Sample,20260226_279_Gen_Alg_10_8_2_Colorado2025-greenBox.czi,Gen_alg,742.62,12874.0,14609.0,35,35,116.08,0.956,20260226_279_Gen_Alg_10_8_2_Colorado2025-greenBox_x012288_y014336
Unknown_Sample,20260226_279_Gen_Alg_10_8_2_Colorado2025-greenBox.czi,Gen_alg,317.06,12411.0,14553.0,27,19,77.46,0.948,20260226_279_Gen_Alg_10_8_2_Colorado2025-greenBox_x012288_y014336
Unknown_Sample,20260226_279_Gen_Alg_10_8_2_Colorado2025-greenBox.czi,Gen_alg,848.82,12828.0,14744.0,36,38,124.08,0.965,20260226_279_Gen_Alg_10_8_2_Colorado2025-greenBox_x012800_y014336
Unknown_Sample,20260226_279_Gen_Alg_10_8_2_Colorado2025-greenBox.czi,Gen_alg,756.09,13406.0,14675.0,34,36,117.84,0.962,20260226_279_Gen_Alg_10_8_2_Colorado2025-greenBox_x012800_y014336
Unknown_Sample,20260226_279_Gen_Alg_10_8_2_Colorado2025-greenBox.czi,Gen_alg,648.73,12866.0,14665.0,35,31,108.08,0.959,20260226_279_Gen_Alg_10_8_2_Colorado2025-greenBox_x012800_y014336
Unknown_Sample,20260226_279_Gen_Alg_10_8_2_Colorado2025-greenBox.czi,Gen_alg,626.8,13058.0,14743.0,33,32,107.84,0.959,20260226_279_Gen_Alg_10_8_2_Colorado2025-greenBox_x012800_y014336
Unknown_Sample,20260226_279_Gen_Alg_10_8_2_Colorado2025-greenBox.czi,Gen_alg,754.16,12874.0,14609.0,36,35,116.91,0.956,20260226_279_Gen_Alg_10_8_2_Colorado2025-greenBox_x012800_y014336
Unknown_Sample,20260226_279_Gen_Alg_10_8_2_Colorado2025-greenBox.czi,Gen_alg,894.22,13244.0,14818.0,39,39,127.4,0.954,20260226_279_Gen_Alg_10_8_2_Colorado2025-greenBox_x012800_y014336
Unknown_Sample,20260226_279_Gen_Alg_10_8_2_Colorado2025-greenBox.czi,Gen_alg,755.7,13406.0,14675.0,34,36,117.25,0.962,20260226_279_Gen_Alg_10_8_2_Colorado2025-greenBox_x013312_y014336
Unknown_Sample,20260226_279_Gen_Alg_10_8_2_Colorado2025-greenBox.czi,Gen_alg,560.62,13821.0,14553.0,31,30,101.01,0.962,20260226_279_Gen_Alg_10_8_2_Colorado2025-greenBox_x013312_y014336
Unknown_Sample,20260226_279_Gen_Alg_10_8_2_Colorado2025-greenBox.czi,Gen_alg,387.09,13495.0,14928.0,25,27,84.77,0.959,20260226_279_Gen_Alg_10_8_2_Colorado2025-greenBox_x013312_y014336
Unknown_Sample,20260226_279_Gen_Alg_10_8_2_Colorado2025-greenBox.czi,Gen_alg,594.1,13609.0,14688.0,31,32,104.43,0.949,20260226_279_Gen_Alg_10_8_2_Colorado2025-greenBox_x013312_y014336
Unknown_Sample,20260226_279_Gen_Alg_10_8_2_Colorado2025-greenBox.czi,Gen_alg,335.91,13885.0,14655.0,19,29,80.87,0.943,20260226_279_Gen_Alg_10_8_2_Colorado2025-greenBox_x013312_y014336
Unknown_Sample,20260226_279_Gen_Alg_10_8_2_Colorado2025-greenBox.czi,Gen_alg,363.23,13631.0,14967.0,33,19,90.63,0.91,20260226_279_Gen_Alg_10_8_2_Colorado2025-greenBox_x013312_y014336
Unknown_Sample,20260226_279_Gen_Alg_10_8_2_Colorado2025-greenBox.czi,Gen_alg,724.15,14334.0,14571.0,35,35,113.74,0.961,20260226_279_Gen_Alg_10_8_2_Colorado2025-greenBox_x013824_y014336
Unknown_Sample,20260226_279_Gen_Alg_10_8_2_Colorado2025-greenBox.czi,Gen_alg,794.56,14291.0,14412.0,35,38,121.5,0.96,20260226_279_Gen_Alg_10_8_2_Colorado2025-greenBox_x013824_y014336
Unknown_Sample,20260226_279_Gen_Alg_10_8_2_Colorado2025-greenBox.czi,Gen_alg,338.22,13886.0,14655.0,19,30,81.7,0.942,20260226_279_Gen_Alg_10_8_2_Colorado2025-greenBox_x013824_y014336
Unknown_Sample,20260226_279_Gen_Alg_10_8_2_Colorado2025-greenBox.czi,Gen_alg,227.4,13829.0,14553.0,14,30,74.04,0.942,20260226_279_Gen_Alg_10_8_2_Colorado2025-greenBox_x013824_y014336
Unknown_Sample,20260226_279_Gen_Alg_10_8_2_Colorado2025-greenBox.czi,Gen_alg,180.46,14106.0,14970.0,33,11,76.38,0.864,20260226_279_Gen_Alg_10_8_2_Colorado2025-greenBox_x013824_y014336
Unknown_Sample,20260226_279_Gen_Alg_10_8_2_Colorado2025-greenBox.czi,Gen_alg,776.86,14766.0,14877.0,37,35,119.5,0.962,20260226_279_Gen_Alg_10_8_2_Colorado2025-greenBox_x014336_y014336
Unknown_Sample,20260226_279_Gen_Alg_10_8_2_Colorado2025-greenBox.czi,Gen_alg,725.3,14557.0,14462.0,35,35,114.33,0.959,20260226_279_Gen_Alg_10_8_2_Colorado2025-greenBox_x014336_y014336
Unknown_Sample,20260226_279_Gen_Alg_10_8_2_Colorado2025-greenBox.czi,Gen_alg,677.98,14766.0,14532.0,33,34,111.25,0.958,20260226_279_Gen_Alg_10_8_2_Colorado2025-greenBox_x014336_y014336
Unknown_Sample,20260226_279_Gen_Alg_10_8_2_Colorado2025-greenBox.czi,Gen_alg,363.61,14857.0,14751.0,25,26,83.36,0.95,20260226_279_Gen_Alg_10_8_2_Colorado2025-greenBox_x014336_y014336
Unknown_Sample,20260226_279_Gen_Alg_10_8_2_Colorado2025-greenBox.czi,Gen_alg,323.98,14342.0,14571.0,16,35,87.46,0.942,20260226_279_Gen_Alg_10_8_2_Colorado2025-greenBox_x014336_y014336
Unknown_Sample,20260226_279_Gen_Alg_10_8_2_Colorado2025-greenBox.czi,Gen_alg,970.79,15050.0,14622.0,39,41,133.15,0.964,20260226_279_Gen_Alg_10_8_2_Colorado2025-greenBox_x014848_y014336
Unknown_Sample,20260226_279_Gen_Alg_10_8_2_Colorado2025-greenBox.czi,Gen_alg,365.92,15387.0,14344.0,29,20,86.38,0.961,20260226_279_Gen_Alg_10_8_2_Colorado2025-greenBox_x014848_y014336
Unknown_Sample,20260226_279_Gen_Alg_10_8_2_Colorado2025-greenBox.czi,Gen_alg,509.83,15207.0,14871.0,29,28,97.7,0.958,20260226_279_Gen_Alg_10_8_2_Colorado2025-greenBox_x014848_y014336
Unknown_Sample,20260226_279_Gen_Alg_10_8_2_Colorado2025-greenBox.czi,Gen_alg,544.07,15454.0,14759.0,30,30,100.77,0.956,20260226_279_Gen_Alg_10_8_2_Colorado2025-greenBox_x014848_y014336
Unknown_Sample,20260226_279_Gen_Alg_10_8_2_Colorado2025-greenBox.czi,Gen_alg,335.14,14857.0,14751.0,22,26,80.87,0.95,20260226_279_Gen_Alg_10_8_2_Colorado2025-greenBox_x014848_y014336
Unknown_Sample,20260226_279_Gen_Alg_10_8_2_Colorado2025-greenBox.czi,Gen_alg,334.76,15057.0,14706.0,21,28,82.28,0.942,20260226_279_Gen_Alg_10_8_2_Colorado2025-greenBox_x014848_y014336
Unknown_Sample,20260226_279_Gen_Alg_10_8_2_Colorado2025-greenBox.czi,Gen_alg,715.3,15920.0,14621.0,37,32,114.67,0.961,20260226_279_Gen_Alg_10_8_2_Colorado2025-greenBox_x015360_y014336
Unknown_Sample,20260226_279_Gen_Alg_10_8_2_Colorado2025-greenBox.czi,Gen_alg,366.69,15387.0,14344.0,29,20,86.38,0.96,20260226_279_Gen_Alg_10_8_2_Colorado2025-greenBox_x015360_y014336
Unknown_Sample,20260226_279_Gen_Alg_10_8_2_Colorado2025-greenBox.czi,Gen_alg,552.15,15454.0,14759.0,31,30,101.01,0.96,20260226_279_Gen_Alg_10_8_2_Colorado2025-greenBox_x015360_y014336
Unknown_Sample,20260226_279_Gen_Alg_10_8_2_Colorado2025-greenBox.czi,Gen_alg,757.24,15920.0,14621.0,37,34,118.08,0.95,20260226_279_Gen_Alg_10_8_2_Colorado2025-greenBox_x015872_y014336
Unknown_Sample,20260226_279_Gen_Alg_10_8_2_Colorado2025-greenBox.czi,Gen_alg,1021.2,16571.0,14355.0,40,41,136.91,0.955,20260226_279_Gen_Alg_10_8_2_Colorado2025-greenBox_x016384_y014336
Unknown_Sample,20260226_279_Gen_Alg_10_8_2_Colorado2025-greenBox.czi,Gen_alg,481.74,17114.0,14723.0,28,28,95.11,0.719,20260226_279_Gen_Alg_10_8_2_Colorado2025-greenBox_x016896_y014336
Unknown_Sample,20260226_279_Gen_Alg_10_8_2_Colorado2025-greenBox.czi,Gen_alg,425.56,2127.0,14886.0,26,28,91.11,0.956,20260226_279_Gen_Alg_10_8_2_Colorado2025-greenBox_x001536_y014848
Unknown_Sample,20260226_279_Gen_Alg_10_8_2_Colorado2025-greenBox.czi,Gen_alg,326.29,2087.0,15110.0,19,29,81.46,0.939,20260226_279_Gen_Alg_10_8_2_Colorado2025-greenBox_x001536_y014848
Unknown_Sample,20260226_279_Gen_Alg_10_8_2_Colorado2025-greenBox.czi,Gen_alg,427.1,2127.0,14886.0,26,28,91.11,0.956,20260226_279_Gen_Alg_10_8_2_Colorado2025-greenBox_x002048_y014848
Unknown_Sample,20260226_279_Gen_Alg_10_8_2_Colorado2025-greenBox.czi,Gen_alg,326.29,2087.0,15110.0,19,29,81.46,0.938,20260226_279_Gen_Alg_10_8_2_Colorado2025-greenBox_x002048_y014848
Unknown_Sample,20260226_279_Gen_Alg_10_8_2_Colorado2025-greenBox.czi,Gen_alg,711.84,3742.0,14985.0,34,34,114.43,0.962,20260226_279_Gen_Alg_10_8_2_Colorado2025-greenBox_x003584_y014848
Unknown_Sample,20260226_279_Gen_Alg_10_8_2_Colorado2025-greenBox.czi,Gen_alg,925.39,4187.0,15468.0,41,37,131.5,0.954,20260226_279_Gen_Alg_10_8_2_Colorado2025-greenBox_x003584_y014848
Unknown_Sample,20260226_279_Gen_Alg_10_8_2_Colorado2025-greenBox.czi,Gen_alg,443.26,4401.0,14903.0,28,27,91.94,0.955,20260226_279_Gen_Alg_10_8_2_Colorado2025-greenBox_x004096_y014848
Unknown_Sample,20260226_279_Gen_Alg_10_8_2_Colorado2025-greenBox.czi,Gen_alg,928.85,4187.0,15468.0,41,37,132.08,0.955,20260226_279_Gen_Alg_10_8_2_Colorado2025-greenBox_x004096_y014848
Unknown_Sample,20260226_279_Gen_Alg_10_8_2_Colorado2025-greenBox.czi,Gen_alg,396.32,4933.0,14881.0,23,30,87.94,0.948,20260226_279_Gen_Alg_10_8_2_Colorado2025-greenBox_x004608_y014848
Unknown_Sample,20260226_279_Gen_Alg_10_8_2_Colorado2025-greenBox.czi,Gen_alg,515.99,5237.0,15322.0,23,37,103.7,0.934,20260226_279_Gen_Alg_10_8_2_Colorado2025-greenBox_x004608_y014848
Unknown_Sample,20260226_279_Gen_Alg_10_8_2_Colorado2025-greenBox.czi,Gen_alg,1096.23,5329.0,15055.0,47,39,140.47,0.966,20260226_279_Gen_Alg_10_8_2_Colorado2025-greenBox_x005120_y014848
Unknown_Sample,20260226_279_Gen_Alg_10_8_2_Colorado2025-greenBox.czi,Gen_alg,714.53,5263.0,14932.0,36,34,115.5,0.965,20260226_279_Gen_Alg_10_8_2_Colorado2025-greenBox_x005120_y014848
Unknown_Sample,20260226_279_Gen_Alg_10_8_2_Colorado2025-greenBox.czi,Gen_alg,880.75,5244.0,15322.0,40,37,125.98,0.962,20260226_279_Gen_Alg_10_8_2_Colorado2025-greenBox_x005120_y014848
Unknown_Sample,20260226_279_Gen_Alg_10_8_2_Colorado2025-greenBox.czi,Gen_alg,864.59,5493.0,15381.0,38,38,125.15,0.959,20260226_279_Gen_Alg_10_8_2_Colorado2025-greenBox_x005120_y014848
Unknown_Sample,20260226_279_Gen_Alg_10_8_2_Colorado2025-greenBox.czi,Gen_alg,930.77,6236.0,15028.0,39,39,129.15,0.963,20260226_279_Gen_Alg_10_8_2_Colorado2025-greenBox_x005632_y014848
Unknown_Sample,20260226_279_Gen_Alg_10_8_2_Colorado2025-greenBox.czi,Gen_alg,1017.35,5901.0,15360.0,41,41,136.57,0.96,20260226_279_Gen_Alg_10_8_2_Colorado2025-greenBox_x005632_y014848
Unknown_Sample,20260226_279_Gen_Alg_10_8_2_Colorado2025-greenBox.czi,Gen_alg,871.52,6049.0,14885.0,39,38,128.33,0.957,20260226_279_Gen_Alg_10_8_2_Colorado2025-greenBox_x005632_y014848
Unknown_Sample,20260226_279_Gen_Alg_10_8_2_Colorado2025-greenBox.czi,Gen_alg,853.05,6621.0,15197.0,36,39,124.33,0.963,20260226_279_Gen_Alg_10_8_2_Colorado2025-greenBox_x006144_y014848
Unknown_Sample,20260226_279_Gen_Alg_10_8_2_Colorado2025-greenBox.czi,Gen_alg,931.93,6236.0,15028.0,39,39,129.74,0.963,20260226_279_Gen_Alg_10_8_2_Colorado2025-greenBox_x006144_y014848
Unknown_Sample,20260226_279_Gen_Alg_10_8_2_Colorado2025-greenBox.czi,Gen_alg,862.67,6432.0,15330.0,38,38,125.74,0.963,20260226_279_Gen_Alg_10_8_2_Colorado2025-greenBox_x006144_y014848
Unknown_Sample,20260226_279_Gen_Alg_10_8_2_Colorado2025-greenBox.czi,Gen_alg,237.41,6382.0,15482.0,36,12,83.21,0.873,20260226_279_Gen_Alg_10_8_2_Colorado2025-greenBox_x006144_y014848
Unknown_Sample,20260226_279_Gen_Alg_10_8_2_Colorado2025-greenBox.czi,Gen_alg,571.01,7099.0,15158.0,27,36,104.43,0.937,20260226_279_Gen_Alg_10_8_2_Colorado2025-greenBox_x006656_y014848
Unknown_Sample,20260226_279_Gen_Alg_10_8_2_Colorado2025-greenBox.czi,Gen_alg,867.67,7896.0,15155.0,38,38,125.15,0.962,20260226_279_Gen_Alg_10_8_2_Colorado2025-greenBox_x007680_y014848
Unknown_Sample,20260226_279_Gen_Alg_10_8_2_Colorado2025-greenBox.czi,Gen_alg,828.81,8582.0,15116.0,38,36,122.91,0.962,20260226_279_Gen_Alg_10_8_2_Colorado2025-greenBox_x008192_y014848
Unknown_Sample,20260226_279_Gen_Alg_10_8_2_Colorado2025-greenBox.czi,Gen_alg,874.98,8330.0,15421.0,38,38,126.91,0.959,20260226_279_Gen_Alg_10_8_2_Colorado2025-greenBox_x008192_y014848
Unknown_Sample,20260226_279_Gen_Alg_10_8_2_Colorado2025-greenBox.czi,Gen_alg,419.02,8724.0,15479.0,39,18,98.87,0.913,20260226_279_Gen_Alg_10_8_2_Colorado2025-greenBox_x008192_y014848
Unknown_Sample,20260226_279_Gen_Alg_10_8_2_Colorado2025-greenBox.czi,Gen_alg,420.18,8724.0,15479.0,39,18,99.46,0.909,20260226_279_Gen_Alg_10_8_2_Colorado2025-greenBox_x008704_y014848
Unknown_Sample,20260226_279_Gen_Alg_10_8_2_Colorado2025-greenBox.czi,Gen_alg,703.76,9761.0,15112.0,34,35,114.67,0.956,20260226_279_Gen_Alg_10_8_2_Colorado2025-greenBox_x009216_y014848
Unknown_Sample,20260226_279_Gen_Alg_10_8_2_Colorado2025-greenBox.czi,Gen_alg,704.53,9761.0,15112.0,34,35,114.67,0.956,20260226_279_Gen_Alg_10_8_2_Colorado2025-greenBox_x009728_y014848
Unknown_Sample,20260226_279_Gen_Alg_10_8_2_Colorado2025-greenBox.czi,Gen_alg,715.3,10454.0,15307.0,34,34,113.84,0.964,20260226_279_Gen_Alg_10_8_2_Colorado2025-greenBox_x010240_y014848
Unknown_Sample,20260226_279_Gen_Alg_10_8_2_Colorado2025-greenBox.czi,Gen_alg,646.04,10654.0,15330.0,32,33,109.01,0.964,20260226_279_Gen_Alg_10_8_2_Colorado2025-greenBox_x010240_y014848
Unknown_Sample,20260226_279_Gen_Alg_10_8_2_Colorado2025-greenBox.czi,Gen_alg,510.6,10591.0,15306.0,29,29,96.18,0.954,20260226_279_Gen_Alg_10_8_2_Colorado2025-greenBox_x010240_y014848
Unknown_Sample,20260226_279_Gen_Alg_10_8_2_Colorado2025-greenBox.czi,Gen_alg,815.73,11352.0,15461.0,37,37,121.74,0.963,20260226_279_Gen_Alg_10_8_2_Colorado2025-greenBox_x010752_y014848
Unknown_Sample,20260226_279_Gen_Alg_10_8_2_Colorado2025-greenBox.czi,Gen_alg,805.72,11075.0,15172.0,36,36,121.25,0.963,20260226_279_Gen_Alg_10_8_2_Colorado2025-greenBox_x010752_y014848
Unknown_Sample,20260226_279_Gen_Alg_10_8_2_Colorado2025-greenBox.czi,Gen_alg,813.8,11042.0,14936.0,38,36,122.33,0.962,20260226_279_Gen_Alg_10_8_2_Colorado2025-greenBox_x010752_y014848
Unknown_Sample,20260226_279_Gen_Alg_10_8_2_Colorado2025-greenBox.czi,Gen_alg,893.45,11094.0,14916.0,38,39,127.74,0.962,20260226_279_Gen_Alg_10_8_2_Colorado2025-greenBox_x010752_y014848
Unknown_Sample,20260226_279_Gen_Alg_10_8_2_Colorado2025-greenBox.czi,Gen_alg,906.92,11079.0,15059.0,39,38,127.15,0.961,20260226_279_Gen_Alg_10_8_2_Colorado2025-greenBox_x010752_y014848
Unknown_Sample,20260226_279_Gen_Alg_10_8_2_Colorado2025-greenBox.czi,Gen_alg,850.36,11485.0,15321.0,37,37,121.74,0.965,20260226_279_Gen_Alg_10_8_2_Colorado2025-greenBox_x011264_y014848
Unknown_Sample,20260226_279_Gen_Alg_10_8_2_Colorado2025-greenBox.czi,Gen_alg,815.73,11352.0,15461.0,37,37,121.74,0.963,20260226_279_Gen_Alg_10_8_2_Colorado2025-greenBox_x011264_y014848
Unknown_Sample,20260226_279_Gen_Alg_10_8_2_Colorado2025-greenBox.czi,Gen_alg,844.2,11885.0,15351.0,37,37,125.25,0.956,20260226_279_Gen_Alg_10_8_2_Colorado2025-greenBox_x011264_y014848
Unknown_Sample,20260226_279_Gen_Alg_10_8_2_Colorado2025-greenBox.czi,Gen_alg,424.41,11607.0,15131.0,30,24,90.53,0.949,20260226_279_Gen_Alg_10_8_2_Colorado2025-greenBox_x011264_y014848
Unknown_Sample,20260226_279_Gen_Alg_10_8_2_Colorado2025-greenBox.czi,Gen_alg,702.22,11832.0,15474.0,39,28,118.87,0.943,20260226_279_Gen_Alg_10_8_2_Colorado2025-greenBox_x011264_y014848
Unknown_Sample,20260226_279_Gen_Alg_10_8_2_Colorado2025-greenBox.czi,Gen_alg,464.81,11890.0,15475.0,29,25,98.14,0.924,20260226_279_Gen_Alg_10_8_2_Colorado2025-greenBox_x011264_y014848
Unknown_Sample,20260226_279_Gen_Alg_10_8_2_Colorado2025-greenBox.czi,Gen_alg,827.27,11884.0,15351.0,36,37,123.25,0.965,20260226_279_Gen_Alg_10_8_2_Colorado2025-greenBox_x011776_y014848
Unknown_Sample,20260226_279_Gen_Alg_10_8_2_Colorado2025-greenBox.czi,Gen_alg,664.51,12221.0,15136.0,33,33,109.84,0.959,20260226_279_Gen_Alg_10_8_2_Colorado2025-greenBox_x011776_y014848
Unknown_Sample,20260226_279_Gen_Alg_10_8_2_Colorado2025-greenBox.czi,Gen_alg,702.99,11832.0,15474.0,39,28,118.87,0.943,20260226_279_Gen_Alg_10_8_2_Colorado2025-greenBox_x011776_y014848
Unknown_Sample,20260226_279_Gen_Alg_10_8_2_Colorado2025-greenBox.czi,Gen_alg,562.16,11892.0,15476.0,36,25,108.04,0.94,20260226_279_Gen_Alg_10_8_2_Colorado2025-greenBox_x011776_y014848
Unknown_Sample,20260226_279_Gen_Alg_10_8_2_Colorado2025-greenBox.czi,Gen_alg,754.55,12635.0,15062.0,36,35,117.5,0.961,20260226_279_Gen_Alg_10_8_2_Colorado2025-greenBox_x012288_y014848
Unknown_Sample,20260226_279_Gen_Alg_10_8_2_Colorado2025-greenBox.czi,Gen_alg,609.87,13028.0,15220.0,32,31,105.01,0.962,20260226_279_Gen_Alg_10_8_2_Colorado2025-greenBox_x012800_y014848
Unknown_Sample,20260226_279_Gen_Alg_10_8_2_Colorado2025-greenBox.czi,Gen_alg,816.5,13096.0,15222.0,37,37,122.91,0.962,20260226_279_Gen_Alg_10_8_2_Colorado2025-greenBox_x012800_y014848
Unknown_Sample,20260226_279_Gen_Alg_10_8_2_Colorado2025-greenBox.czi,Gen_alg,812.65,12952.0,15011.0,36,37,120.91,0.961,20260226_279_Gen_Alg_10_8_2_Colorado2025-greenBox_x012800_y014848
Unknown_Sample,20260226_279_Gen_Alg_10_8_2_Colorado2025-greenBox.czi,Gen_alg,386.32,13495.0,14928.0,25,27,84.77,0.96,20260226_279_Gen_Alg_10_8_2_Colorado2025-greenBox_x013312_y014848
Unknown_Sample,20260226_279_Gen_Alg_10_8_2_Colorado2025-greenBox.czi,Gen_alg,681.82,13917.0,15134.0,34,33,110.08,0.959,20260226_279_Gen_Alg_10_8_2_Colorado2025-greenBox_x013312_y014848
Unknown_Sample,20260226_279_Gen_Alg_10_8_2_Colorado2025-greenBox.czi,Gen_alg,662.97,13632.0,14973.0,33,34,110.67,0.958,20260226_279_Gen_Alg_10_8_2_Colorado2025-greenBox_x013312_y014848
Unknown_Sample,20260226_279_Gen_Alg_10_8_2_Colorado2025-greenBox.czi,Gen_alg,482.51,13854.0,15176.0,28,28,93.94,0.957,20260226_279_Gen_Alg_10_8_2_Colorado2025-greenBox_x013312_y014848
Unknown_Sample,20260226_279_Gen_Alg_10_8_2_Colorado2025-greenBox.czi,Gen_alg,768.78,14106.0,14982.0,35,37,117.74,0.96,20260226_279_Gen_Alg_10_8_2_Colorado2025-greenBox_x013824_y014848
Unknown_Sample,20260226_279_Gen_Alg_10_8_2_Colorado2025-greenBox.czi,Gen_alg,682.98,13917.0,15134.0,34,33,110.67,0.959,20260226_279_Gen_Alg_10_8_2_Colorado2025-greenBox_x013824_y014848
Unknown_Sample,20260226_279_Gen_Alg_10_8_2_Colorado2025-greenBox.czi,Gen_alg,482.51,13854.0,15176.0,28,28,93.94,0.957,20260226_279_Gen_Alg_10_8_2_Colorado2025-greenBox_x013824_y014848
Unknown_Sample,20260226_279_Gen_Alg_10_8_2_Colorado2025-greenBox.czi,Gen_alg,766.86,14766.0,14877.0,36,35,118.67,0.961,20260226_279_Gen_Alg_10_8_2_Colorado2025-greenBox_x014336_y014848
Unknown_Sample,20260226_279_Gen_Alg_10_8_2_Colorado2025-greenBox.czi,Gen_alg,512.14,15207.0,14871.0,29,28,97.7,0.958,20260226_279_Gen_Alg_10_8_2_Colorado2025-greenBox_x014848_y014848
Unknown_Sample,20260226_279_Gen_Alg_10_8_2_Colorado2025-greenBox.czi,Gen_alg,623.72,15178.0,15319.0,33,32,106.67,0.954,20260226_279_Gen_Alg_10_8_2_Colorado2025-greenBox_x014848_y014848
Unknown_Sample,20260226_279_Gen_Alg_10_8_2_Colorado2025-greenBox.czi,Gen_alg,324.37,15345.0,15435.0,23,25,79.7,0.944,20260226_279_Gen_Alg_10_8_2_Colorado2025-greenBox_x014848_y014848
Unknown_Sample,20260226_279_Gen_Alg_10_8_2_Colorado2025-greenBox.czi,Gen_alg,640.27,16919.0,15146.0,35,31,109.25,0.936,20260226_279_Gen_Alg_10_8_2_Colorado2025-greenBox_x016384_y014848
Unknown_Sample,20260226_279_Gen_Alg_10_8_2_Colorado2025-greenBox.czi,Gen_alg,539.46,16949.0,15158.0,30,30,108.08,0.916,20260226_279_Gen_Alg_10_8_2_Colorado2025-greenBox_x016384_y014848
Unknown_Sample,20260226_279_Gen_Alg_10_8_2_Colorado2025-greenBox.czi,Gen_alg,645.27,16919.0,15146.0,35,31,108.67,0.932,20260226_279_Gen_Alg_10_8_2_Colorado2025-greenBox_x016896_y014848
Unknown_Sample,20260226_279_Gen_Alg_10_8_2_Colorado2025-greenBox.czi,Gen_alg,541.77,16949.0,15158.0,30,30,109.25,0.916,20260226_279_Gen_Alg_10_8_2_Colorado2025-greenBox_x016896_y014848
Unknown_Sample,20260226_279_Gen_Alg_10_8_2_Colorado2025-greenBox.czi,Gen_alg,642.19,1808.0,15631.0,36,31,111.84,0.952,20260226_279_Gen_Alg_10_8_2_Colorado2025-greenBox_x001536_y015360
Unknown_Sample,20260226_279_Gen_Alg_10_8_2_Colorado2025-greenBox.czi,Gen_alg,924.62,4187.0,15468.0,41,37,130.33,0.962,20260226_279_Gen_Alg_10_8_2_Colorado2025-greenBox_x003584_y015360
Unknown_Sample,20260226_279_Gen_Alg_10_8_2_Colorado2025-greenBox.czi,Gen_alg,933.85,4187.0,15468.0,41,38,131.15,0.963,20260226_279_Gen_Alg_10_8_2_Colorado2025-greenBox_x004096_y015360
Unknown_Sample,20260226_279_Gen_Alg_10_8_2_Colorado2025-greenBox.czi,Gen_alg,538.3,4890.0,15543.0,39,23,105.36,0.95,20260226_279_Gen_Alg_10_8_2_Colorado2025-greenBox_x004608_y015360
Unknown_Sample,20260226_279_Gen_Alg_10_8_2_Colorado2025-greenBox.czi,Gen_alg,867.67,5493.0,15381.0,38,38,126.33,0.959,20260226_279_Gen_Alg_10_8_2_Colorado2025-greenBox_x005120_y015360
Unknown_Sample,20260226_279_Gen_Alg_10_8_2_Colorado2025-greenBox.czi,Gen_alg,496.75,5631.0,15520.0,29,28,96.53,0.951,20260226_279_Gen_Alg_10_8_2_Colorado2025-greenBox_x005120_y015360
Unknown_Sample,20260226_279_Gen_Alg_10_8_2_Colorado2025-greenBox.czi,Gen_alg,711.07,5911.0,15914.0,33,34,113.6,0.966,20260226_279_Gen_Alg_10_8_2_Colorado2025-greenBox_x005632_y015360
Unknown_Sample,20260226_279_Gen_Alg_10_8_2_Colorado2025-greenBox.czi,Gen_alg,542.92,5901.0,15369.0,41,22,110.87,0.948,20260226_279_Gen_Alg_10_8_2_Colorado2025-greenBox_x005632_y015360
Unknown_Sample,20260226_279_Gen_Alg_10_8_2_Colorado2025-greenBox.czi,Gen_alg,629.88,5961.0,15987.0,36,27,112.04,0.946,20260226_279_Gen_Alg_10_8_2_Colorado2025-greenBox_x005632_y015360
Unknown_Sample,20260226_279_Gen_Alg_10_8_2_Colorado2025-greenBox.czi,Gen_alg,249.72,5638.0,15520.0,15,28,74.38,0.945,20260226_279_Gen_Alg_10_8_2_Colorado2025-greenBox_x005632_y015360
Unknown_Sample,20260226_279_Gen_Alg_10_8_2_Colorado2025-greenBox.czi,Gen_alg,439.03,5956.0,15779.0,30,26,91.01,0.944,20260226_279_Gen_Alg_10_8_2_Colorado2025-greenBox_x005632_y015360
Unknown_Sample,20260226_279_Gen_Alg_10_8_2_Colorado2025-greenBox.czi,Gen_alg,739.54,6568.0,15963.0,37,33,116.08,0.966,20260226_279_Gen_Alg_10_8_2_Colorado2025-greenBox_x006144_y015360
Unknown_Sample,20260226_279_Gen_Alg_10_8_2_Colorado2025-greenBox.czi,Gen_alg,1001.19,6382.0,15495.0,42,39,134.57,0.965,20260226_279_Gen_Alg_10_8_2_Colorado2025-greenBox_x006144_y015360
Unknown_Sample,20260226_279_Gen_Alg_10_8_2_Colorado2025-greenBox.czi,Gen_alg,1025.05,6819.0,15851.0,41,40,136.91,0.962,20260226_279_Gen_Alg_10_8_2_Colorado2025-greenBox_x006656_y015360
Unknown_Sample,20260226_279_Gen_Alg_10_8_2_Colorado2025-greenBox.czi,Gen_alg,571.78,7374.0,15836.0,31,31,103.6,0.959,20260226_279_Gen_Alg_10_8_2_Colorado2025-greenBox_x007168_y015360
Unknown_Sample,20260226_279_Gen_Alg_10_8_2_Colorado2025-greenBox.czi,Gen_alg,1040.44,8273.0,15766.0,43,41,138.23,0.966,20260226_279_Gen_Alg_10_8_2_Colorado2025-greenBox_x007680_y015360
Unknown_Sample,20260226_279_Gen_Alg_10_8_2_Colorado2025-greenBox.czi,Gen_alg,838.04,8037.0,15765.0,37,38,124.91,0.964,20260226_279_Gen_Alg_10_8_2_Colorado2025-greenBox_x007680_y015360
Unknown_Sample,20260226_279_Gen_Alg_10_8_2_Colorado2025-greenBox.czi,Gen_alg,859.21,8067.0,15858.0,38,37,124.33,0.962,20260226_279_Gen_Alg_10_8_2_Colorado2025-greenBox_x007680_y015360
Unknown_Sample,20260226_279_Gen_Alg_10_8_2_Colorado2025-greenBox.czi,Gen_alg,576.4,8117.0,15738.0,33,30,103.25,0.96,20260226_279_Gen_Alg_10_8_2_Colorado2025-greenBox_x007680_y015360
Unknown_Sample,20260226_279_Gen_Alg_10_8_2_Colorado2025-greenBox.czi,Gen_alg,1030.43,8273.0,15766.0,42,41,137.4,0.966,20260226_279_Gen_Alg_10_8_2_Colorado2025-greenBox_x008192_y015360
Unknown_Sample,20260226_279_Gen_Alg_10_8_2_Colorado2025-greenBox.czi,Gen_alg,892.3,8724.0,15487.0,39,37,126.33,0.964,20260226_279_Gen_Alg_10_8_2_Colorado2025-greenBox_x008192_y015360
Unknown_Sample,20260226_279_Gen_Alg_10_8_2_Colorado2025-greenBox.czi,Gen_alg,881.52,8415.0,15626.0,38,38,126.33,0.963,20260226_279_Gen_Alg_10_8_2_Colorado2025-greenBox_x008192_y015360
Unknown_Sample,20260226_279_Gen_Alg_10_8_2_Colorado2025-greenBox.czi,Gen_alg,664.51,8668.0,15809.0,33,33,109.84,0.961,20260226_279_Gen_Alg_10_8_2_Colorado2025-greenBox_x008192_y015360
Unknown_Sample,20260226_279_Gen_Alg_10_8_2_Colorado2025-greenBox.czi,Gen_alg,871.13,8330.0,15421.0,38,38,126.91,0.96,20260226_279_Gen_Alg_10_8_2_Colorado2025-greenBox_x008192_y015360
Unknown_Sample,20260226_279_Gen_Alg_10_8_2_Colorado2025-greenBox.czi,Gen_alg,895.76,8724.0,15487.0,39,37,126.91,0.963,20260226_279_Gen_Alg_10_8_2_Colorado2025-greenBox_x008704_y015360
Unknown_Sample,20260226_279_Gen_Alg_10_8_2_Colorado2025-greenBox.czi,Gen_alg,671.44,8871.0,15866.0,33,34,111.84,0.961,20260226_279_Gen_Alg_10_8_2_Colorado2025-greenBox_x008704_y015360
Unknown_Sample,20260226_279_Gen_Alg_10_8_2_Colorado2025-greenBox.czi,Gen_alg,921.16,9205.0,15709.0,38,40,128.57,0.961,20260226_279_Gen_Alg_10_8_2_Colorado2025-greenBox_x008704_y015360
Unknown_Sample,20260226_279_Gen_Alg_10_8_2_Colorado2025-greenBox.czi,Gen_alg,834.2,9059.0,15556.0,37,37,122.91,0.959,20260226_279_Gen_Alg_10_8_2_Colorado2025-greenBox_x008704_y015360
Unknown_Sample,20260226_279_Gen_Alg_10_8_2_Colorado2025-greenBox.czi,Gen_alg,911.92,9668.0,15686.0,41,37,128.57,0.962,20260226_279_Gen_Alg_10_8_2_Colorado2025-greenBox_x009216_y015360
Unknown_Sample,20260226_279_Gen_Alg_10_8_2_Colorado2025-greenBox.czi,Gen_alg,838.81,9691.0,15614.0,40,36,124.57,0.955,20260226_279_Gen_Alg_10_8_2_Colorado2025-greenBox_x009216_y015360
Unknown_Sample,20260226_279_Gen_Alg_10_8_2_Colorado2025-greenBox.czi,Gen_alg,586.78,9502.0,15986.0,33,28,108.04,0.948,20260226_279_Gen_Alg_10_8_2_Colorado2025-greenBox_x009216_y015360
Unknown_Sample,20260226_279_Gen_Alg_10_8_2_Colorado2025-greenBox.czi,Gen_alg,148.52,9219.0,15710.0,10,33,72.63,0.919,20260226_279_Gen_Alg_10_8_2_Colorado2025-greenBox_x009216_y015360
Unknown_Sample,20260226_279_Gen_Alg_10_8_2_Colorado2025-greenBox.czi,Gen_alg,832.66,9918.0,15778.0,37,38,123.74,0.965,20260226_279_Gen_Alg_10_8_2_Colorado2025-greenBox_x009728_y015360
Unknown_Sample,20260226_279_Gen_Alg_10_8_2_Colorado2025-greenBox.czi,Gen_alg,925.77,10234.0,15872.0,39,40,129.4,0.964,20260226_279_Gen_Alg_10_8_2_Colorado2025-greenBox_x009728_y015360
Unknown_Sample,20260226_279_Gen_Alg_10_8_2_Colorado2025-greenBox.czi,Gen_alg,833.04,10323.0,15566.0,36,38,124.67,0.96,20260226_279_Gen_Alg_10_8_2_Colorado2025-greenBox_x009728_y015360
Unknown_Sample,20260226_279_Gen_Alg_10_8_2_Colorado2025-greenBox.czi,Gen_alg,853.82,10586.0,15786.0,37,38,124.33,0.962,20260226_279_Gen_Alg_10_8_2_Colorado2025-greenBox_x010240_y015360
Unknown_Sample,20260226_279_Gen_Alg_10_8_2_Colorado2025-greenBox.czi,Gen_alg,749.55,10723.0,15668.0,35,36,118.08,0.959,20260226_279_Gen_Alg_10_8_2_Colorado2025-greenBox_x010240_y015360
Unknown_Sample,20260226_279_Gen_Alg_10_8_2_Colorado2025-greenBox.czi,Gen_alg,833.04,10323.0,15566.0,36,38,124.67,0.958,20260226_279_Gen_Alg_10_8_2_Colorado2025-greenBox_x010240_y015360
Unknown_Sample,20260226_279_Gen_Alg_10_8_2_Colorado2025-greenBox.czi,Gen_alg,307.44,10245.0,15872.0,15,38,90.87,0.937,20260226_279_Gen_Alg_10_8_2_Colorado2025-greenBox_x010240_y015360
Unknown_Sample,20260226_279_Gen_Alg_10_8_2_Colorado2025-greenBox.czi,Gen_alg,745.7,10985.0,15727.0,36,34,117.25,0.963,20260226_279_Gen_Alg_10_8_2_Colorado2025-greenBox_x010752_y015360
Unknown_Sample,20260226_279_Gen_Alg_10_8_2_Colorado2025-greenBox.czi,Gen_alg,814.96,11352.0,15461.0,37,37,121.74,0.963,20260226_279_Gen_Alg_10_8_2_Colorado2025-greenBox_x010752_y015360
Unknown_Sample,20260226_279_Gen_Alg_10_8_2_Colorado2025-greenBox.czi,Gen_alg,728.38,10910.0,15811.0,34,36,115.5,0.962,20260226_279_Gen_Alg_10_8_2_Colorado2025-greenBox_x010752_y015360
Unknown_Sample,20260226_279_Gen_Alg_10_8_2_Colorado2025-greenBox.czi,Gen_alg,826.12,11790.0,15897.0,38,37,123.15,0.965,20260226_279_Gen_Alg_10_8_2_Colorado2025-greenBox_x011264_y015360
Unknown_Sample,20260226_279_Gen_Alg_10_8_2_Colorado2025-greenBox.czi,Gen_alg,666.05,11699.0,15931.0,33,34,109.5,0.964,20260226_279_Gen_Alg_10_8_2_Colorado2025-greenBox_x011264_y015360
Unknown_Sample,20260226_279_Gen_Alg_10_8_2_Colorado2025-greenBox.czi,Gen_alg,814.96,11352.0,15461.0,37,37,121.74,0.963,20260226_279_Gen_Alg_10_8_2_Colorado2025-greenBox_x011264_y015360
Unknown_Sample,20260226_279_Gen_Alg_10_8_2_Colorado2025-greenBox.czi,Gen_alg,742.62,11758.0,15729.0,35,35,116.08,0.963,20260226_279_Gen_Alg_10_8_2_Colorado2025-greenBox_x011264_y015360
Unknown_Sample,20260226_279_Gen_Alg_10_8_2_Colorado2025-greenBox.czi,Gen_alg,688.75,11689.0,15516.0,33,34,113.6,0.961,20260226_279_Gen_Alg_10_8_2_Colorado2025-greenBox_x011264_y015360
Unknown_Sample,20260226_279_Gen_Alg_10_8_2_Colorado2025-greenBox.czi,Gen_alg,902.3,11832.0,15478.0,39,38,128.33,0.96,20260226_279_Gen_Alg_10_8_2_Colorado2025-greenBox_x011264_y015360
Unknown_Sample,20260226_279_Gen_Alg_10_8_2_Colorado2025-greenBox.czi,Gen_alg,779.94,11693.0,15606.0,36,36,119.5,0.959,20260226_279_Gen_Alg_10_8_2_Colorado2025-greenBox_x011264_y015360
Unknown_Sample,20260226_279_Gen_Alg_10_8_2_Colorado2025-greenBox.czi,Gen_alg,645.66,11890.0,15480.0,29,35,112.28,0.944,20260226_279_Gen_Alg_10_8_2_Colorado2025-greenBox_x011264_y015360
Unknown_Sample,20260226_279_Gen_Alg_10_8_2_Colorado2025-greenBox.czi,Gen_alg,170.46,11885.0,15363.0,34,10,76.38,0.925,20260226_279_Gen_Alg_10_8_2_Colorado2025-greenBox_x011264_y015360
Unknown_Sample,20260226_279_Gen_Alg_10_8_2_Colorado2025-greenBox.czi,Gen_alg,321.29,11772.0,15991.0,31,17,83.21,0.907,20260226_279_Gen_Alg_10_8_2_Colorado2025-greenBox_x011264_y015360
Unknown_Sample,20260226_279_Gen_Alg_10_8_2_Colorado2025-greenBox.czi,Gen_alg,774.17,11791.0,15897.0,34,37,121.6,0.969,20260226_279_Gen_Alg_10_8_2_Colorado2025-greenBox_x011776_y015360
Unknown_Sample,20260226_279_Gen_Alg_10_8_2_Colorado2025-greenBox.czi,Gen_alg,755.7,12152.0,15850.0,35,35,117.25,0.966,20260226_279_Gen_Alg_10_8_2_Colorado2025-greenBox_x011776_y015360
Unknown_Sample,20260226_279_Gen_Alg_10_8_2_Colorado2025-greenBox.czi,Gen_alg,708.37,11996.0,15659.0,36,34,114.33,0.963,20260226_279_Gen_Alg_10_8_2_Colorado2025-greenBox_x011776_y015360
Unknown_Sample,20260226_279_Gen_Alg_10_8_2_Colorado2025-greenBox.czi,Gen_alg,909.23,12200.0,15628.0,39,40,129.98,0.962,20260226_279_Gen_Alg_10_8_2_Colorado2025-greenBox_x011776_y015360
Unknown_Sample,20260226_279_Gen_Alg_10_8_2_Colorado2025-greenBox.czi,Gen_alg,901.53,11832.0,15478.0,39,38,128.33,0.96,20260226_279_Gen_Alg_10_8_2_Colorado2025-greenBox_x011776_y015360
Unknown_Sample,20260226_279_Gen_Alg_10_8_2_Colorado2025-greenBox.czi,Gen_alg,752.24,11892.0,15480.0,35,35,117.84,0.959,20260226_279_Gen_Alg_10_8_2_Colorado2025-greenBox_x011776_y015360
Unknown_Sample,20260226_279_Gen_Alg_10_8_2_Colorado2025-greenBox.czi,Gen_alg,169.69,11885.0,15363.0,33,10,74.38,0.93,20260226_279_Gen_Alg_10_8_2_Colorado2025-greenBox_x011776_y015360
Unknown_Sample,20260226_279_Gen_Alg_10_8_2_Colorado2025-greenBox.czi,Gen_alg,118.51,11781.0,15992.0,13,16,50.49,0.913,20260226_279_Gen_Alg_10_8_2_Colorado2025-greenBox_x011776_y015360
Unknown_Sample,20260226_279_Gen_Alg_10_8_2_Colorado2025-greenBox.czi,Gen_alg,839.2,12438.0,15596.0,38,36,122.33,0.964,20260226_279_Gen_Alg_10_8_2_Colorado2025-greenBox_x012288_y015360
Unknown_Sample,20260226_279_Gen_Alg_10_8_2_Colorado2025-greenBox.czi,Gen_alg,823.04,12538.0,15700.0,37,37,122.33,0.959,20260226_279_Gen_Alg_10_8_2_Colorado2025-greenBox_x012288_y015360
Unknown_Sample,20260226_279_Gen_Alg_10_8_2_Colorado2025-greenBox.czi,Gen_alg,711.45,12911.0,15603.0,33,35,115.01,0.952,20260226_279_Gen_Alg_10_8_2_Colorado2025-greenBox_x012288_y015360
Unknown_Sample,20260226_279_Gen_Alg_10_8_2_Colorado2025-greenBox.czi,Gen_alg,720.69,12910.0,15603.0,34,35,114.67,0.961,20260226_279_Gen_Alg_10_8_2_Colorado2025-greenBox_x012800_y015360
Unknown_Sample,20260226_279_Gen_Alg_10_8_2_Colorado2025-greenBox.czi,Gen_alg,251.26,13038.0,15993.0,32,14,79.21,0.884,20260226_279_Gen_Alg_10_8_2_Colorado2025-greenBox_x012800_y015360
Unknown_Sample,20260226_279_Gen_Alg_10_8_2_Colorado2025-greenBox.czi,Gen_alg,627.96,13863.0,15563.0,32,32,107.6,0.962,20260226_279_Gen_Alg_10_8_2_Colorado2025-greenBox_x013312_y015360
Unknown_Sample,20260226_279_Gen_Alg_10_8_2_Colorado2025-greenBox.czi,Gen_alg,692.98,13546.0,15933.0,34,34,112.67,0.961,20260226_279_Gen_Alg_10_8_2_Colorado2025-greenBox_x013312_y015360
Unknown_Sample,20260226_279_Gen_Alg_10_8_2_Colorado2025-greenBox.czi,Gen_alg,786.1,13780.0,15867.0,35,38,119.15,0.961,20260226_279_Gen_Alg_10_8_2_Colorado2025-greenBox_x013312_y015360
Unknown_Sample,20260226_279_Gen_Alg_10_8_2_Colorado2025-greenBox.czi,Gen_alg,359.38,13777.0,15762.0,28,21,84.63,0.952,20260226_279_Gen_Alg_10_8_2_Colorado2025-greenBox_x013312_y015360
Unknown_Sample,20260226_279_Gen_Alg_10_8_2_Colorado2025-greenBox.czi,Gen_alg,627.96,13863.0,15563.0,32,32,107.6,0.961,20260226_279_Gen_Alg_10_8_2_Colorado2025-greenBox_x013824_y015360
Unknown_Sample,20260226_279_Gen_Alg_10_8_2_Colorado2025-greenBox.czi,Gen_alg,449.8,14866.0,15619.0,24,31,92.53,0.95,20260226_279_Gen_Alg_10_8_2_Colorado2025-greenBox_x014336_y015360
Unknown_Sample,20260226_279_Gen_Alg_10_8_2_Colorado2025-greenBox.czi,Gen_alg,460.19,14866.0,15619.0,25,31,93.94,0.947,20260226_279_Gen_Alg_10_8_2_Colorado2025-greenBox_x014848_y015360
Unknown_Sample,20260226_279_Gen_Alg_10_8_2_Colorado2025-greenBox.czi,Gen_alg,324.37,15345.0,15435.0,23,25,79.7,0.944,20260226_279_Gen_Alg_10_8_2_Colorado2025-greenBox_x014848_y015360
Unknown_Sample,20260226_279_Gen_Alg_10_8_2_Colorado2025-greenBox.czi,Gen_alg,546.77,16140.0,15920.0,32,28,100.18,0.96,20260226_279_Gen_Alg_10_8_2_Colorado2025-greenBox_x015872_y015360
Unknown_Sample,20260226_279_Gen_Alg_10_8_2_Colorado2025-greenBox.czi,Gen_alg,554.46,16443.0,15702.0,28,33,101.01,0.914,20260226_279_Gen_Alg_10_8_2_Colorado2025-greenBox_x015872_y015360
Unknown_Sample,20260226_279_Gen_Alg_10_8_2_Colorado2025-greenBox.czi,Gen_alg,641.42,16444.0,15702.0,31,34,107.84,0.892,20260226_279_Gen_Alg_10_8_2_Colorado2025-greenBox_x016384_y015360
Unknown_Sample,20260226_279_Gen_Alg_10_8_2_Colorado2025-greenBox.czi,Gen_alg,106.58,16896.0,15627.0,12,15,48.73,0.677,20260226_279_Gen_Alg_10_8_2_Colorado2025-greenBox_x016384_y015360
Unknown_Sample,20260226_279_Gen_Alg_10_8_2_Colorado2025-greenBox.czi,Gen_alg,108.12,16837.0,15687.0,15,12,45.9,0.576,20260226_279_Gen_Alg_10_8_2_Colorado2025-greenBox_x016384_y015360
Unknown_Sample,20260226_279_Gen_Alg_10_8_2_Colorado2025-greenBox.czi,Gen_alg,116.59,16874.0,15618.0,12,16,49.07,0.519,20260226_279_Gen_Alg_10_8_2_Colorado2025-greenBox_x016384_y015360
Unknown_Sample,20260226_279_Gen_Alg_10_8_2_Colorado2025-greenBox.czi,Gen_alg,51.94,16826.0,15677.0,10,11,33.9,0.505,20260226_279_Gen_Alg_10_8_2_Colorado2025-greenBox_x016384_y015360
Unknown_Sample,20260226_279_Gen_Alg_10_8_2_Colorado2025-greenBox.czi,Gen_alg,711.07,5911.0,15914.0,33,34,113.6,0.966,20260226_279_Gen_Alg_10_8_2_Colorado2025-greenBox_x005632_y015872
Unknown_Sample,20260226_279_Gen_Alg_10_8_2_Colorado2025-greenBox.czi,Gen_alg,791.49,5961.0,15990.0,36,36,119.5,0.962,20260226_279_Gen_Alg_10_8_2_Colorado2025-greenBox_x005632_y015872
Unknown_Sample,20260226_279_Gen_Alg_10_8_2_Colorado2025-greenBox.czi,Gen_alg,748.39,5838.0,16215.0,36,36,119.5,0.957,20260226_279_Gen_Alg_10_8_2_Colorado2025-greenBox_x005632_y015872
Unknown_Sample,20260226_279_Gen_Alg_10_8_2_Colorado2025-greenBox.czi,Gen_alg,739.16,6568.0,15963.0,37,33,115.5,0.967,20260226_279_Gen_Alg_10_8_2_Colorado2025-greenBox_x006144_y015872
Unknown_Sample,20260226_279_Gen_Alg_10_8_2_Colorado2025-greenBox.czi,Gen_alg,795.33,7038.0,16088.0,36,37,121.5,0.964,20260226_279_Gen_Alg_10_8_2_Colorado2025-greenBox_x006656_y015872
Unknown_Sample,20260226_279_Gen_Alg_10_8_2_Colorado2025-greenBox.czi,Gen_alg,888.45,7469.0,16449.0,39,39,126.81,0.959,20260226_279_Gen_Alg_10_8_2_Colorado2025-greenBox_x007168_y015872
Unknown_Sample,20260226_279_Gen_Alg_10_8_2_Colorado2025-greenBox.czi,Gen_alg,816.88,8030.0,16146.0,36,37,121.5,0.964,20260226_279_Gen_Alg_10_8_2_Colorado2025-greenBox_x007680_y015872
Unknown_Sample,20260226_279_Gen_Alg_10_8_2_Colorado2025-greenBox.czi,Gen_alg,346.68,8416.0,16503.0,34,17,89.21,0.906,20260226_279_Gen_Alg_10_8_2_Colorado2025-greenBox_x008192_y015872
Unknown_Sample,20260226_279_Gen_Alg_10_8_2_Colorado2025-greenBox.czi,Gen_alg,774.94,9299.0,16335.0,35,36,119.25,0.96,20260226_279_Gen_Alg_10_8_2_Colorado2025-greenBox_x008704_y015872
Unknown_Sample,20260226_279_Gen_Alg_10_8_2_Colorado2025-greenBox.czi,Gen_alg,726.07,9090.0,16310.0,34,36,114.33,0.957,20260226_279_Gen_Alg_10_8_2_Colorado2025-greenBox_x008704_y015872
Unknown_Sample,20260226_279_Gen_Alg_10_8_2_Colorado2025-greenBox.czi,Gen_alg,199.31,8871.0,15876.0,31,12,73.8,0.941,20260226_279_Gen_Alg_10_8_2_Colorado2025-greenBox_x008704_y015872
Unknown_Sample,20260226_279_Gen_Alg_10_8_2_Colorado2025-greenBox.czi,Gen_alg,768.01,9586.0,16381.0,35,36,118.08,0.964,20260226_279_Gen_Alg_10_8_2_Colorado2025-greenBox_x009216_y015872
Unknown_Sample,20260226_279_Gen_Alg_10_8_2_Colorado2025-greenBox.czi,Gen_alg,719.92,9502.0,15989.0,33,37,116.67,0.963,20260226_279_Gen_Alg_10_8_2_Colorado2025-greenBox_x009216_y015872
Unknown_Sample,20260226_279_Gen_Alg_10_8_2_Colorado2025-greenBox.czi,Gen_alg,874.21,9378.0,16030.0,38,39,126.57,0.962,20260226_279_Gen_Alg_10_8_2_Colorado2025-greenBox_x009216_y015872
Unknown_Sample,20260226_279_Gen_Alg_10_8_2_Colorado2025-greenBox.czi,Gen_alg,786.1,9299.0,16335.0,36,36,120.67,0.96,20260226_279_Gen_Alg_10_8_2_Colorado2025-greenBox_x009216_y015872
Unknown_Sample,20260226_279_Gen_Alg_10_8_2_Colorado2025-greenBox.czi,Gen_alg,878.06,10228.0,16045.0,37,40,126.57,0.964,20260226_279_Gen_Alg_10_8_2_Colorado2025-greenBox_x009728_y015872
Unknown_Sample,20260226_279_Gen_Alg_10_8_2_Colorado2025-greenBox.czi,Gen_alg,758.78,10128.0,16322.0,35,36,118.08,0.963,20260226_279_Gen_Alg_10_8_2_Colorado2025-greenBox_x009728_y015872
Unknown_Sample,20260226_279_Gen_Alg_10_8_2_Colorado2025-greenBox.czi,Gen_alg,695.68,9864.0,16267.0,35,33,113.25,0.963,20260226_279_Gen_Alg_10_8_2_Colorado2025-greenBox_x009728_y015872
Unknown_Sample,20260226_279_Gen_Alg_10_8_2_Colorado2025-greenBox.czi,Gen_alg,474.81,10234.0,15880.0,39,21,104.28,0.954,20260226_279_Gen_Alg_10_8_2_Colorado2025-greenBox_x009728_y015872
Unknown_Sample,20260226_279_Gen_Alg_10_8_2_Colorado2025-greenBox.czi,Gen_alg,251.64,10269.0,16384.0,22,20,69.46,0.939,20260226_279_Gen_Alg_10_8_2_Colorado2025-greenBox_x009728_y015872
Unknown_Sample,20260226_279_Gen_Alg_10_8_2_Colorado2025-greenBox.czi,Gen_alg,859.98,10397.0,16060.0,37,37,123.5,0.964,20260226_279_Gen_Alg_10_8_2_Colorado2025-greenBox_x010240_y015872
Unknown_Sample,20260226_279_Gen_Alg_10_8_2_Colorado2025-greenBox.czi,Gen_alg,660.28,10448.0,16294.0,33,33,109.25,0.958,20260226_279_Gen_Alg_10_8_2_Colorado2025-greenBox_x010240_y015872
Unknown_Sample,20260226_279_Gen_Alg_10_8_2_Colorado2025-greenBox.czi,Gen_alg,641.42,10728.0,16485.0,32,34,109.84,0.955,20260226_279_Gen_Alg_10_8_2_Colorado2025-greenBox_x010240_y015872
Unknown_Sample,20260226_279_Gen_Alg_10_8_2_Colorado2025-greenBox.czi,Gen_alg,161.22,10246.0,15879.0,15,20,60.73,0.944,20260226_279_Gen_Alg_10_8_2_Colorado2025-greenBox_x010240_y015872
Unknown_Sample,20260226_279_Gen_Alg_10_8_2_Colorado2025-greenBox.czi,Gen_alg,251.64,10269.0,16384.0,22,20,69.46,0.939,20260226_279_Gen_Alg_10_8_2_Colorado2025-greenBox_x010240_y015872
Unknown_Sample,20260226_279_Gen_Alg_10_8_2_Colorado2025-greenBox.czi,Gen_alg,831.89,11010.0,16136.0,37,37,122.91,0.964,20260226_279_Gen_Alg_10_8_2_Colorado2025-greenBox_x010752_y015872
Unknown_Sample,20260226_279_Gen_Alg_10_8_2_Colorado2025-greenBox.czi,Gen_alg,892.68,11235.0,16221.0,38,39,127.74,0.962,20260226_279_Gen_Alg_10_8_2_Colorado2025-greenBox_x010752_y015872
Unknown_Sample,20260226_279_Gen_Alg_10_8_2_Colorado2025-greenBox.czi,Gen_alg,811.88,11368.0,16102.0,36,37,120.91,0.961,20260226_279_Gen_Alg_10_8_2_Colorado2025-greenBox_x010752_y015872
Unknown_Sample,20260226_279_Gen_Alg_10_8_2_Colorado2025-greenBox.czi,Gen_alg,611.41,11100.0,16341.0,32,32,104.67,0.959,20260226_279_Gen_Alg_10_8_2_Colorado2025-greenBox_x010752_y015872
Unknown_Sample,20260226_279_Gen_Alg_10_8_2_Colorado2025-greenBox.czi,Gen_alg,824.96,11790.0,15897.0,38,37,122.57,0.965,20260226_279_Gen_Alg_10_8_2_Colorado2025-greenBox_x011264_y015872
Unknown_Sample,20260226_279_Gen_Alg_10_8_2_Colorado2025-greenBox.czi,Gen_alg,666.05,11699.0,15931.0,33,34,109.5,0.965,20260226_279_Gen_Alg_10_8_2_Colorado2025-greenBox_x011264_y015872
Unknown_Sample,20260226_279_Gen_Alg_10_8_2_Colorado2025-greenBox.czi,Gen_alg,832.66,11368.0,16102.0,38,37,122.57,0.963,20260226_279_Gen_Alg_10_8_2_Colorado2025-greenBox_x011264_y015872
Unknown_Sample,20260226_279_Gen_Alg_10_8_2_Colorado2025-greenBox.czi,Gen_alg,614.1,11772.0,15998.0,31,32,105.6,0.958,20260226_279_Gen_Alg_10_8_2_Colorado2025-greenBox_x011264_y015872
Unknown_Sample,20260226_279_Gen_Alg_10_8_2_Colorado2025-greenBox.czi,Gen_alg,656.81,11626.0,16268.0,33,34,110.67,0.957,20260226_279_Gen_Alg_10_8_2_Colorado2025-greenBox_x011264_y015872
Unknown_Sample,20260226_279_Gen_Alg_10_8_2_Colorado2025-greenBox.czi,Gen_alg,768.01,11875.0,16035.0,36,36,118.91,0.957,20260226_279_Gen_Alg_10_8_2_Colorado2025-greenBox_x011264_y015872
Unknown_Sample,20260226_279_Gen_Alg_10_8_2_Colorado2025-greenBox.czi,Gen_alg,648.35,11673.0,16214.0,33,33,109.84,0.951,20260226_279_Gen_Alg_10_8_2_Colorado2025-greenBox_x011264_y015872
Unknown_Sample,20260226_279_Gen_Alg_10_8_2_Colorado2025-greenBox.czi,Gen_alg,774.17,11791.0,15897.0,34,37,121.6,0.969,20260226_279_Gen_Alg_10_8_2_Colorado2025-greenBox_x011776_y015872
Unknown_Sample,20260226_279_Gen_Alg_10_8_2_Colorado2025-greenBox.czi,Gen_alg,819.19,12297.0,16454.0,36,39,121.98,0.964,20260226_279_Gen_Alg_10_8_2_Colorado2025-greenBox_x011776_y015872
Unknown_Sample,20260226_279_Gen_Alg_10_8_2_Colorado2025-greenBox.czi,Gen_alg,653.74,12259.0,16079.0,32,33,109.01,0.963,20260226_279_Gen_Alg_10_8_2_Colorado2025-greenBox_x011776_y015872
Unknown_Sample,20260226_279_Gen_Alg_10_8_2_Colorado2025-greenBox.czi,Gen_alg,768.4,11875.0,16035.0,36,36,118.33,0.957,20260226_279_Gen_Alg_10_8_2_Colorado2025-greenBox_x011776_y015872
Unknown_Sample,20260226_279_Gen_Alg_10_8_2_Colorado2025-greenBox.czi,Gen_alg,231.25,11781.0,15998.0,13,31,76.38,0.936,20260226_279_Gen_Alg_10_8_2_Colorado2025-greenBox_x011776_y015872
Unknown_Sample,20260226_279_Gen_Alg_10_8_2_Colorado2025-greenBox.czi,Gen_alg,683.36,12300.0,16454.0,28,39,117.11,0.965,20260226_279_Gen_Alg_10_8_2_Colorado2025-greenBox_x012288_y015872
Unknown_Sample,20260226_279_Gen_Alg_10_8_2_Colorado2025-greenBox.czi,Gen_alg,671.82,12662.0,16164.0,34,32,109.25,0.963,20260226_279_Gen_Alg_10_8_2_Colorado2025-greenBox_x012288_y015872
Unknown_Sample,20260226_279_Gen_Alg_10_8_2_Colorado2025-greenBox.czi,Gen_alg,627.57,13038.0,16001.0,32,32,107.01,0.959,20260226_279_Gen_Alg_10_8_2_Colorado2025-greenBox_x012800_y015872
Unknown_Sample,20260226_279_Gen_Alg_10_8_2_Colorado2025-greenBox.czi,Gen_alg,695.68,13546.0,15933.0,34,34,112.08,0.961,20260226_279_Gen_Alg_10_8_2_Colorado2025-greenBox_x013312_y015872
Unknown_Sample,20260226_279_Gen_Alg_10_8_2_Colorado2025-greenBox.czi,Gen_alg,275.5,13780.0,15877.0,34,15,83.46,0.94,20260226_279_Gen_Alg_10_8_2_Colorado2025-greenBox_x013312_y015872
Unknown_Sample,20260226_279_Gen_Alg_10_8_2_Colorado2025-greenBox.czi,Gen_alg,546.77,16140.0,15920.0,32,28,100.18,0.96,20260226_279_Gen_Alg_10_8_2_Colorado2025-greenBox_x015872_y015872
Unknown_Sample,20260226_279_Gen_Alg_10_8_2_Colorado2025-greenBox.czi,Gen_alg,365.54,1940.0,16906.0,29,21,84.28,0.949,20260226_279_Gen_Alg_10_8_2_Colorado2025-greenBox_x001536_y016384
Unknown_Sample,20260226_279_Gen_Alg_10_8_2_Colorado2025-greenBox.czi,Gen_alg,517.91,4578.0,16724.0,30,31,101.6,0.953,20260226_279_Gen_Alg_10_8_2_Colorado2025-greenBox_x004096_y016384
Unknown_Sample,20260226_279_Gen_Alg_10_8_2_Colorado2025-greenBox.czi,Gen_alg,266.65,7208.0,17016.0,28,16,77.56,0.887,20260226_279_Gen_Alg_10_8_2_Colorado2025-greenBox_x006656_y016384
Unknown_Sample,20260226_279_Gen_Alg_10_8_2_Colorado2025-greenBox.czi,Gen_alg,691.44,7443.0,16827.0,34,33,113.01,0.962,20260226_279_Gen_Alg_10_8_2_Colorado2025-greenBox_x007168_y016384
Unknown_Sample,20260226_279_Gen_Alg_10_8_2_Colorado2025-greenBox.czi,Gen_alg,892.3,7469.0,16449.0,39,39,126.81,0.959,20260226_279_Gen_Alg_10_8_2_Colorado2025-greenBox_x007168_y016384
Unknown_Sample,20260226_279_Gen_Alg_10_8_2_Colorado2025-greenBox.czi,Gen_alg,265.11,7208.0,17016.0,28,16,77.56,0.89,20260226_279_Gen_Alg_10_8_2_Colorado2025-greenBox_x007168_y016384
Unknown_Sample,20260226_279_Gen_Alg_10_8_2_Colorado2025-greenBox.czi,Gen_alg,706.83,8267.0,16573.0,38,31,113.5,0.958,20260226_279_Gen_Alg_10_8_2_Colorado2025-greenBox_x007680_y016384
Unknown_Sample,20260226_279_Gen_Alg_10_8_2_Colorado2025-greenBox.czi,Gen_alg,781.48,8303.0,16744.0,33,37,120.18,0.952,20260226_279_Gen_Alg_10_8_2_Colorado2025-greenBox_x007680_y016384
Unknown_Sample,20260226_279_Gen_Alg_10_8_2_Colorado2025-greenBox.czi,Gen_alg,470.97,7914.0,16619.0,22,35,95.94,0.948,20260226_279_Gen_Alg_10_8_2_Colorado2025-greenBox_x007680_y016384
Unknown_Sample,20260226_279_Gen_Alg_10_8_2_Colorado2025-greenBox.czi,Gen_alg,701.45,8306.0,16541.0,28,39,117.7,0.944,20260226_279_Gen_Alg_10_8_2_Colorado2025-greenBox_x007680_y016384
Unknown_Sample,20260226_279_Gen_Alg_10_8_2_Colorado2025-greenBox.czi,Gen_alg,932.31,8535.0,16626.0,39,39,129.15,0.967,20260226_279_Gen_Alg_10_8_2_Colorado2025-greenBox_x008192_y016384
Unknown_Sample,20260226_279_Gen_Alg_10_8_2_Colorado2025-greenBox.czi,Gen_alg,726.46,8416.0,16511.0,34,35,114.08,0.964,20260226_279_Gen_Alg_10_8_2_Colorado2025-greenBox_x008192_y016384
Unknown_Sample,20260226_279_Gen_Alg_10_8_2_Colorado2025-greenBox.czi,Gen_alg,818.42,8304.0,16744.0,36,37,121.5,0.963,20260226_279_Gen_Alg_10_8_2_Colorado2025-greenBox_x008192_y016384
Unknown_Sample,20260226_279_Gen_Alg_10_8_2_Colorado2025-greenBox.czi,Gen_alg,869.98,8309.0,16541.0,37,39,125.15,0.963,20260226_279_Gen_Alg_10_8_2_Colorado2025-greenBox_x008192_y016384
Unknown_Sample,20260226_279_Gen_Alg_10_8_2_Colorado2025-greenBox.czi,Gen_alg,707.22,8267.0,16573.0,38,31,114.08,0.958,20260226_279_Gen_Alg_10_8_2_Colorado2025-greenBox_x008192_y016384
Unknown_Sample,20260226_279_Gen_Alg_10_8_2_Colorado2025-greenBox.czi,Gen_alg,706.45,9395.0,16535.0,34,33,113.6,0.961,20260226_279_Gen_Alg_10_8_2_Colorado2025-greenBox_x009216_y016384
Unknown_Sample,20260226_279_Gen_Alg_10_8_2_Colorado2025-greenBox.czi,Gen_alg,546.77,9388.0,16958.0,30,30,99.01,0.96,20260226_279_Gen_Alg_10_8_2_Colorado2025-greenBox_x009216_y016384
Unknown_Sample,20260226_279_Gen_Alg_10_8_2_Colorado2025-greenBox.czi,Gen_alg,307.44,9586.0,16390.0,35,16,86.87,0.947,20260226_279_Gen_Alg_10_8_2_Colorado2025-greenBox_x009216_y016384
Unknown_Sample,20260226_279_Gen_Alg_10_8_2_Colorado2025-greenBox.czi,Gen_alg,831.5,10233.0,16768.0,36,38,124.33,0.964,20260226_279_Gen_Alg_10_8_2_Colorado2025-greenBox_x009728_y016384
Unknown_Sample,20260226_279_Gen_Alg_10_8_2_Colorado2025-greenBox.czi,Gen_alg,682.21,10221.0,16532.0,34,34,112.67,0.962,20260226_279_Gen_Alg_10_8_2_Colorado2025-greenBox_x009728_y016384
Unknown_Sample,20260226_279_Gen_Alg_10_8_2_Colorado2025-greenBox.czi,Gen_alg,716.07,10259.0,16841.0,35,34,115.84,0.959,20260226_279_Gen_Alg_10_8_2_Colorado2025-greenBox_x009728_y016384
Unknown_Sample,20260226_279_Gen_Alg_10_8_2_Colorado2025-greenBox.czi,Gen_alg,121.59,10267.0,16388.0,20,11,52.14,0.938,20260226_279_Gen_Alg_10_8_2_Colorado2025-greenBox_x009728_y016384
Unknown_Sample,20260226_279_Gen_Alg_10_8_2_Colorado2025-greenBox.czi,Gen_alg,385.55,10075.0,17012.0,30,24,93.46,0.858,20260226_279_Gen_Alg_10_8_2_Colorado2025-greenBox_x009728_y016384
Unknown_Sample,20260226_279_Gen_Alg_10_8_2_Colorado2025-greenBox.czi,Gen_alg,733.0,10258.0,16841.0,36,34,117.84,0.957,20260226_279_Gen_Alg_10_8_2_Colorado2025-greenBox_x010240_y016384
Unknown_Sample,20260226_279_Gen_Alg_10_8_2_Colorado2025-greenBox.czi,Gen_alg,639.88,10728.0,16485.0,32,34,109.84,0.956,20260226_279_Gen_Alg_10_8_2_Colorado2025-greenBox_x010240_y016384
Unknown_Sample,20260226_279_Gen_Alg_10_8_2_Colorado2025-greenBox.czi,Gen_alg,320.9,10689.0,16749.0,23,23,77.46,0.937,20260226_279_Gen_Alg_10_8_2_Colorado2025-greenBox_x010240_y016384
Unknown_Sample,20260226_279_Gen_Alg_10_8_2_Colorado2025-greenBox.czi,Gen_alg,215.86,10244.0,16769.0,12,36,82.04,0.935,20260226_279_Gen_Alg_10_8_2_Colorado2025-greenBox_x010240_y016384
Unknown_Sample,20260226_279_Gen_Alg_10_8_2_Colorado2025-greenBox.czi,Gen_alg,122.36,10267.0,16388.0,20,11,52.14,0.932,20260226_279_Gen_Alg_10_8_2_Colorado2025-greenBox_x010240_y016384
Unknown_Sample,20260226_279_Gen_Alg_10_8_2_Colorado2025-greenBox.czi,Gen_alg,819.19,12297.0,16454.0,36,39,121.98,0.964,20260226_279_Gen_Alg_10_8_2_Colorado2025-greenBox_x011776_y016384
Unknown_Sample,20260226_279_Gen_Alg_10_8_2_Colorado2025-greenBox.czi,Gen_alg,602.18,11947.0,16631.0,32,31,103.84,0.955,20260226_279_Gen_Alg_10_8_2_Colorado2025-greenBox_x011776_y016384
Unknown_Sample,20260226_279_Gen_Alg_10_8_2_Colorado2025-greenBox.czi,Gen_alg,683.36,12300.0,16454.0,28,39,117.11,0.964,20260226_279_Gen_Alg_10_8_2_Colorado2025-greenBox_x012288_y016384
Unknown_Sample,20260226_279_Gen_Alg_10_8_2_Colorado2025-greenBox.czi,Gen_alg,359.0,12758.0,16615.0,24,25,82.87,0.943,20260226_279_Gen_Alg_10_8_2_Colorado2025-greenBox_x012288_y016384
Unknown_Sample,20260226_279_Gen_Alg_10_8_2_Colorado2025-greenBox.czi,Gen_alg,533.3,13280.0,16797.0,29,30,98.77,0.956,20260226_279_Gen_Alg_10_8_2_Colorado2025-greenBox_x012800_y016384
Unknown_Sample,20260226_279_Gen_Alg_10_8_2_Colorado2025-greenBox.czi,Gen_alg,941.55,14614.0,16568.0,41,38,131.15,0.96,20260226_279_Gen_Alg_10_8_2_Colorado2025-greenBox_x014336_y016384
Unknown_Sample,20260226_279_Gen_Alg_10_8_2_Colorado2025-greenBox.czi,Gen_alg,145.45,15649.0,16600.0,16,15,52.14,0.937,20260226_279_Gen_Alg_10_8_2_Colorado2025-greenBox_x015360_y016384
Unknown_Sample,20260226_279_Gen_Alg_10_8_2_Colorado2025-greenBox.czi,Gen_alg,67.72,16315.0,16629.0,10,11,36.83,0.782,20260226_279_Gen_Alg_10_8_2_Colorado2025-greenBox_x015872_y016384
Unknown_Sample,20260226_279_Gen_Alg_10_8_2_Colorado2025-greenBox.czi,Gen_alg,374.77,1940.0,16906.0,29,21,85.46,0.948,20260226_279_Gen_Alg_10_8_2_Colorado2025-greenBox_x001536_y016896
Unknown_Sample,20260226_279_Gen_Alg_10_8_2_Colorado2025-greenBox.czi,Gen_alg,389.78,4293.0,17046.0,30,22,87.7,0.948,20260226_279_Gen_Alg_10_8_2_Colorado2025-greenBox_x004096_y016896
Unknown_Sample,20260226_279_Gen_Alg_10_8_2_Colorado2025-greenBox.czi,Gen_alg,478.66,7208.0,17021.0,28,29,97.11,0.943,20260226_279_Gen_Alg_10_8_2_Colorado2025-greenBox_x006656_y016896
Unknown_Sample,20260226_279_Gen_Alg_10_8_2_Colorado2025-greenBox.czi,Gen_alg,472.51,6813.0,17403.0,32,28,104.43,0.901,20260226_279_Gen_Alg_10_8_2_Colorado2025-greenBox_x006656_y016896
Unknown_Sample,20260226_279_Gen_Alg_10_8_2_Colorado2025-greenBox.czi,Gen_alg,82.34,6801.0,17387.0,13,11,40.49,0.597,20260226_279_Gen_Alg_10_8_2_Colorado2025-greenBox_x006656_y016896
Unknown_Sample,20260226_279_Gen_Alg_10_8_2_Colorado2025-greenBox.czi,Gen_alg,485.2,7208.0,17021.0,28,29,97.7,0.936,20260226_279_Gen_Alg_10_8_2_Colorado2025-greenBox_x007168_y016896
Unknown_Sample,20260226_279_Gen_Alg_10_8_2_Colorado2025-greenBox.czi,Gen_alg,72.72,8071.0,17153.0,10,12,38.24,0.808,20260226_279_Gen_Alg_10_8_2_Colorado2025-greenBox_x007680_y016896
Unknown_Sample,20260226_279_Gen_Alg_10_8_2_Colorado2025-greenBox.czi,Gen_alg,588.71,9388.0,16958.0,31,31,102.43,0.948,20260226_279_Gen_Alg_10_8_2_Colorado2025-greenBox_x009216_y016896
Unknown_Sample,20260226_279_Gen_Alg_10_8_2_Colorado2025-greenBox.czi,Gen_alg,594.86,9782.0,17125.0,31,31,104.77,0.941,20260226_279_Gen_Alg_10_8_2_Colorado2025-greenBox_x009216_y016896
Unknown_Sample,20260226_279_Gen_Alg_10_8_2_Colorado2025-greenBox.czi,Gen_alg,595.63,9782.0,17125.0,31,31,104.77,0.947,20260226_279_Gen_Alg_10_8_2_Colorado2025-greenBox_x009728_y016896
Unknown_Sample,20260226_279_Gen_Alg_10_8_2_Colorado2025-greenBox.czi,Gen_alg,680.29,10274.0,17047.0,33,34,112.43,0.945,20260226_279_Gen_Alg_10_8_2_Colorado2025-greenBox_x009728_y016896
Unknown_Sample,20260226_279_Gen_Alg_10_8_2_Colorado2025-greenBox.czi,Gen_alg,761.86,10095.0,17035.0,36,35,131.5,0.932,20260226_279_Gen_Alg_10_8_2_Colorado2025-greenBox_x009728_y016896
Unknown_Sample,20260226_279_Gen_Alg_10_8_2_Colorado2025-greenBox.czi,Gen_alg,479.05,10074.0,17012.0,32,28,99.01,0.897,20260226_279_Gen_Alg_10_8_2_Colorado2025-greenBox_x009728_y016896
Unknown_Sample,20260226_279_Gen_Alg_10_8_2_Colorado2025-greenBox.czi,Gen_alg,585.63,10854.0,17088.0,28,35,104.43,0.942,20260226_279_Gen_Alg_10_8_2_Colorado2025-greenBox_x010240_y016896
Unknown_Sample,20260226_279_Gen_Alg_10_8_2_Colorado2025-greenBox.czi,Gen_alg,707.99,10274.0,17046.0,33,35,112.08,0.94,20260226_279_Gen_Alg_10_8_2_Colorado2025-greenBox_x010240_y016896
Unknown_Sample,20260226_279_Gen_Alg_10_8_2_Colorado2025-greenBox.czi,Gen_alg,571.78,10854.0,17088.0,27,35,103.6,0.943,20260226_279_Gen_Alg_10_8_2_Colorado2025-greenBox_x010752_y016896
Unknown_Sample,20260226_279_Gen_Alg_10_8_2_Colorado2025-greenBox.czi,Gen_alg,766.09,11971.0,17274.0,35,35,117.84,0.937,20260226_279_Gen_Alg_10_8_2_Colorado2025-greenBox_x011776_y016896
Unknown_Sample,20260226_279_Gen_Alg_10_8_2_Colorado2025-greenBox.czi,Gen_alg,464.81,12049.0,17113.0,25,31,93.94,0.933,20260226_279_Gen_Alg_10_8_2_Colorado2025-greenBox_x011776_y016896
Unknown_Sample,20260226_279_Gen_Alg_10_8_2_Colorado2025-greenBox.czi,Gen_alg,409.02,15077.0,17079.0,29,24,87.36,0.92,20260226_279_Gen_Alg_10_8_2_Colorado2025-greenBox_x014848_y016896
Unknown_Sample,20260226_279_Gen_Alg_10_8_2_Colorado2025-greenBox.czi,Gen_alg,397.47,15614.0,17143.0,24,27,85.7,0.914,20260226_279_Gen_Alg_10_8_2_Colorado2025-greenBox_x015360_y016896
