Sample_ID,CZI_File,Species,Area_um2,Centroid_X,Centroid_Y,Width_px,Height_px,Perimeter_px,Confidence,Tile
Unknown_Sample,20251031_012_pol_pro_Sed_lan_2025_11_Colorado2025.czi,Sed_lan,303.2,584.0,39.0,21,23,74.63,0.952,20251031_012_pol_pro_Sed_lan_2025_11_Colorado2025_x000000_y000000
Unknown_Sample,20251031_012_pol_pro_Sed_lan_2025_11_Colorado2025.czi,Sed_lan,282.04,591.0,278.0,21,22,72.04,0.94,20251031_012_pol_pro_Sed_lan_2025_11_Colorado2025_x000000_y000000
Unknown_Sample,20251031_012_pol_pro_Sed_lan_2025_11_Colorado2025.czi,Sed_lan,300.9,584.0,39.0,21,23,74.63,0.953,20251031_012_pol_pro_Sed_lan_2025_11_Colorado2025_x000512_y000000
Unknown_Sample,20251031_012_pol_pro_Sed_lan_2025_11_Colorado2025.czi,Sed_lan,277.81,591.0,278.0,21,22,71.46,0.948,20251031_012_pol_pro_Sed_lan_2025_11_Colorado2025_x000512_y000000
Unknown_Sample,20251031_012_pol_pro_Sed_lan_2025_11_Colorado2025.czi,Sed_lan,251.64,653.0,251.0,20,21,68.63,0.943,20251031_012_pol_pro_Sed_lan_2025_11_Colorado2025_x000512_y000000
Unknown_Sample,20251031_012_pol_pro_Sed_lan_2025_11_Colorado2025.czi,Sed_lan,213.94,726.0,281.0,18,19,61.8,0.942,20251031_012_pol_pro_Sed_lan_2025_11_Colorado2025_x000512_y000000
Unknown_Sample,20251031_012_pol_pro_Sed_lan_2025_11_Colorado2025.czi,Sed_lan,258.19,653.0,513.0,21,21,70.04,0.932,20251031_012_pol_pro_Sed_lan_2025_11_Colorado2025_x000512_y000000
Unknown_Sample,20251031_012_pol_pro_Sed_lan_2025_11_Colorado2025.czi,Sed_lan,255.49,2153.0,149.0,20,21,68.63,0.948,20251031_012_pol_pro_Sed_lan_2025_11_Colorado2025_x001536_y000000
Unknown_Sample,20251031_012_pol_pro_Sed_lan_2025_11_Colorado2025.czi,Sed_lan,260.49,2069.0,187.0,19,22,71.56,0.914,20251031_012_pol_pro_Sed_lan_2025_11_Colorado2025_x001536_y000000
Unknown_Sample,20251031_012_pol_pro_Sed_lan_2025_11_Colorado2025.czi,Sed_lan,157.37,1899.0,314.0,14,19,56.73,0.596,20251031_012_pol_pro_Sed_lan_2025_11_Colorado2025_x001536_y000000
Unknown_Sample,20251031_012_pol_pro_Sed_lan_2025_11_Colorado2025.czi,Sed_lan,257.42,2153.0,149.0,20,21,68.04,0.948,20251031_012_pol_pro_Sed_lan_2025_11_Colorado2025_x002048_y000000
Unknown_Sample,20251031_012_pol_pro_Sed_lan_2025_11_Colorado2025.czi,Sed_lan,254.34,2327.0,221.0,21,20,69.21,0.942,20251031_012_pol_pro_Sed_lan_2025_11_Colorado2025_x002048_y000000
Unknown_Sample,20251031_012_pol_pro_Sed_lan_2025_11_Colorado2025.czi,Sed_lan,217.4,2361.0,582.0,20,18,64.38,0.93,20251031_012_pol_pro_Sed_lan_2025_11_Colorado2025_x002048_y000000
Unknown_Sample,20251031_012_pol_pro_Sed_lan_2025_11_Colorado2025.czi,Sed_lan,253.18,2534.0,563.0,20,21,68.63,0.93,20251031_012_pol_pro_Sed_lan_2025_11_Colorado2025_x002048_y000000
Unknown_Sample,20251031_012_pol_pro_Sed_lan_2025_11_Colorado2025.czi,Sed_lan,259.72,2069.0,187.0,19,22,70.38,0.916,20251031_012_pol_pro_Sed_lan_2025_11_Colorado2025_x002048_y000000
Unknown_Sample,20251031_012_pol_pro_Sed_lan_2025_11_Colorado2025.czi,Sed_lan,328.98,2950.0,613.0,23,24,77.7,0.948,20251031_012_pol_pro_Sed_lan_2025_11_Colorado2025_x002560_y000000
Unknown_Sample,20251031_012_pol_pro_Sed_lan_2025_11_Colorado2025.czi,Sed_lan,258.19,2738.0,237.0,21,21,70.04,0.946,20251031_012_pol_pro_Sed_lan_2025_11_Colorado2025_x002560_y000000
Unknown_Sample,20251031_012_pol_pro_Sed_lan_2025_11_Colorado2025.czi,Sed_lan,238.18,2981.0,584.0,19,20,66.38,0.935,20251031_012_pol_pro_Sed_lan_2025_11_Colorado2025_x002560_y000000
Unknown_Sample,20251031_012_pol_pro_Sed_lan_2025_11_Colorado2025.czi,Sed_lan,130.05,2900.0,357.0,14,15,49.31,0.924,20251031_012_pol_pro_Sed_lan_2025_11_Colorado2025_x002560_y000000
Unknown_Sample,20251031_012_pol_pro_Sed_lan_2025_11_Colorado2025.czi,Sed_lan,307.05,3362.0,343.0,22,23,76.63,0.954,20251031_012_pol_pro_Sed_lan_2025_11_Colorado2025_x003072_y000000
Unknown_Sample,20251031_012_pol_pro_Sed_lan_2025_11_Colorado2025.czi,Sed_lan,310.51,3396.0,351.0,22,23,73.7,0.952,20251031_012_pol_pro_Sed_lan_2025_11_Colorado2025_x003072_y000000
Unknown_Sample,20251031_012_pol_pro_Sed_lan_2025_11_Colorado2025.czi,Sed_lan,312.05,3422.0,553.0,22,23,77.21,0.949,20251031_012_pol_pro_Sed_lan_2025_11_Colorado2025_x003072_y000000
Unknown_Sample,20251031_012_pol_pro_Sed_lan_2025_11_Colorado2025.czi,Sed_lan,265.5,3455.0,233.0,21,21,70.63,0.932,20251031_012_pol_pro_Sed_lan_2025_11_Colorado2025_x003072_y000000
Unknown_Sample,20251031_012_pol_pro_Sed_lan_2025_11_Colorado2025.czi,Sed_lan,150.06,3549.0,399.0,18,14,54.14,0.785,20251031_012_pol_pro_Sed_lan_2025_11_Colorado2025_x003072_y000000
Unknown_Sample,20251031_012_pol_pro_Sed_lan_2025_11_Colorado2025.czi,Sed_lan,223.17,3916.0,204.0,18,20,66.14,0.921,20251031_012_pol_pro_Sed_lan_2025_11_Colorado2025_x003584_y000000
Unknown_Sample,20251031_012_pol_pro_Sed_lan_2025_11_Colorado2025.czi,Sed_lan,234.71,4263.0,403.0,19,21,67.8,0.917,20251031_012_pol_pro_Sed_lan_2025_11_Colorado2025_x004096_y000000
Unknown_Sample,20251031_012_pol_pro_Sed_lan_2025_11_Colorado2025.czi,Sed_lan,273.19,4900.0,103.0,21,21,70.63,0.927,20251031_012_pol_pro_Sed_lan_2025_11_Colorado2025_x004608_y000000
Unknown_Sample,20251031_012_pol_pro_Sed_lan_2025_11_Colorado2025.czi,Sed_lan,232.79,5113.0,164.0,19,20,65.21,0.923,20251031_012_pol_pro_Sed_lan_2025_11_Colorado2025_x004608_y000000
Unknown_Sample,20251031_012_pol_pro_Sed_lan_2025_11_Colorado2025.czi,Sed_lan,255.88,5553.0,449.0,20,21,69.21,0.933,20251031_012_pol_pro_Sed_lan_2025_11_Colorado2025_x005120_y000000
Unknown_Sample,20251031_012_pol_pro_Sed_lan_2025_11_Colorado2025.czi,Sed_lan,285.5,5420.0,455.0,20,23,72.63,0.924,20251031_012_pol_pro_Sed_lan_2025_11_Colorado2025_x005120_y000000
Unknown_Sample,20251031_012_pol_pro_Sed_lan_2025_11_Colorado2025.czi,Sed_lan,224.32,5697.0,456.0,18,20,65.56,0.91,20251031_012_pol_pro_Sed_lan_2025_11_Colorado2025_x005120_y000000
Unknown_Sample,20251031_012_pol_pro_Sed_lan_2025_11_Colorado2025.czi,Sed_lan,258.19,5891.0,292.0,20,21,69.21,0.929,20251031_012_pol_pro_Sed_lan_2025_11_Colorado2025_x005632_y000000
Unknown_Sample,20251031_012_pol_pro_Sed_lan_2025_11_Colorado2025.czi,Sed_lan,224.32,5697.0,456.0,18,20,65.56,0.904,20251031_012_pol_pro_Sed_lan_2025_11_Colorado2025_x005632_y000000
Unknown_Sample,20251031_012_pol_pro_Sed_lan_2025_11_Colorado2025.czi,Sed_lan,226.25,7604.0,154.0,19,19,66.14,0.921,20251031_012_pol_pro_Sed_lan_2025_11_Colorado2025_x007168_y000000
Unknown_Sample,20251031_012_pol_pro_Sed_lan_2025_11_Colorado2025.czi,Sed_lan,247.8,8294.0,93.0,20,20,67.8,0.93,20251031_012_pol_pro_Sed_lan_2025_11_Colorado2025_x007680_y000000
Unknown_Sample,20251031_012_pol_pro_Sed_lan_2025_11_Colorado2025.czi,Sed_lan,180.46,8124.0,165.0,18,17,58.38,0.918,20251031_012_pol_pro_Sed_lan_2025_11_Colorado2025_x007680_y000000
Unknown_Sample,20251031_012_pol_pro_Sed_lan_2025_11_Colorado2025.czi,Sed_lan,248.57,8294.0,93.0,20,20,67.8,0.927,20251031_012_pol_pro_Sed_lan_2025_11_Colorado2025_x008192_y000000
Unknown_Sample,20251031_012_pol_pro_Sed_lan_2025_11_Colorado2025.czi,Sed_lan,232.41,8716.0,251.0,19,20,65.8,0.924,20251031_012_pol_pro_Sed_lan_2025_11_Colorado2025_x008192_y000000
Unknown_Sample,20251031_012_pol_pro_Sed_lan_2025_11_Colorado2025.czi,Sed_lan,196.24,8650.0,198.0,19,17,60.97,0.917,20251031_012_pol_pro_Sed_lan_2025_11_Colorado2025_x008192_y000000
Unknown_Sample,20251031_012_pol_pro_Sed_lan_2025_11_Colorado2025.czi,Sed_lan,371.69,8810.0,59.0,24,26,83.11,0.877,20251031_012_pol_pro_Sed_lan_2025_11_Colorado2025_x008192_y000000
Unknown_Sample,20251031_012_pol_pro_Sed_lan_2025_11_Colorado2025.czi,Sed_lan,222.4,9261.0,101.0,19,19,63.8,0.941,20251031_012_pol_pro_Sed_lan_2025_11_Colorado2025_x008704_y000000
Unknown_Sample,20251031_012_pol_pro_Sed_lan_2025_11_Colorado2025.czi,Sed_lan,268.96,9184.0,164.0,21,21,70.04,0.936,20251031_012_pol_pro_Sed_lan_2025_11_Colorado2025_x008704_y000000
Unknown_Sample,20251031_012_pol_pro_Sed_lan_2025_11_Colorado2025.czi,Sed_lan,159.68,9194.0,544.0,16,17,56.73,0.933,20251031_012_pol_pro_Sed_lan_2025_11_Colorado2025_x008704_y000000
Unknown_Sample,20251031_012_pol_pro_Sed_lan_2025_11_Colorado2025.czi,Sed_lan,237.41,8716.0,251.0,19,20,66.38,0.917,20251031_012_pol_pro_Sed_lan_2025_11_Colorado2025_x008704_y000000
Unknown_Sample,20251031_012_pol_pro_Sed_lan_2025_11_Colorado2025.czi,Sed_lan,240.87,9223.0,215.0,20,20,66.63,0.914,20251031_012_pol_pro_Sed_lan_2025_11_Colorado2025_x008704_y000000
Unknown_Sample,20251031_012_pol_pro_Sed_lan_2025_11_Colorado2025.czi,Sed_lan,287.43,9226.0,196.0,23,22,74.87,0.901,20251031_012_pol_pro_Sed_lan_2025_11_Colorado2025_x008704_y000000
Unknown_Sample,20251031_012_pol_pro_Sed_lan_2025_11_Colorado2025.czi,Sed_lan,371.31,8810.0,59.0,24,26,83.7,0.884,20251031_012_pol_pro_Sed_lan_2025_11_Colorado2025_x008704_y000000
Unknown_Sample,20251031_012_pol_pro_Sed_lan_2025_11_Colorado2025.czi,Sed_lan,234.71,9261.0,101.0,20,19,65.8,0.937,20251031_012_pol_pro_Sed_lan_2025_11_Colorado2025_x009216_y000000
Unknown_Sample,20251031_012_pol_pro_Sed_lan_2025_11_Colorado2025.czi,Sed_lan,316.67,9357.0,220.0,23,22,76.04,0.931,20251031_012_pol_pro_Sed_lan_2025_11_Colorado2025_x009216_y000000
Unknown_Sample,20251031_012_pol_pro_Sed_lan_2025_11_Colorado2025.czi,Sed_lan,262.42,9625.0,208.0,20,21,70.97,0.921,20251031_012_pol_pro_Sed_lan_2025_11_Colorado2025_x009216_y000000
Unknown_Sample,20251031_012_pol_pro_Sed_lan_2025_11_Colorado2025.czi,Sed_lan,322.83,9731.0,149.0,23,23,78.04,0.913,20251031_012_pol_pro_Sed_lan_2025_11_Colorado2025_x009216_y000000
Unknown_Sample,20251031_012_pol_pro_Sed_lan_2025_11_Colorado2025.czi,Sed_lan,411.71,9362.0,46.0,26,26,87.11,0.903,20251031_012_pol_pro_Sed_lan_2025_11_Colorado2025_x009216_y000000
Unknown_Sample,20251031_012_pol_pro_Sed_lan_2025_11_Colorado2025.czi,Sed_lan,351.3,9499.0,52.0,24,25,81.7,0.897,20251031_012_pol_pro_Sed_lan_2025_11_Colorado2025_x009216_y000000
Unknown_Sample,20251031_012_pol_pro_Sed_lan_2025_11_Colorado2025.czi,Sed_lan,283.2,9226.0,196.0,22,22,76.63,0.895,20251031_012_pol_pro_Sed_lan_2025_11_Colorado2025_x009216_y000000
Unknown_Sample,20251031_012_pol_pro_Sed_lan_2025_11_Colorado2025.czi,Sed_lan,281.66,9491.0,73.0,21,23,72.28,0.888,20251031_012_pol_pro_Sed_lan_2025_11_Colorado2025_x009216_y000000
Unknown_Sample,20251031_012_pol_pro_Sed_lan_2025_11_Colorado2025.czi,Sed_lan,224.32,9224.0,215.0,18,20,65.56,0.849,20251031_012_pol_pro_Sed_lan_2025_11_Colorado2025_x009216_y000000
Unknown_Sample,20251031_012_pol_pro_Sed_lan_2025_11_Colorado2025.czi,Sed_lan,203.16,9735.0,149.0,15,23,66.14,0.918,20251031_012_pol_pro_Sed_lan_2025_11_Colorado2025_x009728_y000000
Unknown_Sample,20251031_012_pol_pro_Sed_lan_2025_11_Colorado2025.czi,Sed_lan,316.29,9977.0,30.0,22,23,77.8,0.819,20251031_012_pol_pro_Sed_lan_2025_11_Colorado2025_x009728_y000000
Unknown_Sample,20251031_012_pol_pro_Sed_lan_2025_11_Colorado2025.czi,Sed_lan,136.98,9984.0,221.0,15,15,51.31,0.745,20251031_012_pol_pro_Sed_lan_2025_11_Colorado2025_x009728_y000000
Unknown_Sample,20251031_012_pol_pro_Sed_lan_2025_11_Colorado2025.czi,Sed_lan,276.27,10657.0,167.0,21,22,72.63,0.934,20251031_012_pol_pro_Sed_lan_2025_11_Colorado2025_x010240_y000000
Unknown_Sample,20251031_012_pol_pro_Sed_lan_2025_11_Colorado2025.czi,Sed_lan,199.31,10460.0,220.0,15,22,62.97,0.889,20251031_012_pol_pro_Sed_lan_2025_11_Colorado2025_x010240_y000000
Unknown_Sample,20251031_012_pol_pro_Sed_lan_2025_11_Colorado2025.czi,Sed_lan,384.01,11150.0,327.0,25,25,84.28,0.952,20251031_012_pol_pro_Sed_lan_2025_11_Colorado2025_x010752_y000000
Unknown_Sample,20251031_012_pol_pro_Sed_lan_2025_11_Colorado2025.czi,Sed_lan,322.44,11069.0,294.0,23,23,78.63,0.947,20251031_012_pol_pro_Sed_lan_2025_11_Colorado2025_x010752_y000000
Unknown_Sample,20251031_012_pol_pro_Sed_lan_2025_11_Colorado2025.czi,Sed_lan,290.51,11168.0,264.0,22,22,72.87,0.934,20251031_012_pol_pro_Sed_lan_2025_11_Colorado2025_x010752_y000000
Unknown_Sample,20251031_012_pol_pro_Sed_lan_2025_11_Colorado2025.czi,Sed_lan,139.67,11182.0,250.0,15,16,51.56,0.909,20251031_012_pol_pro_Sed_lan_2025_11_Colorado2025_x010752_y000000
Unknown_Sample,20251031_012_pol_pro_Sed_lan_2025_11_Colorado2025.czi,Sed_lan,171.61,11088.0,28.0,17,17,56.97,0.903,20251031_012_pol_pro_Sed_lan_2025_11_Colorado2025_x010752_y000000
Unknown_Sample,20251031_012_pol_pro_Sed_lan_2025_11_Colorado2025.czi,Sed_lan,251.64,11185.0,479.0,19,22,67.46,0.708,20251031_012_pol_pro_Sed_lan_2025_11_Colorado2025_x010752_y000000
Unknown_Sample,20251031_012_pol_pro_Sed_lan_2025_11_Colorado2025.czi,Sed_lan,267.8,11404.0,353.0,19,24,71.46,0.933,20251031_012_pol_pro_Sed_lan_2025_11_Colorado2025_x011264_y000000
Unknown_Sample,20251031_012_pol_pro_Sed_lan_2025_11_Colorado2025.czi,Sed_lan,298.97,12194.0,363.0,21,23,75.21,0.944,20251031_012_pol_pro_Sed_lan_2025_11_Colorado2025_x011776_y000000
Unknown_Sample,20251031_012_pol_pro_Sed_lan_2025_11_Colorado2025.czi,Sed_lan,258.57,12349.0,141.0,20,21,68.63,0.92,20251031_012_pol_pro_Sed_lan_2025_11_Colorado2025_x011776_y000000
Unknown_Sample,20251031_012_pol_pro_Sed_lan_2025_11_Colorado2025.czi,Sed_lan,257.42,12571.0,78.0,20,21,68.04,0.935,20251031_012_pol_pro_Sed_lan_2025_11_Colorado2025_x012288_y000000
Unknown_Sample,20251031_012_pol_pro_Sed_lan_2025_11_Colorado2025.czi,Sed_lan,359.0,12794.0,367.0,24,26,81.36,0.932,20251031_012_pol_pro_Sed_lan_2025_11_Colorado2025_x012288_y000000
Unknown_Sample,20251031_012_pol_pro_Sed_lan_2025_11_Colorado2025.czi,Sed_lan,255.49,12349.0,141.0,20,21,68.63,0.924,20251031_012_pol_pro_Sed_lan_2025_11_Colorado2025_x012288_y000000
Unknown_Sample,20251031_012_pol_pro_Sed_lan_2025_11_Colorado2025.czi,Sed_lan,327.83,12522.0,564.0,23,23,77.46,0.924,20251031_012_pol_pro_Sed_lan_2025_11_Colorado2025_x012288_y000000
Unknown_Sample,20251031_012_pol_pro_Sed_lan_2025_11_Colorado2025.czi,Sed_lan,279.73,12913.0,371.0,20,23,73.21,0.907,20251031_012_pol_pro_Sed_lan_2025_11_Colorado2025_x012288_y000000
Unknown_Sample,20251031_012_pol_pro_Sed_lan_2025_11_Colorado2025.czi,Sed_lan,243.56,12534.0,156.0,21,20,66.87,0.881,20251031_012_pol_pro_Sed_lan_2025_11_Colorado2025_x012288_y000000
Unknown_Sample,20251031_012_pol_pro_Sed_lan_2025_11_Colorado2025.czi,Sed_lan,130.05,12521.0,144.0,15,14,49.31,0.88,20251031_012_pol_pro_Sed_lan_2025_11_Colorado2025_x012288_y000000
Unknown_Sample,20251031_012_pol_pro_Sed_lan_2025_11_Colorado2025.czi,Sed_lan,222.4,13104.0,470.0,19,19,64.97,0.929,20251031_012_pol_pro_Sed_lan_2025_11_Colorado2025_x012800_y000000
Unknown_Sample,20251031_012_pol_pro_Sed_lan_2025_11_Colorado2025.czi,Sed_lan,263.19,12913.0,372.0,20,22,70.63,0.928,20251031_012_pol_pro_Sed_lan_2025_11_Colorado2025_x012800_y000000
Unknown_Sample,20251031_012_pol_pro_Sed_lan_2025_11_Colorado2025.czi,Sed_lan,277.81,12980.0,376.0,20,23,71.46,0.906,20251031_012_pol_pro_Sed_lan_2025_11_Colorado2025_x012800_y000000
Unknown_Sample,20251031_012_pol_pro_Sed_lan_2025_11_Colorado2025.czi,Sed_lan,320.13,13551.0,580.0,23,22,76.63,0.955,20251031_012_pol_pro_Sed_lan_2025_11_Colorado2025_x013312_y000000
Unknown_Sample,20251031_012_pol_pro_Sed_lan_2025_11_Colorado2025.czi,Sed_lan,267.42,13784.0,435.0,21,21,70.04,0.945,20251031_012_pol_pro_Sed_lan_2025_11_Colorado2025_x013312_y000000
Unknown_Sample,20251031_012_pol_pro_Sed_lan_2025_11_Colorado2025.czi,Sed_lan,218.94,13660.0,496.0,19,19,64.38,0.945,20251031_012_pol_pro_Sed_lan_2025_11_Colorado2025_x013312_y000000
Unknown_Sample,20251031_012_pol_pro_Sed_lan_2025_11_Colorado2025.czi,Sed_lan,321.29,13689.0,246.0,23,24,77.7,0.912,20251031_012_pol_pro_Sed_lan_2025_11_Colorado2025_x013312_y000000
Unknown_Sample,20251031_012_pol_pro_Sed_lan_2025_11_Colorado2025.czi,Sed_lan,137.37,13671.0,247.0,14,16,51.9,0.869,20251031_012_pol_pro_Sed_lan_2025_11_Colorado2025_x013312_y000000
Unknown_Sample,20251031_012_pol_pro_Sed_lan_2025_11_Colorado2025.czi,Sed_lan,301.28,14448.0,319.0,23,22,74.87,0.952,20251031_012_pol_pro_Sed_lan_2025_11_Colorado2025_x013824_y000000
Unknown_Sample,20251031_012_pol_pro_Sed_lan_2025_11_Colorado2025.czi,Sed_lan,299.36,14267.0,336.0,22,23,74.28,0.946,20251031_012_pol_pro_Sed_lan_2025_11_Colorado2025_x013824_y000000
Unknown_Sample,20251031_012_pol_pro_Sed_lan_2025_11_Colorado2025.czi,Sed_lan,299.74,14448.0,319.0,23,22,74.87,0.953,20251031_012_pol_pro_Sed_lan_2025_11_Colorado2025_x014336_y000000
Unknown_Sample,20251031_012_pol_pro_Sed_lan_2025_11_Colorado2025.czi,Sed_lan,192.77,14700.0,497.0,17,19,60.38,0.947,20251031_012_pol_pro_Sed_lan_2025_11_Colorado2025_x014336_y000000
Unknown_Sample,20251031_012_pol_pro_Sed_lan_2025_11_Colorado2025.czi,Sed_lan,301.66,14744.0,553.0,22,22,75.8,0.946,20251031_012_pol_pro_Sed_lan_2025_11_Colorado2025_x014336_y000000
Unknown_Sample,20251031_012_pol_pro_Sed_lan_2025_11_Colorado2025.czi,Sed_lan,191.62,14541.0,517.0,18,18,59.8,0.943,20251031_012_pol_pro_Sed_lan_2025_11_Colorado2025_x014336_y000000
Unknown_Sample,20251031_012_pol_pro_Sed_lan_2025_11_Colorado2025.czi,Sed_lan,176.61,14651.0,271.0,19,15,57.56,0.926,20251031_012_pol_pro_Sed_lan_2025_11_Colorado2025_x014336_y000000
Unknown_Sample,20251031_012_pol_pro_Sed_lan_2025_11_Colorado2025.czi,Sed_lan,252.8,14801.0,230.0,20,20,69.56,0.88,20251031_012_pol_pro_Sed_lan_2025_11_Colorado2025_x014336_y000000
Unknown_Sample,20251031_012_pol_pro_Sed_lan_2025_11_Colorado2025.czi,Sed_lan,281.27,15214.0,341.0,22,21,72.04,0.896,20251031_012_pol_pro_Sed_lan_2025_11_Colorado2025_x014848_y000000
Unknown_Sample,20251031_012_pol_pro_Sed_lan_2025_11_Colorado2025.czi,Sed_lan,330.91,519.0,1014.0,23,23,79.8,0.949,20251031_012_pol_pro_Sed_lan_2025_11_Colorado2025_x000000_y000512
Unknown_Sample,20251031_012_pol_pro_Sed_lan_2025_11_Colorado2025.czi,Sed_lan,275.5,521.0,1014.0,19,23,72.97,0.96,20251031_012_pol_pro_Sed_lan_2025_11_Colorado2025_x000512_y000512
Unknown_Sample,20251031_012_pol_pro_Sed_lan_2025_11_Colorado2025.czi,Sed_lan,136.98,654.0,517.0,21,12,56.14,0.933,20251031_012_pol_pro_Sed_lan_2025_11_Colorado2025_x000512_y000512
Unknown_Sample,20251031_012_pol_pro_Sed_lan_2025_11_Colorado2025.czi,Sed_lan,242.41,1522.0,672.0,20,20,67.8,0.938,20251031_012_pol_pro_Sed_lan_2025_11_Colorado2025_x001024_y000512
Unknown_Sample,20251031_012_pol_pro_Sed_lan_2025_11_Colorado2025.czi,Sed_lan,198.54,1466.0,702.0,18,18,60.97,0.933,20251031_012_pol_pro_Sed_lan_2025_11_Colorado2025_x001024_y000512
Unknown_Sample,20251031_012_pol_pro_Sed_lan_2025_11_Colorado2025.czi,Sed_lan,235.87,2161.0,690.0,20,20,66.04,0.944,20251031_012_pol_pro_Sed_lan_2025_11_Colorado2025_x001536_y000512
Unknown_Sample,20251031_012_pol_pro_Sed_lan_2025_11_Colorado2025.czi,Sed_lan,227.4,2161.0,690.0,20,19,65.21,0.944,20251031_012_pol_pro_Sed_lan_2025_11_Colorado2025_x002048_y000512
Unknown_Sample,20251031_012_pol_pro_Sed_lan_2025_11_Colorado2025.czi,Sed_lan,217.4,2361.0,582.0,20,18,64.38,0.931,20251031_012_pol_pro_Sed_lan_2025_11_Colorado2025_x002048_y000512
Unknown_Sample,20251031_012_pol_pro_Sed_lan_2025_11_Colorado2025.czi,Sed_lan,253.18,2534.0,563.0,20,21,68.63,0.93,20251031_012_pol_pro_Sed_lan_2025_11_Colorado2025_x002048_y000512
Unknown_Sample,20251031_012_pol_pro_Sed_lan_2025_11_Colorado2025.czi,Sed_lan,330.91,2950.0,613.0,23,24,78.28,0.946,20251031_012_pol_pro_Sed_lan_2025_11_Colorado2025_x002560_y000512
Unknown_Sample,20251031_012_pol_pro_Sed_lan_2025_11_Colorado2025.czi,Sed_lan,238.18,2981.0,584.0,19,20,66.38,0.934,20251031_012_pol_pro_Sed_lan_2025_11_Colorado2025_x002560_y000512
Unknown_Sample,20251031_012_pol_pro_Sed_lan_2025_11_Colorado2025.czi,Sed_lan,314.36,3422.0,553.0,22,23,77.21,0.948,20251031_012_pol_pro_Sed_lan_2025_11_Colorado2025_x003072_y000512
Unknown_Sample,20251031_012_pol_pro_Sed_lan_2025_11_Colorado2025.czi,Sed_lan,214.71,3422.0,898.0,18,19,64.14,0.942,20251031_012_pol_pro_Sed_lan_2025_11_Colorado2025_x003072_y000512
Unknown_Sample,20251031_012_pol_pro_Sed_lan_2025_11_Colorado2025.czi,Sed_lan,281.27,3856.0,1042.0,22,21,72.04,0.937,20251031_012_pol_pro_Sed_lan_2025_11_Colorado2025_x003584_y000512
Unknown_Sample,20251031_012_pol_pro_Sed_lan_2025_11_Colorado2025.czi,Sed_lan,221.25,4193.0,1086.0,19,19,64.38,0.926,20251031_012_pol_pro_Sed_lan_2025_11_Colorado2025_x003584_y000512
Unknown_Sample,20251031_012_pol_pro_Sed_lan_2025_11_Colorado2025.czi,Sed_lan,275.5,4292.0,839.0,22,21,72.63,0.933,20251031_012_pol_pro_Sed_lan_2025_11_Colorado2025_x004096_y000512
Unknown_Sample,20251031_012_pol_pro_Sed_lan_2025_11_Colorado2025.czi,Sed_lan,221.25,4193.0,1086.0,19,19,64.38,0.928,20251031_012_pol_pro_Sed_lan_2025_11_Colorado2025_x004096_y000512
Unknown_Sample,20251031_012_pol_pro_Sed_lan_2025_11_Colorado2025.czi,Sed_lan,342.07,4484.0,1127.0,27,22,81.7,0.901,20251031_012_pol_pro_Sed_lan_2025_11_Colorado2025_x004096_y000512
Unknown_Sample,20251031_012_pol_pro_Sed_lan_2025_11_Colorado2025.czi,Sed_lan,167.76,4469.0,1145.0,21,14,60.14,0.857,20251031_012_pol_pro_Sed_lan_2025_11_Colorado2025_x004096_y000512
Unknown_Sample,20251031_012_pol_pro_Sed_lan_2025_11_Colorado2025.czi,Sed_lan,297.05,5131.0,721.0,22,22,73.46,0.943,20251031_012_pol_pro_Sed_lan_2025_11_Colorado2025_x004608_y000512
Unknown_Sample,20251031_012_pol_pro_Sed_lan_2025_11_Colorado2025.czi,Sed_lan,230.87,4949.0,787.0,20,19,66.97,0.941,20251031_012_pol_pro_Sed_lan_2025_11_Colorado2025_x004608_y000512
Unknown_Sample,20251031_012_pol_pro_Sed_lan_2025_11_Colorado2025.czi,Sed_lan,234.71,4967.0,1078.0,21,19,66.63,0.941,20251031_012_pol_pro_Sed_lan_2025_11_Colorado2025_x004608_y000512
Unknown_Sample,20251031_012_pol_pro_Sed_lan_2025_11_Colorado2025.czi,Sed_lan,221.63,4753.0,955.0,19,19,63.8,0.939,20251031_012_pol_pro_Sed_lan_2025_11_Colorado2025_x004608_y000512
Unknown_Sample,20251031_012_pol_pro_Sed_lan_2025_11_Colorado2025.czi,Sed_lan,215.09,4784.0,1109.0,19,19,63.21,0.937,20251031_012_pol_pro_Sed_lan_2025_11_Colorado2025_x004608_y000512
Unknown_Sample,20251031_012_pol_pro_Sed_lan_2025_11_Colorado2025.czi,Sed_lan,231.25,5046.0,641.0,20,19,65.21,0.91,20251031_012_pol_pro_Sed_lan_2025_11_Colorado2025_x004608_y000512
Unknown_Sample,20251031_012_pol_pro_Sed_lan_2025_11_Colorado2025.czi,Sed_lan,301.28,5131.0,721.0,22,22,75.21,0.94,20251031_012_pol_pro_Sed_lan_2025_11_Colorado2025_x005120_y000512
Unknown_Sample,20251031_012_pol_pro_Sed_lan_2025_11_Colorado2025.czi,Sed_lan,312.05,6706.0,1057.0,23,23,76.87,0.93,20251031_012_pol_pro_Sed_lan_2025_11_Colorado2025_x006144_y000512
Unknown_Sample,20251031_012_pol_pro_Sed_lan_2025_11_Colorado2025.czi,Sed_lan,178.15,7259.0,653.0,16,18,57.56,0.926,20251031_012_pol_pro_Sed_lan_2025_11_Colorado2025_x006656_y000512
Unknown_Sample,20251031_012_pol_pro_Sed_lan_2025_11_Colorado2025.czi,Sed_lan,312.82,6706.0,1057.0,23,23,76.87,0.926,20251031_012_pol_pro_Sed_lan_2025_11_Colorado2025_x006656_y000512
Unknown_Sample,20251031_012_pol_pro_Sed_lan_2025_11_Colorado2025.czi,Sed_lan,198.16,7608.0,971.0,19,17,61.56,0.937,20251031_012_pol_pro_Sed_lan_2025_11_Colorado2025_x007168_y000512
Unknown_Sample,20251031_012_pol_pro_Sed_lan_2025_11_Colorado2025.czi,Sed_lan,179.31,7259.0,653.0,16,18,58.14,0.911,20251031_012_pol_pro_Sed_lan_2025_11_Colorado2025_x007168_y000512
Unknown_Sample,20251031_012_pol_pro_Sed_lan_2025_11_Colorado2025.czi,Sed_lan,283.2,9304.0,1059.0,22,21,71.46,0.947,20251031_012_pol_pro_Sed_lan_2025_11_Colorado2025_x008704_y000512
Unknown_Sample,20251031_012_pol_pro_Sed_lan_2025_11_Colorado2025.czi,Sed_lan,286.66,8949.0,910.0,21,23,74.04,0.946,20251031_012_pol_pro_Sed_lan_2025_11_Colorado2025_x008704_y000512
Unknown_Sample,20251031_012_pol_pro_Sed_lan_2025_11_Colorado2025.czi,Sed_lan,160.45,9194.0,544.0,16,17,56.73,0.933,20251031_012_pol_pro_Sed_lan_2025_11_Colorado2025_x008704_y000512
Unknown_Sample,20251031_012_pol_pro_Sed_lan_2025_11_Colorado2025.czi,Sed_lan,155.07,8985.0,1007.0,16,16,54.73,0.932,20251031_012_pol_pro_Sed_lan_2025_11_Colorado2025_x008704_y000512
Unknown_Sample,20251031_012_pol_pro_Sed_lan_2025_11_Colorado2025.czi,Sed_lan,283.97,9304.0,1059.0,22,21,71.46,0.946,20251031_012_pol_pro_Sed_lan_2025_11_Colorado2025_x009216_y000512
Unknown_Sample,20251031_012_pol_pro_Sed_lan_2025_11_Colorado2025.czi,Sed_lan,198.93,10208.0,972.0,18,18,61.56,0.941,20251031_012_pol_pro_Sed_lan_2025_11_Colorado2025_x009728_y000512
Unknown_Sample,20251031_012_pol_pro_Sed_lan_2025_11_Colorado2025.czi,Sed_lan,143.52,10630.0,819.0,15,16,52.73,0.943,20251031_012_pol_pro_Sed_lan_2025_11_Colorado2025_x010240_y000512
Unknown_Sample,20251031_012_pol_pro_Sed_lan_2025_11_Colorado2025.czi,Sed_lan,238.56,10817.0,774.0,22,18,67.8,0.943,20251031_012_pol_pro_Sed_lan_2025_11_Colorado2025_x010240_y000512
Unknown_Sample,20251031_012_pol_pro_Sed_lan_2025_11_Colorado2025.czi,Sed_lan,263.57,10642.0,845.0,21,21,71.21,0.941,20251031_012_pol_pro_Sed_lan_2025_11_Colorado2025_x010240_y000512
Unknown_Sample,20251031_012_pol_pro_Sed_lan_2025_11_Colorado2025.czi,Sed_lan,224.32,10935.0,960.0,19,20,65.21,0.947,20251031_012_pol_pro_Sed_lan_2025_11_Colorado2025_x010752_y000512
Unknown_Sample,20251031_012_pol_pro_Sed_lan_2025_11_Colorado2025.czi,Sed_lan,238.95,10817.0,774.0,22,18,68.38,0.942,20251031_012_pol_pro_Sed_lan_2025_11_Colorado2025_x010752_y000512
Unknown_Sample,20251031_012_pol_pro_Sed_lan_2025_11_Colorado2025.czi,Sed_lan,202.39,11329.0,1046.0,20,17,61.8,0.934,20251031_012_pol_pro_Sed_lan_2025_11_Colorado2025_x010752_y000512
Unknown_Sample,20251031_012_pol_pro_Sed_lan_2025_11_Colorado2025.czi,Sed_lan,135.44,11071.0,696.0,15,15,50.14,0.932,20251031_012_pol_pro_Sed_lan_2025_11_Colorado2025_x010752_y000512
Unknown_Sample,20251031_012_pol_pro_Sed_lan_2025_11_Colorado2025.czi,Sed_lan,323.21,11808.0,741.0,24,22,78.63,0.951,20251031_012_pol_pro_Sed_lan_2025_11_Colorado2025_x011264_y000512
Unknown_Sample,20251031_012_pol_pro_Sed_lan_2025_11_Colorado2025.czi,Sed_lan,202.39,11329.0,1046.0,20,17,61.8,0.932,20251031_012_pol_pro_Sed_lan_2025_11_Colorado2025_x011264_y000512
Unknown_Sample,20251031_012_pol_pro_Sed_lan_2025_11_Colorado2025.czi,Sed_lan,323.21,11808.0,741.0,24,22,78.63,0.953,20251031_012_pol_pro_Sed_lan_2025_11_Colorado2025_x011776_y000512
Unknown_Sample,20251031_012_pol_pro_Sed_lan_2025_11_Colorado2025.czi,Sed_lan,224.32,11939.0,834.0,20,19,65.21,0.94,20251031_012_pol_pro_Sed_lan_2025_11_Colorado2025_x011776_y000512
Unknown_Sample,20251031_012_pol_pro_Sed_lan_2025_11_Colorado2025.czi,Sed_lan,233.17,12249.0,1143.0,23,16,69.31,0.914,20251031_012_pol_pro_Sed_lan_2025_11_Colorado2025_x011776_y000512
Unknown_Sample,20251031_012_pol_pro_Sed_lan_2025_11_Colorado2025.czi,Sed_lan,315.13,12786.0,989.0,23,22,76.04,0.947,20251031_012_pol_pro_Sed_lan_2025_11_Colorado2025_x012288_y000512
Unknown_Sample,20251031_012_pol_pro_Sed_lan_2025_11_Colorado2025.czi,Sed_lan,338.22,12522.0,564.0,23,24,78.87,0.923,20251031_012_pol_pro_Sed_lan_2025_11_Colorado2025_x012288_y000512
Unknown_Sample,20251031_012_pol_pro_Sed_lan_2025_11_Colorado2025.czi,Sed_lan,300.51,13295.0,929.0,22,23,74.87,0.949,20251031_012_pol_pro_Sed_lan_2025_11_Colorado2025_x012800_y000512
Unknown_Sample,20251031_012_pol_pro_Sed_lan_2025_11_Colorado2025.czi,Sed_lan,310.13,13256.0,736.0,23,22,76.63,0.943,20251031_012_pol_pro_Sed_lan_2025_11_Colorado2025_x012800_y000512
Unknown_Sample,20251031_012_pol_pro_Sed_lan_2025_11_Colorado2025.czi,Sed_lan,320.13,13551.0,580.0,23,22,76.63,0.955,20251031_012_pol_pro_Sed_lan_2025_11_Colorado2025_x013312_y000512
Unknown_Sample,20251031_012_pol_pro_Sed_lan_2025_11_Colorado2025.czi,Sed_lan,199.31,13841.0,996.0,19,18,61.8,0.947,20251031_012_pol_pro_Sed_lan_2025_11_Colorado2025_x013312_y000512
Unknown_Sample,20251031_012_pol_pro_Sed_lan_2025_11_Colorado2025.czi,Sed_lan,217.78,13897.0,932.0,19,19,63.8,0.941,20251031_012_pol_pro_Sed_lan_2025_11_Colorado2025_x013312_y000512
Unknown_Sample,20251031_012_pol_pro_Sed_lan_2025_11_Colorado2025.czi,Sed_lan,238.18,14125.0,957.0,20,19,66.38,0.951,20251031_012_pol_pro_Sed_lan_2025_11_Colorado2025_x013824_y000512
Unknown_Sample,20251031_012_pol_pro_Sed_lan_2025_11_Colorado2025.czi,Sed_lan,298.97,13967.0,778.0,22,23,74.87,0.951,20251031_012_pol_pro_Sed_lan_2025_11_Colorado2025_x013824_y000512
Unknown_Sample,20251031_012_pol_pro_Sed_lan_2025_11_Colorado2025.czi,Sed_lan,199.31,13841.0,996.0,19,18,61.8,0.949,20251031_012_pol_pro_Sed_lan_2025_11_Colorado2025_x013824_y000512
Unknown_Sample,20251031_012_pol_pro_Sed_lan_2025_11_Colorado2025.czi,Sed_lan,345.53,13993.0,849.0,24,24,80.28,0.949,20251031_012_pol_pro_Sed_lan_2025_11_Colorado2025_x013824_y000512
Unknown_Sample,20251031_012_pol_pro_Sed_lan_2025_11_Colorado2025.czi,Sed_lan,272.04,14099.0,736.0,21,21,71.21,0.947,20251031_012_pol_pro_Sed_lan_2025_11_Colorado2025_x013824_y000512
Unknown_Sample,20251031_012_pol_pro_Sed_lan_2025_11_Colorado2025.czi,Sed_lan,277.04,14392.0,822.0,22,21,72.63,0.945,20251031_012_pol_pro_Sed_lan_2025_11_Colorado2025_x013824_y000512
Unknown_Sample,20251031_012_pol_pro_Sed_lan_2025_11_Colorado2025.czi,Sed_lan,216.24,13897.0,932.0,19,19,63.8,0.941,20251031_012_pol_pro_Sed_lan_2025_11_Colorado2025_x013824_y000512
Unknown_Sample,20251031_012_pol_pro_Sed_lan_2025_11_Colorado2025.czi,Sed_lan,280.89,14077.0,999.0,22,21,72.63,0.929,20251031_012_pol_pro_Sed_lan_2025_11_Colorado2025_x013824_y000512
Unknown_Sample,20251031_012_pol_pro_Sed_lan_2025_11_Colorado2025.czi,Sed_lan,317.44,14100.0,1000.0,24,23,77.7,0.928,20251031_012_pol_pro_Sed_lan_2025_11_Colorado2025_x013824_y000512
Unknown_Sample,20251031_012_pol_pro_Sed_lan_2025_11_Colorado2025.czi,Sed_lan,308.98,14646.0,987.0,22,23,76.04,0.951,20251031_012_pol_pro_Sed_lan_2025_11_Colorado2025_x014336_y000512
Unknown_Sample,20251031_012_pol_pro_Sed_lan_2025_11_Colorado2025.czi,Sed_lan,359.0,14875.0,1049.0,24,25,81.7,0.949,20251031_012_pol_pro_Sed_lan_2025_11_Colorado2025_x014336_y000512
Unknown_Sample,20251031_012_pol_pro_Sed_lan_2025_11_Colorado2025.czi,Sed_lan,151.22,14541.0,519.0,17,14,53.9,0.947,20251031_012_pol_pro_Sed_lan_2025_11_Colorado2025_x014336_y000512
Unknown_Sample,20251031_012_pol_pro_Sed_lan_2025_11_Colorado2025.czi,Sed_lan,302.43,14744.0,553.0,22,22,75.8,0.946,20251031_012_pol_pro_Sed_lan_2025_11_Colorado2025_x014336_y000512
Unknown_Sample,20251031_012_pol_pro_Sed_lan_2025_11_Colorado2025.czi,Sed_lan,277.04,14392.0,822.0,22,21,72.63,0.945,20251031_012_pol_pro_Sed_lan_2025_11_Colorado2025_x014336_y000512
Unknown_Sample,20251031_012_pol_pro_Sed_lan_2025_11_Colorado2025.czi,Sed_lan,362.46,14875.0,1049.0,24,25,82.28,0.948,20251031_012_pol_pro_Sed_lan_2025_11_Colorado2025_x014848_y000512
Unknown_Sample,20251031_012_pol_pro_Sed_lan_2025_11_Colorado2025.czi,Sed_lan,309.36,15545.0,1031.0,23,23,75.11,0.951,20251031_012_pol_pro_Sed_lan_2025_11_Colorado2025_x015360_y000512
Unknown_Sample,20251031_012_pol_pro_Sed_lan_2025_11_Colorado2025.czi,Sed_lan,360.15,16315.0,901.0,25,24,82.28,0.938,20251031_012_pol_pro_Sed_lan_2025_11_Colorado2025_x015872_y000512
Unknown_Sample,20251031_012_pol_pro_Sed_lan_2025_11_Colorado2025.czi,Sed_lan,305.9,16453.0,752.0,22,22,76.38,0.936,20251031_012_pol_pro_Sed_lan_2025_11_Colorado2025_x015872_y000512
Unknown_Sample,20251031_012_pol_pro_Sed_lan_2025_11_Colorado2025.czi,Sed_lan,288.97,16171.0,864.0,22,22,72.87,0.929,20251031_012_pol_pro_Sed_lan_2025_11_Colorado2025_x015872_y000512
Unknown_Sample,20251031_012_pol_pro_Sed_lan_2025_11_Colorado2025.czi,Sed_lan,295.51,16176.0,1116.0,22,23,74.28,0.928,20251031_012_pol_pro_Sed_lan_2025_11_Colorado2025_x015872_y000512
Unknown_Sample,20251031_012_pol_pro_Sed_lan_2025_11_Colorado2025.czi,Sed_lan,331.68,16330.0,1014.0,24,22,78.63,0.928,20251031_012_pol_pro_Sed_lan_2025_11_Colorado2025_x015872_y000512
Unknown_Sample,20251031_012_pol_pro_Sed_lan_2025_11_Colorado2025.czi,Sed_lan,121.59,16286.0,836.0,14,14,48.49,0.889,20251031_012_pol_pro_Sed_lan_2025_11_Colorado2025_x015872_y000512
Unknown_Sample,20251031_012_pol_pro_Sed_lan_2025_11_Colorado2025.czi,Sed_lan,281.66,16453.0,751.0,21,22,72.63,0.916,20251031_012_pol_pro_Sed_lan_2025_11_Colorado2025_x016384_y000512
Unknown_Sample,20251031_012_pol_pro_Sed_lan_2025_11_Colorado2025.czi,Sed_lan,272.42,684.0,1386.0,22,20,70.63,0.937,20251031_012_pol_pro_Sed_lan_2025_11_Colorado2025_x000512_y001024
Unknown_Sample,20251031_012_pol_pro_Sed_lan_2025_11_Colorado2025.czi,Sed_lan,236.64,1129.0,1223.0,21,21,70.04,0.91,20251031_012_pol_pro_Sed_lan_2025_11_Colorado2025_x000512_y001024
Unknown_Sample,20251031_012_pol_pro_Sed_lan_2025_11_Colorado2025.czi,Sed_lan,140.83,1142.0,1233.0,17,14,53.31,0.749,20251031_012_pol_pro_Sed_lan_2025_11_Colorado2025_x000512_y001024
Unknown_Sample,20251031_012_pol_pro_Sed_lan_2025_11_Colorado2025.czi,Sed_lan,254.72,928.0,1326.0,24,17,70.97,0.746,20251031_012_pol_pro_Sed_lan_2025_11_Colorado2025_x000512_y001024
Unknown_Sample,20251031_012_pol_pro_Sed_lan_2025_11_Colorado2025.czi,Sed_lan,279.35,1288.0,1539.0,22,21,71.46,0.936,20251031_012_pol_pro_Sed_lan_2025_11_Colorado2025_x001024_y001024
Unknown_Sample,20251031_012_pol_pro_Sed_lan_2025_11_Colorado2025.czi,Sed_lan,244.72,1130.0,1223.0,21,20,69.8,0.912,20251031_012_pol_pro_Sed_lan_2025_11_Colorado2025_x001024_y001024
Unknown_Sample,20251031_012_pol_pro_Sed_lan_2025_11_Colorado2025.czi,Sed_lan,251.26,1730.0,1581.0,20,21,70.38,0.922,20251031_012_pol_pro_Sed_lan_2025_11_Colorado2025_x001536_y001024
Unknown_Sample,20251031_012_pol_pro_Sed_lan_2025_11_Colorado2025.czi,Sed_lan,263.19,2469.0,1276.0,22,21,70.28,0.941,20251031_012_pol_pro_Sed_lan_2025_11_Colorado2025_x002048_y001024
Unknown_Sample,20251031_012_pol_pro_Sed_lan_2025_11_Colorado2025.czi,Sed_lan,259.72,3282.0,1228.0,21,21,70.04,0.933,20251031_012_pol_pro_Sed_lan_2025_11_Colorado2025_x003072_y001024
Unknown_Sample,20251031_012_pol_pro_Sed_lan_2025_11_Colorado2025.czi,Sed_lan,163.15,3578.0,1228.0,18,16,56.97,0.915,20251031_012_pol_pro_Sed_lan_2025_11_Colorado2025_x003072_y001024
Unknown_Sample,20251031_012_pol_pro_Sed_lan_2025_11_Colorado2025.czi,Sed_lan,140.44,3597.0,1227.0,17,15,52.38,0.909,20251031_012_pol_pro_Sed_lan_2025_11_Colorado2025_x003072_y001024
Unknown_Sample,20251031_012_pol_pro_Sed_lan_2025_11_Colorado2025.czi,Sed_lan,271.65,3856.0,1043.0,22,20,70.63,0.94,20251031_012_pol_pro_Sed_lan_2025_11_Colorado2025_x003584_y001024
Unknown_Sample,20251031_012_pol_pro_Sed_lan_2025_11_Colorado2025.czi,Sed_lan,270.88,3981.0,1182.0,23,20,70.28,0.934,20251031_012_pol_pro_Sed_lan_2025_11_Colorado2025_x003584_y001024
Unknown_Sample,20251031_012_pol_pro_Sed_lan_2025_11_Colorado2025.czi,Sed_lan,221.25,4193.0,1086.0,19,19,64.38,0.927,20251031_012_pol_pro_Sed_lan_2025_11_Colorado2025_x003584_y001024
Unknown_Sample,20251031_012_pol_pro_Sed_lan_2025_11_Colorado2025.czi,Sed_lan,138.52,3597.0,1227.0,17,15,51.8,0.899,20251031_012_pol_pro_Sed_lan_2025_11_Colorado2025_x003584_y001024
Unknown_Sample,20251031_012_pol_pro_Sed_lan_2025_11_Colorado2025.czi,Sed_lan,294.74,4514.0,1564.0,22,22,74.63,0.938,20251031_012_pol_pro_Sed_lan_2025_11_Colorado2025_x004096_y001024
Unknown_Sample,20251031_012_pol_pro_Sed_lan_2025_11_Colorado2025.czi,Sed_lan,221.25,4193.0,1086.0,19,19,64.38,0.929,20251031_012_pol_pro_Sed_lan_2025_11_Colorado2025_x004096_y001024
Unknown_Sample,20251031_012_pol_pro_Sed_lan_2025_11_Colorado2025.czi,Sed_lan,340.14,4484.0,1127.0,27,22,82.28,0.899,20251031_012_pol_pro_Sed_lan_2025_11_Colorado2025_x004096_y001024
Unknown_Sample,20251031_012_pol_pro_Sed_lan_2025_11_Colorado2025.czi,Sed_lan,238.95,4469.0,1147.0,21,20,66.87,0.884,20251031_012_pol_pro_Sed_lan_2025_11_Colorado2025_x004096_y001024
Unknown_Sample,20251031_012_pol_pro_Sed_lan_2025_11_Colorado2025.czi,Sed_lan,322.83,5036.0,1531.0,23,23,76.87,0.945,20251031_012_pol_pro_Sed_lan_2025_11_Colorado2025_x004608_y001024
Unknown_Sample,20251031_012_pol_pro_Sed_lan_2025_11_Colorado2025.czi,Sed_lan,269.34,4977.0,1384.0,22,20,70.63,0.945,20251031_012_pol_pro_Sed_lan_2025_11_Colorado2025_x004608_y001024
Unknown_Sample,20251031_012_pol_pro_Sed_lan_2025_11_Colorado2025.czi,Sed_lan,234.71,4967.0,1078.0,21,19,66.63,0.941,20251031_012_pol_pro_Sed_lan_2025_11_Colorado2025_x004608_y001024
Unknown_Sample,20251031_012_pol_pro_Sed_lan_2025_11_Colorado2025.czi,Sed_lan,215.09,4784.0,1109.0,19,19,63.21,0.938,20251031_012_pol_pro_Sed_lan_2025_11_Colorado2025_x004608_y001024
Unknown_Sample,20251031_012_pol_pro_Sed_lan_2025_11_Colorado2025.czi,Sed_lan,257.8,5595.0,1578.0,21,20,68.63,0.939,20251031_012_pol_pro_Sed_lan_2025_11_Colorado2025_x005120_y001024
Unknown_Sample,20251031_012_pol_pro_Sed_lan_2025_11_Colorado2025.czi,Sed_lan,280.5,5608.0,1495.0,22,21,72.04,0.936,20251031_012_pol_pro_Sed_lan_2025_11_Colorado2025_x005120_y001024
Unknown_Sample,20251031_012_pol_pro_Sed_lan_2025_11_Colorado2025.czi,Sed_lan,244.33,5370.0,1313.0,20,20,68.38,0.933,20251031_012_pol_pro_Sed_lan_2025_11_Colorado2025_x005120_y001024
Unknown_Sample,20251031_012_pol_pro_Sed_lan_2025_11_Colorado2025.czi,Sed_lan,155.83,5375.0,1655.0,15,16,55.07,0.902,20251031_012_pol_pro_Sed_lan_2025_11_Colorado2025_x005120_y001024
Unknown_Sample,20251031_012_pol_pro_Sed_lan_2025_11_Colorado2025.czi,Sed_lan,274.73,5804.0,1368.0,21,21,70.63,0.934,20251031_012_pol_pro_Sed_lan_2025_11_Colorado2025_x005632_y001024
Unknown_Sample,20251031_012_pol_pro_Sed_lan_2025_11_Colorado2025.czi,Sed_lan,312.82,6706.0,1057.0,23,23,76.87,0.929,20251031_012_pol_pro_Sed_lan_2025_11_Colorado2025_x006144_y001024
Unknown_Sample,20251031_012_pol_pro_Sed_lan_2025_11_Colorado2025.czi,Sed_lan,313.59,6706.0,1057.0,23,23,76.87,0.927,20251031_012_pol_pro_Sed_lan_2025_11_Colorado2025_x006656_y001024
Unknown_Sample,20251031_012_pol_pro_Sed_lan_2025_11_Colorado2025.czi,Sed_lan,283.97,9304.0,1059.0,22,21,71.46,0.947,20251031_012_pol_pro_Sed_lan_2025_11_Colorado2025_x008704_y001024
Unknown_Sample,20251031_012_pol_pro_Sed_lan_2025_11_Colorado2025.czi,Sed_lan,254.72,9130.0,1349.0,21,20,70.97,0.943,20251031_012_pol_pro_Sed_lan_2025_11_Colorado2025_x008704_y001024
Unknown_Sample,20251031_012_pol_pro_Sed_lan_2025_11_Colorado2025.czi,Sed_lan,143.14,8862.0,1560.0,15,17,52.97,0.927,20251031_012_pol_pro_Sed_lan_2025_11_Colorado2025_x008704_y001024
Unknown_Sample,20251031_012_pol_pro_Sed_lan_2025_11_Colorado2025.czi,Sed_lan,329.75,9374.0,1470.0,23,24,78.87,0.95,20251031_012_pol_pro_Sed_lan_2025_11_Colorado2025_x009216_y001024
Unknown_Sample,20251031_012_pol_pro_Sed_lan_2025_11_Colorado2025.czi,Sed_lan,283.97,9304.0,1059.0,22,21,71.46,0.947,20251031_012_pol_pro_Sed_lan_2025_11_Colorado2025_x009216_y001024
Unknown_Sample,20251031_012_pol_pro_Sed_lan_2025_11_Colorado2025.czi,Sed_lan,145.45,9395.0,1401.0,14,17,52.14,0.933,20251031_012_pol_pro_Sed_lan_2025_11_Colorado2025_x009216_y001024
Unknown_Sample,20251031_012_pol_pro_Sed_lan_2025_11_Colorado2025.czi,Sed_lan,327.44,9947.0,1427.0,23,23,76.87,0.942,20251031_012_pol_pro_Sed_lan_2025_11_Colorado2025_x009728_y001024
Unknown_Sample,20251031_012_pol_pro_Sed_lan_2025_11_Colorado2025.czi,Sed_lan,313.59,9880.0,1260.0,24,22,75.7,0.939,20251031_012_pol_pro_Sed_lan_2025_11_Colorado2025_x009728_y001024
Unknown_Sample,20251031_012_pol_pro_Sed_lan_2025_11_Colorado2025.czi,Sed_lan,266.27,10200.0,1355.0,21,21,69.46,0.936,20251031_012_pol_pro_Sed_lan_2025_11_Colorado2025_x009728_y001024
Unknown_Sample,20251031_012_pol_pro_Sed_lan_2025_11_Colorado2025.czi,Sed_lan,285.5,10992.0,1270.0,22,21,71.46,0.945,20251031_012_pol_pro_Sed_lan_2025_11_Colorado2025_x010752_y001024
Unknown_Sample,20251031_012_pol_pro_Sed_lan_2025_11_Colorado2025.czi,Sed_lan,334.76,10931.0,1577.0,25,23,79.11,0.942,20251031_012_pol_pro_Sed_lan_2025_11_Colorado2025_x010752_y001024
Unknown_Sample,20251031_012_pol_pro_Sed_lan_2025_11_Colorado2025.czi,Sed_lan,305.9,11319.0,1581.0,22,23,76.04,0.941,20251031_012_pol_pro_Sed_lan_2025_11_Colorado2025_x010752_y001024
Unknown_Sample,20251031_012_pol_pro_Sed_lan_2025_11_Colorado2025.czi,Sed_lan,201.62,11329.0,1046.0,20,17,61.8,0.934,20251031_012_pol_pro_Sed_lan_2025_11_Colorado2025_x010752_y001024
Unknown_Sample,20251031_012_pol_pro_Sed_lan_2025_11_Colorado2025.czi,Sed_lan,305.9,11319.0,1581.0,22,23,76.04,0.941,20251031_012_pol_pro_Sed_lan_2025_11_Colorado2025_x011264_y001024
Unknown_Sample,20251031_012_pol_pro_Sed_lan_2025_11_Colorado2025.czi,Sed_lan,189.69,11596.0,1428.0,18,19,61.21,0.94,20251031_012_pol_pro_Sed_lan_2025_11_Colorado2025_x011264_y001024
Unknown_Sample,20251031_012_pol_pro_Sed_lan_2025_11_Colorado2025.czi,Sed_lan,260.11,11561.0,1601.0,22,20,70.63,0.938,20251031_012_pol_pro_Sed_lan_2025_11_Colorado2025_x011264_y001024
Unknown_Sample,20251031_012_pol_pro_Sed_lan_2025_11_Colorado2025.czi,Sed_lan,200.47,11329.0,1046.0,19,17,60.38,0.934,20251031_012_pol_pro_Sed_lan_2025_11_Colorado2025_x011264_y001024
Unknown_Sample,20251031_012_pol_pro_Sed_lan_2025_11_Colorado2025.czi,Sed_lan,209.7,11483.0,1214.0,20,18,63.21,0.93,20251031_012_pol_pro_Sed_lan_2025_11_Colorado2025_x011264_y001024
Unknown_Sample,20251031_012_pol_pro_Sed_lan_2025_11_Colorado2025.czi,Sed_lan,280.12,12373.0,1236.0,21,22,72.63,0.947,20251031_012_pol_pro_Sed_lan_2025_11_Colorado2025_x011776_y001024
Unknown_Sample,20251031_012_pol_pro_Sed_lan_2025_11_Colorado2025.czi,Sed_lan,290.89,12249.0,1145.0,23,22,75.46,0.945,20251031_012_pol_pro_Sed_lan_2025_11_Colorado2025_x011776_y001024
Unknown_Sample,20251031_012_pol_pro_Sed_lan_2025_11_Colorado2025.czi,Sed_lan,262.8,12337.0,1399.0,21,21,71.21,0.943,20251031_012_pol_pro_Sed_lan_2025_11_Colorado2025_x011776_y001024
Unknown_Sample,20251031_012_pol_pro_Sed_lan_2025_11_Colorado2025.czi,Sed_lan,330.14,12787.0,1580.0,23,23,77.46,0.949,20251031_012_pol_pro_Sed_lan_2025_11_Colorado2025_x012288_y001024
Unknown_Sample,20251031_012_pol_pro_Sed_lan_2025_11_Colorado2025.czi,Sed_lan,280.5,12373.0,1236.0,21,22,73.21,0.947,20251031_012_pol_pro_Sed_lan_2025_11_Colorado2025_x012288_y001024
Unknown_Sample,20251031_012_pol_pro_Sed_lan_2025_11_Colorado2025.czi,Sed_lan,250.1,12337.0,1399.0,20,20,68.97,0.943,20251031_012_pol_pro_Sed_lan_2025_11_Colorado2025_x012288_y001024
Unknown_Sample,20251031_012_pol_pro_Sed_lan_2025_11_Colorado2025.czi,Sed_lan,281.27,12869.0,1225.0,22,22,74.04,0.941,20251031_012_pol_pro_Sed_lan_2025_11_Colorado2025_x012288_y001024
Unknown_Sample,20251031_012_pol_pro_Sed_lan_2025_11_Colorado2025.czi,Sed_lan,164.3,12792.0,1353.0,17,17,55.21,0.937,20251031_012_pol_pro_Sed_lan_2025_11_Colorado2025_x012288_y001024
Unknown_Sample,20251031_012_pol_pro_Sed_lan_2025_11_Colorado2025.czi,Sed_lan,269.73,13048.0,1509.0,22,20,71.21,0.947,20251031_012_pol_pro_Sed_lan_2025_11_Colorado2025_x012800_y001024
Unknown_Sample,20251031_012_pol_pro_Sed_lan_2025_11_Colorado2025.czi,Sed_lan,283.2,12869.0,1225.0,22,22,73.46,0.94,20251031_012_pol_pro_Sed_lan_2025_11_Colorado2025_x012800_y001024
Unknown_Sample,20251031_012_pol_pro_Sed_lan_2025_11_Colorado2025.czi,Sed_lan,308.21,13103.0,1510.0,22,23,76.04,0.933,20251031_012_pol_pro_Sed_lan_2025_11_Colorado2025_x012800_y001024
Unknown_Sample,20251031_012_pol_pro_Sed_lan_2025_11_Colorado2025.czi,Sed_lan,226.63,13103.0,1489.0,20,19,65.21,0.923,20251031_012_pol_pro_Sed_lan_2025_11_Colorado2025_x012800_y001024
Unknown_Sample,20251031_012_pol_pro_Sed_lan_2025_11_Colorado2025.czi,Sed_lan,349.38,13853.0,1512.0,24,25,81.11,0.952,20251031_012_pol_pro_Sed_lan_2025_11_Colorado2025_x013312_y001024
Unknown_Sample,20251031_012_pol_pro_Sed_lan_2025_11_Colorado2025.czi,Sed_lan,267.42,13577.0,1544.0,22,20,71.21,0.949,20251031_012_pol_pro_Sed_lan_2025_11_Colorado2025_x013312_y001024
Unknown_Sample,20251031_012_pol_pro_Sed_lan_2025_11_Colorado2025.czi,Sed_lan,297.82,13857.0,1265.0,21,23,75.8,0.947,20251031_012_pol_pro_Sed_lan_2025_11_Colorado2025_x013312_y001024
Unknown_Sample,20251031_012_pol_pro_Sed_lan_2025_11_Colorado2025.czi,Sed_lan,350.92,13853.0,1512.0,24,25,81.11,0.951,20251031_012_pol_pro_Sed_lan_2025_11_Colorado2025_x013824_y001024
Unknown_Sample,20251031_012_pol_pro_Sed_lan_2025_11_Colorado2025.czi,Sed_lan,273.96,14272.0,1231.0,21,21,70.63,0.949,20251031_012_pol_pro_Sed_lan_2025_11_Colorado2025_x013824_y001024
Unknown_Sample,20251031_012_pol_pro_Sed_lan_2025_11_Colorado2025.czi,Sed_lan,297.82,13857.0,1265.0,21,23,75.8,0.946,20251031_012_pol_pro_Sed_lan_2025_11_Colorado2025_x013824_y001024
Unknown_Sample,20251031_012_pol_pro_Sed_lan_2025_11_Colorado2025.czi,Sed_lan,166.99,14041.0,1274.0,16,17,56.14,0.937,20251031_012_pol_pro_Sed_lan_2025_11_Colorado2025_x013824_y001024
Unknown_Sample,20251031_012_pol_pro_Sed_lan_2025_11_Colorado2025.czi,Sed_lan,360.92,14875.0,1049.0,24,25,81.11,0.95,20251031_012_pol_pro_Sed_lan_2025_11_Colorado2025_x014336_y001024
Unknown_Sample,20251031_012_pol_pro_Sed_lan_2025_11_Colorado2025.czi,Sed_lan,374.39,14778.0,1621.0,26,24,82.53,0.949,20251031_012_pol_pro_Sed_lan_2025_11_Colorado2025_x014336_y001024
Unknown_Sample,20251031_012_pol_pro_Sed_lan_2025_11_Colorado2025.czi,Sed_lan,295.51,14812.0,1584.0,22,22,73.46,0.947,20251031_012_pol_pro_Sed_lan_2025_11_Colorado2025_x014336_y001024
Unknown_Sample,20251031_012_pol_pro_Sed_lan_2025_11_Colorado2025.czi,Sed_lan,239.33,14887.0,1204.0,20,20,66.63,0.944,20251031_012_pol_pro_Sed_lan_2025_11_Colorado2025_x014336_y001024
Unknown_Sample,20251031_012_pol_pro_Sed_lan_2025_11_Colorado2025.czi,Sed_lan,242.79,15033.0,1446.0,20,20,67.21,0.951,20251031_012_pol_pro_Sed_lan_2025_11_Colorado2025_x014848_y001024
Unknown_Sample,20251031_012_pol_pro_Sed_lan_2025_11_Colorado2025.czi,Sed_lan,362.07,14875.0,1049.0,24,25,81.7,0.95,20251031_012_pol_pro_Sed_lan_2025_11_Colorado2025_x014848_y001024
Unknown_Sample,20251031_012_pol_pro_Sed_lan_2025_11_Colorado2025.czi,Sed_lan,245.1,15278.0,1379.0,20,20,67.21,0.945,20251031_012_pol_pro_Sed_lan_2025_11_Colorado2025_x014848_y001024
Unknown_Sample,20251031_012_pol_pro_Sed_lan_2025_11_Colorado2025.czi,Sed_lan,285.89,15385.0,1586.0,22,22,74.04,0.944,20251031_012_pol_pro_Sed_lan_2025_11_Colorado2025_x014848_y001024
Unknown_Sample,20251031_012_pol_pro_Sed_lan_2025_11_Colorado2025.czi,Sed_lan,239.72,14887.0,1204.0,20,20,67.21,0.943,20251031_012_pol_pro_Sed_lan_2025_11_Colorado2025_x014848_y001024
Unknown_Sample,20251031_012_pol_pro_Sed_lan_2025_11_Colorado2025.czi,Sed_lan,266.65,15406.0,1164.0,22,22,70.53,0.927,20251031_012_pol_pro_Sed_lan_2025_11_Colorado2025_x014848_y001024
Unknown_Sample,20251031_012_pol_pro_Sed_lan_2025_11_Colorado2025.czi,Sed_lan,269.73,15545.0,1033.0,23,19,72.38,0.956,20251031_012_pol_pro_Sed_lan_2025_11_Colorado2025_x015360_y001024
Unknown_Sample,20251031_012_pol_pro_Sed_lan_2025_11_Colorado2025.czi,Sed_lan,285.89,15385.0,1586.0,22,22,74.04,0.943,20251031_012_pol_pro_Sed_lan_2025_11_Colorado2025_x015360_y001024
Unknown_Sample,20251031_012_pol_pro_Sed_lan_2025_11_Colorado2025.czi,Sed_lan,266.65,15406.0,1164.0,22,22,70.53,0.925,20251031_012_pol_pro_Sed_lan_2025_11_Colorado2025_x015360_y001024
Unknown_Sample,20251031_012_pol_pro_Sed_lan_2025_11_Colorado2025.czi,Sed_lan,242.79,15527.0,1656.0,24,16,70.73,0.906,20251031_012_pol_pro_Sed_lan_2025_11_Colorado2025_x015360_y001024
Unknown_Sample,20251031_012_pol_pro_Sed_lan_2025_11_Colorado2025.czi,Sed_lan,270.5,15950.0,1504.0,21,21,71.21,0.897,20251031_012_pol_pro_Sed_lan_2025_11_Colorado2025_x015360_y001024
Unknown_Sample,20251031_012_pol_pro_Sed_lan_2025_11_Colorado2025.czi,Sed_lan,301.66,16176.0,1116.0,22,23,74.28,0.93,20251031_012_pol_pro_Sed_lan_2025_11_Colorado2025_x015872_y001024
Unknown_Sample,20251031_012_pol_pro_Sed_lan_2025_11_Colorado2025.czi,Sed_lan,261.65,15950.0,1504.0,20,21,69.8,0.922,20251031_012_pol_pro_Sed_lan_2025_11_Colorado2025_x015872_y001024
Unknown_Sample,20251031_012_pol_pro_Sed_lan_2025_11_Colorado2025.czi,Sed_lan,241.26,16159.0,1553.0,20,20,67.21,0.889,20251031_012_pol_pro_Sed_lan_2025_11_Colorado2025_x015872_y001024
Unknown_Sample,20251031_012_pol_pro_Sed_lan_2025_11_Colorado2025.czi,Sed_lan,312.05,16628.0,1619.0,22,25,78.87,0.822,20251031_012_pol_pro_Sed_lan_2025_11_Colorado2025_x016384_y001024
Unknown_Sample,20251031_012_pol_pro_Sed_lan_2025_11_Colorado2025.czi,Sed_lan,255.11,926.0,1863.0,20,21,69.21,0.854,20251031_012_pol_pro_Sed_lan_2025_11_Colorado2025_x000512_y001536
Unknown_Sample,20251031_012_pol_pro_Sed_lan_2025_11_Colorado2025.czi,Sed_lan,280.12,1271.0,2145.0,21,22,73.8,0.945,20251031_012_pol_pro_Sed_lan_2025_11_Colorado2025_x001024_y001536
Unknown_Sample,20251031_012_pol_pro_Sed_lan_2025_11_Colorado2025.czi,Sed_lan,181.23,1288.0,1542.0,22,14,61.56,0.944,20251031_012_pol_pro_Sed_lan_2025_11_Colorado2025_x001024_y001536
Unknown_Sample,20251031_012_pol_pro_Sed_lan_2025_11_Colorado2025.czi,Sed_lan,249.34,1442.0,1939.0,20,21,68.63,0.932,20251031_012_pol_pro_Sed_lan_2025_11_Colorado2025_x001024_y001536
Unknown_Sample,20251031_012_pol_pro_Sed_lan_2025_11_Colorado2025.czi,Sed_lan,273.96,1966.0,2108.0,22,21,72.63,0.945,20251031_012_pol_pro_Sed_lan_2025_11_Colorado2025_x001536_y001536
Unknown_Sample,20251031_012_pol_pro_Sed_lan_2025_11_Colorado2025.czi,Sed_lan,249.72,1730.0,1581.0,20,21,70.38,0.922,20251031_012_pol_pro_Sed_lan_2025_11_Colorado2025_x001536_y001536
Unknown_Sample,20251031_012_pol_pro_Sed_lan_2025_11_Colorado2025.czi,Sed_lan,200.08,2489.0,1676.0,19,17,62.14,0.936,20251031_012_pol_pro_Sed_lan_2025_11_Colorado2025_x002048_y001536
Unknown_Sample,20251031_012_pol_pro_Sed_lan_2025_11_Colorado2025.czi,Sed_lan,275.88,2335.0,1835.0,21,21,71.21,0.933,20251031_012_pol_pro_Sed_lan_2025_11_Colorado2025_x002048_y001536
Unknown_Sample,20251031_012_pol_pro_Sed_lan_2025_11_Colorado2025.czi,Sed_lan,307.44,2505.0,1938.0,23,22,76.04,0.933,20251031_012_pol_pro_Sed_lan_2025_11_Colorado2025_x002048_y001536
Unknown_Sample,20251031_012_pol_pro_Sed_lan_2025_11_Colorado2025.czi,Sed_lan,308.98,2897.0,2133.0,23,22,77.21,0.939,20251031_012_pol_pro_Sed_lan_2025_11_Colorado2025_x002560_y001536
Unknown_Sample,20251031_012_pol_pro_Sed_lan_2025_11_Colorado2025.czi,Sed_lan,142.75,3622.0,1767.0,16,15,53.9,0.847,20251031_012_pol_pro_Sed_lan_2025_11_Colorado2025_x003072_y001536
Unknown_Sample,20251031_012_pol_pro_Sed_lan_2025_11_Colorado2025.czi,Sed_lan,250.1,3746.0,1797.0,21,21,70.63,0.945,20251031_012_pol_pro_Sed_lan_2025_11_Colorado2025_x003584_y001536
Unknown_Sample,20251031_012_pol_pro_Sed_lan_2025_11_Colorado2025.czi,Sed_lan,240.1,3741.0,1897.0,20,20,66.63,0.942,20251031_012_pol_pro_Sed_lan_2025_11_Colorado2025_x003584_y001536
Unknown_Sample,20251031_012_pol_pro_Sed_lan_2025_11_Colorado2025.czi,Sed_lan,242.02,3814.0,1922.0,21,20,69.21,0.919,20251031_012_pol_pro_Sed_lan_2025_11_Colorado2025_x003584_y001536
Unknown_Sample,20251031_012_pol_pro_Sed_lan_2025_11_Colorado2025.czi,Sed_lan,141.21,3621.0,1767.0,16,15,53.9,0.878,20251031_012_pol_pro_Sed_lan_2025_11_Colorado2025_x003584_y001536
Unknown_Sample,20251031_012_pol_pro_Sed_lan_2025_11_Colorado2025.czi,Sed_lan,211.24,4403.0,1826.0,20,17,63.56,0.941,20251031_012_pol_pro_Sed_lan_2025_11_Colorado2025_x004096_y001536
Unknown_Sample,20251031_012_pol_pro_Sed_lan_2025_11_Colorado2025.czi,Sed_lan,293.97,4514.0,1563.0,22,22,74.63,0.939,20251031_012_pol_pro_Sed_lan_2025_11_Colorado2025_x004096_y001536
Unknown_Sample,20251031_012_pol_pro_Sed_lan_2025_11_Colorado2025.czi,Sed_lan,248.57,4330.0,1809.0,20,21,67.46,0.937,20251031_012_pol_pro_Sed_lan_2025_11_Colorado2025_x004096_y001536
Unknown_Sample,20251031_012_pol_pro_Sed_lan_2025_11_Colorado2025.czi,Sed_lan,132.75,4538.0,2124.0,16,14,50.73,0.537,20251031_012_pol_pro_Sed_lan_2025_11_Colorado2025_x004096_y001536
Unknown_Sample,20251031_012_pol_pro_Sed_lan_2025_11_Colorado2025.czi,Sed_lan,264.34,5119.0,1792.0,21,21,70.04,0.948,20251031_012_pol_pro_Sed_lan_2025_11_Colorado2025_x004608_y001536
Unknown_Sample,20251031_012_pol_pro_Sed_lan_2025_11_Colorado2025.czi,Sed_lan,197.39,5027.0,2125.0,18,18,60.38,0.944,20251031_012_pol_pro_Sed_lan_2025_11_Colorado2025_x004608_y001536
Unknown_Sample,20251031_012_pol_pro_Sed_lan_2025_11_Colorado2025.czi,Sed_lan,288.2,4878.0,2113.0,22,22,74.04,0.935,20251031_012_pol_pro_Sed_lan_2025_11_Colorado2025_x004608_y001536
Unknown_Sample,20251031_012_pol_pro_Sed_lan_2025_11_Colorado2025.czi,Sed_lan,330.91,5497.0,1789.0,23,23,78.63,0.947,20251031_012_pol_pro_Sed_lan_2025_11_Colorado2025_x005120_y001536
Unknown_Sample,20251031_012_pol_pro_Sed_lan_2025_11_Colorado2025.czi,Sed_lan,248.95,5274.0,1949.0,20,21,69.21,0.947,20251031_012_pol_pro_Sed_lan_2025_11_Colorado2025_x005120_y001536
Unknown_Sample,20251031_012_pol_pro_Sed_lan_2025_11_Colorado2025.czi,Sed_lan,257.8,5595.0,1578.0,21,20,68.63,0.939,20251031_012_pol_pro_Sed_lan_2025_11_Colorado2025_x005120_y001536
Unknown_Sample,20251031_012_pol_pro_Sed_lan_2025_11_Colorado2025.czi,Sed_lan,201.24,5300.0,1907.0,19,18,62.38,0.938,20251031_012_pol_pro_Sed_lan_2025_11_Colorado2025_x005120_y001536
Unknown_Sample,20251031_012_pol_pro_Sed_lan_2025_11_Colorado2025.czi,Sed_lan,103.5,5124.0,1792.0,10,20,49.56,0.937,20251031_012_pol_pro_Sed_lan_2025_11_Colorado2025_x005120_y001536
Unknown_Sample,20251031_012_pol_pro_Sed_lan_2025_11_Colorado2025.czi,Sed_lan,170.07,5375.0,1656.0,15,19,56.97,0.934,20251031_012_pol_pro_Sed_lan_2025_11_Colorado2025_x005120_y001536
Unknown_Sample,20251031_012_pol_pro_Sed_lan_2025_11_Colorado2025.czi,Sed_lan,353.99,5534.0,2109.0,25,24,79.94,0.933,20251031_012_pol_pro_Sed_lan_2025_11_Colorado2025_x005120_y001536
Unknown_Sample,20251031_012_pol_pro_Sed_lan_2025_11_Colorado2025.czi,Sed_lan,266.27,5960.0,1825.0,20,22,70.63,0.941,20251031_012_pol_pro_Sed_lan_2025_11_Colorado2025_x005632_y001536
Unknown_Sample,20251031_012_pol_pro_Sed_lan_2025_11_Colorado2025.czi,Sed_lan,212.4,5920.0,2167.0,21,16,65.31,0.906,20251031_012_pol_pro_Sed_lan_2025_11_Colorado2025_x005632_y001536
Unknown_Sample,20251031_012_pol_pro_Sed_lan_2025_11_Colorado2025.czi,Sed_lan,265.88,6291.0,1739.0,21,21,70.04,0.941,20251031_012_pol_pro_Sed_lan_2025_11_Colorado2025_x006144_y001536
Unknown_Sample,20251031_012_pol_pro_Sed_lan_2025_11_Colorado2025.czi,Sed_lan,276.65,6505.0,1986.0,22,21,72.04,0.939,20251031_012_pol_pro_Sed_lan_2025_11_Colorado2025_x006144_y001536
Unknown_Sample,20251031_012_pol_pro_Sed_lan_2025_11_Colorado2025.czi,Sed_lan,220.09,7095.0,1958.0,19,19,63.8,0.935,20251031_012_pol_pro_Sed_lan_2025_11_Colorado2025_x006656_y001536
Unknown_Sample,20251031_012_pol_pro_Sed_lan_2025_11_Colorado2025.czi,Sed_lan,111.97,8619.0,2170.0,16,11,48.24,0.885,20251031_012_pol_pro_Sed_lan_2025_11_Colorado2025_x008192_y001536
Unknown_Sample,20251031_012_pol_pro_Sed_lan_2025_11_Colorado2025.czi,Sed_lan,198.54,9000.0,2152.0,18,19,62.97,0.933,20251031_012_pol_pro_Sed_lan_2025_11_Colorado2025_x008704_y001536
Unknown_Sample,20251031_012_pol_pro_Sed_lan_2025_11_Colorado2025.czi,Sed_lan,143.14,8862.0,1560.0,15,17,52.97,0.927,20251031_012_pol_pro_Sed_lan_2025_11_Colorado2025_x008704_y001536
Unknown_Sample,20251031_012_pol_pro_Sed_lan_2025_11_Colorado2025.czi,Sed_lan,285.12,9422.0,1951.0,22,22,72.87,0.95,20251031_012_pol_pro_Sed_lan_2025_11_Colorado2025_x009216_y001536
Unknown_Sample,20251031_012_pol_pro_Sed_lan_2025_11_Colorado2025.czi,Sed_lan,315.9,9509.0,2051.0,24,22,76.87,0.946,20251031_012_pol_pro_Sed_lan_2025_11_Colorado2025_x009216_y001536
Unknown_Sample,20251031_012_pol_pro_Sed_lan_2025_11_Colorado2025.czi,Sed_lan,203.55,9382.0,1945.0,21,17,62.04,0.946,20251031_012_pol_pro_Sed_lan_2025_11_Colorado2025_x009216_y001536
Unknown_Sample,20251031_012_pol_pro_Sed_lan_2025_11_Colorado2025.czi,Sed_lan,298.97,10111.0,1844.0,22,22,74.04,0.945,20251031_012_pol_pro_Sed_lan_2025_11_Colorado2025_x009728_y001536
Unknown_Sample,20251031_012_pol_pro_Sed_lan_2025_11_Colorado2025.czi,Sed_lan,323.21,10655.0,1774.0,23,23,77.46,0.956,20251031_012_pol_pro_Sed_lan_2025_11_Colorado2025_x010240_y001536
Unknown_Sample,20251031_012_pol_pro_Sed_lan_2025_11_Colorado2025.czi,Sed_lan,299.74,10852.0,1802.0,21,23,74.04,0.948,20251031_012_pol_pro_Sed_lan_2025_11_Colorado2025_x010240_y001536
Unknown_Sample,20251031_012_pol_pro_Sed_lan_2025_11_Colorado2025.czi,Sed_lan,270.5,10457.0,1683.0,21,21,71.21,0.947,20251031_012_pol_pro_Sed_lan_2025_11_Colorado2025_x010240_y001536
Unknown_Sample,20251031_012_pol_pro_Sed_lan_2025_11_Colorado2025.czi,Sed_lan,290.51,10547.0,1678.0,22,23,73.7,0.947,20251031_012_pol_pro_Sed_lan_2025_11_Colorado2025_x010240_y001536
Unknown_Sample,20251031_012_pol_pro_Sed_lan_2025_11_Colorado2025.czi,Sed_lan,300.51,10852.0,1802.0,21,23,74.04,0.949,20251031_012_pol_pro_Sed_lan_2025_11_Colorado2025_x010752_y001536
Unknown_Sample,20251031_012_pol_pro_Sed_lan_2025_11_Colorado2025.czi,Sed_lan,281.66,10932.0,1885.0,21,22,72.63,0.947,20251031_012_pol_pro_Sed_lan_2025_11_Colorado2025_x010752_y001536
Unknown_Sample,20251031_012_pol_pro_Sed_lan_2025_11_Colorado2025.czi,Sed_lan,333.6,10931.0,1577.0,25,23,79.7,0.943,20251031_012_pol_pro_Sed_lan_2025_11_Colorado2025_x010752_y001536
Unknown_Sample,20251031_012_pol_pro_Sed_lan_2025_11_Colorado2025.czi,Sed_lan,305.9,11319.0,1581.0,22,23,76.04,0.941,20251031_012_pol_pro_Sed_lan_2025_11_Colorado2025_x010752_y001536
Unknown_Sample,20251031_012_pol_pro_Sed_lan_2025_11_Colorado2025.czi,Sed_lan,332.83,11419.0,2060.0,24,23,78.87,0.946,20251031_012_pol_pro_Sed_lan_2025_11_Colorado2025_x011264_y001536
Unknown_Sample,20251031_012_pol_pro_Sed_lan_2025_11_Colorado2025.czi,Sed_lan,305.9,11319.0,1581.0,22,23,76.04,0.94,20251031_012_pol_pro_Sed_lan_2025_11_Colorado2025_x011264_y001536
Unknown_Sample,20251031_012_pol_pro_Sed_lan_2025_11_Colorado2025.czi,Sed_lan,284.35,11604.0,2152.0,22,21,72.04,0.94,20251031_012_pol_pro_Sed_lan_2025_11_Colorado2025_x011264_y001536
Unknown_Sample,20251031_012_pol_pro_Sed_lan_2025_11_Colorado2025.czi,Sed_lan,260.11,11561.0,1601.0,22,20,70.63,0.938,20251031_012_pol_pro_Sed_lan_2025_11_Colorado2025_x011264_y001536
Unknown_Sample,20251031_012_pol_pro_Sed_lan_2025_11_Colorado2025.czi,Sed_lan,293.97,12145.0,1748.0,22,22,73.46,0.942,20251031_012_pol_pro_Sed_lan_2025_11_Colorado2025_x011776_y001536
Unknown_Sample,20251031_012_pol_pro_Sed_lan_2025_11_Colorado2025.czi,Sed_lan,199.31,12327.0,2156.0,18,19,61.8,0.938,20251031_012_pol_pro_Sed_lan_2025_11_Colorado2025_x011776_y001536
Unknown_Sample,20251031_012_pol_pro_Sed_lan_2025_11_Colorado2025.czi,Sed_lan,273.19,12114.0,1562.0,19,25,75.8,0.509,20251031_012_pol_pro_Sed_lan_2025_11_Colorado2025_x011776_y001536
Unknown_Sample,20251031_012_pol_pro_Sed_lan_2025_11_Colorado2025.czi,Sed_lan,330.14,12787.0,1580.0,23,23,77.46,0.949,20251031_012_pol_pro_Sed_lan_2025_11_Colorado2025_x012288_y001536
Unknown_Sample,20251031_012_pol_pro_Sed_lan_2025_11_Colorado2025.czi,Sed_lan,229.71,12847.0,1759.0,19,20,65.21,0.948,20251031_012_pol_pro_Sed_lan_2025_11_Colorado2025_x012288_y001536
Unknown_Sample,20251031_012_pol_pro_Sed_lan_2025_11_Colorado2025.czi,Sed_lan,200.08,12327.0,2156.0,18,19,61.8,0.937,20251031_012_pol_pro_Sed_lan_2025_11_Colorado2025_x012288_y001536
Unknown_Sample,20251031_012_pol_pro_Sed_lan_2025_11_Colorado2025.czi,Sed_lan,326.68,13235.0,1967.0,23,23,78.04,0.955,20251031_012_pol_pro_Sed_lan_2025_11_Colorado2025_x012800_y001536
Unknown_Sample,20251031_012_pol_pro_Sed_lan_2025_11_Colorado2025.czi,Sed_lan,230.1,12847.0,1759.0,19,20,65.8,0.946,20251031_012_pol_pro_Sed_lan_2025_11_Colorado2025_x012800_y001536
Unknown_Sample,20251031_012_pol_pro_Sed_lan_2025_11_Colorado2025.czi,Sed_lan,180.08,13053.0,2023.0,20,15,57.8,0.936,20251031_012_pol_pro_Sed_lan_2025_11_Colorado2025_x012800_y001536
Unknown_Sample,20251031_012_pol_pro_Sed_lan_2025_11_Colorado2025.czi,Sed_lan,241.64,13577.0,1544.0,22,18,68.97,0.953,20251031_012_pol_pro_Sed_lan_2025_11_Colorado2025_x013312_y001536
Unknown_Sample,20251031_012_pol_pro_Sed_lan_2025_11_Colorado2025.czi,Sed_lan,283.97,13576.0,1950.0,22,21,72.63,0.949,20251031_012_pol_pro_Sed_lan_2025_11_Colorado2025_x013312_y001536
Unknown_Sample,20251031_012_pol_pro_Sed_lan_2025_11_Colorado2025.czi,Sed_lan,330.14,14213.0,2009.0,23,23,78.63,0.951,20251031_012_pol_pro_Sed_lan_2025_11_Colorado2025_x013824_y001536
Unknown_Sample,20251031_012_pol_pro_Sed_lan_2025_11_Colorado2025.czi,Sed_lan,238.95,14294.0,1955.0,20,20,66.04,0.909,20251031_012_pol_pro_Sed_lan_2025_11_Colorado2025_x013824_y001536
Unknown_Sample,20251031_012_pol_pro_Sed_lan_2025_11_Colorado2025.czi,Sed_lan,332.83,14312.0,1966.0,24,25,78.18,0.903,20251031_012_pol_pro_Sed_lan_2025_11_Colorado2025_x013824_y001536
Unknown_Sample,20251031_012_pol_pro_Sed_lan_2025_11_Colorado2025.czi,Sed_lan,294.74,14742.0,2015.0,21,24,75.46,0.953,20251031_012_pol_pro_Sed_lan_2025_11_Colorado2025_x014336_y001536
Unknown_Sample,20251031_012_pol_pro_Sed_lan_2025_11_Colorado2025.czi,Sed_lan,320.9,14588.0,2086.0,23,23,77.46,0.952,20251031_012_pol_pro_Sed_lan_2025_11_Colorado2025_x014336_y001536
Unknown_Sample,20251031_012_pol_pro_Sed_lan_2025_11_Colorado2025.czi,Sed_lan,374.39,14778.0,1621.0,26,24,82.53,0.95,20251031_012_pol_pro_Sed_lan_2025_11_Colorado2025_x014336_y001536
Unknown_Sample,20251031_012_pol_pro_Sed_lan_2025_11_Colorado2025.czi,Sed_lan,343.22,14893.0,2000.0,24,23,80.63,0.95,20251031_012_pol_pro_Sed_lan_2025_11_Colorado2025_x014336_y001536
Unknown_Sample,20251031_012_pol_pro_Sed_lan_2025_11_Colorado2025.czi,Sed_lan,295.51,14812.0,1584.0,22,22,73.46,0.948,20251031_012_pol_pro_Sed_lan_2025_11_Colorado2025_x014336_y001536
Unknown_Sample,20251031_012_pol_pro_Sed_lan_2025_11_Colorado2025.czi,Sed_lan,220.48,14479.0,1943.0,18,20,64.38,0.948,20251031_012_pol_pro_Sed_lan_2025_11_Colorado2025_x014336_y001536
Unknown_Sample,20251031_012_pol_pro_Sed_lan_2025_11_Colorado2025.czi,Sed_lan,318.21,14857.0,1842.0,22,24,76.87,0.948,20251031_012_pol_pro_Sed_lan_2025_11_Colorado2025_x014336_y001536
Unknown_Sample,20251031_012_pol_pro_Sed_lan_2025_11_Colorado2025.czi,Sed_lan,299.36,14857.0,1842.0,20,24,74.63,0.951,20251031_012_pol_pro_Sed_lan_2025_11_Colorado2025_x014848_y001536
Unknown_Sample,20251031_012_pol_pro_Sed_lan_2025_11_Colorado2025.czi,Sed_lan,345.53,14893.0,2000.0,24,23,80.63,0.949,20251031_012_pol_pro_Sed_lan_2025_11_Colorado2025_x014848_y001536
Unknown_Sample,20251031_012_pol_pro_Sed_lan_2025_11_Colorado2025.czi,Sed_lan,292.43,15365.0,1684.0,22,21,73.8,0.947,20251031_012_pol_pro_Sed_lan_2025_11_Colorado2025_x014848_y001536
Unknown_Sample,20251031_012_pol_pro_Sed_lan_2025_11_Colorado2025.czi,Sed_lan,285.89,15385.0,1586.0,22,22,74.04,0.945,20251031_012_pol_pro_Sed_lan_2025_11_Colorado2025_x014848_y001536
Unknown_Sample,20251031_012_pol_pro_Sed_lan_2025_11_Colorado2025.czi,Sed_lan,362.84,15527.0,1659.0,24,24,82.04,0.954,20251031_012_pol_pro_Sed_lan_2025_11_Colorado2025_x015360_y001536
Unknown_Sample,20251031_012_pol_pro_Sed_lan_2025_11_Colorado2025.czi,Sed_lan,208.93,15367.0,1684.0,16,21,64.73,0.952,20251031_012_pol_pro_Sed_lan_2025_11_Colorado2025_x015360_y001536
Unknown_Sample,20251031_012_pol_pro_Sed_lan_2025_11_Colorado2025.czi,Sed_lan,299.74,15518.0,1692.0,23,22,74.87,0.95,20251031_012_pol_pro_Sed_lan_2025_11_Colorado2025_x015360_y001536
Unknown_Sample,20251031_012_pol_pro_Sed_lan_2025_11_Colorado2025.czi,Sed_lan,285.89,15385.0,1586.0,22,22,74.04,0.945,20251031_012_pol_pro_Sed_lan_2025_11_Colorado2025_x015360_y001536
Unknown_Sample,20251031_012_pol_pro_Sed_lan_2025_11_Colorado2025.czi,Sed_lan,263.19,15523.0,2144.0,20,21,69.8,0.935,20251031_012_pol_pro_Sed_lan_2025_11_Colorado2025_x015360_y001536
Unknown_Sample,20251031_012_pol_pro_Sed_lan_2025_11_Colorado2025.czi,Sed_lan,342.07,15703.0,1798.0,23,25,79.7,0.918,20251031_012_pol_pro_Sed_lan_2025_11_Colorado2025_x015360_y001536
Unknown_Sample,20251031_012_pol_pro_Sed_lan_2025_11_Colorado2025.czi,Sed_lan,207.78,15721.0,1789.0,21,18,63.46,0.909,20251031_012_pol_pro_Sed_lan_2025_11_Colorado2025_x015360_y001536
Unknown_Sample,20251031_012_pol_pro_Sed_lan_2025_11_Colorado2025.czi,Sed_lan,247.41,16158.0,1553.0,20,20,68.38,0.901,20251031_012_pol_pro_Sed_lan_2025_11_Colorado2025_x015872_y001536
Unknown_Sample,20251031_012_pol_pro_Sed_lan_2025_11_Colorado2025.czi,Sed_lan,67.72,16333.0,2035.0,11,11,36.49,0.531,20251031_012_pol_pro_Sed_lan_2025_11_Colorado2025_x015872_y001536
Unknown_Sample,20251031_012_pol_pro_Sed_lan_2025_11_Colorado2025.czi,Sed_lan,306.28,16628.0,1620.0,22,25,78.28,0.819,20251031_012_pol_pro_Sed_lan_2025_11_Colorado2025_x016384_y001536
Unknown_Sample,20251031_012_pol_pro_Sed_lan_2025_11_Colorado2025.czi,Sed_lan,234.33,735.0,2523.0,20,20,66.04,0.939,20251031_012_pol_pro_Sed_lan_2025_11_Colorado2025_x000512_y002048
Unknown_Sample,20251031_012_pol_pro_Sed_lan_2025_11_Colorado2025.czi,Sed_lan,234.71,1069.0,2281.0,19,20,65.8,0.932,20251031_012_pol_pro_Sed_lan_2025_11_Colorado2025_x000512_y002048
Unknown_Sample,20251031_012_pol_pro_Sed_lan_2025_11_Colorado2025.czi,Sed_lan,283.58,1271.0,2144.0,21,22,73.21,0.946,20251031_012_pol_pro_Sed_lan_2025_11_Colorado2025_x001024_y002048
Unknown_Sample,20251031_012_pol_pro_Sed_lan_2025_11_Colorado2025.czi,Sed_lan,250.1,1598.0,2294.0,21,20,68.63,0.939,20251031_012_pol_pro_Sed_lan_2025_11_Colorado2025_x001024_y002048
Unknown_Sample,20251031_012_pol_pro_Sed_lan_2025_11_Colorado2025.czi,Sed_lan,233.17,1069.0,2281.0,19,20,65.8,0.93,20251031_012_pol_pro_Sed_lan_2025_11_Colorado2025_x001024_y002048
Unknown_Sample,20251031_012_pol_pro_Sed_lan_2025_11_Colorado2025.czi,Sed_lan,177.38,1578.0,2318.0,18,16,57.56,0.922,20251031_012_pol_pro_Sed_lan_2025_11_Colorado2025_x001024_y002048
Unknown_Sample,20251031_012_pol_pro_Sed_lan_2025_11_Colorado2025.czi,Sed_lan,218.17,1334.0,2649.0,18,19,63.56,0.917,20251031_012_pol_pro_Sed_lan_2025_11_Colorado2025_x001024_y002048
Unknown_Sample,20251031_012_pol_pro_Sed_lan_2025_11_Colorado2025.czi,Sed_lan,273.96,1966.0,2108.0,22,21,72.63,0.945,20251031_012_pol_pro_Sed_lan_2025_11_Colorado2025_x001536_y002048
Unknown_Sample,20251031_012_pol_pro_Sed_lan_2025_11_Colorado2025.czi,Sed_lan,287.04,1732.0,2198.0,22,21,72.63,0.939,20251031_012_pol_pro_Sed_lan_2025_11_Colorado2025_x001536_y002048
Unknown_Sample,20251031_012_pol_pro_Sed_lan_2025_11_Colorado2025.czi,Sed_lan,248.18,1598.0,2294.0,21,20,68.04,0.939,20251031_012_pol_pro_Sed_lan_2025_11_Colorado2025_x001536_y002048
Unknown_Sample,20251031_012_pol_pro_Sed_lan_2025_11_Colorado2025.czi,Sed_lan,177.38,1578.0,2318.0,18,16,57.56,0.922,20251031_012_pol_pro_Sed_lan_2025_11_Colorado2025_x001536_y002048
Unknown_Sample,20251031_012_pol_pro_Sed_lan_2025_11_Colorado2025.czi,Sed_lan,307.44,2897.0,2133.0,23,22,77.21,0.939,20251031_012_pol_pro_Sed_lan_2025_11_Colorado2025_x002560_y002048
Unknown_Sample,20251031_012_pol_pro_Sed_lan_2025_11_Colorado2025.czi,Sed_lan,251.26,2991.0,2677.0,20,20,69.56,0.913,20251031_012_pol_pro_Sed_lan_2025_11_Colorado2025_x002560_y002048
Unknown_Sample,20251031_012_pol_pro_Sed_lan_2025_11_Colorado2025.czi,Sed_lan,245.1,3305.0,2453.0,20,21,66.87,0.944,20251031_012_pol_pro_Sed_lan_2025_11_Colorado2025_x003072_y002048
Unknown_Sample,20251031_012_pol_pro_Sed_lan_2025_11_Colorado2025.czi,Sed_lan,282.04,3941.0,2341.0,22,21,72.04,0.938,20251031_012_pol_pro_Sed_lan_2025_11_Colorado2025_x003584_y002048
Unknown_Sample,20251031_012_pol_pro_Sed_lan_2025_11_Colorado2025.czi,Sed_lan,226.25,4092.0,2555.0,19,19,66.14,0.931,20251031_012_pol_pro_Sed_lan_2025_11_Colorado2025_x003584_y002048
Unknown_Sample,20251031_012_pol_pro_Sed_lan_2025_11_Colorado2025.czi,Sed_lan,323.6,4589.0,2627.0,23,24,76.53,0.945,20251031_012_pol_pro_Sed_lan_2025_11_Colorado2025_x004096_y002048
Unknown_Sample,20251031_012_pol_pro_Sed_lan_2025_11_Colorado2025.czi,Sed_lan,292.05,4594.0,2316.0,23,21,74.04,0.938,20251031_012_pol_pro_Sed_lan_2025_11_Colorado2025_x004096_y002048
Unknown_Sample,20251031_012_pol_pro_Sed_lan_2025_11_Colorado2025.czi,Sed_lan,216.24,4335.0,2260.0,19,19,63.8,0.926,20251031_012_pol_pro_Sed_lan_2025_11_Colorado2025_x004096_y002048
Unknown_Sample,20251031_012_pol_pro_Sed_lan_2025_11_Colorado2025.czi,Sed_lan,153.14,4472.0,2179.0,19,14,54.97,0.884,20251031_012_pol_pro_Sed_lan_2025_11_Colorado2025_x004096_y002048
Unknown_Sample,20251031_012_pol_pro_Sed_lan_2025_11_Colorado2025.czi,Sed_lan,291.28,4484.0,2193.0,25,24,87.84,0.88,20251031_012_pol_pro_Sed_lan_2025_11_Colorado2025_x004096_y002048
Unknown_Sample,20251031_012_pol_pro_Sed_lan_2025_11_Colorado2025.czi,Sed_lan,158.91,4465.0,2194.0,15,18,54.38,0.738,20251031_012_pol_pro_Sed_lan_2025_11_Colorado2025_x004096_y002048
Unknown_Sample,20251031_012_pol_pro_Sed_lan_2025_11_Colorado2025.czi,Sed_lan,132.75,4538.0,2124.0,16,14,50.73,0.641,20251031_012_pol_pro_Sed_lan_2025_11_Colorado2025_x004096_y002048
Unknown_Sample,20251031_012_pol_pro_Sed_lan_2025_11_Colorado2025.czi,Sed_lan,352.84,4890.0,2371.0,24,24,79.7,0.948,20251031_012_pol_pro_Sed_lan_2025_11_Colorado2025_x004608_y002048
Unknown_Sample,20251031_012_pol_pro_Sed_lan_2025_11_Colorado2025.czi,Sed_lan,197.39,5027.0,2125.0,18,18,60.38,0.944,20251031_012_pol_pro_Sed_lan_2025_11_Colorado2025_x004608_y002048
Unknown_Sample,20251031_012_pol_pro_Sed_lan_2025_11_Colorado2025.czi,Sed_lan,251.26,5132.0,2489.0,20,20,68.38,0.939,20251031_012_pol_pro_Sed_lan_2025_11_Colorado2025_x004608_y002048
Unknown_Sample,20251031_012_pol_pro_Sed_lan_2025_11_Colorado2025.czi,Sed_lan,288.2,4878.0,2113.0,22,22,74.04,0.936,20251031_012_pol_pro_Sed_lan_2025_11_Colorado2025_x004608_y002048
Unknown_Sample,20251031_012_pol_pro_Sed_lan_2025_11_Colorado2025.czi,Sed_lan,129.28,4998.0,2456.0,14,16,50.14,0.908,20251031_012_pol_pro_Sed_lan_2025_11_Colorado2025_x004608_y002048
Unknown_Sample,20251031_012_pol_pro_Sed_lan_2025_11_Colorado2025.czi,Sed_lan,323.6,5606.0,2417.0,23,24,77.7,0.945,20251031_012_pol_pro_Sed_lan_2025_11_Colorado2025_x005120_y002048
Unknown_Sample,20251031_012_pol_pro_Sed_lan_2025_11_Colorado2025.czi,Sed_lan,253.95,5132.0,2489.0,20,20,68.97,0.937,20251031_012_pol_pro_Sed_lan_2025_11_Colorado2025_x005120_y002048
Unknown_Sample,20251031_012_pol_pro_Sed_lan_2025_11_Colorado2025.czi,Sed_lan,356.3,5534.0,2109.0,25,24,79.94,0.933,20251031_012_pol_pro_Sed_lan_2025_11_Colorado2025_x005120_y002048
Unknown_Sample,20251031_012_pol_pro_Sed_lan_2025_11_Colorado2025.czi,Sed_lan,223.56,5391.0,2196.0,19,20,65.21,0.908,20251031_012_pol_pro_Sed_lan_2025_11_Colorado2025_x005120_y002048
Unknown_Sample,20251031_012_pol_pro_Sed_lan_2025_11_Colorado2025.czi,Sed_lan,291.28,5984.0,2589.0,22,22,75.21,0.949,20251031_012_pol_pro_Sed_lan_2025_11_Colorado2025_x005632_y002048
Unknown_Sample,20251031_012_pol_pro_Sed_lan_2025_11_Colorado2025.czi,Sed_lan,228.56,5948.0,2565.0,19,20,64.63,0.944,20251031_012_pol_pro_Sed_lan_2025_11_Colorado2025_x005632_y002048
Unknown_Sample,20251031_012_pol_pro_Sed_lan_2025_11_Colorado2025.czi,Sed_lan,225.09,5920.0,2168.0,21,18,65.21,0.934,20251031_012_pol_pro_Sed_lan_2025_11_Colorado2025_x005632_y002048
Unknown_Sample,20251031_012_pol_pro_Sed_lan_2025_11_Colorado2025.czi,Sed_lan,197.78,7350.0,2547.0,18,19,61.8,0.938,20251031_012_pol_pro_Sed_lan_2025_11_Colorado2025_x007168_y002048
Unknown_Sample,20251031_012_pol_pro_Sed_lan_2025_11_Colorado2025.czi,Sed_lan,170.46,8039.0,2512.0,17,18,58.38,0.935,20251031_012_pol_pro_Sed_lan_2025_11_Colorado2025_x007680_y002048
Unknown_Sample,20251031_012_pol_pro_Sed_lan_2025_11_Colorado2025.czi,Sed_lan,115.43,8150.0,2682.0,19,10,50.49,0.875,20251031_012_pol_pro_Sed_lan_2025_11_Colorado2025_x007680_y002048
Unknown_Sample,20251031_012_pol_pro_Sed_lan_2025_11_Colorado2025.czi,Sed_lan,159.3,8619.0,2172.0,17,16,56.14,0.929,20251031_012_pol_pro_Sed_lan_2025_11_Colorado2025_x008192_y002048
Unknown_Sample,20251031_012_pol_pro_Sed_lan_2025_11_Colorado2025.czi,Sed_lan,272.81,9146.0,2663.0,21,21,71.21,0.944,20251031_012_pol_pro_Sed_lan_2025_11_Colorado2025_x008704_y002048
Unknown_Sample,20251031_012_pol_pro_Sed_lan_2025_11_Colorado2025.czi,Sed_lan,198.16,9000.0,2152.0,18,19,62.38,0.935,20251031_012_pol_pro_Sed_lan_2025_11_Colorado2025_x008704_y002048
Unknown_Sample,20251031_012_pol_pro_Sed_lan_2025_11_Colorado2025.czi,Sed_lan,352.07,9704.0,2191.0,24,24,79.7,0.955,20251031_012_pol_pro_Sed_lan_2025_11_Colorado2025_x009216_y002048
Unknown_Sample,20251031_012_pol_pro_Sed_lan_2025_11_Colorado2025.czi,Sed_lan,208.55,9510.0,2055.0,24,15,66.97,0.952,20251031_012_pol_pro_Sed_lan_2025_11_Colorado2025_x009216_y002048
Unknown_Sample,20251031_012_pol_pro_Sed_lan_2025_11_Colorado2025.czi,Sed_lan,307.82,9476.0,2280.0,23,22,75.46,0.946,20251031_012_pol_pro_Sed_lan_2025_11_Colorado2025_x009216_y002048
Unknown_Sample,20251031_012_pol_pro_Sed_lan_2025_11_Colorado2025.czi,Sed_lan,319.75,10300.0,2573.0,22,24,76.87,0.942,20251031_012_pol_pro_Sed_lan_2025_11_Colorado2025_x009728_y002048
Unknown_Sample,20251031_012_pol_pro_Sed_lan_2025_11_Colorado2025.czi,Sed_lan,292.82,10670.0,2603.0,22,22,74.04,0.949,20251031_012_pol_pro_Sed_lan_2025_11_Colorado2025_x010240_y002048
Unknown_Sample,20251031_012_pol_pro_Sed_lan_2025_11_Colorado2025.czi,Sed_lan,320.52,10300.0,2573.0,22,24,76.87,0.941,20251031_012_pol_pro_Sed_lan_2025_11_Colorado2025_x010240_y002048
Unknown_Sample,20251031_012_pol_pro_Sed_lan_2025_11_Colorado2025.czi,Sed_lan,356.3,11201.0,2207.0,24,25,81.11,0.954,20251031_012_pol_pro_Sed_lan_2025_11_Colorado2025_x010752_y002048
Unknown_Sample,20251031_012_pol_pro_Sed_lan_2025_11_Colorado2025.czi,Sed_lan,251.26,10928.0,2221.0,20,20,69.56,0.944,20251031_012_pol_pro_Sed_lan_2025_11_Colorado2025_x010752_y002048
Unknown_Sample,20251031_012_pol_pro_Sed_lan_2025_11_Colorado2025.czi,Sed_lan,151.6,11344.0,2681.0,21,12,57.31,0.877,20251031_012_pol_pro_Sed_lan_2025_11_Colorado2025_x010752_y002048
Unknown_Sample,20251031_012_pol_pro_Sed_lan_2025_11_Colorado2025.czi,Sed_lan,210.09,11452.0,2645.0,19,19,63.8,0.945,20251031_012_pol_pro_Sed_lan_2025_11_Colorado2025_x011264_y002048
Unknown_Sample,20251031_012_pol_pro_Sed_lan_2025_11_Colorado2025.czi,Sed_lan,336.68,11419.0,2060.0,24,23,78.87,0.945,20251031_012_pol_pro_Sed_lan_2025_11_Colorado2025_x011264_y002048
Unknown_Sample,20251031_012_pol_pro_Sed_lan_2025_11_Colorado2025.czi,Sed_lan,284.35,11604.0,2152.0,22,21,72.04,0.941,20251031_012_pol_pro_Sed_lan_2025_11_Colorado2025_x011264_y002048
Unknown_Sample,20251031_012_pol_pro_Sed_lan_2025_11_Colorado2025.czi,Sed_lan,158.14,11410.0,2625.0,17,17,56.38,0.937,20251031_012_pol_pro_Sed_lan_2025_11_Colorado2025_x011264_y002048
Unknown_Sample,20251031_012_pol_pro_Sed_lan_2025_11_Colorado2025.czi,Sed_lan,151.99,11344.0,2681.0,21,12,57.9,0.876,20251031_012_pol_pro_Sed_lan_2025_11_Colorado2025_x011264_y002048
Unknown_Sample,20251031_012_pol_pro_Sed_lan_2025_11_Colorado2025.czi,Sed_lan,319.75,12395.0,2296.0,23,23,76.87,0.95,20251031_012_pol_pro_Sed_lan_2025_11_Colorado2025_x011776_y002048
Unknown_Sample,20251031_012_pol_pro_Sed_lan_2025_11_Colorado2025.czi,Sed_lan,347.07,12169.0,2560.0,24,24,80.28,0.95,20251031_012_pol_pro_Sed_lan_2025_11_Colorado2025_x011776_y002048
Unknown_Sample,20251031_012_pol_pro_Sed_lan_2025_11_Colorado2025.czi,Sed_lan,322.83,12357.0,2417.0,23,23,79.21,0.948,20251031_012_pol_pro_Sed_lan_2025_11_Colorado2025_x011776_y002048
Unknown_Sample,20251031_012_pol_pro_Sed_lan_2025_11_Colorado2025.czi,Sed_lan,197.01,12327.0,2156.0,18,19,61.8,0.939,20251031_012_pol_pro_Sed_lan_2025_11_Colorado2025_x011776_y002048
Unknown_Sample,20251031_012_pol_pro_Sed_lan_2025_11_Colorado2025.czi,Sed_lan,302.05,12373.0,2670.0,23,22,74.87,0.936,20251031_012_pol_pro_Sed_lan_2025_11_Colorado2025_x011776_y002048
Unknown_Sample,20251031_012_pol_pro_Sed_lan_2025_11_Colorado2025.czi,Sed_lan,130.05,12040.0,2207.0,15,15,50.14,0.92,20251031_012_pol_pro_Sed_lan_2025_11_Colorado2025_x011776_y002048
Unknown_Sample,20251031_012_pol_pro_Sed_lan_2025_11_Colorado2025.czi,Sed_lan,318.6,12395.0,2296.0,23,23,77.46,0.95,20251031_012_pol_pro_Sed_lan_2025_11_Colorado2025_x012288_y002048
Unknown_Sample,20251031_012_pol_pro_Sed_lan_2025_11_Colorado2025.czi,Sed_lan,322.83,12357.0,2417.0,23,23,79.21,0.947,20251031_012_pol_pro_Sed_lan_2025_11_Colorado2025_x012288_y002048
Unknown_Sample,20251031_012_pol_pro_Sed_lan_2025_11_Colorado2025.czi,Sed_lan,197.01,12327.0,2156.0,18,19,61.8,0.938,20251031_012_pol_pro_Sed_lan_2025_11_Colorado2025_x012288_y002048
Unknown_Sample,20251031_012_pol_pro_Sed_lan_2025_11_Colorado2025.czi,Sed_lan,302.82,12373.0,2670.0,23,22,74.87,0.935,20251031_012_pol_pro_Sed_lan_2025_11_Colorado2025_x012288_y002048
Unknown_Sample,20251031_012_pol_pro_Sed_lan_2025_11_Colorado2025.czi,Sed_lan,163.53,12849.0,2592.0,20,14,56.38,0.926,20251031_012_pol_pro_Sed_lan_2025_11_Colorado2025_x012288_y002048
Unknown_Sample,20251031_012_pol_pro_Sed_lan_2025_11_Colorado2025.czi,Sed_lan,310.51,13077.0,2297.0,22,23,76.04,0.936,20251031_012_pol_pro_Sed_lan_2025_11_Colorado2025_x012800_y002048
Unknown_Sample,20251031_012_pol_pro_Sed_lan_2025_11_Colorado2025.czi,Sed_lan,165.45,12849.0,2592.0,20,14,56.97,0.921,20251031_012_pol_pro_Sed_lan_2025_11_Colorado2025_x012800_y002048
Unknown_Sample,20251031_012_pol_pro_Sed_lan_2025_11_Colorado2025.czi,Sed_lan,330.14,13525.0,2525.0,23,23,78.63,0.949,20251031_012_pol_pro_Sed_lan_2025_11_Colorado2025_x013312_y002048
Unknown_Sample,20251031_012_pol_pro_Sed_lan_2025_11_Colorado2025.czi,Sed_lan,232.41,13595.0,2600.0,21,19,66.63,0.918,20251031_012_pol_pro_Sed_lan_2025_11_Colorado2025_x013312_y002048
Unknown_Sample,20251031_012_pol_pro_Sed_lan_2025_11_Colorado2025.czi,Sed_lan,348.22,14415.0,2333.0,24,25,80.53,0.954,20251031_012_pol_pro_Sed_lan_2025_11_Colorado2025_x013824_y002048
Unknown_Sample,20251031_012_pol_pro_Sed_lan_2025_11_Colorado2025.czi,Sed_lan,308.21,14163.0,2229.0,24,21,74.87,0.951,20251031_012_pol_pro_Sed_lan_2025_11_Colorado2025_x013824_y002048
Unknown_Sample,20251031_012_pol_pro_Sed_lan_2025_11_Colorado2025.czi,Sed_lan,323.21,14186.0,2208.0,23,23,78.63,0.947,20251031_012_pol_pro_Sed_lan_2025_11_Colorado2025_x013824_y002048
Unknown_Sample,20251031_012_pol_pro_Sed_lan_2025_11_Colorado2025.czi,Sed_lan,303.97,14441.0,2460.0,23,22,74.28,0.94,20251031_012_pol_pro_Sed_lan_2025_11_Colorado2025_x013824_y002048
Unknown_Sample,20251031_012_pol_pro_Sed_lan_2025_11_Colorado2025.czi,Sed_lan,191.23,14303.0,2423.0,20,16,60.38,0.935,20251031_012_pol_pro_Sed_lan_2025_11_Colorado2025_x013824_y002048
Unknown_Sample,20251031_012_pol_pro_Sed_lan_2025_11_Colorado2025.czi,Sed_lan,233.94,14094.0,2676.0,19,20,66.97,0.934,20251031_012_pol_pro_Sed_lan_2025_11_Colorado2025_x013824_y002048
Unknown_Sample,20251031_012_pol_pro_Sed_lan_2025_11_Colorado2025.czi,Sed_lan,348.22,14415.0,2333.0,24,25,80.53,0.955,20251031_012_pol_pro_Sed_lan_2025_11_Colorado2025_x014336_y002048
Unknown_Sample,20251031_012_pol_pro_Sed_lan_2025_11_Colorado2025.czi,Sed_lan,322.44,14588.0,2086.0,23,23,77.46,0.952,20251031_012_pol_pro_Sed_lan_2025_11_Colorado2025_x014336_y002048
Unknown_Sample,20251031_012_pol_pro_Sed_lan_2025_11_Colorado2025.czi,Sed_lan,303.97,14441.0,2460.0,23,22,74.28,0.94,20251031_012_pol_pro_Sed_lan_2025_11_Colorado2025_x014336_y002048
Unknown_Sample,20251031_012_pol_pro_Sed_lan_2025_11_Colorado2025.czi,Sed_lan,219.32,14962.0,2593.0,18,20,63.8,0.939,20251031_012_pol_pro_Sed_lan_2025_11_Colorado2025_x014336_y002048
Unknown_Sample,20251031_012_pol_pro_Sed_lan_2025_11_Colorado2025.czi,Sed_lan,327.44,14965.0,2495.0,21,24,79.56,0.935,20251031_012_pol_pro_Sed_lan_2025_11_Colorado2025_x014336_y002048
Unknown_Sample,20251031_012_pol_pro_Sed_lan_2025_11_Colorado2025.czi,Sed_lan,270.11,15088.0,2584.0,21,21,70.63,0.951,20251031_012_pol_pro_Sed_lan_2025_11_Colorado2025_x014848_y002048
Unknown_Sample,20251031_012_pol_pro_Sed_lan_2025_11_Colorado2025.czi,Sed_lan,356.3,15005.0,2668.0,24,25,82.28,0.951,20251031_012_pol_pro_Sed_lan_2025_11_Colorado2025_x014848_y002048
Unknown_Sample,20251031_012_pol_pro_Sed_lan_2025_11_Colorado2025.czi,Sed_lan,280.89,15352.0,2305.0,21,22,72.63,0.948,20251031_012_pol_pro_Sed_lan_2025_11_Colorado2025_x014848_y002048
Unknown_Sample,20251031_012_pol_pro_Sed_lan_2025_11_Colorado2025.czi,Sed_lan,340.91,15053.0,2672.0,24,24,79.11,0.946,20251031_012_pol_pro_Sed_lan_2025_11_Colorado2025_x014848_y002048
Unknown_Sample,20251031_012_pol_pro_Sed_lan_2025_11_Colorado2025.czi,Sed_lan,326.68,15200.0,2301.0,22,24,76.87,0.946,20251031_012_pol_pro_Sed_lan_2025_11_Colorado2025_x014848_y002048
Unknown_Sample,20251031_012_pol_pro_Sed_lan_2025_11_Colorado2025.czi,Sed_lan,307.44,15064.0,2649.0,22,22,75.21,0.944,20251031_012_pol_pro_Sed_lan_2025_11_Colorado2025_x014848_y002048
Unknown_Sample,20251031_012_pol_pro_Sed_lan_2025_11_Colorado2025.czi,Sed_lan,214.71,14962.0,2593.0,18,20,62.63,0.943,20251031_012_pol_pro_Sed_lan_2025_11_Colorado2025_x014848_y002048
Unknown_Sample,20251031_012_pol_pro_Sed_lan_2025_11_Colorado2025.czi,Sed_lan,313.21,15351.0,2355.0,23,22,75.46,0.943,20251031_012_pol_pro_Sed_lan_2025_11_Colorado2025_x014848_y002048
Unknown_Sample,20251031_012_pol_pro_Sed_lan_2025_11_Colorado2025.czi,Sed_lan,349.38,14966.0,2495.0,24,24,80.28,0.925,20251031_012_pol_pro_Sed_lan_2025_11_Colorado2025_x014848_y002048
Unknown_Sample,20251031_012_pol_pro_Sed_lan_2025_11_Colorado2025.czi,Sed_lan,273.58,14988.0,2490.0,23,22,72.53,0.904,20251031_012_pol_pro_Sed_lan_2025_11_Colorado2025_x014848_y002048
Unknown_Sample,20251031_012_pol_pro_Sed_lan_2025_11_Colorado2025.czi,Sed_lan,254.72,15523.0,2144.0,20,21,68.63,0.945,20251031_012_pol_pro_Sed_lan_2025_11_Colorado2025_x015360_y002048
Unknown_Sample,20251031_012_pol_pro_Sed_lan_2025_11_Colorado2025.czi,Sed_lan,278.96,15860.0,2678.0,23,19,74.73,0.92,20251031_012_pol_pro_Sed_lan_2025_11_Colorado2025_x015360_y002048
Unknown_Sample,20251031_012_pol_pro_Sed_lan_2025_11_Colorado2025.czi,Sed_lan,300.51,16192.0,2415.0,22,22,74.04,0.947,20251031_012_pol_pro_Sed_lan_2025_11_Colorado2025_x015872_y002048
Unknown_Sample,20251031_012_pol_pro_Sed_lan_2025_11_Colorado2025.czi,Sed_lan,209.7,1334.0,2649.0,18,18,62.73,0.921,20251031_012_pol_pro_Sed_lan_2025_11_Colorado2025_x001024_y002560
Unknown_Sample,20251031_012_pol_pro_Sed_lan_2025_11_Colorado2025.czi,Sed_lan,243.18,1795.0,3092.0,20,20,66.63,0.94,20251031_012_pol_pro_Sed_lan_2025_11_Colorado2025_x001536_y002560
Unknown_Sample,20251031_012_pol_pro_Sed_lan_2025_11_Colorado2025.czi,Sed_lan,245.49,2406.0,3091.0,20,20,67.8,0.94,20251031_012_pol_pro_Sed_lan_2025_11_Colorado2025_x002048_y002560
Unknown_Sample,20251031_012_pol_pro_Sed_lan_2025_11_Colorado2025.czi,Sed_lan,292.43,2207.0,2744.0,22,22,74.63,0.938,20251031_012_pol_pro_Sed_lan_2025_11_Colorado2025_x002048_y002560
Unknown_Sample,20251031_012_pol_pro_Sed_lan_2025_11_Colorado2025.czi,Sed_lan,186.23,2336.0,2896.0,19,16,60.14,0.934,20251031_012_pol_pro_Sed_lan_2025_11_Colorado2025_x002048_y002560
Unknown_Sample,20251031_012_pol_pro_Sed_lan_2025_11_Colorado2025.czi,Sed_lan,273.96,2294.0,2860.0,22,21,72.63,0.931,20251031_012_pol_pro_Sed_lan_2025_11_Colorado2025_x002048_y002560
Unknown_Sample,20251031_012_pol_pro_Sed_lan_2025_11_Colorado2025.czi,Sed_lan,280.89,2263.0,2882.0,22,21,72.63,0.93,20251031_012_pol_pro_Sed_lan_2025_11_Colorado2025_x002048_y002560
Unknown_Sample,20251031_012_pol_pro_Sed_lan_2025_11_Colorado2025.czi,Sed_lan,294.35,2434.0,2690.0,21,23,74.04,0.915,20251031_012_pol_pro_Sed_lan_2025_11_Colorado2025_x002048_y002560
Unknown_Sample,20251031_012_pol_pro_Sed_lan_2025_11_Colorado2025.czi,Sed_lan,276.27,2616.0,2824.0,21,21,72.97,0.903,20251031_012_pol_pro_Sed_lan_2025_11_Colorado2025_x002048_y002560
Unknown_Sample,20251031_012_pol_pro_Sed_lan_2025_11_Colorado2025.czi,Sed_lan,131.59,2598.0,2697.0,15,15,50.14,0.852,20251031_012_pol_pro_Sed_lan_2025_11_Colorado2025_x002048_y002560
Unknown_Sample,20251031_012_pol_pro_Sed_lan_2025_11_Colorado2025.czi,Sed_lan,260.88,2991.0,2676.0,20,21,69.8,0.926,20251031_012_pol_pro_Sed_lan_2025_11_Colorado2025_x002560_y002560
Unknown_Sample,20251031_012_pol_pro_Sed_lan_2025_11_Colorado2025.czi,Sed_lan,275.88,2616.0,2824.0,21,21,72.38,0.906,20251031_012_pol_pro_Sed_lan_2025_11_Colorado2025_x002560_y002560
Unknown_Sample,20251031_012_pol_pro_Sed_lan_2025_11_Colorado2025.czi,Sed_lan,131.59,2598.0,2697.0,15,15,50.14,0.87,20251031_012_pol_pro_Sed_lan_2025_11_Colorado2025_x002560_y002560
Unknown_Sample,20251031_012_pol_pro_Sed_lan_2025_11_Colorado2025.czi,Sed_lan,337.06,3403.0,2787.0,23,23,78.63,0.942,20251031_012_pol_pro_Sed_lan_2025_11_Colorado2025_x003072_y002560
Unknown_Sample,20251031_012_pol_pro_Sed_lan_2025_11_Colorado2025.czi,Sed_lan,327.83,4589.0,2627.0,23,24,78.28,0.943,20251031_012_pol_pro_Sed_lan_2025_11_Colorado2025_x004096_y002560
Unknown_Sample,20251031_012_pol_pro_Sed_lan_2025_11_Colorado2025.czi,Sed_lan,322.83,4531.0,2745.0,23,23,76.87,0.939,20251031_012_pol_pro_Sed_lan_2025_11_Colorado2025_x004096_y002560
Unknown_Sample,20251031_012_pol_pro_Sed_lan_2025_11_Colorado2025.czi,Sed_lan,231.64,4642.0,2709.0,19,20,65.8,0.938,20251031_012_pol_pro_Sed_lan_2025_11_Colorado2025_x004096_y002560
Unknown_Sample,20251031_012_pol_pro_Sed_lan_2025_11_Colorado2025.czi,Sed_lan,323.21,4592.0,3134.0,22,24,77.46,0.937,20251031_012_pol_pro_Sed_lan_2025_11_Colorado2025_x004096_y002560
Unknown_Sample,20251031_012_pol_pro_Sed_lan_2025_11_Colorado2025.czi,Sed_lan,174.69,4655.0,3068.0,18,17,57.8,0.926,20251031_012_pol_pro_Sed_lan_2025_11_Colorado2025_x004096_y002560
Unknown_Sample,20251031_012_pol_pro_Sed_lan_2025_11_Colorado2025.czi,Sed_lan,154.68,4538.0,2770.0,17,15,54.14,0.919,20251031_012_pol_pro_Sed_lan_2025_11_Colorado2025_x004096_y002560
Unknown_Sample,20251031_012_pol_pro_Sed_lan_2025_11_Colorado2025.czi,Sed_lan,231.64,4642.0,2709.0,19,20,65.8,0.938,20251031_012_pol_pro_Sed_lan_2025_11_Colorado2025_x004608_y002560
Unknown_Sample,20251031_012_pol_pro_Sed_lan_2025_11_Colorado2025.czi,Sed_lan,172.38,4655.0,3068.0,18,16,56.97,0.928,20251031_012_pol_pro_Sed_lan_2025_11_Colorado2025_x004608_y002560
Unknown_Sample,20251031_012_pol_pro_Sed_lan_2025_11_Colorado2025.czi,Sed_lan,424.79,4807.0,2968.0,28,28,92.77,0.906,20251031_012_pol_pro_Sed_lan_2025_11_Colorado2025_x004608_y002560
Unknown_Sample,20251031_012_pol_pro_Sed_lan_2025_11_Colorado2025.czi,Sed_lan,278.19,5577.0,3039.0,21,21,72.38,0.948,20251031_012_pol_pro_Sed_lan_2025_11_Colorado2025_x005120_y002560
Unknown_Sample,20251031_012_pol_pro_Sed_lan_2025_11_Colorado2025.czi,Sed_lan,340.14,6111.0,2902.0,24,23,78.28,0.96,20251031_012_pol_pro_Sed_lan_2025_11_Colorado2025_x005632_y002560
Unknown_Sample,20251031_012_pol_pro_Sed_lan_2025_11_Colorado2025.czi,Sed_lan,323.98,6159.0,2871.0,24,23,78.28,0.955,20251031_012_pol_pro_Sed_lan_2025_11_Colorado2025_x005632_y002560
Unknown_Sample,20251031_012_pol_pro_Sed_lan_2025_11_Colorado2025.czi,Sed_lan,290.12,5984.0,2589.0,22,22,74.63,0.949,20251031_012_pol_pro_Sed_lan_2025_11_Colorado2025_x005632_y002560
Unknown_Sample,20251031_012_pol_pro_Sed_lan_2025_11_Colorado2025.czi,Sed_lan,182.38,5948.0,2567.0,19,16,60.14,0.946,20251031_012_pol_pro_Sed_lan_2025_11_Colorado2025_x005632_y002560
Unknown_Sample,20251031_012_pol_pro_Sed_lan_2025_11_Colorado2025.czi,Sed_lan,182.77,5781.0,2906.0,19,16,59.56,0.937,20251031_012_pol_pro_Sed_lan_2025_11_Colorado2025_x005632_y002560
Unknown_Sample,20251031_012_pol_pro_Sed_lan_2025_11_Colorado2025.czi,Sed_lan,326.68,6159.0,2871.0,24,23,78.87,0.955,20251031_012_pol_pro_Sed_lan_2025_11_Colorado2025_x006144_y002560
Unknown_Sample,20251031_012_pol_pro_Sed_lan_2025_11_Colorado2025.czi,Sed_lan,328.98,6572.0,3008.0,24,23,78.87,0.954,20251031_012_pol_pro_Sed_lan_2025_11_Colorado2025_x006144_y002560
Unknown_Sample,20251031_012_pol_pro_Sed_lan_2025_11_Colorado2025.czi,Sed_lan,286.27,6483.0,3068.0,22,21,72.63,0.943,20251031_012_pol_pro_Sed_lan_2025_11_Colorado2025_x006144_y002560
Unknown_Sample,20251031_012_pol_pro_Sed_lan_2025_11_Colorado2025.czi,Sed_lan,320.13,7031.0,3119.0,23,23,76.28,0.952,20251031_012_pol_pro_Sed_lan_2025_11_Colorado2025_x006656_y002560
Unknown_Sample,20251031_012_pol_pro_Sed_lan_2025_11_Colorado2025.czi,Sed_lan,398.63,7207.0,2913.0,25,26,86.28,0.95,20251031_012_pol_pro_Sed_lan_2025_11_Colorado2025_x006656_y002560
Unknown_Sample,20251031_012_pol_pro_Sed_lan_2025_11_Colorado2025.czi,Sed_lan,395.55,7207.0,2913.0,25,26,83.94,0.951,20251031_012_pol_pro_Sed_lan_2025_11_Colorado2025_x007168_y002560
Unknown_Sample,20251031_012_pol_pro_Sed_lan_2025_11_Colorado2025.czi,Sed_lan,210.86,8149.0,2686.0,19,18,61.8,0.946,20251031_012_pol_pro_Sed_lan_2025_11_Colorado2025_x007680_y002560
Unknown_Sample,20251031_012_pol_pro_Sed_lan_2025_11_Colorado2025.czi,Sed_lan,142.75,8755.0,2868.0,16,15,51.56,0.94,20251031_012_pol_pro_Sed_lan_2025_11_Colorado2025_x008192_y002560
Unknown_Sample,20251031_012_pol_pro_Sed_lan_2025_11_Colorado2025.czi,Sed_lan,275.12,9233.0,2697.0,22,22,71.7,0.947,20251031_012_pol_pro_Sed_lan_2025_11_Colorado2025_x008704_y002560
Unknown_Sample,20251031_012_pol_pro_Sed_lan_2025_11_Colorado2025.czi,Sed_lan,272.81,9146.0,2663.0,21,21,71.21,0.946,20251031_012_pol_pro_Sed_lan_2025_11_Colorado2025_x008704_y002560
Unknown_Sample,20251031_012_pol_pro_Sed_lan_2025_11_Colorado2025.czi,Sed_lan,143.91,8755.0,2868.0,16,15,52.14,0.937,20251031_012_pol_pro_Sed_lan_2025_11_Colorado2025_x008704_y002560
Unknown_Sample,20251031_012_pol_pro_Sed_lan_2025_11_Colorado2025.czi,Sed_lan,128.9,9175.0,2896.0,14,16,49.56,0.909,20251031_012_pol_pro_Sed_lan_2025_11_Colorado2025_x008704_y002560
Unknown_Sample,20251031_012_pol_pro_Sed_lan_2025_11_Colorado2025.czi,Sed_lan,283.97,9233.0,2697.0,22,22,72.28,0.944,20251031_012_pol_pro_Sed_lan_2025_11_Colorado2025_x009216_y002560
Unknown_Sample,20251031_012_pol_pro_Sed_lan_2025_11_Colorado2025.czi,Sed_lan,290.51,10213.0,3033.0,22,22,74.04,0.949,20251031_012_pol_pro_Sed_lan_2025_11_Colorado2025_x009728_y002560
Unknown_Sample,20251031_012_pol_pro_Sed_lan_2025_11_Colorado2025.czi,Sed_lan,213.94,10333.0,2823.0,20,18,64.97,0.947,20251031_012_pol_pro_Sed_lan_2025_11_Colorado2025_x009728_y002560
Unknown_Sample,20251031_012_pol_pro_Sed_lan_2025_11_Colorado2025.czi,Sed_lan,322.06,10300.0,2573.0,22,24,78.04,0.942,20251031_012_pol_pro_Sed_lan_2025_11_Colorado2025_x009728_y002560
Unknown_Sample,20251031_012_pol_pro_Sed_lan_2025_11_Colorado2025.czi,Sed_lan,340.14,10706.0,2870.0,23,24,78.28,0.95,20251031_012_pol_pro_Sed_lan_2025_11_Colorado2025_x010240_y002560
Unknown_Sample,20251031_012_pol_pro_Sed_lan_2025_11_Colorado2025.czi,Sed_lan,292.82,10670.0,2603.0,22,22,74.04,0.949,20251031_012_pol_pro_Sed_lan_2025_11_Colorado2025_x010240_y002560
Unknown_Sample,20251031_012_pol_pro_Sed_lan_2025_11_Colorado2025.czi,Sed_lan,214.71,10333.0,2823.0,20,18,64.97,0.946,20251031_012_pol_pro_Sed_lan_2025_11_Colorado2025_x010240_y002560
Unknown_Sample,20251031_012_pol_pro_Sed_lan_2025_11_Colorado2025.czi,Sed_lan,322.06,10300.0,2573.0,22,24,78.04,0.942,20251031_012_pol_pro_Sed_lan_2025_11_Colorado2025_x010240_y002560
Unknown_Sample,20251031_012_pol_pro_Sed_lan_2025_11_Colorado2025.czi,Sed_lan,142.75,10823.0,2935.0,15,16,52.73,0.926,20251031_012_pol_pro_Sed_lan_2025_11_Colorado2025_x010240_y002560
Unknown_Sample,20251031_012_pol_pro_Sed_lan_2025_11_Colorado2025.czi,Sed_lan,369.39,11046.0,2927.0,25,24,82.28,0.952,20251031_012_pol_pro_Sed_lan_2025_11_Colorado2025_x010752_y002560
Unknown_Sample,20251031_012_pol_pro_Sed_lan_2025_11_Colorado2025.czi,Sed_lan,254.72,11349.0,2953.0,19,22,68.63,0.948,20251031_012_pol_pro_Sed_lan_2025_11_Colorado2025_x010752_y002560
Unknown_Sample,20251031_012_pol_pro_Sed_lan_2025_11_Colorado2025.czi,Sed_lan,320.13,11285.0,3027.0,23,24,78.28,0.946,20251031_012_pol_pro_Sed_lan_2025_11_Colorado2025_x010752_y002560
Unknown_Sample,20251031_012_pol_pro_Sed_lan_2025_11_Colorado2025.czi,Sed_lan,257.42,11344.0,2685.0,21,20,69.21,0.944,20251031_012_pol_pro_Sed_lan_2025_11_Colorado2025_x010752_y002560
Unknown_Sample,20251031_012_pol_pro_Sed_lan_2025_11_Colorado2025.czi,Sed_lan,142.75,10823.0,2935.0,15,16,52.73,0.925,20251031_012_pol_pro_Sed_lan_2025_11_Colorado2025_x010752_y002560
Unknown_Sample,20251031_012_pol_pro_Sed_lan_2025_11_Colorado2025.czi,Sed_lan,254.72,11349.0,2953.0,19,22,68.63,0.948,20251031_012_pol_pro_Sed_lan_2025_11_Colorado2025_x011264_y002560
Unknown_Sample,20251031_012_pol_pro_Sed_lan_2025_11_Colorado2025.czi,Sed_lan,209.7,11452.0,2645.0,19,19,63.21,0.947,20251031_012_pol_pro_Sed_lan_2025_11_Colorado2025_x011264_y002560
Unknown_Sample,20251031_012_pol_pro_Sed_lan_2025_11_Colorado2025.czi,Sed_lan,321.67,11285.0,3027.0,23,24,78.28,0.945,20251031_012_pol_pro_Sed_lan_2025_11_Colorado2025_x011264_y002560
Unknown_Sample,20251031_012_pol_pro_Sed_lan_2025_11_Colorado2025.czi,Sed_lan,258.57,11344.0,2685.0,21,20,69.8,0.943,20251031_012_pol_pro_Sed_lan_2025_11_Colorado2025_x011264_y002560
Unknown_Sample,20251031_012_pol_pro_Sed_lan_2025_11_Colorado2025.czi,Sed_lan,158.14,11410.0,2625.0,17,17,56.38,0.938,20251031_012_pol_pro_Sed_lan_2025_11_Colorado2025_x011264_y002560
Unknown_Sample,20251031_012_pol_pro_Sed_lan_2025_11_Colorado2025.czi,Sed_lan,375.54,11944.0,2748.0,25,25,83.11,0.956,20251031_012_pol_pro_Sed_lan_2025_11_Colorado2025_x011776_y002560
Unknown_Sample,20251031_012_pol_pro_Sed_lan_2025_11_Colorado2025.czi,Sed_lan,322.06,12054.0,2834.0,23,23,78.04,0.951,20251031_012_pol_pro_Sed_lan_2025_11_Colorado2025_x011776_y002560
Unknown_Sample,20251031_012_pol_pro_Sed_lan_2025_11_Colorado2025.czi,Sed_lan,294.74,12285.0,3082.0,22,22,73.46,0.95,20251031_012_pol_pro_Sed_lan_2025_11_Colorado2025_x011776_y002560
Unknown_Sample,20251031_012_pol_pro_Sed_lan_2025_11_Colorado2025.czi,Sed_lan,322.83,12281.0,3050.0,23,23,78.04,0.949,20251031_012_pol_pro_Sed_lan_2025_11_Colorado2025_x011776_y002560
Unknown_Sample,20251031_012_pol_pro_Sed_lan_2025_11_Colorado2025.czi,Sed_lan,253.95,12206.0,2802.0,21,21,69.46,0.948,20251031_012_pol_pro_Sed_lan_2025_11_Colorado2025_x011776_y002560
Unknown_Sample,20251031_012_pol_pro_Sed_lan_2025_11_Colorado2025.czi,Sed_lan,302.05,12373.0,2670.0,23,22,74.87,0.938,20251031_012_pol_pro_Sed_lan_2025_11_Colorado2025_x011776_y002560
Unknown_Sample,20251031_012_pol_pro_Sed_lan_2025_11_Colorado2025.czi,Sed_lan,172.76,12169.0,2566.0,24,13,63.56,0.933,20251031_012_pol_pro_Sed_lan_2025_11_Colorado2025_x011776_y002560
Unknown_Sample,20251031_012_pol_pro_Sed_lan_2025_11_Colorado2025.czi,Sed_lan,282.81,12800.0,2777.0,22,21,74.38,0.952,20251031_012_pol_pro_Sed_lan_2025_11_Colorado2025_x012288_y002560
Unknown_Sample,20251031_012_pol_pro_Sed_lan_2025_11_Colorado2025.czi,Sed_lan,243.56,12550.0,2777.0,20,20,67.21,0.949,20251031_012_pol_pro_Sed_lan_2025_11_Colorado2025_x012288_y002560
Unknown_Sample,20251031_012_pol_pro_Sed_lan_2025_11_Colorado2025.czi,Sed_lan,302.05,12373.0,2670.0,23,22,74.87,0.938,20251031_012_pol_pro_Sed_lan_2025_11_Colorado2025_x012288_y002560
Unknown_Sample,20251031_012_pol_pro_Sed_lan_2025_11_Colorado2025.czi,Sed_lan,162.38,12849.0,2592.0,20,14,55.8,0.927,20251031_012_pol_pro_Sed_lan_2025_11_Colorado2025_x012288_y002560
Unknown_Sample,20251031_012_pol_pro_Sed_lan_2025_11_Colorado2025.czi,Sed_lan,124.28,12805.0,2777.0,11,20,53.9,0.948,20251031_012_pol_pro_Sed_lan_2025_11_Colorado2025_x012800_y002560
Unknown_Sample,20251031_012_pol_pro_Sed_lan_2025_11_Colorado2025.czi,Sed_lan,120.44,13392.0,2691.0,14,14,47.9,0.937,20251031_012_pol_pro_Sed_lan_2025_11_Colorado2025_x012800_y002560
Unknown_Sample,20251031_012_pol_pro_Sed_lan_2025_11_Colorado2025.czi,Sed_lan,164.3,12849.0,2592.0,20,14,56.38,0.923,20251031_012_pol_pro_Sed_lan_2025_11_Colorado2025_x012800_y002560
Unknown_Sample,20251031_012_pol_pro_Sed_lan_2025_11_Colorado2025.czi,Sed_lan,282.04,13471.0,2768.0,22,21,72.04,0.956,20251031_012_pol_pro_Sed_lan_2025_11_Colorado2025_x013312_y002560
Unknown_Sample,20251031_012_pol_pro_Sed_lan_2025_11_Colorado2025.czi,Sed_lan,262.42,13517.0,3080.0,21,20,69.8,0.954,20251031_012_pol_pro_Sed_lan_2025_11_Colorado2025_x013312_y002560
Unknown_Sample,20251031_012_pol_pro_Sed_lan_2025_11_Colorado2025.czi,Sed_lan,118.51,13392.0,2691.0,14,14,48.49,0.939,20251031_012_pol_pro_Sed_lan_2025_11_Colorado2025_x013312_y002560
Unknown_Sample,20251031_012_pol_pro_Sed_lan_2025_11_Colorado2025.czi,Sed_lan,140.44,13543.0,3084.0,15,16,51.56,0.926,20251031_012_pol_pro_Sed_lan_2025_11_Colorado2025_x013312_y002560
Unknown_Sample,20251031_012_pol_pro_Sed_lan_2025_11_Colorado2025.czi,Sed_lan,230.48,13594.0,2600.0,21,19,67.21,0.919,20251031_012_pol_pro_Sed_lan_2025_11_Colorado2025_x013312_y002560
Unknown_Sample,20251031_012_pol_pro_Sed_lan_2025_11_Colorado2025.czi,Sed_lan,333.99,14089.0,3153.0,23,24,79.46,0.951,20251031_012_pol_pro_Sed_lan_2025_11_Colorado2025_x013824_y002560
Unknown_Sample,20251031_012_pol_pro_Sed_lan_2025_11_Colorado2025.czi,Sed_lan,261.65,14421.0,2772.0,21,21,69.46,0.945,20251031_012_pol_pro_Sed_lan_2025_11_Colorado2025_x013824_y002560
Unknown_Sample,20251031_012_pol_pro_Sed_lan_2025_11_Colorado2025.czi,Sed_lan,231.25,14094.0,2675.0,19,20,66.38,0.944,20251031_012_pol_pro_Sed_lan_2025_11_Colorado2025_x013824_y002560
Unknown_Sample,20251031_012_pol_pro_Sed_lan_2025_11_Colorado2025.czi,Sed_lan,262.42,14421.0,2772.0,21,21,69.46,0.945,20251031_012_pol_pro_Sed_lan_2025_11_Colorado2025_x014336_y002560
Unknown_Sample,20251031_012_pol_pro_Sed_lan_2025_11_Colorado2025.czi,Sed_lan,278.19,14492.0,3029.0,21,22,72.04,0.939,20251031_012_pol_pro_Sed_lan_2025_11_Colorado2025_x014336_y002560
Unknown_Sample,20251031_012_pol_pro_Sed_lan_2025_11_Colorado2025.czi,Sed_lan,219.32,14962.0,2593.0,18,20,63.8,0.938,20251031_012_pol_pro_Sed_lan_2025_11_Colorado2025_x014336_y002560
Unknown_Sample,20251031_012_pol_pro_Sed_lan_2025_11_Colorado2025.czi,Sed_lan,356.3,15005.0,2668.0,24,25,82.28,0.951,20251031_012_pol_pro_Sed_lan_2025_11_Colorado2025_x014848_y002560
Unknown_Sample,20251031_012_pol_pro_Sed_lan_2025_11_Colorado2025.czi,Sed_lan,270.11,15088.0,2584.0,21,21,70.63,0.951,20251031_012_pol_pro_Sed_lan_2025_11_Colorado2025_x014848_y002560
Unknown_Sample,20251031_012_pol_pro_Sed_lan_2025_11_Colorado2025.czi,Sed_lan,335.53,15054.0,2671.0,24,23,78.28,0.95,20251031_012_pol_pro_Sed_lan_2025_11_Colorado2025_x014848_y002560
Unknown_Sample,20251031_012_pol_pro_Sed_lan_2025_11_Colorado2025.czi,Sed_lan,307.44,15064.0,2649.0,22,22,75.21,0.945,20251031_012_pol_pro_Sed_lan_2025_11_Colorado2025_x014848_y002560
Unknown_Sample,20251031_012_pol_pro_Sed_lan_2025_11_Colorado2025.czi,Sed_lan,214.71,14962.0,2593.0,18,20,62.63,0.943,20251031_012_pol_pro_Sed_lan_2025_11_Colorado2025_x014848_y002560
Unknown_Sample,20251031_012_pol_pro_Sed_lan_2025_11_Colorado2025.czi,Sed_lan,333.6,15860.0,2680.0,23,24,78.87,0.951,20251031_012_pol_pro_Sed_lan_2025_11_Colorado2025_x015360_y002560
Unknown_Sample,20251031_012_pol_pro_Sed_lan_2025_11_Colorado2025.czi,Sed_lan,247.41,15885.0,2818.0,20,21,68.04,0.939,20251031_012_pol_pro_Sed_lan_2025_11_Colorado2025_x015360_y002560
Unknown_Sample,20251031_012_pol_pro_Sed_lan_2025_11_Colorado2025.czi,Sed_lan,334.76,15963.0,2875.0,23,23,78.63,0.924,20251031_012_pol_pro_Sed_lan_2025_11_Colorado2025_x015360_y002560
Unknown_Sample,20251031_012_pol_pro_Sed_lan_2025_11_Colorado2025.czi,Sed_lan,355.15,15958.0,2899.0,24,25,80.53,0.919,20251031_012_pol_pro_Sed_lan_2025_11_Colorado2025_x015360_y002560
Unknown_Sample,20251031_012_pol_pro_Sed_lan_2025_11_Colorado2025.czi,Sed_lan,250.49,15885.0,2818.0,20,21,68.04,0.937,20251031_012_pol_pro_Sed_lan_2025_11_Colorado2025_x015872_y002560
Unknown_Sample,20251031_012_pol_pro_Sed_lan_2025_11_Colorado2025.czi,Sed_lan,334.76,15963.0,2875.0,23,23,78.63,0.923,20251031_012_pol_pro_Sed_lan_2025_11_Colorado2025_x015872_y002560
Unknown_Sample,20251031_012_pol_pro_Sed_lan_2025_11_Colorado2025.czi,Sed_lan,358.23,15958.0,2899.0,24,25,80.53,0.918,20251031_012_pol_pro_Sed_lan_2025_11_Colorado2025_x015872_y002560
Unknown_Sample,20251031_012_pol_pro_Sed_lan_2025_11_Colorado2025.czi,Sed_lan,242.02,919.0,3268.0,20,21,66.87,0.933,20251031_012_pol_pro_Sed_lan_2025_11_Colorado2025_x000512_y003072
Unknown_Sample,20251031_012_pol_pro_Sed_lan_2025_11_Colorado2025.czi,Sed_lan,269.73,1719.0,3271.0,21,21,70.04,0.941,20251031_012_pol_pro_Sed_lan_2025_11_Colorado2025_x001536_y003072
Unknown_Sample,20251031_012_pol_pro_Sed_lan_2025_11_Colorado2025.czi,Sed_lan,241.26,1795.0,3092.0,20,20,66.04,0.941,20251031_012_pol_pro_Sed_lan_2025_11_Colorado2025_x001536_y003072
Unknown_Sample,20251031_012_pol_pro_Sed_lan_2025_11_Colorado2025.czi,Sed_lan,295.89,1721.0,3411.0,23,22,73.7,0.94,20251031_012_pol_pro_Sed_lan_2025_11_Colorado2025_x001536_y003072
Unknown_Sample,20251031_012_pol_pro_Sed_lan_2025_11_Colorado2025.czi,Sed_lan,190.08,1861.0,3702.0,17,18,61.31,0.906,20251031_012_pol_pro_Sed_lan_2025_11_Colorado2025_x001536_y003072
Unknown_Sample,20251031_012_pol_pro_Sed_lan_2025_11_Colorado2025.czi,Sed_lan,244.33,2406.0,3091.0,20,20,67.21,0.944,20251031_012_pol_pro_Sed_lan_2025_11_Colorado2025_x002048_y003072
Unknown_Sample,20251031_012_pol_pro_Sed_lan_2025_11_Colorado2025.czi,Sed_lan,215.09,3051.0,3434.0,19,19,64.38,0.926,20251031_012_pol_pro_Sed_lan_2025_11_Colorado2025_x002560_y003072
Unknown_Sample,20251031_012_pol_pro_Sed_lan_2025_11_Colorado2025.czi,Sed_lan,323.6,3663.0,3391.0,23,23,76.87,0.95,20251031_012_pol_pro_Sed_lan_2025_11_Colorado2025_x003072_y003072
Unknown_Sample,20251031_012_pol_pro_Sed_lan_2025_11_Colorado2025.czi,Sed_lan,208.93,3633.0,3589.0,18,19,61.21,0.947,20251031_012_pol_pro_Sed_lan_2025_11_Colorado2025_x003072_y003072
Unknown_Sample,20251031_012_pol_pro_Sed_lan_2025_11_Colorado2025.czi,Sed_lan,166.99,3341.0,3658.0,15,19,56.97,0.921,20251031_012_pol_pro_Sed_lan_2025_11_Colorado2025_x003072_y003072
Unknown_Sample,20251031_012_pol_pro_Sed_lan_2025_11_Colorado2025.czi,Sed_lan,323.98,3663.0,3391.0,23,23,77.46,0.949,20251031_012_pol_pro_Sed_lan_2025_11_Colorado2025_x003584_y003072
Unknown_Sample,20251031_012_pol_pro_Sed_lan_2025_11_Colorado2025.czi,Sed_lan,208.93,3633.0,3589.0,18,19,61.21,0.945,20251031_012_pol_pro_Sed_lan_2025_11_Colorado2025_x003584_y003072
Unknown_Sample,20251031_012_pol_pro_Sed_lan_2025_11_Colorado2025.czi,Sed_lan,373.62,4050.0,3597.0,25,24,82.87,0.938,20251031_012_pol_pro_Sed_lan_2025_11_Colorado2025_x003584_y003072
Unknown_Sample,20251031_012_pol_pro_Sed_lan_2025_11_Colorado2025.czi,Sed_lan,314.36,4646.0,3295.0,23,23,76.87,0.942,20251031_012_pol_pro_Sed_lan_2025_11_Colorado2025_x004096_y003072
Unknown_Sample,20251031_012_pol_pro_Sed_lan_2025_11_Colorado2025.czi,Sed_lan,319.75,4592.0,3133.0,22,24,78.04,0.939,20251031_012_pol_pro_Sed_lan_2025_11_Colorado2025_x004096_y003072
Unknown_Sample,20251031_012_pol_pro_Sed_lan_2025_11_Colorado2025.czi,Sed_lan,305.51,4605.0,3235.0,22,23,75.46,0.937,20251031_012_pol_pro_Sed_lan_2025_11_Colorado2025_x004096_y003072
Unknown_Sample,20251031_012_pol_pro_Sed_lan_2025_11_Colorado2025.czi,Sed_lan,272.04,4332.0,3625.0,22,21,73.21,0.913,20251031_012_pol_pro_Sed_lan_2025_11_Colorado2025_x004096_y003072
Unknown_Sample,20251031_012_pol_pro_Sed_lan_2025_11_Colorado2025.czi,Sed_lan,300.13,5108.0,3696.0,22,21,73.8,0.946,20251031_012_pol_pro_Sed_lan_2025_11_Colorado2025_x004608_y003072
Unknown_Sample,20251031_012_pol_pro_Sed_lan_2025_11_Colorado2025.czi,Sed_lan,310.13,4646.0,3295.0,23,23,75.11,0.945,20251031_012_pol_pro_Sed_lan_2025_11_Colorado2025_x004608_y003072
Unknown_Sample,20251031_012_pol_pro_Sed_lan_2025_11_Colorado2025.czi,Sed_lan,325.52,5474.0,3328.0,23,22,77.8,0.943,20251031_012_pol_pro_Sed_lan_2025_11_Colorado2025_x005120_y003072
Unknown_Sample,20251031_012_pol_pro_Sed_lan_2025_11_Colorado2025.czi,Sed_lan,333.6,6699.0,3689.0,24,23,78.87,0.94,20251031_012_pol_pro_Sed_lan_2025_11_Colorado2025_x006144_y003072
Unknown_Sample,20251031_012_pol_pro_Sed_lan_2025_11_Colorado2025.czi,Sed_lan,315.9,7031.0,3119.0,23,23,75.7,0.953,20251031_012_pol_pro_Sed_lan_2025_11_Colorado2025_x006656_y003072
Unknown_Sample,20251031_012_pol_pro_Sed_lan_2025_11_Colorado2025.czi,Sed_lan,282.43,6791.0,3248.0,22,21,73.8,0.943,20251031_012_pol_pro_Sed_lan_2025_11_Colorado2025_x006656_y003072
Unknown_Sample,20251031_012_pol_pro_Sed_lan_2025_11_Colorado2025.czi,Sed_lan,320.52,7126.0,3508.0,24,22,76.87,0.939,20251031_012_pol_pro_Sed_lan_2025_11_Colorado2025_x006656_y003072
Unknown_Sample,20251031_012_pol_pro_Sed_lan_2025_11_Colorado2025.czi,Sed_lan,333.99,6699.0,3689.0,24,23,79.46,0.938,20251031_012_pol_pro_Sed_lan_2025_11_Colorado2025_x006656_y003072
Unknown_Sample,20251031_012_pol_pro_Sed_lan_2025_11_Colorado2025.czi,Sed_lan,245.1,7136.0,3329.0,21,19,67.21,0.937,20251031_012_pol_pro_Sed_lan_2025_11_Colorado2025_x006656_y003072
Unknown_Sample,20251031_012_pol_pro_Sed_lan_2025_11_Colorado2025.czi,Sed_lan,368.23,8083.0,3434.0,24,25,81.7,0.952,20251031_012_pol_pro_Sed_lan_2025_11_Colorado2025_x007680_y003072
Unknown_Sample,20251031_012_pol_pro_Sed_lan_2025_11_Colorado2025.czi,Sed_lan,250.49,7990.0,3404.0,20,20,68.38,0.95,20251031_012_pol_pro_Sed_lan_2025_11_Colorado2025_x007680_y003072
Unknown_Sample,20251031_012_pol_pro_Sed_lan_2025_11_Colorado2025.czi,Sed_lan,306.28,7809.0,3450.0,22,23,75.46,0.948,20251031_012_pol_pro_Sed_lan_2025_11_Colorado2025_x007680_y003072
Unknown_Sample,20251031_012_pol_pro_Sed_lan_2025_11_Colorado2025.czi,Sed_lan,232.41,8095.0,3243.0,20,20,65.46,0.936,20251031_012_pol_pro_Sed_lan_2025_11_Colorado2025_x007680_y003072
Unknown_Sample,20251031_012_pol_pro_Sed_lan_2025_11_Colorado2025.czi,Sed_lan,314.75,8814.0,3332.0,23,23,76.28,0.931,20251031_012_pol_pro_Sed_lan_2025_11_Colorado2025_x008192_y003072
Unknown_Sample,20251031_012_pol_pro_Sed_lan_2025_11_Colorado2025.czi,Sed_lan,148.91,8583.0,3502.0,15,17,53.56,0.923,20251031_012_pol_pro_Sed_lan_2025_11_Colorado2025_x008192_y003072
Unknown_Sample,20251031_012_pol_pro_Sed_lan_2025_11_Colorado2025.czi,Sed_lan,315.52,8814.0,3332.0,23,23,76.28,0.932,20251031_012_pol_pro_Sed_lan_2025_11_Colorado2025_x008704_y003072
Unknown_Sample,20251031_012_pol_pro_Sed_lan_2025_11_Colorado2025.czi,Sed_lan,398.24,9473.0,3595.0,26,26,86.53,0.951,20251031_012_pol_pro_Sed_lan_2025_11_Colorado2025_x009216_y003072
Unknown_Sample,20251031_012_pol_pro_Sed_lan_2025_11_Colorado2025.czi,Sed_lan,237.79,9827.0,3655.0,20,20,66.63,0.943,20251031_012_pol_pro_Sed_lan_2025_11_Colorado2025_x009216_y003072
Unknown_Sample,20251031_012_pol_pro_Sed_lan_2025_11_Colorado2025.czi,Sed_lan,237.79,9827.0,3655.0,20,20,66.63,0.944,20251031_012_pol_pro_Sed_lan_2025_11_Colorado2025_x009728_y003072
Unknown_Sample,20251031_012_pol_pro_Sed_lan_2025_11_Colorado2025.czi,Sed_lan,302.05,9985.0,3494.0,22,23,74.87,0.943,20251031_012_pol_pro_Sed_lan_2025_11_Colorado2025_x009728_y003072
Unknown_Sample,20251031_012_pol_pro_Sed_lan_2025_11_Colorado2025.czi,Sed_lan,368.23,10722.0,3509.0,27,25,83.01,0.941,20251031_012_pol_pro_Sed_lan_2025_11_Colorado2025_x010240_y003072
Unknown_Sample,20251031_012_pol_pro_Sed_lan_2025_11_Colorado2025.czi,Sed_lan,225.48,11384.0,3489.0,15,24,69.31,0.897,20251031_012_pol_pro_Sed_lan_2025_11_Colorado2025_x010752_y003072
Unknown_Sample,20251031_012_pol_pro_Sed_lan_2025_11_Colorado2025.czi,Sed_lan,361.31,11719.0,3311.0,25,24,84.04,0.958,20251031_012_pol_pro_Sed_lan_2025_11_Colorado2025_x011264_y003072
Unknown_Sample,20251031_012_pol_pro_Sed_lan_2025_11_Colorado2025.czi,Sed_lan,291.66,11415.0,3657.0,22,22,73.46,0.947,20251031_012_pol_pro_Sed_lan_2025_11_Colorado2025_x011264_y003072
Unknown_Sample,20251031_012_pol_pro_Sed_lan_2025_11_Colorado2025.czi,Sed_lan,336.68,11387.0,3489.0,23,24,78.87,0.945,20251031_012_pol_pro_Sed_lan_2025_11_Colorado2025_x011264_y003072
Unknown_Sample,20251031_012_pol_pro_Sed_lan_2025_11_Colorado2025.czi,Sed_lan,287.04,12285.0,3082.0,21,22,73.8,0.949,20251031_012_pol_pro_Sed_lan_2025_11_Colorado2025_x011776_y003072
Unknown_Sample,20251031_012_pol_pro_Sed_lan_2025_11_Colorado2025.czi,Sed_lan,294.35,12244.0,3688.0,22,22,72.87,0.942,20251031_012_pol_pro_Sed_lan_2025_11_Colorado2025_x011776_y003072
Unknown_Sample,20251031_012_pol_pro_Sed_lan_2025_11_Colorado2025.czi,Sed_lan,249.72,12129.0,3658.0,20,20,67.21,0.941,20251031_012_pol_pro_Sed_lan_2025_11_Colorado2025_x011776_y003072
Unknown_Sample,20251031_012_pol_pro_Sed_lan_2025_11_Colorado2025.czi,Sed_lan,214.32,12223.0,3471.0,21,17,64.38,0.918,20251031_012_pol_pro_Sed_lan_2025_11_Colorado2025_x011776_y003072
Unknown_Sample,20251031_012_pol_pro_Sed_lan_2025_11_Colorado2025.czi,Sed_lan,277.04,12467.0,3381.0,21,21,71.8,0.94,20251031_012_pol_pro_Sed_lan_2025_11_Colorado2025_x012288_y003072
Unknown_Sample,20251031_012_pol_pro_Sed_lan_2025_11_Colorado2025.czi,Sed_lan,314.75,13399.0,3229.0,23,23,76.28,0.95,20251031_012_pol_pro_Sed_lan_2025_11_Colorado2025_x012800_y003072
Unknown_Sample,20251031_012_pol_pro_Sed_lan_2025_11_Colorado2025.czi,Sed_lan,296.66,12951.0,3242.0,23,22,74.87,0.947,20251031_012_pol_pro_Sed_lan_2025_11_Colorado2025_x012800_y003072
Unknown_Sample,20251031_012_pol_pro_Sed_lan_2025_11_Colorado2025.czi,Sed_lan,295.89,13325.0,3523.0,22,22,74.04,0.947,20251031_012_pol_pro_Sed_lan_2025_11_Colorado2025_x012800_y003072
Unknown_Sample,20251031_012_pol_pro_Sed_lan_2025_11_Colorado2025.czi,Sed_lan,237.79,13517.0,3080.0,21,18,68.14,0.959,20251031_012_pol_pro_Sed_lan_2025_11_Colorado2025_x013312_y003072
Unknown_Sample,20251031_012_pol_pro_Sed_lan_2025_11_Colorado2025.czi,Sed_lan,314.75,13399.0,3229.0,23,23,76.28,0.95,20251031_012_pol_pro_Sed_lan_2025_11_Colorado2025_x013312_y003072
Unknown_Sample,20251031_012_pol_pro_Sed_lan_2025_11_Colorado2025.czi,Sed_lan,322.44,13684.0,3583.0,22,24,77.46,0.949,20251031_012_pol_pro_Sed_lan_2025_11_Colorado2025_x013312_y003072
Unknown_Sample,20251031_012_pol_pro_Sed_lan_2025_11_Colorado2025.czi,Sed_lan,327.44,13826.0,3610.0,23,23,79.21,0.945,20251031_012_pol_pro_Sed_lan_2025_11_Colorado2025_x013312_y003072
Unknown_Sample,20251031_012_pol_pro_Sed_lan_2025_11_Colorado2025.czi,Sed_lan,296.28,13325.0,3523.0,22,22,74.63,0.944,20251031_012_pol_pro_Sed_lan_2025_11_Colorado2025_x013312_y003072
Unknown_Sample,20251031_012_pol_pro_Sed_lan_2025_11_Colorado2025.czi,Sed_lan,140.44,13543.0,3084.0,15,16,51.56,0.927,20251031_012_pol_pro_Sed_lan_2025_11_Colorado2025_x013312_y003072
Unknown_Sample,20251031_012_pol_pro_Sed_lan_2025_11_Colorado2025.czi,Sed_lan,333.99,14089.0,3153.0,23,24,79.46,0.952,20251031_012_pol_pro_Sed_lan_2025_11_Colorado2025_x013824_y003072
Unknown_Sample,20251031_012_pol_pro_Sed_lan_2025_11_Colorado2025.czi,Sed_lan,192.77,13830.0,3610.0,14,23,64.73,0.945,20251031_012_pol_pro_Sed_lan_2025_11_Colorado2025_x013824_y003072
Unknown_Sample,20251031_012_pol_pro_Sed_lan_2025_11_Colorado2025.czi,Sed_lan,288.2,14145.0,3687.0,21,22,74.38,0.943,20251031_012_pol_pro_Sed_lan_2025_11_Colorado2025_x013824_y003072
Unknown_Sample,20251031_012_pol_pro_Sed_lan_2025_11_Colorado2025.czi,Sed_lan,273.96,14533.0,3296.0,21,21,71.8,0.946,20251031_012_pol_pro_Sed_lan_2025_11_Colorado2025_x014336_y003072
Unknown_Sample,20251031_012_pol_pro_Sed_lan_2025_11_Colorado2025.czi,Sed_lan,321.67,15253.0,3481.0,23,23,77.46,0.945,20251031_012_pol_pro_Sed_lan_2025_11_Colorado2025_x014848_y003072
Unknown_Sample,20251031_012_pol_pro_Sed_lan_2025_11_Colorado2025.czi,Sed_lan,241.64,15825.0,3510.0,20,20,67.8,0.943,20251031_012_pol_pro_Sed_lan_2025_11_Colorado2025_x015360_y003072
Unknown_Sample,20251031_012_pol_pro_Sed_lan_2025_11_Colorado2025.czi,Sed_lan,293.97,15644.0,3520.0,22,22,73.46,0.929,20251031_012_pol_pro_Sed_lan_2025_11_Colorado2025_x015360_y003072
Unknown_Sample,20251031_012_pol_pro_Sed_lan_2025_11_Colorado2025.czi,Sed_lan,313.98,15667.0,3515.0,24,23,75.94,0.916,20251031_012_pol_pro_Sed_lan_2025_11_Colorado2025_x015360_y003072
Unknown_Sample,20251031_012_pol_pro_Sed_lan_2025_11_Colorado2025.czi,Sed_lan,258.19,16528.0,3466.0,21,20,69.21,0.881,20251031_012_pol_pro_Sed_lan_2025_11_Colorado2025_x016384_y003072
Unknown_Sample,20251031_012_pol_pro_Sed_lan_2025_11_Colorado2025.czi,Sed_lan,179.31,165.0,3803.0,19,15,58.14,0.909,20251031_012_pol_pro_Sed_lan_2025_11_Colorado2025_x000000_y003584
Unknown_Sample,20251031_012_pol_pro_Sed_lan_2025_11_Colorado2025.czi,Sed_lan,306.67,1920.0,3722.0,22,23,74.87,0.949,20251031_012_pol_pro_Sed_lan_2025_11_Colorado2025_x001536_y003584
Unknown_Sample,20251031_012_pol_pro_Sed_lan_2025_11_Colorado2025.czi,Sed_lan,207.78,1860.0,3703.0,16,21,62.97,0.942,20251031_012_pol_pro_Sed_lan_2025_11_Colorado2025_x001536_y003584
Unknown_Sample,20251031_012_pol_pro_Sed_lan_2025_11_Colorado2025.czi,Sed_lan,295.89,1966.0,3714.0,22,23,74.87,0.935,20251031_012_pol_pro_Sed_lan_2025_11_Colorado2025_x001536_y003584
Unknown_Sample,20251031_012_pol_pro_Sed_lan_2025_11_Colorado2025.czi,Sed_lan,315.52,2556.0,4103.0,23,22,75.46,0.946,20251031_012_pol_pro_Sed_lan_2025_11_Colorado2025_x002048_y003584
Unknown_Sample,20251031_012_pol_pro_Sed_lan_2025_11_Colorado2025.czi,Sed_lan,167.38,3633.0,3591.0,18,15,56.73,0.949,20251031_012_pol_pro_Sed_lan_2025_11_Colorado2025_x003072_y003584
Unknown_Sample,20251031_012_pol_pro_Sed_lan_2025_11_Colorado2025.czi,Sed_lan,208.55,3261.0,4046.0,19,18,62.97,0.94,20251031_012_pol_pro_Sed_lan_2025_11_Colorado2025_x003072_y003584
Unknown_Sample,20251031_012_pol_pro_Sed_lan_2025_11_Colorado2025.czi,Sed_lan,166.99,3341.0,3658.0,15,19,56.97,0.92,20251031_012_pol_pro_Sed_lan_2025_11_Colorado2025_x003072_y003584
Unknown_Sample,20251031_012_pol_pro_Sed_lan_2025_11_Colorado2025.czi,Sed_lan,167.38,3633.0,3591.0,18,15,56.73,0.947,20251031_012_pol_pro_Sed_lan_2025_11_Colorado2025_x003584_y003584
Unknown_Sample,20251031_012_pol_pro_Sed_lan_2025_11_Colorado2025.czi,Sed_lan,374.39,4050.0,3596.0,25,24,82.87,0.939,20251031_012_pol_pro_Sed_lan_2025_11_Colorado2025_x003584_y003584
Unknown_Sample,20251031_012_pol_pro_Sed_lan_2025_11_Colorado2025.czi,Sed_lan,332.83,4372.0,4112.0,24,24,79.7,0.952,20251031_012_pol_pro_Sed_lan_2025_11_Colorado2025_x004096_y003584
Unknown_Sample,20251031_012_pol_pro_Sed_lan_2025_11_Colorado2025.czi,Sed_lan,242.41,4311.0,3971.0,20,21,68.63,0.937,20251031_012_pol_pro_Sed_lan_2025_11_Colorado2025_x004096_y003584
Unknown_Sample,20251031_012_pol_pro_Sed_lan_2025_11_Colorado2025.czi,Sed_lan,264.73,4332.0,3625.0,22,20,71.8,0.922,20251031_012_pol_pro_Sed_lan_2025_11_Colorado2025_x004096_y003584
Unknown_Sample,20251031_012_pol_pro_Sed_lan_2025_11_Colorado2025.czi,Sed_lan,297.82,5108.0,3696.0,22,21,73.8,0.952,20251031_012_pol_pro_Sed_lan_2025_11_Colorado2025_x004608_y003584
Unknown_Sample,20251031_012_pol_pro_Sed_lan_2025_11_Colorado2025.czi,Sed_lan,298.97,5006.0,3769.0,22,23,74.87,0.949,20251031_012_pol_pro_Sed_lan_2025_11_Colorado2025_x004608_y003584
Unknown_Sample,20251031_012_pol_pro_Sed_lan_2025_11_Colorado2025.czi,Sed_lan,213.94,5203.0,3762.0,19,18,62.97,0.943,20251031_012_pol_pro_Sed_lan_2025_11_Colorado2025_x004608_y003584
Unknown_Sample,20251031_012_pol_pro_Sed_lan_2025_11_Colorado2025.czi,Sed_lan,232.79,5239.0,3939.0,17,21,69.07,0.911,20251031_012_pol_pro_Sed_lan_2025_11_Colorado2025_x004608_y003584
Unknown_Sample,20251031_012_pol_pro_Sed_lan_2025_11_Colorado2025.czi,Sed_lan,292.05,5241.0,3939.0,23,21,74.04,0.946,20251031_012_pol_pro_Sed_lan_2025_11_Colorado2025_x005120_y003584
Unknown_Sample,20251031_012_pol_pro_Sed_lan_2025_11_Colorado2025.czi,Sed_lan,213.94,5203.0,3762.0,19,18,62.97,0.942,20251031_012_pol_pro_Sed_lan_2025_11_Colorado2025_x005120_y003584
Unknown_Sample,20251031_012_pol_pro_Sed_lan_2025_11_Colorado2025.czi,Sed_lan,303.2,6039.0,3969.0,23,22,74.28,0.954,20251031_012_pol_pro_Sed_lan_2025_11_Colorado2025_x005632_y003584
Unknown_Sample,20251031_012_pol_pro_Sed_lan_2025_11_Colorado2025.czi,Sed_lan,274.73,6180.0,4156.0,21,21,70.63,0.947,20251031_012_pol_pro_Sed_lan_2025_11_Colorado2025_x005632_y003584
Unknown_Sample,20251031_012_pol_pro_Sed_lan_2025_11_Colorado2025.czi,Sed_lan,314.36,6037.0,4194.0,24,22,76.87,0.947,20251031_012_pol_pro_Sed_lan_2025_11_Colorado2025_x005632_y003584
Unknown_Sample,20251031_012_pol_pro_Sed_lan_2025_11_Colorado2025.czi,Sed_lan,223.94,6008.0,4206.0,21,18,64.63,0.944,20251031_012_pol_pro_Sed_lan_2025_11_Colorado2025_x005632_y003584
Unknown_Sample,20251031_012_pol_pro_Sed_lan_2025_11_Colorado2025.czi,Sed_lan,320.13,6406.0,4042.0,24,22,78.63,0.952,20251031_012_pol_pro_Sed_lan_2025_11_Colorado2025_x006144_y003584
Unknown_Sample,20251031_012_pol_pro_Sed_lan_2025_11_Colorado2025.czi,Sed_lan,274.35,6525.0,3888.0,21,21,71.21,0.951,20251031_012_pol_pro_Sed_lan_2025_11_Colorado2025_x006144_y003584
Unknown_Sample,20251031_012_pol_pro_Sed_lan_2025_11_Colorado2025.czi,Sed_lan,277.42,6180.0,4156.0,21,21,71.21,0.946,20251031_012_pol_pro_Sed_lan_2025_11_Colorado2025_x006144_y003584
Unknown_Sample,20251031_012_pol_pro_Sed_lan_2025_11_Colorado2025.czi,Sed_lan,333.6,6699.0,3689.0,24,23,78.87,0.941,20251031_012_pol_pro_Sed_lan_2025_11_Colorado2025_x006144_y003584
Unknown_Sample,20251031_012_pol_pro_Sed_lan_2025_11_Colorado2025.czi,Sed_lan,333.6,6699.0,3689.0,24,23,78.87,0.938,20251031_012_pol_pro_Sed_lan_2025_11_Colorado2025_x006656_y003584
Unknown_Sample,20251031_012_pol_pro_Sed_lan_2025_11_Colorado2025.czi,Sed_lan,354.38,7599.0,3846.0,26,23,82.87,0.957,20251031_012_pol_pro_Sed_lan_2025_11_Colorado2025_x007168_y003584
Unknown_Sample,20251031_012_pol_pro_Sed_lan_2025_11_Colorado2025.czi,Sed_lan,334.76,7757.0,4102.0,23,25,79.11,0.947,20251031_012_pol_pro_Sed_lan_2025_11_Colorado2025_x007168_y003584
Unknown_Sample,20251031_012_pol_pro_Sed_lan_2025_11_Colorado2025.czi,Sed_lan,201.62,7547.0,3985.0,17,20,61.8,0.942,20251031_012_pol_pro_Sed_lan_2025_11_Colorado2025_x007168_y003584
Unknown_Sample,20251031_012_pol_pro_Sed_lan_2025_11_Colorado2025.czi,Sed_lan,338.22,7850.0,3750.0,23,23,79.21,0.955,20251031_012_pol_pro_Sed_lan_2025_11_Colorado2025_x007680_y003584
Unknown_Sample,20251031_012_pol_pro_Sed_lan_2025_11_Colorado2025.czi,Sed_lan,335.53,7757.0,4102.0,23,25,79.11,0.947,20251031_012_pol_pro_Sed_lan_2025_11_Colorado2025_x007680_y003584
Unknown_Sample,20251031_012_pol_pro_Sed_lan_2025_11_Colorado2025.czi,Sed_lan,299.36,8049.0,4189.0,23,22,75.46,0.944,20251031_012_pol_pro_Sed_lan_2025_11_Colorado2025_x007680_y003584
Unknown_Sample,20251031_012_pol_pro_Sed_lan_2025_11_Colorado2025.czi,Sed_lan,120.44,8110.0,4218.0,21,10,53.9,0.867,20251031_012_pol_pro_Sed_lan_2025_11_Colorado2025_x007680_y003584
Unknown_Sample,20251031_012_pol_pro_Sed_lan_2025_11_Colorado2025.czi,Sed_lan,262.42,8370.0,4187.0,22,21,71.46,0.933,20251031_012_pol_pro_Sed_lan_2025_11_Colorado2025_x008192_y003584
Unknown_Sample,20251031_012_pol_pro_Sed_lan_2025_11_Colorado2025.czi,Sed_lan,383.24,9473.0,3596.0,25,25,85.46,0.954,20251031_012_pol_pro_Sed_lan_2025_11_Colorado2025_x009216_y003584
Unknown_Sample,20251031_012_pol_pro_Sed_lan_2025_11_Colorado2025.czi,Sed_lan,337.06,9737.0,4017.0,23,24,79.46,0.953,20251031_012_pol_pro_Sed_lan_2025_11_Colorado2025_x009216_y003584
Unknown_Sample,20251031_012_pol_pro_Sed_lan_2025_11_Colorado2025.czi,Sed_lan,289.35,9758.0,4176.0,23,21,73.46,0.951,20251031_012_pol_pro_Sed_lan_2025_11_Colorado2025_x009216_y003584
Unknown_Sample,20251031_012_pol_pro_Sed_lan_2025_11_Colorado2025.czi,Sed_lan,237.79,9827.0,3655.0,20,20,66.63,0.943,20251031_012_pol_pro_Sed_lan_2025_11_Colorado2025_x009216_y003584
Unknown_Sample,20251031_012_pol_pro_Sed_lan_2025_11_Colorado2025.czi,Sed_lan,268.19,9460.0,3759.0,22,21,70.87,0.924,20251031_012_pol_pro_Sed_lan_2025_11_Colorado2025_x009216_y003584
Unknown_Sample,20251031_012_pol_pro_Sed_lan_2025_11_Colorado2025.czi,Sed_lan,257.8,9452.0,3778.0,21,21,72.63,0.907,20251031_012_pol_pro_Sed_lan_2025_11_Colorado2025_x009216_y003584
Unknown_Sample,20251031_012_pol_pro_Sed_lan_2025_11_Colorado2025.czi,Sed_lan,227.02,9848.0,4124.0,15,24,68.14,0.901,20251031_012_pol_pro_Sed_lan_2025_11_Colorado2025_x009216_y003584
Unknown_Sample,20251031_012_pol_pro_Sed_lan_2025_11_Colorado2025.czi,Sed_lan,309.75,9738.0,4016.0,21,24,77.21,0.958,20251031_012_pol_pro_Sed_lan_2025_11_Colorado2025_x009728_y003584
Unknown_Sample,20251031_012_pol_pro_Sed_lan_2025_11_Colorado2025.czi,Sed_lan,341.3,9851.0,4123.0,23,24,80.04,0.952,20251031_012_pol_pro_Sed_lan_2025_11_Colorado2025_x009728_y003584
Unknown_Sample,20251031_012_pol_pro_Sed_lan_2025_11_Colorado2025.czi,Sed_lan,288.58,9758.0,4176.0,23,21,73.46,0.95,20251031_012_pol_pro_Sed_lan_2025_11_Colorado2025_x009728_y003584
Unknown_Sample,20251031_012_pol_pro_Sed_lan_2025_11_Colorado2025.czi,Sed_lan,336.68,10185.0,4163.0,25,23,79.7,0.949,20251031_012_pol_pro_Sed_lan_2025_11_Colorado2025_x009728_y003584
Unknown_Sample,20251031_012_pol_pro_Sed_lan_2025_11_Colorado2025.czi,Sed_lan,237.79,9827.0,3655.0,20,20,66.63,0.945,20251031_012_pol_pro_Sed_lan_2025_11_Colorado2025_x009728_y003584
Unknown_Sample,20251031_012_pol_pro_Sed_lan_2025_11_Colorado2025.czi,Sed_lan,328.6,11111.0,4110.0,23,23,78.63,0.96,20251031_012_pol_pro_Sed_lan_2025_11_Colorado2025_x010752_y003584
Unknown_Sample,20251031_012_pol_pro_Sed_lan_2025_11_Colorado2025.czi,Sed_lan,290.12,11415.0,3657.0,22,22,73.46,0.949,20251031_012_pol_pro_Sed_lan_2025_11_Colorado2025_x011264_y003584
Unknown_Sample,20251031_012_pol_pro_Sed_lan_2025_11_Colorado2025.czi,Sed_lan,176.23,11667.0,3712.0,17,18,58.97,0.936,20251031_012_pol_pro_Sed_lan_2025_11_Colorado2025_x011264_y003584
Unknown_Sample,20251031_012_pol_pro_Sed_lan_2025_11_Colorado2025.czi,Sed_lan,299.36,12093.0,3776.0,23,21,74.63,0.949,20251031_012_pol_pro_Sed_lan_2025_11_Colorado2025_x011776_y003584
Unknown_Sample,20251031_012_pol_pro_Sed_lan_2025_11_Colorado2025.czi,Sed_lan,293.97,12244.0,3688.0,22,22,72.28,0.945,20251031_012_pol_pro_Sed_lan_2025_11_Colorado2025_x011776_y003584
Unknown_Sample,20251031_012_pol_pro_Sed_lan_2025_11_Colorado2025.czi,Sed_lan,248.18,12129.0,3658.0,20,20,67.21,0.944,20251031_012_pol_pro_Sed_lan_2025_11_Colorado2025_x011776_y003584
Unknown_Sample,20251031_012_pol_pro_Sed_lan_2025_11_Colorado2025.czi,Sed_lan,150.45,11976.0,4181.0,14,17,52.73,0.936,20251031_012_pol_pro_Sed_lan_2025_11_Colorado2025_x011776_y003584
Unknown_Sample,20251031_012_pol_pro_Sed_lan_2025_11_Colorado2025.czi,Sed_lan,266.27,12045.0,4214.0,23,19,72.97,0.91,20251031_012_pol_pro_Sed_lan_2025_11_Colorado2025_x011776_y003584
Unknown_Sample,20251031_012_pol_pro_Sed_lan_2025_11_Colorado2025.czi,Sed_lan,237.41,12886.0,3840.0,19,20,66.38,0.951,20251031_012_pol_pro_Sed_lan_2025_11_Colorado2025_x012288_y003584
Unknown_Sample,20251031_012_pol_pro_Sed_lan_2025_11_Colorado2025.czi,Sed_lan,227.4,12646.0,3749.0,19,20,65.21,0.947,20251031_012_pol_pro_Sed_lan_2025_11_Colorado2025_x012288_y003584
Unknown_Sample,20251031_012_pol_pro_Sed_lan_2025_11_Colorado2025.czi,Sed_lan,290.12,12740.0,3745.0,22,22,73.46,0.947,20251031_012_pol_pro_Sed_lan_2025_11_Colorado2025_x012288_y003584
Unknown_Sample,20251031_012_pol_pro_Sed_lan_2025_11_Colorado2025.czi,Sed_lan,459.04,12864.0,3925.0,31,25,96.87,0.636,20251031_012_pol_pro_Sed_lan_2025_11_Colorado2025_x012288_y003584
Unknown_Sample,20251031_012_pol_pro_Sed_lan_2025_11_Colorado2025.czi,Sed_lan,239.33,12886.0,3839.0,19,20,66.97,0.95,20251031_012_pol_pro_Sed_lan_2025_11_Colorado2025_x012800_y003584
Unknown_Sample,20251031_012_pol_pro_Sed_lan_2025_11_Colorado2025.czi,Sed_lan,268.96,13043.0,4108.0,21,21,70.04,0.937,20251031_012_pol_pro_Sed_lan_2025_11_Colorado2025_x012800_y003584
Unknown_Sample,20251031_012_pol_pro_Sed_lan_2025_11_Colorado2025.czi,Sed_lan,460.58,12864.0,3925.0,32,25,97.7,0.561,20251031_012_pol_pro_Sed_lan_2025_11_Colorado2025_x012800_y003584
Unknown_Sample,20251031_012_pol_pro_Sed_lan_2025_11_Colorado2025.czi,Sed_lan,138.9,13685.0,3589.0,22,11,56.73,0.946,20251031_012_pol_pro_Sed_lan_2025_11_Colorado2025_x013312_y003584
Unknown_Sample,20251031_012_pol_pro_Sed_lan_2025_11_Colorado2025.czi,Sed_lan,326.68,13826.0,3610.0,23,23,79.21,0.945,20251031_012_pol_pro_Sed_lan_2025_11_Colorado2025_x013312_y003584
Unknown_Sample,20251031_012_pol_pro_Sed_lan_2025_11_Colorado2025.czi,Sed_lan,177.77,13519.0,3965.0,16,19,56.63,0.939,20251031_012_pol_pro_Sed_lan_2025_11_Colorado2025_x013312_y003584
Unknown_Sample,20251031_012_pol_pro_Sed_lan_2025_11_Colorado2025.czi,Sed_lan,324.37,14135.0,4209.0,23,23,76.87,0.95,20251031_012_pol_pro_Sed_lan_2025_11_Colorado2025_x013824_y003584
Unknown_Sample,20251031_012_pol_pro_Sed_lan_2025_11_Colorado2025.czi,Sed_lan,297.05,14013.0,4149.0,22,22,74.63,0.948,20251031_012_pol_pro_Sed_lan_2025_11_Colorado2025_x013824_y003584
Unknown_Sample,20251031_012_pol_pro_Sed_lan_2025_11_Colorado2025.czi,Sed_lan,192.77,13830.0,3610.0,14,23,64.73,0.946,20251031_012_pol_pro_Sed_lan_2025_11_Colorado2025_x013824_y003584
Unknown_Sample,20251031_012_pol_pro_Sed_lan_2025_11_Colorado2025.czi,Sed_lan,288.2,14145.0,3687.0,21,22,74.38,0.943,20251031_012_pol_pro_Sed_lan_2025_11_Colorado2025_x013824_y003584
Unknown_Sample,20251031_012_pol_pro_Sed_lan_2025_11_Colorado2025.czi,Sed_lan,287.04,14162.0,4204.0,21,23,73.46,0.934,20251031_012_pol_pro_Sed_lan_2025_11_Colorado2025_x013824_y003584
Unknown_Sample,20251031_012_pol_pro_Sed_lan_2025_11_Colorado2025.czi,Sed_lan,337.06,14942.0,3889.0,23,24,79.46,0.948,20251031_012_pol_pro_Sed_lan_2025_11_Colorado2025_x014336_y003584
Unknown_Sample,20251031_012_pol_pro_Sed_lan_2025_11_Colorado2025.czi,Sed_lan,320.9,14859.0,4020.0,23,23,77.46,0.945,20251031_012_pol_pro_Sed_lan_2025_11_Colorado2025_x014336_y003584
Unknown_Sample,20251031_012_pol_pro_Sed_lan_2025_11_Colorado2025.czi,Sed_lan,169.3,14589.0,3847.0,17,16,56.14,0.934,20251031_012_pol_pro_Sed_lan_2025_11_Colorado2025_x014336_y003584
Unknown_Sample,20251031_012_pol_pro_Sed_lan_2025_11_Colorado2025.czi,Sed_lan,344.38,15080.0,4137.0,24,24,80.87,0.952,20251031_012_pol_pro_Sed_lan_2025_11_Colorado2025_x014848_y003584
Unknown_Sample,20251031_012_pol_pro_Sed_lan_2025_11_Colorado2025.czi,Sed_lan,319.75,14859.0,4020.0,23,22,76.04,0.951,20251031_012_pol_pro_Sed_lan_2025_11_Colorado2025_x014848_y003584
Unknown_Sample,20251031_012_pol_pro_Sed_lan_2025_11_Colorado2025.czi,Sed_lan,335.14,14942.0,3889.0,23,24,78.87,0.949,20251031_012_pol_pro_Sed_lan_2025_11_Colorado2025_x014848_y003584
Unknown_Sample,20251031_012_pol_pro_Sed_lan_2025_11_Colorado2025.czi,Sed_lan,174.69,14998.0,3928.0,16,18,56.97,0.941,20251031_012_pol_pro_Sed_lan_2025_11_Colorado2025_x014848_y003584
Unknown_Sample,20251031_012_pol_pro_Sed_lan_2025_11_Colorado2025.czi,Sed_lan,348.22,15555.0,3900.0,23,25,80.87,0.951,20251031_012_pol_pro_Sed_lan_2025_11_Colorado2025_x015360_y003584
Unknown_Sample,20251031_012_pol_pro_Sed_lan_2025_11_Colorado2025.czi,Sed_lan,185.85,15577.0,3860.0,18,18,60.38,0.946,20251031_012_pol_pro_Sed_lan_2025_11_Colorado2025_x015360_y003584
Unknown_Sample,20251031_012_pol_pro_Sed_lan_2025_11_Colorado2025.czi,Sed_lan,257.03,15653.0,4088.0,21,20,68.63,0.945,20251031_012_pol_pro_Sed_lan_2025_11_Colorado2025_x015360_y003584
Unknown_Sample,20251031_012_pol_pro_Sed_lan_2025_11_Colorado2025.czi,Sed_lan,281.66,15522.0,3786.0,22,22,72.28,0.943,20251031_012_pol_pro_Sed_lan_2025_11_Colorado2025_x015360_y003584
Unknown_Sample,20251031_012_pol_pro_Sed_lan_2025_11_Colorado2025.czi,Sed_lan,267.42,449.0,4550.0,20,23,72.04,0.918,20251031_012_pol_pro_Sed_lan_2025_11_Colorado2025_x000000_y004096
Unknown_Sample,20251031_012_pol_pro_Sed_lan_2025_11_Colorado2025.czi,Sed_lan,292.05,1667.0,4655.0,22,22,74.04,0.942,20251031_012_pol_pro_Sed_lan_2025_11_Colorado2025_x001536_y004096
Unknown_Sample,20251031_012_pol_pro_Sed_lan_2025_11_Colorado2025.czi,Sed_lan,238.95,1840.0,4483.0,19,20,67.56,0.924,20251031_012_pol_pro_Sed_lan_2025_11_Colorado2025_x001536_y004096
Unknown_Sample,20251031_012_pol_pro_Sed_lan_2025_11_Colorado2025.czi,Sed_lan,244.33,2040.0,4716.0,21,20,68.04,0.899,20251031_012_pol_pro_Sed_lan_2025_11_Colorado2025_x001536_y004096
Unknown_Sample,20251031_012_pol_pro_Sed_lan_2025_11_Colorado2025.czi,Sed_lan,101.97,2032.0,4731.0,19,10,49.9,0.832,20251031_012_pol_pro_Sed_lan_2025_11_Colorado2025_x001536_y004096
Unknown_Sample,20251031_012_pol_pro_Sed_lan_2025_11_Colorado2025.czi,Sed_lan,259.34,2556.0,4104.0,23,18,70.97,0.952,20251031_012_pol_pro_Sed_lan_2025_11_Colorado2025_x002048_y004096
Unknown_Sample,20251031_012_pol_pro_Sed_lan_2025_11_Colorado2025.czi,Sed_lan,260.49,2473.0,4472.0,20,21,70.38,0.949,20251031_012_pol_pro_Sed_lan_2025_11_Colorado2025_x002048_y004096
Unknown_Sample,20251031_012_pol_pro_Sed_lan_2025_11_Colorado2025.czi,Sed_lan,269.34,2625.0,4432.0,22,21,70.28,0.941,20251031_012_pol_pro_Sed_lan_2025_11_Colorado2025_x002048_y004096
Unknown_Sample,20251031_012_pol_pro_Sed_lan_2025_11_Colorado2025.czi,Sed_lan,257.03,2546.0,4666.0,21,21,70.63,0.935,20251031_012_pol_pro_Sed_lan_2025_11_Colorado2025_x002048_y004096
Unknown_Sample,20251031_012_pol_pro_Sed_lan_2025_11_Colorado2025.czi,Sed_lan,271.27,2626.0,4432.0,22,21,70.87,0.939,20251031_012_pol_pro_Sed_lan_2025_11_Colorado2025_x002560_y004096
Unknown_Sample,20251031_012_pol_pro_Sed_lan_2025_11_Colorado2025.czi,Sed_lan,290.12,3399.0,4705.0,21,22,72.63,0.947,20251031_012_pol_pro_Sed_lan_2025_11_Colorado2025_x003072_y004096
Unknown_Sample,20251031_012_pol_pro_Sed_lan_2025_11_Colorado2025.czi,Sed_lan,286.66,3211.0,4504.0,21,23,71.7,0.942,20251031_012_pol_pro_Sed_lan_2025_11_Colorado2025_x003072_y004096
Unknown_Sample,20251031_012_pol_pro_Sed_lan_2025_11_Colorado2025.czi,Sed_lan,282.81,4029.0,4637.0,22,22,72.87,0.943,20251031_012_pol_pro_Sed_lan_2025_11_Colorado2025_x003584_y004096
Unknown_Sample,20251031_012_pol_pro_Sed_lan_2025_11_Colorado2025.czi,Sed_lan,282.43,4077.0,4616.0,22,21,72.63,0.938,20251031_012_pol_pro_Sed_lan_2025_11_Colorado2025_x003584_y004096
Unknown_Sample,20251031_012_pol_pro_Sed_lan_2025_11_Colorado2025.czi,Sed_lan,266.65,4169.0,4560.0,22,20,71.21,0.936,20251031_012_pol_pro_Sed_lan_2025_11_Colorado2025_x003584_y004096
Unknown_Sample,20251031_012_pol_pro_Sed_lan_2025_11_Colorado2025.czi,Sed_lan,347.07,4372.0,4113.0,24,24,80.28,0.947,20251031_012_pol_pro_Sed_lan_2025_11_Colorado2025_x004096_y004096
Unknown_Sample,20251031_012_pol_pro_Sed_lan_2025_11_Colorado2025.czi,Sed_lan,259.72,4338.0,4247.0,21,21,70.04,0.933,20251031_012_pol_pro_Sed_lan_2025_11_Colorado2025_x004096_y004096
Unknown_Sample,20251031_012_pol_pro_Sed_lan_2025_11_Colorado2025.czi,Sed_lan,279.35,4499.0,4275.0,21,21,70.63,0.93,20251031_012_pol_pro_Sed_lan_2025_11_Colorado2025_x004096_y004096
Unknown_Sample,20251031_012_pol_pro_Sed_lan_2025_11_Colorado2025.czi,Sed_lan,272.81,4169.0,4560.0,22,20,71.21,0.927,20251031_012_pol_pro_Sed_lan_2025_11_Colorado2025_x004096_y004096
Unknown_Sample,20251031_012_pol_pro_Sed_lan_2025_11_Colorado2025.czi,Sed_lan,234.71,5239.0,4267.0,17,21,68.49,0.911,20251031_012_pol_pro_Sed_lan_2025_11_Colorado2025_x004608_y004096
Unknown_Sample,20251031_012_pol_pro_Sed_lan_2025_11_Colorado2025.czi,Sed_lan,314.36,5693.0,4460.0,23,22,76.04,0.942,20251031_012_pol_pro_Sed_lan_2025_11_Colorado2025_x005120_y004096
Unknown_Sample,20251031_012_pol_pro_Sed_lan_2025_11_Colorado2025.czi,Sed_lan,271.27,5240.0,4268.0,21,21,70.04,0.942,20251031_012_pol_pro_Sed_lan_2025_11_Colorado2025_x005120_y004096
Unknown_Sample,20251031_012_pol_pro_Sed_lan_2025_11_Colorado2025.czi,Sed_lan,269.34,5512.0,4299.0,21,22,70.28,0.941,20251031_012_pol_pro_Sed_lan_2025_11_Colorado2025_x005120_y004096
Unknown_Sample,20251031_012_pol_pro_Sed_lan_2025_11_Colorado2025.czi,Sed_lan,308.21,6130.0,4552.0,23,23,76.87,0.95,20251031_012_pol_pro_Sed_lan_2025_11_Colorado2025_x005632_y004096
Unknown_Sample,20251031_012_pol_pro_Sed_lan_2025_11_Colorado2025.czi,Sed_lan,314.36,6037.0,4194.0,24,22,76.87,0.948,20251031_012_pol_pro_Sed_lan_2025_11_Colorado2025_x005632_y004096
Unknown_Sample,20251031_012_pol_pro_Sed_lan_2025_11_Colorado2025.czi,Sed_lan,275.12,6180.0,4156.0,21,21,71.21,0.948,20251031_012_pol_pro_Sed_lan_2025_11_Colorado2025_x005632_y004096
Unknown_Sample,20251031_012_pol_pro_Sed_lan_2025_11_Colorado2025.czi,Sed_lan,340.53,6024.0,4468.0,23,25,79.7,0.945,20251031_012_pol_pro_Sed_lan_2025_11_Colorado2025_x005632_y004096
Unknown_Sample,20251031_012_pol_pro_Sed_lan_2025_11_Colorado2025.czi,Sed_lan,223.17,6008.0,4206.0,21,18,64.63,0.944,20251031_012_pol_pro_Sed_lan_2025_11_Colorado2025_x005632_y004096
Unknown_Sample,20251031_012_pol_pro_Sed_lan_2025_11_Colorado2025.czi,Sed_lan,316.67,5693.0,4460.0,23,22,76.04,0.942,20251031_012_pol_pro_Sed_lan_2025_11_Colorado2025_x005632_y004096
Unknown_Sample,20251031_012_pol_pro_Sed_lan_2025_11_Colorado2025.czi,Sed_lan,265.11,6163.0,4586.0,21,21,70.04,0.936,20251031_012_pol_pro_Sed_lan_2025_11_Colorado2025_x005632_y004096
Unknown_Sample,20251031_012_pol_pro_Sed_lan_2025_11_Colorado2025.czi,Sed_lan,304.36,6292.0,4453.0,22,23,74.87,0.946,20251031_012_pol_pro_Sed_lan_2025_11_Colorado2025_x006144_y004096
Unknown_Sample,20251031_012_pol_pro_Sed_lan_2025_11_Colorado2025.czi,Sed_lan,278.19,6180.0,4156.0,21,21,71.21,0.945,20251031_012_pol_pro_Sed_lan_2025_11_Colorado2025_x006144_y004096
Unknown_Sample,20251031_012_pol_pro_Sed_lan_2025_11_Colorado2025.czi,Sed_lan,265.5,6163.0,4586.0,21,21,70.63,0.932,20251031_012_pol_pro_Sed_lan_2025_11_Colorado2025_x006144_y004096
Unknown_Sample,20251031_012_pol_pro_Sed_lan_2025_11_Colorado2025.czi,Sed_lan,255.49,7757.0,4104.0,23,19,71.8,0.947,20251031_012_pol_pro_Sed_lan_2025_11_Colorado2025_x007168_y004096
Unknown_Sample,20251031_012_pol_pro_Sed_lan_2025_11_Colorado2025.czi,Sed_lan,255.49,7757.0,4104.0,23,19,71.8,0.947,20251031_012_pol_pro_Sed_lan_2025_11_Colorado2025_x007680_y004096
Unknown_Sample,20251031_012_pol_pro_Sed_lan_2025_11_Colorado2025.czi,Sed_lan,312.44,8049.0,4189.0,23,23,76.28,0.944,20251031_012_pol_pro_Sed_lan_2025_11_Colorado2025_x007680_y004096
Unknown_Sample,20251031_012_pol_pro_Sed_lan_2025_11_Colorado2025.czi,Sed_lan,312.82,8109.0,4224.0,23,23,76.87,0.944,20251031_012_pol_pro_Sed_lan_2025_11_Colorado2025_x007680_y004096
Unknown_Sample,20251031_012_pol_pro_Sed_lan_2025_11_Colorado2025.czi,Sed_lan,291.28,8185.0,4604.0,22,22,74.04,0.941,20251031_012_pol_pro_Sed_lan_2025_11_Colorado2025_x007680_y004096
Unknown_Sample,20251031_012_pol_pro_Sed_lan_2025_11_Colorado2025.czi,Sed_lan,260.88,8370.0,4187.0,22,21,71.46,0.935,20251031_012_pol_pro_Sed_lan_2025_11_Colorado2025_x008192_y004096
Unknown_Sample,20251031_012_pol_pro_Sed_lan_2025_11_Colorado2025.czi,Sed_lan,279.35,9384.0,4272.0,21,22,71.46,0.955,20251031_012_pol_pro_Sed_lan_2025_11_Colorado2025_x009216_y004096
Unknown_Sample,20251031_012_pol_pro_Sed_lan_2025_11_Colorado2025.czi,Sed_lan,288.58,9758.0,4176.0,23,21,73.46,0.951,20251031_012_pol_pro_Sed_lan_2025_11_Colorado2025_x009216_y004096
Unknown_Sample,20251031_012_pol_pro_Sed_lan_2025_11_Colorado2025.czi,Sed_lan,227.02,9848.0,4124.0,15,24,68.14,0.901,20251031_012_pol_pro_Sed_lan_2025_11_Colorado2025_x009216_y004096
Unknown_Sample,20251031_012_pol_pro_Sed_lan_2025_11_Colorado2025.czi,Sed_lan,341.3,9851.0,4123.0,23,24,80.04,0.952,20251031_012_pol_pro_Sed_lan_2025_11_Colorado2025_x009728_y004096
Unknown_Sample,20251031_012_pol_pro_Sed_lan_2025_11_Colorado2025.czi,Sed_lan,288.58,9758.0,4176.0,23,21,73.46,0.95,20251031_012_pol_pro_Sed_lan_2025_11_Colorado2025_x009728_y004096
Unknown_Sample,20251031_012_pol_pro_Sed_lan_2025_11_Colorado2025.czi,Sed_lan,334.76,10184.0,4163.0,25,23,80.28,0.949,20251031_012_pol_pro_Sed_lan_2025_11_Colorado2025_x009728_y004096
Unknown_Sample,20251031_012_pol_pro_Sed_lan_2025_11_Colorado2025.czi,Sed_lan,245.87,10869.0,4693.0,20,20,69.56,0.922,20251031_012_pol_pro_Sed_lan_2025_11_Colorado2025_x010240_y004096
Unknown_Sample,20251031_012_pol_pro_Sed_lan_2025_11_Colorado2025.czi,Sed_lan,328.6,11111.0,4110.0,23,23,78.63,0.96,20251031_012_pol_pro_Sed_lan_2025_11_Colorado2025_x010752_y004096
Unknown_Sample,20251031_012_pol_pro_Sed_lan_2025_11_Colorado2025.czi,Sed_lan,367.08,11141.0,4282.0,24,25,82.28,0.95,20251031_012_pol_pro_Sed_lan_2025_11_Colorado2025_x010752_y004096
Unknown_Sample,20251031_012_pol_pro_Sed_lan_2025_11_Colorado2025.czi,Sed_lan,246.64,11284.0,4282.0,21,20,68.04,0.942,20251031_012_pol_pro_Sed_lan_2025_11_Colorado2025_x010752_y004096
Unknown_Sample,20251031_012_pol_pro_Sed_lan_2025_11_Colorado2025.czi,Sed_lan,245.1,10869.0,4693.0,20,20,67.21,0.941,20251031_012_pol_pro_Sed_lan_2025_11_Colorado2025_x010752_y004096
Unknown_Sample,20251031_012_pol_pro_Sed_lan_2025_11_Colorado2025.czi,Sed_lan,313.59,11456.0,4558.0,22,23,76.04,0.956,20251031_012_pol_pro_Sed_lan_2025_11_Colorado2025_x011264_y004096
Unknown_Sample,20251031_012_pol_pro_Sed_lan_2025_11_Colorado2025.czi,Sed_lan,304.36,11463.0,4618.0,22,23,74.87,0.948,20251031_012_pol_pro_Sed_lan_2025_11_Colorado2025_x011264_y004096
Unknown_Sample,20251031_012_pol_pro_Sed_lan_2025_11_Colorado2025.czi,Sed_lan,248.95,11284.0,4282.0,21,20,68.04,0.943,20251031_012_pol_pro_Sed_lan_2025_11_Colorado2025_x011264_y004096
Unknown_Sample,20251031_012_pol_pro_Sed_lan_2025_11_Colorado2025.czi,Sed_lan,333.99,11720.0,4648.0,24,24,79.11,0.943,20251031_012_pol_pro_Sed_lan_2025_11_Colorado2025_x011264_y004096
Unknown_Sample,20251031_012_pol_pro_Sed_lan_2025_11_Colorado2025.czi,Sed_lan,254.72,11883.0,4277.0,20,20,68.97,0.943,20251031_012_pol_pro_Sed_lan_2025_11_Colorado2025_x011264_y004096
Unknown_Sample,20251031_012_pol_pro_Sed_lan_2025_11_Colorado2025.czi,Sed_lan,204.7,11771.0,4469.0,17,20,61.8,0.942,20251031_012_pol_pro_Sed_lan_2025_11_Colorado2025_x011264_y004096
Unknown_Sample,20251031_012_pol_pro_Sed_lan_2025_11_Colorado2025.czi,Sed_lan,285.5,11703.0,4665.0,22,22,73.46,0.934,20251031_012_pol_pro_Sed_lan_2025_11_Colorado2025_x011264_y004096
Unknown_Sample,20251031_012_pol_pro_Sed_lan_2025_11_Colorado2025.czi,Sed_lan,315.9,12045.0,4216.0,23,23,76.87,0.95,20251031_012_pol_pro_Sed_lan_2025_11_Colorado2025_x011776_y004096
Unknown_Sample,20251031_012_pol_pro_Sed_lan_2025_11_Colorado2025.czi,Sed_lan,336.68,12337.0,4578.0,24,23,78.87,0.949,20251031_012_pol_pro_Sed_lan_2025_11_Colorado2025_x011776_y004096
Unknown_Sample,20251031_012_pol_pro_Sed_lan_2025_11_Colorado2025.czi,Sed_lan,220.86,12361.0,4656.0,19,20,63.46,0.947,20251031_012_pol_pro_Sed_lan_2025_11_Colorado2025_x011776_y004096
Unknown_Sample,20251031_012_pol_pro_Sed_lan_2025_11_Colorado2025.czi,Sed_lan,255.49,11883.0,4277.0,20,21,69.8,0.943,20251031_012_pol_pro_Sed_lan_2025_11_Colorado2025_x011776_y004096
Unknown_Sample,20251031_012_pol_pro_Sed_lan_2025_11_Colorado2025.czi,Sed_lan,191.62,11996.0,4565.0,18,18,60.97,0.941,20251031_012_pol_pro_Sed_lan_2025_11_Colorado2025_x011776_y004096
Unknown_Sample,20251031_012_pol_pro_Sed_lan_2025_11_Colorado2025.czi,Sed_lan,150.45,11976.0,4181.0,14,17,52.73,0.937,20251031_012_pol_pro_Sed_lan_2025_11_Colorado2025_x011776_y004096
Unknown_Sample,20251031_012_pol_pro_Sed_lan_2025_11_Colorado2025.czi,Sed_lan,237.79,12309.0,4587.0,20,20,66.63,0.934,20251031_012_pol_pro_Sed_lan_2025_11_Colorado2025_x011776_y004096
Unknown_Sample,20251031_012_pol_pro_Sed_lan_2025_11_Colorado2025.czi,Sed_lan,351.3,12660.0,4655.0,24,24,80.87,0.958,20251031_012_pol_pro_Sed_lan_2025_11_Colorado2025_x012288_y004096
Unknown_Sample,20251031_012_pol_pro_Sed_lan_2025_11_Colorado2025.czi,Sed_lan,335.91,12557.0,4514.0,24,23,78.87,0.95,20251031_012_pol_pro_Sed_lan_2025_11_Colorado2025_x012288_y004096
Unknown_Sample,20251031_012_pol_pro_Sed_lan_2025_11_Colorado2025.czi,Sed_lan,301.28,12700.0,4448.0,22,22,75.21,0.95,20251031_012_pol_pro_Sed_lan_2025_11_Colorado2025_x012288_y004096
Unknown_Sample,20251031_012_pol_pro_Sed_lan_2025_11_Colorado2025.czi,Sed_lan,336.68,12337.0,4578.0,24,23,78.87,0.949,20251031_012_pol_pro_Sed_lan_2025_11_Colorado2025_x012288_y004096
Unknown_Sample,20251031_012_pol_pro_Sed_lan_2025_11_Colorado2025.czi,Sed_lan,220.86,12361.0,4656.0,19,20,63.46,0.946,20251031_012_pol_pro_Sed_lan_2025_11_Colorado2025_x012288_y004096
Unknown_Sample,20251031_012_pol_pro_Sed_lan_2025_11_Colorado2025.czi,Sed_lan,317.06,12843.0,4452.0,23,23,76.28,0.942,20251031_012_pol_pro_Sed_lan_2025_11_Colorado2025_x012288_y004096
Unknown_Sample,20251031_012_pol_pro_Sed_lan_2025_11_Colorado2025.czi,Sed_lan,239.33,12309.0,4587.0,20,20,66.63,0.934,20251031_012_pol_pro_Sed_lan_2025_11_Colorado2025_x012288_y004096
Unknown_Sample,20251031_012_pol_pro_Sed_lan_2025_11_Colorado2025.czi,Sed_lan,293.58,13327.0,4521.0,22,22,74.04,0.949,20251031_012_pol_pro_Sed_lan_2025_11_Colorado2025_x012800_y004096
Unknown_Sample,20251031_012_pol_pro_Sed_lan_2025_11_Colorado2025.czi,Sed_lan,304.74,13274.0,4340.0,23,22,75.46,0.945,20251031_012_pol_pro_Sed_lan_2025_11_Colorado2025_x012800_y004096
Unknown_Sample,20251031_012_pol_pro_Sed_lan_2025_11_Colorado2025.czi,Sed_lan,230.1,13350.0,4599.0,20,19,65.8,0.944,20251031_012_pol_pro_Sed_lan_2025_11_Colorado2025_x012800_y004096
Unknown_Sample,20251031_012_pol_pro_Sed_lan_2025_11_Colorado2025.czi,Sed_lan,234.33,13413.0,4714.0,20,19,66.38,0.942,20251031_012_pol_pro_Sed_lan_2025_11_Colorado2025_x012800_y004096
Unknown_Sample,20251031_012_pol_pro_Sed_lan_2025_11_Colorado2025.czi,Sed_lan,268.57,13043.0,4108.0,21,21,70.63,0.941,20251031_012_pol_pro_Sed_lan_2025_11_Colorado2025_x012800_y004096
Unknown_Sample,20251031_012_pol_pro_Sed_lan_2025_11_Colorado2025.czi,Sed_lan,317.06,12843.0,4452.0,23,23,76.28,0.941,20251031_012_pol_pro_Sed_lan_2025_11_Colorado2025_x012800_y004096
Unknown_Sample,20251031_012_pol_pro_Sed_lan_2025_11_Colorado2025.czi,Sed_lan,349.76,13627.0,4709.0,24,24,79.7,0.951,20251031_012_pol_pro_Sed_lan_2025_11_Colorado2025_x013312_y004096
Unknown_Sample,20251031_012_pol_pro_Sed_lan_2025_11_Colorado2025.czi,Sed_lan,294.74,13327.0,4521.0,22,22,73.46,0.947,20251031_012_pol_pro_Sed_lan_2025_11_Colorado2025_x013312_y004096
Unknown_Sample,20251031_012_pol_pro_Sed_lan_2025_11_Colorado2025.czi,Sed_lan,230.1,13350.0,4599.0,20,19,65.8,0.943,20251031_012_pol_pro_Sed_lan_2025_11_Colorado2025_x013312_y004096
Unknown_Sample,20251031_012_pol_pro_Sed_lan_2025_11_Colorado2025.czi,Sed_lan,235.1,13413.0,4714.0,20,19,66.38,0.942,20251031_012_pol_pro_Sed_lan_2025_11_Colorado2025_x013312_y004096
Unknown_Sample,20251031_012_pol_pro_Sed_lan_2025_11_Colorado2025.czi,Sed_lan,174.69,13662.0,4245.0,17,17,56.97,0.921,20251031_012_pol_pro_Sed_lan_2025_11_Colorado2025_x013312_y004096
Unknown_Sample,20251031_012_pol_pro_Sed_lan_2025_11_Colorado2025.czi,Sed_lan,321.67,14135.0,4209.0,23,23,76.28,0.955,20251031_012_pol_pro_Sed_lan_2025_11_Colorado2025_x013824_y004096
Unknown_Sample,20251031_012_pol_pro_Sed_lan_2025_11_Colorado2025.czi,Sed_lan,297.05,14013.0,4149.0,22,22,74.63,0.949,20251031_012_pol_pro_Sed_lan_2025_11_Colorado2025_x013824_y004096
Unknown_Sample,20251031_012_pol_pro_Sed_lan_2025_11_Colorado2025.czi,Sed_lan,186.23,14328.0,4229.0,17,19,59.8,0.942,20251031_012_pol_pro_Sed_lan_2025_11_Colorado2025_x013824_y004096
Unknown_Sample,20251031_012_pol_pro_Sed_lan_2025_11_Colorado2025.czi,Sed_lan,283.97,14162.0,4204.0,21,22,72.63,0.936,20251031_012_pol_pro_Sed_lan_2025_11_Colorado2025_x013824_y004096
Unknown_Sample,20251031_012_pol_pro_Sed_lan_2025_11_Colorado2025.czi,Sed_lan,293.97,14750.0,4714.0,22,22,74.63,0.945,20251031_012_pol_pro_Sed_lan_2025_11_Colorado2025_x014336_y004096
Unknown_Sample,20251031_012_pol_pro_Sed_lan_2025_11_Colorado2025.czi,Sed_lan,196.24,14706.0,4354.0,17,19,60.97,0.939,20251031_012_pol_pro_Sed_lan_2025_11_Colorado2025_x014336_y004096
Unknown_Sample,20251031_012_pol_pro_Sed_lan_2025_11_Colorado2025.czi,Sed_lan,240.1,14465.0,4250.0,22,18,67.8,0.939,20251031_012_pol_pro_Sed_lan_2025_11_Colorado2025_x014336_y004096
Unknown_Sample,20251031_012_pol_pro_Sed_lan_2025_11_Colorado2025.czi,Sed_lan,216.63,14652.0,4568.0,19,20,65.21,0.939,20251031_012_pol_pro_Sed_lan_2025_11_Colorado2025_x014336_y004096
Unknown_Sample,20251031_012_pol_pro_Sed_lan_2025_11_Colorado2025.czi,Sed_lan,172.76,14688.0,4712.0,16,19,58.38,0.938,20251031_012_pol_pro_Sed_lan_2025_11_Colorado2025_x014336_y004096
Unknown_Sample,20251031_012_pol_pro_Sed_lan_2025_11_Colorado2025.czi,Sed_lan,238.56,14570.0,4619.0,18,21,65.8,0.937,20251031_012_pol_pro_Sed_lan_2025_11_Colorado2025_x014336_y004096
Unknown_Sample,20251031_012_pol_pro_Sed_lan_2025_11_Colorado2025.czi,Sed_lan,218.55,14630.0,4696.0,19,19,64.97,0.912,20251031_012_pol_pro_Sed_lan_2025_11_Colorado2025_x014336_y004096
Unknown_Sample,20251031_012_pol_pro_Sed_lan_2025_11_Colorado2025.czi,Sed_lan,259.34,14626.0,4716.0,21,22,70.28,0.912,20251031_012_pol_pro_Sed_lan_2025_11_Colorado2025_x014336_y004096
Unknown_Sample,20251031_012_pol_pro_Sed_lan_2025_11_Colorado2025.czi,Sed_lan,345.14,15080.0,4137.0,24,24,80.87,0.952,20251031_012_pol_pro_Sed_lan_2025_11_Colorado2025_x014848_y004096
Unknown_Sample,20251031_012_pol_pro_Sed_lan_2025_11_Colorado2025.czi,Sed_lan,190.85,15042.0,4716.0,16,19,60.14,0.929,20251031_012_pol_pro_Sed_lan_2025_11_Colorado2025_x014848_y004096
Unknown_Sample,20251031_012_pol_pro_Sed_lan_2025_11_Colorado2025.czi,Sed_lan,149.29,15175.0,4417.0,16,15,53.31,0.926,20251031_012_pol_pro_Sed_lan_2025_11_Colorado2025_x014848_y004096
Unknown_Sample,20251031_012_pol_pro_Sed_lan_2025_11_Colorado2025.czi,Sed_lan,270.5,16280.0,4329.0,25,17,73.56,0.862,20251031_012_pol_pro_Sed_lan_2025_11_Colorado2025_x015872_y004096
Unknown_Sample,20251031_012_pol_pro_Sed_lan_2025_11_Colorado2025.czi,Sed_lan,295.51,795.0,5225.0,22,22,74.63,0.945,20251031_012_pol_pro_Sed_lan_2025_11_Colorado2025_x000512_y004608
Unknown_Sample,20251031_012_pol_pro_Sed_lan_2025_11_Colorado2025.czi,Sed_lan,245.1,1592.0,4902.0,20,20,67.21,0.943,20251031_012_pol_pro_Sed_lan_2025_11_Colorado2025_x001024_y004608
Unknown_Sample,20251031_012_pol_pro_Sed_lan_2025_11_Colorado2025.czi,Sed_lan,238.56,1548.0,5041.0,20,20,66.63,0.94,20251031_012_pol_pro_Sed_lan_2025_11_Colorado2025_x001024_y004608
Unknown_Sample,20251031_012_pol_pro_Sed_lan_2025_11_Colorado2025.czi,Sed_lan,342.07,1750.0,4799.0,24,24,79.7,0.953,20251031_012_pol_pro_Sed_lan_2025_11_Colorado2025_x001536_y004608
Unknown_Sample,20251031_012_pol_pro_Sed_lan_2025_11_Colorado2025.czi,Sed_lan,289.74,1666.0,4655.0,22,22,74.04,0.946,20251031_012_pol_pro_Sed_lan_2025_11_Colorado2025_x001536_y004608
Unknown_Sample,20251031_012_pol_pro_Sed_lan_2025_11_Colorado2025.czi,Sed_lan,243.95,1592.0,4902.0,20,20,66.63,0.943,20251031_012_pol_pro_Sed_lan_2025_11_Colorado2025_x001536_y004608
Unknown_Sample,20251031_012_pol_pro_Sed_lan_2025_11_Colorado2025.czi,Sed_lan,247.03,1778.0,4818.0,21,20,68.63,0.94,20251031_012_pol_pro_Sed_lan_2025_11_Colorado2025_x001536_y004608
Unknown_Sample,20251031_012_pol_pro_Sed_lan_2025_11_Colorado2025.czi,Sed_lan,240.49,1548.0,5041.0,20,20,67.21,0.939,20251031_012_pol_pro_Sed_lan_2025_11_Colorado2025_x001536_y004608
Unknown_Sample,20251031_012_pol_pro_Sed_lan_2025_11_Colorado2025.czi,Sed_lan,253.18,2040.0,4716.0,21,20,69.8,0.902,20251031_012_pol_pro_Sed_lan_2025_11_Colorado2025_x001536_y004608
Unknown_Sample,20251031_012_pol_pro_Sed_lan_2025_11_Colorado2025.czi,Sed_lan,203.55,2032.0,4734.0,19,18,62.38,0.899,20251031_012_pol_pro_Sed_lan_2025_11_Colorado2025_x001536_y004608
Unknown_Sample,20251031_012_pol_pro_Sed_lan_2025_11_Colorado2025.czi,Sed_lan,317.44,2399.0,4877.0,23,23,75.7,0.95,20251031_012_pol_pro_Sed_lan_2025_11_Colorado2025_x002048_y004608
Unknown_Sample,20251031_012_pol_pro_Sed_lan_2025_11_Colorado2025.czi,Sed_lan,260.49,2490.0,4923.0,21,20,70.38,0.936,20251031_012_pol_pro_Sed_lan_2025_11_Colorado2025_x002048_y004608
Unknown_Sample,20251031_012_pol_pro_Sed_lan_2025_11_Colorado2025.czi,Sed_lan,258.19,2546.0,4666.0,21,21,71.21,0.935,20251031_012_pol_pro_Sed_lan_2025_11_Colorado2025_x002048_y004608
Unknown_Sample,20251031_012_pol_pro_Sed_lan_2025_11_Colorado2025.czi,Sed_lan,285.89,3399.0,4705.0,21,22,72.04,0.949,20251031_012_pol_pro_Sed_lan_2025_11_Colorado2025_x003072_y004608
Unknown_Sample,20251031_012_pol_pro_Sed_lan_2025_11_Colorado2025.czi,Sed_lan,360.54,3369.0,5204.0,25,24,81.7,0.944,20251031_012_pol_pro_Sed_lan_2025_11_Colorado2025_x003072_y004608
Unknown_Sample,20251031_012_pol_pro_Sed_lan_2025_11_Colorado2025.czi,Sed_lan,305.9,3374.0,5153.0,22,23,76.04,0.943,20251031_012_pol_pro_Sed_lan_2025_11_Colorado2025_x003072_y004608
Unknown_Sample,20251031_012_pol_pro_Sed_lan_2025_11_Colorado2025.czi,Sed_lan,273.19,3370.0,4968.0,21,21,71.8,0.942,20251031_012_pol_pro_Sed_lan_2025_11_Colorado2025_x003072_y004608
Unknown_Sample,20251031_012_pol_pro_Sed_lan_2025_11_Colorado2025.czi,Sed_lan,333.99,3539.0,4925.0,23,24,78.28,0.939,20251031_012_pol_pro_Sed_lan_2025_11_Colorado2025_x003072_y004608
Unknown_Sample,20251031_012_pol_pro_Sed_lan_2025_11_Colorado2025.czi,Sed_lan,315.9,3576.0,5224.0,23,22,76.04,0.911,20251031_012_pol_pro_Sed_lan_2025_11_Colorado2025_x003072_y004608
Unknown_Sample,20251031_012_pol_pro_Sed_lan_2025_11_Colorado2025.czi,Sed_lan,263.57,4077.0,4617.0,23,19,72.38,0.94,20251031_012_pol_pro_Sed_lan_2025_11_Colorado2025_x003584_y004608
Unknown_Sample,20251031_012_pol_pro_Sed_lan_2025_11_Colorado2025.czi,Sed_lan,290.51,4029.0,4637.0,22,22,74.04,0.938,20251031_012_pol_pro_Sed_lan_2025_11_Colorado2025_x003584_y004608
Unknown_Sample,20251031_012_pol_pro_Sed_lan_2025_11_Colorado2025.czi,Sed_lan,268.57,4695.0,5136.0,21,21,69.46,0.951,20251031_012_pol_pro_Sed_lan_2025_11_Colorado2025_x004096_y004608
Unknown_Sample,20251031_012_pol_pro_Sed_lan_2025_11_Colorado2025.czi,Sed_lan,268.96,4695.0,5136.0,21,21,70.04,0.949,20251031_012_pol_pro_Sed_lan_2025_11_Colorado2025_x004608_y004608
Unknown_Sample,20251031_012_pol_pro_Sed_lan_2025_11_Colorado2025.czi,Sed_lan,350.92,4905.0,5198.0,23,24,80.63,0.942,20251031_012_pol_pro_Sed_lan_2025_11_Colorado2025_x004608_y004608
Unknown_Sample,20251031_012_pol_pro_Sed_lan_2025_11_Colorado2025.czi,Sed_lan,297.05,5288.0,4774.0,22,22,74.63,0.952,20251031_012_pol_pro_Sed_lan_2025_11_Colorado2025_x005120_y004608
Unknown_Sample,20251031_012_pol_pro_Sed_lan_2025_11_Colorado2025.czi,Sed_lan,370.16,5372.0,5080.0,25,25,84.28,0.951,20251031_012_pol_pro_Sed_lan_2025_11_Colorado2025_x005120_y004608
Unknown_Sample,20251031_012_pol_pro_Sed_lan_2025_11_Colorado2025.czi,Sed_lan,332.45,5500.0,4992.0,24,22,77.46,0.951,20251031_012_pol_pro_Sed_lan_2025_11_Colorado2025_x005120_y004608
Unknown_Sample,20251031_012_pol_pro_Sed_lan_2025_11_Colorado2025.czi,Sed_lan,349.38,5684.0,4767.0,24,23,79.46,0.944,20251031_012_pol_pro_Sed_lan_2025_11_Colorado2025_x005120_y004608
Unknown_Sample,20251031_012_pol_pro_Sed_lan_2025_11_Colorado2025.czi,Sed_lan,158.53,5615.0,5024.0,15,17,54.14,0.931,20251031_012_pol_pro_Sed_lan_2025_11_Colorado2025_x005120_y004608
Unknown_Sample,20251031_012_pol_pro_Sed_lan_2025_11_Colorado2025.czi,Sed_lan,351.3,5684.0,4767.0,24,23,80.04,0.941,20251031_012_pol_pro_Sed_lan_2025_11_Colorado2025_x005632_y004608
Unknown_Sample,20251031_012_pol_pro_Sed_lan_2025_11_Colorado2025.czi,Sed_lan,290.51,6732.0,4805.0,21,23,72.87,0.945,20251031_012_pol_pro_Sed_lan_2025_11_Colorado2025_x006144_y004608
Unknown_Sample,20251031_012_pol_pro_Sed_lan_2025_11_Colorado2025.czi,Sed_lan,292.05,6732.0,4805.0,22,23,73.7,0.944,20251031_012_pol_pro_Sed_lan_2025_11_Colorado2025_x006656_y004608
Unknown_Sample,20251031_012_pol_pro_Sed_lan_2025_11_Colorado2025.czi,Sed_lan,338.6,9257.0,4860.0,24,23,79.46,0.948,20251031_012_pol_pro_Sed_lan_2025_11_Colorado2025_x008704_y004608
Unknown_Sample,20251031_012_pol_pro_Sed_lan_2025_11_Colorado2025.czi,Sed_lan,181.23,9031.0,4756.0,16,20,60.38,0.92,20251031_012_pol_pro_Sed_lan_2025_11_Colorado2025_x008704_y004608
Unknown_Sample,20251031_012_pol_pro_Sed_lan_2025_11_Colorado2025.czi,Sed_lan,324.75,9797.0,4942.0,23,23,77.46,0.953,20251031_012_pol_pro_Sed_lan_2025_11_Colorado2025_x009216_y004608
Unknown_Sample,20251031_012_pol_pro_Sed_lan_2025_11_Colorado2025.czi,Sed_lan,338.6,9257.0,4860.0,24,23,79.46,0.947,20251031_012_pol_pro_Sed_lan_2025_11_Colorado2025_x009216_y004608
Unknown_Sample,20251031_012_pol_pro_Sed_lan_2025_11_Colorado2025.czi,Sed_lan,247.8,9659.0,4839.0,20,21,68.63,0.946,20251031_012_pol_pro_Sed_lan_2025_11_Colorado2025_x009216_y004608
Unknown_Sample,20251031_012_pol_pro_Sed_lan_2025_11_Colorado2025.czi,Sed_lan,357.46,10001.0,4876.0,26,23,81.7,0.953,20251031_012_pol_pro_Sed_lan_2025_11_Colorado2025_x009728_y004608
Unknown_Sample,20251031_012_pol_pro_Sed_lan_2025_11_Colorado2025.czi,Sed_lan,323.21,9797.0,4942.0,23,23,77.46,0.953,20251031_012_pol_pro_Sed_lan_2025_11_Colorado2025_x009728_y004608
Unknown_Sample,20251031_012_pol_pro_Sed_lan_2025_11_Colorado2025.czi,Sed_lan,329.37,9951.0,5130.0,24,23,78.28,0.952,20251031_012_pol_pro_Sed_lan_2025_11_Colorado2025_x009728_y004608
Unknown_Sample,20251031_012_pol_pro_Sed_lan_2025_11_Colorado2025.czi,Sed_lan,270.5,10129.0,4767.0,21,21,71.21,0.948,20251031_012_pol_pro_Sed_lan_2025_11_Colorado2025_x009728_y004608
Unknown_Sample,20251031_012_pol_pro_Sed_lan_2025_11_Colorado2025.czi,Sed_lan,255.49,10187.0,5133.0,20,20,68.97,0.942,20251031_012_pol_pro_Sed_lan_2025_11_Colorado2025_x009728_y004608
Unknown_Sample,20251031_012_pol_pro_Sed_lan_2025_11_Colorado2025.czi,Sed_lan,123.13,10072.0,4787.0,16,13,48.14,0.934,20251031_012_pol_pro_Sed_lan_2025_11_Colorado2025_x009728_y004608
Unknown_Sample,20251031_012_pol_pro_Sed_lan_2025_11_Colorado2025.czi,Sed_lan,195.85,10585.0,4876.0,20,17,62.38,0.939,20251031_012_pol_pro_Sed_lan_2025_11_Colorado2025_x010240_y004608
Unknown_Sample,20251031_012_pol_pro_Sed_lan_2025_11_Colorado2025.czi,Sed_lan,245.87,10869.0,4693.0,20,20,69.56,0.923,20251031_012_pol_pro_Sed_lan_2025_11_Colorado2025_x010240_y004608
Unknown_Sample,20251031_012_pol_pro_Sed_lan_2025_11_Colorado2025.czi,Sed_lan,268.96,11158.0,4864.0,21,21,71.21,0.957,20251031_012_pol_pro_Sed_lan_2025_11_Colorado2025_x010752_y004608
Unknown_Sample,20251031_012_pol_pro_Sed_lan_2025_11_Colorado2025.czi,Sed_lan,319.75,11090.0,4937.0,23,23,78.04,0.951,20251031_012_pol_pro_Sed_lan_2025_11_Colorado2025_x010752_y004608
Unknown_Sample,20251031_012_pol_pro_Sed_lan_2025_11_Colorado2025.czi,Sed_lan,245.1,10869.0,4693.0,20,20,67.21,0.943,20251031_012_pol_pro_Sed_lan_2025_11_Colorado2025_x010752_y004608
Unknown_Sample,20251031_012_pol_pro_Sed_lan_2025_11_Colorado2025.czi,Sed_lan,156.22,11385.0,4908.0,12,21,58.49,0.885,20251031_012_pol_pro_Sed_lan_2025_11_Colorado2025_x010752_y004608
Unknown_Sample,20251031_012_pol_pro_Sed_lan_2025_11_Colorado2025.czi,Sed_lan,303.2,11463.0,4618.0,23,22,75.46,0.952,20251031_012_pol_pro_Sed_lan_2025_11_Colorado2025_x011264_y004608
Unknown_Sample,20251031_012_pol_pro_Sed_lan_2025_11_Colorado2025.czi,Sed_lan,263.57,11389.0,4908.0,20,21,70.38,0.947,20251031_012_pol_pro_Sed_lan_2025_11_Colorado2025_x011264_y004608
Unknown_Sample,20251031_012_pol_pro_Sed_lan_2025_11_Colorado2025.czi,Sed_lan,276.65,11809.0,4901.0,22,21,72.04,0.944,20251031_012_pol_pro_Sed_lan_2025_11_Colorado2025_x011264_y004608
Unknown_Sample,20251031_012_pol_pro_Sed_lan_2025_11_Colorado2025.czi,Sed_lan,333.99,11720.0,4648.0,24,24,79.11,0.944,20251031_012_pol_pro_Sed_lan_2025_11_Colorado2025_x011264_y004608
Unknown_Sample,20251031_012_pol_pro_Sed_lan_2025_11_Colorado2025.czi,Sed_lan,351.3,11892.0,4789.0,23,25,82.04,0.937,20251031_012_pol_pro_Sed_lan_2025_11_Colorado2025_x011264_y004608
Unknown_Sample,20251031_012_pol_pro_Sed_lan_2025_11_Colorado2025.czi,Sed_lan,284.73,11703.0,4665.0,22,22,73.46,0.934,20251031_012_pol_pro_Sed_lan_2025_11_Colorado2025_x011264_y004608
Unknown_Sample,20251031_012_pol_pro_Sed_lan_2025_11_Colorado2025.czi,Sed_lan,182.77,11403.0,4740.0,18,17,58.38,0.933,20251031_012_pol_pro_Sed_lan_2025_11_Colorado2025_x011264_y004608
Unknown_Sample,20251031_012_pol_pro_Sed_lan_2025_11_Colorado2025.czi,Sed_lan,289.74,12323.0,5093.0,22,22,74.04,0.952,20251031_012_pol_pro_Sed_lan_2025_11_Colorado2025_x011776_y004608
Unknown_Sample,20251031_012_pol_pro_Sed_lan_2025_11_Colorado2025.czi,Sed_lan,362.07,12165.0,4899.0,24,25,81.7,0.95,20251031_012_pol_pro_Sed_lan_2025_11_Colorado2025_x011776_y004608
Unknown_Sample,20251031_012_pol_pro_Sed_lan_2025_11_Colorado2025.czi,Sed_lan,363.61,11892.0,4789.0,26,24,81.36,0.948,20251031_012_pol_pro_Sed_lan_2025_11_Colorado2025_x011776_y004608
Unknown_Sample,20251031_012_pol_pro_Sed_lan_2025_11_Colorado2025.czi,Sed_lan,221.25,12361.0,4656.0,19,20,64.04,0.946,20251031_012_pol_pro_Sed_lan_2025_11_Colorado2025_x011776_y004608
Unknown_Sample,20251031_012_pol_pro_Sed_lan_2025_11_Colorado2025.czi,Sed_lan,276.65,11809.0,4901.0,22,21,72.04,0.943,20251031_012_pol_pro_Sed_lan_2025_11_Colorado2025_x011776_y004608
Unknown_Sample,20251031_012_pol_pro_Sed_lan_2025_11_Colorado2025.czi,Sed_lan,229.33,12407.0,4753.0,17,20,67.66,0.919,20251031_012_pol_pro_Sed_lan_2025_11_Colorado2025_x011776_y004608
Unknown_Sample,20251031_012_pol_pro_Sed_lan_2025_11_Colorado2025.czi,Sed_lan,352.07,12660.0,4655.0,24,24,80.87,0.959,20251031_012_pol_pro_Sed_lan_2025_11_Colorado2025_x012288_y004608
Unknown_Sample,20251031_012_pol_pro_Sed_lan_2025_11_Colorado2025.czi,Sed_lan,266.27,12408.0,4753.0,21,20,70.97,0.954,20251031_012_pol_pro_Sed_lan_2025_11_Colorado2025_x012288_y004608
Unknown_Sample,20251031_012_pol_pro_Sed_lan_2025_11_Colorado2025.czi,Sed_lan,350.92,12891.0,5004.0,24,24,80.28,0.953,20251031_012_pol_pro_Sed_lan_2025_11_Colorado2025_x012288_y004608
Unknown_Sample,20251031_012_pol_pro_Sed_lan_2025_11_Colorado2025.czi,Sed_lan,288.2,12323.0,5093.0,22,22,74.04,0.953,20251031_012_pol_pro_Sed_lan_2025_11_Colorado2025_x012288_y004608
Unknown_Sample,20251031_012_pol_pro_Sed_lan_2025_11_Colorado2025.czi,Sed_lan,303.97,12528.0,5053.0,22,23,74.28,0.953,20251031_012_pol_pro_Sed_lan_2025_11_Colorado2025_x012288_y004608
Unknown_Sample,20251031_012_pol_pro_Sed_lan_2025_11_Colorado2025.czi,Sed_lan,308.98,12701.0,4737.0,23,23,76.87,0.948,20251031_012_pol_pro_Sed_lan_2025_11_Colorado2025_x012288_y004608
Unknown_Sample,20251031_012_pol_pro_Sed_lan_2025_11_Colorado2025.czi,Sed_lan,222.02,12361.0,4656.0,19,20,64.04,0.946,20251031_012_pol_pro_Sed_lan_2025_11_Colorado2025_x012288_y004608
Unknown_Sample,20251031_012_pol_pro_Sed_lan_2025_11_Colorado2025.czi,Sed_lan,350.92,12891.0,5004.0,24,24,80.28,0.952,20251031_012_pol_pro_Sed_lan_2025_11_Colorado2025_x012800_y004608
Unknown_Sample,20251031_012_pol_pro_Sed_lan_2025_11_Colorado2025.czi,Sed_lan,298.59,13264.0,4908.0,22,22,72.28,0.95,20251031_012_pol_pro_Sed_lan_2025_11_Colorado2025_x012800_y004608
Unknown_Sample,20251031_012_pol_pro_Sed_lan_2025_11_Colorado2025.czi,Sed_lan,253.57,13169.0,5162.0,20,21,69.21,0.945,20251031_012_pol_pro_Sed_lan_2025_11_Colorado2025_x012800_y004608
Unknown_Sample,20251031_012_pol_pro_Sed_lan_2025_11_Colorado2025.czi,Sed_lan,234.33,13413.0,4714.0,20,19,66.38,0.94,20251031_012_pol_pro_Sed_lan_2025_11_Colorado2025_x012800_y004608
Unknown_Sample,20251031_012_pol_pro_Sed_lan_2025_11_Colorado2025.czi,Sed_lan,349.76,13627.0,4709.0,24,24,79.7,0.952,20251031_012_pol_pro_Sed_lan_2025_11_Colorado2025_x013312_y004608
Unknown_Sample,20251031_012_pol_pro_Sed_lan_2025_11_Colorado2025.czi,Sed_lan,351.3,13468.0,5052.0,24,24,80.87,0.947,20251031_012_pol_pro_Sed_lan_2025_11_Colorado2025_x013312_y004608
Unknown_Sample,20251031_012_pol_pro_Sed_lan_2025_11_Colorado2025.czi,Sed_lan,232.79,13413.0,4714.0,20,19,66.38,0.941,20251031_012_pol_pro_Sed_lan_2025_11_Colorado2025_x013312_y004608
Unknown_Sample,20251031_012_pol_pro_Sed_lan_2025_11_Colorado2025.czi,Sed_lan,249.72,13697.0,4895.0,20,20,69.56,0.939,20251031_012_pol_pro_Sed_lan_2025_11_Colorado2025_x013312_y004608
Unknown_Sample,20251031_012_pol_pro_Sed_lan_2025_11_Colorado2025.czi,Sed_lan,317.44,14168.0,4892.0,22,23,74.87,0.95,20251031_012_pol_pro_Sed_lan_2025_11_Colorado2025_x013824_y004608
Unknown_Sample,20251031_012_pol_pro_Sed_lan_2025_11_Colorado2025.czi,Sed_lan,293.58,14750.0,4714.0,22,22,74.04,0.945,20251031_012_pol_pro_Sed_lan_2025_11_Colorado2025_x014336_y004608
Unknown_Sample,20251031_012_pol_pro_Sed_lan_2025_11_Colorado2025.czi,Sed_lan,283.58,14870.0,4818.0,21,23,72.87,0.943,20251031_012_pol_pro_Sed_lan_2025_11_Colorado2025_x014336_y004608
Unknown_Sample,20251031_012_pol_pro_Sed_lan_2025_11_Colorado2025.czi,Sed_lan,240.87,14570.0,4619.0,18,21,66.97,0.939,20251031_012_pol_pro_Sed_lan_2025_11_Colorado2025_x014336_y004608
Unknown_Sample,20251031_012_pol_pro_Sed_lan_2025_11_Colorado2025.czi,Sed_lan,174.3,14688.0,4712.0,16,19,59.56,0.937,20251031_012_pol_pro_Sed_lan_2025_11_Colorado2025_x014336_y004608
Unknown_Sample,20251031_012_pol_pro_Sed_lan_2025_11_Colorado2025.czi,Sed_lan,231.25,14629.0,4696.0,20,19,66.38,0.912,20251031_012_pol_pro_Sed_lan_2025_11_Colorado2025_x014336_y004608
Unknown_Sample,20251031_012_pol_pro_Sed_lan_2025_11_Colorado2025.czi,Sed_lan,260.11,14626.0,4716.0,21,22,70.28,0.912,20251031_012_pol_pro_Sed_lan_2025_11_Colorado2025_x014336_y004608
Unknown_Sample,20251031_012_pol_pro_Sed_lan_2025_11_Colorado2025.czi,Sed_lan,283.58,14870.0,4818.0,21,23,72.87,0.944,20251031_012_pol_pro_Sed_lan_2025_11_Colorado2025_x014848_y004608
Unknown_Sample,20251031_012_pol_pro_Sed_lan_2025_11_Colorado2025.czi,Sed_lan,189.69,15042.0,4716.0,16,19,59.56,0.931,20251031_012_pol_pro_Sed_lan_2025_11_Colorado2025_x014848_y004608
Unknown_Sample,20251031_012_pol_pro_Sed_lan_2025_11_Colorado2025.czi,Sed_lan,348.99,15767.0,5030.0,24,23,81.21,0.951,20251031_012_pol_pro_Sed_lan_2025_11_Colorado2025_x015360_y004608
Unknown_Sample,20251031_012_pol_pro_Sed_lan_2025_11_Colorado2025.czi,Sed_lan,272.42,15570.0,4827.0,22,21,72.63,0.944,20251031_012_pol_pro_Sed_lan_2025_11_Colorado2025_x015360_y004608
Unknown_Sample,20251031_012_pol_pro_Sed_lan_2025_11_Colorado2025.czi,Sed_lan,265.11,15855.0,4750.0,20,22,71.21,0.944,20251031_012_pol_pro_Sed_lan_2025_11_Colorado2025_x015360_y004608
Unknown_Sample,20251031_012_pol_pro_Sed_lan_2025_11_Colorado2025.czi,Sed_lan,260.11,16431.0,5040.0,21,21,68.28,0.946,20251031_012_pol_pro_Sed_lan_2025_11_Colorado2025_x015872_y004608
Unknown_Sample,20251031_012_pol_pro_Sed_lan_2025_11_Colorado2025.czi,Sed_lan,305.13,16330.0,4858.0,24,21,76.04,0.936,20251031_012_pol_pro_Sed_lan_2025_11_Colorado2025_x015872_y004608
Unknown_Sample,20251031_012_pol_pro_Sed_lan_2025_11_Colorado2025.czi,Sed_lan,308.98,16214.0,4802.0,26,20,76.87,0.894,20251031_012_pol_pro_Sed_lan_2025_11_Colorado2025_x015872_y004608
Unknown_Sample,20251031_012_pol_pro_Sed_lan_2025_11_Colorado2025.czi,Sed_lan,118.51,16476.0,5079.0,16,16,50.63,0.894,20251031_012_pol_pro_Sed_lan_2025_11_Colorado2025_x015872_y004608
Unknown_Sample,20251031_012_pol_pro_Sed_lan_2025_11_Colorado2025.czi,Sed_lan,252.41,16431.0,5040.0,20,21,67.46,0.917,20251031_012_pol_pro_Sed_lan_2025_11_Colorado2025_x016384_y004608
Unknown_Sample,20251031_012_pol_pro_Sed_lan_2025_11_Colorado2025.czi,Sed_lan,99.27,16477.0,5078.0,14,14,44.97,0.843,20251031_012_pol_pro_Sed_lan_2025_11_Colorado2025_x016384_y004608
Unknown_Sample,20251031_012_pol_pro_Sed_lan_2025_11_Colorado2025.czi,Sed_lan,293.58,795.0,5225.0,22,22,74.04,0.946,20251031_012_pol_pro_Sed_lan_2025_11_Colorado2025_x000512_y005120
Unknown_Sample,20251031_012_pol_pro_Sed_lan_2025_11_Colorado2025.czi,Sed_lan,260.49,890.0,5479.0,21,21,68.87,0.935,20251031_012_pol_pro_Sed_lan_2025_11_Colorado2025_x000512_y005120
Unknown_Sample,20251031_012_pol_pro_Sed_lan_2025_11_Colorado2025.czi,Sed_lan,248.95,795.0,5417.0,22,20,67.7,0.916,20251031_012_pol_pro_Sed_lan_2025_11_Colorado2025_x000512_y005120
Unknown_Sample,20251031_012_pol_pro_Sed_lan_2025_11_Colorado2025.czi,Sed_lan,218.55,775.0,5423.0,19,20,63.46,0.915,20251031_012_pol_pro_Sed_lan_2025_11_Colorado2025_x000512_y005120
Unknown_Sample,20251031_012_pol_pro_Sed_lan_2025_11_Colorado2025.czi,Sed_lan,332.45,2094.0,5304.0,23,24,79.46,0.952,20251031_012_pol_pro_Sed_lan_2025_11_Colorado2025_x001536_y005120
Unknown_Sample,20251031_012_pol_pro_Sed_lan_2025_11_Colorado2025.czi,Sed_lan,237.41,1702.0,5359.0,19,20,66.38,0.945,20251031_012_pol_pro_Sed_lan_2025_11_Colorado2025_x001536_y005120
Unknown_Sample,20251031_012_pol_pro_Sed_lan_2025_11_Colorado2025.czi,Sed_lan,282.43,1743.0,5583.0,22,22,71.11,0.941,20251031_012_pol_pro_Sed_lan_2025_11_Colorado2025_x001536_y005120
Unknown_Sample,20251031_012_pol_pro_Sed_lan_2025_11_Colorado2025.czi,Sed_lan,332.45,2094.0,5304.0,23,24,79.46,0.95,20251031_012_pol_pro_Sed_lan_2025_11_Colorado2025_x002048_y005120
Unknown_Sample,20251031_012_pol_pro_Sed_lan_2025_11_Colorado2025.czi,Sed_lan,243.18,3071.0,5409.0,20,20,66.63,0.939,20251031_012_pol_pro_Sed_lan_2025_11_Colorado2025_x002560_y005120
Unknown_Sample,20251031_012_pol_pro_Sed_lan_2025_11_Colorado2025.czi,Sed_lan,313.59,3177.0,5602.0,23,23,76.87,0.936,20251031_012_pol_pro_Sed_lan_2025_11_Colorado2025_x002560_y005120
Unknown_Sample,20251031_012_pol_pro_Sed_lan_2025_11_Colorado2025.czi,Sed_lan,365.92,3369.0,5204.0,25,24,81.7,0.945,20251031_012_pol_pro_Sed_lan_2025_11_Colorado2025_x003072_y005120
Unknown_Sample,20251031_012_pol_pro_Sed_lan_2025_11_Colorado2025.czi,Sed_lan,309.75,3374.0,5153.0,22,23,76.04,0.943,20251031_012_pol_pro_Sed_lan_2025_11_Colorado2025_x003072_y005120
Unknown_Sample,20251031_012_pol_pro_Sed_lan_2025_11_Colorado2025.czi,Sed_lan,249.72,3424.0,5506.0,20,20,68.38,0.941,20251031_012_pol_pro_Sed_lan_2025_11_Colorado2025_x003072_y005120
Unknown_Sample,20251031_012_pol_pro_Sed_lan_2025_11_Colorado2025.czi,Sed_lan,295.51,3496.0,5708.0,22,23,75.46,0.941,20251031_012_pol_pro_Sed_lan_2025_11_Colorado2025_x003072_y005120
Unknown_Sample,20251031_012_pol_pro_Sed_lan_2025_11_Colorado2025.czi,Sed_lan,312.82,3177.0,5602.0,23,23,76.87,0.934,20251031_012_pol_pro_Sed_lan_2025_11_Colorado2025_x003072_y005120
Unknown_Sample,20251031_012_pol_pro_Sed_lan_2025_11_Colorado2025.czi,Sed_lan,314.36,3576.0,5224.0,23,22,76.04,0.922,20251031_012_pol_pro_Sed_lan_2025_11_Colorado2025_x003072_y005120
Unknown_Sample,20251031_012_pol_pro_Sed_lan_2025_11_Colorado2025.czi,Sed_lan,254.34,3948.0,5583.0,21,21,68.87,0.938,20251031_012_pol_pro_Sed_lan_2025_11_Colorado2025_x003584_y005120
Unknown_Sample,20251031_012_pol_pro_Sed_lan_2025_11_Colorado2025.czi,Sed_lan,139.29,4128.0,5407.0,14,17,52.14,0.914,20251031_012_pol_pro_Sed_lan_2025_11_Colorado2025_x003584_y005120
Unknown_Sample,20251031_012_pol_pro_Sed_lan_2025_11_Colorado2025.czi,Sed_lan,268.57,4695.0,5136.0,21,21,69.46,0.953,20251031_012_pol_pro_Sed_lan_2025_11_Colorado2025_x004096_y005120
Unknown_Sample,20251031_012_pol_pro_Sed_lan_2025_11_Colorado2025.czi,Sed_lan,143.14,4128.0,5407.0,14,17,53.31,0.897,20251031_012_pol_pro_Sed_lan_2025_11_Colorado2025_x004096_y005120
Unknown_Sample,20251031_012_pol_pro_Sed_lan_2025_11_Colorado2025.czi,Sed_lan,269.73,4695.0,5136.0,21,21,70.04,0.952,20251031_012_pol_pro_Sed_lan_2025_11_Colorado2025_x004608_y005120
Unknown_Sample,20251031_012_pol_pro_Sed_lan_2025_11_Colorado2025.czi,Sed_lan,347.07,4905.0,5198.0,23,24,80.63,0.943,20251031_012_pol_pro_Sed_lan_2025_11_Colorado2025_x004608_y005120
Unknown_Sample,20251031_012_pol_pro_Sed_lan_2025_11_Colorado2025.czi,Sed_lan,235.1,5419.0,5406.0,20,19,67.56,0.917,20251031_012_pol_pro_Sed_lan_2025_11_Colorado2025_x005120_y005120
Unknown_Sample,20251031_012_pol_pro_Sed_lan_2025_11_Colorado2025.czi,Sed_lan,275.88,5748.0,5584.0,21,21,73.56,0.901,20251031_012_pol_pro_Sed_lan_2025_11_Colorado2025_x005120_y005120
Unknown_Sample,20251031_012_pol_pro_Sed_lan_2025_11_Colorado2025.czi,Sed_lan,310.51,5935.0,5326.0,22,23,74.87,0.951,20251031_012_pol_pro_Sed_lan_2025_11_Colorado2025_x005632_y005120
Unknown_Sample,20251031_012_pol_pro_Sed_lan_2025_11_Colorado2025.czi,Sed_lan,273.96,5997.0,5415.0,21,21,70.63,0.948,20251031_012_pol_pro_Sed_lan_2025_11_Colorado2025_x005632_y005120
Unknown_Sample,20251031_012_pol_pro_Sed_lan_2025_11_Colorado2025.czi,Sed_lan,257.42,5748.0,5585.0,21,20,70.38,0.925,20251031_012_pol_pro_Sed_lan_2025_11_Colorado2025_x005632_y005120
Unknown_Sample,20251031_012_pol_pro_Sed_lan_2025_11_Colorado2025.czi,Sed_lan,412.48,6372.0,5344.0,26,26,88.28,0.952,20251031_012_pol_pro_Sed_lan_2025_11_Colorado2025_x006144_y005120
Unknown_Sample,20251031_012_pol_pro_Sed_lan_2025_11_Colorado2025.czi,Sed_lan,163.53,7114.0,5557.0,18,15,56.73,0.887,20251031_012_pol_pro_Sed_lan_2025_11_Colorado2025_x006656_y005120
Unknown_Sample,20251031_012_pol_pro_Sed_lan_2025_11_Colorado2025.czi,Sed_lan,403.63,7840.0,5610.0,27,25,86.53,0.954,20251031_012_pol_pro_Sed_lan_2025_11_Colorado2025_x007680_y005120
Unknown_Sample,20251031_012_pol_pro_Sed_lan_2025_11_Colorado2025.czi,Sed_lan,250.1,8439.0,5378.0,21,20,68.63,0.938,20251031_012_pol_pro_Sed_lan_2025_11_Colorado2025_x008192_y005120
Unknown_Sample,20251031_012_pol_pro_Sed_lan_2025_11_Colorado2025.czi,Sed_lan,292.43,9845.0,5660.0,21,23,76.97,0.867,20251031_012_pol_pro_Sed_lan_2025_11_Colorado2025_x009216_y005120
Unknown_Sample,20251031_012_pol_pro_Sed_lan_2025_11_Colorado2025.czi,Sed_lan,169.69,9841.0,5643.0,19,15,56.38,0.857,20251031_012_pol_pro_Sed_lan_2025_11_Colorado2025_x009216_y005120
Unknown_Sample,20251031_012_pol_pro_Sed_lan_2025_11_Colorado2025.czi,Sed_lan,323.21,9952.0,5130.0,24,22,78.63,0.955,20251031_012_pol_pro_Sed_lan_2025_11_Colorado2025_x009728_y005120
Unknown_Sample,20251031_012_pol_pro_Sed_lan_2025_11_Colorado2025.czi,Sed_lan,319.75,10198.0,5638.0,22,24,78.04,0.95,20251031_012_pol_pro_Sed_lan_2025_11_Colorado2025_x009728_y005120
Unknown_Sample,20251031_012_pol_pro_Sed_lan_2025_11_Colorado2025.czi,Sed_lan,255.49,10187.0,5133.0,20,20,68.97,0.945,20251031_012_pol_pro_Sed_lan_2025_11_Colorado2025_x009728_y005120
Unknown_Sample,20251031_012_pol_pro_Sed_lan_2025_11_Colorado2025.czi,Sed_lan,308.21,9847.0,5660.0,25,23,78.53,0.895,20251031_012_pol_pro_Sed_lan_2025_11_Colorado2025_x009728_y005120
Unknown_Sample,20251031_012_pol_pro_Sed_lan_2025_11_Colorado2025.czi,Sed_lan,170.84,9841.0,5643.0,19,15,56.97,0.872,20251031_012_pol_pro_Sed_lan_2025_11_Colorado2025_x009728_y005120
Unknown_Sample,20251031_012_pol_pro_Sed_lan_2025_11_Colorado2025.czi,Sed_lan,271.27,10581.0,5335.0,21,21,71.21,0.954,20251031_012_pol_pro_Sed_lan_2025_11_Colorado2025_x010240_y005120
Unknown_Sample,20251031_012_pol_pro_Sed_lan_2025_11_Colorado2025.czi,Sed_lan,268.57,10406.0,5444.0,20,22,70.63,0.948,20251031_012_pol_pro_Sed_lan_2025_11_Colorado2025_x010240_y005120
Unknown_Sample,20251031_012_pol_pro_Sed_lan_2025_11_Colorado2025.czi,Sed_lan,257.8,10444.0,5313.0,20,22,69.46,0.915,20251031_012_pol_pro_Sed_lan_2025_11_Colorado2025_x010240_y005120
Unknown_Sample,20251031_012_pol_pro_Sed_lan_2025_11_Colorado2025.czi,Sed_lan,252.41,10462.0,5325.0,22,20,69.46,0.888,20251031_012_pol_pro_Sed_lan_2025_11_Colorado2025_x010240_y005120
Unknown_Sample,20251031_012_pol_pro_Sed_lan_2025_11_Colorado2025.czi,Sed_lan,268.19,11253.0,5617.0,22,20,71.21,0.949,20251031_012_pol_pro_Sed_lan_2025_11_Colorado2025_x010752_y005120
Unknown_Sample,20251031_012_pol_pro_Sed_lan_2025_11_Colorado2025.czi,Sed_lan,322.83,11019.0,5483.0,23,23,76.87,0.944,20251031_012_pol_pro_Sed_lan_2025_11_Colorado2025_x010752_y005120
Unknown_Sample,20251031_012_pol_pro_Sed_lan_2025_11_Colorado2025.czi,Sed_lan,143.91,11064.0,5704.0,16,16,52.97,0.936,20251031_012_pol_pro_Sed_lan_2025_11_Colorado2025_x010752_y005120
Unknown_Sample,20251031_012_pol_pro_Sed_lan_2025_11_Colorado2025.czi,Sed_lan,319.36,11531.0,5405.0,23,23,76.28,0.947,20251031_012_pol_pro_Sed_lan_2025_11_Colorado2025_x011264_y005120
Unknown_Sample,20251031_012_pol_pro_Sed_lan_2025_11_Colorado2025.czi,Sed_lan,369.0,12403.0,5517.0,24,25,84.04,0.94,20251031_012_pol_pro_Sed_lan_2025_11_Colorado2025_x011776_y005120
Unknown_Sample,20251031_012_pol_pro_Sed_lan_2025_11_Colorado2025.czi,Sed_lan,368.62,12403.0,5517.0,24,25,82.28,0.951,20251031_012_pol_pro_Sed_lan_2025_11_Colorado2025_x012288_y005120
Unknown_Sample,20251031_012_pol_pro_Sed_lan_2025_11_Colorado2025.czi,Sed_lan,315.13,12497.0,5541.0,23,23,78.04,0.95,20251031_012_pol_pro_Sed_lan_2025_11_Colorado2025_x012288_y005120
Unknown_Sample,20251031_012_pol_pro_Sed_lan_2025_11_Colorado2025.czi,Sed_lan,245.1,12514.0,5504.0,21,20,68.04,0.943,20251031_012_pol_pro_Sed_lan_2025_11_Colorado2025_x012288_y005120
Unknown_Sample,20251031_012_pol_pro_Sed_lan_2025_11_Colorado2025.czi,Sed_lan,253.57,13169.0,5162.0,20,21,69.21,0.944,20251031_012_pol_pro_Sed_lan_2025_11_Colorado2025_x012800_y005120
Unknown_Sample,20251031_012_pol_pro_Sed_lan_2025_11_Colorado2025.czi,Sed_lan,337.06,13661.0,5447.0,25,23,80.28,0.949,20251031_012_pol_pro_Sed_lan_2025_11_Colorado2025_x013312_y005120
Unknown_Sample,20251031_012_pol_pro_Sed_lan_2025_11_Colorado2025.czi,Sed_lan,290.51,14068.0,5544.0,22,22,72.87,0.945,20251031_012_pol_pro_Sed_lan_2025_11_Colorado2025_x013824_y005120
Unknown_Sample,20251031_012_pol_pro_Sed_lan_2025_11_Colorado2025.czi,Sed_lan,303.59,13961.0,5412.0,23,22,74.87,0.938,20251031_012_pol_pro_Sed_lan_2025_11_Colorado2025_x013824_y005120
Unknown_Sample,20251031_012_pol_pro_Sed_lan_2025_11_Colorado2025.czi,Sed_lan,292.05,14437.0,5380.0,22,22,74.04,0.925,20251031_012_pol_pro_Sed_lan_2025_11_Colorado2025_x013824_y005120
Unknown_Sample,20251031_012_pol_pro_Sed_lan_2025_11_Colorado2025.czi,Sed_lan,188.16,14455.0,5387.0,17,18,61.9,0.875,20251031_012_pol_pro_Sed_lan_2025_11_Colorado2025_x013824_y005120
Unknown_Sample,20251031_012_pol_pro_Sed_lan_2025_11_Colorado2025.czi,Sed_lan,271.65,14553.0,5590.0,21,22,72.63,0.944,20251031_012_pol_pro_Sed_lan_2025_11_Colorado2025_x014336_y005120
Unknown_Sample,20251031_012_pol_pro_Sed_lan_2025_11_Colorado2025.czi,Sed_lan,304.36,14437.0,5380.0,23,22,74.87,0.926,20251031_012_pol_pro_Sed_lan_2025_11_Colorado2025_x014336_y005120
Unknown_Sample,20251031_012_pol_pro_Sed_lan_2025_11_Colorado2025.czi,Sed_lan,240.87,14458.0,5387.0,23,18,67.46,0.912,20251031_012_pol_pro_Sed_lan_2025_11_Colorado2025_x014336_y005120
Unknown_Sample,20251031_012_pol_pro_Sed_lan_2025_11_Colorado2025.czi,Sed_lan,393.24,15359.0,5408.0,24,27,86.28,0.943,20251031_012_pol_pro_Sed_lan_2025_11_Colorado2025_x014848_y005120
Unknown_Sample,20251031_012_pol_pro_Sed_lan_2025_11_Colorado2025.czi,Sed_lan,249.34,15847.0,5672.0,20,21,68.63,0.944,20251031_012_pol_pro_Sed_lan_2025_11_Colorado2025_x015360_y005120
Unknown_Sample,20251031_012_pol_pro_Sed_lan_2025_11_Colorado2025.czi,Sed_lan,215.47,15365.0,5412.0,11,34,80.14,0.805,20251031_012_pol_pro_Sed_lan_2025_11_Colorado2025_x015360_y005120
Unknown_Sample,20251031_012_pol_pro_Sed_lan_2025_11_Colorado2025.czi,Sed_lan,283.2,16296.0,5599.0,22,21,71.46,0.951,20251031_012_pol_pro_Sed_lan_2025_11_Colorado2025_x015872_y005120
Unknown_Sample,20251031_012_pol_pro_Sed_lan_2025_11_Colorado2025.czi,Sed_lan,305.9,16046.0,5704.0,23,23,76.87,0.947,20251031_012_pol_pro_Sed_lan_2025_11_Colorado2025_x015872_y005120
Unknown_Sample,20251031_012_pol_pro_Sed_lan_2025_11_Colorado2025.czi,Sed_lan,219.32,523.0,6152.0,20,18,63.8,0.929,20251031_012_pol_pro_Sed_lan_2025_11_Colorado2025_x000000_y005632
Unknown_Sample,20251031_012_pol_pro_Sed_lan_2025_11_Colorado2025.czi,Sed_lan,235.87,878.0,5785.0,20,19,66.38,0.943,20251031_012_pol_pro_Sed_lan_2025_11_Colorado2025_x000512_y005632
Unknown_Sample,20251031_012_pol_pro_Sed_lan_2025_11_Colorado2025.czi,Sed_lan,244.72,866.0,5985.0,20,21,67.46,0.937,20251031_012_pol_pro_Sed_lan_2025_11_Colorado2025_x000512_y005632
Unknown_Sample,20251031_012_pol_pro_Sed_lan_2025_11_Colorado2025.czi,Sed_lan,219.32,523.0,6152.0,20,18,63.8,0.926,20251031_012_pol_pro_Sed_lan_2025_11_Colorado2025_x000512_y005632
Unknown_Sample,20251031_012_pol_pro_Sed_lan_2025_11_Colorado2025.czi,Sed_lan,166.61,2272.0,6142.0,16,17,55.56,0.932,20251031_012_pol_pro_Sed_lan_2025_11_Colorado2025_x002048_y005632
Unknown_Sample,20251031_012_pol_pro_Sed_lan_2025_11_Colorado2025.czi,Sed_lan,336.29,3471.0,6157.0,23,25,79.11,0.956,20251031_012_pol_pro_Sed_lan_2025_11_Colorado2025_x003072_y005632
Unknown_Sample,20251031_012_pol_pro_Sed_lan_2025_11_Colorado2025.czi,Sed_lan,273.96,3596.0,5773.0,21,21,71.8,0.947,20251031_012_pol_pro_Sed_lan_2025_11_Colorado2025_x003072_y005632
Unknown_Sample,20251031_012_pol_pro_Sed_lan_2025_11_Colorado2025.czi,Sed_lan,278.96,3496.0,5708.0,21,21,71.21,0.947,20251031_012_pol_pro_Sed_lan_2025_11_Colorado2025_x003072_y005632
Unknown_Sample,20251031_012_pol_pro_Sed_lan_2025_11_Colorado2025.czi,Sed_lan,278.19,3596.0,5773.0,21,21,72.38,0.942,20251031_012_pol_pro_Sed_lan_2025_11_Colorado2025_x003584_y005632
Unknown_Sample,20251031_012_pol_pro_Sed_lan_2025_11_Colorado2025.czi,Sed_lan,270.11,4012.0,5869.0,22,20,70.63,0.941,20251031_012_pol_pro_Sed_lan_2025_11_Colorado2025_x003584_y005632
Unknown_Sample,20251031_012_pol_pro_Sed_lan_2025_11_Colorado2025.czi,Sed_lan,140.83,4372.0,5977.0,15,16,52.14,0.916,20251031_012_pol_pro_Sed_lan_2025_11_Colorado2025_x004096_y005632
Unknown_Sample,20251031_012_pol_pro_Sed_lan_2025_11_Colorado2025.czi,Sed_lan,275.88,5121.0,5779.0,22,21,72.04,0.935,20251031_012_pol_pro_Sed_lan_2025_11_Colorado2025_x004608_y005632
Unknown_Sample,20251031_012_pol_pro_Sed_lan_2025_11_Colorado2025.czi,Sed_lan,326.29,4772.0,6204.0,24,23,78.28,0.935,20251031_012_pol_pro_Sed_lan_2025_11_Colorado2025_x004608_y005632
Unknown_Sample,20251031_012_pol_pro_Sed_lan_2025_11_Colorado2025.czi,Sed_lan,349.76,5324.0,6034.0,24,25,80.53,0.93,20251031_012_pol_pro_Sed_lan_2025_11_Colorado2025_x005120_y005632
Unknown_Sample,20251031_012_pol_pro_Sed_lan_2025_11_Colorado2025.czi,Sed_lan,155.07,5126.0,5779.0,14,21,58.38,0.93,20251031_012_pol_pro_Sed_lan_2025_11_Colorado2025_x005120_y005632
Unknown_Sample,20251031_012_pol_pro_Sed_lan_2025_11_Colorado2025.czi,Sed_lan,292.05,6040.0,6238.0,22,22,72.87,0.954,20251031_012_pol_pro_Sed_lan_2025_11_Colorado2025_x005632_y005632
Unknown_Sample,20251031_012_pol_pro_Sed_lan_2025_11_Colorado2025.czi,Sed_lan,309.75,6174.0,5928.0,23,23,75.7,0.953,20251031_012_pol_pro_Sed_lan_2025_11_Colorado2025_x005632_y005632
Unknown_Sample,20251031_012_pol_pro_Sed_lan_2025_11_Colorado2025.czi,Sed_lan,310.9,6174.0,5928.0,23,23,76.28,0.951,20251031_012_pol_pro_Sed_lan_2025_11_Colorado2025_x006144_y005632
Unknown_Sample,20251031_012_pol_pro_Sed_lan_2025_11_Colorado2025.czi,Sed_lan,338.22,7172.0,5787.0,24,23,78.87,0.94,20251031_012_pol_pro_Sed_lan_2025_11_Colorado2025_x006656_y005632
Unknown_Sample,20251031_012_pol_pro_Sed_lan_2025_11_Colorado2025.czi,Sed_lan,222.02,7175.0,5787.0,16,23,67.56,0.951,20251031_012_pol_pro_Sed_lan_2025_11_Colorado2025_x007168_y005632
Unknown_Sample,20251031_012_pol_pro_Sed_lan_2025_11_Colorado2025.czi,Sed_lan,170.07,7606.0,5789.0,18,16,56.97,0.932,20251031_012_pol_pro_Sed_lan_2025_11_Colorado2025_x007168_y005632
Unknown_Sample,20251031_012_pol_pro_Sed_lan_2025_11_Colorado2025.czi,Sed_lan,239.33,7973.0,6247.0,19,21,66.63,0.942,20251031_012_pol_pro_Sed_lan_2025_11_Colorado2025_x007680_y005632
Unknown_Sample,20251031_012_pol_pro_Sed_lan_2025_11_Colorado2025.czi,Sed_lan,312.82,9224.0,5771.0,23,23,76.87,0.948,20251031_012_pol_pro_Sed_lan_2025_11_Colorado2025_x008704_y005632
Unknown_Sample,20251031_012_pol_pro_Sed_lan_2025_11_Colorado2025.czi,Sed_lan,199.7,9334.0,6161.0,17,19,61.56,0.917,20251031_012_pol_pro_Sed_lan_2025_11_Colorado2025_x008704_y005632
Unknown_Sample,20251031_012_pol_pro_Sed_lan_2025_11_Colorado2025.czi,Sed_lan,362.84,9662.0,6113.0,24,25,80.53,0.955,20251031_012_pol_pro_Sed_lan_2025_11_Colorado2025_x009216_y005632
Unknown_Sample,20251031_012_pol_pro_Sed_lan_2025_11_Colorado2025.czi,Sed_lan,282.04,9225.0,5771.0,20,23,74.38,0.95,20251031_012_pol_pro_Sed_lan_2025_11_Colorado2025_x009216_y005632
Unknown_Sample,20251031_012_pol_pro_Sed_lan_2025_11_Colorado2025.czi,Sed_lan,195.85,9334.0,6161.0,17,19,61.56,0.946,20251031_012_pol_pro_Sed_lan_2025_11_Colorado2025_x009216_y005632
Unknown_Sample,20251031_012_pol_pro_Sed_lan_2025_11_Colorado2025.czi,Sed_lan,170.84,9841.0,5643.0,19,15,58.14,0.87,20251031_012_pol_pro_Sed_lan_2025_11_Colorado2025_x009216_y005632
Unknown_Sample,20251031_012_pol_pro_Sed_lan_2025_11_Colorado2025.czi,Sed_lan,292.43,9845.0,5660.0,21,23,76.97,0.867,20251031_012_pol_pro_Sed_lan_2025_11_Colorado2025_x009216_y005632
Unknown_Sample,20251031_012_pol_pro_Sed_lan_2025_11_Colorado2025.czi,Sed_lan,245.49,10198.0,5640.0,23,18,70.97,0.953,20251031_012_pol_pro_Sed_lan_2025_11_Colorado2025_x009728_y005632
Unknown_Sample,20251031_012_pol_pro_Sed_lan_2025_11_Colorado2025.czi,Sed_lan,272.81,9974.0,5933.0,22,21,72.04,0.944,20251031_012_pol_pro_Sed_lan_2025_11_Colorado2025_x009728_y005632
Unknown_Sample,20251031_012_pol_pro_Sed_lan_2025_11_Colorado2025.czi,Sed_lan,307.44,9847.0,5660.0,25,23,78.53,0.897,20251031_012_pol_pro_Sed_lan_2025_11_Colorado2025_x009728_y005632
Unknown_Sample,20251031_012_pol_pro_Sed_lan_2025_11_Colorado2025.czi,Sed_lan,168.92,9841.0,5643.0,19,15,56.38,0.884,20251031_012_pol_pro_Sed_lan_2025_11_Colorado2025_x009728_y005632
Unknown_Sample,20251031_012_pol_pro_Sed_lan_2025_11_Colorado2025.czi,Sed_lan,312.44,10630.0,5880.0,23,23,76.28,0.954,20251031_012_pol_pro_Sed_lan_2025_11_Colorado2025_x010240_y005632
Unknown_Sample,20251031_012_pol_pro_Sed_lan_2025_11_Colorado2025.czi,Sed_lan,293.2,10834.0,5768.0,21,23,72.28,0.941,20251031_012_pol_pro_Sed_lan_2025_11_Colorado2025_x010240_y005632
Unknown_Sample,20251031_012_pol_pro_Sed_lan_2025_11_Colorado2025.czi,Sed_lan,248.57,10411.0,6132.0,20,21,67.46,0.94,20251031_012_pol_pro_Sed_lan_2025_11_Colorado2025_x010240_y005632
Unknown_Sample,20251031_012_pol_pro_Sed_lan_2025_11_Colorado2025.czi,Sed_lan,359.0,10859.0,5763.0,25,24,82.87,0.937,20251031_012_pol_pro_Sed_lan_2025_11_Colorado2025_x010240_y005632
Unknown_Sample,20251031_012_pol_pro_Sed_lan_2025_11_Colorado2025.czi,Sed_lan,287.81,11317.0,5863.0,22,22,73.46,0.949,20251031_012_pol_pro_Sed_lan_2025_11_Colorado2025_x010752_y005632
Unknown_Sample,20251031_012_pol_pro_Sed_lan_2025_11_Colorado2025.czi,Sed_lan,293.2,10834.0,5768.0,21,23,72.28,0.941,20251031_012_pol_pro_Sed_lan_2025_11_Colorado2025_x010752_y005632
Unknown_Sample,20251031_012_pol_pro_Sed_lan_2025_11_Colorado2025.czi,Sed_lan,358.23,10859.0,5763.0,24,24,82.04,0.938,20251031_012_pol_pro_Sed_lan_2025_11_Colorado2025_x010752_y005632
Unknown_Sample,20251031_012_pol_pro_Sed_lan_2025_11_Colorado2025.czi,Sed_lan,143.91,11064.0,5704.0,16,16,52.97,0.936,20251031_012_pol_pro_Sed_lan_2025_11_Colorado2025_x010752_y005632
Unknown_Sample,20251031_012_pol_pro_Sed_lan_2025_11_Colorado2025.czi,Sed_lan,287.81,11317.0,5863.0,22,22,73.46,0.948,20251031_012_pol_pro_Sed_lan_2025_11_Colorado2025_x011264_y005632
Unknown_Sample,20251031_012_pol_pro_Sed_lan_2025_11_Colorado2025.czi,Sed_lan,286.66,11535.0,6187.0,23,21,72.87,0.945,20251031_012_pol_pro_Sed_lan_2025_11_Colorado2025_x011264_y005632
Unknown_Sample,20251031_012_pol_pro_Sed_lan_2025_11_Colorado2025.czi,Sed_lan,335.14,12201.0,5864.0,23,24,80.04,0.946,20251031_012_pol_pro_Sed_lan_2025_11_Colorado2025_x011776_y005632
Unknown_Sample,20251031_012_pol_pro_Sed_lan_2025_11_Colorado2025.czi,Sed_lan,344.76,11932.0,6124.0,24,24,79.11,0.941,20251031_012_pol_pro_Sed_lan_2025_11_Colorado2025_x011776_y005632
Unknown_Sample,20251031_012_pol_pro_Sed_lan_2025_11_Colorado2025.czi,Sed_lan,265.88,12519.0,6149.0,21,21,71.21,0.948,20251031_012_pol_pro_Sed_lan_2025_11_Colorado2025_x012288_y005632
Unknown_Sample,20251031_012_pol_pro_Sed_lan_2025_11_Colorado2025.czi,Sed_lan,283.97,13095.0,6139.0,21,22,71.46,0.942,20251031_012_pol_pro_Sed_lan_2025_11_Colorado2025_x012800_y005632
Unknown_Sample,20251031_012_pol_pro_Sed_lan_2025_11_Colorado2025.czi,Sed_lan,271.65,13498.0,6240.0,21,21,71.8,0.948,20251031_012_pol_pro_Sed_lan_2025_11_Colorado2025_x013312_y005632
Unknown_Sample,20251031_012_pol_pro_Sed_lan_2025_11_Colorado2025.czi,Sed_lan,229.71,13719.0,6025.0,20,21,66.87,0.942,20251031_012_pol_pro_Sed_lan_2025_11_Colorado2025_x013312_y005632
Unknown_Sample,20251031_012_pol_pro_Sed_lan_2025_11_Colorado2025.czi,Sed_lan,274.35,13997.0,6128.0,22,21,72.04,0.954,20251031_012_pol_pro_Sed_lan_2025_11_Colorado2025_x013824_y005632
Unknown_Sample,20251031_012_pol_pro_Sed_lan_2025_11_Colorado2025.czi,Sed_lan,230.1,14102.0,6048.0,18,20,66.14,0.952,20251031_012_pol_pro_Sed_lan_2025_11_Colorado2025_x013824_y005632
Unknown_Sample,20251031_012_pol_pro_Sed_lan_2025_11_Colorado2025.czi,Sed_lan,292.82,14129.0,5764.0,22,21,74.38,0.948,20251031_012_pol_pro_Sed_lan_2025_11_Colorado2025_x013824_y005632
Unknown_Sample,20251031_012_pol_pro_Sed_lan_2025_11_Colorado2025.czi,Sed_lan,249.72,14433.0,5958.0,20,21,70.38,0.946,20251031_012_pol_pro_Sed_lan_2025_11_Colorado2025_x013824_y005632
Unknown_Sample,20251031_012_pol_pro_Sed_lan_2025_11_Colorado2025.czi,Sed_lan,249.34,14433.0,5958.0,20,21,69.8,0.947,20251031_012_pol_pro_Sed_lan_2025_11_Colorado2025_x014336_y005632
Unknown_Sample,20251031_012_pol_pro_Sed_lan_2025_11_Colorado2025.czi,Sed_lan,303.59,14694.0,5766.0,22,23,76.04,0.946,20251031_012_pol_pro_Sed_lan_2025_11_Colorado2025_x014336_y005632
Unknown_Sample,20251031_012_pol_pro_Sed_lan_2025_11_Colorado2025.czi,Sed_lan,257.42,15359.0,5831.0,21,20,69.21,0.934,20251031_012_pol_pro_Sed_lan_2025_11_Colorado2025_x014848_y005632
Unknown_Sample,20251031_012_pol_pro_Sed_lan_2025_11_Colorado2025.czi,Sed_lan,302.43,15404.0,5844.0,22,22,75.8,0.933,20251031_012_pol_pro_Sed_lan_2025_11_Colorado2025_x014848_y005632
Unknown_Sample,20251031_012_pol_pro_Sed_lan_2025_11_Colorado2025.czi,Sed_lan,200.85,15142.0,6007.0,18,19,61.8,0.921,20251031_012_pol_pro_Sed_lan_2025_11_Colorado2025_x014848_y005632
Unknown_Sample,20251031_012_pol_pro_Sed_lan_2025_11_Colorado2025.czi,Sed_lan,250.1,15847.0,5672.0,20,21,68.63,0.944,20251031_012_pol_pro_Sed_lan_2025_11_Colorado2025_x015360_y005632
Unknown_Sample,20251031_012_pol_pro_Sed_lan_2025_11_Colorado2025.czi,Sed_lan,295.12,15404.0,5844.0,22,22,74.04,0.941,20251031_012_pol_pro_Sed_lan_2025_11_Colorado2025_x015360_y005632
Unknown_Sample,20251031_012_pol_pro_Sed_lan_2025_11_Colorado2025.czi,Sed_lan,98.12,15364.0,5832.0,10,19,48.73,0.931,20251031_012_pol_pro_Sed_lan_2025_11_Colorado2025_x015360_y005632
Unknown_Sample,20251031_012_pol_pro_Sed_lan_2025_11_Colorado2025.czi,Sed_lan,294.74,15683.0,6125.0,23,21,73.46,0.925,20251031_012_pol_pro_Sed_lan_2025_11_Colorado2025_x015360_y005632
Unknown_Sample,20251031_012_pol_pro_Sed_lan_2025_11_Colorado2025.czi,Sed_lan,297.82,15692.0,6146.0,23,23,75.11,0.904,20251031_012_pol_pro_Sed_lan_2025_11_Colorado2025_x015360_y005632
Unknown_Sample,20251031_012_pol_pro_Sed_lan_2025_11_Colorado2025.czi,Sed_lan,305.9,16046.0,5704.0,23,23,76.87,0.948,20251031_012_pol_pro_Sed_lan_2025_11_Colorado2025_x015872_y005632
Unknown_Sample,20251031_012_pol_pro_Sed_lan_2025_11_Colorado2025.czi,Sed_lan,210.09,523.0,6152.0,20,17,62.97,0.932,20251031_012_pol_pro_Sed_lan_2025_11_Colorado2025_x000000_y006144
Unknown_Sample,20251031_012_pol_pro_Sed_lan_2025_11_Colorado2025.czi,Sed_lan,200.85,523.0,6152.0,19,17,62.14,0.927,20251031_012_pol_pro_Sed_lan_2025_11_Colorado2025_x000512_y006144
Unknown_Sample,20251031_012_pol_pro_Sed_lan_2025_11_Colorado2025.czi,Sed_lan,150.83,964.0,6562.0,15,17,54.14,0.923,20251031_012_pol_pro_Sed_lan_2025_11_Colorado2025_x000512_y006144
Unknown_Sample,20251031_012_pol_pro_Sed_lan_2025_11_Colorado2025.czi,Sed_lan,142.75,663.0,6778.0,22,11,56.73,0.884,20251031_012_pol_pro_Sed_lan_2025_11_Colorado2025_x000512_y006144
Unknown_Sample,20251031_012_pol_pro_Sed_lan_2025_11_Colorado2025.czi,Sed_lan,367.46,2973.0,6404.0,25,25,82.53,0.946,20251031_012_pol_pro_Sed_lan_2025_11_Colorado2025_x002560_y006144
Unknown_Sample,20251031_012_pol_pro_Sed_lan_2025_11_Colorado2025.czi,Sed_lan,267.42,3016.0,6482.0,21,21,71.21,0.942,20251031_012_pol_pro_Sed_lan_2025_11_Colorado2025_x002560_y006144
Unknown_Sample,20251031_012_pol_pro_Sed_lan_2025_11_Colorado2025.czi,Sed_lan,283.97,2860.0,6602.0,21,21,72.97,0.932,20251031_012_pol_pro_Sed_lan_2025_11_Colorado2025_x002560_y006144
Unknown_Sample,20251031_012_pol_pro_Sed_lan_2025_11_Colorado2025.czi,Sed_lan,338.99,3471.0,6157.0,23,25,79.7,0.958,20251031_012_pol_pro_Sed_lan_2025_11_Colorado2025_x003072_y006144
Unknown_Sample,20251031_012_pol_pro_Sed_lan_2025_11_Colorado2025.czi,Sed_lan,258.95,3398.0,6402.0,22,21,69.7,0.937,20251031_012_pol_pro_Sed_lan_2025_11_Colorado2025_x003072_y006144
Unknown_Sample,20251031_012_pol_pro_Sed_lan_2025_11_Colorado2025.czi,Sed_lan,170.07,3891.0,6653.0,19,15,58.14,0.924,20251031_012_pol_pro_Sed_lan_2025_11_Colorado2025_x003584_y006144
Unknown_Sample,20251031_012_pol_pro_Sed_lan_2025_11_Colorado2025.czi,Sed_lan,147.37,3961.0,6717.0,15,16,52.73,0.918,20251031_012_pol_pro_Sed_lan_2025_11_Colorado2025_x003584_y006144
Unknown_Sample,20251031_012_pol_pro_Sed_lan_2025_11_Colorado2025.czi,Sed_lan,177.0,4217.0,6302.0,13,22,62.49,0.887,20251031_012_pol_pro_Sed_lan_2025_11_Colorado2025_x003584_y006144
Unknown_Sample,20251031_012_pol_pro_Sed_lan_2025_11_Colorado2025.czi,Sed_lan,273.19,4220.0,6302.0,21,22,71.46,0.945,20251031_012_pol_pro_Sed_lan_2025_11_Colorado2025_x004096_y006144
Unknown_Sample,20251031_012_pol_pro_Sed_lan_2025_11_Colorado2025.czi,Sed_lan,256.26,4652.0,6434.0,20,21,68.63,0.94,20251031_012_pol_pro_Sed_lan_2025_11_Colorado2025_x004096_y006144
Unknown_Sample,20251031_012_pol_pro_Sed_lan_2025_11_Colorado2025.czi,Sed_lan,305.13,4312.0,6354.0,22,23,74.87,0.926,20251031_012_pol_pro_Sed_lan_2025_11_Colorado2025_x004096_y006144
Unknown_Sample,20251031_012_pol_pro_Sed_lan_2025_11_Colorado2025.czi,Sed_lan,257.03,4652.0,6434.0,20,21,69.8,0.939,20251031_012_pol_pro_Sed_lan_2025_11_Colorado2025_x004608_y006144
Unknown_Sample,20251031_012_pol_pro_Sed_lan_2025_11_Colorado2025.czi,Sed_lan,335.91,4772.0,6204.0,25,23,79.7,0.936,20251031_012_pol_pro_Sed_lan_2025_11_Colorado2025_x004608_y006144
Unknown_Sample,20251031_012_pol_pro_Sed_lan_2025_11_Colorado2025.czi,Sed_lan,273.19,5465.0,6663.0,23,21,72.28,0.921,20251031_012_pol_pro_Sed_lan_2025_11_Colorado2025_x005120_y006144
Unknown_Sample,20251031_012_pol_pro_Sed_lan_2025_11_Colorado2025.czi,Sed_lan,113.51,5484.0,6666.0,15,14,47.56,0.725,20251031_012_pol_pro_Sed_lan_2025_11_Colorado2025_x005120_y006144
Unknown_Sample,20251031_012_pol_pro_Sed_lan_2025_11_Colorado2025.czi,Sed_lan,292.05,6040.0,6238.0,22,22,72.87,0.955,20251031_012_pol_pro_Sed_lan_2025_11_Colorado2025_x005632_y006144
Unknown_Sample,20251031_012_pol_pro_Sed_lan_2025_11_Colorado2025.czi,Sed_lan,280.89,6199.0,6592.0,21,22,71.46,0.947,20251031_012_pol_pro_Sed_lan_2025_11_Colorado2025_x005632_y006144
Unknown_Sample,20251031_012_pol_pro_Sed_lan_2025_11_Colorado2025.czi,Sed_lan,280.89,6180.0,6699.0,22,21,71.46,0.941,20251031_012_pol_pro_Sed_lan_2025_11_Colorado2025_x005632_y006144
Unknown_Sample,20251031_012_pol_pro_Sed_lan_2025_11_Colorado2025.czi,Sed_lan,164.3,5917.0,6416.0,17,16,55.56,0.927,20251031_012_pol_pro_Sed_lan_2025_11_Colorado2025_x005632_y006144
Unknown_Sample,20251031_012_pol_pro_Sed_lan_2025_11_Colorado2025.czi,Sed_lan,277.42,6590.0,6295.0,21,22,72.04,0.95,20251031_012_pol_pro_Sed_lan_2025_11_Colorado2025_x006144_y006144
Unknown_Sample,20251031_012_pol_pro_Sed_lan_2025_11_Colorado2025.czi,Sed_lan,282.43,6199.0,6592.0,21,22,71.46,0.945,20251031_012_pol_pro_Sed_lan_2025_11_Colorado2025_x006144_y006144
Unknown_Sample,20251031_012_pol_pro_Sed_lan_2025_11_Colorado2025.czi,Sed_lan,280.89,6180.0,6699.0,22,21,71.46,0.94,20251031_012_pol_pro_Sed_lan_2025_11_Colorado2025_x006144_y006144
Unknown_Sample,20251031_012_pol_pro_Sed_lan_2025_11_Colorado2025.czi,Sed_lan,322.83,6962.0,6544.0,23,23,76.87,0.946,20251031_012_pol_pro_Sed_lan_2025_11_Colorado2025_x006656_y006144
Unknown_Sample,20251031_012_pol_pro_Sed_lan_2025_11_Colorado2025.czi,Sed_lan,230.87,7280.0,6775.0,22,16,68.49,0.882,20251031_012_pol_pro_Sed_lan_2025_11_Colorado2025_x006656_y006144
Unknown_Sample,20251031_012_pol_pro_Sed_lan_2025_11_Colorado2025.czi,Sed_lan,230.87,7280.0,6775.0,22,16,68.49,0.9,20251031_012_pol_pro_Sed_lan_2025_11_Colorado2025_x007168_y006144
Unknown_Sample,20251031_012_pol_pro_Sed_lan_2025_11_Colorado2025.czi,Sed_lan,239.33,7973.0,6247.0,19,21,66.63,0.943,20251031_012_pol_pro_Sed_lan_2025_11_Colorado2025_x007680_y006144
Unknown_Sample,20251031_012_pol_pro_Sed_lan_2025_11_Colorado2025.czi,Sed_lan,323.98,7925.0,6773.0,25,20,80.14,0.93,20251031_012_pol_pro_Sed_lan_2025_11_Colorado2025_x007680_y006144
Unknown_Sample,20251031_012_pol_pro_Sed_lan_2025_11_Colorado2025.czi,Sed_lan,298.59,8400.0,6332.0,20,24,75.8,0.944,20251031_012_pol_pro_Sed_lan_2025_11_Colorado2025_x008192_y006144
Unknown_Sample,20251031_012_pol_pro_Sed_lan_2025_11_Colorado2025.czi,Sed_lan,302.82,8557.0,6666.0,22,23,76.04,0.903,20251031_012_pol_pro_Sed_lan_2025_11_Colorado2025_x008192_y006144
Unknown_Sample,20251031_012_pol_pro_Sed_lan_2025_11_Colorado2025.czi,Sed_lan,313.21,8563.0,6646.0,24,22,78.63,0.901,20251031_012_pol_pro_Sed_lan_2025_11_Colorado2025_x008192_y006144
Unknown_Sample,20251031_012_pol_pro_Sed_lan_2025_11_Colorado2025.czi,Sed_lan,304.36,9257.0,6630.0,22,23,74.87,0.949,20251031_012_pol_pro_Sed_lan_2025_11_Colorado2025_x008704_y006144
Unknown_Sample,20251031_012_pol_pro_Sed_lan_2025_11_Colorado2025.czi,Sed_lan,200.08,9334.0,6161.0,17,19,62.14,0.917,20251031_012_pol_pro_Sed_lan_2025_11_Colorado2025_x008704_y006144
Unknown_Sample,20251031_012_pol_pro_Sed_lan_2025_11_Colorado2025.czi,Sed_lan,287.04,9682.0,6345.0,21,22,72.63,0.948,20251031_012_pol_pro_Sed_lan_2025_11_Colorado2025_x009216_y006144
Unknown_Sample,20251031_012_pol_pro_Sed_lan_2025_11_Colorado2025.czi,Sed_lan,304.36,9257.0,6630.0,22,23,74.87,0.948,20251031_012_pol_pro_Sed_lan_2025_11_Colorado2025_x009216_y006144
Unknown_Sample,20251031_012_pol_pro_Sed_lan_2025_11_Colorado2025.czi,Sed_lan,303.97,9516.0,6584.0,23,22,75.46,0.947,20251031_012_pol_pro_Sed_lan_2025_11_Colorado2025_x009216_y006144
Unknown_Sample,20251031_012_pol_pro_Sed_lan_2025_11_Colorado2025.czi,Sed_lan,195.47,9334.0,6161.0,17,19,60.97,0.947,20251031_012_pol_pro_Sed_lan_2025_11_Colorado2025_x009216_y006144
Unknown_Sample,20251031_012_pol_pro_Sed_lan_2025_11_Colorado2025.czi,Sed_lan,400.55,10267.0,6741.0,26,26,86.53,0.951,20251031_012_pol_pro_Sed_lan_2025_11_Colorado2025_x009728_y006144
Unknown_Sample,20251031_012_pol_pro_Sed_lan_2025_11_Colorado2025.czi,Sed_lan,327.44,9874.0,6722.0,24,22,79.21,0.947,20251031_012_pol_pro_Sed_lan_2025_11_Colorado2025_x009728_y006144
Unknown_Sample,20251031_012_pol_pro_Sed_lan_2025_11_Colorado2025.czi,Sed_lan,288.58,10166.0,6602.0,21,23,73.46,0.944,20251031_012_pol_pro_Sed_lan_2025_11_Colorado2025_x009728_y006144
Unknown_Sample,20251031_012_pol_pro_Sed_lan_2025_11_Colorado2025.czi,Sed_lan,167.76,10074.0,6563.0,16,17,56.14,0.935,20251031_012_pol_pro_Sed_lan_2025_11_Colorado2025_x009728_y006144
Unknown_Sample,20251031_012_pol_pro_Sed_lan_2025_11_Colorado2025.czi,Sed_lan,285.89,10692.0,6648.0,22,21,73.21,0.954,20251031_012_pol_pro_Sed_lan_2025_11_Colorado2025_x010240_y006144
Unknown_Sample,20251031_012_pol_pro_Sed_lan_2025_11_Colorado2025.czi,Sed_lan,332.83,10649.0,6323.0,24,23,77.7,0.952,20251031_012_pol_pro_Sed_lan_2025_11_Colorado2025_x010240_y006144
Unknown_Sample,20251031_012_pol_pro_Sed_lan_2025_11_Colorado2025.czi,Sed_lan,400.55,10267.0,6741.0,26,26,86.53,0.952,20251031_012_pol_pro_Sed_lan_2025_11_Colorado2025_x010240_y006144
Unknown_Sample,20251031_012_pol_pro_Sed_lan_2025_11_Colorado2025.czi,Sed_lan,361.69,10419.0,6363.0,24,24,81.46,0.949,20251031_012_pol_pro_Sed_lan_2025_11_Colorado2025_x010240_y006144
Unknown_Sample,20251031_012_pol_pro_Sed_lan_2025_11_Colorado2025.czi,Sed_lan,165.07,10435.0,6683.0,16,16,57.07,0.902,20251031_012_pol_pro_Sed_lan_2025_11_Colorado2025_x010240_y006144
Unknown_Sample,20251031_012_pol_pro_Sed_lan_2025_11_Colorado2025.czi,Sed_lan,380.93,10452.0,6695.0,26,26,84.77,0.902,20251031_012_pol_pro_Sed_lan_2025_11_Colorado2025_x010240_y006144
Unknown_Sample,20251031_012_pol_pro_Sed_lan_2025_11_Colorado2025.czi,Sed_lan,251.64,10997.0,6759.0,22,20,68.28,0.941,20251031_012_pol_pro_Sed_lan_2025_11_Colorado2025_x010752_y006144
Unknown_Sample,20251031_012_pol_pro_Sed_lan_2025_11_Colorado2025.czi,Sed_lan,143.91,11083.0,6519.0,16,15,53.31,0.934,20251031_012_pol_pro_Sed_lan_2025_11_Colorado2025_x010752_y006144
Unknown_Sample,20251031_012_pol_pro_Sed_lan_2025_11_Colorado2025.czi,Sed_lan,271.27,11382.0,6341.0,19,22,72.73,0.925,20251031_012_pol_pro_Sed_lan_2025_11_Colorado2025_x010752_y006144
Unknown_Sample,20251031_012_pol_pro_Sed_lan_2025_11_Colorado2025.czi,Sed_lan,289.74,11382.0,6341.0,22,22,74.04,0.949,20251031_012_pol_pro_Sed_lan_2025_11_Colorado2025_x011264_y006144
Unknown_Sample,20251031_012_pol_pro_Sed_lan_2025_11_Colorado2025.czi,Sed_lan,283.58,11535.0,6187.0,23,21,72.87,0.946,20251031_012_pol_pro_Sed_lan_2025_11_Colorado2025_x011264_y006144
Unknown_Sample,20251031_012_pol_pro_Sed_lan_2025_11_Colorado2025.czi,Sed_lan,267.8,11843.0,6555.0,21,21,69.46,0.94,20251031_012_pol_pro_Sed_lan_2025_11_Colorado2025_x011264_y006144
Unknown_Sample,20251031_012_pol_pro_Sed_lan_2025_11_Colorado2025.czi,Sed_lan,305.13,11557.0,6750.0,23,23,75.7,0.921,20251031_012_pol_pro_Sed_lan_2025_11_Colorado2025_x011264_y006144
Unknown_Sample,20251031_012_pol_pro_Sed_lan_2025_11_Colorado2025.czi,Sed_lan,271.65,11546.0,6769.0,21,22,70.28,0.9,20251031_012_pol_pro_Sed_lan_2025_11_Colorado2025_x011264_y006144
Unknown_Sample,20251031_012_pol_pro_Sed_lan_2025_11_Colorado2025.czi,Sed_lan,270.88,11843.0,6555.0,21,21,69.46,0.938,20251031_012_pol_pro_Sed_lan_2025_11_Colorado2025_x011776_y006144
Unknown_Sample,20251031_012_pol_pro_Sed_lan_2025_11_Colorado2025.czi,Sed_lan,199.7,12519.0,6151.0,21,16,63.56,0.953,20251031_012_pol_pro_Sed_lan_2025_11_Colorado2025_x012288_y006144
Unknown_Sample,20251031_012_pol_pro_Sed_lan_2025_11_Colorado2025.czi,Sed_lan,194.7,12768.0,6745.0,16,21,61.8,0.925,20251031_012_pol_pro_Sed_lan_2025_11_Colorado2025_x012288_y006144
Unknown_Sample,20251031_012_pol_pro_Sed_lan_2025_11_Colorado2025.czi,Sed_lan,292.43,13143.0,6492.0,22,23,74.28,0.947,20251031_012_pol_pro_Sed_lan_2025_11_Colorado2025_x012800_y006144
Unknown_Sample,20251031_012_pol_pro_Sed_lan_2025_11_Colorado2025.czi,Sed_lan,589.48,13906.0,6755.0,31,31,104.77,0.965,20251031_012_pol_pro_Sed_lan_2025_11_Colorado2025_x013312_y006144
Unknown_Sample,20251031_012_pol_pro_Sed_lan_2025_11_Colorado2025.czi,Sed_lan,270.88,13498.0,6240.0,21,21,71.8,0.95,20251031_012_pol_pro_Sed_lan_2025_11_Colorado2025_x013312_y006144
Unknown_Sample,20251031_012_pol_pro_Sed_lan_2025_11_Colorado2025.czi,Sed_lan,255.11,13574.0,6420.0,21,20,68.04,0.942,20251031_012_pol_pro_Sed_lan_2025_11_Colorado2025_x013312_y006144
Unknown_Sample,20251031_012_pol_pro_Sed_lan_2025_11_Colorado2025.czi,Sed_lan,168.15,13922.0,6687.0,18,16,57.56,0.938,20251031_012_pol_pro_Sed_lan_2025_11_Colorado2025_x013312_y006144
Unknown_Sample,20251031_012_pol_pro_Sed_lan_2025_11_Colorado2025.czi,Sed_lan,186.62,13773.0,6740.0,17,18,59.56,0.937,20251031_012_pol_pro_Sed_lan_2025_11_Colorado2025_x013312_y006144
Unknown_Sample,20251031_012_pol_pro_Sed_lan_2025_11_Colorado2025.czi,Sed_lan,590.63,13906.0,6755.0,31,31,104.18,0.965,20251031_012_pol_pro_Sed_lan_2025_11_Colorado2025_x013824_y006144
Unknown_Sample,20251031_012_pol_pro_Sed_lan_2025_11_Colorado2025.czi,Sed_lan,254.72,14023.0,6318.0,21,21,68.28,0.952,20251031_012_pol_pro_Sed_lan_2025_11_Colorado2025_x013824_y006144
Unknown_Sample,20251031_012_pol_pro_Sed_lan_2025_11_Colorado2025.czi,Sed_lan,358.23,14035.0,6290.0,23,25,80.87,0.95,20251031_012_pol_pro_Sed_lan_2025_11_Colorado2025_x013824_y006144
Unknown_Sample,20251031_012_pol_pro_Sed_lan_2025_11_Colorado2025.czi,Sed_lan,277.42,13957.0,6568.0,21,21,73.56,0.949,20251031_012_pol_pro_Sed_lan_2025_11_Colorado2025_x013824_y006144
Unknown_Sample,20251031_012_pol_pro_Sed_lan_2025_11_Colorado2025.czi,Sed_lan,322.83,14205.0,6612.0,23,24,78.87,0.944,20251031_012_pol_pro_Sed_lan_2025_11_Colorado2025_x013824_y006144
Unknown_Sample,20251031_012_pol_pro_Sed_lan_2025_11_Colorado2025.czi,Sed_lan,168.15,13922.0,6687.0,18,16,57.56,0.938,20251031_012_pol_pro_Sed_lan_2025_11_Colorado2025_x013824_y006144
Unknown_Sample,20251031_012_pol_pro_Sed_lan_2025_11_Colorado2025.czi,Sed_lan,238.95,14155.0,6773.0,21,19,67.21,0.908,20251031_012_pol_pro_Sed_lan_2025_11_Colorado2025_x013824_y006144
Unknown_Sample,20251031_012_pol_pro_Sed_lan_2025_11_Colorado2025.czi,Sed_lan,320.9,14484.0,6335.0,23,23,76.28,0.953,20251031_012_pol_pro_Sed_lan_2025_11_Colorado2025_x014336_y006144
Unknown_Sample,20251031_012_pol_pro_Sed_lan_2025_11_Colorado2025.czi,Sed_lan,323.21,14725.0,6731.0,23,23,77.46,0.944,20251031_012_pol_pro_Sed_lan_2025_11_Colorado2025_x014336_y006144
Unknown_Sample,20251031_012_pol_pro_Sed_lan_2025_11_Colorado2025.czi,Sed_lan,262.03,14788.0,6556.0,21,21,70.04,0.934,20251031_012_pol_pro_Sed_lan_2025_11_Colorado2025_x014336_y006144
Unknown_Sample,20251031_012_pol_pro_Sed_lan_2025_11_Colorado2025.czi,Sed_lan,303.59,15044.0,6621.0,22,23,76.04,0.948,20251031_012_pol_pro_Sed_lan_2025_11_Colorado2025_x014848_y006144
Unknown_Sample,20251031_012_pol_pro_Sed_lan_2025_11_Colorado2025.czi,Sed_lan,298.59,15091.0,6644.0,22,22,73.46,0.944,20251031_012_pol_pro_Sed_lan_2025_11_Colorado2025_x014848_y006144
Unknown_Sample,20251031_012_pol_pro_Sed_lan_2025_11_Colorado2025.czi,Sed_lan,175.07,15693.0,6150.0,22,14,61.56,0.947,20251031_012_pol_pro_Sed_lan_2025_11_Colorado2025_x015360_y006144
Unknown_Sample,20251031_012_pol_pro_Sed_lan_2025_11_Colorado2025.czi,Sed_lan,276.27,16041.0,6531.0,22,21,72.63,0.943,20251031_012_pol_pro_Sed_lan_2025_11_Colorado2025_x015872_y006144
Unknown_Sample,20251031_012_pol_pro_Sed_lan_2025_11_Colorado2025.czi,Sed_lan,258.95,16400.0,6638.0,23,20,70.87,0.923,20251031_012_pol_pro_Sed_lan_2025_11_Colorado2025_x015872_y006144
Unknown_Sample,20251031_012_pol_pro_Sed_lan_2025_11_Colorado2025.czi,Sed_lan,271.27,16123.0,6525.0,21,22,70.87,0.904,20251031_012_pol_pro_Sed_lan_2025_11_Colorado2025_x015872_y006144
Unknown_Sample,20251031_012_pol_pro_Sed_lan_2025_11_Colorado2025.czi,Sed_lan,265.88,16229.0,6602.0,22,20,71.21,0.895,20251031_012_pol_pro_Sed_lan_2025_11_Colorado2025_x015872_y006144
Unknown_Sample,20251031_012_pol_pro_Sed_lan_2025_11_Colorado2025.czi,Sed_lan,228.17,16125.0,6505.0,19,19,65.56,0.871,20251031_012_pol_pro_Sed_lan_2025_11_Colorado2025_x015872_y006144
Unknown_Sample,20251031_012_pol_pro_Sed_lan_2025_11_Colorado2025.czi,Sed_lan,249.34,16400.0,6638.0,23,20,70.28,0.887,20251031_012_pol_pro_Sed_lan_2025_11_Colorado2025_x016384_y006144
Unknown_Sample,20251031_012_pol_pro_Sed_lan_2025_11_Colorado2025.czi,Sed_lan,244.72,609.0,6898.0,21,20,67.46,0.94,20251031_012_pol_pro_Sed_lan_2025_11_Colorado2025_x000000_y006656
Unknown_Sample,20251031_012_pol_pro_Sed_lan_2025_11_Colorado2025.czi,Sed_lan,233.56,443.0,7228.0,20,19,66.38,0.928,20251031_012_pol_pro_Sed_lan_2025_11_Colorado2025_x000000_y006656
Unknown_Sample,20251031_012_pol_pro_Sed_lan_2025_11_Colorado2025.czi,Sed_lan,302.82,168.0,7266.0,22,22,75.21,0.884,20251031_012_pol_pro_Sed_lan_2025_11_Colorado2025_x000000_y006656
Unknown_Sample,20251031_012_pol_pro_Sed_lan_2025_11_Colorado2025.czi,Sed_lan,239.33,663.0,6782.0,20,20,66.63,0.938,20251031_012_pol_pro_Sed_lan_2025_11_Colorado2025_x000512_y006656
Unknown_Sample,20251031_012_pol_pro_Sed_lan_2025_11_Colorado2025.czi,Sed_lan,244.72,609.0,6898.0,21,20,67.46,0.937,20251031_012_pol_pro_Sed_lan_2025_11_Colorado2025_x000512_y006656
Unknown_Sample,20251031_012_pol_pro_Sed_lan_2025_11_Colorado2025.czi,Sed_lan,124.67,1085.0,7248.0,14,16,50.14,0.893,20251031_012_pol_pro_Sed_lan_2025_11_Colorado2025_x000512_y006656
Unknown_Sample,20251031_012_pol_pro_Sed_lan_2025_11_Colorado2025.czi,Sed_lan,133.52,1085.0,7248.0,14,17,51.56,0.886,20251031_012_pol_pro_Sed_lan_2025_11_Colorado2025_x001024_y006656
Unknown_Sample,20251031_012_pol_pro_Sed_lan_2025_11_Colorado2025.czi,Sed_lan,188.54,1989.0,6801.0,17,18,60.14,0.939,20251031_012_pol_pro_Sed_lan_2025_11_Colorado2025_x001536_y006656
Unknown_Sample,20251031_012_pol_pro_Sed_lan_2025_11_Colorado2025.czi,Sed_lan,281.27,1686.0,6818.0,22,21,73.21,0.937,20251031_012_pol_pro_Sed_lan_2025_11_Colorado2025_x001536_y006656
Unknown_Sample,20251031_012_pol_pro_Sed_lan_2025_11_Colorado2025.czi,Sed_lan,166.99,1975.0,7226.0,19,15,58.14,0.932,20251031_012_pol_pro_Sed_lan_2025_11_Colorado2025_x001536_y006656
Unknown_Sample,20251031_012_pol_pro_Sed_lan_2025_11_Colorado2025.czi,Sed_lan,266.65,3976.0,7270.0,22,21,70.87,0.944,20251031_012_pol_pro_Sed_lan_2025_11_Colorado2025_x003584_y006656
Unknown_Sample,20251031_012_pol_pro_Sed_lan_2025_11_Colorado2025.czi,Sed_lan,333.6,4105.0,7030.0,23,24,78.87,0.941,20251031_012_pol_pro_Sed_lan_2025_11_Colorado2025_x003584_y006656
Unknown_Sample,20251031_012_pol_pro_Sed_lan_2025_11_Colorado2025.czi,Sed_lan,210.47,4141.0,6906.0,18,19,62.38,0.94,20251031_012_pol_pro_Sed_lan_2025_11_Colorado2025_x003584_y006656
Unknown_Sample,20251031_012_pol_pro_Sed_lan_2025_11_Colorado2025.czi,Sed_lan,183.54,4155.0,6785.0,19,16,59.56,0.927,20251031_012_pol_pro_Sed_lan_2025_11_Colorado2025_x003584_y006656
Unknown_Sample,20251031_012_pol_pro_Sed_lan_2025_11_Colorado2025.czi,Sed_lan,146.22,3961.0,6717.0,15,16,52.14,0.921,20251031_012_pol_pro_Sed_lan_2025_11_Colorado2025_x003584_y006656
Unknown_Sample,20251031_012_pol_pro_Sed_lan_2025_11_Colorado2025.czi,Sed_lan,286.66,4510.0,7263.0,21,22,73.21,0.951,20251031_012_pol_pro_Sed_lan_2025_11_Colorado2025_x004096_y006656
Unknown_Sample,20251031_012_pol_pro_Sed_lan_2025_11_Colorado2025.czi,Sed_lan,313.21,4106.0,7030.0,21,24,76.63,0.946,20251031_012_pol_pro_Sed_lan_2025_11_Colorado2025_x004096_y006656
Unknown_Sample,20251031_012_pol_pro_Sed_lan_2025_11_Colorado2025.czi,Sed_lan,217.4,4228.0,6959.0,18,20,64.38,0.94,20251031_012_pol_pro_Sed_lan_2025_11_Colorado2025_x004096_y006656
Unknown_Sample,20251031_012_pol_pro_Sed_lan_2025_11_Colorado2025.czi,Sed_lan,211.24,4141.0,6906.0,18,19,62.38,0.939,20251031_012_pol_pro_Sed_lan_2025_11_Colorado2025_x004096_y006656
Unknown_Sample,20251031_012_pol_pro_Sed_lan_2025_11_Colorado2025.czi,Sed_lan,185.08,4155.0,6785.0,19,16,59.56,0.926,20251031_012_pol_pro_Sed_lan_2025_11_Colorado2025_x004096_y006656
Unknown_Sample,20251031_012_pol_pro_Sed_lan_2025_11_Colorado2025.czi,Sed_lan,207.39,4926.0,7169.0,18,19,63.56,0.949,20251031_012_pol_pro_Sed_lan_2025_11_Colorado2025_x004608_y006656
Unknown_Sample,20251031_012_pol_pro_Sed_lan_2025_11_Colorado2025.czi,Sed_lan,291.66,5702.0,7035.0,22,22,74.63,0.945,20251031_012_pol_pro_Sed_lan_2025_11_Colorado2025_x005120_y006656
Unknown_Sample,20251031_012_pol_pro_Sed_lan_2025_11_Colorado2025.czi,Sed_lan,240.87,5466.0,6664.0,23,18,69.8,0.931,20251031_012_pol_pro_Sed_lan_2025_11_Colorado2025_x005120_y006656
Unknown_Sample,20251031_012_pol_pro_Sed_lan_2025_11_Colorado2025.czi,Sed_lan,141.6,5501.0,7174.0,15,16,52.14,0.92,20251031_012_pol_pro_Sed_lan_2025_11_Colorado2025_x005120_y006656
Unknown_Sample,20251031_012_pol_pro_Sed_lan_2025_11_Colorado2025.czi,Sed_lan,115.43,5484.0,6666.0,15,14,48.14,0.68,20251031_012_pol_pro_Sed_lan_2025_11_Colorado2025_x005120_y006656
Unknown_Sample,20251031_012_pol_pro_Sed_lan_2025_11_Colorado2025.czi,Sed_lan,311.28,5952.0,6951.0,22,23,74.87,0.955,20251031_012_pol_pro_Sed_lan_2025_11_Colorado2025_x005632_y006656
Unknown_Sample,20251031_012_pol_pro_Sed_lan_2025_11_Colorado2025.czi,Sed_lan,381.7,5806.0,7044.0,25,25,84.28,0.953,20251031_012_pol_pro_Sed_lan_2025_11_Colorado2025_x005632_y006656
Unknown_Sample,20251031_012_pol_pro_Sed_lan_2025_11_Colorado2025.czi,Sed_lan,290.89,5702.0,7035.0,22,22,74.63,0.946,20251031_012_pol_pro_Sed_lan_2025_11_Colorado2025_x005632_y006656
Unknown_Sample,20251031_012_pol_pro_Sed_lan_2025_11_Colorado2025.czi,Sed_lan,280.89,6180.0,6699.0,22,21,71.46,0.94,20251031_012_pol_pro_Sed_lan_2025_11_Colorado2025_x005632_y006656
Unknown_Sample,20251031_012_pol_pro_Sed_lan_2025_11_Colorado2025.czi,Sed_lan,187.77,5902.0,7069.0,18,17,58.97,0.896,20251031_012_pol_pro_Sed_lan_2025_11_Colorado2025_x005632_y006656
Unknown_Sample,20251031_012_pol_pro_Sed_lan_2025_11_Colorado2025.czi,Sed_lan,331.68,5917.0,7081.0,25,25,79.6,0.885,20251031_012_pol_pro_Sed_lan_2025_11_Colorado2025_x005632_y006656
Unknown_Sample,20251031_012_pol_pro_Sed_lan_2025_11_Colorado2025.czi,Sed_lan,359.77,6696.0,7088.0,24,25,81.7,0.956,20251031_012_pol_pro_Sed_lan_2025_11_Colorado2025_x006144_y006656
Unknown_Sample,20251031_012_pol_pro_Sed_lan_2025_11_Colorado2025.czi,Sed_lan,395.17,6521.0,6962.0,26,25,85.7,0.955,20251031_012_pol_pro_Sed_lan_2025_11_Colorado2025_x006144_y006656
Unknown_Sample,20251031_012_pol_pro_Sed_lan_2025_11_Colorado2025.czi,Sed_lan,340.53,6592.0,6941.0,24,23,80.04,0.952,20251031_012_pol_pro_Sed_lan_2025_11_Colorado2025_x006144_y006656
Unknown_Sample,20251031_012_pol_pro_Sed_lan_2025_11_Colorado2025.czi,Sed_lan,280.89,6180.0,6699.0,22,21,71.46,0.94,20251031_012_pol_pro_Sed_lan_2025_11_Colorado2025_x006144_y006656
Unknown_Sample,20251031_012_pol_pro_Sed_lan_2025_11_Colorado2025.czi,Sed_lan,362.46,6696.0,7088.0,24,25,81.11,0.955,20251031_012_pol_pro_Sed_lan_2025_11_Colorado2025_x006656_y006656
Unknown_Sample,20251031_012_pol_pro_Sed_lan_2025_11_Colorado2025.czi,Sed_lan,326.29,7280.0,6778.0,22,24,77.46,0.933,20251031_012_pol_pro_Sed_lan_2025_11_Colorado2025_x006656_y006656
Unknown_Sample,20251031_012_pol_pro_Sed_lan_2025_11_Colorado2025.czi,Sed_lan,321.67,7565.0,6860.0,23,24,77.11,0.948,20251031_012_pol_pro_Sed_lan_2025_11_Colorado2025_x007168_y006656
Unknown_Sample,20251031_012_pol_pro_Sed_lan_2025_11_Colorado2025.czi,Sed_lan,335.14,7353.0,7029.0,23,23,78.04,0.947,20251031_012_pol_pro_Sed_lan_2025_11_Colorado2025_x007168_y006656
Unknown_Sample,20251031_012_pol_pro_Sed_lan_2025_11_Colorado2025.czi,Sed_lan,316.29,7280.0,6778.0,22,23,76.63,0.939,20251031_012_pol_pro_Sed_lan_2025_11_Colorado2025_x007168_y006656
Unknown_Sample,20251031_012_pol_pro_Sed_lan_2025_11_Colorado2025.czi,Sed_lan,368.62,7925.0,6775.0,25,24,82.28,0.956,20251031_012_pol_pro_Sed_lan_2025_11_Colorado2025_x007680_y006656
Unknown_Sample,20251031_012_pol_pro_Sed_lan_2025_11_Colorado2025.czi,Sed_lan,328.98,8611.0,7234.0,24,23,78.87,0.949,20251031_012_pol_pro_Sed_lan_2025_11_Colorado2025_x008192_y006656
Unknown_Sample,20251031_012_pol_pro_Sed_lan_2025_11_Colorado2025.czi,Sed_lan,359.77,8666.0,7213.0,24,26,82.53,0.943,20251031_012_pol_pro_Sed_lan_2025_11_Colorado2025_x008192_y006656
Unknown_Sample,20251031_012_pol_pro_Sed_lan_2025_11_Colorado2025.czi,Sed_lan,302.05,8557.0,6667.0,22,22,75.21,0.936,20251031_012_pol_pro_Sed_lan_2025_11_Colorado2025_x008192_y006656
Unknown_Sample,20251031_012_pol_pro_Sed_lan_2025_11_Colorado2025.czi,Sed_lan,341.3,9268.0,6977.0,23,24,80.04,0.935,20251031_012_pol_pro_Sed_lan_2025_11_Colorado2025_x008704_y006656
Unknown_Sample,20251031_012_pol_pro_Sed_lan_2025_11_Colorado2025.czi,Sed_lan,350.92,9762.0,6919.0,24,25,81.11,0.948,20251031_012_pol_pro_Sed_lan_2025_11_Colorado2025_x009216_y006656
Unknown_Sample,20251031_012_pol_pro_Sed_lan_2025_11_Colorado2025.czi,Sed_lan,338.6,9268.0,6977.0,23,24,79.46,0.937,20251031_012_pol_pro_Sed_lan_2025_11_Colorado2025_x009216_y006656
Unknown_Sample,20251031_012_pol_pro_Sed_lan_2025_11_Colorado2025.czi,Sed_lan,400.55,10267.0,6741.0,26,26,86.53,0.952,20251031_012_pol_pro_Sed_lan_2025_11_Colorado2025_x009728_y006656
Unknown_Sample,20251031_012_pol_pro_Sed_lan_2025_11_Colorado2025.czi,Sed_lan,350.92,9762.0,6919.0,24,25,81.11,0.948,20251031_012_pol_pro_Sed_lan_2025_11_Colorado2025_x009728_y006656
Unknown_Sample,20251031_012_pol_pro_Sed_lan_2025_11_Colorado2025.czi,Sed_lan,327.44,9874.0,6722.0,24,22,79.21,0.948,20251031_012_pol_pro_Sed_lan_2025_11_Colorado2025_x009728_y006656
Unknown_Sample,20251031_012_pol_pro_Sed_lan_2025_11_Colorado2025.czi,Sed_lan,319.36,10125.0,6827.0,23,23,77.46,0.945,20251031_012_pol_pro_Sed_lan_2025_11_Colorado2025_x009728_y006656
Unknown_Sample,20251031_012_pol_pro_Sed_lan_2025_11_Colorado2025.czi,Sed_lan,400.55,10267.0,6741.0,26,26,86.53,0.952,20251031_012_pol_pro_Sed_lan_2025_11_Colorado2025_x010240_y006656
Unknown_Sample,20251031_012_pol_pro_Sed_lan_2025_11_Colorado2025.czi,Sed_lan,322.83,10793.0,7181.0,23,23,78.04,0.947,20251031_012_pol_pro_Sed_lan_2025_11_Colorado2025_x010240_y006656
Unknown_Sample,20251031_012_pol_pro_Sed_lan_2025_11_Colorado2025.czi,Sed_lan,332.83,10717.0,7267.0,26,23,78.18,0.938,20251031_012_pol_pro_Sed_lan_2025_11_Colorado2025_x010240_y006656
Unknown_Sample,20251031_012_pol_pro_Sed_lan_2025_11_Colorado2025.czi,Sed_lan,141.21,10503.0,7232.0,16,15,52.73,0.931,20251031_012_pol_pro_Sed_lan_2025_11_Colorado2025_x010240_y006656
Unknown_Sample,20251031_012_pol_pro_Sed_lan_2025_11_Colorado2025.czi,Sed_lan,381.31,10452.0,6695.0,26,26,85.36,0.902,20251031_012_pol_pro_Sed_lan_2025_11_Colorado2025_x010240_y006656
Unknown_Sample,20251031_012_pol_pro_Sed_lan_2025_11_Colorado2025.czi,Sed_lan,165.45,10435.0,6683.0,16,16,56.49,0.9,20251031_012_pol_pro_Sed_lan_2025_11_Colorado2025_x010240_y006656
Unknown_Sample,20251031_012_pol_pro_Sed_lan_2025_11_Colorado2025.czi,Sed_lan,323.6,10793.0,7181.0,23,23,78.04,0.946,20251031_012_pol_pro_Sed_lan_2025_11_Colorado2025_x010752_y006656
Unknown_Sample,20251031_012_pol_pro_Sed_lan_2025_11_Colorado2025.czi,Sed_lan,276.65,11376.0,6995.0,22,21,70.87,0.943,20251031_012_pol_pro_Sed_lan_2025_11_Colorado2025_x010752_y006656
Unknown_Sample,20251031_012_pol_pro_Sed_lan_2025_11_Colorado2025.czi,Sed_lan,252.41,10997.0,6759.0,22,20,68.28,0.941,20251031_012_pol_pro_Sed_lan_2025_11_Colorado2025_x010752_y006656
Unknown_Sample,20251031_012_pol_pro_Sed_lan_2025_11_Colorado2025.czi,Sed_lan,276.65,11375.0,6995.0,22,21,70.87,0.945,20251031_012_pol_pro_Sed_lan_2025_11_Colorado2025_x011264_y006656
Unknown_Sample,20251031_012_pol_pro_Sed_lan_2025_11_Colorado2025.czi,Sed_lan,307.82,11557.0,6750.0,23,23,76.28,0.921,20251031_012_pol_pro_Sed_lan_2025_11_Colorado2025_x011264_y006656
Unknown_Sample,20251031_012_pol_pro_Sed_lan_2025_11_Colorado2025.czi,Sed_lan,269.34,11546.0,6769.0,21,22,70.28,0.903,20251031_012_pol_pro_Sed_lan_2025_11_Colorado2025_x011264_y006656
Unknown_Sample,20251031_012_pol_pro_Sed_lan_2025_11_Colorado2025.czi,Sed_lan,313.98,12105.0,6916.0,24,22,76.28,0.948,20251031_012_pol_pro_Sed_lan_2025_11_Colorado2025_x011776_y006656
Unknown_Sample,20251031_012_pol_pro_Sed_lan_2025_11_Colorado2025.czi,Sed_lan,280.5,12031.0,6852.0,22,21,72.04,0.941,20251031_012_pol_pro_Sed_lan_2025_11_Colorado2025_x011776_y006656
Unknown_Sample,20251031_012_pol_pro_Sed_lan_2025_11_Colorado2025.czi,Sed_lan,273.58,12198.0,6980.0,21,23,71.7,0.939,20251031_012_pol_pro_Sed_lan_2025_11_Colorado2025_x011776_y006656
Unknown_Sample,20251031_012_pol_pro_Sed_lan_2025_11_Colorado2025.czi,Sed_lan,193.16,12768.0,6745.0,16,21,61.8,0.927,20251031_012_pol_pro_Sed_lan_2025_11_Colorado2025_x012288_y006656
Unknown_Sample,20251031_012_pol_pro_Sed_lan_2025_11_Colorado2025.czi,Sed_lan,324.37,13002.0,6959.0,23,23,76.87,0.953,20251031_012_pol_pro_Sed_lan_2025_11_Colorado2025_x012800_y006656
Unknown_Sample,20251031_012_pol_pro_Sed_lan_2025_11_Colorado2025.czi,Sed_lan,588.32,13906.0,6755.0,31,31,104.18,0.965,20251031_012_pol_pro_Sed_lan_2025_11_Colorado2025_x013312_y006656
Unknown_Sample,20251031_012_pol_pro_Sed_lan_2025_11_Colorado2025.czi,Sed_lan,168.15,13922.0,6687.0,18,16,57.56,0.938,20251031_012_pol_pro_Sed_lan_2025_11_Colorado2025_x013312_y006656
Unknown_Sample,20251031_012_pol_pro_Sed_lan_2025_11_Colorado2025.czi,Sed_lan,186.62,13773.0,6740.0,17,18,59.56,0.937,20251031_012_pol_pro_Sed_lan_2025_11_Colorado2025_x013312_y006656
Unknown_Sample,20251031_012_pol_pro_Sed_lan_2025_11_Colorado2025.czi,Sed_lan,588.32,13906.0,6755.0,31,31,104.18,0.965,20251031_012_pol_pro_Sed_lan_2025_11_Colorado2025_x013824_y006656
Unknown_Sample,20251031_012_pol_pro_Sed_lan_2025_11_Colorado2025.czi,Sed_lan,262.42,14266.0,6829.0,21,20,70.97,0.946,20251031_012_pol_pro_Sed_lan_2025_11_Colorado2025_x013824_y006656
Unknown_Sample,20251031_012_pol_pro_Sed_lan_2025_11_Colorado2025.czi,Sed_lan,242.79,14227.0,6991.0,20,20,67.21,0.942,20251031_012_pol_pro_Sed_lan_2025_11_Colorado2025_x013824_y006656
Unknown_Sample,20251031_012_pol_pro_Sed_lan_2025_11_Colorado2025.czi,Sed_lan,168.15,13922.0,6687.0,18,16,57.56,0.938,20251031_012_pol_pro_Sed_lan_2025_11_Colorado2025_x013824_y006656
Unknown_Sample,20251031_012_pol_pro_Sed_lan_2025_11_Colorado2025.czi,Sed_lan,227.4,14155.0,6773.0,20,19,65.21,0.935,20251031_012_pol_pro_Sed_lan_2025_11_Colorado2025_x013824_y006656
Unknown_Sample,20251031_012_pol_pro_Sed_lan_2025_11_Colorado2025.czi,Sed_lan,325.91,14725.0,6731.0,23,24,77.7,0.945,20251031_012_pol_pro_Sed_lan_2025_11_Colorado2025_x014336_y006656
Unknown_Sample,20251031_012_pol_pro_Sed_lan_2025_11_Colorado2025.czi,Sed_lan,131.98,14497.0,7282.0,15,15,50.73,0.917,20251031_012_pol_pro_Sed_lan_2025_11_Colorado2025_x014336_y006656
Unknown_Sample,20251031_012_pol_pro_Sed_lan_2025_11_Colorado2025.czi,Sed_lan,331.68,15600.0,7252.0,23,24,78.28,0.95,20251031_012_pol_pro_Sed_lan_2025_11_Colorado2025_x015360_y006656
Unknown_Sample,20251031_012_pol_pro_Sed_lan_2025_11_Colorado2025.czi,Sed_lan,254.34,15761.0,7029.0,21,20,69.21,0.946,20251031_012_pol_pro_Sed_lan_2025_11_Colorado2025_x015360_y006656
Unknown_Sample,20251031_012_pol_pro_Sed_lan_2025_11_Colorado2025.czi,Sed_lan,200.85,15992.0,7014.0,14,23,66.49,0.866,20251031_012_pol_pro_Sed_lan_2025_11_Colorado2025_x015360_y006656
Unknown_Sample,20251031_012_pol_pro_Sed_lan_2025_11_Colorado2025.czi,Sed_lan,278.19,16207.0,7247.0,21,22,72.04,0.948,20251031_012_pol_pro_Sed_lan_2025_11_Colorado2025_x015872_y006656
Unknown_Sample,20251031_012_pol_pro_Sed_lan_2025_11_Colorado2025.czi,Sed_lan,277.04,16418.0,6956.0,22,21,71.46,0.937,20251031_012_pol_pro_Sed_lan_2025_11_Colorado2025_x015872_y006656
Unknown_Sample,20251031_012_pol_pro_Sed_lan_2025_11_Colorado2025.czi,Sed_lan,342.84,15997.0,7014.0,25,23,80.87,0.907,20251031_012_pol_pro_Sed_lan_2025_11_Colorado2025_x015872_y006656
Unknown_Sample,20251031_012_pol_pro_Sed_lan_2025_11_Colorado2025.czi,Sed_lan,267.8,16418.0,6956.0,21,21,70.63,0.924,20251031_012_pol_pro_Sed_lan_2025_11_Colorado2025_x016384_y006656
Unknown_Sample,20251031_012_pol_pro_Sed_lan_2025_11_Colorado2025.czi,Sed_lan,292.05,422.0,7337.0,21,23,74.04,0.94,20251031_012_pol_pro_Sed_lan_2025_11_Colorado2025_x000000_y007168
Unknown_Sample,20251031_012_pol_pro_Sed_lan_2025_11_Colorado2025.czi,Sed_lan,295.51,367.0,7462.0,22,22,74.63,0.935,20251031_012_pol_pro_Sed_lan_2025_11_Colorado2025_x000000_y007168
Unknown_Sample,20251031_012_pol_pro_Sed_lan_2025_11_Colorado2025.czi,Sed_lan,236.25,443.0,7228.0,20,19,66.97,0.928,20251031_012_pol_pro_Sed_lan_2025_11_Colorado2025_x000000_y007168
Unknown_Sample,20251031_012_pol_pro_Sed_lan_2025_11_Colorado2025.czi,Sed_lan,269.73,173.0,7458.0,22,20,71.21,0.914,20251031_012_pol_pro_Sed_lan_2025_11_Colorado2025_x000000_y007168
Unknown_Sample,20251031_012_pol_pro_Sed_lan_2025_11_Colorado2025.czi,Sed_lan,173.53,461.0,7415.0,17,17,57.56,0.909,20251031_012_pol_pro_Sed_lan_2025_11_Colorado2025_x000000_y007168
Unknown_Sample,20251031_012_pol_pro_Sed_lan_2025_11_Colorado2025.czi,Sed_lan,337.83,168.0,7266.0,24,23,79.46,0.903,20251031_012_pol_pro_Sed_lan_2025_11_Colorado2025_x000000_y007168
Unknown_Sample,20251031_012_pol_pro_Sed_lan_2025_11_Colorado2025.czi,Sed_lan,235.87,1001.0,7633.0,20,20,67.21,0.935,20251031_012_pol_pro_Sed_lan_2025_11_Colorado2025_x000512_y007168
Unknown_Sample,20251031_012_pol_pro_Sed_lan_2025_11_Colorado2025.czi,Sed_lan,131.98,1085.0,7248.0,14,17,51.56,0.897,20251031_012_pol_pro_Sed_lan_2025_11_Colorado2025_x000512_y007168
Unknown_Sample,20251031_012_pol_pro_Sed_lan_2025_11_Colorado2025.czi,Sed_lan,130.44,1032.0,7398.0,15,15,50.73,0.79,20251031_012_pol_pro_Sed_lan_2025_11_Colorado2025_x000512_y007168
Unknown_Sample,20251031_012_pol_pro_Sed_lan_2025_11_Colorado2025.czi,Sed_lan,260.49,1205.0,7702.0,21,21,70.04,0.927,20251031_012_pol_pro_Sed_lan_2025_11_Colorado2025_x001024_y007168
Unknown_Sample,20251031_012_pol_pro_Sed_lan_2025_11_Colorado2025.czi,Sed_lan,133.52,1085.0,7248.0,14,17,51.56,0.885,20251031_012_pol_pro_Sed_lan_2025_11_Colorado2025_x001024_y007168
Unknown_Sample,20251031_012_pol_pro_Sed_lan_2025_11_Colorado2025.czi,Sed_lan,129.67,1032.0,7398.0,15,15,50.73,0.592,20251031_012_pol_pro_Sed_lan_2025_11_Colorado2025_x001024_y007168
Unknown_Sample,20251031_012_pol_pro_Sed_lan_2025_11_Colorado2025.czi,Sed_lan,275.5,1769.0,7424.0,21,21,70.63,0.94,20251031_012_pol_pro_Sed_lan_2025_11_Colorado2025_x001536_y007168
Unknown_Sample,20251031_012_pol_pro_Sed_lan_2025_11_Colorado2025.czi,Sed_lan,189.31,1867.0,7438.0,17,19,59.8,0.939,20251031_012_pol_pro_Sed_lan_2025_11_Colorado2025_x001536_y007168
Unknown_Sample,20251031_012_pol_pro_Sed_lan_2025_11_Colorado2025.czi,Sed_lan,166.22,1975.0,7226.0,19,15,58.14,0.932,20251031_012_pol_pro_Sed_lan_2025_11_Colorado2025_x001536_y007168
Unknown_Sample,20251031_012_pol_pro_Sed_lan_2025_11_Colorado2025.czi,Sed_lan,215.47,2167.0,7698.0,16,21,66.49,0.889,20251031_012_pol_pro_Sed_lan_2025_11_Colorado2025_x001536_y007168
Unknown_Sample,20251031_012_pol_pro_Sed_lan_2025_11_Colorado2025.czi,Sed_lan,145.06,2228.0,7491.0,15,16,51.56,0.942,20251031_012_pol_pro_Sed_lan_2025_11_Colorado2025_x002048_y007168
Unknown_Sample,20251031_012_pol_pro_Sed_lan_2025_11_Colorado2025.czi,Sed_lan,285.89,2169.0,7698.0,22,22,75.21,0.931,20251031_012_pol_pro_Sed_lan_2025_11_Colorado2025_x002048_y007168
Unknown_Sample,20251031_012_pol_pro_Sed_lan_2025_11_Colorado2025.czi,Sed_lan,300.51,3836.0,7601.0,22,23,76.04,0.946,20251031_012_pol_pro_Sed_lan_2025_11_Colorado2025_x003584_y007168
Unknown_Sample,20251031_012_pol_pro_Sed_lan_2025_11_Colorado2025.czi,Sed_lan,265.88,3976.0,7270.0,22,21,70.87,0.945,20251031_012_pol_pro_Sed_lan_2025_11_Colorado2025_x003584_y007168
Unknown_Sample,20251031_012_pol_pro_Sed_lan_2025_11_Colorado2025.czi,Sed_lan,286.66,4510.0,7263.0,21,22,73.21,0.953,20251031_012_pol_pro_Sed_lan_2025_11_Colorado2025_x004096_y007168
Unknown_Sample,20251031_012_pol_pro_Sed_lan_2025_11_Colorado2025.czi,Sed_lan,228.94,4711.0,7715.0,20,19,66.38,0.941,20251031_012_pol_pro_Sed_lan_2025_11_Colorado2025_x004096_y007168
Unknown_Sample,20251031_012_pol_pro_Sed_lan_2025_11_Colorado2025.czi,Sed_lan,318.98,4555.0,7634.0,24,23,77.7,0.939,20251031_012_pol_pro_Sed_lan_2025_11_Colorado2025_x004096_y007168
Unknown_Sample,20251031_012_pol_pro_Sed_lan_2025_11_Colorado2025.czi,Sed_lan,273.58,5072.0,7367.0,21,21,71.21,0.952,20251031_012_pol_pro_Sed_lan_2025_11_Colorado2025_x004608_y007168
Unknown_Sample,20251031_012_pol_pro_Sed_lan_2025_11_Colorado2025.czi,Sed_lan,110.43,4926.0,7173.0,17,11,49.07,0.951,20251031_012_pol_pro_Sed_lan_2025_11_Colorado2025_x004608_y007168
Unknown_Sample,20251031_012_pol_pro_Sed_lan_2025_11_Colorado2025.czi,Sed_lan,254.72,5005.0,7777.0,21,20,69.8,0.947,20251031_012_pol_pro_Sed_lan_2025_11_Colorado2025_x004608_y007168
Unknown_Sample,20251031_012_pol_pro_Sed_lan_2025_11_Colorado2025.czi,Sed_lan,341.68,5214.0,7336.0,23,24,79.46,0.944,20251031_012_pol_pro_Sed_lan_2025_11_Colorado2025_x004608_y007168
Unknown_Sample,20251031_012_pol_pro_Sed_lan_2025_11_Colorado2025.czi,Sed_lan,228.94,4711.0,7715.0,20,19,66.38,0.941,20251031_012_pol_pro_Sed_lan_2025_11_Colorado2025_x004608_y007168
Unknown_Sample,20251031_012_pol_pro_Sed_lan_2025_11_Colorado2025.czi,Sed_lan,151.99,5242.0,7774.0,11,24,60.73,0.886,20251031_012_pol_pro_Sed_lan_2025_11_Colorado2025_x004608_y007168
Unknown_Sample,20251031_012_pol_pro_Sed_lan_2025_11_Colorado2025.czi,Sed_lan,108.89,4866.0,7470.0,17,11,47.9,0.874,20251031_012_pol_pro_Sed_lan_2025_11_Colorado2025_x004608_y007168
Unknown_Sample,20251031_012_pol_pro_Sed_lan_2025_11_Colorado2025.czi,Sed_lan,342.45,5247.0,7774.0,23,25,79.11,0.954,20251031_012_pol_pro_Sed_lan_2025_11_Colorado2025_x005120_y007168
Unknown_Sample,20251031_012_pol_pro_Sed_lan_2025_11_Colorado2025.czi,Sed_lan,290.89,5592.0,7432.0,21,22,72.63,0.949,20251031_012_pol_pro_Sed_lan_2025_11_Colorado2025_x005120_y007168
Unknown_Sample,20251031_012_pol_pro_Sed_lan_2025_11_Colorado2025.czi,Sed_lan,290.51,5332.0,7527.0,22,21,73.21,0.945,20251031_012_pol_pro_Sed_lan_2025_11_Colorado2025_x005120_y007168
Unknown_Sample,20251031_012_pol_pro_Sed_lan_2025_11_Colorado2025.czi,Sed_lan,300.13,5725.0,7680.0,22,22,74.63,0.945,20251031_012_pol_pro_Sed_lan_2025_11_Colorado2025_x005120_y007168
Unknown_Sample,20251031_012_pol_pro_Sed_lan_2025_11_Colorado2025.czi,Sed_lan,287.81,5422.0,7452.0,22,22,72.28,0.944,20251031_012_pol_pro_Sed_lan_2025_11_Colorado2025_x005120_y007168
Unknown_Sample,20251031_012_pol_pro_Sed_lan_2025_11_Colorado2025.czi,Sed_lan,342.45,5214.0,7336.0,23,24,79.46,0.944,20251031_012_pol_pro_Sed_lan_2025_11_Colorado2025_x005120_y007168
Unknown_Sample,20251031_012_pol_pro_Sed_lan_2025_11_Colorado2025.czi,Sed_lan,131.98,5501.0,7174.0,16,14,50.73,0.933,20251031_012_pol_pro_Sed_lan_2025_11_Colorado2025_x005120_y007168
Unknown_Sample,20251031_012_pol_pro_Sed_lan_2025_11_Colorado2025.czi,Sed_lan,190.08,5290.0,7801.0,23,13,64.49,0.894,20251031_012_pol_pro_Sed_lan_2025_11_Colorado2025_x005120_y007168
Unknown_Sample,20251031_012_pol_pro_Sed_lan_2025_11_Colorado2025.czi,Sed_lan,345.91,5928.0,7478.0,23,24,78.87,0.959,20251031_012_pol_pro_Sed_lan_2025_11_Colorado2025_x005632_y007168
Unknown_Sample,20251031_012_pol_pro_Sed_lan_2025_11_Colorado2025.czi,Sed_lan,379.01,6039.0,7634.0,25,25,82.53,0.956,20251031_012_pol_pro_Sed_lan_2025_11_Colorado2025_x005632_y007168
Unknown_Sample,20251031_012_pol_pro_Sed_lan_2025_11_Colorado2025.czi,Sed_lan,379.77,6043.0,7304.0,25,25,83.7,0.953,20251031_012_pol_pro_Sed_lan_2025_11_Colorado2025_x005632_y007168
Unknown_Sample,20251031_012_pol_pro_Sed_lan_2025_11_Colorado2025.czi,Sed_lan,319.36,6014.0,7437.0,24,22,76.28,0.947,20251031_012_pol_pro_Sed_lan_2025_11_Colorado2025_x005632_y007168
Unknown_Sample,20251031_012_pol_pro_Sed_lan_2025_11_Colorado2025.czi,Sed_lan,300.13,5725.0,7680.0,22,22,74.63,0.944,20251031_012_pol_pro_Sed_lan_2025_11_Colorado2025_x005632_y007168
Unknown_Sample,20251031_012_pol_pro_Sed_lan_2025_11_Colorado2025.czi,Sed_lan,421.33,6304.0,7629.0,26,27,88.53,0.957,20251031_012_pol_pro_Sed_lan_2025_11_Colorado2025_x006144_y007168
Unknown_Sample,20251031_012_pol_pro_Sed_lan_2025_11_Colorado2025.czi,Sed_lan,355.92,6471.0,7676.0,24,24,80.87,0.952,20251031_012_pol_pro_Sed_lan_2025_11_Colorado2025_x006144_y007168
Unknown_Sample,20251031_012_pol_pro_Sed_lan_2025_11_Colorado2025.czi,Sed_lan,255.88,6690.0,7381.0,21,20,68.04,0.949,20251031_012_pol_pro_Sed_lan_2025_11_Colorado2025_x006144_y007168
Unknown_Sample,20251031_012_pol_pro_Sed_lan_2025_11_Colorado2025.czi,Sed_lan,387.47,6639.0,7666.0,26,26,86.53,0.949,20251031_012_pol_pro_Sed_lan_2025_11_Colorado2025_x006144_y007168
Unknown_Sample,20251031_012_pol_pro_Sed_lan_2025_11_Colorado2025.czi,Sed_lan,312.82,6854.0,7615.0,23,23,75.7,0.954,20251031_012_pol_pro_Sed_lan_2025_11_Colorado2025_x006656_y007168
Unknown_Sample,20251031_012_pol_pro_Sed_lan_2025_11_Colorado2025.czi,Sed_lan,434.41,7036.0,7661.0,27,26,89.7,0.95,20251031_012_pol_pro_Sed_lan_2025_11_Colorado2025_x006656_y007168
Unknown_Sample,20251031_012_pol_pro_Sed_lan_2025_11_Colorado2025.czi,Sed_lan,255.88,6690.0,7381.0,21,20,68.04,0.949,20251031_012_pol_pro_Sed_lan_2025_11_Colorado2025_x006656_y007168
Unknown_Sample,20251031_012_pol_pro_Sed_lan_2025_11_Colorado2025.czi,Sed_lan,399.4,7576.0,7477.0,26,25,86.28,0.957,20251031_012_pol_pro_Sed_lan_2025_11_Colorado2025_x007168_y007168
Unknown_Sample,20251031_012_pol_pro_Sed_lan_2025_11_Colorado2025.czi,Sed_lan,323.98,7770.0,7676.0,23,24,78.28,0.942,20251031_012_pol_pro_Sed_lan_2025_11_Colorado2025_x007168_y007168
Unknown_Sample,20251031_012_pol_pro_Sed_lan_2025_11_Colorado2025.czi,Sed_lan,300.9,8252.0,7626.0,22,22,75.8,0.942,20251031_012_pol_pro_Sed_lan_2025_11_Colorado2025_x007680_y007168
Unknown_Sample,20251031_012_pol_pro_Sed_lan_2025_11_Colorado2025.czi,Sed_lan,323.98,7770.0,7676.0,23,24,78.28,0.941,20251031_012_pol_pro_Sed_lan_2025_11_Colorado2025_x007680_y007168
Unknown_Sample,20251031_012_pol_pro_Sed_lan_2025_11_Colorado2025.czi,Sed_lan,344.38,8527.0,7360.0,23,25,79.7,0.961,20251031_012_pol_pro_Sed_lan_2025_11_Colorado2025_x008192_y007168
Unknown_Sample,20251031_012_pol_pro_Sed_lan_2025_11_Colorado2025.czi,Sed_lan,328.98,8611.0,7234.0,24,23,78.87,0.948,20251031_012_pol_pro_Sed_lan_2025_11_Colorado2025_x008192_y007168
Unknown_Sample,20251031_012_pol_pro_Sed_lan_2025_11_Colorado2025.czi,Sed_lan,359.0,8666.0,7213.0,24,26,82.53,0.943,20251031_012_pol_pro_Sed_lan_2025_11_Colorado2025_x008192_y007168
Unknown_Sample,20251031_012_pol_pro_Sed_lan_2025_11_Colorado2025.czi,Sed_lan,300.9,8252.0,7626.0,22,22,75.8,0.941,20251031_012_pol_pro_Sed_lan_2025_11_Colorado2025_x008192_y007168
Unknown_Sample,20251031_012_pol_pro_Sed_lan_2025_11_Colorado2025.czi,Sed_lan,129.67,8586.0,7799.0,14,15,51.07,0.905,20251031_012_pol_pro_Sed_lan_2025_11_Colorado2025_x008192_y007168
Unknown_Sample,20251031_012_pol_pro_Sed_lan_2025_11_Colorado2025.czi,Sed_lan,231.25,8869.0,7341.0,19,20,65.21,0.949,20251031_012_pol_pro_Sed_lan_2025_11_Colorado2025_x008704_y007168
Unknown_Sample,20251031_012_pol_pro_Sed_lan_2025_11_Colorado2025.czi,Sed_lan,327.06,9059.0,7606.0,22,25,78.28,0.924,20251031_012_pol_pro_Sed_lan_2025_11_Colorado2025_x008704_y007168
Unknown_Sample,20251031_012_pol_pro_Sed_lan_2025_11_Colorado2025.czi,Sed_lan,249.34,9302.0,7799.0,23,17,71.31,0.909,20251031_012_pol_pro_Sed_lan_2025_11_Colorado2025_x008704_y007168
Unknown_Sample,20251031_012_pol_pro_Sed_lan_2025_11_Colorado2025.czi,Sed_lan,327.06,9827.0,7502.0,23,23,77.46,0.946,20251031_012_pol_pro_Sed_lan_2025_11_Colorado2025_x009216_y007168
Unknown_Sample,20251031_012_pol_pro_Sed_lan_2025_11_Colorado2025.czi,Sed_lan,249.34,9302.0,7799.0,23,17,71.31,0.908,20251031_012_pol_pro_Sed_lan_2025_11_Colorado2025_x009216_y007168
Unknown_Sample,20251031_012_pol_pro_Sed_lan_2025_11_Colorado2025.czi,Sed_lan,301.66,10095.0,7398.0,22,23,75.46,0.948,20251031_012_pol_pro_Sed_lan_2025_11_Colorado2025_x009728_y007168
Unknown_Sample,20251031_012_pol_pro_Sed_lan_2025_11_Colorado2025.czi,Sed_lan,327.06,9827.0,7502.0,23,23,77.46,0.947,20251031_012_pol_pro_Sed_lan_2025_11_Colorado2025_x009728_y007168
Unknown_Sample,20251031_012_pol_pro_Sed_lan_2025_11_Colorado2025.czi,Sed_lan,357.84,10547.0,7547.0,24,24,81.46,0.95,20251031_012_pol_pro_Sed_lan_2025_11_Colorado2025_x010240_y007168
Unknown_Sample,20251031_012_pol_pro_Sed_lan_2025_11_Colorado2025.czi,Sed_lan,313.21,10714.0,7687.0,24,22,78.63,0.949,20251031_012_pol_pro_Sed_lan_2025_11_Colorado2025_x010240_y007168
Unknown_Sample,20251031_012_pol_pro_Sed_lan_2025_11_Colorado2025.czi,Sed_lan,324.75,10793.0,7181.0,23,23,78.63,0.949,20251031_012_pol_pro_Sed_lan_2025_11_Colorado2025_x010240_y007168
Unknown_Sample,20251031_012_pol_pro_Sed_lan_2025_11_Colorado2025.czi,Sed_lan,315.52,10466.0,7563.0,23,23,77.46,0.941,20251031_012_pol_pro_Sed_lan_2025_11_Colorado2025_x010240_y007168
Unknown_Sample,20251031_012_pol_pro_Sed_lan_2025_11_Colorado2025.czi,Sed_lan,175.07,10581.0,7703.0,16,19,58.38,0.94,20251031_012_pol_pro_Sed_lan_2025_11_Colorado2025_x010240_y007168
Unknown_Sample,20251031_012_pol_pro_Sed_lan_2025_11_Colorado2025.czi,Sed_lan,332.45,10717.0,7267.0,26,23,77.6,0.939,20251031_012_pol_pro_Sed_lan_2025_11_Colorado2025_x010240_y007168
Unknown_Sample,20251031_012_pol_pro_Sed_lan_2025_11_Colorado2025.czi,Sed_lan,141.21,10503.0,7232.0,16,15,52.73,0.932,20251031_012_pol_pro_Sed_lan_2025_11_Colorado2025_x010240_y007168
Unknown_Sample,20251031_012_pol_pro_Sed_lan_2025_11_Colorado2025.czi,Sed_lan,380.16,11126.0,7558.0,25,25,83.11,0.954,20251031_012_pol_pro_Sed_lan_2025_11_Colorado2025_x010752_y007168
Unknown_Sample,20251031_012_pol_pro_Sed_lan_2025_11_Colorado2025.czi,Sed_lan,172.76,10883.0,7453.0,15,19,56.38,0.953,20251031_012_pol_pro_Sed_lan_2025_11_Colorado2025_x010752_y007168
Unknown_Sample,20251031_012_pol_pro_Sed_lan_2025_11_Colorado2025.czi,Sed_lan,204.32,11277.0,7578.0,19,17,61.56,0.953,20251031_012_pol_pro_Sed_lan_2025_11_Colorado2025_x010752_y007168
Unknown_Sample,20251031_012_pol_pro_Sed_lan_2025_11_Colorado2025.czi,Sed_lan,327.06,10793.0,7181.0,23,23,78.63,0.948,20251031_012_pol_pro_Sed_lan_2025_11_Colorado2025_x010752_y007168
Unknown_Sample,20251031_012_pol_pro_Sed_lan_2025_11_Colorado2025.czi,Sed_lan,273.96,11007.0,7497.0,21,22,72.63,0.945,20251031_012_pol_pro_Sed_lan_2025_11_Colorado2025_x010752_y007168
Unknown_Sample,20251031_012_pol_pro_Sed_lan_2025_11_Colorado2025.czi,Sed_lan,145.06,10939.0,7536.0,15,16,52.73,0.941,20251031_012_pol_pro_Sed_lan_2025_11_Colorado2025_x010752_y007168
Unknown_Sample,20251031_012_pol_pro_Sed_lan_2025_11_Colorado2025.czi,Sed_lan,206.24,11277.0,7578.0,19,17,62.14,0.951,20251031_012_pol_pro_Sed_lan_2025_11_Colorado2025_x011264_y007168
Unknown_Sample,20251031_012_pol_pro_Sed_lan_2025_11_Colorado2025.czi,Sed_lan,346.68,11648.0,7747.0,24,24,80.87,0.946,20251031_012_pol_pro_Sed_lan_2025_11_Colorado2025_x011264_y007168
Unknown_Sample,20251031_012_pol_pro_Sed_lan_2025_11_Colorado2025.czi,Sed_lan,357.46,12166.0,7708.0,24,25,81.7,0.948,20251031_012_pol_pro_Sed_lan_2025_11_Colorado2025_x011776_y007168
Unknown_Sample,20251031_012_pol_pro_Sed_lan_2025_11_Colorado2025.czi,Sed_lan,269.73,12349.0,7505.0,21,22,70.87,0.944,20251031_012_pol_pro_Sed_lan_2025_11_Colorado2025_x011776_y007168
Unknown_Sample,20251031_012_pol_pro_Sed_lan_2025_11_Colorado2025.czi,Sed_lan,247.41,12407.0,7372.0,17,22,69.9,0.918,20251031_012_pol_pro_Sed_lan_2025_11_Colorado2025_x011776_y007168
Unknown_Sample,20251031_012_pol_pro_Sed_lan_2025_11_Colorado2025.czi,Sed_lan,350.92,12863.0,7723.0,24,24,81.46,0.955,20251031_012_pol_pro_Sed_lan_2025_11_Colorado2025_x012288_y007168
Unknown_Sample,20251031_012_pol_pro_Sed_lan_2025_11_Colorado2025.czi,Sed_lan,287.81,12868.0,7408.0,22,21,72.63,0.952,20251031_012_pol_pro_Sed_lan_2025_11_Colorado2025_x012288_y007168
Unknown_Sample,20251031_012_pol_pro_Sed_lan_2025_11_Colorado2025.czi,Sed_lan,297.43,12408.0,7372.0,21,22,73.21,0.951,20251031_012_pol_pro_Sed_lan_2025_11_Colorado2025_x012288_y007168
Unknown_Sample,20251031_012_pol_pro_Sed_lan_2025_11_Colorado2025.czi,Sed_lan,317.06,12813.0,7588.0,23,23,76.28,0.945,20251031_012_pol_pro_Sed_lan_2025_11_Colorado2025_x012288_y007168
Unknown_Sample,20251031_012_pol_pro_Sed_lan_2025_11_Colorado2025.czi,Sed_lan,310.51,12507.0,7700.0,23,22,74.87,0.944,20251031_012_pol_pro_Sed_lan_2025_11_Colorado2025_x012288_y007168
Unknown_Sample,20251031_012_pol_pro_Sed_lan_2025_11_Colorado2025.czi,Sed_lan,260.49,12349.0,7505.0,20,22,70.04,0.944,20251031_012_pol_pro_Sed_lan_2025_11_Colorado2025_x012288_y007168
Unknown_Sample,20251031_012_pol_pro_Sed_lan_2025_11_Colorado2025.czi,Sed_lan,350.15,12863.0,7723.0,24,24,81.46,0.955,20251031_012_pol_pro_Sed_lan_2025_11_Colorado2025_x012800_y007168
Unknown_Sample,20251031_012_pol_pro_Sed_lan_2025_11_Colorado2025.czi,Sed_lan,287.81,12868.0,7408.0,22,21,72.63,0.952,20251031_012_pol_pro_Sed_lan_2025_11_Colorado2025_x012800_y007168
Unknown_Sample,20251031_012_pol_pro_Sed_lan_2025_11_Colorado2025.czi,Sed_lan,352.07,13018.0,7365.0,24,24,80.87,0.952,20251031_012_pol_pro_Sed_lan_2025_11_Colorado2025_x012800_y007168
Unknown_Sample,20251031_012_pol_pro_Sed_lan_2025_11_Colorado2025.czi,Sed_lan,270.5,13391.0,7320.0,21,22,70.87,0.95,20251031_012_pol_pro_Sed_lan_2025_11_Colorado2025_x012800_y007168
Unknown_Sample,20251031_012_pol_pro_Sed_lan_2025_11_Colorado2025.czi,Sed_lan,283.2,13317.0,7659.0,22,22,73.46,0.946,20251031_012_pol_pro_Sed_lan_2025_11_Colorado2025_x012800_y007168
Unknown_Sample,20251031_012_pol_pro_Sed_lan_2025_11_Colorado2025.czi,Sed_lan,243.56,12980.0,7389.0,20,20,67.21,0.946,20251031_012_pol_pro_Sed_lan_2025_11_Colorado2025_x012800_y007168
Unknown_Sample,20251031_012_pol_pro_Sed_lan_2025_11_Colorado2025.czi,Sed_lan,319.36,12813.0,7588.0,23,23,77.46,0.944,20251031_012_pol_pro_Sed_lan_2025_11_Colorado2025_x012800_y007168
Unknown_Sample,20251031_012_pol_pro_Sed_lan_2025_11_Colorado2025.czi,Sed_lan,258.19,13064.0,7787.0,20,21,69.21,0.943,20251031_012_pol_pro_Sed_lan_2025_11_Colorado2025_x012800_y007168
Unknown_Sample,20251031_012_pol_pro_Sed_lan_2025_11_Colorado2025.czi,Sed_lan,350.15,13133.0,7378.0,24,24,81.46,0.914,20251031_012_pol_pro_Sed_lan_2025_11_Colorado2025_x012800_y007168
Unknown_Sample,20251031_012_pol_pro_Sed_lan_2025_11_Colorado2025.czi,Sed_lan,272.04,13391.0,7320.0,21,22,70.87,0.95,20251031_012_pol_pro_Sed_lan_2025_11_Colorado2025_x013312_y007168
Unknown_Sample,20251031_012_pol_pro_Sed_lan_2025_11_Colorado2025.czi,Sed_lan,220.09,13319.0,7659.0,17,22,68.14,0.95,20251031_012_pol_pro_Sed_lan_2025_11_Colorado2025_x013312_y007168
Unknown_Sample,20251031_012_pol_pro_Sed_lan_2025_11_Colorado2025.czi,Sed_lan,301.28,13641.0,7363.0,22,23,74.87,0.941,20251031_012_pol_pro_Sed_lan_2025_11_Colorado2025_x013312_y007168
Unknown_Sample,20251031_012_pol_pro_Sed_lan_2025_11_Colorado2025.czi,Sed_lan,329.75,14386.0,7368.0,23,24,78.87,0.947,20251031_012_pol_pro_Sed_lan_2025_11_Colorado2025_x013824_y007168
Unknown_Sample,20251031_012_pol_pro_Sed_lan_2025_11_Colorado2025.czi,Sed_lan,124.67,14095.0,7403.0,15,14,48.14,0.942,20251031_012_pol_pro_Sed_lan_2025_11_Colorado2025_x013824_y007168
Unknown_Sample,20251031_012_pol_pro_Sed_lan_2025_11_Colorado2025.czi,Sed_lan,282.81,14129.0,7417.0,23,21,72.87,0.939,20251031_012_pol_pro_Sed_lan_2025_11_Colorado2025_x013824_y007168
Unknown_Sample,20251031_012_pol_pro_Sed_lan_2025_11_Colorado2025.czi,Sed_lan,306.28,14126.0,7443.0,23,22,74.28,0.938,20251031_012_pol_pro_Sed_lan_2025_11_Colorado2025_x013824_y007168
Unknown_Sample,20251031_012_pol_pro_Sed_lan_2025_11_Colorado2025.czi,Sed_lan,299.74,14830.0,7367.0,24,22,74.53,0.951,20251031_012_pol_pro_Sed_lan_2025_11_Colorado2025_x014336_y007168
Unknown_Sample,20251031_012_pol_pro_Sed_lan_2025_11_Colorado2025.czi,Sed_lan,329.75,14386.0,7368.0,23,24,78.87,0.947,20251031_012_pol_pro_Sed_lan_2025_11_Colorado2025_x014336_y007168
Unknown_Sample,20251031_012_pol_pro_Sed_lan_2025_11_Colorado2025.czi,Sed_lan,168.53,14554.0,7387.0,17,16,56.14,0.946,20251031_012_pol_pro_Sed_lan_2025_11_Colorado2025_x014336_y007168
Unknown_Sample,20251031_012_pol_pro_Sed_lan_2025_11_Colorado2025.czi,Sed_lan,208.16,14587.0,7376.0,18,19,63.56,0.939,20251031_012_pol_pro_Sed_lan_2025_11_Colorado2025_x014336_y007168
Unknown_Sample,20251031_012_pol_pro_Sed_lan_2025_11_Colorado2025.czi,Sed_lan,125.05,14497.0,7282.0,15,15,49.56,0.927,20251031_012_pol_pro_Sed_lan_2025_11_Colorado2025_x014336_y007168
Unknown_Sample,20251031_012_pol_pro_Sed_lan_2025_11_Colorado2025.czi,Sed_lan,136.6,14898.0,7608.0,18,13,51.56,0.917,20251031_012_pol_pro_Sed_lan_2025_11_Colorado2025_x014336_y007168
Unknown_Sample,20251031_012_pol_pro_Sed_lan_2025_11_Colorado2025.czi,Sed_lan,142.37,14572.0,7801.0,19,12,55.66,0.893,20251031_012_pol_pro_Sed_lan_2025_11_Colorado2025_x014336_y007168
Unknown_Sample,20251031_012_pol_pro_Sed_lan_2025_11_Colorado2025.czi,Sed_lan,287.04,15340.0,7319.0,22,22,72.28,0.948,20251031_012_pol_pro_Sed_lan_2025_11_Colorado2025_x014848_y007168
Unknown_Sample,20251031_012_pol_pro_Sed_lan_2025_11_Colorado2025.czi,Sed_lan,280.5,15379.0,7433.0,23,20,73.21,0.947,20251031_012_pol_pro_Sed_lan_2025_11_Colorado2025_x014848_y007168
Unknown_Sample,20251031_012_pol_pro_Sed_lan_2025_11_Colorado2025.czi,Sed_lan,137.37,14898.0,7608.0,19,13,52.38,0.911,20251031_012_pol_pro_Sed_lan_2025_11_Colorado2025_x014848_y007168
Unknown_Sample,20251031_012_pol_pro_Sed_lan_2025_11_Colorado2025.czi,Sed_lan,330.14,15600.0,7252.0,23,24,78.28,0.952,20251031_012_pol_pro_Sed_lan_2025_11_Colorado2025_x015360_y007168
Unknown_Sample,20251031_012_pol_pro_Sed_lan_2025_11_Colorado2025.czi,Sed_lan,280.5,15379.0,7433.0,23,20,73.21,0.948,20251031_012_pol_pro_Sed_lan_2025_11_Colorado2025_x015360_y007168
Unknown_Sample,20251031_012_pol_pro_Sed_lan_2025_11_Colorado2025.czi,Sed_lan,282.43,15850.0,7681.0,22,21,72.63,0.941,20251031_012_pol_pro_Sed_lan_2025_11_Colorado2025_x015360_y007168
Unknown_Sample,20251031_012_pol_pro_Sed_lan_2025_11_Colorado2025.czi,Sed_lan,139.67,15968.0,7490.0,16,15,51.56,0.931,20251031_012_pol_pro_Sed_lan_2025_11_Colorado2025_x015360_y007168
Unknown_Sample,20251031_012_pol_pro_Sed_lan_2025_11_Colorado2025.czi,Sed_lan,282.43,15531.0,7457.0,23,22,75.11,0.924,20251031_012_pol_pro_Sed_lan_2025_11_Colorado2025_x015360_y007168
Unknown_Sample,20251031_012_pol_pro_Sed_lan_2025_11_Colorado2025.czi,Sed_lan,203.16,15510.0,7456.0,20,18,61.46,0.923,20251031_012_pol_pro_Sed_lan_2025_11_Colorado2025_x015360_y007168
Unknown_Sample,20251031_012_pol_pro_Sed_lan_2025_11_Colorado2025.czi,Sed_lan,329.75,15743.0,7421.0,26,21,78.87,0.895,20251031_012_pol_pro_Sed_lan_2025_11_Colorado2025_x015360_y007168
Unknown_Sample,20251031_012_pol_pro_Sed_lan_2025_11_Colorado2025.czi,Sed_lan,268.96,15671.0,7470.0,22,20,73.56,0.835,20251031_012_pol_pro_Sed_lan_2025_11_Colorado2025_x015360_y007168
Unknown_Sample,20251031_012_pol_pro_Sed_lan_2025_11_Colorado2025.czi,Sed_lan,227.02,15695.0,7473.0,21,19,65.46,0.734,20251031_012_pol_pro_Sed_lan_2025_11_Colorado2025_x015360_y007168
Unknown_Sample,20251031_012_pol_pro_Sed_lan_2025_11_Colorado2025.czi,Sed_lan,122.36,15677.0,7460.0,26,14,71.46,0.653,20251031_012_pol_pro_Sed_lan_2025_11_Colorado2025_x015360_y007168
Unknown_Sample,20251031_012_pol_pro_Sed_lan_2025_11_Colorado2025.czi,Sed_lan,277.81,16207.0,7247.0,21,22,71.46,0.949,20251031_012_pol_pro_Sed_lan_2025_11_Colorado2025_x015872_y007168
Unknown_Sample,20251031_012_pol_pro_Sed_lan_2025_11_Colorado2025.czi,Sed_lan,141.6,15968.0,7490.0,16,15,50.97,0.93,20251031_012_pol_pro_Sed_lan_2025_11_Colorado2025_x015872_y007168
Unknown_Sample,20251031_012_pol_pro_Sed_lan_2025_11_Colorado2025.czi,Sed_lan,224.71,144.0,8270.0,19,19,64.97,0.847,20251031_012_pol_pro_Sed_lan_2025_11_Colorado2025_x000000_y007680
Unknown_Sample,20251031_012_pol_pro_Sed_lan_2025_11_Colorado2025.czi,Sed_lan,148.52,897.0,8298.0,17,14,53.31,0.872,20251031_012_pol_pro_Sed_lan_2025_11_Colorado2025_x000512_y007680
Unknown_Sample,20251031_012_pol_pro_Sed_lan_2025_11_Colorado2025.czi,Sed_lan,233.17,1239.0,8238.0,20,20,66.63,0.93,20251031_012_pol_pro_Sed_lan_2025_11_Colorado2025_x001024_y007680
Unknown_Sample,20251031_012_pol_pro_Sed_lan_2025_11_Colorado2025.czi,Sed_lan,260.49,1205.0,7702.0,21,21,70.04,0.927,20251031_012_pol_pro_Sed_lan_2025_11_Colorado2025_x001024_y007680
Unknown_Sample,20251031_012_pol_pro_Sed_lan_2025_11_Colorado2025.czi,Sed_lan,313.98,1823.0,8195.0,23,23,76.28,0.952,20251031_012_pol_pro_Sed_lan_2025_11_Colorado2025_x001536_y007680
Unknown_Sample,20251031_012_pol_pro_Sed_lan_2025_11_Colorado2025.czi,Sed_lan,225.09,2167.0,7698.0,16,22,67.9,0.887,20251031_012_pol_pro_Sed_lan_2025_11_Colorado2025_x001536_y007680
Unknown_Sample,20251031_012_pol_pro_Sed_lan_2025_11_Colorado2025.czi,Sed_lan,284.35,2169.0,7698.0,22,22,74.04,0.931,20251031_012_pol_pro_Sed_lan_2025_11_Colorado2025_x002048_y007680
Unknown_Sample,20251031_012_pol_pro_Sed_lan_2025_11_Colorado2025.czi,Sed_lan,679.9,2908.0,7996.0,52,21,127.36,0.94,20251031_012_pol_pro_Sed_lan_2025_11_Colorado2025_x002560_y007680
Unknown_Sample,20251031_012_pol_pro_Sed_lan_2025_11_Colorado2025.czi,Sed_lan,248.18,2799.0,7825.0,20,20,67.21,0.938,20251031_012_pol_pro_Sed_lan_2025_11_Colorado2025_x002560_y007680
Unknown_Sample,20251031_012_pol_pro_Sed_lan_2025_11_Colorado2025.czi,Sed_lan,258.95,2700.0,8286.0,21,20,69.21,0.936,20251031_012_pol_pro_Sed_lan_2025_11_Colorado2025_x002560_y007680
Unknown_Sample,20251031_012_pol_pro_Sed_lan_2025_11_Colorado2025.czi,Sed_lan,150.45,2915.0,7810.0,16,16,53.56,0.934,20251031_012_pol_pro_Sed_lan_2025_11_Colorado2025_x002560_y007680
Unknown_Sample,20251031_012_pol_pro_Sed_lan_2025_11_Colorado2025.czi,Sed_lan,222.02,4055.0,8124.0,20,19,65.21,0.944,20251031_012_pol_pro_Sed_lan_2025_11_Colorado2025_x003584_y007680
Unknown_Sample,20251031_012_pol_pro_Sed_lan_2025_11_Colorado2025.czi,Sed_lan,335.91,4196.0,8130.0,22,26,80.87,0.907,20251031_012_pol_pro_Sed_lan_2025_11_Colorado2025_x003584_y007680
Unknown_Sample,20251031_012_pol_pro_Sed_lan_2025_11_Colorado2025.czi,Sed_lan,318.21,4193.0,8107.0,25,22,78.53,0.905,20251031_012_pol_pro_Sed_lan_2025_11_Colorado2025_x003584_y007680
Unknown_Sample,20251031_012_pol_pro_Sed_lan_2025_11_Colorado2025.czi,Sed_lan,228.94,4711.0,7715.0,20,19,66.38,0.94,20251031_012_pol_pro_Sed_lan_2025_11_Colorado2025_x004096_y007680
Unknown_Sample,20251031_012_pol_pro_Sed_lan_2025_11_Colorado2025.czi,Sed_lan,275.12,4310.0,8043.0,22,21,72.04,0.937,20251031_012_pol_pro_Sed_lan_2025_11_Colorado2025_x004096_y007680
Unknown_Sample,20251031_012_pol_pro_Sed_lan_2025_11_Colorado2025.czi,Sed_lan,330.91,4196.0,8130.0,22,25,79.46,0.907,20251031_012_pol_pro_Sed_lan_2025_11_Colorado2025_x004096_y007680
Unknown_Sample,20251031_012_pol_pro_Sed_lan_2025_11_Colorado2025.czi,Sed_lan,319.36,4193.0,8107.0,25,22,79.11,0.907,20251031_012_pol_pro_Sed_lan_2025_11_Colorado2025_x004096_y007680
Unknown_Sample,20251031_012_pol_pro_Sed_lan_2025_11_Colorado2025.czi,Sed_lan,254.34,5005.0,7777.0,21,20,69.21,0.948,20251031_012_pol_pro_Sed_lan_2025_11_Colorado2025_x004608_y007680
Unknown_Sample,20251031_012_pol_pro_Sed_lan_2025_11_Colorado2025.czi,Sed_lan,319.36,4822.0,7905.0,24,22,76.28,0.947,20251031_012_pol_pro_Sed_lan_2025_11_Colorado2025_x004608_y007680
Unknown_Sample,20251031_012_pol_pro_Sed_lan_2025_11_Colorado2025.czi,Sed_lan,228.17,4711.0,7715.0,20,19,66.38,0.942,20251031_012_pol_pro_Sed_lan_2025_11_Colorado2025_x004608_y007680
Unknown_Sample,20251031_012_pol_pro_Sed_lan_2025_11_Colorado2025.czi,Sed_lan,292.43,4801.0,7855.0,23,22,75.46,0.922,20251031_012_pol_pro_Sed_lan_2025_11_Colorado2025_x004608_y007680
Unknown_Sample,20251031_012_pol_pro_Sed_lan_2025_11_Colorado2025.czi,Sed_lan,313.98,4823.0,7860.0,25,23,76.77,0.903,20251031_012_pol_pro_Sed_lan_2025_11_Colorado2025_x004608_y007680
Unknown_Sample,20251031_012_pol_pro_Sed_lan_2025_11_Colorado2025.czi,Sed_lan,151.22,5242.0,7774.0,11,24,60.73,0.887,20251031_012_pol_pro_Sed_lan_2025_11_Colorado2025_x004608_y007680
Unknown_Sample,20251031_012_pol_pro_Sed_lan_2025_11_Colorado2025.czi,Sed_lan,341.68,5247.0,7774.0,23,25,79.11,0.955,20251031_012_pol_pro_Sed_lan_2025_11_Colorado2025_x005120_y007680
Unknown_Sample,20251031_012_pol_pro_Sed_lan_2025_11_Colorado2025.czi,Sed_lan,133.13,5724.0,7685.0,21,11,55.31,0.944,20251031_012_pol_pro_Sed_lan_2025_11_Colorado2025_x005120_y007680
Unknown_Sample,20251031_012_pol_pro_Sed_lan_2025_11_Colorado2025.czi,Sed_lan,293.58,5546.0,7933.0,22,22,74.04,0.943,20251031_012_pol_pro_Sed_lan_2025_11_Colorado2025_x005120_y007680
Unknown_Sample,20251031_012_pol_pro_Sed_lan_2025_11_Colorado2025.czi,Sed_lan,303.2,5290.0,7804.0,23,22,76.63,0.943,20251031_012_pol_pro_Sed_lan_2025_11_Colorado2025_x005120_y007680
Unknown_Sample,20251031_012_pol_pro_Sed_lan_2025_11_Colorado2025.czi,Sed_lan,364.77,5860.0,7864.0,25,25,83.11,0.952,20251031_012_pol_pro_Sed_lan_2025_11_Colorado2025_x005632_y007680
Unknown_Sample,20251031_012_pol_pro_Sed_lan_2025_11_Colorado2025.czi,Sed_lan,332.83,5842.0,8008.0,23,24,78.87,0.948,20251031_012_pol_pro_Sed_lan_2025_11_Colorado2025_x005632_y007680
Unknown_Sample,20251031_012_pol_pro_Sed_lan_2025_11_Colorado2025.czi,Sed_lan,133.13,5724.0,7685.0,21,11,55.31,0.944,20251031_012_pol_pro_Sed_lan_2025_11_Colorado2025_x005632_y007680
Unknown_Sample,20251031_012_pol_pro_Sed_lan_2025_11_Colorado2025.czi,Sed_lan,436.34,6301.0,8274.0,27,26,89.11,0.957,20251031_012_pol_pro_Sed_lan_2025_11_Colorado2025_x006144_y007680
Unknown_Sample,20251031_012_pol_pro_Sed_lan_2025_11_Colorado2025.czi,Sed_lan,397.47,6671.0,8038.0,25,25,84.87,0.955,20251031_012_pol_pro_Sed_lan_2025_11_Colorado2025_x006144_y007680
Unknown_Sample,20251031_012_pol_pro_Sed_lan_2025_11_Colorado2025.czi,Sed_lan,399.4,6555.0,7930.0,26,25,86.28,0.951,20251031_012_pol_pro_Sed_lan_2025_11_Colorado2025_x006144_y007680
Unknown_Sample,20251031_012_pol_pro_Sed_lan_2025_11_Colorado2025.czi,Sed_lan,287.43,6340.0,8063.0,21,22,72.04,0.95,20251031_012_pol_pro_Sed_lan_2025_11_Colorado2025_x006144_y007680
Unknown_Sample,20251031_012_pol_pro_Sed_lan_2025_11_Colorado2025.czi,Sed_lan,177.0,6656.0,8223.0,19,16,60.14,0.932,20251031_012_pol_pro_Sed_lan_2025_11_Colorado2025_x006144_y007680
Unknown_Sample,20251031_012_pol_pro_Sed_lan_2025_11_Colorado2025.czi,Sed_lan,399.78,6670.0,8038.0,25,25,84.87,0.953,20251031_012_pol_pro_Sed_lan_2025_11_Colorado2025_x006656_y007680
Unknown_Sample,20251031_012_pol_pro_Sed_lan_2025_11_Colorado2025.czi,Sed_lan,388.24,6963.0,8214.0,25,26,84.53,0.953,20251031_012_pol_pro_Sed_lan_2025_11_Colorado2025_x006656_y007680
Unknown_Sample,20251031_012_pol_pro_Sed_lan_2025_11_Colorado2025.czi,Sed_lan,384.39,6869.0,8296.0,25,25,83.7,0.94,20251031_012_pol_pro_Sed_lan_2025_11_Colorado2025_x006656_y007680
Unknown_Sample,20251031_012_pol_pro_Sed_lan_2025_11_Colorado2025.czi,Sed_lan,83.88,6661.0,8222.0,10,16,44.49,0.937,20251031_012_pol_pro_Sed_lan_2025_11_Colorado2025_x006656_y007680
Unknown_Sample,20251031_012_pol_pro_Sed_lan_2025_11_Colorado2025.czi,Sed_lan,390.93,7550.0,8222.0,24,26,84.28,0.956,20251031_012_pol_pro_Sed_lan_2025_11_Colorado2025_x007168_y007680
Unknown_Sample,20251031_012_pol_pro_Sed_lan_2025_11_Colorado2025.czi,Sed_lan,380.93,7425.0,8039.0,25,25,84.28,0.952,20251031_012_pol_pro_Sed_lan_2025_11_Colorado2025_x007168_y007680
Unknown_Sample,20251031_012_pol_pro_Sed_lan_2025_11_Colorado2025.czi,Sed_lan,121.59,8586.0,7799.0,14,14,48.49,0.909,20251031_012_pol_pro_Sed_lan_2025_11_Colorado2025_x008192_y007680
Unknown_Sample,20251031_012_pol_pro_Sed_lan_2025_11_Colorado2025.czi,Sed_lan,337.45,9302.0,7802.0,23,24,80.04,0.944,20251031_012_pol_pro_Sed_lan_2025_11_Colorado2025_x008704_y007680
Unknown_Sample,20251031_012_pol_pro_Sed_lan_2025_11_Colorado2025.czi,Sed_lan,339.37,9302.0,7802.0,23,24,79.46,0.943,20251031_012_pol_pro_Sed_lan_2025_11_Colorado2025_x009216_y007680
Unknown_Sample,20251031_012_pol_pro_Sed_lan_2025_11_Colorado2025.czi,Sed_lan,268.96,10263.0,8052.0,21,21,70.04,0.947,20251031_012_pol_pro_Sed_lan_2025_11_Colorado2025_x009728_y007680
Unknown_Sample,20251031_012_pol_pro_Sed_lan_2025_11_Colorado2025.czi,Sed_lan,420.18,10507.0,7814.0,27,26,87.94,0.955,20251031_012_pol_pro_Sed_lan_2025_11_Colorado2025_x010240_y007680
Unknown_Sample,20251031_012_pol_pro_Sed_lan_2025_11_Colorado2025.czi,Sed_lan,303.2,10551.0,8004.0,23,22,75.46,0.953,20251031_012_pol_pro_Sed_lan_2025_11_Colorado2025_x010240_y007680
Unknown_Sample,20251031_012_pol_pro_Sed_lan_2025_11_Colorado2025.czi,Sed_lan,387.47,10569.0,7957.0,25,26,84.53,0.951,20251031_012_pol_pro_Sed_lan_2025_11_Colorado2025_x010240_y007680
Unknown_Sample,20251031_012_pol_pro_Sed_lan_2025_11_Colorado2025.czi,Sed_lan,270.11,10263.0,8052.0,21,21,70.63,0.949,20251031_012_pol_pro_Sed_lan_2025_11_Colorado2025_x010240_y007680
Unknown_Sample,20251031_012_pol_pro_Sed_lan_2025_11_Colorado2025.czi,Sed_lan,262.42,10714.0,7688.0,24,18,72.97,0.948,20251031_012_pol_pro_Sed_lan_2025_11_Colorado2025_x010240_y007680
Unknown_Sample,20251031_012_pol_pro_Sed_lan_2025_11_Colorado2025.czi,Sed_lan,175.07,10581.0,7703.0,16,19,58.38,0.939,20251031_012_pol_pro_Sed_lan_2025_11_Colorado2025_x010240_y007680
Unknown_Sample,20251031_012_pol_pro_Sed_lan_2025_11_Colorado2025.czi,Sed_lan,371.69,11047.0,8177.0,25,25,84.28,0.958,20251031_012_pol_pro_Sed_lan_2025_11_Colorado2025_x010752_y007680
Unknown_Sample,20251031_012_pol_pro_Sed_lan_2025_11_Colorado2025.czi,Sed_lan,342.84,11078.0,8017.0,24,24,79.7,0.953,20251031_012_pol_pro_Sed_lan_2025_11_Colorado2025_x010752_y007680
Unknown_Sample,20251031_012_pol_pro_Sed_lan_2025_11_Colorado2025.czi,Sed_lan,284.73,11228.0,8221.0,22,21,72.63,0.95,20251031_012_pol_pro_Sed_lan_2025_11_Colorado2025_x010752_y007680
Unknown_Sample,20251031_012_pol_pro_Sed_lan_2025_11_Colorado2025.czi,Sed_lan,286.66,10949.0,7980.0,22,22,72.87,0.946,20251031_012_pol_pro_Sed_lan_2025_11_Colorado2025_x010752_y007680
Unknown_Sample,20251031_012_pol_pro_Sed_lan_2025_11_Colorado2025.czi,Sed_lan,345.91,11648.0,7747.0,24,24,80.87,0.947,20251031_012_pol_pro_Sed_lan_2025_11_Colorado2025_x011264_y007680
Unknown_Sample,20251031_012_pol_pro_Sed_lan_2025_11_Colorado2025.czi,Sed_lan,293.97,11700.0,7900.0,22,22,72.28,0.944,20251031_012_pol_pro_Sed_lan_2025_11_Colorado2025_x011264_y007680
Unknown_Sample,20251031_012_pol_pro_Sed_lan_2025_11_Colorado2025.czi,Sed_lan,191.23,11396.0,8281.0,19,17,60.38,0.936,20251031_012_pol_pro_Sed_lan_2025_11_Colorado2025_x011264_y007680
Unknown_Sample,20251031_012_pol_pro_Sed_lan_2025_11_Colorado2025.czi,Sed_lan,317.44,12388.0,8229.0,24,22,78.04,0.952,20251031_012_pol_pro_Sed_lan_2025_11_Colorado2025_x011776_y007680
Unknown_Sample,20251031_012_pol_pro_Sed_lan_2025_11_Colorado2025.czi,Sed_lan,253.95,12182.0,8077.0,21,21,69.46,0.949,20251031_012_pol_pro_Sed_lan_2025_11_Colorado2025_x011776_y007680
Unknown_Sample,20251031_012_pol_pro_Sed_lan_2025_11_Colorado2025.czi,Sed_lan,357.46,12166.0,7708.0,24,25,81.7,0.948,20251031_012_pol_pro_Sed_lan_2025_11_Colorado2025_x011776_y007680
Unknown_Sample,20251031_012_pol_pro_Sed_lan_2025_11_Colorado2025.czi,Sed_lan,353.61,12863.0,7723.0,24,24,82.04,0.954,20251031_012_pol_pro_Sed_lan_2025_11_Colorado2025_x012288_y007680
Unknown_Sample,20251031_012_pol_pro_Sed_lan_2025_11_Colorado2025.czi,Sed_lan,318.21,12388.0,8229.0,24,22,78.04,0.951,20251031_012_pol_pro_Sed_lan_2025_11_Colorado2025_x012288_y007680
Unknown_Sample,20251031_012_pol_pro_Sed_lan_2025_11_Colorado2025.czi,Sed_lan,321.67,12507.0,7700.0,24,22,76.28,0.944,20251031_012_pol_pro_Sed_lan_2025_11_Colorado2025_x012288_y007680
Unknown_Sample,20251031_012_pol_pro_Sed_lan_2025_11_Colorado2025.czi,Sed_lan,350.15,12863.0,7723.0,24,24,81.46,0.955,20251031_012_pol_pro_Sed_lan_2025_11_Colorado2025_x012800_y007680
Unknown_Sample,20251031_012_pol_pro_Sed_lan_2025_11_Colorado2025.czi,Sed_lan,348.22,13145.0,8084.0,24,24,79.7,0.953,20251031_012_pol_pro_Sed_lan_2025_11_Colorado2025_x012800_y007680
Unknown_Sample,20251031_012_pol_pro_Sed_lan_2025_11_Colorado2025.czi,Sed_lan,284.73,12975.0,7848.0,21,22,71.46,0.951,20251031_012_pol_pro_Sed_lan_2025_11_Colorado2025_x012800_y007680
Unknown_Sample,20251031_012_pol_pro_Sed_lan_2025_11_Colorado2025.czi,Sed_lan,325.14,12942.0,8216.0,23,23,76.87,0.951,20251031_012_pol_pro_Sed_lan_2025_11_Colorado2025_x012800_y007680
Unknown_Sample,20251031_012_pol_pro_Sed_lan_2025_11_Colorado2025.czi,Sed_lan,265.88,13064.0,7787.0,20,22,70.04,0.947,20251031_012_pol_pro_Sed_lan_2025_11_Colorado2025_x012800_y007680
Unknown_Sample,20251031_012_pol_pro_Sed_lan_2025_11_Colorado2025.czi,Sed_lan,319.75,13628.0,8211.0,23,24,76.53,0.95,20251031_012_pol_pro_Sed_lan_2025_11_Colorado2025_x013312_y007680
Unknown_Sample,20251031_012_pol_pro_Sed_lan_2025_11_Colorado2025.czi,Sed_lan,312.82,13908.0,8003.0,23,23,74.53,0.946,20251031_012_pol_pro_Sed_lan_2025_11_Colorado2025_x013312_y007680
Unknown_Sample,20251031_012_pol_pro_Sed_lan_2025_11_Colorado2025.czi,Sed_lan,188.93,13923.0,8239.0,21,15,61.56,0.927,20251031_012_pol_pro_Sed_lan_2025_11_Colorado2025_x013312_y007680
Unknown_Sample,20251031_012_pol_pro_Sed_lan_2025_11_Colorado2025.czi,Sed_lan,312.82,13908.0,8003.0,23,23,74.53,0.945,20251031_012_pol_pro_Sed_lan_2025_11_Colorado2025_x013824_y007680
Unknown_Sample,20251031_012_pol_pro_Sed_lan_2025_11_Colorado2025.czi,Sed_lan,268.57,14243.0,8070.0,22,21,71.46,0.945,20251031_012_pol_pro_Sed_lan_2025_11_Colorado2025_x013824_y007680
Unknown_Sample,20251031_012_pol_pro_Sed_lan_2025_11_Colorado2025.czi,Sed_lan,196.62,13922.0,8239.0,22,16,64.38,0.929,20251031_012_pol_pro_Sed_lan_2025_11_Colorado2025_x013824_y007680
Unknown_Sample,20251031_012_pol_pro_Sed_lan_2025_11_Colorado2025.czi,Sed_lan,203.55,14419.0,7981.0,16,21,63.56,0.928,20251031_012_pol_pro_Sed_lan_2025_11_Colorado2025_x013824_y007680
Unknown_Sample,20251031_012_pol_pro_Sed_lan_2025_11_Colorado2025.czi,Sed_lan,283.58,14534.0,7873.0,21,22,72.04,0.947,20251031_012_pol_pro_Sed_lan_2025_11_Colorado2025_x014336_y007680
Unknown_Sample,20251031_012_pol_pro_Sed_lan_2025_11_Colorado2025.czi,Sed_lan,235.1,14572.0,7805.0,19,20,66.38,0.945,20251031_012_pol_pro_Sed_lan_2025_11_Colorado2025_x014336_y007680
Unknown_Sample,20251031_012_pol_pro_Sed_lan_2025_11_Colorado2025.czi,Sed_lan,267.04,14680.0,8044.0,20,22,70.63,0.943,20251031_012_pol_pro_Sed_lan_2025_11_Colorado2025_x014336_y007680
Unknown_Sample,20251031_012_pol_pro_Sed_lan_2025_11_Colorado2025.czi,Sed_lan,204.32,14419.0,7981.0,16,21,63.56,0.929,20251031_012_pol_pro_Sed_lan_2025_11_Colorado2025_x014336_y007680
Unknown_Sample,20251031_012_pol_pro_Sed_lan_2025_11_Colorado2025.czi,Sed_lan,360.92,15156.0,7896.0,24,25,81.11,0.952,20251031_012_pol_pro_Sed_lan_2025_11_Colorado2025_x014848_y007680
Unknown_Sample,20251031_012_pol_pro_Sed_lan_2025_11_Colorado2025.czi,Sed_lan,263.57,15879.0,7845.0,21,20,69.21,0.948,20251031_012_pol_pro_Sed_lan_2025_11_Colorado2025_x015360_y007680
Unknown_Sample,20251031_012_pol_pro_Sed_lan_2025_11_Colorado2025.czi,Sed_lan,152.76,15850.0,7685.0,22,12,58.73,0.939,20251031_012_pol_pro_Sed_lan_2025_11_Colorado2025_x015360_y007680
Unknown_Sample,20251031_012_pol_pro_Sed_lan_2025_11_Colorado2025.czi,Sed_lan,165.84,15724.0,8102.0,17,17,56.38,0.916,20251031_012_pol_pro_Sed_lan_2025_11_Colorado2025_x015360_y007680
Unknown_Sample,20251031_012_pol_pro_Sed_lan_2025_11_Colorado2025.czi,Sed_lan,230.1,15880.0,7845.0,18,21,66.97,0.952,20251031_012_pol_pro_Sed_lan_2025_11_Colorado2025_x015872_y007680
Unknown_Sample,20251031_012_pol_pro_Sed_lan_2025_11_Colorado2025.czi,Sed_lan,294.35,16166.0,7914.0,22,22,74.04,0.946,20251031_012_pol_pro_Sed_lan_2025_11_Colorado2025_x015872_y007680
Unknown_Sample,20251031_012_pol_pro_Sed_lan_2025_11_Colorado2025.czi,Sed_lan,186.62,16056.0,8205.0,17,18,59.56,0.94,20251031_012_pol_pro_Sed_lan_2025_11_Colorado2025_x015872_y007680
Unknown_Sample,20251031_012_pol_pro_Sed_lan_2025_11_Colorado2025.czi,Sed_lan,100.43,16390.0,7972.0,13,13,43.9,0.932,20251031_012_pol_pro_Sed_lan_2025_11_Colorado2025_x015872_y007680
Unknown_Sample,20251031_012_pol_pro_Sed_lan_2025_11_Colorado2025.czi,Sed_lan,100.43,16390.0,7972.0,13,13,43.9,0.892,20251031_012_pol_pro_Sed_lan_2025_11_Colorado2025_x016384_y007680
Unknown_Sample,20251031_012_pol_pro_Sed_lan_2025_11_Colorado2025.czi,Sed_lan,245.87,558.0,8545.0,20,20,67.21,0.947,20251031_012_pol_pro_Sed_lan_2025_11_Colorado2025_x000000_y008192
Unknown_Sample,20251031_012_pol_pro_Sed_lan_2025_11_Colorado2025.czi,Sed_lan,299.36,426.0,8550.0,22,22,74.63,0.941,20251031_012_pol_pro_Sed_lan_2025_11_Colorado2025_x000000_y008192
Unknown_Sample,20251031_012_pol_pro_Sed_lan_2025_11_Colorado2025.czi,Sed_lan,225.48,144.0,8270.0,19,19,64.97,0.849,20251031_012_pol_pro_Sed_lan_2025_11_Colorado2025_x000000_y008192
Unknown_Sample,20251031_012_pol_pro_Sed_lan_2025_11_Colorado2025.czi,Sed_lan,246.64,558.0,8545.0,20,20,67.21,0.946,20251031_012_pol_pro_Sed_lan_2025_11_Colorado2025_x000512_y008192
Unknown_Sample,20251031_012_pol_pro_Sed_lan_2025_11_Colorado2025.czi,Sed_lan,274.73,880.0,8586.0,21,21,71.8,0.937,20251031_012_pol_pro_Sed_lan_2025_11_Colorado2025_x000512_y008192
Unknown_Sample,20251031_012_pol_pro_Sed_lan_2025_11_Colorado2025.czi,Sed_lan,150.83,897.0,8298.0,17,15,52.97,0.904,20251031_012_pol_pro_Sed_lan_2025_11_Colorado2025_x000512_y008192
Unknown_Sample,20251031_012_pol_pro_Sed_lan_2025_11_Colorado2025.czi,Sed_lan,152.37,992.0,8561.0,15,17,54.14,0.891,20251031_012_pol_pro_Sed_lan_2025_11_Colorado2025_x000512_y008192
Unknown_Sample,20251031_012_pol_pro_Sed_lan_2025_11_Colorado2025.czi,Sed_lan,233.17,1239.0,8238.0,20,20,66.63,0.929,20251031_012_pol_pro_Sed_lan_2025_11_Colorado2025_x001024_y008192
Unknown_Sample,20251031_012_pol_pro_Sed_lan_2025_11_Colorado2025.czi,Sed_lan,195.08,1823.0,8198.0,23,15,64.38,0.954,20251031_012_pol_pro_Sed_lan_2025_11_Colorado2025_x001536_y008192
Unknown_Sample,20251031_012_pol_pro_Sed_lan_2025_11_Colorado2025.czi,Sed_lan,317.06,2035.0,8784.0,23,23,76.28,0.951,20251031_012_pol_pro_Sed_lan_2025_11_Colorado2025_x001536_y008192
Unknown_Sample,20251031_012_pol_pro_Sed_lan_2025_11_Colorado2025.czi,Sed_lan,289.35,2001.0,8763.0,20,24,73.46,0.94,20251031_012_pol_pro_Sed_lan_2025_11_Colorado2025_x001536_y008192
Unknown_Sample,20251031_012_pol_pro_Sed_lan_2025_11_Colorado2025.czi,Sed_lan,163.15,1795.0,8752.0,16,17,56.14,0.934,20251031_012_pol_pro_Sed_lan_2025_11_Colorado2025_x001536_y008192
Unknown_Sample,20251031_012_pol_pro_Sed_lan_2025_11_Colorado2025.czi,Sed_lan,356.69,2624.0,8447.0,24,25,81.7,0.948,20251031_012_pol_pro_Sed_lan_2025_11_Colorado2025_x002048_y008192
Unknown_Sample,20251031_012_pol_pro_Sed_lan_2025_11_Colorado2025.czi,Sed_lan,265.5,2383.0,8799.0,21,21,69.46,0.942,20251031_012_pol_pro_Sed_lan_2025_11_Colorado2025_x002048_y008192
Unknown_Sample,20251031_012_pol_pro_Sed_lan_2025_11_Colorado2025.czi,Sed_lan,230.87,2267.0,8650.0,20,19,65.8,0.939,20251031_012_pol_pro_Sed_lan_2025_11_Colorado2025_x002048_y008192
Unknown_Sample,20251031_012_pol_pro_Sed_lan_2025_11_Colorado2025.czi,Sed_lan,107.74,2644.0,8623.0,15,13,46.14,0.712,20251031_012_pol_pro_Sed_lan_2025_11_Colorado2025_x002048_y008192
Unknown_Sample,20251031_012_pol_pro_Sed_lan_2025_11_Colorado2025.czi,Sed_lan,402.09,2787.0,8676.0,26,25,86.87,0.95,20251031_012_pol_pro_Sed_lan_2025_11_Colorado2025_x002560_y008192
Unknown_Sample,20251031_012_pol_pro_Sed_lan_2025_11_Colorado2025.czi,Sed_lan,345.53,2625.0,8447.0,24,24,80.28,0.943,20251031_012_pol_pro_Sed_lan_2025_11_Colorado2025_x002560_y008192
Unknown_Sample,20251031_012_pol_pro_Sed_lan_2025_11_Colorado2025.czi,Sed_lan,258.19,2700.0,8286.0,21,20,69.21,0.934,20251031_012_pol_pro_Sed_lan_2025_11_Colorado2025_x002560_y008192
Unknown_Sample,20251031_012_pol_pro_Sed_lan_2025_11_Colorado2025.czi,Sed_lan,106.97,2644.0,8623.0,15,13,46.14,0.657,20251031_012_pol_pro_Sed_lan_2025_11_Colorado2025_x002560_y008192
Unknown_Sample,20251031_012_pol_pro_Sed_lan_2025_11_Colorado2025.czi,Sed_lan,286.66,3256.0,8521.0,22,21,74.38,0.942,20251031_012_pol_pro_Sed_lan_2025_11_Colorado2025_x003072_y008192
Unknown_Sample,20251031_012_pol_pro_Sed_lan_2025_11_Colorado2025.czi,Sed_lan,412.87,4898.0,8652.0,26,26,86.53,0.951,20251031_012_pol_pro_Sed_lan_2025_11_Colorado2025_x004608_y008192
Unknown_Sample,20251031_012_pol_pro_Sed_lan_2025_11_Colorado2025.czi,Sed_lan,298.97,5437.0,8432.0,22,22,74.04,0.946,20251031_012_pol_pro_Sed_lan_2025_11_Colorado2025_x005120_y008192
Unknown_Sample,20251031_012_pol_pro_Sed_lan_2025_11_Colorado2025.czi,Sed_lan,317.83,6161.0,8410.0,25,23,77.94,0.91,20251031_012_pol_pro_Sed_lan_2025_11_Colorado2025_x005632_y008192
Unknown_Sample,20251031_012_pol_pro_Sed_lan_2025_11_Colorado2025.czi,Sed_lan,171.23,6142.0,8405.0,16,19,58.38,0.899,20251031_012_pol_pro_Sed_lan_2025_11_Colorado2025_x005632_y008192
Unknown_Sample,20251031_012_pol_pro_Sed_lan_2025_11_Colorado2025.czi,Sed_lan,437.49,6301.0,8274.0,27,26,88.53,0.957,20251031_012_pol_pro_Sed_lan_2025_11_Colorado2025_x006144_y008192
Unknown_Sample,20251031_012_pol_pro_Sed_lan_2025_11_Colorado2025.czi,Sed_lan,180.46,6656.0,8223.0,19,16,59.56,0.932,20251031_012_pol_pro_Sed_lan_2025_11_Colorado2025_x006144_y008192
Unknown_Sample,20251031_012_pol_pro_Sed_lan_2025_11_Colorado2025.czi,Sed_lan,322.44,6161.0,8410.0,25,24,78.77,0.905,20251031_012_pol_pro_Sed_lan_2025_11_Colorado2025_x006144_y008192
Unknown_Sample,20251031_012_pol_pro_Sed_lan_2025_11_Colorado2025.czi,Sed_lan,199.31,6715.0,8824.0,21,15,63.31,0.892,20251031_012_pol_pro_Sed_lan_2025_11_Colorado2025_x006144_y008192
Unknown_Sample,20251031_012_pol_pro_Sed_lan_2025_11_Colorado2025.czi,Sed_lan,386.7,6963.0,8214.0,25,26,84.53,0.954,20251031_012_pol_pro_Sed_lan_2025_11_Colorado2025_x006656_y008192
Unknown_Sample,20251031_012_pol_pro_Sed_lan_2025_11_Colorado2025.czi,Sed_lan,399.01,7102.0,8586.0,25,25,84.87,0.953,20251031_012_pol_pro_Sed_lan_2025_11_Colorado2025_x006656_y008192
Unknown_Sample,20251031_012_pol_pro_Sed_lan_2025_11_Colorado2025.czi,Sed_lan,320.13,7178.0,8453.0,22,23,77.8,0.948,20251031_012_pol_pro_Sed_lan_2025_11_Colorado2025_x006656_y008192
Unknown_Sample,20251031_012_pol_pro_Sed_lan_2025_11_Colorado2025.czi,Sed_lan,382.85,6869.0,8296.0,25,25,83.7,0.943,20251031_012_pol_pro_Sed_lan_2025_11_Colorado2025_x006656_y008192
Unknown_Sample,20251031_012_pol_pro_Sed_lan_2025_11_Colorado2025.czi,Sed_lan,83.88,6661.0,8222.0,10,16,44.49,0.938,20251031_012_pol_pro_Sed_lan_2025_11_Colorado2025_x006656_y008192
Unknown_Sample,20251031_012_pol_pro_Sed_lan_2025_11_Colorado2025.czi,Sed_lan,199.7,6715.0,8824.0,21,15,63.9,0.891,20251031_012_pol_pro_Sed_lan_2025_11_Colorado2025_x006656_y008192
Unknown_Sample,20251031_012_pol_pro_Sed_lan_2025_11_Colorado2025.czi,Sed_lan,390.16,7550.0,8222.0,24,26,84.28,0.955,20251031_012_pol_pro_Sed_lan_2025_11_Colorado2025_x007168_y008192
Unknown_Sample,20251031_012_pol_pro_Sed_lan_2025_11_Colorado2025.czi,Sed_lan,309.75,7178.0,8453.0,21,23,76.38,0.952,20251031_012_pol_pro_Sed_lan_2025_11_Colorado2025_x007168_y008192
Unknown_Sample,20251031_012_pol_pro_Sed_lan_2025_11_Colorado2025.czi,Sed_lan,360.15,7468.0,8450.0,24,25,81.11,0.949,20251031_012_pol_pro_Sed_lan_2025_11_Colorado2025_x007168_y008192
Unknown_Sample,20251031_012_pol_pro_Sed_lan_2025_11_Colorado2025.czi,Sed_lan,371.69,8055.0,8572.0,26,24,85.46,0.943,20251031_012_pol_pro_Sed_lan_2025_11_Colorado2025_x007680_y008192
Unknown_Sample,20251031_012_pol_pro_Sed_lan_2025_11_Colorado2025.czi,Sed_lan,169.69,8344.0,8788.0,19,16,57.21,0.93,20251031_012_pol_pro_Sed_lan_2025_11_Colorado2025_x008192_y008192
Unknown_Sample,20251031_012_pol_pro_Sed_lan_2025_11_Colorado2025.czi,Sed_lan,333.99,9385.0,8759.0,23,24,78.28,0.955,20251031_012_pol_pro_Sed_lan_2025_11_Colorado2025_x009216_y008192
Unknown_Sample,20251031_012_pol_pro_Sed_lan_2025_11_Colorado2025.czi,Sed_lan,284.73,11228.0,8221.0,22,21,72.63,0.949,20251031_012_pol_pro_Sed_lan_2025_11_Colorado2025_x010752_y008192
Unknown_Sample,20251031_012_pol_pro_Sed_lan_2025_11_Colorado2025.czi,Sed_lan,343.99,11290.0,8676.0,23,24,80.63,0.936,20251031_012_pol_pro_Sed_lan_2025_11_Colorado2025_x010752_y008192
Unknown_Sample,20251031_012_pol_pro_Sed_lan_2025_11_Colorado2025.czi,Sed_lan,384.01,11502.0,8410.0,25,25,83.11,0.956,20251031_012_pol_pro_Sed_lan_2025_11_Colorado2025_x011264_y008192
Unknown_Sample,20251031_012_pol_pro_Sed_lan_2025_11_Colorado2025.czi,Sed_lan,400.94,11546.0,8710.0,25,27,85.94,0.954,20251031_012_pol_pro_Sed_lan_2025_11_Colorado2025_x011264_y008192
Unknown_Sample,20251031_012_pol_pro_Sed_lan_2025_11_Colorado2025.czi,Sed_lan,216.24,11705.0,8784.0,20,18,64.97,0.944,20251031_012_pol_pro_Sed_lan_2025_11_Colorado2025_x011264_y008192
Unknown_Sample,20251031_012_pol_pro_Sed_lan_2025_11_Colorado2025.czi,Sed_lan,189.69,11396.0,8281.0,19,17,60.38,0.938,20251031_012_pol_pro_Sed_lan_2025_11_Colorado2025_x011264_y008192
Unknown_Sample,20251031_012_pol_pro_Sed_lan_2025_11_Colorado2025.czi,Sed_lan,343.99,11290.0,8676.0,23,24,80.63,0.935,20251031_012_pol_pro_Sed_lan_2025_11_Colorado2025_x011264_y008192
Unknown_Sample,20251031_012_pol_pro_Sed_lan_2025_11_Colorado2025.czi,Sed_lan,318.21,12388.0,8229.0,24,22,78.04,0.952,20251031_012_pol_pro_Sed_lan_2025_11_Colorado2025_x011776_y008192
Unknown_Sample,20251031_012_pol_pro_Sed_lan_2025_11_Colorado2025.czi,Sed_lan,329.75,12106.0,8729.0,24,23,77.7,0.939,20251031_012_pol_pro_Sed_lan_2025_11_Colorado2025_x011776_y008192
Unknown_Sample,20251031_012_pol_pro_Sed_lan_2025_11_Colorado2025.czi,Sed_lan,318.21,12388.0,8229.0,24,22,78.04,0.952,20251031_012_pol_pro_Sed_lan_2025_11_Colorado2025_x012288_y008192
Unknown_Sample,20251031_012_pol_pro_Sed_lan_2025_11_Colorado2025.czi,Sed_lan,278.58,12814.0,8483.0,21,22,72.63,0.944,20251031_012_pol_pro_Sed_lan_2025_11_Colorado2025_x012288_y008192
Unknown_Sample,20251031_012_pol_pro_Sed_lan_2025_11_Colorado2025.czi,Sed_lan,325.14,12942.0,8216.0,23,23,76.87,0.951,20251031_012_pol_pro_Sed_lan_2025_11_Colorado2025_x012800_y008192
Unknown_Sample,20251031_012_pol_pro_Sed_lan_2025_11_Colorado2025.czi,Sed_lan,362.84,12935.0,8730.0,24,25,81.7,0.948,20251031_012_pol_pro_Sed_lan_2025_11_Colorado2025_x012800_y008192
Unknown_Sample,20251031_012_pol_pro_Sed_lan_2025_11_Colorado2025.czi,Sed_lan,279.73,12814.0,8483.0,21,22,72.04,0.943,20251031_012_pol_pro_Sed_lan_2025_11_Colorado2025_x012800_y008192
Unknown_Sample,20251031_012_pol_pro_Sed_lan_2025_11_Colorado2025.czi,Sed_lan,263.19,13770.0,8449.0,21,20,70.97,0.953,20251031_012_pol_pro_Sed_lan_2025_11_Colorado2025_x013312_y008192
Unknown_Sample,20251031_012_pol_pro_Sed_lan_2025_11_Colorado2025.czi,Sed_lan,320.13,13628.0,8211.0,23,24,77.11,0.951,20251031_012_pol_pro_Sed_lan_2025_11_Colorado2025_x013312_y008192
Unknown_Sample,20251031_012_pol_pro_Sed_lan_2025_11_Colorado2025.czi,Sed_lan,195.08,13696.0,8554.0,16,21,62.38,0.935,20251031_012_pol_pro_Sed_lan_2025_11_Colorado2025_x013312_y008192
Unknown_Sample,20251031_012_pol_pro_Sed_lan_2025_11_Colorado2025.czi,Sed_lan,188.93,13923.0,8239.0,21,15,61.56,0.926,20251031_012_pol_pro_Sed_lan_2025_11_Colorado2025_x013312_y008192
Unknown_Sample,20251031_012_pol_pro_Sed_lan_2025_11_Colorado2025.czi,Sed_lan,340.53,13970.0,8783.0,23,24,80.04,0.955,20251031_012_pol_pro_Sed_lan_2025_11_Colorado2025_x013824_y008192
Unknown_Sample,20251031_012_pol_pro_Sed_lan_2025_11_Colorado2025.czi,Sed_lan,305.9,14395.0,8566.0,23,22,76.04,0.952,20251031_012_pol_pro_Sed_lan_2025_11_Colorado2025_x013824_y008192
Unknown_Sample,20251031_012_pol_pro_Sed_lan_2025_11_Colorado2025.czi,Sed_lan,196.62,13922.0,8239.0,22,16,64.38,0.929,20251031_012_pol_pro_Sed_lan_2025_11_Colorado2025_x013824_y008192
Unknown_Sample,20251031_012_pol_pro_Sed_lan_2025_11_Colorado2025.czi,Sed_lan,141.21,14113.0,8620.0,18,14,52.38,0.928,20251031_012_pol_pro_Sed_lan_2025_11_Colorado2025_x013824_y008192
Unknown_Sample,20251031_012_pol_pro_Sed_lan_2025_11_Colorado2025.czi,Sed_lan,305.9,14395.0,8566.0,23,22,76.04,0.951,20251031_012_pol_pro_Sed_lan_2025_11_Colorado2025_x014336_y008192
Unknown_Sample,20251031_012_pol_pro_Sed_lan_2025_11_Colorado2025.czi,Sed_lan,262.8,14648.0,8513.0,21,20,69.21,0.949,20251031_012_pol_pro_Sed_lan_2025_11_Colorado2025_x014336_y008192
Unknown_Sample,20251031_012_pol_pro_Sed_lan_2025_11_Colorado2025.czi,Sed_lan,276.65,14575.0,8340.0,21,22,70.87,0.942,20251031_012_pol_pro_Sed_lan_2025_11_Colorado2025_x014336_y008192
Unknown_Sample,20251031_012_pol_pro_Sed_lan_2025_11_Colorado2025.czi,Sed_lan,220.48,14992.0,8362.0,19,19,64.38,0.94,20251031_012_pol_pro_Sed_lan_2025_11_Colorado2025_x014848_y008192
Unknown_Sample,20251031_012_pol_pro_Sed_lan_2025_11_Colorado2025.czi,Sed_lan,148.52,15032.0,8359.0,17,15,54.14,0.93,20251031_012_pol_pro_Sed_lan_2025_11_Colorado2025_x014848_y008192
Unknown_Sample,20251031_012_pol_pro_Sed_lan_2025_11_Colorado2025.czi,Sed_lan,221.63,15698.0,8538.0,17,21,64.97,0.924,20251031_012_pol_pro_Sed_lan_2025_11_Colorado2025_x015360_y008192
Unknown_Sample,20251031_012_pol_pro_Sed_lan_2025_11_Colorado2025.czi,Sed_lan,319.36,16383.0,8401.0,23,23,76.28,0.949,20251031_012_pol_pro_Sed_lan_2025_11_Colorado2025_x015872_y008192
Unknown_Sample,20251031_012_pol_pro_Sed_lan_2025_11_Colorado2025.czi,Sed_lan,186.62,16056.0,8205.0,17,18,59.56,0.937,20251031_012_pol_pro_Sed_lan_2025_11_Colorado2025_x015872_y008192
Unknown_Sample,20251031_012_pol_pro_Sed_lan_2025_11_Colorado2025.czi,Sed_lan,191.23,16469.0,8630.0,19,17,59.21,0.935,20251031_012_pol_pro_Sed_lan_2025_11_Colorado2025_x015872_y008192
Unknown_Sample,20251031_012_pol_pro_Sed_lan_2025_11_Colorado2025.czi,Sed_lan,229.71,16431.0,8439.0,19,20,66.38,0.925,20251031_012_pol_pro_Sed_lan_2025_11_Colorado2025_x015872_y008192
Unknown_Sample,20251031_012_pol_pro_Sed_lan_2025_11_Colorado2025.czi,Sed_lan,232.41,16498.0,8774.0,21,18,65.8,0.923,20251031_012_pol_pro_Sed_lan_2025_11_Colorado2025_x015872_y008192
Unknown_Sample,20251031_012_pol_pro_Sed_lan_2025_11_Colorado2025.czi,Sed_lan,125.05,16389.0,8401.0,11,22,55.56,0.913,20251031_012_pol_pro_Sed_lan_2025_11_Colorado2025_x016384_y008192
Unknown_Sample,20251031_012_pol_pro_Sed_lan_2025_11_Colorado2025.czi,Sed_lan,239.33,16498.0,8774.0,21,18,66.97,0.902,20251031_012_pol_pro_Sed_lan_2025_11_Colorado2025_x016384_y008192
Unknown_Sample,20251031_012_pol_pro_Sed_lan_2025_11_Colorado2025.czi,Sed_lan,175.07,16469.0,8631.0,18,16,56.38,0.86,20251031_012_pol_pro_Sed_lan_2025_11_Colorado2025_x016384_y008192
Unknown_Sample,20251031_012_pol_pro_Sed_lan_2025_11_Colorado2025.czi,Sed_lan,231.64,16431.0,8439.0,19,20,66.97,0.858,20251031_012_pol_pro_Sed_lan_2025_11_Colorado2025_x016384_y008192
Unknown_Sample,20251031_012_pol_pro_Sed_lan_2025_11_Colorado2025.czi,Sed_lan,249.72,338.0,9185.0,21,20,69.21,0.911,20251031_012_pol_pro_Sed_lan_2025_11_Colorado2025_x000000_y008704
Unknown_Sample,20251031_012_pol_pro_Sed_lan_2025_11_Colorado2025.czi,Sed_lan,253.57,1101.0,9016.0,21,20,70.38,0.929,20251031_012_pol_pro_Sed_lan_2025_11_Colorado2025_x000512_y008704
Unknown_Sample,20251031_012_pol_pro_Sed_lan_2025_11_Colorado2025.czi,Sed_lan,253.57,1101.0,9016.0,21,20,70.38,0.928,20251031_012_pol_pro_Sed_lan_2025_11_Colorado2025_x001024_y008704
Unknown_Sample,20251031_012_pol_pro_Sed_lan_2025_11_Colorado2025.czi,Sed_lan,281.66,1925.0,9311.0,22,21,72.63,0.954,20251031_012_pol_pro_Sed_lan_2025_11_Colorado2025_x001536_y008704
Unknown_Sample,20251031_012_pol_pro_Sed_lan_2025_11_Colorado2025.czi,Sed_lan,317.06,2035.0,8784.0,23,23,76.28,0.951,20251031_012_pol_pro_Sed_lan_2025_11_Colorado2025_x001536_y008704
Unknown_Sample,20251031_012_pol_pro_Sed_lan_2025_11_Colorado2025.czi,Sed_lan,314.36,2093.0,9165.0,23,23,76.87,0.942,20251031_012_pol_pro_Sed_lan_2025_11_Colorado2025_x001536_y008704
Unknown_Sample,20251031_012_pol_pro_Sed_lan_2025_11_Colorado2025.czi,Sed_lan,289.35,2001.0,8763.0,20,24,73.46,0.94,20251031_012_pol_pro_Sed_lan_2025_11_Colorado2025_x001536_y008704
Unknown_Sample,20251031_012_pol_pro_Sed_lan_2025_11_Colorado2025.czi,Sed_lan,267.42,1904.0,9120.0,22,20,70.04,0.938,20251031_012_pol_pro_Sed_lan_2025_11_Colorado2025_x001536_y008704
Unknown_Sample,20251031_012_pol_pro_Sed_lan_2025_11_Colorado2025.czi,Sed_lan,163.15,1795.0,8752.0,16,17,56.14,0.936,20251031_012_pol_pro_Sed_lan_2025_11_Colorado2025_x001536_y008704
Unknown_Sample,20251031_012_pol_pro_Sed_lan_2025_11_Colorado2025.czi,Sed_lan,262.42,2598.0,9150.0,21,21,70.63,0.945,20251031_012_pol_pro_Sed_lan_2025_11_Colorado2025_x002048_y008704
Unknown_Sample,20251031_012_pol_pro_Sed_lan_2025_11_Colorado2025.czi,Sed_lan,265.5,2383.0,8799.0,21,21,69.46,0.942,20251031_012_pol_pro_Sed_lan_2025_11_Colorado2025_x002048_y008704
Unknown_Sample,20251031_012_pol_pro_Sed_lan_2025_11_Colorado2025.czi,Sed_lan,314.36,2093.0,9165.0,23,23,76.87,0.94,20251031_012_pol_pro_Sed_lan_2025_11_Colorado2025_x002048_y008704
Unknown_Sample,20251031_012_pol_pro_Sed_lan_2025_11_Colorado2025.czi,Sed_lan,238.95,2889.0,9167.0,19,21,67.21,0.946,20251031_012_pol_pro_Sed_lan_2025_11_Colorado2025_x002560_y008704
Unknown_Sample,20251031_012_pol_pro_Sed_lan_2025_11_Colorado2025.czi,Sed_lan,263.96,2598.0,9150.0,21,21,70.63,0.944,20251031_012_pol_pro_Sed_lan_2025_11_Colorado2025_x002560_y008704
Unknown_Sample,20251031_012_pol_pro_Sed_lan_2025_11_Colorado2025.czi,Sed_lan,141.6,3030.0,9112.0,16,14,51.31,0.929,20251031_012_pol_pro_Sed_lan_2025_11_Colorado2025_x002560_y008704
Unknown_Sample,20251031_012_pol_pro_Sed_lan_2025_11_Colorado2025.czi,Sed_lan,292.05,3663.0,8908.0,22,22,72.87,0.947,20251031_012_pol_pro_Sed_lan_2025_11_Colorado2025_x003072_y008704
Unknown_Sample,20251031_012_pol_pro_Sed_lan_2025_11_Colorado2025.czi,Sed_lan,303.2,3246.0,9192.0,24,22,75.11,0.945,20251031_012_pol_pro_Sed_lan_2025_11_Colorado2025_x003072_y008704
Unknown_Sample,20251031_012_pol_pro_Sed_lan_2025_11_Colorado2025.czi,Sed_lan,290.12,3663.0,8908.0,22,22,73.46,0.946,20251031_012_pol_pro_Sed_lan_2025_11_Colorado2025_x003584_y008704
Unknown_Sample,20251031_012_pol_pro_Sed_lan_2025_11_Colorado2025.czi,Sed_lan,286.27,3939.0,8948.0,22,21,71.46,0.942,20251031_012_pol_pro_Sed_lan_2025_11_Colorado2025_x003584_y008704
Unknown_Sample,20251031_012_pol_pro_Sed_lan_2025_11_Colorado2025.czi,Sed_lan,185.46,3730.0,9054.0,18,17,58.97,0.941,20251031_012_pol_pro_Sed_lan_2025_11_Colorado2025_x003584_y008704
Unknown_Sample,20251031_012_pol_pro_Sed_lan_2025_11_Colorado2025.czi,Sed_lan,374.39,4165.0,9164.0,25,25,83.7,0.941,20251031_012_pol_pro_Sed_lan_2025_11_Colorado2025_x003584_y008704
Unknown_Sample,20251031_012_pol_pro_Sed_lan_2025_11_Colorado2025.czi,Sed_lan,375.93,4165.0,9164.0,25,25,83.7,0.94,20251031_012_pol_pro_Sed_lan_2025_11_Colorado2025_x004096_y008704
Unknown_Sample,20251031_012_pol_pro_Sed_lan_2025_11_Colorado2025.czi,Sed_lan,344.76,4957.0,9296.0,24,24,80.28,0.949,20251031_012_pol_pro_Sed_lan_2025_11_Colorado2025_x004608_y008704
Unknown_Sample,20251031_012_pol_pro_Sed_lan_2025_11_Colorado2025.czi,Sed_lan,315.13,5316.0,8917.0,22,24,75.7,0.944,20251031_012_pol_pro_Sed_lan_2025_11_Colorado2025_x005120_y008704
Unknown_Sample,20251031_012_pol_pro_Sed_lan_2025_11_Colorado2025.czi,Sed_lan,365.15,6423.0,8993.0,24,24,82.04,0.955,20251031_012_pol_pro_Sed_lan_2025_11_Colorado2025_x006144_y008704
Unknown_Sample,20251031_012_pol_pro_Sed_lan_2025_11_Colorado2025.czi,Sed_lan,308.59,6352.0,9160.0,22,22,74.63,0.954,20251031_012_pol_pro_Sed_lan_2025_11_Colorado2025_x006144_y008704
Unknown_Sample,20251031_012_pol_pro_Sed_lan_2025_11_Colorado2025.czi,Sed_lan,441.34,6537.0,9011.0,27,27,91.7,0.954,20251031_012_pol_pro_Sed_lan_2025_11_Colorado2025_x006144_y008704
Unknown_Sample,20251031_012_pol_pro_Sed_lan_2025_11_Colorado2025.czi,Sed_lan,317.44,6332.0,8955.0,22,24,76.87,0.943,20251031_012_pol_pro_Sed_lan_2025_11_Colorado2025_x006144_y008704
Unknown_Sample,20251031_012_pol_pro_Sed_lan_2025_11_Colorado2025.czi,Sed_lan,200.47,6715.0,8824.0,21,16,61.21,0.932,20251031_012_pol_pro_Sed_lan_2025_11_Colorado2025_x006144_y008704
Unknown_Sample,20251031_012_pol_pro_Sed_lan_2025_11_Colorado2025.czi,Sed_lan,382.08,7250.0,9015.0,25,24,85.21,0.957,20251031_012_pol_pro_Sed_lan_2025_11_Colorado2025_x006656_y008704
Unknown_Sample,20251031_012_pol_pro_Sed_lan_2025_11_Colorado2025.czi,Sed_lan,349.76,6810.0,9237.0,24,24,79.7,0.946,20251031_012_pol_pro_Sed_lan_2025_11_Colorado2025_x006656_y008704
Unknown_Sample,20251031_012_pol_pro_Sed_lan_2025_11_Colorado2025.czi,Sed_lan,232.79,6841.0,8959.0,20,19,67.56,0.941,20251031_012_pol_pro_Sed_lan_2025_11_Colorado2025_x006656_y008704
Unknown_Sample,20251031_012_pol_pro_Sed_lan_2025_11_Colorado2025.czi,Sed_lan,195.08,6715.0,8824.0,20,16,60.38,0.931,20251031_012_pol_pro_Sed_lan_2025_11_Colorado2025_x006656_y008704
Unknown_Sample,20251031_012_pol_pro_Sed_lan_2025_11_Colorado2025.czi,Sed_lan,486.74,7307.0,8953.0,28,28,93.36,0.958,20251031_012_pol_pro_Sed_lan_2025_11_Colorado2025_x007168_y008704
Unknown_Sample,20251031_012_pol_pro_Sed_lan_2025_11_Colorado2025.czi,Sed_lan,382.85,7250.0,9015.0,25,24,85.21,0.958,20251031_012_pol_pro_Sed_lan_2025_11_Colorado2025_x007168_y008704
Unknown_Sample,20251031_012_pol_pro_Sed_lan_2025_11_Colorado2025.czi,Sed_lan,379.01,7604.0,9173.0,25,25,83.7,0.949,20251031_012_pol_pro_Sed_lan_2025_11_Colorado2025_x007168_y008704
Unknown_Sample,20251031_012_pol_pro_Sed_lan_2025_11_Colorado2025.czi,Sed_lan,388.62,8131.0,9112.0,26,25,85.11,0.952,20251031_012_pol_pro_Sed_lan_2025_11_Colorado2025_x007680_y008704
Unknown_Sample,20251031_012_pol_pro_Sed_lan_2025_11_Colorado2025.czi,Sed_lan,169.69,8344.0,8788.0,19,16,57.21,0.932,20251031_012_pol_pro_Sed_lan_2025_11_Colorado2025_x008192_y008704
Unknown_Sample,20251031_012_pol_pro_Sed_lan_2025_11_Colorado2025.czi,Sed_lan,333.99,9385.0,8759.0,23,24,78.28,0.955,20251031_012_pol_pro_Sed_lan_2025_11_Colorado2025_x009216_y008704
Unknown_Sample,20251031_012_pol_pro_Sed_lan_2025_11_Colorado2025.czi,Sed_lan,166.61,10241.0,9271.0,15,19,57.56,0.925,20251031_012_pol_pro_Sed_lan_2025_11_Colorado2025_x009728_y008704
Unknown_Sample,20251031_012_pol_pro_Sed_lan_2025_11_Colorado2025.czi,Sed_lan,297.82,11377.0,9279.0,22,22,74.63,0.949,20251031_012_pol_pro_Sed_lan_2025_11_Colorado2025_x010752_y008704
Unknown_Sample,20251031_012_pol_pro_Sed_lan_2025_11_Colorado2025.czi,Sed_lan,281.27,11024.0,8995.0,21,22,72.04,0.947,20251031_012_pol_pro_Sed_lan_2025_11_Colorado2025_x010752_y008704
Unknown_Sample,20251031_012_pol_pro_Sed_lan_2025_11_Colorado2025.czi,Sed_lan,299.74,11546.0,8713.0,25,20,77.21,0.958,20251031_012_pol_pro_Sed_lan_2025_11_Colorado2025_x011264_y008704
Unknown_Sample,20251031_012_pol_pro_Sed_lan_2025_11_Colorado2025.czi,Sed_lan,295.51,11376.0,9279.0,22,22,74.63,0.954,20251031_012_pol_pro_Sed_lan_2025_11_Colorado2025_x011264_y008704
Unknown_Sample,20251031_012_pol_pro_Sed_lan_2025_11_Colorado2025.czi,Sed_lan,311.67,11518.0,9232.0,23,22,75.46,0.951,20251031_012_pol_pro_Sed_lan_2025_11_Colorado2025_x011264_y008704
Unknown_Sample,20251031_012_pol_pro_Sed_lan_2025_11_Colorado2025.czi,Sed_lan,215.86,11705.0,8784.0,20,18,64.38,0.944,20251031_012_pol_pro_Sed_lan_2025_11_Colorado2025_x011264_y008704
Unknown_Sample,20251031_012_pol_pro_Sed_lan_2025_11_Colorado2025.czi,Sed_lan,323.6,11892.0,9079.0,22,23,78.38,0.94,20251031_012_pol_pro_Sed_lan_2025_11_Colorado2025_x011264_y008704
Unknown_Sample,20251031_012_pol_pro_Sed_lan_2025_11_Colorado2025.czi,Sed_lan,364.0,11569.0,9290.0,25,25,81.94,0.939,20251031_012_pol_pro_Sed_lan_2025_11_Colorado2025_x011264_y008704
Unknown_Sample,20251031_012_pol_pro_Sed_lan_2025_11_Colorado2025.czi,Sed_lan,366.69,12147.0,9086.0,24,25,82.87,0.957,20251031_012_pol_pro_Sed_lan_2025_11_Colorado2025_x011776_y008704
Unknown_Sample,20251031_012_pol_pro_Sed_lan_2025_11_Colorado2025.czi,Sed_lan,329.75,11892.0,9079.0,24,23,77.7,0.949,20251031_012_pol_pro_Sed_lan_2025_11_Colorado2025_x011776_y008704
Unknown_Sample,20251031_012_pol_pro_Sed_lan_2025_11_Colorado2025.czi,Sed_lan,375.93,12306.0,9052.0,25,25,84.87,0.948,20251031_012_pol_pro_Sed_lan_2025_11_Colorado2025_x011776_y008704
Unknown_Sample,20251031_012_pol_pro_Sed_lan_2025_11_Colorado2025.czi,Sed_lan,329.75,12106.0,8729.0,24,23,77.7,0.939,20251031_012_pol_pro_Sed_lan_2025_11_Colorado2025_x011776_y008704
Unknown_Sample,20251031_012_pol_pro_Sed_lan_2025_11_Colorado2025.czi,Sed_lan,377.47,12306.0,9052.0,25,25,84.87,0.948,20251031_012_pol_pro_Sed_lan_2025_11_Colorado2025_x012288_y008704
Unknown_Sample,20251031_012_pol_pro_Sed_lan_2025_11_Colorado2025.czi,Sed_lan,280.5,12837.0,9203.0,21,22,72.04,0.944,20251031_012_pol_pro_Sed_lan_2025_11_Colorado2025_x012288_y008704
Unknown_Sample,20251031_012_pol_pro_Sed_lan_2025_11_Colorado2025.czi,Sed_lan,361.31,12935.0,8730.0,24,25,81.7,0.948,20251031_012_pol_pro_Sed_lan_2025_11_Colorado2025_x012800_y008704
Unknown_Sample,20251031_012_pol_pro_Sed_lan_2025_11_Colorado2025.czi,Sed_lan,320.13,13154.0,9053.0,23,23,77.46,0.942,20251031_012_pol_pro_Sed_lan_2025_11_Colorado2025_x012800_y008704
Unknown_Sample,20251031_012_pol_pro_Sed_lan_2025_11_Colorado2025.czi,Sed_lan,282.81,12837.0,9203.0,22,22,74.04,0.942,20251031_012_pol_pro_Sed_lan_2025_11_Colorado2025_x012800_y008704
Unknown_Sample,20251031_012_pol_pro_Sed_lan_2025_11_Colorado2025.czi,Sed_lan,182.77,13088.0,8841.0,18,17,59.56,0.933,20251031_012_pol_pro_Sed_lan_2025_11_Colorado2025_x012800_y008704
Unknown_Sample,20251031_012_pol_pro_Sed_lan_2025_11_Colorado2025.czi,Sed_lan,340.53,13970.0,8783.0,23,24,80.04,0.957,20251031_012_pol_pro_Sed_lan_2025_11_Colorado2025_x013824_y008704
Unknown_Sample,20251031_012_pol_pro_Sed_lan_2025_11_Colorado2025.czi,Sed_lan,265.11,14024.0,9018.0,21,21,71.21,0.949,20251031_012_pol_pro_Sed_lan_2025_11_Colorado2025_x013824_y008704
Unknown_Sample,20251031_012_pol_pro_Sed_lan_2025_11_Colorado2025.czi,Sed_lan,218.55,13987.0,8991.0,19,20,64.63,0.944,20251031_012_pol_pro_Sed_lan_2025_11_Colorado2025_x013824_y008704
Unknown_Sample,20251031_012_pol_pro_Sed_lan_2025_11_Colorado2025.czi,Sed_lan,230.1,14060.0,9209.0,20,19,65.8,0.941,20251031_012_pol_pro_Sed_lan_2025_11_Colorado2025_x013824_y008704
Unknown_Sample,20251031_012_pol_pro_Sed_lan_2025_11_Colorado2025.czi,Sed_lan,289.35,14306.0,8839.0,22,21,73.8,0.94,20251031_012_pol_pro_Sed_lan_2025_11_Colorado2025_x013824_y008704
Unknown_Sample,20251031_012_pol_pro_Sed_lan_2025_11_Colorado2025.czi,Sed_lan,250.1,14941.0,8858.0,20,20,68.97,0.943,20251031_012_pol_pro_Sed_lan_2025_11_Colorado2025_x014336_y008704
Unknown_Sample,20251031_012_pol_pro_Sed_lan_2025_11_Colorado2025.czi,Sed_lan,150.06,14563.0,9333.0,16,16,52.97,0.873,20251031_012_pol_pro_Sed_lan_2025_11_Colorado2025_x014336_y008704
Unknown_Sample,20251031_012_pol_pro_Sed_lan_2025_11_Colorado2025.czi,Sed_lan,250.1,14941.0,8858.0,20,20,68.97,0.942,20251031_012_pol_pro_Sed_lan_2025_11_Colorado2025_x014848_y008704
Unknown_Sample,20251031_012_pol_pro_Sed_lan_2025_11_Colorado2025.czi,Sed_lan,270.11,15005.0,9334.0,23,18,73.31,0.909,20251031_012_pol_pro_Sed_lan_2025_11_Colorado2025_x014848_y008704
Unknown_Sample,20251031_012_pol_pro_Sed_lan_2025_11_Colorado2025.czi,Sed_lan,257.03,15576.0,8833.0,20,20,70.14,0.948,20251031_012_pol_pro_Sed_lan_2025_11_Colorado2025_x015360_y008704
Unknown_Sample,20251031_012_pol_pro_Sed_lan_2025_11_Colorado2025.czi,Sed_lan,310.51,15568.0,8931.0,23,23,74.53,0.89,20251031_012_pol_pro_Sed_lan_2025_11_Colorado2025_x015360_y008704
Unknown_Sample,20251031_012_pol_pro_Sed_lan_2025_11_Colorado2025.czi,Sed_lan,300.9,15587.0,8919.0,24,23,75.94,0.886,20251031_012_pol_pro_Sed_lan_2025_11_Colorado2025_x015360_y008704
Unknown_Sample,20251031_012_pol_pro_Sed_lan_2025_11_Colorado2025.czi,Sed_lan,156.99,15607.0,8926.0,16,17,55.8,0.861,20251031_012_pol_pro_Sed_lan_2025_11_Colorado2025_x015360_y008704
Unknown_Sample,20251031_012_pol_pro_Sed_lan_2025_11_Colorado2025.czi,Sed_lan,166.99,16013.0,9012.0,18,16,56.97,0.935,20251031_012_pol_pro_Sed_lan_2025_11_Colorado2025_x015872_y008704
Unknown_Sample,20251031_012_pol_pro_Sed_lan_2025_11_Colorado2025.czi,Sed_lan,237.41,16303.0,9311.0,20,20,66.04,0.929,20251031_012_pol_pro_Sed_lan_2025_11_Colorado2025_x015872_y008704
Unknown_Sample,20251031_012_pol_pro_Sed_lan_2025_11_Colorado2025.czi,Sed_lan,232.41,16498.0,8774.0,21,18,65.8,0.921,20251031_012_pol_pro_Sed_lan_2025_11_Colorado2025_x015872_y008704
Unknown_Sample,20251031_012_pol_pro_Sed_lan_2025_11_Colorado2025.czi,Sed_lan,227.4,16499.0,8774.0,20,18,65.56,0.891,20251031_012_pol_pro_Sed_lan_2025_11_Colorado2025_x016384_y008704
Unknown_Sample,20251031_012_pol_pro_Sed_lan_2025_11_Colorado2025.czi,Sed_lan,210.09,583.0,9468.0,19,19,62.63,0.929,20251031_012_pol_pro_Sed_lan_2025_11_Colorado2025_x000000_y009216
Unknown_Sample,20251031_012_pol_pro_Sed_lan_2025_11_Colorado2025.czi,Sed_lan,249.72,396.0,9393.0,20,20,69.56,0.926,20251031_012_pol_pro_Sed_lan_2025_11_Colorado2025_x000000_y009216
Unknown_Sample,20251031_012_pol_pro_Sed_lan_2025_11_Colorado2025.czi,Sed_lan,215.47,295.0,9466.0,19,20,65.8,0.621,20251031_012_pol_pro_Sed_lan_2025_11_Colorado2025_x000000_y009216
Unknown_Sample,20251031_012_pol_pro_Sed_lan_2025_11_Colorado2025.czi,Sed_lan,211.63,583.0,9468.0,19,19,63.8,0.92,20251031_012_pol_pro_Sed_lan_2025_11_Colorado2025_x000512_y009216
Unknown_Sample,20251031_012_pol_pro_Sed_lan_2025_11_Colorado2025.czi,Sed_lan,257.03,1274.0,9776.0,21,20,69.8,0.904,20251031_012_pol_pro_Sed_lan_2025_11_Colorado2025_x001024_y009216
Unknown_Sample,20251031_012_pol_pro_Sed_lan_2025_11_Colorado2025.czi,Sed_lan,281.66,1925.0,9311.0,22,21,72.63,0.954,20251031_012_pol_pro_Sed_lan_2025_11_Colorado2025_x001536_y009216
Unknown_Sample,20251031_012_pol_pro_Sed_lan_2025_11_Colorado2025.czi,Sed_lan,250.49,1699.0,9493.0,20,20,68.38,0.943,20251031_012_pol_pro_Sed_lan_2025_11_Colorado2025_x001536_y009216
Unknown_Sample,20251031_012_pol_pro_Sed_lan_2025_11_Colorado2025.czi,Sed_lan,323.98,2131.0,9794.0,23,23,76.28,0.942,20251031_012_pol_pro_Sed_lan_2025_11_Colorado2025_x001536_y009216
Unknown_Sample,20251031_012_pol_pro_Sed_lan_2025_11_Colorado2025.czi,Sed_lan,301.28,2668.0,9693.0,22,22,75.21,0.944,20251031_012_pol_pro_Sed_lan_2025_11_Colorado2025_x002048_y009216
Unknown_Sample,20251031_012_pol_pro_Sed_lan_2025_11_Colorado2025.czi,Sed_lan,322.06,2131.0,9794.0,23,23,76.87,0.941,20251031_012_pol_pro_Sed_lan_2025_11_Colorado2025_x002048_y009216
Unknown_Sample,20251031_012_pol_pro_Sed_lan_2025_11_Colorado2025.czi,Sed_lan,311.28,3136.0,9368.0,22,22,75.21,0.957,20251031_012_pol_pro_Sed_lan_2025_11_Colorado2025_x002560_y009216
Unknown_Sample,20251031_012_pol_pro_Sed_lan_2025_11_Colorado2025.czi,Sed_lan,327.44,2806.0,9491.0,23,24,77.7,0.951,20251031_012_pol_pro_Sed_lan_2025_11_Colorado2025_x002560_y009216
Unknown_Sample,20251031_012_pol_pro_Sed_lan_2025_11_Colorado2025.czi,Sed_lan,302.05,2668.0,9693.0,22,22,75.21,0.945,20251031_012_pol_pro_Sed_lan_2025_11_Colorado2025_x002560_y009216
Unknown_Sample,20251031_012_pol_pro_Sed_lan_2025_11_Colorado2025.czi,Sed_lan,277.81,3145.0,9759.0,22,21,72.63,0.938,20251031_012_pol_pro_Sed_lan_2025_11_Colorado2025_x002560_y009216
Unknown_Sample,20251031_012_pol_pro_Sed_lan_2025_11_Colorado2025.czi,Sed_lan,311.28,3136.0,9368.0,22,22,75.21,0.956,20251031_012_pol_pro_Sed_lan_2025_11_Colorado2025_x003072_y009216
Unknown_Sample,20251031_012_pol_pro_Sed_lan_2025_11_Colorado2025.czi,Sed_lan,274.73,3145.0,9759.0,22,21,71.46,0.941,20251031_012_pol_pro_Sed_lan_2025_11_Colorado2025_x003072_y009216
Unknown_Sample,20251031_012_pol_pro_Sed_lan_2025_11_Colorado2025.czi,Sed_lan,250.1,3326.0,9776.0,21,20,68.63,0.94,20251031_012_pol_pro_Sed_lan_2025_11_Colorado2025_x003072_y009216
Unknown_Sample,20251031_012_pol_pro_Sed_lan_2025_11_Colorado2025.czi,Sed_lan,179.69,3199.0,9770.0,18,18,58.04,0.901,20251031_012_pol_pro_Sed_lan_2025_11_Colorado2025_x003072_y009216
Unknown_Sample,20251031_012_pol_pro_Sed_lan_2025_11_Colorado2025.czi,Sed_lan,350.92,4169.0,9652.0,25,23,80.28,0.948,20251031_012_pol_pro_Sed_lan_2025_11_Colorado2025_x003584_y009216
Unknown_Sample,20251031_012_pol_pro_Sed_lan_2025_11_Colorado2025.czi,Sed_lan,301.66,3760.0,9779.0,23,22,74.28,0.947,20251031_012_pol_pro_Sed_lan_2025_11_Colorado2025_x003584_y009216
Unknown_Sample,20251031_012_pol_pro_Sed_lan_2025_11_Colorado2025.czi,Sed_lan,330.52,3980.0,9821.0,22,25,77.7,0.913,20251031_012_pol_pro_Sed_lan_2025_11_Colorado2025_x003584_y009216
Unknown_Sample,20251031_012_pol_pro_Sed_lan_2025_11_Colorado2025.czi,Sed_lan,337.45,4169.0,9652.0,24,23,78.87,0.947,20251031_012_pol_pro_Sed_lan_2025_11_Colorado2025_x004096_y009216
Unknown_Sample,20251031_012_pol_pro_Sed_lan_2025_11_Colorado2025.czi,Sed_lan,264.73,4621.0,9786.0,21,21,70.63,0.943,20251031_012_pol_pro_Sed_lan_2025_11_Colorado2025_x004096_y009216
Unknown_Sample,20251031_012_pol_pro_Sed_lan_2025_11_Colorado2025.czi,Sed_lan,195.08,4625.0,9707.0,19,18,61.21,0.938,20251031_012_pol_pro_Sed_lan_2025_11_Colorado2025_x004096_y009216
Unknown_Sample,20251031_012_pol_pro_Sed_lan_2025_11_Colorado2025.czi,Sed_lan,344.76,4957.0,9296.0,24,24,80.28,0.95,20251031_012_pol_pro_Sed_lan_2025_11_Colorado2025_x004608_y009216
Unknown_Sample,20251031_012_pol_pro_Sed_lan_2025_11_Colorado2025.czi,Sed_lan,263.96,4621.0,9786.0,21,21,70.63,0.942,20251031_012_pol_pro_Sed_lan_2025_11_Colorado2025_x004608_y009216
Unknown_Sample,20251031_012_pol_pro_Sed_lan_2025_11_Colorado2025.czi,Sed_lan,318.21,4807.0,9844.0,23,22,77.21,0.94,20251031_012_pol_pro_Sed_lan_2025_11_Colorado2025_x004608_y009216
Unknown_Sample,20251031_012_pol_pro_Sed_lan_2025_11_Colorado2025.czi,Sed_lan,195.08,4625.0,9707.0,19,18,61.21,0.938,20251031_012_pol_pro_Sed_lan_2025_11_Colorado2025_x004608_y009216
Unknown_Sample,20251031_012_pol_pro_Sed_lan_2025_11_Colorado2025.czi,Sed_lan,162.76,5098.0,9353.0,16,17,54.38,0.931,20251031_012_pol_pro_Sed_lan_2025_11_Colorado2025_x004608_y009216
Unknown_Sample,20251031_012_pol_pro_Sed_lan_2025_11_Colorado2025.czi,Sed_lan,434.03,5695.0,9801.0,27,26,89.11,0.948,20251031_012_pol_pro_Sed_lan_2025_11_Colorado2025_x005120_y009216
Unknown_Sample,20251031_012_pol_pro_Sed_lan_2025_11_Colorado2025.czi,Sed_lan,333.22,5742.0,9384.0,23,23,78.63,0.947,20251031_012_pol_pro_Sed_lan_2025_11_Colorado2025_x005120_y009216
Unknown_Sample,20251031_012_pol_pro_Sed_lan_2025_11_Colorado2025.czi,Sed_lan,341.68,5743.0,9384.0,24,23,79.46,0.95,20251031_012_pol_pro_Sed_lan_2025_11_Colorado2025_x005632_y009216
Unknown_Sample,20251031_012_pol_pro_Sed_lan_2025_11_Colorado2025.czi,Sed_lan,436.34,5695.0,9801.0,27,26,89.11,0.947,20251031_012_pol_pro_Sed_lan_2025_11_Colorado2025_x005632_y009216
Unknown_Sample,20251031_012_pol_pro_Sed_lan_2025_11_Colorado2025.czi,Sed_lan,329.37,6422.0,9447.0,23,23,77.46,0.955,20251031_012_pol_pro_Sed_lan_2025_11_Colorado2025_x006144_y009216
Unknown_Sample,20251031_012_pol_pro_Sed_lan_2025_11_Colorado2025.czi,Sed_lan,368.62,6659.0,9806.0,24,24,81.46,0.951,20251031_012_pol_pro_Sed_lan_2025_11_Colorado2025_x006144_y009216
Unknown_Sample,20251031_012_pol_pro_Sed_lan_2025_11_Colorado2025.czi,Sed_lan,226.25,6663.0,9806.0,15,24,68.14,0.951,20251031_012_pol_pro_Sed_lan_2025_11_Colorado2025_x006656_y009216
Unknown_Sample,20251031_012_pol_pro_Sed_lan_2025_11_Colorado2025.czi,Sed_lan,305.13,6997.0,9647.0,23,22,74.87,0.949,20251031_012_pol_pro_Sed_lan_2025_11_Colorado2025_x006656_y009216
Unknown_Sample,20251031_012_pol_pro_Sed_lan_2025_11_Colorado2025.czi,Sed_lan,349.76,6810.0,9237.0,24,24,79.7,0.948,20251031_012_pol_pro_Sed_lan_2025_11_Colorado2025_x006656_y009216
Unknown_Sample,20251031_012_pol_pro_Sed_lan_2025_11_Colorado2025.czi,Sed_lan,452.5,7710.0,9720.0,26,28,91.11,0.955,20251031_012_pol_pro_Sed_lan_2025_11_Colorado2025_x007168_y009216
Unknown_Sample,20251031_012_pol_pro_Sed_lan_2025_11_Colorado2025.czi,Sed_lan,392.47,8265.0,9799.0,26,25,86.28,0.957,20251031_012_pol_pro_Sed_lan_2025_11_Colorado2025_x007680_y009216
Unknown_Sample,20251031_012_pol_pro_Sed_lan_2025_11_Colorado2025.czi,Sed_lan,452.5,7710.0,9720.0,26,28,91.11,0.955,20251031_012_pol_pro_Sed_lan_2025_11_Colorado2025_x007680_y009216
Unknown_Sample,20251031_012_pol_pro_Sed_lan_2025_11_Colorado2025.czi,Sed_lan,427.1,7866.0,9618.0,27,26,89.11,0.953,20251031_012_pol_pro_Sed_lan_2025_11_Colorado2025_x007680_y009216
Unknown_Sample,20251031_012_pol_pro_Sed_lan_2025_11_Colorado2025.czi,Sed_lan,394.01,8265.0,9799.0,26,25,86.28,0.957,20251031_012_pol_pro_Sed_lan_2025_11_Colorado2025_x008192_y009216
Unknown_Sample,20251031_012_pol_pro_Sed_lan_2025_11_Colorado2025.czi,Sed_lan,418.64,9196.0,9800.0,26,27,89.11,0.957,20251031_012_pol_pro_Sed_lan_2025_11_Colorado2025_x008704_y009216
Unknown_Sample,20251031_012_pol_pro_Sed_lan_2025_11_Colorado2025.czi,Sed_lan,435.95,9593.0,9805.0,27,27,88.18,0.957,20251031_012_pol_pro_Sed_lan_2025_11_Colorado2025_x009216_y009216
Unknown_Sample,20251031_012_pol_pro_Sed_lan_2025_11_Colorado2025.czi,Sed_lan,385.16,9653.0,9537.0,25,26,84.53,0.951,20251031_012_pol_pro_Sed_lan_2025_11_Colorado2025_x009216_y009216
Unknown_Sample,20251031_012_pol_pro_Sed_lan_2025_11_Colorado2025.czi,Sed_lan,412.48,10153.0,9457.0,26,26,87.11,0.957,20251031_012_pol_pro_Sed_lan_2025_11_Colorado2025_x009728_y009216
Unknown_Sample,20251031_012_pol_pro_Sed_lan_2025_11_Colorado2025.czi,Sed_lan,165.84,10241.0,9271.0,15,19,57.56,0.927,20251031_012_pol_pro_Sed_lan_2025_11_Colorado2025_x009728_y009216
Unknown_Sample,20251031_012_pol_pro_Sed_lan_2025_11_Colorado2025.czi,Sed_lan,384.01,10719.0,9362.0,25,25,84.28,0.959,20251031_012_pol_pro_Sed_lan_2025_11_Colorado2025_x010240_y009216
Unknown_Sample,20251031_012_pol_pro_Sed_lan_2025_11_Colorado2025.czi,Sed_lan,331.68,10552.0,9375.0,26,23,82.28,0.916,20251031_012_pol_pro_Sed_lan_2025_11_Colorado2025_x010240_y009216
Unknown_Sample,20251031_012_pol_pro_Sed_lan_2025_11_Colorado2025.czi,Sed_lan,342.84,10567.0,9390.0,25,25,82.53,0.865,20251031_012_pol_pro_Sed_lan_2025_11_Colorado2025_x010240_y009216
Unknown_Sample,20251031_012_pol_pro_Sed_lan_2025_11_Colorado2025.czi,Sed_lan,297.82,11377.0,9279.0,22,22,74.63,0.95,20251031_012_pol_pro_Sed_lan_2025_11_Colorado2025_x010752_y009216
Unknown_Sample,20251031_012_pol_pro_Sed_lan_2025_11_Colorado2025.czi,Sed_lan,431.72,11590.0,9636.0,26,27,89.11,0.956,20251031_012_pol_pro_Sed_lan_2025_11_Colorado2025_x011264_y009216
Unknown_Sample,20251031_012_pol_pro_Sed_lan_2025_11_Colorado2025.czi,Sed_lan,292.82,11376.0,9279.0,22,22,75.21,0.954,20251031_012_pol_pro_Sed_lan_2025_11_Colorado2025_x011264_y009216
Unknown_Sample,20251031_012_pol_pro_Sed_lan_2025_11_Colorado2025.czi,Sed_lan,310.9,11518.0,9232.0,23,22,75.46,0.954,20251031_012_pol_pro_Sed_lan_2025_11_Colorado2025_x011264_y009216
Unknown_Sample,20251031_012_pol_pro_Sed_lan_2025_11_Colorado2025.czi,Sed_lan,295.12,11731.0,9813.0,22,22,74.04,0.941,20251031_012_pol_pro_Sed_lan_2025_11_Colorado2025_x011264_y009216
Unknown_Sample,20251031_012_pol_pro_Sed_lan_2025_11_Colorado2025.czi,Sed_lan,364.0,11569.0,9290.0,25,25,81.94,0.94,20251031_012_pol_pro_Sed_lan_2025_11_Colorado2025_x011264_y009216
Unknown_Sample,20251031_012_pol_pro_Sed_lan_2025_11_Colorado2025.czi,Sed_lan,173.53,11538.0,9681.0,16,18,57.56,0.933,20251031_012_pol_pro_Sed_lan_2025_11_Colorado2025_x011264_y009216
Unknown_Sample,20251031_012_pol_pro_Sed_lan_2025_11_Colorado2025.czi,Sed_lan,416.71,12265.0,9619.0,26,26,87.7,0.955,20251031_012_pol_pro_Sed_lan_2025_11_Colorado2025_x011776_y009216
Unknown_Sample,20251031_012_pol_pro_Sed_lan_2025_11_Colorado2025.czi,Sed_lan,320.52,12372.0,9844.0,23,22,78.38,0.93,20251031_012_pol_pro_Sed_lan_2025_11_Colorado2025_x011776_y009216
Unknown_Sample,20251031_012_pol_pro_Sed_lan_2025_11_Colorado2025.czi,Sed_lan,348.22,12145.0,9453.0,24,25,81.7,0.923,20251031_012_pol_pro_Sed_lan_2025_11_Colorado2025_x011776_y009216
Unknown_Sample,20251031_012_pol_pro_Sed_lan_2025_11_Colorado2025.czi,Sed_lan,190.08,12150.0,9434.0,20,17,60.63,0.897,20251031_012_pol_pro_Sed_lan_2025_11_Colorado2025_x011776_y009216
Unknown_Sample,20251031_012_pol_pro_Sed_lan_2025_11_Colorado2025.czi,Sed_lan,281.27,12777.0,9772.0,22,21,73.21,0.949,20251031_012_pol_pro_Sed_lan_2025_11_Colorado2025_x012288_y009216
Unknown_Sample,20251031_012_pol_pro_Sed_lan_2025_11_Colorado2025.czi,Sed_lan,320.52,12372.0,9844.0,23,22,78.38,0.929,20251031_012_pol_pro_Sed_lan_2025_11_Colorado2025_x012288_y009216
Unknown_Sample,20251031_012_pol_pro_Sed_lan_2025_11_Colorado2025.czi,Sed_lan,328.21,13939.0,9698.0,23,23,79.21,0.935,20251031_012_pol_pro_Sed_lan_2025_11_Colorado2025_x013312_y009216
Unknown_Sample,20251031_012_pol_pro_Sed_lan_2025_11_Colorado2025.czi,Sed_lan,243.95,13944.0,9571.0,16,24,71.31,0.906,20251031_012_pol_pro_Sed_lan_2025_11_Colorado2025_x013312_y009216
Unknown_Sample,20251031_012_pol_pro_Sed_lan_2025_11_Colorado2025.czi,Sed_lan,359.77,13947.0,9571.0,25,24,81.7,0.951,20251031_012_pol_pro_Sed_lan_2025_11_Colorado2025_x013824_y009216
Unknown_Sample,20251031_012_pol_pro_Sed_lan_2025_11_Colorado2025.czi,Sed_lan,272.81,13964.0,9720.0,21,21,71.21,0.95,20251031_012_pol_pro_Sed_lan_2025_11_Colorado2025_x013824_y009216
Unknown_Sample,20251031_012_pol_pro_Sed_lan_2025_11_Colorado2025.czi,Sed_lan,335.14,13939.0,9698.0,24,23,78.87,0.949,20251031_012_pol_pro_Sed_lan_2025_11_Colorado2025_x013824_y009216
Unknown_Sample,20251031_012_pol_pro_Sed_lan_2025_11_Colorado2025.czi,Sed_lan,244.33,14247.0,9354.0,20,21,68.04,0.945,20251031_012_pol_pro_Sed_lan_2025_11_Colorado2025_x013824_y009216
Unknown_Sample,20251031_012_pol_pro_Sed_lan_2025_11_Colorado2025.czi,Sed_lan,250.49,14549.0,9345.0,20,21,68.04,0.921,20251031_012_pol_pro_Sed_lan_2025_11_Colorado2025_x014336_y009216
Unknown_Sample,20251031_012_pol_pro_Sed_lan_2025_11_Colorado2025.czi,Sed_lan,317.83,14746.0,9404.0,23,23,76.28,0.912,20251031_012_pol_pro_Sed_lan_2025_11_Colorado2025_x014336_y009216
Unknown_Sample,20251031_012_pol_pro_Sed_lan_2025_11_Colorado2025.czi,Sed_lan,328.98,14762.0,9734.0,25,22,77.7,0.908,20251031_012_pol_pro_Sed_lan_2025_11_Colorado2025_x014336_y009216
Unknown_Sample,20251031_012_pol_pro_Sed_lan_2025_11_Colorado2025.czi,Sed_lan,168.15,14563.0,9334.0,17,17,55.21,0.876,20251031_012_pol_pro_Sed_lan_2025_11_Colorado2025_x014336_y009216
Unknown_Sample,20251031_012_pol_pro_Sed_lan_2025_11_Colorado2025.czi,Sed_lan,283.58,15135.0,9719.0,21,22,70.87,0.95,20251031_012_pol_pro_Sed_lan_2025_11_Colorado2025_x014848_y009216
Unknown_Sample,20251031_012_pol_pro_Sed_lan_2025_11_Colorado2025.czi,Sed_lan,303.2,15022.0,9642.0,23,22,75.46,0.948,20251031_012_pol_pro_Sed_lan_2025_11_Colorado2025_x014848_y009216
Unknown_Sample,20251031_012_pol_pro_Sed_lan_2025_11_Colorado2025.czi,Sed_lan,313.21,15004.0,9336.0,23,22,75.46,0.944,20251031_012_pol_pro_Sed_lan_2025_11_Colorado2025_x014848_y009216
Unknown_Sample,20251031_012_pol_pro_Sed_lan_2025_11_Colorado2025.czi,Sed_lan,338.99,15529.0,9711.0,24,23,78.87,0.951,20251031_012_pol_pro_Sed_lan_2025_11_Colorado2025_x015360_y009216
Unknown_Sample,20251031_012_pol_pro_Sed_lan_2025_11_Colorado2025.czi,Sed_lan,314.75,15909.0,9604.0,23,23,76.28,0.942,20251031_012_pol_pro_Sed_lan_2025_11_Colorado2025_x015360_y009216
Unknown_Sample,20251031_012_pol_pro_Sed_lan_2025_11_Colorado2025.czi,Sed_lan,156.22,15500.0,9514.0,16,16,54.14,0.922,20251031_012_pol_pro_Sed_lan_2025_11_Colorado2025_x015360_y009216
Unknown_Sample,20251031_012_pol_pro_Sed_lan_2025_11_Colorado2025.czi,Sed_lan,222.02,15798.0,9514.0,19,19,64.38,0.861,20251031_012_pol_pro_Sed_lan_2025_11_Colorado2025_x015360_y009216
Unknown_Sample,20251031_012_pol_pro_Sed_lan_2025_11_Colorado2025.czi,Sed_lan,314.75,15909.0,9604.0,23,23,76.28,0.942,20251031_012_pol_pro_Sed_lan_2025_11_Colorado2025_x015872_y009216
Unknown_Sample,20251031_012_pol_pro_Sed_lan_2025_11_Colorado2025.czi,Sed_lan,238.18,16303.0,9311.0,20,20,66.04,0.932,20251031_012_pol_pro_Sed_lan_2025_11_Colorado2025_x015872_y009216
Unknown_Sample,20251031_012_pol_pro_Sed_lan_2025_11_Colorado2025.czi,Sed_lan,219.71,285.0,10120.0,19,19,64.38,0.898,20251031_012_pol_pro_Sed_lan_2025_11_Colorado2025_x000000_y009728
Unknown_Sample,20251031_012_pol_pro_Sed_lan_2025_11_Colorado2025.czi,Sed_lan,260.11,1274.0,9776.0,21,20,69.8,0.896,20251031_012_pol_pro_Sed_lan_2025_11_Colorado2025_x001024_y009728
Unknown_Sample,20251031_012_pol_pro_Sed_lan_2025_11_Colorado2025.czi,Sed_lan,322.06,2131.0,9794.0,23,23,76.87,0.942,20251031_012_pol_pro_Sed_lan_2025_11_Colorado2025_x001536_y009728
Unknown_Sample,20251031_012_pol_pro_Sed_lan_2025_11_Colorado2025.czi,Sed_lan,204.32,1806.0,10009.0,17,19,62.73,0.942,20251031_012_pol_pro_Sed_lan_2025_11_Colorado2025_x001536_y009728
Unknown_Sample,20251031_012_pol_pro_Sed_lan_2025_11_Colorado2025.czi,Sed_lan,201.62,1967.0,10168.0,18,20,62.63,0.942,20251031_012_pol_pro_Sed_lan_2025_11_Colorado2025_x001536_y009728
Unknown_Sample,20251031_012_pol_pro_Sed_lan_2025_11_Colorado2025.czi,Sed_lan,255.49,2362.0,10129.0,21,20,69.8,0.949,20251031_012_pol_pro_Sed_lan_2025_11_Colorado2025_x002048_y009728
Unknown_Sample,20251031_012_pol_pro_Sed_lan_2025_11_Colorado2025.czi,Sed_lan,322.06,2131.0,9794.0,23,23,76.87,0.943,20251031_012_pol_pro_Sed_lan_2025_11_Colorado2025_x002048_y009728
Unknown_Sample,20251031_012_pol_pro_Sed_lan_2025_11_Colorado2025.czi,Sed_lan,227.79,2584.0,10018.0,19,20,65.8,0.902,20251031_012_pol_pro_Sed_lan_2025_11_Colorado2025_x002048_y009728
Unknown_Sample,20251031_012_pol_pro_Sed_lan_2025_11_Colorado2025.czi,Sed_lan,264.34,2733.0,10165.0,21,21,70.04,0.942,20251031_012_pol_pro_Sed_lan_2025_11_Colorado2025_x002560_y009728
Unknown_Sample,20251031_012_pol_pro_Sed_lan_2025_11_Colorado2025.czi,Sed_lan,286.27,3145.0,9759.0,22,22,73.46,0.935,20251031_012_pol_pro_Sed_lan_2025_11_Colorado2025_x002560_y009728
Unknown_Sample,20251031_012_pol_pro_Sed_lan_2025_11_Colorado2025.czi,Sed_lan,230.87,2584.0,10018.0,19,20,65.8,0.89,20251031_012_pol_pro_Sed_lan_2025_11_Colorado2025_x002560_y009728
Unknown_Sample,20251031_012_pol_pro_Sed_lan_2025_11_Colorado2025.czi,Sed_lan,277.04,3145.0,9759.0,22,21,72.63,0.939,20251031_012_pol_pro_Sed_lan_2025_11_Colorado2025_x003072_y009728
Unknown_Sample,20251031_012_pol_pro_Sed_lan_2025_11_Colorado2025.czi,Sed_lan,251.64,3326.0,9776.0,21,20,68.63,0.938,20251031_012_pol_pro_Sed_lan_2025_11_Colorado2025_x003072_y009728
Unknown_Sample,20251031_012_pol_pro_Sed_lan_2025_11_Colorado2025.czi,Sed_lan,182.77,3199.0,9770.0,18,18,59.21,0.899,20251031_012_pol_pro_Sed_lan_2025_11_Colorado2025_x003072_y009728
Unknown_Sample,20251031_012_pol_pro_Sed_lan_2025_11_Colorado2025.czi,Sed_lan,298.2,3787.0,9984.0,22,22,74.04,0.947,20251031_012_pol_pro_Sed_lan_2025_11_Colorado2025_x003584_y009728
Unknown_Sample,20251031_012_pol_pro_Sed_lan_2025_11_Colorado2025.czi,Sed_lan,301.66,3760.0,9779.0,23,22,74.28,0.947,20251031_012_pol_pro_Sed_lan_2025_11_Colorado2025_x003584_y009728
Unknown_Sample,20251031_012_pol_pro_Sed_lan_2025_11_Colorado2025.czi,Sed_lan,341.3,3980.0,9821.0,22,26,78.53,0.916,20251031_012_pol_pro_Sed_lan_2025_11_Colorado2025_x003584_y009728
Unknown_Sample,20251031_012_pol_pro_Sed_lan_2025_11_Colorado2025.czi,Sed_lan,264.73,4621.0,9786.0,21,21,70.63,0.942,20251031_012_pol_pro_Sed_lan_2025_11_Colorado2025_x004096_y009728
Unknown_Sample,20251031_012_pol_pro_Sed_lan_2025_11_Colorado2025.czi,Sed_lan,283.58,4235.0,10299.0,22,21,72.04,0.935,20251031_012_pol_pro_Sed_lan_2025_11_Colorado2025_x004096_y009728
Unknown_Sample,20251031_012_pol_pro_Sed_lan_2025_11_Colorado2025.czi,Sed_lan,374.77,5130.0,10136.0,25,25,83.11,0.953,20251031_012_pol_pro_Sed_lan_2025_11_Colorado2025_x004608_y009728
Unknown_Sample,20251031_012_pol_pro_Sed_lan_2025_11_Colorado2025.czi,Sed_lan,314.36,4807.0,9844.0,23,22,76.04,0.95,20251031_012_pol_pro_Sed_lan_2025_11_Colorado2025_x004608_y009728
Unknown_Sample,20251031_012_pol_pro_Sed_lan_2025_11_Colorado2025.czi,Sed_lan,277.42,4952.0,9863.0,22,21,70.87,0.948,20251031_012_pol_pro_Sed_lan_2025_11_Colorado2025_x004608_y009728
Unknown_Sample,20251031_012_pol_pro_Sed_lan_2025_11_Colorado2025.czi,Sed_lan,276.65,4837.0,10267.0,22,21,72.04,0.946,20251031_012_pol_pro_Sed_lan_2025_11_Colorado2025_x004608_y009728
Unknown_Sample,20251031_012_pol_pro_Sed_lan_2025_11_Colorado2025.czi,Sed_lan,263.96,4621.0,9786.0,21,21,70.63,0.942,20251031_012_pol_pro_Sed_lan_2025_11_Colorado2025_x004608_y009728
Unknown_Sample,20251031_012_pol_pro_Sed_lan_2025_11_Colorado2025.czi,Sed_lan,349.76,5131.0,10136.0,23,25,82.04,0.958,20251031_012_pol_pro_Sed_lan_2025_11_Colorado2025_x005120_y009728
Unknown_Sample,20251031_012_pol_pro_Sed_lan_2025_11_Colorado2025.czi,Sed_lan,432.49,5695.0,9801.0,27,26,89.11,0.949,20251031_012_pol_pro_Sed_lan_2025_11_Colorado2025_x005120_y009728
Unknown_Sample,20251031_012_pol_pro_Sed_lan_2025_11_Colorado2025.czi,Sed_lan,380.16,5713.0,9916.0,25,25,83.11,0.946,20251031_012_pol_pro_Sed_lan_2025_11_Colorado2025_x005120_y009728
Unknown_Sample,20251031_012_pol_pro_Sed_lan_2025_11_Colorado2025.czi,Sed_lan,405.17,6089.0,10125.0,26,26,86.53,0.952,20251031_012_pol_pro_Sed_lan_2025_11_Colorado2025_x005632_y009728
Unknown_Sample,20251031_012_pol_pro_Sed_lan_2025_11_Colorado2025.czi,Sed_lan,432.49,5695.0,9801.0,27,26,89.11,0.948,20251031_012_pol_pro_Sed_lan_2025_11_Colorado2025_x005632_y009728
Unknown_Sample,20251031_012_pol_pro_Sed_lan_2025_11_Colorado2025.czi,Sed_lan,337.45,6077.0,9888.0,24,24,79.7,0.947,20251031_012_pol_pro_Sed_lan_2025_11_Colorado2025_x005632_y009728
Unknown_Sample,20251031_012_pol_pro_Sed_lan_2025_11_Colorado2025.czi,Sed_lan,381.31,5713.0,9916.0,25,25,83.7,0.947,20251031_012_pol_pro_Sed_lan_2025_11_Colorado2025_x005632_y009728
Unknown_Sample,20251031_012_pol_pro_Sed_lan_2025_11_Colorado2025.czi,Sed_lan,203.16,6109.0,9974.0,17,20,61.8,0.944,20251031_012_pol_pro_Sed_lan_2025_11_Colorado2025_x005632_y009728
Unknown_Sample,20251031_012_pol_pro_Sed_lan_2025_11_Colorado2025.czi,Sed_lan,368.62,6659.0,9806.0,24,24,81.46,0.951,20251031_012_pol_pro_Sed_lan_2025_11_Colorado2025_x006144_y009728
Unknown_Sample,20251031_012_pol_pro_Sed_lan_2025_11_Colorado2025.czi,Sed_lan,424.79,6966.0,10192.0,28,25,89.11,0.952,20251031_012_pol_pro_Sed_lan_2025_11_Colorado2025_x006656_y009728
Unknown_Sample,20251031_012_pol_pro_Sed_lan_2025_11_Colorado2025.czi,Sed_lan,226.25,6663.0,9806.0,15,24,68.14,0.951,20251031_012_pol_pro_Sed_lan_2025_11_Colorado2025_x006656_y009728
Unknown_Sample,20251031_012_pol_pro_Sed_lan_2025_11_Colorado2025.czi,Sed_lan,392.47,7230.0,10346.0,25,25,85.46,0.95,20251031_012_pol_pro_Sed_lan_2025_11_Colorado2025_x006656_y009728
Unknown_Sample,20251031_012_pol_pro_Sed_lan_2025_11_Colorado2025.czi,Sed_lan,145.06,6948.0,10362.0,25,10,60.73,0.881,20251031_012_pol_pro_Sed_lan_2025_11_Colorado2025_x006656_y009728
Unknown_Sample,20251031_012_pol_pro_Sed_lan_2025_11_Colorado2025.czi,Sed_lan,393.24,7230.0,10346.0,25,25,85.46,0.95,20251031_012_pol_pro_Sed_lan_2025_11_Colorado2025_x007168_y009728
Unknown_Sample,20251031_012_pol_pro_Sed_lan_2025_11_Colorado2025.czi,Sed_lan,391.7,8265.0,9799.0,26,25,86.28,0.957,20251031_012_pol_pro_Sed_lan_2025_11_Colorado2025_x007680_y009728
Unknown_Sample,20251031_012_pol_pro_Sed_lan_2025_11_Colorado2025.czi,Sed_lan,434.03,8097.0,9945.0,27,26,89.11,0.952,20251031_012_pol_pro_Sed_lan_2025_11_Colorado2025_x007680_y009728
Unknown_Sample,20251031_012_pol_pro_Sed_lan_2025_11_Colorado2025.czi,Sed_lan,262.42,8001.0,10301.0,22,21,72.63,0.946,20251031_012_pol_pro_Sed_lan_2025_11_Colorado2025_x007680_y009728
Unknown_Sample,20251031_012_pol_pro_Sed_lan_2025_11_Colorado2025.czi,Sed_lan,392.47,8265.0,9799.0,26,25,86.28,0.957,20251031_012_pol_pro_Sed_lan_2025_11_Colorado2025_x008192_y009728
Unknown_Sample,20251031_012_pol_pro_Sed_lan_2025_11_Colorado2025.czi,Sed_lan,418.64,9196.0,9800.0,26,27,89.11,0.958,20251031_012_pol_pro_Sed_lan_2025_11_Colorado2025_x008704_y009728
Unknown_Sample,20251031_012_pol_pro_Sed_lan_2025_11_Colorado2025.czi,Sed_lan,492.13,9220.0,10254.0,29,29,95.01,0.957,20251031_012_pol_pro_Sed_lan_2025_11_Colorado2025_x008704_y009728
Unknown_Sample,20251031_012_pol_pro_Sed_lan_2025_11_Colorado2025.czi,Sed_lan,472.89,9301.0,9883.0,28,28,93.36,0.955,20251031_012_pol_pro_Sed_lan_2025_11_Colorado2025_x008704_y009728
Unknown_Sample,20251031_012_pol_pro_Sed_lan_2025_11_Colorado2025.czi,Sed_lan,291.28,9107.0,10254.0,22,22,72.87,0.951,20251031_012_pol_pro_Sed_lan_2025_11_Colorado2025_x008704_y009728
Unknown_Sample,20251031_012_pol_pro_Sed_lan_2025_11_Colorado2025.czi,Sed_lan,368.23,9174.0,10299.0,24,25,81.7,0.951,20251031_012_pol_pro_Sed_lan_2025_11_Colorado2025_x008704_y009728
Unknown_Sample,20251031_012_pol_pro_Sed_lan_2025_11_Colorado2025.czi,Sed_lan,436.72,9593.0,9805.0,27,27,88.18,0.957,20251031_012_pol_pro_Sed_lan_2025_11_Colorado2025_x009216_y009728
Unknown_Sample,20251031_012_pol_pro_Sed_lan_2025_11_Colorado2025.czi,Sed_lan,457.11,9595.0,10089.0,28,27,91.94,0.955,20251031_012_pol_pro_Sed_lan_2025_11_Colorado2025_x009216_y009728
Unknown_Sample,20251031_012_pol_pro_Sed_lan_2025_11_Colorado2025.czi,Sed_lan,474.43,9301.0,9883.0,28,28,93.36,0.954,20251031_012_pol_pro_Sed_lan_2025_11_Colorado2025_x009216_y009728
Unknown_Sample,20251031_012_pol_pro_Sed_lan_2025_11_Colorado2025.czi,Sed_lan,390.16,9689.0,10226.0,26,25,83.94,0.952,20251031_012_pol_pro_Sed_lan_2025_11_Colorado2025_x009216_y009728
Unknown_Sample,20251031_012_pol_pro_Sed_lan_2025_11_Colorado2025.czi,Sed_lan,315.9,9224.0,10254.0,19,29,82.04,0.951,20251031_012_pol_pro_Sed_lan_2025_11_Colorado2025_x009216_y009728
Unknown_Sample,20251031_012_pol_pro_Sed_lan_2025_11_Colorado2025.czi,Sed_lan,425.18,10463.0,10224.0,26,28,90.53,0.957,20251031_012_pol_pro_Sed_lan_2025_11_Colorado2025_x010240_y009728
Unknown_Sample,20251031_012_pol_pro_Sed_lan_2025_11_Colorado2025.czi,Sed_lan,293.58,10467.0,10066.0,22,22,74.04,0.941,20251031_012_pol_pro_Sed_lan_2025_11_Colorado2025_x010240_y009728
Unknown_Sample,20251031_012_pol_pro_Sed_lan_2025_11_Colorado2025.czi,Sed_lan,458.27,10939.0,10194.0,28,27,92.53,0.955,20251031_012_pol_pro_Sed_lan_2025_11_Colorado2025_x010752_y009728
Unknown_Sample,20251031_012_pol_pro_Sed_lan_2025_11_Colorado2025.czi,Sed_lan,334.76,11179.0,10356.0,23,23,79.8,0.932,20251031_012_pol_pro_Sed_lan_2025_11_Colorado2025_x010752_y009728
Unknown_Sample,20251031_012_pol_pro_Sed_lan_2025_11_Colorado2025.czi,Sed_lan,397.86,11526.0,9964.0,25,27,85.94,0.95,20251031_012_pol_pro_Sed_lan_2025_11_Colorado2025_x011264_y009728
Unknown_Sample,20251031_012_pol_pro_Sed_lan_2025_11_Colorado2025.czi,Sed_lan,344.38,11825.0,10162.0,24,24,79.7,0.949,20251031_012_pol_pro_Sed_lan_2025_11_Colorado2025_x011264_y009728
Unknown_Sample,20251031_012_pol_pro_Sed_lan_2025_11_Colorado2025.czi,Sed_lan,329.75,11440.0,10102.0,23,24,78.87,0.945,20251031_012_pol_pro_Sed_lan_2025_11_Colorado2025_x011264_y009728
Unknown_Sample,20251031_012_pol_pro_Sed_lan_2025_11_Colorado2025.czi,Sed_lan,294.35,11731.0,9813.0,22,22,74.04,0.94,20251031_012_pol_pro_Sed_lan_2025_11_Colorado2025_x011264_y009728
Unknown_Sample,20251031_012_pol_pro_Sed_lan_2025_11_Colorado2025.czi,Sed_lan,374.39,12226.0,9939.0,25,24,82.87,0.952,20251031_012_pol_pro_Sed_lan_2025_11_Colorado2025_x011776_y009728
Unknown_Sample,20251031_012_pol_pro_Sed_lan_2025_11_Colorado2025.czi,Sed_lan,321.67,11941.0,10051.0,22,24,78.63,0.95,20251031_012_pol_pro_Sed_lan_2025_11_Colorado2025_x011776_y009728
Unknown_Sample,20251031_012_pol_pro_Sed_lan_2025_11_Colorado2025.czi,Sed_lan,343.61,11825.0,10163.0,24,24,79.7,0.949,20251031_012_pol_pro_Sed_lan_2025_11_Colorado2025_x011776_y009728
Unknown_Sample,20251031_012_pol_pro_Sed_lan_2025_11_Colorado2025.czi,Sed_lan,326.29,12006.0,10010.0,23,23,76.28,0.948,20251031_012_pol_pro_Sed_lan_2025_11_Colorado2025_x011776_y009728
Unknown_Sample,20251031_012_pol_pro_Sed_lan_2025_11_Colorado2025.czi,Sed_lan,332.83,12372.0,9845.0,23,24,77.7,0.946,20251031_012_pol_pro_Sed_lan_2025_11_Colorado2025_x011776_y009728
Unknown_Sample,20251031_012_pol_pro_Sed_lan_2025_11_Colorado2025.czi,Sed_lan,275.5,12120.0,10102.0,23,22,74.28,0.94,20251031_012_pol_pro_Sed_lan_2025_11_Colorado2025_x011776_y009728
Unknown_Sample,20251031_012_pol_pro_Sed_lan_2025_11_Colorado2025.czi,Sed_lan,402.48,12651.0,10017.0,25,26,87.46,0.955,20251031_012_pol_pro_Sed_lan_2025_11_Colorado2025_x012288_y009728
Unknown_Sample,20251031_012_pol_pro_Sed_lan_2025_11_Colorado2025.czi,Sed_lan,342.07,12769.0,10106.0,24,24,79.7,0.95,20251031_012_pol_pro_Sed_lan_2025_11_Colorado2025_x012288_y009728
Unknown_Sample,20251031_012_pol_pro_Sed_lan_2025_11_Colorado2025.czi,Sed_lan,279.73,12777.0,9772.0,22,21,73.21,0.949,20251031_012_pol_pro_Sed_lan_2025_11_Colorado2025_x012288_y009728
Unknown_Sample,20251031_012_pol_pro_Sed_lan_2025_11_Colorado2025.czi,Sed_lan,337.45,12629.0,9900.0,24,24,79.7,0.947,20251031_012_pol_pro_Sed_lan_2025_11_Colorado2025_x012288_y009728
Unknown_Sample,20251031_012_pol_pro_Sed_lan_2025_11_Colorado2025.czi,Sed_lan,332.83,12372.0,9845.0,23,24,77.7,0.946,20251031_012_pol_pro_Sed_lan_2025_11_Colorado2025_x012288_y009728
Unknown_Sample,20251031_012_pol_pro_Sed_lan_2025_11_Colorado2025.czi,Sed_lan,133.13,13378.0,9973.0,14,16,50.14,0.917,20251031_012_pol_pro_Sed_lan_2025_11_Colorado2025_x012800_y009728
Unknown_Sample,20251031_012_pol_pro_Sed_lan_2025_11_Colorado2025.czi,Sed_lan,135.06,13378.0,9974.0,14,16,50.73,0.911,20251031_012_pol_pro_Sed_lan_2025_11_Colorado2025_x013312_y009728
Unknown_Sample,20251031_012_pol_pro_Sed_lan_2025_11_Colorado2025.czi,Sed_lan,222.02,14401.0,10122.0,19,19,64.38,0.943,20251031_012_pol_pro_Sed_lan_2025_11_Colorado2025_x013824_y009728
Unknown_Sample,20251031_012_pol_pro_Sed_lan_2025_11_Colorado2025.czi,Sed_lan,115.43,14338.0,10082.0,14,14,47.31,0.928,20251031_012_pol_pro_Sed_lan_2025_11_Colorado2025_x013824_y009728
Unknown_Sample,20251031_012_pol_pro_Sed_lan_2025_11_Colorado2025.czi,Sed_lan,222.79,14401.0,10122.0,19,19,64.38,0.941,20251031_012_pol_pro_Sed_lan_2025_11_Colorado2025_x014336_y009728
Unknown_Sample,20251031_012_pol_pro_Sed_lan_2025_11_Colorado2025.czi,Sed_lan,268.96,14781.0,9929.0,21,21,72.38,0.925,20251031_012_pol_pro_Sed_lan_2025_11_Colorado2025_x014336_y009728
Unknown_Sample,20251031_012_pol_pro_Sed_lan_2025_11_Colorado2025.czi,Sed_lan,262.03,14762.0,9736.0,24,18,72.38,0.906,20251031_012_pol_pro_Sed_lan_2025_11_Colorado2025_x014336_y009728
Unknown_Sample,20251031_012_pol_pro_Sed_lan_2025_11_Colorado2025.czi,Sed_lan,286.66,15244.0,10244.0,22,21,73.21,0.941,20251031_012_pol_pro_Sed_lan_2025_11_Colorado2025_x014848_y009728
Unknown_Sample,20251031_012_pol_pro_Sed_lan_2025_11_Colorado2025.czi,Sed_lan,303.59,15398.0,10219.0,23,22,73.7,0.93,20251031_012_pol_pro_Sed_lan_2025_11_Colorado2025_x014848_y009728
Unknown_Sample,20251031_012_pol_pro_Sed_lan_2025_11_Colorado2025.czi,Sed_lan,319.75,15761.0,10081.0,23,23,78.04,0.944,20251031_012_pol_pro_Sed_lan_2025_11_Colorado2025_x015360_y009728
Unknown_Sample,20251031_012_pol_pro_Sed_lan_2025_11_Colorado2025.czi,Sed_lan,305.51,15398.0,10219.0,23,22,74.28,0.929,20251031_012_pol_pro_Sed_lan_2025_11_Colorado2025_x015360_y009728
Unknown_Sample,20251031_012_pol_pro_Sed_lan_2025_11_Colorado2025.czi,Sed_lan,305.9,16192.0,9953.0,22,22,75.21,0.953,20251031_012_pol_pro_Sed_lan_2025_11_Colorado2025_x015872_y009728
Unknown_Sample,20251031_012_pol_pro_Sed_lan_2025_11_Colorado2025.czi,Sed_lan,286.27,1032.0,10577.0,22,21,72.63,0.941,20251031_012_pol_pro_Sed_lan_2025_11_Colorado2025_x000512_y010240
Unknown_Sample,20251031_012_pol_pro_Sed_lan_2025_11_Colorado2025.czi,Sed_lan,255.88,852.0,10443.0,20,21,68.04,0.93,20251031_012_pol_pro_Sed_lan_2025_11_Colorado2025_x000512_y010240
Unknown_Sample,20251031_012_pol_pro_Sed_lan_2025_11_Colorado2025.czi,Sed_lan,248.57,1033.0,10577.0,19,21,70.14,0.951,20251031_012_pol_pro_Sed_lan_2025_11_Colorado2025_x001024_y010240
Unknown_Sample,20251031_012_pol_pro_Sed_lan_2025_11_Colorado2025.czi,Sed_lan,205.47,1156.0,10535.0,18,19,62.97,0.926,20251031_012_pol_pro_Sed_lan_2025_11_Colorado2025_x001024_y010240
Unknown_Sample,20251031_012_pol_pro_Sed_lan_2025_11_Colorado2025.czi,Sed_lan,324.75,1844.0,10593.0,23,23,77.46,0.95,20251031_012_pol_pro_Sed_lan_2025_11_Colorado2025_x001536_y010240
Unknown_Sample,20251031_012_pol_pro_Sed_lan_2025_11_Colorado2025.czi,Sed_lan,291.28,1940.0,10468.0,21,22,73.21,0.946,20251031_012_pol_pro_Sed_lan_2025_11_Colorado2025_x001536_y010240
Unknown_Sample,20251031_012_pol_pro_Sed_lan_2025_11_Colorado2025.czi,Sed_lan,286.66,2528.0,10697.0,22,21,73.21,0.951,20251031_012_pol_pro_Sed_lan_2025_11_Colorado2025_x002048_y010240
Unknown_Sample,20251031_012_pol_pro_Sed_lan_2025_11_Colorado2025.czi,Sed_lan,211.24,2354.0,10706.0,19,19,62.04,0.948,20251031_012_pol_pro_Sed_lan_2025_11_Colorado2025_x002048_y010240
Unknown_Sample,20251031_012_pol_pro_Sed_lan_2025_11_Colorado2025.czi,Sed_lan,306.28,2378.0,10401.0,23,22,75.46,0.948,20251031_012_pol_pro_Sed_lan_2025_11_Colorado2025_x002048_y010240
Unknown_Sample,20251031_012_pol_pro_Sed_lan_2025_11_Colorado2025.czi,Sed_lan,166.99,2681.0,10633.0,12,22,61.66,0.883,20251031_012_pol_pro_Sed_lan_2025_11_Colorado2025_x002048_y010240
Unknown_Sample,20251031_012_pol_pro_Sed_lan_2025_11_Colorado2025.czi,Sed_lan,339.76,2922.0,10495.0,23,24,78.87,0.955,20251031_012_pol_pro_Sed_lan_2025_11_Colorado2025_x002560_y010240
Unknown_Sample,20251031_012_pol_pro_Sed_lan_2025_11_Colorado2025.czi,Sed_lan,290.51,2685.0,10633.0,22,22,75.21,0.944,20251031_012_pol_pro_Sed_lan_2025_11_Colorado2025_x002560_y010240
Unknown_Sample,20251031_012_pol_pro_Sed_lan_2025_11_Colorado2025.czi,Sed_lan,280.5,3116.0,10684.0,21,21,72.38,0.935,20251031_012_pol_pro_Sed_lan_2025_11_Colorado2025_x002560_y010240
Unknown_Sample,20251031_012_pol_pro_Sed_lan_2025_11_Colorado2025.czi,Sed_lan,229.33,3124.0,10706.0,22,17,66.97,0.921,20251031_012_pol_pro_Sed_lan_2025_11_Colorado2025_x002560_y010240
Unknown_Sample,20251031_012_pol_pro_Sed_lan_2025_11_Colorado2025.czi,Sed_lan,294.74,3609.0,10383.0,22,22,74.63,0.942,20251031_012_pol_pro_Sed_lan_2025_11_Colorado2025_x003072_y010240
Unknown_Sample,20251031_012_pol_pro_Sed_lan_2025_11_Colorado2025.czi,Sed_lan,280.89,3116.0,10684.0,21,21,72.97,0.934,20251031_012_pol_pro_Sed_lan_2025_11_Colorado2025_x003072_y010240
Unknown_Sample,20251031_012_pol_pro_Sed_lan_2025_11_Colorado2025.czi,Sed_lan,235.1,3246.0,10618.0,20,19,66.38,0.932,20251031_012_pol_pro_Sed_lan_2025_11_Colorado2025_x003072_y010240
Unknown_Sample,20251031_012_pol_pro_Sed_lan_2025_11_Colorado2025.czi,Sed_lan,230.48,3124.0,10706.0,22,17,66.38,0.92,20251031_012_pol_pro_Sed_lan_2025_11_Colorado2025_x003072_y010240
Unknown_Sample,20251031_012_pol_pro_Sed_lan_2025_11_Colorado2025.czi,Sed_lan,398.63,3450.0,10506.0,24,26,85.46,0.918,20251031_012_pol_pro_Sed_lan_2025_11_Colorado2025_x003072_y010240
Unknown_Sample,20251031_012_pol_pro_Sed_lan_2025_11_Colorado2025.czi,Sed_lan,303.59,3429.0,10775.0,22,22,75.21,0.911,20251031_012_pol_pro_Sed_lan_2025_11_Colorado2025_x003072_y010240
Unknown_Sample,20251031_012_pol_pro_Sed_lan_2025_11_Colorado2025.czi,Sed_lan,325.52,4134.0,10455.0,22,24,78.63,0.947,20251031_012_pol_pro_Sed_lan_2025_11_Colorado2025_x003584_y010240
Unknown_Sample,20251031_012_pol_pro_Sed_lan_2025_11_Colorado2025.czi,Sed_lan,293.97,3609.0,10383.0,22,22,74.63,0.942,20251031_012_pol_pro_Sed_lan_2025_11_Colorado2025_x003584_y010240
Unknown_Sample,20251031_012_pol_pro_Sed_lan_2025_11_Colorado2025.czi,Sed_lan,280.5,4027.0,10524.0,21,21,72.38,0.936,20251031_012_pol_pro_Sed_lan_2025_11_Colorado2025_x003584_y010240
Unknown_Sample,20251031_012_pol_pro_Sed_lan_2025_11_Colorado2025.czi,Sed_lan,311.28,4134.0,10455.0,22,23,77.21,0.949,20251031_012_pol_pro_Sed_lan_2025_11_Colorado2025_x004096_y010240
Unknown_Sample,20251031_012_pol_pro_Sed_lan_2025_11_Colorado2025.czi,Sed_lan,282.81,4235.0,10299.0,22,21,72.04,0.936,20251031_012_pol_pro_Sed_lan_2025_11_Colorado2025_x004096_y010240
Unknown_Sample,20251031_012_pol_pro_Sed_lan_2025_11_Colorado2025.czi,Sed_lan,360.15,5121.0,10429.0,24,25,82.28,0.951,20251031_012_pol_pro_Sed_lan_2025_11_Colorado2025_x004608_y010240
Unknown_Sample,20251031_012_pol_pro_Sed_lan_2025_11_Colorado2025.czi,Sed_lan,276.65,4837.0,10267.0,22,21,72.04,0.946,20251031_012_pol_pro_Sed_lan_2025_11_Colorado2025_x004608_y010240
Unknown_Sample,20251031_012_pol_pro_Sed_lan_2025_11_Colorado2025.czi,Sed_lan,429.03,5472.0,10790.0,27,26,89.7,0.957,20251031_012_pol_pro_Sed_lan_2025_11_Colorado2025_x005120_y010240
Unknown_Sample,20251031_012_pol_pro_Sed_lan_2025_11_Colorado2025.czi,Sed_lan,440.95,5479.0,10758.0,27,27,89.94,0.952,20251031_012_pol_pro_Sed_lan_2025_11_Colorado2025_x005120_y010240
Unknown_Sample,20251031_012_pol_pro_Sed_lan_2025_11_Colorado2025.czi,Sed_lan,197.01,5126.0,10429.0,14,25,66.97,0.946,20251031_012_pol_pro_Sed_lan_2025_11_Colorado2025_x005120_y010240
Unknown_Sample,20251031_012_pol_pro_Sed_lan_2025_11_Colorado2025.czi,Sed_lan,353.99,6091.0,10374.0,24,25,81.11,0.948,20251031_012_pol_pro_Sed_lan_2025_11_Colorado2025_x005632_y010240
Unknown_Sample,20251031_012_pol_pro_Sed_lan_2025_11_Colorado2025.czi,Sed_lan,428.64,6430.0,10410.0,26,28,89.94,0.951,20251031_012_pol_pro_Sed_lan_2025_11_Colorado2025_x006144_y010240
Unknown_Sample,20251031_012_pol_pro_Sed_lan_2025_11_Colorado2025.czi,Sed_lan,346.3,6681.0,10400.0,24,24,80.28,0.95,20251031_012_pol_pro_Sed_lan_2025_11_Colorado2025_x006144_y010240
Unknown_Sample,20251031_012_pol_pro_Sed_lan_2025_11_Colorado2025.czi,Sed_lan,345.91,6549.0,10632.0,25,24,81.36,0.927,20251031_012_pol_pro_Sed_lan_2025_11_Colorado2025_x006144_y010240
Unknown_Sample,20251031_012_pol_pro_Sed_lan_2025_11_Colorado2025.czi,Sed_lan,198.93,6545.0,10651.0,18,18,61.56,0.905,20251031_012_pol_pro_Sed_lan_2025_11_Colorado2025_x006144_y010240
Unknown_Sample,20251031_012_pol_pro_Sed_lan_2025_11_Colorado2025.czi,Sed_lan,475.97,6918.0,10642.0,27,28,93.7,0.957,20251031_012_pol_pro_Sed_lan_2025_11_Colorado2025_x006656_y010240
Unknown_Sample,20251031_012_pol_pro_Sed_lan_2025_11_Colorado2025.czi,Sed_lan,391.7,7230.0,10346.0,25,25,85.46,0.952,20251031_012_pol_pro_Sed_lan_2025_11_Colorado2025_x006656_y010240
Unknown_Sample,20251031_012_pol_pro_Sed_lan_2025_11_Colorado2025.czi,Sed_lan,346.3,6681.0,10400.0,24,24,80.28,0.949,20251031_012_pol_pro_Sed_lan_2025_11_Colorado2025_x006656_y010240
Unknown_Sample,20251031_012_pol_pro_Sed_lan_2025_11_Colorado2025.czi,Sed_lan,378.62,6948.0,10369.0,25,25,84.28,0.949,20251031_012_pol_pro_Sed_lan_2025_11_Colorado2025_x006656_y010240
Unknown_Sample,20251031_012_pol_pro_Sed_lan_2025_11_Colorado2025.czi,Sed_lan,458.27,7651.0,10554.0,29,26,91.36,0.957,20251031_012_pol_pro_Sed_lan_2025_11_Colorado2025_x007168_y010240
Unknown_Sample,20251031_012_pol_pro_Sed_lan_2025_11_Colorado2025.czi,Sed_lan,391.7,7230.0,10346.0,25,25,85.46,0.952,20251031_012_pol_pro_Sed_lan_2025_11_Colorado2025_x007168_y010240
Unknown_Sample,20251031_012_pol_pro_Sed_lan_2025_11_Colorado2025.czi,Sed_lan,535.61,8107.0,10713.0,31,29,98.43,0.961,20251031_012_pol_pro_Sed_lan_2025_11_Colorado2025_x007680_y010240
Unknown_Sample,20251031_012_pol_pro_Sed_lan_2025_11_Colorado2025.czi,Sed_lan,262.42,8001.0,10301.0,22,21,72.63,0.946,20251031_012_pol_pro_Sed_lan_2025_11_Colorado2025_x007680_y010240
Unknown_Sample,20251031_012_pol_pro_Sed_lan_2025_11_Colorado2025.czi,Sed_lan,188.16,7839.0,10788.0,17,19,60.38,0.937,20251031_012_pol_pro_Sed_lan_2025_11_Colorado2025_x007680_y010240
Unknown_Sample,20251031_012_pol_pro_Sed_lan_2025_11_Colorado2025.czi,Sed_lan,497.9,9220.0,10254.0,29,29,95.6,0.958,20251031_012_pol_pro_Sed_lan_2025_11_Colorado2025_x008704_y010240
Unknown_Sample,20251031_012_pol_pro_Sed_lan_2025_11_Colorado2025.czi,Sed_lan,411.33,9150.0,10702.0,25,26,85.7,0.955,20251031_012_pol_pro_Sed_lan_2025_11_Colorado2025_x008704_y010240
Unknown_Sample,20251031_012_pol_pro_Sed_lan_2025_11_Colorado2025.czi,Sed_lan,425.56,9194.0,10373.0,26,27,89.11,0.955,20251031_012_pol_pro_Sed_lan_2025_11_Colorado2025_x008704_y010240
Unknown_Sample,20251031_012_pol_pro_Sed_lan_2025_11_Colorado2025.czi,Sed_lan,417.87,9285.0,10550.0,26,27,87.94,0.954,20251031_012_pol_pro_Sed_lan_2025_11_Colorado2025_x008704_y010240
Unknown_Sample,20251031_012_pol_pro_Sed_lan_2025_11_Colorado2025.czi,Sed_lan,291.66,9107.0,10254.0,22,22,73.46,0.951,20251031_012_pol_pro_Sed_lan_2025_11_Colorado2025_x008704_y010240
Unknown_Sample,20251031_012_pol_pro_Sed_lan_2025_11_Colorado2025.czi,Sed_lan,368.23,9174.0,10299.0,24,25,81.7,0.951,20251031_012_pol_pro_Sed_lan_2025_11_Colorado2025_x008704_y010240
Unknown_Sample,20251031_012_pol_pro_Sed_lan_2025_11_Colorado2025.czi,Sed_lan,420.18,9285.0,10550.0,26,27,87.94,0.954,20251031_012_pol_pro_Sed_lan_2025_11_Colorado2025_x009216_y010240
Unknown_Sample,20251031_012_pol_pro_Sed_lan_2025_11_Colorado2025.czi,Sed_lan,318.21,9224.0,10254.0,19,29,82.04,0.95,20251031_012_pol_pro_Sed_lan_2025_11_Colorado2025_x009216_y010240
Unknown_Sample,20251031_012_pol_pro_Sed_lan_2025_11_Colorado2025.czi,Sed_lan,433.64,11215.0,10530.0,27,26,89.7,0.954,20251031_012_pol_pro_Sed_lan_2025_11_Colorado2025_x010752_y010240
Unknown_Sample,20251031_012_pol_pro_Sed_lan_2025_11_Colorado2025.czi,Sed_lan,394.78,10954.0,10825.0,25,26,86.28,0.952,20251031_012_pol_pro_Sed_lan_2025_11_Colorado2025_x010752_y010240
Unknown_Sample,20251031_012_pol_pro_Sed_lan_2025_11_Colorado2025.czi,Sed_lan,343.22,11179.0,10356.0,23,25,80.28,0.946,20251031_012_pol_pro_Sed_lan_2025_11_Colorado2025_x010752_y010240
Unknown_Sample,20251031_012_pol_pro_Sed_lan_2025_11_Colorado2025.czi,Sed_lan,442.88,11434.0,10447.0,27,27,90.53,0.956,20251031_012_pol_pro_Sed_lan_2025_11_Colorado2025_x011264_y010240
Unknown_Sample,20251031_012_pol_pro_Sed_lan_2025_11_Colorado2025.czi,Sed_lan,183.15,11509.0,10419.0,19,16,58.97,0.944,20251031_012_pol_pro_Sed_lan_2025_11_Colorado2025_x011264_y010240
Unknown_Sample,20251031_012_pol_pro_Sed_lan_2025_11_Colorado2025.czi,Sed_lan,188.16,11732.0,10407.0,19,17,61.56,0.929,20251031_012_pol_pro_Sed_lan_2025_11_Colorado2025_x011264_y010240
Unknown_Sample,20251031_012_pol_pro_Sed_lan_2025_11_Colorado2025.czi,Sed_lan,414.79,12029.0,10786.0,26,26,88.28,0.951,20251031_012_pol_pro_Sed_lan_2025_11_Colorado2025_x011776_y010240
Unknown_Sample,20251031_012_pol_pro_Sed_lan_2025_11_Colorado2025.czi,Sed_lan,388.24,12568.0,10755.0,25,26,84.53,0.957,20251031_012_pol_pro_Sed_lan_2025_11_Colorado2025_x012288_y010240
Unknown_Sample,20251031_012_pol_pro_Sed_lan_2025_11_Colorado2025.czi,Sed_lan,370.16,12565.0,10613.0,25,24,82.28,0.949,20251031_012_pol_pro_Sed_lan_2025_11_Colorado2025_x012288_y010240
Unknown_Sample,20251031_012_pol_pro_Sed_lan_2025_11_Colorado2025.czi,Sed_lan,310.9,13054.0,10638.0,23,23,76.28,0.96,20251031_012_pol_pro_Sed_lan_2025_11_Colorado2025_x012800_y010240
Unknown_Sample,20251031_012_pol_pro_Sed_lan_2025_11_Colorado2025.czi,Sed_lan,141.6,13142.0,10565.0,15,16,52.14,0.93,20251031_012_pol_pro_Sed_lan_2025_11_Colorado2025_x012800_y010240
Unknown_Sample,20251031_012_pol_pro_Sed_lan_2025_11_Colorado2025.czi,Sed_lan,327.44,13534.0,10451.0,23,24,77.7,0.949,20251031_012_pol_pro_Sed_lan_2025_11_Colorado2025_x013312_y010240
Unknown_Sample,20251031_012_pol_pro_Sed_lan_2025_11_Colorado2025.czi,Sed_lan,333.22,13528.0,10721.0,24,23,79.46,0.948,20251031_012_pol_pro_Sed_lan_2025_11_Colorado2025_x013312_y010240
Unknown_Sample,20251031_012_pol_pro_Sed_lan_2025_11_Colorado2025.czi,Sed_lan,328.98,13484.0,10675.0,24,23,76.53,0.947,20251031_012_pol_pro_Sed_lan_2025_11_Colorado2025_x013312_y010240
Unknown_Sample,20251031_012_pol_pro_Sed_lan_2025_11_Colorado2025.czi,Sed_lan,314.36,13741.0,10691.0,23,22,76.04,0.947,20251031_012_pol_pro_Sed_lan_2025_11_Colorado2025_x013312_y010240
Unknown_Sample,20251031_012_pol_pro_Sed_lan_2025_11_Colorado2025.czi,Sed_lan,184.31,13877.0,10482.0,17,18,59.56,0.94,20251031_012_pol_pro_Sed_lan_2025_11_Colorado2025_x013312_y010240
Unknown_Sample,20251031_012_pol_pro_Sed_lan_2025_11_Colorado2025.czi,Sed_lan,219.71,14335.0,10462.0,18,20,65.56,0.939,20251031_012_pol_pro_Sed_lan_2025_11_Colorado2025_x013824_y010240
Unknown_Sample,20251031_012_pol_pro_Sed_lan_2025_11_Colorado2025.czi,Sed_lan,185.08,13877.0,10482.0,17,18,59.56,0.938,20251031_012_pol_pro_Sed_lan_2025_11_Colorado2025_x013824_y010240
Unknown_Sample,20251031_012_pol_pro_Sed_lan_2025_11_Colorado2025.czi,Sed_lan,277.04,14011.0,10834.0,21,21,71.8,0.936,20251031_012_pol_pro_Sed_lan_2025_11_Colorado2025_x013824_y010240
Unknown_Sample,20251031_012_pol_pro_Sed_lan_2025_11_Colorado2025.czi,Sed_lan,302.82,14498.0,10517.0,22,23,74.87,0.943,20251031_012_pol_pro_Sed_lan_2025_11_Colorado2025_x014336_y010240
Unknown_Sample,20251031_012_pol_pro_Sed_lan_2025_11_Colorado2025.czi,Sed_lan,297.82,14484.0,10793.0,21,23,74.63,0.943,20251031_012_pol_pro_Sed_lan_2025_11_Colorado2025_x014336_y010240
Unknown_Sample,20251031_012_pol_pro_Sed_lan_2025_11_Colorado2025.czi,Sed_lan,288.97,14784.0,10438.0,23,21,74.04,0.94,20251031_012_pol_pro_Sed_lan_2025_11_Colorado2025_x014336_y010240
Unknown_Sample,20251031_012_pol_pro_Sed_lan_2025_11_Colorado2025.czi,Sed_lan,202.01,15245.0,10247.0,22,15,63.56,0.945,20251031_012_pol_pro_Sed_lan_2025_11_Colorado2025_x014848_y010240
Unknown_Sample,20251031_012_pol_pro_Sed_lan_2025_11_Colorado2025.czi,Sed_lan,288.2,15741.0,10710.0,22,22,72.87,0.95,20251031_012_pol_pro_Sed_lan_2025_11_Colorado2025_x015360_y010240
Unknown_Sample,20251031_012_pol_pro_Sed_lan_2025_11_Colorado2025.czi,Sed_lan,316.29,16259.0,10447.0,23,22,76.63,0.946,20251031_012_pol_pro_Sed_lan_2025_11_Colorado2025_x015872_y010240
Unknown_Sample,20251031_012_pol_pro_Sed_lan_2025_11_Colorado2025.czi,Sed_lan,211.24,16217.0,10858.0,19,18,62.38,0.943,20251031_012_pol_pro_Sed_lan_2025_11_Colorado2025_x015872_y010240
Unknown_Sample,20251031_012_pol_pro_Sed_lan_2025_11_Colorado2025.czi,Sed_lan,240.1,16475.0,10870.0,20,19,68.14,0.904,20251031_012_pol_pro_Sed_lan_2025_11_Colorado2025_x015872_y010240
Unknown_Sample,20251031_012_pol_pro_Sed_lan_2025_11_Colorado2025.czi,Sed_lan,243.95,16475.0,10870.0,20,19,68.14,0.884,20251031_012_pol_pro_Sed_lan_2025_11_Colorado2025_x016384_y010240
Unknown_Sample,20251031_012_pol_pro_Sed_lan_2025_11_Colorado2025.czi,Sed_lan,201.62,16613.0,10762.0,18,18,60.97,0.87,20251031_012_pol_pro_Sed_lan_2025_11_Colorado2025_x016384_y010240
Unknown_Sample,20251031_012_pol_pro_Sed_lan_2025_11_Colorado2025.czi,Sed_lan,266.65,986.0,11214.0,21,22,70.87,0.931,20251031_012_pol_pro_Sed_lan_2025_11_Colorado2025_x000512_y010752
Unknown_Sample,20251031_012_pol_pro_Sed_lan_2025_11_Colorado2025.czi,Sed_lan,246.64,2232.0,11265.0,20,20,67.21,0.947,20251031_012_pol_pro_Sed_lan_2025_11_Colorado2025_x002048_y010752
Unknown_Sample,20251031_012_pol_pro_Sed_lan_2025_11_Colorado2025.czi,Sed_lan,246.64,2810.0,11317.0,19,21,67.21,0.939,20251031_012_pol_pro_Sed_lan_2025_11_Colorado2025_x002560_y010752
Unknown_Sample,20251031_012_pol_pro_Sed_lan_2025_11_Colorado2025.czi,Sed_lan,255.49,3077.0,11092.0,20,21,68.63,0.904,20251031_012_pol_pro_Sed_lan_2025_11_Colorado2025_x002560_y010752
Unknown_Sample,20251031_012_pol_pro_Sed_lan_2025_11_Colorado2025.czi,Sed_lan,317.06,3067.0,11111.0,23,24,77.11,0.902,20251031_012_pol_pro_Sed_lan_2025_11_Colorado2025_x002560_y010752
Unknown_Sample,20251031_012_pol_pro_Sed_lan_2025_11_Colorado2025.czi,Sed_lan,259.72,3561.0,11118.0,20,21,69.21,0.944,20251031_012_pol_pro_Sed_lan_2025_11_Colorado2025_x003072_y010752
Unknown_Sample,20251031_012_pol_pro_Sed_lan_2025_11_Colorado2025.czi,Sed_lan,188.16,3079.0,11092.0,15,20,60.73,0.917,20251031_012_pol_pro_Sed_lan_2025_11_Colorado2025_x003072_y010752
Unknown_Sample,20251031_012_pol_pro_Sed_lan_2025_11_Colorado2025.czi,Sed_lan,302.05,3429.0,10775.0,22,22,74.04,0.917,20251031_012_pol_pro_Sed_lan_2025_11_Colorado2025_x003072_y010752
Unknown_Sample,20251031_012_pol_pro_Sed_lan_2025_11_Colorado2025.czi,Sed_lan,432.87,5472.0,10790.0,27,26,89.7,0.955,20251031_012_pol_pro_Sed_lan_2025_11_Colorado2025_x005120_y010752
Unknown_Sample,20251031_012_pol_pro_Sed_lan_2025_11_Colorado2025.czi,Sed_lan,360.92,5655.0,11072.0,24,25,82.28,0.954,20251031_012_pol_pro_Sed_lan_2025_11_Colorado2025_x005120_y010752
Unknown_Sample,20251031_012_pol_pro_Sed_lan_2025_11_Colorado2025.czi,Sed_lan,331.29,5479.0,10761.0,27,20,81.21,0.949,20251031_012_pol_pro_Sed_lan_2025_11_Colorado2025_x005120_y010752
Unknown_Sample,20251031_012_pol_pro_Sed_lan_2025_11_Colorado2025.czi,Sed_lan,360.15,5655.0,11072.0,24,25,82.28,0.955,20251031_012_pol_pro_Sed_lan_2025_11_Colorado2025_x005632_y010752
Unknown_Sample,20251031_012_pol_pro_Sed_lan_2025_11_Colorado2025.czi,Sed_lan,467.12,5910.0,10888.0,27,28,93.11,0.951,20251031_012_pol_pro_Sed_lan_2025_11_Colorado2025_x005632_y010752
Unknown_Sample,20251031_012_pol_pro_Sed_lan_2025_11_Colorado2025.czi,Sed_lan,279.73,5803.0,11067.0,21,22,73.21,0.941,20251031_012_pol_pro_Sed_lan_2025_11_Colorado2025_x005632_y010752
Unknown_Sample,20251031_012_pol_pro_Sed_lan_2025_11_Colorado2025.czi,Sed_lan,156.99,6075.0,11073.0,15,17,54.14,0.935,20251031_012_pol_pro_Sed_lan_2025_11_Colorado2025_x005632_y010752
Unknown_Sample,20251031_012_pol_pro_Sed_lan_2025_11_Colorado2025.czi,Sed_lan,417.87,6346.0,11250.0,27,26,86.77,0.948,20251031_012_pol_pro_Sed_lan_2025_11_Colorado2025_x006144_y010752
Unknown_Sample,20251031_012_pol_pro_Sed_lan_2025_11_Colorado2025.czi,Sed_lan,453.65,7154.0,11365.0,27,27,90.53,0.946,20251031_012_pol_pro_Sed_lan_2025_11_Colorado2025_x006656_y010752
Unknown_Sample,20251031_012_pol_pro_Sed_lan_2025_11_Colorado2025.czi,Sed_lan,362.46,7863.0,11359.0,25,24,82.28,0.954,20251031_012_pol_pro_Sed_lan_2025_11_Colorado2025_x007680_y010752
Unknown_Sample,20251031_012_pol_pro_Sed_lan_2025_11_Colorado2025.czi,Sed_lan,188.93,7839.0,10788.0,17,19,60.38,0.936,20251031_012_pol_pro_Sed_lan_2025_11_Colorado2025_x007680_y010752
Unknown_Sample,20251031_012_pol_pro_Sed_lan_2025_11_Colorado2025.czi,Sed_lan,320.52,8768.0,11105.0,23,23,78.04,0.951,20251031_012_pol_pro_Sed_lan_2025_11_Colorado2025_x008192_y010752
Unknown_Sample,20251031_012_pol_pro_Sed_lan_2025_11_Colorado2025.czi,Sed_lan,320.52,8768.0,11105.0,23,23,78.04,0.951,20251031_012_pol_pro_Sed_lan_2025_11_Colorado2025_x008704_y010752
Unknown_Sample,20251031_012_pol_pro_Sed_lan_2025_11_Colorado2025.czi,Sed_lan,414.02,8946.0,10944.0,26,27,87.94,0.947,20251031_012_pol_pro_Sed_lan_2025_11_Colorado2025_x008704_y010752
Unknown_Sample,20251031_012_pol_pro_Sed_lan_2025_11_Colorado2025.czi,Sed_lan,467.89,10037.0,10988.0,27,29,91.6,0.955,20251031_012_pol_pro_Sed_lan_2025_11_Colorado2025_x009728_y010752
Unknown_Sample,20251031_012_pol_pro_Sed_lan_2025_11_Colorado2025.czi,Sed_lan,391.32,10190.0,11323.0,25,26,84.53,0.949,20251031_012_pol_pro_Sed_lan_2025_11_Colorado2025_x009728_y010752
Unknown_Sample,20251031_012_pol_pro_Sed_lan_2025_11_Colorado2025.czi,Sed_lan,376.31,10290.0,10893.0,27,26,84.43,0.914,20251031_012_pol_pro_Sed_lan_2025_11_Colorado2025_x009728_y010752
Unknown_Sample,20251031_012_pol_pro_Sed_lan_2025_11_Colorado2025.czi,Sed_lan,344.76,10276.0,10911.0,24,24,79.11,0.907,20251031_012_pol_pro_Sed_lan_2025_11_Colorado2025_x009728_y010752
Unknown_Sample,20251031_012_pol_pro_Sed_lan_2025_11_Colorado2025.czi,Sed_lan,377.08,10505.0,11051.0,25,24,83.46,0.952,20251031_012_pol_pro_Sed_lan_2025_11_Colorado2025_x010240_y010752
Unknown_Sample,20251031_012_pol_pro_Sed_lan_2025_11_Colorado2025.czi,Sed_lan,370.92,10524.0,11084.0,25,25,83.11,0.947,20251031_012_pol_pro_Sed_lan_2025_11_Colorado2025_x010240_y010752
Unknown_Sample,20251031_012_pol_pro_Sed_lan_2025_11_Colorado2025.czi,Sed_lan,377.08,10290.0,10893.0,27,26,84.43,0.912,20251031_012_pol_pro_Sed_lan_2025_11_Colorado2025_x010240_y010752
Unknown_Sample,20251031_012_pol_pro_Sed_lan_2025_11_Colorado2025.czi,Sed_lan,345.53,10276.0,10911.0,24,24,79.11,0.906,20251031_012_pol_pro_Sed_lan_2025_11_Colorado2025_x010240_y010752
Unknown_Sample,20251031_012_pol_pro_Sed_lan_2025_11_Colorado2025.czi,Sed_lan,477.89,11354.0,11262.0,28,28,92.77,0.956,20251031_012_pol_pro_Sed_lan_2025_11_Colorado2025_x010752_y010752
Unknown_Sample,20251031_012_pol_pro_Sed_lan_2025_11_Colorado2025.czi,Sed_lan,394.78,10954.0,10825.0,25,26,86.28,0.952,20251031_012_pol_pro_Sed_lan_2025_11_Colorado2025_x010752_y010752
Unknown_Sample,20251031_012_pol_pro_Sed_lan_2025_11_Colorado2025.czi,Sed_lan,400.17,10905.0,11261.0,25,26,85.11,0.951,20251031_012_pol_pro_Sed_lan_2025_11_Colorado2025_x010752_y010752
Unknown_Sample,20251031_012_pol_pro_Sed_lan_2025_11_Colorado2025.czi,Sed_lan,476.74,11354.0,11262.0,28,28,93.36,0.957,20251031_012_pol_pro_Sed_lan_2025_11_Colorado2025_x011264_y010752
Unknown_Sample,20251031_012_pol_pro_Sed_lan_2025_11_Colorado2025.czi,Sed_lan,379.01,11459.0,11353.0,26,25,84.53,0.95,20251031_012_pol_pro_Sed_lan_2025_11_Colorado2025_x011264_y010752
Unknown_Sample,20251031_012_pol_pro_Sed_lan_2025_11_Colorado2025.czi,Sed_lan,389.78,11667.0,11130.0,25,25,83.7,0.943,20251031_012_pol_pro_Sed_lan_2025_11_Colorado2025_x011264_y010752
Unknown_Sample,20251031_012_pol_pro_Sed_lan_2025_11_Colorado2025.czi,Sed_lan,318.21,11605.0,11124.0,23,23,76.87,0.943,20251031_012_pol_pro_Sed_lan_2025_11_Colorado2025_x011264_y010752
Unknown_Sample,20251031_012_pol_pro_Sed_lan_2025_11_Colorado2025.czi,Sed_lan,414.02,12029.0,10786.0,26,26,88.28,0.951,20251031_012_pol_pro_Sed_lan_2025_11_Colorado2025_x011776_y010752
Unknown_Sample,20251031_012_pol_pro_Sed_lan_2025_11_Colorado2025.czi,Sed_lan,336.29,12333.0,11037.0,23,24,79.46,0.945,20251031_012_pol_pro_Sed_lan_2025_11_Colorado2025_x011776_y010752
Unknown_Sample,20251031_012_pol_pro_Sed_lan_2025_11_Colorado2025.czi,Sed_lan,153.14,11983.0,11138.0,16,16,54.14,0.939,20251031_012_pol_pro_Sed_lan_2025_11_Colorado2025_x011776_y010752
Unknown_Sample,20251031_012_pol_pro_Sed_lan_2025_11_Colorado2025.czi,Sed_lan,243.18,12568.0,10759.0,25,17,71.8,0.955,20251031_012_pol_pro_Sed_lan_2025_11_Colorado2025_x012288_y010752
Unknown_Sample,20251031_012_pol_pro_Sed_lan_2025_11_Colorado2025.czi,Sed_lan,337.06,12333.0,11037.0,23,24,79.46,0.943,20251031_012_pol_pro_Sed_lan_2025_11_Colorado2025_x012288_y010752
Unknown_Sample,20251031_012_pol_pro_Sed_lan_2025_11_Colorado2025.czi,Sed_lan,135.83,12688.0,11385.0,18,12,54.24,0.87,20251031_012_pol_pro_Sed_lan_2025_11_Colorado2025_x012288_y010752
Unknown_Sample,20251031_012_pol_pro_Sed_lan_2025_11_Colorado2025.czi,Sed_lan,270.88,14252.0,11160.0,21,20,70.97,0.946,20251031_012_pol_pro_Sed_lan_2025_11_Colorado2025_x013824_y010752
Unknown_Sample,20251031_012_pol_pro_Sed_lan_2025_11_Colorado2025.czi,Sed_lan,198.93,14034.0,11286.0,18,18,60.38,0.943,20251031_012_pol_pro_Sed_lan_2025_11_Colorado2025_x013824_y010752
Unknown_Sample,20251031_012_pol_pro_Sed_lan_2025_11_Colorado2025.czi,Sed_lan,175.46,14302.0,11020.0,17,17,56.97,0.94,20251031_012_pol_pro_Sed_lan_2025_11_Colorado2025_x013824_y010752
Unknown_Sample,20251031_012_pol_pro_Sed_lan_2025_11_Colorado2025.czi,Sed_lan,277.04,14011.0,10834.0,21,21,71.8,0.936,20251031_012_pol_pro_Sed_lan_2025_11_Colorado2025_x013824_y010752
Unknown_Sample,20251031_012_pol_pro_Sed_lan_2025_11_Colorado2025.czi,Sed_lan,326.29,14614.0,11051.0,23,24,78.28,0.949,20251031_012_pol_pro_Sed_lan_2025_11_Colorado2025_x014336_y010752
Unknown_Sample,20251031_012_pol_pro_Sed_lan_2025_11_Colorado2025.czi,Sed_lan,297.82,14484.0,10793.0,21,23,74.63,0.943,20251031_012_pol_pro_Sed_lan_2025_11_Colorado2025_x014336_y010752
Unknown_Sample,20251031_012_pol_pro_Sed_lan_2025_11_Colorado2025.czi,Sed_lan,265.88,14606.0,11155.0,21,21,70.04,0.939,20251031_012_pol_pro_Sed_lan_2025_11_Colorado2025_x014336_y010752
Unknown_Sample,20251031_012_pol_pro_Sed_lan_2025_11_Colorado2025.czi,Sed_lan,340.53,14866.0,10979.0,25,23,79.7,0.914,20251031_012_pol_pro_Sed_lan_2025_11_Colorado2025_x014336_y010752
Unknown_Sample,20251031_012_pol_pro_Sed_lan_2025_11_Colorado2025.czi,Sed_lan,250.49,14708.0,10943.0,20,21,68.04,0.889,20251031_012_pol_pro_Sed_lan_2025_11_Colorado2025_x014336_y010752
Unknown_Sample,20251031_012_pol_pro_Sed_lan_2025_11_Colorado2025.czi,Sed_lan,337.06,14866.0,10979.0,25,23,80.28,0.914,20251031_012_pol_pro_Sed_lan_2025_11_Colorado2025_x014848_y010752
Unknown_Sample,20251031_012_pol_pro_Sed_lan_2025_11_Colorado2025.czi,Sed_lan,221.63,15491.0,11383.0,22,16,67.31,0.899,20251031_012_pol_pro_Sed_lan_2025_11_Colorado2025_x015360_y010752
Unknown_Sample,20251031_012_pol_pro_Sed_lan_2025_11_Colorado2025.czi,Sed_lan,210.47,16217.0,10858.0,19,18,62.38,0.943,20251031_012_pol_pro_Sed_lan_2025_11_Colorado2025_x015872_y010752
Unknown_Sample,20251031_012_pol_pro_Sed_lan_2025_11_Colorado2025.czi,Sed_lan,243.56,16475.0,10870.0,20,21,66.87,0.931,20251031_012_pol_pro_Sed_lan_2025_11_Colorado2025_x015872_y010752
Unknown_Sample,20251031_012_pol_pro_Sed_lan_2025_11_Colorado2025.czi,Sed_lan,254.34,16007.0,11067.0,21,20,68.04,0.931,20251031_012_pol_pro_Sed_lan_2025_11_Colorado2025_x015872_y010752
Unknown_Sample,20251031_012_pol_pro_Sed_lan_2025_11_Colorado2025.czi,Sed_lan,238.56,16475.0,10870.0,20,20,66.63,0.881,20251031_012_pol_pro_Sed_lan_2025_11_Colorado2025_x016384_y010752
Unknown_Sample,20251031_012_pol_pro_Sed_lan_2025_11_Colorado2025.czi,Sed_lan,205.09,16613.0,10761.0,19,18,61.21,0.858,20251031_012_pol_pro_Sed_lan_2025_11_Colorado2025_x016384_y010752
Unknown_Sample,20251031_012_pol_pro_Sed_lan_2025_11_Colorado2025.czi,Sed_lan,223.94,374.0,11552.0,20,19,65.8,0.811,20251031_012_pol_pro_Sed_lan_2025_11_Colorado2025_x000000_y011264
Unknown_Sample,20251031_012_pol_pro_Sed_lan_2025_11_Colorado2025.czi,Sed_lan,192.39,1033.0,11810.0,19,17,60.97,0.936,20251031_012_pol_pro_Sed_lan_2025_11_Colorado2025_x000512_y011264
Unknown_Sample,20251031_012_pol_pro_Sed_lan_2025_11_Colorado2025.czi,Sed_lan,197.39,1033.0,11810.0,19,17,60.38,0.928,20251031_012_pol_pro_Sed_lan_2025_11_Colorado2025_x001024_y011264
Unknown_Sample,20251031_012_pol_pro_Sed_lan_2025_11_Colorado2025.czi,Sed_lan,291.28,2147.0,11634.0,21,23,74.04,0.934,20251031_012_pol_pro_Sed_lan_2025_11_Colorado2025_x001536_y011264
Unknown_Sample,20251031_012_pol_pro_Sed_lan_2025_11_Colorado2025.czi,Sed_lan,126.21,1967.0,11628.0,14,15,49.31,0.919,20251031_012_pol_pro_Sed_lan_2025_11_Colorado2025_x001536_y011264
Unknown_Sample,20251031_012_pol_pro_Sed_lan_2025_11_Colorado2025.czi,Sed_lan,126.59,2232.0,11269.0,20,11,52.73,0.948,20251031_012_pol_pro_Sed_lan_2025_11_Colorado2025_x002048_y011264
Unknown_Sample,20251031_012_pol_pro_Sed_lan_2025_11_Colorado2025.czi,Sed_lan,253.57,2193.0,11762.0,20,21,69.21,0.943,20251031_012_pol_pro_Sed_lan_2025_11_Colorado2025_x002048_y011264
Unknown_Sample,20251031_012_pol_pro_Sed_lan_2025_11_Colorado2025.czi,Sed_lan,293.2,2593.0,11573.0,22,22,73.46,0.942,20251031_012_pol_pro_Sed_lan_2025_11_Colorado2025_x002048_y011264
Unknown_Sample,20251031_012_pol_pro_Sed_lan_2025_11_Colorado2025.czi,Sed_lan,264.73,2251.0,11769.0,21,20,69.8,0.942,20251031_012_pol_pro_Sed_lan_2025_11_Colorado2025_x002048_y011264
Unknown_Sample,20251031_012_pol_pro_Sed_lan_2025_11_Colorado2025.czi,Sed_lan,246.26,2474.0,11492.0,20,20,67.8,0.941,20251031_012_pol_pro_Sed_lan_2025_11_Colorado2025_x002048_y011264
Unknown_Sample,20251031_012_pol_pro_Sed_lan_2025_11_Colorado2025.czi,Sed_lan,281.27,2148.0,11634.0,22,21,72.04,0.941,20251031_012_pol_pro_Sed_lan_2025_11_Colorado2025_x002048_y011264
Unknown_Sample,20251031_012_pol_pro_Sed_lan_2025_11_Colorado2025.czi,Sed_lan,161.99,2250.0,11800.0,16,17,55.56,0.94,20251031_012_pol_pro_Sed_lan_2025_11_Colorado2025_x002048_y011264
Unknown_Sample,20251031_012_pol_pro_Sed_lan_2025_11_Colorado2025.czi,Sed_lan,318.98,3006.0,11751.0,23,23,76.87,0.956,20251031_012_pol_pro_Sed_lan_2025_11_Colorado2025_x002560_y011264
Unknown_Sample,20251031_012_pol_pro_Sed_lan_2025_11_Colorado2025.czi,Sed_lan,327.06,2992.0,11515.0,23,24,77.11,0.942,20251031_012_pol_pro_Sed_lan_2025_11_Colorado2025_x002560_y011264
Unknown_Sample,20251031_012_pol_pro_Sed_lan_2025_11_Colorado2025.czi,Sed_lan,296.28,2593.0,11573.0,23,22,74.28,0.942,20251031_012_pol_pro_Sed_lan_2025_11_Colorado2025_x002560_y011264
Unknown_Sample,20251031_012_pol_pro_Sed_lan_2025_11_Colorado2025.czi,Sed_lan,245.1,2810.0,11317.0,19,21,67.21,0.941,20251031_012_pol_pro_Sed_lan_2025_11_Colorado2025_x002560_y011264
Unknown_Sample,20251031_012_pol_pro_Sed_lan_2025_11_Colorado2025.czi,Sed_lan,250.49,3013.0,11502.0,21,20,69.21,0.935,20251031_012_pol_pro_Sed_lan_2025_11_Colorado2025_x002560_y011264
Unknown_Sample,20251031_012_pol_pro_Sed_lan_2025_11_Colorado2025.czi,Sed_lan,313.98,3467.0,11439.0,23,23,76.28,0.952,20251031_012_pol_pro_Sed_lan_2025_11_Colorado2025_x003072_y011264
Unknown_Sample,20251031_012_pol_pro_Sed_lan_2025_11_Colorado2025.czi,Sed_lan,304.36,3692.0,11478.0,22,22,75.21,0.947,20251031_012_pol_pro_Sed_lan_2025_11_Colorado2025_x003072_y011264
Unknown_Sample,20251031_012_pol_pro_Sed_lan_2025_11_Colorado2025.czi,Sed_lan,351.69,4057.0,11727.0,24,24,80.28,0.953,20251031_012_pol_pro_Sed_lan_2025_11_Colorado2025_x003584_y011264
Unknown_Sample,20251031_012_pol_pro_Sed_lan_2025_11_Colorado2025.czi,Sed_lan,304.36,3692.0,11478.0,22,22,75.21,0.947,20251031_012_pol_pro_Sed_lan_2025_11_Colorado2025_x003584_y011264
Unknown_Sample,20251031_012_pol_pro_Sed_lan_2025_11_Colorado2025.czi,Sed_lan,343.22,3986.0,11572.0,24,23,79.46,0.944,20251031_012_pol_pro_Sed_lan_2025_11_Colorado2025_x003584_y011264
Unknown_Sample,20251031_012_pol_pro_Sed_lan_2025_11_Colorado2025.czi,Sed_lan,450.96,4981.0,11696.0,27,27,91.11,0.961,20251031_012_pol_pro_Sed_lan_2025_11_Colorado2025_x004608_y011264
Unknown_Sample,20251031_012_pol_pro_Sed_lan_2025_11_Colorado2025.czi,Sed_lan,349.76,5431.0,11891.0,24,23,81.21,0.923,20251031_012_pol_pro_Sed_lan_2025_11_Colorado2025_x005120_y011264
Unknown_Sample,20251031_012_pol_pro_Sed_lan_2025_11_Colorado2025.czi,Sed_lan,258.95,5909.0,11829.0,21,20,69.21,0.952,20251031_012_pol_pro_Sed_lan_2025_11_Colorado2025_x005632_y011264
Unknown_Sample,20251031_012_pol_pro_Sed_lan_2025_11_Colorado2025.czi,Sed_lan,163.53,6033.0,11582.0,16,17,55.56,0.934,20251031_012_pol_pro_Sed_lan_2025_11_Colorado2025_x005632_y011264
Unknown_Sample,20251031_012_pol_pro_Sed_lan_2025_11_Colorado2025.czi,Sed_lan,452.5,7154.0,11365.0,27,27,89.94,0.949,20251031_012_pol_pro_Sed_lan_2025_11_Colorado2025_x006656_y011264
Unknown_Sample,20251031_012_pol_pro_Sed_lan_2025_11_Colorado2025.czi,Sed_lan,360.92,7863.0,11359.0,25,24,82.28,0.954,20251031_012_pol_pro_Sed_lan_2025_11_Colorado2025_x007680_y011264
Unknown_Sample,20251031_012_pol_pro_Sed_lan_2025_11_Colorado2025.czi,Sed_lan,347.45,8026.0,11504.0,24,24,80.87,0.951,20251031_012_pol_pro_Sed_lan_2025_11_Colorado2025_x007680_y011264
Unknown_Sample,20251031_012_pol_pro_Sed_lan_2025_11_Colorado2025.czi,Sed_lan,345.91,9146.0,11462.0,24,24,80.87,0.951,20251031_012_pol_pro_Sed_lan_2025_11_Colorado2025_x008704_y011264
Unknown_Sample,20251031_012_pol_pro_Sed_lan_2025_11_Colorado2025.czi,Sed_lan,248.18,9198.0,11627.0,20,21,68.04,0.944,20251031_012_pol_pro_Sed_lan_2025_11_Colorado2025_x008704_y011264
Unknown_Sample,20251031_012_pol_pro_Sed_lan_2025_11_Colorado2025.czi,Sed_lan,517.14,9540.0,11593.0,29,29,99.11,0.957,20251031_012_pol_pro_Sed_lan_2025_11_Colorado2025_x009216_y011264
Unknown_Sample,20251031_012_pol_pro_Sed_lan_2025_11_Colorado2025.czi,Sed_lan,426.72,9522.0,11544.0,26,27,88.53,0.955,20251031_012_pol_pro_Sed_lan_2025_11_Colorado2025_x009216_y011264
Unknown_Sample,20251031_012_pol_pro_Sed_lan_2025_11_Colorado2025.czi,Sed_lan,488.67,9839.0,11449.0,29,28,94.77,0.949,20251031_012_pol_pro_Sed_lan_2025_11_Colorado2025_x009216_y011264
Unknown_Sample,20251031_012_pol_pro_Sed_lan_2025_11_Colorado2025.czi,Sed_lan,393.24,9837.0,11650.0,25,26,85.11,0.943,20251031_012_pol_pro_Sed_lan_2025_11_Colorado2025_x009216_y011264
Unknown_Sample,20251031_012_pol_pro_Sed_lan_2025_11_Colorado2025.czi,Sed_lan,414.79,10344.0,11846.0,27,25,87.11,0.957,20251031_012_pol_pro_Sed_lan_2025_11_Colorado2025_x009728_y011264
Unknown_Sample,20251031_012_pol_pro_Sed_lan_2025_11_Colorado2025.czi,Sed_lan,485.97,9839.0,11449.0,29,28,95.36,0.956,20251031_012_pol_pro_Sed_lan_2025_11_Colorado2025_x009728_y011264
Unknown_Sample,20251031_012_pol_pro_Sed_lan_2025_11_Colorado2025.czi,Sed_lan,390.55,10190.0,11323.0,25,26,84.53,0.95,20251031_012_pol_pro_Sed_lan_2025_11_Colorado2025_x009728_y011264
Unknown_Sample,20251031_012_pol_pro_Sed_lan_2025_11_Colorado2025.czi,Sed_lan,394.01,9837.0,11650.0,25,26,85.11,0.945,20251031_012_pol_pro_Sed_lan_2025_11_Colorado2025_x009728_y011264
Unknown_Sample,20251031_012_pol_pro_Sed_lan_2025_11_Colorado2025.czi,Sed_lan,414.02,10344.0,11846.0,27,25,87.11,0.957,20251031_012_pol_pro_Sed_lan_2025_11_Colorado2025_x010240_y011264
Unknown_Sample,20251031_012_pol_pro_Sed_lan_2025_11_Colorado2025.czi,Sed_lan,535.61,10516.0,11627.0,30,30,98.43,0.956,20251031_012_pol_pro_Sed_lan_2025_11_Colorado2025_x010240_y011264
Unknown_Sample,20251031_012_pol_pro_Sed_lan_2025_11_Colorado2025.czi,Sed_lan,183.54,11353.0,11269.0,27,13,68.38,0.943,20251031_012_pol_pro_Sed_lan_2025_11_Colorado2025_x010752_y011264
Unknown_Sample,20251031_012_pol_pro_Sed_lan_2025_11_Colorado2025.czi,Sed_lan,130.44,10905.0,11268.0,25,10,59.56,0.932,20251031_012_pol_pro_Sed_lan_2025_11_Colorado2025_x010752_y011264
Unknown_Sample,20251031_012_pol_pro_Sed_lan_2025_11_Colorado2025.czi,Sed_lan,195.47,10942.0,11718.0,17,19,62.14,0.932,20251031_012_pol_pro_Sed_lan_2025_11_Colorado2025_x010752_y011264
Unknown_Sample,20251031_012_pol_pro_Sed_lan_2025_11_Colorado2025.czi,Sed_lan,379.01,11459.0,11353.0,26,25,84.53,0.952,20251031_012_pol_pro_Sed_lan_2025_11_Colorado2025_x011264_y011264
Unknown_Sample,20251031_012_pol_pro_Sed_lan_2025_11_Colorado2025.czi,Sed_lan,181.23,11353.0,11269.0,27,12,66.38,0.945,20251031_012_pol_pro_Sed_lan_2025_11_Colorado2025_x011264_y011264
Unknown_Sample,20251031_012_pol_pro_Sed_lan_2025_11_Colorado2025.czi,Sed_lan,178.92,11800.0,11452.0,14,21,59.56,0.831,20251031_012_pol_pro_Sed_lan_2025_11_Colorado2025_x011264_y011264
Unknown_Sample,20251031_012_pol_pro_Sed_lan_2025_11_Colorado2025.czi,Sed_lan,254.34,12328.0,11709.0,21,20,69.21,0.949,20251031_012_pol_pro_Sed_lan_2025_11_Colorado2025_x011776_y011264
Unknown_Sample,20251031_012_pol_pro_Sed_lan_2025_11_Colorado2025.czi,Sed_lan,338.22,12076.0,11619.0,24,23,78.87,0.946,20251031_012_pol_pro_Sed_lan_2025_11_Colorado2025_x011776_y011264
Unknown_Sample,20251031_012_pol_pro_Sed_lan_2025_11_Colorado2025.czi,Sed_lan,276.27,12407.0,11734.0,17,25,75.31,0.914,20251031_012_pol_pro_Sed_lan_2025_11_Colorado2025_x011776_y011264
Unknown_Sample,20251031_012_pol_pro_Sed_lan_2025_11_Colorado2025.czi,Sed_lan,178.92,11800.0,11452.0,14,21,59.56,0.829,20251031_012_pol_pro_Sed_lan_2025_11_Colorado2025_x011776_y011264
Unknown_Sample,20251031_012_pol_pro_Sed_lan_2025_11_Colorado2025.czi,Sed_lan,383.62,12410.0,11734.0,25,25,83.7,0.953,20251031_012_pol_pro_Sed_lan_2025_11_Colorado2025_x012288_y011264
Unknown_Sample,20251031_012_pol_pro_Sed_lan_2025_11_Colorado2025.czi,Sed_lan,254.34,12328.0,11709.0,21,20,69.21,0.95,20251031_012_pol_pro_Sed_lan_2025_11_Colorado2025_x012288_y011264
Unknown_Sample,20251031_012_pol_pro_Sed_lan_2025_11_Colorado2025.czi,Sed_lan,377.08,12542.0,11684.0,25,25,83.11,0.945,20251031_012_pol_pro_Sed_lan_2025_11_Colorado2025_x012288_y011264
Unknown_Sample,20251031_012_pol_pro_Sed_lan_2025_11_Colorado2025.czi,Sed_lan,172.38,12687.0,11387.0,18,16,59.31,0.886,20251031_012_pol_pro_Sed_lan_2025_11_Colorado2025_x012288_y011264
Unknown_Sample,20251031_012_pol_pro_Sed_lan_2025_11_Colorado2025.czi,Sed_lan,341.68,13615.0,11487.0,23,24,79.46,0.952,20251031_012_pol_pro_Sed_lan_2025_11_Colorado2025_x013312_y011264
Unknown_Sample,20251031_012_pol_pro_Sed_lan_2025_11_Colorado2025.czi,Sed_lan,348.99,13660.0,11781.0,24,24,80.87,0.947,20251031_012_pol_pro_Sed_lan_2025_11_Colorado2025_x013312_y011264
Unknown_Sample,20251031_012_pol_pro_Sed_lan_2025_11_Colorado2025.czi,Sed_lan,315.13,13606.0,11461.0,23,22,77.21,0.941,20251031_012_pol_pro_Sed_lan_2025_11_Colorado2025_x013312_y011264
Unknown_Sample,20251031_012_pol_pro_Sed_lan_2025_11_Colorado2025.czi,Sed_lan,306.67,13997.0,11672.0,22,23,74.87,0.948,20251031_012_pol_pro_Sed_lan_2025_11_Colorado2025_x013824_y011264
Unknown_Sample,20251031_012_pol_pro_Sed_lan_2025_11_Colorado2025.czi,Sed_lan,268.19,14234.0,11798.0,21,21,71.21,0.947,20251031_012_pol_pro_Sed_lan_2025_11_Colorado2025_x013824_y011264
Unknown_Sample,20251031_012_pol_pro_Sed_lan_2025_11_Colorado2025.czi,Sed_lan,198.16,14034.0,11286.0,18,18,60.38,0.945,20251031_012_pol_pro_Sed_lan_2025_11_Colorado2025_x013824_y011264
Unknown_Sample,20251031_012_pol_pro_Sed_lan_2025_11_Colorado2025.czi,Sed_lan,260.49,14375.0,11517.0,21,20,69.21,0.943,20251031_012_pol_pro_Sed_lan_2025_11_Colorado2025_x013824_y011264
Unknown_Sample,20251031_012_pol_pro_Sed_lan_2025_11_Colorado2025.czi,Sed_lan,261.26,14375.0,11517.0,21,20,70.38,0.937,20251031_012_pol_pro_Sed_lan_2025_11_Colorado2025_x014336_y011264
Unknown_Sample,20251031_012_pol_pro_Sed_lan_2025_11_Colorado2025.czi,Sed_lan,354.76,14916.0,11454.0,26,23,81.11,0.928,20251031_012_pol_pro_Sed_lan_2025_11_Colorado2025_x014336_y011264
Unknown_Sample,20251031_012_pol_pro_Sed_lan_2025_11_Colorado2025.czi,Sed_lan,319.36,14629.0,11870.0,23,23,77.46,0.894,20251031_012_pol_pro_Sed_lan_2025_11_Colorado2025_x014336_y011264
Unknown_Sample,20251031_012_pol_pro_Sed_lan_2025_11_Colorado2025.czi,Sed_lan,127.75,14970.0,11653.0,10,22,55.31,0.871,20251031_012_pol_pro_Sed_lan_2025_11_Colorado2025_x014336_y011264
Unknown_Sample,20251031_012_pol_pro_Sed_lan_2025_11_Colorado2025.czi,Sed_lan,229.33,14706.0,11564.0,18,20,64.97,0.815,20251031_012_pol_pro_Sed_lan_2025_11_Colorado2025_x014336_y011264
Unknown_Sample,20251031_012_pol_pro_Sed_lan_2025_11_Colorado2025.czi,Sed_lan,405.17,15019.0,11478.0,27,26,87.36,0.954,20251031_012_pol_pro_Sed_lan_2025_11_Colorado2025_x014848_y011264
Unknown_Sample,20251031_012_pol_pro_Sed_lan_2025_11_Colorado2025.czi,Sed_lan,299.36,14976.0,11654.0,22,22,74.63,0.952,20251031_012_pol_pro_Sed_lan_2025_11_Colorado2025_x014848_y011264
Unknown_Sample,20251031_012_pol_pro_Sed_lan_2025_11_Colorado2025.czi,Sed_lan,261.26,15250.0,11641.0,21,20,70.38,0.945,20251031_012_pol_pro_Sed_lan_2025_11_Colorado2025_x014848_y011264
Unknown_Sample,20251031_012_pol_pro_Sed_lan_2025_11_Colorado2025.czi,Sed_lan,345.14,14916.0,11454.0,25,23,79.7,0.938,20251031_012_pol_pro_Sed_lan_2025_11_Colorado2025_x014848_y011264
Unknown_Sample,20251031_012_pol_pro_Sed_lan_2025_11_Colorado2025.czi,Sed_lan,165.84,14980.0,11678.0,18,15,56.73,0.929,20251031_012_pol_pro_Sed_lan_2025_11_Colorado2025_x014848_y011264
Unknown_Sample,20251031_012_pol_pro_Sed_lan_2025_11_Colorado2025.czi,Sed_lan,230.87,15981.0,11782.0,20,20,65.46,0.947,20251031_012_pol_pro_Sed_lan_2025_11_Colorado2025_x015360_y011264
Unknown_Sample,20251031_012_pol_pro_Sed_lan_2025_11_Colorado2025.czi,Sed_lan,325.52,15491.0,11387.0,22,24,77.46,0.943,20251031_012_pol_pro_Sed_lan_2025_11_Colorado2025_x015360_y011264
Unknown_Sample,20251031_012_pol_pro_Sed_lan_2025_11_Colorado2025.czi,Sed_lan,277.42,15605.0,11693.0,21,22,72.04,0.94,20251031_012_pol_pro_Sed_lan_2025_11_Colorado2025_x015360_y011264
Unknown_Sample,20251031_012_pol_pro_Sed_lan_2025_11_Colorado2025.czi,Sed_lan,129.67,15994.0,11722.0,11,20,53.9,0.887,20251031_012_pol_pro_Sed_lan_2025_11_Colorado2025_x015360_y011264
Unknown_Sample,20251031_012_pol_pro_Sed_lan_2025_11_Colorado2025.czi,Sed_lan,286.27,16394.0,11422.0,22,22,73.46,0.95,20251031_012_pol_pro_Sed_lan_2025_11_Colorado2025_x015872_y011264
Unknown_Sample,20251031_012_pol_pro_Sed_lan_2025_11_Colorado2025.czi,Sed_lan,229.33,15981.0,11782.0,19,20,64.63,0.948,20251031_012_pol_pro_Sed_lan_2025_11_Colorado2025_x015872_y011264
Unknown_Sample,20251031_012_pol_pro_Sed_lan_2025_11_Colorado2025.czi,Sed_lan,258.19,16270.0,11428.0,20,21,70.38,0.947,20251031_012_pol_pro_Sed_lan_2025_11_Colorado2025_x015872_y011264
Unknown_Sample,20251031_012_pol_pro_Sed_lan_2025_11_Colorado2025.czi,Sed_lan,256.26,16444.0,11776.0,21,20,69.8,0.945,20251031_012_pol_pro_Sed_lan_2025_11_Colorado2025_x015872_y011264
Unknown_Sample,20251031_012_pol_pro_Sed_lan_2025_11_Colorado2025.czi,Sed_lan,228.56,15997.0,11721.0,19,20,64.63,0.942,20251031_012_pol_pro_Sed_lan_2025_11_Colorado2025_x015872_y011264
Unknown_Sample,20251031_012_pol_pro_Sed_lan_2025_11_Colorado2025.czi,Sed_lan,61.95,16331.0,11453.0,11,10,35.07,0.921,20251031_012_pol_pro_Sed_lan_2025_11_Colorado2025_x015872_y011264
Unknown_Sample,20251031_012_pol_pro_Sed_lan_2025_11_Colorado2025.czi,Sed_lan,276.27,16394.0,11422.0,21,22,72.63,0.948,20251031_012_pol_pro_Sed_lan_2025_11_Colorado2025_x016384_y011264
Unknown_Sample,20251031_012_pol_pro_Sed_lan_2025_11_Colorado2025.czi,Sed_lan,257.8,16444.0,11776.0,21,20,70.97,0.943,20251031_012_pol_pro_Sed_lan_2025_11_Colorado2025_x016384_y011264
Unknown_Sample,20251031_012_pol_pro_Sed_lan_2025_11_Colorado2025.czi,Sed_lan,290.51,16580.0,11739.0,22,22,72.87,0.936,20251031_012_pol_pro_Sed_lan_2025_11_Colorado2025_x016384_y011264
Unknown_Sample,20251031_012_pol_pro_Sed_lan_2025_11_Colorado2025.czi,Sed_lan,225.48,554.0,12264.0,19,20,65.8,0.939,20251031_012_pol_pro_Sed_lan_2025_11_Colorado2025_x000000_y011776
Unknown_Sample,20251031_012_pol_pro_Sed_lan_2025_11_Colorado2025.czi,Sed_lan,229.33,417.0,12123.0,19,20,65.8,0.896,20251031_012_pol_pro_Sed_lan_2025_11_Colorado2025_x000000_y011776
Unknown_Sample,20251031_012_pol_pro_Sed_lan_2025_11_Colorado2025.czi,Sed_lan,237.02,193.0,12407.0,22,17,68.14,0.853,20251031_012_pol_pro_Sed_lan_2025_11_Colorado2025_x000000_y011776
Unknown_Sample,20251031_012_pol_pro_Sed_lan_2025_11_Colorado2025.czi,Sed_lan,223.94,554.0,12264.0,19,20,65.8,0.939,20251031_012_pol_pro_Sed_lan_2025_11_Colorado2025_x000512_y011776
Unknown_Sample,20251031_012_pol_pro_Sed_lan_2025_11_Colorado2025.czi,Sed_lan,192.39,1033.0,11810.0,19,17,60.97,0.936,20251031_012_pol_pro_Sed_lan_2025_11_Colorado2025_x000512_y011776
Unknown_Sample,20251031_012_pol_pro_Sed_lan_2025_11_Colorado2025.czi,Sed_lan,293.2,755.0,12006.0,22,23,74.28,0.932,20251031_012_pol_pro_Sed_lan_2025_11_Colorado2025_x000512_y011776
Unknown_Sample,20251031_012_pol_pro_Sed_lan_2025_11_Colorado2025.czi,Sed_lan,278.96,1299.0,12260.0,22,22,71.7,0.931,20251031_012_pol_pro_Sed_lan_2025_11_Colorado2025_x001024_y011776
Unknown_Sample,20251031_012_pol_pro_Sed_lan_2025_11_Colorado2025.czi,Sed_lan,255.49,1424.0,12141.0,21,20,68.63,0.931,20251031_012_pol_pro_Sed_lan_2025_11_Colorado2025_x001024_y011776
Unknown_Sample,20251031_012_pol_pro_Sed_lan_2025_11_Colorado2025.czi,Sed_lan,196.62,1033.0,11810.0,19,17,60.38,0.931,20251031_012_pol_pro_Sed_lan_2025_11_Colorado2025_x001024_y011776
Unknown_Sample,20251031_012_pol_pro_Sed_lan_2025_11_Colorado2025.czi,Sed_lan,260.11,1863.0,12313.0,21,21,70.63,0.951,20251031_012_pol_pro_Sed_lan_2025_11_Colorado2025_x001536_y011776
Unknown_Sample,20251031_012_pol_pro_Sed_lan_2025_11_Colorado2025.czi,Sed_lan,273.19,1837.0,12113.0,21,22,72.63,0.947,20251031_012_pol_pro_Sed_lan_2025_11_Colorado2025_x001536_y011776
Unknown_Sample,20251031_012_pol_pro_Sed_lan_2025_11_Colorado2025.czi,Sed_lan,325.14,1806.0,12243.0,24,23,76.53,0.943,20251031_012_pol_pro_Sed_lan_2025_11_Colorado2025_x001536_y011776
Unknown_Sample,20251031_012_pol_pro_Sed_lan_2025_11_Colorado2025.czi,Sed_lan,240.87,1937.0,12332.0,20,20,67.8,0.927,20251031_012_pol_pro_Sed_lan_2025_11_Colorado2025_x001536_y011776
Unknown_Sample,20251031_012_pol_pro_Sed_lan_2025_11_Colorado2025.czi,Sed_lan,299.36,2132.0,12279.0,23,22,75.46,0.927,20251031_012_pol_pro_Sed_lan_2025_11_Colorado2025_x001536_y011776
Unknown_Sample,20251031_012_pol_pro_Sed_lan_2025_11_Colorado2025.czi,Sed_lan,303.59,2141.0,12301.0,23,25,106.04,0.897,20251031_012_pol_pro_Sed_lan_2025_11_Colorado2025_x001536_y011776
Unknown_Sample,20251031_012_pol_pro_Sed_lan_2025_11_Colorado2025.czi,Sed_lan,270.88,1953.0,12345.0,22,22,72.28,0.878,20251031_012_pol_pro_Sed_lan_2025_11_Colorado2025_x001536_y011776
Unknown_Sample,20251031_012_pol_pro_Sed_lan_2025_11_Colorado2025.czi,Sed_lan,282.43,2489.0,11911.0,21,22,73.8,0.946,20251031_012_pol_pro_Sed_lan_2025_11_Colorado2025_x002048_y011776
Unknown_Sample,20251031_012_pol_pro_Sed_lan_2025_11_Colorado2025.czi,Sed_lan,177.0,2250.0,11800.0,17,17,58.14,0.934,20251031_012_pol_pro_Sed_lan_2025_11_Colorado2025_x002048_y011776
Unknown_Sample,20251031_012_pol_pro_Sed_lan_2025_11_Colorado2025.czi,Sed_lan,299.36,2132.0,12279.0,23,22,75.46,0.926,20251031_012_pol_pro_Sed_lan_2025_11_Colorado2025_x002048_y011776
Unknown_Sample,20251031_012_pol_pro_Sed_lan_2025_11_Colorado2025.czi,Sed_lan,303.59,2141.0,12301.0,23,25,106.04,0.896,20251031_012_pol_pro_Sed_lan_2025_11_Colorado2025_x002048_y011776
Unknown_Sample,20251031_012_pol_pro_Sed_lan_2025_11_Colorado2025.czi,Sed_lan,412.48,3680.0,12093.0,26,27,87.94,0.954,20251031_012_pol_pro_Sed_lan_2025_11_Colorado2025_x003072_y011776
Unknown_Sample,20251031_012_pol_pro_Sed_lan_2025_11_Colorado2025.czi,Sed_lan,312.82,3577.0,12000.0,23,23,75.7,0.947,20251031_012_pol_pro_Sed_lan_2025_11_Colorado2025_x003072_y011776
Unknown_Sample,20251031_012_pol_pro_Sed_lan_2025_11_Colorado2025.czi,Sed_lan,266.27,3399.0,12058.0,21,21,69.46,0.941,20251031_012_pol_pro_Sed_lan_2025_11_Colorado2025_x003072_y011776
Unknown_Sample,20251031_012_pol_pro_Sed_lan_2025_11_Colorado2025.czi,Sed_lan,365.15,3832.0,12167.0,25,24,84.04,0.957,20251031_012_pol_pro_Sed_lan_2025_11_Colorado2025_x003584_y011776
Unknown_Sample,20251031_012_pol_pro_Sed_lan_2025_11_Colorado2025.czi,Sed_lan,413.63,3680.0,12093.0,26,27,88.53,0.954,20251031_012_pol_pro_Sed_lan_2025_11_Colorado2025_x003584_y011776
Unknown_Sample,20251031_012_pol_pro_Sed_lan_2025_11_Colorado2025.czi,Sed_lan,311.28,4158.0,12131.0,23,22,76.04,0.949,20251031_012_pol_pro_Sed_lan_2025_11_Colorado2025_x003584_y011776
Unknown_Sample,20251031_012_pol_pro_Sed_lan_2025_11_Colorado2025.czi,Sed_lan,317.06,3998.0,12290.0,23,23,76.28,0.945,20251031_012_pol_pro_Sed_lan_2025_11_Colorado2025_x003584_y011776
Unknown_Sample,20251031_012_pol_pro_Sed_lan_2025_11_Colorado2025.czi,Sed_lan,313.21,4158.0,12131.0,23,22,76.63,0.949,20251031_012_pol_pro_Sed_lan_2025_11_Colorado2025_x004096_y011776
Unknown_Sample,20251031_012_pol_pro_Sed_lan_2025_11_Colorado2025.czi,Sed_lan,351.3,5224.0,12033.0,24,25,80.53,0.95,20251031_012_pol_pro_Sed_lan_2025_11_Colorado2025_x004608_y011776
Unknown_Sample,20251031_012_pol_pro_Sed_lan_2025_11_Colorado2025.czi,Sed_lan,336.29,5174.0,12006.0,23,24,79.46,0.95,20251031_012_pol_pro_Sed_lan_2025_11_Colorado2025_x004608_y011776
Unknown_Sample,20251031_012_pol_pro_Sed_lan_2025_11_Colorado2025.czi,Sed_lan,351.69,5224.0,12033.0,24,25,81.11,0.95,20251031_012_pol_pro_Sed_lan_2025_11_Colorado2025_x005120_y011776
Unknown_Sample,20251031_012_pol_pro_Sed_lan_2025_11_Colorado2025.czi,Sed_lan,336.29,5174.0,12006.0,23,24,79.46,0.949,20251031_012_pol_pro_Sed_lan_2025_11_Colorado2025_x005120_y011776
Unknown_Sample,20251031_012_pol_pro_Sed_lan_2025_11_Colorado2025.czi,Sed_lan,349.76,5432.0,11891.0,24,24,80.87,0.947,20251031_012_pol_pro_Sed_lan_2025_11_Colorado2025_x005120_y011776
Unknown_Sample,20251031_012_pol_pro_Sed_lan_2025_11_Colorado2025.czi,Sed_lan,327.44,5506.0,11913.0,23,24,77.7,0.943,20251031_012_pol_pro_Sed_lan_2025_11_Colorado2025_x005120_y011776
Unknown_Sample,20251031_012_pol_pro_Sed_lan_2025_11_Colorado2025.czi,Sed_lan,145.06,5715.0,12408.0,17,14,53.9,0.901,20251031_012_pol_pro_Sed_lan_2025_11_Colorado2025_x005120_y011776
Unknown_Sample,20251031_012_pol_pro_Sed_lan_2025_11_Colorado2025.czi,Sed_lan,258.95,5909.0,11829.0,21,20,69.21,0.952,20251031_012_pol_pro_Sed_lan_2025_11_Colorado2025_x005632_y011776
Unknown_Sample,20251031_012_pol_pro_Sed_lan_2025_11_Colorado2025.czi,Sed_lan,400.55,5978.0,12280.0,25,26,84.53,0.95,20251031_012_pol_pro_Sed_lan_2025_11_Colorado2025_x005632_y011776
Unknown_Sample,20251031_012_pol_pro_Sed_lan_2025_11_Colorado2025.czi,Sed_lan,145.06,5715.0,12408.0,17,14,53.9,0.902,20251031_012_pol_pro_Sed_lan_2025_11_Colorado2025_x005632_y011776
Unknown_Sample,20251031_012_pol_pro_Sed_lan_2025_11_Colorado2025.czi,Sed_lan,321.29,7070.0,12223.0,23,23,76.87,0.959,20251031_012_pol_pro_Sed_lan_2025_11_Colorado2025_x006656_y011776
Unknown_Sample,20251031_012_pol_pro_Sed_lan_2025_11_Colorado2025.czi,Sed_lan,469.43,7207.0,12217.0,28,28,93.94,0.951,20251031_012_pol_pro_Sed_lan_2025_11_Colorado2025_x006656_y011776
Unknown_Sample,20251031_012_pol_pro_Sed_lan_2025_11_Colorado2025.czi,Sed_lan,367.85,7369.0,12007.0,25,24,82.28,0.95,20251031_012_pol_pro_Sed_lan_2025_11_Colorado2025_x007168_y011776
Unknown_Sample,20251031_012_pol_pro_Sed_lan_2025_11_Colorado2025.czi,Sed_lan,469.43,7207.0,12217.0,28,28,93.94,0.949,20251031_012_pol_pro_Sed_lan_2025_11_Colorado2025_x007168_y011776
Unknown_Sample,20251031_012_pol_pro_Sed_lan_2025_11_Colorado2025.czi,Sed_lan,532.53,7844.0,11945.0,29,30,99.94,0.958,20251031_012_pol_pro_Sed_lan_2025_11_Colorado2025_x007680_y011776
Unknown_Sample,20251031_012_pol_pro_Sed_lan_2025_11_Colorado2025.czi,Sed_lan,341.68,9297.0,12353.0,24,23,79.46,0.948,20251031_012_pol_pro_Sed_lan_2025_11_Colorado2025_x008704_y011776
Unknown_Sample,20251031_012_pol_pro_Sed_lan_2025_11_Colorado2025.czi,Sed_lan,345.14,9297.0,12353.0,24,23,80.04,0.945,20251031_012_pol_pro_Sed_lan_2025_11_Colorado2025_x009216_y011776
Unknown_Sample,20251031_012_pol_pro_Sed_lan_2025_11_Colorado2025.czi,Sed_lan,404.4,9381.0,12354.0,26,26,85.36,0.934,20251031_012_pol_pro_Sed_lan_2025_11_Colorado2025_x009216_y011776
Unknown_Sample,20251031_012_pol_pro_Sed_lan_2025_11_Colorado2025.czi,Sed_lan,414.79,10344.0,11846.0,27,25,87.11,0.957,20251031_012_pol_pro_Sed_lan_2025_11_Colorado2025_x009728_y011776
Unknown_Sample,20251031_012_pol_pro_Sed_lan_2025_11_Colorado2025.czi,Sed_lan,414.02,10344.0,11846.0,27,25,87.11,0.956,20251031_012_pol_pro_Sed_lan_2025_11_Colorado2025_x010240_y011776
Unknown_Sample,20251031_012_pol_pro_Sed_lan_2025_11_Colorado2025.czi,Sed_lan,484.05,11761.0,11973.0,28,27,94.28,0.959,20251031_012_pol_pro_Sed_lan_2025_11_Colorado2025_x011264_y011776
Unknown_Sample,20251031_012_pol_pro_Sed_lan_2025_11_Colorado2025.czi,Sed_lan,370.92,11485.0,11995.0,25,25,81.94,0.939,20251031_012_pol_pro_Sed_lan_2025_11_Colorado2025_x011264_y011776
Unknown_Sample,20251031_012_pol_pro_Sed_lan_2025_11_Colorado2025.czi,Sed_lan,394.4,12107.0,12114.0,25,26,85.7,0.952,20251031_012_pol_pro_Sed_lan_2025_11_Colorado2025_x011776_y011776
Unknown_Sample,20251031_012_pol_pro_Sed_lan_2025_11_Colorado2025.czi,Sed_lan,386.32,12157.0,12325.0,25,25,84.28,0.949,20251031_012_pol_pro_Sed_lan_2025_11_Colorado2025_x011776_y011776
Unknown_Sample,20251031_012_pol_pro_Sed_lan_2025_11_Colorado2025.czi,Sed_lan,350.92,13177.0,12398.0,24,24,81.46,0.949,20251031_012_pol_pro_Sed_lan_2025_11_Colorado2025_x012800_y011776
Unknown_Sample,20251031_012_pol_pro_Sed_lan_2025_11_Colorado2025.czi,Sed_lan,394.01,13099.0,12003.0,27,26,85.6,0.918,20251031_012_pol_pro_Sed_lan_2025_11_Colorado2025_x012800_y011776
Unknown_Sample,20251031_012_pol_pro_Sed_lan_2025_11_Colorado2025.czi,Sed_lan,258.19,13660.0,11784.0,24,18,72.38,0.95,20251031_012_pol_pro_Sed_lan_2025_11_Colorado2025_x013312_y011776
Unknown_Sample,20251031_012_pol_pro_Sed_lan_2025_11_Colorado2025.czi,Sed_lan,210.47,13453.0,12187.0,19,18,63.56,0.942,20251031_012_pol_pro_Sed_lan_2025_11_Colorado2025_x013312_y011776
Unknown_Sample,20251031_012_pol_pro_Sed_lan_2025_11_Colorado2025.czi,Sed_lan,307.44,14241.0,12254.0,22,23,76.04,0.953,20251031_012_pol_pro_Sed_lan_2025_11_Colorado2025_x013824_y011776
Unknown_Sample,20251031_012_pol_pro_Sed_lan_2025_11_Colorado2025.czi,Sed_lan,268.96,14234.0,11798.0,21,21,71.21,0.947,20251031_012_pol_pro_Sed_lan_2025_11_Colorado2025_x013824_y011776
Unknown_Sample,20251031_012_pol_pro_Sed_lan_2025_11_Colorado2025.czi,Sed_lan,296.28,14416.0,12345.0,23,21,74.63,0.944,20251031_012_pol_pro_Sed_lan_2025_11_Colorado2025_x013824_y011776
Unknown_Sample,20251031_012_pol_pro_Sed_lan_2025_11_Colorado2025.czi,Sed_lan,299.74,14416.0,12345.0,23,21,75.21,0.943,20251031_012_pol_pro_Sed_lan_2025_11_Colorado2025_x014336_y011776
Unknown_Sample,20251031_012_pol_pro_Sed_lan_2025_11_Colorado2025.czi,Sed_lan,320.9,14630.0,11870.0,23,23,77.46,0.901,20251031_012_pol_pro_Sed_lan_2025_11_Colorado2025_x014336_y011776
Unknown_Sample,20251031_012_pol_pro_Sed_lan_2025_11_Colorado2025.czi,Sed_lan,312.05,15081.0,11916.0,23,22,76.04,0.944,20251031_012_pol_pro_Sed_lan_2025_11_Colorado2025_x014848_y011776
Unknown_Sample,20251031_012_pol_pro_Sed_lan_2025_11_Colorado2025.czi,Sed_lan,190.08,15981.0,11783.0,20,16,62.14,0.952,20251031_012_pol_pro_Sed_lan_2025_11_Colorado2025_x015360_y011776
Unknown_Sample,20251031_012_pol_pro_Sed_lan_2025_11_Colorado2025.czi,Sed_lan,303.2,15627.0,12355.0,22,23,74.28,0.938,20251031_012_pol_pro_Sed_lan_2025_11_Colorado2025_x015360_y011776
Unknown_Sample,20251031_012_pol_pro_Sed_lan_2025_11_Colorado2025.czi,Sed_lan,189.31,15981.0,11783.0,19,16,61.31,0.954,20251031_012_pol_pro_Sed_lan_2025_11_Colorado2025_x015872_y011776
Unknown_Sample,20251031_012_pol_pro_Sed_lan_2025_11_Colorado2025.czi,Sed_lan,127.75,16445.0,11781.0,21,11,55.31,0.947,20251031_012_pol_pro_Sed_lan_2025_11_Colorado2025_x015872_y011776
Unknown_Sample,20251031_012_pol_pro_Sed_lan_2025_11_Colorado2025.czi,Sed_lan,193.54,16175.0,12170.0,18,18,59.21,0.945,20251031_012_pol_pro_Sed_lan_2025_11_Colorado2025_x015872_y011776
Unknown_Sample,20251031_012_pol_pro_Sed_lan_2025_11_Colorado2025.czi,Sed_lan,179.31,16324.0,12382.0,17,17,58.14,0.928,20251031_012_pol_pro_Sed_lan_2025_11_Colorado2025_x015872_y011776
Unknown_Sample,20251031_012_pol_pro_Sed_lan_2025_11_Colorado2025.czi,Sed_lan,130.82,16445.0,11781.0,21,11,54.14,0.938,20251031_012_pol_pro_Sed_lan_2025_11_Colorado2025_x016384_y011776
Unknown_Sample,20251031_012_pol_pro_Sed_lan_2025_11_Colorado2025.czi,Sed_lan,195.08,16614.0,12070.0,19,17,60.38,0.877,20251031_012_pol_pro_Sed_lan_2025_11_Colorado2025_x016384_y011776
Unknown_Sample,20251031_012_pol_pro_Sed_lan_2025_11_Colorado2025.czi,Sed_lan,255.49,229.0,12799.0,21,20,68.63,0.907,20251031_012_pol_pro_Sed_lan_2025_11_Colorado2025_x000000_y012288
Unknown_Sample,20251031_012_pol_pro_Sed_lan_2025_11_Colorado2025.czi,Sed_lan,286.66,194.0,12408.0,22,22,72.87,0.894,20251031_012_pol_pro_Sed_lan_2025_11_Colorado2025_x000000_y012288
Unknown_Sample,20251031_012_pol_pro_Sed_lan_2025_11_Colorado2025.czi,Sed_lan,260.88,1863.0,12313.0,21,21,70.63,0.95,20251031_012_pol_pro_Sed_lan_2025_11_Colorado2025_x001536_y012288
Unknown_Sample,20251031_012_pol_pro_Sed_lan_2025_11_Colorado2025.czi,Sed_lan,280.5,2100.0,12522.0,23,20,72.04,0.945,20251031_012_pol_pro_Sed_lan_2025_11_Colorado2025_x001536_y012288
Unknown_Sample,20251031_012_pol_pro_Sed_lan_2025_11_Colorado2025.czi,Sed_lan,236.25,1928.0,12742.0,20,19,66.97,0.943,20251031_012_pol_pro_Sed_lan_2025_11_Colorado2025_x001536_y012288
Unknown_Sample,20251031_012_pol_pro_Sed_lan_2025_11_Colorado2025.czi,Sed_lan,242.41,1937.0,12332.0,20,20,67.8,0.928,20251031_012_pol_pro_Sed_lan_2025_11_Colorado2025_x001536_y012288
Unknown_Sample,20251031_012_pol_pro_Sed_lan_2025_11_Colorado2025.czi,Sed_lan,270.11,2076.0,12438.0,22,21,71.46,0.923,20251031_012_pol_pro_Sed_lan_2025_11_Colorado2025_x001536_y012288
Unknown_Sample,20251031_012_pol_pro_Sed_lan_2025_11_Colorado2025.czi,Sed_lan,292.43,2068.0,12458.0,22,23,73.11,0.91,20251031_012_pol_pro_Sed_lan_2025_11_Colorado2025_x001536_y012288
Unknown_Sample,20251031_012_pol_pro_Sed_lan_2025_11_Colorado2025.czi,Sed_lan,309.75,2141.0,12300.0,23,23,76.87,0.906,20251031_012_pol_pro_Sed_lan_2025_11_Colorado2025_x001536_y012288
Unknown_Sample,20251031_012_pol_pro_Sed_lan_2025_11_Colorado2025.czi,Sed_lan,270.88,1953.0,12345.0,22,22,72.28,0.877,20251031_012_pol_pro_Sed_lan_2025_11_Colorado2025_x001536_y012288
Unknown_Sample,20251031_012_pol_pro_Sed_lan_2025_11_Colorado2025.czi,Sed_lan,282.04,2100.0,12522.0,23,20,72.04,0.944,20251031_012_pol_pro_Sed_lan_2025_11_Colorado2025_x002048_y012288
Unknown_Sample,20251031_012_pol_pro_Sed_lan_2025_11_Colorado2025.czi,Sed_lan,283.58,2216.0,12870.0,21,23,72.87,0.94,20251031_012_pol_pro_Sed_lan_2025_11_Colorado2025_x002048_y012288
Unknown_Sample,20251031_012_pol_pro_Sed_lan_2025_11_Colorado2025.czi,Sed_lan,270.5,2076.0,12438.0,22,21,72.04,0.922,20251031_012_pol_pro_Sed_lan_2025_11_Colorado2025_x002048_y012288
Unknown_Sample,20251031_012_pol_pro_Sed_lan_2025_11_Colorado2025.czi,Sed_lan,293.97,2068.0,12458.0,22,23,73.11,0.912,20251031_012_pol_pro_Sed_lan_2025_11_Colorado2025_x002048_y012288
Unknown_Sample,20251031_012_pol_pro_Sed_lan_2025_11_Colorado2025.czi,Sed_lan,309.75,2141.0,12300.0,23,23,76.87,0.906,20251031_012_pol_pro_Sed_lan_2025_11_Colorado2025_x002048_y012288
Unknown_Sample,20251031_012_pol_pro_Sed_lan_2025_11_Colorado2025.czi,Sed_lan,182.38,3998.0,12294.0,23,14,62.97,0.95,20251031_012_pol_pro_Sed_lan_2025_11_Colorado2025_x003584_y012288
Unknown_Sample,20251031_012_pol_pro_Sed_lan_2025_11_Colorado2025.czi,Sed_lan,343.22,4391.0,12441.0,24,24,80.28,0.954,20251031_012_pol_pro_Sed_lan_2025_11_Colorado2025_x004096_y012288
Unknown_Sample,20251031_012_pol_pro_Sed_lan_2025_11_Colorado2025.czi,Sed_lan,322.44,5017.0,12687.0,23,23,76.28,0.949,20251031_012_pol_pro_Sed_lan_2025_11_Colorado2025_x004608_y012288
Unknown_Sample,20251031_012_pol_pro_Sed_lan_2025_11_Colorado2025.czi,Sed_lan,376.7,4992.0,12426.0,25,25,82.53,0.948,20251031_012_pol_pro_Sed_lan_2025_11_Colorado2025_x004608_y012288
Unknown_Sample,20251031_012_pol_pro_Sed_lan_2025_11_Colorado2025.czi,Sed_lan,371.69,5283.0,12874.0,24,25,82.28,0.945,20251031_012_pol_pro_Sed_lan_2025_11_Colorado2025_x005120_y012288
Unknown_Sample,20251031_012_pol_pro_Sed_lan_2025_11_Colorado2025.czi,Sed_lan,141.6,5715.0,12408.0,17,14,53.31,0.928,20251031_012_pol_pro_Sed_lan_2025_11_Colorado2025_x005120_y012288
Unknown_Sample,20251031_012_pol_pro_Sed_lan_2025_11_Colorado2025.czi,Sed_lan,143.52,5715.0,12408.0,17,14,52.73,0.926,20251031_012_pol_pro_Sed_lan_2025_11_Colorado2025_x005632_y012288
Unknown_Sample,20251031_012_pol_pro_Sed_lan_2025_11_Colorado2025.czi,Sed_lan,445.57,7256.0,12777.0,28,28,91.6,0.945,20251031_012_pol_pro_Sed_lan_2025_11_Colorado2025_x006656_y012288
Unknown_Sample,20251031_012_pol_pro_Sed_lan_2025_11_Colorado2025.czi,Sed_lan,393.24,7714.0,12701.0,25,26,85.11,0.953,20251031_012_pol_pro_Sed_lan_2025_11_Colorado2025_x007168_y012288
Unknown_Sample,20251031_012_pol_pro_Sed_lan_2025_11_Colorado2025.czi,Sed_lan,429.41,7687.0,12537.0,26,27,90.28,0.945,20251031_012_pol_pro_Sed_lan_2025_11_Colorado2025_x007168_y012288
Unknown_Sample,20251031_012_pol_pro_Sed_lan_2025_11_Colorado2025.czi,Sed_lan,445.57,7256.0,12777.0,28,28,91.6,0.945,20251031_012_pol_pro_Sed_lan_2025_11_Colorado2025_x007168_y012288
Unknown_Sample,20251031_012_pol_pro_Sed_lan_2025_11_Colorado2025.czi,Sed_lan,396.32,7714.0,12701.0,25,26,85.11,0.952,20251031_012_pol_pro_Sed_lan_2025_11_Colorado2025_x007680_y012288
Unknown_Sample,20251031_012_pol_pro_Sed_lan_2025_11_Colorado2025.czi,Sed_lan,364.0,7689.0,12537.0,21,28,84.63,0.95,20251031_012_pol_pro_Sed_lan_2025_11_Colorado2025_x007680_y012288
Unknown_Sample,20251031_012_pol_pro_Sed_lan_2025_11_Colorado2025.czi,Sed_lan,277.42,8008.0,12474.0,21,22,72.04,0.949,20251031_012_pol_pro_Sed_lan_2025_11_Colorado2025_x007680_y012288
Unknown_Sample,20251031_012_pol_pro_Sed_lan_2025_11_Colorado2025.czi,Sed_lan,156.99,8214.0,12921.0,22,12,59.31,0.892,20251031_012_pol_pro_Sed_lan_2025_11_Colorado2025_x007680_y012288
Unknown_Sample,20251031_012_pol_pro_Sed_lan_2025_11_Colorado2025.czi,Sed_lan,157.76,8215.0,12921.0,22,12,59.31,0.894,20251031_012_pol_pro_Sed_lan_2025_11_Colorado2025_x008192_y012288
Unknown_Sample,20251031_012_pol_pro_Sed_lan_2025_11_Colorado2025.czi,Sed_lan,432.87,9183.0,12465.0,27,27,90.53,0.957,20251031_012_pol_pro_Sed_lan_2025_11_Colorado2025_x008704_y012288
Unknown_Sample,20251031_012_pol_pro_Sed_lan_2025_11_Colorado2025.czi,Sed_lan,340.53,9297.0,12353.0,24,23,78.87,0.948,20251031_012_pol_pro_Sed_lan_2025_11_Colorado2025_x008704_y012288
Unknown_Sample,20251031_012_pol_pro_Sed_lan_2025_11_Colorado2025.czi,Sed_lan,178.54,9098.0,12441.0,17,18,57.8,0.941,20251031_012_pol_pro_Sed_lan_2025_11_Colorado2025_x008704_y012288
Unknown_Sample,20251031_012_pol_pro_Sed_lan_2025_11_Colorado2025.czi,Sed_lan,257.03,9463.0,12626.0,24,18,69.46,0.948,20251031_012_pol_pro_Sed_lan_2025_11_Colorado2025_x009216_y012288
Unknown_Sample,20251031_012_pol_pro_Sed_lan_2025_11_Colorado2025.czi,Sed_lan,346.68,9297.0,12353.0,24,23,80.04,0.945,20251031_012_pol_pro_Sed_lan_2025_11_Colorado2025_x009216_y012288
Unknown_Sample,20251031_012_pol_pro_Sed_lan_2025_11_Colorado2025.czi,Sed_lan,405.55,9381.0,12354.0,26,26,84.77,0.934,20251031_012_pol_pro_Sed_lan_2025_11_Colorado2025_x009216_y012288
Unknown_Sample,20251031_012_pol_pro_Sed_lan_2025_11_Colorado2025.czi,Sed_lan,1059.68,10044.0,12557.0,43,41,140.57,0.96,20251031_012_pol_pro_Sed_lan_2025_11_Colorado2025_x009728_y012288
Unknown_Sample,20251031_012_pol_pro_Sed_lan_2025_11_Colorado2025.czi,Sed_lan,1188.58,10270.0,12858.0,46,46,150.12,0.926,20251031_012_pol_pro_Sed_lan_2025_11_Colorado2025_x009728_y012288
Unknown_Sample,20251031_012_pol_pro_Sed_lan_2025_11_Colorado2025.czi,Sed_lan,511.75,10801.0,12846.0,29,29,97.94,0.957,20251031_012_pol_pro_Sed_lan_2025_11_Colorado2025_x010240_y012288
Unknown_Sample,20251031_012_pol_pro_Sed_lan_2025_11_Colorado2025.czi,Sed_lan,1188.58,10270.0,12858.0,46,46,150.12,0.929,20251031_012_pol_pro_Sed_lan_2025_11_Colorado2025_x010240_y012288
Unknown_Sample,20251031_012_pol_pro_Sed_lan_2025_11_Colorado2025.czi,Sed_lan,515.22,10801.0,12846.0,29,29,97.36,0.956,20251031_012_pol_pro_Sed_lan_2025_11_Colorado2025_x010752_y012288
Unknown_Sample,20251031_012_pol_pro_Sed_lan_2025_11_Colorado2025.czi,Sed_lan,382.47,11495.0,12600.0,25,26,83.94,0.953,20251031_012_pol_pro_Sed_lan_2025_11_Colorado2025_x011264_y012288
Unknown_Sample,20251031_012_pol_pro_Sed_lan_2025_11_Colorado2025.czi,Sed_lan,367.46,12103.0,12519.0,25,24,82.87,0.958,20251031_012_pol_pro_Sed_lan_2025_11_Colorado2025_x011776_y012288
Unknown_Sample,20251031_012_pol_pro_Sed_lan_2025_11_Colorado2025.czi,Sed_lan,397.47,11967.0,12436.0,26,26,86.53,0.956,20251031_012_pol_pro_Sed_lan_2025_11_Colorado2025_x011776_y012288
Unknown_Sample,20251031_012_pol_pro_Sed_lan_2025_11_Colorado2025.czi,Sed_lan,386.32,12157.0,12325.0,25,25,84.28,0.949,20251031_012_pol_pro_Sed_lan_2025_11_Colorado2025_x011776_y012288
Unknown_Sample,20251031_012_pol_pro_Sed_lan_2025_11_Colorado2025.czi,Sed_lan,143.52,12230.0,12572.0,15,17,52.38,0.934,20251031_012_pol_pro_Sed_lan_2025_11_Colorado2025_x011776_y012288
Unknown_Sample,20251031_012_pol_pro_Sed_lan_2025_11_Colorado2025.czi,Sed_lan,355.92,12645.0,12877.0,24,24,80.87,0.944,20251031_012_pol_pro_Sed_lan_2025_11_Colorado2025_x012288_y012288
Unknown_Sample,20251031_012_pol_pro_Sed_lan_2025_11_Colorado2025.czi,Sed_lan,389.01,12478.0,12613.0,25,26,89.7,0.943,20251031_012_pol_pro_Sed_lan_2025_11_Colorado2025_x012288_y012288
Unknown_Sample,20251031_012_pol_pro_Sed_lan_2025_11_Colorado2025.czi,Sed_lan,350.15,13177.0,12398.0,24,24,81.46,0.95,20251031_012_pol_pro_Sed_lan_2025_11_Colorado2025_x012800_y012288
Unknown_Sample,20251031_012_pol_pro_Sed_lan_2025_11_Colorado2025.czi,Sed_lan,296.28,14416.0,12345.0,23,21,74.63,0.945,20251031_012_pol_pro_Sed_lan_2025_11_Colorado2025_x013824_y012288
Unknown_Sample,20251031_012_pol_pro_Sed_lan_2025_11_Colorado2025.czi,Sed_lan,297.82,14416.0,12345.0,23,21,74.63,0.944,20251031_012_pol_pro_Sed_lan_2025_11_Colorado2025_x014336_y012288
Unknown_Sample,20251031_012_pol_pro_Sed_lan_2025_11_Colorado2025.czi,Sed_lan,288.2,14800.0,12418.0,22,21,74.38,0.934,20251031_012_pol_pro_Sed_lan_2025_11_Colorado2025_x014336_y012288
Unknown_Sample,20251031_012_pol_pro_Sed_lan_2025_11_Colorado2025.czi,Sed_lan,303.2,15627.0,12355.0,22,23,74.28,0.939,20251031_012_pol_pro_Sed_lan_2025_11_Colorado2025_x015360_y012288
Unknown_Sample,20251031_012_pol_pro_Sed_lan_2025_11_Colorado2025.czi,Sed_lan,179.31,16324.0,12382.0,17,17,58.14,0.93,20251031_012_pol_pro_Sed_lan_2025_11_Colorado2025_x015872_y012288
Unknown_Sample,20251031_012_pol_pro_Sed_lan_2025_11_Colorado2025.czi,Sed_lan,262.8,16609.0,12560.0,20,21,70.38,0.918,20251031_012_pol_pro_Sed_lan_2025_11_Colorado2025_x016384_y012288
Unknown_Sample,20251031_012_pol_pro_Sed_lan_2025_11_Colorado2025.czi,Sed_lan,112.35,229.0,12804.0,21,10,53.31,0.914,20251031_012_pol_pro_Sed_lan_2025_11_Colorado2025_x000000_y012800
Unknown_Sample,20251031_012_pol_pro_Sed_lan_2025_11_Colorado2025.czi,Sed_lan,144.29,171.0,12952.0,16,15,53.9,0.903,20251031_012_pol_pro_Sed_lan_2025_11_Colorado2025_x000000_y012800
Unknown_Sample,20251031_012_pol_pro_Sed_lan_2025_11_Colorado2025.czi,Sed_lan,264.73,921.0,13150.0,21,21,71.8,0.943,20251031_012_pol_pro_Sed_lan_2025_11_Colorado2025_x000512_y012800
Unknown_Sample,20251031_012_pol_pro_Sed_lan_2025_11_Colorado2025.czi,Sed_lan,288.58,1102.0,13116.0,22,22,72.28,0.942,20251031_012_pol_pro_Sed_lan_2025_11_Colorado2025_x000512_y012800
Unknown_Sample,20251031_012_pol_pro_Sed_lan_2025_11_Colorado2025.czi,Sed_lan,348.61,753.0,13060.0,26,23,81.11,0.937,20251031_012_pol_pro_Sed_lan_2025_11_Colorado2025_x000512_y012800
Unknown_Sample,20251031_012_pol_pro_Sed_lan_2025_11_Colorado2025.czi,Sed_lan,288.58,1102.0,13116.0,22,22,72.28,0.941,20251031_012_pol_pro_Sed_lan_2025_11_Colorado2025_x001024_y012800
Unknown_Sample,20251031_012_pol_pro_Sed_lan_2025_11_Colorado2025.czi,Sed_lan,286.66,2485.0,13201.0,23,21,74.04,0.946,20251031_012_pol_pro_Sed_lan_2025_11_Colorado2025_x002048_y012800
Unknown_Sample,20251031_012_pol_pro_Sed_lan_2025_11_Colorado2025.czi,Sed_lan,283.58,2216.0,12870.0,21,23,72.87,0.941,20251031_012_pol_pro_Sed_lan_2025_11_Colorado2025_x002048_y012800
Unknown_Sample,20251031_012_pol_pro_Sed_lan_2025_11_Colorado2025.czi,Sed_lan,261.65,3322.0,13235.0,21,21,69.46,0.937,20251031_012_pol_pro_Sed_lan_2025_11_Colorado2025_x003072_y012800
Unknown_Sample,20251031_012_pol_pro_Sed_lan_2025_11_Colorado2025.czi,Sed_lan,153.91,3249.0,13012.0,16,16,54.14,0.851,20251031_012_pol_pro_Sed_lan_2025_11_Colorado2025_x003072_y012800
Unknown_Sample,20251031_012_pol_pro_Sed_lan_2025_11_Colorado2025.czi,Sed_lan,403.63,4581.0,13321.0,25,26,85.7,0.947,20251031_012_pol_pro_Sed_lan_2025_11_Colorado2025_x004096_y012800
Unknown_Sample,20251031_012_pol_pro_Sed_lan_2025_11_Colorado2025.czi,Sed_lan,385.16,5145.0,13077.0,25,25,83.7,0.948,20251031_012_pol_pro_Sed_lan_2025_11_Colorado2025_x004608_y012800
Unknown_Sample,20251031_012_pol_pro_Sed_lan_2025_11_Colorado2025.czi,Sed_lan,385.16,5145.0,13077.0,25,25,83.7,0.947,20251031_012_pol_pro_Sed_lan_2025_11_Colorado2025_x005120_y012800
Unknown_Sample,20251031_012_pol_pro_Sed_lan_2025_11_Colorado2025.czi,Sed_lan,371.69,5283.0,12874.0,24,25,82.28,0.946,20251031_012_pol_pro_Sed_lan_2025_11_Colorado2025_x005120_y012800
Unknown_Sample,20251031_012_pol_pro_Sed_lan_2025_11_Colorado2025.czi,Sed_lan,463.27,5827.0,13269.0,28,27,91.94,0.957,20251031_012_pol_pro_Sed_lan_2025_11_Colorado2025_x005632_y012800
Unknown_Sample,20251031_012_pol_pro_Sed_lan_2025_11_Colorado2025.czi,Sed_lan,347.45,6025.0,13126.0,24,24,79.7,0.951,20251031_012_pol_pro_Sed_lan_2025_11_Colorado2025_x005632_y012800
Unknown_Sample,20251031_012_pol_pro_Sed_lan_2025_11_Colorado2025.czi,Sed_lan,452.88,6686.0,13278.0,27,27,91.7,0.958,20251031_012_pol_pro_Sed_lan_2025_11_Colorado2025_x006144_y012800
Unknown_Sample,20251031_012_pol_pro_Sed_lan_2025_11_Colorado2025.czi,Sed_lan,454.42,6686.0,13278.0,27,27,91.7,0.957,20251031_012_pol_pro_Sed_lan_2025_11_Colorado2025_x006656_y012800
Unknown_Sample,20251031_012_pol_pro_Sed_lan_2025_11_Colorado2025.czi,Sed_lan,476.35,7194.0,13087.0,29,28,93.6,0.956,20251031_012_pol_pro_Sed_lan_2025_11_Colorado2025_x006656_y012800
Unknown_Sample,20251031_012_pol_pro_Sed_lan_2025_11_Colorado2025.czi,Sed_lan,476.35,7194.0,13087.0,29,28,93.6,0.955,20251031_012_pol_pro_Sed_lan_2025_11_Colorado2025_x007168_y012800
Unknown_Sample,20251031_012_pol_pro_Sed_lan_2025_11_Colorado2025.czi,Sed_lan,342.84,8214.0,12927.0,23,25,80.87,0.962,20251031_012_pol_pro_Sed_lan_2025_11_Colorado2025_x007680_y012800
Unknown_Sample,20251031_012_pol_pro_Sed_lan_2025_11_Colorado2025.czi,Sed_lan,333.6,8114.0,13107.0,23,23,79.21,0.947,20251031_012_pol_pro_Sed_lan_2025_11_Colorado2025_x007680_y012800
Unknown_Sample,20251031_012_pol_pro_Sed_lan_2025_11_Colorado2025.czi,Sed_lan,343.99,8214.0,12927.0,23,25,81.46,0.962,20251031_012_pol_pro_Sed_lan_2025_11_Colorado2025_x008192_y012800
Unknown_Sample,20251031_012_pol_pro_Sed_lan_2025_11_Colorado2025.czi,Sed_lan,416.33,9272.0,13041.0,27,26,86.77,0.953,20251031_012_pol_pro_Sed_lan_2025_11_Colorado2025_x008704_y012800
Unknown_Sample,20251031_012_pol_pro_Sed_lan_2025_11_Colorado2025.czi,Sed_lan,271.27,8980.0,13430.0,22,19,72.73,0.917,20251031_012_pol_pro_Sed_lan_2025_11_Colorado2025_x008704_y012800
Unknown_Sample,20251031_012_pol_pro_Sed_lan_2025_11_Colorado2025.czi,Sed_lan,416.71,9272.0,13041.0,27,26,87.36,0.952,20251031_012_pol_pro_Sed_lan_2025_11_Colorado2025_x009216_y012800
Unknown_Sample,20251031_012_pol_pro_Sed_lan_2025_11_Colorado2025.czi,Sed_lan,431.72,10119.0,13277.0,26,27,89.11,0.954,20251031_012_pol_pro_Sed_lan_2025_11_Colorado2025_x009728_y012800
Unknown_Sample,20251031_012_pol_pro_Sed_lan_2025_11_Colorado2025.czi,Sed_lan,494.82,10149.0,13271.0,30,28,95.6,0.951,20251031_012_pol_pro_Sed_lan_2025_11_Colorado2025_x009728_y012800
Unknown_Sample,20251031_012_pol_pro_Sed_lan_2025_11_Colorado2025.czi,Sed_lan,417.48,10130.0,13394.0,27,26,87.36,0.949,20251031_012_pol_pro_Sed_lan_2025_11_Colorado2025_x009728_y012800
Unknown_Sample,20251031_012_pol_pro_Sed_lan_2025_11_Colorado2025.czi,Sed_lan,1187.81,10270.0,12858.0,46,46,150.12,0.925,20251031_012_pol_pro_Sed_lan_2025_11_Colorado2025_x009728_y012800
Unknown_Sample,20251031_012_pol_pro_Sed_lan_2025_11_Colorado2025.czi,Sed_lan,512.52,10801.0,12846.0,29,29,97.94,0.957,20251031_012_pol_pro_Sed_lan_2025_11_Colorado2025_x010240_y012800
Unknown_Sample,20251031_012_pol_pro_Sed_lan_2025_11_Colorado2025.czi,Sed_lan,1187.81,10270.0,12858.0,46,46,150.12,0.929,20251031_012_pol_pro_Sed_lan_2025_11_Colorado2025_x010240_y012800
Unknown_Sample,20251031_012_pol_pro_Sed_lan_2025_11_Colorado2025.czi,Sed_lan,298.2,10517.0,13431.0,26,18,77.56,0.918,20251031_012_pol_pro_Sed_lan_2025_11_Colorado2025_x010240_y012800
Unknown_Sample,20251031_012_pol_pro_Sed_lan_2025_11_Colorado2025.czi,Sed_lan,518.68,10801.0,12846.0,29,30,98.77,0.957,20251031_012_pol_pro_Sed_lan_2025_11_Colorado2025_x010752_y012800
Unknown_Sample,20251031_012_pol_pro_Sed_lan_2025_11_Colorado2025.czi,Sed_lan,178.54,10944.0,12943.0,18,17,57.8,0.937,20251031_012_pol_pro_Sed_lan_2025_11_Colorado2025_x010752_y012800
Unknown_Sample,20251031_012_pol_pro_Sed_lan_2025_11_Colorado2025.czi,Sed_lan,391.7,11585.0,13038.0,25,26,83.94,0.951,20251031_012_pol_pro_Sed_lan_2025_11_Colorado2025_x011264_y012800
Unknown_Sample,20251031_012_pol_pro_Sed_lan_2025_11_Colorado2025.czi,Sed_lan,411.71,11565.0,13164.0,26,26,87.11,0.947,20251031_012_pol_pro_Sed_lan_2025_11_Colorado2025_x011264_y012800
Unknown_Sample,20251031_012_pol_pro_Sed_lan_2025_11_Colorado2025.czi,Sed_lan,355.92,12645.0,12877.0,24,24,80.87,0.945,20251031_012_pol_pro_Sed_lan_2025_11_Colorado2025_x012288_y012800
Unknown_Sample,20251031_012_pol_pro_Sed_lan_2025_11_Colorado2025.czi,Sed_lan,168.15,12913.0,13354.0,17,18,57.21,0.867,20251031_012_pol_pro_Sed_lan_2025_11_Colorado2025_x012288_y012800
Unknown_Sample,20251031_012_pol_pro_Sed_lan_2025_11_Colorado2025.czi,Sed_lan,340.53,13424.0,13192.0,23,24,78.87,0.955,20251031_012_pol_pro_Sed_lan_2025_11_Colorado2025_x012800_y012800
Unknown_Sample,20251031_012_pol_pro_Sed_lan_2025_11_Colorado2025.czi,Sed_lan,355.53,13415.0,13355.0,24,24,80.28,0.953,20251031_012_pol_pro_Sed_lan_2025_11_Colorado2025_x012800_y012800
Unknown_Sample,20251031_012_pol_pro_Sed_lan_2025_11_Colorado2025.czi,Sed_lan,301.28,13284.0,13028.0,22,22,74.04,0.945,20251031_012_pol_pro_Sed_lan_2025_11_Colorado2025_x012800_y012800
Unknown_Sample,20251031_012_pol_pro_Sed_lan_2025_11_Colorado2025.czi,Sed_lan,412.48,12934.0,13350.0,26,26,87.11,0.92,20251031_012_pol_pro_Sed_lan_2025_11_Colorado2025_x012800_y012800
Unknown_Sample,20251031_012_pol_pro_Sed_lan_2025_11_Colorado2025.czi,Sed_lan,187.39,12914.0,13354.0,18,18,60.38,0.883,20251031_012_pol_pro_Sed_lan_2025_11_Colorado2025_x012800_y012800
Unknown_Sample,20251031_012_pol_pro_Sed_lan_2025_11_Colorado2025.czi,Sed_lan,341.68,13424.0,13192.0,23,24,79.46,0.957,20251031_012_pol_pro_Sed_lan_2025_11_Colorado2025_x013312_y012800
Unknown_Sample,20251031_012_pol_pro_Sed_lan_2025_11_Colorado2025.czi,Sed_lan,355.53,13415.0,13355.0,24,24,80.28,0.953,20251031_012_pol_pro_Sed_lan_2025_11_Colorado2025_x013312_y012800
Unknown_Sample,20251031_012_pol_pro_Sed_lan_2025_11_Colorado2025.czi,Sed_lan,335.53,13541.0,13257.0,24,23,79.46,0.947,20251031_012_pol_pro_Sed_lan_2025_11_Colorado2025_x013312_y012800
Unknown_Sample,20251031_012_pol_pro_Sed_lan_2025_11_Colorado2025.czi,Sed_lan,147.37,13908.0,13282.0,18,14,53.56,0.927,20251031_012_pol_pro_Sed_lan_2025_11_Colorado2025_x013312_y012800
Unknown_Sample,20251031_012_pol_pro_Sed_lan_2025_11_Colorado2025.czi,Sed_lan,304.36,14436.0,13092.0,22,22,74.04,0.936,20251031_012_pol_pro_Sed_lan_2025_11_Colorado2025_x013824_y012800
Unknown_Sample,20251031_012_pol_pro_Sed_lan_2025_11_Colorado2025.czi,Sed_lan,147.37,13908.0,13282.0,18,14,53.56,0.925,20251031_012_pol_pro_Sed_lan_2025_11_Colorado2025_x013824_y012800
Unknown_Sample,20251031_012_pol_pro_Sed_lan_2025_11_Colorado2025.czi,Sed_lan,304.36,14436.0,13092.0,22,22,74.04,0.937,20251031_012_pol_pro_Sed_lan_2025_11_Colorado2025_x014336_y012800
Unknown_Sample,20251031_012_pol_pro_Sed_lan_2025_11_Colorado2025.czi,Sed_lan,80.42,15089.0,13214.0,11,12,40.24,0.928,20251031_012_pol_pro_Sed_lan_2025_11_Colorado2025_x014848_y012800
Unknown_Sample,20251031_012_pol_pro_Sed_lan_2025_11_Colorado2025.czi,Sed_lan,109.66,15050.0,13217.0,14,13,45.9,0.924,20251031_012_pol_pro_Sed_lan_2025_11_Colorado2025_x014848_y012800
Unknown_Sample,20251031_012_pol_pro_Sed_lan_2025_11_Colorado2025.czi,Sed_lan,214.32,15118.0,13208.0,18,20,65.56,0.915,20251031_012_pol_pro_Sed_lan_2025_11_Colorado2025_x014848_y012800
Unknown_Sample,20251031_012_pol_pro_Sed_lan_2025_11_Colorado2025.czi,Sed_lan,172.0,15618.0,13143.0,18,16,57.56,0.855,20251031_012_pol_pro_Sed_lan_2025_11_Colorado2025_x015360_y012800
Unknown_Sample,20251031_012_pol_pro_Sed_lan_2025_11_Colorado2025.czi,Sed_lan,231.64,284.0,13762.0,20,19,64.63,0.894,20251031_012_pol_pro_Sed_lan_2025_11_Colorado2025_x000000_y013312
Unknown_Sample,20251031_012_pol_pro_Sed_lan_2025_11_Colorado2025.czi,Sed_lan,303.2,861.0,13743.0,22,23,75.46,0.95,20251031_012_pol_pro_Sed_lan_2025_11_Colorado2025_x000512_y013312
Unknown_Sample,20251031_012_pol_pro_Sed_lan_2025_11_Colorado2025.czi,Sed_lan,269.34,899.0,13853.0,22,20,70.63,0.947,20251031_012_pol_pro_Sed_lan_2025_11_Colorado2025_x000512_y013312
Unknown_Sample,20251031_012_pol_pro_Sed_lan_2025_11_Colorado2025.czi,Sed_lan,138.9,763.0,13623.0,14,16,50.73,0.937,20251031_012_pol_pro_Sed_lan_2025_11_Colorado2025_x000512_y013312
Unknown_Sample,20251031_012_pol_pro_Sed_lan_2025_11_Colorado2025.czi,Sed_lan,340.53,1395.0,13442.0,23,24,78.87,0.945,20251031_012_pol_pro_Sed_lan_2025_11_Colorado2025_x001024_y013312
Unknown_Sample,20251031_012_pol_pro_Sed_lan_2025_11_Colorado2025.czi,Sed_lan,271.27,1467.0,13533.0,21,21,71.21,0.932,20251031_012_pol_pro_Sed_lan_2025_11_Colorado2025_x001024_y013312
Unknown_Sample,20251031_012_pol_pro_Sed_lan_2025_11_Colorado2025.czi,Sed_lan,382.08,2466.0,13688.0,25,26,84.53,0.951,20251031_012_pol_pro_Sed_lan_2025_11_Colorado2025_x002048_y013312
Unknown_Sample,20251031_012_pol_pro_Sed_lan_2025_11_Colorado2025.czi,Sed_lan,360.92,2331.0,13921.0,24,24,81.46,0.948,20251031_012_pol_pro_Sed_lan_2025_11_Colorado2025_x002048_y013312
Unknown_Sample,20251031_012_pol_pro_Sed_lan_2025_11_Colorado2025.czi,Sed_lan,215.09,2678.0,13862.0,18,19,64.73,0.914,20251031_012_pol_pro_Sed_lan_2025_11_Colorado2025_x002048_y013312
Unknown_Sample,20251031_012_pol_pro_Sed_lan_2025_11_Colorado2025.czi,Sed_lan,325.14,3025.0,13705.0,22,24,78.04,0.951,20251031_012_pol_pro_Sed_lan_2025_11_Colorado2025_x002560_y013312
Unknown_Sample,20251031_012_pol_pro_Sed_lan_2025_11_Colorado2025.czi,Sed_lan,350.53,3159.0,13707.0,24,24,79.7,0.949,20251031_012_pol_pro_Sed_lan_2025_11_Colorado2025_x002560_y013312
Unknown_Sample,20251031_012_pol_pro_Sed_lan_2025_11_Colorado2025.czi,Sed_lan,216.24,2679.0,13863.0,20,19,64.63,0.944,20251031_012_pol_pro_Sed_lan_2025_11_Colorado2025_x002560_y013312
Unknown_Sample,20251031_012_pol_pro_Sed_lan_2025_11_Colorado2025.czi,Sed_lan,293.58,3502.0,13678.0,22,22,74.04,0.951,20251031_012_pol_pro_Sed_lan_2025_11_Colorado2025_x003072_y013312
Unknown_Sample,20251031_012_pol_pro_Sed_lan_2025_11_Colorado2025.czi,Sed_lan,322.44,3558.0,13474.0,23,23,77.46,0.951,20251031_012_pol_pro_Sed_lan_2025_11_Colorado2025_x003072_y013312
Unknown_Sample,20251031_012_pol_pro_Sed_lan_2025_11_Colorado2025.czi,Sed_lan,352.07,3160.0,13707.0,24,24,79.7,0.949,20251031_012_pol_pro_Sed_lan_2025_11_Colorado2025_x003072_y013312
Unknown_Sample,20251031_012_pol_pro_Sed_lan_2025_11_Colorado2025.czi,Sed_lan,200.47,3541.0,13885.0,17,19,61.56,0.939,20251031_012_pol_pro_Sed_lan_2025_11_Colorado2025_x003072_y013312
Unknown_Sample,20251031_012_pol_pro_Sed_lan_2025_11_Colorado2025.czi,Sed_lan,342.84,4115.0,13517.0,24,24,79.7,0.95,20251031_012_pol_pro_Sed_lan_2025_11_Colorado2025_x003584_y013312
Unknown_Sample,20251031_012_pol_pro_Sed_lan_2025_11_Colorado2025.czi,Sed_lan,275.88,3940.0,13521.0,22,20,71.21,0.944,20251031_012_pol_pro_Sed_lan_2025_11_Colorado2025_x003584_y013312
Unknown_Sample,20251031_012_pol_pro_Sed_lan_2025_11_Colorado2025.czi,Sed_lan,332.06,4162.0,13491.0,23,23,78.04,0.943,20251031_012_pol_pro_Sed_lan_2025_11_Colorado2025_x003584_y013312
Unknown_Sample,20251031_012_pol_pro_Sed_lan_2025_11_Colorado2025.czi,Sed_lan,347.84,4581.0,13322.0,25,22,81.8,0.953,20251031_012_pol_pro_Sed_lan_2025_11_Colorado2025_x004096_y013312
Unknown_Sample,20251031_012_pol_pro_Sed_lan_2025_11_Colorado2025.czi,Sed_lan,343.99,4115.0,13518.0,24,24,80.28,0.948,20251031_012_pol_pro_Sed_lan_2025_11_Colorado2025_x004096_y013312
Unknown_Sample,20251031_012_pol_pro_Sed_lan_2025_11_Colorado2025.czi,Sed_lan,332.06,4162.0,13491.0,23,23,78.04,0.941,20251031_012_pol_pro_Sed_lan_2025_11_Colorado2025_x004096_y013312
Unknown_Sample,20251031_012_pol_pro_Sed_lan_2025_11_Colorado2025.czi,Sed_lan,252.41,5001.0,13833.0,21,20,68.63,0.946,20251031_012_pol_pro_Sed_lan_2025_11_Colorado2025_x004608_y013312
Unknown_Sample,20251031_012_pol_pro_Sed_lan_2025_11_Colorado2025.czi,Sed_lan,414.02,5564.0,13721.0,27,25,88.28,0.948,20251031_012_pol_pro_Sed_lan_2025_11_Colorado2025_x005120_y013312
Unknown_Sample,20251031_012_pol_pro_Sed_lan_2025_11_Colorado2025.czi,Sed_lan,379.77,5862.0,13538.0,25,25,82.53,0.943,20251031_012_pol_pro_Sed_lan_2025_11_Colorado2025_x005632_y013312
Unknown_Sample,20251031_012_pol_pro_Sed_lan_2025_11_Colorado2025.czi,Sed_lan,235.87,7174.0,13461.0,18,22,67.21,0.945,20251031_012_pol_pro_Sed_lan_2025_11_Colorado2025_x006656_y013312
Unknown_Sample,20251031_012_pol_pro_Sed_lan_2025_11_Colorado2025.czi,Sed_lan,461.35,7676.0,13834.0,28,28,93.36,0.954,20251031_012_pol_pro_Sed_lan_2025_11_Colorado2025_x007168_y013312
Unknown_Sample,20251031_012_pol_pro_Sed_lan_2025_11_Colorado2025.czi,Sed_lan,199.7,7175.0,13461.0,15,22,64.73,0.947,20251031_012_pol_pro_Sed_lan_2025_11_Colorado2025_x007168_y013312
Unknown_Sample,20251031_012_pol_pro_Sed_lan_2025_11_Colorado2025.czi,Sed_lan,118.51,7791.0,13761.0,14,14,48.49,0.913,20251031_012_pol_pro_Sed_lan_2025_11_Colorado2025_x007168_y013312
Unknown_Sample,20251031_012_pol_pro_Sed_lan_2025_11_Colorado2025.czi,Sed_lan,414.02,8112.0,13926.0,26,26,87.11,0.951,20251031_012_pol_pro_Sed_lan_2025_11_Colorado2025_x007680_y013312
Unknown_Sample,20251031_012_pol_pro_Sed_lan_2025_11_Colorado2025.czi,Sed_lan,405.17,7863.0,13558.0,26,25,85.7,0.948,20251031_012_pol_pro_Sed_lan_2025_11_Colorado2025_x007680_y013312
Unknown_Sample,20251031_012_pol_pro_Sed_lan_2025_11_Colorado2025.czi,Sed_lan,355.92,8275.0,13507.0,26,23,82.87,0.936,20251031_012_pol_pro_Sed_lan_2025_11_Colorado2025_x007680_y013312
Unknown_Sample,20251031_012_pol_pro_Sed_lan_2025_11_Colorado2025.czi,Sed_lan,126.21,7684.0,13833.0,10,26,59.8,0.933,20251031_012_pol_pro_Sed_lan_2025_11_Colorado2025_x007680_y013312
Unknown_Sample,20251031_012_pol_pro_Sed_lan_2025_11_Colorado2025.czi,Sed_lan,118.51,7791.0,13761.0,14,14,48.49,0.915,20251031_012_pol_pro_Sed_lan_2025_11_Colorado2025_x007680_y013312
Unknown_Sample,20251031_012_pol_pro_Sed_lan_2025_11_Colorado2025.czi,Sed_lan,353.61,8275.0,13507.0,26,23,81.7,0.939,20251031_012_pol_pro_Sed_lan_2025_11_Colorado2025_x008192_y013312
Unknown_Sample,20251031_012_pol_pro_Sed_lan_2025_11_Colorado2025.czi,Sed_lan,317.06,8980.0,13431.0,22,24,76.28,0.949,20251031_012_pol_pro_Sed_lan_2025_11_Colorado2025_x008704_y013312
Unknown_Sample,20251031_012_pol_pro_Sed_lan_2025_11_Colorado2025.czi,Sed_lan,202.01,8849.0,13870.0,18,19,62.38,0.935,20251031_012_pol_pro_Sed_lan_2025_11_Colorado2025_x008704_y013312
Unknown_Sample,20251031_012_pol_pro_Sed_lan_2025_11_Colorado2025.czi,Sed_lan,417.48,10130.0,13394.0,27,26,87.36,0.948,20251031_012_pol_pro_Sed_lan_2025_11_Colorado2025_x009728_y013312
Unknown_Sample,20251031_012_pol_pro_Sed_lan_2025_11_Colorado2025.czi,Sed_lan,131.98,10362.0,13754.0,10,23,56.73,0.867,20251031_012_pol_pro_Sed_lan_2025_11_Colorado2025_x009728_y013312
Unknown_Sample,20251031_012_pol_pro_Sed_lan_2025_11_Colorado2025.czi,Sed_lan,433.26,10703.0,13553.0,26,27,89.11,0.957,20251031_012_pol_pro_Sed_lan_2025_11_Colorado2025_x010240_y013312
Unknown_Sample,20251031_012_pol_pro_Sed_lan_2025_11_Colorado2025.czi,Sed_lan,400.94,10517.0,13434.0,26,26,85.94,0.951,20251031_012_pol_pro_Sed_lan_2025_11_Colorado2025_x010240_y013312
Unknown_Sample,20251031_012_pol_pro_Sed_lan_2025_11_Colorado2025.czi,Sed_lan,353.61,10369.0,13754.0,25,24,81.7,0.946,20251031_012_pol_pro_Sed_lan_2025_11_Colorado2025_x010240_y013312
Unknown_Sample,20251031_012_pol_pro_Sed_lan_2025_11_Colorado2025.czi,Sed_lan,480.97,11205.0,13838.0,28,29,93.6,0.957,20251031_012_pol_pro_Sed_lan_2025_11_Colorado2025_x010752_y013312
Unknown_Sample,20251031_012_pol_pro_Sed_lan_2025_11_Colorado2025.czi,Sed_lan,447.88,11073.0,13580.0,27,27,91.11,0.955,20251031_012_pol_pro_Sed_lan_2025_11_Colorado2025_x010752_y013312
Unknown_Sample,20251031_012_pol_pro_Sed_lan_2025_11_Colorado2025.czi,Sed_lan,332.45,10961.0,13863.0,23,24,79.46,0.953,20251031_012_pol_pro_Sed_lan_2025_11_Colorado2025_x010752_y013312
Unknown_Sample,20251031_012_pol_pro_Sed_lan_2025_11_Colorado2025.czi,Sed_lan,305.13,10955.0,13916.0,22,22,74.04,0.943,20251031_012_pol_pro_Sed_lan_2025_11_Colorado2025_x010752_y013312
Unknown_Sample,20251031_012_pol_pro_Sed_lan_2025_11_Colorado2025.czi,Sed_lan,430.95,11617.0,13600.0,26,27,87.94,0.958,20251031_012_pol_pro_Sed_lan_2025_11_Colorado2025_x011264_y013312
Unknown_Sample,20251031_012_pol_pro_Sed_lan_2025_11_Colorado2025.czi,Sed_lan,378.62,11698.0,13518.0,24,26,83.11,0.95,20251031_012_pol_pro_Sed_lan_2025_11_Colorado2025_x011264_y013312
Unknown_Sample,20251031_012_pol_pro_Sed_lan_2025_11_Colorado2025.czi,Sed_lan,355.92,11771.0,13523.0,24,24,82.04,0.946,20251031_012_pol_pro_Sed_lan_2025_11_Colorado2025_x011264_y013312
Unknown_Sample,20251031_012_pol_pro_Sed_lan_2025_11_Colorado2025.czi,Sed_lan,169.3,12032.0,13750.0,17,17,58.14,0.926,20251031_012_pol_pro_Sed_lan_2025_11_Colorado2025_x011776_y013312
Unknown_Sample,20251031_012_pol_pro_Sed_lan_2025_11_Colorado2025.czi,Sed_lan,402.48,12739.0,13534.0,26,25,86.28,0.949,20251031_012_pol_pro_Sed_lan_2025_11_Colorado2025_x012288_y013312
Unknown_Sample,20251031_012_pol_pro_Sed_lan_2025_11_Colorado2025.czi,Sed_lan,167.38,12913.0,13354.0,17,18,57.21,0.87,20251031_012_pol_pro_Sed_lan_2025_11_Colorado2025_x012288_y013312
Unknown_Sample,20251031_012_pol_pro_Sed_lan_2025_11_Colorado2025.czi,Sed_lan,355.92,13415.0,13355.0,24,24,80.87,0.952,20251031_012_pol_pro_Sed_lan_2025_11_Colorado2025_x012800_y013312
Unknown_Sample,20251031_012_pol_pro_Sed_lan_2025_11_Colorado2025.czi,Sed_lan,411.33,12934.0,13350.0,26,26,87.7,0.917,20251031_012_pol_pro_Sed_lan_2025_11_Colorado2025_x012800_y013312
Unknown_Sample,20251031_012_pol_pro_Sed_lan_2025_11_Colorado2025.czi,Sed_lan,190.85,12914.0,13354.0,18,18,59.8,0.879,20251031_012_pol_pro_Sed_lan_2025_11_Colorado2025_x012800_y013312
Unknown_Sample,20251031_012_pol_pro_Sed_lan_2025_11_Colorado2025.czi,Sed_lan,355.53,13415.0,13355.0,24,24,80.28,0.952,20251031_012_pol_pro_Sed_lan_2025_11_Colorado2025_x013312_y013312
Unknown_Sample,20251031_012_pol_pro_Sed_lan_2025_11_Colorado2025.czi,Sed_lan,318.98,14301.0,13855.0,23,23,76.87,0.953,20251031_012_pol_pro_Sed_lan_2025_11_Colorado2025_x013824_y013312
Unknown_Sample,20251031_012_pol_pro_Sed_lan_2025_11_Colorado2025.czi,Sed_lan,141.98,14448.0,13712.0,18,13,52.73,0.918,20251031_012_pol_pro_Sed_lan_2025_11_Colorado2025_x013824_y013312
Unknown_Sample,20251031_012_pol_pro_Sed_lan_2025_11_Colorado2025.czi,Sed_lan,215.47,14123.0,13944.0,22,15,66.49,0.906,20251031_012_pol_pro_Sed_lan_2025_11_Colorado2025_x013824_y013312
Unknown_Sample,20251031_012_pol_pro_Sed_lan_2025_11_Colorado2025.czi,Sed_lan,287.43,14658.0,13581.0,22,22,72.87,0.939,20251031_012_pol_pro_Sed_lan_2025_11_Colorado2025_x014336_y013312
Unknown_Sample,20251031_012_pol_pro_Sed_lan_2025_11_Colorado2025.czi,Sed_lan,200.85,14539.0,13465.0,18,19,60.63,0.929,20251031_012_pol_pro_Sed_lan_2025_11_Colorado2025_x014336_y013312
Unknown_Sample,20251031_012_pol_pro_Sed_lan_2025_11_Colorado2025.czi,Sed_lan,143.14,14449.0,13712.0,18,14,54.14,0.917,20251031_012_pol_pro_Sed_lan_2025_11_Colorado2025_x014336_y013312
Unknown_Sample,20251031_012_pol_pro_Sed_lan_2025_11_Colorado2025.czi,Sed_lan,203.55,14715.0,13448.0,19,18,61.21,0.892,20251031_012_pol_pro_Sed_lan_2025_11_Colorado2025_x014336_y013312
Unknown_Sample,20251031_012_pol_pro_Sed_lan_2025_11_Colorado2025.czi,Sed_lan,358.23,15151.0,13863.0,24,24,83.21,0.961,20251031_012_pol_pro_Sed_lan_2025_11_Colorado2025_x014848_y013312
Unknown_Sample,20251031_012_pol_pro_Sed_lan_2025_11_Colorado2025.czi,Sed_lan,312.82,15440.0,13588.0,23,22,76.04,0.948,20251031_012_pol_pro_Sed_lan_2025_11_Colorado2025_x014848_y013312
Unknown_Sample,20251031_012_pol_pro_Sed_lan_2025_11_Colorado2025.czi,Sed_lan,257.42,15252.0,13517.0,20,21,69.21,0.948,20251031_012_pol_pro_Sed_lan_2025_11_Colorado2025_x014848_y013312
Unknown_Sample,20251031_012_pol_pro_Sed_lan_2025_11_Colorado2025.czi,Sed_lan,312.82,15440.0,13588.0,23,22,76.04,0.947,20251031_012_pol_pro_Sed_lan_2025_11_Colorado2025_x015360_y013312
Unknown_Sample,20251031_012_pol_pro_Sed_lan_2025_11_Colorado2025.czi,Sed_lan,359.77,16447.0,13871.0,24,24,82.04,0.958,20251031_012_pol_pro_Sed_lan_2025_11_Colorado2025_x015872_y013312
Unknown_Sample,20251031_012_pol_pro_Sed_lan_2025_11_Colorado2025.czi,Sed_lan,323.21,16180.0,13557.0,23,23,77.46,0.946,20251031_012_pol_pro_Sed_lan_2025_11_Colorado2025_x015872_y013312
Unknown_Sample,20251031_012_pol_pro_Sed_lan_2025_11_Colorado2025.czi,Sed_lan,361.69,16447.0,13871.0,24,24,82.63,0.953,20251031_012_pol_pro_Sed_lan_2025_11_Colorado2025_x016384_y013312
Unknown_Sample,20251031_012_pol_pro_Sed_lan_2025_11_Colorado2025.czi,Sed_lan,170.07,444.0,14410.0,16,18,56.97,0.9,20251031_012_pol_pro_Sed_lan_2025_11_Colorado2025_x000000_y013824
Unknown_Sample,20251031_012_pol_pro_Sed_lan_2025_11_Colorado2025.czi,Sed_lan,265.5,457.0,14250.0,21,22,71.46,0.9,20251031_012_pol_pro_Sed_lan_2025_11_Colorado2025_x000000_y013824
Unknown_Sample,20251031_012_pol_pro_Sed_lan_2025_11_Colorado2025.czi,Sed_lan,211.24,219.0,13954.0,19,19,63.21,0.895,20251031_012_pol_pro_Sed_lan_2025_11_Colorado2025_x000000_y013824
Unknown_Sample,20251031_012_pol_pro_Sed_lan_2025_11_Colorado2025.czi,Sed_lan,297.43,522.0,14319.0,23,22,74.87,0.888,20251031_012_pol_pro_Sed_lan_2025_11_Colorado2025_x000000_y013824
Unknown_Sample,20251031_012_pol_pro_Sed_lan_2025_11_Colorado2025.czi,Sed_lan,268.57,899.0,13853.0,22,20,70.63,0.947,20251031_012_pol_pro_Sed_lan_2025_11_Colorado2025_x000512_y013824
Unknown_Sample,20251031_012_pol_pro_Sed_lan_2025_11_Colorado2025.czi,Sed_lan,291.28,882.0,14076.0,23,22,73.7,0.938,20251031_012_pol_pro_Sed_lan_2025_11_Colorado2025_x000512_y013824
Unknown_Sample,20251031_012_pol_pro_Sed_lan_2025_11_Colorado2025.czi,Sed_lan,294.35,523.0,14319.0,23,21,74.04,0.908,20251031_012_pol_pro_Sed_lan_2025_11_Colorado2025_x000512_y013824
Unknown_Sample,20251031_012_pol_pro_Sed_lan_2025_11_Colorado2025.czi,Sed_lan,241.64,1607.0,13998.0,20,20,67.8,0.943,20251031_012_pol_pro_Sed_lan_2025_11_Colorado2025_x001024_y013824
Unknown_Sample,20251031_012_pol_pro_Sed_lan_2025_11_Colorado2025.czi,Sed_lan,306.67,1386.0,14276.0,23,22,74.87,0.934,20251031_012_pol_pro_Sed_lan_2025_11_Colorado2025_x001024_y013824
Unknown_Sample,20251031_012_pol_pro_Sed_lan_2025_11_Colorado2025.czi,Sed_lan,241.64,1607.0,13998.0,20,20,67.8,0.943,20251031_012_pol_pro_Sed_lan_2025_11_Colorado2025_x001536_y013824
Unknown_Sample,20251031_012_pol_pro_Sed_lan_2025_11_Colorado2025.czi,Sed_lan,287.04,1667.0,14010.0,21,23,73.46,0.94,20251031_012_pol_pro_Sed_lan_2025_11_Colorado2025_x001536_y013824
Unknown_Sample,20251031_012_pol_pro_Sed_lan_2025_11_Colorado2025.czi,Sed_lan,255.88,1963.0,14350.0,21,20,69.21,0.935,20251031_012_pol_pro_Sed_lan_2025_11_Colorado2025_x001536_y013824
Unknown_Sample,20251031_012_pol_pro_Sed_lan_2025_11_Colorado2025.czi,Sed_lan,360.92,2331.0,13921.0,24,24,81.46,0.948,20251031_012_pol_pro_Sed_lan_2025_11_Colorado2025_x002048_y013824
Unknown_Sample,20251031_012_pol_pro_Sed_lan_2025_11_Colorado2025.czi,Sed_lan,215.09,2678.0,13862.0,18,19,64.73,0.914,20251031_012_pol_pro_Sed_lan_2025_11_Colorado2025_x002048_y013824
Unknown_Sample,20251031_012_pol_pro_Sed_lan_2025_11_Colorado2025.czi,Sed_lan,228.56,2425.0,14455.0,23,16,68.14,0.91,20251031_012_pol_pro_Sed_lan_2025_11_Colorado2025_x002048_y013824
Unknown_Sample,20251031_012_pol_pro_Sed_lan_2025_11_Colorado2025.czi,Sed_lan,216.24,2679.0,13863.0,20,19,64.63,0.944,20251031_012_pol_pro_Sed_lan_2025_11_Colorado2025_x002560_y013824
Unknown_Sample,20251031_012_pol_pro_Sed_lan_2025_11_Colorado2025.czi,Sed_lan,208.16,3541.0,13885.0,17,20,62.38,0.939,20251031_012_pol_pro_Sed_lan_2025_11_Colorado2025_x003072_y013824
Unknown_Sample,20251031_012_pol_pro_Sed_lan_2025_11_Colorado2025.czi,Sed_lan,320.9,3876.0,14236.0,23,23,77.46,0.944,20251031_012_pol_pro_Sed_lan_2025_11_Colorado2025_x003584_y013824
Unknown_Sample,20251031_012_pol_pro_Sed_lan_2025_11_Colorado2025.czi,Sed_lan,175.07,3904.0,14194.0,16,19,58.38,0.931,20251031_012_pol_pro_Sed_lan_2025_11_Colorado2025_x003584_y013824
Unknown_Sample,20251031_012_pol_pro_Sed_lan_2025_11_Colorado2025.czi,Sed_lan,243.95,5001.0,13833.0,21,19,67.8,0.95,20251031_012_pol_pro_Sed_lan_2025_11_Colorado2025_x004608_y013824
Unknown_Sample,20251031_012_pol_pro_Sed_lan_2025_11_Colorado2025.czi,Sed_lan,338.22,4950.0,14451.0,23,23,80.38,0.937,20251031_012_pol_pro_Sed_lan_2025_11_Colorado2025_x004608_y013824
Unknown_Sample,20251031_012_pol_pro_Sed_lan_2025_11_Colorado2025.czi,Sed_lan,350.92,5343.0,13959.0,24,23,79.46,0.965,20251031_012_pol_pro_Sed_lan_2025_11_Colorado2025_x005120_y013824
Unknown_Sample,20251031_012_pol_pro_Sed_lan_2025_11_Colorado2025.czi,Sed_lan,344.38,5506.0,14039.0,24,24,79.7,0.955,20251031_012_pol_pro_Sed_lan_2025_11_Colorado2025_x005120_y013824
Unknown_Sample,20251031_012_pol_pro_Sed_lan_2025_11_Colorado2025.czi,Sed_lan,346.68,5302.0,14048.0,24,23,80.04,0.95,20251031_012_pol_pro_Sed_lan_2025_11_Colorado2025_x005120_y013824
Unknown_Sample,20251031_012_pol_pro_Sed_lan_2025_11_Colorado2025.czi,Sed_lan,191.62,5617.0,14309.0,19,18,61.8,0.901,20251031_012_pol_pro_Sed_lan_2025_11_Colorado2025_x005120_y013824
Unknown_Sample,20251031_012_pol_pro_Sed_lan_2025_11_Colorado2025.czi,Sed_lan,452.11,5854.0,14345.0,28,27,91.36,0.948,20251031_012_pol_pro_Sed_lan_2025_11_Colorado2025_x005632_y013824
Unknown_Sample,20251031_012_pol_pro_Sed_lan_2025_11_Colorado2025.czi,Sed_lan,315.13,5991.0,14453.0,24,20,77.56,0.927,20251031_012_pol_pro_Sed_lan_2025_11_Colorado2025_x005632_y013824
Unknown_Sample,20251031_012_pol_pro_Sed_lan_2025_11_Colorado2025.czi,Sed_lan,409.4,7211.0,14344.0,27,25,87.11,0.938,20251031_012_pol_pro_Sed_lan_2025_11_Colorado2025_x006656_y013824
Unknown_Sample,20251031_012_pol_pro_Sed_lan_2025_11_Colorado2025.czi,Sed_lan,412.48,7676.0,13835.0,28,24,89.46,0.96,20251031_012_pol_pro_Sed_lan_2025_11_Colorado2025_x007168_y013824
Unknown_Sample,20251031_012_pol_pro_Sed_lan_2025_11_Colorado2025.czi,Sed_lan,383.62,7357.0,13974.0,24,26,83.7,0.945,20251031_012_pol_pro_Sed_lan_2025_11_Colorado2025_x007168_y013824
Unknown_Sample,20251031_012_pol_pro_Sed_lan_2025_11_Colorado2025.czi,Sed_lan,409.4,7211.0,14344.0,27,25,87.11,0.935,20251031_012_pol_pro_Sed_lan_2025_11_Colorado2025_x007168_y013824
Unknown_Sample,20251031_012_pol_pro_Sed_lan_2025_11_Colorado2025.czi,Sed_lan,414.79,8112.0,13926.0,26,26,87.11,0.952,20251031_012_pol_pro_Sed_lan_2025_11_Colorado2025_x007680_y013824
Unknown_Sample,20251031_012_pol_pro_Sed_lan_2025_11_Colorado2025.czi,Sed_lan,122.36,7684.0,13834.0,10,24,58.14,0.934,20251031_012_pol_pro_Sed_lan_2025_11_Colorado2025_x007680_y013824
Unknown_Sample,20251031_012_pol_pro_Sed_lan_2025_11_Colorado2025.czi,Sed_lan,271.65,8156.0,14043.0,20,22,71.8,0.933,20251031_012_pol_pro_Sed_lan_2025_11_Colorado2025_x007680_y013824
Unknown_Sample,20251031_012_pol_pro_Sed_lan_2025_11_Colorado2025.czi,Sed_lan,196.62,8337.0,14248.0,21,16,62.38,0.919,20251031_012_pol_pro_Sed_lan_2025_11_Colorado2025_x008192_y013824
Unknown_Sample,20251031_012_pol_pro_Sed_lan_2025_11_Colorado2025.czi,Sed_lan,201.62,8849.0,13870.0,18,19,61.8,0.936,20251031_012_pol_pro_Sed_lan_2025_11_Colorado2025_x008704_y013824
Unknown_Sample,20251031_012_pol_pro_Sed_lan_2025_11_Colorado2025.czi,Sed_lan,427.1,9735.0,14187.0,27,26,89.11,0.945,20251031_012_pol_pro_Sed_lan_2025_11_Colorado2025_x009216_y013824
Unknown_Sample,20251031_012_pol_pro_Sed_lan_2025_11_Colorado2025.czi,Sed_lan,353.99,9738.0,14187.0,22,26,83.8,0.95,20251031_012_pol_pro_Sed_lan_2025_11_Colorado2025_x009728_y013824
Unknown_Sample,20251031_012_pol_pro_Sed_lan_2025_11_Colorado2025.czi,Sed_lan,281.27,10206.0,14448.0,23,20,73.21,0.939,20251031_012_pol_pro_Sed_lan_2025_11_Colorado2025_x009728_y013824
Unknown_Sample,20251031_012_pol_pro_Sed_lan_2025_11_Colorado2025.czi,Sed_lan,394.01,10593.0,14038.0,25,26,85.11,0.952,20251031_012_pol_pro_Sed_lan_2025_11_Colorado2025_x010240_y013824
Unknown_Sample,20251031_012_pol_pro_Sed_lan_2025_11_Colorado2025.czi,Sed_lan,354.76,10701.0,14429.0,24,24,81.46,0.944,20251031_012_pol_pro_Sed_lan_2025_11_Colorado2025_x010240_y013824
Unknown_Sample,20251031_012_pol_pro_Sed_lan_2025_11_Colorado2025.czi,Sed_lan,475.2,11205.0,13838.0,27,29,93.36,0.958,20251031_012_pol_pro_Sed_lan_2025_11_Colorado2025_x010752_y013824
Unknown_Sample,20251031_012_pol_pro_Sed_lan_2025_11_Colorado2025.czi,Sed_lan,332.83,10961.0,13863.0,23,24,80.04,0.953,20251031_012_pol_pro_Sed_lan_2025_11_Colorado2025_x010752_y013824
Unknown_Sample,20251031_012_pol_pro_Sed_lan_2025_11_Colorado2025.czi,Sed_lan,377.85,11214.0,14028.0,25,25,83.11,0.95,20251031_012_pol_pro_Sed_lan_2025_11_Colorado2025_x010752_y013824
Unknown_Sample,20251031_012_pol_pro_Sed_lan_2025_11_Colorado2025.czi,Sed_lan,305.13,10955.0,13916.0,22,22,74.04,0.943,20251031_012_pol_pro_Sed_lan_2025_11_Colorado2025_x010752_y013824
Unknown_Sample,20251031_012_pol_pro_Sed_lan_2025_11_Colorado2025.czi,Sed_lan,150.45,11107.0,14027.0,16,16,53.56,0.942,20251031_012_pol_pro_Sed_lan_2025_11_Colorado2025_x010752_y013824
Unknown_Sample,20251031_012_pol_pro_Sed_lan_2025_11_Colorado2025.czi,Sed_lan,393.63,12170.0,14202.0,25,25,83.7,0.95,20251031_012_pol_pro_Sed_lan_2025_11_Colorado2025_x011776_y013824
Unknown_Sample,20251031_012_pol_pro_Sed_lan_2025_11_Colorado2025.czi,Sed_lan,445.19,12527.0,14408.0,27,27,90.53,0.955,20251031_012_pol_pro_Sed_lan_2025_11_Colorado2025_x012288_y013824
Unknown_Sample,20251031_012_pol_pro_Sed_lan_2025_11_Colorado2025.czi,Sed_lan,407.09,12455.0,14169.0,27,25,87.11,0.955,20251031_012_pol_pro_Sed_lan_2025_11_Colorado2025_x012288_y013824
Unknown_Sample,20251031_012_pol_pro_Sed_lan_2025_11_Colorado2025.czi,Sed_lan,360.92,12846.0,14119.0,25,24,81.11,0.952,20251031_012_pol_pro_Sed_lan_2025_11_Colorado2025_x012288_y013824
Unknown_Sample,20251031_012_pol_pro_Sed_lan_2025_11_Colorado2025.czi,Sed_lan,402.09,13383.0,14208.0,26,26,87.7,0.952,20251031_012_pol_pro_Sed_lan_2025_11_Colorado2025_x012800_y013824
Unknown_Sample,20251031_012_pol_pro_Sed_lan_2025_11_Colorado2025.czi,Sed_lan,362.46,12846.0,14119.0,25,24,81.11,0.95,20251031_012_pol_pro_Sed_lan_2025_11_Colorado2025_x012800_y013824
Unknown_Sample,20251031_012_pol_pro_Sed_lan_2025_11_Colorado2025.czi,Sed_lan,402.86,13383.0,14208.0,26,26,87.7,0.952,20251031_012_pol_pro_Sed_lan_2025_11_Colorado2025_x013312_y013824
Unknown_Sample,20251031_012_pol_pro_Sed_lan_2025_11_Colorado2025.czi,Sed_lan,318.98,14301.0,13855.0,23,23,76.87,0.952,20251031_012_pol_pro_Sed_lan_2025_11_Colorado2025_x013824_y013824
Unknown_Sample,20251031_012_pol_pro_Sed_lan_2025_11_Colorado2025.czi,Sed_lan,319.75,14227.0,14364.0,23,22,76.04,0.945,20251031_012_pol_pro_Sed_lan_2025_11_Colorado2025_x013824_y013824
Unknown_Sample,20251031_012_pol_pro_Sed_lan_2025_11_Colorado2025.czi,Sed_lan,242.79,14377.0,13986.0,20,20,67.21,0.944,20251031_012_pol_pro_Sed_lan_2025_11_Colorado2025_x013824_y013824
Unknown_Sample,20251031_012_pol_pro_Sed_lan_2025_11_Colorado2025.czi,Sed_lan,306.28,14123.0,13947.0,22,22,74.63,0.944,20251031_012_pol_pro_Sed_lan_2025_11_Colorado2025_x013824_y013824
Unknown_Sample,20251031_012_pol_pro_Sed_lan_2025_11_Colorado2025.czi,Sed_lan,343.61,14607.0,14033.0,24,24,79.7,0.95,20251031_012_pol_pro_Sed_lan_2025_11_Colorado2025_x014336_y013824
Unknown_Sample,20251031_012_pol_pro_Sed_lan_2025_11_Colorado2025.czi,Sed_lan,242.79,14377.0,13986.0,20,20,67.21,0.943,20251031_012_pol_pro_Sed_lan_2025_11_Colorado2025_x014336_y013824
Unknown_Sample,20251031_012_pol_pro_Sed_lan_2025_11_Colorado2025.czi,Sed_lan,359.77,15151.0,13863.0,24,24,83.21,0.961,20251031_012_pol_pro_Sed_lan_2025_11_Colorado2025_x014848_y013824
Unknown_Sample,20251031_012_pol_pro_Sed_lan_2025_11_Colorado2025.czi,Sed_lan,206.24,15480.0,14423.0,15,21,65.66,0.903,20251031_012_pol_pro_Sed_lan_2025_11_Colorado2025_x014848_y013824
Unknown_Sample,20251031_012_pol_pro_Sed_lan_2025_11_Colorado2025.czi,Sed_lan,285.5,15548.0,14265.0,21,22,72.63,0.944,20251031_012_pol_pro_Sed_lan_2025_11_Colorado2025_x015360_y013824
Unknown_Sample,20251031_012_pol_pro_Sed_lan_2025_11_Colorado2025.czi,Sed_lan,288.58,15482.0,14423.0,21,22,72.63,0.93,20251031_012_pol_pro_Sed_lan_2025_11_Colorado2025_x015360_y013824
Unknown_Sample,20251031_012_pol_pro_Sed_lan_2025_11_Colorado2025.czi,Sed_lan,359.77,16447.0,13871.0,24,24,82.04,0.958,20251031_012_pol_pro_Sed_lan_2025_11_Colorado2025_x015872_y013824
Unknown_Sample,20251031_012_pol_pro_Sed_lan_2025_11_Colorado2025.czi,Sed_lan,258.95,16192.0,14030.0,20,21,69.21,0.933,20251031_012_pol_pro_Sed_lan_2025_11_Colorado2025_x015872_y013824
Unknown_Sample,20251031_012_pol_pro_Sed_lan_2025_11_Colorado2025.czi,Sed_lan,130.44,16244.0,14280.0,16,14,50.73,0.891,20251031_012_pol_pro_Sed_lan_2025_11_Colorado2025_x015872_y013824
Unknown_Sample,20251031_012_pol_pro_Sed_lan_2025_11_Colorado2025.czi,Sed_lan,361.31,16447.0,13871.0,24,24,82.04,0.953,20251031_012_pol_pro_Sed_lan_2025_11_Colorado2025_x016384_y013824
Unknown_Sample,20251031_012_pol_pro_Sed_lan_2025_11_Colorado2025.czi,Sed_lan,158.91,443.0,14410.0,16,17,55.56,0.89,20251031_012_pol_pro_Sed_lan_2025_11_Colorado2025_x000000_y014336
Unknown_Sample,20251031_012_pol_pro_Sed_lan_2025_11_Colorado2025.czi,Sed_lan,218.17,329.0,14469.0,19,19,64.38,0.885,20251031_012_pol_pro_Sed_lan_2025_11_Colorado2025_x000000_y014336
Unknown_Sample,20251031_012_pol_pro_Sed_lan_2025_11_Colorado2025.czi,Sed_lan,230.87,479.0,14723.0,20,19,65.8,0.88,20251031_012_pol_pro_Sed_lan_2025_11_Colorado2025_x000000_y014336
Unknown_Sample,20251031_012_pol_pro_Sed_lan_2025_11_Colorado2025.czi,Sed_lan,185.46,848.0,14832.0,19,17,59.8,0.93,20251031_012_pol_pro_Sed_lan_2025_11_Colorado2025_x000512_y014336
Unknown_Sample,20251031_012_pol_pro_Sed_lan_2025_11_Colorado2025.czi,Sed_lan,296.66,1400.0,14790.0,22,22,74.04,0.951,20251031_012_pol_pro_Sed_lan_2025_11_Colorado2025_x001024_y014336
Unknown_Sample,20251031_012_pol_pro_Sed_lan_2025_11_Colorado2025.czi,Sed_lan,325.91,1580.0,14667.0,23,24,77.7,0.939,20251031_012_pol_pro_Sed_lan_2025_11_Colorado2025_x001024_y014336
Unknown_Sample,20251031_012_pol_pro_Sed_lan_2025_11_Colorado2025.czi,Sed_lan,257.8,1963.0,14350.0,21,20,69.8,0.94,20251031_012_pol_pro_Sed_lan_2025_11_Colorado2025_x001536_y014336
Unknown_Sample,20251031_012_pol_pro_Sed_lan_2025_11_Colorado2025.czi,Sed_lan,338.99,1580.0,14667.0,23,24,78.87,0.928,20251031_012_pol_pro_Sed_lan_2025_11_Colorado2025_x001536_y014336
Unknown_Sample,20251031_012_pol_pro_Sed_lan_2025_11_Colorado2025.czi,Sed_lan,280.5,2166.0,14818.0,18,24,74.73,0.92,20251031_012_pol_pro_Sed_lan_2025_11_Colorado2025_x001536_y014336
Unknown_Sample,20251031_012_pol_pro_Sed_lan_2025_11_Colorado2025.czi,Sed_lan,340.91,1875.0,14817.0,24,23,79.46,0.914,20251031_012_pol_pro_Sed_lan_2025_11_Colorado2025_x001536_y014336
Unknown_Sample,20251031_012_pol_pro_Sed_lan_2025_11_Colorado2025.czi,Sed_lan,347.84,2227.0,14879.0,24,23,79.46,0.957,20251031_012_pol_pro_Sed_lan_2025_11_Colorado2025_x002048_y014336
Unknown_Sample,20251031_012_pol_pro_Sed_lan_2025_11_Colorado2025.czi,Sed_lan,339.37,2168.0,14817.0,23,24,79.46,0.951,20251031_012_pol_pro_Sed_lan_2025_11_Colorado2025_x002048_y014336
Unknown_Sample,20251031_012_pol_pro_Sed_lan_2025_11_Colorado2025.czi,Sed_lan,301.28,2425.0,14457.0,22,23,74.87,0.944,20251031_012_pol_pro_Sed_lan_2025_11_Colorado2025_x002048_y014336
Unknown_Sample,20251031_012_pol_pro_Sed_lan_2025_11_Colorado2025.czi,Sed_lan,297.05,3248.0,14714.0,21,23,73.46,0.941,20251031_012_pol_pro_Sed_lan_2025_11_Colorado2025_x003072_y014336
Unknown_Sample,20251031_012_pol_pro_Sed_lan_2025_11_Colorado2025.czi,Sed_lan,283.58,4042.0,14849.0,23,21,74.04,0.94,20251031_012_pol_pro_Sed_lan_2025_11_Colorado2025_x003584_y014336
Unknown_Sample,20251031_012_pol_pro_Sed_lan_2025_11_Colorado2025.czi,Sed_lan,349.38,4950.0,14451.0,24,23,79.46,0.945,20251031_012_pol_pro_Sed_lan_2025_11_Colorado2025_x004608_y014336
Unknown_Sample,20251031_012_pol_pro_Sed_lan_2025_11_Colorado2025.czi,Sed_lan,330.91,5185.0,14793.0,26,24,81.94,0.908,20251031_012_pol_pro_Sed_lan_2025_11_Colorado2025_x004608_y014336
Unknown_Sample,20251031_012_pol_pro_Sed_lan_2025_11_Colorado2025.czi,Sed_lan,324.37,5163.0,14801.0,23,24,77.7,0.897,20251031_012_pol_pro_Sed_lan_2025_11_Colorado2025_x004608_y014336
Unknown_Sample,20251031_012_pol_pro_Sed_lan_2025_11_Colorado2025.czi,Sed_lan,314.75,5666.0,14705.0,24,22,76.28,0.942,20251031_012_pol_pro_Sed_lan_2025_11_Colorado2025_x005120_y014336
Unknown_Sample,20251031_012_pol_pro_Sed_lan_2025_11_Colorado2025.czi,Sed_lan,332.83,5185.0,14793.0,26,24,82.53,0.904,20251031_012_pol_pro_Sed_lan_2025_11_Colorado2025_x005120_y014336
Unknown_Sample,20251031_012_pol_pro_Sed_lan_2025_11_Colorado2025.czi,Sed_lan,324.37,5163.0,14801.0,23,24,77.7,0.896,20251031_012_pol_pro_Sed_lan_2025_11_Colorado2025_x005120_y014336
Unknown_Sample,20251031_012_pol_pro_Sed_lan_2025_11_Colorado2025.czi,Sed_lan,385.16,5855.0,14347.0,27,23,87.21,0.953,20251031_012_pol_pro_Sed_lan_2025_11_Colorado2025_x005632_y014336
Unknown_Sample,20251031_012_pol_pro_Sed_lan_2025_11_Colorado2025.czi,Sed_lan,349.76,5991.0,14454.0,24,24,79.7,0.95,20251031_012_pol_pro_Sed_lan_2025_11_Colorado2025_x005632_y014336
Unknown_Sample,20251031_012_pol_pro_Sed_lan_2025_11_Colorado2025.czi,Sed_lan,357.07,6082.0,14584.0,23,25,80.28,0.946,20251031_012_pol_pro_Sed_lan_2025_11_Colorado2025_x005632_y014336
Unknown_Sample,20251031_012_pol_pro_Sed_lan_2025_11_Colorado2025.czi,Sed_lan,314.75,5666.0,14705.0,24,22,76.28,0.941,20251031_012_pol_pro_Sed_lan_2025_11_Colorado2025_x005632_y014336
Unknown_Sample,20251031_012_pol_pro_Sed_lan_2025_11_Colorado2025.czi,Sed_lan,353.61,7211.0,14346.0,27,21,83.21,0.942,20251031_012_pol_pro_Sed_lan_2025_11_Colorado2025_x006656_y014336
Unknown_Sample,20251031_012_pol_pro_Sed_lan_2025_11_Colorado2025.czi,Sed_lan,344.76,7342.0,14704.0,24,25,79.94,0.946,20251031_012_pol_pro_Sed_lan_2025_11_Colorado2025_x007168_y014336
Unknown_Sample,20251031_012_pol_pro_Sed_lan_2025_11_Colorado2025.czi,Sed_lan,353.61,7211.0,14346.0,27,21,83.21,0.942,20251031_012_pol_pro_Sed_lan_2025_11_Colorado2025_x007168_y014336
Unknown_Sample,20251031_012_pol_pro_Sed_lan_2025_11_Colorado2025.czi,Sed_lan,481.74,9195.0,14512.0,28,29,93.6,0.942,20251031_012_pol_pro_Sed_lan_2025_11_Colorado2025_x008704_y014336
Unknown_Sample,20251031_012_pol_pro_Sed_lan_2025_11_Colorado2025.czi,Sed_lan,382.08,8913.0,14621.0,25,25,83.7,0.942,20251031_012_pol_pro_Sed_lan_2025_11_Colorado2025_x008704_y014336
Unknown_Sample,20251031_012_pol_pro_Sed_lan_2025_11_Colorado2025.czi,Sed_lan,370.54,9455.0,14800.0,25,25,82.53,0.955,20251031_012_pol_pro_Sed_lan_2025_11_Colorado2025_x009216_y014336
Unknown_Sample,20251031_012_pol_pro_Sed_lan_2025_11_Colorado2025.czi,Sed_lan,469.81,9498.0,14898.0,28,28,93.36,0.948,20251031_012_pol_pro_Sed_lan_2025_11_Colorado2025_x009216_y014336
Unknown_Sample,20251031_012_pol_pro_Sed_lan_2025_11_Colorado2025.czi,Sed_lan,468.66,10231.0,14742.0,28,28,93.94,0.955,20251031_012_pol_pro_Sed_lan_2025_11_Colorado2025_x009728_y014336
Unknown_Sample,20251031_012_pol_pro_Sed_lan_2025_11_Colorado2025.czi,Sed_lan,453.65,9896.0,14528.0,27,27,91.7,0.952,20251031_012_pol_pro_Sed_lan_2025_11_Colorado2025_x009728_y014336
Unknown_Sample,20251031_012_pol_pro_Sed_lan_2025_11_Colorado2025.czi,Sed_lan,278.96,10206.0,14448.0,23,20,73.21,0.944,20251031_012_pol_pro_Sed_lan_2025_11_Colorado2025_x009728_y014336
Unknown_Sample,20251031_012_pol_pro_Sed_lan_2025_11_Colorado2025.czi,Sed_lan,260.49,9897.0,14968.0,26,16,73.56,0.898,20251031_012_pol_pro_Sed_lan_2025_11_Colorado2025_x009728_y014336
Unknown_Sample,20251031_012_pol_pro_Sed_lan_2025_11_Colorado2025.czi,Sed_lan,366.69,10481.0,14816.0,25,24,81.7,0.947,20251031_012_pol_pro_Sed_lan_2025_11_Colorado2025_x010240_y014336
Unknown_Sample,20251031_012_pol_pro_Sed_lan_2025_11_Colorado2025.czi,Sed_lan,354.76,10701.0,14429.0,24,24,81.46,0.945,20251031_012_pol_pro_Sed_lan_2025_11_Colorado2025_x010240_y014336
Unknown_Sample,20251031_012_pol_pro_Sed_lan_2025_11_Colorado2025.czi,Sed_lan,310.13,10755.0,14745.0,24,22,77.46,0.943,20251031_012_pol_pro_Sed_lan_2025_11_Colorado2025_x010240_y014336
Unknown_Sample,20251031_012_pol_pro_Sed_lan_2025_11_Colorado2025.czi,Sed_lan,427.1,10920.0,14573.0,26,27,87.94,0.953,20251031_012_pol_pro_Sed_lan_2025_11_Colorado2025_x010752_y014336
Unknown_Sample,20251031_012_pol_pro_Sed_lan_2025_11_Colorado2025.czi,Sed_lan,385.93,11137.0,14799.0,26,26,84.18,0.948,20251031_012_pol_pro_Sed_lan_2025_11_Colorado2025_x010752_y014336
Unknown_Sample,20251031_012_pol_pro_Sed_lan_2025_11_Colorado2025.czi,Sed_lan,191.62,10759.0,14745.0,15,22,64.14,0.946,20251031_012_pol_pro_Sed_lan_2025_11_Colorado2025_x010752_y014336
Unknown_Sample,20251031_012_pol_pro_Sed_lan_2025_11_Colorado2025.czi,Sed_lan,445.19,12527.0,14408.0,27,27,90.53,0.955,20251031_012_pol_pro_Sed_lan_2025_11_Colorado2025_x012288_y014336
Unknown_Sample,20251031_012_pol_pro_Sed_lan_2025_11_Colorado2025.czi,Sed_lan,329.37,12468.0,14776.0,24,22,77.46,0.951,20251031_012_pol_pro_Sed_lan_2025_11_Colorado2025_x012288_y014336
Unknown_Sample,20251031_012_pol_pro_Sed_lan_2025_11_Colorado2025.czi,Sed_lan,388.24,12474.0,14472.0,25,26,84.53,0.943,20251031_012_pol_pro_Sed_lan_2025_11_Colorado2025_x012288_y014336
Unknown_Sample,20251031_012_pol_pro_Sed_lan_2025_11_Colorado2025.czi,Sed_lan,366.31,12976.0,14543.0,25,25,83.11,0.956,20251031_012_pol_pro_Sed_lan_2025_11_Colorado2025_x012800_y014336
Unknown_Sample,20251031_012_pol_pro_Sed_lan_2025_11_Colorado2025.czi,Sed_lan,359.77,12947.0,14882.0,24,24,82.04,0.95,20251031_012_pol_pro_Sed_lan_2025_11_Colorado2025_x012800_y014336
Unknown_Sample,20251031_012_pol_pro_Sed_lan_2025_11_Colorado2025.czi,Sed_lan,139.67,13104.0,14880.0,15,16,51.56,0.906,20251031_012_pol_pro_Sed_lan_2025_11_Colorado2025_x012800_y014336
Unknown_Sample,20251031_012_pol_pro_Sed_lan_2025_11_Colorado2025.czi,Sed_lan,367.46,13750.0,14871.0,25,24,82.87,0.95,20251031_012_pol_pro_Sed_lan_2025_11_Colorado2025_x013312_y014336
Unknown_Sample,20251031_012_pol_pro_Sed_lan_2025_11_Colorado2025.czi,Sed_lan,319.75,14227.0,14364.0,23,22,76.04,0.945,20251031_012_pol_pro_Sed_lan_2025_11_Colorado2025_x013824_y014336
Unknown_Sample,20251031_012_pol_pro_Sed_lan_2025_11_Colorado2025.czi,Sed_lan,248.57,14793.0,14462.0,19,22,68.63,0.813,20251031_012_pol_pro_Sed_lan_2025_11_Colorado2025_x014336_y014336
Unknown_Sample,20251031_012_pol_pro_Sed_lan_2025_11_Colorado2025.czi,Sed_lan,267.42,15005.0,14586.0,21,21,71.21,0.936,20251031_012_pol_pro_Sed_lan_2025_11_Colorado2025_x014848_y014336
Unknown_Sample,20251031_012_pol_pro_Sed_lan_2025_11_Colorado2025.czi,Sed_lan,207.39,15480.0,14423.0,15,21,65.07,0.903,20251031_012_pol_pro_Sed_lan_2025_11_Colorado2025_x014848_y014336
Unknown_Sample,20251031_012_pol_pro_Sed_lan_2025_11_Colorado2025.czi,Sed_lan,304.36,15835.0,14555.0,22,23,73.7,0.936,20251031_012_pol_pro_Sed_lan_2025_11_Colorado2025_x015360_y014336
Unknown_Sample,20251031_012_pol_pro_Sed_lan_2025_11_Colorado2025.czi,Sed_lan,287.04,15482.0,14423.0,21,22,72.63,0.932,20251031_012_pol_pro_Sed_lan_2025_11_Colorado2025_x015360_y014336
Unknown_Sample,20251031_012_pol_pro_Sed_lan_2025_11_Colorado2025.czi,Sed_lan,287.81,543.0,15118.0,22,22,73.46,0.892,20251031_012_pol_pro_Sed_lan_2025_11_Colorado2025_x000000_y014848
Unknown_Sample,20251031_012_pol_pro_Sed_lan_2025_11_Colorado2025.czi,Sed_lan,295.51,544.0,15119.0,22,22,73.46,0.939,20251031_012_pol_pro_Sed_lan_2025_11_Colorado2025_x000512_y014848
Unknown_Sample,20251031_012_pol_pro_Sed_lan_2025_11_Colorado2025.czi,Sed_lan,202.78,728.0,15388.0,19,18,63.56,0.904,20251031_012_pol_pro_Sed_lan_2025_11_Colorado2025_x000512_y014848
Unknown_Sample,20251031_012_pol_pro_Sed_lan_2025_11_Colorado2025.czi,Sed_lan,310.13,1989.0,15430.0,23,23,77.46,0.946,20251031_012_pol_pro_Sed_lan_2025_11_Colorado2025_x001536_y014848
Unknown_Sample,20251031_012_pol_pro_Sed_lan_2025_11_Colorado2025.czi,Sed_lan,237.79,1954.0,15119.0,20,20,66.63,0.939,20251031_012_pol_pro_Sed_lan_2025_11_Colorado2025_x001536_y014848
Unknown_Sample,20251031_012_pol_pro_Sed_lan_2025_11_Colorado2025.czi,Sed_lan,348.61,2227.0,14879.0,24,23,79.46,0.956,20251031_012_pol_pro_Sed_lan_2025_11_Colorado2025_x002048_y014848
Unknown_Sample,20251031_012_pol_pro_Sed_lan_2025_11_Colorado2025.czi,Sed_lan,370.16,2393.0,15386.0,24,25,82.28,0.946,20251031_012_pol_pro_Sed_lan_2025_11_Colorado2025_x002048_y014848
Unknown_Sample,20251031_012_pol_pro_Sed_lan_2025_11_Colorado2025.czi,Sed_lan,300.51,3053.0,15284.0,22,23,74.87,0.928,20251031_012_pol_pro_Sed_lan_2025_11_Colorado2025_x002560_y014848
Unknown_Sample,20251031_012_pol_pro_Sed_lan_2025_11_Colorado2025.czi,Sed_lan,148.52,4042.0,14853.0,22,12,58.14,0.938,20251031_012_pol_pro_Sed_lan_2025_11_Colorado2025_x003584_y014848
Unknown_Sample,20251031_012_pol_pro_Sed_lan_2025_11_Colorado2025.czi,Sed_lan,333.6,4476.0,15447.0,24,23,77.7,0.938,20251031_012_pol_pro_Sed_lan_2025_11_Colorado2025_x004096_y014848
Unknown_Sample,20251031_012_pol_pro_Sed_lan_2025_11_Colorado2025.czi,Sed_lan,293.58,4581.0,15416.0,22,22,72.87,0.934,20251031_012_pol_pro_Sed_lan_2025_11_Colorado2025_x004096_y014848
Unknown_Sample,20251031_012_pol_pro_Sed_lan_2025_11_Colorado2025.czi,Sed_lan,270.11,4606.0,15193.0,21,21,70.63,0.932,20251031_012_pol_pro_Sed_lan_2025_11_Colorado2025_x004096_y014848
Unknown_Sample,20251031_012_pol_pro_Sed_lan_2025_11_Colorado2025.czi,Sed_lan,107.35,4612.0,15193.0,10,20,50.73,0.924,20251031_012_pol_pro_Sed_lan_2025_11_Colorado2025_x004608_y014848
Unknown_Sample,20251031_012_pol_pro_Sed_lan_2025_11_Colorado2025.czi,Sed_lan,169.69,4799.0,15290.0,16,18,57.56,0.9,20251031_012_pol_pro_Sed_lan_2025_11_Colorado2025_x004608_y014848
Unknown_Sample,20251031_012_pol_pro_Sed_lan_2025_11_Colorado2025.czi,Sed_lan,397.09,6111.0,15332.0,26,26,85.94,0.94,20251031_012_pol_pro_Sed_lan_2025_11_Colorado2025_x005632_y014848
Unknown_Sample,20251031_012_pol_pro_Sed_lan_2025_11_Colorado2025.czi,Sed_lan,415.17,6334.0,15177.0,26,26,86.53,0.939,20251031_012_pol_pro_Sed_lan_2025_11_Colorado2025_x006144_y014848
Unknown_Sample,20251031_012_pol_pro_Sed_lan_2025_11_Colorado2025.czi,Sed_lan,325.91,7302.0,15064.0,24,22,76.87,0.94,20251031_012_pol_pro_Sed_lan_2025_11_Colorado2025_x007168_y014848
Unknown_Sample,20251031_012_pol_pro_Sed_lan_2025_11_Colorado2025.czi,Sed_lan,309.36,7483.0,15204.0,22,24,75.11,0.924,20251031_012_pol_pro_Sed_lan_2025_11_Colorado2025_x007168_y014848
Unknown_Sample,20251031_012_pol_pro_Sed_lan_2025_11_Colorado2025.czi,Sed_lan,369.39,9306.0,15096.0,25,24,83.46,0.947,20251031_012_pol_pro_Sed_lan_2025_11_Colorado2025_x008704_y014848
Unknown_Sample,20251031_012_pol_pro_Sed_lan_2025_11_Colorado2025.czi,Sed_lan,290.89,9094.0,15340.0,22,22,73.46,0.925,20251031_012_pol_pro_Sed_lan_2025_11_Colorado2025_x008704_y014848
Unknown_Sample,20251031_012_pol_pro_Sed_lan_2025_11_Colorado2025.czi,Sed_lan,390.93,9575.0,15142.0,25,26,85.11,0.949,20251031_012_pol_pro_Sed_lan_2025_11_Colorado2025_x009216_y014848
Unknown_Sample,20251031_012_pol_pro_Sed_lan_2025_11_Colorado2025.czi,Sed_lan,467.89,9498.0,14898.0,28,28,93.94,0.948,20251031_012_pol_pro_Sed_lan_2025_11_Colorado2025_x009216_y014848
Unknown_Sample,20251031_012_pol_pro_Sed_lan_2025_11_Colorado2025.czi,Sed_lan,366.69,9306.0,15096.0,25,24,82.87,0.947,20251031_012_pol_pro_Sed_lan_2025_11_Colorado2025_x009216_y014848
Unknown_Sample,20251031_012_pol_pro_Sed_lan_2025_11_Colorado2025.czi,Sed_lan,345.91,9690.0,15171.0,24,24,79.7,0.939,20251031_012_pol_pro_Sed_lan_2025_11_Colorado2025_x009216_y014848
Unknown_Sample,20251031_012_pol_pro_Sed_lan_2025_11_Colorado2025.czi,Sed_lan,340.91,9411.0,15433.0,23,24,78.28,0.937,20251031_012_pol_pro_Sed_lan_2025_11_Colorado2025_x009216_y014848
Unknown_Sample,20251031_012_pol_pro_Sed_lan_2025_11_Colorado2025.czi,Sed_lan,417.1,9897.0,14972.0,26,26,85.94,0.95,20251031_012_pol_pro_Sed_lan_2025_11_Colorado2025_x009728_y014848
Unknown_Sample,20251031_012_pol_pro_Sed_lan_2025_11_Colorado2025.czi,Sed_lan,410.56,10011.0,15351.0,26,26,86.53,0.945,20251031_012_pol_pro_Sed_lan_2025_11_Colorado2025_x009728_y014848
Unknown_Sample,20251031_012_pol_pro_Sed_lan_2025_11_Colorado2025.czi,Sed_lan,355.92,10351.0,15219.0,24,24,80.87,0.937,20251031_012_pol_pro_Sed_lan_2025_11_Colorado2025_x009728_y014848
Unknown_Sample,20251031_012_pol_pro_Sed_lan_2025_11_Colorado2025.czi,Sed_lan,356.69,10351.0,15219.0,24,24,80.87,0.937,20251031_012_pol_pro_Sed_lan_2025_11_Colorado2025_x010240_y014848
Unknown_Sample,20251031_012_pol_pro_Sed_lan_2025_11_Colorado2025.czi,Sed_lan,349.76,11792.0,15399.0,25,24,80.53,0.953,20251031_012_pol_pro_Sed_lan_2025_11_Colorado2025_x011264_y014848
Unknown_Sample,20251031_012_pol_pro_Sed_lan_2025_11_Colorado2025.czi,Sed_lan,158.53,11726.0,15259.0,17,15,55.31,0.934,20251031_012_pol_pro_Sed_lan_2025_11_Colorado2025_x011264_y014848
Unknown_Sample,20251031_012_pol_pro_Sed_lan_2025_11_Colorado2025.czi,Sed_lan,287.04,11425.0,15478.0,24,18,76.49,0.912,20251031_012_pol_pro_Sed_lan_2025_11_Colorado2025_x011264_y014848
Unknown_Sample,20251031_012_pol_pro_Sed_lan_2025_11_Colorado2025.czi,Sed_lan,350.92,11792.0,15399.0,25,24,79.94,0.95,20251031_012_pol_pro_Sed_lan_2025_11_Colorado2025_x011776_y014848
Unknown_Sample,20251031_012_pol_pro_Sed_lan_2025_11_Colorado2025.czi,Sed_lan,323.21,12473.0,15281.0,23,23,77.46,0.941,20251031_012_pol_pro_Sed_lan_2025_11_Colorado2025_x012288_y014848
Unknown_Sample,20251031_012_pol_pro_Sed_lan_2025_11_Colorado2025.czi,Sed_lan,360.92,12947.0,14882.0,24,24,81.46,0.95,20251031_012_pol_pro_Sed_lan_2025_11_Colorado2025_x012800_y014848
Unknown_Sample,20251031_012_pol_pro_Sed_lan_2025_11_Colorado2025.czi,Sed_lan,139.67,13104.0,14880.0,15,16,51.56,0.906,20251031_012_pol_pro_Sed_lan_2025_11_Colorado2025_x012800_y014848
Unknown_Sample,20251031_012_pol_pro_Sed_lan_2025_11_Colorado2025.czi,Sed_lan,377.08,13750.0,14870.0,25,25,83.11,0.95,20251031_012_pol_pro_Sed_lan_2025_11_Colorado2025_x013312_y014848
Unknown_Sample,20251031_012_pol_pro_Sed_lan_2025_11_Colorado2025.czi,Sed_lan,322.06,13873.0,15139.0,25,22,77.7,0.947,20251031_012_pol_pro_Sed_lan_2025_11_Colorado2025_x013312_y014848
Unknown_Sample,20251031_012_pol_pro_Sed_lan_2025_11_Colorado2025.czi,Sed_lan,396.32,14134.0,15462.0,25,26,86.28,0.947,20251031_012_pol_pro_Sed_lan_2025_11_Colorado2025_x013824_y014848
Unknown_Sample,20251031_012_pol_pro_Sed_lan_2025_11_Colorado2025.czi,Sed_lan,322.06,13873.0,15139.0,25,22,77.7,0.945,20251031_012_pol_pro_Sed_lan_2025_11_Colorado2025_x013824_y014848
Unknown_Sample,20251031_012_pol_pro_Sed_lan_2025_11_Colorado2025.czi,Sed_lan,324.75,14895.0,15037.0,23,23,76.28,0.94,20251031_012_pol_pro_Sed_lan_2025_11_Colorado2025_x014336_y014848
Unknown_Sample,20251031_012_pol_pro_Sed_lan_2025_11_Colorado2025.czi,Sed_lan,324.75,14895.0,15037.0,23,23,76.28,0.939,20251031_012_pol_pro_Sed_lan_2025_11_Colorado2025_x014848_y014848
Unknown_Sample,20251031_012_pol_pro_Sed_lan_2025_11_Colorado2025.czi,Sed_lan,275.88,15047.0,15148.0,21,21,71.21,0.915,20251031_012_pol_pro_Sed_lan_2025_11_Colorado2025_x014848_y014848
Unknown_Sample,20251031_012_pol_pro_Sed_lan_2025_11_Colorado2025.czi,Sed_lan,328.98,15893.0,15239.0,24,23,77.7,0.933,20251031_012_pol_pro_Sed_lan_2025_11_Colorado2025_x015360_y014848
Unknown_Sample,20251031_012_pol_pro_Sed_lan_2025_11_Colorado2025.czi,Sed_lan,380.16,15653.0,15416.0,28,22,84.28,0.915,20251031_012_pol_pro_Sed_lan_2025_11_Colorado2025_x015360_y014848
Unknown_Sample,20251031_012_pol_pro_Sed_lan_2025_11_Colorado2025.czi,Sed_lan,329.75,15893.0,15239.0,24,23,77.7,0.93,20251031_012_pol_pro_Sed_lan_2025_11_Colorado2025_x015872_y014848
Unknown_Sample,20251031_012_pol_pro_Sed_lan_2025_11_Colorado2025.czi,Sed_lan,318.98,16542.0,15187.0,23,23,78.04,0.753,20251031_012_pol_pro_Sed_lan_2025_11_Colorado2025_x016384_y014848
Unknown_Sample,20251031_012_pol_pro_Sed_lan_2025_11_Colorado2025.czi,Sed_lan,202.01,728.0,15388.0,19,18,63.56,0.905,20251031_012_pol_pro_Sed_lan_2025_11_Colorado2025_x000512_y015360
Unknown_Sample,20251031_012_pol_pro_Sed_lan_2025_11_Colorado2025.czi,Sed_lan,310.13,1989.0,15430.0,23,23,77.46,0.947,20251031_012_pol_pro_Sed_lan_2025_11_Colorado2025_x001536_y015360
Unknown_Sample,20251031_012_pol_pro_Sed_lan_2025_11_Colorado2025.czi,Sed_lan,358.61,1672.0,15567.0,24,25,81.11,0.946,20251031_012_pol_pro_Sed_lan_2025_11_Colorado2025_x001536_y015360
Unknown_Sample,20251031_012_pol_pro_Sed_lan_2025_11_Colorado2025.czi,Sed_lan,280.89,1887.0,15777.0,22,22,72.28,0.937,20251031_012_pol_pro_Sed_lan_2025_11_Colorado2025_x001536_y015360
Unknown_Sample,20251031_012_pol_pro_Sed_lan_2025_11_Colorado2025.czi,Sed_lan,368.62,2393.0,15386.0,24,25,82.28,0.948,20251031_012_pol_pro_Sed_lan_2025_11_Colorado2025_x002048_y015360
Unknown_Sample,20251031_012_pol_pro_Sed_lan_2025_11_Colorado2025.czi,Sed_lan,156.99,2591.0,15632.0,16,16,55.31,0.912,20251031_012_pol_pro_Sed_lan_2025_11_Colorado2025_x002048_y015360
Unknown_Sample,20251031_012_pol_pro_Sed_lan_2025_11_Colorado2025.czi,Sed_lan,308.98,2972.0,15678.0,22,23,76.04,0.937,20251031_012_pol_pro_Sed_lan_2025_11_Colorado2025_x002560_y015360
Unknown_Sample,20251031_012_pol_pro_Sed_lan_2025_11_Colorado2025.czi,Sed_lan,237.02,2732.0,15715.0,19,21,66.63,0.93,20251031_012_pol_pro_Sed_lan_2025_11_Colorado2025_x002560_y015360
Unknown_Sample,20251031_012_pol_pro_Sed_lan_2025_11_Colorado2025.czi,Sed_lan,158.14,2591.0,15632.0,16,16,55.9,0.903,20251031_012_pol_pro_Sed_lan_2025_11_Colorado2025_x002560_y015360
Unknown_Sample,20251031_012_pol_pro_Sed_lan_2025_11_Colorado2025.czi,Sed_lan,348.22,4020.0,15576.0,24,25,80.53,0.945,20251031_012_pol_pro_Sed_lan_2025_11_Colorado2025_x003584_y015360
Unknown_Sample,20251031_012_pol_pro_Sed_lan_2025_11_Colorado2025.czi,Sed_lan,332.83,4476.0,15447.0,24,23,77.7,0.938,20251031_012_pol_pro_Sed_lan_2025_11_Colorado2025_x004096_y015360
Unknown_Sample,20251031_012_pol_pro_Sed_lan_2025_11_Colorado2025.czi,Sed_lan,293.58,4581.0,15416.0,22,22,72.87,0.935,20251031_012_pol_pro_Sed_lan_2025_11_Colorado2025_x004096_y015360
Unknown_Sample,20251031_012_pol_pro_Sed_lan_2025_11_Colorado2025.czi,Sed_lan,147.37,4626.0,15566.0,17,15,53.56,0.9,20251031_012_pol_pro_Sed_lan_2025_11_Colorado2025_x004096_y015360
Unknown_Sample,20251031_012_pol_pro_Sed_lan_2025_11_Colorado2025.czi,Sed_lan,265.88,5225.0,15685.0,21,21,71.21,0.93,20251031_012_pol_pro_Sed_lan_2025_11_Colorado2025_x004608_y015360
Unknown_Sample,20251031_012_pol_pro_Sed_lan_2025_11_Colorado2025.czi,Sed_lan,173.92,5145.0,15746.0,17,17,56.97,0.915,20251031_012_pol_pro_Sed_lan_2025_11_Colorado2025_x004608_y015360
Unknown_Sample,20251031_012_pol_pro_Sed_lan_2025_11_Colorado2025.czi,Sed_lan,159.3,4626.0,15565.0,17,16,54.97,0.884,20251031_012_pol_pro_Sed_lan_2025_11_Colorado2025_x004608_y015360
Unknown_Sample,20251031_012_pol_pro_Sed_lan_2025_11_Colorado2025.czi,Sed_lan,380.54,5373.0,15715.0,25,25,83.7,0.942,20251031_012_pol_pro_Sed_lan_2025_11_Colorado2025_x005120_y015360
Unknown_Sample,20251031_012_pol_pro_Sed_lan_2025_11_Colorado2025.czi,Sed_lan,265.11,5225.0,15685.0,21,21,71.21,0.93,20251031_012_pol_pro_Sed_lan_2025_11_Colorado2025_x005120_y015360
Unknown_Sample,20251031_012_pol_pro_Sed_lan_2025_11_Colorado2025.czi,Sed_lan,174.69,5145.0,15746.0,17,17,56.97,0.916,20251031_012_pol_pro_Sed_lan_2025_11_Colorado2025_x005120_y015360
Unknown_Sample,20251031_012_pol_pro_Sed_lan_2025_11_Colorado2025.czi,Sed_lan,132.36,6305.0,15994.0,22,10,56.49,0.854,20251031_012_pol_pro_Sed_lan_2025_11_Colorado2025_x006144_y015360
Unknown_Sample,20251031_012_pol_pro_Sed_lan_2025_11_Colorado2025.czi,Sed_lan,398.63,7369.0,15708.0,26,25,85.11,0.942,20251031_012_pol_pro_Sed_lan_2025_11_Colorado2025_x007168_y015360
Unknown_Sample,20251031_012_pol_pro_Sed_lan_2025_11_Colorado2025.czi,Sed_lan,347.84,9123.0,15814.0,23,24,79.46,0.936,20251031_012_pol_pro_Sed_lan_2025_11_Colorado2025_x008704_y015360
Unknown_Sample,20251031_012_pol_pro_Sed_lan_2025_11_Colorado2025.czi,Sed_lan,340.91,9411.0,15433.0,23,24,78.28,0.936,20251031_012_pol_pro_Sed_lan_2025_11_Colorado2025_x009216_y015360
Unknown_Sample,20251031_012_pol_pro_Sed_lan_2025_11_Colorado2025.czi,Sed_lan,454.81,10315.0,15710.0,28,27,90.77,0.953,20251031_012_pol_pro_Sed_lan_2025_11_Colorado2025_x009728_y015360
Unknown_Sample,20251031_012_pol_pro_Sed_lan_2025_11_Colorado2025.czi,Sed_lan,455.58,10315.0,15710.0,28,27,90.77,0.952,20251031_012_pol_pro_Sed_lan_2025_11_Colorado2025_x010240_y015360
Unknown_Sample,20251031_012_pol_pro_Sed_lan_2025_11_Colorado2025.czi,Sed_lan,212.01,10523.0,15585.0,19,18,62.38,0.928,20251031_012_pol_pro_Sed_lan_2025_11_Colorado2025_x010240_y015360
Unknown_Sample,20251031_012_pol_pro_Sed_lan_2025_11_Colorado2025.czi,Sed_lan,348.22,11792.0,15399.0,25,24,80.53,0.953,20251031_012_pol_pro_Sed_lan_2025_11_Colorado2025_x011264_y015360
Unknown_Sample,20251031_012_pol_pro_Sed_lan_2025_11_Colorado2025.czi,Sed_lan,359.0,11425.0,15480.0,24,24,82.04,0.946,20251031_012_pol_pro_Sed_lan_2025_11_Colorado2025_x011264_y015360
Unknown_Sample,20251031_012_pol_pro_Sed_lan_2025_11_Colorado2025.czi,Sed_lan,350.92,11792.0,15399.0,25,24,79.94,0.951,20251031_012_pol_pro_Sed_lan_2025_11_Colorado2025_x011776_y015360
Unknown_Sample,20251031_012_pol_pro_Sed_lan_2025_11_Colorado2025.czi,Sed_lan,240.1,12083.0,15638.0,21,18,66.97,0.936,20251031_012_pol_pro_Sed_lan_2025_11_Colorado2025_x011776_y015360
Unknown_Sample,20251031_012_pol_pro_Sed_lan_2025_11_Colorado2025.czi,Sed_lan,187.39,13878.0,15912.0,20,16,60.38,0.907,20251031_012_pol_pro_Sed_lan_2025_11_Colorado2025_x013312_y015360
Unknown_Sample,20251031_012_pol_pro_Sed_lan_2025_11_Colorado2025.czi,Sed_lan,399.4,14134.0,15462.0,25,26,86.28,0.944,20251031_012_pol_pro_Sed_lan_2025_11_Colorado2025_x013824_y015360
Unknown_Sample,20251031_012_pol_pro_Sed_lan_2025_11_Colorado2025.czi,Sed_lan,214.32,13879.0,15912.0,20,18,64.38,0.902,20251031_012_pol_pro_Sed_lan_2025_11_Colorado2025_x013824_y015360
Unknown_Sample,20251031_012_pol_pro_Sed_lan_2025_11_Colorado2025.czi,Sed_lan,440.18,14509.0,15823.0,26,28,89.94,0.951,20251031_012_pol_pro_Sed_lan_2025_11_Colorado2025_x014336_y015360
Unknown_Sample,20251031_012_pol_pro_Sed_lan_2025_11_Colorado2025.czi,Sed_lan,336.68,14917.0,15943.0,23,24,78.87,0.951,20251031_012_pol_pro_Sed_lan_2025_11_Colorado2025_x014336_y015360
Unknown_Sample,20251031_012_pol_pro_Sed_lan_2025_11_Colorado2025.czi,Sed_lan,337.45,14917.0,15943.0,23,24,78.87,0.95,20251031_012_pol_pro_Sed_lan_2025_11_Colorado2025_x014848_y015360
Unknown_Sample,20251031_012_pol_pro_Sed_lan_2025_11_Colorado2025.czi,Sed_lan,413.25,15064.0,15613.0,26,27,87.94,0.938,20251031_012_pol_pro_Sed_lan_2025_11_Colorado2025_x014848_y015360
Unknown_Sample,20251031_012_pol_pro_Sed_lan_2025_11_Colorado2025.czi,Sed_lan,170.46,15248.0,15879.0,15,19,58.73,0.649,20251031_012_pol_pro_Sed_lan_2025_11_Colorado2025_x014848_y015360
Unknown_Sample,20251031_012_pol_pro_Sed_lan_2025_11_Colorado2025.czi,Sed_lan,382.08,15653.0,15416.0,28,22,84.87,0.909,20251031_012_pol_pro_Sed_lan_2025_11_Colorado2025_x015360_y015360
Unknown_Sample,20251031_012_pol_pro_Sed_lan_2025_11_Colorado2025.czi,Sed_lan,332.06,16244.0,15609.0,23,23,79.21,0.928,20251031_012_pol_pro_Sed_lan_2025_11_Colorado2025_x015872_y015360
Unknown_Sample,20251031_012_pol_pro_Sed_lan_2025_11_Colorado2025.czi,Sed_lan,341.3,16461.0,15490.0,25,23,79.7,0.924,20251031_012_pol_pro_Sed_lan_2025_11_Colorado2025_x015872_y015360
Unknown_Sample,20251031_012_pol_pro_Sed_lan_2025_11_Colorado2025.czi,Sed_lan,342.84,16461.0,15490.0,25,23,79.7,0.901,20251031_012_pol_pro_Sed_lan_2025_11_Colorado2025_x016384_y015360
Unknown_Sample,20251031_012_pol_pro_Sed_lan_2025_11_Colorado2025.czi,Sed_lan,297.43,1195.0,16081.0,21,24,74.87,0.915,20251031_012_pol_pro_Sed_lan_2025_11_Colorado2025_x001024_y015872
Unknown_Sample,20251031_012_pol_pro_Sed_lan_2025_11_Colorado2025.czi,Sed_lan,331.29,1926.0,16140.0,22,25,78.87,0.921,20251031_012_pol_pro_Sed_lan_2025_11_Colorado2025_x001536_y015872
Unknown_Sample,20251031_012_pol_pro_Sed_lan_2025_11_Colorado2025.czi,Sed_lan,306.28,2849.0,16245.0,22,23,75.46,0.905,20251031_012_pol_pro_Sed_lan_2025_11_Colorado2025_x002560_y015872
Unknown_Sample,20251031_012_pol_pro_Sed_lan_2025_11_Colorado2025.czi,Sed_lan,163.91,2797.0,16056.0,16,17,54.97,0.661,20251031_012_pol_pro_Sed_lan_2025_11_Colorado2025_x002560_y015872
Unknown_Sample,20251031_012_pol_pro_Sed_lan_2025_11_Colorado2025.czi,Sed_lan,318.6,3609.0,16168.0,22,24,77.46,0.901,20251031_012_pol_pro_Sed_lan_2025_11_Colorado2025_x003072_y015872
Unknown_Sample,20251031_012_pol_pro_Sed_lan_2025_11_Colorado2025.czi,Sed_lan,311.67,3609.0,16168.0,21,24,76.63,0.899,20251031_012_pol_pro_Sed_lan_2025_11_Colorado2025_x003584_y015872
Unknown_Sample,20251031_012_pol_pro_Sed_lan_2025_11_Colorado2025.czi,Sed_lan,296.28,4096.0,16437.0,22,22,74.63,0.814,20251031_012_pol_pro_Sed_lan_2025_11_Colorado2025_x003584_y015872
Unknown_Sample,20251031_012_pol_pro_Sed_lan_2025_11_Colorado2025.czi,Sed_lan,135.83,4101.0,16437.0,11,22,56.73,0.809,20251031_012_pol_pro_Sed_lan_2025_11_Colorado2025_x004096_y015872
Unknown_Sample,20251031_012_pol_pro_Sed_lan_2025_11_Colorado2025.czi,Sed_lan,324.37,6305.0,16000.0,23,23,78.04,0.914,20251031_012_pol_pro_Sed_lan_2025_11_Colorado2025_x006144_y015872
Unknown_Sample,20251031_012_pol_pro_Sed_lan_2025_11_Colorado2025.czi,Sed_lan,226.63,8862.0,15889.0,23,17,69.56,0.625,20251031_012_pol_pro_Sed_lan_2025_11_Colorado2025_x008704_y015872
Unknown_Sample,20251031_012_pol_pro_Sed_lan_2025_11_Colorado2025.czi,Sed_lan,409.4,9481.0,16241.0,25,27,85.94,0.922,20251031_012_pol_pro_Sed_lan_2025_11_Colorado2025_x009216_y015872
Unknown_Sample,20251031_012_pol_pro_Sed_lan_2025_11_Colorado2025.czi,Sed_lan,325.91,9795.0,16332.0,23,24,77.7,0.908,20251031_012_pol_pro_Sed_lan_2025_11_Colorado2025_x009216_y015872
Unknown_Sample,20251031_012_pol_pro_Sed_lan_2025_11_Colorado2025.czi,Sed_lan,328.98,9795.0,16332.0,23,24,77.7,0.898,20251031_012_pol_pro_Sed_lan_2025_11_Colorado2025_x009728_y015872
Unknown_Sample,20251031_012_pol_pro_Sed_lan_2025_11_Colorado2025.czi,Sed_lan,324.37,11168.0,16220.0,22,24,76.87,0.925,20251031_012_pol_pro_Sed_lan_2025_11_Colorado2025_x010752_y015872
Unknown_Sample,20251031_012_pol_pro_Sed_lan_2025_11_Colorado2025.czi,Sed_lan,296.66,11169.0,16319.0,22,22,74.04,0.911,20251031_012_pol_pro_Sed_lan_2025_11_Colorado2025_x010752_y015872
Unknown_Sample,20251031_012_pol_pro_Sed_lan_2025_11_Colorado2025.czi,Sed_lan,439.03,12051.0,16040.0,26,28,90.53,0.944,20251031_012_pol_pro_Sed_lan_2025_11_Colorado2025_x011776_y015872
Unknown_Sample,20251031_012_pol_pro_Sed_lan_2025_11_Colorado2025.czi,Sed_lan,417.48,12241.0,16368.0,26,27,86.18,0.938,20251031_012_pol_pro_Sed_lan_2025_11_Colorado2025_x011776_y015872
Unknown_Sample,20251031_012_pol_pro_Sed_lan_2025_11_Colorado2025.czi,Sed_lan,285.12,12237.0,16459.0,21,22,72.04,0.908,20251031_012_pol_pro_Sed_lan_2025_11_Colorado2025_x011776_y015872
Unknown_Sample,20251031_012_pol_pro_Sed_lan_2025_11_Colorado2025.czi,Sed_lan,336.68,12672.0,16304.0,23,24,78.87,0.927,20251031_012_pol_pro_Sed_lan_2025_11_Colorado2025_x012288_y015872
Unknown_Sample,20251031_012_pol_pro_Sed_lan_2025_11_Colorado2025.czi,Sed_lan,148.91,12478.0,16101.0,17,15,54.73,0.562,20251031_012_pol_pro_Sed_lan_2025_11_Colorado2025_x012288_y015872
Unknown_Sample,20251031_012_pol_pro_Sed_lan_2025_11_Colorado2025.czi,Sed_lan,188.54,13316.0,16022.0,20,16,60.97,0.924,20251031_012_pol_pro_Sed_lan_2025_11_Colorado2025_x012800_y015872
Unknown_Sample,20251031_012_pol_pro_Sed_lan_2025_11_Colorado2025.czi,Sed_lan,130.44,13318.0,16022.0,14,16,50.73,0.927,20251031_012_pol_pro_Sed_lan_2025_11_Colorado2025_x013312_y015872
Unknown_Sample,20251031_012_pol_pro_Sed_lan_2025_11_Colorado2025.czi,Sed_lan,298.2,13888.0,16420.0,22,22,74.04,0.925,20251031_012_pol_pro_Sed_lan_2025_11_Colorado2025_x013312_y015872
Unknown_Sample,20251031_012_pol_pro_Sed_lan_2025_11_Colorado2025.czi,Sed_lan,188.54,13878.0,15912.0,20,16,60.97,0.904,20251031_012_pol_pro_Sed_lan_2025_11_Colorado2025_x013312_y015872
Unknown_Sample,20251031_012_pol_pro_Sed_lan_2025_11_Colorado2025.czi,Sed_lan,410.56,14033.0,16472.0,26,26,86.53,0.951,20251031_012_pol_pro_Sed_lan_2025_11_Colorado2025_x013824_y015872
Unknown_Sample,20251031_012_pol_pro_Sed_lan_2025_11_Colorado2025.czi,Sed_lan,313.98,13888.0,16419.0,22,23,76.63,0.918,20251031_012_pol_pro_Sed_lan_2025_11_Colorado2025_x013824_y015872
Unknown_Sample,20251031_012_pol_pro_Sed_lan_2025_11_Colorado2025.czi,Sed_lan,210.09,13879.0,15911.0,20,18,63.8,0.9,20251031_012_pol_pro_Sed_lan_2025_11_Colorado2025_x013824_y015872
Unknown_Sample,20251031_012_pol_pro_Sed_lan_2025_11_Colorado2025.czi,Sed_lan,328.98,14043.0,16071.0,23,24,78.87,0.895,20251031_012_pol_pro_Sed_lan_2025_11_Colorado2025_x013824_y015872
Unknown_Sample,20251031_012_pol_pro_Sed_lan_2025_11_Colorado2025.czi,Sed_lan,429.41,14478.0,16147.0,26,27,89.11,0.954,20251031_012_pol_pro_Sed_lan_2025_11_Colorado2025_x014336_y015872
Unknown_Sample,20251031_012_pol_pro_Sed_lan_2025_11_Colorado2025.czi,Sed_lan,419.02,14731.0,16065.0,26,27,89.7,0.953,20251031_012_pol_pro_Sed_lan_2025_11_Colorado2025_x014336_y015872
Unknown_Sample,20251031_012_pol_pro_Sed_lan_2025_11_Colorado2025.czi,Sed_lan,335.91,14917.0,15943.0,23,24,78.87,0.951,20251031_012_pol_pro_Sed_lan_2025_11_Colorado2025_x014336_y015872
Unknown_Sample,20251031_012_pol_pro_Sed_lan_2025_11_Colorado2025.czi,Sed_lan,338.22,14917.0,15943.0,23,24,78.87,0.95,20251031_012_pol_pro_Sed_lan_2025_11_Colorado2025_x014848_y015872
Unknown_Sample,20251031_012_pol_pro_Sed_lan_2025_11_Colorado2025.czi,Sed_lan,255.88,16340.0,16140.0,19,21,69.56,0.889,20251031_012_pol_pro_Sed_lan_2025_11_Colorado2025_x015872_y015872
Unknown_Sample,20251031_012_pol_pro_Sed_lan_2025_11_Colorado2025.czi,Sed_lan,261.26,16502.0,16229.0,18,22,71.9,0.854,20251031_012_pol_pro_Sed_lan_2025_11_Colorado2025_x015872_y015872
Unknown_Sample,20251031_012_pol_pro_Sed_lan_2025_11_Colorado2025.czi,Sed_lan,307.05,16504.0,16228.0,23,22,76.63,0.725,20251031_012_pol_pro_Sed_lan_2025_11_Colorado2025_x016384_y015872
Unknown_Sample,20251031_012_pol_pro_Sed_lan_2025_11_Colorado2025.czi,Sed_lan,290.51,4096.0,16437.0,22,21,74.38,0.756,20251031_012_pol_pro_Sed_lan_2025_11_Colorado2025_x003584_y016384
Unknown_Sample,20251031_012_pol_pro_Sed_lan_2025_11_Colorado2025.czi,Sed_lan,137.37,4101.0,16437.0,11,22,56.73,0.731,20251031_012_pol_pro_Sed_lan_2025_11_Colorado2025_x004096_y016384
Unknown_Sample,20251031_012_pol_pro_Sed_lan_2025_11_Colorado2025.czi,Sed_lan,274.73,8256.0,16570.0,22,20,71.8,0.816,20251031_012_pol_pro_Sed_lan_2025_11_Colorado2025_x007680_y016384
Unknown_Sample,20251031_012_pol_pro_Sed_lan_2025_11_Colorado2025.czi,Sed_lan,275.12,8256.0,16570.0,22,20,71.21,0.787,20251031_012_pol_pro_Sed_lan_2025_11_Colorado2025_x008192_y016384
Unknown_Sample,20251031_012_pol_pro_Sed_lan_2025_11_Colorado2025.czi,Sed_lan,317.06,11382.0,16686.0,19,25,79.31,0.895,20251031_012_pol_pro_Sed_lan_2025_11_Colorado2025_x010752_y016384
Unknown_Sample,20251031_012_pol_pro_Sed_lan_2025_11_Colorado2025.czi,Sed_lan,368.23,11383.0,16686.0,24,25,82.87,0.924,20251031_012_pol_pro_Sed_lan_2025_11_Colorado2025_x011264_y016384
Unknown_Sample,20251031_012_pol_pro_Sed_lan_2025_11_Colorado2025.czi,Sed_lan,299.74,11643.0,16650.0,22,23,74.87,0.91,20251031_012_pol_pro_Sed_lan_2025_11_Colorado2025_x011264_y016384
Unknown_Sample,20251031_012_pol_pro_Sed_lan_2025_11_Colorado2025.czi,Sed_lan,298.2,11631.0,16707.0,22,23,73.7,0.908,20251031_012_pol_pro_Sed_lan_2025_11_Colorado2025_x011264_y016384
Unknown_Sample,20251031_012_pol_pro_Sed_lan_2025_11_Colorado2025.czi,Sed_lan,285.12,12237.0,16459.0,21,22,72.04,0.892,20251031_012_pol_pro_Sed_lan_2025_11_Colorado2025_x011776_y016384
Unknown_Sample,20251031_012_pol_pro_Sed_lan_2025_11_Colorado2025.czi,Sed_lan,396.32,13547.0,16697.0,25,26,85.11,0.934,20251031_012_pol_pro_Sed_lan_2025_11_Colorado2025_x013312_y016384
Unknown_Sample,20251031_012_pol_pro_Sed_lan_2025_11_Colorado2025.czi,Sed_lan,298.2,13888.0,16420.0,22,22,74.04,0.929,20251031_012_pol_pro_Sed_lan_2025_11_Colorado2025_x013312_y016384
Unknown_Sample,20251031_012_pol_pro_Sed_lan_2025_11_Colorado2025.czi,Sed_lan,411.71,14033.0,16472.0,26,26,87.11,0.947,20251031_012_pol_pro_Sed_lan_2025_11_Colorado2025_x013824_y016384
Unknown_Sample,20251031_012_pol_pro_Sed_lan_2025_11_Colorado2025.czi,Sed_lan,295.12,14446.0,16539.0,23,21,74.04,0.926,20251031_012_pol_pro_Sed_lan_2025_11_Colorado2025_x013824_y016384
Unknown_Sample,20251031_012_pol_pro_Sed_lan_2025_11_Colorado2025.czi,Sed_lan,303.59,13888.0,16420.0,22,22,75.21,0.918,20251031_012_pol_pro_Sed_lan_2025_11_Colorado2025_x013824_y016384
Unknown_Sample,20251031_012_pol_pro_Sed_lan_2025_11_Colorado2025.czi,Sed_lan,276.65,14447.0,16539.0,22,21,72.04,0.934,20251031_012_pol_pro_Sed_lan_2025_11_Colorado2025_x014336_y016384
Unknown_Sample,20251031_012_pol_pro_Sed_lan_2025_11_Colorado2025.czi,Sed_lan,325.52,14676.0,16602.0,22,24,78.63,0.932,20251031_012_pol_pro_Sed_lan_2025_11_Colorado2025_x014336_y016384
